X,Y,FID,Año,IdAccident,Fecha,Mes,Dia_mes,Dia_semana,Hora,Hora_texto,Hora_aprox,Región,Comuna,Tipo_Accid,Tipo__CONA,Zona,Ubicación,Causa__CON,Causa_Acci,Calle_Uno,Calle_Dos,Intersecci,Número,Ruta,Ubicaci_1,Calzada,Tipo_Calza,Estado_Cal,Condición,Estado_Atm,Fallecidos,Graves,Menos_Grav,Leves,CUT_REG,CUT_PROV,CUT_COM,REGION,PROVINCIA,COMUNA1,Tipo_direc,Direccion,Lat,Lon
-7867670.32125844,-3933273.70086416,86,2023,1526823,2023/04/15 00:00:00+00,Abril,15,Sábado,1899/12/30 00:00:00+00,16:00:00,16,REGION METROPOLITANA,COLINA,CHOQUE FRENTE/POSTERIOR,CHOQUE,URBANA,TRAMO DE VIA RECTA,IMPRUDENCIA DEL CONDUCTOR,CONDUCCION NO ATENTO CONDICIONES TRANSITO MOMENTO,CHICUREO, ,- CHICUREO,2300, , ,BIDIRECCIONAL,ASFALTO,BUENO,SECO,DESPEJADO,0,0,0,0,13,133,13301,Metropolitana de Santiago,Chacabuco,Colina,Numero,"CHICUREO 2300, Colina",-33.285596,-70.676485
-7857326.40285444,-3972120.51858174,87,2023,1525825,2023/04/15 00:00:00+00,Abril,15,Sábado,1899/12/30 00:00:00+00,16:10:00,16,REGION METROPOLITANA,PUENTE ALTO,COLISION LATERAL,COLISION,URBANA,TRAMO DE VIA RECTA,IMPRUDENCIA DEL CONDUCTOR,CONDUCCION NO ATENTO CONDICIONES TRANSITO MOMENTO,CONCHA Y TORO, ,- CONCHA Y TORO,3626, , ,BIDIRECCIONAL,CONCRETO,BUENO,SECO,DESPEJADO,0,0,0,1,13,132,13201,Metropolitana de Santiago,Cordillera,Puente Alto,Numero,"CONCHA Y TORO 3626, Puente Alto",-33.576825,-70.583564
-8082843.38311885,-4687826.00501063,88,2023,1524223,2023/04/15 00:00:00+00,Abril,15,Sábado,1899/12/30 00:00:00+00,16:50:00,16,REGION ARAUCANIA,PADRE LAS CASAS,COLISION LATERAL,COLISION,URBANA,TRAMO DE VIA RECTA,IMPRUDENCIA DEL CONDUCTOR,VIRAJES INDEBIDOS,LONGITUDINAL SUR, ,- LONGITUDINAL SUR,3, , ,BIDIRECCIONAL,ASFALTO,BUENO,SECO,DESPEJADO,0,0,1,0,09,091,09112,La Araucanía,Cautín,Padre Las Casas,Numero,"LONGITUDINAL SUR 3, Padre Las Casas",-38.763322,-72.609418
-7878168.65545882,-3978836.27114368,89,2023,1528488,2023/04/15 00:00:00+00,Abril,15,Sábado,1899/12/30 00:00:00+00,18:00:00,18,REGION METROPOLITANA,CALERA DE TANGO,COLISION LATERAL,COLISION,URBANA,TRAMO DE VIA RECTA,IMPRUDENCIA DEL CONDUCTOR,CONDUCCION NO ATENTO CONDICIONES TRANSITO MOMENTO,CALERA DE TANGO, ,- CALERA DE TANGO,19, , ,BIDIRECCIONAL,ASFALTO,BUENO,SECO,DESPEJADO,0,0,0,0,13,134,13403,Metropolitana de Santiago,Maipo,Calera de Tango,Numero,"CALERA DE TANGO 19, Calera de Tango",-33.627073,-70.770793
-7930695.74501652,-3878824.99238168,90,2023,1523765,2023/04/15 00:00:00+00,Abril,15,Sábado,1899/12/30 00:00:00+00,23:40:00,23,REGION VALPARAISO,QUILLOTA,CHOQUE,CHOQUE,URBANA,TRAMO DE VIA RECTA,IMPRUDENCIA DEL CONDUCTOR,CONDUCCION NO ATENTO CONDICIONES TRANSITO MOMENTO,21 DE MAYO, ,- 21 DE MAYO,29, , ,BIDIRECCIONAL,ASFALTO,BUENO,SECO,DESPEJADO,0,0,0,1,05,055,05501,Valparaíso,Quillota,Quillota,Numero,"21 DE MAYO 29, Quillota",-32.875762,-71.242652
-8134200.19402429,-4410163.13555727,91,2023,1524396,2023/04/16 00:00:00+00,Abril,16,Domingo,1899/12/30 00:00:00+00,02:20:00,2,REGION BIO BIO,HUALPEN,COLISION,COLISION,URBANA,TRAMO DE VIA RECTA,IMPRUDENCIA DEL CONDUCTOR,CONDUCCION NO ATENTO CONDICIONES TRANSITO MOMENTO,JORGE ALESSANDRI RODRIGUEZ, ,- JORGE ALESSANDRI RODRIGUEZ,8590, , ,BIDIRECCIONAL CON BANDEJON,CONCRETO,BUENO,SECO,DESPEJADO,0,1,0,0,08,081,08112,Biobío,Concepción,Hualpén,Numero,"JORGE ALESSANDRI RODRIGUEZ 8590, Hualpén",-36.792067,-73.070764
-8083660.1546054,-4680863.35310028,92,2023,1524866,2023/04/16 00:00:00+00,Abril,16,Domingo,1899/12/30 00:00:00+00,10:15:00,10,REGION ARAUCANIA,TEMUCO,COLISION LATERAL,COLISION,URBANA,TRAMO DE VIA RECTA,DEFICIENCIAS VIALES,ANIMALES SUELTOS VIA PUBLICA,LOS MAITENES, ,- LOS MAITENES,1560, , ,UNIDIRECCIONAL,CONCRETO,REGULAR,HUMEDO,NUBLADO,0,0,0,2,09,091,09101,La Araucanía,Cautín,Temuco,Numero,"LOS MAITENES 1560, Temuco",-38.714536,-72.616755
-7934039.10280314,-3494396.05357506,93,2023,1501397,2023/01/01 00:00:00+00,Enero,1,Domingo,1899/12/30 00:00:00+00,06:00:00,6,REGION COQUIMBO,LA SERENA,COLISION FRONTAL,COLISION,URBANA,TRAMO DE VIA RECTA,IMPRUDENCIA DEL CONDUCTOR,CONDUCCION NO ATENTO CONDICIONES TRANSITO MOMENTO,4 ESQUINAS, ,- 4 ESQUINAS,60, , ,BIDIRECCIONAL,ASFALTO,BUENO,SECO,DESPEJADO,0,0,0,2,04,041,04101,Coquimbo,Elqui,La Serena,Numero,"4 ESQUINAS 60, La Serena",-29.928761,-71.272686
-7873514.24874448,-3942354.24278086,94,2023,1534947,2023/04/16 00:00:00+00,Abril,16,Domingo,1899/12/30 00:00:00+00,10:50:00,10,REGION METROPOLITANA,CURACAVI,VOLCADURA,VOLCADURA,URBANA,TRAMO DE VIA RECTA,IMPRUDENCIA DEL CONDUCTOR,CONDUCCION NO ATENTO CONDICIONES TRANSITO MOMENTO,O'HIGGINS, ,- O'HIGGINS,450, , ,BIDIRECCIONAL,CONCRETO,BUENO,SECO,DESPEJADO,0,0,0,1,13,135,13503,Metropolitana de Santiago,Melipilla,Curacaví,Numero,"O'HIGGINS 450, Curacaví",-33.353759,-70.728982
-8001764.98021558,-4642012.23640988,95,2023,1525124,2023/04/16 00:00:00+00,Abril,16,Domingo,1899/12/30 00:00:00+00,13:30:00,13,REGION ARAUCANIA,CURACAUTIN,COLISION LATERAL,COLISION,URBANA,TRAMO DE VIA RECTA,IMPRUDENCIA DEL CONDUCTOR,CONDUCIR VEHICULO EN RETROCESO,ARTURO PEREZ CANTO, ,- ARTURO PEREZ CANTO,4740, , ,UNIDIRECCIONAL,CONCRETO,BUENO,SECO,DESPEJADO,0,0,0,1,09,092,09203,La Araucanía,Malleco,Curacautín,Numero,"ARTURO PEREZ CANTO 4740, Curacautín",-38.441698,-71.881078
-7927786.42090037,-3985560.25514964,96,2023,1524803,2023/04/16 00:00:00+00,Abril,16,Domingo,1899/12/30 00:00:00+00,13:30:00,13,REGION METROPOLITANA,MARIA PINTO,VOLCADURA,VOLCADURA,RURAL,TRAMO DE VIA RECTA,VELOCIDAD IMPRUDENTE,VELOCIDAD NO RAZONABLE NI PRUDENTE, , , ,0,G-74-F,"0,3",BIDIRECCIONAL,ASFALTO,BUENO,SECO,DESPEJADO,0,0,0,1,13,135,13504,Metropolitana de Santiago,Melipilla,María Pinto,Numero,"G-74-F km 0,3",-33.677353,-71.216517
-7836417.97841589,-2708643.68368416,97,2023,1524126,2023/04/16 00:00:00+00,Abril,16,Domingo,1899/12/30 00:00:00+00,18:11:00,18,REGION ANTOFAGASTA,ANTOFAGASTA,CHOQUE LATERAL,CHOQUE,URBANA,TRAMO DE VIA RECTA,VELOCIDAD IMPRUDENTE,VELOCIDAD NO RAZONABLE NI PRUDENTE,EDMUNDO PEREZ ZUJOVIC, ,- EDMUNDO PEREZ ZUJOVIC,4256, , ,BIDIRECCIONAL,ASFALTO,BUENO,SECO,DESPEJADO,1,0,0,0,02,021,02101,Antofagasta,Antofagasta,Antofagasta,Numero,"EDMUNDO PEREZ ZUJOVIC 4256, Antofagasta",-23.632118,-70.39574
-7896316.27217891,-3967723.58556457,98,2023,1524603,2023/04/16 00:00:00+00,Abril,16,Domingo,1899/12/30 00:00:00+00,18:40:00,18,REGION METROPOLITANA,CURACAVI,CHOQUE LATERAL,CHOQUE,RURAL,TRAMO DE VIA CURVA VERTICAL,VELOCIDAD IMPRUDENTE,VELOCIDAD NO RAZONABLE NI PRUDENTE, , , ,0,G-68,"16,7",BIDIRECCIONAL,ASFALTO,BUENO,SECO,DESPEJADO,0,0,0,1,13,135,13503,Metropolitana de Santiago,Melipilla,Curacaví,Numero,"G-68 km 16,7",-33.543911,-70.933816
-7874801.22514401,-3958389.60463584,99,2023,1524809,2023/04/17 00:00:00+00,Abril,17,Lunes,1899/12/30 00:00:00+00,07:05:00,7,REGION METROPOLITANA,MAIPU,COLISION LATERAL,COLISION,URBANA,TRAMO DE VIA RECTA,IMPRUDENCIA DEL CONDUCTOR,ADELANTAMIENTO SIN EFECTUAR LA SEÑAL RESPECTIVA,LOS PAJARITOS, ,- LOS PAJARITOS,5200, , ,BIDIRECCIONAL CON BANDEJON,ASFALTO,BUENO,SECO,DESPEJADO,0,0,0,1,13,131,13119,Metropolitana de Santiago,Santiago,Maipú,Numero,"LOS PAJARITOS 5200, Maipú",-33.473998,-70.740543
-7900113.05491243,-4076691.16100475,100,2023,1524345,2023/04/17 00:00:00+00,Abril,17,Lunes,1899/12/30 00:00:00+00,08:15:00,8,REGION LIB.B.O'HIGGINS,QUINTA DE TILCOCO,COLISION LATERAL,COLISION,URBANA,TRAMO DE VIA RECTA,IMPRUDENCIA DEL CONDUCTOR,CONDUCCION NO ATENTO CONDICIONES TRANSITO MOMENTO,EL ARENAL, ,- EL ARENAL,415, , ,BIDIRECCIONAL,ASFALTO,BUENO,SECO,DESPEJADO,0,0,0,1,06,061,06114,Libertador General Bernardo O'Higgins,Cachapoal,Quinta de Tilcoco,Numero,"EL ARENAL 415, Quinta de Tilcoco",-34.355898,-70.967923
-7866162.37608156,-3958341.80063429,101,2023,1525048,2023/04/17 00:00:00+00,Abril,17,Lunes,1899/12/30 00:00:00+00,09:00:00,9,REGION METROPOLITANA,SANTIAGO,COLISION PERPENDICULAR,COLISION,URBANA,TRAMO DE VIA RECTA,IMPRUDENCIA DEL CONDUCTOR,CONDUCCION NO ATENTO CONDICIONES TRANSITO MOMENTO,PEDRO MONTT, ,- PEDRO MONTT,1616, , ,BIDIRECCIONAL CON BANDEJON,CONCRETO,BUENO,SECO,DESPEJADO,0,0,0,0,13,131,13101,Metropolitana de Santiago,Santiago,Santiago,Numero,"PEDRO MONTT 1616, Santiago",-33.47364,-70.662939
-7950976.87182364,-3901777.38795811,102,2023,1524659,2023/04/17 00:00:00+00,Abril,17,Lunes,1899/12/30 00:00:00+00,11:30:00,11,REGION VALPARAISO,QUILPUE,COLISION POR ALCANCE,COLISION,URBANA,TRAMO DE VIA RECTA,IMPRUDENCIA DEL CONDUCTOR,CONDUCCION SIN MANTENER DISTANCIA RAZONABLE NI PRUDENTE,LOS CARRERA, ,- LOS CARRERA,2101, , ,BIDIRECCIONAL,CONCRETO,BUENO,SECO,DESPEJADO,0,0,0,3,05,058,05801,Valparaíso,Marga Marga,Quilpué,Numero,"LOS CARRERA 2101, Quilpué",-33.048757,-71.42484
-8142790.15585219,-4433820.66848044,103,2023,1525088,2023/04/17 00:00:00+00,Abril,17,Lunes,1899/12/30 00:00:00+00,18:50:00,18,REGION BIO BIO,CORONEL,ATROPELLO,ATROPELLO,URBANA,TRAMO DE VIA RECTA,IMPRUDENCIA DEL CONDUCTOR,NO RESPETAR DERECHO PREFERENTE DE PASO A PEATON,PAILLAO, ,- PAILLAO,5045, , ,BIDIRECCIONAL,ASFALTO,BUENO,SECO,DESPEJADO,0,0,0,2,08,081,08102,Biobío,Concepción,Coronel,Numero,"PAILLAO 5045, Coronel",-36.962067,-73.147929
-7881314.37797958,-3964508.7252826,104,2023,1528395,2023/04/17 00:00:00+00,Abril,17,Lunes,1899/12/30 00:00:00+00,19:00:00,19,REGION METROPOLITANA,MAIPU,CHOQUE POSTERIOR,CHOQUE,RURAL,TRAMO DE VIA RECTA,IMPRUDENCIA DEL CONDUCTOR,CONDUCCION NO ATENTO CONDICIONES TRANSITO MOMENTO, , , ,0,RUTA 78,16,BIDIRECCIONAL CON BANDEJON,ASFALTO,BUENO,SECO,DESPEJADO,0,0,0,1,13,131,13119,Metropolitana de Santiago,Santiago,Maipú,Numero,RUTA 78 km 16,-33.519837,-70.799052
-7861538.43974937,-3959388.02369766,105,2023,1524858,2023/04/18 00:00:00+00,Abril,18,Martes,1899/12/30 00:00:00+00,07:20:00,7,REGION METROPOLITANA,SAN JOAQUIN,COLISION LATERAL,COLISION,URBANA,TRAMO DE VIA RECTA,IMPRUDENCIA DEL CONDUCTOR,CONDUCCION NO ATENTO CONDICIONES TRANSITO MOMENTO,VICUÑA MACKENNA, ,- VICUÑA MACKENNA,3219, , ,UNIDIRECCIONAL,ASFALTO,BUENO,SECO,DESPEJADO,0,1,0,1,13,131,13129,Metropolitana de Santiago,Santiago,San Joaquín,Numero,"VICUÑA MACKENNA 3219, San Joaquín",-33.481479,-70.621401
-7881320.24911425,-3963305.82062709,106,2023,1528392,2023/04/18 00:00:00+00,Abril,18,Martes,1899/12/30 00:00:00+00,08:00:00,8,REGION METROPOLITANA,MAIPU,VOLCADURA,VOLCADURA,RURAL,TRAMO DE VIA RECTA,VELOCIDAD IMPRUDENTE,VELOCIDAD NO RAZONABLE NI PRUDENTE, , , ,0,RUTA 78,15,BIDIRECCIONAL CON BANDEJON,ASFALTO,BUENO,SECO,DESPEJADO,0,0,0,1,13,131,13119,Metropolitana de Santiago,Santiago,Maipú,Numero,RUTA 78 km 15,-33.510828,-70.799104
-7868769.76436873,-3967345.15727703,107,2023,1524520,2023/04/18 00:00:00+00,Abril,18,Martes,1899/12/30 00:00:00+00,08:50:00,8,REGION METROPOLITANA,SAN BERNARDO,CHOQUE FRENTE/POSTERIOR,CHOQUE,URBANA,TRAMO DE VIA RECTA,IMPRUDENCIA DEL CONDUCTOR,CONDUCCION SIN MANTENER DISTANCIA RAZONABLE NI PRUDENTE,JOSE JOAQUIN PRIETO VIAL, ,- JOSE JOAQUIN PRIETO VIAL,9751, , ,UNIDIRECCIONAL,CONCRETO,BUENO,SECO,DESPEJADO,0,0,0,0,13,134,13401,Metropolitana de Santiago,Maipo,San Bernardo,Numero,"JOSE JOAQUIN PRIETO VIAL 9751, San Bernardo",-33.541078,-70.686361
-7864617.60657298,-3952855.76970889,108,2023,1525943,2023/04/18 00:00:00+00,Abril,18,Martes,1899/12/30 00:00:00+00,16:00:00,16,REGION METROPOLITANA,INDEPENDENCIA,VOLCADURA,VOLCADURA,RURAL,TRAMO DE VIA RECTA,IMPRUDENCIA DEL CONDUCTOR,CARGA ESCURRE A LA CALZADA, , , ,0,"G-11, G-13","17,6",UNIDIRECCIONAL,ASFALTO,BUENO,SECO,DESPEJADO,0,0,0,1,13,131,13108,Metropolitana de Santiago,Santiago,Independencia,Numero,"G-11, G-13 km 17,6",-33.432522,-70.649062
-8138192.29228133,-4416600.10277885,109,2023,1525240,2023/04/18 00:00:00+00,Abril,18,Martes,1899/12/30 00:00:00+00,17:20:00,17,REGION BIO BIO,SAN PEDRO DE LA PAZ,COLISION LATERAL,COLISION,RURAL,TRAMO DE VIA RECTA,IMPRUDENCIA DEL CONDUCTOR,CONDUCCION CAMBIAR SORPRESIVAMENTE PISTA CIRCULACION,PEDRO AGUIRRE CERDA, ,- PEDRO AGUIRRE CERDA,1633, , ,BIDIRECCIONAL CON BANDEJON,CONCRETO,BUENO,SECO,DESPEJADO,0,1,0,0,08,081,08108,Biobío,Concepción,San Pedro de la Paz,Numero,"PEDRO AGUIRRE CERDA 1633, San Pedro de la Paz",-36.83836,-73.106625
-7855653.68978079,-3972939.09975202,110,2023,1525992,2023/04/19 00:00:00+00,Abril,19,Miércoles,1899/12/30 00:00:00+00,11:20:00,11,REGION METROPOLITANA,PUENTE ALTO,COLISION POR ALCANCE,COLISION,URBANA,TRAMO DE VIA RECTA,IMPRUDENCIA DEL CONDUCTOR,CONDUCCION NO ATENTO CONDICIONES TRANSITO MOMENTO,NONATO COO, ,- NONATO COO,2950, , ,BIDIRECCIONAL,CONCRETO,BUENO,SECO,DESPEJADO,0,0,0,1,13,132,13201,Metropolitana de Santiago,Cordillera,Puente Alto,Numero,"NONATO COO 2950, Puente Alto",-33.582951,-70.568538
-7863018.60738484,-3953482.80911797,111,2023,1525753,2023/04/19 00:00:00+00,Abril,19,Miércoles,1899/12/30 00:00:00+00,11:30:00,11,REGION METROPOLITANA,PROVIDENCIA,COLISION LATERAL,COLISION,URBANA,TRAMO DE VIA RECTA,IMPRUDENCIA DEL CONDUCTOR,CONDUCCION CAMBIAR SORPRESIVAMENTE PISTA CIRCULACION,PROVIDENCIA, ,- PROVIDENCIA,31, , ,UNIDIRECCIONAL,ASFALTO,BUENO,SECO,DESPEJADO,0,0,0,1,13,131,13123,Metropolitana de Santiago,Santiago,Providencia,Numero,"PROVIDENCIA 31, Providencia",-33.437223,-70.634698
-8052396.11564659,-4501521.9821313,112,2023,1525170,2023/04/19 00:00:00+00,Abril,19,Miércoles,1899/12/30 00:00:00+00,16:10:00,16,REGION BIO BIO,LOS ANGELES,COLISION,COLISION,URBANA,TRAMO DE VIA RECTA,IMPRUDENCIA DEL CONDUCTOR,CONDUCCION NO ATENTO CONDICIONES TRANSITO MOMENTO,CAMPANARIO, ,- CAMPANARIO,2437, , ,BIDIRECCIONAL,CONCRETO,BUENO,SECO,DESPEJADO,0,1,0,1,08,083,08301,Biobío,Biobío,Los Angeles,Numero,"CAMPANARIO 2437, Los Angeles",-37.446463,-72.335905
-7880663.14495445,-3976800.33603406,113,2023,1528505,2023/04/19 00:00:00+00,Abril,19,Miércoles,1899/12/30 00:00:00+00,18:50:00,18,REGION METROPOLITANA,CALERA DE TANGO,COLISION LATERAL,COLISION,URBANA,CRUCE CON SEÑAL PARE,IMPRUDENCIA DEL CONDUCTOR,ADELANTAMIENTO POR LA BERMA,CAMINO LONQUEN, ,- CAMINO LONQUEN,13, , ,BIDIRECCIONAL,ASFALTO,BUENO,SECO,DESPEJADO,0,0,0,0,13,134,13403,Metropolitana de Santiago,Maipo,Calera de Tango,Numero,"CAMINO LONQUEN 13, Calera de Tango",-33.611843,-70.793202
-7868580.62160004,-3866913.72420961,114,2023,1525939,2023/04/19 00:00:00+00,Abril,19,Miércoles,1899/12/30 00:00:00+00,20:40:00,20,REGION VALPARAISO,SAN FELIPE,CHOQUE,CHOQUE,URBANA,TRAMO DE VIA RECTA,IMPRUDENCIA DEL CONDUCTOR,CONDUCCION NO ATENTO CONDICIONES TRANSITO MOMENTO,SANTIAGO BUERAS, ,- SANTIAGO BUERAS,842, , ,BIDIRECCIONAL,ASFALTO,BUENO,SECO,DESPEJADO,0,1,0,0,05,057,05701,Valparaíso,San Felipe de Aconcagua,San Felipe,Numero,"SANTIAGO BUERAS 842, San Felipe",-32.785852,-70.684662
-7866881.33207777,-3973049.42691526,115,2023,1524943,2023/04/19 00:00:00+00,Abril,19,Miércoles,1899/12/30 00:00:00+00,23:10:00,23,REGION METROPOLITANA,EL BOSQUE,CHOQUE FRONTAL,CHOQUE,URBANA,TRAMO DE VIA RECTA,IMPRUDENCIA DEL CONDUCTOR,CONDUCCION NO ATENTO CONDICIONES TRANSITO MOMENTO,LO BLANCO, ,- LO BLANCO,1602, , ,BIDIRECCIONAL CON BANDEJON,CONCRETO,REGULAR,SECO,DESPEJADO,1,0,0,0,13,131,13105,Metropolitana de Santiago,Santiago,El Bosque,Numero,"LO BLANCO 1602, El Bosque",-33.583777,-70.669397
-7864396.03206176,-3954318.76217669,116,2023,1526056,2023/04/20 00:00:00+00,Abril,20,Jueves,1899/12/30 00:00:00+00,01:00:00,1,REGION METROPOLITANA,SANTIAGO,VOLCADURA,VOLCADURA,URBANA,CRUCE CON SEMAFORO FUNCIONANDO,DESOBEDIENCIA A SEÑALIZACION,SEÑALIZACION DESOBEDECER LUZ ROJA DE SEMAFORO,SAN FRANCISCO, ,- SAN FRANCISCO,8, , ,UNIDIRECCIONAL,ASFALTO,BUENO,SECO,DESPEJADO,0,0,0,0,13,131,13101,Metropolitana de Santiago,Santiago,Santiago,Numero,"SAN FRANCISCO 8, Santiago",-33.443489,-70.647072
-7869781.57054199,-4052560.81353776,117,2023,1525019,2023/04/20 00:00:00+00,Abril,20,Jueves,1899/12/30 00:00:00+00,08:50:00,8,REGION LIB.B.O'HIGGINS,MACHALI,COLISION POR ALCANCE,COLISION,URBANA,TRAMO DE VIA RECTA,IMPRUDENCIA DEL CONDUCTOR,CONDUCCION NO ATENTO CONDICIONES TRANSITO MOMENTO,ESCRIVA DE BALAGUER, ,- ESCRIVA DE BALAGUER,3, , ,BIDIRECCIONAL,CONCRETO,BUENO,SECO,DESPEJADO,0,0,1,0,06,061,06108,Libertador General Bernardo O'Higgins,Cachapoal,Machalí,Numero,"ESCRIVA DE BALAGUER 3, Machalí",-34.176756,-70.695451
-7931584.78635214,-3894273.27506171,118,2023,1528083,2023/04/20 00:00:00+00,Abril,20,Jueves,1899/12/30 00:00:00+00,16:30:00,16,REGION VALPARAISO,OLMUE,COLISION FRONTAL,COLISION,URBANA,TRAMO DE VIA RECTA,IMPRUDENCIA DEL CONDUCTOR,CONDUCCION CONTRA SENTIDO DEL TRANSITO,ADOLFO EASTMAN COX, ,- ADOLFO EASTMAN COX,2, , ,BIDIRECCIONAL,ASFALTO,BUENO,SECO,DESPEJADO,0,0,0,0,05,058,05803,Valparaíso,Marga Marga,Olmué,Numero,"ADOLFO EASTMAN COX 2, Olmué",-32.992235,-71.250638
-7874431.21740188,-4051599.41446734,119,2023,1525152,2023/04/20 00:00:00+00,Abril,20,Jueves,1899/12/30 00:00:00+00,20:45:00,20,REGION LIB.B.O'HIGGINS,RANCAGUA,COLISION LATERAL,COLISION,URBANA,TRAMO DE VIA RECTA,IMPRUDENCIA DEL CONDUCTOR,CONDUCCION CAMBIAR SORPRESIVAMENTE PISTA CIRCULACION,CUEVAS, ,- CUEVAS,165, , ,UNIDIRECCIONAL,CONCRETO,BUENO,SECO,DESPEJADO,0,1,0,0,06,061,06101,Libertador General Bernardo O'Higgins,Cachapoal,Rancagua,Numero,"CUEVAS 165, Rancagua",-34.169611,-70.737219
-7839374.82308609,-2716806.87949283,120,2023,1525253,2023/04/21 00:00:00+00,Abril,21,Viernes,1899/12/30 00:00:00+00,03:30:00,3,REGION ANTOFAGASTA,ANTOFAGASTA,VOLCADURA,VOLCADURA,URBANA,TRAMO DE VIA RECTA,OTRAS CAUSAS,HECHO DELICTUAL,UNIVERSIDAD DE ANTOFAGASTA, ,- UNIVERSIDAD DE ANTOFAGASTA,2700, , ,BIDIRECCIONAL,ASFALTO,BUENO,SECO,DESPEJADO,0,0,0,0,02,021,02101,Antofagasta,Antofagasta,Antofagasta,Numero,"UNIVERSIDAD DE ANTOFAGASTA 2700, Antofagasta",-23.699282,-70.422302
-8027295.6775169,-4384462.26188677,121,2023,1526129,2023/04/21 00:00:00+00,Abril,21,Viernes,1899/12/30 00:00:00+00,09:00:00,9,REGION ÑUBLE,CHILLAN,COLISION LATERAL,COLISION,URBANA,TRAMO DE VIA RECTA,IMPRUDENCIA DEL CONDUCTOR,CONDUCCION SIN MANTENER DISTANCIA RAZONABLE NI PRUDENTE,EL ROBLE, ,- EL ROBLE,130, , ,BIDIRECCIONAL,CONCRETO,BUENO,SECO,NEBLINA,0,0,0,1,16,161,16101,Ñuble,Diguillín,Chillán,Numero,"EL ROBLE 130, Chillán",-36.606956,-72.110424
-7886189.52770421,-3976529.565827,122,2023,1526666,2023/04/21 00:00:00+00,Abril,21,Viernes,1899/12/30 00:00:00+00,18:30:00,18,REGION METROPOLITANA,PEÑAFLOR,COLISION,COLISION,URBANA,TRAMO DE VIA RECTA,IMPRUDENCIA DEL CONDUCTOR,CONDUCCION NO ATENTO CONDICIONES TRANSITO MOMENTO,MANUEL CASTILLO, ,- MANUEL CASTILLO,1404, , ,BIDIRECCIONAL,ASFALTO,BUENO,SECO,DESPEJADO,0,0,0,1,13,136,13605,Metropolitana de Santiago,Talagante,Peñaflor,Numero,"MANUEL CASTILLO 1404, Peñaflor",-33.609817,-70.842846
-7853942.93751244,-3957934.51617804,123,2023,1525610,2023/04/21 00:00:00+00,Abril,21,Viernes,1899/12/30 00:00:00+00,18:36:00,18,REGION METROPOLITANA,PEÑALOLEN,VOLCADURA,VOLCADURA,URBANA,TRAMO DE VIA RECTA,VELOCIDAD IMPRUDENTE,VELOCIDAD NO RAZONABLE NI PRUDENTE,TOBALABA, ,- TOBALABA,10921, , ,BIDIRECCIONAL,CONCRETO,BUENO,MOJADO,NUBLADO,0,0,0,1,13,131,13122,Metropolitana de Santiago,Santiago,Peñalolén,Numero,"TOBALABA 10921, Peñalolén",-33.470588,-70.55317
-7878681.76638786,-3954389.72981132,124,2023,1526074,2023/04/21 00:00:00+00,Abril,21,Viernes,1899/12/30 00:00:00+00,19:30:00,19,REGION METROPOLITANA,PUDAHUEL,COLISION,COLISION,URBANA,TRAMO DE VIA RECTA,IMPRUDENCIA DEL CONDUCTOR,CONDUCCION CONTRA SENTIDO DEL TRANSITO,SAN PABLO, ,- SAN PABLO,9630, , ,BIDIRECCIONAL,ASFALTO,REGULAR,SECO,DESPEJADO,1,0,0,0,13,131,13124,Metropolitana de Santiago,Santiago,Pudahuel,Numero,"SAN PABLO 9630, Pudahuel",-33.444021,-70.775402
-7971544.90129685,-4279134.00788209,125,2023,1527535,2023/04/21 00:00:00+00,Abril,21,Viernes,1899/12/30 00:00:00+00,20:00:00,20,REGION MAULE,LINARES,COLISION POR ALCANCE,COLISION,URBANA,TRAMO DE VIA RECTA,IMPRUDENCIA DEL CONDUCTOR,CONDUCCION CAMBIAR SORPRESIVAMENTE PISTA CIRCULACION,ANIBAL LEON BUSTOS, ,- ANIBAL LEON BUSTOS,457, , ,BIDIRECCIONAL CON BANDEJON,ASFALTO,BUENO,SECO,DESPEJADO,0,0,0,1,07,074,07401,Maule,Linares,Linares,Numero,"ANIBAL LEON BUSTOS 457, Linares",-35.843686,-71.609606
-8139100.1208293,-4950054.43616812,126,2023,1527258,2023/04/22 00:00:00+00,Abril,22,Sábado,1899/12/30 00:00:00+00,09:30:00,9,REGION LOS LAGOS,OSORNO,CHOQUE FRENTE/POSTERIOR,CHOQUE,URBANA,TRAMO DE VIA RECTA,IMPRUDENCIA DEL CONDUCTOR,CONDUCCION NO ATENTO CONDICIONES TRANSITO MOMENTO,FRANCIA, ,- FRANCIA,1701, , ,UNIDIRECCIONAL,CONCRETO,BUENO,SECO,DESPEJADO,0,0,0,0,10,103,10301,Los Lagos,Osorno,Osorno,Numero,"FRANCIA 1701, Osorno",-40.576361,-73.11478
-7845678.91276385,-3976107.99262071,127,2023,1525413,2023/04/22 00:00:00+00,Abril,22,Sábado,1899/12/30 00:00:00+00,10:15:00,10,REGION METROPOLITANA,PIRQUE,COLISION PERPENDICULAR,COLISION,URBANA,TRAMO DE VIA CURVA HORIZONTAL,IMPRUDENCIA DEL CONDUCTOR,CONDUCCION NO ATENTO CONDICIONES TRANSITO MOMENTO,RAMON SUBERCASEAUX, ,- RAMON SUBERCASEAUX,21000, , ,BIDIRECCIONAL,ASFALTO,REGULAR,SECO,DESPEJADO,1,1,0,0,13,132,13202,Metropolitana de Santiago,Cordillera,Pirque,Numero,"RAMON SUBERCASEAUX 21000, Pirque",-33.606663,-70.478933