X,Y,FID,Año,IdAccident,Fecha,Mes,Dia_mes,Dia_semana,Hora,Hora_texto,Hora_aprox,Región,Comuna,Tipo_Accid,Tipo__CONA,Zona,Ubicación,Causa__CON,Causa_Acci,Calle_Uno,Calle_Dos,Intersecci,Número,Ruta,Ubicaci_1,Calzada,Tipo_Calza,Estado_Cal,Condición,Estado_Atm,Fallecidos,Graves,Menos_Grav,Leves,CUT_REG,CUT_PROV,CUT_COM,REGION,PROVINCIA,COMUNA1,Tipo_direc,Direccion,Lat,Lon
-7928378.79779678,-3975551.76444583,128,2023,1526319,2023/04/22 00:00:00+00,Abril,22,Sábado,1899/12/30 00:00:00+00,12:20:00,12,REGION METROPOLITANA,MELIPILLA,COLISION POR ALCANCE,COLISION,RURAL,OTROS NO CONSIDERADOS,IMPRUDENCIA DEL CONDUCTOR,CONDUCCION SIN MANTENER DISTANCIA RAZONABLE NI PRUDENTE, , , ,0,G-74-F,10,BIDIRECCIONAL,CONCRETO,BUENO,SECO,DESPEJADO,0,0,0,1,13,135,13501,Metropolitana de Santiago,Melipilla,Melipilla,Numero,G-74-F km 10,-33.602502,-71.221839
-8139344.26117053,-4400819.21787305,129,2023,1527679,2023/04/22 00:00:00+00,Abril,22,Sábado,1899/12/30 00:00:00+00,13:30:00,13,REGION BIO BIO,TALCAHUANO,VOLCADURA,VOLCADURA,URBANA,TRAMO DE VIA RECTA,VELOCIDAD IMPRUDENTE,VELOCIDAD NO RAZONABLE NI PRUDENTE,CRISTOBAL COLON, ,- CRISTOBAL COLON,1008, , ,UNIDIRECCIONAL,CONCRETO,BUENO,SECO,DESPEJADO,0,0,0,0,08,081,08110,Biobío,Concepción,Talcahuano,Numero,"CRISTOBAL COLON 1008, Talcahuano",-36.724819,-73.116974
-7862893.84619912,-3943960.58209988,130,2023,1526564,2023/04/22 00:00:00+00,Abril,22,Sábado,1899/12/30 00:00:00+00,16:00:00,16,REGION METROPOLITANA,HUECHURABA,COLISION,COLISION,URBANA,TRAMO DE VIA RECTA,IMPRUDENCIA DEL CONDUCTOR,CONDUCCION NO ATENTO CONDICIONES TRANSITO MOMENTO,RECOLETA, ,- RECOLETA,6048, , ,BIDIRECCIONAL,ASFALTO,BUENO,SECO,DESPEJADO,0,1,0,0,13,131,13107,Metropolitana de Santiago,Santiago,Huechuraba,Numero,"RECOLETA 6048, Huechuraba",-33.365811,-70.633577
-7935009.3934855,-4179564.99619917,131,2023,1525372,2023/04/22 00:00:00+00,Abril,22,Sábado,1899/12/30 00:00:00+00,17:30:00,17,REGION MAULE,MOLINA,COLISION POR ALCANCE,COLISION,URBANA,TRAMO DE VIA RECTA,ALCOHOL EN CONDUCTOR,CONDUCCION EN ESTADO DE EBRIEDAD,QUECHEREGUAS, ,- QUECHEREGUAS,6, , ,BIDIRECCIONAL,ASFALTO,BUENO,SECO,DESPEJADO,0,1,0,0,07,073,07304,Maule,Curicó,Molina,Numero,"QUECHEREGUAS 6, Molina",-35.115329,-71.281402
-7892479.17066129,-3994675.0427221,132,2023,1528463,2023/04/22 00:00:00+00,Abril,22,Sábado,1899/12/30 00:00:00+00,19:00:00,19,REGION METROPOLITANA,ISLA DE MAIPO,CHOQUE FRONTAL,CHOQUE,URBANA,TRAMO DE VIA RECTA,IMPRUDENCIA DEL CONDUCTOR,CONDUCCION NO ATENTO CONDICIONES TRANSITO MOMENTO,EL ROSARIO, ,- EL ROSARIO,699, , ,BIDIRECCIONAL,ASFALTO,BUENO,SECO,NUBLADO,0,1,0,0,13,136,13603,Metropolitana de Santiago,Talagante,Isla de Maipo,Numero,"EL ROSARIO 699, Isla de Maipo",-33.745464,-70.899347
-7869392.94664104,-3959802.13610976,133,2023,1525392,2023/04/23 00:00:00+00,Abril,23,Domingo,1899/12/30 00:00:00+00,01:15:00,1,REGION METROPOLITANA,CERRILLOS,CHOQUE FRONTAL,CHOQUE,URBANA,TRAMO DE VIA CURVA HORIZONTAL,VELOCIDAD IMPRUDENTE,VELOCIDAD NO RAZONABLE NI PRUDENTE,DEPARTAMENTAL, ,- DEPARTAMENTAL,4519, , ,BIDIRECCIONAL CON BANDEJON,ASFALTO,BUENO,SECO,DESPEJADO,1,0,0,0,13,131,13102,Metropolitana de Santiago,Santiago,Cerrillos,Numero,"DEPARTAMENTAL 4519, Cerrillos",-33.484582,-70.69196
-7971085.01738159,-3970973.30026034,134,2023,1529527,2023/04/23 00:00:00+00,Abril,23,Domingo,1899/12/30 00:00:00+00,07:50:00,7,REGION VALPARAISO,SAN ANTONIO,CHOQUE FRONTAL,CHOQUE,URBANA,TRAMO DE VIA RECTA,VELOCIDAD IMPRUDENTE,VELOCIDAD NO RAZONABLE NI PRUDENTE,NUEVA BRUSELAS, ,- NUEVA BRUSELAS,1075, , ,BIDIRECCIONAL,CONCRETO,REGULAR,MOJADO,DESPEJADO,0,0,0,0,05,056,05601,Valparaíso,San Antonio,San Antonio,Numero,"NUEVA BRUSELAS 1075, San Antonio",-33.568238,-71.605475
-7930678.38897208,-3879353.70874342,135,2023,1527229,2023/04/23 00:00:00+00,Abril,23,Domingo,1899/12/30 00:00:00+00,13:00:00,13,REGION VALPARAISO,QUILLOTA,CHOQUE,CHOQUE,URBANA,CRUCE CON SEMAFORO FUNCIONANDO,DESOBEDIENCIA A SEÑALIZACION,SEÑALIZACION DESOBEDECER LUZ ROJA DE SEMAFORO,CONDELL, ,- CONDELL,200, , ,UNIDIRECCIONAL,ASFALTO,BUENO,SECO,DESPEJADO,0,0,0,0,05,055,05501,Valparaíso,Quillota,Quillota,Numero,"CONDELL 200, Quillota",-32.87975,-71.242496
-7894432.53817158,-3992284.73007258,136,2023,1528479,2023/04/23 00:00:00+00,Abril,23,Domingo,1899/12/30 00:00:00+00,14:30:00,14,REGION METROPOLITANA,ISLA DE MAIPO,CHOQUE FRONTAL,CHOQUE,URBANA,TRAMO DE VIA CURVA HORIZONTAL,IMPRUDENCIA DEL CONDUCTOR,CONDUCCION NO ATENTO CONDICIONES TRANSITO MOMENTO,CAMINO NALTAHUA, ,- CAMINO NALTAHUA,998, , ,BIDIRECCIONAL,ASFALTO,BUENO,SECO,DESPEJADO,0,1,0,0,13,136,13603,Metropolitana de Santiago,Talagante,Isla de Maipo,Numero,"CAMINO NALTAHUA 998, Isla de Maipo",-33.727607,-70.916894
-7868488.50209427,-3958973.76715165,137,2023,1535773,2023/04/24 00:00:00+00,Abril,24,Lunes,1899/12/30 00:00:00+00,07:30:00,7,REGION METROPOLITANA,PEDRO AGUIRRE CERDA,ATROPELLO,ATROPELLO,URBANA,TRAMO DE VIA RECTA,IMPRUDENCIA DEL CONDUCTOR,CONDUCCION NO ATENTO CONDICIONES TRANSITO MOMENTO,ALC CARLOS VALDOVINOS, ,- ALC CARLOS VALDOVINOS,3493, , ,UNIDIRECCIONAL,ASFALTO,BUENO,SECO,DESPEJADO,0,0,0,0,13,131,13121,Metropolitana de Santiago,Santiago,Pedro Aguirre Cerda,Numero,"ALC CARLOS VALDOVINOS 3493, Pedro Aguirre Cerda",-33.478375,-70.683835
-7880736.40475662,-3951178.10104487,138,2023,1551273,2023/04/24 00:00:00+00,Abril,24,Lunes,1899/12/30 00:00:00+00,11:45:00,11,REGION METROPOLITANA,VITACURA,COLISION PERPENDICULAR,COLISION,RURAL,TRAMO DE VIA RECTA,IMPRUDENCIA DEL CONDUCTOR,CONDUCCION CAMBIAR SORPRESIVAMENTE PISTA CIRCULACION, , , ,0,"G-11, G-13","2,9",BIDIRECCIONAL CON BANDEJON,ASFALTO,BUENO,SECO,DESPEJADO,0,1,0,0,13,131,13132,Metropolitana de Santiago,Santiago,Vitacura,Numero,"G-11, G-13 km 2,9",-33.419944,-70.79386
-7932214.33676723,-3495114.85559698,139,2023,1525778,2023/04/24 00:00:00+00,Abril,24,Lunes,1899/12/30 00:00:00+00,13:45:00,13,REGION COQUIMBO,LA SERENA,CHOQUE FRENTE/POSTERIOR,CHOQUE,URBANA,TRAMO DE VIA RECTA,IMPRUDENCIA DEL CONDUCTOR,CONDUCCION NO ATENTO CONDICIONES TRANSITO MOMENTO,4 ESQUINAS, ,- 4 ESQUINAS,117, , ,BIDIRECCIONAL,ASFALTO,BUENO,SECO,DESPEJADO,0,0,0,0,04,041,04101,Coquimbo,Elqui,La Serena,Numero,"4 ESQUINAS 117, La Serena",-29.934357,-71.256294
-8011904.08340242,-4761212.58473843,140,2023,1526226,2023/04/24 00:00:00+00,Abril,24,Lunes,1899/12/30 00:00:00+00,18:30:00,18,REGION ARAUCANIA,CURARREHUE,ATROPELLO,ATROPELLO,URBANA,TRAMO DE VIA RECTA,IMPRUDENCIA DEL CONDUCTOR,CONDUCCION NO ATENTO CONDICIONES TRANSITO MOMENTO,O'HIGGINS, ,- O'HIGGINS,622, , ,BIDIRECCIONAL,ASFALTO,BUENO,SECO,LLUVIA,0,0,0,1,09,091,09104,La Araucanía,Cautín,Curarrehue,Numero,"O'HIGGINS 622, Curarrehue",-39.275506,-71.972159
-7864645.87974216,-3967191.78267399,141,2023,1526065,2023/04/25 00:00:00+00,Abril,25,Martes,1899/12/30 00:00:00+00,09:30:00,9,REGION METROPOLITANA,LO ESPEJO,COLISION POR ALCANCE,COLISION,URBANA,TRAMO DE VIA RECTA,IMPRUDENCIA DEL CONDUCTOR,CONDUCCION CAMBIAR SORPRESIVAMENTE PISTA CIRCULACION,AMERICO VESPUCIO, ,- AMERICO VESPUCIO,1400, , ,BIDIRECCIONAL CON BANDEJON,ASFALTO,BUENO,SECO,DESPEJADO,1,0,0,1,13,131,13116,Metropolitana de Santiago,Santiago,Lo Espejo,Numero,"AMERICO VESPUCIO 1400, Lo Espejo",-33.539929,-70.649316
-8053626.65517936,-4507276.33968502,142,2023,1543349,2023/04/25 00:00:00+00,Abril,25,Martes,1899/12/30 00:00:00+00,13:00:00,13,REGION BIO BIO,LOS ANGELES,VOLCADURA,VOLCADURA,URBANA,TRAMO DE VIA RECTA,VELOCIDAD IMPRUDENTE,VELOCIDAD NO RAZONABLE NI PRUDENTE,CAMINO DUQUECO, ,- CAMINO DUQUECO,2, , ,BIDIRECCIONAL,TIERRA,REGULAR, ,DESPEJADO,0,0,1,0,08,083,08301,Biobío,Biobío,Los Angeles,Numero,"CAMINO DUQUECO 2, Los Angeles",-37.487491,-72.346959
-7874373.26260481,-3992508.45196606,143,2023,1530002,2023/04/25 00:00:00+00,Abril,25,Martes,1899/12/30 00:00:00+00,16:05:00,16,REGION METROPOLITANA,BUIN,CHOQUE FRENTE/POSTERIOR,CHOQUE,URBANA,TRAMO DE VIA RECTA,IMPRUDENCIA DEL CONDUCTOR,CONDUCCION NO ATENTO CONDICIONES TRANSITO MOMENTO,BAJOS DE MATTE, ,- BAJOS DE MATTE,2, , ,BIDIRECCIONAL,ASFALTO,BUENO,SECO,DESPEJADO,0,0,0,1,13,134,13402,Metropolitana de Santiago,Maipo,Buin,Numero,"BAJOS DE MATTE 2, Buin",-33.729279,-70.736699
-7864793.46242537,-3919530.43460575,144,2023,1527118,2023/04/25 00:00:00+00,Abril,25,Martes,1899/12/30 00:00:00+00,18:50:00,18,REGION METROPOLITANA,COLINA,COLISION LATERAL,COLISION,URBANA,TRAMO DE VIA RECTA,IMPRUDENCIA DEL CONDUCTOR,ADELANTAMIENTO SIN EL ESPACIO O TIEMPO SUFICIENTE,GRAL SAN MARTIN, ,- GRAL SAN MARTIN,1220, , ,BIDIRECCIONAL,ASFALTO,BUENO,SECO,DESPEJADO,0,0,0,0,13,133,13301,Metropolitana de Santiago,Chacabuco,Colina,Numero,"GRAL SAN MARTIN 1220, Colina",-33.182331,-70.650642
-8082611.56005663,-4685395.24624266,145,2023,1526027,2023/04/25 00:00:00+00,Abril,25,Martes,1899/12/30 00:00:00+00,19:00:00,19,REGION ARAUCANIA,TEMUCO,COLISION,COLISION,URBANA,TRAMO DE VIA RECTA,IMPRUDENCIA DEL CONDUCTOR,CONDUCCION NO ATENTO CONDICIONES TRANSITO MOMENTO,CAUPOLICAN, ,- CAUPOLICAN,650, , ,BIDIRECCIONAL CON BANDEJON,CONCRETO,BUENO,SECO,DESPEJADO,0,0,0,1,09,091,09101,La Araucanía,Cautín,Temuco,Numero,"CAUPOLICAN 650, Temuco",-38.746294,-72.607335
-7968455.80850386,-3968626.43057256,146,2023,1527328,2023/04/26 00:00:00+00,Abril,26,Miércoles,1899/12/30 00:00:00+00,08:40:00,8,REGION VALPARAISO,CARTAGENA,VOLCADURA,VOLCADURA,URBANA,TRAMO DE VIA RECTA,VELOCIDAD IMPRUDENTE,VELOCIDAD NO RAZONABLE NI PRUDENTE,CARTAGENA, ,- CARTAGENA,50, , ,BIDIRECCIONAL,ASFALTO,BUENO,HUMEDO,DESPEJADO,0,0,1,0,05,056,05603,Valparaíso,San Antonio,Cartagena,Numero,"CARTAGENA 50, Cartagena",-33.55067,-71.581856
-8131860.82938568,-5028941.11506689,147,2023,1529329,2023/04/26 00:00:00+00,Abril,26,Miércoles,1899/12/30 00:00:00+00,11:30:00,11,REGION LOS LAGOS,FRUTILLAR,IMPACTO CON ANIMAL,OTRO TIPO,URBANA,TRAMO DE VIA RECTA,DEFICIENCIAS VIALES,ANIMALES SUELTOS VIA PUBLICA,CANCHA RAYADA, ,- CANCHA RAYADA,8, , ,BIDIRECCIONAL,ASFALTO,BUENO,HUMEDO,NUBLADO,0,0,0,0,10,101,10105,Los Lagos,Llanquihue,Frutillar,Numero,"CANCHA RAYADA 8, Frutillar",-41.112443,-73.049749
-7865278.56705144,-3953959.47343187,148,2023,1527237,2023/04/27 00:00:00+00,Abril,27,Jueves,1899/12/30 00:00:00+00,12:30:00,12,REGION METROPOLITANA,SANTIAGO,ATROPELLO,ATROPELLO,URBANA,CRUCE CON SEMAFORO FUNCIONANDO,IMPRUDENCIA DEL CONDUCTOR,CONDUCCION NO ATENTO CONDICIONES TRANSITO MOMENTO,TEATINOS, ,- TEATINOS,230, , ,UNIDIRECCIONAL,ASFALTO,BUENO,SECO,DESPEJADO,0,0,0,1,13,131,13101,Metropolitana de Santiago,Santiago,Santiago,Numero,"TEATINOS 230, Santiago",-33.440796,-70.655
-7863273.07044925,-3945121.93935037,149,2023,1536165,2023/04/27 00:00:00+00,Abril,27,Jueves,1899/12/30 00:00:00+00,15:00:00,15,REGION METROPOLITANA,HUECHURABA,COLISION,COLISION,URBANA,TRAMO DE VIA RECTA,IMPRUDENCIA DEL CONDUCTOR,CONDUCCION NO ATENTO CONDICIONES TRANSITO MOMENTO,EL SALTO, ,- EL SALTO,4651, , ,BIDIRECCIONAL,ASFALTO,BUENO,SECO,DESPEJADO,0,0,0,0,13,131,13107,Metropolitana de Santiago,Santiago,Huechuraba,Numero,"EL SALTO 4651, Huechuraba",-33.374524,-70.636984
-7879916.57291916,-3951668.00502431,150,2023,1530164,2023/04/27 00:00:00+00,Abril,27,Jueves,1899/12/30 00:00:00+00,15:30:00,15,REGION METROPOLITANA,MAIPU,COLISION POR ALCANCE,COLISION,URBANA,TRAMO DE VIA RECTA,IMPRUDENCIA DEL CONDUCTOR,CONDUCCION SIN MANTENER DISTANCIA RAZONABLE NI PRUDENTE,AMERICO VESPUCIO, ,- AMERICO VESPUCIO,28950, , ,BIDIRECCIONAL CON BANDEJON,ASFALTO,BUENO,SECO,DESPEJADO,0,2,0,0,13,131,13119,Metropolitana de Santiago,Santiago,Maipú,Numero,"AMERICO VESPUCIO 28950, Maipú",-33.423617,-70.786495
-7921980.0438942,-3970938.78887079,151,2023,1527275,2023/04/27 00:00:00+00,Abril,27,Jueves,1899/12/30 00:00:00+00,20:30:00,20,REGION METROPOLITANA,MELIPILLA,CHOQUE FRONTAL,CHOQUE,RURAL,TRAMO DE VIA RECTA,IMPRUDENCIA DEL CONDUCTOR,CONDUCCION NO ATENTO CONDICIONES TRANSITO MOMENTO, , , ,0,G-380,"4,5",BIDIRECCIONAL,ASFALTO,BUENO,SECO,NEBLINA,0,1,0,0,13,135,13501,Metropolitana de Santiago,Melipilla,Melipilla,Numero,"G-380 km 4,5",-33.56798,-71.164358
-7862497.49741569,-4010733.64068112,152,2023,1527089,2023/04/27 00:00:00+00,Abril,27,Jueves,1899/12/30 00:00:00+00,21:50:00,21,REGION METROPOLITANA,PAINE,VOLCADURA,VOLCADURA,URBANA,TRAMO DE VIA RECTA,IMPRUDENCIA DEL CONDUCTOR,CONDUCCION NO ATENTO CONDICIONES TRANSITO MOMENTO,CHALLAY ALTO, ,- CHALLAY ALTO,15, , ,BIDIRECCIONAL,TIERRA,REGULAR, ,DESPEJADO,0,1,0,0,13,134,13404,Metropolitana de Santiago,Maipo,Paine,Numero,"CHALLAY ALTO 15, Paine",-33.865332,-70.630017
-7876310.04294324,-3993065.95126035,153,2023,1536762,2023/04/28 00:00:00+00,Abril,28,Viernes,1899/12/30 00:00:00+00,14:10:00,14,REGION METROPOLITANA,BUIN,COLISION LATERAL,COLISION,URBANA,TRAMO DE VIA RECTA,IMPRUDENCIA DEL CONDUCTOR,ADELANTAMIENTO SIN EL ESPACIO O TIEMPO SUFICIENTE,CAMINO BUIN MAIPO, ,- CAMINO BUIN MAIPO,1201, , ,BIDIRECCIONAL,ASFALTO,BUENO,SECO,DESPEJADO,0,0,0,0,13,134,13402,Metropolitana de Santiago,Maipo,Buin,Numero,"CAMINO BUIN MAIPO 1201, Buin",-33.733444,-70.754097
-7836358.47338359,-2700178.50494067,154,2023,1528786,2023/04/29 00:00:00+00,Abril,29,Sábado,1899/12/30 00:00:00+00,07:50:00,7,REGION ANTOFAGASTA,ANTOFAGASTA,CHOQUE FRENTE/POSTERIOR,CHOQUE,URBANA,TRAMO DE VIA RECTA,IMPRUDENCIA DEL CONDUCTOR,CONDUCCION NO ATENTO CONDICIONES TRANSITO MOMENTO,OFICINA PETRONILA, ,- OFICINA PETRONILA,195, , ,BIDIRECCIONAL,ASFALTO,BUENO,SECO,DESPEJADO,0,0,0,0,02,021,02101,Antofagasta,Antofagasta,Antofagasta,Numero,"OFICINA PETRONILA 195, Antofagasta",-23.562432,-70.395206
-7932963.8754113,-3882504.60519186,155,2023,1527930,2023/04/30 00:00:00+00,Abril,30,Domingo,1899/12/30 00:00:00+00,05:34:00,5,REGION VALPARAISO,QUILLOTA,CHOQUE,CHOQUE,URBANA,TRAMO DE VIA RECTA,ALCOHOL EN CONDUCTOR,CONDUCCION EN ESTADO DE EBRIEDAD,NEMESIO ANTUNEZ, ,- NEMESIO ANTUNEZ,2063, , ,UNIDIRECCIONAL,ASFALTO,BUENO,SECO,DESPEJADO,0,0,0,1,05,055,05501,Valparaíso,Quillota,Quillota,Numero,"NEMESIO ANTUNEZ 2063, Quillota",-32.903518,-71.263027
-7928562.4547521,-3976742.1500625,156,2023,1527281,2023/04/30 00:00:00+00,Abril,30,Domingo,1899/12/30 00:00:00+00,12:30:00,12,REGION METROPOLITANA,MELIPILLA,COLISION PERPENDICULAR,COLISION,RURAL,TRAMO DE VIA RECTA,IMPRUDENCIA DEL CONDUCTOR,CONDUCCION NO ATENTO CONDICIONES TRANSITO MOMENTO, , , ,0,G-74-F,9,BIDIRECCIONAL,ASFALTO,BUENO,MOJADO,DESPEJADO,0,1,0,1,13,135,13501,Metropolitana de Santiago,Melipilla,Melipilla,Numero,G-74-F km 9,-33.611408,-71.223488
-8125494.19763499,-4402437.34335686,157,2023,1533171,2023/04/30 00:00:00+00,Abril,30,Domingo,1899/12/30 00:00:00+00,13:25:00,13,REGION BIO BIO,PENCO,COLISION LATERAL,COLISION,URBANA,TRAMO DE VIA RECTA,IMPRUDENCIA DEL CONDUCTOR,CONDUCCION NO ATENTO CONDICIONES TRANSITO MOMENTO,EL ROBLE, ,- EL ROBLE,199, , ,UNIDIRECCIONAL,ASFALTO,BUENO,SECO,DESPEJADO,0,0,0,1,08,081,08107,Biobío,Concepción,Penco,Numero,"EL ROBLE 199, Penco",-36.736469,-72.992556
-7858675.53886651,-3869476.48359065,158,2023,1527421,2023/04/30 00:00:00+00,Abril,30,Domingo,1899/12/30 00:00:00+00,16:00:00,16,REGION VALPARAISO,SAN ESTEBAN,COLISION FRONTAL,COLISION,URBANA,TRAMO DE VIA RECTA,VELOCIDAD IMPRUDENTE,VELOCIDAD NO RAZONABLE NI PRUDENTE,TOCORNAL, ,- TOCORNAL,1049, , ,BIDIRECCIONAL,ASFALTO,BUENO,SECO,DESPEJADO,0,0,0,1,05,053,05304,Valparaíso,Los Andes,San Esteban,Numero,"TOCORNAL 1049, San Esteban",-32.805204,-70.595683
-8025030.77056723,-4383841.23897467,159,2023,1527555,2023/05/01 00:00:00+00,Mayo,1,Lunes,1899/12/30 00:00:00+00,06:30:00,6,REGION ÑUBLE,CHILLAN,VOLCADURA,VOLCADURA,URBANA,TRAMO DE VIA RECTA,ALCOHOL EN CONDUCTOR,CONDUCCION EN ESTADO DE EBRIEDAD,YUNGAY, ,- YUNGAY,18, , ,BIDIRECCIONAL,CONCRETO,BUENO,SECO,LLUVIA,0,0,0,1,16,161,16101,Ñuble,Diguillín,Chillán,Numero,"YUNGAY 18, Chillán",-36.602478,-72.090078
-7864677.8594051,-3961903.03291191,160,2023,1529068,2023/05/01 00:00:00+00,Mayo,1,Lunes,1899/12/30 00:00:00+00,13:30:00,13,REGION METROPOLITANA,SAN MIGUEL,COLISION FRONTAL,COLISION,URBANA,TRAMO DE VIA RECTA,IMPRUDENCIA DEL CONDUCTOR,CONDUCCION NO ATENTO CONDICIONES TRANSITO MOMENTO,SAN NICOLAS, ,- SAN NICOLAS,950, , ,UNIDIRECCIONAL,ASFALTO,BUENO,SECO,DESPEJADO,0,0,0,1,13,131,13130,Metropolitana de Santiago,Santiago,San Miguel,Numero,"SAN NICOLAS 950, San Miguel",-33.500321,-70.649603
-7867645.83577947,-4052662.18923531,161,2023,1528164,2023/05/01 00:00:00+00,Mayo,1,Lunes,1899/12/30 00:00:00+00,20:40:00,20,REGION LIB.B.O'HIGGINS,MACHALI,CHOQUE FRENTE/POSTERIOR,CHOQUE,URBANA,TRAMO DE VIA RECTA,IMPRUDENCIA DEL CONDUCTOR,CONDUCCION NO ATENTO CONDICIONES TRANSITO MOMENTO,CAMINO LAS ROSAS, ,- CAMINO LAS ROSAS,139, , ,UNIDIRECCIONAL,CONCRETO,BUENO,SECO,DESPEJADO,0,1,0,0,06,061,06108,Libertador General Bernardo O'Higgins,Cachapoal,Machalí,Numero,"CAMINO LAS ROSAS 139, Machalí",-34.177509,-70.676265
-7869087.88579565,-3960408.08406705,162,2023,1529012,2023/05/02 00:00:00+00,Mayo,2,Martes,1899/12/30 00:00:00+00,07:35:00,7,REGION METROPOLITANA,ESTACION CENTRAL,COLISION LATERAL,COLISION,RURAL,TRAMO DE VIA RECTA,IMPRUDENCIA DEL CONDUCTOR,CONDUCCION NO ATENTO CONDICIONES TRANSITO MOMENTO, , , ,0,RUTA 74,8,BIDIRECCIONAL,ASFALTO,BUENO,SECO,DESPEJADO,0,0,1,0,13,131,13106,Metropolitana de Santiago,Santiago,Estación Central,Numero,RUTA 74 km 8,-33.489121,-70.689219
-7864918.91543946,-3960835.00692943,163,2023,1529080,2023/05/02 00:00:00+00,Mayo,2,Martes,1899/12/30 00:00:00+00,07:55:00,7,REGION METROPOLITANA,SAN MIGUEL,COLISION POR ALCANCE,COLISION,URBANA,TRAMO DE VIA RECTA,IMPRUDENCIA DEL CONDUCTOR,CONDUCCION NO ATENTO CONDICIONES TRANSITO MOMENTO,PDTE JORGE ALESSANDRI RODRIGUEZ, ,- PDTE JORGE ALESSANDRI RODRIGUEZ,6335, , ,UNIDIRECCIONAL,ASFALTO,BUENO,SECO,DESPEJADO,0,0,0,0,13,131,13130,Metropolitana de Santiago,Santiago,San Miguel,Numero,"PDTE JORGE ALESSANDRI RODRIGUEZ 6335, San Miguel",-33.49232,-70.651769
-7865190.80096153,-3951606.50868328,164,2023,1536331,2023/05/02 00:00:00+00,Mayo,2,Martes,1899/12/30 00:00:00+00,08:40:00,8,REGION METROPOLITANA,INDEPENDENCIA,COLISION LATERAL,COLISION,URBANA,TRAMO DE VIA RECTA,IMPRUDENCIA DEL CONDUCTOR,CONDUCCION CAMBIAR SORPRESIVAMENTE PISTA CIRCULACION,OLIVOS, ,- OLIVOS,1170, , ,UNIDIRECCIONAL,ASFALTO,BUENO,SECO,DESPEJADO,0,0,0,1,13,131,13108,Metropolitana de Santiago,Santiago,Independencia,Numero,"OLIVOS 1170, Independencia",-33.423156,-70.654211
-7859291.88105704,-3973703.84357748,165,2023,1530567,2023/05/02 00:00:00+00,Mayo,2,Martes,1899/12/30 00:00:00+00,09:15:00,9,REGION METROPOLITANA,PUENTE ALTO,COLISION LATERAL,COLISION,URBANA,TRAMO DE VIA RECTA,ALCOHOL EN CONDUCTOR,CONDUCCION EN ESTADO DE EBRIEDAD,CRETA, ,- CRETA,2662, , ,BIDIRECCIONAL,CONCRETO,BUENO,SECO,DESPEJADO,0,0,0,0,13,132,13201,Metropolitana de Santiago,Cordillera,Puente Alto,Numero,"CRETA 2662, Puente Alto",-33.588674,-70.60122
-8053525.63878612,-4503031.934423,166,2023,1528353,2023/05/02 00:00:00+00,Mayo,2,Martes,1899/12/30 00:00:00+00,19:35:00,19,REGION BIO BIO,LOS ANGELES,COLISION LATERAL,COLISION,URBANA,TRAMO DE VIA RECTA,IMPRUDENCIA DEL CONDUCTOR,CONDUCCION NO ATENTO CONDICIONES TRANSITO MOMENTO,ALMAGRO, ,- ALMAGRO,1375, , ,UNIDIRECCIONAL,CONCRETO,BUENO,SECO,DESPEJADO,0,0,0,1,08,083,08301,Biobío,Biobío,Los Angeles,Numero,"ALMAGRO 1375, Los Angeles",-37.457231,-72.346052
-7862109.31526387,-3961388.34549367,167,2023,1530479,2023/05/03 00:00:00+00,Mayo,3,Miércoles,1899/12/30 00:00:00+00,15:25:00,15,REGION METROPOLITANA,SAN JOAQUIN,COLISION LATERAL,COLISION,URBANA,TRAMO DE VIA RECTA,IMPRUDENCIA DEL CONDUCTOR,CONDUCCION CAMBIAR SORPRESIVAMENTE PISTA CIRCULACION,PDTE SALVADOR ALLENDE, ,- PDTE SALVADOR ALLENDE,174, , ,BIDIRECCIONAL,ASFALTO,BUENO,SECO,DESPEJADO,0,0,0,2,13,131,13129,Metropolitana de Santiago,Santiago,San Joaquín,Numero,"PDTE SALVADOR ALLENDE 174, San Joaquín",-33.496465,-70.62653
-7902273.21948305,-4107964.34450838,168,2023,1529266,2023/05/03 00:00:00+00,Mayo,3,Miércoles,1899/12/30 00:00:00+00,20:20:00,20,REGION LIB.B.O'HIGGINS,SAN FERNANDO,COLISION FRONTAL,COLISION,URBANA,TRAMO DE VIA RECTA,IMPRUDENCIA DEL CONDUCTOR,CONDUCCION NO ATENTO CONDICIONES TRANSITO MOMENTO,MANUEL RODRIGUEZ, ,- MANUEL RODRIGUEZ,750, , ,BIDIRECCIONAL,ASFALTO,BUENO,SECO,DESPEJADO,0,1,0,0,06,063,06301,Libertador General Bernardo O'Higgins,Colchagua,San Fernando,Numero,"MANUEL RODRIGUEZ 750, San Fernando",-34.5875,-70.987328
-7856714.40693305,-3975291.47049535,169,2023,1528272,2023/05/03 00:00:00+00,Mayo,3,Miércoles,1899/12/30 00:00:00+00,22:10:00,22,REGION METROPOLITANA,PUENTE ALTO,COLISION POR ALCANCE,COLISION,URBANA,TRAMO DE VIA RECTA,IMPRUDENCIA DEL CONDUCTOR,CONDUCCION NO ATENTO CONDICIONES TRANSITO MOMENTO,CONCHA Y TORO, ,- CONCHA Y TORO,1060, , ,BIDIRECCIONAL CON BANDEJON,ASFALTO,BUENO,SECO,DESPEJADO,0,1,0,1,13,132,13201,Metropolitana de Santiago,Cordillera,Puente Alto,Numero,"CONCHA Y TORO 1060, Puente Alto",-33.600554,-70.578066