X,Y,FID,Año,IdAccident,Fecha,Mes,Dia_mes,Dia_semana,Hora,Hora_texto,Hora_aprox,Región,Comuna,Tipo_Accid,Tipo__CONA,Zona,Ubicación,Causa__CON,Causa_Acci,Calle_Uno,Calle_Dos,Intersecci,Número,Ruta,Ubicaci_1,Calzada,Tipo_Calza,Estado_Cal,Condición,Estado_Atm,Fallecidos,Graves,Menos_Grav,Leves,CUT_REG,CUT_PROV,CUT_COM,REGION,PROVINCIA,COMUNA1,Tipo_direc,Direccion,Lat,Lon
-7865591.61809819,-3956276.9166286,170,2023,1532389,2023/05/03 00:00:00+00,Mayo,3,Miércoles,1899/12/30 00:00:00+00,23:05:00,23,REGION METROPOLITANA,SANTIAGO,COLISION LATERAL,COLISION,URBANA,TRAMO DE VIA RECTA,IMPRUDENCIA DEL CONDUCTOR,CONDUCCION NO ATENTO CONDICIONES TRANSITO MOMENTO,TUPPER, ,- TUPPER,1725, , ,BIDIRECCIONAL CON BANDEJON,ASFALTO,BUENO,SECO,DESPEJADO,0,0,0,0,13,131,13101,Metropolitana de Santiago,Santiago,Santiago,Numero,"TUPPER 1725, Santiago",-33.458166,-70.657812
-7871801.46535184,-3928376.56619346,171,2023,1529547,2023/05/04 00:00:00+00,Mayo,4,Jueves,1899/12/30 00:00:00+00,05:50:00,5,REGION METROPOLITANA,COLINA,COLISION,COLISION,RURAL,TRAMO DE VIA RECTA,ALCOHOL EN CONDUCTOR,CONDUCCION BAJO LA INFLUENCIA DEL ALCOHOL, , , ,0,RUTA 73,4,BIDIRECCIONAL,ASFALTO,BUENO,SECO,DESPEJADO,0,0,1,0,13,133,13301,Metropolitana de Santiago,Chacabuco,Colina,Numero,RUTA 73 km 4,-33.248814,-70.713596
-7860207.34016648,-3952711.30817434,172,2023,1528519,2023/05/04 00:00:00+00,Mayo,4,Jueves,1899/12/30 00:00:00+00,07:50:00,7,REGION METROPOLITANA,PROVIDENCIA,CHOQUE POSTERIOR/POSTERIOR,CHOQUE,URBANA,TRAMO DE VIA RECTA,IMPRUDENCIA DEL CONDUCTOR,CONDUCCION SIN MANTENER DISTANCIA RAZONABLE NI PRUDENTE,COST NORTE, ,- COST NORTE,12, , ,UNIDIRECCIONAL,ASFALTO,REGULAR,HUMEDO,DESPEJADO,0,1,0,0,13,131,13123,Metropolitana de Santiago,Santiago,Providencia,Numero,"COST NORTE 12, Providencia",-33.431439,-70.609444
-7889705.9720705,-3975069.53679564,173,2023,1529073,2023/05/04 00:00:00+00,Mayo,4,Jueves,1899/12/30 00:00:00+00,08:10:00,8,REGION METROPOLITANA,PEÑAFLOR,CHOQUE FRENTE/LADO,CHOQUE,URBANA,TRAMO DE VIA RECTA,IMPRUDENCIA DEL CONDUCTOR,CONDUCCION NO ATENTO CONDICIONES TRANSITO MOMENTO,FRANCISCO BILBAO, ,- FRANCISCO BILBAO,211, , ,BIDIRECCIONAL,CONCRETO,BUENO,HUMEDO,DESPEJADO,0,0,0,0,13,136,13605,Metropolitana de Santiago,Talagante,Peñaflor,Numero,"FRANCISCO BILBAO 211, Peñaflor",-33.598893,-70.874435
-7860287.96649142,-3967077.99557643,174,2023,1539878,2023/05/04 00:00:00+00,Mayo,4,Jueves,1899/12/30 00:00:00+00,11:00:00,11,REGION METROPOLITANA,LA FLORIDA,COLISION LATERAL,COLISION,URBANA,CRUCE CON SEMAFORO FUNCIONANDO,IMPRUDENCIA DEL CONDUCTOR,ADELANTAMIENTO SIN EFECTUAR LA SEÑAL RESPECTIVA,AMERICO VESPUCIO, ,- AMERICO VESPUCIO,9242, , ,BIDIRECCIONAL,ASFALTO,BUENO,SECO,DESPEJADO,0,1,0,0,13,131,13110,Metropolitana de Santiago,Santiago,La Florida,Numero,"AMERICO VESPUCIO 9242, La Florida",-33.539077,-70.610168
-8152444.83525409,-4839602.65978904,175,2023,1528326,2023/05/04 00:00:00+00,Mayo,4,Jueves,1899/12/30 00:00:00+00,14:15:00,14,REGION DE LOS RIOS,VALDIVIA,CHOQUE FRENTE/LADO,CHOQUE,URBANA,OTROS NO CONSIDERADOS,IMPRUDENCIA DEL CONDUCTOR,CONDUCCION NO ATENTO CONDICIONES TRANSITO MOMENTO,ERRAZURIZ, ,- ERRAZURIZ,1040, , ,BIDIRECCIONAL,CONCRETO,BUENO,SECO,NUBLADO,0,0,0,0,14,141,14101,Los Ríos,Valdivia,Valdivia,Numero,"ERRAZURIZ 1040, Valdivia",-39.818504,-73.234658
-7875840.9973337,-3959970.29294634,176,2023,1530310,2023/05/04 00:00:00+00,Mayo,4,Jueves,1899/12/30 00:00:00+00,15:00:00,15,REGION METROPOLITANA,MAIPU,VOLCADURA,VOLCADURA,URBANA,TRAMO DE VIA RECTA,IMPRUDENCIA DEL CONDUCTOR,CONDUCCION NO ATENTO CONDICIONES TRANSITO MOMENTO,ESCR JORGE INOSTROZA, ,- ESCR JORGE INOSTROZA,67, , ,BIDIRECCIONAL,ASFALTO,BUENO,SECO,DESPEJADO,0,1,0,0,13,131,13119,Metropolitana de Santiago,Santiago,Maipú,Numero,"ESCR JORGE INOSTROZA 67, Maipú",-33.485842,-70.749883
-7933995.67098061,-3997485.86290133,177,2023,1535398,2023/05/04 00:00:00+00,Mayo,4,Jueves,1899/12/30 00:00:00+00,17:25:00,17,REGION METROPOLITANA,MELIPILLA,COLISION LATERAL,COLISION,RURAL,TRAMO DE VIA RECTA,IMPRUDENCIA DEL CONDUCTOR,ADELANTAMIENTO SIN EL ESPACIO O TIEMPO SUFICIENTE, , , ,0,G-668,30,BIDIRECCIONAL,ASFALTO,BUENO,SECO,DESPEJADO,0,0,1,0,13,135,13501,Metropolitana de Santiago,Melipilla,Melipilla,Numero,G-668 km 30,-33.766457,-71.272296
-8090231.49613142,-4509317.95806069,178,2023,1529651,2023/05/04 00:00:00+00,Mayo,4,Jueves,1899/12/30 00:00:00+00,17:45:00,17,REGION BIO BIO,NACIMIENTO,COLISION FRONTAL,COLISION,URBANA,TRAMO DE VIA RECTA,IMPRUDENCIA DEL CONDUCTOR,CONDUCCION CAMBIAR SORPRESIVAMENTE PISTA CIRCULACION,LA CRUZ, ,- LA CRUZ,531, , ,UNIDIRECCIONAL,CONCRETO,BUENO,SECO,DESPEJADO,0,0,1,0,08,083,08306,Biobío,Biobío,Nacimiento,Numero,"LA CRUZ 531, Nacimiento",-37.502042,-72.675786
-7901397.34977014,-4108204.59268575,179,2023,1529433,2023/05/04 00:00:00+00,Mayo,4,Jueves,1899/12/30 00:00:00+00,18:30:00,18,REGION LIB.B.O'HIGGINS,SAN FERNANDO,COLISION LATERAL,COLISION,URBANA,TRAMO DE VIA RECTA,IMPRUDENCIA DEL CONDUCTOR,VIRAJES INDEBIDOS,MANUEL RODRIGUEZ, ,- MANUEL RODRIGUEZ,1202, , ,BIDIRECCIONAL,CONCRETO,BUENO,SECO,DESPEJADO,0,1,0,0,06,063,06301,Libertador General Bernardo O'Higgins,Colchagua,San Fernando,Numero,"MANUEL RODRIGUEZ 1202, San Fernando",-34.589276,-70.97946
-8083758.10141934,-4682350.46819244,180,2023,1528841,2023/05/05 00:00:00+00,Mayo,5,Viernes,1899/12/30 00:00:00+00,07:50:00,7,REGION ARAUCANIA,TEMUCO,IMPACTO CON ANIMAL,OTRO TIPO,URBANA,TRAMO DE VIA RECTA,DEFICIENCIAS VIALES,ANIMALES SUELTOS VIA PUBLICA,CAMINO TROMEN, ,- CAMINO TROMEN,9, , ,BIDIRECCIONAL,ASFALTO,REGULAR,HUMEDO,NUBLADO,0,0,0,1,09,091,09101,La Araucanía,Cautín,Temuco,Numero,"CAMINO TROMEN 9, Temuco",-38.724959,-72.617635
-7868690.07224809,-3967202.75359949,181,2023,1533016,2023/05/05 00:00:00+00,Mayo,5,Viernes,1899/12/30 00:00:00+00,11:25:00,11,REGION METROPOLITANA,EL BOSQUE,ATROPELLO,ATROPELLO,URBANA,TRAMO DE VIA RECTA,IMPRUDENCIA DEL CONDUCTOR,NO RESPETAR DERECHO PREFERENTE DE PASO A PEATON,JOSE JOAQUIN PRIETO VIAL, ,- JOSE JOAQUIN PRIETO VIAL,10078, , ,BIDIRECCIONAL,CONCRETO,BUENO,SECO,DESPEJADO,0,0,1,0,13,131,13105,Metropolitana de Santiago,Santiago,El Bosque,Numero,"JOSE JOAQUIN PRIETO VIAL 10078, El Bosque",-33.540011,-70.685646
-8212524.44453392,-5255687.25104355,182,2023,1528720,2023/05/05 00:00:00+00,Mayo,5,Viernes,1899/12/30 00:00:00+00,12:15:00,12,REGION LOS LAGOS,CHONCHI,CHOQUE LADO/LADO,CHOQUE,URBANA,TRAMO DE VIA RECTA,IMPRUDENCIA DEL CONDUCTOR,CONDUCCION NO ATENTO CONDICIONES TRANSITO MOMENTO,FRANCISCO COLOANE, ,- FRANCISCO COLOANE,199, , ,BIDIRECCIONAL,ASFALTO,BUENO,SECO,NUBLADO,0,0,0,1,10,102,10203,Los Lagos,Chiloé,Chonchi,Numero,"FRANCISCO COLOANE 199, Chonchi",-42.629106,-73.774362
-7858340.57970983,-3959984.25396958,183,2023,1530943,2023/05/05 00:00:00+00,Mayo,5,Viernes,1899/12/30 00:00:00+00,14:30:00,14,REGION METROPOLITANA,MACUL,COLISION POR ALCANCE,COLISION,URBANA,TRAMO DE VIA RECTA,IMPRUDENCIA DEL CONDUCTOR,NO RESPETAR DERECHO PREFERENTE DE PASO A VEHICULO,QUILIN, ,- QUILIN,3679, , ,BIDIRECCIONAL,CONCRETO,BUENO,SECO,DESPEJADO,0,0,1,0,13,131,13118,Metropolitana de Santiago,Santiago,Macul,Numero,"QUILIN 3679, Macul",-33.485946,-70.592675
-8138699.73466604,-4409021.42955757,184,2023,1534003,2023/05/05 00:00:00+00,Mayo,5,Viernes,1899/12/30 00:00:00+00,15:36:00,15,REGION BIO BIO,TALCAHUANO,VOLCADURA,VOLCADURA,URBANA,TRAMO DE VIA RECTA,VELOCIDAD IMPRUDENTE,VELOCIDAD NO RAZONABLE NI PRUDENTE,GRAN BRETAÑA, ,- GRAN BRETAÑA,2875, , ,BIDIRECCIONAL,CONCRETO,BUENO,SECO,DESPEJADO,0,0,0,0,08,081,08110,Biobío,Concepción,Talcahuano,Numero,"GRAN BRETAÑA 2875, Talcahuano",-36.783854,-73.111184
-7854005.41961755,-3949544.90530614,185,2023,1532361,2023/05/05 00:00:00+00,Mayo,5,Viernes,1899/12/30 00:00:00+00,16:45:00,16,REGION METROPOLITANA,LAS CONDES,COLISION FRONTAL,COLISION,URBANA,TRAMO DE VIA RECTA,IMPRUDENCIA DEL CONDUCTOR,CONDUCCION NO ATENTO CONDICIONES TRANSITO MOMENTO,APOQUINDO, ,- APOQUINDO,7200, , ,BIDIRECCIONAL CON BANDEJON,ASFALTO,BUENO,SECO,DESPEJADO,0,1,0,0,13,131,13114,Metropolitana de Santiago,Santiago,Las Condes,Numero,"APOQUINDO 7200, Las Condes",-33.407698,-70.553731
-8139344.26117053,-4400819.21787305,186,2023,1537470,2023/05/05 00:00:00+00,Mayo,5,Viernes,1899/12/30 00:00:00+00,18:45:00,18,REGION BIO BIO,TALCAHUANO,COLISION LATERAL,COLISION,URBANA,CRUCE CON SEMAFORO FUNCIONANDO,DESOBEDIENCIA A SEÑALIZACION,SEÑALIZACION DESOBEDECER LUZ ROJA DE SEMAFORO,CRISTOBAL COLON, ,- CRISTOBAL COLON,4994, , ,BIDIRECCIONAL CON BANDEJON,CONCRETO,BUENO,SECO,DESPEJADO,0,0,0,0,08,081,08110,Biobío,Concepción,Talcahuano,Numero,"CRISTOBAL COLON 4994, Talcahuano",-36.724819,-73.116974
-7857484.04758397,-3976348.78427027,187,2023,1528734,2023/05/05 00:00:00+00,Mayo,5,Viernes,1899/12/30 00:00:00+00,18:50:00,18,REGION METROPOLITANA,PUENTE ALTO,COLISION POR ALCANCE,COLISION,URBANA,TRAMO DE VIA RECTA,IMPRUDENCIA DEL CONDUCTOR,CONDUCCION NO ATENTO CONDICIONES TRANSITO MOMENTO,ERNESTO ALVEAR, ,- ERNESTO ALVEAR,536, , ,BIDIRECCIONAL CON BANDEJON,ASFALTO,BUENO,SECO,DESPEJADO,0,1,0,0,13,132,13201,Metropolitana de Santiago,Cordillera,Puente Alto,Numero,"ERNESTO ALVEAR 536, Puente Alto",-33.608465,-70.58498
-7907585.35477047,-4122922.3989033,188,2023,1532164,2023/05/05 00:00:00+00,Mayo,5,Viernes,1899/12/30 00:00:00+00,19:00:00,19,REGION LIB.B.O'HIGGINS,CHIMBARONGO,COLISION FRONTAL,COLISION,URBANA,TRAMO DE VIA RECTA,IMPRUDENCIA DEL CONDUCTOR,CONDUCCION NO ATENTO CONDICIONES TRANSITO MOMENTO,NUEVA, ,- NUEVA,1, , ,BIDIRECCIONAL,ASFALTO,BUENO,SECO,DESPEJADO,0,0,0,2,06,063,06303,Libertador General Bernardo O'Higgins,Colchagua,Chimbarongo,Numero,"NUEVA 1, Chimbarongo",-34.698048,-71.035048
-8139315.87313077,-4415498.0187382,189,2023,1528865,2023/05/05 00:00:00+00,Mayo,5,Viernes,1899/12/30 00:00:00+00,22:10:00,22,REGION BIO BIO,SAN PEDRO DE LA PAZ,COLISION FRONTAL,COLISION,URBANA,TRAMO DE VIA RECTA,IMPRUDENCIA DEL CONDUCTOR,CONDUCCION CAMBIAR SORPRESIVAMENTE PISTA CIRCULACION,LOS CLAVELES, ,- LOS CLAVELES,190, , ,BIDIRECCIONAL,CONCRETO,REGULAR,SECO,DESPEJADO,0,0,1,0,08,081,08108,Biobío,Concepción,San Pedro de la Paz,Numero,"LOS CLAVELES 190, San Pedro de la Paz",-36.830436,-73.116719
-7869184.69392252,-3977031.38053785,190,2023,1531425,2023/05/06 00:00:00+00,Mayo,6,Sábado,1899/12/30 00:00:00+00,11:15:00,11,REGION METROPOLITANA,SAN BERNARDO,COLISION FRONTAL,COLISION,URBANA,TRAMO DE VIA RECTA,IMPRUDENCIA DEL CONDUCTOR,CONDUCCION CAMBIAR SORPRESIVAMENTE PISTA CIRCULACION,ALMTE RIVEROS, ,- ALMTE RIVEROS,1716, , ,BIDIRECCIONAL CON BANDEJON,ASFALTO,BUENO,SECO,DESPEJADO,0,0,0,1,13,134,13401,Metropolitana de Santiago,Maipo,San Bernardo,Numero,"ALMTE RIVEROS 1716, San Bernardo",-33.613571,-70.690089
-7888881.60119194,-4080466.37316736,191,2023,1528697,2023/05/06 00:00:00+00,Mayo,6,Sábado,1899/12/30 00:00:00+00,17:15:00,17,REGION LIB.B.O'HIGGINS,RENGO,COLISION LATERAL,COLISION,URBANA,TRAMO DE VIA RECTA,IMPRUDENCIA DEL CONDUCTOR,CONDUCCION NO ATENTO CONDICIONES TRANSITO MOMENTO,LO CARTAGENA, ,- LO CARTAGENA,385, , ,BIDIRECCIONAL,ASFALTO,BUENO,SECO,DESPEJADO,0,0,0,1,06,061,06115,Libertador General Bernardo O'Higgins,Cachapoal,Rengo,Numero,"LO CARTAGENA 385, Rengo",-34.383891,-70.867029
-7859677.258069,-3956157.03810216,192,2023,1529221,2023/05/06 00:00:00+00,Mayo,6,Sábado,1899/12/30 00:00:00+00,19:35:00,19,REGION METROPOLITANA,ÑUÑOA,COLISION LATERAL,COLISION,URBANA,TRAMO DE VIA RECTA,IMPRUDENCIA DEL CONDUCTOR,CONDUCCION NO ATENTO CONDICIONES TRANSITO MOMENTO,JOSE DOMINGO CAÑAS, ,- JOSE DOMINGO CAÑAS,2550, , ,BIDIRECCIONAL,ASFALTO,BUENO,SECO,DESPEJADO,0,1,0,0,13,131,13120,Metropolitana de Santiago,Santiago,Ñuñoa,Numero,"JOSE DOMINGO CAÑAS 2550, Ñuñoa",-33.457267,-70.604682
-8117500.69251831,-5082637.47939783,193,2023,1530128,2023/05/07 00:00:00+00,Mayo,7,Domingo,1899/12/30 00:00:00+00,03:50:00,3,REGION LOS LAGOS,PUERTO MONTT,CHOQUE FRENTE/POSTERIOR,CHOQUE,URBANA,TRAMO DE VIA RECTA,ALCOHOL EN CONDUCTOR,CONDUCCION EN ESTADO DE EBRIEDAD,JUAN SOLER MANFREDINI, ,- JUAN SOLER MANFREDINI,1831, , ,BIDIRECCIONAL,CONCRETO,BUENO,MOJADO,NUBLADO,0,1,0,2,10,101,10101,Los Lagos,Llanquihue,Puerto Montt,Numero,"JUAN SOLER MANFREDINI 1831, Puerto Montt",-41.474858,-72.920749
-7865309.36532516,-3954657.68281064,194,2023,1530587,2023/05/07 00:00:00+00,Mayo,7,Domingo,1899/12/30 00:00:00+00,14:06:00,14,REGION METROPOLITANA,SANTIAGO,COLISION,COLISION,URBANA,TRAMO DE VIA RECTA,IMPRUDENCIA DEL CONDUCTOR,CONDUCCION NO ATENTO CONDICIONES TRANSITO MOMENTO,LORD COCHRANE, ,- LORD COCHRANE,59, , ,UNIDIRECCIONAL,CONCRETO,BUENO,SECO,DESPEJADO,0,0,0,0,13,131,13101,Metropolitana de Santiago,Santiago,Santiago,Numero,"LORD COCHRANE 59, Santiago",-33.44603,-70.655276
-7896056.9937005,-3967267.02667315,195,2023,1528775,2023/05/07 00:00:00+00,Mayo,7,Domingo,1899/12/30 00:00:00+00,15:40:00,15,REGION METROPOLITANA,CURACAVI,VOLCADURA,VOLCADURA,RURAL,TRAMO DE VIA CURVA VERTICAL,VELOCIDAD IMPRUDENTE,"VELOCIDAD NO REDUCIR CRUCE DE CALLES, CUMBRE, CURVA, ETC.", , , ,0,G-68,16,BIDIRECCIONAL,ASFALTO,BUENO,SECO,DESPEJADO,0,1,0,0,13,135,13503,Metropolitana de Santiago,Melipilla,Curacaví,Numero,G-68 km 16,-33.540493,-70.931487
-8135941.47330302,-4402968.19380098,196,2023,1534007,2023/05/07 00:00:00+00,Mayo,7,Domingo,1899/12/30 00:00:00+00,20:00:00,20,REGION BIO BIO,TALCAHUANO,COLISION LATERAL,COLISION,URBANA,TRAMO DE VIA RECTA,IMPRUDENCIA DEL CONDUCTOR,NO RESPETAR DERECHO PREFERENTE DE PASO A VEHICULO,VASCO NUÑEZ DE BALBOA, ,- VASCO NUÑEZ DE BALBOA,694, , ,BIDIRECCIONAL,CONCRETO,BUENO,SECO,DESPEJADO,0,1,0,0,08,081,08110,Biobío,Concepción,Talcahuano,Numero,"VASCO NUÑEZ DE BALBOA 694, Talcahuano",-36.740291,-73.086406
-7869088.16638755,-3965673.73459741,197,2023,1530314,2023/05/07 00:00:00+00,Mayo,7,Domingo,1899/12/30 00:00:00+00,22:05:00,22,REGION METROPOLITANA,LO ESPEJO,VOLCADURA,VOLCADURA,URBANA,TRAMO DE VIA RECTA,IMPRUDENCIA DEL CONDUCTOR,CONDUCCION NO ATENTO CONDICIONES TRANSITO MOMENTO,AMERICO VESPUCIO, ,- AMERICO VESPUCIO,509, , ,BIDIRECCIONAL CON BANDEJON,ASFALTO,BUENO,SECO,DESPEJADO,0,0,0,1,13,131,13116,Metropolitana de Santiago,Santiago,Lo Espejo,Numero,"AMERICO VESPUCIO 509, Lo Espejo",-33.528562,-70.689222
-7874627.6316599,-3962308.3849608,198,2023,1530315,2023/05/08 00:00:00+00,Mayo,8,Lunes,1899/12/30 00:00:00+00,08:10:00,8,REGION METROPOLITANA,MAIPU,CHOQUE FRONTAL,CHOQUE,URBANA,TRAMO DE VIA RECTA,IMPRUDENCIA DEL CONDUCTOR,CONDUCCION CAMBIAR SORPRESIVAMENTE PISTA CIRCULACION,AMERICO VESPUCIO, ,- AMERICO VESPUCIO,1473, , ,BIDIRECCIONAL CON BANDEJON,ASFALTO,BUENO,SECO,DESPEJADO,0,0,0,2,13,131,13119,Metropolitana de Santiago,Santiago,Maipú,Numero,"AMERICO VESPUCIO 1473, Maipú",-33.503357,-70.738984
-8015951.96633871,-4454721.65381877,199,2023,1530583,2023/05/08 00:00:00+00,Mayo,8,Lunes,1899/12/30 00:00:00+00,08:15:00,8,REGION ÑUBLE,YUNGAY,COLISION LATERAL,COLISION,URBANA,TRAMO DE VIA RECTA,IMPRUDENCIA DEL CONDUCTOR,ADELANTAMIENTO SOBREPASANDO LINEA CONTINUA,BAQUEDANO, ,- BAQUEDANO,222, , ,BIDIRECCIONAL,ASFALTO,BUENO,SECO,DESPEJADO,0,0,0,2,16,161,16109,Ñuble,Diguillín,Yungay,Numero,"BAQUEDANO 222, Yungay",-37.111943,-72.008522
-7873923.33749817,-3957354.18669772,200,2023,1533570,2023/05/08 00:00:00+00,Mayo,8,Lunes,1899/12/30 00:00:00+00,09:20:00,9,REGION METROPOLITANA,MAIPU,COLISION POR ALCANCE,COLISION,URBANA,TRAMO DE VIA RECTA,IMPRUDENCIA DEL CONDUCTOR,CONDUCCION NO ATENTO CONDICIONES TRANSITO MOMENTO,LOS PAJARITOS, ,- LOS PAJARITOS,2626, , ,BIDIRECCIONAL CON BANDEJON,ASFALTO,BUENO,SECO,DESPEJADO,0,0,0,0,13,131,13119,Metropolitana de Santiago,Santiago,Maipú,Numero,"LOS PAJARITOS 2626, Maipú",-33.466239,-70.732657
-7934213.04279143,-3895529.24262468,201,2023,1529001,2023/05/08 00:00:00+00,Mayo,8,Lunes,1899/12/30 00:00:00+00,09:35:00,9,REGION VALPARAISO,LIMACHE,COLISION,COLISION,URBANA,TRAMO DE VIA RECTA,IMPRUDENCIA DEL CONDUCTOR,ADELANTAMIENTO SIN EL ESPACIO O TIEMPO SUFICIENTE,INDEPENDENCIA, ,- INDEPENDENCIA,2, , ,BIDIRECCIONAL,ASFALTO,BUENO,SECO,DESPEJADO,0,1,0,1,05,058,05802,Valparaíso,Marga Marga,Limache,Numero,"INDEPENDENCIA 2, Limache",-33.001697,-71.274248
-8132906.64354091,-4409064.80953268,202,2023,1529801,2023/05/08 00:00:00+00,Mayo,8,Lunes,1899/12/30 00:00:00+00,11:10:00,11,REGION BIO BIO,CONCEPCION,VOLCADURA,VOLCADURA,URBANA,TRAMO DE VIA RECTA,FALLAS MECANICAS,FALLAS MECANICAS MOTOR,JORGE ALESSANDRI, ,- JORGE ALESSANDRI,804, , ,BIDIRECCIONAL,CONCRETO,BUENO,SECO,DESPEJADO,0,0,0,0,08,081,08101,Biobío,Concepción,Concepción,Numero,"JORGE ALESSANDRI 804, Concepción",-36.784166,-73.059143
-7912016.13822742,-4087650.59510324,203,2023,1529002,2023/05/08 00:00:00+00,Mayo,8,Lunes,1899/12/30 00:00:00+00,14:30:00,14,REGION LIB.B.O'HIGGINS,SAN VICENTE,COLISION FRONTAL,COLISION,URBANA,TRAMO DE VIA RECTA,IMPRUDENCIA DEL CONDUCTOR,CONDUCCION NO ATENTO CONDICIONES TRANSITO MOMENTO,21 DE MAYO, ,- 21 DE MAYO,567, , ,BIDIRECCIONAL,CONCRETO,BUENO,SECO,DESPEJADO,0,0,0,1,06,061,06117,Libertador General Bernardo O'Higgins,Cachapoal,San Vicente,Numero,"21 DE MAYO 567, San Vicente",-34.437134,-71.07485
-7902743.53275442,-4106162.96780367,204,2023,1531206,2023/05/08 00:00:00+00,Mayo,8,Lunes,1899/12/30 00:00:00+00,16:10:00,16,REGION LIB.B.O'HIGGINS,SAN FERNANDO,COLISION LATERAL,COLISION,URBANA,TRAMO DE VIA RECTA,IMPRUDENCIA DEL CONDUCTOR,CONDUCCION NO ATENTO CONDICIONES TRANSITO MOMENTO,MANSO DE VELASCO, ,- MANSO DE VELASCO,135, , ,BIDIRECCIONAL,ASFALTO,BUENO,SECO,DESPEJADO,0,0,0,2,06,063,06301,Libertador General Bernardo O'Higgins,Colchagua,San Fernando,Numero,"MANSO DE VELASCO 135, San Fernando",-34.574177,-70.991553
-8062343.47418314,-4656427.80406822,205,2023,1533473,2023/05/09 00:00:00+00,Mayo,9,Martes,1899/12/30 00:00:00+00,07:20:00,7,REGION ARAUCANIA,LAUTARO,COLISION,COLISION,URBANA,TRAMO DE VIA RECTA,IMPRUDENCIA DEL CONDUCTOR,CONDUCCION CAMBIAR SORPRESIVAMENTE PISTA CIRCULACION,CALLE NUEVA, ,- CALLE NUEVA,156, , ,BIDIRECCIONAL,CONCRETO,REGULAR,SECO,DESPEJADO,0,1,0,0,09,091,09108,La Araucanía,Cautín,Lautaro,Numero,"CALLE NUEVA 156, Lautaro",-38.543054,-72.425264
-7867672.43163108,-3961070.43316816,206,2023,1549591,2023/05/09 00:00:00+00,Mayo,9,Martes,1899/12/30 00:00:00+00,17:15:00,17,REGION METROPOLITANA,PEDRO AGUIRRE CERDA,ATROPELLO,ATROPELLO,URBANA,TRAMO DE VIA RECTA,IMPRUDENCIA DEL CONDUCTOR,CONDUCCION NO ATENTO CONDICIONES TRANSITO MOMENTO,CENTRAL, ,- CENTRAL,4112, , ,BIDIRECCIONAL,ASFALTO,BUENO,SECO,DESPEJADO,0,1,0,1,13,131,13121,Metropolitana de Santiago,Santiago,Pedro Aguirre Cerda,Numero,"CENTRAL 4112, Pedro Aguirre Cerda",-33.494084,-70.676504
-8152283.33099988,-4839476.30655138,207,2023,1530192,2023/05/09 00:00:00+00,Mayo,9,Martes,1899/12/30 00:00:00+00,22:59:00,22,REGION DE LOS RIOS,VALDIVIA,COLISION FRONTAL,COLISION,URBANA,TRAMO DE VIA RECTA,IMPRUDENCIA DEL CONDUCTOR,CONDUCCION NO ATENTO CONDICIONES TRANSITO MOMENTO,RAMON PICARTE, ,- RAMON PICARTE,1160, , ,BIDIRECCIONAL CON BANDEJON,CONCRETO,BUENO,SECO,NUBLADO,0,0,0,1,14,141,14101,Los Ríos,Valdivia,Valdivia,Numero,"RAMON PICARTE 1160, Valdivia",-39.817632,-73.233207
-7878331.93367817,-3952209.71301949,208,2023,1530107,2023/05/10 00:00:00+00,Mayo,10,Miércoles,1899/12/30 00:00:00+00,07:30:00,7,REGION METROPOLITANA,PUDAHUEL,COLISION,COLISION,URBANA,TRAMO DE VIA RECTA,IMPRUDENCIA DEL CONDUCTOR,CONDUCCION NO ATENTO CONDICIONES TRANSITO MOMENTO,JOSE MANUEL GUZMAN, ,- JOSE MANUEL GUZMAN,1343, , ,BIDIRECCIONAL,ASFALTO,REGULAR,SECO,DESPEJADO,0,0,0,0,13,131,13124,Metropolitana de Santiago,Santiago,Pudahuel,Numero,"JOSE MANUEL GUZMAN 1343, Pudahuel",-33.427679,-70.77226
-7877168.7169563,-3955060.260226,209,2023,1530106,2023/05/10 00:00:00+00,Mayo,10,Miércoles,1899/12/30 00:00:00+00,07:40:00,7,REGION METROPOLITANA,PUDAHUEL,VOLCADURA,VOLCADURA,RURAL,TRAMO DE VIA RECTA,VELOCIDAD IMPRUDENTE,VELOCIDAD NO RAZONABLE NI PRUDENTE, , , ,0,RUTA 68,5,BIDIRECCIONAL,ASFALTO,REGULAR,SECO,DESPEJADO,0,0,0,0,13,131,13124,Metropolitana de Santiago,Santiago,Pudahuel,Numero,RUTA 68 km 5,-33.449047,-70.761811
-8008881.01398792,-4762819.90997092,210,2023,1530773,2023/05/10 00:00:00+00,Mayo,10,Miércoles,1899/12/30 00:00:00+00,17:35:00,17,REGION ARAUCANIA,PUCON,COLISION,COLISION,URBANA,TRAMO DE VIA RECTA,ALCOHOL EN CONDUCTOR,CONDUCCION EN ESTADO DE EBRIEDAD,CAMINO INTERNACIONAL, ,- CAMINO INTERNACIONAL,2196, , ,BIDIRECCIONAL,ASFALTO,BUENO,SECO,DESPEJADO,0,1,0,1,09,091,09115,La Araucanía,Cautín,Pucón,Numero,"CAMINO INTERNACIONAL 2196, Pucón",-39.286682,-71.945002