X,Y,FID,Año,IdAccident,Fecha,Mes,Dia_mes,Dia_semana,Hora,Hora_texto,Hora_aprox,Región,Comuna,Tipo_Accid,Tipo__CONA,Zona,Ubicación,Causa__CON,Causa_Acci,Calle_Uno,Calle_Dos,Intersecci,Número,Ruta,Ubicaci_1,Calzada,Tipo_Calza,Estado_Cal,Condición,Estado_Atm,Fallecidos,Graves,Menos_Grav,Leves,CUT_REG,CUT_PROV,CUT_COM,REGION,PROVINCIA,COMUNA1,Tipo_direc,Direccion,Lat,Lon
-7875414.43501558,-3857041.13816496,211,2023,1531744,2023/05/10 00:00:00+00,Mayo,10,Miércoles,1899/12/30 00:00:00+00,18:40:00,18,REGION VALPARAISO,SAN FELIPE,COLISION,COLISION,URBANA,TRAMO DE VIA RECTA,IMPRUDENCIA DEL CONDUCTOR,CONDUCCION NO ATENTO CONDICIONES TRANSITO MOMENTO,21 DE MAYO, ,- 21 DE MAYO,0, , ,BIDIRECCIONAL,ASFALTO,BUENO,SECO,DESPEJADO,0,0,0,0,05,057,05701,Valparaíso,San Felipe de Aconcagua,San Felipe,Numero,"21 DE MAYO 0, San Felipe",-32.711261,-70.746052
-7872424.47141651,-3993526.79045936,212,2023,1542098,2023/05/10 00:00:00+00,Mayo,10,Miércoles,1899/12/30 00:00:00+00,22:45:00,22,REGION METROPOLITANA,BUIN,VOLCADURA,VOLCADURA,URBANA,TRAMO DE VIA RECTA,IMPRUDENCIA DEL CONDUCTOR,NO RESPETAR DERECHO PREFERENTE DE PASO A VEHICULO,CAMINO EL ARPA, ,- CAMINO EL ARPA,360, , ,BIDIRECCIONAL,ASFALTO,BUENO,SECO,DESPEJADO,0,1,0,0,13,134,13402,Metropolitana de Santiago,Maipo,Buin,Numero,"CAMINO EL ARPA 360, Buin",-33.736886,-70.719192
-7853286.77621761,-3945451.53149057,213,2023,1530946,2023/05/11 00:00:00+00,Mayo,11,Jueves,1899/12/30 00:00:00+00,21:00:00,21,REGION METROPOLITANA,VITACURA,COLISION LATERAL,COLISION,URBANA,TRAMO DE VIA RECTA,IMPRUDENCIA DEL CONDUCTOR,CONDUCCION NO ATENTO CONDICIONES TRANSITO MOMENTO,ALEJANDRO SERANI NORTE, ,- ALEJANDRO SERANI NORTE,9394, , ,UNIDIRECCIONAL,ASFALTO,BUENO,SECO,DESPEJADO,0,0,0,1,13,131,13132,Metropolitana de Santiago,Santiago,Vitacura,Numero,"ALEJANDRO SERANI NORTE 9394, Vitacura",-33.376997,-70.547275
-7928808.97082937,-3986919.45910312,214,2023,1530342,2023/05/12 00:00:00+00,Mayo,12,Viernes,1899/12/30 00:00:00+00,14:50:00,14,REGION METROPOLITANA,MELIPILLA,ATROPELLO,ATROPELLO,URBANA,TRAMO DE VIA RECTA,IMPRUDENCIA DEL PEATON,PEATON CRUZA CALZADA FORMA SORPRESIVA O DESCUIDADA,LIBERTAD, ,- LIBERTAD,631, , ,UNIDIRECCIONAL,ASFALTO,BUENO,SECO,DESPEJADO,0,0,1,1,13,135,13501,Metropolitana de Santiago,Melipilla,Melipilla,Numero,"LIBERTAD 631, Melipilla",-33.687513,-71.225703
-8144292.07581709,-4438733.3341023,215,2023,1530380,2023/05/12 00:00:00+00,Mayo,12,Viernes,1899/12/30 00:00:00+00,17:00:00,17,REGION BIO BIO,CORONEL,COLISION,COLISION,URBANA,TRAMO DE VIA RECTA,VELOCIDAD IMPRUDENTE,VELOCIDAD NO RAZONABLE NI PRUDENTE,MANUEL MONTT, ,- MANUEL MONTT,1600, , ,UNIDIRECCIONAL,ASFALTO,BUENO,SECO,DESPEJADO,0,0,0,1,08,081,08102,Biobío,Concepción,Coronel,Numero,"MANUEL MONTT 1600, Coronel",-36.997321,-73.161421
-7867338.67919995,-3954744.50721916,216,2023,1531622,2023/05/12 00:00:00+00,Mayo,12,Viernes,1899/12/30 00:00:00+00,18:00:00,18,REGION METROPOLITANA,SANTIAGO,COLISION,COLISION,URBANA,OTROS NO CONSIDERADOS,IMPRUDENCIA DEL CONDUCTOR,CONDUCCION NO ATENTO CONDICIONES TRANSITO MOMENTO,LIBERTAD, ,- LIBERTAD,51, , ,UNIDIRECCIONAL,CONCRETO,BUENO,SECO,DESPEJADO,0,0,0,0,13,131,13101,Metropolitana de Santiago,Santiago,Santiago,Numero,"LIBERTAD 51, Santiago",-33.44668,-70.673506
-7893874.36883075,-3915034.03774794,217,2023,1531679,2023/05/12 00:00:00+00,Mayo,12,Viernes,1899/12/30 00:00:00+00,20:10:00,20,REGION METROPOLITANA,LAMPA,COLISION,COLISION,RURAL,TRAMO DE VIA RECTA,IMPRUDENCIA DEL CONDUCTOR,CONDUCCION NO ATENTO CONDICIONES TRANSITO MOMENTO, , , ,0,G-16,20,BIDIRECCIONAL,ASFALTO,BUENO,SECO,DESPEJADO,0,0,1,1,13,133,13302,Metropolitana de Santiago,Chacabuco,Lampa,Numero,G-16 km 20,-33.148519,-70.91188
-7964650.26959071,-3894777.31409141,218,2023,1531632,2023/05/12 00:00:00+00,Mayo,12,Viernes,1899/12/30 00:00:00+00,21:49:00,21,REGION VALPARAISO,VIÑA DEL MAR,COLISION LATERAL,COLISION,URBANA,TRAMO DE VIA CURVA HORIZONTAL,DESOBEDIENCIA A SEÑALIZACION,SEÑALIZACION DESOBEDECER SEÑAL CEDA EL PASO,ALMIRANTE JORGE MONTT, ,- ALMIRANTE JORGE MONTT,2700, , ,BIDIRECCIONAL,CONCRETO,BUENO,SECO,DESPEJADO,0,0,0,0,05,051,05109,Valparaíso,Valparaíso,Viña del Mar,Numero,"ALMIRANTE JORGE MONTT 2700, Viña del Mar",-32.996032,-71.547671
-7852035.38270369,-3946460.1959055,219,2023,1530553,2023/05/13 00:00:00+00,Mayo,13,Sábado,1899/12/30 00:00:00+00,04:30:00,4,REGION METROPOLITANA,VITACURA,VOLCADURA,VOLCADURA,URBANA,TRAMO DE VIA RECTA,ALCOHOL EN CONDUCTOR,CONDUCCION EN ESTADO DE EBRIEDAD,PDTE KENNEDY, ,- PDTE KENNEDY,0, , ,BIDIRECCIONAL CON BANDEJON,ASFALTO,BUENO,SECO,DESPEJADO,0,0,1,1,13,131,13132,Metropolitana de Santiago,Santiago,Vitacura,Numero,"PDTE KENNEDY 0, Vitacura",-33.384563,-70.536034
-7884098.45029163,-3953462.15474281,220,2023,1531948,2023/05/13 00:00:00+00,Mayo,13,Sábado,1899/12/30 00:00:00+00,11:00:00,11,REGION METROPOLITANA,PUDAHUEL,COLISION POR ALCANCE,COLISION,RURAL,TRAMO DE VIA RECTA,FALLAS MECANICAS,FALLAS MECANICAS FRENOS, , , ,0,RUTA 68,11,BIDIRECCIONAL,ASFALTO,REGULAR,SECO,DESPEJADO,0,0,0,0,13,131,13124,Metropolitana de Santiago,Santiago,Pudahuel,Numero,RUTA 68 km 11,-33.437068,-70.824061
-7909968.97449492,-3950166.59841634,221,2023,1531897,2023/05/13 00:00:00+00,Mayo,13,Sábado,1899/12/30 00:00:00+00,11:30:00,11,REGION METROPOLITANA,CURACAVI,CHOQUE LATERAL,CHOQUE,RURAL,TRAMO DE VIA RECTA,FALLAS MECANICAS,FALLAS MECANICAS NEUMATICOS, , , ,0,RUTA 68,"35,5",BIDIRECCIONAL CON BANDEJON,ASFALTO,BUENO,SECO,DESPEJADO,0,1,0,0,13,135,13503,Metropolitana de Santiago,Melipilla,Curacaví,Numero,"RUTA 68 km 35,5",-33.41236,-71.05646
-7875152.1488515,-3954499.93924292,222,2023,1531950,2023/05/13 00:00:00+00,Mayo,13,Sábado,1899/12/30 00:00:00+00,15:45:00,15,REGION METROPOLITANA,PUDAHUEL,COLISION POR ALCANCE,COLISION,URBANA,TRAMO DE VIA RECTA,ALCOHOL EN CONDUCTOR,CONDUCCION EN ESTADO DE EBRIEDAD,SAN PABLO, ,- SAN PABLO,8400, , ,BIDIRECCIONAL,ASFALTO,REGULAR,SECO,DESPEJADO,0,1,0,0,13,131,13124,Metropolitana de Santiago,Santiago,Pudahuel,Numero,"SAN PABLO 8400, Pudahuel",-33.444847,-70.743695
-8024994.45960761,-4383315.35314548,223,2023,1531789,2023/05/13 00:00:00+00,Mayo,13,Sábado,1899/12/30 00:00:00+00,16:39:00,16,REGION ÑUBLE,CHILLAN,CHOQUE FRENTE/POSTERIOR,CHOQUE,URBANA,ACERA O BERMA,IMPRUDENCIA DEL CONDUCTOR,CONDUCCION NO ATENTO CONDICIONES TRANSITO MOMENTO,DIEGO DE ALMAGRO, ,- DIEGO DE ALMAGRO,760, , ,BIDIRECCIONAL,CONCRETO,BUENO,SECO,DESPEJADO,0,1,0,0,16,161,16101,Ñuble,Diguillín,Chillán,Numero,"DIEGO DE ALMAGRO 760, Chillán",-36.598685,-72.089752
-7931822.67305382,-4162401.49769619,224,2023,1531080,2023/05/13 00:00:00+00,Mayo,13,Sábado,1899/12/30 00:00:00+00,17:50:00,17,REGION MAULE,CURICO,COLISION FRONTAL,COLISION,URBANA,TRAMO DE VIA RECTA,IMPRUDENCIA DEL CONDUCTOR,CONDUCCION NO ATENTO CONDICIONES TRANSITO MOMENTO,TRAPICHE, ,- TRAPICHE,1207, , ,BIDIRECCIONAL,CONCRETO,BUENO,SECO,DESPEJADO,0,1,0,0,07,073,07301,Maule,Curicó,Curicó,Numero,"TRAPICHE 1207, Curicó",-34.989111,-71.252775
-7856714.40693305,-3975291.47049535,225,2023,1530504,2023/05/14 00:00:00+00,Mayo,14,Domingo,1899/12/30 00:00:00+00,13:10:00,13,REGION METROPOLITANA,PUENTE ALTO,COLISION POR ALCANCE,COLISION,URBANA,TRAMO DE VIA RECTA,IMPRUDENCIA DEL CONDUCTOR,CONDUCCION CAMBIAR SORPRESIVAMENTE PISTA CIRCULACION,CONCHA Y TORO, ,- CONCHA Y TORO,1060, , ,BIDIRECCIONAL CON BANDEJON,ASFALTO,BUENO,SECO,DESPEJADO,0,0,0,0,13,132,13201,Metropolitana de Santiago,Cordillera,Puente Alto,Numero,"CONCHA Y TORO 1060, Puente Alto",-33.600554,-70.578066
-7851965.47881681,-3975381.28468817,226,2023,1531248,2023/05/14 00:00:00+00,Mayo,14,Domingo,1899/12/30 00:00:00+00,13:30:00,13,REGION METROPOLITANA,PUENTE ALTO,COLISION PERPENDICULAR,COLISION,URBANA,TRAMO DE VIA RECTA,IMPRUDENCIA DEL CONDUCTOR,CONDUCCION NO ATENTO CONDICIONES TRANSITO MOMENTO,EYZAGUIRRE, ,- EYZAGUIRRE,4760, , ,BIDIRECCIONAL,ASFALTO,BUENO,SECO,DESPEJADO,0,0,0,1,13,132,13201,Metropolitana de Santiago,Cordillera,Puente Alto,Numero,"EYZAGUIRRE 4760, Puente Alto",-33.601226,-70.535406
-7894336.90876227,-3956197.70478728,227,2023,1531954,2023/05/14 00:00:00+00,Mayo,14,Domingo,1899/12/30 00:00:00+00,19:45:00,19,REGION METROPOLITANA,PUDAHUEL,VOLCADURA,VOLCADURA,RURAL,TRAMO DE VIA RECTA,ALCOHOL EN CONDUCTOR,CONDUCCION EN ESTADO DE EBRIEDAD, , , ,0,RUTA 68,20,BIDIRECCIONAL,ASFALTO,REGULAR,SECO,DESPEJADO,0,0,0,1,13,131,13124,Metropolitana de Santiago,Santiago,Pudahuel,Numero,RUTA 68 km 20,-33.457572,-70.916035
-8129850.4078311,-4413514.42999684,228,2023,1531364,2023/05/14 00:00:00+00,Mayo,14,Domingo,1899/12/30 00:00:00+00,21:20:00,21,REGION BIO BIO,CONCEPCION,VOLCADURA,VOLCADURA,URBANA,TRAMO DE VIA RECTA,VELOCIDAD IMPRUDENTE,VELOCIDAD NO RAZONABLE NI PRUDENTE,MAIPU, ,- MAIPU,2120, , ,UNIDIRECCIONAL,CONCRETO,BUENO,SECO,NUBLADO,0,0,0,1,08,081,08101,Biobío,Concepción,Concepción,Numero,"MAIPU 2120, Concepción",-36.816172,-73.031689
-8052618.60108521,-4502533.94793332,229,2023,1532560,2023/05/15 00:00:00+00,Mayo,15,Lunes,1899/12/30 00:00:00+00,10:20:00,10,REGION BIO BIO,LOS ANGELES,COLISION LATERAL,COLISION,URBANA,TRAMO DE VIA RECTA,IMPRUDENCIA DEL CONDUCTOR,CONDUCCION NO ATENTO CONDICIONES TRANSITO MOMENTO,ORIENTE, ,- ORIENTE,2200, , ,BIDIRECCIONAL,CONCRETO,BUENO,SECO,DESPEJADO,0,1,0,0,08,083,08301,Biobío,Biobío,Los Angeles,Numero,"ORIENTE 2200, Los Angeles",-37.45368,-72.337904
-7923646.69954002,-4161485.78565397,230,2023,1531454,2023/05/15 00:00:00+00,Mayo,15,Lunes,1899/12/30 00:00:00+00,15:30:00,15,REGION MAULE,CURICO,IMPACTO CON ANIMAL,OTRO TIPO,URBANA,TRAMO DE VIA RECTA,DEFICIENCIAS VIALES,ANIMALES SUELTOS VIA PUBLICA,ANGOSTURA, ,- ANGOSTURA,5, , ,BIDIRECCIONAL,RIPIO,REGULAR, ,DESPEJADO,0,0,0,1,07,073,07301,Maule,Curicó,Curicó,Numero,"ANGOSTURA 5, Curicó",-34.982372,-71.179329
-7955358.42100752,-3901000.949578,231,2023,1531216,2023/05/15 00:00:00+00,Mayo,15,Lunes,1899/12/30 00:00:00+00,23:40:00,23,REGION VALPARAISO,QUILPUE,COLISION PERPENDICULAR,COLISION,URBANA,TRAMO DE VIA RECTA,IMPRUDENCIA DEL CONDUCTOR,CONDUCCION NO ATENTO CONDICIONES TRANSITO MOMENTO,LOS CARRERA, ,- LOS CARRERA,1050, , ,BIDIRECCIONAL,CONCRETO,BUENO,SECO,DESPEJADO,0,0,0,0,05,058,05801,Valparaíso,Marga Marga,Quilpué,Numero,"LOS CARRERA 1050, Quilpué",-33.04291,-71.464201
-7865821.36130043,-3914416.02268303,232,2023,1532251,2023/05/16 00:00:00+00,Mayo,16,Martes,1899/12/30 00:00:00+00,06:37:00,6,REGION METROPOLITANA,COLINA,COLISION PERPENDICULAR,COLISION,RURAL,TRAMO DE VIA RECTA,IMPRUDENCIA DEL CONDUCTOR,CONDUCCION CONTRA SENTIDO DEL TRANSITO, , , ,0,RUTA 57,28,BIDIRECCIONAL,ASFALTO,BUENO,SECO,DESPEJADO,0,0,1,0,13,133,13301,Metropolitana de Santiago,Chacabuco,Colina,Numero,RUTA 57 km 28,-33.143871,-70.659876
-7868938.13261614,-3943817.97084597,233,2023,1531759,2023/05/16 00:00:00+00,Mayo,16,Martes,1899/12/30 00:00:00+00,16:30:00,16,REGION METROPOLITANA,HUECHURABA,COLISION,COLISION,URBANA,TRAMO DE VIA RECTA,IMPRUDENCIA DEL CONDUCTOR,CONDUCCION SIN MANTENER DISTANCIA RAZONABLE NI PRUDENTE,MALAQUITA, ,- MALAQUITA,446, , ,UNIDIRECCIONAL,CONCRETO,BUENO,SECO,DESPEJADO,0,0,0,1,13,131,13107,Metropolitana de Santiago,Santiago,Huechuraba,Numero,"MALAQUITA 446, Huechuraba",-33.364741,-70.687874
-7870281.75619834,-3931111.80015931,234,2023,1531175,2023/05/16 00:00:00+00,Mayo,16,Martes,1899/12/30 00:00:00+00,20:00:00,20,REGION METROPOLITANA,COLINA,CHOQUE,CHOQUE,RURAL,TRAMO DE VIA RECTA,IMPRUDENCIA DEL CONDUCTOR,CARGA ESCURRE A LA CALZADA, , , ,0,RUTA 57,"11,6",BIDIRECCIONAL CON BANDEJON,ASFALTO,BUENO,SECO,DESPEJADO,1,0,0,0,13,133,13301,Metropolitana de Santiago,Chacabuco,Colina,Numero,"RUTA 57 km 11,6",-33.26936,-70.699944
-7885514.02892251,-3864977.09793897,235,2023,1532921,2023/05/16 00:00:00+00,Mayo,16,Martes,1899/12/30 00:00:00+00,21:39:00,21,REGION VALPARAISO,PANQUEHUE,COLISION,COLISION,RURAL,TRAMO DE VIA RECTA,IMPRUDENCIA DEL CONDUCTOR,CONDUCCION NO ATENTO CONDICIONES TRANSITO MOMENTO,ANTOFAGASTA, ,- ANTOFAGASTA,0, , ,BIDIRECCIONAL,CONCRETO,BUENO,SECO,DESPEJADO,0,0,0,1,05,057,05704,Valparaíso,San Felipe de Aconcagua,Panquehue,Numero,"ANTOFAGASTA 0, Panquehue",-32.771225,-70.836778
-7950655.99755478,-3901849.14951629,236,2023,1531523,2023/05/17 00:00:00+00,Mayo,17,Miércoles,1899/12/30 00:00:00+00,09:00:00,9,REGION VALPARAISO,QUILPUE,COLISION PERPENDICULAR,COLISION,URBANA,TRAMO DE VIA RECTA,IMPRUDENCIA DEL CONDUCTOR,CONDUCCION NO ATENTO CONDICIONES TRANSITO MOMENTO,LOS CARRERA, ,- LOS CARRERA,2590, , ,BIDIRECCIONAL,CONCRETO,BUENO,SECO,DESPEJADO,0,0,0,0,05,058,05801,Valparaíso,Marga Marga,Quilpué,Numero,"LOS CARRERA 2590, Quilpué",-33.049297,-71.421958
-8042403.36191225,-4457351.46280471,237,2023,1532411,2023/05/17 00:00:00+00,Mayo,17,Miércoles,1899/12/30 00:00:00+00,18:45:00,18,REGION ÑUBLE,YUNGAY,COLISION POR ALCANCE,COLISION,URBANA,TRAMO DE VIA RECTA,ALCOHOL EN CONDUCTOR,CONDUCCION EN ESTADO DE EBRIEDAD,SECTOR LA CABAÑA, ,- SECTOR LA CABAÑA,2, , ,BIDIRECCIONAL,ASFALTO,BUENO,SECO,NUBLADO,0,0,0,1,16,161,16109,Ñuble,Diguillín,Yungay,Numero,"SECTOR LA CABAÑA 2, Yungay",-37.130779,-72.246139
-7892976.11428219,-3976419.04242641,238,2023,1531767,2023/05/18 00:00:00+00,Mayo,18,Jueves,1899/12/30 00:00:00+00,02:00:00,2,REGION METROPOLITANA,PEÑAFLOR,CHOQUE FRONTAL,CHOQUE,URBANA,OTROS NO CONSIDERADOS,ALCOHOL EN CONDUCTOR,CONDUCCION EN ESTADO DE EBRIEDAD,ARTURO PRAT, ,- ARTURO PRAT,227, , ,UNIDIRECCIONAL,CONCRETO,BUENO,SECO,DESPEJADO,0,0,1,0,13,136,13605,Metropolitana de Santiago,Talagante,Peñaflor,Numero,"ARTURO PRAT 227, Peñaflor",-33.60899,-70.903811
-7875253.93572034,-3992413.42379408,239,2023,1537610,2023/05/18 00:00:00+00,Mayo,18,Jueves,1899/12/30 00:00:00+00,08:20:00,8,REGION METROPOLITANA,BUIN,COLISION LATERAL,COLISION,URBANA,TRAMO DE VIA RECTA,IMPRUDENCIA DEL CONDUCTOR,NO RESPETAR DERECHO PREFERENTE DE PASO A VEHICULO,MANUEL RODRIGUEZ, ,- MANUEL RODRIGUEZ,705, , ,BIDIRECCIONAL,CONCRETO,BUENO,SECO,DESPEJADO,0,1,0,0,13,134,13402,Metropolitana de Santiago,Maipo,Buin,Numero,"MANUEL RODRIGUEZ 705, Buin",-33.728569,-70.74461
-7870123.02359909,-3953813.27686265,240,2023,1532520,2023/05/18 00:00:00+00,Mayo,18,Jueves,1899/12/30 00:00:00+00,18:10:00,18,REGION METROPOLITANA,QUINTA NORMAL,ATROPELLO,ATROPELLO,URBANA,CRUCE CON SEMAFORO FUNCIONANDO,VELOCIDAD IMPRUDENTE,VELOCIDAD NO RAZONABLE NI PRUDENTE,SAN PABLO, ,- SAN PABLO,4660, , ,BIDIRECCIONAL,CONCRETO,REGULAR,SECO,DESPEJADO,0,0,0,1,13,131,13126,Metropolitana de Santiago,Santiago,Quinta Normal,Numero,"SAN PABLO 4660, Quinta Normal",-33.4397,-70.698518
-7856837.28027379,-3948996.73877298,241,2023,1540163,2023/05/18 00:00:00+00,Mayo,18,Jueves,1899/12/30 00:00:00+00,22:45:00,22,REGION METROPOLITANA,LAS CONDES,COLISION POR ALCANCE,COLISION,URBANA,TRAMO DE VIA RECTA,ALCOHOL EN CONDUCTOR,CONDUCCION EN ESTADO DE EBRIEDAD,CERRO COLORADO, ,- CERRO COLORADO,5413, , ,UNIDIRECCIONAL,ASFALTO,BUENO,SECO,DESPEJADO,0,0,0,1,13,131,13114,Metropolitana de Santiago,Santiago,Las Condes,Numero,"CERRO COLORADO 5413, Las Condes",-33.403587,-70.57917
-7865855.63673863,-3954563.26564888,242,2023,1533571,2023/05/19 00:00:00+00,Mayo,19,Viernes,1899/12/30 00:00:00+00,17:50:00,17,REGION METROPOLITANA,SANTIAGO,COLISION POR ALCANCE,COLISION,URBANA,TRAMO DE VIA RECTA,IMPRUDENCIA DEL CONDUCTOR,CONDUCCION NO ATENTO CONDICIONES TRANSITO MOMENTO,MANUEL RODRIGUEZ, ,- MANUEL RODRIGUEZ,2181, , ,BIDIRECCIONAL,ASFALTO,BUENO,SECO,DESPEJADO,0,0,0,0,13,131,13101,Metropolitana de Santiago,Santiago,Santiago,Numero,"MANUEL RODRIGUEZ 2181, Santiago",-33.445322,-70.660183
-7871782.61479869,-3953343.6154198,243,2023,1534530,2023/05/19 00:00:00+00,Mayo,19,Viernes,1899/12/30 00:00:00+00,18:45:00,18,REGION METROPOLITANA,QUINTA NORMAL,CHOQUE FRENTE/LADO,CHOQUE,URBANA,TRAMO DE VIA RECTA,IMPRUDENCIA DEL CONDUCTOR,ADELANTAMIENTO SOBREPASANDO LINEA CONTINUA,VICUÑA ROZAS, ,- VICUÑA ROZAS,5557, , ,BIDIRECCIONAL,CONCRETO,REGULAR,SECO,DESPEJADO,0,0,0,1,13,131,13126,Metropolitana de Santiago,Santiago,Quinta Normal,Numero,"VICUÑA ROZAS 5557, Quinta Normal",-33.436179,-70.713426
-7869080.4163914,-3861798.30697063,244,2023,1533075,2023/05/19 00:00:00+00,Mayo,19,Viernes,1899/12/30 00:00:00+00,20:00:00,20,REGION VALPARAISO,SAN FELIPE,COLISION,COLISION,RURAL,TRAMO DE VIA RECTA,IMPRUDENCIA DEL CONDUCTOR,CONDUCIR VEHICULO EN RETROCESO,ALMENDRAL, ,- ALMENDRAL,0, , ,BIDIRECCIONAL,ASFALTO,REGULAR,SECO,DESPEJADO,0,0,0,0,05,057,05701,Valparaíso,San Felipe de Aconcagua,San Felipe,Numero,"ALMENDRAL 0, San Felipe",-32.747211,-70.689152
-7890965.10122036,-3934506.94595199,245,2023,1535410,2023/05/19 00:00:00+00,Mayo,19,Viernes,1899/12/30 00:00:00+00,21:00:00,21,REGION METROPOLITANA,LAMPA,COLISION LATERAL,COLISION,URBANA,TRAMO DE VIA RECTA,IMPRUDENCIA DEL CONDUCTOR,CONDUCCION POR IZQUIERDA EJE CALZADA,ISABEL RIQUELME, ,- ISABEL RIQUELME,0, , ,BIDIRECCIONAL,ASFALTO,BUENO,SECO,DESPEJADO,0,0,0,0,13,133,13302,Metropolitana de Santiago,Chacabuco,Lampa,Numero,"ISABEL RIQUELME 0, Lampa",-33.294856,-70.885746
-7871705.65920056,-3979157.2504158,246,2023,1531973,2023/05/19 00:00:00+00,Mayo,19,Viernes,1899/12/30 00:00:00+00,21:21:00,21,REGION METROPOLITANA,SAN BERNARDO,COLISION LATERAL,COLISION,URBANA,TRAMO DE VIA RECTA,IMPRUDENCIA DEL CONDUCTOR,CONDUCCION CAMBIAR SORPRESIVAMENTE PISTA CIRCULACION,PDTE JORGE ALESSANDRI RODRIGUEZ, ,- PDTE JORGE ALESSANDRI RODRIGUEZ,20400, , ,BIDIRECCIONAL,ASFALTO,BUENO,SECO,DESPEJADO,0,0,0,0,13,134,13401,Metropolitana de Santiago,Maipo,San Bernardo,Numero,"PDTE JORGE ALESSANDRI RODRIGUEZ 20400, San Bernardo",-33.629474,-70.712735
-7869416.22290091,-3952359.13300077,247,2023,1533067,2023/05/19 00:00:00+00,Mayo,19,Viernes,1899/12/30 00:00:00+00,22:20:00,22,REGION METROPOLITANA,QUINTA NORMAL,VOLCADURA,VOLCADURA,URBANA,OTROS NO CONSIDERADOS,VELOCIDAD IMPRUDENTE,VELOCIDAD NO RAZONABLE NI PRUDENTE,GRAL VELASQUEZ, ,- GRAL VELASQUEZ,1500, , ,UNIDIRECCIONAL,CONCRETO,BUENO,SECO,DESPEJADO,0,1,0,0,13,131,13126,Metropolitana de Santiago,Santiago,Quinta Normal,Numero,"GRAL VELASQUEZ 1500, Quinta Normal",-33.428799,-70.692169
-7862032.65815782,-3876402.57575335,248,2023,1532279,2023/05/20 00:00:00+00,Mayo,20,Sábado,1899/12/30 00:00:00+00,01:25:00,1,REGION VALPARAISO,CALLE LARGA,VOLCADURA,VOLCADURA,RURAL,TRAMO DE VIA RECTA,VELOCIDAD IMPRUDENTE,VELOCIDAD NO RAZONABLE NI PRUDENTE,CALLE LARGA, ,- CALLE LARGA,1950, , ,BIDIRECCIONAL,ASFALTO,BUENO,SECO,DESPEJADO,0,1,0,0,05,053,05302,Valparaíso,Los Andes,Calle Larga,Numero,"CALLE LARGA 1950, Calle Larga",-32.857484,-70.625841
-7864953.47086844,-3953091.70850545,249,2023,1532570,2023/05/20 00:00:00+00,Mayo,20,Sábado,1899/12/30 00:00:00+00,02:15:00,2,REGION METROPOLITANA,SANTIAGO,CHOQUE FRONTAL,CHOQUE,URBANA,OTROS NO CONSIDERADOS,IMPRUDENCIA DEL CONDUCTOR,CONDUCCION NO ATENTO CONDICIONES TRANSITO MOMENTO,SAN PABLO, ,- SAN PABLO,1024, , ,UNIDIRECCIONAL,ASFALTO,BUENO,SECO,LLOVIZNA,1,0,0,0,13,131,13101,Metropolitana de Santiago,Santiago,Santiago,Numero,"SAN PABLO 1024, Santiago",-33.434291,-70.652079
-7875818.86320067,-3960687.59457718,250,2023,1533573,2023/05/20 00:00:00+00,Mayo,20,Sábado,1899/12/30 00:00:00+00,03:20:00,3,REGION METROPOLITANA,MAIPU,VOLCADURA,VOLCADURA,RURAL,TRAMO DE VIA RECTA,ALCOHOL EN CONDUCTOR,CONDUCCION EN ESTADO DE EBRIEDAD, , , ,0,RUTA 78,"9,2",BIDIRECCIONAL CON BANDEJON,ASFALTO,BUENO,SECO,DESPEJADO,0,1,0,0,13,131,13119,Metropolitana de Santiago,Santiago,Maipú,Numero,"RUTA 78 km 9,2",-33.491216,-70.749685
-7870937.10303526,-3976343.08015334,251,2023,1531974,2023/05/20 00:00:00+00,Mayo,20,Sábado,1899/12/30 00:00:00+00,10:30:00,10,REGION METROPOLITANA,SAN BERNARDO,CHOQUE POSTERIOR/FRENTE,CHOQUE,URBANA,TRAMO DE VIA RECTA,VELOCIDAD IMPRUDENTE,VELOCIDAD NO RAZONABLE NI PRUDENTE,EUCALIPTUS, ,- EUCALIPTUS,273, , ,BIDIRECCIONAL,ASFALTO,BUENO,SECO,DESPEJADO,0,0,0,0,13,134,13401,Metropolitana de Santiago,Maipo,San Bernardo,Numero,"EUCALIPTUS 273, San Bernardo",-33.608422,-70.705831
-7867902.6435663,-3933312.46581471,252,2023,1532562,2023/05/20 00:00:00+00,Mayo,20,Sábado,1899/12/30 00:00:00+00,15:30:00,15,REGION METROPOLITANA,COLINA,COLISION PERPENDICULAR,COLISION,URBANA,TRAMO DE VIA RECTA,IMPRUDENCIA DEL CONDUCTOR,CONDUCCION NO ATENTO CONDICIONES TRANSITO MOMENTO,CHICUREO, ,- CHICUREO,200, , ,BIDIRECCIONAL,ASFALTO,BUENO,SECO,DESPEJADO,0,0,0,1,13,133,13301,Metropolitana de Santiago,Chacabuco,Colina,Numero,"CHICUREO 200, Colina",-33.285887,-70.678572
-7869238.52669244,-3964809.90433969,253,2023,1535390,2023/05/20 00:00:00+00,Mayo,20,Sábado,1899/12/30 00:00:00+00,16:05:00,16,REGION METROPOLITANA,LO ESPEJO,CHOQUE POSTERIOR/FRENTE,CHOQUE,URBANA,TRAMO DE VIA RECTA,IMPRUDENCIA DEL CONDUCTOR,CONDUCCION NO ATENTO CONDICIONES TRANSITO MOMENTO,CENTRAL CARD SILVA HENRIQUEZ, ,- CENTRAL CARD SILVA HENRIQUEZ,6623, , ,BIDIRECCIONAL,ASFALTO,BUENO,SECO,DESPEJADO,0,0,1,0,13,131,13116,Metropolitana de Santiago,Santiago,Lo Espejo,Numero,"CENTRAL CARD SILVA HENRIQUEZ 6623, Lo Espejo",-33.522093,-70.690572