X,Y,FID,Año,IdAccident,Fecha,Mes,Dia_mes,Dia_semana,Hora,Hora_texto,Hora_aprox,Región,Comuna,Tipo_Accid,Tipo__CONA,Zona,Ubicación,Causa__CON,Causa_Acci,Calle_Uno,Calle_Dos,Intersecci,Número,Ruta,Ubicaci_1,Calzada,Tipo_Calza,Estado_Cal,Condición,Estado_Atm,Fallecidos,Graves,Menos_Grav,Leves,CUT_REG,CUT_PROV,CUT_COM,REGION,PROVINCIA,COMUNA1,Tipo_direc,Direccion,Lat,Lon
-7866385.68069805,-3968692.8545805,254,2023,1533118,2023/05/20 00:00:00+00,Mayo,20,Sábado,1899/12/30 00:00:00+00,17:10:00,17,REGION METROPOLITANA,EL BOSQUE,CHOQUE FRENTE/LADO,CHOQUE,URBANA,TRAMO DE VIA RECTA,ALCOHOL EN CONDUCTOR,CONDUCCION EN ESTADO DE EBRIEDAD,EL PINO, ,- EL PINO,558, , ,BIDIRECCIONAL,CONCRETO,BUENO,SECO,DESPEJADO,0,0,0,1,13,131,13105,Metropolitana de Santiago,Santiago,El Bosque,Numero,"EL PINO 558, El Bosque",-33.551168,-70.664945
-7857622.8197525,-3961969.51005028,255,2023,1540480,2023/05/20 00:00:00+00,Mayo,20,Sábado,1899/12/30 00:00:00+00,18:40:00,18,REGION METROPOLITANA,LAS CONDES,VOLCADURA,VOLCADURA,URBANA,TRAMO DE VIA RECTA,VELOCIDAD IMPRUDENTE,VELOCIDAD NO RAZONABLE NI PRUDENTE,PDTE KENNEDY, ,- PDTE KENNEDY,3000, , ,BIDIRECCIONAL CON BANDEJON,ASFALTO,BUENO,SECO,DESPEJADO,0,2,0,0,13,131,13114,Metropolitana de Santiago,Santiago,Las Condes,Numero,"PDTE KENNEDY 3000, Las Condes",-33.500819,-70.586227
-7859049.9125702,-3964759.35207699,256,2023,1533469,2023/05/20 00:00:00+00,Mayo,20,Sábado,1899/12/30 00:00:00+00,19:05:00,19,REGION METROPOLITANA,LA FLORIDA,COLISION LATERAL,COLISION,URBANA,TRAMO DE VIA RECTA,IMPRUDENCIA DEL CONDUCTOR,CONDUCCION CAMBIAR SORPRESIVAMENTE PISTA CIRCULACION,VICUÑA MACKENNA ORIENTE, ,- VICUÑA MACKENNA ORIENTE,7433, , ,BIDIRECCIONAL CON BANDEJON,CONCRETO,BUENO,SECO,DESPEJADO,0,0,0,1,13,131,13110,Metropolitana de Santiago,Santiago,La Florida,Numero,"VICUÑA MACKENNA ORIENTE 7433, La Florida",-33.521714,-70.599047
-7867100.71803667,-3923638.47661837,257,2023,1532566,2023/05/20 00:00:00+00,Mayo,20,Sábado,1899/12/30 00:00:00+00,23:55:00,23,REGION METROPOLITANA,COLINA,VOLCADURA,VOLCADURA,URBANA,TRAMO DE VIA RECTA,VELOCIDAD IMPRUDENTE,VELOCIDAD NO RAZONABLE NI PRUDENTE,CALETERA GRAL SAN MARTIN, ,- CALETERA GRAL SAN MARTIN,10400, , ,BIDIRECCIONAL,ASFALTO,BUENO,SECO,DESPEJADO,1,0,0,0,13,133,13301,Metropolitana de Santiago,Chacabuco,Colina,Numero,"CALETERA GRAL SAN MARTIN 10400, Colina",-33.213211,-70.671368
-7864997.3769788,-3968333.5559829,258,2023,1533610,2023/05/21 00:00:00+00,Mayo,21,Domingo,1899/12/30 00:00:00+00,16:20:00,16,REGION METROPOLITANA,SAN RAMON,COLISION,COLISION,URBANA,TRAMO DE VIA RECTA,ALCOHOL EN CONDUCTOR,CONDUCCION BAJO LA INFLUENCIA DEL ALCOHOL,SAN FRANCISCO, ,- SAN FRANCISCO,9598, , ,BIDIRECCIONAL,ASFALTO,REGULAR,SECO,DESPEJADO,0,0,0,1,13,131,13131,Metropolitana de Santiago,Santiago,San Ramón,Numero,"SAN FRANCISCO 9598, San Ramón",-33.548478,-70.652474
-7939360.25865399,-3501607.44310918,259,2023,1533463,2023/05/21 00:00:00+00,Mayo,21,Domingo,1899/12/30 00:00:00+00,18:00:00,18,REGION COQUIMBO,COQUIMBO,COLISION PERPENDICULAR,COLISION,URBANA,CRUCE SIN SEÑALIZACION,IMPRUDENCIA DEL CONDUCTOR,VIRAJES INDEBIDOS,JORGE SANTANDER, ,- JORGE SANTANDER,1120, , ,BIDIRECCIONAL,CONCRETO,BUENO,SECO,DESPEJADO,0,0,1,0,04,041,04102,Coquimbo,Elqui,Coquimbo,Numero,"JORGE SANTANDER 1120, Coquimbo",-29.984888,-71.320487
-7873023.16528214,-3987060.85848541,260,2023,1533513,2023/05/22 00:00:00+00,Mayo,22,Lunes,1899/12/30 00:00:00+00,06:55:00,6,REGION METROPOLITANA,BUIN,COLISION POR ALCANCE,COLISION,RURAL,PUENTE,IMPRUDENCIA DEL CONDUCTOR,CONDUCCION NO ATENTO CONDICIONES TRANSITO MOMENTO, , , ,0,RUTA 5 SUR,29,BIDIRECCIONAL,ASFALTO,REGULAR,MOJADO,LLUVIA,1,1,0,0,13,134,13402,Metropolitana de Santiago,Maipo,Buin,Numero,RUTA 5 SUR km 29,-33.68857,-70.72457
-7859690.34928565,-3949361.83972632,261,2023,1533554,2023/05/22 00:00:00+00,Mayo,22,Lunes,1899/12/30 00:00:00+00,08:30:00,8,REGION METROPOLITANA,RENCA,VOLCADURA,VOLCADURA,RURAL,TRAMO DE VIA RECTA,VELOCIDAD IMPRUDENTE,VELOCIDAD NO RAZONABLE NI PRUDENTE, , , ,0,"G-11, G-13","23,6",BIDIRECCIONAL CON BANDEJON,ASFALTO,BUENO,MOJADO,LLUVIA,0,0,0,1,13,131,13128,Metropolitana de Santiago,Santiago,Renca,Numero,"G-11, G-13 km 23,6",-33.406325,-70.6048
-7931604.23518076,-3492812.34370487,262,2023,1532413,2023/05/22 00:00:00+00,Mayo,22,Lunes,1899/12/30 00:00:00+00,11:30:00,11,REGION COQUIMBO,LA SERENA,COLISION FRONTAL,COLISION,URBANA,TRAMO DE VIA CURVA HORIZONTAL,IMPRUDENCIA DEL CONDUCTOR,CONDUCCION CONTRA SENTIDO DEL TRANSITO,NUEVA LARRAIN ALCALDE, ,- NUEVA LARRAIN ALCALDE,1701, , ,UNIDIRECCIONAL,ASFALTO,BUENO,SECO,NUBLADO,0,0,0,1,04,041,04101,Coquimbo,Elqui,La Serena,Numero,"NUEVA LARRAIN ALCALDE 1701, La Serena",-29.916431,-71.250813
-7854558.66635484,-3964775.17892731,263,2023,1532852,2023/05/22 00:00:00+00,Mayo,22,Lunes,1899/12/30 00:00:00+00,18:00:00,18,REGION METROPOLITANA,LA FLORIDA,CHOQUE FRENTE/POSTERIOR,CHOQUE,URBANA,OTROS NO CONSIDERADOS,VELOCIDAD IMPRUDENTE,VELOCIDAD NO RAZONABLE NI PRUDENTE,WALKER MARTINEZ, ,- WALKER MARTINEZ,3600, , ,UNIDIRECCIONAL,ASFALTO,BUENO,SECO,DESPEJADO,0,0,0,0,13,131,13110,Metropolitana de Santiago,Santiago,La Florida,Numero,"WALKER MARTINEZ 3600, La Florida",-33.521833,-70.558701
-8026790.66358914,-4386303.39159477,264,2023,1532695,2023/05/22 00:00:00+00,Mayo,22,Lunes,1899/12/30 00:00:00+00,18:00:00,18,REGION ÑUBLE,CHILLAN,COLISION PERPENDICULAR,COLISION,URBANA,CRUCE CON SEÑAL PARE,IMPRUDENCIA DEL CONDUCTOR,NO RESPETAR DERECHO PREFERENTE DE PASO A VEHICULO,ROSAURO ACUÑA, ,- ROSAURO ACUÑA,25, , ,BIDIRECCIONAL,CONCRETO,BUENO,HUMEDO,NUBLADO,0,0,1,0,16,161,16101,Ñuble,Diguillín,Chillán,Numero,"ROSAURO ACUÑA 25, Chillán",-36.620232,-72.105887
-7986912.95828536,-4256384.26341364,265,2023,1532986,2023/05/22 00:00:00+00,Mayo,22,Lunes,1899/12/30 00:00:00+00,19:35:00,19,REGION MAULE,VILLA ALEGRE,IMPACTO CON ANIMAL,OTRO TIPO,URBANA,TRAMO DE VIA RECTA,DEFICIENCIAS VIALES,ANIMALES SUELTOS VIA PUBLICA,PASAJE CUATRO, ,- PASAJE CUATRO,146, , ,UNIDIRECCIONAL,ASFALTO,REGULAR,SECO,NUBLADO,0,0,0,1,07,074,07407,Maule,Linares,Villa Alegre,Numero,"PASAJE CUATRO 146, Villa Alegre",-35.677851,-71.74766
-7859025.61428608,-3964897.30054487,266,2023,1534245,2023/05/23 00:00:00+00,Mayo,23,Martes,1899/12/30 00:00:00+00,14:50:00,14,REGION METROPOLITANA,LA FLORIDA,COLISION LATERAL,COLISION,URBANA,TRAMO DE VIA RECTA,IMPRUDENCIA DEL CONDUCTOR,CONDUCCION CAMBIAR SORPRESIVAMENTE PISTA CIRCULACION,VICUÑA MACKENNA PONIENTE, ,- VICUÑA MACKENNA PONIENTE,10777, , ,BIDIRECCIONAL CON BANDEJON,CONCRETO,BUENO,SECO,DESPEJADO,0,0,0,0,13,131,13110,Metropolitana de Santiago,Santiago,La Florida,Numero,"VICUÑA MACKENNA PONIENTE 10777, La Florida",-33.522748,-70.598828
-8138634.79172114,-4415659.57868398,267,2023,1535373,2023/05/24 00:00:00+00,Mayo,24,Miércoles,1899/12/30 00:00:00+00,09:00:00,9,REGION BIO BIO,SAN PEDRO DE LA PAZ,COLISION FRONTAL,COLISION,URBANA,TRAMO DE VIA RECTA,IMPRUDENCIA DEL CONDUCTOR,ADELANTAMIENTO SIN EL ESPACIO O TIEMPO SUFICIENTE,LAS VIOLETAS, ,- LAS VIOLETAS,1786, , ,BIDIRECCIONAL,ASFALTO,BUENO,MOJADO,DESPEJADO,0,0,0,1,08,081,08108,Biobío,Concepción,San Pedro de la Paz,Numero,"LAS VIOLETAS 1786, San Pedro de la Paz",-36.831598,-73.1106
-8066977.88822863,-4460847.08712809,268,2023,1505044,2023/01/18 00:00:00+00,Enero,18,Miércoles,1899/12/30 00:00:00+00,12:40:00,12,REGION BIO BIO,YUMBEL,COLISION,COLISION,RURAL,TRAMO DE VIA RECTA,IMPRUDENCIA DEL CONDUCTOR,CONDUCCION NO ATENTO CONDICIONES TRANSITO MOMENTO, , , ,0,O-54,4,BIDIRECCIONAL,ASFALTO,BUENO,SECO,DESPEJADO,0,0,0,1,08,083,08313,Biobío,Biobío,Yumbel,Ruta,O-54 km 4,-37.155811,-72.466895
-7873803.0602504,-3945208.6592252,269,2023,1532899,2023/05/24 00:00:00+00,Mayo,24,Miércoles,1899/12/30 00:00:00+00,09:30:00,9,REGION METROPOLITANA,QUILICURA,COLISION,COLISION,URBANA,TRAMO DE VIA RECTA,IMPRUDENCIA DEL CONDUCTOR,CONDUCCION CONTRA SENTIDO DEL TRANSITO,PEDRO RIVEROS, ,- PEDRO RIVEROS,1401, , ,UNIDIRECCIONAL,CONCRETO,BUENO,SECO,NUBLADO,0,0,0,1,13,131,13125,Metropolitana de Santiago,Santiago,Quilicura,Numero,"PEDRO RIVEROS 1401, Quilicura",-33.375175,-70.731576
-7868616.6884694,-3964224.16975669,270,2023,1570154,2023/10/15 00:00:00+00,Octubre,15,Domingo,1899/12/30 00:00:00+00,18:40:00,18,REGION METROPOLITANA,PIRQUE,COLISION FRONTAL,COLISION,URBANA,TRAMO DE VIA CURVA HORIZONTAL,VELOCIDAD IMPRUDENTE,VELOCIDAD NO RAZONABLE NI PRUDENTE,PASAJE INTERIOR, ,- PASAJE INTERIOR,21800, , ,BIDIRECCIONAL,ASFALTO,BUENO,SECO,NUBLADO,0,1,0,0,13,132,13202,Metropolitana de Santiago,Cordillera,Pirque,Numero,"PASAJE INTERIOR 21800, Pirque",-33.517706,-70.684986
-7901660.25803206,-4107156.64700385,271,2023,1535066,2023/05/24 00:00:00+00,Mayo,24,Miércoles,1899/12/30 00:00:00+00,17:20:00,17,REGION LIB.B.O'HIGGINS,SAN FERNANDO,VOLCADURA,VOLCADURA,URBANA,TRAMO DE VIA RECTA,VELOCIDAD IMPRUDENTE,VELOCIDAD NO RAZONABLE NI PRUDENTE,CHILLAN, ,- CHILLAN,1169, , ,UNIDIRECCIONAL,ASFALTO,BUENO,SECO,DESPEJADO,0,1,0,0,06,063,06301,Libertador General Bernardo O'Higgins,Colchagua,San Fernando,Numero,"CHILLAN 1169, San Fernando",-34.581526,-70.981822
-7852473.17465375,-3948247.75968974,272,2023,1535271,2023/05/24 00:00:00+00,Mayo,24,Miércoles,1899/12/30 00:00:00+00,17:45:00,17,REGION METROPOLITANA,LAS CONDES,COLISION FRONTAL,COLISION,URBANA,TRAMO DE VIA RECTA,IMPRUDENCIA DEL CONDUCTOR,CONDUCCION NO ATENTO CONDICIONES TRANSITO MOMENTO,PAUL HARRIS, ,- PAUL HARRIS,529, , ,BIDIRECCIONAL,ASFALTO,BUENO,SECO,NEBLINA,0,0,0,1,13,131,13114,Metropolitana de Santiago,Santiago,Las Condes,Numero,"PAUL HARRIS 529, Las Condes",-33.39797,-70.539967
-8016569.43687474,-4081320.51415766,273,2023,1533949,2023/05/24 00:00:00+00,Mayo,24,Miércoles,1899/12/30 00:00:00+00,18:50:00,18,REGION LIB.B.O'HIGGINS,PICHILEMU,ATROPELLO,ATROPELLO,URBANA,TRAMO DE VIA RECTA,IMPRUDENCIA DEL PEATON,PEATON CRUZA CALZADA FUERA PASO PEATONES,MILLACO, ,- MILLACO,402, , ,BIDIRECCIONAL,ASFALTO,BUENO,HUMEDO,NUBLADO,0,1,0,0,06,062,06201,Libertador General Bernardo O'Higgins,Cardenal Caro,Pichilemu,Numero,"MILLACO 402, Pichilemu",-34.390223,-72.014069
-7930843.74682875,-4160716.18533263,274,2023,1533419,2023/05/25 00:00:00+00,Mayo,25,Jueves,1899/12/30 00:00:00+00,09:30:00,9,REGION MAULE,CURICO,VOLCADURA,VOLCADURA,URBANA,ACERA O BERMA,IMPRUDENCIA DEL CONDUCTOR,CONDUCCION NO ATENTO CONDICIONES TRANSITO MOMENTO,FREIRE, ,- FREIRE,614, , ,BIDIRECCIONAL CON BANDEJON,ASFALTO,BUENO,HUMEDO,NUBLADO,0,0,0,1,07,073,07301,Maule,Curicó,Curicó,Numero,"FREIRE 614, Curicó",-34.976707,-71.243982
-8133229.64571524,-4411263.5468844,275,2023,1535584,2023/05/25 00:00:00+00,Mayo,25,Jueves,1899/12/30 00:00:00+00,11:00:00,11,REGION BIO BIO,CONCEPCION,COLISION PERPENDICULAR,COLISION,URBANA,TRAMO DE VIA RECTA,IMPRUDENCIA DEL CONDUCTOR,CONDUCCION NO ATENTO CONDICIONES TRANSITO MOMENTO,LOS INMIGRANTES, ,- LOS INMIGRANTES,2613, , ,BIDIRECCIONAL,CONCRETO,BUENO,SECO,DESPEJADO,0,1,0,0,08,081,08101,Biobío,Concepción,Concepción,Numero,"LOS INMIGRANTES 2613, Concepción",-36.799983,-73.062045
-7797657.33912194,-3047482.13449778,276,2023,1533549,2023/05/25 00:00:00+00,Mayo,25,Jueves,1899/12/30 00:00:00+00,16:00:00,16,REGION ATACAMA,DIEGO DE ALMAGRO,CHOQUE POSTERIOR/LADO,CHOQUE,URBANA,ACERA O BERMA,IMPRUDENCIA DEL CONDUCTOR,CONDUCCION SIN MANTENER DISTANCIA RAZONABLE NI PRUDENTE,LOS ANDES, ,- LOS ANDES,2314, , ,BIDIRECCIONAL,ASFALTO,REGULAR,SECO,DESPEJADO,0,0,0,0,03,032,03202,Atacama,Chañaral,Diego de Almagro,Numero,"LOS ANDES 2314, Diego de Almagro",-26.390139,-70.047548
-7932984.68961799,-3495114.58667478,277,2023,1534010,2023/05/26 00:00:00+00,Mayo,26,Viernes,1899/12/30 00:00:00+00,14:48:00,14,REGION COQUIMBO,LA SERENA,CHOQUE FRENTE/POSTERIOR,CHOQUE,URBANA,TRAMO DE VIA RECTA,IMPRUDENCIA DEL CONDUCTOR,CONDUCCION SIN MANTENER DISTANCIA RAZONABLE NI PRUDENTE,DEL MAR, ,- DEL MAR,2100, , ,BIDIRECCIONAL,ASFALTO,BUENO,SECO,DESPEJADO,0,0,0,0,04,041,04101,Coquimbo,Elqui,La Serena,Numero,"DEL MAR 2100, La Serena",-29.934355,-71.263214
-12181467.1568519,-3141997.69523187,278,2023,1533853,2023/05/26 00:00:00+00,Mayo,26,Viernes,1899/12/30 00:00:00+00,20:50:00,20,REGION VALPARAISO,ISLA DE PASCUA,COLISION POR ALCANCE,COLISION,URBANA,TRAMO DE VIA RECTA,ALCOHOL EN CONDUCTOR,CONDUCCION EN ESTADO DE EBRIEDAD,ATAMU TEKENA, ,- ATAMU TEKENA,0, , ,BIDIRECCIONAL,ADOQUIN,REGULAR,MOJADO,LLUVIA,0,0,0,1,05,052,05201,Valparaíso,Isla de Pascua,Isla de Pascua,Numero,"ATAMU TEKENA 0, Isla de Pascua",-27.148185,-109.427981
-8076421.97303936,-4679623.19404747,279,2023,1534012,2023/05/26 00:00:00+00,Mayo,26,Viernes,1899/12/30 00:00:00+00,20:55:00,20,REGION ARAUCANIA,TEMUCO,CHOQUE,CHOQUE,URBANA,TRAMO DE VIA RECTA,IMPRUDENCIA DEL CONDUCTOR,CONDUCCION NO ATENTO CONDICIONES TRANSITO MOMENTO,ALBERT CAMUS, ,- ALBERT CAMUS,5491, , ,UNIDIRECCIONAL,CONCRETO,BUENO,SECO,LLUVIA,0,0,0,1,09,091,09101,La Araucanía,Cautín,Temuco,Numero,"ALBERT CAMUS 5491, Temuco",-38.705842,-72.551733
-7941129.95094144,-3498834.58341127,280,2023,1534859,2023/05/27 00:00:00+00,Mayo,27,Sábado,1899/12/30 00:00:00+00,11:30:00,11,REGION COQUIMBO,COQUIMBO,CHOQUE FRENTE/POSTERIOR,CHOQUE,URBANA,TRAMO DE VIA RECTA,IMPRUDENCIA DEL CONDUCTOR,CONDUCCION NO ATENTO CONDICIONES TRANSITO MOMENTO,VIDELA, ,- VIDELA,340, , ,UNIDIRECCIONAL,ASFALTO,BUENO,SECO,DESPEJADO,0,0,0,1,04,041,04102,Coquimbo,Elqui,Coquimbo,Numero,"VIDELA 340, Coquimbo",-29.96331,-71.336384
-7935507.24303555,-3495784.7263662,281,2023,1534210,2023/05/27 00:00:00+00,Mayo,27,Sábado,1899/12/30 00:00:00+00,20:35:00,20,REGION COQUIMBO,LA SERENA,COLISION LATERAL,COLISION,URBANA,TRAMO DE VIA RECTA,IMPRUDENCIA DEL CONDUCTOR,ADELANTAMIENTO SOBREPASANDO LINEA CONTINUA,DEL MAR, ,- DEL MAR,5400, , ,BIDIRECCIONAL,ASFALTO,BUENO,SECO,DESPEJADO,0,0,0,0,04,041,04101,Coquimbo,Elqui,La Serena,Numero,"DEL MAR 5400, La Serena",-29.939572,-71.285874
-7866870.46472399,-3952665.37827675,282,2023,1536053,2023/05/28 00:00:00+00,Mayo,28,Domingo,1899/12/30 00:00:00+00,16:30:00,16,REGION METROPOLITANA,SANTIAGO,COLISION,COLISION,URBANA,TRAMO DE VIA RECTA,IMPRUDENCIA DEL CONDUCTOR,CONDUCCION CAMBIAR SORPRESIVAMENTE PISTA CIRCULACION,RICARDO CUMMING, ,- RICARDO CUMMING,1194, , ,UNIDIRECCIONAL,CONCRETO,BUENO,SECO,DESPEJADO,0,1,0,0,13,131,13101,Metropolitana de Santiago,Santiago,Santiago,Numero,"RICARDO CUMMING 1194, Santiago",-33.431095,-70.6693
-8141092.42237602,-4400086.47635822,283,2023,1535147,2023/05/28 00:00:00+00,Mayo,28,Domingo,1899/12/30 00:00:00+00,17:30:00,17,REGION BIO BIO,TALCAHUANO,CHOQUE FRENTE/POSTERIOR,CHOQUE,URBANA,TRAMO DE VIA RECTA,IMPRUDENCIA DEL CONDUCTOR,CONDUCCION SIN MANTENER DISTANCIA RAZONABLE NI PRUDENTE,LOS PATAGONES, ,- LOS PATAGONES,582, , ,BIDIRECCIONAL,CONCRETO,BUENO,SECO,DESPEJADO,0,0,0,0,08,081,08110,Biobío,Concepción,Talcahuano,Numero,"LOS PATAGONES 582, Talcahuano",-36.719543,-73.132678
-7883072.26981101,-3971282.10543043,284,2023,1534983,2023/05/28 00:00:00+00,Mayo,28,Domingo,1899/12/30 00:00:00+00,23:05:00,23,REGION METROPOLITANA,PADRE HURTADO,CHOQUE FRONTAL,CHOQUE,URBANA,TRAMO DE VIA RECTA,IMPRUDENCIA DEL CONDUCTOR,CONDUCCION NO ATENTO CONDICIONES TRANSITO MOMENTO,LOS SILOS, ,- LOS SILOS,147, , ,BIDIRECCIONAL,ASFALTO,REGULAR,SECO,DESPEJADO,0,0,2,0,13,136,13604,Metropolitana de Santiago,Talagante,Padre Hurtado,Numero,"LOS SILOS 147, Padre Hurtado",-33.57055,-70.814843
-7972992.73598584,-4222788.72125438,285,2023,1534561,2023/05/29 00:00:00+00,Mayo,29,Lunes,1899/12/30 00:00:00+00,09:00:00,9,REGION MAULE,TALCA,COLISION FRONTAL,COLISION,URBANA,TRAMO DE VIA RECTA,IMPRUDENCIA DEL CONDUCTOR,NO RESPETAR DERECHO PREFERENTE DE PASO A VEHICULO,32 ORIENTE, ,- 32 ORIENTE,1317, , ,BIDIRECCIONAL,ASFALTO,BUENO,SECO,DESPEJADO,0,0,0,0,07,071,07101,Maule,Talca,Talca,Numero,"32 ORIENTE 1317, Talca",-35.432325,-71.622612
-7875727.1302407,-3954447.49315041,286,2023,1536552,2023/05/29 00:00:00+00,Mayo,29,Lunes,1899/12/30 00:00:00+00,09:00:00,9,REGION METROPOLITANA,PUDAHUEL,COLISION,COLISION,URBANA,TRAMO DE VIA RECTA,VELOCIDAD IMPRUDENTE,VELOCIDAD NO RAZONABLE NI PRUDENTE,SAN PABLO, ,- SAN PABLO,8537, , ,BIDIRECCIONAL,ASFALTO,REGULAR,SECO,DESPEJADO,0,1,0,0,13,131,13124,Metropolitana de Santiago,Santiago,Pudahuel,Numero,"SAN PABLO 8537, Pudahuel",-33.444454,-70.748861
-7936100.10573021,-4178788.0732935,287,2023,1534100,2023/05/29 00:00:00+00,Mayo,29,Lunes,1899/12/30 00:00:00+00,09:20:00,9,REGION MAULE,MOLINA,COLISION POR ALCANCE,COLISION,URBANA,TRAMO DE VIA RECTA,IMPRUDENCIA DEL CONDUCTOR,ADELANTAMIENTO SIN EL ESPACIO O TIEMPO SUFICIENTE,LUIS CRUZ MARTINEZ, ,- LUIS CRUZ MARTINEZ,2357, , ,BIDIRECCIONAL,ASFALTO,BUENO,HUMEDO,NEBLINA,0,0,1,0,07,073,07304,Maule,Curicó,Molina,Numero,"LUIS CRUZ MARTINEZ 2357, Molina",-35.10962,-71.2912
-7863562.34141524,-3953784.59023219,288,2023,1535278,2023/05/29 00:00:00+00,Mayo,29,Lunes,1899/12/30 00:00:00+00,13:00:00,13,REGION METROPOLITANA,SANTIAGO,COLISION PERPENDICULAR,COLISION,URBANA,TRAMO DE VIA RECTA,IMPRUDENCIA DEL CONDUCTOR,CONDUCCION CAMBIAR SORPRESIVAMENTE PISTA CIRCULACION,LIBER BERNARDO O'HIGGINS, ,- LIBER BERNARDO O'HIGGINS,227, , ,UNIDIRECCIONAL,ASFALTO,BUENO,SECO,DESPEJADO,0,1,0,0,13,131,13101,Metropolitana de Santiago,Santiago,Santiago,Numero,"LIBER BERNARDO O'HIGGINS 227, Santiago",-33.439485,-70.639582
-7931063.13378953,-3879469.46120375,289,2023,1535124,2023/05/29 00:00:00+00,Mayo,29,Lunes,1899/12/30 00:00:00+00,14:10:00,14,REGION VALPARAISO,QUILLOTA,COLISION,COLISION,URBANA,TRAMO DE VIA RECTA,IMPRUDENCIA DEL CONDUCTOR,CONDUCCION CAMBIAR SORPRESIVAMENTE PISTA CIRCULACION,LA CONCEPCION, ,- LA CONCEPCION,250, , ,UNIDIRECCIONAL,ASFALTO,BUENO,SECO,DESPEJADO,0,0,0,0,05,055,05501,Valparaíso,Quillota,Quillota,Numero,"LA CONCEPCION 250, Quillota",-32.880624,-71.245952
-7866628.68625952,-3954924.91114119,290,2023,1536055,2023/05/29 00:00:00+00,Mayo,29,Lunes,1899/12/30 00:00:00+00,18:05:00,18,REGION METROPOLITANA,SANTIAGO,COLISION,COLISION,URBANA,TRAMO DE VIA RECTA,IMPRUDENCIA DEL CONDUCTOR,CONDUCCION CAMBIAR SORPRESIVAMENTE PISTA CIRCULACION,LIBER BERNARDO O'HIGGINS, ,- LIBER BERNARDO O'HIGGINS,2224, , ,UNIDIRECCIONAL,ASFALTO,BUENO,SECO,DESPEJADO,0,0,1,0,13,131,13101,Metropolitana de Santiago,Santiago,Santiago,Numero,"LIBER BERNARDO O'HIGGINS 2224, Santiago",-33.448033,-70.667128
-7857071.41948273,-3951324.66870202,291,2023,1541375,2023/05/29 00:00:00+00,Mayo,29,Lunes,1899/12/30 00:00:00+00,20:15:00,20,REGION METROPOLITANA,LAS CONDES,CHOQUE POSTERIOR/FRENTE,CHOQUE,URBANA,TRAMO DE VIA RECTA,IMPRUDENCIA DEL CONDUCTOR,CONDUCCION NO ATENTO CONDICIONES TRANSITO MOMENTO,AMERICO VESPUCIO SUR, ,- AMERICO VESPUCIO SUR,855, , ,BIDIRECCIONAL CON BANDEJON,ASFALTO,BUENO,SECO,DESPEJADO,0,0,0,1,13,131,13114,Metropolitana de Santiago,Santiago,Las Condes,Numero,"AMERICO VESPUCIO SUR 855, Las Condes",-33.421043,-70.581273
-7858986.17930081,-3866864.51214008,292,2023,1534693,2023/05/30 00:00:00+00,Mayo,30,Martes,1899/12/30 00:00:00+00,07:40:00,7,REGION VALPARAISO,SAN ESTEBAN,CHOQUE FRENTE/POSTERIOR,CHOQUE,RURAL,TRAMO DE VIA RECTA,VELOCIDAD IMPRUDENTE,VELOCIDAD NO RAZONABLE NI PRUDENTE,NUEVA FONCEA, ,- NUEVA FONCEA,586, , ,BIDIRECCIONAL,CONCRETO,BUENO,SECO,DESPEJADO,0,0,0,0,05,053,05304,Valparaíso,Los Andes,San Esteban,Numero,"NUEVA FONCEA 586, San Esteban",-32.78548,-70.598474
-7932408.19094413,-4078700.23867883,293,2023,1534922,2023/05/30 00:00:00+00,Mayo,30,Martes,1899/12/30 00:00:00+00,18:10:00,18,REGION LIB.B.O'HIGGINS,PICHIDEGUA,COLISION LATERAL,COLISION,URBANA,TRAMO DE VIA RECTA,IMPRUDENCIA DEL CONDUCTOR,CONDUCCION NO ATENTO CONDICIONES TRANSITO MOMENTO,IGNACIO CARRERA PINTO, ,- IGNACIO CARRERA PINTO,39, , ,BIDIRECCIONAL,CONCRETO,BUENO,SECO,DESPEJADO,0,2,0,0,06,061,06113,Libertador General Bernardo O'Higgins,Cachapoal,Pichidegua,Numero,"IGNACIO CARRERA PINTO 39, Pichidegua",-34.370796,-71.258035
-7855523.87703903,-3968309.78675248,294,2023,1536457,2023/05/30 00:00:00+00,Mayo,30,Martes,1899/12/30 00:00:00+00,23:40:00,23,REGION METROPOLITANA,PUENTE ALTO,COLISION LATERAL,COLISION,URBANA,TRAMO DE VIA RECTA,IMPRUDENCIA DEL CONDUCTOR,CONDUCCION NO ATENTO CONDICIONES TRANSITO MOMENTO,CAMILO HENRIQUEZ, ,- CAMILO HENRIQUEZ,6855, , ,BIDIRECCIONAL,CONCRETO,BUENO,SECO,DESPEJADO,0,0,0,1,13,132,13201,Metropolitana de Santiago,Cordillera,Puente Alto,Numero,"CAMILO HENRIQUEZ 6855, Puente Alto",-33.5483,-70.567372
-7984902.50717546,-4245108.29691663,295,2023,1535030,2023/05/31 00:00:00+00,Mayo,31,Miércoles,1899/12/30 00:00:00+00,01:20:00,1,REGION MAULE,SAN JAVIER,VOLCADURA,VOLCADURA,URBANA,TRAMO DE VIA RECTA,VELOCIDAD IMPRUDENTE,VELOCIDAD NO RAZONABLE NI PRUDENTE,CHORRILLOS, ,- CHORRILLOS,1389, , ,BIDIRECCIONAL,CONCRETO,REGULAR,MOJADO,LLUVIA,0,0,0,1,07,074,07406,Maule,Linares,San Javier,Numero,"CHORRILLOS 1389, San Javier",-35.595527,-71.7296