X,Y,FID,Año,IdAccident,Fecha,Mes,Dia_mes,Dia_semana,Hora,Hora_texto,Hora_aprox,Región,Comuna,Tipo_Accid,Tipo__CONA,Zona,Ubicación,Causa__CON,Causa_Acci,Calle_Uno,Calle_Dos,Intersecci,Número,Ruta,Ubicaci_1,Calzada,Tipo_Calza,Estado_Cal,Condición,Estado_Atm,Fallecidos,Graves,Menos_Grav,Leves,CUT_REG,CUT_PROV,CUT_COM,REGION,PROVINCIA,COMUNA1,Tipo_direc,Direccion,Lat,Lon
-8213787.09795867,-5233478.61554552,296,2023,1536207,2023/05/31 00:00:00+00,Mayo,31,Miércoles,1899/12/30 00:00:00+00,16:00:00,16,REGION LOS LAGOS,CASTRO,VOLCADURA,VOLCADURA,URBANA,TRAMO DE VIA RECTA,VELOCIDAD IMPRUDENTE,VELOCIDAD NO RAZONABLE NI PRUDENTE,MANUEL QUINCHEN, ,- MANUEL QUINCHEN,205, , ,BIDIRECCIONAL,RIPIO,REGULAR, ,DESPEJADO,0,1,0,0,10,102,10201,Los Lagos,Chiloé,Castro,Numero,"MANUEL QUINCHEN 205, Castro",-42.482147,-73.785705
-7872950.35068001,-3945957.10303671,297,2023,1535146,2023/05/31 00:00:00+00,Mayo,31,Miércoles,1899/12/30 00:00:00+00,21:30:00,21,REGION METROPOLITANA,QUILICURA,COLISION LATERAL,COLISION,URBANA,TRAMO DE VIA RECTA,IMPRUDENCIA DEL CONDUCTOR,CONDUCCION NO ATENTO CONDICIONES TRANSITO MOMENTO,ARANJUEZ PONIENTE, ,- ARANJUEZ PONIENTE,355, , ,BIDIRECCIONAL,ASFALTO,BUENO,SECO,DESPEJADO,0,0,0,0,13,131,13125,Metropolitana de Santiago,Santiago,Quilicura,Numero,"ARANJUEZ PONIENTE 355, Quilicura",-33.380789,-70.723916
-7876748.57180607,-3955278.63603163,298,2023,1535427,2023/06/01 00:00:00+00,Junio,1,Jueves,1899/12/30 00:00:00+00,07:45:00,7,REGION METROPOLITANA,PUDAHUEL,CHOQUE LADO/FRENTE,CHOQUE,URBANA,CRUCE CON SEÑAL PARE,DESOBEDIENCIA A SEÑALIZACION,SEÑALIZACION DESOBEDECER LUZ ROJA DE SEMAFORO,CLAUDIO ARRAU, ,- CLAUDIO ARRAU,0, , ,UNIDIRECCIONAL,ASFALTO,BUENO,SECO,DESPEJADO,0,0,0,0,13,131,13124,Metropolitana de Santiago,Santiago,Pudahuel,Numero,"CLAUDIO ARRAU 0, Pudahuel",-33.450684,-70.758036
-7672452.7083778,-2567793.1368188,299,2023,1535016,2023/06/01 00:00:00+00,Junio,1,Jueves,1899/12/30 00:00:00+00,14:00:00,14,REGION ANTOFAGASTA,CALAMA,COLISION,COLISION,URBANA,CRUCE CON SEMAFORO FUNCIONANDO,IMPRUDENCIA DEL CONDUCTOR,CONDUCCION NO ATENTO CONDICIONES TRANSITO MOMENTO,ECUADOR, ,- ECUADOR,1716, , ,BIDIRECCIONAL,ASFALTO,REGULAR,SECO,DESPEJADO,0,0,0,1,02,022,02201,Antofagasta,El Loa,Calama,Numero,"ECUADOR 1716, Calama",-22.467879,-68.922815
-8139344.26113713,-4400819.21785916,300,2023,1537446,2023/06/01 00:00:00+00,Junio,1,Jueves,1899/12/30 00:00:00+00,18:00:00,18,REGION BIO BIO,TALCAHUANO,VOLCADURA,VOLCADURA,URBANA,TRAMO DE VIA RECTA,VELOCIDAD IMPRUDENTE,VELOCIDAD NO RAZONABLE NI PRUDENTE,LAS GOLONDRINAS, ,- LAS GOLONDRINAS,186, , ,BIDIRECCIONAL CON BANDEJON,CONCRETO,BUENO,SECO,DESPEJADO,0,0,0,1,08,081,08110,Biobío,Concepción,Talcahuano,Numero,"LAS GOLONDRINAS 186, Talcahuano",-36.724819,-73.116974
-7867060.87484282,-3966601.2898659,301,2023,1535389,2023/06/02 00:00:00+00,Junio,2,Viernes,1899/12/30 00:00:00+00,10:00:00,10,REGION METROPOLITANA,LA CISTERNA,COLISION POR ALCANCE,COLISION,URBANA,TRAMO DE VIA RECTA,IMPRUDENCIA DEL CONDUCTOR,CONDUCCION CAMBIAR SORPRESIVAMENTE PISTA CIRCULACION,AMERICO VESPUCIO, ,- AMERICO VESPUCIO,530, , ,UNIDIRECCIONAL,CONCRETO,BUENO,SECO,DESPEJADO,0,0,0,2,13,131,13109,Metropolitana de Santiago,Santiago,La Cisterna,Numero,"AMERICO VESPUCIO 530, La Cisterna",-33.535508,-70.67101
-7871807.44793957,-3973150.67627861,302,2023,1536157,2023/06/02 00:00:00+00,Junio,2,Viernes,1899/12/30 00:00:00+00,10:30:00,10,REGION METROPOLITANA,SAN BERNARDO,COLISION LATERAL,COLISION,URBANA,TRAMO DE VIA RECTA,IMPRUDENCIA DEL CONDUCTOR,VIRAJES INDEBIDOS,PDTE JORGE ALESSANDRI RODRIGUEZ, ,- PDTE JORGE ALESSANDRI RODRIGUEZ,0, , ,UNIDIRECCIONAL,CONCRETO,BUENO,SECO,DESPEJADO,0,2,0,0,13,134,13401,Metropolitana de Santiago,Maipo,San Bernardo,Numero,"PDTE JORGE ALESSANDRI RODRIGUEZ 0, San Bernardo",-33.584535,-70.713649
-7871406.25928524,-3961972.14318196,303,2023,1536330,2023/06/02 00:00:00+00,Junio,2,Viernes,1899/12/30 00:00:00+00,16:00:00,16,REGION METROPOLITANA,CERRILLOS,COLISION LATERAL,COLISION,URBANA,TRAMO DE VIA RECTA,IMPRUDENCIA DEL CONDUCTOR,CONDUCCION CAMBIAR SORPRESIVAMENTE PISTA CIRCULACION,AEROPUERTO, ,- AEROPUERTO,9970, , ,BIDIRECCIONAL,ASFALTO,BUENO,SECO,DESPEJADO,0,0,1,1,13,131,13102,Metropolitana de Santiago,Santiago,Cerrillos,Numero,"AEROPUERTO 9970, Cerrillos",-33.500838,-70.710046
-8135875.17132525,-4909980.93607879,304,2023,1535496,2023/06/02 00:00:00+00,Junio,2,Viernes,1899/12/30 00:00:00+00,16:35:00,16,REGION DE LOS RIOS,LA UNION,VOLCADURA,VOLCADURA,URBANA,TRAMO DE VIA RECTA,ALCOHOL EN CONDUCTOR,CONDUCCION EN ESTADO DE EBRIEDAD,ARTURO PRAT, ,- ARTURO PRAT,83, , ,BIDIRECCIONAL,CONCRETO,REGULAR,MOJADO,LLUVIA,0,1,0,0,14,142,14201,Los Ríos,Ranco,La Unión,Numero,"ARTURO PRAT 83, La Unión",-40.302379,-73.08581
-8094921.22822713,-4477956.31037103,305,2023,1536305,2023/06/02 00:00:00+00,Junio,2,Viernes,1899/12/30 00:00:00+00,21:30:00,21,REGION BIO BIO,LAJA,CHOQUE LADO/LADO,CHOQUE,URBANA,TRAMO DE VIA RECTA,IMPRUDENCIA DEL CONDUCTOR,CONDUCCION NO ATENTO CONDICIONES TRANSITO MOMENTO,ARTURO PRAT, ,- ARTURO PRAT,591, , ,BIDIRECCIONAL,ASFALTO,BUENO,SECO,NUBLADO,0,0,0,0,08,083,08304,Biobío,Biobío,Laja,Numero,"ARTURO PRAT 591, Laja",-37.278205,-72.717915
-7927207.04420579,-3868422.97256182,306,2023,1535511,2023/06/02 00:00:00+00,Junio,2,Viernes,1899/12/30 00:00:00+00,23:00:00,23,REGION VALPARAISO,CALERA,VOLCADURA,VOLCADURA,URBANA,TRAMO DE VIA RECTA,VELOCIDAD IMPRUDENTE,VELOCIDAD NO RAZONABLE NI PRUDENTE,CARRERA, ,- CARRERA,1890, , ,BIDIRECCIONAL,ASFALTO,BUENO,SECO,DESPEJADO,0,1,0,0,05,055,05502,Valparaíso,Quillota,Calera,Numero,"CARRERA 1890, Calera",-32.797249,-71.211312
-7836215.85748663,-2707932.63824816,307,2023,1537375,2023/06/03 00:00:00+00,Junio,3,Sábado,1899/12/30 00:00:00+00,09:30:00,9,REGION ANTOFAGASTA,ANTOFAGASTA,CHOQUE FRENTE/POSTERIOR,CHOQUE,URBANA,CRUCE CON SEÑAL CEDA EL PASO,IMPRUDENCIA DEL CONDUCTOR,CONDUCCION NO ATENTO CONDICIONES TRANSITO MOMENTO,IQUIQUE, ,- IQUIQUE,4791, , ,BIDIRECCIONAL CON BANDEJON,ASFALTO,BUENO,SECO,DESPEJADO,0,0,0,0,02,021,02101,Antofagasta,Antofagasta,Antofagasta,Numero,"IQUIQUE 4791, Antofagasta",-23.626266,-70.393925
-7837627.22617022,-2713278.60079418,308,2023,1536078,2023/06/03 00:00:00+00,Junio,3,Sábado,1899/12/30 00:00:00+00,10:30:00,10,REGION ANTOFAGASTA,ANTOFAGASTA,CHOQUE FRONTAL,CHOQUE,URBANA,TRAMO DE VIA RECTA,ALCOHOL EN CONDUCTOR,CONDUCCION EN ESTADO DE EBRIEDAD,GRECIA, ,- GRECIA,430, , ,BIDIRECCIONAL,ASFALTO,BUENO,SECO,DESPEJADO,0,0,0,1,02,021,02101,Antofagasta,Antofagasta,Antofagasta,Numero,"GRECIA 430, Antofagasta",-23.670257,-70.406603
-7858164.90655499,-3946835.91798113,309,2023,1536488,2023/06/03 00:00:00+00,Junio,3,Sábado,1899/12/30 00:00:00+00,17:00:00,17,REGION METROPOLITANA,VITACURA,COLISION LATERAL,COLISION,URBANA,TRAMO DE VIA RECTA,IMPRUDENCIA DEL CONDUCTOR,CONDUCCION NO ATENTO CONDICIONES TRANSITO MOMENTO,LUIS CARRERA, ,- LUIS CARRERA,2800, , ,BIDIRECCIONAL,ASFALTO,BUENO,SECO,DESPEJADO,0,0,0,1,13,131,13132,Metropolitana de Santiago,Santiago,Vitacura,Numero,"LUIS CARRERA 2800, Vitacura",-33.387381,-70.591096
-8029031.40529262,-4388250.33987247,310,2023,1537163,2023/06/03 00:00:00+00,Junio,3,Sábado,1899/12/30 00:00:00+00,22:30:00,22,REGION ÑUBLE,CHILLAN VIEJO,CHOQUE POSTERIOR/POSTERIOR,CHOQUE,URBANA,TRAMO DE VIA RECTA,IMPRUDENCIA DEL CONDUCTOR,CONDUCCION NO ATENTO CONDICIONES TRANSITO MOMENTO,BAQUEDANO, ,- BAQUEDANO,1135, , ,BIDIRECCIONAL,CONCRETO,BUENO,MOJADO,LLOVIZNA,0,0,0,0,16,161,16103,Ñuble,Diguillín,Chillán Viejo,Numero,"BAQUEDANO 1135, Chillán Viejo",-36.634268,-72.126016
-7863409.6971795,-3945539.20290831,311,2023,1536650,2023/06/04 00:00:00+00,Junio,4,Domingo,1899/12/30 00:00:00+00,01:15:00,1,REGION METROPOLITANA,HUECHURABA,VOLCADURA,VOLCADURA,URBANA,TRAMO DE VIA RECTA,IMPRUDENCIA DEL CONDUCTOR,CONDUCCION NO ATENTO CONDICIONES TRANSITO MOMENTO,RECOLETA, ,- RECOLETA,5347, , ,BIDIRECCIONAL,ASFALTO,BUENO,SECO,DESPEJADO,0,0,0,0,13,131,13107,Metropolitana de Santiago,Santiago,Huechuraba,Numero,"RECOLETA 5347, Huechuraba",-33.377654,-70.638211
-7876613.4174542,-3960859.11592747,312,2023,1535444,2023/06/04 00:00:00+00,Junio,4,Domingo,1899/12/30 00:00:00+00,06:30:00,6,REGION METROPOLITANA,MAIPU,COLISION FRONTAL,COLISION,URBANA,CRUCE CON SEMAFORO FUNCIONANDO,VELOCIDAD IMPRUDENTE,VELOCIDAD NO RAZONABLE NI PRUDENTE,LOS PAJARITOS, ,- LOS PAJARITOS,3490, , ,BIDIRECCIONAL CON BANDEJON,ASFALTO,BUENO,SECO,DESPEJADO,1,0,0,0,13,131,13119,Metropolitana de Santiago,Santiago,Maipú,Numero,"LOS PAJARITOS 3490, Maipú",-33.4925,-70.756822
-12181861.9243753,-3143164.5281703,313,2023,1535358,2023/06/04 00:00:00+00,Junio,4,Domingo,1899/12/30 00:00:00+00,06:45:00,6,REGION VALPARAISO,ISLA DE PASCUA,COLISION FRONTAL,COLISION,URBANA,TRAMO DE VIA RECTA,VELOCIDAD IMPRUDENTE,VELOCIDAD NO RAZONABLE NI PRUDENTE,HOTU MATUA, ,- HOTU MATUA,1, , ,BIDIRECCIONAL,ASFALTO,BUENO,SECO,NUBLADO,1,0,0,0,05,052,05201,Valparaíso,Isla de Pascua,Isla de Pascua,Numero,"HOTU MATUA 1, Isla de Pascua",-27.157511,-109.431528
-7906845.28351514,-3957710.48289487,314,2023,1536292,2023/06/05 00:00:00+00,Junio,5,Lunes,1899/12/30 00:00:00+00,11:30:00,11,REGION METROPOLITANA,CURACAVI,IMPACTO CON ANIMAL,OTRO TIPO,RURAL,TRAMO DE VIA RECTA,DEFICIENCIAS VIALES,ANIMALES SUELTOS VIA PUBLICA, , , ,0,G-68,"32,1",BIDIRECCIONAL,ASFALTO,BUENO,SECO,DESPEJADO,0,0,0,1,13,135,13503,Metropolitana de Santiago,Melipilla,Curacaví,Numero,"G-68 km 32,1",-33.468909,-71.0284
-8139344.26117053,-4400819.21787305,315,2023,1542112,2023/06/05 00:00:00+00,Junio,5,Lunes,1899/12/30 00:00:00+00,18:45:00,18,REGION BIO BIO,TALCAHUANO,COLISION POR ALCANCE,COLISION,URBANA,TRAMO DE VIA RECTA,IMPRUDENCIA DEL CONDUCTOR,CONDUCCION SIN MANTENER DISTANCIA RAZONABLE NI PRUDENTE,CRISTOBAL COLON, ,- CRISTOBAL COLON,4990, , ,BIDIRECCIONAL CON BANDEJON,CONCRETO,BUENO,SECO,DESPEJADO,0,0,0,1,08,081,08110,Biobío,Concepción,Talcahuano,Numero,"CRISTOBAL COLON 4990, Talcahuano",-36.724819,-73.116974
-7868689.39408975,-3923169.61039971,316,2023,1537456,2023/06/05 00:00:00+00,Junio,5,Lunes,1899/12/30 00:00:00+00,23:40:00,23,REGION METROPOLITANA,COLINA,VOLCADURA,VOLCADURA,URBANA,TRAMO DE VIA RECTA,VELOCIDAD IMPRUDENTE,VELOCIDAD NO RAZONABLE NI PRUDENTE,MARCOS GOICOLEA, ,- MARCOS GOICOLEA,1, , ,BIDIRECCIONAL,ASFALTO,REGULAR,SECO,DESPEJADO,0,0,0,1,13,133,13301,Metropolitana de Santiago,Chacabuco,Colina,Numero,"MARCOS GOICOLEA 1, Colina",-33.209687,-70.685639
-7856830.24460368,-3974384.45812895,317,2023,1535902,2023/06/06 00:00:00+00,Junio,6,Martes,1899/12/30 00:00:00+00,01:40:00,1,REGION METROPOLITANA,PUENTE ALTO,COLISION FRONTAL,COLISION,URBANA,TRAMO DE VIA RECTA,VELOCIDAD IMPRUDENTE,VELOCIDAD NO RAZONABLE NI PRUDENTE,CONCHA Y TORO, ,- CONCHA Y TORO,1478, , ,BIDIRECCIONAL,ASFALTO,MALO,SECO,DESPEJADO,1,0,0,0,13,132,13201,Metropolitana de Santiago,Cordillera,Puente Alto,Numero,"CONCHA Y TORO 1478, Puente Alto",-33.593767,-70.579107
-8120941.99735265,-5082511.54303487,318,2023,1541777,2023/06/06 00:00:00+00,Junio,6,Martes,1899/12/30 00:00:00+00,10:30:00,10,REGION LOS LAGOS,PUERTO MONTT,COLISION PERPENDICULAR,COLISION,URBANA,TRAMO DE VIA CURVA VERTICAL,IMPRUDENCIA DEL CONDUCTOR,CONDUCCION NO ATENTO CONDICIONES TRANSITO MOMENTO,LOTA, ,- LOTA,138, , ,BIDIRECCIONAL,CONCRETO,BUENO,MOJADO,LLUVIA,0,0,0,1,10,101,10101,Los Lagos,Llanquihue,Puerto Montt,Numero,"LOTA 138, Puerto Montt",-41.474011,-72.951663
-7928219.13050342,-3974848.45977167,319,2023,1536927,2023/06/06 00:00:00+00,Junio,6,Martes,1899/12/30 00:00:00+00,13:40:00,13,REGION METROPOLITANA,MELIPILLA,COLISION LATERAL,COLISION,RURAL,TRAMO DE VIA RECTA,IMPRUDENCIA DEL CONDUCTOR,CONDUCCION NO ATENTO CONDICIONES TRANSITO MOMENTO, , , ,0,G-74-F,"10,6",BIDIRECCIONAL,ASFALTO,BUENO,SECO,NUBLADO,0,0,0,1,13,135,13501,Metropolitana de Santiago,Melipilla,Melipilla,Numero,"G-74-F km 10,6",-33.597239,-71.220404
-7935221.11210297,-3500819.03479713,320,2023,1536760,2023/06/06 00:00:00+00,Junio,6,Martes,1899/12/30 00:00:00+00,15:00:00,15,REGION COQUIMBO,COQUIMBO,COLISION LATERAL,COLISION,URBANA,TRAMO DE VIA RECTA,IMPRUDENCIA DEL CONDUCTOR,CONDUCCION NO ATENTO CONDICIONES TRANSITO MOMENTO,LA CANTERA, ,- LA CANTERA,4355, , ,BIDIRECCIONAL CON BANDEJON,ASFALTO,BUENO,SECO,DESPEJADO,0,1,0,1,04,041,04102,Coquimbo,Elqui,Coquimbo,Numero,"LA CANTERA 4355, Coquimbo",-29.978753,-71.283304
-7852461.89941422,-3957240.19781715,321,2023,1536151,2023/06/06 00:00:00+00,Junio,6,Martes,1899/12/30 00:00:00+00,16:11:00,16,REGION METROPOLITANA,PEÑALOLEN,COLISION FRONTAL,COLISION,URBANA,TRAMO DE VIA RECTA,IMPRUDENCIA DEL CONDUCTOR,CONDUCCION NO ATENTO CONDICIONES TRANSITO MOMENTO,CONSISTORIAL, ,- CONSISTORIAL,710, , ,BIDIRECCIONAL,CONCRETO,BUENO,SECO,DESPEJADO,0,0,0,1,13,131,13122,Metropolitana de Santiago,Santiago,Peñalolén,Numero,"CONSISTORIAL 710, Peñalolén",-33.465385,-70.539865
-7835290.69289832,-2703949.49632756,322,2023,1537521,2023/06/06 00:00:00+00,Junio,6,Martes,1899/12/30 00:00:00+00,20:00:00,20,REGION ANTOFAGASTA,ANTOFAGASTA,COLISION PERPENDICULAR,COLISION,URBANA,TRAMO DE VIA RECTA,IMPRUDENCIA DEL CONDUCTOR,VIRAJES INDEBIDOS,RADOMIRO TOMIC, ,- RADOMIRO TOMIC,8293, , ,BIDIRECCIONAL,ASFALTO,BUENO,SECO,DESPEJADO,0,0,0,1,02,021,02101,Antofagasta,Antofagasta,Antofagasta,Numero,"RADOMIRO TOMIC 8293, Antofagasta",-23.59348,-70.385614
-7835637.02133724,-2709684.37846084,323,2023,1538102,2023/06/07 00:00:00+00,Junio,7,Miércoles,1899/12/30 00:00:00+00,08:00:00,8,REGION ANTOFAGASTA,ANTOFAGASTA,COLISION POR ALCANCE,COLISION,URBANA,TRAMO DE VIA RECTA,IMPRUDENCIA DEL CONDUCTOR,CONDUCCION NO ATENTO CONDICIONES TRANSITO MOMENTO,ANTONIO RENDIC, ,- ANTONIO RENDIC,3423, , ,BIDIRECCIONAL CON BANDEJON,ASFALTO,BUENO,SECO,DESPEJADO,0,0,0,1,02,021,02101,Antofagasta,Antofagasta,Antofagasta,Numero,"ANTONIO RENDIC 3423, Antofagasta",-23.640682,-70.388725
-8123941.72954873,-5081353.66135115,324,2023,1537380,2023/06/07 00:00:00+00,Junio,7,Miércoles,1899/12/30 00:00:00+00,10:40:00,10,REGION LOS LAGOS,PUERTO MONTT,COLISION FRONTAL,COLISION,URBANA,TRAMO DE VIA RECTA,IMPRUDENCIA DEL CONDUCTOR,CONDUCCION SIN MANTENER DISTANCIA RAZONABLE NI PRUDENTE,CARDONAL, ,- CARDONAL,2591, , ,BIDIRECCIONAL,CONCRETO,BUENO,SECO,DESPEJADO,0,1,0,0,10,101,10101,Los Lagos,Llanquihue,Puerto Montt,Numero,"CARDONAL 2591, Puerto Montt",-41.466217,-72.97861
-7853770.19154815,-3946787.01939403,325,2023,1536532,2023/06/07 00:00:00+00,Junio,7,Miércoles,1899/12/30 00:00:00+00,14:30:00,14,REGION METROPOLITANA,VITACURA,COLISION LATERAL,COLISION,URBANA,TRAMO DE VIA RECTA,IMPRUDENCIA DEL CONDUCTOR,CONDUCCION NO ATENTO CONDICIONES TRANSITO MOMENTO,LAS HUALTATAS, ,- LAS HUALTATAS,8412, , ,BIDIRECCIONAL,ASFALTO,BUENO,SECO,DESPEJADO,0,1,0,0,13,131,13132,Metropolitana de Santiago,Santiago,Vitacura,Numero,"LAS HUALTATAS 8412, Vitacura",-33.387014,-70.551618
-8132348.88590408,-4416742.29372934,326,2023,1536784,2023/06/07 00:00:00+00,Junio,7,Miércoles,1899/12/30 00:00:00+00,20:40:00,20,REGION BIO BIO,CONCEPCION,ATROPELLO,ATROPELLO,URBANA,CRUCE CON SEMAFORO FUNCIONANDO,IMPRUDENCIA DEL CONDUCTOR,NO RESPETAR DERECHO PREFERENTE DE PASO A PEATON,PEDRO DE VALDIVIA, ,- PEDRO DE VALDIVIA,431, , ,BIDIRECCIONAL CON BANDEJON,CONCRETO,BUENO,HUMEDO,DESPEJADO,0,1,0,0,08,081,08101,Biobío,Concepción,Concepción,Numero,"PEDRO DE VALDIVIA 431, Concepción",-36.839382,-73.054133
-12181128.934843,-3143216.4090577,327,2023,1537031,2023/06/09 00:00:00+00,Junio,9,Viernes,1899/12/30 00:00:00+00,08:00:00,8,REGION VALPARAISO,ISLA DE PASCUA,VOLCADURA,VOLCADURA,URBANA,TRAMO DE VIA RECTA,IMPRUDENCIA DEL CONDUCTOR,CONDUCCION NO ATENTO CONDICIONES TRANSITO MOMENTO,HOTU MATUA, ,- HOTU MATUA,0, , ,BIDIRECCIONAL,ADOQUIN,MALO,MOJADO,LLOVIZNA,0,0,0,1,05,052,05201,Valparaíso,Isla de Pascua,Isla de Pascua,Numero,"HOTU MATUA 0, Isla de Pascua",-27.157926,-109.424943
-7861893.44668919,-3953154.84599066,328,2023,1539035,2023/06/09 00:00:00+00,Junio,9,Viernes,1899/12/30 00:00:00+00,08:40:00,8,REGION METROPOLITANA,PROVIDENCIA,COLISION LATERAL,COLISION,URBANA,TRAMO DE VIA RECTA,IMPRUDENCIA DEL CONDUCTOR,CONDUCCION NO ATENTO CONDICIONES TRANSITO MOMENTO,GRAL BARI, ,- GRAL BARI,227, , ,UNIDIRECCIONAL,ASFALTO,BUENO,SECO,DESPEJADO,0,0,0,0,13,131,13123,Metropolitana de Santiago,Santiago,Providencia,Numero,"GRAL BARI 227, Providencia",-33.434764,-70.62459
-8085916.68788033,-4682024.40307918,329,2023,1537553,2023/06/09 00:00:00+00,Junio,9,Viernes,1899/12/30 00:00:00+00,18:20:00,18,REGION ARAUCANIA,TEMUCO,COLISION PERPENDICULAR,COLISION,URBANA,CRUCE CON SEÑAL CEDA EL PASO,DESOBEDIENCIA A SEÑALIZACION,SEÑALIZACION DESOBEDECER SEÑAL PARE,LUIS DURAND, ,- LUIS DURAND,51510, , ,BIDIRECCIONAL,CONCRETO,BUENO,MOJADO,DESPEJADO,0,1,0,0,09,091,09101,La Araucanía,Cautín,Temuco,Numero,"LUIS DURAND 51510, Temuco",-38.722673,-72.637025
-8077210.68564676,-4680378.32737501,330,2023,1537448,2023/06/09 00:00:00+00,Junio,9,Viernes,1899/12/30 00:00:00+00,20:15:00,20,REGION ARAUCANIA,TEMUCO,COLISION,COLISION,URBANA,TRAMO DE VIA RECTA,IMPRUDENCIA DEL CONDUCTOR,CONDUCCION NO ATENTO CONDICIONES TRANSITO MOMENTO,RUDECINDO ORTEGA, ,- RUDECINDO ORTEGA,2011, , ,BIDIRECCIONAL CON BANDEJON,CONCRETO,BUENO,SECO,NUBLADO,0,0,1,0,09,091,09101,La Araucanía,Cautín,Temuco,Numero,"RUDECINDO ORTEGA 2011, Temuco",-38.711136,-72.558818
-8125059.44067727,-4400771.51467558,331,2023,1539131,2023/06/10 00:00:00+00,Junio,10,Sábado,1899/12/30 00:00:00+00,12:15:00,12,REGION BIO BIO,PENCO,VOLCADURA,VOLCADURA,URBANA,TRAMO DE VIA RECTA,DEFICIENCIAS VIALES,ANIMALES SUELTOS VIA PUBLICA,MIRAMAR, ,- MIRAMAR,135, , ,UNIDIRECCIONAL,ASFALTO,BUENO,SECO,DESPEJADO,0,0,0,1,08,081,08107,Biobío,Concepción,Penco,Numero,"MIRAMAR 135, Penco",-36.724476,-72.988651
-7824160.69332384,-2094954.00407569,332,2023,1536986,2023/06/11 00:00:00+00,Junio,11,Domingo,1899/12/30 00:00:00+00,05:00:00,5,REGION ARICA Y PARINACOTA,ARICA,COLISION,COLISION,URBANA,TRAMO DE VIA RECTA,IMPRUDENCIA DEL CONDUCTOR,CONDUCCION NO ATENTO CONDICIONES TRANSITO MOMENTO,SENADOR HUMBERTO PALZA CORVACHO, ,- SENADOR HUMBERTO PALZA CORVACHO,3148, , ,BIDIRECCIONAL,ASFALTO,BUENO,SECO,LLUVIA,0,1,0,0,15,151,15101,Arica y Parinacota,Arica,Arica,Numero,"SENADOR HUMBERTO PALZA CORVACHO 3148, Arica",-18.489755,-70.285631
-7970973.9849281,-3901142.21884396,333,2023,1539859,2023/06/11 00:00:00+00,Junio,11,Domingo,1899/12/30 00:00:00+00,11:57:00,11,REGION VALPARAISO,VALPARAISO,CHOQUE POSTERIOR,CHOQUE,URBANA,TRAMO DE VIA RECTA,IMPRUDENCIA DEL CONDUCTOR,CONDUCCION NO ATENTO CONDICIONES TRANSITO MOMENTO,ARGENTINA, ,- ARGENTINA,51, , ,BIDIRECCIONAL,CONCRETO,BUENO,SECO,DESPEJADO,0,0,0,0,05,051,05101,Valparaíso,Valparaíso,Valparaíso,Numero,"ARGENTINA 51, Valparaíso",-33.043974,-71.604478
-7951994.46418365,-3901056.5504906,334,2023,1538323,2023/06/11 00:00:00+00,Junio,11,Domingo,1899/12/30 00:00:00+00,16:00:00,16,REGION VALPARAISO,QUILPUE,COLISION,COLISION,URBANA,TRAMO DE VIA RECTA,IMPRUDENCIA DEL CONDUCTOR,CONDUCCION SIN MANTENER DISTANCIA RAZONABLE NI PRUDENTE,FREIRE, ,- FREIRE,1351, , ,BIDIRECCIONAL,ASFALTO,BUENO,SECO,DESPEJADO,0,0,0,1,05,058,05801,Valparaíso,Marga Marga,Quilpué,Numero,"FREIRE 1351, Quilpué",-33.043329,-71.433982
-7868571.0990525,-3992825.83549483,335,2023,1542643,2023/06/12 00:00:00+00,Junio,12,Lunes,1899/12/30 00:00:00+00,06:20:00,6,REGION METROPOLITANA,BUIN,CHOQUE FRENTE/LADO,CHOQUE,URBANA,TRAMO DE VIA RECTA,VELOCIDAD IMPRUDENTE,VELOCIDAD NO RAZONABLE NI PRUDENTE,CAMINO PADRE HURTADO, ,- CAMINO PADRE HURTADO,31, , ,BIDIRECCIONAL,ASFALTO,BUENO,HUMEDO,NEBLINA,0,0,0,2,13,134,13402,Metropolitana de Santiago,Maipo,Buin,Numero,"CAMINO PADRE HURTADO 31, Buin",-33.73165,-70.684577
-7871124.62004958,-3960481.69420996,336,2023,1537514,2023/06/12 00:00:00+00,Junio,12,Lunes,1899/12/30 00:00:00+00,15:30:00,15,REGION METROPOLITANA,CERRILLOS,COLISION POR ALCANCE,COLISION,URBANA,TRAMO DE VIA RECTA,IMPRUDENCIA DEL CONDUCTOR,CONDUCCION NO ATENTO CONDICIONES TRANSITO MOMENTO,LAS HORTENSIAS, ,- LAS HORTENSIAS,400, , ,BIDIRECCIONAL,ASFALTO,BUENO,SECO,NUBLADO,0,0,0,1,13,131,13102,Metropolitana de Santiago,Santiago,Cerrillos,Numero,"LAS HORTENSIAS 400, Cerrillos",-33.489673,-70.707515
-8135849.06692692,-4403384.94061849,337,2023,1538231,2023/06/12 00:00:00+00,Junio,12,Lunes,1899/12/30 00:00:00+00,15:40:00,15,REGION BIO BIO,TALCAHUANO,COLISION LATERAL,COLISION,URBANA,TRAMO DE VIA RECTA,IMPRUDENCIA DEL CONDUCTOR,VIRAJES INDEBIDOS,MANUEL BAYON, ,- MANUEL BAYON,3512, , ,BIDIRECCIONAL,CONCRETO,BUENO,SECO,DESPEJADO,0,0,0,1,08,081,08110,Biobío,Concepción,Talcahuano,Numero,"MANUEL BAYON 3512, Talcahuano",-36.74329,-73.085576