X,Y,FID,Año,IdAccident,Fecha,Mes,Dia_mes,Dia_semana,Hora,Hora_texto,Hora_aprox,Región,Comuna,Tipo_Accid,Tipo__CONA,Zona,Ubicación,Causa__CON,Causa_Acci,Calle_Uno,Calle_Dos,Intersecci,Número,Ruta,Ubicaci_1,Calzada,Tipo_Calza,Estado_Cal,Condición,Estado_Atm,Fallecidos,Graves,Menos_Grav,Leves,CUT_REG,CUT_PROV,CUT_COM,REGION,PROVINCIA,COMUNA1,Tipo_direc,Direccion,Lat,Lon
-7873376.09141576,-3963450.3110276,338,2023,1540145,2023/06/12 00:00:00+00,Junio,12,Lunes,1899/12/30 00:00:00+00,17:30:00,17,REGION METROPOLITANA,MAIPU,VOLCADURA,VOLCADURA,URBANA,TRAMO DE VIA RECTA,IMPRUDENCIA DEL CONDUCTOR,CONDUCCION NO ATENTO CONDICIONES TRANSITO MOMENTO,CAMINO A MELIPILLA, ,- CAMINO A MELIPILLA,10939, , ,BIDIRECCIONAL CON BANDEJON,ASFALTO,BUENO,SECO,DESPEJADO,0,1,0,0,13,131,13119,Metropolitana de Santiago,Santiago,Maipú,Numero,"CAMINO A MELIPILLA 10939, Maipú",-33.51191,-70.727741
-7857135.96708759,-3963692.5631982,339,2023,1539955,2023/06/12 00:00:00+00,Junio,12,Lunes,1899/12/30 00:00:00+00,18:00:00,18,REGION METROPOLITANA,LA FLORIDA,CHOQUE FRENTE/POSTERIOR,CHOQUE,URBANA,TRAMO DE VIA RECTA,IMPRUDENCIA DEL CONDUCTOR,CONDUCCION SIN MANTENER DISTANCIA RAZONABLE NI PRUDENTE,EL PARQUE, ,- EL PARQUE,121, , ,BIDIRECCIONAL,ASFALTO,BUENO,SECO,DESPEJADO,0,0,0,0,13,131,13110,Metropolitana de Santiago,Santiago,La Florida,Numero,"EL PARQUE 121, La Florida",-33.513725,-70.581853
-7938185.67765927,-3499320.31605349,340,2023,1537962,2023/06/13 00:00:00+00,Junio,13,Martes,1899/12/30 00:00:00+00,00:30:00,0,REGION COQUIMBO,COQUIMBO,COLISION PERPENDICULAR,COLISION,URBANA,TRAMO DE VIA RECTA,IMPRUDENCIA DEL CONDUCTOR,CONDUCCION NO ATENTO CONDICIONES TRANSITO MOMENTO,LA CANTERA, ,- LA CANTERA,500, , ,UNIDIRECCIONAL,ASFALTO,BUENO,SECO,DESPEJADO,0,0,1,0,04,041,04102,Coquimbo,Elqui,Coquimbo,Numero,"LA CANTERA 500, Coquimbo",-29.96709,-71.309935
-7956842.71459973,-3900500.68424309,341,2023,1538305,2023/06/13 00:00:00+00,Junio,13,Martes,1899/12/30 00:00:00+00,16:30:00,16,REGION VALPARAISO,QUILPUE,CHOQUE POSTERIOR/FRENTE,CHOQUE,URBANA,TRAMO DE VIA RECTA,IMPRUDENCIA DEL CONDUCTOR,CONDUCCION NO ATENTO CONDICIONES TRANSITO MOMENTO,LOS CARRERA, ,- LOS CARRERA,1910, , ,BIDIRECCIONAL,ASFALTO,BUENO,SECO,DESPEJADO,0,0,0,0,05,058,05801,Valparaíso,Marga Marga,Quilpué,Numero,"LOS CARRERA 1910, Quilpué",-33.039143,-71.477534
-7887229.38217013,-4083621.46645718,342,2023,1539008,2023/06/13 00:00:00+00,Junio,13,Martes,1899/12/30 00:00:00+00,20:45:00,20,REGION LIB.B.O'HIGGINS,RENGO,COLISION LATERAL,COLISION,URBANA,CRUCE CON SEÑAL CEDA EL PASO,DESOBEDIENCIA A SEÑALIZACION,SEÑALIZACION DESOBEDECER SEÑAL CEDA EL PASO,CAUPOLICAN, ,- CAUPOLICAN,319, , ,BIDIRECCIONAL,ASFALTO,BUENO,SECO,DESPEJADO,0,0,0,1,06,061,06115,Libertador General Bernardo O'Higgins,Cachapoal,Rengo,Numero,"CAUPOLICAN 319, Rengo",-34.407278,-70.852187
-7947965.20349536,-3900412.44333575,343,2023,1538306,2023/06/13 00:00:00+00,Junio,13,Martes,1899/12/30 00:00:00+00,20:45:00,20,REGION VALPARAISO,VILLA ALEMANA,ATROPELLO,ATROPELLO,RURAL,TRAMO DE VIA RECTA,VELOCIDAD IMPRUDENTE,VELOCIDAD NO RAZONABLE NI PRUDENTE,RAFAEL FABRES, ,- RAFAEL FABRES,2596, , ,BIDIRECCIONAL,ASFALTO,BUENO,SECO,DESPEJADO,0,0,0,1,05,058,05804,Valparaíso,Marga Marga,Villa Alemana,Numero,"RAFAEL FABRES 2596, Villa Alemana",-33.038478,-71.397786
-7863916.4145849,-3948464.27319857,344,2023,1538375,2023/06/14 00:00:00+00,Junio,14,Miércoles,1899/12/30 00:00:00+00,09:25:00,9,REGION METROPOLITANA,RECOLETA,COLISION POR ALCANCE,COLISION,URBANA,CRUCE CON SEMAFORO FUNCIONANDO,IMPRUDENCIA DEL CONDUCTOR,CONDUCCION CAMBIAR SORPRESIVAMENTE PISTA CIRCULACION,RECOLETA, ,- RECOLETA,3005, , ,BIDIRECCIONAL,ASFALTO,BUENO,SECO,DESPEJADO,0,0,0,0,13,131,13127,Metropolitana de Santiago,Santiago,Recoleta,Numero,"RECOLETA 3005, Recoleta",-33.399594,-70.642763
-8085149.95276831,-4279011.08930966,345,2023,1538735,2023/06/14 00:00:00+00,Junio,14,Miércoles,1899/12/30 00:00:00+00,17:43:00,17,REGION MAULE,PELLUHUE,CHOQUE,CHOQUE,URBANA,TRAMO DE VIA RECTA,IMPRUDENCIA DEL CONDUCTOR,CONDUCCION NO ATENTO CONDICIONES TRANSITO MOMENTO,PADRE SAMUEL JOFRE, ,- PADRE SAMUEL JOFRE,99, , ,BIDIRECCIONAL,ASFALTO,REGULAR,MOJADO,DESPEJADO,0,1,0,1,07,072,07203,Maule,Cauquenes,Pelluhue,Numero,"PADRE SAMUEL JOFRE 99, Pelluhue",-35.84279,-72.630138
-7831108.98185944,-3168839.92053835,346,2023,1541881,2023/06/14 00:00:00+00,Junio,14,Miércoles,1899/12/30 00:00:00+00,17:50:00,17,REGION ATACAMA,COPIAPO,COLISION PERPENDICULAR,COLISION,URBANA,TRAMO DE VIA RECTA,IMPRUDENCIA DEL CONDUCTOR,VIRAJES INDEBIDOS,COPAYAPU, ,- COPAYAPU,485, , ,BIDIRECCIONAL,ASFALTO,BUENO,SECO,DESPEJADO,0,0,0,0,03,031,03101,Atacama,Copiapó,Copiapó,Numero,"COPAYAPU 485, Copiapó",-27.362541,-70.348049
-7945117.16366432,-4008604.31161838,347,2023,1539511,2023/06/14 00:00:00+00,Junio,14,Miércoles,1899/12/30 00:00:00+00,18:15:00,18,REGION METROPOLITANA,SAN PEDRO,COLISION LATERAL,COLISION,RURAL,TRAMO DE VIA RECTA,IMPRUDENCIA DEL CONDUCTOR,ADELANTAMIENTO SOBREPASANDO LINEA CONTINUA, , , ,0,G-60,30,BIDIRECCIONAL,ASFALTO,BUENO,SECO,DESPEJADO,0,1,0,0,13,135,13505,Metropolitana de Santiago,Melipilla,San Pedro,Numero,G-60 km 30,-33.849447,-71.372202
-7864487.65687485,-3952920.53612766,348,2023,1544674,2023/06/14 00:00:00+00,Junio,14,Miércoles,1899/12/30 00:00:00+00,20:30:00,20,REGION METROPOLITANA,INDEPENDENCIA,COLISION POR ALCANCE,COLISION,RURAL,TRAMO DE VIA RECTA,IMPRUDENCIA DEL CONDUCTOR,CONDUCCION SIN MANTENER DISTANCIA RAZONABLE NI PRUDENTE, , , ,0,"G-11, G-13","17,7",BIDIRECCIONAL CON BANDEJON,ASFALTO,BUENO,SECO,DESPEJADO,0,0,0,2,13,131,13108,Metropolitana de Santiago,Santiago,Independencia,Numero,"G-11, G-13 km 17,7",-33.433008,-70.647895
-8143350.32740765,-4442353.54310452,349,2023,1539468,2023/06/14 00:00:00+00,Junio,14,Miércoles,1899/12/30 00:00:00+00,23:00:00,23,REGION BIO BIO,CORONEL,VOLCADURA,VOLCADURA,URBANA,TRAMO DE VIA RECTA,IMPRUDENCIA DEL CONDUCTOR,CONDUCCION SIN MANTENER DISTANCIA RAZONABLE NI PRUDENTE,CARLOS PRATS, ,- CARLOS PRATS,80, , ,BIDIRECCIONAL,ASFALTO,BUENO,SECO,DESPEJADO,0,1,0,0,08,081,08102,Biobío,Concepción,Coronel,Numero,"CARLOS PRATS 80, Coronel",-37.02329,-73.152961
-8121396.26558922,-5080873.35516249,350,2023,1539377,2023/06/15 00:00:00+00,Junio,15,Jueves,1899/12/30 00:00:00+00,08:15:00,8,REGION LOS LAGOS,PUERTO MONTT,COLISION POR ALCANCE,COLISION,URBANA,TRAMO DE VIA RECTA,VELOCIDAD IMPRUDENTE,VELOCIDAD NO RAZONABLE NI PRUDENTE,CHINQUIHUE, ,- CHINQUIHUE,114, , ,BIDIRECCIONAL,ASFALTO,REGULAR,MOJADO,DESPEJADO,0,0,0,1,10,101,10101,Los Lagos,Llanquihue,Puerto Montt,Numero,"CHINQUIHUE 114, Puerto Montt",-41.462984,-72.955744
-7977664.21955534,-4232415.72550591,351,2023,1538508,2023/06/15 00:00:00+00,Junio,15,Jueves,1899/12/30 00:00:00+00,09:15:00,9,REGION MAULE,MAULE,COLISION LATERAL,COLISION,URBANA,TRAMO DE VIA RECTA,IMPRUDENCIA DEL CONDUCTOR,NO RESPETAR DERECHO PREFERENTE DE PASO A VEHICULO,CALETERA RUTA 5 SUR, ,- CALETERA RUTA 5 SUR,260, , ,BIDIRECCIONAL,ASFALTO,BUENO,SECO,DESPEJADO,0,0,0,1,07,071,07105,Maule,Talca,Maule,Numero,"CALETERA RUTA 5 SUR 260, Maule",-35.502759,-71.664577
-7864157.01710366,-3952987.44946092,352,2023,1539987,2023/06/15 00:00:00+00,Junio,15,Jueves,1899/12/30 00:00:00+00,14:25:00,14,REGION METROPOLITANA,INDEPENDENCIA,COLISION LATERAL,COLISION,RURAL,CRUCE CON SEÑAL PARE,IMPRUDENCIA DEL CONDUCTOR,CONDUCCION SIN MANTENER DISTANCIA RAZONABLE NI PRUDENTE, , , ,0,"G-11, G-13",18,UNIDIRECCIONAL,CONCRETO,BUENO,SECO,DESPEJADO,0,0,0,1,13,131,13108,Metropolitana de Santiago,Santiago,Independencia,Numero,"G-11, G-13 km 18",-33.433509,-70.644924
-7873579.15982974,-3964643.38697923,353,2023,1538927,2023/06/15 00:00:00+00,Junio,15,Jueves,1899/12/30 00:00:00+00,17:47:00,17,REGION METROPOLITANA,MAIPU,COLISION LATERAL,COLISION,URBANA,TRAMO DE VIA RECTA,IMPRUDENCIA DEL CONDUCTOR,CONDUCCION NO ATENTO CONDICIONES TRANSITO MOMENTO,LO ESPEJO, ,- LO ESPEJO,860, , ,BIDIRECCIONAL CON BANDEJON,CONCRETO,REGULAR,SECO,DESPEJADO,1,0,0,0,13,131,13119,Metropolitana de Santiago,Santiago,Maipú,Numero,"LO ESPEJO 860, Maipú",-33.520846,-70.729565
-8138825.15619898,-4401064.276631,354,2023,1540338,2023/06/15 00:00:00+00,Junio,15,Jueves,1899/12/30 00:00:00+00,19:00:00,19,REGION BIO BIO,TALCAHUANO,COLISION LATERAL,COLISION,URBANA,TRAMO DE VIA RECTA,IMPRUDENCIA DEL CONDUCTOR,NO RESPETAR DERECHO PREFERENTE DE PASO A PEATON,O'HIGGINS, ,- O'HIGGINS,375, , ,BIDIRECCIONAL,CONCRETO,BUENO,SECO,DESPEJADO,0,0,0,2,08,081,08110,Biobío,Concepción,Talcahuano,Numero,"O'HIGGINS 375, Talcahuano",-36.726584,-73.11231
-7862054.41596418,-3955973.59767793,355,2023,1539831,2023/06/15 00:00:00+00,Junio,15,Jueves,1899/12/30 00:00:00+00,19:40:00,19,REGION METROPOLITANA,ÑUÑOA,COLISION POR ALCANCE,COLISION,URBANA,CRUCE CON SEMAFORO FUNCIONANDO,IMPRUDENCIA DEL CONDUCTOR,CONDUCCION SIN MANTENER DISTANCIA RAZONABLE NI PRUDENTE,GRECIA, ,- GRECIA,320, , ,BIDIRECCIONAL CON BANDEJON,CONCRETO,BUENO,SECO,DESPEJADO,0,1,0,0,13,131,13120,Metropolitana de Santiago,Santiago,Ñuñoa,Numero,"GRECIA 320, Ñuñoa",-33.455893,-70.626036
-7864277.53677188,-3962101.53380737,356,2023,1540183,2023/06/16 00:00:00+00,Junio,16,Viernes,1899/12/30 00:00:00+00,08:00:00,8,REGION METROPOLITANA,SAN MIGUEL,COLISION LATERAL,COLISION,URBANA,TRAMO DE VIA RECTA,IMPRUDENCIA DEL CONDUCTOR,CONDUCCION NO ATENTO CONDICIONES TRANSITO MOMENTO,FRANKFORT, ,- FRANKFORT,5030, , ,UNIDIRECCIONAL,ASFALTO,BUENO,SECO,DESPEJADO,0,0,0,0,13,131,13130,Metropolitana de Santiago,Santiago,San Miguel,Numero,"FRANKFORT 5030, San Miguel",-33.501808,-70.646007
-7876291.80431334,-3963001.24120116,357,2023,1540216,2023/06/16 00:00:00+00,Junio,16,Viernes,1899/12/30 00:00:00+00,12:35:00,12,REGION METROPOLITANA,MAIPU,VOLCADURA,VOLCADURA,URBANA,CRUCE CON SEMAFORO FUNCIONANDO,IMPRUDENCIA DEL CONDUCTOR,CONDUCCION NO ATENTO CONDICIONES TRANSITO MOMENTO,PRIMERA TRANSVERSAL, ,- PRIMERA TRANSVERSAL,2100, , ,BIDIRECCIONAL,ASFALTO,BUENO,SECO,DESPEJADO,0,1,0,0,13,131,13119,Metropolitana de Santiago,Santiago,Maipú,Numero,"PRIMERA TRANSVERSAL 2100, Maipú",-33.508547,-70.753933
-7945078.26507201,-3901170.09771584,358,2023,1540880,2023/06/16 00:00:00+00,Junio,16,Viernes,1899/12/30 00:00:00+00,18:50:00,18,REGION VALPARAISO,VILLA ALEMANA,COLISION,COLISION,URBANA,TRAMO DE VIA RECTA,IMPRUDENCIA DEL CONDUCTOR,VIRAJES INDEBIDOS,VALPARAISO, ,- VALPARAISO,548, , ,BIDIRECCIONAL,ASFALTO,BUENO,SECO,DESPEJADO,0,0,1,3,05,058,05804,Valparaíso,Marga Marga,Villa Alemana,Numero,"VALPARAISO 548, Villa Alemana",-33.044184,-71.371852
-7864328.50706127,-3952200.33527918,359,2023,1539306,2023/06/17 00:00:00+00,Junio,17,Sábado,1899/12/30 00:00:00+00,07:22:00,7,REGION METROPOLITANA,RECOLETA,COLISION LATERAL,COLISION,URBANA,CRUCE CON SEÑAL PARE,IMPRUDENCIA DEL CONDUCTOR,CONDUCCION NO ATENTO CONDICIONES TRANSITO MOMENTO,RECOLETA, ,- RECOLETA,464, , ,BIDIRECCIONAL,ASFALTO,BUENO,SECO,DESPEJADO,0,0,0,1,13,131,13127,Metropolitana de Santiago,Santiago,Recoleta,Numero,"RECOLETA 464, Recoleta",-33.427608,-70.646465
-7858608.20007013,-3952623.62250797,360,2023,1539061,2023/06/17 00:00:00+00,Junio,17,Sábado,1899/12/30 00:00:00+00,09:30:00,9,REGION METROPOLITANA,PROVIDENCIA,CHOQUE POSTERIOR/POSTERIOR,CHOQUE,URBANA,TRAMO DE VIA RECTA,IMPRUDENCIA DEL CONDUCTOR,CONDUCCION NO ATENTO CONDICIONES TRANSITO MOMENTO,EL BOSQUE, ,- EL BOSQUE,1220, , ,UNIDIRECCIONAL,ASFALTO,BUENO,SECO,DESPEJADO,0,0,0,0,13,131,13123,Metropolitana de Santiago,Santiago,Providencia,Numero,"EL BOSQUE 1220, Providencia",-33.430782,-70.595079
-7860214.50877433,-3956668.96617718,361,2023,1539850,2023/06/17 00:00:00+00,Junio,17,Sábado,1899/12/30 00:00:00+00,18:00:00,18,REGION METROPOLITANA,ÑUÑOA,COLISION POR ALCANCE,COLISION,URBANA,TRAMO DE VIA RECTA,IMPRUDENCIA DEL CONDUCTOR,CONDUCCION NO ATENTO CONDICIONES TRANSITO MOMENTO,CAMPOS DE DEPORTES, ,- CAMPOS DE DEPORTES,780, , ,BIDIRECCIONAL CON BANDEJON,CONCRETO,BUENO,SECO,DESPEJADO,0,0,0,0,13,131,13120,Metropolitana de Santiago,Santiago,Ñuñoa,Numero,"CAMPOS DE DEPORTES 780, Ñuñoa",-33.461104,-70.609508
-12181128.934843,-3143216.4090577,362,2023,1538811,2023/06/17 00:00:00+00,Junio,17,Sábado,1899/12/30 00:00:00+00,18:50:00,18,REGION VALPARAISO,ISLA DE PASCUA,IMPACTO CON ANIMAL,OTRO TIPO,URBANA,TRAMO DE VIA RECTA,DEFICIENCIAS VIALES,ANIMALES SUELTOS VIA PUBLICA,HOTU MATUA, ,- HOTU MATUA,0, , ,BIDIRECCIONAL,ASFALTO,REGULAR,SECO,DESPEJADO,1,0,0,0,05,052,05201,Valparaíso,Isla de Pascua,Isla de Pascua,Numero,"HOTU MATUA 0, Isla de Pascua",-27.157926,-109.424943
-7977838.3903646,-4223308.31497257,363,2023,1539213,2023/06/17 00:00:00+00,Junio,17,Sábado,1899/12/30 00:00:00+00,19:20:00,19,REGION MAULE,MAULE,COLISION POR ALCANCE,COLISION,URBANA,TRAMO DE VIA RECTA,IMPRUDENCIA DEL CONDUCTOR,VIRAJES INDEBIDOS,ALAMEDA, ,- ALAMEDA,1, , ,BIDIRECCIONAL,ASFALTO,BUENO,HUMEDO,NUBLADO,0,0,1,0,07,071,07105,Maule,Talca,Maule,Numero,"ALAMEDA 1, Maule",-35.436128,-71.666142
-7855096.8721814,-3989505.50742228,364,2023,1539071,2023/06/17 00:00:00+00,Junio,17,Sábado,1899/12/30 00:00:00+00,22:30:00,22,REGION METROPOLITANA,PIRQUE,CHOQUE FRONTAL,CHOQUE,URBANA,TRAMO DE VIA RECTA,ALCOHOL EN CONDUCTOR,CONDUCCION BAJO LA INFLUENCIA DEL ALCOHOL,CALLE NUEVA, ,- CALLE NUEVA,9, , ,BIDIRECCIONAL,ASFALTO,REGULAR,SECO,NUBLADO,0,0,1,0,13,132,13202,Metropolitana de Santiago,Cordillera,Pirque,Numero,"CALLE NUEVA 9, Pirque",-33.706841,-70.563536
-8177934.59542492,-5070750.87927864,365,2023,1541289,2023/06/18 00:00:00+00,Junio,18,Domingo,1899/12/30 00:00:00+00,01:40:00,1,REGION LOS LAGOS,LOS MUERMOS,CHOQUE FRONTAL,CHOQUE,URBANA,TRAMO DE VIA RECTA,IMPRUDENCIA DEL CONDUCTOR,CONDUCCION NO ATENTO CONDICIONES TRANSITO MOMENTO,MANUEL MONTT, ,- MANUEL MONTT,229, , ,BIDIRECCIONAL,ASFALTO,BUENO,SECO,DESPEJADO,0,0,0,0,10,101,10106,Los Lagos,Llanquihue,Los Muermos,Numero,"MANUEL MONTT 229, Los Muermos",-41.394805,-73.463636
-7674017.34949529,-2568258.27426761,366,2023,1539342,2023/06/19 00:00:00+00,Junio,19,Lunes,1899/12/30 00:00:00+00,18:20:00,18,REGION ANTOFAGASTA,CALAMA,CHOQUE,CHOQUE,URBANA,TRAMO DE VIA RECTA,IMPRUDENCIA DEL CONDUCTOR,CONDUCCION NO ATENTO CONDICIONES TRANSITO MOMENTO,OASIS TOCONCE, ,- OASIS TOCONCE,2999, , ,BIDIRECCIONAL,ASFALTO,BUENO,SECO,DESPEJADO,0,0,0,1,02,022,02201,Antofagasta,El Loa,Calama,Numero,"OASIS TOCONCE 2999, Calama",-22.47174,-68.936871
-7862157.46282494,-3945485.35348013,367,2023,1541345,2023/06/20 00:00:00+00,Junio,20,Martes,1899/12/30 00:00:00+00,06:20:00,6,REGION METROPOLITANA,HUECHURABA,COLISION,COLISION,URBANA,TRAMO DE VIA RECTA,IMPRUDENCIA DEL CONDUCTOR,CONDUCCION NO ATENTO CONDICIONES TRANSITO MOMENTO,PDTE SALVADOR ALLENDE, ,- PDTE SALVADOR ALLENDE,5203, , ,BIDIRECCIONAL,ASFALTO,BUENO,SECO,DESPEJADO,0,0,0,0,13,131,13107,Metropolitana de Santiago,Santiago,Huechuraba,Numero,"PDTE SALVADOR ALLENDE 5203, Huechuraba",-33.37725,-70.626962
-7936014.37736584,-4179195.82772406,368,2023,1539734,2023/06/20 00:00:00+00,Junio,20,Martes,1899/12/30 00:00:00+00,12:15:00,12,REGION MAULE,MOLINA,CHOQUE FRONTAL,CHOQUE,URBANA,TRAMO DE VIA RECTA,IMPRUDENCIA DEL CONDUCTOR,CONDUCCION NO ATENTO CONDICIONES TRANSITO MOMENTO,AROMO, ,- AROMO,2078, , ,BIDIRECCIONAL,ASFALTO,BUENO,SECO,DESPEJADO,0,0,0,0,07,073,07304,Maule,Curicó,Molina,Numero,"AROMO 2078, Molina",-35.112617,-71.29043
-7928610.00094301,-4160564.51187236,369,2023,1541931,2023/06/20 00:00:00+00,Junio,20,Martes,1899/12/30 00:00:00+00,14:03:00,14,REGION MAULE,CURICO,COLISION POR ALCANCE,COLISION,URBANA,CRUCE CON SEÑAL CEDA EL PASO,IMPRUDENCIA DEL CONDUCTOR,CONDUCCION SIN MANTENER DISTANCIA RAZONABLE NI PRUDENTE,CARLOS CONDELL, ,- CARLOS CONDELL,785, , ,UNIDIRECCIONAL,CONCRETO,BUENO,SECO,NUBLADO,0,0,0,0,07,073,07301,Maule,Curicó,Curicó,Numero,"CARLOS CONDELL 785, Curicó",-34.975591,-71.223915
-7978342.1867243,-3943811.55417204,370,2023,1543533,2023/06/20 00:00:00+00,Junio,20,Martes,1899/12/30 00:00:00+00,14:30:00,14,REGION VALPARAISO,ALGARROBO,VOLCADURA,VOLCADURA,URBANA,ROTONDA,VELOCIDAD IMPRUDENTE,VELOCIDAD NO RAZONABLE NI PRUDENTE,CAMINO BORDE COSTERO, ,- CAMINO BORDE COSTERO,350, , ,UNIDIRECCIONAL,ASFALTO,BUENO,SECO,DESPEJADO,0,1,0,0,05,056,05602,Valparaíso,San Antonio,Algarrobo,Numero,"CAMINO BORDE COSTERO 350, Algarrobo",-33.364693,-71.670667
-8117994.35086727,-5082017.60543212,371,2023,1542729,2023/06/20 00:00:00+00,Junio,20,Martes,1899/12/30 00:00:00+00,14:45:00,14,REGION LOS LAGOS,PUERTO MONTT,COLISION PERPENDICULAR,COLISION,URBANA,TRAMO DE VIA RECTA,IMPRUDENCIA DEL CONDUCTOR,CONDUCCION NO ATENTO CONDICIONES TRANSITO MOMENTO,EGAÑA, ,- EGAÑA,651, , ,BIDIRECCIONAL,CONCRETO,BUENO,HUMEDO,NUBLADO,0,1,0,1,10,101,10101,Los Lagos,Llanquihue,Puerto Montt,Numero,"EGAÑA 651, Puerto Montt",-41.470686,-72.925184
-8051472.32259234,-4295734.36568518,372,2023,1542271,2023/06/20 00:00:00+00,Junio,20,Martes,1899/12/30 00:00:00+00,15:30:00,15,REGION MAULE,CAUQUENES,COLISION LATERAL,COLISION,URBANA,TRAMO DE VIA RECTA,ALCOHOL EN CONDUCTOR,CONDUCCION EN ESTADO DE EBRIEDAD,DOCTOR MEZA, ,- DOCTOR MEZA,1260, , ,BIDIRECCIONAL,CONCRETO,BUENO,HUMEDO,DESPEJADO,0,0,0,2,07,072,07201,Maule,Cauquenes,Cauquenes,Numero,"DOCTOR MEZA 1260, Cauquenes",-35.964476,-72.327606
-8143168.3755107,-4949903.81681603,373,2023,1539939,2023/06/20 00:00:00+00,Junio,20,Martes,1899/12/30 00:00:00+00,21:15:00,21,REGION LOS LAGOS,OSORNO,CHOQUE FRENTE/POSTERIOR,CHOQUE,URBANA,TRAMO DE VIA RECTA,VELOCIDAD IMPRUDENTE,VELOCIDAD NO RAZONABLE NI PRUDENTE,SANTIAGO, ,- SANTIAGO,388, , ,UNIDIRECCIONAL,CONCRETO,REGULAR,HUMEDO,NUBLADO,0,0,0,1,10,103,10301,Los Lagos,Osorno,Osorno,Numero,"SANTIAGO 388, Osorno",-40.575334,-73.151326
-7837334.87983632,-2712629.85401903,374,2023,1539747,2023/06/21 00:00:00+00,Junio,21,Miércoles,1899/12/30 00:00:00+00,00:50:00,0,REGION ANTOFAGASTA,ANTOFAGASTA,VOLCADURA,VOLCADURA,URBANA,TRAMO DE VIA RECTA,VELOCIDAD IMPRUDENTE,VELOCIDAD NO RAZONABLE NI PRUDENTE,GRECIA, ,- GRECIA,1140, , ,UNIDIRECCIONAL,ASFALTO,BUENO,SECO,DESPEJADO,0,0,0,1,02,021,02101,Antofagasta,Antofagasta,Antofagasta,Numero,"GRECIA 1140, Antofagasta",-23.664919,-70.403977
-7854295.59419724,-3950897.45997601,375,2023,1539540,2023/06/21 00:00:00+00,Junio,21,Miércoles,1899/12/30 00:00:00+00,03:30:00,3,REGION METROPOLITANA,LAS CONDES,CHOQUE FRONTAL,CHOQUE,URBANA,TRAMO DE VIA RECTA,IMPRUDENCIA DEL CONDUCTOR,CONDUCCION CONTRA SENTIDO DEL TRANSITO,CRISTOBAL COLON, ,- CRISTOBAL COLON,7155, , ,BIDIRECCIONAL,ASFALTO,BUENO,SECO,NUBLADO,1,0,0,0,13,131,13114,Metropolitana de Santiago,Santiago,Las Condes,Numero,"CRISTOBAL COLON 7155, Las Condes",-33.41784,-70.556338
-8152447.63568512,-4844310.37942138,376,2023,1539981,2023/06/21 00:00:00+00,Junio,21,Miércoles,1899/12/30 00:00:00+00,13:15:00,13,REGION DE LOS RIOS,VALDIVIA,COLISION FRONTAL,COLISION,URBANA,TRAMO DE VIA RECTA,IMPRUDENCIA DEL CONDUCTOR,CONDUCCION NO ATENTO CONDICIONES TRANSITO MOMENTO,INTENDENTE LUIS DAMANN ASENJO, ,- INTENDENTE LUIS DAMANN ASENJO,963, , ,BIDIRECCIONAL CON BANDEJON,CONCRETO,BUENO,HUMEDO,LLOVIZNA,0,0,0,0,14,141,14101,Los Ríos,Valdivia,Valdivia,Numero,"INTENDENTE LUIS DAMANN ASENJO 963, Valdivia",-39.850978,-73.234683
-7856871.10371033,-3946104.43453685,377,2023,1540640,2023/06/21 00:00:00+00,Junio,21,Miércoles,1899/12/30 00:00:00+00,15:00:00,15,REGION METROPOLITANA,VITACURA,COLISION POR ALCANCE,COLISION,URBANA,CRUCE CON SEÑAL PARE,IMPRUDENCIA DEL CONDUCTOR,CONDUCCION SIN MANTENER DISTANCIA RAZONABLE NI PRUDENTE,COST MONS ESCRIVA DE BALAGUER, ,- COST MONS ESCRIVA DE BALAGUER,6400, , ,BIDIRECCIONAL,ASFALTO,BUENO,SECO,DESPEJADO,0,0,0,0,13,131,13132,Metropolitana de Santiago,Santiago,Vitacura,Numero,"COST MONS ESCRIVA DE BALAGUER 6400, Vitacura",-33.381894,-70.579474
-7864119.96269683,-3953568.24875357,378,2023,1540785,2023/06/21 00:00:00+00,Junio,21,Miércoles,1899/12/30 00:00:00+00,18:40:00,18,REGION METROPOLITANA,SANTIAGO,CHOQUE POSTERIOR/LADO,CHOQUE,URBANA,OTROS NO CONSIDERADOS,IMPRUDENCIA DEL CONDUCTOR,CONDUCCION NO ATENTO CONDICIONES TRANSITO MOMENTO,MERCED, ,- MERCED,520, , ,UNIDIRECCIONAL,CONCRETO,BUENO,SECO,LLOVIZNA,0,0,0,0,13,131,13101,Metropolitana de Santiago,Santiago,Santiago,Numero,"MERCED 520, Santiago",-33.437863,-70.644592
-7875691.1851326,-3956633.44348408,379,2023,1541439,2023/06/22 00:00:00+00,Junio,22,Jueves,1899/12/30 00:00:00+00,19:30:00,19,REGION METROPOLITANA,PUDAHUEL,COLISION LATERAL,COLISION,URBANA,TRAMO DE VIA RECTA,IMPRUDENCIA DEL CONDUCTOR,CONDUCCION CAMBIAR SORPRESIVAMENTE PISTA CIRCULACION,LAGUNA SUR, ,- LAGUNA SUR,8342, , ,BIDIRECCIONAL CON BANDEJON,ASFALTO,BUENO,SECO,DESPEJADO,0,0,0,0,13,131,13124,Metropolitana de Santiago,Santiago,Pudahuel,Numero,"LAGUNA SUR 8342, Pudahuel",-33.460838,-70.748538