X,Y,FID,Año,IdAccident,Fecha,Mes,Dia_mes,Dia_semana,Hora,Hora_texto,Hora_aprox,Región,Comuna,Tipo_Accid,Tipo__CONA,Zona,Ubicación,Causa__CON,Causa_Acci,Calle_Uno,Calle_Dos,Intersecci,Número,Ruta,Ubicaci_1,Calzada,Tipo_Calza,Estado_Cal,Condición,Estado_Atm,Fallecidos,Graves,Menos_Grav,Leves,CUT_REG,CUT_PROV,CUT_COM,REGION,PROVINCIA,COMUNA1,Tipo_direc,Direccion,Lat,Lon
-7867041.08758069,-3946992.10403568,380,2023,1542022,2023/06/23 00:00:00+00,Junio,23,Viernes,1899/12/30 00:00:00+00,18:20:00,18,REGION METROPOLITANA,CONCHALI,ATROPELLO,ATROPELLO,URBANA,OTROS NO CONSIDERADOS,IMPRUDENCIA DEL CONDUCTOR,NO RESPETAR DERECHO PREFERENTE DE PASO A PEATON,PEDRO FONTOVA, ,- PEDRO FONTOVA,4128, , ,BIDIRECCIONAL,CONCRETO,BUENO,SECO,NUBLADO,0,0,1,0,13,131,13104,Metropolitana de Santiago,Santiago,Conchalí,Numero,"PEDRO FONTOVA 4128, Conchalí",-33.388552,-70.670832
-7941521.18142166,-3498381.06440726,381,2023,1541755,2023/06/24 00:00:00+00,Junio,24,Sábado,1899/12/30 00:00:00+00,14:20:00,14,REGION COQUIMBO,COQUIMBO,CHOQUE POSTERIOR/LADO,CHOQUE,URBANA,TRAMO DE VIA RECTA,IMPRUDENCIA DEL CONDUCTOR,CONDUCCION NO ATENTO CONDICIONES TRANSITO MOMENTO,ALDUNATE, ,- ALDUNATE,1800, , ,UNIDIRECCIONAL,ASFALTO,BUENO,SECO,DESPEJADO,0,0,0,0,04,041,04102,Coquimbo,Elqui,Coquimbo,Numero,"ALDUNATE 1800, Coquimbo",-29.959781,-71.339899
-8121971.58120406,-5082302.62891124,382,2023,1541165,2023/06/24 00:00:00+00,Junio,24,Sábado,1899/12/30 00:00:00+00,16:19:00,16,REGION LOS LAGOS,PUERTO MONTT,COLISION POR ALCANCE,COLISION,URBANA,CRUCE CON SEÑAL CEDA EL PASO,IMPRUDENCIA DEL CONDUCTOR,NO RESPETAR DERECHO PREFERENTE DE PASO A VEHICULO,GABRIELA MISTRAL, ,- GABRIELA MISTRAL,1, , ,BIDIRECCIONAL,CONCRETO,REGULAR,MOJADO,LLUVIA,0,0,0,0,10,101,10101,Los Lagos,Llanquihue,Puerto Montt,Numero,"GABRIELA MISTRAL 1, Puerto Montt",-41.472604,-72.960912
-8139344.26117053,-4400819.21787305,383,2023,1540765,2023/06/24 00:00:00+00,Junio,24,Sábado,1899/12/30 00:00:00+00,20:03:00,20,REGION BIO BIO,TALCAHUANO,COLISION LATERAL,COLISION,URBANA,TRAMO DE VIA RECTA,IMPRUDENCIA DEL CONDUCTOR,CONDUCCION CAMBIAR SORPRESIVAMENTE PISTA CIRCULACION,SANTA MARIA, ,- SANTA MARIA,3177, , ,BIDIRECCIONAL,CONCRETO,BUENO,SECO,DESPEJADO,0,1,0,0,08,081,08110,Biobío,Concepción,Talcahuano,Numero,"SANTA MARIA 3177, Talcahuano",-36.724819,-73.116974
-7965727.22116562,-3902165.11596571,384,2023,1541672,2023/06/24 00:00:00+00,Junio,24,Sábado,1899/12/30 00:00:00+00,21:00:00,21,REGION VALPARAISO,VIÑA DEL MAR,COLISION POR ALCANCE,COLISION,URBANA,TRAMO DE VIA RECTA,IMPRUDENCIA DEL CONDUCTOR,CONDUCCION NO ATENTO CONDICIONES TRANSITO MOMENTO,VARIANTE AGUA SANTA, ,- VARIANTE AGUA SANTA,3750, , ,BIDIRECCIONAL,CONCRETO,BUENO,SECO,DESPEJADO,0,1,0,0,05,051,05109,Valparaíso,Valparaíso,Viña del Mar,Numero,"VARIANTE AGUA SANTA 3750, Viña del Mar",-33.051676,-71.557345
-7931121.63368475,-4174206.9563979,385,2023,1540165,2023/06/25 00:00:00+00,Junio,25,Domingo,1899/12/30 00:00:00+00,05:30:00,5,REGION MAULE,MOLINA,VOLCADURA,VOLCADURA,URBANA,TRAMO DE VIA RECTA,ALCOHOL EN CONDUCTOR,CONDUCCION EN ESTADO DE EBRIEDAD,CAMINO LA MARAVILLA, ,- CAMINO LA MARAVILLA,1, , ,BIDIRECCIONAL,ASFALTO,BUENO,HUMEDO,NUBLADO,0,0,1,0,07,073,07304,Maule,Curicó,Molina,Numero,"CAMINO LA MARAVILLA 1, Molina",-35.075948,-71.246478
-7969776.12313167,-4279136.78078451,386,2023,1542969,2023/06/26 00:00:00+00,Junio,26,Lunes,1899/12/30 00:00:00+00,18:15:00,18,REGION MAULE,LINARES,IMPACTO CON ANIMAL,OTRO TIPO,URBANA,TRAMO DE VIA RECTA,DEFICIENCIAS VIALES,ANIMALES SUELTOS VIA PUBLICA,LOS ALAMOS, ,- LOS ALAMOS,76, , ,BIDIRECCIONAL,ASFALTO,BUENO,SECO,LLUVIA,0,0,0,2,07,074,07401,Maule,Linares,Linares,Numero,"LOS ALAMOS 76, Linares",-35.843706,-71.593717
-7867100.71803667,-3923638.47661837,387,2023,1541838,2023/06/27 00:00:00+00,Junio,27,Martes,1899/12/30 00:00:00+00,07:30:00,7,REGION METROPOLITANA,COLINA,COLISION FRONTAL,COLISION,URBANA,TRAMO DE VIA RECTA,IMPRUDENCIA DEL CONDUCTOR,CONDUCCION POR IZQUIERDA EJE CALZADA,CALETERA GRAL SAN MARTIN, ,- CALETERA GRAL SAN MARTIN,14000, , ,BIDIRECCIONAL,ASFALTO,BUENO,SECO,DESPEJADO,0,0,0,0,13,133,13301,Metropolitana de Santiago,Chacabuco,Colina,Numero,"CALETERA GRAL SAN MARTIN 14000, Colina",-33.213211,-70.671368
-7882422.87017336,-3952635.77504414,388,2023,1541014,2023/06/27 00:00:00+00,Junio,27,Martes,1899/12/30 00:00:00+00,08:30:00,8,REGION METROPOLITANA,VITACURA,COLISION LATERAL,COLISION,RURAL,TRAMO DE VIA RECTA,IMPRUDENCIA DEL CONDUCTOR,CONDUCCION CAMBIAR SORPRESIVAMENTE PISTA CIRCULACION, , , ,0,"G-11, G-13",1,BIDIRECCIONAL CON BANDEJON,ASFALTO,BUENO,SECO,DESPEJADO,0,1,0,0,13,131,13132,Metropolitana de Santiago,Santiago,Vitacura,Numero,"G-11, G-13 km 1",-33.430873,-70.809009
-7836886.98031027,-2712699.65166976,389,2023,1540685,2023/06/27 00:00:00+00,Junio,27,Martes,1899/12/30 00:00:00+00,17:30:00,17,REGION ANTOFAGASTA,ANTOFAGASTA,CHOQUE POSTERIOR/FRENTE,CHOQUE,URBANA,TRAMO DE VIA RECTA,IMPRUDENCIA DEL CONDUCTOR,CONDUCCION NO ATENTO CONDICIONES TRANSITO MOMENTO,BARON DE LA RIVIERE, ,- BARON DE LA RIVIERE,1030, , ,UNIDIRECCIONAL,ASFALTO,BUENO,SECO,DESPEJADO,0,0,0,1,02,021,02101,Antofagasta,Antofagasta,Antofagasta,Numero,"BARON DE LA RIVIERE 1030, Antofagasta",-23.665493,-70.399954
-7960164.4238512,-3752523.1488541,390,2023,1542092,2023/06/27 00:00:00+00,Junio,27,Martes,1899/12/30 00:00:00+00,18:50:00,18,REGION COQUIMBO,LOS VILOS,COLISION,COLISION,RURAL,TRAMO DE VIA RECTA,IMPRUDENCIA DEL CONDUCTOR,CONDUCCION NO ATENTO CONDICIONES TRANSITO MOMENTO,LAS PERDICILLAS, ,- LAS PERDICILLAS,135, , ,BIDIRECCIONAL,ASFALTO,BUENO,SECO,DESPEJADO,0,0,0,0,04,042,04203,Coquimbo,Choapa,Los Vilos,Numero,"LAS PERDICILLAS 135, Los Vilos",-31.917783,-71.507374
-7826000.96301448,-2093829.65713503,391,2023,1542946,2023/06/28 00:00:00+00,Junio,28,Miércoles,1899/12/30 00:00:00+00,00:40:00,0,REGION ARICA Y PARINACOTA,ARICA,CHOQUE FRENTE/POSTERIOR,CHOQUE,URBANA,TRAMO DE VIA RECTA,IMPRUDENCIA DEL CONDUCTOR,CONDUCCION NO ATENTO CONDICIONES TRANSITO MOMENTO,ROMULO PEÑA, ,- ROMULO PEÑA,1455, , ,UNIDIRECCIONAL,ASFALTO,BUENO,SECO,DESPEJADO,0,0,0,0,15,151,15101,Arica y Parinacota,Arica,Arica,Numero,"ROMULO PEÑA 1455, Arica",-18.480176,-70.302163
-7868842.83394816,-3874123.09481161,392,2023,1542359,2023/06/28 00:00:00+00,Junio,28,Miércoles,1899/12/30 00:00:00+00,08:15:00,8,REGION VALPARAISO,RINCONADA,COLISION POR ALCANCE,COLISION,URBANA,TRAMO DE VIA RECTA,IMPRUDENCIA DEL CONDUCTOR,CONDUCCION SIN MANTENER DISTANCIA RAZONABLE NI PRUDENTE,CARRETERA GENERAL SAN MARTIN, ,- CARRETERA GENERAL SAN MARTIN,975, , ,BIDIRECCIONAL,ASFALTO,BUENO,SECO,DESPEJADO,0,0,0,0,05,053,05303,Valparaíso,Los Andes,Rinconada,Numero,"CARRETERA GENERAL SAN MARTIN 975, Rinconada",-32.840281,-70.687018
-7859737.67330512,-3960050.58587795,393,2023,1543302,2023/06/28 00:00:00+00,Junio,28,Miércoles,1899/12/30 00:00:00+00,10:20:00,10,REGION METROPOLITANA,MACUL,COLISION FRONTAL,COLISION,URBANA,TRAMO DE VIA RECTA,IMPRUDENCIA DEL CONDUCTOR,CONDUCCION NO ATENTO CONDICIONES TRANSITO MOMENTO,LOS INDUSTRIALES, ,- LOS INDUSTRIALES,24645, , ,BIDIRECCIONAL,ASFALTO,BUENO,SECO,DESPEJADO,0,0,0,1,13,131,13118,Metropolitana de Santiago,Santiago,Macul,Numero,"LOS INDUSTRIALES 24645, Macul",-33.486443,-70.605225
-7964121.81992677,-3897315.14703574,394,2023,1541538,2023/06/28 00:00:00+00,Junio,28,Miércoles,1899/12/30 00:00:00+00,10:25:00,10,REGION VALPARAISO,VIÑA DEL MAR,COLISION POR ALCANCE,COLISION,URBANA,TRAMO DE VIA RECTA,IMPRUDENCIA DEL CONDUCTOR,CONDUCCION NO ATENTO CONDICIONES TRANSITO MOMENTO,5 ORIENTE, ,- 5 ORIENTE,850, , ,UNIDIRECCIONAL,CONCRETO,BUENO,SECO,DESPEJADO,0,0,0,0,05,051,05109,Valparaíso,Valparaíso,Viña del Mar,Numero,"5 ORIENTE 850, Viña del Mar",-33.015151,-71.542924
-7855170.63611615,-3949580.93005186,395,2023,1546140,2023/06/28 00:00:00+00,Junio,28,Miércoles,1899/12/30 00:00:00+00,10:40:00,10,REGION METROPOLITANA,LAS CONDES,COLISION POR ALCANCE,COLISION,URBANA,TRAMO DE VIA RECTA,IMPRUDENCIA DEL CONDUCTOR,CONDUCCION SIN MANTENER DISTANCIA RAZONABLE NI PRUDENTE,APOQUINDO, ,- APOQUINDO,6420, , ,BIDIRECCIONAL CON BANDEJON,ASFALTO,BUENO,SECO,DESPEJADO,0,0,0,2,13,131,13114,Metropolitana de Santiago,Santiago,Las Condes,Numero,"APOQUINDO 6420, Las Condes",-33.407968,-70.564198
-7835219.94507612,-2705841.49516906,396,2023,1543456,2023/06/28 00:00:00+00,Junio,28,Miércoles,1899/12/30 00:00:00+00,14:10:00,14,REGION ANTOFAGASTA,ANTOFAGASTA,COLISION PERPENDICULAR,COLISION,URBANA,CRUCE SIN SEÑALIZACION,IMPRUDENCIA DEL CONDUCTOR,CONDUCCION NO ATENTO CONDICIONES TRANSITO MOMENTO,ANTONIO RENDIC, ,- ANTONIO RENDIC,6851, , ,BIDIRECCIONAL,ASFALTO,BUENO,SECO,DESPEJADO,0,1,0,0,02,021,02101,Antofagasta,Antofagasta,Antofagasta,Numero,"ANTONIO RENDIC 6851, Antofagasta",-23.609054,-70.384978
-7867422.47526947,-3920712.72188913,397,2023,1541841,2023/06/28 00:00:00+00,Junio,28,Miércoles,1899/12/30 00:00:00+00,20:00:00,20,REGION METROPOLITANA,COLINA,CHOQUE POSTERIOR/FRENTE,CHOQUE,URBANA,TRAMO DE VIA RECTA,IMPRUDENCIA DEL CONDUCTOR,CONDUCIR VEHICULO EN RETROCESO,FONTT, ,- FONTT,1200, , ,BIDIRECCIONAL,ASFALTO,BUENO,SECO,DESPEJADO,0,0,0,0,13,133,13301,Metropolitana de Santiago,Chacabuco,Colina,Numero,"FONTT 1200, Colina",-33.191219,-70.674259
-7880396.60860109,-3970603.12520651,398,2023,1541919,2023/06/29 00:00:00+00,Junio,29,Jueves,1899/12/30 00:00:00+00,11:25:00,11,REGION METROPOLITANA,PADRE HURTADO,CHOQUE POSTERIOR,CHOQUE,URBANA,OTROS NO CONSIDERADOS,IMPRUDENCIA DEL CONDUCTOR,CONDUCCION NO ATENTO CONDICIONES TRANSITO MOMENTO,SEGUNDA AVENIDA, ,- SEGUNDA AVENIDA,1236, , ,UNIDIRECCIONAL,ASFALTO,REGULAR,SECO,DESPEJADO,0,0,0,0,13,136,13604,Metropolitana de Santiago,Talagante,Padre Hurtado,Numero,"SEGUNDA AVENIDA 1236, Padre Hurtado",-33.565468,-70.790807
-8138642.69880023,-4409076.31807863,399,2023,1541254,2023/06/29 00:00:00+00,Junio,29,Jueves,1899/12/30 00:00:00+00,19:20:00,19,REGION BIO BIO,HUALPEN,COLISION,COLISION,URBANA,TRAMO DE VIA RECTA,ALCOHOL EN CONDUCTOR,CONDUCCION EN ESTADO DE EBRIEDAD,GRAN BRETAÑA, ,- GRAN BRETAÑA,2925, , ,BIDIRECCIONAL CON BANDEJON,CONCRETO,BUENO,SECO,DESPEJADO,0,1,0,0,08,081,08112,Biobío,Concepción,Hualpén,Numero,"GRAN BRETAÑA 2925, Hualpén",-36.784248,-73.110671
-7875006.86061885,-4051894.6444429,400,2023,1541519,2023/06/30 00:00:00+00,Junio,30,Viernes,1899/12/30 00:00:00+00,13:00:00,13,REGION LIB.B.O'HIGGINS,RANCAGUA,COLISION LATERAL,COLISION,URBANA,TRAMO DE VIA RECTA,IMPRUDENCIA DEL CONDUCTOR,NO RESPETAR DERECHO PREFERENTE DE PASO A VEHICULO,CAMPOS, ,- CAMPOS,543, , ,UNIDIRECCIONAL,CONCRETO,BUENO,SECO,DESPEJADO,0,0,0,0,06,061,06101,Libertador General Bernardo O'Higgins,Cachapoal,Rancagua,Numero,"CAMPOS 543, Rancagua",-34.171805,-70.74239
-7859304.13067607,-3952344.21586822,401,2023,1542137,2023/06/30 00:00:00+00,Junio,30,Viernes,1899/12/30 00:00:00+00,18:30:00,18,REGION METROPOLITANA,PROVIDENCIA,COLISION LATERAL,COLISION,URBANA,TRAMO DE VIA RECTA,IMPRUDENCIA DEL CONDUCTOR,CONDUCCION CAMBIAR SORPRESIVAMENTE PISTA CIRCULACION,HOLANDA, ,- HOLANDA,1055, , ,UNIDIRECCIONAL,ASFALTO,BUENO,SECO,DESPEJADO,0,0,0,0,13,131,13123,Metropolitana de Santiago,Santiago,Providencia,Numero,"HOLANDA 1055, Providencia",-33.428687,-70.60133
-7859304.13067607,-3952344.21586822,402,2023,1544462,2023/06/30 00:00:00+00,Junio,30,Viernes,1899/12/30 00:00:00+00,18:30:00,18,REGION METROPOLITANA,PROVIDENCIA,COLISION POR ALCANCE,COLISION,URBANA,CRUCE CON SEMAFORO FUNCIONANDO,IMPRUDENCIA DEL CONDUCTOR,CONDUCCION NO ATENTO CONDICIONES TRANSITO MOMENTO,HOLANDA, ,- HOLANDA,1055, , ,UNIDIRECCIONAL,ASFALTO,REGULAR,CON BARRO,DESPEJADO,0,0,0,0,13,131,13123,Metropolitana de Santiago,Santiago,Providencia,Numero,"HOLANDA 1055, Providencia",-33.428687,-70.60133
-7870372.44216511,-3960267.53309701,403,2023,1541786,2023/06/30 00:00:00+00,Junio,30,Viernes,1899/12/30 00:00:00+00,19:00:00,19,REGION METROPOLITANA,CERRILLOS,COLISION PERPENDICULAR,COLISION,URBANA,TRAMO DE VIA RECTA,IMPRUDENCIA DEL CONDUCTOR,CONDUCCION NO ATENTO CONDICIONES TRANSITO MOMENTO,PEDRO AGUIRRE CERDA, ,- PEDRO AGUIRRE CERDA,5355, , ,BIDIRECCIONAL CON BANDEJON,ASFALTO,BUENO,SECO,NUBLADO,0,0,0,1,13,131,13102,Metropolitana de Santiago,Santiago,Cerrillos,Numero,"PEDRO AGUIRRE CERDA 5355, Cerrillos",-33.488069,-70.700759
-7932308.11715981,-3492261.36733856,404,2023,1542626,2023/06/30 00:00:00+00,Junio,30,Viernes,1899/12/30 00:00:00+00,20:30:00,20,REGION COQUIMBO,LA SERENA,COLISION FRONTAL,COLISION,URBANA,TRAMO DE VIA RECTA,VELOCIDAD IMPRUDENTE,VELOCIDAD NO RAZONABLE NI PRUDENTE,ALBERTO SOLARI, ,- ALBERTO SOLARI,1400, , ,BIDIRECCIONAL,ASFALTO,BUENO,SECO,DESPEJADO,0,0,0,1,04,041,04101,Coquimbo,Elqui,La Serena,Numero,"ALBERTO SOLARI 1400, La Serena",-29.912141,-71.257136
-7877076.0690169,-3993193.03847856,405,2023,1570892,2023/10/15 00:00:00+00,Octubre,15,Domingo,1899/12/30 00:00:00+00,22:43:00,22,REGION METROPOLITANA,BUIN,COLISION LATERAL,COLISION,URBANA,TRAMO DE VIA RECTA,IMPRUDENCIA DEL CONDUCTOR,CONDUCCION CAMBIAR SORPRESIVAMENTE PISTA CIRCULACION,CAMINO BUIN MAIPO, ,- CAMINO BUIN MAIPO,1996, , ,BIDIRECCIONAL,CONCRETO,BUENO,SECO,DESPEJADO,0,0,0,0,13,134,13402,Metropolitana de Santiago,Maipo,Buin,Numero,"CAMINO BUIN MAIPO 1996, Buin",-33.734393,-70.760978
-7856982.38645456,-3870144.81472595,406,2023,1541655,2023/07/01 00:00:00+00,Julio,1,Sábado,1899/12/30 00:00:00+00,03:35:00,3,REGION VALPARAISO,SAN ESTEBAN,VOLCADURA,VOLCADURA,URBANA,CRUCE CON SEMAFORO FUNCIONANDO,VELOCIDAD IMPRUDENTE,VELOCIDAD NO RAZONABLE NI PRUDENTE,LA FLORIDA, ,- LA FLORIDA,440, , ,BIDIRECCIONAL,ASFALTO,BUENO,SECO,DESPEJADO,1,0,0,0,05,053,05304,Valparaíso,Los Andes,San Esteban,Numero,"LA FLORIDA 440, San Esteban",-32.81025,-70.580474
-8080988.70560255,-4909468.00675335,407,2023,1508578,2023/01/19 00:00:00+00,Enero,19,Jueves,1899/12/30 00:00:00+00,08:33:00,8,REGION DE LOS RIOS,LAGO RANCO,VOLCADURA,VOLCADURA,RURAL,TRAMO DE VIA RECTA,ALCOHOL EN CONDUCTOR,CONDUCCION EN ESTADO DE EBRIEDAD, , , ,0,T-761,5,BIDIRECCIONAL,ASFALTO,BUENO,SECO,DESPEJADO,0,0,0,1,14,142,14203,Los Ríos,Ranco,Lago Ranco,Ruta,T-761 km 5,-40.298865,-72.592757
-7927625.33274729,-4161549.18730237,408,2023,1504460,2023/01/19 00:00:00+00,Enero,19,Jueves,1899/12/30 00:00:00+00,12:00:00,12,REGION MAULE,CURICO,COLISION PERPENDICULAR,COLISION,RURAL,TRAMO DE VIA RECTA,IMPRUDENCIA DEL CONDUCTOR,CONDUCCION NO ATENTO CONDICIONES TRANSITO MOMENTO, , , ,0,RUTA 5 SUR,"189,7",BIDIRECCIONAL,ASFALTO,BUENO,SECO,DESPEJADO,0,1,1,0,07,073,07301,Maule,Curicó,Curicó,Ruta,"RUTA 5 SUR km 189,7",-34.982838,-71.21507
-7867609.68028865,-3922487.86142124,409,2023,1541876,2023/07/01 00:00:00+00,Julio,1,Sábado,1899/12/30 00:00:00+00,17:05:00,17,REGION METROPOLITANA,COLINA,COLISION FRONTAL,COLISION,URBANA,TRAMO DE VIA RECTA,IMPRUDENCIA DEL CONDUCTOR,CONDUCCION CONTRA SENTIDO DEL TRANSITO,JUAN PABLO II, ,- JUAN PABLO II,14200, , ,BIDIRECCIONAL,ASFALTO,BUENO,SECO,DESPEJADO,1,0,0,0,13,133,13301,Metropolitana de Santiago,Chacabuco,Colina,Numero,"JUAN PABLO II 14200, Colina",-33.204563,-70.67594
-7931075.8503159,-3880763.77536469,410,2023,1501057,2023/01/01 00:00:00+00,Enero,1,Domingo,1899/12/30 00:00:00+00,07:15:00,7,REGION VALPARAISO,QUILLOTA,CHOQUE,CHOQUE,URBANA,TRAMO DE VIA RECTA,VELOCIDAD IMPRUDENTE,VELOCIDAD NO RAZONABLE NI PRUDENTE,RAMON FREIRE, ,- RAMON FREIRE,1144, , ,BIDIRECCIONAL,ASFALTO,BUENO,SECO,DESPEJADO,0,1,0,0,05,055,05501,Valparaíso,Quillota,Quillota,Numero,"RAMON FREIRE 1144, Quillota",-32.890388,-71.246067
-7878563.37871052,-3962945.44831469,411,2023,1568357,2023/10/15 00:00:00+00,Octubre,15,Domingo,1899/12/30 00:00:00+00,23:00:00,23,REGION METROPOLITANA,MAIPU,VOLCADURA,VOLCADURA,URBANA,TRAMO DE VIA RECTA,ALCOHOL EN CONDUCTOR,CONDUCCION EN ESTADO DE EBRIEDAD,CAMINO A RINCONADA, ,- CAMINO A RINCONADA,1201, , ,BIDIRECCIONAL CON BANDEJON,ASFALTO,BUENO,SECO,DESPEJADO,0,0,0,0,13,131,13119,Metropolitana de Santiago,Santiago,Maipú,Numero,"CAMINO A RINCONADA 1201, Maipú",-33.508129,-70.774339
-8029296.95267249,-4524540.46963647,412,2023,1506736,2023/01/20 00:00:00+00,Enero,20,Viernes,1899/12/30 00:00:00+00,21:15:00,21,REGION BIO BIO,SANTA BARBARA,CHOQUE,CHOQUE,RURAL,TRAMO DE VIA RECTA,IMPRUDENCIA DEL CONDUCTOR,VIRAJES INDEBIDOS, , , ,0,Q-61-R,23,BIDIRECCIONAL,CONCRETO,BUENO,SECO,DESPEJADO,0,0,1,0,08,083,08311,Biobío,Biobío,Santa Bárbara,Ruta,Q-61-R km 23,-37.610448,-72.128402
-7872566.88855253,-3955902.11397655,413,2023,1565983,2023/10/16 00:00:00+00,Octubre,16,Lunes,1899/12/30 00:00:00+00,04:15:00,4,REGION METROPOLITANA,LO PRADO,COLISION LATERAL,COLISION,URBANA,TRAMO DE VIA RECTA,IMPRUDENCIA DEL CONDUCTOR,CONDUCCION NO ATENTO CONDICIONES TRANSITO MOMENTO,GRAL OSCAR BONILLA, ,- GRAL OSCAR BONILLA,6167, , ,BIDIRECCIONAL CON BANDEJON,ASFALTO,BUENO,SECO,DESPEJADO,0,1,0,0,13,131,13117,Metropolitana de Santiago,Santiago,Lo Prado,Numero,"GRAL OSCAR BONILLA 6167, Lo Prado",-33.455357,-70.720472
-7972992.22145602,-4014706.29670245,414,2023,1542523,2023/07/01 00:00:00+00,Julio,1,Sábado,1899/12/30 00:00:00+00,17:15:00,17,REGION METROPOLITANA,SAN PEDRO,VOLCADURA,VOLCADURA,RURAL,TRAMO DE VIA RECTA,VELOCIDAD IMPRUDENTE,VELOCIDAD NO RAZONABLE NI PRUDENTE, , , ,0,G-84,18,BIDIRECCIONAL,RIPIO,MALO, ,LLOVIZNA,0,0,1,0,13,135,13505,Metropolitana de Santiago,Melipilla,San Pedro,Numero,G-84 km 18,-33.894959,-71.622608
-7828656.50186834,-3170374.68943521,415,2023,1504840,2023/01/20 00:00:00+00,Enero,20,Viernes,1899/12/30 00:00:00+00,23:40:00,23,REGION ATACAMA,COPIAPO,CHOQUE FRONTAL,CHOQUE,RURAL,TRAMO DE VIA RECTA,VELOCIDAD IMPRUDENTE,VELOCIDAD NO RAZONABLE NI PRUDENTE, , , ,0,"31 CH, C-17, C-13",1,BIDIRECCIONAL,ASFALTO,BUENO,SECO,DESPEJADO,1,0,0,0,03,031,03101,Atacama,Copiapó,Copiapó,Ruta,"31 CH, C-17, C-13 km 1",-27.374785,-70.326018
-7862042.07171245,-3964152.80178639,416,2023,1501672,2023/01/01 00:00:00+00,Enero,1,Domingo,1899/12/30 00:00:00+00,22:00:00,22,REGION METROPOLITANA,SAN JOAQUIN,ATROPELLO,ATROPELLO,URBANA,TRAMO DE VIA RECTA,IMPRUDENCIA DEL PEATON,PEATON CRUZA CALZADA FUERA PASO PEATONES,LO OVALLE, ,- LO OVALLE,299, , ,BIDIRECCIONAL CON BANDEJON,ASFALTO,BUENO,SECO,DESPEJADO,0,1,0,2,13,131,13129,Metropolitana de Santiago,Santiago,San Joaquín,Numero,"LO OVALLE 299, San Joaquín",-33.517172,-70.625926
-7872440.92507177,-3862032.34920632,417,2023,1566013,2023/10/16 00:00:00+00,Octubre,16,Lunes,1899/12/30 00:00:00+00,17:05:00,17,REGION VALPARAISO,SAN FELIPE,CHOQUE,CHOQUE,URBANA,TRAMO DE VIA RECTA,IMPRUDENCIA DEL CONDUCTOR,CONDUCCION NO ATENTO CONDICIONES TRANSITO MOMENTO,YUNGAY, ,- YUNGAY,91, , ,BIDIRECCIONAL CON BANDEJON,CONCRETO,BUENO,SECO,DESPEJADO,0,0,0,0,05,057,05701,Valparaíso,San Felipe de Aconcagua,San Felipe,Numero,"YUNGAY 91, San Felipe",-32.748979,-70.71934
-7880596.54329348,-3964586.88090103,418,2023,1544299,2023/07/01 00:00:00+00,Julio,1,Sábado,1899/12/30 00:00:00+00,18:29:00,18,REGION METROPOLITANA,MAIPU,CHOQUE FRENTE/POSTERIOR,CHOQUE,URBANA,TRAMO DE VIA RECTA,IMPRUDENCIA DEL CONDUCTOR,CONDUCCION NO ATENTO CONDICIONES TRANSITO MOMENTO,CAMPANARIO, ,- CAMPANARIO,2518, , ,BIDIRECCIONAL,ASFALTO,BUENO,SECO,DESPEJADO,0,0,0,0,13,131,13119,Metropolitana de Santiago,Santiago,Maipú,Numero,"CAMPANARIO 2518, Maipú",-33.520423,-70.792603
-7888287.24433367,-3977229.69054801,419,2023,1502526,2023/01/02 00:00:00+00,Enero,2,Lunes,1899/12/30 00:00:00+00,17:00:00,17,REGION METROPOLITANA,PEÑAFLOR,COLISION,COLISION,URBANA,TRAMO DE VIA RECTA,IMPRUDENCIA DEL CONDUCTOR,CONDUCCION NO ATENTO CONDICIONES TRANSITO MOMENTO,BALMACEDA, ,- BALMACEDA,1631, , ,BIDIRECCIONAL,ASFALTO,BUENO,SECO,DESPEJADO,0,0,1,0,13,136,13605,Metropolitana de Santiago,Talagante,Peñaflor,Numero,"BALMACEDA 1631, Peñaflor",-33.615055,-70.86169
-7929407.43962925,-4160065.42600435,420,2023,1565825,2023/10/16 00:00:00+00,Octubre,16,Lunes,1899/12/30 00:00:00+00,20:05:00,20,REGION MAULE,CURICO,COLISION POR ALCANCE,COLISION,URBANA,CRUCE SIN SEÑALIZACION,IMPRUDENCIA DEL CONDUCTOR,ADELANTAMIENTO SIN EL ESPACIO O TIEMPO SUFICIENTE,JUAN LUIS DIEZ, ,- JUAN LUIS DIEZ,1590, , ,BIDIRECCIONAL,ASFALTO,BUENO,SECO,DESPEJADO,0,0,0,1,07,073,07301,Maule,Curicó,Curicó,Numero,"JUAN LUIS DIEZ 1590, Curicó",-34.971917,-71.231079
-7882558.81343533,-4064767.79608902,421,2023,1505541,2023/01/21 00:00:00+00,Enero,21,Sábado,1899/12/30 00:00:00+00,04:45:00,4,REGION LIB.B.O'HIGGINS,REQUINOA,COLISION LATERAL,COLISION,RURAL,TRAMO DE VIA RECTA,IMPRUDENCIA DEL CONDUCTOR,"ADELANTAMIENTO EN CRUCE, CURVA, CUESTA, PUENTE", , , ,0,RUTA 5 SUR,98,UNIDIRECCIONAL,ASFALTO,BUENO,SECO,DESPEJADO,0,0,0,1,06,061,06116,Libertador General Bernardo O'Higgins,Cachapoal,Requínoa,Ruta,RUTA 5 SUR km 98,-34.267428,-70.810231