X,Y,FID,Año,IdAccident,Fecha,Mes,Dia_mes,Dia_semana,Hora,Hora_texto,Hora_aprox,Región,Comuna,Tipo_Accid,Tipo__CONA,Zona,Ubicación,Causa__CON,Causa_Acci,Calle_Uno,Calle_Dos,Intersecci,Número,Ruta,Ubicaci_1,Calzada,Tipo_Calza,Estado_Cal,Condición,Estado_Atm,Fallecidos,Graves,Menos_Grav,Leves,CUT_REG,CUT_PROV,CUT_COM,REGION,PROVINCIA,COMUNA1,Tipo_direc,Direccion,Lat,Lon
-7996176.74158852,-4319768.22450968,422,2023,1546505,2023/07/01 00:00:00+00,Julio,1,Sábado,1899/12/30 00:00:00+00,19:54:00,19,REGION MAULE,PARRAL,COLISION LATERAL,COLISION,URBANA,TRAMO DE VIA RECTA,IMPRUDENCIA DEL CONDUCTOR,CONDUCCION NO ATENTO CONDICIONES TRANSITO MOMENTO,ANIBAL PINTO, ,- ANIBAL PINTO,130, , ,BIDIRECCIONAL CON BANDEJON,CONCRETO,BUENO,SECO,DESPEJADO,0,0,0,1,07,074,07404,Maule,Linares,Parral,Numero,"ANIBAL PINTO 130, Parral",-36.139027,-71.830878
-8073750.63340792,-4276258.17404471,423,2023,1504739,2023/01/21 00:00:00+00,Enero,21,Sábado,1899/12/30 00:00:00+00,19:45:00,19,REGION MAULE,PELLUHUE,CHOQUE,CHOQUE,RURAL,TRAMO DE VIA CURVA HORIZONTAL,IMPRUDENCIA DEL CONDUCTOR,CONDUCCION NO ATENTO CONDICIONES TRANSITO MOMENTO, , , ,0,M-50,29,BIDIRECCIONAL,ASFALTO,BUENO,SECO,DESPEJADO,0,0,0,0,07,072,07203,Maule,Cauquenes,Pelluhue,Ruta,M-50 km 29,-35.822741,-72.527736
-7865013.90685451,-3959062.80077736,424,2023,1567752,2023/10/17 00:00:00+00,Octubre,17,Martes,1899/12/30 00:00:00+00,08:00:00,8,REGION METROPOLITANA,SAN MIGUEL,CHOQUE POSTERIOR,CHOQUE,URBANA,OTROS NO CONSIDERADOS,IMPRUDENCIA DEL CONDUCTOR,CONDUCCION NO ATENTO CONDICIONES TRANSITO MOMENTO,ALC CARLOS VALDOVINOS, ,- ALC CARLOS VALDOVINOS,1443, , ,BIDIRECCIONAL CON BANDEJON,ASFALTO,BUENO,SECO,DESPEJADO,0,1,0,0,13,131,13130,Metropolitana de Santiago,Santiago,San Miguel,Numero,"ALC CARLOS VALDOVINOS 1443, San Miguel",-33.479042,-70.652622
-7913955.37412911,-4087473.71777466,425,2023,1543959,2023/07/02 00:00:00+00,Julio,2,Domingo,1899/12/30 00:00:00+00,08:00:00,8,REGION LIB.B.O'HIGGINS,SAN VICENTE,COLISION LATERAL,COLISION,URBANA,TRAMO DE VIA CURVA VERTICAL,IMPRUDENCIA DEL CONDUCTOR,CONDUCCION NO ATENTO CONDICIONES TRANSITO MOMENTO,ALCALDE GUIÑES YAÑEZ, ,- ALCALDE GUIÑES YAÑEZ,415, , ,BIDIRECCIONAL,ASFALTO,BUENO,SECO,DESPEJADO,0,0,0,0,06,061,06117,Libertador General Bernardo O'Higgins,Cachapoal,San Vicente,Numero,"ALCALDE GUIÑES YAÑEZ 415, San Vicente",-34.435824,-71.092271
-7978434.14159967,-4175137.76963547,426,2023,1505873,2023/01/21 00:00:00+00,Enero,21,Sábado,1899/12/30 00:00:00+00,20:40:00,20,REGION MAULE,HUALAÑE,COLISION LATERAL,COLISION,RURAL,TRAMO DE VIA RECTA,IMPRUDENCIA DEL CONDUCTOR,ADELANTAMIENTO SIN EL ESPACIO O TIEMPO SUFICIENTE, , , ,0,J-60,51,BIDIRECCIONAL,CONCRETO,BUENO,SECO,DESPEJADO,0,1,0,0,07,073,07302,Maule,Curicó,Hualañé,Ruta,J-60 km 51,-35.082791,-71.671493
-8135774.39765302,-4408923.10956698,427,2023,1502744,2023/01/02 00:00:00+00,Enero,2,Lunes,1899/12/30 00:00:00+00,22:30:00,22,REGION BIO BIO,TALCAHUANO,COLISION LATERAL,COLISION,URBANA,TRAMO DE VIA RECTA,IMPRUDENCIA DEL CONDUCTOR,ADELANTAMIENTO SIN EL ESPACIO O TIEMPO SUFICIENTE,O'HIGGINS, ,- O'HIGGINS,45, , ,BIDIRECCIONAL,CONCRETO,BUENO,SECO,DESPEJADO,0,0,0,0,08,081,08110,Biobío,Concepción,Talcahuano,Numero,"O'HIGGINS 45, Talcahuano",-36.783146,-73.084905
-7959456.84410583,-3900232.3127976,428,2023,1548737,2023/07/02 00:00:00+00,Julio,2,Domingo,1899/12/30 00:00:00+00,15:20:00,15,REGION VALPARAISO,VIÑA DEL MAR,COLISION,COLISION,URBANA,TRAMO DE VIA RECTA,IMPRUDENCIA DEL CONDUCTOR,CONDUCCION NO ATENTO CONDICIONES TRANSITO MOMENTO,CAMINO INTERNACIONAL, ,- CAMINO INTERNACIONAL,10, , ,BIDIRECCIONAL,ASFALTO,BUENO,SECO,DESPEJADO,0,0,0,2,05,051,05109,Valparaíso,Valparaíso,Viña del Mar,Numero,"CAMINO INTERNACIONAL 10, Viña del Mar",-33.037122,-71.501017
-8088526.57565742,-4414589.78270775,429,2023,1567894,2023/10/17 00:00:00+00,Octubre,17,Martes,1899/12/30 00:00:00+00,13:55:00,13,REGION BIO BIO,FLORIDA,COLISION LATERAL,COLISION,URBANA,TRAMO DE VIA RECTA,IMPRUDENCIA DEL CONDUCTOR,CONDUCCION NO ATENTO CONDICIONES TRANSITO MOMENTO,ARTURO PRAT, ,- ARTURO PRAT,150, , ,BIDIRECCIONAL,ASFALTO,BUENO,SECO,DESPEJADO,0,0,0,1,08,081,08104,Biobío,Concepción,Florida,Numero,"ARTURO PRAT 150, Florida",-36.823905,-72.66047
-7920645.54338954,-4169559.19873994,430,2023,1504873,2023/01/21 00:00:00+00,Enero,21,Sábado,1899/12/30 00:00:00+00,20:45:00,20,REGION MAULE,CURICO,CHOQUE FRONTAL,CHOQUE,RURAL,TRAMO DE VIA CURVA HORIZONTAL,VELOCIDAD IMPRUDENTE,VELOCIDAD NO RAZONABLE NI PRUDENTE, , , ,0,J-615,"9,4",BIDIRECCIONAL,ASFALTO,BUENO,SECO,DESPEJADO,1,0,0,0,07,073,07301,Maule,Curicó,Curicó,Ruta,"J-615 km 9,4",-35.041772,-71.15237
-7924478.41426558,-4197226.14819679,431,2023,1504827,2023/01/21 00:00:00+00,Enero,21,Sábado,1899/12/30 00:00:00+00,21:45:00,21,REGION MAULE,RIO CLARO,COLISION FRONTAL,COLISION,RURAL,TRAMO DE VIA CURVA HORIZONTAL,ALCOHOL EN CONDUCTOR,CONDUCCION EN ESTADO DE EBRIEDAD, , , ,0,K-235,8,BIDIRECCIONAL,ASFALTO,REGULAR,SECO,DESPEJADO,0,0,0,2,07,071,07108,Maule,Talca,Río Claro,Ruta,K-235 km 8,-35.245003,-71.186801
-7848827.40791917,-3976777.69717543,432,2023,1567794,2023/10/17 00:00:00+00,Octubre,17,Martes,1899/12/30 00:00:00+00,15:00:00,15,REGION METROPOLITANA,PIRQUE,COLISION POR ALCANCE,COLISION,RURAL,TRAMO DE VIA RECTA,IMPRUDENCIA DEL CONDUCTOR,CONDUCCION NO ATENTO CONDICIONES TRANSITO MOMENTO, , , ,0,G-421,7,BIDIRECCIONAL,CONCRETO,BUENO,SECO,DESPEJADO,0,0,0,0,13,132,13202,Metropolitana de Santiago,Cordillera,Pirque,Numero,G-421 km 7,-33.611674,-70.507216
-12180895.9201056,-3142393.4168825,433,2023,1501110,2023/01/03 00:00:00+00,Enero,3,Martes,1899/12/30 00:00:00+00,08:30:00,8,REGION VALPARAISO,ISLA DE PASCUA,COLISION POR ALCANCE,COLISION,URBANA,TRAMO DE VIA RECTA,IMPRUDENCIA DEL CONDUCTOR,CONDUCCION NO ATENTO CONDICIONES TRANSITO MOMENTO,SIMON PAOA, ,- SIMON PAOA,0, , ,BIDIRECCIONAL,ADOQUIN,REGULAR,SECO,DESPEJADO,0,0,0,1,05,052,05201,Valparaíso,Isla de Pascua,Isla de Pascua,Numero,"SIMON PAOA 0, Isla de Pascua",-27.151348,-109.42285
-8063475.28119787,-4220120.60776185,434,2023,1506760,2023/01/22 00:00:00+00,Enero,22,Domingo,1899/12/30 00:00:00+00,02:15:00,2,REGION MAULE,CAUQUENES,COLISION FRONTAL,COLISION,RURAL,TRAMO DE VIA CURVA HORIZONTAL,ALCOHOL EN CONDUCTOR,CONDUCCION EN ESTADO DE EBRIEDAD, , , ,0,M-50,90,BIDIRECCIONAL,ASFALTO,BUENO,SECO,DESPEJADO,0,1,0,2,07,072,07201,Maule,Cauquenes,Cauquenes,Ruta,M-50 km 90,-35.412794,-72.435431
-8217645.61287128,-5141433.0054002,435,2023,1566772,2023/10/17 00:00:00+00,Octubre,17,Martes,1899/12/30 00:00:00+00,17:20:00,17,REGION LOS LAGOS,ANCUD,COLISION POR ALCANCE,COLISION,URBANA,CRUCE CON SEÑAL CEDA EL PASO,IMPRUDENCIA DEL CONDUCTOR,CONDUCCION NO ATENTO CONDICIONES TRANSITO MOMENTO,ANIBAL PINTO, ,- ANIBAL PINTO,570, , ,UNIDIRECCIONAL,CONCRETO,REGULAR,MOJADO,LLUVIA,0,0,0,1,10,102,10202,Los Lagos,Chiloé,Ancud,Numero,"ANIBAL PINTO 570, Ancud",-41.869378,-73.820367
-7921446.66400134,-4146337.47142112,436,2023,1542591,2023/07/02 00:00:00+00,Julio,2,Domingo,1899/12/30 00:00:00+00,17:40:00,17,REGION MAULE,TENO,CHOQUE,CHOQUE,URBANA,TRAMO DE VIA RECTA,VELOCIDAD IMPRUDENTE,VELOCIDAD NO RAZONABLE NI PRUDENTE,COMALLE, ,- COMALLE,1, , ,BIDIRECCIONAL,ASFALTO,BUENO,HUMEDO,LLOVIZNA,0,1,0,1,07,073,07308,Maule,Curicó,Teno,Numero,"COMALLE 1, Teno",-34.870802,-71.159566
-7946162.65323419,-3901197.20447451,437,2023,1503384,2023/01/03 00:00:00+00,Enero,3,Martes,1899/12/30 00:00:00+00,19:15:00,19,REGION VALPARAISO,VILLA ALEMANA,COLISION,COLISION,URBANA,TRAMO DE VIA RECTA,IMPRUDENCIA DEL CONDUCTOR,CONDUCCION NO ATENTO CONDICIONES TRANSITO MOMENTO,VALPARAISO, ,- VALPARAISO,1280, , ,BIDIRECCIONAL,ASFALTO,BUENO,SECO,DESPEJADO,0,0,0,1,05,058,05804,Valparaíso,Marga Marga,Villa Alemana,Numero,"VALPARAISO 1280, Villa Alemana",-33.044388,-71.381594
-7903507.01068041,-4126992.3037444,438,2023,1507237,2023/01/22 00:00:00+00,Enero,22,Domingo,1899/12/30 00:00:00+00,08:00:00,8,REGION LIB.B.O'HIGGINS,CHIMBARONGO,VOLCADURA,VOLCADURA,RURAL,TRAMO DE VIA RECTA,ALCOHOL EN CONDUCTOR,CONDUCCION EN ESTADO DE EBRIEDAD, , , ,0,I-85-J,"3,3",BIDIRECCIONAL,ASFALTO,BUENO,SECO,DESPEJADO,0,0,0,1,06,063,06303,Libertador General Bernardo O'Higgins,Colchagua,Chimbarongo,Ruta,"I-85-J km 3,3",-34.728101,-70.998411
-7870454.96664322,-3936481.0102414,439,2023,1566334,2023/10/17 00:00:00+00,Octubre,17,Martes,1899/12/30 00:00:00+00,17:30:00,17,REGION METROPOLITANA,COLINA,COLISION POR ALCANCE,COLISION,RURAL,TRAMO DE VIA RECTA,IMPRUDENCIA DEL CONDUCTOR,CONDUCCION SIN MANTENER DISTANCIA RAZONABLE NI PRUDENTE, , , ,0,RUTA 57,7,BIDIRECCIONAL CON BANDEJON,ASFALTO,BUENO,SECO,DESPEJADO,0,0,0,0,13,133,13301,Metropolitana de Santiago,Chacabuco,Colina,Numero,RUTA 57 km 7,-33.309678,-70.7015
-7887323.63043853,-3976785.86997488,440,2023,1542827,2023/07/03 00:00:00+00,Julio,3,Lunes,1899/12/30 00:00:00+00,16:30:00,16,REGION METROPOLITANA,TALAGANTE,COLISION POR ALCANCE,COLISION,RURAL,TRAMO DE VIA RECTA,IMPRUDENCIA DEL CONDUCTOR,CONDUCCION NO ATENTO CONDICIONES TRANSITO MOMENTO, , , ,0,RUTA 78,"28,8",BIDIRECCIONAL CON BANDEJON,ASFALTO,BUENO,SECO,DESPEJADO,0,1,0,0,13,136,13601,Metropolitana de Santiago,Talagante,Talagante,Numero,"RUTA 78 km 28,8",-33.611735,-70.853034
-8066461.05829352,-4355898.78104388,441,2023,1506508,2023/01/22 00:00:00+00,Enero,22,Domingo,1899/12/30 00:00:00+00,08:30:00,8,REGION ÑUBLE,NINHUE,COLISION LATERAL,COLISION,RURAL,TRAMO DE VIA RECTA,IMPRUDENCIA DEL CONDUCTOR,CONDUCCION NO ATENTO CONDICIONES TRANSITO MOMENTO, , , ,0,N-50,40,BIDIRECCIONAL,ASFALTO,BUENO,SECO,DESPEJADO,0,0,0,1,16,162,16204,Ñuble,Itata,Ninhue,Ruta,N-50 km 40,-36.400705,-72.462253
-8137098.76265162,-4412174.20016212,442,2023,1501724,2023/01/03 00:00:00+00,Enero,3,Martes,1899/12/30 00:00:00+00,19:44:00,19,REGION BIO BIO,HUALPEN,CHOQUE,CHOQUE,URBANA,TRAMO DE VIA RECTA,FALLAS MECANICAS,VEHICULO EN PANNE SIN SEÑALIZACION O DEFICIENTE,COSTANERA, ,- COSTANERA,4500, , ,BIDIRECCIONAL CON BANDEJON,CONCRETO,BUENO,SECO,DESPEJADO,0,0,0,1,08,081,08112,Biobío,Concepción,Hualpén,Numero,"COSTANERA 4500, Hualpén",-36.806533,-73.096802
-7863273.07044925,-3945121.93935037,443,2023,1567498,2023/10/18 00:00:00+00,Octubre,18,Miércoles,1899/12/30 00:00:00+00,09:45:00,9,REGION METROPOLITANA,HUECHURABA,COLISION,COLISION,URBANA,TRAMO DE VIA RECTA,IMPRUDENCIA DEL CONDUCTOR,CONDUCCION NO ATENTO CONDICIONES TRANSITO MOMENTO,EL SALTO, ,- EL SALTO,4651, , ,BIDIRECCIONAL,ASFALTO,BUENO,SECO,DESPEJADO,0,0,0,0,13,131,13107,Metropolitana de Santiago,Santiago,Huechuraba,Numero,"EL SALTO 4651, Huechuraba",-33.374524,-70.636984
-7890367.81680421,-3975881.52750768,444,2023,1543186,2023/07/03 00:00:00+00,Julio,3,Lunes,1899/12/30 00:00:00+00,17:40:00,17,REGION METROPOLITANA,PEÑAFLOR,CHOQUE POSTERIOR/FRENTE,CHOQUE,URBANA,TRAMO DE VIA RECTA,IMPRUDENCIA DEL CONDUCTOR,CONDUCCION NO ATENTO CONDICIONES TRANSITO MOMENTO,PEÑAFLOR, ,- PEÑAFLOR,4, , ,BIDIRECCIONAL,CONCRETO,BUENO,SECO,DESPEJADO,0,0,0,1,13,136,13605,Metropolitana de Santiago,Talagante,Peñaflor,Numero,"PEÑAFLOR 4, Peñaflor",-33.604969,-70.88038
-8121875.75644016,-4389359.63994737,445,2023,1505167,2023/01/22 00:00:00+00,Enero,22,Domingo,1899/12/30 00:00:00+00,19:00:00,19,REGION BIO BIO,TOME,VOLCADURA,VOLCADURA,RURAL,TRAMO DE VIA CURVA VERTICAL,ALCOHOL EN CONDUCTOR,CONDUCCION BAJO LA INFLUENCIA DEL ALCOHOL, , , ,0,RUTA 150,22,BIDIRECCIONAL CON BANDEJON,CONCRETO,BUENO,SECO,DESPEJADO,0,0,1,1,08,081,08111,Biobío,Concepción,Tomé,Ruta,RUTA 150 km 22,-36.642264,-72.960051
-7858898.04507734,-3964731.64776035,446,2023,1570062,2023/10/18 00:00:00+00,Octubre,18,Miércoles,1899/12/30 00:00:00+00,11:30:00,11,REGION METROPOLITANA,LA FLORIDA,VOLCADURA,VOLCADURA,URBANA,TRAMO DE VIA RECTA,IMPRUDENCIA DEL CONDUCTOR,CONDUCCION NO ATENTO CONDICIONES TRANSITO MOMENTO,VICUÑA MACKENNA, ,- VICUÑA MACKENNA,7492, , ,BIDIRECCIONAL,CONCRETO,BUENO,SECO,DESPEJADO,0,0,0,0,13,131,13110,Metropolitana de Santiago,Santiago,La Florida,Numero,"VICUÑA MACKENNA 7492, La Florida",-33.521507,-70.597682
-7872646.02572325,-3955585.23978249,447,2023,1503368,2023/01/04 00:00:00+00,Enero,4,Miércoles,1899/12/30 00:00:00+00,07:30:00,7,REGION METROPOLITANA,LO PRADO,VOLCADURA,VOLCADURA,URBANA,TRAMO DE VIA RECTA,IMPRUDENCIA DEL CONDUCTOR,CONDUCCION NO ATENTO CONDICIONES TRANSITO MOMENTO,GRAL OSCAR BONILLA, ,- GRAL OSCAR BONILLA,6100, , ,UNIDIRECCIONAL,ASFALTO,BUENO,SECO,DESPEJADO,0,0,0,1,13,131,13117,Metropolitana de Santiago,Santiago,Lo Prado,Numero,"GRAL OSCAR BONILLA 6100, Lo Prado",-33.452982,-70.721183
-7857877.37915279,-3958144.16858985,448,2023,1543764,2023/07/03 00:00:00+00,Julio,3,Lunes,1899/12/30 00:00:00+00,18:30:00,18,REGION METROPOLITANA,ÑUÑOA,COLISION,COLISION,URBANA,CRUCE CON SEMAFORO APAGADO,IMPRUDENCIA DEL CONDUCTOR,CONDUCCION NO ATENTO CONDICIONES TRANSITO MOMENTO,JARILLA, ,- JARILLA,1363, , ,BIDIRECCIONAL CON BANDEJON,CONCRETO,BUENO,SECO,DESPEJADO,0,0,0,1,13,131,13120,Metropolitana de Santiago,Santiago,Ñuñoa,Numero,"JARILLA 1363, Ñuñoa",-33.472159,-70.588514
-7907714.180754,-3873862.39375592,449,2023,1505543,2023/01/22 00:00:00+00,Enero,22,Domingo,1899/12/30 00:00:00+00,20:30:00,20,REGION VALPARAISO,LLAY LLAY,COLISION POR ALCANCE,COLISION,RURAL,TRAMO DE VIA RECTA,IMPRUDENCIA DEL CONDUCTOR,CONDUCCION SIN MANTENER DISTANCIA RAZONABLE NI PRUDENTE, , , ,0,RUTA 5 NORTE,93,BIDIRECCIONAL CON BANDEJON,ASFALTO,BUENO,SECO,DESPEJADO,0,1,0,0,05,057,05703,Valparaíso,San Felipe de Aconcagua,Llaillay,Ruta,RUTA 5 NORTE km 93,-32.838313,-71.036205
-8152822.10301964,-4839063.94782466,450,2023,1567434,2023/10/18 00:00:00+00,Octubre,18,Miércoles,1899/12/30 00:00:00+00,12:05:00,12,REGION DE LOS RIOS,VALDIVIA,COLISION POR ALCANCE,COLISION,URBANA,PUENTE,IMPRUDENCIA DEL CONDUCTOR,CONDUCCION SIN MANTENER DISTANCIA RAZONABLE NI PRUDENTE,PUENTE PEDRO DE VALDIVIA, ,- PUENTE PEDRO DE VALDIVIA,1, , ,BIDIRECCIONAL,ASFALTO,BUENO,SECO,DESPEJADO,0,0,0,1,14,141,14101,Los Ríos,Valdivia,Valdivia,Numero,"PUENTE PEDRO DE VALDIVIA 1, Valdivia",-39.814786,-73.238047
-7875067.36866203,-4004083.58908762,451,2023,1503692,2023/01/04 00:00:00+00,Enero,4,Miércoles,1899/12/30 00:00:00+00,19:45:00,19,REGION METROPOLITANA,PAINE,COLISION PERPENDICULAR,COLISION,URBANA,TRAMO DE VIA RECTA,IMPRUDENCIA DEL CONDUCTOR,CONDUCCION NO ATENTO CONDICIONES TRANSITO MOMENTO,GENERAL BAQUEDANO, ,- GENERAL BAQUEDANO,986, , ,BIDIRECCIONAL,ASFALTO,BUENO,SECO,DESPEJADO,0,0,1,0,13,134,13404,Metropolitana de Santiago,Maipo,Paine,Numero,"GENERAL BAQUEDANO 986, Paine",-33.815713,-70.742934
-7942924.00516549,-4114052.05173975,452,2023,1544046,2023/07/03 00:00:00+00,Julio,3,Lunes,1899/12/30 00:00:00+00,19:20:00,19,REGION LIB.B.O'HIGGINS,SANTA CRUZ,COLISION FRONTAL,COLISION,URBANA,CRUCE CON SEÑAL PARE,DESOBEDIENCIA A SEÑALIZACION,SEÑALIZACION DESOBEDECER SEÑAL PARE,ERRAZURIZ, ,- ERRAZURIZ,1240, , ,BIDIRECCIONAL CON BANDEJON,ASFALTO,BUENO,SECO,DESPEJADO,0,0,0,1,06,063,06310,Libertador General Bernardo O'Higgins,Colchagua,Santa Cruz,Numero,"ERRAZURIZ 1240, Santa Cruz",-34.632509,-71.3525
-7963917.06984264,-4230538.80961401,453,2023,1505119,2023/01/22 00:00:00+00,Enero,22,Domingo,1899/12/30 00:00:00+00,21:30:00,21,REGION MAULE,TALCA,IMPACTO CON ANIMAL,OTRO TIPO,RURAL,TRAMO DE VIA RECTA,DEFICIENCIAS VIALES,ANIMALES SUELTOS VIA PUBLICA, , , ,0,115 CH,11,BIDIRECCIONAL,ASFALTO,BUENO,SECO,DESPEJADO,0,1,0,1,07,071,07101,Maule,Talca,Talca,Ruta,115 CH km 11,-35.489032,-71.541084
-7928862.90849564,-3873518.27778499,454,2023,1566216,2023/10/18 00:00:00+00,Octubre,18,Miércoles,1899/12/30 00:00:00+00,17:44:00,17,REGION VALPARAISO,LA CRUZ,IMPACTO CON ANIMAL,OTRO TIPO,URBANA,TRAMO DE VIA RECTA,DEFICIENCIAS VIALES,ANIMALES SUELTOS VIA PUBLICA,SANTA CRUZ, ,- SANTA CRUZ,211, , ,BIDIRECCIONAL,ASFALTO,BUENO,SECO,DESPEJADO,0,0,0,1,05,055,05504,Valparaíso,Quillota,La Cruz,Numero,"SANTA CRUZ 211, La Cruz",-32.835716,-71.226187
-8139316.84880158,-4415498.11986149,455,2023,1503412,2023/01/04 00:00:00+00,Enero,4,Miércoles,1899/12/30 00:00:00+00,23:45:00,23,REGION BIO BIO,SAN PEDRO DE LA PAZ,CHOQUE LADO/FRENTE,CHOQUE,URBANA,TRAMO DE VIA RECTA,IMPRUDENCIA DEL CONDUCTOR,CONDUCCION NO ATENTO CONDICIONES TRANSITO MOMENTO,PEDRO AGUIRRE CERDA, ,- PEDRO AGUIRRE CERDA,345, , ,BIDIRECCIONAL,CONCRETO,BUENO,SECO,DESPEJADO,0,0,0,1,08,081,08108,Biobío,Concepción,San Pedro de la Paz,Numero,"PEDRO AGUIRRE CERDA 345, San Pedro de la Paz",-36.830437,-73.116727
-7911986.22927398,-3819906.53566347,456,2023,1544404,2023/07/03 00:00:00+00,Julio,3,Lunes,1899/12/30 00:00:00+00,19:50:00,19,REGION VALPARAISO,CABILDO,COLISION,COLISION,URBANA,TRAMO DE VIA CURVA HORIZONTAL,IMPRUDENCIA DEL CONDUCTOR,CONDUCCION NO ATENTO CONDICIONES TRANSITO MOMENTO,HUMERES, ,- HUMERES,2, , ,BIDIRECCIONAL,ASFALTO,BUENO,SECO,DESPEJADO,0,0,0,0,05,054,05402,Valparaíso,Petorca,Cabildo,Numero,"HUMERES 2, Cabildo",-32.43014,-71.074582
-8053128.33576088,-4502930.79619575,457,2023,1567790,2023/10/18 00:00:00+00,Octubre,18,Miércoles,1899/12/30 00:00:00+00,19:20:00,19,REGION BIO BIO,LOS ANGELES,COLISION LATERAL,COLISION,URBANA,TRAMO DE VIA RECTA,IMPRUDENCIA DEL CONDUCTOR,CONDUCCION NO ATENTO CONDICIONES TRANSITO MOMENTO,GUILLERMO MARCONI, ,- GUILLERMO MARCONI,215, , ,BIDIRECCIONAL,CONCRETO,BUENO,SECO,DESPEJADO,0,0,0,0,08,083,08301,Biobío,Biobío,Los Angeles,Numero,"GUILLERMO MARCONI 215, Los Angeles",-37.45651,-72.342483
-7937587.63648208,-3498256.08844155,458,2023,1505449,2023/01/23 00:00:00+00,Enero,23,Lunes,1899/12/30 00:00:00+00,09:20:00,9,REGION COQUIMBO,COQUIMBO,CHOQUE LATERAL,CHOQUE,RURAL,TRAMO DE VIA CURVA HORIZONTAL,VELOCIDAD IMPRUDENTE,VELOCIDAD NO RAZONABLE NI PRUDENTE, , , ,0,RUTA 5 NORTE,462,BIDIRECCIONAL CON BANDEJON,ASFALTO,BUENO,SECO,DESPEJADO,0,1,0,0,04,041,04102,Coquimbo,Elqui,Coquimbo,Ruta,RUTA 5 NORTE km 462,-29.958808,-71.304563
-7913861.43118781,-4087458.38024584,459,2023,1501949,2023/01/05 00:00:00+00,Enero,5,Jueves,1899/12/30 00:00:00+00,19:40:00,19,REGION LIB.B.O'HIGGINS,SAN VICENTE,COLISION FRONTAL,COLISION,URBANA,TRAMO DE VIA RECTA,IMPRUDENCIA DEL CONDUCTOR,CONDUCCION NO ATENTO CONDICIONES TRANSITO MOMENTO,GERMAN RIESCO, ,- GERMAN RIESCO,2001, , ,BIDIRECCIONAL,ASFALTO,BUENO,SECO,DESPEJADO,0,0,1,0,06,061,06117,Libertador General Bernardo O'Higgins,Cachapoal,San Vicente,Numero,"GERMAN RIESCO 2001, San Vicente",-34.43571,-71.091427
-7969757.53447989,-3903553.76136336,460,2023,1544083,2023/07/03 00:00:00+00,Julio,3,Lunes,1899/12/30 00:00:00+00,23:45:00,23,REGION VALPARAISO,VALPARAISO,CHOQUE FRONTAL,CHOQUE,URBANA,TRAMO DE VIA RECTA,IMPRUDENCIA DEL CONDUCTOR,CONDUCCION NO ATENTO CONDICIONES TRANSITO MOMENTO,CALDERON, ,- CALDERON,153, , ,BIDIRECCIONAL,CONCRETO,BUENO,SECO,DESPEJADO,0,1,0,0,05,051,05101,Valparaíso,Valparaíso,Valparaíso,Numero,"CALDERON 153, Valparaíso",-33.062131,-71.59355
-8135876.54776849,-4410890.51367516,461,2023,1566209,2023/10/19 00:00:00+00,Octubre,19,Jueves,1899/12/30 00:00:00+00,08:15:00,8,REGION BIO BIO,HUALPEN,COLISION,COLISION,URBANA,TRAMO DE VIA RECTA,IMPRUDENCIA DEL CONDUCTOR,CONDUCCION NO ATENTO CONDICIONES TRANSITO MOMENTO,CRISTOBAL COLON, ,- CRISTOBAL COLON,8797, , ,BIDIRECCIONAL,CONCRETO,BUENO,SECO,DESPEJADO,0,0,0,0,08,081,08112,Biobío,Concepción,Hualpén,Numero,"CRISTOBAL COLON 8797, Hualpén",-36.7973,-73.085823
-7936832.4064732,-4222749.31535914,462,2023,1504824,2023/01/23 00:00:00+00,Enero,23,Lunes,1899/12/30 00:00:00+00,10:45:00,10,REGION MAULE,MOLINA,CHOQUE LATERAL,CHOQUE,RURAL,TRAMO DE VIA RECTA,IMPRUDENCIA DEL CONDUCTOR,CONDUCCION NO ATENTO CONDICIONES TRANSITO MOMENTO, , , ,0,"K-15, K-25, K-55","2,1",BIDIRECCIONAL,ASFALTO,BUENO,SECO,DESPEJADO,0,0,0,1,07,073,07304,Maule,Curicó,Molina,Ruta,"K-15, K-25, K-55 km 2,1",-35.432037,-71.297779
-7911174.18464678,-4108164.02242162,463,2023,1507589,2023/01/05 00:00:00+00,Enero,5,Jueves,1899/12/30 00:00:00+00,20:00:00,20,REGION LIB.B.O'HIGGINS,PLACILLA,COLISION FRONTAL,COLISION,URBANA,TRAMO DE VIA RECTA,ALCOHOL EN CONDUCTOR,CONDUCCION BAJO LA INFLUENCIA DEL ALCOHOL,EL CALABOZO, ,- EL CALABOZO,100, , ,BIDIRECCIONAL,ASFALTO,BUENO,SECO,DESPEJADO,0,1,0,1,06,063,06308,Libertador General Bernardo O'Higgins,Colchagua,Placilla,Numero,"EL CALABOZO 100, Placilla",-34.588976,-71.067287
-8129812.64176989,-4425918.08215456,464,2023,1570605,2023/10/19 00:00:00+00,Octubre,19,Jueves,1899/12/30 00:00:00+00,08:25:00,8,REGION BIO BIO,CHIGUAYANTE,ATROPELLO,ATROPELLO,URBANA,TRAMO DE VIA RECTA,IMPRUDENCIA DEL PEATON,PEATON CRUZA CALZADA FUERA PASO PEATONES,8 ORIENTE, ,- 8 ORIENTE,1508, , ,BIDIRECCIONAL CON BANDEJON,CONCRETO,BUENO,SECO,DESPEJADO,0,1,0,1,08,081,08103,Biobío,Concepción,Chiguayante,Numero,"8 ORIENTE 1508, Chiguayante",-36.905322,-73.03135
-8035298.08902774,-4911102.79179668,465,2023,1508583,2023/01/23 00:00:00+00,Enero,23,Lunes,1899/12/30 00:00:00+00,15:00:00,15,REGION DE LOS RIOS,LAGO RANCO,COLISION POR ALCANCE,COLISION,RURAL,TRAMO DE VIA RECTA,IMPRUDENCIA DEL CONDUCTOR,VIRAJES INDEBIDOS, , , ,0,T-85,74,BIDIRECCIONAL,ASFALTO,BUENO,SECO,DESPEJADO,0,0,0,0,14,142,14203,Los Ríos,Ranco,Lago Ranco,Ruta,T-85 km 74,-40.310064,-72.182311