X,Y,FID,Año,IdAccident,Fecha,Mes,Dia_mes,Dia_semana,Hora,Hora_texto,Hora_aprox,Región,Comuna,Tipo_Accid,Tipo__CONA,Zona,Ubicación,Causa__CON,Causa_Acci,Calle_Uno,Calle_Dos,Intersecci,Número,Ruta,Ubicaci_1,Calzada,Tipo_Calza,Estado_Cal,Condición,Estado_Atm,Fallecidos,Graves,Menos_Grav,Leves,CUT_REG,CUT_PROV,CUT_COM,REGION,PROVINCIA,COMUNA1,Tipo_direc,Direccion,Lat,Lon
-8027343.05991231,-4383835.20621009,466,2023,1542622,2023/07/04 00:00:00+00,Julio,4,Martes,1899/12/30 00:00:00+00,14:50:00,14,REGION ÑUBLE,CHILLAN,COLISION LATERAL,COLISION,URBANA,TRAMO DE VIA RECTA,IMPRUDENCIA DEL CONDUCTOR,CONDUCCION CAMBIAR SORPRESIVAMENTE PISTA CIRCULACION,BRASIL, ,- BRASIL,369, , ,BIDIRECCIONAL CON BANDEJON,CONCRETO,BUENO,MOJADO,LLUVIA,0,0,0,1,16,161,16101,Ñuble,Diguillín,Chillán,Numero,"BRASIL 369, Chillán",-36.602434,-72.11085
-7860609.23289433,-3954002.76942208,467,2023,1502082,2023/01/05 00:00:00+00,Enero,5,Jueves,1899/12/30 00:00:00+00,20:15:00,20,REGION METROPOLITANA,PROVIDENCIA,COLISION POR ALCANCE,COLISION,URBANA,TRAMO DE VIA RECTA,IMPRUDENCIA DEL CONDUCTOR,CONDUCCION NO ATENTO CONDICIONES TRANSITO MOMENTO,ANTONIO VARAS, ,- ANTONIO VARAS,1535, , ,UNIDIRECCIONAL,ASFALTO,BUENO,SECO,DESPEJADO,0,1,0,0,13,131,13123,Metropolitana de Santiago,Santiago,Providencia,Numero,"ANTONIO VARAS 1535, Providencia",-33.44112,-70.613054
-7952803.4152422,-3901602.83357324,468,2023,1568896,2023/10/19 00:00:00+00,Octubre,19,Jueves,1899/12/30 00:00:00+00,16:20:00,16,REGION VALPARAISO,QUILPUE,ATROPELLO,ATROPELLO,URBANA,TRAMO DE VIA RECTA,IMPRUDENCIA DEL PEATON,PEATON CRUZA CALZADA FUERA PASO PEATONES,CLAUDIO VICUÑA, ,- CLAUDIO VICUÑA,966, , ,BIDIRECCIONAL,ASFALTO,BUENO,SECO,DESPEJADO,0,0,0,1,05,058,05801,Valparaíso,Marga Marga,Quilpué,Numero,"CLAUDIO VICUÑA 966, Quilpué",-33.047442,-71.441249
-8125152.04961031,-4453694.55002611,469,2023,1508816,2023/01/23 00:00:00+00,Enero,23,Lunes,1899/12/30 00:00:00+00,19:00:00,19,REGION BIO BIO,SANTA JUANA,VOLCADURA,VOLCADURA,RURAL,TRAMO DE VIA RECTA,IMPRUDENCIA DEL CONDUCTOR,CONDUCCION NO ATENTO CONDICIONES TRANSITO MOMENTO, , , ,0,RUTA 156,"37,5",BIDIRECCIONAL,CONCRETO,BUENO,SECO,DESPEJADO,0,0,0,1,08,081,08109,Biobío,Concepción,Santa Juana,Ruta,"RUTA 156 km 37,5",-37.104584,-72.989483
-7857133.48745707,-3972257.45200721,470,2023,1502216,2023/01/05 00:00:00+00,Enero,5,Jueves,1899/12/30 00:00:00+00,20:30:00,20,REGION METROPOLITANA,PUENTE ALTO,COLISION LATERAL,COLISION,URBANA,TRAMO DE VIA RECTA,IMPRUDENCIA DEL CONDUCTOR,CONDUCCION NO ATENTO CONDICIONES TRANSITO MOMENTO,CONCHA Y TORO, ,- CONCHA Y TORO,3459, , ,BIDIRECCIONAL,CONCRETO,BUENO,SECO,DESPEJADO,0,1,0,0,13,132,13201,Metropolitana de Santiago,Cordillera,Puente Alto,Numero,"CONCHA Y TORO 3459, Puente Alto",-33.57785,-70.581831
-8135770.57575434,-4404429.72649022,471,2023,1546283,2023/07/04 00:00:00+00,Julio,4,Martes,1899/12/30 00:00:00+00,20:20:00,20,REGION BIO BIO,TALCAHUANO,COLISION LATERAL,COLISION,URBANA,TRAMO DE VIA RECTA,IMPRUDENCIA DEL CONDUCTOR,ADELANTAMIENTO SIN EL ESPACIO O TIEMPO SUFICIENTE,JUAN GUILLERMO SOSA, ,- JUAN GUILLERMO SOSA,4459, , ,BIDIRECCIONAL,CONCRETO,BUENO,SECO,DESPEJADO,0,0,0,0,08,081,08110,Biobío,Concepción,Talcahuano,Numero,"JUAN GUILLERMO SOSA 4459, Talcahuano",-36.750811,-73.084871
-7901084.31517642,-4109317.93066145,472,2023,1568726,2023/10/19 00:00:00+00,Octubre,19,Jueves,1899/12/30 00:00:00+00,17:30:00,17,REGION LIB.B.O'HIGGINS,SAN FERNANDO,CHOQUE LADO/LADO,CHOQUE,URBANA,TRAMO DE VIA RECTA,IMPRUDENCIA DEL CONDUCTOR,CONDUCCION NO ATENTO CONDICIONES TRANSITO MOMENTO,CAMINO REAL, ,- CAMINO REAL,1572, , ,BIDIRECCIONAL,ASFALTO,BUENO,SECO,DESPEJADO,0,0,0,0,06,063,06301,Libertador General Bernardo O'Higgins,Colchagua,San Fernando,Numero,"CAMINO REAL 1572, San Fernando",-34.59751,-70.976648
-8064736.90532921,-4662106.25694777,473,2023,1505116,2023/01/23 00:00:00+00,Enero,23,Lunes,1899/12/30 00:00:00+00,23:05:00,23,REGION ARAUCANIA,LAUTARO,COLISION,COLISION,RURAL,TRAMO DE VIA RECTA,IMPRUDENCIA DEL CONDUCTOR,CONDUCCION NO ATENTO CONDICIONES TRANSITO MOMENTO, , , ,0,RUTA 5 SUR,653,BIDIRECCIONAL CON BANDEJON,ASFALTO,BUENO,SECO,DESPEJADO,0,1,0,0,09,091,09108,La Araucanía,Cautín,Lautaro,Ruta,RUTA 5 SUR km 653,-38.582941,-72.446764
-7872389.70060659,-3963914.6374894,474,2023,1502017,2023/01/05 00:00:00+00,Enero,5,Jueves,1899/12/30 00:00:00+00,22:00:00,22,REGION METROPOLITANA,CERRILLOS,COLISION PERPENDICULAR,COLISION,URBANA,TRAMO DE VIA RECTA,IMPRUDENCIA DEL CONDUCTOR,CONDUCCION NO ATENTO CONDICIONES TRANSITO MOMENTO,AMERICO VESPUCIO, ,- AMERICO VESPUCIO,1501, , ,BIDIRECCIONAL,ASFALTO,BUENO,SECO,DESPEJADO,0,0,1,0,13,131,13102,Metropolitana de Santiago,Santiago,Cerrillos,Numero,"AMERICO VESPUCIO 1501, Cerrillos",-33.515388,-70.71888
-7927137.60660287,-3970900.93467176,475,2023,1544473,2023/07/05 00:00:00+00,Julio,5,Miércoles,1899/12/30 00:00:00+00,12:30:00,12,REGION METROPOLITANA,MELIPILLA,COLISION FRONTAL,COLISION,RURAL,TRAMO DE VIA RECTA,IMPRUDENCIA DEL CONDUCTOR,ADELANTAMIENTO SOBREPASANDO LINEA CONTINUA, , , ,0,G-74-F,14,BIDIRECCIONAL,ASFALTO,BUENO,SECO,DESPEJADO,0,0,0,0,13,135,13501,Metropolitana de Santiago,Melipilla,Melipilla,Numero,G-74-F km 14,-33.567697,-71.210689
-7952831.30405857,-3901302.07861267,476,2023,1501755,2023/01/05 00:00:00+00,Enero,5,Jueves,1899/12/30 00:00:00+00,22:24:00,22,REGION VALPARAISO,QUILPUE,CHOQUE FRONTAL,CHOQUE,URBANA,TRAMO DE VIA RECTA,ALCOHOL EN CONDUCTOR,CONDUCCION EN ESTADO DE EBRIEDAD,BAQUEDANO, ,- BAQUEDANO,920, , ,BIDIRECCIONAL,ASFALTO,BUENO,SECO,DESPEJADO,0,0,1,0,05,058,05801,Valparaíso,Marga Marga,Quilpué,Numero,"BAQUEDANO 920, Quilpué",-33.045178,-71.441499
-8084388.32637489,-4493816.58500309,477,2023,1506558,2023/01/25 00:00:00+00,Enero,25,Miércoles,1899/12/30 00:00:00+00,08:15:00,8,REGION BIO BIO,LOS ANGELES,IMPACTO CON ANIMAL,OTRO TIPO,RURAL,TRAMO DE VIA RECTA,DEFICIENCIAS VIALES,ANIMALES SUELTOS VIA PUBLICA, , , ,0,Q-34,20,BIDIRECCIONAL,ADOQUIN,BUENO,SECO,DESPEJADO,0,0,0,1,08,083,08301,Biobío,Biobío,Los Angeles,Ruta,Q-34 km 20,-37.391488,-72.623296
-7875004.89244572,-4048888.11133135,478,2023,1566230,2023/10/19 00:00:00+00,Octubre,19,Jueves,1899/12/30 00:00:00+00,18:55:00,18,REGION LIB.B.O'HIGGINS,RANCAGUA,COLISION POR ALCANCE,COLISION,URBANA,TRAMO DE VIA RECTA,ALCOHOL EN CONDUCTOR,CONDUCCION EN ESTADO DE EBRIEDAD,KENNEDY, ,- KENNEDY,1325, , ,BIDIRECCIONAL CON BANDEJON,CONCRETO,BUENO,SECO,DESPEJADO,0,0,0,1,06,061,06101,Libertador General Bernardo O'Higgins,Cachapoal,Rancagua,Numero,"KENNEDY 1325, Rancagua",-34.149457,-70.742373
-7929158.45553207,-4160572.08539744,479,2023,1544920,2023/07/05 00:00:00+00,Julio,5,Miércoles,1899/12/30 00:00:00+00,15:40:00,15,REGION MAULE,CURICO,ATROPELLO,ATROPELLO,URBANA,OTROS NO CONSIDERADOS,IMPRUDENCIA DEL CONDUCTOR,NO RESPETAR DERECHO PREFERENTE DE PASO A PEATON,ARTURO ALESSANDRI, ,- ARTURO ALESSANDRI,1399, , ,UNIDIRECCIONAL,CONCRETO,BUENO,SECO,DESPEJADO,0,0,1,0,07,073,07301,Maule,Curicó,Curicó,Numero,"ARTURO ALESSANDRI 1399, Curicó",-34.975646,-71.228842
-8008368.64392349,-4266494.97640659,480,2023,1505757,2023/01/25 00:00:00+00,Enero,25,Miércoles,1899/12/30 00:00:00+00,10:50:00,10,REGION MAULE,SAN JAVIER,COLISION LATERAL,COLISION,RURAL,TRAMO DE VIA RECTA,IMPRUDENCIA DEL CONDUCTOR,CONDUCCION NO ATENTO CONDICIONES TRANSITO MOMENTO, , , ,0,RUTA 126,23,BIDIRECCIONAL,ASFALTO,BUENO,SECO,DESPEJADO,0,1,0,0,07,074,07406,Maule,Linares,San Javier,Ruta,RUTA 126 km 23,-35.751596,-71.9404
-7864057.14641061,-3955554.99045554,481,2023,1502752,2023/01/06 00:00:00+00,Enero,6,Viernes,1899/12/30 00:00:00+00,12:30:00,12,REGION METROPOLITANA,SANTIAGO,COLISION POR ALCANCE,COLISION,URBANA,TRAMO DE VIA RECTA,IMPRUDENCIA DEL CONDUCTOR,ADELANTAMIENTO SIN EFECTUAR LA SEÑAL RESPECTIVA,STA ROSA, ,- STA ROSA,670, , ,UNIDIRECCIONAL,ASFALTO,BUENO,SECO,DESPEJADO,0,0,0,0,13,131,13101,Metropolitana de Santiago,Santiago,Santiago,Numero,"STA ROSA 670, Santiago",-33.452755,-70.644027
-7873061.86810799,-3954441.07977826,482,2023,1567387,2023/10/19 00:00:00+00,Octubre,19,Jueves,1899/12/30 00:00:00+00,20:40:00,20,REGION METROPOLITANA,LO PRADO,COLISION LATERAL,COLISION,URBANA,TRAMO DE VIA RECTA,IMPRUDENCIA DEL CONDUCTOR,NO RESPETAR DERECHO PREFERENTE DE PASO A VEHICULO,SAN PABLO, ,- SAN PABLO,6305, , ,BIDIRECCIONAL,ASFALTO,BUENO,SECO,DESPEJADO,0,1,0,0,13,131,13117,Metropolitana de Santiago,Santiago,Lo Prado,Numero,"SAN PABLO 6305, Lo Prado",-33.444406,-70.724918
-7884448.97132312,-3966966.20444161,483,2023,1543681,2023/07/05 00:00:00+00,Julio,5,Miércoles,1899/12/30 00:00:00+00,19:05:00,19,REGION METROPOLITANA,PADRE HURTADO,CHOQUE FRONTAL,CHOQUE,URBANA,TRAMO DE VIA CURVA HORIZONTAL,IMPRUDENCIA DEL CONDUCTOR,CONDUCCION NO ATENTO CONDICIONES TRANSITO MOMENTO,CAMINO EL TREBAL, ,- CAMINO EL TREBAL,9950, , ,BIDIRECCIONAL,ASFALTO,BUENO,SECO,DESPEJADO,1,0,0,0,13,136,13604,Metropolitana de Santiago,Talagante,Padre Hurtado,Numero,"CAMINO EL TREBAL 9950, Padre Hurtado",-33.53824,-70.82721
-7942924.00516549,-4114052.05173975,484,2023,1567802,2023/10/19 00:00:00+00,Octubre,19,Jueves,1899/12/30 00:00:00+00,21:50:00,21,REGION LIB.B.O'HIGGINS,SANTA CRUZ,COLISION FRONTAL,COLISION,URBANA,TRAMO DE VIA RECTA,ALCOHOL EN CONDUCTOR,CONDUCCION EN ESTADO DE EBRIEDAD,ERRAZURIZ, ,- ERRAZURIZ,1236, , ,BIDIRECCIONAL,ASFALTO,REGULAR,SECO,DESPEJADO,0,0,0,2,06,063,06310,Libertador General Bernardo O'Higgins,Colchagua,Santa Cruz,Numero,"ERRAZURIZ 1236, Santa Cruz",-34.632509,-71.3525
-7913955.37412911,-4087473.71777466,485,2023,1501955,2023/01/06 00:00:00+00,Enero,6,Viernes,1899/12/30 00:00:00+00,13:30:00,13,REGION LIB.B.O'HIGGINS,SAN VICENTE,COLISION LATERAL,COLISION,URBANA,TRAMO DE VIA RECTA,IMPRUDENCIA DEL CONDUCTOR,CONDUCCION NO ATENTO CONDICIONES TRANSITO MOMENTO,NUEVA, ,- NUEVA,85, , ,BIDIRECCIONAL,ASFALTO,BUENO,SECO,DESPEJADO,0,0,0,1,06,061,06117,Libertador General Bernardo O'Higgins,Cachapoal,San Vicente,Numero,"NUEVA 85, San Vicente",-34.435824,-71.092271
-8071181.8324081,-4261608.72096081,486,2023,1505663,2023/01/25 00:00:00+00,Enero,25,Miércoles,1899/12/30 00:00:00+00,14:40:00,14,REGION MAULE,CHANCO,VOLCADURA,VOLCADURA,RURAL,TRAMO DE VIA RECTA,VELOCIDAD IMPRUDENTE,VELOCIDAD NO RAZONABLE NI PRUDENTE, , , ,0,M-450,3,UNIDIRECCIONAL,RIPIO,REGULAR, ,DESPEJADO,0,0,0,1,07,072,07202,Maule,Cauquenes,Chanco,Ruta,M-450 km 3,-35.715966,-72.50466
-8139039.99849702,-4402019.64374536,487,2023,1546273,2023/07/06 00:00:00+00,Julio,6,Jueves,1899/12/30 00:00:00+00,11:36:00,11,REGION BIO BIO,TALCAHUANO,COLISION POR ALCANCE,COLISION,URBANA,TRAMO DE VIA RECTA,IMPRUDENCIA DEL CONDUCTOR,CONDUCCION SIN MANTENER DISTANCIA RAZONABLE NI PRUDENTE,ALTO HORNO, ,- ALTO HORNO,315, , ,BIDIRECCIONAL CON BANDEJON,CONCRETO,BUENO,SECO,DESPEJADO,0,0,0,1,08,081,08110,Biobío,Concepción,Talcahuano,Numero,"ALTO HORNO 315, Talcahuano",-36.733462,-73.11424
-7922688.14251085,-4116542.262249,488,2023,1505437,2023/01/25 00:00:00+00,Enero,25,Miércoles,1899/12/30 00:00:00+00,17:45:00,17,REGION LIB.B.O'HIGGINS,NANCAGUA,COLISION LATERAL,COLISION,RURAL,CRUCE CON SEÑAL PARE,DESOBEDIENCIA A SEÑALIZACION,SEÑALIZACION DESOBEDECER SEÑAL PARE, , , ,0,I-50,20,BIDIRECCIONAL,ASFALTO,BUENO,SECO,DESPEJADO,1,0,0,0,06,063,06305,Libertador General Bernardo O'Higgins,Colchagua,Nancagua,Ruta,I-50 km 20,-34.650913,-71.170718
-8025838.56470457,-4379192.33801359,489,2023,1567091,2023/10/20 00:00:00+00,Octubre,20,Viernes,1899/12/30 00:00:00+00,18:00:00,18,REGION ÑUBLE,CHILLAN,VOLCADURA,VOLCADURA,URBANA,TRAMO DE VIA RECTA,VELOCIDAD IMPRUDENTE,VELOCIDAD NO RAZONABLE NI PRUDENTE,PANAMERICANA NORTE, ,- PANAMERICANA NORTE,3651, , ,BIDIRECCIONAL,CONCRETO,BUENO,SECO,DESPEJADO,0,0,0,1,16,161,16101,Ñuble,Diguillín,Chillán,Numero,"PANAMERICANA NORTE 3651, Chillán",-36.568945,-72.097335
-7959758.73021953,-3893748.74352603,490,2023,1502042,2023/01/07 00:00:00+00,Enero,7,Sábado,1899/12/30 00:00:00+00,02:30:00,2,REGION VALPARAISO,VIÑA DEL MAR,VOLCADURA,VOLCADURA,URBANA,TRAMO DE VIA RECTA,VELOCIDAD IMPRUDENTE,VELOCIDAD NO RAZONABLE NI PRUDENTE,TENIENTE MERINO, ,- TENIENTE MERINO,79, , ,BIDIRECCIONAL,ASFALTO,BUENO,SECO,DESPEJADO,1,0,0,0,05,051,05109,Valparaíso,Valparaíso,Viña del Mar,Numero,"TENIENTE MERINO 79, Viña del Mar",-32.988282,-71.503729
-7968007.50735936,-3899021.89405637,491,2023,1544579,2023/07/06 00:00:00+00,Julio,6,Jueves,1899/12/30 00:00:00+00,18:15:00,18,REGION VALPARAISO,VIÑA DEL MAR,COLISION POR ALCANCE,COLISION,URBANA,TRAMO DE VIA RECTA,IMPRUDENCIA DEL CONDUCTOR,CONDUCCION CAMBIAR SORPRESIVAMENTE PISTA CIRCULACION,ESPAÑA, ,- ESPAÑA,1517, , ,BIDIRECCIONAL,CONCRETO,BUENO,SECO,DESPEJADO,0,0,0,0,05,051,05109,Valparaíso,Valparaíso,Viña del Mar,Numero,"ESPAÑA 1517, Viña del Mar",-33.028006,-71.577829
-7898317.56805106,-4059338.18486186,492,2023,1508387,2023/01/26 00:00:00+00,Enero,26,Jueves,1899/12/30 00:00:00+00,12:10:00,12,REGION LIB.B.O'HIGGINS,DOÑIHUE,COLISION POR ALCANCE,COLISION,RURAL,CRUCE CON SEÑAL PARE,DESOBEDIENCIA A SEÑALIZACION,SEÑALIZACION DESOBEDECER SEÑAL PARE, , , ,0,H-30,21,BIDIRECCIONAL,CONCRETO,BUENO,SECO,DESPEJADO,0,1,0,0,06,061,06105,Libertador General Bernardo O'Higgins,Cachapoal,Doñihue,Ruta,H-30 km 21,-34.227109,-70.951794
-8117522.32854115,-5081680.74016212,493,2023,1569196,2023/10/21 00:00:00+00,Octubre,21,Sábado,1899/12/30 00:00:00+00,15:20:00,15,REGION LOS LAGOS,PUERTO MONTT,VOLCADURA,VOLCADURA,URBANA,TRAMO DE VIA RECTA,VELOCIDAD IMPRUDENTE,VELOCIDAD NO RAZONABLE NI PRUDENTE,LOS DEPORTISTAS (EX REGIMIENTO), ,- LOS DEPORTISTAS (EX REGIMIENTO),6, , ,BIDIRECCIONAL,CONCRETO,BUENO,SECO,DESPEJADO,0,1,0,0,10,101,10101,Los Lagos,Llanquihue,Puerto Montt,Numero,"LOS DEPORTISTAS (EX REGIMIENTO) 6, Puerto Montt",-41.468418,-72.920944
-7867341.13184663,-3933356.79171833,494,2023,1547248,2023/07/06 00:00:00+00,Julio,6,Jueves,1899/12/30 00:00:00+00,19:15:00,19,REGION METROPOLITANA,COLINA,COLISION PERPENDICULAR,COLISION,URBANA,TRAMO DE VIA RECTA,IMPRUDENCIA DEL CONDUCTOR,CONDUCCION NO ATENTO CONDICIONES TRANSITO MOMENTO,CHICUREO, ,- CHICUREO,2500, , ,BIDIRECCIONAL,ASFALTO,BUENO,SECO,DESPEJADO,0,0,0,1,13,133,13301,Metropolitana de Santiago,Chacabuco,Colina,Numero,"CHICUREO 2500, Colina",-33.28622,-70.673528
-7902823.20939053,-4108923.61356427,495,2023,1504308,2023/01/07 00:00:00+00,Enero,7,Sábado,1899/12/30 00:00:00+00,13:15:00,13,REGION LIB.B.O'HIGGINS,SAN FERNANDO,COLISION LATERAL,COLISION,URBANA,TRAMO DE VIA RECTA,IMPRUDENCIA DEL CONDUCTOR,CONDUCCION NO ATENTO CONDICIONES TRANSITO MOMENTO,LOS PALACIOS, ,- LOS PALACIOS,580, , ,BIDIRECCIONAL,CONCRETO,BUENO,SECO,DESPEJADO,0,0,1,0,06,063,06301,Libertador General Bernardo O'Higgins,Colchagua,San Fernando,Numero,"LOS PALACIOS 580, San Fernando",-34.594594,-70.992269
-8045175.84382815,-4245197.18477569,496,2023,1508238,2023/01/26 00:00:00+00,Enero,26,Jueves,1899/12/30 00:00:00+00,16:30:00,16,REGION MAULE,EMPEDRADO,COLISION LATERAL,COLISION,RURAL,TRAMO DE VIA RECTA,IMPRUDENCIA DEL CONDUCTOR,CONDUCCION NO ATENTO CONDICIONES TRANSITO MOMENTO, , , ,0,"M-40, M-36",20,BIDIRECCIONAL,ASFALTO,BUENO,SECO,DESPEJADO,0,0,1,0,07,071,07104,Maule,Talca,Empedrado,Ruta,"M-40, M-36 km 20",-35.596176,-72.271044
-7952332.74362226,-4057103.13069296,497,2023,1566520,2023/10/21 00:00:00+00,Octubre,21,Sábado,1899/12/30 00:00:00+00,19:30:00,19,REGION LIB.B.O'HIGGINS,LAS CABRAS,COLISION,COLISION,RURAL,TRAMO DE VIA CURVA HORIZONTAL,ALCOHOL EN CONDUCTOR,CONDUCCION EN ESTADO DE EBRIEDAD,LA GUAÑANGA, ,- LA GUAÑANGA,3, , ,BIDIRECCIONAL,ASFALTO,BUENO,SECO,DESPEJADO,1,0,0,1,06,061,06107,Libertador General Bernardo O'Higgins,Cachapoal,Las Cabras,Numero,"LA GUAÑANGA 3, Las Cabras",-34.210507,-71.43702
-7868501.56528066,-3992825.73902612,498,2023,1545611,2023/07/07 00:00:00+00,Julio,7,Viernes,1899/12/30 00:00:00+00,13:15:00,13,REGION METROPOLITANA,BUIN,COLISION PERPENDICULAR,COLISION,URBANA,TRAMO DE VIA RECTA,IMPRUDENCIA DEL CONDUCTOR,CONDUCCION NO ATENTO CONDICIONES TRANSITO MOMENTO,CAMINO PADRE HURTADO, ,- CAMINO PADRE HURTADO,26, , ,BIDIRECCIONAL,ASFALTO,BUENO,SECO,NUBLADO,0,0,1,0,13,134,13402,Metropolitana de Santiago,Maipo,Buin,Numero,"CAMINO PADRE HURTADO 26, Buin",-33.731649,-70.683952
-8077166.39480511,-4680223.29499212,499,2023,1507225,2023/01/07 00:00:00+00,Enero,7,Sábado,1899/12/30 00:00:00+00,15:00:00,15,REGION ARAUCANIA,TEMUCO,CHOQUE FRENTE/POSTERIOR,CHOQUE,URBANA,TRAMO DE VIA RECTA,IMPRUDENCIA DEL CONDUCTOR,CONDUCCION NO ATENTO CONDICIONES TRANSITO MOMENTO,RUDECINDO ORTEGA, ,- RUDECINDO ORTEGA,2100, , ,BIDIRECCIONAL CON BANDEJON,ASFALTO,BUENO,SECO,DESPEJADO,0,1,0,0,09,091,09101,La Araucanía,Cautín,Temuco,Numero,"RUDECINDO ORTEGA 2100, Temuco",-38.710049,-72.55842
-7856421.4208683,-3972138.28791945,500,2023,1566539,2023/10/22 00:00:00+00,Octubre,22,Domingo,1899/12/30 00:00:00+00,03:30:00,3,REGION METROPOLITANA,PUENTE ALTO,VOLCADURA,VOLCADURA,URBANA,TRAMO DE VIA RECTA,IMPRUDENCIA DEL CONDUCTOR,CONDUCCION NO ATENTO CONDICIONES TRANSITO MOMENTO,GABRIELA ORIENTE, ,- GABRIELA ORIENTE,75, , ,BIDIRECCIONAL,CONCRETO,BUENO,SECO,DESPEJADO,0,0,0,2,13,132,13201,Metropolitana de Santiago,Cordillera,Puente Alto,Numero,"GABRIELA ORIENTE 75, Puente Alto",-33.576958,-70.575434
-8089100.64791147,-4687067.51097819,501,2023,1505600,2023/01/26 00:00:00+00,Enero,26,Jueves,1899/12/30 00:00:00+00,20:40:00,20,REGION ARAUCANIA,TEMUCO,COLISION LATERAL,COLISION,RURAL,TRAMO DE VIA RECTA,IMPRUDENCIA DEL CONDUCTOR,CONDUCCION SIN MANTENER DISTANCIA RAZONABLE NI PRUDENTE, , , ,0,"S-30, S-40","5,5",BIDIRECCIONAL CON BANDEJON,CONCRETO,BUENO,SECO,DESPEJADO,0,0,0,3,09,091,09101,La Araucanía,Cautín,Temuco,Ruta,"S-30, S-40 km 5,5",-38.758009,-72.665627
-7948218.84496626,-3901275.15194144,502,2023,1543333,2023/07/07 00:00:00+00,Julio,7,Viernes,1899/12/30 00:00:00+00,15:50:00,15,REGION VALPARAISO,QUILPUE,COLISION LATERAL,COLISION,URBANA,TRAMO DE VIA RECTA,IMPRUDENCIA DEL CONDUCTOR,CONDUCCION NO ATENTO CONDICIONES TRANSITO MOMENTO,FREIRE, ,- FREIRE,120, , ,BIDIRECCIONAL,CONCRETO,BUENO,SECO,DESPEJADO,0,1,0,0,05,058,05801,Valparaíso,Marga Marga,Quilpué,Numero,"FREIRE 120, Quilpué",-33.044975,-71.400065
-7831492.34049319,-3979682.96712276,503,2023,1505942,2023/01/08 00:00:00+00,Enero,8,Domingo,1899/12/30 00:00:00+00,14:20:00,14,REGION METROPOLITANA,SAN JOSE DE MAIPO,COLISION POR ALCANCE,COLISION,URBANA,TRAMO DE VIA RECTA,IMPRUDENCIA DEL CONDUCTOR,CONDUCCION SIN MANTENER DISTANCIA RAZONABLE NI PRUDENTE,CAMINO AL VOLCAN, ,- CAMINO AL VOLCAN,10703, , ,BIDIRECCIONAL,ASFALTO,BUENO,SECO,DESPEJADO,0,0,0,1,13,132,13203,Metropolitana de Santiago,Cordillera,San José de Maipo,Numero,"CAMINO AL VOLCAN 10703, San José de Maipo",-33.633406,-70.351493
-7881530.69734255,-3969594.19120702,504,2023,1583219,2023/10/22 00:00:00+00,Octubre,22,Domingo,1899/12/30 00:00:00+00,08:00:00,8,REGION METROPOLITANA,PADRE HURTADO,COLISION FRONTAL,COLISION,URBANA,TRAMO DE VIA RECTA,IMPRUDENCIA DEL CONDUCTOR,ADELANTAMIENTO SIN EL ESPACIO O TIEMPO SUFICIENTE,CAMINO A MELIPILLA, ,- CAMINO A MELIPILLA,357, , ,UNIDIRECCIONAL,CONCRETO,BUENO,SECO,DESPEJADO,0,0,0,0,13,136,13604,Metropolitana de Santiago,Talagante,Padre Hurtado,Numero,"CAMINO A MELIPILLA 357, Padre Hurtado",-33.557915,-70.800995
-8054319.09687661,-4446333.19861544,505,2023,1506299,2023/01/26 00:00:00+00,Enero,26,Jueves,1899/12/30 00:00:00+00,21:50:00,21,REGION BIO BIO,CABRERO,IMPACTO CON ANIMAL,OTRO TIPO,RURAL,TRAMO DE VIA RECTA,DEFICIENCIAS VIALES,ANIMALES SUELTOS VIA PUBLICA, , , ,0,O-97-N,2,BIDIRECCIONAL,ASFALTO,BUENO,SECO,DESPEJADO,0,1,0,0,08,083,08303,Biobío,Biobío,Cabrero,Ruta,O-97-N km 2,-37.051827,-72.353179
-12181744.039261,-3141748.28879459,506,2023,1543337,2023/07/07 00:00:00+00,Julio,7,Viernes,1899/12/30 00:00:00+00,19:35:00,19,REGION VALPARAISO,ISLA DE PASCUA,COLISION FRONTAL,COLISION,URBANA,TRAMO DE VIA RECTA,IMPRUDENCIA DEL CONDUCTOR,ADELANTAMIENTO SIN EL ESPACIO O TIEMPO SUFICIENTE,POLICARPO TORO, ,- POLICARPO TORO,0, , ,BIDIRECCIONAL,ASFALTO,REGULAR,MOJADO,LLUVIA,0,0,0,3,05,052,05201,Valparaíso,Isla de Pascua,Isla de Pascua,Numero,"POLICARPO TORO 0, Isla de Pascua",-27.146191,-109.430469
-7835008.57373094,-2703092.98672327,507,2023,1568579,2023/10/22 00:00:00+00,Octubre,22,Domingo,1899/12/30 00:00:00+00,10:50:00,10,REGION ANTOFAGASTA,ANTOFAGASTA,VOLCADURA,VOLCADURA,URBANA,TRAMO DE VIA RECTA,IMPRUDENCIA DEL CONDUCTOR,CONDUCCION NO ATENTO CONDICIONES TRANSITO MOMENTO,EL ROBLE, ,- EL ROBLE,8867, , ,UNIDIRECCIONAL,ASFALTO,BUENO,SECO,DESPEJADO,0,0,0,1,02,021,02101,Antofagasta,Antofagasta,Antofagasta,Numero,"EL ROBLE 8867, Antofagasta",-23.586428,-70.38308