X,Y,FID,Año,IdAccident,Fecha,Mes,Dia_mes,Dia_semana,Hora,Hora_texto,Hora_aprox,Región,Comuna,Tipo_Accid,Tipo__CONA,Zona,Ubicación,Causa__CON,Causa_Acci,Calle_Uno,Calle_Dos,Intersecci,Número,Ruta,Ubicaci_1,Calzada,Tipo_Calza,Estado_Cal,Condición,Estado_Atm,Fallecidos,Graves,Menos_Grav,Leves,CUT_REG,CUT_PROV,CUT_COM,REGION,PROVINCIA,COMUNA1,Tipo_direc,Direccion,Lat,Lon
-7890907.90573354,-4086139.9490224,508,2023,1507605,2023/01/27 00:00:00+00,Enero,27,Viernes,1899/12/30 00:00:00+00,08:45:00,8,REGION LIB.B.O'HIGGINS,RENGO,COLISION LATERAL,COLISION,RURAL,TRAMO DE VIA RECTA,IMPRUDENCIA DEL CONDUCTOR,ADELANTAMIENTO SIN EL ESPACIO O TIEMPO SUFICIENTE, , , ,0,RUTA 5 SUR,117,UNIDIRECCIONAL,ASFALTO,BUENO,SECO,DESPEJADO,0,0,0,2,06,061,06115,Libertador General Bernardo O'Higgins,Cachapoal,Rengo,Ruta,RUTA 5 SUR km 117,-34.425941,-70.885232
-7856951.24885677,-3953704.21290525,509,2023,1504069,2023/01/09 00:00:00+00,Enero,9,Lunes,1899/12/30 00:00:00+00,13:20:00,13,REGION METROPOLITANA,ÑUÑOA,COLISION,COLISION,URBANA,TRAMO DE VIA RECTA,IMPRUDENCIA DEL CONDUCTOR,CONDUCCION NO ATENTO CONDICIONES TRANSITO MOMENTO,LA VERBENA, ,- LA VERBENA,4880, , ,BIDIRECCIONAL,CONCRETO,BUENO,SECO,DESPEJADO,0,0,0,0,13,131,13120,Metropolitana de Santiago,Santiago,Ñuñoa,Numero,"LA VERBENA 4880, Ñuñoa",-33.438882,-70.580194
-8154915.79797646,-4842854.67213977,510,2023,1543768,2023/07/07 00:00:00+00,Julio,7,Viernes,1899/12/30 00:00:00+00,19:50:00,19,REGION DE LOS RIOS,VALDIVIA,COLISION FRONTAL,COLISION,URBANA,OTROS NO CONSIDERADOS,IMPRUDENCIA DEL CONDUCTOR,CONDUCCION NO ATENTO CONDICIONES TRANSITO MOMENTO,ARICA, ,- ARICA,2880, , ,BIDIRECCIONAL,CONCRETO,BUENO,MOJADO,LLUVIA,0,0,0,0,14,141,14101,Los Ríos,Valdivia,Valdivia,Numero,"ARICA 2880, Valdivia",-39.840938,-73.256855
-7868507.65708395,-3976206.36456106,511,2023,1566898,2023/10/23 00:00:00+00,Octubre,23,Lunes,1899/12/30 00:00:00+00,11:20:00,11,REGION METROPOLITANA,SAN BERNARDO,COLISION LATERAL,COLISION,URBANA,CRUCE CON SEMAFORO FUNCIONANDO,IMPRUDENCIA DEL CONDUCTOR,CONDUCCION NO ATENTO CONDICIONES TRANSITO MOMENTO,BAQUEDANO, ,- BAQUEDANO,2010, , ,BIDIRECCIONAL,ASFALTO,BUENO,SECO,DESPEJADO,0,0,0,0,13,134,13401,Metropolitana de Santiago,Maipo,San Bernardo,Numero,"BAQUEDANO 2010, San Bernardo",-33.607399,-70.684007
-7935048.30032658,-3496093.47514215,512,2023,1506187,2023/01/27 00:00:00+00,Enero,27,Viernes,1899/12/30 00:00:00+00,21:45:00,21,REGION COQUIMBO,COQUIMBO,COLISION LATERAL,COLISION,RURAL,TRAMO DE VIA RECTA,IMPRUDENCIA DEL CONDUCTOR,CONDUCCION SIN MANTENER DISTANCIA RAZONABLE NI PRUDENTE, , , ,0,RUTA 5 NORTE,465,BIDIRECCIONAL CON BANDEJON,ASFALTO,BUENO,SECO,DESPEJADO,0,0,2,0,04,041,04102,Coquimbo,Elqui,Coquimbo,Ruta,RUTA 5 NORTE km 465,-29.941975,-71.281752
-7932878.69045302,-3893918.06299265,513,2023,1503713,2023/01/09 00:00:00+00,Enero,9,Lunes,1899/12/30 00:00:00+00,14:00:00,14,REGION VALPARAISO,LIMACHE,COLISION LATERAL,COLISION,URBANA,TRAMO DE VIA RECTA,IMPRUDENCIA DEL CONDUCTOR,ADELANTAMIENTO SIN EL ESPACIO O TIEMPO SUFICIENTE,ADOLFO EASTMAN COX, ,- ADOLFO EASTMAN COX,2, , ,BIDIRECCIONAL,ASFALTO,BUENO,SECO,NUBLADO,0,0,0,2,05,058,05802,Valparaíso,Marga Marga,Limache,Numero,"ADOLFO EASTMAN COX 2, Limache",-32.989558,-71.262262
-7947984.48700339,-4081090.41964819,514,2023,1505824,2023/01/27 00:00:00+00,Enero,27,Viernes,1899/12/30 00:00:00+00,22:25:00,22,REGION LIB.B.O'HIGGINS,PICHIDEGUA,VOLCADURA,VOLCADURA,RURAL,TRAMO DE VIA RECTA,VELOCIDAD IMPRUDENTE,VELOCIDAD NO RAZONABLE NI PRUDENTE, , , ,0,I-330-H,15,BIDIRECCIONAL,ASFALTO,BUENO,SECO,DESPEJADO,0,0,0,1,06,061,06113,Libertador General Bernardo O'Higgins,Cachapoal,Pichidegua,Ruta,I-330-H km 15,-34.388517,-71.397959
-8143640.15091906,-4451095.30746449,515,2023,1543483,2023/07/08 00:00:00+00,Julio,8,Sábado,1899/12/30 00:00:00+00,15:55:00,15,REGION BIO BIO,LOTA,COLISION PERPENDICULAR,COLISION,URBANA,TRAMO DE VIA RECTA,IMPRUDENCIA DEL CONDUCTOR,ADELANTAMIENTO SIN EL ESPACIO O TIEMPO SUFICIENTE,LA PAZ, ,- LA PAZ,117, , ,BIDIRECCIONAL,CONCRETO,BUENO,SECO,DESPEJADO,0,0,0,1,08,081,08106,Biobío,Concepción,Lota,Numero,"LA PAZ 117, Lota",-37.08596,-73.155564
-8141984.7190943,-4423933.65191503,516,2023,1567792,2023/10/23 00:00:00+00,Octubre,23,Lunes,1899/12/30 00:00:00+00,13:00:00,13,REGION BIO BIO,SAN PEDRO DE LA PAZ,COLISION LATERAL,COLISION,URBANA,CRUCE SIN SEÑALIZACION,IMPRUDENCIA DEL CONDUCTOR,VIRAJES INDEBIDOS,GENARO PRIETO, ,- GENARO PRIETO,689, , ,BIDIRECCIONAL,CONCRETO,BUENO,SECO,DESPEJADO,0,0,0,1,08,081,08108,Biobío,Concepción,San Pedro de la Paz,Numero,"GENARO PRIETO 689, San Pedro de la Paz",-36.891066,-73.140693
-7930797.82653692,-3879330.30103725,517,2023,1502463,2023/01/09 00:00:00+00,Enero,9,Lunes,1899/12/30 00:00:00+00,14:30:00,14,REGION VALPARAISO,QUILLOTA,ATROPELLO,ATROPELLO,URBANA,TRAMO DE VIA RECTA,IMPRUDENCIA DEL PEATON,PEATON CRUZA CALZADA FORMA SORPRESIVA O DESCUIDADA,MAIPU, ,- MAIPU,57, , ,UNIDIRECCIONAL,ASFALTO,BUENO,SECO,DESPEJADO,0,1,0,1,05,055,05501,Valparaíso,Quillota,Quillota,Numero,"MAIPU 57, Quillota",-32.879574,-71.243569
-7871153.0566803,-3967693.31630877,518,2023,1545247,2023/07/08 00:00:00+00,Julio,8,Sábado,1899/12/30 00:00:00+00,20:30:00,20,REGION METROPOLITANA,SAN BERNARDO,COLISION LATERAL,COLISION,URBANA,TRAMO DE VIA RECTA,IMPRUDENCIA DEL CONDUCTOR,CONDUCCION NO ATENTO CONDICIONES TRANSITO MOMENTO,GRAL VELASQUEZ, ,- GRAL VELASQUEZ,10020, , ,BIDIRECCIONAL CON BANDEJON,ASFALTO,BUENO,SECO,DESPEJADO,0,0,0,1,13,134,13401,Metropolitana de Santiago,Maipo,San Bernardo,Numero,"GRAL VELASQUEZ 10020, San Bernardo",-33.543684,-70.707771
-7876714.80724641,-3966027.47776768,519,2023,1567571,2023/10/24 00:00:00+00,Octubre,24,Martes,1899/12/30 00:00:00+00,05:55:00,5,REGION METROPOLITANA,MAIPU,COLISION PERPENDICULAR,COLISION,URBANA,CRUCE CON SEÑAL PARE,DESOBEDIENCIA A SEÑALIZACION,SEÑALIZACION DESOBEDECER SEÑAL PARE,STA MARTA, ,- STA MARTA,595, , ,BIDIRECCIONAL,CONCRETO,REGULAR,SECO,DESPEJADO,0,0,0,0,13,131,13119,Metropolitana de Santiago,Santiago,Maipú,Numero,"STA MARTA 595, Maipú",-33.531211,-70.757733
-7727179.33283704,-6950202.59807588,520,2023,1506517,2023/01/28 00:00:00+00,Enero,28,Sábado,1899/12/30 00:00:00+00,18:45:00,18,REGION MAGALLANES Y ANTARTICA CHILENA,PRIMAVERA,VOLCADURA,VOLCADURA,RURAL,TRAMO DE VIA RECTA,DROGAS Y/O FATIGA EN CONDUCTOR,"CONDICIONES FISICAS DEFICIENTES (CANSANCIO, SUEÑO)", , , ,0,257 CH,69,BIDIRECCIONAL,CONCRETO,BUENO,SECO,DESPEJADO,0,1,0,0,12,123,12302,Magallanes y de la Antártica Chilena,Tierra del Fuego,Primavera,Ruta,257 CH km 69,-52.822338,-69.414433
-7899350.97092911,-3874099.20867015,521,2023,1504442,2023/01/09 00:00:00+00,Enero,9,Lunes,1899/12/30 00:00:00+00,17:00:00,17,REGION VALPARAISO,LLAY LLAY,COLISION,COLISION,URBANA,TRAMO DE VIA RECTA,IMPRUDENCIA DEL CONDUCTOR,VIRAJES INDEBIDOS,JOSE MANUEL BALMACEDA, ,- JOSE MANUEL BALMACEDA,569, , ,BIDIRECCIONAL,CONCRETO,BUENO,SECO,DESPEJADO,0,0,0,1,05,057,05703,Valparaíso,San Felipe de Aconcagua,Llaillay,Numero,"JOSE MANUEL BALMACEDA 569, Llaillay",-32.840101,-70.961077
-7862554.79507155,-3952940.93767905,522,2023,1543652,2023/07/09 00:00:00+00,Julio,9,Domingo,1899/12/30 00:00:00+00,23:59:00,23,REGION METROPOLITANA,PROVIDENCIA,CHOQUE FRONTAL,CHOQUE,URBANA,CRUCE CON SEMAFORO FUNCIONANDO,VELOCIDAD IMPRUDENTE,VELOCIDAD MAYOR QUE MAXIMA PERMITIDA,BELLAVISTA, ,- BELLAVISTA,313, , ,UNIDIRECCIONAL,ASFALTO,BUENO,HUMEDO,DESPEJADO,1,0,0,0,13,131,13123,Metropolitana de Santiago,Santiago,Providencia,Numero,"BELLAVISTA 313, Providencia",-33.433161,-70.630531
-7884710.9786764,-3969060.32668128,523,2023,1569840,2023/10/24 00:00:00+00,Octubre,24,Martes,1899/12/30 00:00:00+00,10:30:00,10,REGION METROPOLITANA,PADRE HURTADO,OTRO TIPO,OTRO TIPO,URBANA,OTROS NO CONSIDERADOS,IMPRUDENCIA DEL CONDUCTOR,CONDUCCION NO ATENTO CONDICIONES TRANSITO MOMENTO,CAMINO A VALPARAISO, ,- CAMINO A VALPARAISO,3500, , ,UNIDIRECCIONAL,ASFALTO,BUENO,SECO,DESPEJADO,0,1,0,0,13,136,13604,Metropolitana de Santiago,Talagante,Padre Hurtado,Numero,"CAMINO A VALPARAISO 3500, Padre Hurtado",-33.553919,-70.829564
-7873131.0568228,-3840409.7470265,524,2023,1507167,2023/01/29 00:00:00+00,Enero,29,Domingo,1899/12/30 00:00:00+00,03:15:00,3,REGION VALPARAISO,PUTAENDO,VOLCADURA,VOLCADURA,RURAL,TRAMO DE VIA RECTA,ALCOHOL EN CONDUCTOR,CONDUCCION EN ESTADO DE EBRIEDAD, , , ,0,E-531,9,BIDIRECCIONAL,ASFALTO,BUENO,SECO,DESPEJADO,0,0,0,1,05,057,05705,Valparaíso,San Felipe de Aconcagua,Putaendo,Ruta,E-531 km 9,-32.585465,-70.72554
-7930654.32816583,-3878123.195399,525,2023,1543971,2023/07/10 00:00:00+00,Julio,10,Lunes,1899/12/30 00:00:00+00,01:40:00,1,REGION VALPARAISO,QUILLOTA,COLISION,COLISION,URBANA,TRAMO DE VIA RECTA,ALCOHOL EN CONDUCTOR,CONDUCCION EN ESTADO DE EBRIEDAD,MERCED, ,- MERCED,585, , ,UNIDIRECCIONAL,ASFALTO,BUENO,SECO,DESPEJADO,0,1,0,0,05,055,05501,Valparaíso,Quillota,Quillota,Numero,"MERCED 585, Quillota",-32.870467,-71.24228
-7882447.47921697,-3972096.14157065,526,2023,1506140,2023/01/09 00:00:00+00,Enero,9,Lunes,1899/12/30 00:00:00+00,19:55:00,19,REGION METROPOLITANA,PADRE HURTADO,VOLCADURA,VOLCADURA,URBANA,TRAMO DE VIA RECTA,VELOCIDAD IMPRUDENTE,VELOCIDAD NO RAZONABLE NI PRUDENTE,LAS VIOLETAS, ,- LAS VIOLETAS,1, , ,BIDIRECCIONAL,ASFALTO,BUENO,SECO,DESPEJADO,0,0,0,0,13,136,13604,Metropolitana de Santiago,Talagante,Padre Hurtado,Numero,"LAS VIOLETAS 1, Padre Hurtado",-33.576643,-70.80923
-8121521.9176203,-5077332.17170883,527,2023,1508503,2023/01/29 00:00:00+00,Enero,29,Domingo,1899/12/30 00:00:00+00,07:45:00,7,REGION LOS LAGOS,PUERTO MONTT,VOLCADURA,VOLCADURA,RURAL,TRAMO DE VIA RECTA,VELOCIDAD IMPRUDENTE,VELOCIDAD NO RAZONABLE NI PRUDENTE, , , ,0,RUTA 5 SUR,1020,BIDIRECCIONAL CON BANDEJON,CONCRETO,BUENO,SECO,DESPEJADO,0,1,0,0,10,101,10101,Los Lagos,Llanquihue,Puerto Montt,Ruta,RUTA 5 SUR km 1020,-41.439141,-72.956873
-7802773.29987786,-2304500.64835264,528,2023,1569848,2023/10/25 00:00:00+00,Octubre,25,Miércoles,1899/12/30 00:00:00+00,08:15:00,8,REGION TARAPACA,ALTO HOSPICIO,CHOQUE,CHOQUE,URBANA,TRAMO DE VIA RECTA,VELOCIDAD IMPRUDENTE,VELOCIDAD NO RAZONABLE NI PRUDENTE,NUEVA ORIENTE, ,- NUEVA ORIENTE,3339, , ,BIDIRECCIONAL,ASFALTO,BUENO,SECO,DESPEJADO,0,0,0,1,01,011,01107,Tarapacá,Iquique,Alto Hospicio,Numero,"NUEVA ORIENTE 3339, Alto Hospicio",-20.265424,-70.093505
-7872541.94651893,-3977343.82074049,529,2023,1544693,2023/07/11 00:00:00+00,Julio,11,Martes,1899/12/30 00:00:00+00,08:30:00,8,REGION METROPOLITANA,SAN BERNARDO,COLISION LATERAL,COLISION,URBANA,TRAMO DE VIA RECTA,IMPRUDENCIA DEL CONDUCTOR,CONDUCCION NO ATENTO CONDICIONES TRANSITO MOMENTO,EL BARRANCON, ,- EL BARRANCON,650, , ,UNIDIRECCIONAL,CONCRETO,BUENO,SECO,DESPEJADO,0,0,0,0,13,134,13401,Metropolitana de Santiago,Maipo,San Bernardo,Numero,"EL BARRANCON 650, San Bernardo",-33.615909,-70.720248
-7673447.65511399,-2567192.30817255,530,2023,1502720,2023/01/10 00:00:00+00,Enero,10,Martes,1899/12/30 00:00:00+00,08:15:00,8,REGION ANTOFAGASTA,CALAMA,CHOQUE,CHOQUE,URBANA,TRAMO DE VIA RECTA,IMPRUDENCIA DEL CONDUCTOR,CONDUCCION NO ATENTO CONDICIONES TRANSITO MOMENTO,EMILIO SOTOMAYOR, ,- EMILIO SOTOMAYOR,2451, , ,BIDIRECCIONAL,ASFALTO,BUENO,SECO,DESPEJADO,0,0,0,0,02,022,02201,Antofagasta,El Loa,Calama,Numero,"EMILIO SOTOMAYOR 2451, Calama",-22.462891,-68.931753
-7877622.95682866,-4001719.06242038,531,2023,1571286,2023/10/25 00:00:00+00,Octubre,25,Miércoles,1899/12/30 00:00:00+00,13:10:00,13,REGION METROPOLITANA,BUIN,COLISION LATERAL,COLISION,URBANA,TRAMO DE VIA RECTA,IMPRUDENCIA DEL CONDUCTOR,CONDUCCION NO ATENTO CONDICIONES TRANSITO MOMENTO,LAS DELICIAS, ,- LAS DELICIAS,33, , ,BIDIRECCIONAL,CONCRETO,BUENO,SECO,DESPEJADO,0,0,0,1,13,134,13402,Metropolitana de Santiago,Maipo,Buin,Numero,"LAS DELICIAS 33, Buin",-33.798064,-70.765891
-7964580.43171629,-3920451.46936919,532,2023,1515041,2023/01/29 00:00:00+00,Enero,29,Domingo,1899/12/30 00:00:00+00,11:45:00,11,REGION VALPARAISO,VALPARAISO,VOLCADURA,VOLCADURA,RURAL,TRAMO DE VIA RECTA,VELOCIDAD IMPRUDENTE,VELOCIDAD NO RAZONABLE NI PRUDENTE, , , ,0,F-800,"3,5",UNIDIRECCIONAL,CONCRETO,BUENO,SECO,DESPEJADO,0,0,0,1,05,051,05101,Valparaíso,Valparaíso,Valparaíso,Ruta,"F-800 km 3,5",-33.189255,-71.547043
-7823683.2930418,-2090663.06627725,533,2023,1544218,2023/07/11 00:00:00+00,Julio,11,Martes,1899/12/30 00:00:00+00,15:25:00,15,REGION ARICA Y PARINACOTA,ARICA,OTRO TIPO,OTRO TIPO,URBANA,OTROS NO CONSIDERADOS,CAUSAS NO DETERMINADAS,CAUSAS NO DETERMINADAS,GORBEA, ,- GORBEA,1149, , ,BIDIRECCIONAL,ASFALTO,BUENO,SECO,DESPEJADO,0,1,0,1,15,151,15101,Arica y Parinacota,Arica,Arica,Numero,"GORBEA 1149, Arica",-18.453195,-70.281343
-8156711.39919634,-4568303.60709923,534,2023,1508008,2023/01/29 00:00:00+00,Enero,29,Domingo,1899/12/30 00:00:00+00,18:40:00,18,REGION BIO BIO,CONTULMO,VOLCADURA,VOLCADURA,RURAL,TRAMO DE VIA RECTA,VELOCIDAD IMPRUDENTE,VELOCIDAD NO RAZONABLE NI PRUDENTE, , , ,0,P-60-R,45,BIDIRECCIONAL,ASFALTO,BUENO,SECO,DESPEJADO,0,0,0,1,08,082,08204,Biobío,Arauco,Contulmo,Ruta,P-60-R km 45,-37.921226,-73.272985
-8026252.98615167,-4383911.80068737,535,2023,1502783,2023/01/10 00:00:00+00,Enero,10,Martes,1899/12/30 00:00:00+00,09:30:00,9,REGION ÑUBLE,CHILLAN,COLISION POR ALCANCE,COLISION,URBANA,TRAMO DE VIA RECTA,IMPRUDENCIA DEL CONDUCTOR,CONDUCCION SIN MANTENER DISTANCIA RAZONABLE NI PRUDENTE,ARAUCO, ,- ARAUCO,229, , ,UNIDIRECCIONAL,CONCRETO,BUENO,SECO,DESPEJADO,0,0,0,1,16,161,16101,Ñuble,Diguillín,Chillán,Numero,"ARAUCO 229, Chillán",-36.602987,-72.101057
-7856595.29469941,-3950152.9231943,536,2023,1508628,2023/01/10 00:00:00+00,Enero,10,Martes,1899/12/30 00:00:00+00,10:00:00,10,REGION METROPOLITANA,LAS CONDES,COLISION LATERAL,COLISION,URBANA,TRAMO DE VIA RECTA,IMPRUDENCIA DEL CONDUCTOR,CONDUCCION NO ATENTO CONDICIONES TRANSITO MOMENTO,LA CASTELLANA SUR, ,- LA CASTELLANA SUR,61, , ,UNIDIRECCIONAL,CONCRETO,BUENO,SECO,DESPEJADO,0,0,0,0,13,131,13114,Metropolitana de Santiago,Santiago,Las Condes,Numero,"LA CASTELLANA SUR 61, Las Condes",-33.412257,-70.576996
-7754071.69283254,-2314803.29833027,537,2023,1515317,2023/01/29 00:00:00+00,Enero,29,Domingo,1899/12/30 00:00:00+00,18:40:00,18,REGION TARAPACA,POZO ALMONTE,COLISION LATERAL,COLISION,RURAL,TRAMO DE VIA RECTA,IMPRUDENCIA DEL CONDUCTOR,ADELANTAMIENTO SOBREPASANDO LINEA CONTINUA, , , ,0,"A-665, A-75",12,UNIDIRECCIONAL,ASFALTO,BUENO,SECO,DESPEJADO,0,1,0,1,01,014,01401,Tarapacá,Tamarugal,Pozo Almonte,Ruta,"A-665, A-75 km 12",-20.352221,-69.656011
-8123704.53227092,-5060709.82317533,538,2023,1545130,2023/07/11 00:00:00+00,Julio,11,Martes,1899/12/30 00:00:00+00,16:50:00,16,REGION LOS LAGOS,PUERTO VARAS,ATROPELLO,ATROPELLO,URBANA,TRAMO DE VIA RECTA,IMPRUDENCIA DEL CONDUCTOR,NO RESPETAR DERECHO PREFERENTE DE PASO A PEATON,COLON, ,- COLON,600, , ,BIDIRECCIONAL,ASFALTO,BUENO,MOJADO,LLUVIA,0,0,0,1,10,101,10109,Los Lagos,Llanquihue,Puerto Varas,Numero,"COLON 600, Puerto Varas",-41.327104,-72.976479
-7865776.48398318,-3966953.33914709,539,2023,1503168,2023/01/10 00:00:00+00,Enero,10,Martes,1899/12/30 00:00:00+00,15:15:00,15,REGION METROPOLITANA,LA CISTERNA,COLISION POR ALCANCE,COLISION,URBANA,TRAMO DE VIA RECTA,IMPRUDENCIA DEL CONDUCTOR,CONDUCCION NO ATENTO CONDICIONES TRANSITO MOMENTO,AMERICO VESPUCIO, ,- AMERICO VESPUCIO,488, , ,UNIDIRECCIONAL,CONCRETO,BUENO,SECO,DESPEJADO,0,0,0,1,13,131,13109,Metropolitana de Santiago,Santiago,La Cisterna,Numero,"AMERICO VESPUCIO 488, La Cisterna",-33.538144,-70.659472
-7865371.18674908,-3951455.26421611,540,2023,1568727,2023/10/25 00:00:00+00,Octubre,25,Miércoles,1899/12/30 00:00:00+00,15:10:00,15,REGION METROPOLITANA,INDEPENDENCIA,COLISION LATERAL,COLISION,URBANA,TRAMO DE VIA RECTA,IMPRUDENCIA DEL CONDUCTOR,CONDUCCION CAMBIAR SORPRESIVAMENTE PISTA CIRCULACION,COLON, ,- COLON,1222, , ,UNIDIRECCIONAL,CONCRETO,BUENO,SECO,DESPEJADO,0,0,0,0,13,131,13108,Metropolitana de Santiago,Santiago,Independencia,Numero,"COLON 1222, Independencia",-33.422022,-70.655832
-7876521.47496868,-3964097.8541588,541,2023,1502929,2023/01/10 00:00:00+00,Enero,10,Martes,1899/12/30 00:00:00+00,15:30:00,15,REGION METROPOLITANA,MAIPU,VOLCADURA,VOLCADURA,URBANA,TRAMO DE VIA RECTA,IMPRUDENCIA DEL CONDUCTOR,CONDUCCION NO ATENTO CONDICIONES TRANSITO MOMENTO,ALBERTO LLONA, ,- ALBERTO LLONA,1153, , ,UNIDIRECCIONAL,ASFALTO,BUENO,SECO,DESPEJADO,0,0,0,0,13,131,13119,Metropolitana de Santiago,Santiago,Maipú,Numero,"ALBERTO LLONA 1153, Maipú",-33.51676,-70.755996
-7876193.10368833,-4050993.77670173,542,2023,1545865,2023/07/11 00:00:00+00,Julio,11,Martes,1899/12/30 00:00:00+00,18:40:00,18,REGION LIB.B.O'HIGGINS,RANCAGUA,COLISION FRONTAL,COLISION,URBANA,CRUCE SIN SEÑALIZACION,IMPRUDENCIA DEL CONDUCTOR,CONDUCCION NO ATENTO CONDICIONES TRANSITO MOMENTO,KOKE, ,- KOKE,255, , ,BIDIRECCIONAL,CONCRETO,BUENO,SECO,LLUVIA,0,0,1,0,06,061,06101,Libertador General Bernardo O'Higgins,Cachapoal,Rancagua,Numero,"KOKE 255, Rancagua",-34.165109,-70.753046
-7963259.6522183,-3886538.62844863,543,2023,1546394,2023/07/12 00:00:00+00,Julio,12,Miércoles,1899/12/30 00:00:00+00,14:25:00,14,REGION VALPARAISO,CONCON,COLISION,COLISION,URBANA,TRAMO DE VIA RECTA,IMPRUDENCIA DEL CONDUCTOR,ADELANTAMIENTO SIN EL ESPACIO O TIEMPO SUFICIENTE,CONCON REÑACA, ,- CONCON REÑACA,160, , ,BIDIRECCIONAL,ASFALTO,BUENO,SECO,DESPEJADO,0,0,0,0,05,051,05103,Valparaíso,Valparaíso,Concón,Numero,"CONCON REÑACA 160, Concón",-32.933938,-71.535179
-7857696.74514503,-3962188.98276249,544,2023,1570628,2023/10/25 00:00:00+00,Octubre,25,Miércoles,1899/12/30 00:00:00+00,16:20:00,16,REGION METROPOLITANA,LAS CONDES,COLISION POR ALCANCE,COLISION,URBANA,TRAMO DE VIA RECTA,IMPRUDENCIA DEL CONDUCTOR,CONDUCCION SIN MANTENER DISTANCIA RAZONABLE NI PRUDENTE,PDTE KENNEDY, ,- PDTE KENNEDY,2000, , ,BIDIRECCIONAL CON BANDEJON,ASFALTO,BUENO,SECO,DESPEJADO,0,1,0,0,13,131,13114,Metropolitana de Santiago,Santiago,Las Condes,Numero,"PDTE KENNEDY 2000, Las Condes",-33.502463,-70.586891
-7835627.54762555,-2709674.67866149,545,2023,1502943,2023/01/10 00:00:00+00,Enero,10,Martes,1899/12/30 00:00:00+00,15:40:00,15,REGION ANTOFAGASTA,ANTOFAGASTA,ATROPELLO,ATROPELLO,URBANA,TRAMO DE VIA RECTA,IMPRUDENCIA DEL PEATON,IMPRUDENCIA DEL PEATON,ANTONIO RENDIC, ,- ANTONIO RENDIC,3428, , ,BIDIRECCIONAL,ASFALTO,BUENO,SECO,DESPEJADO,0,1,0,1,02,021,02101,Antofagasta,Antofagasta,Antofagasta,Numero,"ANTONIO RENDIC 3428, Antofagasta",-23.640602,-70.38864
-7854045.39965645,-3948848.45875267,546,2023,1548898,2023/07/12 00:00:00+00,Julio,12,Miércoles,1899/12/30 00:00:00+00,19:25:00,19,REGION METROPOLITANA,LAS CONDES,COLISION FRONTAL,COLISION,URBANA,TRAMO DE VIA RECTA,VELOCIDAD IMPRUDENTE,VELOCIDAD NO RAZONABLE NI PRUDENTE,LEONARDO DA VINCI, ,- LEONARDO DA VINCI,7500, , ,BIDIRECCIONAL,CONCRETO,BUENO,SECO,DESPEJADO,0,0,0,0,13,131,13114,Metropolitana de Santiago,Santiago,Las Condes,Numero,"LEONARDO DA VINCI 7500, Las Condes",-33.402475,-70.55409
-7966751.46564444,-3898123.21817901,547,2023,1502875,2023/01/10 00:00:00+00,Enero,10,Martes,1899/12/30 00:00:00+00,23:30:00,23,REGION VALPARAISO,VIÑA DEL MAR,CHOQUE FRONTAL,CHOQUE,URBANA,TRAMO DE VIA CURVA HORIZONTAL,VELOCIDAD IMPRUDENTE,"VELOCIDAD NO REDUCIR CRUCE DE CALLES, CUMBRE, CURVA, ETC.",LA MARINA, ,- LA MARINA,40, , ,BIDIRECCIONAL CON BANDEJON,CONCRETO,BUENO,SECO,DESPEJADO,1,0,0,0,05,051,05109,Valparaíso,Valparaíso,Viña del Mar,Numero,"LA MARINA 40, Viña del Mar",-33.021237,-71.566546
-8139680.82931686,-5013170.51848119,548,2023,1507967,2023/01/29 00:00:00+00,Enero,29,Domingo,1899/12/30 00:00:00+00,19:10:00,19,REGION LOS LAGOS,FRUTILLAR,COLISION POR ALCANCE,COLISION,RURAL,TRAMO DE VIA RECTA,IMPRUDENCIA DEL CONDUCTOR,CONDUCCION SIN MANTENER DISTANCIA RAZONABLE NI PRUDENTE, , , ,0,RUTA 5 SUR,968,BIDIRECCIONAL,ASFALTO,BUENO,SECO,DESPEJADO,0,1,0,1,10,101,10105,Los Lagos,Llanquihue,Frutillar,Ruta,RUTA 5 SUR km 968,-41.005619,-73.119997
-7865409.13851346,-3967058.30319885,549,2023,1544525,2023/07/13 00:00:00+00,Julio,13,Jueves,1899/12/30 00:00:00+00,08:15:00,8,REGION METROPOLITANA,LA CISTERNA,COLISION POR ALCANCE,COLISION,URBANA,TRAMO DE VIA RECTA,IMPRUDENCIA DEL CONDUCTOR,CONDUCCION CAMBIAR SORPRESIVAMENTE PISTA CIRCULACION,AMERICO VESPUCIO, ,- AMERICO VESPUCIO,782, , ,UNIDIRECCIONAL,CONCRETO,BUENO,SECO,DESPEJADO,0,0,0,2,13,131,13109,Metropolitana de Santiago,Santiago,La Cisterna,Numero,"AMERICO VESPUCIO 782, La Cisterna",-33.53893,-70.656172
-7932829.12488201,-3881671.2203456,550,2023,1502925,2023/01/11 00:00:00+00,Enero,11,Miércoles,1899/12/30 00:00:00+00,15:30:00,15,REGION VALPARAISO,QUILLOTA,CHOQUE,CHOQUE,URBANA,TRAMO DE VIA RECTA,IMPRUDENCIA DEL CONDUCTOR,CONDUCCION NO ATENTO CONDICIONES TRANSITO MOMENTO,PEDRO LIRA, ,- PEDRO LIRA,2142, , ,BIDIRECCIONAL,ASFALTO,BUENO,SECO,DESPEJADO,0,0,0,0,05,055,05501,Valparaíso,Quillota,Quillota,Numero,"PEDRO LIRA 2142, Quillota",-32.897232,-71.261816