X,Y,FID,Año,IdAccident,Fecha,Mes,Dia_mes,Dia_semana,Hora,Hora_texto,Hora_aprox,Región,Comuna,Tipo_Accid,Tipo__CONA,Zona,Ubicación,Causa__CON,Causa_Acci,Calle_Uno,Calle_Dos,Intersecci,Número,Ruta,Ubicaci_1,Calzada,Tipo_Calza,Estado_Cal,Condición,Estado_Atm,Fallecidos,Graves,Menos_Grav,Leves,CUT_REG,CUT_PROV,CUT_COM,REGION,PROVINCIA,COMUNA1,Tipo_direc,Direccion,Lat,Lon
-8120696.11909153,-4464065.00423777,551,2023,1508937,2023/01/29 00:00:00+00,Enero,29,Domingo,1899/12/30 00:00:00+00,22:10:00,22,REGION BIO BIO,SANTA JUANA,COLISION FRONTAL,COLISION,RURAL,TRAMO DE VIA CURVA HORIZONTAL,IMPRUDENCIA DEL CONDUCTOR,CONDUCCION CONTRA SENTIDO DEL TRANSITO, , , ,0,RUTA 156,"47,3",BIDIRECCIONAL,CONCRETO,BUENO,SECO,DESPEJADO,0,0,1,0,08,081,08109,Biobío,Concepción,Santa Juana,Ruta,"RUTA 156 km 47,3",-37.178846,-72.949454
-8199801.47622641,-5218230.40280414,552,2023,1569155,2023/10/25 00:00:00+00,Octubre,25,Miércoles,1899/12/30 00:00:00+00,18:50:00,18,REGION LOS LAGOS,DALCAHUE,COLISION LATERAL,COLISION,URBANA,TRAMO DE VIA RECTA,IMPRUDENCIA DEL CONDUCTOR,ADELANTAMIENTO SIN EL ESPACIO O TIEMPO SUFICIENTE,FREIRE, ,- FREIRE,14, , ,BIDIRECCIONAL,CONCRETO,BUENO,SECO,DESPEJADO,0,0,0,0,10,102,10205,Los Lagos,Chiloé,Dalcahue,Numero,"FREIRE 14, Dalcahue",-42.381047,-73.66007
-7868486.17340184,-4051357.65563157,553,2023,1545687,2023/07/13 00:00:00+00,Julio,13,Jueves,1899/12/30 00:00:00+00,09:35:00,9,REGION LIB.B.O'HIGGINS,MACHALI,CHOQUE FRONTAL,CHOQUE,RURAL,TRAMO DE VIA RECTA,VELOCIDAD IMPRUDENTE,VELOCIDAD NO RAZONABLE NI PRUDENTE,CIRCUNVALACION NORTE, ,- CIRCUNVALACION NORTE,58, , ,UNIDIRECCIONAL,CONCRETO,BUENO,SECO,DESPEJADO,0,0,0,0,06,061,06108,Libertador General Bernardo O'Higgins,Cachapoal,Machalí,Numero,"CIRCUNVALACION NORTE 58, Machalí",-34.167814,-70.683814
-7879768.59741173,-3952878.61455361,554,2023,1569989,2023/10/25 00:00:00+00,Octubre,25,Miércoles,1899/12/30 00:00:00+00,20:00:00,20,REGION METROPOLITANA,PUDAHUEL,VOLCADURA,VOLCADURA,URBANA,TRAMO DE VIA RECTA,VELOCIDAD IMPRUDENTE,VELOCIDAD NO RAZONABLE NI PRUDENTE,AMERICO VESPUCIO, ,- AMERICO VESPUCIO,12, , ,BIDIRECCIONAL CON BANDEJON,ASFALTO,REGULAR,SECO,DESPEJADO,1,0,0,0,13,131,13124,Metropolitana de Santiago,Santiago,Pudahuel,Numero,"AMERICO VESPUCIO 12, Pudahuel",-33.432693,-70.785166
-8077636.1978102,-4451723.88865638,555,2023,1504551,2023/01/11 00:00:00+00,Enero,11,Miércoles,1899/12/30 00:00:00+00,15:40:00,15,REGION BIO BIO,YUMBEL,CHOQUE FRONTAL,CHOQUE,URBANA,TRAMO DE VIA RECTA,IMPRUDENCIA DEL CONDUCTOR,CONDUCCION NO ATENTO CONDICIONES TRANSITO MOMENTO,O'HIGGINS, ,- O'HIGGINS,380, , ,BIDIRECCIONAL,ASFALTO,BUENO,SECO,DESPEJADO,0,0,0,1,08,083,08313,Biobío,Biobío,Yumbel,Numero,"O'HIGGINS 380, Yumbel",-37.090465,-72.562641
-7949012.96601998,-3857780.28761205,556,2023,1506549,2023/01/30 00:00:00+00,Enero,30,Lunes,1899/12/30 00:00:00+00,23:45:00,23,REGION VALPARAISO,PUCHUNCAVI,VOLCADURA,VOLCADURA,RURAL,TRAMO DE VIA RECTA,DROGAS Y/O FATIGA EN CONDUCTOR,"CONDICIONES FISICAS DEFICIENTES (CANSANCIO, SUEÑO)", , , ,0,F-30-E,"48,1",BIDIRECCIONAL,ASFALTO,BUENO,SECO,DESPEJADO,1,0,0,0,05,051,05105,Valparaíso,Valparaíso,Puchuncaví,Ruta,"F-30-E km 48,1",-32.716848,-71.407198
-7980614.88073952,-4235307.23216128,557,2023,1545288,2023/07/13 00:00:00+00,Julio,13,Jueves,1899/12/30 00:00:00+00,16:10:00,16,REGION MAULE,MAULE,COLISION LATERAL,COLISION,URBANA,TRAMO DE VIA RECTA,IMPRUDENCIA DEL CONDUCTOR,NO RESPETAR DERECHO PREFERENTE DE PASO A VEHICULO,JOSE MANUEL BALMACEDA, ,- JOSE MANUEL BALMACEDA,315, , ,BIDIRECCIONAL,ASFALTO,BUENO,SECO,DESPEJADO,0,0,0,1,07,071,07105,Maule,Talca,Maule,Numero,"JOSE MANUEL BALMACEDA 315, Maule",-35.523902,-71.691083
-7863116.42875286,-3953483.85274567,558,2023,1506843,2023/01/11 00:00:00+00,Enero,11,Miércoles,1899/12/30 00:00:00+00,23:00:00,23,REGION METROPOLITANA,SANTIAGO,COLISION POR ALCANCE,COLISION,URBANA,TRAMO DE VIA RECTA,IMPRUDENCIA DEL CONDUCTOR,CONDUCCION NO ATENTO CONDICIONES TRANSITO MOMENTO,LIBER BERNARDO O'HIGGINS, ,- LIBER BERNARDO O'HIGGINS,2396, , ,BIDIRECCIONAL CON BANDEJON,ASFALTO,BUENO,SECO,DESPEJADO,0,0,0,0,13,131,13101,Metropolitana de Santiago,Santiago,Santiago,Numero,"LIBER BERNARDO O'HIGGINS 2396, Santiago",-33.437231,-70.635577
-7927885.03642163,-4123657.7372853,559,2023,1506652,2023/01/31 00:00:00+00,Enero,31,Martes,1899/12/30 00:00:00+00,09:00:00,9,REGION LIB.B.O'HIGGINS,SAN VICENTE,IMPACTO CON ANIMAL,OTRO TIPO,RURAL,TRAMO DE VIA RECTA,DEFICIENCIAS VIALES,ANIMALES SUELTOS VIA PUBLICA, , , ,0,I-812,1,BIDIRECCIONAL,ASFALTO,BUENO,SECO,DESPEJADO,0,0,0,1,06,061,06117,Libertador General Bernardo O'Higgins,Cachapoal,San Vicente,Ruta,I-812 km 1,-34.703479,-71.217403
-7859607.05558986,-3873548.51910931,560,2023,1568236,2023/10/26 00:00:00+00,Octubre,26,Jueves,1899/12/30 00:00:00+00,11:35:00,11,REGION VALPARAISO,LOS ANDES,CHOQUE FRENTE/POSTERIOR,CHOQUE,URBANA,OTROS NO CONSIDERADOS,IMPRUDENCIA DEL CONDUCTOR,CONDUCCION NO ATENTO CONDICIONES TRANSITO MOMENTO,SANTA TERESA, ,- SANTA TERESA,683, , ,BIDIRECCIONAL CON BANDEJON,ASFALTO,BUENO,SECO,DESPEJADO,0,0,0,0,05,053,05301,Valparaíso,Los Andes,Los Andes,Numero,"SANTA TERESA 683, Los Andes",-32.835944,-70.604051
-7930426.37671758,-3997277.22390357,561,2023,1544485,2023/07/13 00:00:00+00,Julio,13,Jueves,1899/12/30 00:00:00+00,18:40:00,18,REGION METROPOLITANA,MELIPILLA,VOLCADURA,VOLCADURA,RURAL,TRAMO DE VIA CURVA VERTICAL,IMPRUDENCIA DEL CONDUCTOR,CONDUCCION NO ATENTO CONDICIONES TRANSITO MOMENTO, , , ,0,G-60,14,BIDIRECCIONAL,ASFALTO,MALO,HUMEDO,DESPEJADO,0,0,0,0,13,135,13501,Metropolitana de Santiago,Melipilla,Melipilla,Numero,G-60 km 14,-33.764899,-71.240232
-7860283.67145151,-3966752.06420333,562,2023,1504392,2023/01/12 00:00:00+00,Enero,12,Jueves,1899/12/30 00:00:00+00,08:45:00,8,REGION METROPOLITANA,LA GRANJA,VOLCADURA,VOLCADURA,URBANA,TRAMO DE VIA RECTA,IMPRUDENCIA DEL CONDUCTOR,CONDUCCION NO ATENTO CONDICIONES TRANSITO MOMENTO,PUNTA ARENAS, ,- PUNTA ARENAS,8275, , ,BIDIRECCIONAL CON BANDEJON,ASFALTO,REGULAR,SECO,DESPEJADO,0,1,0,0,13,131,13111,Metropolitana de Santiago,Santiago,La Granja,Numero,"PUNTA ARENAS 8275, La Granja",-33.536637,-70.61013
-7970022.95012428,-4281095.61125241,563,2023,1545677,2023/07/13 00:00:00+00,Julio,13,Jueves,1899/12/30 00:00:00+00,19:00:00,19,REGION MAULE,LINARES,COLISION POR ALCANCE,COLISION,URBANA,TRAMO DE VIA RECTA,IMPRUDENCIA DEL CONDUCTOR,VIRAJES INDEBIDOS,CIRCUNVALACION NORTE, ,- CIRCUNVALACION NORTE,981, , ,BIDIRECCIONAL,ASFALTO,BUENO,MOJADO,NUBLADO,0,1,0,1,07,074,07401,Maule,Linares,Linares,Numero,"CIRCUNVALACION NORTE 981, Linares",-35.857968,-71.595934
-7858732.97591663,-3975058.75230811,564,2023,1567884,2023/10/26 00:00:00+00,Octubre,26,Jueves,1899/12/30 00:00:00+00,15:15:00,15,REGION METROPOLITANA,PUENTE ALTO,COLISION LATERAL,COLISION,URBANA,TRAMO DE VIA RECTA,IMPRUDENCIA DEL CONDUCTOR,CONDUCCION NO ATENTO CONDICIONES TRANSITO MOMENTO,JORGE ROSS OSSA, ,- JORGE ROSS OSSA,1600, , ,BIDIRECCIONAL,CONCRETO,BUENO,SECO,DESPEJADO,0,0,0,0,13,132,13201,Metropolitana de Santiago,Cordillera,Puente Alto,Numero,"JORGE ROSS OSSA 1600, Puente Alto",-33.598813,-70.596199
-7950089.67147863,-4236311.58700721,565,2023,1507529,2023/02/01 00:00:00+00,Febrero,1,Miércoles,1899/12/30 00:00:00+00,19:30:00,19,REGION MAULE,SAN CLEMENTE,COLISION,COLISION,RURAL,CRUCE SIN SEÑALIZACION,IMPRUDENCIA DEL CONDUCTOR,CONDUCCION NO ATENTO CONDICIONES TRANSITO MOMENTO, , , ,0,K-579,9,BIDIRECCIONAL,ASFALTO,BUENO,SECO,DESPEJADO,0,1,0,1,07,071,07109,Maule,Talca,San Clemente,Ruta,K-579 km 9,-35.531245,-71.416871
-7941308.67468447,-3496205.69397124,566,2023,1503292,2023/01/12 00:00:00+00,Enero,12,Jueves,1899/12/30 00:00:00+00,16:20:00,16,REGION COQUIMBO,COQUIMBO,CHOQUE POSTERIOR/FRENTE,CHOQUE,URBANA,TRAMO DE VIA RECTA,IMPRUDENCIA DEL CONDUCTOR,CONDUCCION NO ATENTO CONDICIONES TRANSITO MOMENTO,JAVIERA CARRERA, ,- JAVIERA CARRERA,40, , ,UNIDIRECCIONAL,ASFALTO,BUENO,SECO,DESPEJADO,0,0,0,0,04,041,04102,Coquimbo,Elqui,Coquimbo,Numero,"JAVIERA CARRERA 40, Coquimbo",-29.942849,-71.33799
-7924127.02630015,-3493870.89671111,567,2023,1507710,2023/02/01 00:00:00+00,Febrero,1,Miércoles,1899/12/30 00:00:00+00,23:50:00,23,REGION COQUIMBO,LA SERENA,COLISION POR ALCANCE,COLISION,RURAL,TRAMO DE VIA RECTA,IMPRUDENCIA DEL CONDUCTOR,CONDUCCION NO ATENTO CONDICIONES TRANSITO MOMENTO, , , ,0,41 CH,8,BIDIRECCIONAL,CONCRETO,BUENO,SECO,DESPEJADO,0,1,0,0,04,041,04101,Coquimbo,Elqui,La Serena,Ruta,41 CH km 8,-29.924673,-71.183644
-12181744.039261,-3141748.28879459,568,2023,1545131,2023/07/13 00:00:00+00,Julio,13,Jueves,1899/12/30 00:00:00+00,19:30:00,19,REGION VALPARAISO,ISLA DE PASCUA,VOLCADURA,VOLCADURA,URBANA,TRAMO DE VIA RECTA,VELOCIDAD IMPRUDENTE,VELOCIDAD NO RAZONABLE NI PRUDENTE,POLICARPO TORO, ,- POLICARPO TORO,0, , ,BIDIRECCIONAL,ASFALTO,BUENO,SECO,DESPEJADO,0,0,1,0,05,052,05201,Valparaíso,Isla de Pascua,Isla de Pascua,Numero,"POLICARPO TORO 0, Isla de Pascua",-27.146191,-109.430469
-7858742.38634318,-3978335.74348564,569,2023,1567734,2023/10/26 00:00:00+00,Octubre,26,Jueves,1899/12/30 00:00:00+00,16:00:00,16,REGION METROPOLITANA,PUENTE ALTO,ATROPELLO,ATROPELLO,URBANA,TRAMO DE VIA RECTA,IMPRUDENCIA DEL PEATON,PEATON CRUZA CALZADA FORMA SORPRESIVA O DESCUIDADA,VALLE CENTRAL, ,- VALLE CENTRAL,687, , ,BIDIRECCIONAL,ASFALTO,BUENO,SECO,DESPEJADO,0,0,0,1,13,132,13201,Metropolitana de Santiago,Cordillera,Puente Alto,Numero,"VALLE CENTRAL 687, Puente Alto",-33.623329,-70.596284
-7858650.87446372,-3947194.27565714,570,2023,1508429,2023/01/12 00:00:00+00,Enero,12,Jueves,1899/12/30 00:00:00+00,21:10:00,21,REGION METROPOLITANA,VITACURA,CHOQUE FRONTAL,CHOQUE,URBANA,TRAMO DE VIA RECTA,IMPRUDENCIA DEL CONDUCTOR,CONDUCCION NO ATENTO CONDICIONES TRANSITO MOMENTO,COST MONS ESCRIVA DE BALAGUER, ,- COST MONS ESCRIVA DE BALAGUER,3900, , ,BIDIRECCIONAL,ASFALTO,BUENO,SECO,DESPEJADO,0,0,0,1,13,131,13132,Metropolitana de Santiago,Santiago,Vitacura,Numero,"COST MONS ESCRIVA DE BALAGUER 3900, Vitacura",-33.390069,-70.595462
-8049168.69814491,-4508941.33008173,571,2023,1507269,2023/02/02 00:00:00+00,Febrero,2,Jueves,1899/12/30 00:00:00+00,07:30:00,7,REGION BIO BIO,LOS ANGELES,CHOQUE FRENTE/POSTERIOR,CHOQUE,RURAL,TRAMO DE VIA RECTA,IMPRUDENCIA DEL CONDUCTOR,CONDUCCION NO ATENTO CONDICIONES TRANSITO MOMENTO, , , ,0,Q-61-R,"1,7",BIDIRECCIONAL,ASFALTO,BUENO,SECO,DESPEJADO,0,1,0,0,08,083,08301,Biobío,Biobío,Los Angeles,Ruta,"Q-61-R km 1,7",-37.499358,-72.306913
-8139427.32042747,-4396489.00706599,572,2023,1549003,2023/07/13 00:00:00+00,Julio,13,Jueves,1899/12/30 00:00:00+00,20:30:00,20,REGION BIO BIO,TALCAHUANO,CHOQUE FRENTE/POSTERIOR,CHOQUE,URBANA,TRAMO DE VIA RECTA,IMPRUDENCIA DEL CONDUCTOR,CONDUCCION SIN MANTENER DISTANCIA RAZONABLE NI PRUDENTE,MICHIMALONGO, ,- MICHIMALONGO,3415, , ,BIDIRECCIONAL,CONCRETO,BUENO,SECO,DESPEJADO,0,0,0,1,08,081,08110,Biobío,Concepción,Talcahuano,Numero,"MICHIMALONGO 3415, Talcahuano",-36.693635,-73.11772
-8134057.2497571,-4410251.04512318,573,2023,1567710,2023/10/26 00:00:00+00,Octubre,26,Jueves,1899/12/30 00:00:00+00,19:00:00,19,REGION BIO BIO,HUALPEN,COLISION,COLISION,URBANA,TRAMO DE VIA RECTA,IMPRUDENCIA DEL CONDUCTOR,CONDUCCION NO ATENTO CONDICIONES TRANSITO MOMENTO,AUTOPISTA CONCEPCION TALCAHUANO, ,- AUTOPISTA CONCEPCION TALCAHUANO,8795, , ,BIDIRECCIONAL CON BANDEJON,CONCRETO,BUENO,SECO,DESPEJADO,0,0,1,0,08,081,08112,Biobío,Concepción,Hualpén,Numero,"AUTOPISTA CONCEPCION TALCAHUANO 8795, Hualpén",-36.7927,-73.069479
-8072029.24275885,-6750765.24798951,574,2023,1504142,2023/01/13 00:00:00+00,Enero,13,Viernes,1899/12/30 00:00:00+00,07:55:00,7,REGION MAGALLANES Y ANTARTICA CHILENA,NATALES,VOLCADURA,VOLCADURA,URBANA,TRAMO DE VIA RECTA,VELOCIDAD IMPRUDENTE,VELOCIDAD NO RAZONABLE NI PRUDENTE,PEDRO MONTT, ,- PEDRO MONTT,84, , ,BIDIRECCIONAL,CONCRETO,BUENO,SECO,DESPEJADO,0,0,1,0,12,124,12401,Magallanes y de la Antártica Chilena,Última Esperanza,Natales,Numero,"PEDRO MONTT 84, Natales",-51.726176,-72.512272
-7857920.30581861,-3958192.74135516,575,2023,1549245,2023/07/13 00:00:00+00,Julio,13,Jueves,1899/12/30 00:00:00+00,21:00:00,21,REGION METROPOLITANA,ÑUÑOA,COLISION,COLISION,URBANA,TRAMO DE VIA RECTA,IMPRUDENCIA DEL CONDUCTOR,CONDUCCION NO ATENTO CONDICIONES TRANSITO MOMENTO,CAP IGNACIO CARRERA PINTO, ,- CAP IGNACIO CARRERA PINTO,144, , ,BIDIRECCIONAL,CONCRETO,BUENO,SECO,DESPEJADO,0,0,0,1,13,131,13120,Metropolitana de Santiago,Santiago,Ñuñoa,Numero,"CAP IGNACIO CARRERA PINTO 144, Ñuñoa",-33.472523,-70.588899
-7862164.66646503,-3957162.21721474,576,2023,1576289,2023/10/26 00:00:00+00,Octubre,26,Jueves,1899/12/30 00:00:00+00,22:20:00,22,REGION METROPOLITANA,ÑUÑOA,COLISION PERPENDICULAR,COLISION,URBANA,CRUCE CON SEMAFORO FUNCIONANDO,DESOBEDIENCIA A SEÑALIZACION,SEÑALIZACION DESOBEDECER LUZ ROJA DE SEMAFORO,VICUÑA MACKENNA, ,- VICUÑA MACKENNA,1590, , ,BIDIRECCIONAL CON BANDEJON,CONCRETO,BUENO,SECO,DESPEJADO,0,1,0,1,13,131,13120,Metropolitana de Santiago,Santiago,Ñuñoa,Numero,"VICUÑA MACKENNA 1590, Ñuñoa",-33.4648,-70.627027
-7870878.4074181,-3863890.15915363,577,2023,1507426,2023/02/02 00:00:00+00,Febrero,2,Jueves,1899/12/30 00:00:00+00,10:40:00,10,REGION VALPARAISO,SAN ESTEBAN,VOLCADURA,VOLCADURA,RURAL,TRAMO DE VIA RECTA,VELOCIDAD IMPRUDENTE,VELOCIDAD NO RAZONABLE NI PRUDENTE, , , ,0,E-85,"0,6",BIDIRECCIONAL,ASFALTO,BUENO,SECO,DESPEJADO,0,0,0,1,05,053,05304,Valparaíso,Los Andes,San Esteban,Ruta,"E-85 km 0,6",-32.763014,-70.705304
-7869680.12737208,-3961983.27154876,578,2023,1507494,2023/01/13 00:00:00+00,Enero,13,Viernes,1899/12/30 00:00:00+00,08:40:00,8,REGION METROPOLITANA,RENCA,VOLCADURA,VOLCADURA,RURAL,TRAMO DE VIA RECTA,VELOCIDAD IMPRUDENTE,VELOCIDAD NO RAZONABLE NI PRUDENTE, , , ,0,RUTA 74,"6,6",BIDIRECCIONAL,CONCRETO,BUENO,SECO,DESPEJADO,0,1,0,0,13,131,13128,Metropolitana de Santiago,Santiago,Renca,Numero,"RUTA 74 km 6,6",-33.500922,-70.694539
-12181729.3941801,-3142416.00942149,579,2023,1545135,2023/07/14 00:00:00+00,Julio,14,Viernes,1899/12/30 00:00:00+00,00:35:00,0,REGION VALPARAISO,ISLA DE PASCUA,COLISION FRONTAL,COLISION,URBANA,TRAMO DE VIA RECTA,ALCOHOL EN CONDUCTOR,CONDUCCION EN ESTADO DE EBRIEDAD,TUKI HAKA HEVARI, ,- TUKI HAKA HEVARI,0, , ,BIDIRECCIONAL,ASFALTO,BUENO,SECO,DESPEJADO,0,0,0,2,05,052,05201,Valparaíso,Isla de Pascua,Isla de Pascua,Numero,"TUKI HAKA HEVARI 0, Isla de Pascua",-27.151528,-109.430337
-7912051.71776231,-4087125.745508,580,2023,1507453,2023/02/02 00:00:00+00,Febrero,2,Jueves,1899/12/30 00:00:00+00,13:15:00,13,REGION LIB.B.O'HIGGINS,SAN VICENTE,COLISION LATERAL,COLISION,RURAL,TRAMO DE VIA RECTA,IMPRUDENCIA DEL CONDUCTOR,CONDUCCION NO ATENTO CONDICIONES TRANSITO MOMENTO, , , ,0,RUTA 66,17,BIDIRECCIONAL,ASFALTO,BUENO,SECO,DESPEJADO,0,1,0,0,06,061,06117,Libertador General Bernardo O'Higgins,Cachapoal,San Vicente,Ruta,RUTA 66 km 17,-34.433246,-71.07517
-7864180.14786895,-3963247.96580886,581,2023,1567781,2023/10/27 00:00:00+00,Octubre,27,Viernes,1899/12/30 00:00:00+00,00:30:00,0,REGION METROPOLITANA,SAN MIGUEL,COLISION POR ALCANCE,COLISION,URBANA,TRAMO DE VIA RECTA,IMPRUDENCIA DEL CONDUCTOR,CONDUCCION NO ATENTO CONDICIONES TRANSITO MOMENTO,STA CLARA, ,- STA CLARA,5860, , ,BIDIRECCIONAL,ASFALTO,BUENO,SECO,DESPEJADO,0,0,0,0,13,131,13130,Metropolitana de Santiago,Santiago,San Miguel,Numero,"STA CLARA 5860, San Miguel",-33.510395,-70.645132
-7866282.05588875,-3944633.7866941,582,2023,1505804,2023/01/13 00:00:00+00,Enero,13,Viernes,1899/12/30 00:00:00+00,09:00:00,9,REGION METROPOLITANA,HUECHURABA,COLISION,COLISION,URBANA,TRAMO DE VIA RECTA,IMPRUDENCIA DEL CONDUCTOR,CONDUCCION NO ATENTO CONDICIONES TRANSITO MOMENTO,AMERICO VESPUCIO, ,- AMERICO VESPUCIO,1155, , ,UNIDIRECCIONAL,ASFALTO,BUENO,SECO,DESPEJADO,0,0,0,1,13,131,13107,Metropolitana de Santiago,Santiago,Huechuraba,Numero,"AMERICO VESPUCIO 1155, Huechuraba",-33.370862,-70.664014
-7949097.71508453,-4015502.58697999,583,2023,1544907,2023/07/14 00:00:00+00,Julio,14,Viernes,1899/12/30 00:00:00+00,07:20:00,7,REGION METROPOLITANA,SAN PEDRO,COLISION LATERAL,COLISION,RURAL,TRAMO DE VIA RECTA,IMPRUDENCIA DEL CONDUCTOR,CONDUCCION CAMBIAR SORPRESIVAMENTE PISTA CIRCULACION, , , ,0,G-60,37,BIDIRECCIONAL,ASFALTO,BUENO,HUMEDO,DESPEJADO,0,0,1,0,13,135,13505,Metropolitana de Santiago,Melipilla,San Pedro,Numero,G-60 km 37,-33.900896,-71.40796
-7863653.97769423,-3951357.15607025,584,2023,1506873,2023/01/14 00:00:00+00,Enero,14,Sábado,1899/12/30 00:00:00+00,15:10:00,15,REGION METROPOLITANA,RECOLETA,CHOQUE LADO/FRENTE,CHOQUE,URBANA,TRAMO DE VIA RECTA,IMPRUDENCIA DEL CONDUCTOR,CONDUCCION NO ATENTO CONDICIONES TRANSITO MOMENTO,PERU, ,- PERU,981, , ,BIDIRECCIONAL,ASFALTO,BUENO,SECO,DESPEJADO,0,1,0,0,13,131,13127,Metropolitana de Santiago,Santiago,Recoleta,Numero,"PERU 981, Recoleta",-33.421287,-70.640406
-7974431.42633526,-4277407.70353834,585,2023,1508105,2023/02/03 00:00:00+00,Febrero,3,Viernes,1899/12/30 00:00:00+00,06:20:00,6,REGION MAULE,LINARES,VOLCADURA,VOLCADURA,RURAL,TRAMO DE VIA RECTA,IMPRUDENCIA DEL CONDUCTOR,CONDUCCION NO ATENTO CONDICIONES TRANSITO MOMENTO, , , ,0,RUTA 5 SUR,301,BIDIRECCIONAL,ASFALTO,BUENO,SECO,DESPEJADO,0,0,0,2,07,074,07401,Maule,Linares,Linares,Ruta,RUTA 5 SUR km 301,-35.831114,-71.635536
-7864180.14786895,-3963247.96580886,586,2023,1570685,2023/10/27 00:00:00+00,Octubre,27,Viernes,1899/12/30 00:00:00+00,00:30:00,0,REGION METROPOLITANA,SAN MIGUEL,COLISION POR ALCANCE,COLISION,URBANA,TRAMO DE VIA RECTA,IMPRUDENCIA DEL CONDUCTOR,CONDUCCION NO ATENTO CONDICIONES TRANSITO MOMENTO,STA CLARA, ,- STA CLARA,5860, , ,BIDIRECCIONAL,CONCRETO,BUENO,SECO,DESPEJADO,0,0,0,0,13,131,13130,Metropolitana de Santiago,Santiago,San Miguel,Numero,"STA CLARA 5860, San Miguel",-33.510395,-70.645132
-7932675.79432821,-3499790.89265211,587,2023,1545113,2023/07/14 00:00:00+00,Julio,14,Viernes,1899/12/30 00:00:00+00,16:45:00,16,REGION COQUIMBO,COQUIMBO,CHOQUE FRENTE/LADO,CHOQUE,URBANA,TRAMO DE VIA RECTA,ALCOHOL EN CONDUCTOR,CONDUCCION EN ESTADO DE EBRIEDAD,PARQUE NACIONAL HORNOPIREN, ,- PARQUE NACIONAL HORNOPIREN,611, , ,BIDIRECCIONAL,ASFALTO,BUENO,SECO,DESPEJADO,0,0,0,0,04,041,04102,Coquimbo,Elqui,Coquimbo,Numero,"PARQUE NACIONAL HORNOPIREN 611, Coquimbo",-29.970752,-71.260439
-8040158.62187983,-4765188.56557162,588,2023,1504426,2023/01/14 00:00:00+00,Enero,14,Sábado,1899/12/30 00:00:00+00,23:20:00,23,REGION ARAUCANIA,VILLARRICA,VOLCADURA,VOLCADURA,URBANA,TRAMO DE VIA RECTA,VELOCIDAD IMPRUDENTE,VELOCIDAD NO RAZONABLE NI PRUDENTE,SEGUNDA FAJA AL VOLCAN, ,- SEGUNDA FAJA AL VOLCAN,800, , ,BIDIRECCIONAL,ASFALTO,BUENO,SECO,DESPEJADO,0,0,0,1,09,091,09120,La Araucanía,Cautín,Villarrica,Numero,"SEGUNDA FAJA AL VOLCAN 800, Villarrica",-39.303149,-72.225974
-7865703.16478093,-3953004.10152736,589,2023,1568322,2023/10/27 00:00:00+00,Octubre,27,Viernes,1899/12/30 00:00:00+00,02:00:00,2,REGION METROPOLITANA,SANTIAGO,VOLCADURA,VOLCADURA,URBANA,TRAMO DE VIA RECTA,VELOCIDAD IMPRUDENTE,VELOCIDAD NO RAZONABLE NI PRUDENTE,SAN MARTIN, ,- SAN MARTIN,870, , ,BIDIRECCIONAL,ASFALTO,REGULAR,SECO,DESPEJADO,0,1,0,0,13,131,13101,Metropolitana de Santiago,Santiago,Santiago,Numero,"SAN MARTIN 870, Santiago",-33.433634,-70.658814
-7855731.80702008,-3948938.35285093,590,2023,1549139,2023/07/14 00:00:00+00,Julio,14,Viernes,1899/12/30 00:00:00+00,20:35:00,20,REGION METROPOLITANA,LAS CONDES,CHOQUE FRENTE/POSTERIOR,CHOQUE,URBANA,TRAMO DE VIA RECTA,VELOCIDAD IMPRUDENTE,VELOCIDAD NO RAZONABLE NI PRUDENTE,MANQUEHUE NORTE, ,- MANQUEHUE NORTE,555, , ,BIDIRECCIONAL CON BANDEJON,ASFALTO,BUENO,SECO,DESPEJADO,0,0,0,1,13,131,13114,Metropolitana de Santiago,Santiago,Las Condes,Numero,"MANQUEHUE NORTE 555, Las Condes",-33.403149,-70.56924
-7909653.98222549,-4150799.29956728,591,2023,1512030,2023/02/03 00:00:00+00,Febrero,3,Viernes,1899/12/30 00:00:00+00,10:50:00,10,REGION MAULE,TENO,COLISION,COLISION,RURAL,TRAMO DE VIA RECTA,IMPRUDENCIA DEL CONDUCTOR,CONDUCCION NO ATENTO CONDICIONES TRANSITO MOMENTO, , , ,0,J-25,"8,3",BIDIRECCIONAL,ASFALTO,BUENO,SECO,DESPEJADO,0,1,0,0,07,073,07308,Maule,Curicó,Teno,Ruta,"J-25 km 8,3",-34.90368,-71.053631
-7890581.36115038,-3974816.82499347,592,2023,1503508,2023/01/15 00:00:00+00,Enero,15,Domingo,1899/12/30 00:00:00+00,06:50:00,6,REGION METROPOLITANA,PEÑAFLOR,VOLCADURA,VOLCADURA,URBANA,TRAMO DE VIA RECTA,IMPRUDENCIA DEL CONDUCTOR,CONDUCCION NO ATENTO CONDICIONES TRANSITO MOMENTO,CAUPOLICAN, ,- CAUPOLICAN,2950, , ,BIDIRECCIONAL,CONCRETO,BUENO,SECO,DESPEJADO,1,0,0,0,13,136,13605,Metropolitana de Santiago,Talagante,Peñaflor,Numero,"CAUPOLICAN 2950, Peñaflor",-33.597003,-70.882298