X,Y,FID,Año,IdAccident,Fecha,Mes,Dia_mes,Dia_semana,Hora,Hora_texto,Hora_aprox,Región,Comuna,Tipo_Accid,Tipo__CONA,Zona,Ubicación,Causa__CON,Causa_Acci,Calle_Uno,Calle_Dos,Intersecci,Número,Ruta,Ubicaci_1,Calzada,Tipo_Calza,Estado_Cal,Condición,Estado_Atm,Fallecidos,Graves,Menos_Grav,Leves,CUT_REG,CUT_PROV,CUT_COM,REGION,PROVINCIA,COMUNA1,Tipo_direc,Direccion,Lat,Lon
-7867061.94578085,-3968436.88441475,593,2023,1545586,2023/07/15 00:00:00+00,Julio,15,Sábado,1899/12/30 00:00:00+00,07:30:00,7,REGION METROPOLITANA,EL BOSQUE,COLISION LATERAL,COLISION,URBANA,TRAMO DE VIA RECTA,IMPRUDENCIA DEL CONDUCTOR,VIRAJES INDEBIDOS,GRAN AVDA JOSE MIGUEL CARRERA, ,- GRAN AVDA JOSE MIGUEL CARRERA,9740, , ,BIDIRECCIONAL CON BANDEJON,CONCRETO,BUENO,SECO,DESPEJADO,0,1,0,0,13,131,13105,Metropolitana de Santiago,Santiago,El Bosque,Numero,"GRAN AVDA JOSE MIGUEL CARRERA 9740, El Bosque",-33.549251,-70.67102
-7963504.04984114,-3886541.32186188,594,2023,1570876,2023/10/27 00:00:00+00,Octubre,27,Viernes,1899/12/30 00:00:00+00,05:20:00,5,REGION VALPARAISO,CONCON,VOLCADURA,VOLCADURA,URBANA,TRAMO DE VIA RECTA,VELOCIDAD IMPRUDENTE,VELOCIDAD NO RAZONABLE NI PRUDENTE,CONCON REÑACA, ,- CONCON REÑACA,85, , ,BIDIRECCIONAL,ASFALTO,BUENO,SECO,LLUVIA,0,0,0,1,05,051,05103,Valparaíso,Valparaíso,Concón,Numero,"CONCON REÑACA 85, Concón",-32.933958,-71.537374
-8123652.51489927,-4398322.86806151,595,2023,1508337,2023/02/03 00:00:00+00,Febrero,3,Viernes,1899/12/30 00:00:00+00,21:00:00,21,REGION BIO BIO,PENCO,CHOQUE LATERAL,CHOQUE,RURAL,TRAMO DE VIA RECTA,IMPRUDENCIA DEL CONDUCTOR,NO RESPETAR DERECHO PREFERENTE DE PASO A VEHICULO, , , ,0,RUTA 150,13,BIDIRECCIONAL,ASFALTO,BUENO,SECO,DESPEJADO,0,1,0,0,08,081,08107,Biobío,Concepción,Penco,Ruta,RUTA 150 km 13,-36.706843,-72.976012
-8127904.41590499,-4433051.15521291,596,2023,1503799,2023/01/15 00:00:00+00,Enero,15,Domingo,1899/12/30 00:00:00+00,20:35:00,20,REGION BIO BIO,CHIGUAYANTE,COLISION,COLISION,URBANA,TRAMO DE VIA RECTA,IMPRUDENCIA DEL CONDUCTOR,CONDUCCION NO ATENTO CONDICIONES TRANSITO MOMENTO,21 DE MAYO, ,- 21 DE MAYO,3225, , ,BIDIRECCIONAL CON BANDEJON,CONCRETO,BUENO,SECO,DESPEJADO,0,0,0,1,08,081,08103,Biobío,Concepción,Chiguayante,Numero,"21 DE MAYO 3225, Chiguayante",-36.956543,-73.014208
-7942243.67137756,-3900782.24596603,597,2023,1546490,2023/07/15 00:00:00+00,Julio,15,Sábado,1899/12/30 00:00:00+00,09:50:00,9,REGION VALPARAISO,VILLA ALEMANA,CHOQUE FRENTE/POSTERIOR,CHOQUE,URBANA,TRAMO DE VIA RECTA,VELOCIDAD IMPRUDENTE,VELOCIDAD NO RAZONABLE NI PRUDENTE,FREIRE, ,- FREIRE,115, , ,BIDIRECCIONAL,CONCRETO,BUENO,SECO,DESPEJADO,0,0,0,0,05,058,05804,Valparaíso,Marga Marga,Villa Alemana,Numero,"FREIRE 115, Villa Alemana",-33.041263,-71.346389
-7950206.73995321,-4267034.59292625,598,2023,1508096,2023/02/03 00:00:00+00,Febrero,3,Viernes,1899/12/30 00:00:00+00,22:40:00,22,REGION MAULE,COLBUN,COLISION POR ALCANCE,COLISION,RURAL,TRAMO DE VIA RECTA,IMPRUDENCIA DEL CONDUCTOR,CONDUCCION NO ATENTO CONDICIONES TRANSITO MOMENTO, , , ,0,"L-11, L-35",45,BIDIRECCIONAL,ASFALTO,BUENO,SECO,DESPEJADO,0,0,0,0,07,074,07402,Maule,Linares,Colbún,Ruta,"L-11, L-35 km 45",-35.75553,-71.417922
-7918436.2894727,-4032130.33229262,599,2023,1567712,2023/10/27 00:00:00+00,Octubre,27,Viernes,1899/12/30 00:00:00+00,09:00:00,9,REGION METROPOLITANA,ALHUE,VOLCADURA,VOLCADURA,RURAL,TRAMO DE VIA CURVA HORIZONTAL,VELOCIDAD IMPRUDENTE,VELOCIDAD NO RAZONABLE NI PRUDENTE, , , ,0,"G-692, G-686, G-680",27,BIDIRECCIONAL,ASFALTO,BUENO,SECO,NUBLADO,0,0,0,1,13,135,13502,Metropolitana de Santiago,Melipilla,Alhué,Numero,"G-692, G-686, G-680 km 27",-34.024784,-71.132523
-8154812.06581065,-4482350.82981301,600,2023,1505711,2023/01/15 00:00:00+00,Enero,15,Domingo,1899/12/30 00:00:00+00,20:40:00,20,REGION BIO BIO,ARAUCO,VOLCADURA,VOLCADURA,URBANA,TRAMO DE VIA RECTA,ALCOHOL EN CONDUCTOR,CONDUCCION EN ESTADO DE EBRIEDAD,ARTURO PEREZ CANTO, ,- ARTURO PEREZ CANTO,199, , ,BIDIRECCIONAL,ASFALTO,BUENO,SECO,DESPEJADO,0,1,0,0,08,082,08202,Biobío,Arauco,Arauco,Numero,"ARTURO PEREZ CANTO 199, Arauco",-37.309611,-73.255923
-7869805.63467669,-3972689.35616979,601,2023,1545585,2023/07/15 00:00:00+00,Julio,15,Sábado,1899/12/30 00:00:00+00,10:30:00,10,REGION METROPOLITANA,SAN BERNARDO,CHOQUE FRENTE/LADO,CHOQUE,URBANA,TRAMO DE VIA RECTA,IMPRUDENCIA DEL CONDUCTOR,CONDUCCION SIN MANTENER DISTANCIA RAZONABLE NI PRUDENTE,GRAN AVDA JOSE MIGUEL CARRERA, ,- GRAN AVDA JOSE MIGUEL CARRERA,13879, , ,BIDIRECCIONAL CON BANDEJON,CONCRETO,REGULAR,SECO,DESPEJADO,0,0,0,0,13,134,13401,Metropolitana de Santiago,Maipo,San Bernardo,Numero,"GRAN AVDA JOSE MIGUEL CARRERA 13879, San Bernardo",-33.581082,-70.695667
-7967488.69079435,-4227197.84071671,602,2023,1509096,2023/02/04 00:00:00+00,Febrero,4,Sábado,1899/12/30 00:00:00+00,14:50:00,14,REGION MAULE,TALCA,ATROPELLO,ATROPELLO,RURAL,TRAMO DE VIA RECTA,IMPRUDENCIA DEL CONDUCTOR,NO RESPETAR DERECHO PREFERENTE DE PASO A PEATON, , , ,0,115 CH,7,BIDIRECCIONAL,ASFALTO,BUENO,SECO,DESPEJADO,0,1,0,1,07,071,07101,Maule,Talca,Talca,Ruta,115 CH km 7,-35.464591,-71.573169
-7874361.93613605,-3943211.33529956,603,2023,1567686,2023/10/27 00:00:00+00,Octubre,27,Viernes,1899/12/30 00:00:00+00,10:30:00,10,REGION METROPOLITANA,QUILICURA,COLISION LATERAL,COLISION,URBANA,TRAMO DE VIA RECTA,IMPRUDENCIA DEL CONDUCTOR,CONDUCCION CAMBIAR SORPRESIVAMENTE PISTA CIRCULACION,STA LUISA, ,- STA LUISA,212, , ,UNIDIRECCIONAL,ASFALTO,BUENO,SECO,NUBLADO,0,0,0,0,13,131,13125,Metropolitana de Santiago,Santiago,Quilicura,Numero,"STA LUISA 212, Quilicura",-33.36019,-70.736597
-7872964.67233325,-3964679.43757583,604,2023,1503913,2023/01/15 00:00:00+00,Enero,15,Domingo,1899/12/30 00:00:00+00,21:35:00,21,REGION METROPOLITANA,CERRILLOS,COLISION PERPENDICULAR,COLISION,URBANA,TRAMO DE VIA RECTA,OTRAS CAUSAS,HECHO DELICTUAL,CAMINO A LONQUEN, ,- CAMINO A LONQUEN,9521, , ,BIDIRECCIONAL,ASFALTO,BUENO,SECO,DESPEJADO,0,0,1,0,13,131,13102,Metropolitana de Santiago,Santiago,Cerrillos,Numero,"CAMINO A LONQUEN 9521, Cerrillos",-33.521116,-70.724045
-7926632.10133314,-4116429.54707413,605,2023,1546718,2023/07/15 00:00:00+00,Julio,15,Sábado,1899/12/30 00:00:00+00,11:51:00,11,REGION LIB.B.O'HIGGINS,NANCAGUA,COLISION LATERAL,COLISION,URBANA,TRAMO DE VIA RECTA,IMPRUDENCIA DEL CONDUCTOR,CONDUCCION NO ATENTO CONDICIONES TRANSITO MOMENTO,CURA MONTERO, ,- CURA MONTERO,30, , ,BIDIRECCIONAL,ASFALTO,BUENO,SECO,DESPEJADO,0,1,0,1,06,063,06305,Libertador General Bernardo O'Higgins,Colchagua,Nancagua,Numero,"CURA MONTERO 30, Nancagua",-34.65008,-71.206148
-7976500.76418675,-4222434.13086238,606,2023,1568376,2023/10/27 00:00:00+00,Octubre,27,Viernes,1899/12/30 00:00:00+00,13:30:00,13,REGION MAULE,MAULE,COLISION POR ALCANCE,COLISION,URBANA,TRAMO DE VIA RECTA,IMPRUDENCIA DEL CONDUCTOR,CONDUCCION NO ATENTO CONDICIONES TRANSITO MOMENTO,9 ORIENTE, ,- 9 ORIENTE,949, , ,BIDIRECCIONAL CON BANDEJON,ASFALTO,BUENO,SECO,DESPEJADO,0,0,0,0,07,071,07105,Maule,Talca,Maule,Numero,"9 ORIENTE 949, Maule",-35.42973,-71.654126
-7940097.25781421,-3822716.54602673,607,2023,1510092,2023/02/04 00:00:00+00,Febrero,4,Sábado,1899/12/30 00:00:00+00,17:20:00,17,REGION VALPARAISO,QUINTERO,VOLCADURA,VOLCADURA,RURAL,TRAMO DE VIA RECTA,VELOCIDAD IMPRUDENTE,VELOCIDAD NO RAZONABLE NI PRUDENTE, , , ,0,F-30-E,1,BIDIRECCIONAL,ASFALTO,REGULAR,SECO,DESPEJADO,0,1,0,0,05,051,05107,Valparaíso,Valparaíso,Quintero,Ruta,F-30-E km 1,-32.451443,-71.327107
-7884929.33534189,-4081448.13361701,608,2023,1544736,2023/07/15 00:00:00+00,Julio,15,Sábado,1899/12/30 00:00:00+00,13:30:00,13,REGION LIB.B.O'HIGGINS,RENGO,ATROPELLO,ATROPELLO,URBANA,TRAMO DE VIA RECTA,ALCOHOL EN CONDUCTOR,CONDUCCION EN ESTADO DE EBRIEDAD,LOS MIGUELES, ,- LOS MIGUELES,410, , ,BIDIRECCIONAL,ASFALTO,BUENO,SECO,NUBLADO,0,1,0,1,06,061,06115,Libertador General Bernardo O'Higgins,Cachapoal,Rengo,Numero,"LOS MIGUELES 410, Rengo",-34.391169,-70.831525
-7873092.15250867,-3936753.24051911,609,2023,1506100,2023/01/16 00:00:00+00,Enero,16,Lunes,1899/12/30 00:00:00+00,07:40:00,7,REGION METROPOLITANA,COLINA,CHOQUE FRENTE/POSTERIOR,CHOQUE,URBANA,TRAMO DE VIA RECTA,IMPRUDENCIA DEL CONDUCTOR,CONDUCCION NO ATENTO CONDICIONES TRANSITO MOMENTO,PDTE EDUARDO FREI MONTALVA, ,- PDTE EDUARDO FREI MONTALVA,16750, , ,BIDIRECCIONAL,ASFALTO,BUENO,SECO,DESPEJADO,0,0,0,1,13,133,13301,Metropolitana de Santiago,Chacabuco,Colina,Numero,"PDTE EDUARDO FREI MONTALVA 16750, Colina",-33.311721,-70.72519
-7967688.63021782,-4321742.58830834,610,2023,1507632,2023/02/04 00:00:00+00,Febrero,4,Sábado,1899/12/30 00:00:00+00,18:40:00,18,REGION MAULE,LONGAVI,COLISION POR ALCANCE,COLISION,RURAL,OTROS NO CONSIDERADOS,IMPRUDENCIA DEL CONDUCTOR,NO RESPETAR DERECHO PREFERENTE DE PASO A VEHICULO, , , ,0,L-535,16,BIDIRECCIONAL,ASFALTO,BUENO,SECO,DESPEJADO,1,0,0,0,07,074,07403,Maule,Linares,Longaví,Ruta,L-535 km 16,-36.153349,-71.574965
-7886544.45329173,-3988975.40179872,611,2023,1568854,2023/10/27 00:00:00+00,Octubre,27,Viernes,1899/12/30 00:00:00+00,13:30:00,13,REGION METROPOLITANA,TALAGANTE,COLISION LATERAL,COLISION,URBANA,TRAMO DE VIA RECTA,IMPRUDENCIA DEL CONDUCTOR,CONDUCCION CAMBIAR SORPRESIVAMENTE PISTA CIRCULACION,LOS SILOS, ,- LOS SILOS,121, , ,BIDIRECCIONAL,ASFALTO,REGULAR,SECO,DESPEJADO,0,0,0,0,13,136,13601,Metropolitana de Santiago,Talagante,Talagante,Numero,"LOS SILOS 121, Talagante",-33.702879,-70.846034
-7858822.9083061,-3956082.34371844,612,2023,1549215,2023/07/16 00:00:00+00,Julio,16,Domingo,1899/12/30 00:00:00+00,12:15:00,12,REGION METROPOLITANA,ÑUÑOA,COLISION,COLISION,URBANA,TRAMO DE VIA RECTA,IMPRUDENCIA DEL CONDUCTOR,CONDUCCION NO ATENTO CONDICIONES TRANSITO MOMENTO,DUBLE ALMEYDA, ,- DUBLE ALMEYDA,3260, , ,UNIDIRECCIONAL,CONCRETO,BUENO,SECO,DESPEJADO,0,0,0,0,13,131,13120,Metropolitana de Santiago,Santiago,Ñuñoa,Numero,"DUBLE ALMEYDA 3260, Ñuñoa",-33.456708,-70.597007
-8027088.08589145,-4384250.77012658,613,2023,1503935,2023/01/16 00:00:00+00,Enero,16,Lunes,1899/12/30 00:00:00+00,08:10:00,8,REGION ÑUBLE,CHILLAN,COLISION LATERAL,COLISION,URBANA,TRAMO DE VIA RECTA,IMPRUDENCIA DEL CONDUCTOR,CONDUCCION CAMBIAR SORPRESIVAMENTE PISTA CIRCULACION,O'HIGGINS, ,- O'HIGGINS,555, , ,BIDIRECCIONAL,CONCRETO,BUENO,SECO,DESPEJADO,0,0,1,0,16,161,16101,Ñuble,Diguillín,Chillán,Numero,"O'HIGGINS 555, Chillán",-36.605431,-72.108559
-7976542.6593105,-4275755.60863558,614,2023,1507637,2023/02/04 00:00:00+00,Febrero,4,Sábado,1899/12/30 00:00:00+00,20:00:00,20,REGION MAULE,LINARES,VOLCADURA,VOLCADURA,RURAL,TRAMO DE VIA CURVA HORIZONTAL,VELOCIDAD IMPRUDENTE,"VELOCIDAD NO REDUCIR CRUCE DE CALLES, CUMBRE, CURVA, ETC.", , , ,0,L-240,"3,3",BIDIRECCIONAL,ASFALTO,BUENO,SECO,NUBLADO,1,0,0,0,07,074,07401,Maule,Linares,Linares,Ruta,"L-240 km 3,3",-35.819081,-71.654502
-7911892.12838146,-4087745.00842434,615,2023,1567858,2023/10/27 00:00:00+00,Octubre,27,Viernes,1899/12/30 00:00:00+00,17:50:00,17,REGION LIB.B.O'HIGGINS,SAN VICENTE,CHOQUE FRENTE/LADO,CHOQUE,URBANA,TRAMO DE VIA RECTA,ALCOHOL EN CONDUCTOR,CONDUCCION EN ESTADO DE EBRIEDAD,DIEGO PORTALES, ,- DIEGO PORTALES,81, , ,BIDIRECCIONAL CON BANDEJON,ASFALTO,BUENO,SECO,DESPEJADO,0,0,0,0,06,061,06117,Libertador General Bernardo O'Higgins,Cachapoal,San Vicente,Numero,"DIEGO PORTALES 81, San Vicente",-34.437834,-71.073736
-8138771.36354862,-4952538.08845948,616,2023,1548020,2023/07/17 00:00:00+00,Julio,17,Lunes,1899/12/30 00:00:00+00,08:00:00,8,REGION LOS LAGOS,OSORNO,VOLCADURA,VOLCADURA,URBANA,TRAMO DE VIA RECTA,VELOCIDAD IMPRUDENTE,VELOCIDAD NO RAZONABLE NI PRUDENTE,IGNACIO ZENTENO, ,- IGNACIO ZENTENO,2707, , ,UNIDIRECCIONAL,CONCRETO,REGULAR,ESCARCHA,DESPEJADO,0,1,0,1,10,103,10301,Los Lagos,Osorno,Osorno,Numero,"IGNACIO ZENTENO 2707, Osorno",-40.593305,-73.111827
-7930426.37671758,-3997277.22390357,617,2023,1503654,2023/01/16 00:00:00+00,Enero,16,Lunes,1899/12/30 00:00:00+00,10:40:00,10,REGION METROPOLITANA,MELIPILLA,COLISION PERPENDICULAR,COLISION,RURAL,CRUCE SIN SEÑALIZACION,IMPRUDENCIA DEL CONDUCTOR,NO RESPETAR DERECHO PREFERENTE DE PASO A VEHICULO, , , ,0,G-60,14,BIDIRECCIONAL,ASFALTO,BUENO,SECO,DESPEJADO,1,0,0,0,13,135,13501,Metropolitana de Santiago,Melipilla,Melipilla,Numero,G-60 km 14,-33.764899,-71.240232
-7853394.36766318,-3973839.00211157,618,2023,1569454,2023/10/27 00:00:00+00,Octubre,27,Viernes,1899/12/30 00:00:00+00,21:30:00,21,REGION METROPOLITANA,PUENTE ALTO,COLISION LATERAL,COLISION,URBANA,TRAMO DE VIA RECTA,ALCOHOL EN CONDUCTOR,CONDUCCION EN ESTADO DE EBRIEDAD,PUKARA DE LASANA, ,- PUKARA DE LASANA,2704, , ,BIDIRECCIONAL,ASFALTO,BUENO,SECO,DESPEJADO,0,0,0,1,13,132,13201,Metropolitana de Santiago,Cordillera,Puente Alto,Numero,"PUKARA DE LASANA 2704, Puente Alto",-33.589686,-70.548242
-7940916.19256129,-4622446.5854251,619,2023,1507934,2023/02/05 00:00:00+00,Febrero,5,Domingo,1899/12/30 00:00:00+00,02:20:00,2,REGION ARAUCANIA,LONQUIMAY,VOLCADURA,VOLCADURA,RURAL,TRAMO DE VIA RECTA,ALCOHOL EN CONDUCTOR,CONDUCCION BAJO LA INFLUENCIA DEL ALCOHOL, , , ,0,R-791,28,BIDIRECCIONAL,TIERRA,MALO, ,DESPEJADO,0,0,1,0,09,092,09205,La Araucanía,Malleco,Lonquimay,Ruta,R-791 km 28,-38.303903,-71.334464
-7832443.3166873,-3975302.04436703,620,2023,1550687,2023/07/17 00:00:00+00,Julio,17,Lunes,1899/12/30 00:00:00+00,17:20:00,17,REGION METROPOLITANA,SAN JOSE DE MAIPO,COLISION LATERAL,COLISION,URBANA,TRAMO DE VIA CURVA HORIZONTAL,VELOCIDAD IMPRUDENTE,VELOCIDAD NO RAZONABLE NI PRUDENTE,CAMINO AL VOLCAN, ,- CAMINO AL VOLCAN,16989, , ,BIDIRECCIONAL,ASFALTO,BUENO,SECO,NUBLADO,0,0,1,0,13,132,13203,Metropolitana de Santiago,Cordillera,San José de Maipo,Numero,"CAMINO AL VOLCAN 16989, San José de Maipo",-33.600633,-70.360035
-7867670.32125844,-3933273.70086416,621,2023,1506082,2023/01/16 00:00:00+00,Enero,16,Lunes,1899/12/30 00:00:00+00,18:10:00,18,REGION METROPOLITANA,COLINA,COLISION PERPENDICULAR,COLISION,URBANA,TRAMO DE VIA RECTA,IMPRUDENCIA DEL CONDUCTOR,VIRAJES INDEBIDOS,CHICUREO, ,- CHICUREO,2300, , ,BIDIRECCIONAL,ASFALTO,BUENO,SECO,DESPEJADO,0,1,0,0,13,133,13301,Metropolitana de Santiago,Chacabuco,Colina,Numero,"CHICUREO 2300, Colina",-33.285596,-70.676485
-8026603.66732739,-4501529.76442726,622,2023,1507590,2023/02/05 00:00:00+00,Febrero,5,Domingo,1899/12/30 00:00:00+00,03:50:00,3,REGION BIO BIO,SAN PEDRO DE LA PAZ,CHOQUE FRONTAL,CHOQUE,RURAL,TRAMO DE VIA RECTA,IMPRUDENCIA DEL CONDUCTOR,CONDUCCION NO ATENTO CONDICIONES TRANSITO MOMENTO, , , ,0,P-420,8,UNIDIRECCIONAL,CONCRETO,BUENO,SECO,DESPEJADO,1,0,0,0,08,081,08108,Biobío,Concepción,San Pedro de la Paz,Ruta,P-420 km 8,-37.446518,-72.104208
-8132906.64354091,-4409064.80953268,623,2023,1567722,2023/10/28 00:00:00+00,Octubre,28,Sábado,1899/12/30 00:00:00+00,03:15:00,3,REGION BIO BIO,CONCEPCION,OTRO TIPO,OTRO TIPO,URBANA,TRAMO DE VIA RECTA,VELOCIDAD IMPRUDENTE,VELOCIDAD NO RAZONABLE NI PRUDENTE,JORGE ALESSANDRI, ,- JORGE ALESSANDRI,804, , ,BIDIRECCIONAL,CONCRETO,BUENO,MOJADO,LLUVIA,1,0,0,0,08,081,08101,Biobío,Concepción,Concepción,Numero,"JORGE ALESSANDRI 804, Concepción",-36.784166,-73.059143
-8139344.26117053,-4400819.21787305,624,2023,1549383,2023/07/18 00:00:00+00,Julio,18,Martes,1899/12/30 00:00:00+00,07:25:00,7,REGION BIO BIO,TALCAHUANO,COLISION LATERAL,COLISION,URBANA,CRUCE CON SEMAFORO FUNCIONANDO,DESOBEDIENCIA A SEÑALIZACION,SEÑALIZACION DESOBEDECER LUZ ROJA DE SEMAFORO,CRISTOBAL COLON, ,- CRISTOBAL COLON,3300, , ,BIDIRECCIONAL CON BANDEJON,CONCRETO,BUENO,SECO,DESPEJADO,0,0,0,1,08,081,08110,Biobío,Concepción,Talcahuano,Numero,"CRISTOBAL COLON 3300, Talcahuano",-36.724819,-73.116974
-7886128.42871038,-4075912.17095864,625,2023,1504321,2023/01/16 00:00:00+00,Enero,16,Lunes,1899/12/30 00:00:00+00,19:40:00,19,REGION LIB.B.O'HIGGINS,RENGO,COLISION LATERAL,COLISION,URBANA,TRAMO DE VIA CURVA VERTICAL,IMPRUDENCIA DEL CONDUCTOR,VIRAJES INDEBIDOS,ENLACE ROSARIO, ,- ENLACE ROSARIO,100, , ,BIDIRECCIONAL,ASFALTO,BUENO,SECO,DESPEJADO,0,0,1,1,06,061,06115,Libertador General Bernardo O'Higgins,Cachapoal,Rengo,Numero,"ENLACE ROSARIO 100, Rengo",-34.350121,-70.842297
-8089665.71626662,-4286825.04959191,626,2023,1509662,2023/02/05 00:00:00+00,Febrero,5,Domingo,1899/12/30 00:00:00+00,12:10:00,12,REGION MAULE,PELLUHUE,CHOQUE,CHOQUE,RURAL,TRAMO DE VIA RECTA,DROGAS Y/O FATIGA EN CONDUCTOR,"CONDICIONES FISICAS DEFICIENTES (CANSANCIO, SUEÑO)", , , ,0,M-910,1,BIDIRECCIONAL,ASFALTO,BUENO,HUMEDO,DESPEJADO,0,0,0,1,07,072,07203,Maule,Cauquenes,Pelluhue,Ruta,M-910 km 1,-35.899671,-72.670704
-7931588.12521329,-3894272.34240056,627,2023,1571241,2023/10/28 00:00:00+00,Octubre,28,Sábado,1899/12/30 00:00:00+00,12:00:00,12,REGION VALPARAISO,OLMUE,COLISION LATERAL,COLISION,URBANA,TRAMO DE VIA RECTA,IMPRUDENCIA DEL CONDUCTOR,ADELANTAMIENTO SOBREPASANDO LINEA CONTINUA,ADOLFO EASTMAN COX, ,- ADOLFO EASTMAN COX,15, , ,BIDIRECCIONAL,ASFALTO,BUENO,SECO,DESPEJADO,0,0,1,0,05,058,05803,Valparaíso,Marga Marga,Olmué,Numero,"ADOLFO EASTMAN COX 15, Olmué",-32.992228,-71.250668
-7982226.06106293,-4226540.18132399,628,2023,1545857,2023/07/18 00:00:00+00,Julio,18,Martes,1899/12/30 00:00:00+00,16:30:00,16,REGION MAULE,MAULE,CHOQUE POSTERIOR/LADO,CHOQUE,URBANA,TRAMO DE VIA RECTA,IMPRUDENCIA DEL CONDUCTOR,CONDUCIR VEHICULO EN RETROCESO,PASAJE VEINTICUATRO, ,- PASAJE VEINTICUATRO,1179, , ,BIDIRECCIONAL,CONCRETO,BUENO,SECO,DESPEJADO,0,0,0,0,07,071,07105,Maule,Talca,Maule,Numero,"PASAJE VEINTICUATRO 1179, Maule",-35.459779,-71.705557
-7885066.3242501,-3968946.45353091,629,2023,1568862,2023/10/28 00:00:00+00,Octubre,28,Sábado,1899/12/30 00:00:00+00,13:20:00,13,REGION METROPOLITANA,PADRE HURTADO,COLISION LATERAL,COLISION,RURAL,TRAMO DE VIA RECTA,IMPRUDENCIA DEL CONDUCTOR,CONDUCCION NO ATENTO CONDICIONES TRANSITO MOMENTO, , , ,0,G-68,"2,5",BIDIRECCIONAL,ASFALTO,BUENO,SECO,DESPEJADO,0,0,0,2,13,136,13604,Metropolitana de Santiago,Talagante,Padre Hurtado,Numero,"G-68 km 2,5",-33.553066,-70.832756
-7855915.17532396,-3946016.28081328,630,2023,1505993,2023/01/16 00:00:00+00,Enero,16,Lunes,1899/12/30 00:00:00+00,19:55:00,19,REGION METROPOLITANA,VITACURA,COLISION PERPENDICULAR,COLISION,URBANA,TRAMO DE VIA RECTA,IMPRUDENCIA DEL CONDUCTOR,CONDUCCION CONTRA SENTIDO DEL TRANSITO,LUIS PASTEUR, ,- LUIS PASTEUR,6625, , ,BIDIRECCIONAL,ASFALTO,BUENO,SECO,DESPEJADO,0,1,0,0,13,131,13132,Metropolitana de Santiago,Santiago,Vitacura,Numero,"LUIS PASTEUR 6625, Vitacura",-33.381233,-70.570887
-7937849.16999281,-4223872.04770991,631,2023,1508396,2023/02/05 00:00:00+00,Febrero,5,Domingo,1899/12/30 00:00:00+00,21:10:00,21,REGION MAULE,MOLINA,CHOQUE FRONTAL,CHOQUE,RURAL,TRAMO DE VIA RECTA,IMPRUDENCIA DEL CONDUCTOR,CONDUCCION NO ATENTO CONDICIONES TRANSITO MOMENTO, , , ,0,"K-15, K-25, K-55","4,1",BIDIRECCIONAL,ASFALTO,BUENO,SECO,DESPEJADO,0,0,0,0,07,073,07304,Maule,Curicó,Molina,Ruta,"K-15, K-25, K-55 km 4,1",-35.440254,-71.306912
-7975126.86246002,-4219789.50961049,632,2023,1545856,2023/07/18 00:00:00+00,Julio,18,Martes,1899/12/30 00:00:00+00,17:30:00,17,REGION MAULE,TALCA,COLISION POR ALCANCE,COLISION,URBANA,TRAMO DE VIA RECTA,IMPRUDENCIA DEL CONDUCTOR,CONDUCCION CAMBIAR SORPRESIVAMENTE PISTA CIRCULACION,19 NORTE, ,- 19 NORTE,1911, , ,BIDIRECCIONAL,ASFALTO,REGULAR,SECO,DESPEJADO,0,0,1,1,07,071,07101,Maule,Talca,Talca,Numero,"19 NORTE 1911, Talca",-35.41037,-71.641784
-7868959.16591072,-3958138.10406647,633,2023,1569975,2023/10/28 00:00:00+00,Octubre,28,Sábado,1899/12/30 00:00:00+00,16:00:00,16,REGION METROPOLITANA,LO ESPEJO,VOLCADURA,VOLCADURA,RURAL,TRAMO DE VIA RECTA,IMPRUDENCIA DEL CONDUCTOR,CONDUCCION NO ATENTO CONDICIONES TRANSITO MOMENTO, , , ,0,RUTA 74,10,UNIDIRECCIONAL,ASFALTO,BUENO,SECO,DESPEJADO,0,1,0,0,13,131,13116,Metropolitana de Santiago,Santiago,Lo Espejo,Numero,RUTA 74 km 10,-33.472113,-70.688063
-7865103.38847797,-3958096.6437023,634,2023,1505630,2023/01/16 00:00:00+00,Enero,16,Lunes,1899/12/30 00:00:00+00,21:00:00,21,REGION METROPOLITANA,SANTIAGO,CHOQUE LADO/FRENTE,CHOQUE,URBANA,TRAMO DE VIA RECTA,DROGAS Y/O FATIGA EN CONDUCTOR,"CONDICIONES FISICAS DEFICIENTES (CANSANCIO, SUEÑO)",GRAL GANA, ,- GRAL GANA,1428, , ,UNIDIRECCIONAL,ASFALTO,BUENO,SECO,DESPEJADO,0,0,0,0,13,131,13101,Metropolitana de Santiago,Santiago,Santiago,Numero,"GRAL GANA 1428, Santiago",-33.471803,-70.653426
-8026330.30450663,-4764517.10603665,635,2023,1508548,2023/02/06 00:00:00+00,Febrero,6,Lunes,1899/12/30 00:00:00+00,08:15:00,8,REGION ARAUCANIA,VILLARRICA,COLISION POR ALCANCE,COLISION,RURAL,TRAMO DE VIA RECTA,IMPRUDENCIA DEL CONDUCTOR,CONDUCCION SIN MANTENER DISTANCIA RAZONABLE NI PRUDENTE, , , ,0,199 CH,66,BIDIRECCIONAL,ASFALTO,BUENO,SECO,DESPEJADO,0,0,0,1,09,091,09120,La Araucanía,Cautín,Villarrica,Ruta,199 CH km 66,-39.298481,-72.101752