X,Y,FID,Año,IdAccident,Fecha,Mes,Dia_mes,Dia_semana,Hora,Hora_texto,Hora_aprox,Región,Comuna,Tipo_Accid,Tipo__CONA,Zona,Ubicación,Causa__CON,Causa_Acci,Calle_Uno,Calle_Dos,Intersecci,Número,Ruta,Ubicaci_1,Calzada,Tipo_Calza,Estado_Cal,Condición,Estado_Atm,Fallecidos,Graves,Menos_Grav,Leves,CUT_REG,CUT_PROV,CUT_COM,REGION,PROVINCIA,COMUNA1,Tipo_direc,Direccion,Lat,Lon
-7973482.36009418,-4224754.49537582,636,2023,1545862,2023/07/18 00:00:00+00,Julio,18,Martes,1899/12/30 00:00:00+00,19:50:00,19,REGION MAULE,TALCA,VOLCADURA,VOLCADURA,URBANA,TRAMO DE VIA RECTA,IMPRUDENCIA DEL CONDUCTOR,CONDUCCION NO ATENTO CONDICIONES TRANSITO MOMENTO,33 1/2 ORIENTE A, ,- 33 1/2 ORIENTE A,1564, , ,BIDIRECCIONAL,ASFALTO,BUENO,SECO,DESPEJADO,0,0,0,1,07,071,07101,Maule,Talca,Talca,Numero,"33 1/2 ORIENTE A 1564, Talca",-35.446712,-71.627011
-7926759.45627413,-4116466.64937791,637,2023,1507235,2023/01/16 00:00:00+00,Enero,16,Lunes,1899/12/30 00:00:00+00,21:05:00,21,REGION LIB.B.O'HIGGINS,NANCAGUA,VOLCADURA,VOLCADURA,URBANA,TRAMO DE VIA RECTA,VELOCIDAD IMPRUDENTE,VELOCIDAD NO RAZONABLE NI PRUDENTE,CURA MONTERO, ,- CURA MONTERO,100, , ,BIDIRECCIONAL,ASFALTO,BUENO,SECO,DESPEJADO,0,0,0,1,06,063,06305,Libertador General Bernardo O'Higgins,Colchagua,Nancagua,Numero,"CURA MONTERO 100, Nancagua",-34.650354,-71.207292
-8012018.8122196,-4203924.2700899,638,2023,1509132,2023/02/06 00:00:00+00,Febrero,6,Lunes,1899/12/30 00:00:00+00,15:00:00,15,REGION MAULE,CUREPTO,VOLCADURA,VOLCADURA,RURAL,TRAMO DE VIA CURVA HORIZONTAL,VELOCIDAD IMPRUDENTE,"VELOCIDAD NO REDUCIR CRUCE DE CALLES, CUMBRE, CURVA, ETC.", , , ,0,"K-60, K-16",42,BIDIRECCIONAL,ASFALTO,BUENO,SECO,DESPEJADO,0,0,0,1,07,071,07103,Maule,Talca,Curepto,Ruta,"K-60, K-16 km 42",-35.294129,-71.97319
-7957295.77514227,-4237862.38202617,639,2023,1568010,2023/10/29 00:00:00+00,Octubre,29,Domingo,1899/12/30 00:00:00+00,14:05:00,14,REGION MAULE,SAN CLEMENTE,COLISION LATERAL,COLISION,URBANA,TRAMO DE VIA RECTA,IMPRUDENCIA DEL CONDUCTOR,CONDUCCION NO ATENTO CONDICIONES TRANSITO MOMENTO,HUAMACHUCO, ,- HUAMACHUCO,318, , ,BIDIRECCIONAL,CONCRETO,BUENO,HUMEDO,NUBLADO,0,0,1,0,07,071,07109,Maule,Talca,San Clemente,Numero,"HUAMACHUCO 318, San Clemente",-35.542581,-71.481604
-7962726.83480056,-3866885.43350629,640,2023,1549744,2023/07/19 00:00:00+00,Julio,19,Miércoles,1899/12/30 00:00:00+00,08:15:00,8,REGION VALPARAISO,QUINTERO,CHOQUE POSTERIOR/FRENTE,CHOQUE,URBANA,TRAMO DE VIA RECTA,IMPRUDENCIA DEL CONDUCTOR,CONDUCCION NO ATENTO CONDICIONES TRANSITO MOMENTO,LUIS COUSIÑO, ,- LUIS COUSIÑO,1906, , ,BIDIRECCIONAL,ASFALTO,BUENO,SECO,DESPEJADO,0,0,0,0,05,051,05107,Valparaíso,Valparaíso,Quintero,Numero,"LUIS COUSIÑO 1906, Quintero",-32.785638,-71.530392
-7888440.32712368,-4083511.09195071,641,2023,1505502,2023/01/17 00:00:00+00,Enero,17,Martes,1899/12/30 00:00:00+00,09:45:00,9,REGION LIB.B.O'HIGGINS,RENGO,COLISION LATERAL,COLISION,URBANA,TRAMO DE VIA RECTA,IMPRUDENCIA DEL CONDUCTOR,CONDUCCION CAMBIAR SORPRESIVAMENTE PISTA CIRCULACION,COLO COLO, ,- COLO COLO,138, , ,UNIDIRECCIONAL,ASFALTO,BUENO,SECO,DESPEJADO,0,0,0,2,06,061,06115,Libertador General Bernardo O'Higgins,Cachapoal,Rengo,Numero,"COLO COLO 138, Rengo",-34.40646,-70.863065
-7873923.33749817,-3957354.18669772,642,2023,1569276,2023/10/30 00:00:00+00,Octubre,30,Lunes,1899/12/30 00:00:00+00,09:10:00,9,REGION METROPOLITANA,MAIPU,VOLCADURA,VOLCADURA,URBANA,TRAMO DE VIA RECTA,IMPRUDENCIA DEL CONDUCTOR,CONDUCCION NO ATENTO CONDICIONES TRANSITO MOMENTO,LOS PAJARITOS, ,- LOS PAJARITOS,3145, , ,BIDIRECCIONAL CON BANDEJON,ASFALTO,BUENO,SECO,DESPEJADO,0,0,0,1,13,131,13119,Metropolitana de Santiago,Santiago,Maipú,Numero,"LOS PAJARITOS 3145, Maipú",-33.466239,-70.732657
-8149512.74206079,-6060680.34282359,643,2023,1518692,2023/02/06 00:00:00+00,Febrero,6,Lunes,1899/12/30 00:00:00+00,18:45:00,18,REGION AYSEN DEL GRL. CARLOS IBAÑEZ DEL CAMPO,TORTEL,VOLCADURA,VOLCADURA,RURAL,TRAMO DE VIA CURVA HORIZONTAL,VELOCIDAD IMPRUDENTE,"VELOCIDAD NO REDUCIR CRUCE DE CALLES, CUMBRE, CURVA, ETC.", , , ,0,RUTA 7,1027,BIDIRECCIONAL,RIPIO,REGULAR, ,NUBLADO,0,0,0,0,11,113,11303,Aysén del General Carlos Ibáñez del Campo,Capitán Prat,Tortel,Ruta,RUTA 7 km 1027,-47.721703,-73.208319
-7902348.32140015,-4109330.73903386,644,2023,1546996,2023/07/19 00:00:00+00,Julio,19,Miércoles,1899/12/30 00:00:00+00,11:50:00,11,REGION LIB.B.O'HIGGINS,SAN FERNANDO,COLISION LATERAL,COLISION,URBANA,TRAMO DE VIA RECTA,IMPRUDENCIA DEL CONDUCTOR,CONDUCCION NO ATENTO CONDICIONES TRANSITO MOMENTO,BERNARDO O'HIGGINS, ,- BERNARDO O'HIGGINS,240, , ,BIDIRECCIONAL,ASFALTO,BUENO,SECO,DESPEJADO,0,0,0,0,06,063,06301,Libertador General Bernardo O'Higgins,Colchagua,San Fernando,Numero,"BERNARDO O'HIGGINS 240, San Fernando",-34.597604,-70.988003
-8131323.13164354,-4412597.44139166,645,2023,1569395,2023/10/30 00:00:00+00,Octubre,30,Lunes,1899/12/30 00:00:00+00,11:00:00,11,REGION BIO BIO,CONCEPCION,CHOQUE POSTERIOR/FRENTE,CHOQUE,URBANA,CRUCE CON SEMAFORO FUNCIONANDO,DROGAS Y/O FATIGA EN CONDUCTOR,"CONDICIONES FISICAS DEFICIENTES (CANSANCIO, SUEÑO)",CALLE DOS, ,- CALLE DOS,12, , ,BIDIRECCIONAL,CONCRETO,BUENO,SECO,DESPEJADO,0,1,0,0,08,081,08101,Biobío,Concepción,Concepción,Numero,"CALLE DOS 12, Concepción",-36.809577,-73.044918
-8011141.75512848,-4359210.16064716,646,2023,1505867,2023/01/17 00:00:00+00,Enero,17,Martes,1899/12/30 00:00:00+00,18:25:00,18,REGION ÑUBLE,SAN CARLOS,CHOQUE FRONTAL,CHOQUE,URBANA,TRAMO DE VIA RECTA,DROGAS Y/O FATIGA EN CONDUCTOR,"CONDICIONES FISICAS DEFICIENTES (CANSANCIO, SUEÑO)",O'HIGGINS, ,- O'HIGGINS,557, , ,UNIDIRECCIONAL,CONCRETO,BUENO,SECO,DESPEJADO,0,1,0,0,16,163,16301,Ñuble,Punilla,San Carlos,Numero,"O'HIGGINS 557, San Carlos",-36.424644,-71.965311
-8088858.88086839,-4617544.03734185,647,2023,1509423,2023/02/06 00:00:00+00,Febrero,6,Lunes,1899/12/30 00:00:00+00,22:20:00,22,REGION ARAUCANIA,NUEVA IMPERIAL,CHOQUE FRONTAL,CHOQUE,RURAL,TRAMO DE VIA RECTA,IMPRUDENCIA DEL CONDUCTOR,CONDUCCION NO ATENTO CONDICIONES TRANSITO MOMENTO, , , ,0,"R-76-S, S-16, S-52",1,BIDIRECCIONAL,ASFALTO,BUENO,SECO,DESPEJADO,0,0,0,1,09,091,09111,La Araucanía,Cautín,Nueva Imperial,Ruta,"R-76-S, S-16, S-52 km 1",-38.269335,-72.663456
-7980632.48851073,-3946991.26793745,648,2023,1548672,2023/07/19 00:00:00+00,Julio,19,Miércoles,1899/12/30 00:00:00+00,14:40:00,14,REGION VALPARAISO,EL QUISCO,CHOQUE LATERAL,CHOQUE,URBANA,TRAMO DE VIA RECTA,IMPRUDENCIA DEL CONDUCTOR,CONDUCCION NO ATENTO CONDICIONES TRANSITO MOMENTO,ISIDORO DUBOURNAIS, ,- ISIDORO DUBOURNAIS,403, , ,BIDIRECCIONAL,CONCRETO,BUENO,SECO,DESPEJADO,0,1,0,0,05,056,05604,Valparaíso,San Antonio,El Quisco,Numero,"ISIDORO DUBOURNAIS 403, El Quisco",-33.388546,-71.691241
-7860935.24043887,-3973070.86986145,649,2023,1504357,2023/01/17 00:00:00+00,Enero,17,Martes,1899/12/30 00:00:00+00,19:00:00,19,REGION METROPOLITANA,LA PINTANA,COLISION POR ALCANCE,COLISION,URBANA,TRAMO DE VIA RECTA,IMPRUDENCIA DEL CONDUCTOR,CONDUCCION SIN MANTENER DISTANCIA RAZONABLE NI PRUDENTE,GABRIELA, ,- GABRIELA,3260, , ,BIDIRECCIONAL CON BANDEJON,ASFALTO,BUENO,SECO,DESPEJADO,0,0,0,0,13,131,13112,Metropolitana de Santiago,Santiago,La Pintana,Numero,"GABRIELA 3260, La Pintana",-33.583937,-70.615983
-8090418.25080761,-4689538.09987103,650,2023,1508721,2023/02/07 00:00:00+00,Febrero,7,Martes,1899/12/30 00:00:00+00,16:00:00,16,REGION ARAUCANIA,PADRE LAS CASAS,CHOQUE POSTERIOR,CHOQUE,RURAL,TRAMO DE VIA RECTA,IMPRUDENCIA DEL CONDUCTOR,CONDUCCION SIN MANTENER DISTANCIA RAZONABLE NI PRUDENTE, , , ,0,S-500,4,BIDIRECCIONAL,ASFALTO,BUENO,SECO,DESPEJADO,0,0,1,0,09,091,09112,La Araucanía,Cautín,Padre Las Casas,Ruta,S-500 km 4,-38.775314,-72.677464
-8135113.61677742,-4416023.06388741,651,2023,1569354,2023/10/30 00:00:00+00,Octubre,30,Lunes,1899/12/30 00:00:00+00,19:40:00,19,REGION BIO BIO,CHIGUAYANTE,COLISION,COLISION,URBANA,PUENTE,IMPRUDENCIA DEL CONDUCTOR,CONDUCCION NO ATENTO CONDICIONES TRANSITO MOMENTO,PUENTE LLACOLEN, ,- PUENTE LLACOLEN,1, , ,BIDIRECCIONAL,CONCRETO,BUENO,SECO,DESPEJADO,0,0,0,1,08,081,08103,Biobío,Concepción,Chiguayante,Numero,"PUENTE LLACOLEN 1, Chiguayante",-36.834211,-73.078969
-12181729.3941801,-3142416.00942149,652,2023,1546134,2023/07/19 00:00:00+00,Julio,19,Miércoles,1899/12/30 00:00:00+00,18:30:00,18,REGION VALPARAISO,ISLA DE PASCUA,COLISION LATERAL,COLISION,URBANA,TRAMO DE VIA CURVA HORIZONTAL,IMPRUDENCIA DEL CONDUCTOR,CONDUCCION NO ATENTO CONDICIONES TRANSITO MOMENTO,TUKI HAKA HEVARI, ,- TUKI HAKA HEVARI,0, , ,BIDIRECCIONAL,ADOQUIN,REGULAR,SECO,DESPEJADO,0,0,0,1,05,052,05201,Valparaíso,Isla de Pascua,Isla de Pascua,Numero,"TUKI HAKA HEVARI 0, Isla de Pascua",-27.151528,-109.430337
-7860935.24043887,-3973070.86986145,653,2023,1504642,2023/01/17 00:00:00+00,Enero,17,Martes,1899/12/30 00:00:00+00,19:00:00,19,REGION METROPOLITANA,LA PINTANA,COLISION,COLISION,URBANA,TRAMO DE VIA RECTA,IMPRUDENCIA DEL CONDUCTOR,CONDUCCION NO ATENTO CONDICIONES TRANSITO MOMENTO,GABRIELA, ,- GABRIELA,3260, , ,BIDIRECCIONAL CON BANDEJON,ASFALTO,BUENO,SECO,DESPEJADO,0,0,0,1,13,131,13112,Metropolitana de Santiago,Santiago,La Pintana,Numero,"GABRIELA 3260, La Pintana",-33.583937,-70.615983
-8071596.31277661,-5044705.55747868,654,2023,1509691,2023/02/07 00:00:00+00,Febrero,7,Martes,1899/12/30 00:00:00+00,17:00:00,17,REGION LOS LAGOS,PUERTO VARAS,COLISION PERPENDICULAR,COLISION,RURAL,CRUCE CON SEÑAL PARE,DESOBEDIENCIA A SEÑALIZACION,SEÑALIZACION DESOBEDECER SEÑAL PARE, , , ,0,V-69,1,BIDIRECCIONAL,ASFALTO,BUENO,SECO,DESPEJADO,0,1,1,0,10,101,10109,Los Lagos,Llanquihue,Puerto Varas,Ruta,V-69 km 1,-41.219051,-72.508383
-8120796.19861994,-5080520.47093623,655,2023,1547854,2023/07/19 00:00:00+00,Julio,19,Miércoles,1899/12/30 00:00:00+00,18:40:00,18,REGION LOS LAGOS,PUERTO MONTT,COLISION LATERAL,COLISION,URBANA,TRAMO DE VIA RECTA,IMPRUDENCIA DEL CONDUCTOR,CONDUCCION SIN MANTENER DISTANCIA RAZONABLE NI PRUDENTE,PARQUE INDUSTRIAL, ,- PARQUE INDUSTRIAL,400, , ,BIDIRECCIONAL CON BANDEJON,CONCRETO,BUENO,SECO,DESPEJADO,0,1,0,0,10,101,10101,Los Lagos,Llanquihue,Puerto Montt,Numero,"PARQUE INDUSTRIAL 400, Puerto Montt",-41.460608,-72.950353
-7879237.87488209,-3954147.5766813,656,2023,1504158,2023/01/17 00:00:00+00,Enero,17,Martes,1899/12/30 00:00:00+00,23:00:00,23,REGION METROPOLITANA,PUDAHUEL,COLISION POR ALCANCE,COLISION,URBANA,TRAMO DE VIA RECTA,IMPRUDENCIA DEL CONDUCTOR,CONDUCCION NO ATENTO CONDICIONES TRANSITO MOMENTO,AMERICO VESPUCIO, ,- AMERICO VESPUCIO,15800, , ,BIDIRECCIONAL,ASFALTO,REGULAR,SECO,DESPEJADO,0,0,0,0,13,131,13124,Metropolitana de Santiago,Santiago,Pudahuel,Numero,"AMERICO VESPUCIO 15800, Pudahuel",-33.442206,-70.780398
-8204718.31701503,-4950867.65127123,657,2023,1510007,2023/02/07 00:00:00+00,Febrero,7,Martes,1899/12/30 00:00:00+00,21:00:00,21,REGION LOS LAGOS,OSORNO,VOLCADURA,VOLCADURA,RURAL,TRAMO DE VIA RECTA,ALCOHOL EN CONDUCTOR,CONDUCCION EN ESTADO DE EBRIEDAD, , , ,0,U-40,55,BIDIRECCIONAL,ASFALTO,BUENO,SECO,DESPEJADO,0,0,0,1,10,103,10301,Los Lagos,Osorno,Osorno,Ruta,U-40 km 55,-40.58191,-73.704239
-7929211.68517298,-4158924.0765594,658,2023,1569715,2023/10/31 00:00:00+00,Octubre,31,Martes,1899/12/30 00:00:00+00,22:08:00,22,REGION MAULE,CURICO,COLISION POR ALCANCE,COLISION,URBANA,CRUCE SIN SEÑALIZACION,IMPRUDENCIA DEL CONDUCTOR,CONDUCCION NO ATENTO CONDICIONES TRANSITO MOMENTO,JUAN LUIS DIEZ, ,- JUAN LUIS DIEZ,2405, , ,BIDIRECCIONAL,ASFALTO,BUENO,SECO,DESPEJADO,0,0,0,0,07,073,07301,Maule,Curicó,Curicó,Numero,"JUAN LUIS DIEZ 2405, Curicó",-34.963515,-71.22932
-7875992.803445,-3964355.90937349,659,2023,1549614,2023/07/19 00:00:00+00,Julio,19,Miércoles,1899/12/30 00:00:00+00,18:40:00,18,REGION METROPOLITANA,MAIPU,COLISION POR ALCANCE,COLISION,URBANA,TRAMO DE VIA RECTA,IMPRUDENCIA DEL CONDUCTOR,CONDUCCION NO ATENTO CONDICIONES TRANSITO MOMENTO,STA MARIA, ,- STA MARIA,951, , ,UNIDIRECCIONAL,CONCRETO,REGULAR,HUMEDO,DESPEJADO,0,0,0,0,13,131,13119,Metropolitana de Santiago,Santiago,Maipú,Numero,"STA MARIA 951, Maipú",-33.518693,-70.751247
-7876613.4174542,-3960859.11592747,660,2023,1504204,2023/01/18 00:00:00+00,Enero,18,Miércoles,1899/12/30 00:00:00+00,15:15:00,15,REGION METROPOLITANA,MAIPU,COLISION LATERAL,COLISION,URBANA,CRUCE CON SEMAFORO FUNCIONANDO,DESOBEDIENCIA A SEÑALIZACION,SEÑALIZACION DESOBEDECER LUZ ROJA DE SEMAFORO,LOS PAJARITOS, ,- LOS PAJARITOS,3490, , ,BIDIRECCIONAL CON BANDEJON,ASFALTO,BUENO,SECO,DESPEJADO,0,0,0,1,13,131,13119,Metropolitana de Santiago,Santiago,Maipú,Numero,"LOS PAJARITOS 3490, Maipú",-33.4925,-70.756822
-7929211.68517298,-4158924.0765594,661,2023,1569804,2023/10/31 00:00:00+00,Octubre,31,Martes,1899/12/30 00:00:00+00,22:08:00,22,REGION MAULE,CURICO,COLISION FRONTAL,COLISION,URBANA,TRAMO DE VIA RECTA,IMPRUDENCIA DEL CONDUCTOR,CONDUCCION NO ATENTO CONDICIONES TRANSITO MOMENTO,JUAN LUIS DIEZ, ,- JUAN LUIS DIEZ,2405, , ,BIDIRECCIONAL,ASFALTO,BUENO,SECO,DESPEJADO,0,0,0,0,07,073,07301,Maule,Curicó,Curicó,Numero,"JUAN LUIS DIEZ 2405, Curicó",-34.963515,-71.22932
-8029827.68654559,-4791113.73861117,662,2023,1510893,2023/02/08 00:00:00+00,Febrero,8,Miércoles,1899/12/30 00:00:00+00,08:30:00,8,REGION ARAUCANIA,VILLARRICA,VOLCADURA,VOLCADURA,RURAL,TRAMO DE VIA RECTA,VELOCIDAD IMPRUDENTE,VELOCIDAD NO RAZONABLE NI PRUDENTE, , , ,0,"S-95-T, T-241, T-243, T-95-S",28,BIDIRECCIONAL,ASFALTO,BUENO,SECO,DESPEJADO,0,0,0,1,09,091,09120,La Araucanía,Cautín,Villarrica,Ruta,"S-95-T, T-241, T-243, T-95-S km 28",-39.483128,-72.133169
-7857004.40492663,-3973412.34789702,663,2023,1547103,2023/07/20 00:00:00+00,Julio,20,Jueves,1899/12/30 00:00:00+00,09:50:00,9,REGION METROPOLITANA,PUENTE ALTO,COLISION LATERAL,COLISION,URBANA,TRAMO DE VIA RECTA,IMPRUDENCIA DEL CONDUCTOR,CONDUCCION NO ATENTO CONDICIONES TRANSITO MOMENTO,CONCHA Y TORO, ,- CONCHA Y TORO,2648, , ,BIDIRECCIONAL,CONCRETO,BUENO,SECO,DESPEJADO,0,1,0,0,13,132,13201,Metropolitana de Santiago,Cordillera,Puente Alto,Numero,"CONCHA Y TORO 2648, Puente Alto",-33.586493,-70.580671
-8140297.65414418,-4404534.77206572,664,2023,1506349,2023/01/19 00:00:00+00,Enero,19,Jueves,1899/12/30 00:00:00+00,10:40:00,10,REGION BIO BIO,TALCAHUANO,VOLCADURA,VOLCADURA,URBANA,TRAMO DE VIA RECTA,VELOCIDAD IMPRUDENTE,VELOCIDAD NO RAZONABLE NI PRUDENTE,GRAN BRETAÑA, ,- GRAN BRETAÑA,2910, , ,BIDIRECCIONAL CON BANDEJON,CONCRETO,BUENO,SECO,DESPEJADO,0,1,0,0,08,081,08110,Biobío,Concepción,Talcahuano,Numero,"GRAN BRETAÑA 2910, Talcahuano",-36.751567,-73.125538
-7929211.68517298,-4158924.0765594,665,2023,1569701,2023/10/31 00:00:00+00,Octubre,31,Martes,1899/12/30 00:00:00+00,22:30:00,22,REGION MAULE,CURICO,COLISION LATERAL,COLISION,URBANA,TRAMO DE VIA RECTA,IMPRUDENCIA DEL CONDUCTOR,CONDUCCION NO ATENTO CONDICIONES TRANSITO MOMENTO,JUAN LUIS DIEZ, ,- JUAN LUIS DIEZ,2405, , ,BIDIRECCIONAL,ASFALTO,BUENO,SECO,DESPEJADO,0,0,0,1,07,073,07301,Maule,Curicó,Curicó,Numero,"JUAN LUIS DIEZ 2405, Curicó",-34.963515,-71.22932
-8038121.41674445,-4448789.23851656,666,2023,1508953,2023/02/08 00:00:00+00,Febrero,8,Miércoles,1899/12/30 00:00:00+00,17:00:00,17,REGION ÑUBLE,YUNGAY,COLISION LATERAL,COLISION,RURAL,TRAMO DE VIA RECTA,IMPRUDENCIA DEL CONDUCTOR,VIRAJES INDEBIDOS, , , ,0,N-901,18,BIDIRECCIONAL,CONCRETO,BUENO,SECO,NUBLADO,0,1,0,2,16,161,16109,Ñuble,Diguillín,Yungay,Ruta,N-901 km 18,-37.069433,-72.207673
-7902080.20839544,-3499679.95792122,667,2023,1547078,2023/07/20 00:00:00+00,Julio,20,Jueves,1899/12/30 00:00:00+00,19:00:00,19,REGION COQUIMBO,VICUÑA,COLISION LATERAL,COLISION,URBANA,TRAMO DE VIA RECTA,VELOCIDAD IMPRUDENTE,VELOCIDAD NO RAZONABLE NI PRUDENTE,CALLEJON MARQUESA, ,- CALLEJON MARQUESA,1, , ,BIDIRECCIONAL,ASFALTO,BUENO,SECO,DESPEJADO,0,0,2,0,04,041,04106,Coquimbo,Elqui,Vicuña,Numero,"CALLEJON MARQUESA 1, Vicuña",-29.969889,-70.985594
-8164447.77520247,-4505977.0432002,668,2023,1504879,2023/01/19 00:00:00+00,Enero,19,Jueves,1899/12/30 00:00:00+00,15:45:00,15,REGION BIO BIO,CURANILAHUE,COLISION POR ALCANCE,COLISION,URBANA,TRAMO DE VIA RECTA,IMPRUDENCIA DEL CONDUCTOR,CONDUCCION SIN MANTENER DISTANCIA RAZONABLE NI PRUDENTE,ARTURO PRAT, ,- ARTURO PRAT,658, , ,BIDIRECCIONAL CON BANDEJON,CONCRETO,BUENO,SECO,DESPEJADO,0,0,0,0,08,082,08205,Biobío,Arauco,Curanilahue,Numero,"ARTURO PRAT 658, Curanilahue",-37.478229,-73.342482
-8122196.39933147,-4395476.70843303,669,2023,1508957,2023/02/08 00:00:00+00,Febrero,8,Miércoles,1899/12/30 00:00:00+00,19:00:00,19,REGION BIO BIO,TOME,VOLCADURA,VOLCADURA,RURAL,TRAMO DE VIA CURVA VERTICAL,IMPRUDENCIA DEL CONDUCTOR,CONDUCCION NO ATENTO CONDICIONES TRANSITO MOMENTO, , , ,0,RUTA 150,16,BIDIRECCIONAL CON BANDEJON,CONCRETO,BUENO,SECO,DESPEJADO,0,1,0,0,08,081,08111,Biobío,Concepción,Tomé,Ruta,RUTA 150 km 16,-36.686343,-72.962932
-8137470.12618723,-4417396.7676416,670,2023,1570861,2023/11/01 00:00:00+00,Noviembre,1,Miércoles,1899/12/30 00:00:00+00,18:00:00,18,REGION BIO BIO,SAN PEDRO DE LA PAZ,COLISION LATERAL,COLISION,URBANA,CRUCE SIN SEÑALIZACION,IMPRUDENCIA DEL CONDUCTOR,NO RESPETAR DERECHO PREFERENTE DE PASO A VEHICULO,LOS AROMOS, ,- LOS AROMOS,1473, , ,UNIDIRECCIONAL,ASFALTO,BUENO,SECO,DESPEJADO,0,0,0,0,08,081,08108,Biobío,Concepción,San Pedro de la Paz,Numero,"LOS AROMOS 1473, San Pedro de la Paz",-36.844087,-73.100138
-7867635.42565936,-3955190.47919986,671,2023,1547318,2023/07/20 00:00:00+00,Julio,20,Jueves,1899/12/30 00:00:00+00,20:50:00,20,REGION METROPOLITANA,SANTIAGO,COLISION,COLISION,URBANA,TRAMO DE VIA RECTA,IMPRUDENCIA DEL CONDUCTOR,CONDUCCION NO ATENTO CONDICIONES TRANSITO MOMENTO,LIBER BERNARDO O'HIGGINS, ,- LIBER BERNARDO O'HIGGINS,3039, , ,UNIDIRECCIONAL,ASFALTO,BUENO,SECO,DESPEJADO,0,0,0,1,13,131,13101,Metropolitana de Santiago,Santiago,Santiago,Numero,"LIBER BERNARDO O'HIGGINS 3039, Santiago",-33.450023,-70.676172
-7929813.26455113,-4161389.19579798,672,2023,1569797,2023/11/02 00:00:00+00,Noviembre,2,Jueves,1899/12/30 00:00:00+00,11:40:00,11,REGION MAULE,CURICO,COLISION POR ALCANCE,COLISION,URBANA,TRAMO DE VIA RECTA,IMPRUDENCIA DEL CONDUCTOR,CONDUCCION NO ATENTO CONDICIONES TRANSITO MOMENTO,MANSO DE VELASCO, ,- MANSO DE VELASCO,847, , ,UNIDIRECCIONAL,ASFALTO,BUENO,SECO,DESPEJADO,0,0,0,1,07,073,07301,Maule,Curicó,Curicó,Numero,"MANSO DE VELASCO 847, Curicó",-34.981661,-71.234725
-7930496.32188172,-3489145.37130318,673,2023,1506947,2023/01/19 00:00:00+00,Enero,19,Jueves,1899/12/30 00:00:00+00,17:20:00,17,REGION COQUIMBO,LA SERENA,COLISION POR ALCANCE,COLISION,URBANA,TRAMO DE VIA RECTA,IMPRUDENCIA DEL CONDUCTOR,CONDUCCION NO ATENTO CONDICIONES TRANSITO MOMENTO,ISLON, ,- ISLON,2991, , ,BIDIRECCIONAL,CONCRETO,BUENO,SECO,DESPEJADO,0,0,0,1,04,041,04101,Coquimbo,Elqui,La Serena,Numero,"ISLON 2991, La Serena",-29.887875,-71.240861
-7923886.90430311,-4156404.23892805,674,2023,1511352,2023/02/09 00:00:00+00,Febrero,9,Jueves,1899/12/30 00:00:00+00,01:20:00,1,REGION MAULE,CURICO,CHOQUE FRONTAL,CHOQUE,RURAL,TRAMO DE VIA RECTA,VELOCIDAD IMPRUDENTE,VELOCIDAD NO RAZONABLE NI PRUDENTE, , , ,0,RUTA 5 SUR,"184,4",BIDIRECCIONAL CON BANDEJON,CONCRETO,BUENO,SECO,DESPEJADO,0,1,0,0,07,073,07301,Maule,Curicó,Curicó,Ruta,"RUTA 5 SUR km 184,4",-34.944962,-71.181487
-7930159.10162581,-3980644.77354429,675,2023,1546559,2023/07/21 00:00:00+00,Julio,21,Viernes,1899/12/30 00:00:00+00,02:00:00,2,REGION METROPOLITANA,MELIPILLA,VOLCADURA,VOLCADURA,RURAL,TRAMO DE VIA CURVA VERTICAL,VELOCIDAD IMPRUDENTE,VELOCIDAD NO RAZONABLE NI PRUDENTE, , , ,0,G-74-F,"5,4",BIDIRECCIONAL,ASFALTO,BUENO,SECO,DESPEJADO,1,0,0,0,13,135,13501,Metropolitana de Santiago,Melipilla,Melipilla,Numero,"G-74-F km 5,4",-33.640599,-71.237831
-7858718.9407107,-3953031.2789091,676,2023,1569786,2023/11/02 00:00:00+00,Noviembre,2,Jueves,1899/12/30 00:00:00+00,16:40:00,16,REGION METROPOLITANA,PROVIDENCIA,COLISION POR ALCANCE,COLISION,URBANA,TRAMO DE VIA RECTA,IMPRUDENCIA DEL CONDUCTOR,CONDUCCION NO ATENTO CONDICIONES TRANSITO MOMENTO,HERNANDO DE AGUIRRE, ,- HERNANDO DE AGUIRRE,1765, , ,UNIDIRECCIONAL,ASFALTO,BUENO,SECO,DESPEJADO,0,0,0,0,13,131,13123,Metropolitana de Santiago,Santiago,Providencia,Numero,"HERNANDO DE AGUIRRE 1765, Providencia",-33.433838,-70.596073
-8089853.05899915,-4553843.13129503,677,2023,1510600,2023/02/09 00:00:00+00,Febrero,9,Jueves,1899/12/30 00:00:00+00,18:15:00,18,REGION ARAUCANIA,ANGOL,COLISION POR ALCANCE,COLISION,RURAL,TRAMO DE VIA RECTA,FALLAS MECANICAS,FALLAS MECANICAS FRENOS, , , ,0,RUTA 182,28,BIDIRECCIONAL,ASFALTO,BUENO,SECO,DESPEJADO,0,0,0,1,09,092,09201,La Araucanía,Malleco,Angol,Ruta,RUTA 182 km 28,-37.818681,-72.672386
-7911880.49625165,-4087981.82231423,678,2023,1504559,2023/01/19 00:00:00+00,Enero,19,Jueves,1899/12/30 00:00:00+00,21:40:00,21,REGION LIB.B.O'HIGGINS,SAN VICENTE,COLISION POR ALCANCE,COLISION,URBANA,CRUCE CON SEMAFORO FUNCIONANDO,ALCOHOL EN CONDUCTOR,CONDUCCION EN ESTADO DE EBRIEDAD,ARTURO PRAT, ,- ARTURO PRAT,500, , ,UNIDIRECCIONAL,ASFALTO,BUENO,SECO,DESPEJADO,0,0,0,1,06,061,06117,Libertador General Bernardo O'Higgins,Cachapoal,San Vicente,Numero,"ARTURO PRAT 500, San Vicente",-34.439588,-71.073632