X,Y,FID,Año,IdAccident,Fecha,Mes,Dia_mes,Dia_semana,Hora,Hora_texto,Hora_aprox,Región,Comuna,Tipo_Accid,Tipo__CONA,Zona,Ubicación,Causa__CON,Causa_Acci,Calle_Uno,Calle_Dos,Intersecci,Número,Ruta,Ubicaci_1,Calzada,Tipo_Calza,Estado_Cal,Condición,Estado_Atm,Fallecidos,Graves,Menos_Grav,Leves,CUT_REG,CUT_PROV,CUT_COM,REGION,PROVINCIA,COMUNA1,Tipo_direc,Direccion,Lat,Lon
-8125146.95235762,-5059211.96546606,679,2023,1509837,2023/02/10 00:00:00+00,Febrero,10,Viernes,1899/12/30 00:00:00+00,09:00:00,9,REGION LOS LAGOS,PUERTO VARAS,COLISION PERPENDICULAR,COLISION,RURAL,CRUCE CON SEÑAL PARE,DESOBEDIENCIA A SEÑALIZACION,SEÑALIZACION DESOBEDECER SEÑAL PARE, , , ,0,"V-55, 225 CH","1,7",BIDIRECCIONAL,ASFALTO,BUENO,SECO,DESPEJADO,0,1,0,1,10,101,10109,Los Lagos,Llanquihue,Puerto Varas,Ruta,"V-55, 225 CH km 1,7",-41.316999,-72.989437
-7964316.84032006,-3900148.18361618,680,2023,1552029,2023/07/21 00:00:00+00,Julio,21,Viernes,1899/12/30 00:00:00+00,11:00:00,11,REGION VALPARAISO,VIÑA DEL MAR,COLISION,COLISION,URBANA,TRAMO DE VIA RECTA,IMPRUDENCIA DEL CONDUCTOR,CONDUCCION NO ATENTO CONDICIONES TRANSITO MOMENTO,BLANCA VERGARA, ,- BLANCA VERGARA,1550, , ,BIDIRECCIONAL,CONCRETO,BUENO,SECO,DESPEJADO,0,0,0,0,05,051,05109,Valparaíso,Valparaíso,Viña del Mar,Numero,"BLANCA VERGARA 1550, Viña del Mar",-33.036488,-71.544675
-7857133.48745707,-3972257.45200721,681,2023,1569452,2023/11/03 00:00:00+00,Noviembre,3,Viernes,1899/12/30 00:00:00+00,08:00:00,8,REGION METROPOLITANA,PUENTE ALTO,COLISION LATERAL,COLISION,URBANA,TRAMO DE VIA RECTA,IMPRUDENCIA DEL CONDUCTOR,CONDUCCION NO ATENTO CONDICIONES TRANSITO MOMENTO,CONCHA Y TORO, ,- CONCHA Y TORO,3459, , ,BIDIRECCIONAL,CONCRETO,BUENO,SECO,DESPEJADO,0,1,0,1,13,132,13201,Metropolitana de Santiago,Cordillera,Puente Alto,Numero,"CONCHA Y TORO 3459, Puente Alto",-33.57785,-70.581831
-8085118.84578339,-4680567.20998818,682,2023,1546253,2023/07/21 00:00:00+00,Julio,21,Viernes,1899/12/30 00:00:00+00,12:00:00,12,REGION ARAUCANIA,TEMUCO,VOLCADURA,VOLCADURA,URBANA,TRAMO DE VIA RECTA,VELOCIDAD IMPRUDENTE,VELOCIDAD NO RAZONABLE NI PRUDENTE,SECTOR TROMEN MALLIN, ,- SECTOR TROMEN MALLIN,7, , ,BIDIRECCIONAL,TIERRA,MALO, ,LLUVIA,0,0,0,1,09,091,09101,La Araucanía,Cautín,Temuco,Numero,"SECTOR TROMEN MALLIN 7, Temuco",-38.71246,-72.629858
-7828331.52015517,-2093541.453862,683,2023,1508889,2023/01/19 00:00:00+00,Enero,19,Jueves,1899/12/30 00:00:00+00,23:30:00,23,REGION ARICA Y PARINACOTA,ARICA,COLISION LATERAL,COLISION,URBANA,TRAMO DE VIA RECTA,ALCOHOL EN CONDUCTOR,CONDUCCION EN ESTADO DE EBRIEDAD,COMANDANTE SAN MARTIN, ,- COMANDANTE SAN MARTIN,55, , ,BIDIRECCIONAL CON BANDEJON,ASFALTO,BUENO,SECO,DESPEJADO,0,1,0,1,15,151,15101,Arica y Parinacota,Arica,Arica,Numero,"COMANDANTE SAN MARTIN 55, Arica",-18.477721,-70.323099
-8135627.14309514,-4908964.0892027,684,2023,1570749,2023/11/03 00:00:00+00,Noviembre,3,Viernes,1899/12/30 00:00:00+00,13:20:00,13,REGION DE LOS RIOS,LA UNION,CHOQUE FRONTAL,CHOQUE,URBANA,TRAMO DE VIA RECTA,IMPRUDENCIA DEL CONDUCTOR,CONDUCCION NO ATENTO CONDICIONES TRANSITO MOMENTO,CAYETANO LETELIER, ,- CAYETANO LETELIER,287, , ,BIDIRECCIONAL,CONCRETO,BUENO,SECO,DESPEJADO,0,1,0,0,14,142,14201,Los Ríos,Ranco,La Unión,Numero,"CAYETANO LETELIER 287, La Unión",-40.295412,-73.083582
-7930573.60137505,-4153050.42568978,685,2023,1511845,2023/02/10 00:00:00+00,Febrero,10,Viernes,1899/12/30 00:00:00+00,15:50:00,15,REGION MAULE,CURICO,CHOQUE FRONTAL,CHOQUE,RURAL,TRAMO DE VIA RECTA,DEFICIENCIAS VIALES,ANIMALES SUELTOS VIA PUBLICA, , , ,0,J-580,3,BIDIRECCIONAL,ASFALTO,BUENO,SECO,DESPEJADO,0,1,0,0,07,073,07301,Maule,Curicó,Curicó,Ruta,J-580 km 3,-34.920263,-71.241555
-7836741.80093694,-2710589.13462283,686,2023,1547098,2023/07/22 00:00:00+00,Julio,22,Sábado,1899/12/30 00:00:00+00,12:00:00,12,REGION ANTOFAGASTA,ANTOFAGASTA,CHOQUE LADO/LADO,CHOQUE,URBANA,TRAMO DE VIA RECTA,IMPRUDENCIA DEL CONDUCTOR,CONDUCCION NO ATENTO CONDICIONES TRANSITO MOMENTO,GENERAL MANUEL BAQUEDANO, ,- GENERAL MANUEL BAQUEDANO,445, , ,UNIDIRECCIONAL,ASFALTO,BUENO,SECO,DESPEJADO,0,0,0,0,02,021,02101,Antofagasta,Antofagasta,Antofagasta,Numero,"GENERAL MANUEL BAQUEDANO 445, Antofagasta",-23.648127,-70.398649
-7963998.9195354,-3901520.38201906,687,2023,1504889,2023/01/20 00:00:00+00,Enero,20,Viernes,1899/12/30 00:00:00+00,11:20:00,11,REGION VALPARAISO,VIÑA DEL MAR,CHOQUE FRONTAL,CHOQUE,URBANA,TRAMO DE VIA CURVA VERTICAL,VELOCIDAD IMPRUDENTE,VELOCIDAD NO RAZONABLE NI PRUDENTE,ABRAHAM LINCOLN, ,- ABRAHAM LINCOLN,19, , ,UNIDIRECCIONAL,ASFALTO,BUENO,SECO,DESPEJADO,1,0,0,0,05,051,05109,Valparaíso,Valparaíso,Viña del Mar,Numero,"ABRAHAM LINCOLN 19, Viña del Mar",-33.046821,-71.54182
-8093701.17538001,-4780345.40368532,688,2023,1509328,2023/02/10 00:00:00+00,Febrero,10,Viernes,1899/12/30 00:00:00+00,16:00:00,16,REGION ARAUCANIA,LONCOCHE,VOLCADURA,VOLCADURA,RURAL,TRAMO DE VIA RECTA,VELOCIDAD IMPRUDENTE,VELOCIDAD NO RAZONABLE NI PRUDENTE, , , ,0,RUTA 5 SUR,763,BIDIRECCIONAL,ASFALTO,BUENO,SECO,DESPEJADO,0,0,0,2,09,091,09109,La Araucanía,Cautín,Loncoche,Ruta,RUTA 5 SUR km 763,-39.408428,-72.706955
-7860347.2152106,-3964246.44317738,689,2023,1570880,2023/11/03 00:00:00+00,Noviembre,3,Viernes,1899/12/30 00:00:00+00,13:30:00,13,REGION METROPOLITANA,LA FLORIDA,COLISION PERPENDICULAR,COLISION,URBANA,TRAMO DE VIA RECTA,IMPRUDENCIA DEL CONDUCTOR,NO RESPETAR DERECHO PREFERENTE DE PASO A VEHICULO,PUNTA ARENAS, ,- PUNTA ARENAS,6600, , ,BIDIRECCIONAL,ASFALTO,BUENO,SECO,DESPEJADO,0,1,0,0,13,131,13110,Metropolitana de Santiago,Santiago,La Florida,Numero,"PUNTA ARENAS 6600, La Florida",-33.517873,-70.6107
-7949523.31550207,-3810313.51353471,690,2023,1509218,2023/02/10 00:00:00+00,Febrero,10,Viernes,1899/12/30 00:00:00+00,18:10:00,18,REGION VALPARAISO,LA LIGUA,COLISION,COLISION,RURAL,TRAMO DE VIA RECTA,IMPRUDENCIA DEL CONDUCTOR,CONDUCCION NO ATENTO CONDICIONES TRANSITO MOMENTO, , , ,0,RUTA 5 NORTE,166,BIDIRECCIONAL CON BANDEJON,ASFALTO,BUENO,SECO,DESPEJADO,0,0,0,1,05,054,05401,Valparaíso,Petorca,La Ligua,Ruta,RUTA 5 NORTE km 166,-32.357374,-71.411783
-7964176.05088651,-3891853.97587405,691,2023,1552078,2023/07/22 00:00:00+00,Julio,22,Sábado,1899/12/30 00:00:00+00,20:30:00,20,REGION VALPARAISO,VIÑA DEL MAR,COLISION FRONTAL,COLISION,URBANA,TRAMO DE VIA CURVA HORIZONTAL,IMPRUDENCIA DEL CONDUCTOR,CONDUCCION NO ATENTO CONDICIONES TRANSITO MOMENTO,JARDIN DEL MAR, ,- JARDIN DEL MAR,250, , ,BIDIRECCIONAL,ASFALTO,REGULAR,HUMEDO,DESPEJADO,0,1,0,0,05,051,05109,Valparaíso,Valparaíso,Viña del Mar,Numero,"JARDIN DEL MAR 250, Viña del Mar",-32.974004,-71.543411
-8138536.97400441,-4948070.30986304,692,2023,1511327,2023/02/10 00:00:00+00,Febrero,10,Viernes,1899/12/30 00:00:00+00,19:30:00,19,REGION LOS LAGOS,OSORNO,COLISION,COLISION,RURAL,CRUCE CON SEÑAL CEDA EL PASO,VELOCIDAD IMPRUDENTE,VELOCIDAD NO RAZONABLE NI PRUDENTE, , , ,0,U-150,1,BIDIRECCIONAL,CONCRETO,BUENO,SECO,DESPEJADO,0,0,0,1,10,103,10301,Los Lagos,Osorno,Osorno,Ruta,U-150 km 1,-40.562822,-73.109722
-8052858.03670854,-4502403.29595605,693,2023,1506422,2023/01/20 00:00:00+00,Enero,20,Viernes,1899/12/30 00:00:00+00,17:15:00,17,REGION BIO BIO,LOS ANGELES,VOLCADURA,VOLCADURA,URBANA,TRAMO DE VIA RECTA,IMPRUDENCIA DEL CONDUCTOR,CONDUCCION NO ATENTO CONDICIONES TRANSITO MOMENTO,ORIENTE, ,- ORIENTE,2016, , ,BIDIRECCIONAL,CONCRETO,BUENO,SECO,DESPEJADO,0,1,0,0,08,083,08301,Biobío,Biobío,Los Angeles,Numero,"ORIENTE 2016, Los Angeles",-37.452748,-72.340055
-7857622.83094011,-3961969.54493282,694,2023,1571209,2023/11/03 00:00:00+00,Noviembre,3,Viernes,1899/12/30 00:00:00+00,15:54:00,15,REGION METROPOLITANA,LAS CONDES,COLISION POR ALCANCE,COLISION,URBANA,TRAMO DE VIA RECTA,IMPRUDENCIA DEL CONDUCTOR,CONDUCCION SIN MANTENER DISTANCIA RAZONABLE NI PRUDENTE,PDTE KENNEDY, ,- PDTE KENNEDY,2500, , ,BIDIRECCIONAL CON BANDEJON,ASFALTO,BUENO,SECO,DESPEJADO,0,0,0,1,13,131,13114,Metropolitana de Santiago,Santiago,Las Condes,Numero,"PDTE KENNEDY 2500, Las Condes",-33.500819,-70.586227
-7859106.17514404,-3873490.12888911,695,2023,1546320,2023/07/22 00:00:00+00,Julio,22,Sábado,1899/12/30 00:00:00+00,20:50:00,20,REGION VALPARAISO,LOS ANDES,COLISION PERPENDICULAR,COLISION,URBANA,TRAMO DE VIA RECTA,ALCOHOL EN CONDUCTOR,CONDUCCION EN ESTADO DE EBRIEDAD,SANTA ROSA, ,- SANTA ROSA,538, , ,UNIDIRECCIONAL,ASFALTO,BUENO,SECO,DESPEJADO,0,0,0,1,05,053,05301,Valparaíso,Los Andes,Los Andes,Numero,"SANTA ROSA 538, Los Andes",-32.835504,-70.599552
-8086832.76010414,-4719161.01355133,696,2023,1504962,2023/01/20 00:00:00+00,Enero,20,Viernes,1899/12/30 00:00:00+00,22:10:00,22,REGION ARAUCANIA,PITRUFQUEN,COLISION POR ALCANCE,COLISION,URBANA,TRAMO DE VIA RECTA,IMPRUDENCIA DEL CONDUCTOR,CONDUCCION NO ATENTO CONDICIONES TRANSITO MOMENTO,CASANOVA, ,- CASANOVA,760, , ,BIDIRECCIONAL,CONCRETO,BUENO,SECO,DESPEJADO,0,0,0,1,09,091,09114,La Araucanía,Cautín,Pitrufquén,Numero,"CASANOVA 760, Pitrufquén",-38.982471,-72.645255
-7961109.57076678,-3894711.22819755,697,2023,1570860,2023/11/03 00:00:00+00,Noviembre,3,Viernes,1899/12/30 00:00:00+00,19:35:00,19,REGION VALPARAISO,VIÑA DEL MAR,CHOQUE FRENTE/LADO,CHOQUE,URBANA,TRAMO DE VIA RECTA,IMPRUDENCIA DEL CONDUCTOR,CONDUCCION NO ATENTO CONDICIONES TRANSITO MOMENTO,PACIFICO, ,- PACIFICO,4409, , ,BIDIRECCIONAL,CONCRETO,BUENO,SECO,DESPEJADO,0,0,0,1,05,051,05109,Valparaíso,Valparaíso,Viña del Mar,Numero,"PACIFICO 4409, Viña del Mar",-32.995534,-71.515864
-7934425.01302434,-4150551.30648601,698,2023,1511842,2023/02/10 00:00:00+00,Febrero,10,Viernes,1899/12/30 00:00:00+00,19:30:00,19,REGION MAULE,RAUCO,COLISION LATERAL,COLISION,RURAL,TRAMO DE VIA RECTA,IMPRUDENCIA DEL CONDUCTOR,CONDUCCION NO ATENTO CONDICIONES TRANSITO MOMENTO, , , ,0,J-40,17,BIDIRECCIONAL,ASFALTO,BUENO,SECO,DESPEJADO,0,2,0,0,07,073,07305,Maule,Curicó,Rauco,Ruta,J-40 km 17,-34.901853,-71.276153
-7970432.57147494,-4279507.74109627,699,2023,1505258,2023/01/21 00:00:00+00,Enero,21,Sábado,1899/12/30 00:00:00+00,02:30:00,2,REGION MAULE,LINARES,COLISION POR ALCANCE,COLISION,URBANA,TRAMO DE VIA RECTA,ALCOHOL EN CONDUCTOR,CONDUCCION EN ESTADO DE EBRIEDAD,CORONEL DE ARTILLERIA, ,- CORONEL DE ARTILLERIA,1282, , ,BIDIRECCIONAL,ASFALTO,BUENO,SECO,DESPEJADO,0,1,0,0,07,074,07401,Maule,Linares,Linares,Numero,"CORONEL DE ARTILLERIA 1282, Linares",-35.846407,-71.599614
-7870289.19592482,-3951916.56773163,700,2023,1546890,2023/07/23 00:00:00+00,Julio,23,Domingo,1899/12/30 00:00:00+00,06:50:00,6,REGION METROPOLITANA,QUINTA NORMAL,COLISION LATERAL,COLISION,URBANA,TRAMO DE VIA RECTA,IMPRUDENCIA DEL CONDUCTOR,CONDUCCION SIN MANTENER DISTANCIA RAZONABLE NI PRUDENTE,SALVADOR GUTIERREZ, ,- SALVADOR GUTIERREZ,4788, , ,BIDIRECCIONAL,ASFALTO,REGULAR,SECO,DESPEJADO,0,1,0,1,13,131,13126,Metropolitana de Santiago,Santiago,Quinta Normal,Numero,"SALVADOR GUTIERREZ 4788, Quinta Normal",-33.425481,-70.700011
-8032250.06708221,-4385545.67770797,701,2023,1514018,2023/02/10 00:00:00+00,Febrero,10,Viernes,1899/12/30 00:00:00+00,22:05:00,22,REGION ÑUBLE,CHILLAN VIEJO,COLISION POR ALCANCE,COLISION,RURAL,TRAMO DE VIA RECTA,IMPRUDENCIA DEL CONDUCTOR,CONDUCCION NO ATENTO CONDICIONES TRANSITO MOMENTO, , , ,0,RUTA 5 SUR,406,BIDIRECCIONAL,ASFALTO,BUENO,SECO,DESPEJADO,0,0,0,1,16,161,16103,Ñuble,Diguillín,Chillán Viejo,Ruta,RUTA 5 SUR km 406,-36.614769,-72.15493
-8139344.26117053,-4400819.21787305,702,2023,1572027,2023/11/04 00:00:00+00,Noviembre,4,Sábado,1899/12/30 00:00:00+00,10:30:00,10,REGION BIO BIO,TALCAHUANO,COLISION LATERAL,COLISION,URBANA,TRAMO DE VIA RECTA,IMPRUDENCIA DEL CONDUCTOR,CONDUCCION CAMBIAR SORPRESIVAMENTE PISTA CIRCULACION,CRISTOBAL COLON, ,- CRISTOBAL COLON,2648, , ,BIDIRECCIONAL CON BANDEJON,CONCRETO,BUENO,SECO,DESPEJADO,0,0,1,0,08,081,08110,Biobío,Concepción,Talcahuano,Numero,"CRISTOBAL COLON 2648, Talcahuano",-36.724819,-73.116974
-7949290.14035332,-3903730.64643967,703,2023,1505041,2023/01/21 00:00:00+00,Enero,21,Sábado,1899/12/30 00:00:00+00,11:30:00,11,REGION VALPARAISO,QUILPUE,COLISION,COLISION,URBANA,OTROS NO CONSIDERADOS,IMPRUDENCIA DEL CONDUCTOR,CONDUCCION NO ATENTO CONDICIONES TRANSITO MOMENTO,LAS LOMAS, ,- LAS LOMAS,1187, , ,BIDIRECCIONAL,CONCRETO,BUENO,SECO,DESPEJADO,0,0,0,1,05,058,05801,Valparaíso,Marga Marga,Quilpué,Numero,"LAS LOMAS 1187, Quilpué",-33.063463,-71.409688
-7968323.91743834,-3898927.52040454,704,2023,1548280,2023/07/23 00:00:00+00,Julio,23,Domingo,1899/12/30 00:00:00+00,14:35:00,14,REGION VALPARAISO,VIÑA DEL MAR,CHOQUE FRONTAL,CHOQUE,URBANA,TRAMO DE VIA RECTA,VELOCIDAD IMPRUDENTE,VELOCIDAD NO RAZONABLE NI PRUDENTE,ESPAÑA, ,- ESPAÑA,1751, , ,UNIDIRECCIONAL,CONCRETO,BUENO,SECO,DESPEJADO,0,0,0,1,05,051,05109,Valparaíso,Valparaíso,Viña del Mar,Numero,"ESPAÑA 1751, Viña del Mar",-33.027295,-71.580672
-8136363.49399742,-4405317.53175733,705,2023,1506346,2023/01/21 00:00:00+00,Enero,21,Sábado,1899/12/30 00:00:00+00,12:00:00,12,REGION BIO BIO,TALCAHUANO,CHOQUE FRENTE/POSTERIOR,CHOQUE,URBANA,TRAMO DE VIA RECTA,IMPRUDENCIA DEL CONDUCTOR,CONDUCCION NO ATENTO CONDICIONES TRANSITO MOMENTO,LAS LILAS, ,- LAS LILAS,16, , ,BIDIRECCIONAL,CONCRETO,BUENO,SECO,DESPEJADO,0,0,0,0,08,081,08110,Biobío,Concepción,Talcahuano,Numero,"LAS LILAS 16, Talcahuano",-36.757201,-73.090197
-8090675.63001966,-4553248.61699048,706,2023,1569298,2023/11/04 00:00:00+00,Noviembre,4,Sábado,1899/12/30 00:00:00+00,13:00:00,13,REGION ARAUCANIA,ANGOL,COLISION FRONTAL,COLISION,URBANA,TRAMO DE VIA RECTA,ALCOHOL EN CONDUCTOR,CONDUCCION EN ESTADO DE EBRIEDAD,JERUSALEN, ,- JERUSALEN,48, , ,BIDIRECCIONAL,CONCRETO,BUENO,SECO,DESPEJADO,0,0,0,1,09,092,09201,La Araucanía,Malleco,Angol,Numero,"JERUSALEN 48, Angol",-37.814462,-72.679776
-8132636.36562815,-4411186.94048577,707,2023,1513262,2023/02/11 00:00:00+00,Febrero,11,Sábado,1899/12/30 00:00:00+00,13:20:00,13,REGION BIO BIO,TALCAHUANO,COLISION POR ALCANCE,COLISION,RURAL,TRAMO DE VIA RECTA,IMPRUDENCIA DEL CONDUCTOR,CONDUCCION SIN MANTENER DISTANCIA RAZONABLE NI PRUDENTE, , , ,0,RUTA 154,"3,1",BIDIRECCIONAL CON BANDEJON,CONCRETO,BUENO,SECO,DESPEJADO,0,1,0,0,08,081,08110,Biobío,Concepción,Talcahuano,Ruta,"RUTA 154 km 3,1",-36.799432,-73.056715
-7856670.33782869,-3947053.32916978,708,2023,1548118,2023/07/23 00:00:00+00,Julio,23,Domingo,1899/12/30 00:00:00+00,16:14:00,16,REGION METROPOLITANA,VITACURA,COLISION LATERAL,COLISION,URBANA,CRUCE CON SEMAFORO FUNCIONANDO,IMPRUDENCIA DEL CONDUCTOR,CONDUCCION NO ATENTO CONDICIONES TRANSITO MOMENTO,LUIS PASTEUR, ,- LUIS PASTEUR,5875, , ,BIDIRECCIONAL,ASFALTO,BUENO,SECO,DESPEJADO,0,0,0,1,13,131,13132,Metropolitana de Santiago,Santiago,Vitacura,Numero,"LUIS PASTEUR 5875, Vitacura",-33.389012,-70.57767
-7891167.34079394,-7010874.62734372,709,2023,1505004,2023/01/22 00:00:00+00,Enero,22,Domingo,1899/12/30 00:00:00+00,06:50:00,6,REGION MAGALLANES Y ANTARTICA CHILENA,PUNTA ARENAS,VOLCADURA,VOLCADURA,URBANA,TRAMO DE VIA RECTA,ALCOHOL EN CONDUCTOR,CONDUCCION BAJO LA INFLUENCIA DEL ALCOHOL,PRESIDENTE JORGE MONTT, ,- PRESIDENTE JORGE MONTT,525, , ,BIDIRECCIONAL,ASFALTO,REGULAR,SECO,DESPEJADO,0,0,0,1,12,121,12101,Magallanes y de la Antártica Chilena,Magallanes,Punta Arenas,Numero,"PRESIDENTE JORGE MONTT 525, Punta Arenas",-53.150444,-70.887562
-7868355.37157527,-3877097.39457746,710,2023,1511074,2023/02/11 00:00:00+00,Febrero,11,Sábado,1899/12/30 00:00:00+00,15:20:00,15,REGION VALPARAISO,SAN FELIPE,COLISION POR ALCANCE,COLISION,RURAL,TRAMO DE VIA RECTA,IMPRUDENCIA DEL CONDUCTOR,CONDUCCION NO ATENTO CONDICIONES TRANSITO MOMENTO, , , ,0,E-89,4,BIDIRECCIONAL,ASFALTO,BUENO,SECO,DESPEJADO,0,1,0,0,05,057,05701,Valparaíso,San Felipe de Aconcagua,San Felipe,Ruta,E-89 km 4,-32.862727,-70.682639
-7870664.04019826,-3993228.7624511,711,2023,1582853,2023/11/04 00:00:00+00,Noviembre,4,Sábado,1899/12/30 00:00:00+00,14:00:00,14,REGION METROPOLITANA,BUIN,VOLCADURA,VOLCADURA,RURAL,TRAMO DE VIA RECTA,VELOCIDAD IMPRUDENTE,VELOCIDAD NO RAZONABLE NI PRUDENTE,CAMINO BUIN ALTO JAHUEL, ,- CAMINO BUIN ALTO JAHUEL,0, , ,BIDIRECCIONAL,ASFALTO,BUENO,SECO,DESPEJADO,0,0,1,0,13,134,13402,Metropolitana de Santiago,Maipo,Buin,Numero,"CAMINO BUIN ALTO JAHUEL 0, Buin",-33.73466,-70.703378
-8135668.40726002,-4410256.87638629,712,2023,1546883,2023/07/24 00:00:00+00,Julio,24,Lunes,1899/12/30 00:00:00+00,10:00:00,10,REGION BIO BIO,HUALPEN,VOLCADURA,VOLCADURA,URBANA,TRAMO DE VIA RECTA,VELOCIDAD IMPRUDENTE,VELOCIDAD MAYOR QUE MAXIMA PERMITIDA,ARTEAGA ALEMPARTE, ,- ARTEAGA ALEMPARTE,8037, , ,BIDIRECCIONAL,CONCRETO,BUENO,SECO,DESPEJADO,0,1,0,0,08,081,08112,Biobío,Concepción,Hualpén,Numero,"ARTEAGA ALEMPARTE 8037, Hualpén",-36.792742,-73.083953
-8025442.90419842,-4423466.58642333,713,2023,1509598,2023/02/11 00:00:00+00,Febrero,11,Sábado,1899/12/30 00:00:00+00,18:30:00,18,REGION ÑUBLE,SAN IGNACIO,VOLCADURA,VOLCADURA,RURAL,TRAMO DE VIA RECTA,IMPRUDENCIA DEL CONDUCTOR,CONDUCCION NO ATENTO CONDICIONES TRANSITO MOMENTO, , , ,0,"N-59, Q-33-N",32,BIDIRECCIONAL,ASFALTO,BUENO,SECO,DESPEJADO,0,1,1,0,16,161,16108,Ñuble,Diguillín,San Ignacio,Ruta,"N-59, Q-33-N km 32",-36.88771,-72.09378
-7870518.09053858,-3933255.39855829,714,2023,1507099,2023/01/22 00:00:00+00,Enero,22,Domingo,1899/12/30 00:00:00+00,13:30:00,13,REGION METROPOLITANA,COLINA,COLISION POR ALCANCE,COLISION,URBANA,ROTONDA,IMPRUDENCIA DEL CONDUCTOR,CONDUCCION SIN MANTENER DISTANCIA RAZONABLE NI PRUDENTE,CHICUREO, ,- CHICUREO,0, , ,UNIDIRECCIONAL,ASFALTO,BUENO,SECO,DESPEJADO,0,0,0,1,13,133,13301,Metropolitana de Santiago,Chacabuco,Colina,Numero,"CHICUREO 0, Colina",-33.285459,-70.702067
-7924948.19913673,-3580612.5212388,715,2023,1569561,2023/11/04 00:00:00+00,Noviembre,4,Sábado,1899/12/30 00:00:00+00,15:00:00,15,REGION COQUIMBO,OVALLE,COLISION,COLISION,URBANA,TRAMO DE VIA RECTA,IMPRUDENCIA DEL CONDUCTOR,CONDUCCION POR IZQUIERDA EJE CALZADA,LA FERIA, ,- LA FERIA,556, , ,BIDIRECCIONAL,ASFALTO,REGULAR,SECO,DESPEJADO,0,0,1,0,04,043,04301,Coquimbo,Limarí,Ovalle,Numero,"LA FERIA 556, Ovalle",-30.597702,-71.191021
-7948346.33516043,-3937468.03725959,716,2023,1547229,2023/07/24 00:00:00+00,Julio,24,Lunes,1899/12/30 00:00:00+00,13:00:00,13,REGION VALPARAISO,CASABLANCA,COLISION FRONTAL,COLISION,URBANA,CRUCE CON SEÑAL CEDA EL PASO,IMPRUDENCIA DEL CONDUCTOR,ADELANTAMIENTO SIN EL ESPACIO O TIEMPO SUFICIENTE,ARTURO PRAT, ,- ARTURO PRAT,498, , ,BIDIRECCIONAL,CONCRETO,BUENO,SECO,DESPEJADO,0,0,0,1,05,051,05102,Valparaíso,Valparaíso,Casablanca,Numero,"ARTURO PRAT 498, Casablanca",-33.317087,-71.40121
-7912765.14828201,-4080540.93106797,717,2023,1504984,2023/01/23 00:00:00+00,Enero,23,Lunes,1899/12/30 00:00:00+00,11:25:00,11,REGION LIB.B.O'HIGGINS,SAN VICENTE,COLISION POR ALCANCE,COLISION,URBANA,TRAMO DE VIA RECTA,ALCOHOL EN CONDUCTOR,CONDUCCION EN ESTADO DE EBRIEDAD,TUNCA ARRIBA, ,- TUNCA ARRIBA,131, , ,BIDIRECCIONAL,CONCRETO,BUENO,SECO,DESPEJADO,0,0,0,1,06,061,06117,Libertador General Bernardo O'Higgins,Cachapoal,San Vicente,Numero,"TUNCA ARRIBA 131, San Vicente",-34.384443,-71.081579
-7960670.06709031,-3885907.94097757,718,2023,1511147,2023/02/11 00:00:00+00,Febrero,11,Sábado,1899/12/30 00:00:00+00,21:19:00,21,REGION VALPARAISO,CONCON,COLISION,COLISION,RURAL,TRAMO DE VIA RECTA,ALCOHOL EN CONDUCTOR,CONDUCCION BAJO LA INFLUENCIA DEL ALCOHOL, , , ,0,F-30-E,79,BIDIRECCIONAL,ASFALTO,BUENO,SECO,DESPEJADO,0,0,0,1,05,051,05103,Valparaíso,Valparaíso,Concón,Ruta,F-30-E km 79,-32.929183,-71.511916
-7851404.29640245,-3945895.056392,719,2023,1572764,2023/11/04 00:00:00+00,Noviembre,4,Sábado,1899/12/30 00:00:00+00,15:30:00,15,REGION METROPOLITANA,VITACURA,COLISION LATERAL,COLISION,URBANA,TRAMO DE VIA RECTA,IMPRUDENCIA DEL CONDUCTOR,CONDUCCION SIN MANTENER DISTANCIA RAZONABLE NI PRUDENTE,LAS CONDES, ,- LAS CONDES,10912, , ,BIDIRECCIONAL CON BANDEJON,ASFALTO,BUENO,SECO,DESPEJADO,0,1,0,0,13,131,13132,Metropolitana de Santiago,Santiago,Vitacura,Numero,"LAS CONDES 10912, Vitacura",-33.380324,-70.530365
-7873923.33749817,-3957354.18669772,720,2023,1548942,2023/07/24 00:00:00+00,Julio,24,Lunes,1899/12/30 00:00:00+00,17:40:00,17,REGION METROPOLITANA,MAIPU,VOLCADURA,VOLCADURA,URBANA,TRAMO DE VIA RECTA,IMPRUDENCIA DEL CONDUCTOR,CONDUCCION NO ATENTO CONDICIONES TRANSITO MOMENTO,LOS PAJARITOS, ,- LOS PAJARITOS,1660, , ,BIDIRECCIONAL CON BANDEJON,ASFALTO,BUENO,SECO,DESPEJADO,0,1,0,0,13,131,13119,Metropolitana de Santiago,Santiago,Maipú,Numero,"LOS PAJARITOS 1660, Maipú",-33.466239,-70.732657
-8023678.17264144,-4384043.41240209,721,2023,1505038,2023/01/23 00:00:00+00,Enero,23,Lunes,1899/12/30 00:00:00+00,15:30:00,15,REGION ÑUBLE,CHILLAN,COLISION PERPENDICULAR,COLISION,URBANA,CRUCE CON SEÑAL PARE,IMPRUDENCIA DEL CONDUCTOR,NO RESPETAR DERECHO PREFERENTE DE PASO A VEHICULO,ANDRES BELLO, ,- ANDRES BELLO,720, , ,BIDIRECCIONAL,CONCRETO,BUENO,SECO,DESPEJADO,0,0,0,1,16,161,16101,Ñuble,Diguillín,Chillán,Numero,"ANDRES BELLO 720, Chillán",-36.603936,-72.077927