X,Y,FID,Año,IdAccident,Fecha,Mes,Dia_mes,Dia_semana,Hora,Hora_texto,Hora_aprox,Región,Comuna,Tipo_Accid,Tipo__CONA,Zona,Ubicación,Causa__CON,Causa_Acci,Calle_Uno,Calle_Dos,Intersecci,Número,Ruta,Ubicaci_1,Calzada,Tipo_Calza,Estado_Cal,Condición,Estado_Atm,Fallecidos,Graves,Menos_Grav,Leves,CUT_REG,CUT_PROV,CUT_COM,REGION,PROVINCIA,COMUNA1,Tipo_direc,Direccion,Lat,Lon
-7868906.82682573,-3953438.41512849,722,2023,1546911,2023/07/24 00:00:00+00,Julio,24,Lunes,1899/12/30 00:00:00+00,20:00:00,20,REGION METROPOLITANA,QUINTA NORMAL,COLISION POR ALCANCE,COLISION,URBANA,TRAMO DE VIA RECTA,IMPRUDENCIA DEL CONDUCTOR,CONDUCCION SIN MANTENER DISTANCIA RAZONABLE NI PRUDENTE,SAN PABLO, ,- SAN PABLO,3823, , ,BIDIRECCIONAL,ASFALTO,REGULAR,SECO,DESPEJADO,0,0,0,1,13,131,13126,Metropolitana de Santiago,Santiago,Quinta Normal,Numero,"SAN PABLO 3823, Quinta Normal",-33.43689,-70.687593
-7933514.77991971,-4176228.17158516,723,2023,1509387,2023/02/11 00:00:00+00,Febrero,11,Sábado,1899/12/30 00:00:00+00,22:10:00,22,REGION MAULE,SAN CLEMENTE,COLISION POR ALCANCE,COLISION,RURAL,TRAMO DE VIA RECTA,IMPRUDENCIA DEL CONDUCTOR,CONDUCCION NO ATENTO CONDICIONES TRANSITO MOMENTO, , , ,0,"K-15, K-25, K-55",60,BIDIRECCIONAL,ASFALTO,BUENO,SECO,DESPEJADO,0,0,0,1,07,071,07109,Maule,Talca,San Clemente,Ruta,"K-15, K-25, K-55 km 60",-35.090806,-71.267976
-8074404.71656824,-4459261.8078135,724,2023,1570684,2023/11/05 00:00:00+00,Noviembre,5,Domingo,1899/12/30 00:00:00+00,11:30:00,11,REGION BIO BIO,YUMBEL,COLISION,COLISION,URBANA,TRAMO DE VIA CURVA HORIZONTAL,IMPRUDENCIA DEL CONDUCTOR,CONDUCCION NO ATENTO CONDICIONES TRANSITO MOMENTO,TUCAPEL, ,- TUCAPEL,105, , ,BIDIRECCIONAL,ASFALTO,BUENO,SECO,DESPEJADO,0,0,1,0,08,083,08313,Biobío,Biobío,Yumbel,Numero,"TUCAPEL 105, Yumbel",-37.14446,-72.533612
-8137427.07563395,-4409687.44402399,725,2023,1504908,2023/01/23 00:00:00+00,Enero,23,Lunes,1899/12/30 00:00:00+00,17:30:00,17,REGION BIO BIO,HUALPEN,VOLCADURA,VOLCADURA,URBANA,TRAMO DE VIA RECTA,VELOCIDAD IMPRUDENTE,VELOCIDAD MAYOR QUE MAXIMA PERMITIDA,LA RECONQUISTA, ,- LA RECONQUISTA,3850, , ,BIDIRECCIONAL,CONCRETO,BUENO,SECO,DESPEJADO,0,0,0,1,08,081,08112,Biobío,Concepción,Hualpén,Numero,"LA RECONQUISTA 3850, Hualpén",-36.788645,-73.099751
-8081949.26204109,-4515833.41563043,726,2023,1510266,2023/02/12 00:00:00+00,Febrero,12,Domingo,1899/12/30 00:00:00+00,07:45:00,7,REGION BIO BIO,NEGRETE,COLISION,COLISION,RURAL,TRAMO DE VIA RECTA,IMPRUDENCIA DEL CONDUCTOR,CONDUCCION NO ATENTO CONDICIONES TRANSITO MOMENTO, , , ,0,RUTA 156,"107,3",BIDIRECCIONAL,ASFALTO,BUENO,SECO,DESPEJADO,0,0,0,1,08,083,08307,Biobío,Biobío,Negrete,Ruta,"RUTA 156 km 107,3",-37.548461,-72.601385
-7872660.85225491,-3862929.68343397,727,2023,1548185,2023/07/24 00:00:00+00,Julio,24,Lunes,1899/12/30 00:00:00+00,20:30:00,20,REGION VALPARAISO,SAN FELIPE,COLISION,COLISION,URBANA,TRAMO DE VIA RECTA,IMPRUDENCIA DEL CONDUCTOR,CONDUCCION NO ATENTO CONDICIONES TRANSITO MOMENTO,YUNGAY, ,- YUNGAY,398, , ,BIDIRECCIONAL CON BANDEJON,CONCRETO,BUENO,SECO,DESPEJADO,0,0,0,1,05,057,05701,Valparaíso,San Felipe de Aconcagua,San Felipe,Numero,"YUNGAY 398, San Felipe",-32.755759,-70.721316
-7883877.65548438,-3970851.03698572,728,2023,1571352,2023/11/05 00:00:00+00,Noviembre,5,Domingo,1899/12/30 00:00:00+00,14:30:00,14,REGION METROPOLITANA,PADRE HURTADO,COLISION POR ALCANCE,COLISION,URBANA,TRAMO DE VIA RECTA,IMPRUDENCIA DEL CONDUCTOR,CONDUCCION CAMBIAR SORPRESIVAMENTE PISTA CIRCULACION,SAN IGNACIO, ,- SAN IGNACIO,836, , ,BIDIRECCIONAL,ASFALTO,BUENO,SECO,DESPEJADO,0,0,0,1,13,136,13604,Metropolitana de Santiago,Talagante,Padre Hurtado,Numero,"SAN IGNACIO 836, Padre Hurtado",-33.567323,-70.822078
-7835284.18097528,-2710792.99466474,729,2023,1505255,2023/01/24 00:00:00+00,Enero,24,Martes,1899/12/30 00:00:00+00,03:30:00,3,REGION ANTOFAGASTA,ANTOFAGASTA,CHOQUE FRENTE/POSTERIOR,CHOQUE,URBANA,TRAMO DE VIA RECTA,ALCOHOL EN CONDUCTOR,CONDUCCION EN ESTADO DE EBRIEDAD,PADRE ALBERTO HURTADO, ,- PADRE ALBERTO HURTADO,3160, , ,BIDIRECCIONAL,ASFALTO,BUENO,SECO,DESPEJADO,0,1,0,0,02,021,02101,Antofagasta,Antofagasta,Antofagasta,Numero,"PADRE ALBERTO HURTADO 3160, Antofagasta",-23.649805,-70.385555
-8086000.00951731,-4615980.89951713,730,2023,1514627,2023/02/12 00:00:00+00,Febrero,12,Domingo,1899/12/30 00:00:00+00,16:15:00,16,REGION ARAUCANIA,TRAIGUEN,COLISION FRONTAL,COLISION,RURAL,TRAMO DE VIA CURVA HORIZONTAL,ALCOHOL EN CONDUCTOR,CONDUCCION BAJO LA INFLUENCIA DEL ALCOHOL, , , ,0,R-816,3,BIDIRECCIONAL,RIPIO,REGULAR, ,DESPEJADO,0,0,0,2,09,092,09210,La Araucanía,Malleco,Traiguén,Ruta,R-816 km 3,-38.25831,-72.637774
-8139422.63344277,-4406085.57349069,731,2023,1549378,2023/07/25 00:00:00+00,Julio,25,Martes,1899/12/30 00:00:00+00,22:00:00,22,REGION BIO BIO,TALCAHUANO,VOLCADURA,VOLCADURA,URBANA,TRAMO DE VIA RECTA,IMPRUDENCIA DEL CONDUCTOR,CONDUCCION NO ATENTO CONDICIONES TRANSITO MOMENTO,GRAN BRETAÑA, ,- GRAN BRETAÑA,4575, , ,BIDIRECCIONAL CON BANDEJON,CONCRETO,BUENO,SECO,DESPEJADO,0,1,0,0,08,081,08110,Biobío,Concepción,Talcahuano,Numero,"GRAN BRETAÑA 4575, Talcahuano",-36.762728,-73.117678
-7908185.74739379,-4113043.96148779,732,2023,1573569,2023/11/05 00:00:00+00,Noviembre,5,Domingo,1899/12/30 00:00:00+00,21:30:00,21,REGION LIB.B.O'HIGGINS,PLACILLA,VOLCADURA,VOLCADURA,URBANA,TRAMO DE VIA RECTA,ALCOHOL EN CONDUCTOR,CONDUCCION EN ESTADO DE EBRIEDAD,RINCONADA DE MANANTIALES, ,- RINCONADA DE MANANTIALES,100, , ,BIDIRECCIONAL,ASFALTO,BUENO,SECO,DESPEJADO,0,1,0,0,06,063,06308,Libertador General Bernardo O'Higgins,Colchagua,Placilla,Numero,"RINCONADA DE MANANTIALES 100, Placilla",-34.625057,-71.040441
-7877374.30862691,-3966150.64472805,733,2023,1549683,2023/07/26 00:00:00+00,Julio,26,Miércoles,1899/12/30 00:00:00+00,18:30:00,18,REGION METROPOLITANA,MAIPU,COLISION LATERAL,COLISION,URBANA,TRAMO DE VIA RECTA,IMPRUDENCIA DEL CONDUCTOR,CONDUCCION NO ATENTO CONDICIONES TRANSITO MOMENTO,CAMINO A MELIPILLA, ,- CAMINO A MELIPILLA,13320, , ,BIDIRECCIONAL CON BANDEJON,ASFALTO,BUENO,SECO,DESPEJADO,0,0,0,1,13,131,13119,Metropolitana de Santiago,Santiago,Maipú,Numero,"CAMINO A MELIPILLA 13320, Maipú",-33.532133,-70.763657
-7864157.01710366,-3952987.44946092,734,2023,1506773,2023/01/24 00:00:00+00,Enero,24,Martes,1899/12/30 00:00:00+00,17:00:00,17,REGION METROPOLITANA,INDEPENDENCIA,COLISION LATERAL,COLISION,RURAL,TRAMO DE VIA RECTA,IMPRUDENCIA DEL CONDUCTOR,CONDUCCION SIN MANTENER DISTANCIA RAZONABLE NI PRUDENTE, , , ,0,"G-11, G-13",18,UNIDIRECCIONAL,ASFALTO,BUENO,SECO,DESPEJADO,0,1,0,0,13,131,13108,Metropolitana de Santiago,Santiago,Independencia,Numero,"G-11, G-13 km 18",-33.433509,-70.644924
-7857078.65309003,-3964879.15439521,735,2023,1550468,2023/07/26 00:00:00+00,Julio,26,Miércoles,1899/12/30 00:00:00+00,18:40:00,18,REGION METROPOLITANA,LA FLORIDA,OTRO TIPO,OTRO TIPO,URBANA,TRAMO DE VIA RECTA,OTRAS CAUSAS,OTRAS CAUSAS,WALKER MARTINEZ, ,- WALKER MARTINEZ,1600, , ,BIDIRECCIONAL,ASFALTO,BUENO,SECO,DESPEJADO,0,0,0,0,13,131,13110,Metropolitana de Santiago,Santiago,La Florida,Numero,"WALKER MARTINEZ 1600, La Florida",-33.522612,-70.581338
-8164470.8403004,-4505976.2856491,736,2023,1570086,2023/11/06 00:00:00+00,Noviembre,6,Lunes,1899/12/30 00:00:00+00,01:10:00,1,REGION BIO BIO,CURANILAHUE,COLISION POR ALCANCE,COLISION,URBANA,TRAMO DE VIA RECTA,IMPRUDENCIA DEL CONDUCTOR,CONDUCCION NO ATENTO CONDICIONES TRANSITO MOMENTO,ARTURO PRAT, ,- ARTURO PRAT,775, , ,BIDIRECCIONAL CON BANDEJON,CONCRETO,BUENO,SECO,NUBLADO,0,0,0,0,08,082,08205,Biobío,Arauco,Curanilahue,Numero,"ARTURO PRAT 775, Curanilahue",-37.478224,-73.342689
-8044398.86689997,-4483893.86290894,737,2023,1510601,2023/02/12 00:00:00+00,Febrero,12,Domingo,1899/12/30 00:00:00+00,17:45:00,17,REGION BIO BIO,LOS ANGELES,CHOQUE FRENTE/FRENTE,CHOQUE,RURAL,TRAMO DE VIA RECTA,IMPRUDENCIA DEL CONDUCTOR,CONDUCCION NO ATENTO CONDICIONES TRANSITO MOMENTO, , , ,0,Q-155,2,BIDIRECCIONAL,RIPIO,MALO, ,DESPEJADO,0,1,0,0,08,083,08301,Biobío,Biobío,Los Angeles,Ruta,Q-155 km 2,-37.320635,-72.264065
-7859839.71804556,-3972893.25499742,738,2023,1547918,2023/07/26 00:00:00+00,Julio,26,Miércoles,1899/12/30 00:00:00+00,20:15:00,20,REGION METROPOLITANA,PUENTE ALTO,COLISION FRONTAL,COLISION,URBANA,TRAMO DE VIA RECTA,IMPRUDENCIA DEL CONDUCTOR,CONDUCCION NO ATENTO CONDICIONES TRANSITO MOMENTO,GABRIELA PONIENTE, ,- GABRIELA PONIENTE,3960, , ,BIDIRECCIONAL,CONCRETO,BUENO,SECO,DESPEJADO,0,1,0,0,13,132,13201,Metropolitana de Santiago,Cordillera,Puente Alto,Numero,"GABRIELA PONIENTE 3960, Puente Alto",-33.582608,-70.606141
-7834092.01603171,-2704988.39289697,739,2023,1508811,2023/01/24 00:00:00+00,Enero,24,Martes,1899/12/30 00:00:00+00,18:15:00,18,REGION ANTOFAGASTA,ANTOFAGASTA,ATROPELLO,ATROPELLO,URBANA,TRAMO DE VIA RECTA,VELOCIDAD IMPRUDENTE,VELOCIDAD NO RAZONABLE NI PRUDENTE,LUIS CRUZ MARTINEZ, ,- LUIS CRUZ MARTINEZ,7332, , ,UNIDIRECCIONAL,ASFALTO,REGULAR,SECO,DESPEJADO,0,0,1,0,02,021,02101,Antofagasta,Antofagasta,Antofagasta,Numero,"LUIS CRUZ MARTINEZ 7332, Antofagasta",-23.602032,-70.374846
-8208729.66207807,-5224310.61842641,740,2023,1510611,2023/02/12 00:00:00+00,Febrero,12,Domingo,1899/12/30 00:00:00+00,21:30:00,21,REGION LOS LAGOS,CASTRO,COLISION POR ALCANCE,COLISION,RURAL,TRAMO DE VIA CURVA HORIZONTAL,IMPRUDENCIA DEL CONDUCTOR,CONDUCCION NO ATENTO CONDICIONES TRANSITO MOMENTO, , , ,0,"W-55, W-65","2,85",BIDIRECCIONAL,ASFALTO,BUENO,SECO,DESPEJADO,0,0,0,1,10,102,10201,Los Lagos,Chiloé,Castro,Ruta,"W-55, W-65 km 2,85",-42.42138,-73.740273
-7865953.38424616,-3914216.81964843,741,2023,1570896,2023/11/06 00:00:00+00,Noviembre,6,Lunes,1899/12/30 00:00:00+00,17:30:00,17,REGION METROPOLITANA,COLINA,VOLCADURA,VOLCADURA,RURAL,TRAMO DE VIA RECTA,FALLAS MECANICAS,FALLAS MECANICAS NEUMATICOS, , , ,0,RUTA 57,"28,2",BIDIRECCIONAL CON BANDEJON,ASFALTO,BUENO,SECO,DESPEJADO,0,0,0,1,13,133,13301,Metropolitana de Santiago,Chacabuco,Colina,Numero,"RUTA 57 km 28,2",-33.142373,-70.661061
-7859237.6067161,-3958364.94542939,742,2023,1548616,2023/07/27 00:00:00+00,Julio,27,Jueves,1899/12/30 00:00:00+00,09:00:00,9,REGION METROPOLITANA,MACUL,COLISION POR ALCANCE,COLISION,URBANA,TRAMO DE VIA RECTA,IMPRUDENCIA DEL CONDUCTOR,VIRAJES INDEBIDOS,RODRIGO DE ARAYA, ,- RODRIGO DE ARAYA,3010, , ,BIDIRECCIONAL,CONCRETO,BUENO,SECO,DESPEJADO,0,0,0,1,13,131,13118,Metropolitana de Santiago,Santiago,Macul,Numero,"RODRIGO DE ARAYA 3010, Macul",-33.473813,-70.600733
-7859399.93961033,-3963415.96498029,743,2023,1506919,2023/01/25 00:00:00+00,Enero,25,Miércoles,1899/12/30 00:00:00+00,19:00:00,19,REGION METROPOLITANA,LA FLORIDA,COLISION LATERAL,COLISION,URBANA,TRAMO DE VIA RECTA,IMPRUDENCIA DEL CONDUCTOR,CONDUCCION NO ATENTO CONDICIONES TRANSITO MOMENTO,MIRADOR AZUL, ,- MIRADOR AZUL,450, , ,BIDIRECCIONAL,ASFALTO,BUENO,SECO,DESPEJADO,0,0,0,0,13,131,13110,Metropolitana de Santiago,Santiago,La Florida,Numero,"MIRADOR AZUL 450, La Florida",-33.511653,-70.602191
-7911771.7819375,-4088172.13655303,744,2023,1569714,2023/11/06 00:00:00+00,Noviembre,6,Lunes,1899/12/30 00:00:00+00,17:45:00,17,REGION LIB.B.O'HIGGINS,SAN VICENTE,COLISION PERPENDICULAR,COLISION,URBANA,TRAMO DE VIA RECTA,IMPRUDENCIA DEL CONDUCTOR,CONDUCCION NO ATENTO CONDICIONES TRANSITO MOMENTO,GERMAN RIESCO, ,- GERMAN RIESCO,454, , ,BIDIRECCIONAL,CONCRETO,BUENO,SECO,DESPEJADO,0,0,0,2,06,061,06117,Libertador General Bernardo O'Higgins,Cachapoal,San Vicente,Numero,"GERMAN RIESCO 454, San Vicente",-34.440998,-71.072655
-7941170.55085179,-3499626.20176231,745,2023,1510385,2023/02/13 00:00:00+00,Febrero,13,Lunes,1899/12/30 00:00:00+00,17:38:00,17,REGION COQUIMBO,COQUIMBO,COLISION PERPENDICULAR,COLISION,RURAL,CRUCE CON SEÑAL PARE,IMPRUDENCIA DEL CONDUCTOR,CONDUCCION NO ATENTO CONDICIONES TRANSITO MOMENTO, , , ,0,RUTA 5 NORTE,"458,5",BIDIRECCIONAL CON BANDEJON,ASFALTO,BUENO,SECO,DESPEJADO,0,1,0,0,04,041,04102,Coquimbo,Elqui,Coquimbo,Ruta,"RUTA 5 NORTE km 458,5",-29.969471,-71.336749
-7861201.59073283,-3960314.77604893,746,2023,1547575,2023/07/27 00:00:00+00,Julio,27,Jueves,1899/12/30 00:00:00+00,19:20:00,19,REGION METROPOLITANA,SAN JOAQUIN,COLISION POR ALCANCE,COLISION,URBANA,TRAMO DE VIA RECTA,IMPRUDENCIA DEL CONDUCTOR,CONDUCCION SIN MANTENER DISTANCIA RAZONABLE NI PRUDENTE,VICUÑA MACKENNA, ,- VICUÑA MACKENNA,3747, , ,BIDIRECCIONAL CON BANDEJON,ASFALTO,BUENO,SECO,DESPEJADO,0,1,0,0,13,131,13129,Metropolitana de Santiago,Santiago,San Joaquín,Numero,"VICUÑA MACKENNA 3747, San Joaquín",-33.488422,-70.618375
-7995410.45755421,-4320666.61876106,747,2023,1507759,2023/01/25 00:00:00+00,Enero,25,Miércoles,1899/12/30 00:00:00+00,19:28:00,19,REGION MAULE,PARRAL,CHOQUE FRENTE/LADO,CHOQUE,URBANA,TRAMO DE VIA RECTA,IMPRUDENCIA DEL CONDUCTOR,CONDUCCION NO ATENTO CONDICIONES TRANSITO MOMENTO,LAS DELICIAS NORTE, ,- LAS DELICIAS NORTE,705, , ,UNIDIRECCIONAL,ASFALTO,BUENO,SECO,DESPEJADO,0,0,0,1,07,074,07404,Maule,Linares,Parral,Numero,"LAS DELICIAS NORTE 705, Parral",-36.145545,-71.823994
-7864430.98544679,-3973472.52207424,748,2023,1505601,2023/01/26 00:00:00+00,Enero,26,Jueves,1899/12/30 00:00:00+00,13:10:00,13,REGION METROPOLITANA,LA PINTANA,COLISION,COLISION,URBANA,TRAMO DE VIA RECTA,IMPRUDENCIA DEL CONDUCTOR,CONDUCCION NO ATENTO CONDICIONES TRANSITO MOMENTO,LO BLANCO, ,- LO BLANCO,1040, , ,BIDIRECCIONAL,ASFALTO,BUENO,SECO,DESPEJADO,1,0,0,0,13,131,13112,Metropolitana de Santiago,Santiago,La Pintana,Numero,"LO BLANCO 1040, La Pintana",-33.586943,-70.647386
-8093783.09616139,-4414534.43828293,749,2023,1514964,2023/02/14 00:00:00+00,Febrero,14,Martes,1899/12/30 00:00:00+00,07:40:00,7,REGION BIO BIO,FLORIDA,CHOQUE LATERAL,CHOQUE,RURAL,TRAMO DE VIA RECTA,ALCOHOL EN CONDUCTOR,CONDUCCION EN ESTADO DE EBRIEDAD, , , ,0,RUTA 148,45,BIDIRECCIONAL,ASFALTO,BUENO,SECO,DESPEJADO,0,0,0,1,08,081,08104,Biobío,Concepción,Florida,Ruta,RUTA 148 km 45,-36.823507,-72.707691
-7943906.1807063,-3901399.9483211,750,2023,1571101,2023/11/06 00:00:00+00,Noviembre,6,Lunes,1899/12/30 00:00:00+00,19:40:00,19,REGION VALPARAISO,VILLA ALEMANA,COLISION,COLISION,URBANA,TRAMO DE VIA RECTA,IMPRUDENCIA DEL CONDUCTOR,CONDUCCION NO ATENTO CONDICIONES TRANSITO MOMENTO,VICTORIA, ,- VICTORIA,260, , ,BIDIRECCIONAL,CONCRETO,BUENO,SECO,DESPEJADO,0,0,0,1,05,058,05804,Valparaíso,Marga Marga,Villa Alemana,Numero,"VICTORIA 260, Villa Alemana",-33.045915,-71.361323
-8163831.80203605,-4506415.51206666,751,2023,1547543,2023/07/27 00:00:00+00,Julio,27,Jueves,1899/12/30 00:00:00+00,23:20:00,23,REGION BIO BIO,CURANILAHUE,COLISION FRONTAL,COLISION,URBANA,TRAMO DE VIA RECTA,IMPRUDENCIA DEL CONDUCTOR,CONDUCCION CONTRA SENTIDO DEL TRANSITO,JUAN BENITEZ MEZA, ,- JUAN BENITEZ MEZA,386, , ,UNIDIRECCIONAL,CONCRETO,BUENO,SECO,DESPEJADO,0,0,0,0,08,082,08205,Biobío,Arauco,Curanilahue,Numero,"JUAN BENITEZ MEZA 386, Curanilahue",-37.481355,-73.336949
-7879237.87488209,-3954147.5766813,752,2023,1570447,2023/11/07 00:00:00+00,Noviembre,7,Martes,1899/12/30 00:00:00+00,17:50:00,17,REGION METROPOLITANA,PUDAHUEL,CHOQUE FRENTE/POSTERIOR,CHOQUE,URBANA,TRAMO DE VIA RECTA,IMPRUDENCIA DEL CONDUCTOR,CONDUCCION NO ATENTO CONDICIONES TRANSITO MOMENTO,AMERICO VESPUCIO, ,- AMERICO VESPUCIO,15800, , ,BIDIRECCIONAL,ASFALTO,REGULAR,SECO,DESPEJADO,0,1,0,0,13,131,13124,Metropolitana de Santiago,Santiago,Pudahuel,Numero,"AMERICO VESPUCIO 15800, Pudahuel",-33.442206,-70.780398
-8059157.46740958,-4567663.89773322,753,2023,1511912,2023/02/15 00:00:00+00,Febrero,15,Miércoles,1899/12/30 00:00:00+00,08:25:00,8,REGION ARAUCANIA,COLLIPULLI,IMPACTO CON ANIMAL,OTRO TIPO,RURAL,TRAMO DE VIA RECTA,DEFICIENCIAS VIALES,ANIMALES SUELTOS VIA PUBLICA, , , ,0,RUTA 5 SUR,573,BIDIRECCIONAL CON BANDEJON,ASFALTO,BUENO,SECO,DESPEJADO,0,0,0,0,09,092,09202,La Araucanía,Malleco,Collipulli,Ruta,RUTA 5 SUR km 573,-37.916692,-72.396643
-7873347.37430446,-3861199.37022885,754,2023,1507093,2023/01/26 00:00:00+00,Enero,26,Jueves,1899/12/30 00:00:00+00,14:00:00,14,REGION VALPARAISO,SAN FELIPE,COLISION,COLISION,URBANA,TRAMO DE VIA RECTA,IMPRUDENCIA DEL CONDUCTOR,ADELANTAMIENTO SIN EL ESPACIO O TIEMPO SUFICIENTE,SARGENTO ALDEA, ,- SARGENTO ALDEA,650, , ,BIDIRECCIONAL,CONCRETO,BUENO,SECO,DESPEJADO,0,0,0,1,05,057,05701,Valparaíso,San Felipe de Aconcagua,San Felipe,Numero,"SARGENTO ALDEA 650, San Felipe",-32.742686,-70.727483
-7903105.99601844,-4107576.77644493,755,2023,1548506,2023/07/28 00:00:00+00,Julio,28,Viernes,1899/12/30 00:00:00+00,08:00:00,8,REGION LIB.B.O'HIGGINS,SAN FERNANDO,VOLCADURA,VOLCADURA,URBANA,TRAMO DE VIA RECTA,VELOCIDAD IMPRUDENTE,VELOCIDAD NO RAZONABLE NI PRUDENTE,NEGRETE, ,- NEGRETE,664, , ,UNIDIRECCIONAL,ASFALTO,BUENO,SECO,DESPEJADO,0,0,0,1,06,063,06301,Libertador General Bernardo O'Higgins,Colchagua,San Fernando,Numero,"NEGRETE 664, San Fernando",-34.584633,-70.994809
-7860936.44327936,-3871786.75508091,756,2023,1570545,2023/11/08 00:00:00+00,Noviembre,8,Miércoles,1899/12/30 00:00:00+00,00:40:00,0,REGION VALPARAISO,LOS ANDES,COLISION FRONTAL,COLISION,URBANA,TRAMO DE VIA RECTA,ALCOHOL EN CONDUCTOR,CONDUCCION EN ESTADO DE EBRIEDAD,SAN RAFAEL, ,- SAN RAFAEL,805, , ,BIDIRECCIONAL,ASFALTO,BUENO,SECO,DESPEJADO,0,0,0,2,05,053,05301,Valparaíso,Los Andes,Los Andes,Numero,"SAN RAFAEL 805, Los Andes",-32.822646,-70.615994
-7917043.15499962,-3875212.76206386,757,2023,1510157,2023/02/15 00:00:00+00,Febrero,15,Miércoles,1899/12/30 00:00:00+00,10:30:00,10,REGION VALPARAISO,CALERA,CHOQUE FRENTE/POSTERIOR,CHOQUE,RURAL,TRAMO DE VIA RECTA,IMPRUDENCIA DEL CONDUCTOR,CONDUCCION SIN MANTENER DISTANCIA RAZONABLE NI PRUDENTE, , , ,0,F-300,4,BIDIRECCIONAL,ASFALTO,BUENO,SECO,DESPEJADO,0,1,0,0,05,055,05502,Valparaíso,Quillota,Calera,Ruta,F-300 km 4,-32.848505,-71.120009
-7878163.3511964,-4006215.36358728,758,2023,1547913,2023/07/28 00:00:00+00,Julio,28,Viernes,1899/12/30 00:00:00+00,19:50:00,19,REGION METROPOLITANA,MELIPILLA,COLISION FRONTAL,COLISION,RURAL,TRAMO DE VIA RECTA,IMPRUDENCIA DEL CONDUCTOR,NO RESPETAR DERECHO PREFERENTE DE PASO A VEHICULO, , , ,0,G-540,2,BIDIRECCIONAL,ASFALTO,BUENO,SECO,DESPEJADO,0,1,0,1,13,135,13501,Metropolitana de Santiago,Melipilla,Melipilla,Numero,G-540 km 2,-33.831622,-70.770745
-8129850.4078311,-4413514.42999684,759,2023,1506408,2023/01/26 00:00:00+00,Enero,26,Jueves,1899/12/30 00:00:00+00,16:10:00,16,REGION BIO BIO,CONCEPCION,VOLCADURA,VOLCADURA,URBANA,TRAMO DE VIA RECTA,IMPRUDENCIA DEL CONDUCTOR,CONDUCCION CAMBIAR SORPRESIVAMENTE PISTA CIRCULACION,MAIPU, ,- MAIPU,2120, , ,BIDIRECCIONAL,CONCRETO,BUENO,SECO,DESPEJADO,0,0,0,0,08,081,08101,Biobío,Concepción,Concepción,Numero,"MAIPU 2120, Concepción",-36.816172,-73.031689
-7872794.0672654,-3940058.95166111,760,2023,1570301,2023/11/08 00:00:00+00,Noviembre,8,Miércoles,1899/12/30 00:00:00+00,01:55:00,1,REGION METROPOLITANA,QUILICURA,CHOQUE FRONTAL,CHOQUE,URBANA,TRAMO DE VIA RECTA,VELOCIDAD IMPRUDENTE,VELOCIDAD NO RAZONABLE NI PRUDENTE,SAN IGNACIO, ,- SAN IGNACIO,110, , ,BIDIRECCIONAL,ASFALTO,BUENO,SECO,DESPEJADO,0,1,0,0,13,131,13125,Metropolitana de Santiago,Santiago,Quilicura,Numero,"SAN IGNACIO 110, Quilicura",-33.336534,-70.722512
-7937734.7770488,-4223915.96888673,761,2023,1510281,2023/02/15 00:00:00+00,Febrero,15,Miércoles,1899/12/30 00:00:00+00,19:20:00,19,REGION MAULE,RIO CLARO,COLISION LATERAL,COLISION,RURAL,TRAMO DE VIA CURVA HORIZONTAL,IMPRUDENCIA DEL CONDUCTOR,"ADELANTAMIENTO EN CRUCE, CURVA, CUESTA, PUENTE", , , ,0,"K-15, K-25, K-55",4,BIDIRECCIONAL,ASFALTO,BUENO,SECO,DESPEJADO,0,0,0,1,07,071,07108,Maule,Talca,Río Claro,Ruta,"K-15, K-25, K-55 km 4",-35.440576,-71.305885
-7931517.03392594,-4161775.46193812,762,2023,1548009,2023/07/29 00:00:00+00,Julio,29,Sábado,1899/12/30 00:00:00+00,07:40:00,7,REGION MAULE,CURICO,VOLCADURA,VOLCADURA,URBANA,TRAMO DE VIA RECTA,DEFICIENCIAS VIALES,ANIMALES SUELTOS VIA PUBLICA,VALVANERA, ,- VALVANERA,1047, , ,UNIDIRECCIONAL,ASFALTO,BUENO,HUMEDO,NEBLINA,0,0,1,0,07,073,07301,Maule,Curicó,Curicó,Numero,"VALVANERA 1047, Curicó",-34.984504,-71.25003
-7857018.56797186,-3968950.24245158,763,2023,1508223,2023/01/26 00:00:00+00,Enero,26,Jueves,1899/12/30 00:00:00+00,17:00:00,17,REGION METROPOLITANA,LA FLORIDA,CHOQUE FRENTE/POSTERIOR,CHOQUE,URBANA,CRUCE CON SEMAFORO FUNCIONANDO,IMPRUDENCIA DEL CONDUCTOR,CONDUCCION NO ATENTO CONDICIONES TRANSITO MOMENTO,SAN JOSE DE LA ESTRELLA, ,- SAN JOSE DE LA ESTRELLA,501, , ,BIDIRECCIONAL,ASFALTO,BUENO,SECO,DESPEJADO,0,0,0,1,13,131,13110,Metropolitana de Santiago,Santiago,La Florida,Numero,"SAN JOSE DE LA ESTRELLA 501, La Florida",-33.553095,-70.580799