X,Y,FID,Año,IdAccident,Fecha,Mes,Dia_mes,Dia_semana,Hora,Hora_texto,Hora_aprox,Región,Comuna,Tipo_Accid,Tipo__CONA,Zona,Ubicación,Causa__CON,Causa_Acci,Calle_Uno,Calle_Dos,Intersecci,Número,Ruta,Ubicaci_1,Calzada,Tipo_Calza,Estado_Cal,Condición,Estado_Atm,Fallecidos,Graves,Menos_Grav,Leves,CUT_REG,CUT_PROV,CUT_COM,REGION,PROVINCIA,COMUNA1,Tipo_direc,Direccion,Lat,Lon
-8147417.15112153,-4956449.47805096,764,2023,1512955,2023/02/16 00:00:00+00,Febrero,16,Jueves,1899/12/30 00:00:00+00,10:45:00,10,REGION LOS LAGOS,OSORNO,COLISION,COLISION,RURAL,TRAMO DE VIA RECTA,IMPRUDENCIA DEL CONDUCTOR,VIRAJES INDEBIDOS, , , ,0,U-72,6,BIDIRECCIONAL,ASFALTO,BUENO,SECO,DESPEJADO,0,1,0,0,10,103,10301,Los Lagos,Osorno,Osorno,Ruta,U-72 km 6,-40.619981,-73.189494
-7873593.07596834,-3963181.04074443,765,2023,1575128,2023/11/08 00:00:00+00,Noviembre,8,Miércoles,1899/12/30 00:00:00+00,09:00:00,9,REGION METROPOLITANA,MAIPU,VOLCADURA,VOLCADURA,URBANA,TRAMO DE VIA RECTA,IMPRUDENCIA DEL CONDUCTOR,CONDUCCION CONTRA SENTIDO DEL TRANSITO,5 DE ABRIL, ,- 5 DE ABRIL,1310, , ,BIDIRECCIONAL CON BANDEJON,ASFALTO,BUENO,SECO,DESPEJADO,0,0,0,2,13,131,13119,Metropolitana de Santiago,Santiago,Maipú,Numero,"5 DE ABRIL 1310, Maipú",-33.509894,-70.72969
-7865029.55598155,-3952898.29917191,766,2023,1547519,2023/07/29 00:00:00+00,Julio,29,Sábado,1899/12/30 00:00:00+00,11:00:00,11,REGION METROPOLITANA,SANTIAGO,CHOQUE FRONTAL,CHOQUE,URBANA,ROTONDA,FALLAS MECANICAS,FALLAS MECANICAS FRENOS,CARD JOSE MARIA CARO, ,- CARD JOSE MARIA CARO,420, , ,BIDIRECCIONAL,ASFALTO,REGULAR,SECO,DESPEJADO,0,1,0,0,13,131,13101,Metropolitana de Santiago,Santiago,Santiago,Numero,"CARD JOSE MARIA CARO 420, Santiago",-33.432841,-70.652763
-8117097.78699461,-4729260.65373455,767,2023,1510964,2023/02/17 00:00:00+00,Febrero,17,Viernes,1899/12/30 00:00:00+00,00:00:00,0,REGION ARAUCANIA,PITRUFQUEN,VOLCADURA,VOLCADURA,RURAL,TRAMO DE VIA RECTA,ALCOHOL EN CONDUCTOR,CONDUCCION EN ESTADO DE EBRIEDAD, , , ,0,S-686,3,BIDIRECCIONAL,ASFALTO,BUENO,SECO,DESPEJADO,0,0,0,1,09,091,09114,La Araucanía,Cautín,Pitrufquén,Ruta,S-686 km 3,-39.052961,-72.91713
-7861708.84645703,-3973196.73327942,768,2023,1505700,2023/01/26 00:00:00+00,Enero,26,Jueves,1899/12/30 00:00:00+00,19:00:00,19,REGION METROPOLITANA,LA PINTANA,COLISION POR ALCANCE,COLISION,URBANA,TRAMO DE VIA RECTA,IMPRUDENCIA DEL CONDUCTOR,CONDUCCION NO ATENTO CONDICIONES TRANSITO MOMENTO,GABRIELA, ,- GABRIELA,2750, , ,BIDIRECCIONAL,CONCRETO,BUENO,SECO,DESPEJADO,0,0,0,0,13,131,13112,Metropolitana de Santiago,Santiago,La Pintana,Numero,"GABRIELA 2750, La Pintana",-33.584879,-70.622932
-7860335.44510028,-3951313.57097695,769,2023,1547621,2023/07/29 00:00:00+00,Julio,29,Sábado,1899/12/30 00:00:00+00,13:45:00,13,REGION METROPOLITANA,PROVIDENCIA,COLISION POR ALCANCE,COLISION,URBANA,TRAMO DE VIA RECTA,IMPRUDENCIA DEL CONDUCTOR,CONDUCCION NO ATENTO CONDICIONES TRANSITO MOMENTO,NVA DE LYON, ,- NVA DE LYON,109, , ,UNIDIRECCIONAL,ASFALTO,BUENO,SECO,DESPEJADO,0,0,0,0,13,131,13123,Metropolitana de Santiago,Santiago,Providencia,Numero,"NVA DE LYON 109, Providencia",-33.42096,-70.610595
-8141306.43689119,-4420046.38789806,770,2023,1511260,2023/02/17 00:00:00+00,Febrero,17,Viernes,1899/12/30 00:00:00+00,12:15:00,12,REGION BIO BIO,SAN PEDRO DE LA PAZ,COLISION LATERAL,COLISION,RURAL,TRAMO DE VIA RECTA,IMPRUDENCIA DEL CONDUCTOR,CONDUCCION CAMBIAR SORPRESIVAMENTE PISTA CIRCULACION, , , ,0,RUTA 160,"7,5",BIDIRECCIONAL CON BANDEJON,CONCRETO,REGULAR,SECO,DESPEJADO,0,0,0,1,08,081,08108,Biobío,Concepción,San Pedro de la Paz,Ruta,"RUTA 160 km 7,5",-36.863133,-73.1346
-7878168.65545882,-3978836.27114368,771,2023,1577434,2023/11/08 00:00:00+00,Noviembre,8,Miércoles,1899/12/30 00:00:00+00,10:00:00,10,REGION METROPOLITANA,CALERA DE TANGO,COLISION POR ALCANCE,COLISION,URBANA,TRAMO DE VIA RECTA,IMPRUDENCIA DEL CONDUCTOR,CONDUCCION NO ATENTO CONDICIONES TRANSITO MOMENTO,CALERA DE TANGO, ,- CALERA DE TANGO,13, , ,BIDIRECCIONAL,ASFALTO,BUENO,SECO,DESPEJADO,0,0,0,0,13,134,13403,Metropolitana de Santiago,Maipo,Calera de Tango,Numero,"CALERA DE TANGO 13, Calera de Tango",-33.627073,-70.770793
-7861708.84645703,-3973196.73327942,772,2023,1505947,2023/01/26 00:00:00+00,Enero,26,Jueves,1899/12/30 00:00:00+00,19:00:00,19,REGION METROPOLITANA,LA PINTANA,COLISION POR ALCANCE,COLISION,URBANA,TRAMO DE VIA RECTA,IMPRUDENCIA DEL CONDUCTOR,CONDUCCION NO ATENTO CONDICIONES TRANSITO MOMENTO,GABRIELA, ,- GABRIELA,2750, , ,BIDIRECCIONAL CON BANDEJON,ASFALTO,BUENO,SECO,DESPEJADO,0,0,0,1,13,131,13112,Metropolitana de Santiago,Santiago,La Pintana,Numero,"GABRIELA 2750, La Pintana",-33.584879,-70.622932
-7860335.44510028,-3951313.57097695,773,2023,1547972,2023/07/29 00:00:00+00,Julio,29,Sábado,1899/12/30 00:00:00+00,13:45:00,13,REGION METROPOLITANA,PROVIDENCIA,COLISION POR ALCANCE,COLISION,URBANA,TRAMO DE VIA RECTA,IMPRUDENCIA DEL CONDUCTOR,CONDUCCION SIN MANTENER DISTANCIA RAZONABLE NI PRUDENTE,NVA DE LYON, ,- NVA DE LYON,109, , ,UNIDIRECCIONAL,MIXTO,BUENO,SECO,DESPEJADO,0,0,0,0,13,131,13123,Metropolitana de Santiago,Santiago,Providencia,Numero,"NVA DE LYON 109, Providencia",-33.42096,-70.610595
-7860207.34016648,-3952711.30817434,774,2023,1571936,2023/11/08 00:00:00+00,Noviembre,8,Miércoles,1899/12/30 00:00:00+00,10:50:00,10,REGION METROPOLITANA,PROVIDENCIA,COLISION LATERAL,COLISION,URBANA,TUNEL,IMPRUDENCIA DEL CONDUCTOR,CONDUCCION CAMBIAR SORPRESIVAMENTE PISTA CIRCULACION,COST NORTE, ,- COST NORTE,12500, , ,UNIDIRECCIONAL,ASFALTO,REGULAR,SECO,DESPEJADO,0,1,0,0,13,131,13123,Metropolitana de Santiago,Santiago,Providencia,Numero,"COST NORTE 12500, Providencia",-33.431439,-70.609444
-7941516.31876367,-3531771.23767121,775,2023,1510726,2023/02/17 00:00:00+00,Febrero,17,Viernes,1899/12/30 00:00:00+00,13:45:00,13,REGION COQUIMBO,COQUIMBO,VOLCADURA,VOLCADURA,RURAL,TRAMO DE VIA CURVA HORIZONTAL,VELOCIDAD IMPRUDENTE,VELOCIDAD NO RAZONABLE NI PRUDENTE, , , ,0,D-427,5,BIDIRECCIONAL,ASFALTO,BUENO,SECO,DESPEJADO,0,1,0,0,04,041,04102,Coquimbo,Elqui,Coquimbo,Ruta,D-427 km 5,-30.219309,-71.339855
-7879237.87488209,-3954147.5766813,776,2023,1508723,2023/01/27 00:00:00+00,Enero,27,Viernes,1899/12/30 00:00:00+00,06:15:00,6,REGION METROPOLITANA,PUDAHUEL,COLISION POR ALCANCE,COLISION,URBANA,TRAMO DE VIA RECTA,IMPRUDENCIA DEL CONDUCTOR,CONDUCCION NO ATENTO CONDICIONES TRANSITO MOMENTO,AMERICO VESPUCIO, ,- AMERICO VESPUCIO,14600, , ,BIDIRECCIONAL,ASFALTO,REGULAR,SECO,DESPEJADO,1,0,0,0,13,131,13124,Metropolitana de Santiago,Santiago,Pudahuel,Numero,"AMERICO VESPUCIO 14600, Pudahuel",-33.442206,-70.780398
-8059989.21917114,-4209575.54362802,777,2023,1547766,2023/07/29 00:00:00+00,Julio,29,Sábado,1899/12/30 00:00:00+00,15:50:00,15,REGION MAULE,CONSTITUCION,COLISION FRONTAL,COLISION,URBANA,TRAMO DE VIA RECTA,IMPRUDENCIA DEL CONDUCTOR,CONDUCCION NO ATENTO CONDICIONES TRANSITO MOMENTO,ECHEVERRIA, ,- ECHEVERRIA,1138, , ,BIDIRECCIONAL,ASFALTO,REGULAR,SECO,DESPEJADO,0,0,0,0,07,071,07102,Maule,Talca,Constitución,Numero,"ECHEVERRIA 1138, Constitución",-35.335554,-72.404115
-8023135.31284754,-5960045.13790584,778,2023,1518695,2023/02/17 00:00:00+00,Febrero,17,Viernes,1899/12/30 00:00:00+00,16:30:00,16,REGION AYSEN DEL GRL. CARLOS IBAÑEZ DEL CAMPO,COCHRANE,VOLCADURA,VOLCADURA,RURAL,TRAMO DE VIA RECTA,VELOCIDAD IMPRUDENTE,VELOCIDAD NO RAZONABLE NI PRUDENTE, , , ,0,X-83,50,BIDIRECCIONAL,RIPIO,MALO, ,DESPEJADO,0,0,0,1,11,113,11301,Aysén del General Carlos Ibáñez del Campo,Capitán Prat,Cochrane,Ruta,X-83 km 50,-47.109986,-72.073051
-8139369.04936059,-4950840.27383509,779,2023,1571218,2023/11/08 00:00:00+00,Noviembre,8,Miércoles,1899/12/30 00:00:00+00,18:23:00,18,REGION LOS LAGOS,OSORNO,CHOQUE FRENTE/POSTERIOR,CHOQUE,URBANA,TRAMO DE VIA RECTA,IMPRUDENCIA DEL CONDUCTOR,CONDUCCION NO ATENTO CONDICIONES TRANSITO MOMENTO,CESAR ERCILLA, ,- CESAR ERCILLA,1075, , ,UNIDIRECCIONAL,CONCRETO,BUENO,SECO,DESPEJADO,0,0,0,0,10,103,10301,Los Lagos,Osorno,Osorno,Numero,"CESAR ERCILLA 1075, Osorno",-40.581723,-73.117196
-7872349.25471788,-3845753.33793781,780,2023,1507163,2023/01/27 00:00:00+00,Enero,27,Viernes,1899/12/30 00:00:00+00,08:30:00,8,REGION VALPARAISO,PUTAENDO,IMPACTO CON ANIMAL,OTRO TIPO,URBANA,TRAMO DE VIA CURVA HORIZONTAL,DEFICIENCIAS VIALES,ANIMALES SUELTOS VIA PUBLICA,ORTIZ, ,- ORTIZ,0, , ,BIDIRECCIONAL,ASFALTO,BUENO,SECO,DESPEJADO,0,0,0,1,05,057,05705,Valparaíso,San Felipe de Aconcagua,Putaendo,Numero,"ORTIZ 0, Putaendo",-32.625902,-70.718517
-7927041.32852375,-3868224.3218936,781,2023,1547894,2023/07/30 00:00:00+00,Julio,30,Domingo,1899/12/30 00:00:00+00,13:30:00,13,REGION VALPARAISO,CALERA,COLISION LATERAL,COLISION,URBANA,TRAMO DE VIA RECTA,IMPRUDENCIA DEL CONDUCTOR,CONDUCCION SIN MANTENER DISTANCIA RAZONABLE NI PRUDENTE,CARRERA, ,- CARRERA,2031, , ,BIDIRECCIONAL,ASFALTO,BUENO,SECO,DESPEJADO,0,1,0,0,05,055,05502,Valparaíso,Quillota,Calera,Numero,"CARRERA 2031, Calera",-32.795749,-71.209824
-7929211.68517298,-4158924.0765594,782,2023,1572465,2023/11/09 00:00:00+00,Noviembre,9,Jueves,1899/12/30 00:00:00+00,07:20:00,7,REGION MAULE,CURICO,ATROPELLO,ATROPELLO,URBANA,CRUCE CON SEMAFORO FUNCIONANDO,IMPRUDENCIA DEL CONDUCTOR,"ADELANTAMIENTO EN CRUCE, CURVA, CUESTA, PUENTE",JUAN LUIS DIEZ, ,- JUAN LUIS DIEZ,2405, , ,BIDIRECCIONAL,CONCRETO,BUENO,SECO,DESPEJADO,0,0,0,1,07,073,07301,Maule,Curicó,Curicó,Numero,"JUAN LUIS DIEZ 2405, Curicó",-34.963515,-71.22932
-7871087.50435024,-3987707.11845093,783,2023,1549483,2023/07/30 00:00:00+00,Julio,30,Domingo,1899/12/30 00:00:00+00,21:30:00,21,REGION METROPOLITANA,BUIN,COLISION FRONTAL,COLISION,URBANA,TRAMO DE VIA CURVA HORIZONTAL,VELOCIDAD IMPRUDENTE,VELOCIDAD NO RAZONABLE NI PRUDENTE,CAMINO EL RECURSO, ,- CAMINO EL RECURSO,53, , ,BIDIRECCIONAL,ASFALTO,BUENO,SECO,DESPEJADO,0,0,0,0,13,134,13402,Metropolitana de Santiago,Maipo,Buin,Numero,"CAMINO EL RECURSO 53, Buin",-33.6934,-70.707182
-7861808.39400073,-3954337.60965391,784,2023,1506383,2023/01/27 00:00:00+00,Enero,27,Viernes,1899/12/30 00:00:00+00,08:59:00,8,REGION METROPOLITANA,PROVIDENCIA,CHOQUE POSTERIOR/POSTERIOR,CHOQUE,URBANA,CRUCE CON SEMAFORO FUNCIONANDO,IMPRUDENCIA DEL CONDUCTOR,CONDUCCION NO ATENTO CONDICIONES TRANSITO MOMENTO,SALVADOR, ,- SALVADOR,1105, , ,UNIDIRECCIONAL,ASFALTO,REGULAR,SECO,DESPEJADO,0,0,0,0,13,131,13123,Metropolitana de Santiago,Santiago,Providencia,Numero,"SALVADOR 1105, Providencia",-33.44363,-70.623826
-7875805.84889467,-3963240.06211207,785,2023,1575139,2023/11/09 00:00:00+00,Noviembre,9,Jueves,1899/12/30 00:00:00+00,10:30:00,10,REGION METROPOLITANA,MAIPU,COLISION LATERAL,COLISION,URBANA,TRAMO DE VIA RECTA,IMPRUDENCIA DEL CONDUCTOR,CONDUCCION NO ATENTO CONDICIONES TRANSITO MOMENTO,5 DE ABRIL, ,- 5 DE ABRIL,700, , ,BIDIRECCIONAL CON BANDEJON,ASFALTO,BUENO,SECO,DESPEJADO,0,0,1,0,13,131,13119,Metropolitana de Santiago,Santiago,Maipú,Numero,"5 DE ABRIL 700, Maipú",-33.510336,-70.749568
-7862172.2011693,-3962841.58957947,786,2023,1548974,2023/07/31 00:00:00+00,Julio,31,Lunes,1899/12/30 00:00:00+00,07:15:00,7,REGION METROPOLITANA,SAN JOAQUIN,COLISION LATERAL,COLISION,URBANA,TRAMO DE VIA RECTA,IMPRUDENCIA DEL CONDUCTOR,CONDUCCION CAMBIAR SORPRESIVAMENTE PISTA CIRCULACION,DEPARTAMENTAL, ,- DEPARTAMENTAL,317, , ,BIDIRECCIONAL CON BANDEJON,ASFALTO,BUENO,SECO,DESPEJADO,0,0,1,0,13,131,13129,Metropolitana de Santiago,Santiago,San Joaquín,Numero,"DEPARTAMENTAL 317, San Joaquín",-33.507351,-70.627095
-8059950.2189664,-4498286.74409952,787,2023,1510748,2023/02/17 00:00:00+00,Febrero,17,Viernes,1899/12/30 00:00:00+00,18:00:00,18,REGION BIO BIO,LOS ANGELES,COLISION POR ALCANCE,COLISION,RURAL,TRAMO DE VIA RECTA,IMPRUDENCIA DEL CONDUCTOR,CONDUCCION SIN MANTENER DISTANCIA RAZONABLE NI PRUDENTE, , , ,0,Q-20,2,BIDIRECCIONAL,ASFALTO,BUENO,SECO,DESPEJADO,0,1,0,0,08,083,08301,Biobío,Biobío,Los Angeles,Ruta,Q-20 km 2,-37.423386,-72.403765
-7865348.04500768,-3962029.29353045,788,2023,1508020,2023/01/27 00:00:00+00,Enero,27,Viernes,1899/12/30 00:00:00+00,12:05:00,12,REGION METROPOLITANA,SAN MIGUEL,COLISION LATERAL,COLISION,URBANA,OTROS NO CONSIDERADOS,IMPRUDENCIA DEL CONDUCTOR,CONDUCCION NO ATENTO CONDICIONES TRANSITO MOMENTO,CARLOS EDWARDS, ,- CARLOS EDWARDS,1166, , ,UNIDIRECCIONAL,ASFALTO,BUENO,SECO,DESPEJADO,0,0,0,0,13,131,13130,Metropolitana de Santiago,Santiago,San Miguel,Numero,"CARLOS EDWARDS 1166, San Miguel",-33.501267,-70.655624
-8163338.12244734,-4473505.44056634,789,2023,1550396,2023/07/31 00:00:00+00,Julio,31,Lunes,1899/12/30 00:00:00+00,14:25:00,14,REGION BIO BIO,ARAUCO,COLISION,COLISION,URBANA,TRAMO DE VIA RECTA,VELOCIDAD IMPRUDENTE,VELOCIDAD NO RAZONABLE NI PRUDENTE,COCHRANE, ,- COCHRANE,7, , ,BIDIRECCIONAL,CONCRETO,BUENO,SECO,DESPEJADO,0,1,0,0,08,082,08202,Biobío,Arauco,Arauco,Numero,"COCHRANE 7, Arauco",-37.246384,-73.332514
-8019754.35232767,-4377334.67314524,790,2023,1510934,2023/02/17 00:00:00+00,Febrero,17,Viernes,1899/12/30 00:00:00+00,18:30:00,18,REGION ÑUBLE,CHILLAN,COLISION PERPENDICULAR,COLISION,RURAL,CRUCE CON SEÑAL PARE,DESOBEDIENCIA A SEÑALIZACION,SEÑALIZACION DESOBEDECER SEÑAL PARE, , , ,0,N-45,4,BIDIRECCIONAL,CONCRETO,BUENO,SECO,DESPEJADO,0,1,0,0,16,161,16101,Ñuble,Diguillín,Chillán,Ruta,N-45 km 4,-36.555541,-72.042679
-7861963.32669803,-3953707.23108482,791,2023,1573514,2023/11/09 00:00:00+00,Noviembre,9,Jueves,1899/12/30 00:00:00+00,11:20:00,11,REGION METROPOLITANA,PROVIDENCIA,COLISION LATERAL,COLISION,URBANA,TRAMO DE VIA RECTA,IMPRUDENCIA DEL CONDUCTOR,CONDUCCION NO ATENTO CONDICIONES TRANSITO MOMENTO,SALVADOR, ,- SALVADOR,539, , ,UNIDIRECCIONAL,ASFALTO,REGULAR,SECO,DESPEJADO,0,0,0,1,13,131,13123,Metropolitana de Santiago,Santiago,Providencia,Numero,"SALVADOR 539, Providencia",-33.438905,-70.625218
-7857182.547504,-3971569.77745944,792,2023,1505951,2023/01/27 00:00:00+00,Enero,27,Viernes,1899/12/30 00:00:00+00,13:50:00,13,REGION METROPOLITANA,PUENTE ALTO,COLISION POR ALCANCE,COLISION,URBANA,TRAMO DE VIA RECTA,IMPRUDENCIA DEL CONDUCTOR,CONDUCCION NO ATENTO CONDICIONES TRANSITO MOMENTO,CONCHA Y TORO, ,- CONCHA Y TORO,3779, , ,BIDIRECCIONAL,CONCRETO,BUENO,SECO,DESPEJADO,0,0,0,1,13,132,13201,Metropolitana de Santiago,Cordillera,Puente Alto,Numero,"CONCHA Y TORO 3779, Puente Alto",-33.572703,-70.582272
-7872306.59613166,-3862436.43317553,793,2023,1548659,2023/07/31 00:00:00+00,Julio,31,Lunes,1899/12/30 00:00:00+00,15:00:00,15,REGION VALPARAISO,SAN FELIPE,COLISION,COLISION,URBANA,TRAMO DE VIA RECTA,IMPRUDENCIA DEL CONDUCTOR,CONDUCCION NO ATENTO CONDICIONES TRANSITO MOMENTO,TOCORNAL, ,- TOCORNAL,118, , ,BIDIRECCIONAL,ASFALTO,BUENO,SECO,DESPEJADO,0,0,0,1,05,057,05701,Valparaíso,San Felipe de Aconcagua,San Felipe,Numero,"TOCORNAL 118, San Felipe",-32.752032,-70.718133
-8135654.79251894,-5024133.26396738,794,2023,1510631,2023/02/18 00:00:00+00,Febrero,18,Sábado,1899/12/30 00:00:00+00,03:15:00,3,REGION LOS LAGOS,FRUTILLAR,CHOQUE FRONTAL,CHOQUE,RURAL,TRAMO DE VIA RECTA,DROGAS Y/O FATIGA EN CONDUCTOR,"CONDICIONES FISICAS DEFICIENTES (CANSANCIO, SUEÑO)", , , ,0,RUTA 5 SUR,977,BIDIRECCIONAL CON BANDEJON,ASFALTO,BUENO,SECO,DESPEJADO,1,0,0,0,10,101,10105,Los Lagos,Llanquihue,Frutillar,Ruta,RUTA 5 SUR km 977,-41.079895,-73.08383
-8052312.49271228,-4505450.94285706,795,2023,1574726,2023/11/09 00:00:00+00,Noviembre,9,Jueves,1899/12/30 00:00:00+00,16:45:00,16,REGION BIO BIO,LOS ANGELES,COLISION LATERAL,COLISION,URBANA,TRAMO DE VIA RECTA,IMPRUDENCIA DEL CONDUCTOR,CONDUCCION NO ATENTO CONDICIONES TRANSITO MOMENTO,GABRIELA MISTRAL, ,- GABRIELA MISTRAL,1255, , ,BIDIRECCIONAL CON BANDEJON,CONCRETO,BUENO,SECO,DESPEJADO,0,1,0,0,08,083,08301,Biobío,Biobío,Los Angeles,Numero,"GABRIELA MISTRAL 1255, Los Angeles",-37.474478,-72.335154
-7913955.37412911,-4087473.71777466,796,2023,1548156,2023/07/31 00:00:00+00,Julio,31,Lunes,1899/12/30 00:00:00+00,16:45:00,16,REGION LIB.B.O'HIGGINS,SAN VICENTE,CHOQUE FRENTE/POSTERIOR,CHOQUE,URBANA,TRAMO DE VIA RECTA,IMPRUDENCIA DEL CONDUCTOR,CONDUCCION NO ATENTO CONDICIONES TRANSITO MOMENTO,ESPAÑA, ,- ESPAÑA,1169, , ,BIDIRECCIONAL,CONCRETO,BUENO,SECO,DESPEJADO,0,0,0,1,06,061,06117,Libertador General Bernardo O'Higgins,Cachapoal,San Vicente,Numero,"ESPAÑA 1169, San Vicente",-34.435824,-71.092271
-7853973.32046427,-3973333.66010965,797,2023,1507966,2023/01/27 00:00:00+00,Enero,27,Viernes,1899/12/30 00:00:00+00,21:20:00,21,REGION METROPOLITANA,PUENTE ALTO,CHOQUE FRENTE/LADO,CHOQUE,URBANA,TRAMO DE VIA RECTA,IMPRUDENCIA DEL CONDUCTOR,CONDUCCION NO ATENTO CONDICIONES TRANSITO MOMENTO,CRUCERO, ,- CRUCERO,2618, , ,BIDIRECCIONAL,CONCRETO,BUENO,SECO,DESPEJADO,0,0,0,0,13,132,13201,Metropolitana de Santiago,Cordillera,Puente Alto,Numero,"CRUCERO 2618, Puente Alto",-33.585904,-70.553443
-7875048.05331662,-3993000.39124641,798,2023,1549486,2023/07/31 00:00:00+00,Julio,31,Lunes,1899/12/30 00:00:00+00,17:30:00,17,REGION METROPOLITANA,BUIN,CHOQUE LADO/LADO,CHOQUE,URBANA,TRAMO DE VIA RECTA,IMPRUDENCIA DEL CONDUCTOR,CONDUCCION NO ATENTO CONDICIONES TRANSITO MOMENTO,MANUEL MONTT, ,- MANUEL MONTT,354, , ,UNIDIRECCIONAL,ASFALTO,BUENO,SECO,DESPEJADO,0,0,0,0,13,134,13402,Metropolitana de Santiago,Maipo,Buin,Numero,"MANUEL MONTT 354, Buin",-33.732954,-70.74276
-7899324.07715314,-3734910.3772567,799,2023,1574196,2023/11/09 00:00:00+00,Noviembre,9,Jueves,1899/12/30 00:00:00+00,21:00:00,21,REGION COQUIMBO,SALAMANCA,CHOQUE,CHOQUE,URBANA,TRAMO DE VIA RECTA,IMPRUDENCIA DEL CONDUCTOR,CONDUCCION NO ATENTO CONDICIONES TRANSITO MOMENTO,MANUEL BULNES, ,- MANUEL BULNES,211, , ,UNIDIRECCIONAL,CONCRETO,BUENO,SECO,DESPEJADO,0,0,0,0,04,042,04204,Coquimbo,Choapa,Salamanca,Numero,"MANUEL BULNES 211, Salamanca",-31.783388,-70.960836
-7927331.79011848,-3493013.13654205,800,2023,1512023,2023/02/18 00:00:00+00,Febrero,18,Sábado,1899/12/30 00:00:00+00,16:20:00,16,REGION COQUIMBO,LA SERENA,COLISION FRONTAL,COLISION,RURAL,TRAMO DE VIA RECTA,IMPRUDENCIA DEL CONDUCTOR,CONDUCCION NO ATENTO CONDICIONES TRANSITO MOMENTO, , , ,0,41 CH,5,BIDIRECCIONAL,ASFALTO,BUENO,SECO,DESPEJADO,0,0,0,2,04,041,04101,Coquimbo,Elqui,La Serena,Ruta,41 CH km 5,-29.917994,-71.212433
-7860684.96731764,-3874191.35673336,801,2023,1505982,2023/01/28 00:00:00+00,Enero,28,Sábado,1899/12/30 00:00:00+00,05:15:00,5,REGION VALPARAISO,SAN ESTEBAN,CHOQUE FRONTAL,CHOQUE,URBANA,TRAMO DE VIA RECTA,VELOCIDAD IMPRUDENTE,VELOCIDAD NO RAZONABLE NI PRUDENTE,FONCEA, ,- FONCEA,1520, , ,BIDIRECCIONAL,ASFALTO,BUENO,SECO,DESPEJADO,0,0,0,0,05,053,05304,Valparaíso,Los Andes,San Esteban,Numero,"FONCEA 1520, San Esteban",-32.840796,-70.613734
-7932504.19426449,-4160911.44093481,802,2023,1551829,2023/07/31 00:00:00+00,Julio,31,Lunes,1899/12/30 00:00:00+00,18:45:00,18,REGION MAULE,CURICO,VOLCADURA,VOLCADURA,URBANA,TRAMO DE VIA RECTA,VELOCIDAD IMPRUDENTE,VELOCIDAD NO RAZONABLE NI PRUDENTE,APOSTOL ANDRES, ,- APOSTOL ANDRES,1771, , ,BIDIRECCIONAL,ASFALTO,BUENO,SECO,DESPEJADO,0,0,0,1,07,073,07301,Maule,Curicó,Curicó,Numero,"APOSTOL ANDRES 1771, Curicó",-34.978144,-71.258898
-8056039.60883641,-4443401.89430402,803,2023,1511715,2023/02/18 00:00:00+00,Febrero,18,Sábado,1899/12/30 00:00:00+00,16:30:00,16,REGION BIO BIO,CABRERO,VOLCADURA,VOLCADURA,RURAL,TRAMO DE VIA RECTA,VELOCIDAD IMPRUDENTE,VELOCIDAD NO RAZONABLE NI PRUDENTE, , , ,0,RUTA 5 SUR,459,BIDIRECCIONAL CON BANDEJON,ASFALTO,BUENO,CON ACEITE,DESPEJADO,0,0,0,1,08,083,08303,Biobío,Biobío,Cabrero,Ruta,RUTA 5 SUR km 459,-37.030808,-72.368635
-7879768.59741173,-3952878.61455361,804,2023,1571775,2023/11/10 00:00:00+00,Noviembre,10,Viernes,1899/12/30 00:00:00+00,01:40:00,1,REGION METROPOLITANA,PUDAHUEL,VOLCADURA,VOLCADURA,URBANA,TRAMO DE VIA RECTA,ALCOHOL EN CONDUCTOR,CONDUCCION EN ESTADO DE EBRIEDAD,AMERICO VESPUCIO, ,- AMERICO VESPUCIO,12, , ,BIDIRECCIONAL,ASFALTO,REGULAR,SECO,NUBLADO,0,1,0,0,13,131,13124,Metropolitana de Santiago,Santiago,Pudahuel,Numero,"AMERICO VESPUCIO 12, Pudahuel",-33.432693,-70.785166
-7950383.95061946,-3900867.76497287,805,2023,1505796,2023/01/28 00:00:00+00,Enero,28,Sábado,1899/12/30 00:00:00+00,12:15:00,12,REGION VALPARAISO,QUILPUE,COLISION PERPENDICULAR,COLISION,URBANA,CRUCE CON SEÑAL PARE,DESOBEDIENCIA A SEÑALIZACION,SEÑALIZACION DESOBEDECER SEÑAL PARE,BADEN POWELL, ,- BADEN POWELL,150, , ,BIDIRECCIONAL,CONCRETO,BUENO,SECO,DESPEJADO,0,0,0,1,05,058,05801,Valparaíso,Marga Marga,Quilpué,Numero,"BADEN POWELL 150, Quilpué",-33.041907,-71.419514
-7889618.50662114,-3976219.0355592,806,2023,1550952,2023/08/01 00:00:00+00,Agosto,1,Martes,1899/12/30 00:00:00+00,07:45:00,7,REGION METROPOLITANA,PEÑAFLOR,VOLCADURA,VOLCADURA,URBANA,TRAMO DE VIA CURVA VERTICAL,VELOCIDAD IMPRUDENTE,VELOCIDAD NO RAZONABLE NI PRUDENTE,PAJARITOS, ,- PAJARITOS,3300, , ,BIDIRECCIONAL,CONCRETO,BUENO,HUMEDO,NEBLINA,0,0,0,0,13,136,13605,Metropolitana de Santiago,Talagante,Peñaflor,Numero,"PAJARITOS 3300, Peñaflor",-33.607494,-70.873649