X,Y,FID,Año,IdAccident,Fecha,Mes,Dia_mes,Dia_semana,Hora,Hora_texto,Hora_aprox,Región,Comuna,Tipo_Accid,Tipo__CONA,Zona,Ubicación,Causa__CON,Causa_Acci,Calle_Uno,Calle_Dos,Intersecci,Número,Ruta,Ubicaci_1,Calzada,Tipo_Calza,Estado_Cal,Condición,Estado_Atm,Fallecidos,Graves,Menos_Grav,Leves,CUT_REG,CUT_PROV,CUT_COM,REGION,PROVINCIA,COMUNA1,Tipo_direc,Direccion,Lat,Lon
-7857133.48745707,-3972257.45200721,807,2023,1572852,2023/11/10 00:00:00+00,Noviembre,10,Viernes,1899/12/30 00:00:00+00,10:20:00,10,REGION METROPOLITANA,PUENTE ALTO,COLISION LATERAL,COLISION,URBANA,TRAMO DE VIA RECTA,IMPRUDENCIA DEL CONDUCTOR,CONDUCCION NO ATENTO CONDICIONES TRANSITO MOMENTO,CONCHA Y TORO, ,- CONCHA Y TORO,3459, , ,BIDIRECCIONAL,CONCRETO,BUENO,SECO,DESPEJADO,0,0,1,0,13,132,13201,Metropolitana de Santiago,Cordillera,Puente Alto,Numero,"CONCHA Y TORO 3459, Puente Alto",-33.57785,-70.581831
-7976911.16761249,-4242540.68443792,808,2023,1510659,2023/02/18 00:00:00+00,Febrero,18,Sábado,1899/12/30 00:00:00+00,18:00:00,18,REGION MAULE,LINARES,COLISION POR ALCANCE,COLISION,RURAL,TRAMO DE VIA RECTA,IMPRUDENCIA DEL CONDUCTOR,CONDUCCION NO ATENTO CONDICIONES TRANSITO MOMENTO, , , ,0,"L-11, L-35",4,BIDIRECCIONAL,CONCRETO,BUENO,SECO,DESPEJADO,0,0,0,1,07,074,07401,Maule,Linares,Linares,Ruta,"L-11, L-35 km 4",-35.576769,-71.657812
-7859839.71804556,-3972893.25499742,809,2023,1506619,2023/01/28 00:00:00+00,Enero,28,Sábado,1899/12/30 00:00:00+00,13:35:00,13,REGION METROPOLITANA,PUENTE ALTO,COLISION LATERAL,COLISION,URBANA,TRAMO DE VIA RECTA,IMPRUDENCIA DEL CONDUCTOR,CONDUCCION NO ATENTO CONDICIONES TRANSITO MOMENTO,GABRIELA PONIENTE, ,- GABRIELA PONIENTE,3960, , ,BIDIRECCIONAL,CONCRETO,BUENO,SECO,DESPEJADO,0,0,0,0,13,132,13201,Metropolitana de Santiago,Cordillera,Puente Alto,Numero,"GABRIELA PONIENTE 3960, Puente Alto",-33.582608,-70.606141
-7860229.54888357,-3951490.81604713,810,2023,1550048,2023/08/01 00:00:00+00,Agosto,1,Martes,1899/12/30 00:00:00+00,19:30:00,19,REGION METROPOLITANA,PROVIDENCIA,COLISION POR ALCANCE,COLISION,URBANA,TRAMO DE VIA RECTA,IMPRUDENCIA DEL CONDUCTOR,CONDUCCION NO ATENTO CONDICIONES TRANSITO MOMENTO,RICARDO LYON, ,- RICARDO LYON,32, , ,UNIDIRECCIONAL,ASFALTO,REGULAR,SECO,DESPEJADO,0,0,0,0,13,131,13123,Metropolitana de Santiago,Santiago,Providencia,Numero,"RICARDO LYON 32, Providencia",-33.422289,-70.609643
-8125075.64220501,-4827229.71606874,811,2023,1511807,2023/02/18 00:00:00+00,Febrero,18,Sábado,1899/12/30 00:00:00+00,19:45:00,19,REGION DE LOS RIOS,MAFIL,VOLCADURA,VOLCADURA,RURAL,TRAMO DE VIA CURVA HORIZONTAL,ALCOHOL EN CONDUCTOR,CONDUCCION EN ESTADO DE EBRIEDAD, , , ,0,T-327,5,BIDIRECCIONAL,CONCRETO,BUENO,SECO,DESPEJADO,0,1,0,0,14,141,14105,Los Ríos,Valdivia,Máfil,Ruta,T-327 km 5,-39.73308,-72.988796
-8139084.11149465,-4407121.74341577,812,2023,1572063,2023/11/10 00:00:00+00,Noviembre,10,Viernes,1899/12/30 00:00:00+00,12:35:00,12,REGION BIO BIO,TALCAHUANO,COLISION POR ALCANCE,COLISION,URBANA,CRUCE CON SEÑAL PARE,DESOBEDIENCIA A SEÑALIZACION,SEÑALIZACION DESOBEDECER SEÑAL PARE,GRAN BRETAÑA, ,- GRAN BRETAÑA,5071, , ,BIDIRECCIONAL CON BANDEJON,CONCRETO,BUENO,SECO,DESPEJADO,0,0,1,0,08,081,08110,Biobío,Concepción,Talcahuano,Numero,"GRAN BRETAÑA 5071, Talcahuano",-36.770185,-73.114637
-7875572.76227831,-3961422.95838098,813,2023,1505928,2023/01/28 00:00:00+00,Enero,28,Sábado,1899/12/30 00:00:00+00,14:59:00,14,REGION METROPOLITANA,MAIPU,VOLCADURA,VOLCADURA,URBANA,TRAMO DE VIA RECTA,VELOCIDAD IMPRUDENTE,VELOCIDAD NO RAZONABLE NI PRUDENTE,RAFAEL RIESCO BERNALES, ,- RAFAEL RIESCO BERNALES,740, , ,BIDIRECCIONAL,ASFALTO,BUENO,SECO,DESPEJADO,0,2,0,0,13,131,13119,Metropolitana de Santiago,Santiago,Maipú,Numero,"RAFAEL RIESCO BERNALES 740, Maipú",-33.496724,-70.747474
-7860229.54888357,-3951490.81604713,814,2023,1556324,2023/08/01 00:00:00+00,Agosto,1,Martes,1899/12/30 00:00:00+00,19:30:00,19,REGION METROPOLITANA,PROVIDENCIA,COLISION POR ALCANCE,COLISION,URBANA,TRAMO DE VIA RECTA,IMPRUDENCIA DEL CONDUCTOR,CONDUCCION NO ATENTO CONDICIONES TRANSITO MOMENTO,RICARDO LYON, ,- RICARDO LYON,32, , ,BIDIRECCIONAL,ASFALTO,BUENO,SECO,DESPEJADO,0,0,0,0,13,131,13123,Metropolitana de Santiago,Santiago,Providencia,Numero,"RICARDO LYON 32, Providencia",-33.422289,-70.609643
-8103530.33905572,-4845652.58986196,815,2023,1572005,2023/11/10 00:00:00+00,Noviembre,10,Viernes,1899/12/30 00:00:00+00,18:00:00,18,REGION DE LOS RIOS,LOS LAGOS,ATROPELLO,ATROPELLO,RURAL,TRAMO DE VIA RECTA,IMPRUDENCIA DEL CONDUCTOR,NO RESPETAR DERECHO PREFERENTE DE PASO A PEATON,QUINCHILCA, ,- QUINCHILCA,1401, , ,BIDIRECCIONAL,CONCRETO,BUENO,SECO,NUBLADO,0,0,0,1,14,141,14104,Los Ríos,Valdivia,Los Lagos,Numero,"QUINCHILCA 1401, Los Lagos",-39.860234,-72.795252
-7928035.32159699,-4167160.64797052,816,2023,1512553,2023/02/18 00:00:00+00,Febrero,18,Sábado,1899/12/30 00:00:00+00,21:15:00,21,REGION MAULE,CURICO,ATROPELLO,ATROPELLO,RURAL,TRAMO DE VIA RECTA,ALCOHOL EN CONDUCTOR,CONDUCCION EN ESTADO DE EBRIEDAD, , , ,0,J-665,1,BIDIRECCIONAL,ASFALTO,BUENO,SECO,DESPEJADO,0,0,1,1,07,073,07301,Maule,Curicó,Curicó,Ruta,J-665 km 1,-35.024129,-71.218753
-8126934.33055143,-4414303.87876386,817,2023,1506661,2023/01/28 00:00:00+00,Enero,28,Sábado,1899/12/30 00:00:00+00,20:00:00,20,REGION BIO BIO,CONCEPCION,COLISION,COLISION,URBANA,TRAMO DE VIA RECTA,IMPRUDENCIA DEL CONDUCTOR,CONDUCCION NO ATENTO CONDICIONES TRANSITO MOMENTO,COLLAO, ,- COLLAO,1883, , ,BIDIRECCIONAL,CONCRETO,BUENO,SECO,DESPEJADO,0,0,0,1,08,081,08101,Biobío,Concepción,Concepción,Numero,"COLLAO 1883, Concepción",-36.821849,-73.005493
-8053673.99515092,-4506700.93949288,818,2023,1551593,2023/08/02 00:00:00+00,Agosto,2,Miércoles,1899/12/30 00:00:00+00,07:30:00,7,REGION BIO BIO,LOS ANGELES,COLISION FRONTAL,COLISION,URBANA,TRAMO DE VIA RECTA,ALCOHOL EN CONDUCTOR,CONDUCCION BAJO LA INFLUENCIA DEL ALCOHOL,LOS CARRERA, ,- LOS CARRERA,905, , ,BIDIRECCIONAL,CONCRETO,REGULAR,SECO,DESPEJADO,0,1,0,1,08,083,08301,Biobío,Biobío,Los Angeles,Numero,"LOS CARRERA 905, Los Angeles",-37.483389,-72.347384
-8064189.69815297,-4734846.25815787,819,2023,1511013,2023/02/18 00:00:00+00,Febrero,18,Sábado,1899/12/30 00:00:00+00,21:30:00,21,REGION ARAUCANIA,PITRUFQUEN,COLISION,COLISION,RURAL,TRAMO DE VIA RECTA,IMPRUDENCIA DEL CONDUCTOR,CONDUCCION SIN MANTENER DISTANCIA RAZONABLE NI PRUDENTE, , , ,0,S-65,24,BIDIRECCIONAL,ASFALTO,BUENO,SECO,DESPEJADO,0,1,0,0,09,091,09114,La Araucanía,Cautín,Pitrufquén,Ruta,S-65 km 24,-39.091916,-72.441849
-8119258.09497813,-5082395.09799397,820,2023,1506962,2023/01/29 00:00:00+00,Enero,29,Domingo,1899/12/30 00:00:00+00,11:15:00,11,REGION LOS LAGOS,PUERTO MONTT,CHOQUE FRENTE/POSTERIOR,CHOQUE,URBANA,CRUCE CON SEMAFORO FUNCIONANDO,IMPRUDENCIA DEL CONDUCTOR,CONDUCCION NO ATENTO CONDICIONES TRANSITO MOMENTO,JUAN SOLER MANFREDINI, ,- JUAN SOLER MANFREDINI,51, , ,BIDIRECCIONAL CON BANDEJON,CONCRETO,BUENO,SECO,DESPEJADO,0,0,0,0,10,101,10101,Los Lagos,Llanquihue,Puerto Montt,Numero,"JUAN SOLER MANFREDINI 51, Puerto Montt",-41.473227,-72.936536
-7966316.17549975,-3898957.47435324,821,2023,1551212,2023/08/02 00:00:00+00,Agosto,2,Miércoles,1899/12/30 00:00:00+00,08:27:00,8,REGION VALPARAISO,VIÑA DEL MAR,COLISION POR ALCANCE,COLISION,URBANA,TRAMO DE VIA RECTA,IMPRUDENCIA DEL CONDUCTOR,CONDUCCION NO ATENTO CONDICIONES TRANSITO MOMENTO,AGUA SANTA, ,- AGUA SANTA,201, , ,BIDIRECCIONAL,CONCRETO,BUENO,SECO,DESPEJADO,0,1,0,0,05,051,05109,Valparaíso,Valparaíso,Viña del Mar,Numero,"AGUA SANTA 201, Viña del Mar",-33.027521,-71.562636
-7956808.88686626,-4331255.17157711,822,2023,1510498,2023/02/18 00:00:00+00,Febrero,18,Sábado,1899/12/30 00:00:00+00,22:20:00,22,REGION MAULE,PARRAL,COLISION FRONTAL,COLISION,RURAL,TRAMO DE VIA RECTA,IMPRUDENCIA DEL CONDUCTOR,ADELANTAMIENTO SIN EL ESPACIO O TIEMPO SUFICIENTE, , , ,0,L-75,35,BIDIRECCIONAL,MIXTO,BUENO,SECO,DESPEJADO,1,0,0,1,07,074,07404,Maule,Linares,Parral,Ruta,L-75 km 35,-36.222317,-71.47723
-7871164.05533542,-3508242.10836571,823,2023,1571415,2023/11/10 00:00:00+00,Noviembre,10,Viernes,1899/12/30 00:00:00+00,21:50:00,21,REGION COQUIMBO,VICUÑA,VOLCADURA,VOLCADURA,URBANA,PUENTE,IMPRUDENCIA DEL CONDUCTOR,CONDUCCION NO ATENTO CONDICIONES TRANSITO MOMENTO,PUENTE PRELITERIO TOMAS ALVARAREZ, ,- PUENTE PRELITERIO TOMAS ALVARAREZ,1, , ,BIDIRECCIONAL,ASFALTO,BUENO,SECO,DESPEJADO,0,1,0,0,04,041,04106,Coquimbo,Elqui,Vicuña,Numero,"PUENTE PRELITERIO TOMAS ALVARAREZ 1, Vicuña",-30.036497,-70.70787
-8140624.2333143,-4400372.89733446,824,2023,1550159,2023/08/02 00:00:00+00,Agosto,2,Miércoles,1899/12/30 00:00:00+00,17:20:00,17,REGION BIO BIO,TALCAHUANO,COLISION LATERAL,COLISION,URBANA,TRAMO DE VIA RECTA,IMPRUDENCIA DEL CONDUCTOR,ADELANTAMIENTO SIN EL ESPACIO O TIEMPO SUFICIENTE,ALMIRANTE LATORRE, ,- ALMIRANTE LATORRE,1170, , ,BIDIRECCIONAL,CONCRETO,BUENO,SECO,DESPEJADO,0,0,0,0,08,081,08110,Biobío,Concepción,Talcahuano,Numero,"ALMIRANTE LATORRE 1170, Talcahuano",-36.721605,-73.128472
-7670805.12338603,-2567330.54156038,825,2023,1507894,2023/01/29 00:00:00+00,Enero,29,Domingo,1899/12/30 00:00:00+00,16:15:00,16,REGION ANTOFAGASTA,CALAMA,COLISION,COLISION,URBANA,TRAMO DE VIA RECTA,ALCOHOL EN CONDUCTOR,CONDUCCION BAJO LA INFLUENCIA DEL ALCOHOL,LA PAZ, ,- LA PAZ,644, , ,BIDIRECCIONAL,ASFALTO,BUENO,SECO,DESPEJADO,0,0,0,1,02,022,02201,Antofagasta,El Loa,Calama,Numero,"LA PAZ 644, Calama",-22.464038,-68.908015
-8140922.20743846,-4418211.42632296,826,2023,1571614,2023/11/11 00:00:00+00,Noviembre,11,Sábado,1899/12/30 00:00:00+00,00:15:00,0,REGION BIO BIO,SAN PEDRO DE LA PAZ,CHOQUE,CHOQUE,URBANA,TRAMO DE VIA RECTA,IMPRUDENCIA DEL CONDUCTOR,CONDUCCION NO ATENTO CONDICIONES TRANSITO MOMENTO,CAMINO A CORONEL, ,- CAMINO A CORONEL,3925, , ,BIDIRECCIONAL CON BANDEJON,CONCRETO,BUENO,SECO,NUBLADO,0,1,0,0,08,081,08108,Biobío,Concepción,San Pedro de la Paz,Numero,"CAMINO A CORONEL 3925, San Pedro de la Paz",-36.849943,-73.131148
-8083955.46331793,-4472548.91882658,827,2023,1511733,2023/02/19 00:00:00+00,Febrero,19,Domingo,1899/12/30 00:00:00+00,09:40:00,9,REGION BIO BIO,LAJA,COLISION,COLISION,RURAL,TRAMO DE VIA RECTA,IMPRUDENCIA DEL CONDUCTOR,CONDUCCION NO ATENTO CONDICIONES TRANSITO MOMENTO, , , ,0,Q-90-O,25,BIDIRECCIONAL,ASFALTO,BUENO,SECO,DESPEJADO,0,1,0,0,08,083,08304,Biobío,Biobío,Laja,Ruta,Q-90-O km 25,-37.239544,-72.619407
-7978089.6723855,-3955757.91796543,828,2023,1554324,2023/08/02 00:00:00+00,Agosto,2,Miércoles,1899/12/30 00:00:00+00,18:40:00,18,REGION VALPARAISO,EL TABO,COLISION,COLISION,URBANA,TRAMO DE VIA RECTA,IMPRUDENCIA DEL CONDUCTOR,CONDUCCION SIN MANTENER DISTANCIA RAZONABLE NI PRUDENTE,ARELLANO, ,- ARELLANO,150, , ,UNIDIRECCIONAL,CONCRETO,BUENO,SECO,DESPEJADO,0,0,0,0,05,056,05605,Valparaíso,San Antonio,El Tabo,Numero,"ARELLANO 150, El Tabo",-33.454276,-71.668399
-7874099.65628379,-4015178.66441062,829,2023,1505839,2023/01/29 00:00:00+00,Enero,29,Domingo,1899/12/30 00:00:00+00,17:50:00,17,REGION METROPOLITANA,PAINE,VOLCADURA,VOLCADURA,RURAL,TRAMO DE VIA RECTA,ALCOHOL EN CONDUCTOR,CONDUCCION EN ESTADO DE EBRIEDAD, , , ,0,RUTA 5 SUR,53,BIDIRECCIONAL,ASFALTO,BUENO,SECO,DESPEJADO,0,0,0,1,13,134,13404,Metropolitana de Santiago,Maipo,Paine,Numero,RUTA 5 SUR km 53,-33.898481,-70.734241
-7830401.68314013,-3168558.08568591,830,2023,1572786,2023/11/11 00:00:00+00,Noviembre,11,Sábado,1899/12/30 00:00:00+00,18:00:00,18,REGION ATACAMA,COPIAPO,VOLCADURA,VOLCADURA,URBANA,TRAMO DE VIA CURVA VERTICAL,VELOCIDAD IMPRUDENTE,VELOCIDAD NO RAZONABLE NI PRUDENTE,LAUTARO, ,- LAUTARO,62, , ,UNIDIRECCIONAL,ASFALTO,BUENO,SECO,DESPEJADO,0,0,0,1,03,031,03101,Atacama,Copiapó,Copiapó,Numero,"LAUTARO 62, Copiapó",-27.360292,-70.341695
-8137015.05796427,-4416654.66462054,831,2023,1565468,2023/08/02 00:00:00+00,Agosto,2,Miércoles,1899/12/30 00:00:00+00,20:30:00,20,REGION BIO BIO,SAN PEDRO DE LA PAZ,COLISION LATERAL,COLISION,URBANA,TRAMO DE VIA RECTA,IMPRUDENCIA DEL CONDUCTOR,CONDUCCION CAMBIAR SORPRESIVAMENTE PISTA CIRCULACION,PEDRO AGUIRRE CERDA, ,- PEDRO AGUIRRE CERDA,1055, , ,UNIDIRECCIONAL,CONCRETO,BUENO,SECO,NUBLADO,0,0,0,0,08,081,08108,Biobío,Concepción,San Pedro de la Paz,Numero,"PEDRO AGUIRRE CERDA 1055, San Pedro de la Paz",-36.838752,-73.09605
-7856071.01914903,-3947221.51076652,832,2023,1507672,2023/01/30 00:00:00+00,Enero,30,Lunes,1899/12/30 00:00:00+00,09:15:00,9,REGION METROPOLITANA,VITACURA,COLISION PERPENDICULAR,COLISION,URBANA,TRAMO DE VIA RECTA,ALCOHOL EN CONDUCTOR,CONDUCCION BAJO LA INFLUENCIA DEL ALCOHOL,VITACURA, ,- VITACURA,5410, , ,BIDIRECCIONAL,ASFALTO,BUENO,SECO,DESPEJADO,0,1,0,0,13,131,13132,Metropolitana de Santiago,Santiago,Vitacura,Numero,"VITACURA 5410, Vitacura",-33.390273,-70.572287
-7887580.48102771,-3968381.49429969,833,2023,1571602,2023/11/11 00:00:00+00,Noviembre,11,Sábado,1899/12/30 00:00:00+00,20:50:00,20,REGION METROPOLITANA,PADRE HURTADO,COLISION FRONTAL,COLISION,RURAL,PUENTE,VELOCIDAD IMPRUDENTE,VELOCIDAD NO RAZONABLE NI PRUDENTE, , , ,0,G-68,5,BIDIRECCIONAL,ASFALTO,BUENO,SECO,DESPEJADO,1,0,0,0,13,136,13604,Metropolitana de Santiago,Talagante,Padre Hurtado,Numero,G-68 km 5,-33.548837,-70.855341
-7898286.84075466,-3861442.02514289,834,2023,1512918,2023/02/19 00:00:00+00,Febrero,19,Domingo,1899/12/30 00:00:00+00,12:45:00,12,REGION VALPARAISO,CATEMU,COLISION,COLISION,RURAL,TRAMO DE VIA RECTA,IMPRUDENCIA DEL CONDUCTOR,CONDUCCION NO ATENTO CONDICIONES TRANSITO MOMENTO, , , ,0,E-623,2,BIDIRECCIONAL,ASFALTO,BUENO,SECO,DESPEJADO,0,1,0,0,05,057,05702,Valparaíso,San Felipe de Aconcagua,Catemu,Ruta,E-623 km 2,-32.744519,-70.951518
-7864415.91470243,-3953352.72334428,835,2023,1508165,2023/01/30 00:00:00+00,Enero,30,Lunes,1899/12/30 00:00:00+00,14:00:00,14,REGION METROPOLITANA,SANTIAGO,COLISION LATERAL,COLISION,URBANA,CRUCE CON SEMAFORO FUNCIONANDO,IMPRUDENCIA DEL CONDUCTOR,ADELANTAMIENTO SIN EL ESPACIO O TIEMPO SUFICIENTE,MAC IVER, ,- MAC IVER,549, , ,UNIDIRECCIONAL,ASFALTO,BUENO,SECO,DESPEJADO,0,0,0,1,13,131,13101,Metropolitana de Santiago,Santiago,Santiago,Numero,"MAC IVER 549, Santiago",-33.436248,-70.64725
-7867799.3735211,-3969562.33000014,836,2023,1549035,2023/08/02 00:00:00+00,Agosto,2,Miércoles,1899/12/30 00:00:00+00,23:20:00,23,REGION METROPOLITANA,EL BOSQUE,COLISION POR ALCANCE,COLISION,URBANA,TRAMO DE VIA RECTA,IMPRUDENCIA DEL CONDUCTOR,CONDUCCION CAMBIAR SORPRESIVAMENTE PISTA CIRCULACION,GRAN AVDA JOSE MIGUEL CARRERA, ,- GRAN AVDA JOSE MIGUEL CARRERA,10634, , ,BIDIRECCIONAL CON BANDEJON,CONCRETO,BUENO,SECO,DESPEJADO,0,1,0,0,13,131,13105,Metropolitana de Santiago,Santiago,El Bosque,Numero,"GRAN AVDA JOSE MIGUEL CARRERA 10634, El Bosque",-33.557677,-70.677644
-8103278.05295527,-5003344.4293403,837,2023,1512429,2023/02/19 00:00:00+00,Febrero,19,Domingo,1899/12/30 00:00:00+00,13:50:00,13,REGION LOS LAGOS,PUERTO OCTAY,VOLCADURA,VOLCADURA,RURAL,TRAMO DE VIA RECTA,DROGAS Y/O FATIGA EN CONDUCTOR,"CONDICIONES FISICAS DEFICIENTES (CANSANCIO, SUEÑO)", , , ,0,U-55-V,49,BIDIRECCIONAL,ASFALTO,BUENO,SECO,DESPEJADO,0,0,0,1,10,103,10302,Los Lagos,Osorno,Puerto Octay,Ruta,U-55-V km 49,-40.938973,-72.792985
-7870779.15047394,-3956110.05981593,838,2023,1574325,2023/11/11 00:00:00+00,Noviembre,11,Sábado,1899/12/30 00:00:00+00,21:30:00,21,REGION METROPOLITANA,ESTACION CENTRAL,COLISION,COLISION,URBANA,TRAMO DE VIA RECTA,IMPRUDENCIA DEL CONDUCTOR,CONDUCCION NO ATENTO CONDICIONES TRANSITO MOMENTO,LIBER BERNARDO O'HIGGINS, ,- LIBER BERNARDO O'HIGGINS,5027, , ,BIDIRECCIONAL CON BANDEJON,ASFALTO,BUENO,SECO,DESPEJADO,0,0,0,0,13,131,13106,Metropolitana de Santiago,Santiago,Estación Central,Numero,"LIBER BERNARDO O'HIGGINS 5027, Estación Central",-33.456915,-70.704412
-8060710.35608315,-4210199.63604157,839,2023,1508572,2023/01/30 00:00:00+00,Enero,30,Lunes,1899/12/30 00:00:00+00,15:45:00,15,REGION MAULE,CONSTITUCION,COLISION,COLISION,URBANA,TRAMO DE VIA RECTA,IMPRUDENCIA DEL CONDUCTOR,ADELANTAMIENTO SIN EL ESPACIO O TIEMPO SUFICIENTE,QUINTA GAETE, ,- QUINTA GAETE,1410, , ,BIDIRECCIONAL,CONCRETO,BUENO,SECO,DESPEJADO,0,0,0,0,07,071,07102,Maule,Talca,Constitución,Numero,"QUINTA GAETE 1410, Constitución",-35.340127,-72.410593
-7902351.78038616,-4111062.71330043,840,2023,1514698,2023/02/19 00:00:00+00,Febrero,19,Domingo,1899/12/30 00:00:00+00,15:06:00,15,REGION LIB.B.O'HIGGINS,SAN FERNANDO,COLISION POR ALCANCE,COLISION,RURAL,TRAMO DE VIA RECTA,IMPRUDENCIA DEL CONDUCTOR,CONDUCCION NO ATENTO CONDICIONES TRANSITO MOMENTO, , , ,0,I-50,1,BIDIRECCIONAL,ASFALTO,BUENO,SECO,DESPEJADO,0,2,0,0,06,063,06301,Libertador General Bernardo O'Higgins,Colchagua,San Fernando,Ruta,I-50 km 1,-34.61041,-70.988034
-7871340.4063369,-3862174.48375273,841,2023,1550511,2023/08/03 00:00:00+00,Agosto,3,Jueves,1899/12/30 00:00:00+00,08:50:00,8,REGION VALPARAISO,SAN FELIPE,COLISION,COLISION,URBANA,TRAMO DE VIA RECTA,IMPRUDENCIA DEL CONDUCTOR,VIRAJES INDEBIDOS,MIRAFLORES, ,- MIRAFLORES,2085, , ,BIDIRECCIONAL,CONCRETO,BUENO,SECO,DESPEJADO,0,0,0,1,05,057,05701,Valparaíso,San Felipe de Aconcagua,San Felipe,Numero,"MIRAFLORES 2085, San Felipe",-32.750053,-70.709454
-7835844.47790988,-2702306.59915437,842,2023,1571823,2023/11/12 00:00:00+00,Noviembre,12,Domingo,1899/12/30 00:00:00+00,07:00:00,7,REGION ANTOFAGASTA,ANTOFAGASTA,VOLCADURA,VOLCADURA,URBANA,TRAMO DE VIA RECTA,ALCOHOL EN CONDUCTOR,CONDUCCION EN ESTADO DE EBRIEDAD,PEDRO AGUIRRE CERDA, ,- PEDRO AGUIRRE CERDA,9400, , ,BIDIRECCIONAL CON BANDEJON,ASFALTO,BUENO,SECO,DESPEJADO,0,1,0,0,02,021,02101,Antofagasta,Antofagasta,Antofagasta,Numero,"PEDRO AGUIRRE CERDA 9400, Antofagasta",-23.579954,-70.390589
-7872839.84323151,-3930217.36341169,843,2023,1509221,2023/01/31 00:00:00+00,Enero,31,Martes,1899/12/30 00:00:00+00,07:50:00,7,REGION METROPOLITANA,COLINA,CHOQUE,CHOQUE,RURAL,TRAMO DE VIA RECTA,IMPRUDENCIA DEL CONDUCTOR,CONDUCCION NO ATENTO CONDICIONES TRANSITO MOMENTO, , , ,0,RUTA 73,"2,2",BIDIRECCIONAL,ASFALTO,BUENO,SECO,DESPEJADO,0,0,0,2,13,133,13301,Metropolitana de Santiago,Chacabuco,Colina,Numero,"RUTA 73 km 2,2",-33.262642,-70.722924
-8061652.84817358,-4570894.97260746,844,2023,1511920,2023/02/20 00:00:00+00,Febrero,20,Lunes,1899/12/30 00:00:00+00,07:45:00,7,REGION ARAUCANIA,COLLIPULLI,VOLCADURA,VOLCADURA,RURAL,TRAMO DE VIA RECTA,ALCOHOL EN CONDUCTOR,CONDUCCION EN ESTADO DE EBRIEDAD, , , ,0,R-322,3,UNIDIRECCIONAL,RIPIO,REGULAR, ,DESPEJADO,0,1,0,0,09,092,09202,La Araucanía,Malleco,Collipulli,Ruta,R-322 km 3,-37.939587,-72.41906
-7867609.68028865,-3922487.86142124,845,2023,1573788,2023/11/12 00:00:00+00,Noviembre,12,Domingo,1899/12/30 00:00:00+00,14:30:00,14,REGION METROPOLITANA,COLINA,CHOQUE FRENTE/POSTERIOR,CHOQUE,URBANA,TRAMO DE VIA RECTA,IMPRUDENCIA DEL CONDUCTOR,CONDUCCION SIN MANTENER DISTANCIA RAZONABLE NI PRUDENTE,ESMERALDA, ,- ESMERALDA,1963, , ,BIDIRECCIONAL,ASFALTO,BUENO,SECO,DESPEJADO,0,0,0,0,13,133,13301,Metropolitana de Santiago,Chacabuco,Colina,Numero,"ESMERALDA 1963, Colina",-33.204563,-70.67594
-7867100.73598137,-3923638.50425404,846,2023,1550188,2023/08/03 00:00:00+00,Agosto,3,Jueves,1899/12/30 00:00:00+00,12:05:00,12,REGION METROPOLITANA,COLINA,COLISION POR ALCANCE,COLISION,URBANA,TRAMO DE VIA RECTA,IMPRUDENCIA DEL CONDUCTOR,CONDUCCION NO ATENTO CONDICIONES TRANSITO MOMENTO,CALETERA GRAL SAN MARTIN, ,- CALETERA GRAL SAN MARTIN,24500, , ,BIDIRECCIONAL,ASFALTO,BUENO,SECO,DESPEJADO,0,0,0,0,13,133,13301,Metropolitana de Santiago,Chacabuco,Colina,Numero,"CALETERA GRAL SAN MARTIN 24500, Colina",-33.213211,-70.671368
-7857196.54909144,-3949573.83605961,847,2023,1509076,2023/01/31 00:00:00+00,Enero,31,Martes,1899/12/30 00:00:00+00,11:55:00,11,REGION METROPOLITANA,LAS CONDES,COLISION POR ALCANCE,COLISION,URBANA,TRAMO DE VIA RECTA,IMPRUDENCIA DEL CONDUCTOR,CONDUCCION SIN MANTENER DISTANCIA RAZONABLE NI PRUDENTE,PDTE RIESCO, ,- PDTE RIESCO,4601, , ,UNIDIRECCIONAL,CONCRETO,BUENO,SECO,DESPEJADO,0,1,0,0,13,131,13114,Metropolitana de Santiago,Santiago,Las Condes,Numero,"PDTE RIESCO 4601, Las Condes",-33.407915,-70.582398
-8019932.71373689,-4370994.7099304,848,2023,1511747,2023/02/20 00:00:00+00,Febrero,20,Lunes,1899/12/30 00:00:00+00,12:50:00,12,REGION ÑUBLE,SAN CARLOS,VOLCADURA,VOLCADURA,RURAL,TRAMO DE VIA RECTA,VELOCIDAD IMPRUDENTE,VELOCIDAD NO RAZONABLE NI PRUDENTE, , , ,0,RUTA 5 SUR,390,BIDIRECCIONAL CON BANDEJON,ASFALTO,BUENO,HUMEDO,DESPEJADO,0,1,0,0,16,163,16301,Ñuble,Punilla,San Carlos,Ruta,RUTA 5 SUR km 390,-36.509778,-72.044281
-8053383.99399586,-4504994.28456689,849,2023,1551628,2023/08/03 00:00:00+00,Agosto,3,Jueves,1899/12/30 00:00:00+00,16:25:00,16,REGION BIO BIO,LOS ANGELES,VOLCADURA,VOLCADURA,URBANA,TRAMO DE VIA RECTA,IMPRUDENCIA DEL CONDUCTOR,CONDUCCION NO ATENTO CONDICIONES TRANSITO MOMENTO,JUAN ANTONIO COLOMA, ,- JUAN ANTONIO COLOMA,311, , ,UNIDIRECCIONAL,CONCRETO,REGULAR,SECO,DESPEJADO,0,1,0,0,08,083,08301,Biobío,Biobío,Los Angeles,Numero,"JUAN ANTONIO COLOMA 311, Los Angeles",-37.471223,-72.344779