X,Y,FID,Año,IdAccident,Fecha,Mes,Dia_mes,Dia_semana,Hora,Hora_texto,Hora_aprox,Región,Comuna,Tipo_Accid,Tipo__CONA,Zona,Ubicación,Causa__CON,Causa_Acci,Calle_Uno,Calle_Dos,Intersecci,Número,Ruta,Ubicaci_1,Calzada,Tipo_Calza,Estado_Cal,Condición,Estado_Atm,Fallecidos,Graves,Menos_Grav,Leves,CUT_REG,CUT_PROV,CUT_COM,REGION,PROVINCIA,COMUNA1,Tipo_direc,Direccion,Lat,Lon
-8056285.68416643,-4505365.64813912,850,2023,1575260,2023/11/12 00:00:00+00,Noviembre,12,Domingo,1899/12/30 00:00:00+00,16:40:00,16,REGION BIO BIO,LOS ANGELES,COLISION LATERAL,COLISION,URBANA,TRAMO DE VIA RECTA,IMPRUDENCIA DEL CONDUCTOR,CONDUCCION NO ATENTO CONDICIONES TRANSITO MOMENTO,PADRE HURTADO, ,- PADRE HURTADO,215, , ,BIDIRECCIONAL CON BANDEJON,CONCRETO,BUENO,SECO,DESPEJADO,0,0,0,2,08,083,08301,Biobío,Biobío,Los Angeles,Numero,"PADRE HURTADO 215, Los Angeles",-37.47387,-72.370846
-7985311.49000865,-4245944.03463076,851,2023,1511798,2023/02/21 00:00:00+00,Febrero,21,Martes,1899/12/30 00:00:00+00,18:40:00,18,REGION MAULE,VILLA ALEGRE,COLISION POR ALCANCE,COLISION,RURAL,TRAMO DE VIA RECTA,IMPRUDENCIA DEL CONDUCTOR,CONDUCCION NO ATENTO CONDICIONES TRANSITO MOMENTO, , , ,0,L-16,4,BIDIRECCIONAL,ASFALTO,BUENO,SECO,DESPEJADO,0,0,0,1,07,074,07407,Maule,Linares,Villa Alegre,Ruta,L-16 km 4,-35.601632,-71.733274
-8080585.97100993,-4689844.12224403,852,2023,1507113,2023/01/31 00:00:00+00,Enero,31,Martes,1899/12/30 00:00:00+00,18:30:00,18,REGION ARAUCANIA,PADRE LAS CASAS,VOLCADURA,VOLCADURA,URBANA,ROTONDA,DROGAS Y/O FATIGA EN CONDUCTOR,"CONDICIONES FISICAS DEFICIENTES (CANSANCIO, SUEÑO)",LA QUEBRADA, ,- LA QUEBRADA,700, , ,BIDIRECCIONAL,CONCRETO,BUENO,SECO,DESPEJADO,0,0,0,1,09,091,09112,La Araucanía,Cautín,Padre Las Casas,Numero,"LA QUEBRADA 700, Padre Las Casas",-38.777457,-72.589139
-8119164.37615636,-4435695.6594493,853,2023,1577785,2023/11/12 00:00:00+00,Noviembre,12,Domingo,1899/12/30 00:00:00+00,19:39:00,19,REGION BIO BIO,HUALQUI,CHOQUE,CHOQUE,URBANA,TRAMO DE VIA RECTA,IMPRUDENCIA DEL CONDUCTOR,CONDUCCION NO ATENTO CONDICIONES TRANSITO MOMENTO,RAMON FREIRE, ,- RAMON FREIRE,550, , ,UNIDIRECCIONAL,CONCRETO,BUENO,SECO,DESPEJADO,0,0,0,0,08,081,08105,Biobío,Concepción,Hualqui,Numero,"RAMON FREIRE 550, Hualqui",-36.975524,-72.935695
-8051115.06546261,-4499839.44545314,854,2023,1513641,2023/02/21 00:00:00+00,Febrero,21,Martes,1899/12/30 00:00:00+00,20:30:00,20,REGION BIO BIO,LOS ANGELES,COLISION LATERAL,COLISION,RURAL,TRAMO DE VIA CURVA HORIZONTAL,ALCOHOL EN CONDUCTOR,CONDUCCION BAJO LA INFLUENCIA DEL ALCOHOL, , , ,0,Q-15,1,BIDIRECCIONAL,CONCRETO,BUENO,SECO,DESPEJADO,0,0,0,2,08,083,08301,Biobío,Biobío,Los Angeles,Ruta,Q-15 km 1,-37.434462,-72.324397
-8137227.20193351,-4412107.06595149,855,2023,1549576,2023/08/03 00:00:00+00,Agosto,3,Jueves,1899/12/30 00:00:00+00,17:00:00,17,REGION BIO BIO,HUALPEN,CHOQUE FRENTE/POSTERIOR,CHOQUE,URBANA,TRAMO DE VIA RECTA,IMPRUDENCIA DEL CONDUCTOR,CONDUCCION NO ATENTO CONDICIONES TRANSITO MOMENTO,COSTANERA, ,- COSTANERA,365, , ,BIDIRECCIONAL CON BANDEJON,CONCRETO,BUENO,SECO,DESPEJADO,0,0,0,0,08,081,08112,Biobío,Concepción,Hualpén,Numero,"COSTANERA 365, Hualpén",-36.80605,-73.097956
-7877295.60426637,-3970671.96556443,856,2023,1511939,2023/01/31 00:00:00+00,Enero,31,Martes,1899/12/30 00:00:00+00,18:30:00,18,REGION METROPOLITANA,MAIPU,COLISION LATERAL,COLISION,URBANA,TRAMO DE VIA RECTA,DESOBEDIENCIA A SEÑALIZACION,SEÑALIZACION DESOBEDECER SEÑAL PARE,CAMINO A LONQUEN, ,- CAMINO A LONQUEN,15000, , ,BIDIRECCIONAL,ASFALTO,BUENO,SECO,DESPEJADO,0,0,0,2,13,131,13119,Metropolitana de Santiago,Santiago,Maipú,Numero,"CAMINO A LONQUEN 15000, Maipú",-33.565983,-70.76295
-7934475.85890307,-4178263.71192426,857,2023,1571324,2023/11/12 00:00:00+00,Noviembre,12,Domingo,1899/12/30 00:00:00+00,20:50:00,20,REGION MAULE,MOLINA,COLISION PERPENDICULAR,COLISION,URBANA,TRAMO DE VIA RECTA,DESOBEDIENCIA A SEÑALIZACION,SEÑALIZACION DESOBEDECER SEÑAL PARE,QUECHEREGUAS, ,- QUECHEREGUAS,1093, , ,BIDIRECCIONAL,ASFALTO,BUENO,SECO,DESPEJADO,0,1,0,0,07,073,07304,Maule,Curicó,Molina,Numero,"QUECHEREGUAS 1093, Molina",-35.105767,-71.276609
-7860869.95233675,-3951121.80294583,858,2023,1551167,2023/08/03 00:00:00+00,Agosto,3,Jueves,1899/12/30 00:00:00+00,18:30:00,18,REGION METROPOLITANA,PROVIDENCIA,COLISION FRONTAL,COLISION,URBANA,TRAMO DE VIA RECTA,ALCOHOL EN CONDUCTOR,CONDUCCION EN ESTADO DE EBRIEDAD,PEDRO DE VALDIVIA, ,- PEDRO DE VALDIVIA,129, , ,BIDIRECCIONAL,MIXTO,REGULAR,SECO,DESPEJADO,0,0,0,1,13,131,13123,Metropolitana de Santiago,Santiago,Providencia,Numero,"PEDRO DE VALDIVIA 129, Providencia",-33.419522,-70.615396
-8169587.77787372,-4533168.33491424,859,2023,1511566,2023/02/22 00:00:00+00,Febrero,22,Miércoles,1899/12/30 00:00:00+00,10:15:00,10,REGION BIO BIO,LOS ALAMOS,ATROPELLO,ATROPELLO,RURAL,TRAMO DE VIA RECTA,IMPRUDENCIA DEL PEATON,PEATON CRUZA CAMINO O CARRETERA SIN ADOPTAR PRECAUCIONES, , , ,0,P-60-R,7,BIDIRECCIONAL,ASFALTO,BUENO,SECO,DESPEJADO,1,0,0,1,08,082,08206,Biobío,Arauco,Los Alamos,Ruta,P-60-R km 7,-37.671821,-73.388656
-8139396.41154671,-4400140.06953678,860,2023,1574421,2023/11/12 00:00:00+00,Noviembre,12,Domingo,1899/12/30 00:00:00+00,23:45:00,23,REGION BIO BIO,TALCAHUANO,COLISION POR ALCANCE,COLISION,URBANA,TRAMO DE VIA RECTA,IMPRUDENCIA DEL CONDUCTOR,CONDUCCION SIN MANTENER DISTANCIA RAZONABLE NI PRUDENTE,VALDIVIA, ,- VALDIVIA,869, , ,BIDIRECCIONAL,CONCRETO,BUENO,SECO,DESPEJADO,0,0,0,1,08,081,08110,Biobío,Concepción,Talcahuano,Numero,"VALDIVIA 869, Talcahuano",-36.719929,-73.117442
-8143537.12438524,-4451951.50297015,861,2023,1507032,2023/01/31 00:00:00+00,Enero,31,Martes,1899/12/30 00:00:00+00,23:05:00,23,REGION BIO BIO,LOTA,VOLCADURA,VOLCADURA,URBANA,TRAMO DE VIA CURVA HORIZONTAL,VELOCIDAD IMPRUDENTE,"VELOCIDAD NO REDUCIR CRUCE DE CALLES, CUMBRE, CURVA, ETC.",FERNANDO MAIRA, ,- FERNANDO MAIRA,1, , ,BIDIRECCIONAL,ASFALTO,BUENO,SECO,DESPEJADO,1,0,0,0,08,081,08106,Biobío,Concepción,Lota,Numero,"FERNANDO MAIRA 1, Lota",-37.092096,-73.154639
-7872452.47443555,-3963559.16758227,862,2023,1575161,2023/11/13 00:00:00+00,Noviembre,13,Lunes,1899/12/30 00:00:00+00,08:00:00,8,REGION METROPOLITANA,MAIPU,VOLCADURA,VOLCADURA,URBANA,TRAMO DE VIA RECTA,IMPRUDENCIA DEL CONDUCTOR,CONDUCCION NO ATENTO CONDICIONES TRANSITO MOMENTO,AMERICO VESPUCIO, ,- AMERICO VESPUCIO,9000, , ,BIDIRECCIONAL CON BANDEJON,ASFALTO,BUENO,SECO,DESPEJADO,0,0,0,1,13,131,13119,Metropolitana de Santiago,Santiago,Maipú,Numero,"AMERICO VESPUCIO 9000, Maipú",-33.512726,-70.719444
-7921399.62241055,-3868401.25464166,863,2023,1511527,2023/02/22 00:00:00+00,Febrero,22,Miércoles,1899/12/30 00:00:00+00,17:10:00,17,REGION VALPARAISO,HIJUELAS,COLISION LATERAL,COLISION,RURAL,CRUCE CON SEÑAL PARE,DESOBEDIENCIA A SEÑALIZACION,SEÑALIZACION DESOBEDECER SEÑAL PARE, , , ,0,RUTA 5 NORTE,107,BIDIRECCIONAL,ASFALTO,BUENO,SECO,DESPEJADO,0,1,1,0,05,055,05503,Valparaíso,Quillota,Hijuelas,Ruta,RUTA 5 NORTE km 107,-32.797085,-71.159144
-7907527.03853014,-4123236.83240338,864,2023,1550883,2023/08/03 00:00:00+00,Agosto,3,Jueves,1899/12/30 00:00:00+00,21:00:00,21,REGION LIB.B.O'HIGGINS,CHIMBARONGO,COLISION LATERAL,COLISION,URBANA,TRAMO DE VIA RECTA,IMPRUDENCIA DEL CONDUCTOR,CONDUCCION NO ATENTO CONDICIONES TRANSITO MOMENTO,SAN LUIS, ,- SAN LUIS,121, , ,BIDIRECCIONAL,ASFALTO,BUENO,SECO,NUBLADO,0,0,0,1,06,063,06303,Libertador General Bernardo O'Higgins,Colchagua,Chimbarongo,Numero,"SAN LUIS 121, Chimbarongo",-34.70037,-71.034524
-8120909.82663207,-4386004.75830178,865,2023,1507042,2023/02/01 00:00:00+00,Febrero,1,Miércoles,1899/12/30 00:00:00+00,07:40:00,7,REGION BIO BIO,TOME,COLISION FRONTAL,COLISION,URBANA,TRAMO DE VIA RECTA,IMPRUDENCIA DEL CONDUCTOR,CONDUCCION CAMBIAR SORPRESIVAMENTE PISTA CIRCULACION,MANUEL MONTT, ,- MANUEL MONTT,1379, , ,BIDIRECCIONAL,CONCRETO,BUENO,SECO,DESPEJADO,0,2,0,0,08,081,08111,Biobío,Concepción,Tomé,Numero,"MANUEL MONTT 1379, Tomé",-36.618079,-72.951374
-8150954.78190237,-4983269.80251947,866,2023,1571885,2023/11/13 00:00:00+00,Noviembre,13,Lunes,1899/12/30 00:00:00+00,09:30:00,9,REGION LOS LAGOS,RIO NEGRO,VOLCADURA,VOLCADURA,URBANA,TRAMO DE VIA RECTA,IMPRUDENCIA DEL CONDUCTOR,CONDUCCION NO ATENTO CONDICIONES TRANSITO MOMENTO,PEDRO AGUIRRE CERDA, ,- PEDRO AGUIRRE CERDA,201, , ,BIDIRECCIONAL,ASFALTO,BUENO,MOJADO,LLUVIA,0,0,0,1,10,103,10305,Los Lagos,Osorno,Río Negro,Numero,"PEDRO AGUIRRE CERDA 201, Río Negro",-40.802608,-73.221273
-7899623.12584434,-3881212.85184089,867,2023,1550788,2023/08/04 00:00:00+00,Agosto,4,Viernes,1899/12/30 00:00:00+00,17:30:00,17,REGION VALPARAISO,LLAY LLAY,COLISION,COLISION,RURAL,TRAMO DE VIA RECTA,IMPRUDENCIA DEL CONDUCTOR,CONDUCCION NO ATENTO CONDICIONES TRANSITO MOMENTO,EL PORVENIR, ,- EL PORVENIR,0, , ,BIDIRECCIONAL,ASFALTO,BUENO,SECO,DESPEJADO,0,1,0,0,05,057,05703,Valparaíso,San Felipe de Aconcagua,Llaillay,Numero,"EL PORVENIR 0, Llaillay",-32.893775,-70.963522
-7924127.02630015,-3493870.89671111,868,2023,1513410,2023/02/23 00:00:00+00,Febrero,23,Jueves,1899/12/30 00:00:00+00,02:30:00,2,REGION COQUIMBO,LA SERENA,CHOQUE FRONTAL,CHOQUE,RURAL,TRAMO DE VIA RECTA,IMPRUDENCIA DEL CONDUCTOR,CONDUCCION CAMBIAR SORPRESIVAMENTE PISTA CIRCULACION, , , ,0,41 CH,8,BIDIRECCIONAL,ASFALTO,BUENO,SECO,DESPEJADO,0,0,0,0,04,041,04101,Coquimbo,Elqui,La Serena,Ruta,41 CH km 8,-29.924673,-71.183644
-7877187.18156476,-3943528.97943138,869,2023,1571735,2023/11/14 00:00:00+00,Noviembre,14,Martes,1899/12/30 00:00:00+00,08:00:00,8,REGION METROPOLITANA,QUILICURA,COLISION LATERAL,COLISION,URBANA,CRUCE CON SEÑAL CEDA EL PASO,IMPRUDENCIA DEL CONDUCTOR,CONDUCCION NO ATENTO CONDICIONES TRANSITO MOMENTO,COLO COLO, ,- COLO COLO,221, , ,BIDIRECCIONAL,ASFALTO,REGULAR,SECO,DESPEJADO,0,0,0,1,13,131,13125,Metropolitana de Santiago,Santiago,Quilicura,Numero,"COLO COLO 221, Quilicura",-33.362573,-70.761976
-7902431.97789729,-4107921.85029256,870,2023,1508536,2023/02/01 00:00:00+00,Febrero,1,Miércoles,1899/12/30 00:00:00+00,08:00:00,8,REGION LIB.B.O'HIGGINS,SAN FERNANDO,COLISION POR ALCANCE,COLISION,URBANA,TRAMO DE VIA RECTA,IMPRUDENCIA DEL CONDUCTOR,CONDUCCION NO ATENTO CONDICIONES TRANSITO MOMENTO,MANUEL RODRIGUEZ, ,- MANUEL RODRIGUEZ,620, , ,BIDIRECCIONAL,ASFALTO,BUENO,SECO,DESPEJADO,0,0,0,1,06,063,06301,Libertador General Bernardo O'Higgins,Colchagua,San Fernando,Numero,"MANUEL RODRIGUEZ 620, San Fernando",-34.587185,-70.988754
-7873275.23733747,-3950201.24238801,871,2023,1572970,2023/11/14 00:00:00+00,Noviembre,14,Martes,1899/12/30 00:00:00+00,11:45:00,11,REGION METROPOLITANA,VITACURA,COLISION POR ALCANCE,COLISION,RURAL,TRAMO DE VIA RECTA,DROGAS Y/O FATIGA EN CONDUCTOR,"CONDICIONES FISICAS DEFICIENTES (CANSANCIO, SUEÑO)", , , ,0,"G-11, G-13","9,4",BIDIRECCIONAL CON BANDEJON,ASFALTO,BUENO,SECO,DESPEJADO,0,1,0,0,13,131,13132,Metropolitana de Santiago,Santiago,Vitacura,Numero,"G-11, G-13 km 9,4",-33.412619,-70.726835
-7860863.26816906,-3956873.47684669,872,2023,1552936,2023/08/04 00:00:00+00,Agosto,4,Viernes,1899/12/30 00:00:00+00,18:20:00,18,REGION METROPOLITANA,ÑUÑOA,VOLCADURA,VOLCADURA,URBANA,TRAMO DE VIA RECTA,VELOCIDAD IMPRUDENTE,VELOCIDAD NO RAZONABLE NI PRUDENTE,MARATHON, ,- MARATHON,1000, , ,BIDIRECCIONAL CON BANDEJON,CONCRETO,BUENO,SECO,DESPEJADO,0,0,0,0,13,131,13120,Metropolitana de Santiago,Santiago,Ñuñoa,Numero,"MARATHON 1000, Ñuñoa",-33.462637,-70.615336
-7911055.46754168,-4095078.65853492,873,2023,1511605,2023/02/23 00:00:00+00,Febrero,23,Jueves,1899/12/30 00:00:00+00,15:35:00,15,REGION LIB.B.O'HIGGINS,SAN VICENTE,COLISION LATERAL,COLISION,RURAL,TRAMO DE VIA RECTA,VELOCIDAD IMPRUDENTE,VELOCIDAD NO RAZONABLE NI PRUDENTE, , , ,0,H-800,10,BIDIRECCIONAL,ASFALTO,BUENO,SECO,DESPEJADO,0,1,0,0,06,061,06117,Libertador General Bernardo O'Higgins,Cachapoal,San Vicente,Ruta,H-800 km 10,-34.492149,-71.06622
-7972918.21151633,-3901284.15030243,874,2023,1508740,2023/02/01 00:00:00+00,Febrero,1,Miércoles,1899/12/30 00:00:00+00,08:15:00,8,REGION VALPARAISO,VALPARAISO,COLISION,COLISION,URBANA,TRAMO DE VIA RECTA,IMPRUDENCIA DEL CONDUCTOR,CONDUCCION CAMBIAR SORPRESIVAMENTE PISTA CIRCULACION,SALVADOR DONOSO, ,- SALVADOR DONOSO,550, , ,BIDIRECCIONAL,ASFALTO,BUENO,SECO,DESPEJADO,0,0,0,1,05,051,05101,Valparaíso,Valparaíso,Valparaíso,Numero,"SALVADOR DONOSO 550, Valparaíso",-33.045043,-71.621943
-7891226.93719728,-3970445.28246943,875,2023,1575060,2023/11/14 00:00:00+00,Noviembre,14,Martes,1899/12/30 00:00:00+00,13:30:00,13,REGION METROPOLITANA,PADRE HURTADO,COLISION LATERAL,COLISION,URBANA,TRAMO DE VIA CURVA HORIZONTAL,VELOCIDAD IMPRUDENTE,"VELOCIDAD NO REDUCIR CRUCE DE CALLES, CUMBRE, CURVA, ETC.",LOS CORRALES, ,- LOS CORRALES,2, , ,BIDIRECCIONAL,CONCRETO,BUENO,SECO,DESPEJADO,0,0,0,1,13,136,13604,Metropolitana de Santiago,Talagante,Padre Hurtado,Numero,"LOS CORRALES 2, Padre Hurtado",-33.564286,-70.888098
-7973183.32884675,-3900759.12621398,876,2023,1550434,2023/08/05 00:00:00+00,Agosto,5,Sábado,1899/12/30 00:00:00+00,05:50:00,5,REGION VALPARAISO,VALPARAISO,VOLCADURA,VOLCADURA,URBANA,TRAMO DE VIA RECTA,VELOCIDAD IMPRUDENTE,VELOCIDAD NO RAZONABLE NI PRUDENTE,ERRAZURIZ, ,- ERRAZURIZ,1024, , ,BIDIRECCIONAL CON BANDEJON,ASFALTO,BUENO,SECO,DESPEJADO,0,1,0,0,05,051,05101,Valparaíso,Valparaíso,Valparaíso,Numero,"ERRAZURIZ 1024, Valparaíso",-33.041089,-71.624324
-7932776.82531545,-4160611.15136417,877,2023,1509149,2023/02/01 00:00:00+00,Febrero,1,Miércoles,1899/12/30 00:00:00+00,14:45:00,14,REGION MAULE,CURICO,COLISION POR ALCANCE,COLISION,URBANA,TRAMO DE VIA RECTA,IMPRUDENCIA DEL CONDUCTOR,CONDUCCION SIN MANTENER DISTANCIA RAZONABLE NI PRUDENTE,CAMINO A TUTUQUEN, ,- CAMINO A TUTUQUEN,1800, , ,BIDIRECCIONAL,ASFALTO,BUENO,SECO,DESPEJADO,0,0,0,0,07,073,07301,Maule,Curicó,Curicó,Numero,"CAMINO A TUTUQUEN 1800, Curicó",-34.975934,-71.261347
-8077929.64444821,-4249371.7862568,878,2023,1513566,2023/02/23 00:00:00+00,Febrero,23,Jueves,1899/12/30 00:00:00+00,21:50:00,21,REGION MAULE,CHANCO,VOLCADURA,VOLCADURA,RURAL,TRAMO DE VIA RECTA,VELOCIDAD IMPRUDENTE,VELOCIDAD NO RAZONABLE NI PRUDENTE, , , ,0,M-50,55,BIDIRECCIONAL,CONCRETO,BUENO,SECO,DESPEJADO,0,0,0,1,07,072,07202,Maule,Cauquenes,Chanco,Ruta,M-50 km 55,-35.626664,-72.565277
-7858173.20135987,-3952788.5249284,879,2023,1572569,2023/11/14 00:00:00+00,Noviembre,14,Martes,1899/12/30 00:00:00+00,14:00:00,14,REGION METROPOLITANA,PROVIDENCIA,COLISION LATERAL,COLISION,URBANA,TRAMO DE VIA RECTA,IMPRUDENCIA DEL CONDUCTOR,CONDUCCION CAMBIAR SORPRESIVAMENTE PISTA CIRCULACION,POCURO, ,- POCURO,2905, , ,UNIDIRECCIONAL,ASFALTO,REGULAR,SECO,DESPEJADO,0,0,0,1,13,131,13123,Metropolitana de Santiago,Santiago,Providencia,Numero,"POCURO 2905, Providencia",-33.432018,-70.591171
-7873417.00954401,-4002925.18549745,880,2023,1554346,2023/08/05 00:00:00+00,Agosto,5,Sábado,1899/12/30 00:00:00+00,16:00:00,16,REGION METROPOLITANA,PAINE,COLISION FRONTAL,COLISION,URBANA,TRAMO DE VIA RECTA,IMPRUDENCIA DEL CONDUCTOR,CONDUCCION NO ATENTO CONDICIONES TRANSITO MOMENTO,18 DE SEPTIEMBRE, ,- 18 DE SEPTIEMBRE,973, , ,BIDIRECCIONAL,ASFALTO,BUENO,SECO,DESPEJADO,0,0,0,1,13,134,13404,Metropolitana de Santiago,Maipo,Paine,Numero,"18 DE SEPTIEMBRE 973, Paine",-33.807067,-70.728108
-8139558.04744735,-4402858.93742328,881,2023,1508759,2023/02/01 00:00:00+00,Febrero,1,Miércoles,1899/12/30 00:00:00+00,15:20:00,15,REGION BIO BIO,TALCAHUANO,COLISION LATERAL,COLISION,URBANA,TRAMO DE VIA RECTA,IMPRUDENCIA DEL CONDUCTOR,VIRAJES INDEBIDOS,JUAN ANTONIO RIOS, ,- JUAN ANTONIO RIOS,1315, , ,BIDIRECCIONAL,CONCRETO,BUENO,SECO,DESPEJADO,0,0,0,1,08,081,08110,Biobío,Concepción,Talcahuano,Numero,"JUAN ANTONIO RIOS 1315, Talcahuano",-36.739504,-73.118894
-7870589.55240852,-3861055.49927749,882,2023,1573631,2023/11/14 00:00:00+00,Noviembre,14,Martes,1899/12/30 00:00:00+00,14:30:00,14,REGION VALPARAISO,SAN FELIPE,CHOQUE,CHOQUE,URBANA,TRAMO DE VIA RECTA,IMPRUDENCIA DEL CONDUCTOR,CONDUCCION NO ATENTO CONDICIONES TRANSITO MOMENTO,LA TROYA, ,- LA TROYA,0, , ,BIDIRECCIONAL,ASFALTO,BUENO,SECO,DESPEJADO,0,0,0,0,05,057,05701,Valparaíso,San Felipe de Aconcagua,San Felipe,Numero,"LA TROYA 0, San Felipe",-32.741599,-70.702709
-8123432.99681527,-4399245.08296073,883,2023,1515151,2023/02/24 00:00:00+00,Febrero,24,Viernes,1899/12/30 00:00:00+00,13:00:00,13,REGION BIO BIO,PENCO,COLISION LATERAL,COLISION,RURAL,TRAMO DE VIA RECTA,IMPRUDENCIA DEL CONDUCTOR,CONDUCCION NO ATENTO CONDICIONES TRANSITO MOMENTO, , , ,0,RUTA 150,12,BIDIRECCIONAL,ASFALTO,BUENO,SECO,DESPEJADO,0,0,0,1,08,081,08107,Biobío,Concepción,Penco,Ruta,RUTA 150 km 12,-36.713484,-72.97404
-8152718.32959883,-4841026.86222016,884,2023,1550209,2023/08/05 00:00:00+00,Agosto,5,Sábado,1899/12/30 00:00:00+00,17:30:00,17,REGION DE LOS RIOS,VALDIVIA,COLISION LATERAL,COLISION,URBANA,CRUCE CON SEMAFORO FUNCIONANDO,IMPRUDENCIA DEL CONDUCTOR,CONDUCCION NO ATENTO CONDICIONES TRANSITO MOMENTO,CORONEL SANTIAGO BUERAS, ,- CORONEL SANTIAGO BUERAS,1400, , ,BIDIRECCIONAL,ASFALTO,BUENO,SECO,DESPEJADO,0,0,0,1,14,141,14101,Los Ríos,Valdivia,Valdivia,Numero,"CORONEL SANTIAGO BUERAS 1400, Valdivia",-39.82833,-73.237115
-7866846.84103598,-3968110.17237002,885,2023,1573615,2023/11/14 00:00:00+00,Noviembre,14,Martes,1899/12/30 00:00:00+00,17:05:00,17,REGION METROPOLITANA,EL BOSQUE,COLISION LATERAL,COLISION,URBANA,TRAMO DE VIA RECTA,IMPRUDENCIA DEL CONDUCTOR,VIRAJES INDEBIDOS,GRAN AVDA JOSE MIGUEL CARRERA, ,- GRAN AVDA JOSE MIGUEL CARRERA,9598, , ,BIDIRECCIONAL CON BANDEJON,CONCRETO,BUENO,SECO,DESPEJADO,0,1,0,0,13,131,13105,Metropolitana de Santiago,Santiago,El Bosque,Numero,"GRAN AVDA JOSE MIGUEL CARRERA 9598, El Bosque",-33.546805,-70.669088
-8144493.96978818,-4437512.51565797,886,2023,1511064,2023/02/01 00:00:00+00,Febrero,1,Miércoles,1899/12/30 00:00:00+00,16:40:00,16,REGION BIO BIO,CORONEL,COLISION LATERAL,COLISION,URBANA,TRAMO DE VIA RECTA,IMPRUDENCIA DEL CONDUCTOR,ADELANTAMIENTO SIN EL ESPACIO O TIEMPO SUFICIENTE,MANUEL MONTT, ,- MANUEL MONTT,2501, , ,BIDIRECCIONAL,ASFALTO,BUENO,SECO,DESPEJADO,0,0,0,1,08,081,08102,Biobío,Concepción,Coronel,Numero,"MANUEL MONTT 2501, Coronel",-36.988561,-73.163234
-7918658.07684905,-3496518.70441106,887,2023,1512487,2023/02/24 00:00:00+00,Febrero,24,Viernes,1899/12/30 00:00:00+00,16:45:00,16,REGION COQUIMBO,LA SERENA,VOLCADURA,VOLCADURA,RURAL,TRAMO DE VIA RECTA,OTRAS CAUSAS,HECHO DELICTUAL, , , ,0,41 CH,"13,3",BIDIRECCIONAL,ASFALTO,BUENO,SECO,DESPEJADO,1,0,0,0,04,041,04101,Coquimbo,Elqui,La Serena,Ruta,"41 CH km 13,3",-29.945285,-71.134516
-7862883.47471801,-3967503.02610493,888,2023,1550708,2023/08/05 00:00:00+00,Agosto,5,Sábado,1899/12/30 00:00:00+00,18:00:00,18,REGION METROPOLITANA,LA FLORIDA,COLISION POR ALCANCE,COLISION,URBANA,TRAMO DE VIA RECTA,IMPRUDENCIA DEL CONDUCTOR,CONDUCCION SIN MANTENER DISTANCIA RAZONABLE NI PRUDENTE,AMERICO VESPUCIO, ,- AMERICO VESPUCIO,39, , ,BIDIRECCIONAL CON BANDEJON,ASFALTO,BUENO,SECO,DESPEJADO,0,0,0,1,13,131,13110,Metropolitana de Santiago,Santiago,La Florida,Numero,"AMERICO VESPUCIO 39, La Florida",-33.54226,-70.633484
-7876122.41336265,-3993029.82982529,889,2023,1573941,2023/11/14 00:00:00+00,Noviembre,14,Martes,1899/12/30 00:00:00+00,23:25:00,23,REGION METROPOLITANA,BUIN,IMPACTO CON ANIMAL,OTRO TIPO,RURAL,TRAMO DE VIA RECTA,DEFICIENCIAS VIALES,ANIMALES SUELTOS VIA PUBLICA, , , ,0,G-490,"1,9",BIDIRECCIONAL,ASFALTO,BUENO,SECO,DESPEJADO,0,1,0,0,13,134,13402,Metropolitana de Santiago,Maipo,Buin,Numero,"G-490 km 1,9",-33.733174,-70.752411
-8109118.73886227,-4729767.08713922,890,2023,1512075,2023/02/24 00:00:00+00,Febrero,24,Viernes,1899/12/30 00:00:00+00,17:50:00,17,REGION ARAUCANIA,PITRUFQUEN,CHOQUE,CHOQUE,RURAL,TRAMO DE VIA RECTA,VELOCIDAD IMPRUDENTE,VELOCIDAD NO RAZONABLE NI PRUDENTE, , , ,0,S-668,3,BIDIRECCIONAL,ASFALTO,BUENO,SECO,DESPEJADO,1,0,0,0,09,091,09114,La Araucanía,Cautín,Pitrufquén,Ruta,S-668 km 3,-39.056494,-72.845453
-8141848.00697087,-4398846.01886476,891,2023,1509140,2023/02/01 00:00:00+00,Febrero,1,Miércoles,1899/12/30 00:00:00+00,17:20:00,17,REGION BIO BIO,TALCAHUANO,COLISION LATERAL,COLISION,URBANA,TRAMO DE VIA RECTA,IMPRUDENCIA DEL CONDUCTOR,VIRAJES INDEBIDOS,BAHIA SAN VICENTE, ,- BAHIA SAN VICENTE,1450, , ,BIDIRECCIONAL,CONCRETO,BUENO,SECO,DESPEJADO,0,0,0,0,08,081,08110,Biobío,Concepción,Talcahuano,Numero,"BAHIA SAN VICENTE 1450, Talcahuano",-36.71061,-73.139465
-7857422.83226127,-3869786.33538127,892,2023,1550006,2023/08/05 00:00:00+00,Agosto,5,Sábado,1899/12/30 00:00:00+00,21:40:00,21,REGION VALPARAISO,SAN ESTEBAN,VOLCADURA,VOLCADURA,URBANA,TRAMO DE VIA RECTA,ALCOHOL EN CONDUCTOR,CONDUCCION EN ESTADO DE EBRIEDAD,ALESSANDRI, ,- ALESSANDRI,1008, , ,BIDIRECCIONAL,ASFALTO,BUENO,SECO,DESPEJADO,0,0,0,0,05,053,05304,Valparaíso,Los Andes,San Esteban,Numero,"ALESSANDRI 1008, San Esteban",-32.807543,-70.58443