X,Y,FID,Año,IdAccident,Fecha,Mes,Dia_mes,Dia_semana,Hora,Hora_texto,Hora_aprox,Región,Comuna,Tipo_Accid,Tipo__CONA,Zona,Ubicación,Causa__CON,Causa_Acci,Calle_Uno,Calle_Dos,Intersecci,Número,Ruta,Ubicaci_1,Calzada,Tipo_Calza,Estado_Cal,Condición,Estado_Atm,Fallecidos,Graves,Menos_Grav,Leves,CUT_REG,CUT_PROV,CUT_COM,REGION,PROVINCIA,COMUNA1,Tipo_direc,Direccion,Lat,Lon
-7851814.98040897,-3950666.09737466,893,2023,1572983,2023/11/15 00:00:00+00,Noviembre,15,Miércoles,1899/12/30 00:00:00+00,09:30:00,9,REGION METROPOLITANA,LAS CONDES,COLISION FRONTAL,COLISION,URBANA,TRAMO DE VIA RECTA,IMPRUDENCIA DEL CONDUCTOR,CONDUCCION NO ATENTO CONDICIONES TRANSITO MOMENTO,LAS CONDES, ,- LAS CONDES,13391, , ,BIDIRECCIONAL,ASFALTO,BUENO,SECO,DESPEJADO,0,0,0,0,13,131,13114,Metropolitana de Santiago,Santiago,Las Condes,Numero,"LAS CONDES 13391, Las Condes",-33.416105,-70.534054
-7888498.33790333,-4116247.24307079,894,2023,1514623,2023/02/24 00:00:00+00,Febrero,24,Viernes,1899/12/30 00:00:00+00,20:10:00,20,REGION LIB.B.O'HIGGINS,SAN FERNANDO,COLISION FRONTAL,COLISION,RURAL,TRAMO DE VIA RECTA,DESOBEDIENCIA A SEÑALIZACION,SEÑALIZACION DESOBEDECER INDICACION CARABINERO SERVICIO, , , ,0,I-309,2,BIDIRECCIONAL,ASFALTO,BUENO,SECO,DESPEJADO,0,0,0,0,06,063,06301,Libertador General Bernardo O'Higgins,Colchagua,San Fernando,Ruta,I-309 km 2,-34.648733,-70.863586
-8139344.26117053,-4400819.21787305,895,2023,1550154,2023/08/06 00:00:00+00,Agosto,6,Domingo,1899/12/30 00:00:00+00,11:20:00,11,REGION BIO BIO,TALCAHUANO,COLISION LATERAL,COLISION,URBANA,TRAMO DE VIA RECTA,IMPRUDENCIA DEL CONDUCTOR,CONDUCCION CAMBIAR SORPRESIVAMENTE PISTA CIRCULACION,CRISTOBAL COLON, ,- CRISTOBAL COLON,581, , ,BIDIRECCIONAL,CONCRETO,BUENO,SECO,DESPEJADO,0,0,0,0,08,081,08110,Biobío,Concepción,Talcahuano,Numero,"CRISTOBAL COLON 581, Talcahuano",-36.724819,-73.116974
-7853907.6454824,-3972211.94035141,896,2023,1507718,2023/02/01 00:00:00+00,Febrero,1,Miércoles,1899/12/30 00:00:00+00,18:00:00,18,REGION METROPOLITANA,PUENTE ALTO,CHOQUE FRENTE/POSTERIOR,CHOQUE,URBANA,TRAMO DE VIA RECTA,IMPRUDENCIA DEL CONDUCTOR,CONDUCCION NO ATENTO CONDICIONES TRANSITO MOMENTO,CAMILO HENRIQUEZ, ,- CAMILO HENRIQUEZ,3270, , ,BIDIRECCIONAL,CONCRETO,BUENO,SECO,DESPEJADO,0,0,0,1,13,132,13201,Metropolitana de Santiago,Cordillera,Puente Alto,Numero,"CAMILO HENRIQUEZ 3270, Puente Alto",-33.577509,-70.552853
-12179673.2529425,-3143343.22590511,897,2023,1572179,2023/11/15 00:00:00+00,Noviembre,15,Miércoles,1899/12/30 00:00:00+00,12:00:00,12,REGION VALPARAISO,ISLA DE PASCUA,VOLCADURA,VOLCADURA,URBANA,TRAMO DE VIA RECTA,VELOCIDAD IMPRUDENTE,VELOCIDAD NO RAZONABLE NI PRUDENTE,SECTOR ORITO, ,- SECTOR ORITO,0, , ,BIDIRECCIONAL,ASFALTO,BUENO,HUMEDO,DESPEJADO,0,0,0,1,05,052,05201,Valparaíso,Isla de Pascua,Isla de Pascua,Numero,"SECTOR ORITO 0, Isla de Pascua",-27.15894,-109.411866
-8073767.14814418,-4473730.55944138,898,2023,1513563,2023/02/24 00:00:00+00,Febrero,24,Viernes,1899/12/30 00:00:00+00,21:10:00,21,REGION BIO BIO,LAJA,VOLCADURA,VOLCADURA,RURAL,TRAMO DE VIA CURVA HORIZONTAL,ALCOHOL EN CONDUCTOR,CONDUCCION EN ESTADO DE EBRIEDAD, , , ,0,Q-20,31,BIDIRECCIONAL,ASFALTO,BUENO,SECO,DESPEJADO,0,1,0,0,08,083,08304,Biobío,Biobío,Laja,Ruta,Q-20 km 31,-37.247994,-72.527884
-7856071.01914903,-3947221.51076652,899,2023,1507787,2023/02/01 00:00:00+00,Febrero,1,Miércoles,1899/12/30 00:00:00+00,22:30:00,22,REGION METROPOLITANA,VITACURA,COLISION PERPENDICULAR,COLISION,URBANA,TRAMO DE VIA RECTA,IMPRUDENCIA DEL CONDUCTOR,CONDUCCION CAMBIAR SORPRESIVAMENTE PISTA CIRCULACION,VITACURA, ,- VITACURA,5468, , ,BIDIRECCIONAL CON BANDEJON,ASFALTO,BUENO,SECO,DESPEJADO,0,0,0,1,13,131,13132,Metropolitana de Santiago,Santiago,Vitacura,Numero,"VITACURA 5468, Vitacura",-33.390273,-70.572287
-7906847.28537354,-3955427.80899613,900,2023,1550918,2023/08/06 00:00:00+00,Agosto,6,Domingo,1899/12/30 00:00:00+00,13:30:00,13,REGION METROPOLITANA,CURACAVI,COLISION LATERAL,COLISION,RURAL,TRAMO DE VIA RECTA,IMPRUDENCIA DEL CONDUCTOR,CONDUCCION NO ATENTO CONDICIONES TRANSITO MOMENTO, , , ,0,G-68,34,BIDIRECCIONAL,ASFALTO,BUENO,SECO,DESPEJADO,0,1,0,0,13,135,13503,Metropolitana de Santiago,Melipilla,Curacaví,Numero,G-68 km 34,-33.451802,-71.028418
-7914680.63592918,-4113782.70780247,901,2023,1512998,2023/02/24 00:00:00+00,Febrero,24,Viernes,1899/12/30 00:00:00+00,23:10:00,23,REGION LIB.B.O'HIGGINS,PLACILLA,COLISION FRONTAL,COLISION,RURAL,TRAMO DE VIA RECTA,IMPRUDENCIA DEL CONDUCTOR,CONDUCCION NO ATENTO CONDICIONES TRANSITO MOMENTO, , , ,0,I-50,13,BIDIRECCIONAL,ASFALTO,BUENO,SECO,DESPEJADO,1,0,0,0,06,063,06308,Libertador General Bernardo O'Higgins,Colchagua,Placilla,Ruta,I-50 km 13,-34.630518,-71.098786
-8138564.65476465,-4409414.40778217,902,2023,1572182,2023/11/15 00:00:00+00,Noviembre,15,Miércoles,1899/12/30 00:00:00+00,14:00:00,14,REGION BIO BIO,HUALPEN,COLISION,COLISION,URBANA,TRAMO DE VIA RECTA,IMPRUDENCIA DEL CONDUCTOR,CONDUCCION CAMBIAR SORPRESIVAMENTE PISTA CIRCULACION,CRISTOBAL COLON, ,- CRISTOBAL COLON,8831, , ,BIDIRECCIONAL,CONCRETO,BUENO,SECO,DESPEJADO,0,1,0,1,08,081,08112,Biobío,Concepción,Hualpén,Numero,"CRISTOBAL COLON 8831, Hualpén",-36.786681,-73.10997
-8091743.46962671,-4552523.16612127,903,2023,1507279,2023/02/02 00:00:00+00,Febrero,2,Jueves,1899/12/30 00:00:00+00,01:30:00,1,REGION ARAUCANIA,ANGOL,CHOQUE FRENTE/POSTERIOR,CHOQUE,URBANA,TRAMO DE VIA RECTA,ALCOHOL EN CONDUCTOR,CONDUCCION EN ESTADO DE EBRIEDAD,BERNARDO O'HIGGINS, ,- BERNARDO O'HIGGINS,1254, , ,BIDIRECCIONAL,CONCRETO,BUENO,SECO,DESPEJADO,0,0,0,0,09,092,09201,La Araucanía,Malleco,Angol,Numero,"BERNARDO O'HIGGINS 1254, Angol",-37.809314,-72.689368
-7875925.21809821,-3959358.52710141,904,2023,1550296,2023/08/06 00:00:00+00,Agosto,6,Domingo,1899/12/30 00:00:00+00,14:25:00,14,REGION METROPOLITANA,MAIPU,VOLCADURA,VOLCADURA,URBANA,TRAMO DE VIA RECTA,IMPRUDENCIA DEL CONDUCTOR,ADELANTAMIENTO SIN EL ESPACIO O TIEMPO SUFICIENTE,AMERICO VESPUCIO, ,- AMERICO VESPUCIO,399, , ,BIDIRECCIONAL CON BANDEJON,ASFALTO,BUENO,SECO,DESPEJADO,0,0,0,1,13,131,13119,Metropolitana de Santiago,Santiago,Maipú,Numero,"AMERICO VESPUCIO 399, Maipú",-33.481258,-70.75064
-7868088.28673964,-3924933.3552206,905,2023,1509226,2023/02/02 00:00:00+00,Febrero,2,Jueves,1899/12/30 00:00:00+00,01:30:00,1,REGION METROPOLITANA,COLINA,VOLCADURA,VOLCADURA,RURAL,TRAMO DE VIA RECTA,DEFICIENCIAS VIALES,ANIMALES SUELTOS VIA PUBLICA, , , ,0,RUTA 57,"17,4",BIDIRECCIONAL CON BANDEJON,ASFALTO,BUENO,SECO,DESPEJADO,0,1,0,1,13,133,13301,Metropolitana de Santiago,Chacabuco,Colina,Numero,"RUTA 57 km 17,4",-33.222942,-70.68024
-7926958.25741128,-4161014.30422031,906,2023,1512651,2023/02/24 00:00:00+00,Febrero,24,Viernes,1899/12/30 00:00:00+00,23:50:00,23,REGION MAULE,CURICO,COLISION POR ALCANCE,COLISION,RURAL,TRAMO DE VIA RECTA,FALLAS MECANICAS,FALLAS MECANICAS MOTOR, , , ,0,RUTA 5 SUR,189,BIDIRECCIONAL CON BANDEJON,CONCRETO,BUENO,SECO,DESPEJADO,1,0,0,0,07,073,07301,Maule,Curicó,Curicó,Ruta,RUTA 5 SUR km 189,-34.978901,-71.209078
-7929649.72364006,-4160948.80763972,907,2023,1572840,2023/11/15 00:00:00+00,Noviembre,15,Miércoles,1899/12/30 00:00:00+00,15:40:00,15,REGION MAULE,CURICO,COLISION POR ALCANCE,COLISION,URBANA,TRAMO DE VIA RECTA,IMPRUDENCIA DEL CONDUCTOR,CONDUCCION NO ATENTO CONDICIONES TRANSITO MOMENTO,MANSO DE VELASCO, ,- MANSO DE VELASCO,1086, , ,UNIDIRECCIONAL,CONCRETO,BUENO,SECO,DESPEJADO,0,1,0,0,07,073,07301,Maule,Curicó,Curicó,Numero,"MANSO DE VELASCO 1086, Curicó",-34.978419,-71.233255
-7932214.33676723,-3495114.85559698,908,2023,1549871,2023/08/06 00:00:00+00,Agosto,6,Domingo,1899/12/30 00:00:00+00,19:10:00,19,REGION COQUIMBO,LA SERENA,COLISION PERPENDICULAR,COLISION,URBANA,TRAMO DE VIA RECTA,IMPRUDENCIA DEL CONDUCTOR,CONDUCCION NO ATENTO CONDICIONES TRANSITO MOMENTO,4 ESQUINAS, ,- 4 ESQUINAS,117, , ,BIDIRECCIONAL CON BANDEJON,ASFALTO,BUENO,SECO,DESPEJADO,0,0,0,0,04,041,04101,Coquimbo,Elqui,La Serena,Numero,"4 ESQUINAS 117, La Serena",-29.934357,-71.256294
-7857705.128204,-3948320.78826702,909,2023,1507790,2023/02/02 00:00:00+00,Febrero,2,Jueves,1899/12/30 00:00:00+00,19:05:00,19,REGION METROPOLITANA,VITACURA,COLISION POR ALCANCE,COLISION,URBANA,CRUCE CON SEMAFORO FUNCIONANDO,IMPRUDENCIA DEL CONDUCTOR,CONDUCCION NO ATENTO CONDICIONES TRANSITO MOMENTO,VITACURA, ,- VITACURA,4524, , ,BIDIRECCIONAL CON BANDEJON,ASFALTO,BUENO,SECO,DESPEJADO,0,0,0,1,13,131,13132,Metropolitana de Santiago,Santiago,Vitacura,Numero,"VITACURA 4524, Vitacura",-33.398518,-70.586966
-8132532.39964688,-4414662.05658575,910,2023,1572114,2023/11/15 00:00:00+00,Noviembre,15,Miércoles,1899/12/30 00:00:00+00,18:00:00,18,REGION BIO BIO,CONCEPCION,COLISION,COLISION,URBANA,OTROS NO CONSIDERADOS,IMPRUDENCIA DEL CONDUCTOR,VIRAJES INDEBIDOS,LINCOYAN, ,- LINCOYAN,838, , ,UNIDIRECCIONAL,CONCRETO,BUENO,SECO,DESPEJADO,0,1,0,0,08,081,08101,Biobío,Concepción,Concepción,Numero,"LINCOYAN 838, Concepción",-36.824425,-73.055782
-7995651.78277023,-4759210.40203484,911,2023,1513164,2023/02/25 00:00:00+00,Febrero,25,Sábado,1899/12/30 00:00:00+00,00:30:00,0,REGION ARAUCANIA,PUCON,COLISION,COLISION,RURAL,TRAMO DE VIA RECTA,IMPRUDENCIA DEL CONDUCTOR,CONDUCCION NO ATENTO CONDICIONES TRANSITO MOMENTO, , , ,0,S-905,7,BIDIRECCIONAL,ASFALTO,BUENO,SECO,DESPEJADO,0,0,0,2,09,091,09115,La Araucanía,Cautín,Pucón,Ruta,S-905 km 7,-39.261581,-71.826162
-8152444.83525409,-4839602.65978904,912,2023,1550564,2023/08/07 00:00:00+00,Agosto,7,Lunes,1899/12/30 00:00:00+00,11:00:00,11,REGION DE LOS RIOS,VALDIVIA,CHOQUE FRENTE/LADO,CHOQUE,URBANA,TRAMO DE VIA RECTA,IMPRUDENCIA DEL CONDUCTOR,CONDUCCION NO ATENTO CONDICIONES TRANSITO MOMENTO,ERRAZURIZ, ,- ERRAZURIZ,1040, , ,UNIDIRECCIONAL,CONCRETO,BUENO,SECO,DESPEJADO,0,0,0,0,14,141,14101,Los Ríos,Valdivia,Valdivia,Numero,"ERRAZURIZ 1040, Valdivia",-39.818504,-73.234658
-7899253.71486373,-3875016.56428189,913,2023,1572915,2023/11/16 00:00:00+00,Noviembre,16,Jueves,1899/12/30 00:00:00+00,21:45:00,21,REGION VALPARAISO,LLAY LLAY,COLISION,COLISION,RURAL,TRAMO DE VIA RECTA,IMPRUDENCIA DEL CONDUCTOR,NO RESPETAR DERECHO PREFERENTE DE PASO A VEHICULO,BERNARDO O'HIGGINS, ,- BERNARDO O'HIGGINS,2080, , ,BIDIRECCIONAL,ASFALTO,REGULAR,SECO,DESPEJADO,0,1,0,0,05,057,05703,Valparaíso,San Felipe de Aconcagua,Llaillay,Numero,"BERNARDO O'HIGGINS 2080, Llaillay",-32.847024,-70.960203
-8035784.44177908,-4457406.20610851,914,2023,1508296,2023/02/02 00:00:00+00,Febrero,2,Jueves,1899/12/30 00:00:00+00,22:30:00,22,REGION ÑUBLE,YUNGAY,CHOQUE FRENTE/LADO,CHOQUE,URBANA,TRAMO DE VIA RECTA,IMPRUDENCIA DEL CONDUCTOR,CONDUCCION NO ATENTO CONDICIONES TRANSITO MOMENTO,LOS AMORES, ,- LOS AMORES,266, , ,BIDIRECCIONAL,ASFALTO,BUENO,SECO,DESPEJADO,0,1,0,0,16,161,16109,Ñuble,Diguillín,Yungay,Numero,"LOS AMORES 266, Yungay",-37.131171,-72.18668
-7860731.14387807,-3950920.34376868,915,2023,1550656,2023/08/07 00:00:00+00,Agosto,7,Lunes,1899/12/30 00:00:00+00,11:20:00,11,REGION METROPOLITANA,PROVIDENCIA,COLISION POR ALCANCE,COLISION,URBANA,TRAMO DE VIA RECTA,IMPRUDENCIA DEL CONDUCTOR,CONDUCCION SIN MANTENER DISTANCIA RAZONABLE NI PRUDENTE,LOS CONQUISTADORES, ,- LOS CONQUISTADORES,2177, , ,UNIDIRECCIONAL,ASFALTO,BUENO,SECO,DESPEJADO,0,0,0,0,13,131,13123,Metropolitana de Santiago,Santiago,Providencia,Numero,"LOS CONQUISTADORES 2177, Providencia",-33.418011,-70.614149
-12181128.934843,-3143216.4090577,916,2023,1573412,2023/11/17 00:00:00+00,Noviembre,17,Viernes,1899/12/30 00:00:00+00,02:05:00,2,REGION VALPARAISO,ISLA DE PASCUA,VOLCADURA,VOLCADURA,URBANA,TRAMO DE VIA RECTA,ALCOHOL EN CONDUCTOR,CONDUCCION EN ESTADO DE EBRIEDAD,HOTU MATUA, ,- HOTU MATUA,0, , ,BIDIRECCIONAL,ASFALTO,BUENO,SECO,DESPEJADO,0,1,0,0,05,052,05201,Valparaíso,Isla de Pascua,Isla de Pascua,Numero,"HOTU MATUA 0, Isla de Pascua",-27.157926,-109.424943
-8128811.33628628,-4409205.46743089,917,2023,1515155,2023/02/25 00:00:00+00,Febrero,25,Sábado,1899/12/30 00:00:00+00,12:30:00,12,REGION BIO BIO,PENCO,VOLCADURA,VOLCADURA,RURAL,TRAMO DE VIA RECTA,VELOCIDAD IMPRUDENTE,VELOCIDAD NO RAZONABLE NI PRUDENTE, , , ,0,RUTA 150,3,BIDIRECCIONAL,ASFALTO,BUENO,SECO,DESPEJADO,0,0,1,0,08,081,08107,Biobío,Concepción,Penco,Ruta,RUTA 150 km 3,-36.785178,-73.022355
-7856581.13714224,-3974935.10270929,918,2023,1507953,2023/02/03 00:00:00+00,Febrero,3,Viernes,1899/12/30 00:00:00+00,15:30:00,15,REGION METROPOLITANA,PUENTE ALTO,CHOQUE FRENTE/LADO,CHOQUE,URBANA,TRAMO DE VIA RECTA,IMPRUDENCIA DEL CONDUCTOR,CONDUCCION NO ATENTO CONDICIONES TRANSITO MOMENTO,CONCHA Y TORO, ,- CONCHA Y TORO,1477, , ,BIDIRECCIONAL,CONCRETO,BUENO,SECO,DESPEJADO,0,0,0,0,13,132,13201,Metropolitana de Santiago,Cordillera,Puente Alto,Numero,"CONCHA Y TORO 1477, Puente Alto",-33.597888,-70.576869
-8164528.70021987,-4505934.55612118,919,2023,1550356,2023/08/07 00:00:00+00,Agosto,7,Lunes,1899/12/30 00:00:00+00,13:00:00,13,REGION BIO BIO,CURANILAHUE,CHOQUE FRENTE/POSTERIOR,CHOQUE,URBANA,OTROS NO CONSIDERADOS,OTRAS CAUSAS,HECHO DELICTUAL,SERVICENTRO SHELL, ,- SERVICENTRO SHELL,905, , ,UNIDIRECCIONAL,CONCRETO,BUENO,SECO,DESPEJADO,0,0,0,2,08,082,08205,Biobío,Arauco,Curanilahue,Numero,"SERVICENTRO SHELL 905, Curanilahue",-37.477926,-73.343209
-7935636.00030156,-4174784.85691181,920,2023,1514824,2023/02/25 00:00:00+00,Febrero,25,Sábado,1899/12/30 00:00:00+00,14:40:00,14,REGION MAULE,MOLINA,COLISION POR ALCANCE,COLISION,RURAL,TRAMO DE VIA RECTA,IMPRUDENCIA DEL CONDUCTOR,CONDUCCION NO ATENTO CONDICIONES TRANSITO MOMENTO, , , ,0,K-145,"5,5",BIDIRECCIONAL,ASFALTO,BUENO,SECO,DESPEJADO,0,0,0,0,07,073,07304,Maule,Curicó,Molina,Ruta,"K-145 km 5,5",-35.080196,-71.287031
-7807042.80136337,-2299762.06090077,921,2023,1550939,2023/08/07 00:00:00+00,Agosto,7,Lunes,1899/12/30 00:00:00+00,13:25:00,13,REGION TARAPACA,IQUIQUE,COLISION FRONTAL,COLISION,URBANA,TRAMO DE VIA RECTA,IMPRUDENCIA DEL CONDUCTOR,CONDUCCION NO ATENTO CONDICIONES TRANSITO MOMENTO,ELIAS LAFERTE, ,- ELIAS LAFERTE,1834, , ,UNIDIRECCIONAL,ASFALTO,BUENO,SECO,DESPEJADO,0,0,1,0,01,011,01101,Tarapacá,Iquique,Iquique,Numero,"ELIAS LAFERTE 1834, Iquique",-20.225486,-70.131859
-7880884.6436237,-3950030.23166158,922,2023,1573193,2023/11/17 00:00:00+00,Noviembre,17,Viernes,1899/12/30 00:00:00+00,06:30:00,6,REGION METROPOLITANA,PUDAHUEL,COLISION LATERAL,COLISION,URBANA,TRAMO DE VIA RECTA,IMPRUDENCIA DEL CONDUCTOR,CONDUCCION NO ATENTO CONDICIONES TRANSITO MOMENTO,DIEGO BARROS ORTIZ, ,- DIEGO BARROS ORTIZ,0, , ,BIDIRECCIONAL,CONCRETO,BUENO,SECO,DESPEJADO,0,0,0,0,13,131,13124,Metropolitana de Santiago,Santiago,Pudahuel,Numero,"DIEGO BARROS ORTIZ 0, Pudahuel",-33.411337,-70.795191
-8199114.94508205,-5217804.56643409,923,2023,1551554,2023/08/07 00:00:00+00,Agosto,7,Lunes,1899/12/30 00:00:00+00,17:20:00,17,REGION LOS LAGOS,DALCAHUE,COLISION POR ALCANCE,COLISION,URBANA,TRAMO DE VIA RECTA,ALCOHOL EN CONDUCTOR,CONDUCCION BAJO LA INFLUENCIA DEL ALCOHOL,MOCOPULLI, ,- MOCOPULLI,128, , ,BIDIRECCIONAL,ASFALTO,REGULAR,SECO,NUBLADO,0,1,0,0,10,102,10205,Los Lagos,Chiloé,Dalcahue,Numero,"MOCOPULLI 128, Dalcahue",-42.378221,-73.653903
-7975342.09005708,-4219174.58380119,924,2023,1508807,2023/02/03 00:00:00+00,Febrero,3,Viernes,1899/12/30 00:00:00+00,20:30:00,20,REGION MAULE,TALCA,COLISION LATERAL,COLISION,URBANA,TRAMO DE VIA RECTA,IMPRUDENCIA DEL CONDUCTOR,CONDUCCION CAMBIAR SORPRESIVAMENTE PISTA CIRCULACION,LIRCAY, ,- LIRCAY,3184, , ,BIDIRECCIONAL CON BANDEJON,ASFALTO,BUENO,SECO,DESPEJADO,0,1,0,0,07,071,07101,Maule,Talca,Talca,Numero,"LIRCAY 3184, Talca",-35.405867,-71.643717
-7900665.91432469,-3873375.549346,925,2023,1573309,2023/11/17 00:00:00+00,Noviembre,17,Viernes,1899/12/30 00:00:00+00,13:45:00,13,REGION VALPARAISO,LLAY LLAY,CHOQUE POSTERIOR,CHOQUE,URBANA,CRUCE CON SEMAFORO FUNCIONANDO,VELOCIDAD IMPRUDENTE,VELOCIDAD NO RAZONABLE NI PRUDENTE,JOSE MANUEL BALMACEDA, ,- JOSE MANUEL BALMACEDA,1510, , ,BIDIRECCIONAL,ASFALTO,BUENO,SECO,DESPEJADO,1,0,0,0,05,057,05703,Valparaíso,San Felipe de Aconcagua,Llaillay,Numero,"JOSE MANUEL BALMACEDA 1510, Llaillay",-32.834639,-70.972889
-8087347.04527569,-4686946.92420784,926,2023,1513144,2023/02/25 00:00:00+00,Febrero,25,Sábado,1899/12/30 00:00:00+00,18:30:00,18,REGION ARAUCANIA,TEMUCO,COLISION LATERAL,COLISION,RURAL,TRAMO DE VIA RECTA,IMPRUDENCIA DEL CONDUCTOR,CONDUCCION NO ATENTO CONDICIONES TRANSITO MOMENTO, , , ,0,"S-30, S-40",4,BIDIRECCIONAL CON BANDEJON,ASFALTO,BUENO,SECO,DESPEJADO,0,1,0,0,09,091,09101,La Araucanía,Cautín,Temuco,Ruta,"S-30, S-40 km 4",-38.757165,-72.649875
-7914728.85484605,-4081858.55910799,927,2023,1507518,2023/02/03 00:00:00+00,Febrero,3,Viernes,1899/12/30 00:00:00+00,21:00:00,21,REGION LIB.B.O'HIGGINS,SAN VICENTE,VOLCADURA,VOLCADURA,URBANA,TRAMO DE VIA RECTA,VELOCIDAD IMPRUDENTE,VELOCIDAD NO RAZONABLE NI PRUDENTE,TUNCA EL MEDIO, ,- TUNCA EL MEDIO,56, , ,BIDIRECCIONAL,CONCRETO,BUENO,SECO,DESPEJADO,0,0,0,1,06,061,06117,Libertador General Bernardo O'Higgins,Cachapoal,San Vicente,Numero,"TUNCA EL MEDIO 56, San Vicente",-34.394211,-71.099219
-8131198.58944551,-4415200.04392117,928,2023,1573359,2023/11/17 00:00:00+00,Noviembre,17,Viernes,1899/12/30 00:00:00+00,15:35:00,15,REGION BIO BIO,CONCEPCION,COLISION,COLISION,URBANA,TRAMO DE VIA RECTA,IMPRUDENCIA DEL CONDUCTOR,ADELANTAMIENTO SIN EL ESPACIO O TIEMPO SUFICIENTE,TUCAPEL, ,- TUCAPEL,156, , ,UNIDIRECCIONAL,CONCRETO,BUENO,SECO,DESPEJADO,0,0,0,0,08,081,08101,Biobío,Concepción,Concepción,Numero,"TUCAPEL 156, Concepción",-36.828293,-73.0438
-7856071.01914903,-3947221.51076652,929,2023,1553994,2023/08/08 00:00:00+00,Agosto,8,Martes,1899/12/30 00:00:00+00,09:10:00,9,REGION METROPOLITANA,VITACURA,CHOQUE,CHOQUE,URBANA,TRAMO DE VIA RECTA,IMPRUDENCIA DEL CONDUCTOR,CONDUCCION NO ATENTO CONDICIONES TRANSITO MOMENTO,COST NORTE, ,- COST NORTE,8300, , ,BIDIRECCIONAL CON BANDEJON,ASFALTO,BUENO,SECO,DESPEJADO,0,1,0,0,13,131,13132,Metropolitana de Santiago,Santiago,Vitacura,Numero,"COST NORTE 8300, Vitacura",-33.390273,-70.572287
-7864614.58577389,-3878711.57480574,930,2023,1510966,2023/02/03 00:00:00+00,Febrero,3,Viernes,1899/12/30 00:00:00+00,23:50:00,23,REGION VALPARAISO,CATEMU,COLISION,COLISION,URBANA,TRAMO DE VIA CURVA HORIZONTAL,IMPRUDENCIA DEL CONDUCTOR,CONDUCCION NO ATENTO CONDICIONES TRANSITO MOMENTO,SAN CARLOS, ,- SAN CARLOS,0, , ,BIDIRECCIONAL,CONCRETO,BUENO,SECO,DESPEJADO,0,1,0,0,05,057,05702,Valparaíso,San Felipe de Aconcagua,Catemu,Numero,"SAN CARLOS 0, Catemu",-32.874906,-70.649035
-7931488.43751836,-3898135.09746127,931,2023,1550932,2023/08/08 00:00:00+00,Agosto,8,Martes,1899/12/30 00:00:00+00,10:30:00,10,REGION VALPARAISO,LIMACHE,COLISION LATERAL,COLISION,URBANA,TRAMO DE VIA RECTA,VELOCIDAD IMPRUDENTE,VELOCIDAD NO RAZONABLE NI PRUDENTE,ANGAMOS, ,- ANGAMOS,421, , ,BIDIRECCIONAL,ASFALTO,BUENO,SECO,DESPEJADO,0,0,0,1,05,058,05802,Valparaíso,Marga Marga,Limache,Numero,"ANGAMOS 421, Limache",-33.021327,-71.249773
-8136983.76503127,-4404294.89400263,932,2023,1574436,2023/11/17 00:00:00+00,Noviembre,17,Viernes,1899/12/30 00:00:00+00,18:40:00,18,REGION BIO BIO,TALCAHUANO,COLISION LATERAL,COLISION,URBANA,TRAMO DE VIA RECTA,IMPRUDENCIA DEL CONDUCTOR,VIRAJES INDEBIDOS,LAS HORTENSIAS, ,- LAS HORTENSIAS,883, , ,BIDIRECCIONAL,CONCRETO,BUENO,SECO,DESPEJADO,0,0,0,2,08,081,08110,Biobío,Concepción,Talcahuano,Numero,"LAS HORTENSIAS 883, Talcahuano",-36.74984,-73.095769
-8030916.01468303,-4239297.49012564,933,2023,1512448,2023/02/25 00:00:00+00,Febrero,25,Sábado,1899/12/30 00:00:00+00,19:30:00,19,REGION MAULE,SAN JAVIER,CHOQUE FRONTAL,CHOQUE,RURAL,TRAMO DE VIA CURVA HORIZONTAL,VELOCIDAD IMPRUDENTE,VELOCIDAD NO RAZONABLE NI PRUDENTE, , , ,0,L-30-M,"44,4",BIDIRECCIONAL,ASFALTO,BUENO,SECO,DESPEJADO,0,0,0,1,07,074,07406,Maule,Linares,San Javier,Ruta,"L-30-M km 44,4",-35.55307,-72.142946
-8053052.28969864,-4505638.94420501,934,2023,1509912,2023/02/04 00:00:00+00,Febrero,4,Sábado,1899/12/30 00:00:00+00,00:20:00,0,REGION BIO BIO,LOS ANGELES,VOLCADURA,VOLCADURA,URBANA,TRAMO DE VIA RECTA,IMPRUDENCIA DEL CONDUCTOR,CONDUCCION NO ATENTO CONDICIONES TRANSITO MOMENTO,GABRIELA MISTRAL, ,- GABRIELA MISTRAL,680, , ,BIDIRECCIONAL CON BANDEJON,ASFALTO,BUENO,SECO,DESPEJADO,0,0,1,0,08,083,08301,Biobío,Biobío,Los Angeles,Numero,"GABRIELA MISTRAL 680, Los Angeles",-37.475819,-72.3418
-7875041.60294212,-4049137.90427355,935,2023,1573129,2023/11/17 00:00:00+00,Noviembre,17,Viernes,1899/12/30 00:00:00+00,19:00:00,19,REGION LIB.B.O'HIGGINS,RANCAGUA,COLISION POR ALCANCE,COLISION,URBANA,TRAMO DE VIA RECTA,IMPRUDENCIA DEL CONDUCTOR,CONDUCCION NO ATENTO CONDICIONES TRANSITO MOMENTO,KENNEDY, ,- KENNEDY,1142, , ,BIDIRECCIONAL CON BANDEJON,CONCRETO,BUENO,SECO,DESPEJADO,0,0,0,0,06,061,06101,Libertador General Bernardo O'Higgins,Cachapoal,Rancagua,Numero,"KENNEDY 1142, Rancagua",-34.151314,-70.742702