X,Y,FID,Año,IdAccident,Fecha,Mes,Dia_mes,Dia_semana,Hora,Hora_texto,Hora_aprox,Región,Comuna,Tipo_Accid,Tipo__CONA,Zona,Ubicación,Causa__CON,Causa_Acci,Calle_Uno,Calle_Dos,Intersecci,Número,Ruta,Ubicaci_1,Calzada,Tipo_Calza,Estado_Cal,Condición,Estado_Atm,Fallecidos,Graves,Menos_Grav,Leves,CUT_REG,CUT_PROV,CUT_COM,REGION,PROVINCIA,COMUNA1,Tipo_direc,Direccion,Lat,Lon
-7939292.50411271,-4181394.21851551,936,2023,1514863,2023/02/25 00:00:00+00,Febrero,25,Sábado,1899/12/30 00:00:00+00,23:00:00,23,REGION MAULE,MOLINA,COLISION PERPENDICULAR,COLISION,RURAL,CRUCE CON SEÑAL CEDA EL PASO,IMPRUDENCIA DEL CONDUCTOR,NO RESPETAR DERECHO PREFERENTE DE PASO A VEHICULO, , , ,0,K-165,"3,3",BIDIRECCIONAL,ASFALTO,BUENO,SECO,DESPEJADO,0,0,0,1,07,073,07304,Maule,Curicó,Molina,Ruta,"K-165 km 3,3",-35.12877,-71.319878
-7886676.63092702,-4082210.54505205,937,2023,1550550,2023/08/08 00:00:00+00,Agosto,8,Martes,1899/12/30 00:00:00+00,16:00:00,16,REGION LIB.B.O'HIGGINS,RENGO,CHOQUE FRENTE/LADO,CHOQUE,URBANA,TRAMO DE VIA RECTA,IMPRUDENCIA DEL CONDUCTOR,CONDUCCION NO ATENTO CONDICIONES TRANSITO MOMENTO,LA ESPIGA DE ORO, ,- LA ESPIGA DE ORO,374, , ,BIDIRECCIONAL,ASFALTO,BUENO,SECO,DESPEJADO,0,0,0,0,06,061,06115,Libertador General Bernardo O'Higgins,Cachapoal,Rengo,Numero,"LA ESPIGA DE ORO 374, Rengo",-34.39682,-70.847222
-7873934.76746066,-4037727.57172713,938,2023,1508154,2023/02/04 00:00:00+00,Febrero,4,Sábado,1899/12/30 00:00:00+00,07:30:00,7,REGION LIB.B.O'HIGGINS,GRANEROS,COLISION,COLISION,URBANA,TRAMO DE VIA RECTA,IMPRUDENCIA DEL CONDUCTOR,CONDUCCION NO ATENTO CONDICIONES TRANSITO MOMENTO,LA COMPAÑIA, ,- LA COMPAÑIA,1, , ,BIDIRECCIONAL,ASFALTO,BUENO,SECO,DESPEJADO,0,0,0,0,06,061,06106,Libertador General Bernardo O'Higgins,Cachapoal,Graneros,Numero,"LA COMPAÑIA 1, Graneros",-34.066446,-70.732759
-7837086.29086767,-2712619.37782438,939,2023,1573605,2023/11/19 00:00:00+00,Noviembre,19,Domingo,1899/12/30 00:00:00+00,12:45:00,12,REGION ANTOFAGASTA,ANTOFAGASTA,CHOQUE FRENTE/LADO,CHOQUE,URBANA,TRAMO DE VIA RECTA,OTRAS CAUSAS,HECHO DELICTUAL,DIAZ GANA, ,- DIAZ GANA,900, , ,UNIDIRECCIONAL,ASFALTO,BUENO,SECO,DESPEJADO,0,0,0,0,02,021,02101,Antofagasta,Antofagasta,Antofagasta,Numero,"DIAZ GANA 900, Antofagasta",-23.664833,-70.401744
-7965656.84001869,-4088957.50324626,940,2023,1513810,2023/02/26 00:00:00+00,Febrero,26,Domingo,1899/12/30 00:00:00+00,12:00:00,12,REGION LIB.B.O'HIGGINS,PERALILLO,VOLCADURA,VOLCADURA,RURAL,TRAMO DE VIA RECTA,ALCOHOL EN CONDUCTOR,CONDUCCION BAJO LA INFLUENCIA DEL ALCOHOL, , , ,0,I-50,66,BIDIRECCIONAL,ASFALTO,BUENO,SECO,DESPEJADO,0,1,0,0,06,063,06307,Libertador General Bernardo O'Higgins,Colchagua,Peralillo,Ruta,I-50 km 66,-34.446816,-71.556713
-7915827.3930736,-4109964.9114759,941,2023,1573881,2023/11/19 00:00:00+00,Noviembre,19,Domingo,1899/12/30 00:00:00+00,13:30:00,13,REGION LIB.B.O'HIGGINS,PLACILLA,COLISION LATERAL,COLISION,URBANA,TRAMO DE VIA RECTA,IMPRUDENCIA DEL CONDUCTOR,CONDUCCION NO ATENTO CONDICIONES TRANSITO MOMENTO,LO MOSCOSO, ,- LO MOSCOSO,150, , ,BIDIRECCIONAL,CONCRETO,BUENO,SECO,DESPEJADO,0,0,0,0,06,063,06308,Libertador General Bernardo O'Higgins,Colchagua,Placilla,Numero,"LO MOSCOSO 150, Placilla",-34.602294,-71.109087
-7921771.237005,-4146196.07742417,942,2023,1551048,2023/08/09 00:00:00+00,Agosto,9,Miércoles,1899/12/30 00:00:00+00,20:00:00,20,REGION MAULE,TENO,VOLCADURA,VOLCADURA,URBANA,TRAMO DE VIA RECTA,VELOCIDAD IMPRUDENTE,VELOCIDAD NO RAZONABLE NI PRUDENTE,COLON, ,- COLON,62, , ,BIDIRECCIONAL,ASFALTO,BUENO,SECO,NUBLADO,0,0,0,1,07,073,07308,Maule,Curicó,Teno,Numero,"COLON 62, Teno",-34.86976,-71.162482
-7926717.6322724,-3580936.57434843,943,2023,1573374,2023/11/20 00:00:00+00,Noviembre,20,Lunes,1899/12/30 00:00:00+00,10:40:00,10,REGION COQUIMBO,OVALLE,COLISION,COLISION,URBANA,TRAMO DE VIA RECTA,IMPRUDENCIA DEL CONDUCTOR,CONDUCCION NO ATENTO CONDICIONES TRANSITO MOMENTO,LORD COCHRANE, ,- LORD COCHRANE,550, , ,UNIDIRECCIONAL,ASFALTO,BUENO,SECO,DESPEJADO,0,0,0,1,04,043,04301,Coquimbo,Limarí,Ovalle,Numero,"LORD COCHRANE 550, Ovalle",-30.600207,-71.206916
-8139084.57776747,-4407119.63777,944,2023,1508765,2023/02/04 00:00:00+00,Febrero,4,Sábado,1899/12/30 00:00:00+00,15:10:00,15,REGION BIO BIO,TALCAHUANO,VOLCADURA,VOLCADURA,URBANA,TRAMO DE VIA RECTA,VELOCIDAD IMPRUDENTE,VELOCIDAD NO RAZONABLE NI PRUDENTE,GRAN BRETAÑA, ,- GRAN BRETAÑA,5061, , ,BIDIRECCIONAL,CONCRETO,BUENO,SECO,DESPEJADO,0,1,0,0,08,081,08110,Biobío,Concepción,Talcahuano,Numero,"GRAN BRETAÑA 5061, Talcahuano",-36.77017,-73.114641
-8143855.81015744,-4949467.46644593,945,2023,1552143,2023/08/10 00:00:00+00,Agosto,10,Jueves,1899/12/30 00:00:00+00,07:45:00,7,REGION LOS LAGOS,OSORNO,COLISION,COLISION,URBANA,TRAMO DE VIA RECTA,IMPRUDENCIA DEL CONDUCTOR,CONDUCCION NO ATENTO CONDICIONES TRANSITO MOMENTO,VICTORIA, ,- VICTORIA,246, , ,BIDIRECCIONAL,CONCRETO,BUENO,MOJADO,LLUVIA,0,1,0,1,10,103,10301,Los Lagos,Osorno,Osorno,Numero,"VICTORIA 246, Osorno",-40.572356,-73.157501
-8138037.75363276,-4410231.42810517,946,2023,1573021,2023/11/20 00:00:00+00,Noviembre,20,Lunes,1899/12/30 00:00:00+00,11:24:00,11,REGION BIO BIO,HUALPEN,COLISION,COLISION,URBANA,TRAMO DE VIA RECTA,VELOCIDAD IMPRUDENTE,VELOCIDAD MAYOR QUE MAXIMA PERMITIDA,BREMEN, ,- BREMEN,4074, , ,BIDIRECCIONAL,CONCRETO,BUENO,SECO,DESPEJADO,0,0,0,2,08,081,08112,Biobío,Concepción,Hualpén,Numero,"BREMEN 4074, Hualpén",-36.792559,-73.105237
-8167438.23675588,-4482887.72866634,947,2023,1514091,2023/02/26 00:00:00+00,Febrero,26,Domingo,1899/12/30 00:00:00+00,17:20:00,17,REGION BIO BIO,ARAUCO,COLISION,COLISION,RURAL,TRAMO DE VIA CURVA VERTICAL,IMPRUDENCIA DEL CONDUCTOR,CONDUCCION NO ATENTO CONDICIONES TRANSITO MOMENTO, , , ,0,P-300,10,BIDIRECCIONAL,CONCRETO,BUENO,SECO,DESPEJADO,0,0,0,1,08,082,08202,Biobío,Arauco,Arauco,Ruta,P-300 km 10,-37.313447,-73.369346
-7934703.45764665,-4179020.42218272,948,2023,1508135,2023/02/05 00:00:00+00,Febrero,5,Domingo,1899/12/30 00:00:00+00,11:30:00,11,REGION MAULE,MOLINA,COLISION POR ALCANCE,COLISION,URBANA,TRAMO DE VIA RECTA,IMPRUDENCIA DEL CONDUCTOR,CONDUCCION NO ATENTO CONDICIONES TRANSITO MOMENTO,PASTOR ARMANDO GARRIDO, ,- PASTOR ARMANDO GARRIDO,1342, , ,BIDIRECCIONAL,ASFALTO,BUENO,SECO,DESPEJADO,0,0,0,0,07,073,07304,Maule,Curicó,Molina,Numero,"PASTOR ARMANDO GARRIDO 1342, Molina",-35.111328,-71.278654
-7888192.12782891,-4083018.95109495,949,2023,1551108,2023/08/10 00:00:00+00,Agosto,10,Jueves,1899/12/30 00:00:00+00,21:25:00,21,REGION LIB.B.O'HIGGINS,RENGO,COLISION LATERAL,COLISION,URBANA,TRAMO DE VIA RECTA,IMPRUDENCIA DEL CONDUCTOR,CONDUCCION NO ATENTO CONDICIONES TRANSITO MOMENTO,GUEVARA, ,- GUEVARA,310, , ,BIDIRECCIONAL,ASFALTO,BUENO,SECO,NUBLADO,0,0,0,1,06,061,06115,Libertador General Bernardo O'Higgins,Cachapoal,Rengo,Numero,"GUEVARA 310, Rengo",-34.402812,-70.860836
-8132689.96853444,-5030016.58027072,950,2023,1514079,2023/02/26 00:00:00+00,Febrero,26,Domingo,1899/12/30 00:00:00+00,21:00:00,21,REGION LOS LAGOS,FRUTILLAR,COLISION PERPENDICULAR,COLISION,RURAL,TRAMO DE VIA RECTA,IMPRUDENCIA DEL CONDUCTOR,VIRAJES INDEBIDOS, , , ,0,V-25,1,BIDIRECCIONAL,ASFALTO,BUENO,SECO,NUBLADO,0,0,0,1,10,101,10105,Los Lagos,Llanquihue,Frutillar,Ruta,V-25 km 1,-41.119721,-73.057197
-7874619.83899498,-3993278.29855937,951,2023,1555766,2023/08/11 00:00:00+00,Agosto,11,Viernes,1899/12/30 00:00:00+00,07:30:00,7,REGION METROPOLITANA,BUIN,COLISION POR ALCANCE,COLISION,URBANA,TRAMO DE VIA RECTA,IMPRUDENCIA DEL CONDUCTOR,CONDUCCION NO ATENTO CONDICIONES TRANSITO MOMENTO,MAIPU, ,- MAIPU,205, , ,UNIDIRECCIONAL,CONCRETO,BUENO,SECO,DESPEJADO,0,0,0,1,13,134,13402,Metropolitana de Santiago,Maipo,Buin,Numero,"MAIPU 205, Buin",-33.73503,-70.738914
-8139315.87313077,-4415498.0187382,952,2023,1508508,2023/02/05 00:00:00+00,Febrero,5,Domingo,1899/12/30 00:00:00+00,15:30:00,15,REGION BIO BIO,SAN PEDRO DE LA PAZ,COLISION,COLISION,URBANA,TRAMO DE VIA RECTA,VELOCIDAD IMPRUDENTE,VELOCIDAD NO RAZONABLE NI PRUDENTE,VENUS, ,- VENUS,745, , ,BIDIRECCIONAL,CONCRETO,BUENO,SECO,NUBLADO,0,1,0,0,08,081,08108,Biobío,Concepción,San Pedro de la Paz,Numero,"VENUS 745, San Pedro de la Paz",-36.830436,-73.116719
-8141782.78640629,-4422506.39118087,953,2023,1512940,2023/02/26 00:00:00+00,Febrero,26,Domingo,1899/12/30 00:00:00+00,21:45:00,21,REGION BIO BIO,SAN PEDRO DE LA PAZ,CHOQUE FRENTE/POSTERIOR,CHOQUE,RURAL,CRUCE CON SEMAFORO FUNCIONANDO,ALCOHOL EN CONDUCTOR,CONDUCCION EN ESTADO DE EBRIEDAD, , , ,0,RUTA 160,"9,5",BIDIRECCIONAL CON BANDEJON,CONCRETO,BUENO,SECO,DESPEJADO,0,0,0,2,08,081,08108,Biobío,Concepción,San Pedro de la Paz,Ruta,"RUTA 160 km 9,5",-36.880811,-73.138879
-7935761.73671282,-4178991.24110161,954,2023,1551159,2023/08/11 00:00:00+00,Agosto,11,Viernes,1899/12/30 00:00:00+00,12:40:00,12,REGION MAULE,MOLINA,COLISION POR ALCANCE,COLISION,URBANA,TRAMO DE VIA RECTA,ALCOHOL EN CONDUCTOR,CONDUCCION EN ESTADO DE EBRIEDAD,LUIS CRUZ MARTINEZ, ,- LUIS CRUZ MARTINEZ,2049, , ,BIDIRECCIONAL,ASFALTO,BUENO,SECO,DESPEJADO,0,0,0,1,07,073,07304,Maule,Curicó,Molina,Numero,"LUIS CRUZ MARTINEZ 2049, Molina",-35.111113,-71.288161
-7885166.53533589,-4074408.92162496,955,2023,1572750,2023/11/20 00:00:00+00,Noviembre,20,Lunes,1899/12/30 00:00:00+00,19:00:00,19,REGION LIB.B.O'HIGGINS,RENGO,COLISION LATERAL,COLISION,URBANA,TRAMO DE VIA RECTA,IMPRUDENCIA DEL CONDUCTOR,CONDUCCION NO ATENTO CONDICIONES TRANSITO MOMENTO,BARROS ARANA, ,- BARROS ARANA,420, , ,BIDIRECCIONAL,ASFALTO,BUENO,SECO,DESPEJADO,0,0,0,1,06,061,06115,Libertador General Bernardo O'Higgins,Cachapoal,Rengo,Numero,"BARROS ARANA 420, Rengo",-34.338971,-70.833656
-7863047.33264474,-3953559.50645319,956,2023,1509494,2023/02/05 00:00:00+00,Febrero,5,Domingo,1899/12/30 00:00:00+00,15:30:00,15,REGION METROPOLITANA,PROVIDENCIA,COLISION LATERAL,COLISION,URBANA,TRAMO DE VIA RECTA,IMPRUDENCIA DEL CONDUCTOR,ADELANTAMIENTO SIN EL ESPACIO O TIEMPO SUFICIENTE,PROVIDENCIA, ,- PROVIDENCIA,11, , ,UNIDIRECCIONAL,ASFALTO,REGULAR,SECO,DESPEJADO,0,0,0,1,13,131,13123,Metropolitana de Santiago,Santiago,Providencia,Numero,"PROVIDENCIA 11, Providencia",-33.437798,-70.634956
-7926368.9774565,-3868488.66352863,957,2023,1551077,2023/08/11 00:00:00+00,Agosto,11,Viernes,1899/12/30 00:00:00+00,16:00:00,16,REGION VALPARAISO,CALERA,CHOQUE FRENTE/POSTERIOR,CHOQUE,URBANA,ROTONDA,VELOCIDAD IMPRUDENTE,VELOCIDAD NO RAZONABLE NI PRUDENTE,LAUTARO, ,- LAUTARO,78, , ,BIDIRECCIONAL,ASFALTO,BUENO,SECO,DESPEJADO,0,2,0,1,05,055,05502,Valparaíso,Quillota,Calera,Numero,"LAUTARO 78, Calera",-32.797745,-71.203784
-7880151.59000473,-3961617.14313337,958,2023,1577335,2023/11/21 00:00:00+00,Noviembre,21,Martes,1899/12/30 00:00:00+00,06:40:00,6,REGION METROPOLITANA,MAIPU,COLISION LATERAL,COLISION,RURAL,TRAMO DE VIA RECTA,IMPRUDENCIA DEL CONDUCTOR,CONDUCCION NO ATENTO CONDICIONES TRANSITO MOMENTO, , , ,0,RUTA 78,13,UNIDIRECCIONAL,ASFALTO,BUENO,SECO,DESPEJADO,0,0,0,1,13,131,13119,Metropolitana de Santiago,Santiago,Maipú,Numero,RUTA 78 km 13,-33.498179,-70.788606
-8055342.28753834,-4290714.21841839,959,2023,1513580,2023/02/26 00:00:00+00,Febrero,26,Domingo,1899/12/30 00:00:00+00,23:50:00,23,REGION MAULE,CONSTITUCION,VOLCADURA,VOLCADURA,RURAL,TRAMO DE VIA CURVA HORIZONTAL,VELOCIDAD IMPRUDENTE,VELOCIDAD NO RAZONABLE NI PRUDENTE, , , ,0,M-50,4,BIDIRECCIONAL,ASFALTO,BUENO,SECO,DESPEJADO,0,0,0,1,07,071,07102,Maule,Talca,Constitución,Ruta,M-50 km 4,-35.927967,-72.362371
-7872239.17402378,-3992944.14986365,960,2023,1508793,2023/02/05 00:00:00+00,Febrero,5,Domingo,1899/12/30 00:00:00+00,19:45:00,19,REGION METROPOLITANA,BUIN,COLISION LATERAL,COLISION,URBANA,ROTONDA,IMPRUDENCIA DEL CONDUCTOR,CONDUCCION NO ATENTO CONDICIONES TRANSITO MOMENTO,VICTOR TRONCOSO MUÑOZ, ,- VICTOR TRONCOSO MUÑOZ,445, , ,BIDIRECCIONAL,ASFALTO,BUENO,SECO,DESPEJADO,0,0,1,0,13,134,13402,Metropolitana de Santiago,Maipo,Buin,Numero,"VICTOR TRONCOSO MUÑOZ 445, Buin",-33.732534,-70.717528
-7874917.55406755,-3967296.34003357,961,2023,1556700,2023/08/11 00:00:00+00,Agosto,11,Viernes,1899/12/30 00:00:00+00,17:30:00,17,REGION METROPOLITANA,MAIPU,COLISION LATERAL,COLISION,URBANA,TRAMO DE VIA RECTA,IMPRUDENCIA DEL CONDUCTOR,CONDUCCION CAMBIAR SORPRESIVAMENTE PISTA CIRCULACION,STA MARTA, ,- STA MARTA,2100, , ,BIDIRECCIONAL,CONCRETO,BUENO,SECO,DESPEJADO,0,0,0,0,13,131,13119,Metropolitana de Santiago,Santiago,Maipú,Numero,"STA MARTA 2100, Maipú",-33.540712,-70.741588
-7853445.03976106,-3940995.56655924,962,2023,1574134,2023/11/21 00:00:00+00,Noviembre,21,Martes,1899/12/30 00:00:00+00,07:30:00,7,REGION METROPOLITANA,LO BARNECHEA,COLISION LATERAL,COLISION,URBANA,TRAMO DE VIA RECTA,IMPRUDENCIA DEL CONDUCTOR,NO RESPETAR DERECHO PREFERENTE DE PASO A VEHICULO,CAMINO REAL, ,- CAMINO REAL,3767, , ,BIDIRECCIONAL,CONCRETO,BUENO,SECO,DESPEJADO,0,1,0,0,13,131,13115,Metropolitana de Santiago,Santiago,Lo Barnechea,Numero,"CAMINO REAL 3767, Lo Barnechea",-33.343564,-70.548697
-7951357.66179354,-3901777.00020235,963,2023,1510481,2023/02/05 00:00:00+00,Febrero,5,Domingo,1899/12/30 00:00:00+00,21:45:00,21,REGION VALPARAISO,QUILPUE,CHOQUE POSTERIOR/POSTERIOR,CHOQUE,URBANA,TRAMO DE VIA RECTA,IMPRUDENCIA DEL CONDUCTOR,CONDUCCION SIN MANTENER DISTANCIA RAZONABLE NI PRUDENTE,LOS CARRERA, ,- LOS CARRERA,769, , ,BIDIRECCIONAL,CONCRETO,BUENO,SECO,DESPEJADO,0,0,0,1,05,058,05801,Valparaíso,Marga Marga,Quilpué,Numero,"LOS CARRERA 769, Quilpué",-33.048754,-71.428261
-7869368.71940102,-4029194.47890662,964,2023,1512650,2023/02/27 00:00:00+00,Febrero,27,Lunes,1899/12/30 00:00:00+00,09:25:00,9,REGION LIB.B.O'HIGGINS,MOSTAZAL,COLISION,COLISION,RURAL,TRAMO DE VIA RECTA,VELOCIDAD IMPRUDENTE,VELOCIDAD NO RAZONABLE NI PRUDENTE, , , ,0,H-145,1,BIDIRECCIONAL,ASFALTO,BUENO,SECO,DESPEJADO,0,0,2,0,06,061,06110,Libertador General Bernardo O'Higgins,Cachapoal,Mostazal,Ruta,H-145 km 1,-34.002923,-70.691742
-7868393.47044836,-3991785.63996812,965,2023,1508799,2023/02/05 00:00:00+00,Febrero,5,Domingo,1899/12/30 00:00:00+00,22:20:00,22,REGION METROPOLITANA,BUIN,VOLCADURA,VOLCADURA,URBANA,TRAMO DE VIA RECTA,VELOCIDAD IMPRUDENTE,VELOCIDAD NO RAZONABLE NI PRUDENTE,CAMINO PADRE HURTADO, ,- CAMINO PADRE HURTADO,950, , ,BIDIRECCIONAL,ASFALTO,BUENO,SECO,DESPEJADO,0,0,0,1,13,134,13402,Metropolitana de Santiago,Maipo,Buin,Numero,"CAMINO PADRE HURTADO 950, Buin",-33.723878,-70.682981
-7837310.49107172,-2712812.69110506,966,2023,1552295,2023/08/11 00:00:00+00,Agosto,11,Viernes,1899/12/30 00:00:00+00,20:30:00,20,REGION ANTOFAGASTA,ANTOFAGASTA,COLISION,COLISION,URBANA,TRAMO DE VIA RECTA,IMPRUDENCIA DEL CONDUCTOR,CONDUCCION NO ATENTO CONDICIONES TRANSITO MOMENTO,ANGAMOS, ,- ANGAMOS,855, , ,BIDIRECCIONAL,ASFALTO,BUENO,SECO,DESPEJADO,0,0,0,1,02,021,02101,Antofagasta,Antofagasta,Antofagasta,Numero,"ANGAMOS 855, Antofagasta",-23.666423,-70.403758
-8120857.08311224,-6044945.93719008,967,2023,1518697,2023/02/27 00:00:00+00,Febrero,27,Lunes,1899/12/30 00:00:00+00,09:30:00,9,REGION AYSEN DEL GRL. CARLOS IBAÑEZ DEL CAMPO,TORTEL,COLISION,COLISION,RURAL,TRAMO DE VIA RECTA,IMPRUDENCIA DEL CONDUCTOR,ADELANTAMIENTO SIN EL ESPACIO O TIEMPO SUFICIENTE, , , ,0,RUTA 7,1000,BIDIRECCIONAL,RIPIO,REGULAR, ,DESPEJADO,0,1,0,0,11,113,11303,Aysén del General Carlos Ibáñez del Campo,Capitán Prat,Tortel,Ruta,RUTA 7 km 1000,-47.626529,-72.9509
-8142772.9665866,-4416511.11584067,968,2023,1510031,2023/02/06 00:00:00+00,Febrero,6,Lunes,1899/12/30 00:00:00+00,00:15:00,0,REGION BIO BIO,SAN PEDRO DE LA PAZ,VOLCADURA,VOLCADURA,URBANA,TRAMO DE VIA RECTA,VELOCIDAD IMPRUDENTE,VELOCIDAD NO RAZONABLE NI PRUDENTE,CALLE UNO, ,- CALLE UNO,130, , ,BIDIRECCIONAL,CONCRETO,BUENO,SECO,DESPEJADO,0,1,0,0,08,081,08108,Biobío,Concepción,San Pedro de la Paz,Numero,"CALLE UNO 130, San Pedro de la Paz",-36.83772,-73.147774
-7868689.39408975,-3923169.61039971,969,2023,1573863,2023/11/21 00:00:00+00,Noviembre,21,Martes,1899/12/30 00:00:00+00,08:10:00,8,REGION METROPOLITANA,COLINA,ATROPELLO,ATROPELLO,URBANA,TRAMO DE VIA RECTA,IMPRUDENCIA DEL PEATON,PEATON CRUZA CALZADA FORMA SORPRESIVA O DESCUIDADA,MARCOS GOICOLEA, ,- MARCOS GOICOLEA,0, , ,BIDIRECCIONAL,ASFALTO,REGULAR,SECO,DESPEJADO,0,0,0,1,13,133,13301,Metropolitana de Santiago,Chacabuco,Colina,Numero,"MARCOS GOICOLEA 0, Colina",-33.209687,-70.685639
-7927374.36510377,-4160694.85981226,970,2023,1553556,2023/08/12 00:00:00+00,Agosto,12,Sábado,1899/12/30 00:00:00+00,10:20:00,10,REGION MAULE,CURICO,VOLCADURA,VOLCADURA,URBANA,TRAMO DE VIA RECTA,IMPRUDENCIA DEL CONDUCTOR,VIRAJES INDEBIDOS,ARTURO ALESSANDRI, ,- ARTURO ALESSANDRI,1740, , ,BIDIRECCIONAL CON BANDEJON,CONCRETO,BUENO,SECO,DESPEJADO,0,0,0,1,07,073,07301,Maule,Curicó,Curicó,Numero,"ARTURO ALESSANDRI 1740, Curicó",-34.97655,-71.212816
-8122032.57826263,-4475085.81282482,971,2023,1513524,2023/02/27 00:00:00+00,Febrero,27,Lunes,1899/12/30 00:00:00+00,23:20:00,23,REGION BIO BIO,SANTA JUANA,COLISION PERPENDICULAR,COLISION,RURAL,TRAMO DE VIA CURVA HORIZONTAL,VELOCIDAD IMPRUDENTE,VELOCIDAD NO RAZONABLE NI PRUDENTE, , , ,0,RUTA 156,"56,8",BIDIRECCIONAL,ASFALTO,BUENO,SECO,DESPEJADO,0,1,0,0,08,081,08109,Biobío,Concepción,Santa Juana,Ruta,"RUTA 156 km 56,8",-37.257685,-72.96146
-7857454.90601145,-3869868.4294257,972,2023,1508941,2023/02/08 00:00:00+00,Febrero,8,Miércoles,1899/12/30 00:00:00+00,08:10:00,8,REGION VALPARAISO,SAN ESTEBAN,COLISION POR ALCANCE,COLISION,URBANA,TRAMO DE VIA RECTA,DEFICIENCIAS VIALES,ANIMALES SUELTOS VIA PUBLICA,ALESSANDRI, ,- ALESSANDRI,1811, , ,BIDIRECCIONAL,ASFALTO,BUENO,SECO,DESPEJADO,0,0,0,2,05,053,05304,Valparaíso,Los Andes,San Esteban,Numero,"ALESSANDRI 1811, San Esteban",-32.808163,-70.584718
-7870185.57995429,-3973327.29803257,973,2023,1551380,2023/08/12 00:00:00+00,Agosto,12,Sábado,1899/12/30 00:00:00+00,13:00:00,13,REGION METROPOLITANA,SAN BERNARDO,CHOQUE FRENTE/POSTERIOR,CHOQUE,URBANA,TRAMO DE VIA RECTA,VELOCIDAD IMPRUDENTE,VELOCIDAD NO RAZONABLE NI PRUDENTE,AMERICA, ,- AMERICA,319, , ,BIDIRECCIONAL,ASFALTO,REGULAR,SECO,DESPEJADO,0,0,0,0,13,134,13401,Metropolitana de Santiago,Maipo,San Bernardo,Numero,"AMERICA 319, San Bernardo",-33.585856,-70.69908
-8138983.12935441,-5114650.52853794,974,2023,1513128,2023/02/28 00:00:00+00,Febrero,28,Martes,1899/12/30 00:00:00+00,14:15:00,14,REGION LOS LAGOS,PUERTO MONTT,VOLCADURA,VOLCADURA,RURAL,TRAMO DE VIA RECTA,DROGAS Y/O FATIGA EN CONDUCTOR,"CONDICIONES FISICAS DEFICIENTES (CANSANCIO, SUEÑO)", , , ,0,"V-805, V-815","9,5",BIDIRECCIONAL,ASFALTO,BUENO,SECO,DESPEJADO,0,0,0,0,10,101,10101,Los Lagos,Llanquihue,Puerto Montt,Ruta,"V-805, V-815 km 9,5",-41.689967,-73.113729
-7952751.77268327,-3901275.64720954,975,2023,1578869,2023/11/21 00:00:00+00,Noviembre,21,Martes,1899/12/30 00:00:00+00,08:20:00,8,REGION VALPARAISO,QUILPUE,COLISION LATERAL,COLISION,URBANA,TRAMO DE VIA RECTA,IMPRUDENCIA DEL CONDUCTOR,CONDUCCION SIN MANTENER DISTANCIA RAZONABLE NI PRUDENTE,BAQUEDANO, ,- BAQUEDANO,944, , ,BIDIRECCIONAL,ASFALTO,BUENO,SECO,DESPEJADO,0,0,0,1,05,058,05801,Valparaíso,Marga Marga,Quilpué,Numero,"BAQUEDANO 944, Quilpué",-33.044979,-71.440785
-7934950.91545342,-4179426.61367232,976,2023,1508725,2023/02/08 00:00:00+00,Febrero,8,Miércoles,1899/12/30 00:00:00+00,16:00:00,16,REGION MAULE,MOLINA,COLISION POR ALCANCE,COLISION,URBANA,TRAMO DE VIA RECTA,IMPRUDENCIA DEL CONDUCTOR,CONDUCCION NO ATENTO CONDICIONES TRANSITO MOMENTO,OSCAR COMMENTZ, ,- OSCAR COMMENTZ,136, , ,BIDIRECCIONAL,ASFALTO,BUENO,SECO,DESPEJADO,0,0,0,0,07,073,07304,Maule,Curicó,Molina,Numero,"OSCAR COMMENTZ 136, Molina",-35.114312,-71.280877
-8054048.43274087,-4507366.17565866,977,2023,1552616,2023/08/12 00:00:00+00,Agosto,12,Sábado,1899/12/30 00:00:00+00,18:40:00,18,REGION BIO BIO,LOS ANGELES,VOLCADURA,VOLCADURA,URBANA,TRAMO DE VIA RECTA,VELOCIDAD IMPRUDENTE,VELOCIDAD NO RAZONABLE NI PRUDENTE,SAN PABLO, ,- SAN PABLO,203, , ,UNIDIRECCIONAL,ASFALTO,REGULAR,SECO,DESPEJADO,0,0,0,1,08,083,08301,Biobío,Biobío,Los Angeles,Numero,"SAN PABLO 203, Los Angeles",-37.488131,-72.350748
-7867822.40929748,-3921155.4861391,978,2023,1573843,2023/11/21 00:00:00+00,Noviembre,21,Martes,1899/12/30 00:00:00+00,09:00:00,9,REGION METROPOLITANA,COLINA,CHOQUE FRENTE/POSTERIOR,CHOQUE,URBANA,TRAMO DE VIA RECTA,IMPRUDENCIA DEL CONDUCTOR,CONDUCCION NO ATENTO CONDICIONES TRANSITO MOMENTO,ACONCAGUA, ,- ACONCAGUA,0, , ,BIDIRECCIONAL,ASFALTO,BUENO,SECO,DESPEJADO,0,0,0,0,13,133,13301,Metropolitana de Santiago,Chacabuco,Colina,Numero,"ACONCAGUA 0, Colina",-33.194548,-70.677851