X,Y,FID,Año,IdAccident,Fecha,Mes,Dia_mes,Dia_semana,Hora,Hora_texto,Hora_aprox,Región,Comuna,Tipo_Accid,Tipo__CONA,Zona,Ubicación,Causa__CON,Causa_Acci,Calle_Uno,Calle_Dos,Intersecci,Número,Ruta,Ubicaci_1,Calzada,Tipo_Calza,Estado_Cal,Condición,Estado_Atm,Fallecidos,Graves,Menos_Grav,Leves,CUT_REG,CUT_PROV,CUT_COM,REGION,PROVINCIA,COMUNA1,Tipo_direc,Direccion,Lat,Lon
-7824682.67939966,-2087460.69339253,979,2023,1515086,2023/02/28 00:00:00+00,Febrero,28,Martes,1899/12/30 00:00:00+00,19:40:00,19,REGION ARICA Y PARINACOTA,ARICA,VOLCADURA,VOLCADURA,RURAL,TRAMO DE VIA RECTA,IMPRUDENCIA DEL CONDUCTOR,VIRAJES INDEBIDOS, , , ,0,RUTA 5 NORTE,2067,BIDIRECCIONAL CON BANDEJON,ASFALTO,BUENO,SECO,DESPEJADO,0,1,0,1,15,151,15101,Arica y Parinacota,Arica,Arica,Ruta,RUTA 5 NORTE km 2067,-18.425905,-70.29032
-7931064.34763952,-3492651.16308097,980,2023,1551915,2023/08/12 00:00:00+00,Agosto,12,Sábado,1899/12/30 00:00:00+00,21:00:00,21,REGION COQUIMBO,COQUIMBO,COLISION PERPENDICULAR,COLISION,URBANA,TRAMO DE VIA RECTA,IMPRUDENCIA DEL CONDUCTOR,"ADELANTAMIENTO EN CRUCE, CURVA, CUESTA, PUENTE",PRESIDENTE ARTURO ALESSANDRI, ,- PRESIDENTE ARTURO ALESSANDRI,1458, , ,BIDIRECCIONAL,CONCRETO,BUENO,SECO,DESPEJADO,0,0,1,0,04,041,04102,Coquimbo,Elqui,Coquimbo,Numero,"PRESIDENTE ARTURO ALESSANDRI 1458, Coquimbo",-29.915176,-71.245963
-7857095.65787696,-3868936.02966707,981,2023,1508947,2023/02/08 00:00:00+00,Febrero,8,Miércoles,1899/12/30 00:00:00+00,18:25:00,18,REGION VALPARAISO,SAN ESTEBAN,COLISION PERPENDICULAR,COLISION,URBANA,TRAMO DE VIA RECTA,IMPRUDENCIA DEL CONDUCTOR,VIRAJES INDEBIDOS,ALESSANDRI, ,- ALESSANDRI,0, , ,BIDIRECCIONAL,ASFALTO,BUENO,SECO,DESPEJADO,0,1,0,0,05,053,05304,Valparaíso,Los Andes,San Esteban,Numero,"ALESSANDRI 0, San Esteban",-32.801123,-70.581491
-7807095.27201686,-2301507.24968582,982,2023,1551489,2023/08/13 00:00:00+00,Agosto,13,Domingo,1899/12/30 00:00:00+00,08:10:00,8,REGION TARAPACA,IQUIQUE,CHOQUE FRENTE/POSTERIOR,CHOQUE,URBANA,TRAMO DE VIA RECTA,IMPRUDENCIA DEL CONDUCTOR,CONDUCCION SIN MANTENER DISTANCIA RAZONABLE NI PRUDENTE,TUCAPEL, ,- TUCAPEL,2505, , ,UNIDIRECCIONAL,ASFALTO,BUENO,SECO,DESPEJADO,0,0,0,0,01,011,01101,Tarapacá,Iquique,Iquique,Numero,"TUCAPEL 2505, Iquique",-20.240196,-70.13233
-7856797.21918317,-3974641.97343627,983,2023,1573840,2023/11/21 00:00:00+00,Noviembre,21,Martes,1899/12/30 00:00:00+00,18:45:00,18,REGION METROPOLITANA,PUENTE ALTO,COLISION POR ALCANCE,COLISION,URBANA,TRAMO DE VIA RECTA,IMPRUDENCIA DEL CONDUCTOR,ADELANTAMIENTO SIN EL ESPACIO O TIEMPO SUFICIENTE,CONCHA Y TORO, ,- CONCHA Y TORO,1820, , ,BIDIRECCIONAL CON BANDEJON,ASFALTO,BUENO,SECO,DESPEJADO,0,0,0,1,13,132,13201,Metropolitana de Santiago,Cordillera,Puente Alto,Numero,"CONCHA Y TORO 1820, Puente Alto",-33.595694,-70.57881
-7846885.96921627,-3511087.24672071,984,2023,1513305,2023/03/01 00:00:00+00,Marzo,1,Miércoles,1899/12/30 00:00:00+00,01:00:00,1,REGION COQUIMBO,PAIHUANO,CHOQUE LATERAL,CHOQUE,RURAL,TRAMO DE VIA CURVA HORIZONTAL,VELOCIDAD IMPRUDENTE,VELOCIDAD NO RAZONABLE NI PRUDENTE, , , ,0,D-485,12,BIDIRECCIONAL,ASFALTO,BUENO,SECO,DESPEJADO,0,0,0,1,04,041,04105,Coquimbo,Elqui,Paiguano,Ruta,D-485 km 12,-30.058621,-70.489776
-7898478.3316967,-3873992.74713874,985,2023,1511006,2023/02/08 00:00:00+00,Febrero,8,Miércoles,1899/12/30 00:00:00+00,18:45:00,18,REGION VALPARAISO,LLAY LLAY,COLISION,COLISION,URBANA,TRAMO DE VIA RECTA,IMPRUDENCIA DEL CONDUCTOR,CONDUCCION SIN MANTENER DISTANCIA RAZONABLE NI PRUDENTE,RIO CUARTO, ,- RIO CUARTO,489, , ,BIDIRECCIONAL,ASFALTO,BUENO,SECO,DESPEJADO,0,0,0,1,05,057,05703,Valparaíso,San Felipe de Aconcagua,Llaillay,Numero,"RIO CUARTO 489, Llaillay",-32.839297,-70.953238
-7875989.41150672,-3964833.48055969,986,2023,1557394,2023/08/13 00:00:00+00,Agosto,13,Domingo,1899/12/30 00:00:00+00,09:40:00,9,REGION METROPOLITANA,MAIPU,COLISION LATERAL,COLISION,URBANA,TRAMO DE VIA RECTA,IMPRUDENCIA DEL CONDUCTOR,CONDUCCION NO ATENTO CONDICIONES TRANSITO MOMENTO,VICENTE REYES, ,- VICENTE REYES,510, , ,BIDIRECCIONAL,ASFALTO,BUENO,SECO,DESPEJADO,0,0,0,1,13,131,13119,Metropolitana de Santiago,Santiago,Maipú,Numero,"VICENTE REYES 510, Maipú",-33.52227,-70.751217
-7932541.13794182,-4078599.35272241,987,2023,1513401,2023/03/01 00:00:00+00,Marzo,1,Miércoles,1899/12/30 00:00:00+00,11:45:00,11,REGION LIB.B.O'HIGGINS,PICHIDEGUA,COLISION FRONTAL,COLISION,RURAL,TRAMO DE VIA RECTA,IMPRUDENCIA DEL CONDUCTOR,CONDUCCION NO ATENTO CONDICIONES TRANSITO MOMENTO, , , ,0,H-76,25,BIDIRECCIONAL,ASFALTO,BUENO,SECO,DESPEJADO,0,0,0,1,06,061,06113,Libertador General Bernardo O'Higgins,Cachapoal,Pichidegua,Ruta,H-76 km 25,-34.370048,-71.259229
-7865527.23118301,-3963473.78487159,988,2023,1509730,2023/02/08 00:00:00+00,Febrero,8,Miércoles,1899/12/30 00:00:00+00,22:10:00,22,REGION METROPOLITANA,SAN MIGUEL,ATROPELLO,ATROPELLO,URBANA,OTROS NO CONSIDERADOS,IMPRUDENCIA DEL PEATON,PEATON CRUZA CALZADA FUERA PASO PEATONES,GRAN AVDA JOSE MIGUEL CARRERA, ,- GRAN AVDA JOSE MIGUEL CARRERA,6150, , ,BIDIRECCIONAL,ASFALTO,BUENO,SECO,DESPEJADO,1,1,0,0,13,131,13130,Metropolitana de Santiago,Santiago,San Miguel,Numero,"GRAN AVDA JOSE MIGUEL CARRERA 6150, San Miguel",-33.512086,-70.657233
-8131195.9759533,-4420246.3097153,989,2023,1577326,2023/11/21 00:00:00+00,Noviembre,21,Martes,1899/12/30 00:00:00+00,20:40:00,20,REGION BIO BIO,CHIGUAYANTE,COLISION LATERAL,COLISION,URBANA,TRAMO DE VIA RECTA,IMPRUDENCIA DEL CONDUCTOR,CONDUCCION CAMBIAR SORPRESIVAMENTE PISTA CIRCULACION,CAMINO A CHIGUAYANTE, ,- CAMINO A CHIGUAYANTE,2701, , ,BIDIRECCIONAL CON BANDEJON,CONCRETO,BUENO,SECO,DESPEJADO,0,0,0,1,08,081,08103,Biobío,Concepción,Chiguayante,Numero,"CAMINO A CHIGUAYANTE 2701, Chiguayante",-36.86457,-73.043776
-7872477.16529898,-3929328.75938504,990,2023,1509225,2023/02/09 00:00:00+00,Febrero,9,Jueves,1899/12/30 00:00:00+00,10:15:00,10,REGION METROPOLITANA,COLINA,COLISION,COLISION,RURAL,TRAMO DE VIA RECTA,IMPRUDENCIA DEL CONDUCTOR,CONDUCCION NO ATENTO CONDICIONES TRANSITO MOMENTO, , , ,0,RUTA 73,3,BIDIRECCIONAL,ASFALTO,BUENO,SECO,DESPEJADO,0,0,0,2,13,133,13301,Metropolitana de Santiago,Chacabuco,Colina,Numero,RUTA 73 km 3,-33.255967,-70.719666
-7861416.28809289,-3872976.23027329,991,2023,1551292,2023/08/13 00:00:00+00,Agosto,13,Domingo,1899/12/30 00:00:00+00,12:50:00,12,REGION VALPARAISO,LOS ANDES,VOLCADURA,VOLCADURA,URBANA,TRAMO DE VIA RECTA,IMPRUDENCIA DEL CONDUCTOR,CONDUCCION NO ATENTO CONDICIONES TRANSITO MOMENTO,LOS VILLARES, ,- LOS VILLARES,4009, , ,BIDIRECCIONAL,ASFALTO,BUENO,SECO,DESPEJADO,0,1,0,0,05,053,05301,Valparaíso,Los Andes,Los Andes,Numero,"LOS VILLARES 4009, Los Andes",-32.831625,-70.620304
-7922307.38258608,-4081622.88443322,992,2023,1574113,2023/11/21 00:00:00+00,Noviembre,21,Martes,1899/12/30 00:00:00+00,23:00:00,23,REGION LIB.B.O'HIGGINS,PEUMO,CHOQUE,CHOQUE,URBANA,TRAMO DE VIA RECTA,ALCOHOL EN CONDUCTOR,CONDUCCION EN ESTADO DE EBRIEDAD,VICUÑA MACKENNA, ,- VICUÑA MACKENNA,537, , ,BIDIRECCIONAL,ASFALTO,BUENO,SECO,DESPEJADO,0,1,0,0,06,061,06112,Libertador General Bernardo O'Higgins,Cachapoal,Peumo,Numero,"VICUÑA MACKENNA 537, Peumo",-34.392464,-71.167298
-7918077.77528988,-4129615.88893081,993,2023,1519514,2023/03/01 00:00:00+00,Marzo,1,Miércoles,1899/12/30 00:00:00+00,23:30:00,23,REGION LIB.B.O'HIGGINS,CHIMBARONGO,VOLCADURA,VOLCADURA,RURAL,TRAMO DE VIA RECTA,IMPRUDENCIA DEL CONDUCTOR,CONDUCCION NO ATENTO CONDICIONES TRANSITO MOMENTO, , , ,0,I-86,"13,2",BIDIRECCIONAL,ASFALTO,BUENO,SECO,DESPEJADO,0,0,1,0,06,063,06303,Libertador General Bernardo O'Higgins,Colchagua,Chimbarongo,Ruta,"I-86 km 13,2",-34.747469,-71.129303
-7865292.72377373,-4016146.1294554,994,2023,1554497,2023/08/13 00:00:00+00,Agosto,13,Domingo,1899/12/30 00:00:00+00,13:00:00,13,REGION METROPOLITANA,PAINE,CHOQUE FRONTAL,CHOQUE,RURAL,TRAMO DE VIA RECTA,IMPRUDENCIA DEL CONDUCTOR,CONDUCCION NO ATENTO CONDICIONES TRANSITO MOMENTO, , , ,0,"G-45, G-515-H",36,BIDIRECCIONAL,ASFALTO,BUENO,SECO,DESPEJADO,0,0,1,0,13,134,13404,Metropolitana de Santiago,Maipo,Paine,Numero,"G-45, G-515-H km 36",-33.905695,-70.655127
-7856771.72863392,-3870049.27347912,995,2023,1573652,2023/11/22 00:00:00+00,Noviembre,22,Miércoles,1899/12/30 00:00:00+00,08:00:00,8,REGION VALPARAISO,SAN ESTEBAN,VOLCADURA,VOLCADURA,URBANA,TRAMO DE VIA RECTA,DEFICIENCIAS VIALES,ANIMALES SUELTOS VIA PUBLICA,EL MOLINO, ,- EL MOLINO,777, , ,BIDIRECCIONAL,CONCRETO,BUENO,SECO,DESPEJADO,0,0,0,1,05,053,05304,Valparaíso,Los Andes,San Esteban,Numero,"EL MOLINO 777, San Esteban",-32.809529,-70.578581
-8139344.26113713,-4400819.21785916,996,2023,1513525,2023/02/09 00:00:00+00,Febrero,9,Jueves,1899/12/30 00:00:00+00,20:00:00,20,REGION BIO BIO,TALCAHUANO,COLISION LATERAL,COLISION,URBANA,TRAMO DE VIA RECTA,IMPRUDENCIA DEL CONDUCTOR,"ADELANTAMIENTO EN CRUCE, CURVA, CUESTA, PUENTE",LAS GOLONDRINAS, ,- LAS GOLONDRINAS,312, , ,BIDIRECCIONAL CON BANDEJON,CONCRETO,BUENO,SECO,DESPEJADO,0,0,0,1,08,081,08110,Biobío,Concepción,Talcahuano,Numero,"LAS GOLONDRINAS 312, Talcahuano",-36.724819,-73.116974
-7876136.29298846,-3857945.44140375,997,2023,1574963,2023/11/22 00:00:00+00,Noviembre,22,Miércoles,1899/12/30 00:00:00+00,09:20:00,9,REGION VALPARAISO,SAN FELIPE,ATROPELLO,ATROPELLO,URBANA,TRAMO DE VIA RECTA,IMPRUDENCIA DEL PEATON,PEATON CRUZA CALZADA FORMA SORPRESIVA O DESCUIDADA,EL RIO, ,- EL RIO,7, , ,BIDIRECCIONAL,ASFALTO,REGULAR,SECO,DESPEJADO,0,0,0,2,05,057,05701,Valparaíso,San Felipe de Aconcagua,San Felipe,Numero,"EL RIO 7, San Felipe",-32.718096,-70.752536
-7845032.12036227,-2725780.55419762,998,2023,1513507,2023/03/02 00:00:00+00,Marzo,2,Jueves,1899/12/30 00:00:00+00,01:50:00,1,REGION ANTOFAGASTA,ANTOFAGASTA,IMPACTO CON ANIMAL,OTRO TIPO,RURAL,TRAMO DE VIA RECTA,VELOCIDAD IMPRUDENTE,VELOCIDAD NO RAZONABLE NI PRUDENTE, , , ,0,RUTA 1,"11,2",BIDIRECCIONAL CON BANDEJON,ASFALTO,BUENO,SECO,DESPEJADO,1,0,0,0,02,021,02101,Antofagasta,Antofagasta,Antofagasta,Ruta,"RUTA 1 km 11,2",-23.773075,-70.473123
-7864018.88306298,-3950387.54739453,999,2023,1552546,2023/08/13 00:00:00+00,Agosto,13,Domingo,1899/12/30 00:00:00+00,17:15:00,17,REGION METROPOLITANA,RECOLETA,COLISION POR ALCANCE,COLISION,URBANA,TRAMO DE VIA RECTA,IMPRUDENCIA DEL CONDUCTOR,CONDUCCION SIN MANTENER DISTANCIA RAZONABLE NI PRUDENTE,RECOLETA, ,- RECOLETA,1490, , ,BIDIRECCIONAL,ASFALTO,BUENO,SECO,NUBLADO,0,0,1,0,13,131,13127,Metropolitana de Santiago,Santiago,Recoleta,Numero,"RECOLETA 1490, Recoleta",-33.414016,-70.643684
-8081018.66273506,-4683608.96150186,1000,2023,1509254,2023/02/10 00:00:00+00,Febrero,10,Viernes,1899/12/30 00:00:00+00,00:30:00,0,REGION ARAUCANIA,TEMUCO,CHOQUE POSTERIOR,CHOQUE,URBANA,TRAMO DE VIA RECTA,IMPRUDENCIA DEL CONDUCTOR,CONDUCCION SIN MANTENER DISTANCIA RAZONABLE NI PRUDENTE,MIRAFLORES, ,- MIRAFLORES,528, , ,UNIDIRECCIONAL,CONCRETO,BUENO,SECO,DESPEJADO,0,0,0,0,09,091,09101,La Araucanía,Cautín,Temuco,Numero,"MIRAFLORES 528, Temuco",-38.733778,-72.593026
-7869368.71940102,-4029194.47890662,1001,2023,1515012,2023/03/02 00:00:00+00,Marzo,2,Jueves,1899/12/30 00:00:00+00,08:00:00,8,REGION LIB.B.O'HIGGINS,MOSTAZAL,COLISION,COLISION,RURAL,TRAMO DE VIA RECTA,IMPRUDENCIA DEL CONDUCTOR,CONDUCCION NO ATENTO CONDICIONES TRANSITO MOMENTO, , , ,0,H-145,1,BIDIRECCIONAL,ASFALTO,BUENO,SECO,DESPEJADO,0,0,0,1,06,061,06110,Libertador General Bernardo O'Higgins,Cachapoal,Mostazal,Ruta,H-145 km 1,-34.002923,-70.691742
-7902750.14979646,-4105789.91240921,1002,2023,1574734,2023/11/22 00:00:00+00,Noviembre,22,Miércoles,1899/12/30 00:00:00+00,16:00:00,16,REGION LIB.B.O'HIGGINS,SAN FERNANDO,COLISION POR ALCANCE,COLISION,URBANA,TRAMO DE VIA RECTA,IMPRUDENCIA DEL CONDUCTOR,CONDUCCION NO ATENTO CONDICIONES TRANSITO MOMENTO,NINCUNLAUTA, ,- NINCUNLAUTA,3183, , ,BIDIRECCIONAL,ASFALTO,BUENO,SECO,DESPEJADO,0,0,0,0,06,063,06301,Libertador General Bernardo O'Higgins,Colchagua,San Fernando,Numero,"NINCUNLAUTA 3183, San Fernando",-34.571417,-70.991612
-8016714.22156481,-4532940.62448284,1003,2023,1554979,2023/08/13 00:00:00+00,Agosto,13,Domingo,1899/12/30 00:00:00+00,17:30:00,17,REGION BIO BIO,SANTA BARBARA,CHOQUE FRONTAL,CHOQUE,URBANA,TRAMO DE VIA RECTA,IMPRUDENCIA DEL CONDUCTOR,CONDUCCION NO ATENTO CONDICIONES TRANSITO MOMENTO,ARTURO PRAT, ,- ARTURO PRAT,990, , ,BIDIRECCIONAL,ASFALTO,BUENO,HUMEDO,DESPEJADO,0,0,0,0,08,083,08311,Biobío,Biobío,Santa Bárbara,Numero,"ARTURO PRAT 990, Santa Bárbara",-37.670202,-72.015369
-7879479.89781529,-3967908.44271437,1004,2023,1509865,2023/02/10 00:00:00+00,Febrero,10,Viernes,1899/12/30 00:00:00+00,07:50:00,7,REGION METROPOLITANA,MAIPU,COLISION LATERAL,COLISION,URBANA,TRAMO DE VIA RECTA,IMPRUDENCIA DEL CONDUCTOR,CONDUCCION NO ATENTO CONDICIONES TRANSITO MOMENTO,CALETERA CAMINO A MELIPILLA, ,- CALETERA CAMINO A MELIPILLA,595, , ,BIDIRECCIONAL,ASFALTO,BUENO,SECO,DESPEJADO,0,0,0,1,13,131,13119,Metropolitana de Santiago,Santiago,Maipú,Numero,"CALETERA CAMINO A MELIPILLA 595, Maipú",-33.545295,-70.782572
-7876876.11702546,-3958327.30326702,1005,2023,1554421,2023/08/14 00:00:00+00,Agosto,14,Lunes,1899/12/30 00:00:00+00,13:10:00,13,REGION METROPOLITANA,MAIPU,COLISION POR ALCANCE,COLISION,URBANA,TRAMO DE VIA RECTA,IMPRUDENCIA DEL CONDUCTOR,CONDUCCION NO ATENTO CONDICIONES TRANSITO MOMENTO,AMERICO VESPUCIO, ,- AMERICO VESPUCIO,1, , ,UNIDIRECCIONAL,ASFALTO,BUENO,SECO,NUBLADO,0,0,0,0,13,131,13119,Metropolitana de Santiago,Santiago,Maipú,Numero,"AMERICO VESPUCIO 1, Maipú",-33.473531,-70.759182
-7857683.97217968,-3949076.56181599,1006,2023,1512786,2023/02/10 00:00:00+00,Febrero,10,Viernes,1899/12/30 00:00:00+00,08:50:00,8,REGION METROPOLITANA,VITACURA,CHOQUE FRONTAL,CHOQUE,URBANA,TRAMO DE VIA CURVA VERTICAL,IMPRUDENCIA DEL CONDUCTOR,CONDUCCION NO ATENTO CONDICIONES TRANSITO MOMENTO,PDTE KENNEDY, ,- PDTE KENNEDY,40820, , ,BIDIRECCIONAL CON BANDEJON,ASFALTO,BUENO,SECO,DESPEJADO,0,0,0,0,13,131,13132,Metropolitana de Santiago,Santiago,Vitacura,Numero,"PDTE KENNEDY 40820, Vitacura",-33.404186,-70.586776
-7888123.76114175,-4083644.40546067,1007,2023,1574169,2023/11/22 00:00:00+00,Noviembre,22,Miércoles,1899/12/30 00:00:00+00,17:00:00,17,REGION LIB.B.O'HIGGINS,RENGO,CHOQUE FRENTE/LADO,CHOQUE,URBANA,ACERA O BERMA,IMPRUDENCIA DEL CONDUCTOR,CONDUCCION NO ATENTO CONDICIONES TRANSITO MOMENTO,ARTURO PRAT, ,- ARTURO PRAT,140, , ,UNIDIRECCIONAL,CONCRETO,BUENO,SECO,DESPEJADO,0,0,0,0,06,061,06115,Libertador General Bernardo O'Higgins,Cachapoal,Rengo,Numero,"ARTURO PRAT 140, Rengo",-34.407448,-70.860221
-7857233.32575614,-3950878.39101245,1008,2023,1560676,2023/08/14 00:00:00+00,Agosto,14,Lunes,1899/12/30 00:00:00+00,18:50:00,18,REGION METROPOLITANA,LAS CONDES,COLISION,COLISION,URBANA,TRAMO DE VIA RECTA,IMPRUDENCIA DEL CONDUCTOR,CONDUCCION SIN MANTENER DISTANCIA RAZONABLE NI PRUDENTE,AMERICO VESPUCIO SUR, ,- AMERICO VESPUCIO SUR,406, , ,BIDIRECCIONAL CON BANDEJON,ASFALTO,BUENO,SECO,NUBLADO,0,0,0,0,13,131,13114,Metropolitana de Santiago,Santiago,Las Condes,Numero,"AMERICO VESPUCIO SUR 406, Las Condes",-33.417697,-70.582728
-7965210.23583963,-3980579.66739155,1009,2023,1517736,2023/03/03 00:00:00+00,Marzo,3,Viernes,1899/12/30 00:00:00+00,03:25:00,3,REGION VALPARAISO,SAN ANTONIO,CHOQUE FRONTAL,CHOQUE,RURAL,TRAMO DE VIA RECTA,IMPRUDENCIA DEL CONDUCTOR,ADELANTAMIENTO SIN EL ESPACIO O TIEMPO SUFICIENTE, , , ,0,G-904,10,BIDIRECCIONAL,ASFALTO,BUENO,SECO,DESPEJADO,0,2,0,0,05,056,05601,Valparaíso,San Antonio,San Antonio,Ruta,G-904 km 10,-33.640112,-71.552701
-8077932.65964794,-4452045.08075349,1010,2023,1510008,2023/02/10 00:00:00+00,Febrero,10,Viernes,1899/12/30 00:00:00+00,14:25:00,14,REGION BIO BIO,YUMBEL,COLISION,COLISION,URBANA,TRAMO DE VIA RECTA,IMPRUDENCIA DEL CONDUCTOR,CONDUCCION NO ATENTO CONDICIONES TRANSITO MOMENTO,QUINTANA, ,- QUINTANA,1305, , ,BIDIRECCIONAL,CONCRETO,BUENO,SECO,DESPEJADO,0,0,0,1,08,083,08313,Biobío,Biobío,Yumbel,Numero,"QUINTANA 1305, Yumbel",-37.092766,-72.565304
-7866937.87807103,-3943788.76795604,1011,2023,1554014,2023/08/14 00:00:00+00,Agosto,14,Lunes,1899/12/30 00:00:00+00,20:10:00,20,REGION METROPOLITANA,HUECHURABA,COLISION,COLISION,URBANA,TRAMO DE VIA RECTA,IMPRUDENCIA DEL CONDUCTOR,CONDUCCION NO ATENTO CONDICIONES TRANSITO MOMENTO,STA ELENA DE HUECHURABA, ,- STA ELENA DE HUECHURABA,1398, , ,BIDIRECCIONAL,ASFALTO,BUENO,SECO,DESPEJADO,0,0,0,2,13,131,13107,Metropolitana de Santiago,Santiago,Huechuraba,Numero,"STA ELENA DE HUECHURABA 1398, Huechuraba",-33.364522,-70.669905
-8192143.30080447,-4495963.60754863,1012,2023,1514154,2023/03/03 00:00:00+00,Marzo,3,Viernes,1899/12/30 00:00:00+00,15:30:00,15,REGION BIO BIO,ARAUCO,COLISION FRONTAL,COLISION,RURAL,TRAMO DE VIA CURVA VERTICAL,VELOCIDAD IMPRUDENTE,VELOCIDAD NO RAZONABLE NI PRUDENTE, , , ,0,P-358,"8,2",BIDIRECCIONAL,RIPIO,REGULAR, ,DESPEJADO,1,0,0,0,08,082,08202,Biobío,Arauco,Arauco,Ruta,"P-358 km 8,2",-37.40681,-73.591275
-7970504.73006018,-3900288.9529749,1013,2023,1574395,2023/11/22 00:00:00+00,Noviembre,22,Miércoles,1899/12/30 00:00:00+00,23:00:00,23,REGION VALPARAISO,VALPARAISO,ATROPELLO,ATROPELLO,URBANA,TRAMO DE VIA RECTA,IMPRUDENCIA DEL PEATON,PEATON CRUZA CALZADA FORMA SORPRESIVA O DESCUIDADA,ESPAÑA, ,- ESPAÑA,256, , ,UNIDIRECCIONAL,ASFALTO,BUENO,SECO,DESPEJADO,0,1,0,0,05,051,05101,Valparaíso,Valparaíso,Valparaíso,Numero,"ESPAÑA 256, Valparaíso",-33.037548,-71.600262
-7854308.19750056,-3970677.44853893,1014,2023,1510054,2023/02/10 00:00:00+00,Febrero,10,Viernes,1899/12/30 00:00:00+00,17:00:00,17,REGION METROPOLITANA,PUENTE ALTO,COLISION LATERAL,COLISION,URBANA,TRAMO DE VIA RECTA,IMPRUDENCIA DEL CONDUCTOR,CONDUCCION NO ATENTO CONDICIONES TRANSITO MOMENTO,LOS TOROS, ,- LOS TOROS,5526, , ,BIDIRECCIONAL,CONCRETO,BUENO,SECO,DESPEJADO,0,1,0,0,13,132,13201,Metropolitana de Santiago,Cordillera,Puente Alto,Numero,"LOS TOROS 5526, Puente Alto",-33.566024,-70.556451
-7865513.1644514,-3953084.62334046,1015,2023,1552451,2023/08/14 00:00:00+00,Agosto,14,Lunes,1899/12/30 00:00:00+00,21:20:00,21,REGION METROPOLITANA,SANTIAGO,CHOQUE FRENTE/FRENTE,CHOQUE,URBANA,OTROS NO CONSIDERADOS,IMPRUDENCIA DEL CONDUCTOR,CONDUCCION NO ATENTO CONDICIONES TRANSITO MOMENTO,SAN PABLO, ,- SAN PABLO,1362, , ,BIDIRECCIONAL,CONCRETO,BUENO,SECO,DESPEJADO,0,0,0,0,13,131,13101,Metropolitana de Santiago,Santiago,Santiago,Numero,"SAN PABLO 1362, Santiago",-33.434238,-70.657107
-7897836.84686371,-3875443.70311638,1016,2023,1514290,2023/03/03 00:00:00+00,Marzo,3,Viernes,1899/12/30 00:00:00+00,17:40:00,17,REGION VALPARAISO,LLAY LLAY,COLISION,COLISION,RURAL,TRAMO DE VIA RECTA,IMPRUDENCIA DEL CONDUCTOR,CONDUCCION NO ATENTO CONDICIONES TRANSITO MOMENTO, , , ,0,RUTA 5 NORTE,"84,5",UNIDIRECCIONAL,ASFALTO,BUENO,SECO,DESPEJADO,0,0,0,1,05,057,05703,Valparaíso,San Felipe de Aconcagua,Llaillay,Ruta,"RUTA 5 NORTE km 84,5",-32.850248,-70.947476
-8104878.44318064,-4845984.64644471,1017,2023,1553425,2023/08/14 00:00:00+00,Agosto,14,Lunes,1899/12/30 00:00:00+00,22:45:00,22,REGION DE LOS RIOS,LOS LAGOS,COLISION,COLISION,URBANA,TRAMO DE VIA RECTA,IMPRUDENCIA DEL CONDUCTOR,CONDUCCION CAMBIAR SORPRESIVAMENTE PISTA CIRCULACION,CONDUCTOR NUÑEZ, ,- CONDUCTOR NUÑEZ,225, , ,BIDIRECCIONAL,ASFALTO,MALO,MOJADO,LLUVIA,0,0,0,1,14,141,14104,Los Ríos,Valdivia,Los Lagos,Numero,"CONDUCTOR NUÑEZ 225, Los Lagos",-39.862524,-72.807362
-7856464.90225027,-3980116.58016487,1018,2023,1510436,2023/02/10 00:00:00+00,Febrero,10,Viernes,1899/12/30 00:00:00+00,21:30:00,21,REGION METROPOLITANA,BUIN,VOLCADURA,VOLCADURA,URBANA,TRAMO DE VIA CURVA HORIZONTAL,VELOCIDAD IMPRUDENTE,VELOCIDAD NO RAZONABLE NI PRUDENTE,VIRGINIA SUBERCASEAUX, ,- VIRGINIA SUBERCASEAUX,200, , ,BIDIRECCIONAL,ASFALTO,BUENO,SECO,DESPEJADO,0,0,0,0,13,134,13402,Metropolitana de Santiago,Maipo,Buin,Numero,"VIRGINIA SUBERCASEAUX 200, Buin",-33.636649,-70.575825
-12178866.4775121,-3143261.19952322,1019,2023,1552620,2023/08/15 00:00:00+00,Agosto,15,Martes,1899/12/30 00:00:00+00,18:00:00,18,REGION VALPARAISO,ISLA DE PASCUA,COLISION LATERAL,COLISION,URBANA,TRAMO DE VIA RECTA,ALCOHOL EN CONDUCTOR,CONDUCCION EN ESTADO DE EBRIEDAD,ORITO, ,- ORITO,0, , ,BIDIRECCIONAL,ASFALTO,BUENO,SECO,DESPEJADO,0,0,0,1,05,052,05201,Valparaíso,Isla de Pascua,Isla de Pascua,Numero,"ORITO 0, Isla de Pascua",-27.158284,-109.404619
-7944371.59398312,-4107580.71216385,1020,2023,1514728,2023/03/03 00:00:00+00,Marzo,3,Viernes,1899/12/30 00:00:00+00,20:40:00,20,REGION LIB.B.O'HIGGINS,PALMILLA,COLISION LATERAL,COLISION,RURAL,TRAMO DE VIA RECTA,IMPRUDENCIA DEL CONDUCTOR,CONDUCCION NO ATENTO CONDICIONES TRANSITO MOMENTO, , , ,0,I-340,1,BIDIRECCIONAL,ASFALTO,MALO,SECO,DESPEJADO,0,1,0,0,06,063,06306,Libertador General Bernardo O'Higgins,Colchagua,Palmilla,Ruta,I-340 km 1,-34.584663,-71.365504