X,Y,FID,Año,IdAccident,Fecha,Mes,Dia_mes,Dia_semana,Hora,Hora_texto,Hora_aprox,Región,Comuna,Tipo_Accid,Tipo__CONA,Zona,Ubicación,Causa__CON,Causa_Acci,Calle_Uno,Calle_Dos,Intersecci,Número,Ruta,Ubicaci_1,Calzada,Tipo_Calza,Estado_Cal,Condición,Estado_Atm,Fallecidos,Graves,Menos_Grav,Leves,CUT_REG,CUT_PROV,CUT_COM,REGION,PROVINCIA,COMUNA1,Tipo_direc,Direccion,Lat,Lon
-7868892.00195273,-3955699.71122834,1021,2023,1578633,2023/11/23 00:00:00+00,Noviembre,23,Jueves,1899/12/30 00:00:00+00,15:30:00,15,REGION METROPOLITANA,ESTACION CENTRAL,COLISION LATERAL,COLISION,URBANA,TRAMO DE VIA RECTA,IMPRUDENCIA DEL CONDUCTOR,CONDUCCION CAMBIAR SORPRESIVAMENTE PISTA CIRCULACION,RUIZ TAGLE, ,- RUIZ TAGLE,41, , ,UNIDIRECCIONAL,ASFALTO,BUENO,SECO,DESPEJADO,0,0,0,1,13,131,13106,Metropolitana de Santiago,Santiago,Estación Central,Numero,"RUIZ TAGLE 41, Estación Central",-33.45384,-70.68746
-7860219.36298318,-3954650.59884823,1022,2023,1509478,2023/02/11 00:00:00+00,Febrero,11,Sábado,1899/12/30 00:00:00+00,09:00:00,9,REGION METROPOLITANA,PROVIDENCIA,COLISION LATERAL,COLISION,URBANA,TRAMO DE VIA RECTA,IMPRUDENCIA DEL CONDUCTOR,CONDUCCION CAMBIAR SORPRESIVAMENTE PISTA CIRCULACION,DIAG ORIENTE, ,- DIAG ORIENTE,1696, , ,UNIDIRECCIONAL,ASFALTO,BUENO,SECO,DESPEJADO,0,0,0,2,13,131,13123,Metropolitana de Santiago,Santiago,Providencia,Numero,"DIAG ORIENTE 1696, Providencia",-33.445976,-70.609552
-7856286.9235018,-3958415.31411979,1023,2023,1552322,2023/08/15 00:00:00+00,Agosto,15,Martes,1899/12/30 00:00:00+00,19:40:00,19,REGION METROPOLITANA,PEÑALOLEN,CHOQUE FRENTE/POSTERIOR,CHOQUE,URBANA,TRAMO DE VIA RECTA,IMPRUDENCIA DEL CONDUCTOR,CONDUCCION NO ATENTO CONDICIONES TRANSITO MOMENTO,EL LITORAL, ,- EL LITORAL,5960, , ,BIDIRECCIONAL,CONCRETO,BUENO,SECO,LLOVIZNA,0,0,0,1,13,131,13122,Metropolitana de Santiago,Santiago,Peñalolén,Numero,"EL LITORAL 5960, Peñalolén",-33.474191,-70.574226
-8152354.44066609,-4839439.4829313,1024,2023,1575947,2023/11/23 00:00:00+00,Noviembre,23,Jueves,1899/12/30 00:00:00+00,16:10:00,16,REGION DE LOS RIOS,VALDIVIA,COLISION LATERAL,COLISION,URBANA,TRAMO DE VIA RECTA,IMPRUDENCIA DEL CONDUCTOR,CONDUCCION NO ATENTO CONDICIONES TRANSITO MOMENTO,RAMON PICARTE, ,- RAMON PICARTE,1151, , ,BIDIRECCIONAL CON BANDEJON,ASFALTO,BUENO,SECO,DESPEJADO,0,0,0,1,14,141,14101,Los Ríos,Valdivia,Valdivia,Numero,"RAMON PICARTE 1151, Valdivia",-39.817378,-73.233846
-8134468.53282946,-5088528.28626562,1025,2023,1513734,2023/03/03 00:00:00+00,Marzo,3,Viernes,1899/12/30 00:00:00+00,21:30:00,21,REGION LOS LAGOS,PUERTO MONTT,COLISION LATERAL,COLISION,RURAL,CRUCE CON SEÑAL PARE,ALCOHOL EN CONDUCTOR,CONDUCCION EN ESTADO DE EBRIEDAD, , , ,0,RUTA 5 SUR,1033,BIDIRECCIONAL,CONCRETO,BUENO,HUMEDO,NUBLADO,0,1,0,1,10,101,10101,Los Lagos,Llanquihue,Puerto Montt,Ruta,RUTA 5 SUR km 1033,-41.514495,-73.073174
-7836795.94029187,-2712667.44630193,1026,2023,1509701,2023/02/11 00:00:00+00,Febrero,11,Sábado,1899/12/30 00:00:00+00,13:30:00,13,REGION ANTOFAGASTA,ANTOFAGASTA,CHOQUE FRONTAL,CHOQUE,URBANA,TRAMO DE VIA RECTA,VELOCIDAD IMPRUDENTE,VELOCIDAD NO RAZONABLE NI PRUDENTE,ARGENTINA, ,- ARGENTINA,1105, , ,BIDIRECCIONAL,ASFALTO,BUENO,SECO,DESPEJADO,0,0,1,0,02,021,02101,Antofagasta,Antofagasta,Antofagasta,Numero,"ARGENTINA 1105, Antofagasta",-23.665228,-70.399136
-7878168.65545882,-3978836.27114368,1027,2023,1560592,2023/08/15 00:00:00+00,Agosto,15,Martes,1899/12/30 00:00:00+00,20:20:00,20,REGION METROPOLITANA,CALERA DE TANGO,VOLCADURA,VOLCADURA,URBANA,TRAMO DE VIA RECTA,IMPRUDENCIA DEL PEATON,PEATON CRUZA CALZADA FORMA SORPRESIVA O DESCUIDADA,CALERA DE TANGO, ,- CALERA DE TANGO,6, , ,BIDIRECCIONAL,ASFALTO,BUENO,SECO,DESPEJADO,0,0,0,1,13,134,13403,Metropolitana de Santiago,Maipo,Calera de Tango,Numero,"CALERA DE TANGO 6, Calera de Tango",-33.627073,-70.770793
-7934910.35724336,-4201635.8534403,1028,2023,1516663,2023/03/04 00:00:00+00,Marzo,4,Sábado,1899/12/30 00:00:00+00,07:50:00,7,REGION MAULE,RIO CLARO,COLISION LATERAL,COLISION,RURAL,TRAMO DE VIA RECTA,IMPRUDENCIA DEL CONDUCTOR,CONDUCCION NO ATENTO CONDICIONES TRANSITO MOMENTO, , , ,0,K-31,15,BIDIRECCIONAL,ASFALTO,BUENO,SECO,DESPEJADO,0,1,0,0,07,071,07108,Maule,Talca,Río Claro,Ruta,K-31 km 15,-35.277348,-71.280513
-7862687.1576753,-3953167.22800295,1029,2023,1575385,2023/11/23 00:00:00+00,Noviembre,23,Jueves,1899/12/30 00:00:00+00,19:00:00,19,REGION METROPOLITANA,RENCA,VOLCADURA,VOLCADURA,RURAL,TRAMO DE VIA RECTA,VELOCIDAD IMPRUDENTE,VELOCIDAD NO RAZONABLE NI PRUDENTE, , , ,0,"G-11, G-13","19,3",BIDIRECCIONAL CON BANDEJON,ASFALTO,BUENO,SECO,DESPEJADO,0,0,0,1,13,131,13128,Metropolitana de Santiago,Santiago,Renca,Numero,"G-11, G-13 km 19,3",-33.434857,-70.63172
-7821980.67458808,-3183678.09048327,1030,2023,1512190,2023/02/11 00:00:00+00,Febrero,11,Sábado,1899/12/30 00:00:00+00,21:10:00,21,REGION ATACAMA,TIERRA AMARILLA,COLISION LATERAL,COLISION,URBANA,TRAMO DE VIA RECTA,ALCOHOL EN CONDUCTOR,CONDUCCION EN ESTADO DE EBRIEDAD,MIGUEL LEMEUR, ,- MIGUEL LEMEUR,528, , ,BIDIRECCIONAL,ASFALTO,BUENO,SECO,DESPEJADO,0,1,0,0,03,031,03103,Atacama,Copiapó,Tierra Amarilla,Numero,"MIGUEL LEMEUR 528, Tierra Amarilla",-27.480858,-70.266048
-7878334.24363552,-3966929.51115045,1031,2023,1556713,2023/08/16 00:00:00+00,Agosto,16,Miércoles,1899/12/30 00:00:00+00,09:00:00,9,REGION METROPOLITANA,MAIPU,COLISION POR ALCANCE,COLISION,URBANA,TRAMO DE VIA RECTA,IMPRUDENCIA DEL CONDUCTOR,CONDUCCION NO ATENTO CONDICIONES TRANSITO MOMENTO,CAMINO A MELIPILLA, ,- CAMINO A MELIPILLA,15900, , ,UNIDIRECCIONAL,CONCRETO,REGULAR,SECO,DESPEJADO,0,0,0,0,13,131,13119,Metropolitana de Santiago,Santiago,Maipú,Numero,"CAMINO A MELIPILLA 15900, Maipú",-33.537965,-70.772281
-8119268.63844785,-4434020.44277164,1032,2023,1577770,2023/11/23 00:00:00+00,Noviembre,23,Jueves,1899/12/30 00:00:00+00,21:15:00,21,REGION BIO BIO,HUALQUI,CHOQUE FRENTE/POSTERIOR,CHOQUE,URBANA,TRAMO DE VIA RECTA,IMPRUDENCIA DEL CONDUCTOR,CONDUCCION NO ATENTO CONDICIONES TRANSITO MOMENTO,EL AGUILA, ,- EL AGUILA,165, , ,BIDIRECCIONAL,CONCRETO,BUENO,SECO,DESPEJADO,0,1,0,0,08,081,08105,Biobío,Concepción,Hualqui,Numero,"EL AGUILA 165, Hualqui",-36.9635,-72.936631
-7874302.25520782,-4052544.13163591,1033,2023,1512398,2023/02/11 00:00:00+00,Febrero,11,Sábado,1899/12/30 00:00:00+00,23:40:00,23,REGION LIB.B.O'HIGGINS,MACHALI,CHOQUE FRONTAL,CHOQUE,URBANA,TRAMO DE VIA RECTA,IMPRUDENCIA DEL CONDUCTOR,CONDUCCION NO ATENTO CONDICIONES TRANSITO MOMENTO,CARRETERA DEL COBRE, ,- CARRETERA DEL COBRE,4, , ,BIDIRECCIONAL,CONCRETO,BUENO,SECO,DESPEJADO,0,0,2,0,06,061,06108,Libertador General Bernardo O'Higgins,Cachapoal,Machalí,Numero,"CARRETERA DEL COBRE 4, Machalí",-34.176632,-70.736061
-7861797.79130903,-3958212.65417259,1034,2023,1552689,2023/08/16 00:00:00+00,Agosto,16,Miércoles,1899/12/30 00:00:00+00,20:50:00,20,REGION METROPOLITANA,SAN JOAQUIN,VOLCADURA,VOLCADURA,URBANA,TRAMO DE VIA RECTA,VELOCIDAD IMPRUDENTE,VELOCIDAD NO RAZONABLE NI PRUDENTE,VICUÑA MACKENNA, ,- VICUÑA MACKENNA,2355, , ,BIDIRECCIONAL CON BANDEJON,ASFALTO,BUENO,SECO,DESPEJADO,0,1,0,0,13,131,13129,Metropolitana de Santiago,Santiago,San Joaquín,Numero,"VICUÑA MACKENNA 2355, San Joaquín",-33.472672,-70.623731
-8139344.26117053,-4400819.21787305,1035,2023,1575340,2023/11/24 00:00:00+00,Noviembre,24,Viernes,1899/12/30 00:00:00+00,13:35:00,13,REGION BIO BIO,TALCAHUANO,COLISION LATERAL,COLISION,URBANA,CRUCE CON SEMAFORO FUNCIONANDO,DESOBEDIENCIA A SEÑALIZACION,SEÑALIZACION DESOBEDECER LUZ ROJA DE SEMAFORO,CRISTOBAL COLON, ,- CRISTOBAL COLON,2514, , ,BIDIRECCIONAL,CONCRETO,BUENO,SECO,DESPEJADO,0,1,0,0,08,081,08110,Biobío,Concepción,Talcahuano,Numero,"CRISTOBAL COLON 2514, Talcahuano",-36.724819,-73.116974
-7880799.25491736,-3808372.1836609,1036,2023,1516601,2023/03/04 00:00:00+00,Marzo,4,Sábado,1899/12/30 00:00:00+00,09:50:00,9,REGION VALPARAISO,PETORCA,VOLCADURA,VOLCADURA,RURAL,TRAMO DE VIA CURVA HORIZONTAL,VELOCIDAD IMPRUDENTE,VELOCIDAD NO RAZONABLE NI PRUDENTE, , , ,0,E-375,1,BIDIRECCIONAL,ASFALTO,BUENO,SECO,DESPEJADO,0,1,0,0,05,054,05404,Valparaíso,Petorca,Petorca,Ruta,E-375 km 1,-32.342642,-70.794424
-7869709.71733951,-3954282.06740311,1037,2023,1514801,2023/02/11 00:00:00+00,Febrero,11,Sábado,1899/12/30 00:00:00+00,23:45:00,23,REGION METROPOLITANA,QUINTA NORMAL,CHOQUE FRONTAL,CHOQUE,URBANA,OTROS NO CONSIDERADOS,IMPRUDENCIA DEL CONDUCTOR,CONDUCCION NO ATENTO CONDICIONES TRANSITO MOMENTO,CRUCHAGA MONTT, ,- CRUCHAGA MONTT,760, , ,BIDIRECCIONAL,CONCRETO,REGULAR,SECO,DESPEJADO,0,0,1,0,13,131,13126,Metropolitana de Santiago,Santiago,Quinta Normal,Numero,"CRUCHAGA MONTT 760, Quinta Normal",-33.443214,-70.694805
-7868103.52658944,-3962515.22878996,1038,2023,1575308,2023/08/16 00:00:00+00,Agosto,16,Miércoles,1899/12/30 00:00:00+00,23:05:00,23,REGION METROPOLITANA,PEDRO AGUIRRE CERDA,COLISION FRONTAL,COLISION,URBANA,TRAMO DE VIA RECTA,IMPRUDENCIA DEL CONDUCTOR,CONDUCCION NO ATENTO CONDICIONES TRANSITO MOMENTO,NAVIDAD, ,- NAVIDAD,2760, , ,UNIDIRECCIONAL,ASFALTO,REGULAR,SECO,DESPEJADO,0,0,0,2,13,131,13121,Metropolitana de Santiago,Santiago,Pedro Aguirre Cerda,Numero,"NAVIDAD 2760, Pedro Aguirre Cerda",-33.504907,-70.680377
-7918858.7235743,-4117339.5810784,1039,2023,1517577,2023/03/04 00:00:00+00,Marzo,4,Sábado,1899/12/30 00:00:00+00,15:50:00,15,REGION LIB.B.O'HIGGINS,PLACILLA,COLISION POR ALCANCE,COLISION,RURAL,TRAMO DE VIA RECTA,IMPRUDENCIA DEL CONDUCTOR,CONDUCCION NO ATENTO CONDICIONES TRANSITO MOMENTO, , , ,0,I-850,2,BIDIRECCIONAL,ASFALTO,BUENO,SECO,DESPEJADO,0,1,0,0,06,063,06308,Libertador General Bernardo O'Higgins,Colchagua,Placilla,Ruta,I-850 km 2,-34.656805,-71.136318
-7935891.35794053,-3497050.55397967,1040,2023,1573876,2023/11/24 00:00:00+00,Noviembre,24,Viernes,1899/12/30 00:00:00+00,18:54:00,18,REGION COQUIMBO,COQUIMBO,COLISION POR ALCANCE,COLISION,URBANA,TRAMO DE VIA RECTA,IMPRUDENCIA DEL CONDUCTOR,CONDUCCION CAMBIAR SORPRESIVAMENTE PISTA CIRCULACION,PEÑUELAS NORTE, ,- PEÑUELAS NORTE,191, , ,BIDIRECCIONAL,CONCRETO,BUENO,SECO,DESPEJADO,0,0,0,0,04,041,04102,Coquimbo,Elqui,Coquimbo,Numero,"PEÑUELAS NORTE 191, Coquimbo",-29.949425,-71.289325
-7895808.49980983,-7010484.62925147,1041,2023,1509821,2023/02/12 00:00:00+00,Febrero,12,Domingo,1899/12/30 00:00:00+00,10:20:00,10,REGION MAGALLANES Y ANTARTICA CHILENA,PUNTA ARENAS,CHOQUE FRENTE/LADO,CHOQUE,URBANA,TRAMO DE VIA RECTA,ALCOHOL EN CONDUCTOR,CONDUCCION EN ESTADO DE EBRIEDAD,LAUTARO, ,- LAUTARO,540, , ,BIDIRECCIONAL,CONCRETO,BUENO,HUMEDO,NUBLADO,0,1,0,0,12,121,12101,Magallanes y de la Antártica Chilena,Magallanes,Punta Arenas,Numero,"LAUTARO 540, Punta Arenas",-53.148343,-70.929255
-8084917.73898581,-4504177.43741483,1042,2023,1513883,2023/03/04 00:00:00+00,Marzo,4,Sábado,1899/12/30 00:00:00+00,18:50:00,18,REGION BIO BIO,LOS ANGELES,COLISION FRONTAL,COLISION,RURAL,TRAMO DE VIA RECTA,IMPRUDENCIA DEL CONDUCTOR,CONDUCCION NO ATENTO CONDICIONES TRANSITO MOMENTO, , , ,0,Q-284,4,BIDIRECCIONAL,ASFALTO,BUENO,SECO,DESPEJADO,0,0,0,1,08,083,08301,Biobío,Biobío,Los Angeles,Ruta,Q-284 km 4,-37.465399,-72.628052
-7866729.79025008,-3973106.87442374,1043,2023,1553012,2023/08/17 00:00:00+00,Agosto,17,Jueves,1899/12/30 00:00:00+00,07:50:00,7,REGION METROPOLITANA,EL BOSQUE,ATROPELLO,ATROPELLO,URBANA,TRAMO DE VIA RECTA,IMPRUDENCIA DEL CONDUCTOR,NO RESPETAR DERECHO PREFERENTE DE PASO A PEATON,LO BLANCO, ,- LO BLANCO,1730, , ,BIDIRECCIONAL CON BANDEJON,ASFALTO,BUENO,SECO,DESPEJADO,0,0,0,2,13,131,13105,Metropolitana de Santiago,Santiago,El Bosque,Numero,"LO BLANCO 1730, El Bosque",-33.584207,-70.668036
-7871597.24712997,-4052281.17343714,1044,2023,1574501,2023/11/25 00:00:00+00,Noviembre,25,Sábado,1899/12/30 00:00:00+00,07:00:00,7,REGION LIB.B.O'HIGGINS,RANCAGUA,CHOQUE FRONTAL,CHOQUE,URBANA,TRAMO DE VIA RECTA,VELOCIDAD IMPRUDENTE,VELOCIDAD NO RAZONABLE NI PRUDENTE,MIGUEL RAMIREZ, ,- MIGUEL RAMIREZ,1041, , ,BIDIRECCIONAL CON BANDEJON,CONCRETO,BUENO,SECO,DESPEJADO,0,0,0,1,06,061,06101,Libertador General Bernardo O'Higgins,Cachapoal,Rancagua,Numero,"MIGUEL RAMIREZ 1041, Rancagua",-34.174678,-70.711761
-7900746.87224813,-3873925.35710517,1045,2023,1511330,2023/02/12 00:00:00+00,Febrero,12,Domingo,1899/12/30 00:00:00+00,11:40:00,11,REGION VALPARAISO,LLAY LLAY,COLISION,COLISION,URBANA,TRAMO DE VIA RECTA,IMPRUDENCIA DEL CONDUCTOR,CONDUCCION NO ATENTO CONDICIONES TRANSITO MOMENTO,LAS PALMAS, ,- LAS PALMAS,0, , ,BIDIRECCIONAL,ASFALTO,BUENO,SECO,DESPEJADO,0,1,0,0,05,057,05703,Valparaíso,San Felipe de Aconcagua,Llaillay,Numero,"LAS PALMAS 0, Llaillay",-32.838789,-70.973617
-8139017.85955499,-4927904.73794303,1046,2023,1513898,2023/03/04 00:00:00+00,Marzo,4,Sábado,1899/12/30 00:00:00+00,22:12:00,22,REGION LOS LAGOS,OSORNO,VOLCADURA,VOLCADURA,RURAL,TRAMO DE VIA RECTA,VELOCIDAD IMPRUDENTE,VELOCIDAD NO RAZONABLE NI PRUDENTE, , , ,0,U-118,7,BIDIRECCIONAL,RIPIO,BUENO, ,DESPEJADO,1,0,0,0,10,103,10301,Los Lagos,Osorno,Osorno,Ruta,U-118 km 7,-40.425062,-73.114041
-7849763.08888204,-3943166.78597847,1047,2023,1574165,2023/11/25 00:00:00+00,Noviembre,25,Sábado,1899/12/30 00:00:00+00,20:15:00,20,REGION METROPOLITANA,LO BARNECHEA,COLISION LATERAL,COLISION,URBANA,TRAMO DE VIA RECTA,IMPRUDENCIA DEL CONDUCTOR,CONDUCCION CAMBIAR SORPRESIVAMENTE PISTA CIRCULACION,LA DEHESA, ,- LA DEHESA,1445, , ,BIDIRECCIONAL CON BANDEJON,CONCRETO,BUENO,SECO,DESPEJADO,0,0,0,0,13,131,13115,Metropolitana de Santiago,Santiago,Lo Barnechea,Numero,"LA DEHESA 1445, Lo Barnechea",-33.359856,-70.515622
-7899733.43710337,-4110035.41414906,1048,2023,1553800,2023/08/17 00:00:00+00,Agosto,17,Jueves,1899/12/30 00:00:00+00,10:00:00,10,REGION LIB.B.O'HIGGINS,SAN FERNANDO,COLISION FRONTAL,COLISION,URBANA,TRAMO DE VIA RECTA,IMPRUDENCIA DEL CONDUCTOR,CONDUCCION NO ATENTO CONDICIONES TRANSITO MOMENTO,MANUEL RODRIGUEZ, ,- MANUEL RODRIGUEZ,0, , ,UNIDIRECCIONAL,CONCRETO,BUENO,MOJADO,NEBLINA,0,0,0,0,06,063,06301,Libertador General Bernardo O'Higgins,Colchagua,San Fernando,Numero,"MANUEL RODRIGUEZ 0, San Fernando",-34.602815,-70.964513
-7898563.74894536,-4082422.48274455,1049,2023,1513843,2023/03/05 00:00:00+00,Marzo,5,Domingo,1899/12/30 00:00:00+00,13:50:00,13,REGION LIB.B.O'HIGGINS,MALLOA,COLISION LATERAL,COLISION,RURAL,TRAMO DE VIA RECTA,IMPRUDENCIA DEL CONDUCTOR,CONDUCCION CAMBIAR SORPRESIVAMENTE PISTA CIRCULACION, , , ,0,H-640,1,BIDIRECCIONAL,ASFALTO,BUENO,SECO,DESPEJADO,1,0,0,0,06,061,06109,Libertador General Bernardo O'Higgins,Cachapoal,Malloa,Ruta,H-640 km 1,-34.398391,-70.954005
-7928769.07120768,-3487698.60109643,1050,2023,1509437,2023/02/12 00:00:00+00,Febrero,12,Domingo,1899/12/30 00:00:00+00,17:17:00,17,REGION COQUIMBO,LA SERENA,CHOQUE FRONTAL,CHOQUE,URBANA,TRAMO DE VIA RECTA,VELOCIDAD IMPRUDENTE,VELOCIDAD NO RAZONABLE NI PRUDENTE,CIRCUNVALACION ALVAREZ ZORRILLA, ,- CIRCUNVALACION ALVAREZ ZORRILLA,4188, , ,BIDIRECCIONAL,ASFALTO,BUENO,SECO,DESPEJADO,1,0,0,0,04,041,04101,Coquimbo,Elqui,La Serena,Numero,"CIRCUNVALACION ALVAREZ ZORRILLA 4188, La Serena",-29.876607,-71.225344
-7954515.61604429,-3836479.66148911,1051,2023,1574382,2023/11/25 00:00:00+00,Noviembre,25,Sábado,1899/12/30 00:00:00+00,20:40:00,20,REGION VALPARAISO,ZAPALLAR,COLISION LATERAL,COLISION,URBANA,TRAMO DE VIA RECTA,IMPRUDENCIA DEL CONDUCTOR,CONDUCCION NO ATENTO CONDICIONES TRANSITO MOMENTO,JANUARIO OVALLE, ,- JANUARIO OVALLE,105, , ,BIDIRECCIONAL,ASFALTO,BUENO,SECO,DESPEJADO,0,0,0,1,05,054,05405,Valparaíso,Petorca,Zapallar,Numero,"JANUARIO OVALLE 105, Zapallar",-32.555713,-71.45663
-7856690.25757215,-3967681.64871073,1052,2023,1554878,2023/08/17 00:00:00+00,Agosto,17,Jueves,1899/12/30 00:00:00+00,22:15:00,22,REGION METROPOLITANA,LA FLORIDA,VOLCADURA,VOLCADURA,URBANA,TRAMO DE VIA RECTA,VELOCIDAD IMPRUDENTE,VELOCIDAD NO RAZONABLE NI PRUDENTE,STA AMALIA, ,- STA AMALIA,1024, , ,BIDIRECCIONAL,ASFALTO,BUENO,SECO,DESPEJADO,0,1,0,0,13,131,13110,Metropolitana de Santiago,Santiago,La Florida,Numero,"STA AMALIA 1024, La Florida",-33.543597,-70.577849
-7931306.93852476,-4160781.73119176,1053,2023,1512492,2023/02/12 00:00:00+00,Febrero,12,Domingo,1899/12/30 00:00:00+00,22:20:00,22,REGION MAULE,CURICO,CHOQUE FRENTE/FRENTE,CHOQUE,URBANA,TRAMO DE VIA RECTA,IMPRUDENCIA DEL CONDUCTOR,CONDUCCION NO ATENTO CONDICIONES TRANSITO MOMENTO,BALMACEDA, ,- BALMACEDA,1366, , ,BIDIRECCIONAL,CONCRETO,BUENO,SECO,DESPEJADO,0,0,0,1,07,073,07301,Maule,Curicó,Curicó,Numero,"BALMACEDA 1366, Curicó",-34.97719,-71.248142
-7824954.22036563,-2094784.11452995,1054,2023,1574337,2023/11/25 00:00:00+00,Noviembre,25,Sábado,1899/12/30 00:00:00+00,21:30:00,21,REGION ARICA Y PARINACOTA,ARICA,VOLCADURA,VOLCADURA,URBANA,TRAMO DE VIA RECTA,IMPRUDENCIA DEL CONDUCTOR,VIRAJES INDEBIDOS,18 DE SEPTIEMBRE, ,- 18 DE SEPTIEMBRE,2365, , ,BIDIRECCIONAL,ASFALTO,BUENO,SECO,DESPEJADO,0,1,0,0,15,151,15101,Arica y Parinacota,Arica,Arica,Numero,"18 DE SEPTIEMBRE 2365, Arica",-18.488308,-70.29276
-8049591.77171019,-4515230.47722614,1055,2023,1513909,2023/03/05 00:00:00+00,Marzo,5,Domingo,1899/12/30 00:00:00+00,14:00:00,14,REGION BIO BIO,LOS ANGELES,CHOQUE LATERAL,CHOQUE,RURAL,TRAMO DE VIA RECTA,VELOCIDAD IMPRUDENTE,VELOCIDAD NO RAZONABLE NI PRUDENTE, , , ,0,RUTA 5 SUR,524,BIDIRECCIONAL,ASFALTO,REGULAR,SECO,DESPEJADO,1,0,0,0,08,083,08301,Biobío,Biobío,Los Angeles,Ruta,RUTA 5 SUR km 524,-37.544167,-72.310713
-7803913.62204327,-2303778.37315784,1056,2023,1553306,2023/08/18 00:00:00+00,Agosto,18,Viernes,1899/12/30 00:00:00+00,00:00:00,0,REGION TARAPACA,ALTO HOSPICIO,CHOQUE FRONTAL,CHOQUE,URBANA,TRAMO DE VIA RECTA,VELOCIDAD IMPRUDENTE,VELOCIDAD NO RAZONABLE NI PRUDENTE,TENIENTE HERNAN MERINO CORREA, ,- TENIENTE HERNAN MERINO CORREA,2740, , ,UNIDIRECCIONAL,ASFALTO,BUENO,SECO,DESPEJADO,1,0,0,0,01,011,01107,Tarapacá,Iquique,Alto Hospicio,Numero,"TENIENTE HERNAN MERINO CORREA 2740, Alto Hospicio",-20.259337,-70.103749
-7836710.1330799,-2710625.97053491,1057,2023,1509743,2023/02/13 00:00:00+00,Febrero,13,Lunes,1899/12/30 00:00:00+00,17:00:00,17,REGION ANTOFAGASTA,ANTOFAGASTA,CHOQUE FRENTE/LADO,CHOQUE,URBANA,TRAMO DE VIA RECTA,OTRAS CAUSAS,HECHO DELICTUAL,GENERAL MANUEL BAQUEDANO, ,- GENERAL MANUEL BAQUEDANO,482, , ,UNIDIRECCIONAL,ASFALTO,BUENO,SECO,DESPEJADO,0,0,0,0,02,021,02101,Antofagasta,Antofagasta,Antofagasta,Numero,"GENERAL MANUEL BAQUEDANO 482, Antofagasta",-23.64843,-70.398365
-7944394.04456406,-4106206.16776094,1058,2023,1516117,2023/03/05 00:00:00+00,Marzo,5,Domingo,1899/12/30 00:00:00+00,20:20:00,20,REGION LIB.B.O'HIGGINS,PALMILLA,COLISION FRONTAL,COLISION,RURAL,TRAMO DE VIA CURVA VERTICAL,ALCOHOL EN CONDUCTOR,CONDUCCION EN ESTADO DE EBRIEDAD, , , ,0,I-340,"2,3",BIDIRECCIONAL,ASFALTO,BUENO,SECO,DESPEJADO,0,1,0,0,06,063,06306,Libertador General Bernardo O'Higgins,Colchagua,Palmilla,Ruta,"I-340 km 2,3",-34.574496,-71.365706
-8014415.92199616,-4082467.00831558,1059,2023,1573794,2023/11/26 00:00:00+00,Noviembre,26,Domingo,1899/12/30 00:00:00+00,01:15:00,1,REGION LIB.B.O'HIGGINS,PICHILEMU,CHOQUE,CHOQUE,URBANA,TRAMO DE VIA RECTA,ALCOHOL EN CONDUCTOR,CONDUCCION EN ESTADO DE EBRIEDAD,ARGOS, ,- ARGOS,760, , ,BIDIRECCIONAL,ASFALTO,BUENO,HUMEDO,DESPEJADO,0,1,0,0,06,062,06201,Libertador General Bernardo O'Higgins,Cardenal Caro,Pichilemu,Numero,"ARGOS 760, Pichilemu",-34.398721,-71.994723
-7868690.07805897,-3967202.76611375,1060,2023,1552520,2023/08/18 00:00:00+00,Agosto,18,Viernes,1899/12/30 00:00:00+00,09:30:00,9,REGION METROPOLITANA,EL BOSQUE,COLISION LATERAL,COLISION,URBANA,TRAMO DE VIA RECTA,IMPRUDENCIA DEL CONDUCTOR,ADELANTAMIENTO SIN EL ESPACIO O TIEMPO SUFICIENTE,JOSE JOAQUIN PRIETO VIAL, ,- JOSE JOAQUIN PRIETO VIAL,9900, , ,BIDIRECCIONAL,CONCRETO,MALO,SECO,NUBLADO,0,0,0,1,13,131,13105,Metropolitana de Santiago,Santiago,El Bosque,Numero,"JOSE JOAQUIN PRIETO VIAL 9900, El Bosque",-33.540011,-70.685646
-7856078.64097193,-3951046.02344635,1061,2023,1511630,2023/02/13 00:00:00+00,Febrero,13,Lunes,1899/12/30 00:00:00+00,17:30:00,17,REGION METROPOLITANA,LAS CONDES,COLISION LATERAL,COLISION,URBANA,TRAMO DE VIA RECTA,IMPRUDENCIA DEL CONDUCTOR,CONDUCCION NO ATENTO CONDICIONES TRANSITO MOMENTO,CRISTOBAL COLON, ,- CRISTOBAL COLON,5069, , ,BIDIRECCIONAL,ASFALTO,BUENO,SECO,DESPEJADO,0,1,0,0,13,131,13114,Metropolitana de Santiago,Santiago,Las Condes,Numero,"CRISTOBAL COLON 5069, Las Condes",-33.418954,-70.572355
-7967488.69079435,-4227197.84071671,1062,2023,1516677,2023/03/05 00:00:00+00,Marzo,5,Domingo,1899/12/30 00:00:00+00,20:30:00,20,REGION MAULE,TALCA,VOLCADURA,VOLCADURA,RURAL,TRAMO DE VIA RECTA,FALLAS MECANICAS,FALLAS MECANICAS NEUMATICOS, , , ,0,115 CH,7,BIDIRECCIONAL,ASFALTO,BUENO,SECO,DESPEJADO,0,0,0,2,07,071,07101,Maule,Talca,Talca,Ruta,115 CH km 7,-35.464591,-71.573169
-7962229.36466073,-3887228.99845319,1063,2023,1576510,2023/11/26 00:00:00+00,Noviembre,26,Domingo,1899/12/30 00:00:00+00,12:00:00,12,REGION VALPARAISO,CONCON,COLISION,COLISION,URBANA,TRAMO DE VIA RECTA,IMPRUDENCIA DEL CONDUCTOR,CONDUCCION NO ATENTO CONDICIONES TRANSITO MOMENTO,SANTA SOFIA, ,- SANTA SOFIA,120, , ,BIDIRECCIONAL,ASFALTO,BUENO,SECO,DESPEJADO,0,0,0,1,05,051,05103,Valparaíso,Valparaíso,Concón,Numero,"SANTA SOFIA 120, Concón",-32.939143,-71.525923