X,Y,FID,Año,IdAccident,Fecha,Mes,Dia_mes,Dia_semana,Hora,Hora_texto,Hora_aprox,Región,Comuna,Tipo_Accid,Tipo__CONA,Zona,Ubicación,Causa__CON,Causa_Acci,Calle_Uno,Calle_Dos,Intersecci,Número,Ruta,Ubicaci_1,Calzada,Tipo_Calza,Estado_Cal,Condición,Estado_Atm,Fallecidos,Graves,Menos_Grav,Leves,CUT_REG,CUT_PROV,CUT_COM,REGION,PROVINCIA,COMUNA1,Tipo_direc,Direccion,Lat,Lon
-8088381.689277,-4681067.51613013,1064,2023,1574381,2023/11/26 00:00:00+00,Noviembre,26,Domingo,1899/12/30 00:00:00+00,19:40:00,19,REGION ARAUCANIA,TEMUCO,COLISION PERPENDICULAR,COLISION,URBANA,TRAMO DE VIA RECTA,ALCOHOL EN CONDUCTOR,CONDUCCION EN ESTADO DE EBRIEDAD,LOS EDUCADORES, ,- LOS EDUCADORES,260, , ,UNIDIRECCIONAL,CONCRETO,BUENO,SECO,DESPEJADO,0,0,0,0,09,091,09101,La Araucanía,Cautín,Temuco,Numero,"LOS EDUCADORES 260, Temuco",-38.715967,-72.659169
-8154272.58203634,-4841716.64122783,1065,2023,1553120,2023/08/18 00:00:00+00,Agosto,18,Viernes,1899/12/30 00:00:00+00,11:30:00,11,REGION DE LOS RIOS,VALDIVIA,COLISION LATERAL,COLISION,URBANA,TRAMO DE VIA RECTA,IMPRUDENCIA DEL CONDUCTOR,CONDUCCION NO ATENTO CONDICIONES TRANSITO MOMENTO,GENERAL LAGOS, ,- GENERAL LAGOS,2086, , ,UNIDIRECCIONAL,CONCRETO,BUENO,SECO,DESPEJADO,0,0,0,0,14,141,14101,Los Ríos,Valdivia,Valdivia,Numero,"GENERAL LAGOS 2086, Valdivia",-39.833088,-73.251077
-7850574.02238487,-3940776.26725924,1066,2023,1574168,2023/11/26 00:00:00+00,Noviembre,26,Domingo,1899/12/30 00:00:00+00,21:00:00,21,REGION METROPOLITANA,LO BARNECHEA,COLISION LATERAL,COLISION,URBANA,TRAMO DE VIA RECTA,IMPRUDENCIA DEL CONDUCTOR,CONDUCCION NO ATENTO CONDICIONES TRANSITO MOMENTO,BERNARDO LARRAIN COTAPOS, ,- BERNARDO LARRAIN COTAPOS,12387, , ,BIDIRECCIONAL,CONCRETO,BUENO,SECO,DESPEJADO,0,1,0,0,13,131,13115,Metropolitana de Santiago,Santiago,Lo Barnechea,Numero,"BERNARDO LARRAIN COTAPOS 12387, Lo Barnechea",-33.341918,-70.522906
-7848140.99388292,-3946973.1133602,1067,2023,1513073,2023/02/13 00:00:00+00,Febrero,13,Lunes,1899/12/30 00:00:00+00,17:52:00,17,REGION METROPOLITANA,LAS CONDES,COLISION POR ALCANCE,COLISION,URBANA,TRAMO DE VIA RECTA,IMPRUDENCIA DEL CONDUCTOR,CONDUCCION SIN MANTENER DISTANCIA RAZONABLE NI PRUDENTE,STA VERONICA, ,- STA VERONICA,555, , ,UNIDIRECCIONAL,CONCRETO,BUENO,SECO,DESPEJADO,0,0,0,1,13,131,13114,Metropolitana de Santiago,Santiago,Las Condes,Numero,"STA VERONICA 555, Las Condes",-33.38841,-70.50105
-7922940.64709806,-4171258.55326353,1068,2023,1516949,2023/03/06 00:00:00+00,Marzo,6,Lunes,1899/12/30 00:00:00+00,06:45:00,6,REGION MAULE,CURICO,COLISION LATERAL,COLISION,RURAL,TRAMO DE VIA RECTA,IMPRUDENCIA DEL CONDUCTOR,CONDUCCION NO ATENTO CONDICIONES TRANSITO MOMENTO, , , ,0,J-65,9,BIDIRECCIONAL,ASFALTO,BUENO,SECO,DESPEJADO,0,0,0,1,07,073,07301,Maule,Curicó,Curicó,Ruta,J-65 km 9,-35.054269,-71.172987
-7970599.57688234,-3902470.89559513,1069,2023,1555358,2023/08/18 00:00:00+00,Agosto,18,Viernes,1899/12/30 00:00:00+00,14:30:00,14,REGION VALPARAISO,VALPARAISO,COLISION,COLISION,URBANA,TRAMO DE VIA CURVA HORIZONTAL,IMPRUDENCIA DEL CONDUCTOR,VIRAJES INDEBIDOS,JORGE WASHINGTON, ,- JORGE WASHINGTON,148, , ,BIDIRECCIONAL,ASFALTO,BUENO,SECO,DESPEJADO,0,0,0,1,05,051,05101,Valparaíso,Valparaíso,Valparaíso,Numero,"JORGE WASHINGTON 148, Valparaíso",-33.053978,-71.601114
-8144023.07874639,-4439888.24783443,1070,2023,1513341,2023/02/13 00:00:00+00,Febrero,13,Lunes,1899/12/30 00:00:00+00,20:20:00,20,REGION BIO BIO,CORONEL,COLISION,COLISION,URBANA,TRAMO DE VIA RECTA,IMPRUDENCIA DEL CONDUCTOR,CONDUCCION NO ATENTO CONDICIONES TRANSITO MOMENTO,MANUEL MONTT, ,- MANUEL MONTT,1290, , ,UNIDIRECCIONAL,ASFALTO,BUENO,SECO,DESPEJADO,0,0,0,1,08,081,08102,Biobío,Concepción,Coronel,Numero,"MANUEL MONTT 1290, Coronel",-37.005606,-73.159004
-7972309.8135856,-4223634.94719652,1071,2023,1516761,2023/03/06 00:00:00+00,Marzo,6,Lunes,1899/12/30 00:00:00+00,07:30:00,7,REGION MAULE,TALCA,CHOQUE FRENTE/POSTERIOR,CHOQUE,RURAL,CRUCE CON SEMAFORO FUNCIONANDO,IMPRUDENCIA DEL CONDUCTOR,CONDUCCION NO ATENTO CONDICIONES TRANSITO MOMENTO, , , ,0,115 CH,2,BIDIRECCIONAL CON BANDEJON,ASFALTO,BUENO,SECO,DESPEJADO,0,1,0,0,07,071,07101,Maule,Talca,Talca,Ruta,115 CH km 2,-35.438519,-71.616478
-8087780.48571345,-4510574.55526167,1072,2023,1514958,2023/03/06 00:00:00+00,Marzo,6,Lunes,1899/12/30 00:00:00+00,19:20:00,19,REGION BIO BIO,NACIMIENTO,COLISION,COLISION,RURAL,TRAMO DE VIA CURVA VERTICAL,IMPRUDENCIA DEL CONDUCTOR,CONDUCCION CONTRA SENTIDO DEL TRANSITO, , , ,0,RUTA 156,101,BIDIRECCIONAL,ASFALTO,BUENO,SECO,DESPEJADO,0,0,0,1,08,083,08306,Biobío,Biobío,Nacimiento,Ruta,RUTA 156 km 101,-37.510997,-72.653768
-8126895.67168565,-4926490.59300814,1073,2023,1577675,2023/11/27 00:00:00+00,Noviembre,27,Lunes,1899/12/30 00:00:00+00,07:50:00,7,REGION LOS LAGOS,OSORNO,COLISION POR ALCANCE,COLISION,URBANA,TRAMO DE VIA RECTA,IMPRUDENCIA DEL CONDUCTOR,CONDUCCION SIN MANTENER DISTANCIA RAZONABLE NI PRUDENTE,SERGIO REISSER, ,- SERGIO REISSER,652, , ,BIDIRECCIONAL,CONCRETO,BUENO,SECO,DESPEJADO,0,0,1,0,10,103,10301,Los Lagos,Osorno,Osorno,Numero,"SERGIO REISSER 652, Osorno",-40.415391,-73.005146
-8049925.29933161,-4497732.10558362,1074,2023,1514336,2023/03/07 00:00:00+00,Marzo,7,Martes,1899/12/30 00:00:00+00,19:00:00,19,REGION BIO BIO,LOS ANGELES,VOLCADURA,VOLCADURA,RURAL,TRAMO DE VIA RECTA,IMPRUDENCIA DEL CONDUCTOR,CONDUCCION NO ATENTO CONDICIONES TRANSITO MOMENTO, , , ,0,Q-15,3,BIDIRECCIONAL,ASFALTO,BUENO,SECO,DESPEJADO,0,1,0,0,08,083,08301,Biobío,Biobío,Los Angeles,Ruta,Q-15 km 3,-37.419429,-72.313709
-7948723.75966383,-3899547.41426812,1075,2023,1552578,2023/08/18 00:00:00+00,Agosto,18,Viernes,1899/12/30 00:00:00+00,19:30:00,19,REGION VALPARAISO,QUILPUE,COLISION FRONTAL,COLISION,URBANA,TRAMO DE VIA RECTA,ALCOHOL EN CONDUCTOR,CONDUCCION EN ESTADO DE EBRIEDAD,FRUTILLAR, ,- FRUTILLAR,608, , ,BIDIRECCIONAL,ASFALTO,BUENO,SECO,DESPEJADO,1,0,0,0,05,058,05801,Valparaíso,Marga Marga,Quilpué,Numero,"FRUTILLAR 608, Quilpué",-33.031964,-71.4046
-7857267.54881851,-3971127.53064767,1076,2023,1510063,2023/02/13 00:00:00+00,Febrero,13,Lunes,1899/12/30 00:00:00+00,21:30:00,21,REGION METROPOLITANA,PUENTE ALTO,CHOQUE FRENTE/LADO,CHOQUE,URBANA,TRAMO DE VIA RECTA,ALCOHOL EN CONDUCTOR,CONDUCCION EN ESTADO DE EBRIEDAD,CONCHA Y TORO, ,- CONCHA Y TORO,3919, , ,BIDIRECCIONAL CON BANDEJON,CONCRETO,BUENO,SECO,DESPEJADO,0,0,0,0,13,132,13201,Metropolitana de Santiago,Cordillera,Puente Alto,Numero,"CONCHA Y TORO 3919, Puente Alto",-33.569393,-70.583035
-8048715.98024375,-4403080.37751127,1077,2023,1553482,2023/08/19 00:00:00+00,Agosto,19,Sábado,1899/12/30 00:00:00+00,14:10:00,14,REGION ÑUBLE,BULNES,VOLCADURA,VOLCADURA,URBANA,TRAMO DE VIA RECTA,VELOCIDAD IMPRUDENTE,VELOCIDAD NO RAZONABLE NI PRUDENTE,CARLOS PALACIOS, ,- CARLOS PALACIOS,1462, , ,BIDIRECCIONAL,CONCRETO,BUENO,SECO,LLUVIA,0,0,0,1,16,161,16102,Ñuble,Diguillín,Bulnes,Numero,"CARLOS PALACIOS 1462, Bulnes",-36.741098,-72.302846
-8018436.58347644,-4085512.49142915,1078,2023,1516121,2023/03/09 00:00:00+00,Marzo,9,Jueves,1899/12/30 00:00:00+00,09:45:00,9,REGION LIB.B.O'HIGGINS,PICHILEMU,COLISION,COLISION,RURAL,TRAMO DE VIA RECTA,IMPRUDENCIA DEL CONDUCTOR,CONDUCCION NO ATENTO CONDICIONES TRANSITO MOMENTO, , , ,0,I-502,"4,4",BIDIRECCIONAL,CONCRETO,BUENO,HUMEDO,NUBLADO,0,0,0,2,06,062,06201,Libertador General Bernardo O'Higgins,Cardenal Caro,Pichilemu,Ruta,"I-502 km 4,4",-34.421292,-72.030841
-7892246.20075228,-3979049.49659299,1079,2023,1512734,2023/02/14 00:00:00+00,Febrero,14,Martes,1899/12/30 00:00:00+00,10:15:00,10,REGION METROPOLITANA,PEÑAFLOR,COLISION,COLISION,URBANA,TRAMO DE VIA RECTA,ALCOHOL EN CONDUCTOR,CONDUCCION EN ESTADO DE EBRIEDAD,BERLIN, ,- BERLIN,25, , ,UNIDIRECCIONAL,CONCRETO,BUENO,SECO,DESPEJADO,0,1,0,1,13,136,13605,Metropolitana de Santiago,Talagante,Peñaflor,Numero,"BERLIN 25, Peñaflor",-33.628668,-70.897254
-7864282.33659002,-3964142.27113381,1080,2023,1553023,2023/08/19 00:00:00+00,Agosto,19,Sábado,1899/12/30 00:00:00+00,19:20:00,19,REGION METROPOLITANA,LA CISTERNA,CHOQUE FRENTE/POSTERIOR,CHOQUE,URBANA,TRAMO DE VIA RECTA,IMPRUDENCIA DEL CONDUCTOR,CONDUCCION SIN MANTENER DISTANCIA RAZONABLE NI PRUDENTE,LO OVALLE, ,- LO OVALLE,1067, , ,BIDIRECCIONAL,CONCRETO,BUENO,SECO,DESPEJADO,0,1,0,1,13,131,13109,Metropolitana de Santiago,Santiago,La Cisterna,Numero,"LO OVALLE 1067, La Cisterna",-33.517093,-70.64605
-8067693.65682499,-4225017.85628361,1081,2023,1516441,2023/03/09 00:00:00+00,Marzo,9,Jueves,1899/12/30 00:00:00+00,16:00:00,16,REGION MAULE,CAUQUENES,VOLCADURA,VOLCADURA,RURAL,TRAMO DE VIA CURVA HORIZONTAL,IMPRUDENCIA DEL CONDUCTOR,CONDUCCION NO ATENTO CONDICIONES TRANSITO MOMENTO, , , ,0,M-50,84,BIDIRECCIONAL,ASFALTO,BUENO,SECO,DESPEJADO,0,0,0,0,07,072,07201,Maule,Cauquenes,Cauquenes,Ruta,M-50 km 84,-35.44864,-72.473325
-7969754.63359415,-3900200.75745833,1082,2023,1576460,2023/11/27 00:00:00+00,Noviembre,27,Lunes,1899/12/30 00:00:00+00,16:00:00,16,REGION VALPARAISO,VALPARAISO,COLISION,COLISION,URBANA,TRAMO DE VIA RECTA,IMPRUDENCIA DEL CONDUCTOR,CONDUCCION CAMBIAR SORPRESIVAMENTE PISTA CIRCULACION,SAN GUILLERMO, ,- SAN GUILLERMO,261, , ,BIDIRECCIONAL,ASFALTO,BUENO,SECO,DESPEJADO,0,0,0,1,05,051,05101,Valparaíso,Valparaíso,Valparaíso,Numero,"SAN GUILLERMO 261, Valparaíso",-33.036884,-71.593524
-12181467.1568519,-3141997.69523187,1083,2023,1509824,2023/02/14 00:00:00+00,Febrero,14,Martes,1899/12/30 00:00:00+00,12:30:00,12,REGION VALPARAISO,ISLA DE PASCUA,CHOQUE POSTERIOR,CHOQUE,URBANA,TRAMO DE VIA RECTA,IMPRUDENCIA DEL CONDUCTOR,CONDUCCION NO ATENTO CONDICIONES TRANSITO MOMENTO,ATAMU TEKENA, ,- ATAMU TEKENA,0, , ,BIDIRECCIONAL,ADOQUIN,REGULAR,SECO,DESPEJADO,0,0,0,0,05,052,05201,Valparaíso,Isla de Pascua,Isla de Pascua,Numero,"ATAMU TEKENA 0, Isla de Pascua",-27.148185,-109.427981
-7862408.97306193,-3953929.0108268,1084,2023,1554279,2023/08/20 00:00:00+00,Agosto,20,Domingo,1899/12/30 00:00:00+00,12:48:00,12,REGION METROPOLITANA,PROVIDENCIA,COLISION LATERAL,COLISION,URBANA,TRAMO DE VIA RECTA,IMPRUDENCIA DEL CONDUCTOR,CONDUCCION CAMBIAR SORPRESIVAMENTE PISTA CIRCULACION,RANCAGUA, ,- RANCAGUA,248, , ,UNIDIRECCIONAL,ASFALTO,REGULAR,HUMEDO,DESPEJADO,0,0,0,0,13,131,13123,Metropolitana de Santiago,Santiago,Providencia,Numero,"RANCAGUA 248, Providencia",-33.440568,-70.629222
-7897390.99283331,-7015101.76928933,1085,2023,1574940,2023/11/27 00:00:00+00,Noviembre,27,Lunes,1899/12/30 00:00:00+00,18:15:00,18,REGION MAGALLANES Y ANTARTICA CHILENA,PUNTA ARENAS,COLISION LATERAL,COLISION,URBANA,TRAMO DE VIA RECTA,IMPRUDENCIA DEL CONDUCTOR,CONDUCCION NO ATENTO CONDICIONES TRANSITO MOMENTO,FRANCISCO ROUX, ,- FRANCISCO ROUX,358, , ,BIDIRECCIONAL,CONCRETO,BUENO,SECO,DESPEJADO,0,1,0,0,12,121,12101,Magallanes y de la Antártica Chilena,Magallanes,Punta Arenas,Numero,"FRANCISCO ROUX 358, Punta Arenas",-53.173211,-70.94347
-8069149.26331763,-4569788.25073365,1086,2023,1515171,2023/03/09 00:00:00+00,Marzo,9,Jueves,1899/12/30 00:00:00+00,16:40:00,16,REGION ARAUCANIA,COLLIPULLI,COLISION FRONTAL,COLISION,RURAL,TRAMO DE VIA CURVA HORIZONTAL,IMPRUDENCIA DEL CONDUCTOR,CONDUCCION NO ATENTO CONDICIONES TRANSITO MOMENTO, , , ,0,R-336,6,BIDIRECCIONAL,RIPIO,BUENO, ,DESPEJADO,1,0,0,0,09,092,09202,La Araucanía,Malleco,Collipulli,Ruta,R-336 km 6,-37.931746,-72.486401
-8125781.77356136,-4402436.12300225,1087,2023,1514969,2023/02/14 00:00:00+00,Febrero,14,Martes,1899/12/30 00:00:00+00,14:30:00,14,REGION BIO BIO,PENCO,COLISION FRONTAL,COLISION,URBANA,TRAMO DE VIA RECTA,IMPRUDENCIA DEL CONDUCTOR,CONDUCCION NO ATENTO CONDICIONES TRANSITO MOMENTO,COCHRANE, ,- COCHRANE,33, , ,UNIDIRECCIONAL,ASFALTO,BUENO,SECO,DESPEJADO,0,0,1,0,08,081,08107,Biobío,Concepción,Penco,Numero,"COCHRANE 33, Penco",-36.73646,-72.99514
-7933320.03597726,-3822015.48622997,1088,2023,1516768,2023/03/09 00:00:00+00,Marzo,9,Jueves,1899/12/30 00:00:00+00,17:26:00,17,REGION VALPARAISO,LA LIGUA,COLISION,COLISION,RURAL,TRAMO DE VIA CURVA HORIZONTAL,IMPRUDENCIA DEL CONDUCTOR,CONDUCCION NO ATENTO CONDICIONES TRANSITO MOMENTO, , , ,0,E-275,1,BIDIRECCIONAL,ASFALTO,BUENO,SECO,DESPEJADO,0,1,0,1,05,054,05401,Valparaíso,Petorca,La Ligua,Ruta,E-275 km 1,-32.446129,-71.266226
-7863445.18998538,-3954444.95271665,1089,2023,1553706,2023/08/20 00:00:00+00,Agosto,20,Domingo,1899/12/30 00:00:00+00,17:00:00,17,REGION METROPOLITANA,SANTIAGO,VOLCADURA,VOLCADURA,URBANA,TRAMO DE VIA RECTA,VELOCIDAD IMPRUDENTE,VELOCIDAD NO RAZONABLE NI PRUDENTE,CURICO, ,- CURICO,345, , ,UNIDIRECCIONAL,CONCRETO,BUENO,OTROS,DESPEJADO,0,1,0,0,13,131,13101,Metropolitana de Santiago,Santiago,Santiago,Numero,"CURICO 345, Santiago",-33.444435,-70.63853
-7892479.91973014,-3976295.59610091,1090,2023,1574414,2023/11/27 00:00:00+00,Noviembre,27,Lunes,1899/12/30 00:00:00+00,20:45:00,20,REGION METROPOLITANA,PEÑAFLOR,COLISION LATERAL,COLISION,URBANA,ACERA O BERMA,IMPRUDENCIA DEL CONDUCTOR,CONDUCCION NO ATENTO CONDICIONES TRANSITO MOMENTO,21 DE MAYO, ,- 21 DE MAYO,4317, , ,BIDIRECCIONAL,ASFALTO,BUENO,SECO,DESPEJADO,0,0,0,1,13,136,13605,Metropolitana de Santiago,Talagante,Peñaflor,Numero,"21 DE MAYO 4317, Peñaflor",-33.608067,-70.899353
-7861893.72902881,-3977671.01996604,1091,2023,1510464,2023/02/14 00:00:00+00,Febrero,14,Martes,1899/12/30 00:00:00+00,15:40:00,15,REGION METROPOLITANA,PUENTE ALTO,COLISION LATERAL,COLISION,URBANA,TRAMO DE VIA RECTA,IMPRUDENCIA DEL CONDUCTOR,ADELANTAMIENTO SIN EL ESPACIO O TIEMPO SUFICIENTE,EYZAGUIRRE, ,- EYZAGUIRRE,3892, , ,BIDIRECCIONAL,ASFALTO,REGULAR,SECO,DESPEJADO,0,0,0,1,13,132,13201,Metropolitana de Santiago,Cordillera,Puente Alto,Numero,"EYZAGUIRRE 3892, Puente Alto",-33.618356,-70.624593
-7674216.06384776,-2566215.36428061,1092,2023,1553084,2023/08/21 00:00:00+00,Agosto,21,Lunes,1899/12/30 00:00:00+00,07:40:00,7,REGION ANTOFAGASTA,CALAMA,COLISION,COLISION,URBANA,TRAMO DE VIA RECTA,IMPRUDENCIA DEL CONDUCTOR,CONDUCCION NO ATENTO CONDICIONES TRANSITO MOMENTO,VASCO DE GAMA, ,- VASCO DE GAMA,2868, , ,BIDIRECCIONAL,ASFALTO,BUENO,SECO,DESPEJADO,0,1,0,0,02,022,02201,Antofagasta,El Loa,Calama,Numero,"VASCO DE GAMA 2868, Calama",-22.45478,-68.938656
-7928339.27185235,-4158446.86261917,1093,2023,1576344,2023/11/28 00:00:00+00,Noviembre,28,Martes,1899/12/30 00:00:00+00,18:40:00,18,REGION MAULE,CURICO,CHOQUE FRENTE/POSTERIOR,CHOQUE,URBANA,TRAMO DE VIA RECTA,IMPRUDENCIA DEL CONDUCTOR,CONDUCCION NO ATENTO CONDICIONES TRANSITO MOMENTO,CURICO, ,- CURICO,974, , ,BIDIRECCIONAL,ASFALTO,BUENO,SECO,DESPEJADO,0,1,0,0,07,073,07301,Maule,Curicó,Curicó,Numero,"CURICO 974, Curicó",-34.960002,-71.221483
-7879808.27481746,-3955410.47211719,1094,2023,1554412,2023/08/21 00:00:00+00,Agosto,21,Lunes,1899/12/30 00:00:00+00,08:00:00,8,REGION METROPOLITANA,PUDAHUEL,COLISION,COLISION,URBANA,TRAMO DE VIA RECTA,IMPRUDENCIA DEL CONDUCTOR,CONDUCCION NO ATENTO CONDICIONES TRANSITO MOMENTO,PTO MADERO, ,- PTO MADERO,151, , ,BIDIRECCIONAL,ASFALTO,REGULAR,SECO,DESPEJADO,0,0,0,1,13,131,13124,Metropolitana de Santiago,Santiago,Pudahuel,Numero,"PTO MADERO 151, Pudahuel",-33.451672,-70.785522
-7835808.67253,-2710884.82611367,1095,2023,1511751,2023/02/15 00:00:00+00,Febrero,15,Miércoles,1899/12/30 00:00:00+00,11:30:00,11,REGION ANTOFAGASTA,ANTOFAGASTA,CHOQUE FRONTAL,CHOQUE,URBANA,TRAMO DE VIA RECTA,IMPRUDENCIA DEL CONDUCTOR,CONDUCCION NO ATENTO CONDICIONES TRANSITO MOMENTO,TENIENTE IGNACIO SERRANO, ,- TENIENTE IGNACIO SERRANO,1121, , ,UNIDIRECCIONAL,ASFALTO,BUENO,SECO,DESPEJADO,0,0,0,0,02,021,02101,Antofagasta,Antofagasta,Antofagasta,Numero,"TENIENTE IGNACIO SERRANO 1121, Antofagasta",-23.65056,-70.390267
-7858796.87472923,-3869436.51033898,1096,2023,1574519,2023/11/28 00:00:00+00,Noviembre,28,Martes,1899/12/30 00:00:00+00,21:35:00,21,REGION VALPARAISO,SAN ESTEBAN,VOLCADURA,VOLCADURA,URBANA,TRAMO DE VIA RECTA,VELOCIDAD IMPRUDENTE,VELOCIDAD NO RAZONABLE NI PRUDENTE,TOCORNAL, ,- TOCORNAL,1185, , ,BIDIRECCIONAL,ASFALTO,BUENO,SECO,DESPEJADO,1,0,0,0,05,053,05304,Valparaíso,Los Andes,San Esteban,Numero,"TOCORNAL 1185, San Esteban",-32.804902,-70.596773
-7867749.53362547,-3951664.70086862,1097,2023,1554710,2023/08/21 00:00:00+00,Agosto,21,Lunes,1899/12/30 00:00:00+00,09:30:00,9,REGION METROPOLITANA,RECOLETA,COLISION POR ALCANCE,COLISION,URBANA,CRUCE CON SEÑAL PARE,IMPRUDENCIA DEL CONDUCTOR,CONDUCCION SIN MANTENER DISTANCIA RAZONABLE NI PRUDENTE,COSTANERA NORTE, ,- COSTANERA NORTE,15900, , ,UNIDIRECCIONAL,ASFALTO,BUENO,SECO,NUBLADO,0,0,1,0,13,131,13127,Metropolitana de Santiago,Santiago,Recoleta,Numero,"COSTANERA NORTE 15900, Recoleta",-33.423592,-70.677197
-7932153.15684414,-3487808.6183351,1098,2023,1515610,2023/03/10 00:00:00+00,Marzo,10,Viernes,1899/12/30 00:00:00+00,07:45:00,7,REGION COQUIMBO,LA SERENA,COLISION LATERAL,COLISION,RURAL,TRAMO DE VIA RECTA,IMPRUDENCIA DEL CONDUCTOR,CONDUCCION NO ATENTO CONDICIONES TRANSITO MOMENTO, , , ,0,RUTA 5 NORTE,473,BIDIRECCIONAL CON BANDEJON,ASFALTO,BUENO,SECO,DESPEJADO,0,1,0,1,04,041,04101,Coquimbo,Elqui,La Serena,Ruta,RUTA 5 NORTE km 473,-29.877463,-71.255744
-7889052.51684117,-3978892.77881446,1099,2023,1552998,2023/08/21 00:00:00+00,Agosto,21,Lunes,1899/12/30 00:00:00+00,09:45:00,9,REGION METROPOLITANA,PEÑAFLOR,COLISION PERPENDICULAR,COLISION,URBANA,TRAMO DE VIA RECTA,IMPRUDENCIA DEL CONDUCTOR,ADELANTAMIENTO SIN EFECTUAR LA SEÑAL RESPECTIVA,BALMACEDA, ,- BALMACEDA,2762, , ,BIDIRECCIONAL,ASFALTO,BUENO,HUMEDO,NUBLADO,0,0,0,0,13,136,13605,Metropolitana de Santiago,Talagante,Peñaflor,Numero,"BALMACEDA 2762, Peñaflor",-33.627496,-70.868565
-7862472.29024132,-3961724.71428524,1100,2023,1510418,2023/02/15 00:00:00+00,Febrero,15,Miércoles,1899/12/30 00:00:00+00,14:00:00,14,REGION METROPOLITANA,SAN JOAQUIN,COLISION FRONTAL,COLISION,URBANA,TRAMO DE VIA RECTA,IMPRUDENCIA DEL CONDUCTOR,CONDUCCION NO ATENTO CONDICIONES TRANSITO MOMENTO,BENOZZO GOZZOLI, ,- BENOZZO GOZZOLI,4571, , ,BIDIRECCIONAL,ASFALTO,BUENO,SECO,DESPEJADO,0,0,0,5,13,131,13129,Metropolitana de Santiago,Santiago,San Joaquín,Numero,"BENOZZO GOZZOLI 4571, San Joaquín",-33.498985,-70.62979
-7933067.57870083,-4146003.81321105,1101,2023,1516153,2023/03/10 00:00:00+00,Marzo,10,Viernes,1899/12/30 00:00:00+00,08:10:00,8,REGION MAULE,RAUCO,COLISION POR ALCANCE,COLISION,RURAL,TRAMO DE VIA RECTA,IMPRUDENCIA DEL CONDUCTOR,CONDUCCION SIN MANTENER DISTANCIA RAZONABLE NI PRUDENTE, , , ,0,J-40,13,BIDIRECCIONAL,ASFALTO,BUENO,SECO,DESPEJADO,1,0,0,0,07,073,07305,Maule,Curicó,Rauco,Ruta,J-40 km 13,-34.868343,-71.263959
-7865435.90294731,-3872203.94389449,1102,2023,1554766,2023/08/21 00:00:00+00,Agosto,21,Lunes,1899/12/30 00:00:00+00,23:40:00,23,REGION VALPARAISO,LOS ANDES,VOLCADURA,VOLCADURA,URBANA,TRAMO DE VIA RECTA,ALCOHOL EN CONDUCTOR,CONDUCCION EN ESTADO DE EBRIEDAD,LOS VILLARES, ,- LOS VILLARES,5292, , ,BIDIRECCIONAL,ASFALTO,BUENO,SECO,NUBLADO,0,0,1,0,05,053,05301,Valparaíso,Los Andes,Los Andes,Numero,"LOS VILLARES 5292, Los Andes",-32.825795,-70.656413
-7825301.23250659,-2087857.44830846,1103,2023,1575088,2023/11/28 00:00:00+00,Noviembre,28,Martes,1899/12/30 00:00:00+00,21:40:00,21,REGION ARICA Y PARINACOTA,ARICA,COLISION POR ALCANCE,COLISION,URBANA,TRAMO DE VIA RECTA,IMPRUDENCIA DEL CONDUCTOR,CONDUCCION SIN MANTENER DISTANCIA RAZONABLE NI PRUDENTE,ALCALDE SANTIAGO ARATA, ,- ALCALDE SANTIAGO ARATA,4501, , ,BIDIRECCIONAL CON BANDEJON,ASFALTO,BUENO,SECO,DESPEJADO,0,0,0,1,15,151,15101,Arica y Parinacota,Arica,Arica,Numero,"ALCALDE SANTIAGO ARATA 4501, Arica",-18.429286,-70.295877
-7830700.97029994,-3167802.20725217,1104,2023,1512600,2023/02/15 00:00:00+00,Febrero,15,Miércoles,1899/12/30 00:00:00+00,15:25:00,15,REGION ATACAMA,COPIAPO,COLISION LATERAL,COLISION,URBANA,TRAMO DE VIA RECTA,IMPRUDENCIA DEL CONDUCTOR,CONDUCCION NO ATENTO CONDICIONES TRANSITO MOMENTO,BORGOÑO, ,- BORGOÑO,660, , ,BIDIRECCIONAL,ASFALTO,BUENO,SECO,DESPEJADO,0,0,0,1,03,031,03101,Atacama,Copiapó,Copiapó,Numero,"BORGOÑO 660, Copiapó",-27.354262,-70.344384
-7859392.01693537,-3959836.72641568,1105,2023,1554969,2023/08/23 00:00:00+00,Agosto,23,Miércoles,1899/12/30 00:00:00+00,12:20:00,12,REGION METROPOLITANA,MACUL,COLISION LATERAL,COLISION,URBANA,TRAMO DE VIA RECTA,IMPRUDENCIA DEL CONDUCTOR,CONDUCCION NO ATENTO CONDICIONES TRANSITO MOMENTO,EXEQUIEL FERNANDEZ, ,- EXEQUIEL FERNANDEZ,3305, , ,BIDIRECCIONAL,ASFALTO,BUENO,MOJADO,LLOVIZNA,0,0,0,0,13,131,13118,Metropolitana de Santiago,Santiago,Macul,Numero,"EXEQUIEL FERNANDEZ 3305, Macul",-33.484841,-70.60212