X,Y,FID,Año,IdAccident,Fecha,Mes,Dia_mes,Dia_semana,Hora,Hora_texto,Hora_aprox,Región,Comuna,Tipo_Accid,Tipo__CONA,Zona,Ubicación,Causa__CON,Causa_Acci,Calle_Uno,Calle_Dos,Intersecci,Número,Ruta,Ubicaci_1,Calzada,Tipo_Calza,Estado_Cal,Condición,Estado_Atm,Fallecidos,Graves,Menos_Grav,Leves,CUT_REG,CUT_PROV,CUT_COM,REGION,PROVINCIA,COMUNA1,Tipo_direc,Direccion,Lat,Lon
-7858707.33281514,-3949453.48805067,1193,2023,1556957,2023/08/28 00:00:00+00,Agosto,28,Lunes,1899/12/30 00:00:00+00,20:27:00,20,REGION METROPOLITANA,VITACURA,COLISION POR ALCANCE,COLISION,URBANA,TRAMO DE VIA RECTA,IMPRUDENCIA DEL CONDUCTOR,CONDUCCION SIN MANTENER DISTANCIA RAZONABLE NI PRUDENTE,PDTE KENNEDY, ,- PDTE KENNEDY,27580, , ,BIDIRECCIONAL CON BANDEJON,ASFALTO,BUENO,SECO,DESPEJADO,0,0,0,5,13,131,13132,Metropolitana de Santiago,Santiago,Vitacura,Numero,"PDTE KENNEDY 27580, Vitacura",-33.407012,-70.595969
-7894994.83966965,-3866296.82038004,1194,2023,1519069,2023/03/18 00:00:00+00,Marzo,18,Sábado,1899/12/30 00:00:00+00,15:30:00,15,REGION VALPARAISO,LLAY LLAY,COLISION,COLISION,RURAL,TRAMO DE VIA CURVA HORIZONTAL,VELOCIDAD IMPRUDENTE,VELOCIDAD NO RAZONABLE NI PRUDENTE, , , ,0,E-635,5,BIDIRECCIONAL,ASFALTO,BUENO,SECO,DESPEJADO,0,0,1,0,05,057,05703,Valparaíso,San Felipe de Aconcagua,Llaillay,Ruta,E-635 km 5,-32.781193,-70.921945
-7867609.68028865,-3922487.86142124,1195,2023,1578743,2023/12/01 00:00:00+00,Diciembre,1,Viernes,1899/12/30 00:00:00+00,15:05:00,15,REGION METROPOLITANA,COLINA,COLISION LATERAL,COLISION,URBANA,TRAMO DE VIA RECTA,IMPRUDENCIA DEL CONDUCTOR,ADELANTAMIENTO SIN EL ESPACIO O TIEMPO SUFICIENTE,DEL VALLE, ,- DEL VALLE,11600, , ,BIDIRECCIONAL,ASFALTO,BUENO,SECO,DESPEJADO,0,1,0,0,13,133,13301,Metropolitana de Santiago,Chacabuco,Colina,Numero,"DEL VALLE 11600, Colina",-33.204563,-70.67594
-7873514.24874448,-3942354.24278086,1196,2023,1511062,2023/02/19 00:00:00+00,Febrero,19,Domingo,1899/12/30 00:00:00+00,16:00:00,16,REGION METROPOLITANA,CURACAVI,COLISION LATERAL,COLISION,URBANA,TRAMO DE VIA RECTA,ALCOHOL EN CONDUCTOR,CONDUCCION EN ESTADO DE EBRIEDAD,O'HIGGINS, ,- O'HIGGINS,500, , ,BIDIRECCIONAL,ASFALTO,BUENO,SECO,DESPEJADO,0,0,0,2,13,135,13503,Metropolitana de Santiago,Melipilla,Curacaví,Numero,"O'HIGGINS 500, Curacaví",-33.353759,-70.728982
-8091406.35546941,-4365121.8416779,1197,2023,1554837,2023/08/28 00:00:00+00,Agosto,28,Lunes,1899/12/30 00:00:00+00,21:20:00,21,REGION ÑUBLE,TREGUACO,IMPACTO CON ANIMAL,OTRO TIPO,URBANA,TRAMO DE VIA RECTA,IMPRUDENCIA DEL CONDUCTOR,CONDUCCION NO ATENTO CONDICIONES TRANSITO MOMENTO,LAS ARAUCARIAS, ,- LAS ARAUCARIAS,457, , ,BIDIRECCIONAL,ASFALTO,BUENO,HUMEDO,DESPEJADO,0,0,0,1,16,162,16207,Ñuble,Itata,Treguaco,Numero,"LAS ARAUCARIAS 457, Treguaco",-36.467363,-72.68634
-7936029.09530533,-4169783.21518692,1198,2023,1517210,2023/03/18 00:00:00+00,Marzo,18,Sábado,1899/12/30 00:00:00+00,20:00:00,20,REGION MAULE,SAGRADA FAMILIA,COLISION POR ALCANCE,COLISION,RURAL,TRAMO DE VIA RECTA,IMPRUDENCIA DEL CONDUCTOR,CONDUCCION CAMBIAR SORPRESIVAMENTE PISTA CIRCULACION, , , ,0,K-16,"1,1",BIDIRECCIONAL,ASFALTO,BUENO,SECO,DESPEJADO,0,1,0,0,07,073,07307,Maule,Curicó,Sagrada Familia,Ruta,"K-16 km 1,1",-35.043419,-71.290562
-7859284.85176553,-3955788.1194431,1199,2023,1583424,2023/12/01 00:00:00+00,Diciembre,1,Viernes,1899/12/30 00:00:00+00,15:35:00,15,REGION METROPOLITANA,ÑUÑOA,COLISION,COLISION,URBANA,TRAMO DE VIA RECTA,IMPRUDENCIA DEL CONDUCTOR,CONDUCCION NO ATENTO CONDICIONES TRANSITO MOMENTO,IRARRAZAVAL, ,- IRARRAZAVAL,2872, , ,BIDIRECCIONAL CON BANDEJON,CONCRETO,BUENO,SECO,DESPEJADO,0,0,0,0,13,131,13120,Metropolitana de Santiago,Santiago,Ñuñoa,Numero,"IRARRAZAVAL 2872, Ñuñoa",-33.454502,-70.601157
-7980231.26647168,-4295594.065799,1200,2023,1510781,2023/02/19 00:00:00+00,Febrero,19,Domingo,1899/12/30 00:00:00+00,23:30:00,23,REGION MAULE,LONGAVI,VOLCADURA,VOLCADURA,URBANA,TRAMO DE VIA CURVA HORIZONTAL,VELOCIDAD IMPRUDENTE,"VELOCIDAD NO REDUCIR CRUCE DE CALLES, CUMBRE, CURVA, ETC.",LOS CULENES, ,- LOS CULENES,1, , ,BIDIRECCIONAL,ASFALTO,BUENO,SECO,DESPEJADO,0,1,0,0,07,074,07403,Maule,Linares,Longaví,Numero,"LOS CULENES 1, Longaví",-35.963455,-71.687637
-8099225.6648524,-4849447.84209053,1201,2023,1517412,2023/03/18 00:00:00+00,Marzo,18,Sábado,1899/12/30 00:00:00+00,22:20:00,22,REGION DE LOS RIOS,LOS LAGOS,COLISION,COLISION,RURAL,TRAMO DE VIA RECTA,IMPRUDENCIA DEL CONDUCTOR,CONDUCCION NO ATENTO CONDICIONES TRANSITO MOMENTO, , , ,0,T-55,"2,5",BIDIRECCIONAL,ASFALTO,REGULAR,SECO,NUBLADO,0,1,0,0,14,141,14104,Los Ríos,Valdivia,Los Lagos,Ruta,"T-55 km 2,5",-39.886399,-72.756582
-7871340.4063369,-3862174.48375273,1202,2023,1577209,2023/12/01 00:00:00+00,Diciembre,1,Viernes,1899/12/30 00:00:00+00,16:00:00,16,REGION VALPARAISO,SAN FELIPE,COLISION,COLISION,URBANA,TRAMO DE VIA RECTA,IMPRUDENCIA DEL CONDUCTOR,VIRAJES INDEBIDOS,MIRAFLORES, ,- MIRAFLORES,2085, , ,BIDIRECCIONAL CON BANDEJON,CONCRETO,REGULAR,SECO,DESPEJADO,0,0,1,0,05,057,05701,Valparaíso,San Felipe de Aconcagua,San Felipe,Numero,"MIRAFLORES 2085, San Felipe",-32.750053,-70.709454
-7871701.26802514,-4025792.55913634,1203,2023,1584483,2023/08/29 00:00:00+00,Agosto,29,Martes,1899/12/30 00:00:00+00,14:06:00,14,REGION LIB.B.O'HIGGINS,MOSTAZAL,COLISION,COLISION,URBANA,TRAMO DE VIA RECTA,IMPRUDENCIA DEL CONDUCTOR,CONDUCCION SIN MANTENER DISTANCIA RAZONABLE NI PRUDENTE,INDEPENDENCIA, ,- INDEPENDENCIA,225, , ,BIDIRECCIONAL,ASFALTO,BUENO,SECO,DESPEJADO,0,1,0,0,06,061,06110,Libertador General Bernardo O'Higgins,Cachapoal,Mostazal,Numero,"INDEPENDENCIA 225, Mostazal",-33.977584,-70.712696
-7985863.02999551,-4257265.03249676,1204,2023,1511369,2023/02/20 00:00:00+00,Febrero,20,Lunes,1899/12/30 00:00:00+00,10:45:00,10,REGION MAULE,VILLA ALEGRE,COLISION LATERAL,COLISION,URBANA,TRAMO DE VIA RECTA,IMPRUDENCIA DEL CONDUCTOR,VIRAJES INDEBIDOS,FRANCISCO ANTONIO ENCINA, ,- FRANCISCO ANTONIO ENCINA,2, , ,BIDIRECCIONAL,ASFALTO,BUENO,SECO,DESPEJADO,0,1,0,0,07,074,07407,Maule,Linares,Villa Alegre,Numero,"FRANCISCO ANTONIO ENCINA 2, Villa Alegre",-35.684278,-71.738228
-8120681.71521771,-5065822.61610367,1205,2023,1517396,2023/03/19 00:00:00+00,Marzo,19,Domingo,1899/12/30 00:00:00+00,06:05:00,6,REGION LOS LAGOS,PUERTO MONTT,CHOQUE FRONTAL,CHOQUE,RURAL,TRAMO DE VIA RECTA,DROGAS Y/O FATIGA EN CONDUCTOR,"CONDICIONES FISICAS DEFICIENTES (CANSANCIO, SUEÑO)", , , ,0,V-505,4,BIDIRECCIONAL,CONCRETO,BUENO,HUMEDO,NUBLADO,1,0,0,0,10,101,10101,Los Lagos,Llanquihue,Puerto Montt,Ruta,V-505 km 4,-41.361585,-72.949325
-8026899.42111751,-4383547.52007874,1206,2023,1575436,2023/12/01 00:00:00+00,Diciembre,1,Viernes,1899/12/30 00:00:00+00,16:10:00,16,REGION ÑUBLE,CHILLAN,COLISION PERPENDICULAR,COLISION,URBANA,CRUCE CON SEÑAL PARE,IMPRUDENCIA DEL CONDUCTOR,"ADELANTAMIENTO EN CRUCE, CURVA, CUESTA, PUENTE",O'HIGGINS, ,- O'HIGGINS,134, , ,BIDIRECCIONAL CON BANDEJON,CONCRETO,BUENO,SECO,DESPEJADO,0,0,0,0,16,161,16101,Ñuble,Diguillín,Chillán,Numero,"O'HIGGINS 134, Chillán",-36.60036,-72.106864
-7878168.65545882,-3978836.27114368,1207,2023,1561125,2023/08/29 00:00:00+00,Agosto,29,Martes,1899/12/30 00:00:00+00,15:00:00,15,REGION METROPOLITANA,CALERA DE TANGO,COLISION LATERAL,COLISION,URBANA,TRAMO DE VIA RECTA,IMPRUDENCIA DEL CONDUCTOR,CONDUCCION NO ATENTO CONDICIONES TRANSITO MOMENTO,CALERA DE TANGO, ,- CALERA DE TANGO,13, , ,BIDIRECCIONAL,ASFALTO,BUENO,SECO,NUBLADO,0,1,0,0,13,134,13403,Metropolitana de Santiago,Maipo,Calera de Tango,Numero,"CALERA DE TANGO 13, Calera de Tango",-33.627073,-70.770793
-7854124.61588627,-3970783.62926708,1208,2023,1517520,2023/02/20 00:00:00+00,Febrero,20,Lunes,1899/12/30 00:00:00+00,13:40:00,13,REGION METROPOLITANA,PUENTE ALTO,COLISION LATERAL,COLISION,URBANA,TRAMO DE VIA RECTA,IMPRUDENCIA DEL CONDUCTOR,CONDUCCION NO ATENTO CONDICIONES TRANSITO MOMENTO,CAMILO HENRIQUEZ, ,- CAMILO HENRIQUEZ,3692, , ,BIDIRECCIONAL,CONCRETO,BUENO,SECO,DESPEJADO,0,0,0,1,13,132,13201,Metropolitana de Santiago,Cordillera,Puente Alto,Numero,"CAMILO HENRIQUEZ 3692, Puente Alto",-33.566819,-70.554802
-7967570.6163402,-4253795.58269168,1209,2023,1517464,2023/03/19 00:00:00+00,Marzo,19,Domingo,1899/12/30 00:00:00+00,12:00:00,12,REGION MAULE,YERBAS BUENAS,VOLCADURA,VOLCADURA,RURAL,TRAMO DE VIA RECTA,DEFICIENCIAS VIALES,ANIMALES SUELTOS VIA PUBLICA, , , ,0,L-25,8,BIDIRECCIONAL,ASFALTO,BUENO,SECO,DESPEJADO,0,1,0,0,07,074,07408,Maule,Linares,Yerbas Buenas,Ruta,L-25 km 8,-35.658959,-71.573905
-7861269.06618502,-3973718.70320404,1210,2023,1575384,2023/12/01 00:00:00+00,Diciembre,1,Viernes,1899/12/30 00:00:00+00,17:00:00,17,REGION METROPOLITANA,LA PINTANA,COLISION,COLISION,URBANA,TRAMO DE VIA RECTA,IMPRUDENCIA DEL CONDUCTOR,CONDUCCION NO ATENTO CONDICIONES TRANSITO MOMENTO,JUANITA, ,- JUANITA,3027, , ,BIDIRECCIONAL,ASFALTO,REGULAR,SECO,DESPEJADO,0,0,0,0,13,131,13112,Metropolitana de Santiago,Santiago,La Pintana,Numero,"JUANITA 3027, La Pintana",-33.588785,-70.618982
-7878301.51080717,-3967227.35303736,1211,2023,1518533,2023/02/20 00:00:00+00,Febrero,20,Lunes,1899/12/30 00:00:00+00,18:00:00,18,REGION METROPOLITANA,MAIPU,CHOQUE POSTERIOR/FRENTE,CHOQUE,URBANA,TRAMO DE VIA RECTA,IMPRUDENCIA DEL CONDUCTOR,CONDUCCION NO ATENTO CONDICIONES TRANSITO MOMENTO,MAR TIRRENO, ,- MAR TIRRENO,16118, , ,BIDIRECCIONAL,ASFALTO,BUENO,SECO,DESPEJADO,0,0,0,0,13,131,13119,Metropolitana de Santiago,Santiago,Maipú,Numero,"MAR TIRRENO 16118, Maipú",-33.540195,-70.771987
-7929882.36087076,-4162424.19944241,1212,2023,1555120,2023/08/29 00:00:00+00,Agosto,29,Martes,1899/12/30 00:00:00+00,15:45:00,15,REGION MAULE,CURICO,ATROPELLO,ATROPELLO,URBANA,TRAMO DE VIA RECTA,IMPRUDENCIA DEL PEATON,IMPRUDENCIA DEL PEATON,CHACABUCO, ,- CHACABUCO,180, , ,UNIDIRECCIONAL,CONCRETO,BUENO,SECO,DESPEJADO,0,1,0,1,07,073,07301,Maule,Curicó,Curicó,Numero,"CHACABUCO 180, Curicó",-34.989278,-71.235345
-7931790.57854256,-3498647.33782855,1213,2023,1575509,2023/12/01 00:00:00+00,Diciembre,1,Viernes,1899/12/30 00:00:00+00,19:20:00,19,REGION COQUIMBO,COQUIMBO,ATROPELLO,ATROPELLO,URBANA,TRAMO DE VIA RECTA,IMPRUDENCIA DEL PEATON,PEATON CRUZA CALZADA FUERA PASO PEATONES,TALCA, ,- TALCA,1145, , ,UNIDIRECCIONAL,ASFALTO,REGULAR,SECO,DESPEJADO,0,1,0,0,04,041,04102,Coquimbo,Elqui,Coquimbo,Numero,"TALCA 1145, Coquimbo",-29.961853,-71.252487
-8152442.62090904,-4578677.7957341,1214,2023,1517405,2023/03/19 00:00:00+00,Marzo,19,Domingo,1899/12/30 00:00:00+00,20:00:00,20,REGION BIO BIO,CONTULMO,VOLCADURA,VOLCADURA,RURAL,TRAMO DE VIA RECTA,VELOCIDAD IMPRUDENTE,VELOCIDAD NO RAZONABLE NI PRUDENTE, , , ,0,P-60-R,55,BIDIRECCIONAL,ASFALTO,BUENO,SECO,DESPEJADO,1,0,0,0,08,082,08204,Biobío,Arauco,Contulmo,Ruta,P-60-R km 55,-37.994705,-73.234638
-7936318.54076463,-4178885.85903829,1215,2023,1514798,2023/02/21 00:00:00+00,Febrero,21,Martes,1899/12/30 00:00:00+00,09:05:00,9,REGION MAULE,MOLINA,COLISION POR ALCANCE,COLISION,URBANA,TRAMO DE VIA RECTA,IMPRUDENCIA DEL CONDUCTOR,CONDUCCION NO ATENTO CONDICIONES TRANSITO MOMENTO,CALLE DOS, ,- CALLE DOS,2424, , ,BIDIRECCIONAL,ASFALTO,BUENO,SECO,DESPEJADO,0,0,0,0,07,073,07304,Maule,Curicó,Molina,Numero,"CALLE DOS 2424, Molina",-35.110339,-71.293162
-7854132.04327854,-3947430.13592899,1216,2023,1556994,2023/08/29 00:00:00+00,Agosto,29,Martes,1899/12/30 00:00:00+00,18:31:00,18,REGION METROPOLITANA,VITACURA,COLISION,COLISION,URBANA,OTROS NO CONSIDERADOS,IMPRUDENCIA DEL CONDUCTOR,CONDUCCION NO ATENTO CONDICIONES TRANSITO MOMENTO,PDTE KENNEDY, ,- PDTE KENNEDY,7740, , ,BIDIRECCIONAL CON BANDEJON,ASFALTO,BUENO,SECO,DESPEJADO,0,0,0,0,13,131,13132,Metropolitana de Santiago,Santiago,Vitacura,Numero,"PDTE KENNEDY 7740, Vitacura",-33.391838,-70.554869
-12181341.1150245,-3141456.626,1217,2023,1511380,2023/02/21 00:00:00+00,Febrero,21,Martes,1899/12/30 00:00:00+00,09:50:00,9,REGION VALPARAISO,ISLA DE PASCUA,COLISION LATERAL,COLISION,URBANA,OTROS NO CONSIDERADOS,IMPRUDENCIA DEL CONDUCTOR,CONDUCCION NO ATENTO CONDICIONES TRANSITO MOMENTO,PETERO ATAMU, ,- PETERO ATAMU,0, , ,BIDIRECCIONAL,ASFALTO,REGULAR,SECO,DESPEJADO,0,0,1,1,05,052,05201,Valparaíso,Isla de Pascua,Isla de Pascua,Numero,"PETERO ATAMU 0, Isla de Pascua",-27.14386,-109.426849
-7938319.00489094,-4181312.25749965,1218,2023,1517517,2023/03/19 00:00:00+00,Marzo,19,Domingo,1899/12/30 00:00:00+00,21:00:00,21,REGION MAULE,MOLINA,COLISION POR ALCANCE,COLISION,RURAL,TRAMO DE VIA RECTA,IMPRUDENCIA DEL CONDUCTOR,CONDUCCION NO ATENTO CONDICIONES TRANSITO MOMENTO, , , ,0,K-165,"4,1",BIDIRECCIONAL,ASFALTO,BUENO,SECO,DESPEJADO,0,0,1,0,07,073,07304,Maule,Curicó,Molina,Ruta,"K-165 km 4,1",-35.128167,-71.311133
-7856354.36106083,-3948955.92734493,1219,2023,1581828,2023/12/02 00:00:00+00,Diciembre,2,Sábado,1899/12/30 00:00:00+00,08:58:00,8,REGION METROPOLITANA,LAS CONDES,COLISION POR ALCANCE,COLISION,URBANA,TRAMO DE VIA RECTA,IMPRUDENCIA DEL CONDUCTOR,CONDUCCION NO ATENTO CONDICIONES TRANSITO MOMENTO,PDTE RIESCO, ,- PDTE RIESCO,5877, , ,BIDIRECCIONAL,ASFALTO,BUENO,SECO,DESPEJADO,0,1,0,0,13,131,13114,Metropolitana de Santiago,Santiago,Las Condes,Numero,"PDTE RIESCO 5877, Las Condes",-33.403281,-70.574832
-7880576.61314165,-3950947.29677442,1220,2023,1559818,2023/08/29 00:00:00+00,Agosto,29,Martes,1899/12/30 00:00:00+00,19:54:00,19,REGION METROPOLITANA,PUDAHUEL,CHOQUE POSTERIOR/POSTERIOR,CHOQUE,URBANA,TRAMO DE VIA RECTA,IMPRUDENCIA DEL CONDUCTOR,CONDUCCION NO ATENTO CONDICIONES TRANSITO MOMENTO,ARMANDO CORTINEZ, ,- ARMANDO CORTINEZ,0, , ,UNIDIRECCIONAL,CONCRETO,BUENO,SECO,DESPEJADO,0,0,0,0,13,131,13124,Metropolitana de Santiago,Santiago,Pudahuel,Numero,"ARMANDO CORTINEZ 0, Pudahuel",-33.418214,-70.792424
-12181370.0388338,-3143353.65020369,1221,2023,1511374,2023/02/21 00:00:00+00,Febrero,21,Martes,1899/12/30 00:00:00+00,10:25:00,10,REGION VALPARAISO,ISLA DE PASCUA,VOLCADURA,VOLCADURA,URBANA,TRAMO DE VIA RECTA,ALCOHOL EN CONDUCTOR,CONDUCCION EN ESTADO DE EBRIEDAD,PUKU VAI, ,- PUKU VAI,0, , ,BIDIRECCIONAL,RIPIO,REGULAR, ,DESPEJADO,0,0,1,0,05,052,05201,Valparaíso,Isla de Pascua,Isla de Pascua,Numero,"PUKU VAI 0, Isla de Pascua",-27.159023,-109.427109
-7827322.79368016,-3170806.86798933,1222,2023,1585049,2023/12/02 00:00:00+00,Diciembre,2,Sábado,1899/12/30 00:00:00+00,14:50:00,14,REGION ATACAMA,COPIAPO,ATROPELLO,ATROPELLO,URBANA,TRAMO DE VIA RECTA,IMPRUDENCIA DEL CONDUCTOR,NO RESPETAR DERECHO PREFERENTE DE PASO A PEATON,LOS CARRERA, ,- LOS CARRERA,1755, , ,BIDIRECCIONAL CON BANDEJON,ASFALTO,BUENO,SECO,DESPEJADO,0,1,0,0,03,031,03101,Atacama,Copiapó,Copiapó,Numero,"LOS CARRERA 1755, Copiapó",-27.378232,-70.314037
-7902125.22478414,-4061979.23867641,1223,2023,1518101,2023/03/20 00:00:00+00,Marzo,20,Lunes,1899/12/30 00:00:00+00,08:10:00,8,REGION LIB.B.O'HIGGINS,COLTAUCO,COLISION LATERAL,COLISION,RURAL,TRAMO DE VIA RECTA,IMPRUDENCIA DEL CONDUCTOR,CONDUCCION NO ATENTO CONDICIONES TRANSITO MOMENTO, , , ,0,H-30,25,BIDIRECCIONAL,ASFALTO,BUENO,SECO,DESPEJADO,0,0,0,0,06,061,06104,Libertador General Bernardo O'Higgins,Cachapoal,Coltauco,Ruta,H-30 km 25,-34.246723,-70.985999
-8016751.32506353,-4532481.76824679,1224,2023,1555385,2023/08/30 00:00:00+00,Agosto,30,Miércoles,1899/12/30 00:00:00+00,18:30:00,18,REGION BIO BIO,SANTA BARBARA,COLISION POR ALCANCE,COLISION,URBANA,TRAMO DE VIA RECTA,IMPRUDENCIA DEL CONDUCTOR,CONDUCCION SIN MANTENER DISTANCIA RAZONABLE NI PRUDENTE,BAQUEDANO, ,- BAQUEDANO,900, , ,UNIDIRECCIONAL,CONCRETO,BUENO,SECO,DESPEJADO,0,0,0,0,08,083,08311,Biobío,Biobío,Santa Bárbara,Numero,"BAQUEDANO 900, Santa Bárbara",-37.666939,-72.015702
-8077683.90583739,-4452865.96186442,1225,2023,1511743,2023/02/21 00:00:00+00,Febrero,21,Martes,1899/12/30 00:00:00+00,17:05:00,17,REGION BIO BIO,YUMBEL,COLISION,COLISION,URBANA,TRAMO DE VIA RECTA,IMPRUDENCIA DEL CONDUCTOR,NO RESPETAR DERECHO PREFERENTE DE PASO A VEHICULO,GENERAL CRUZ, ,- GENERAL CRUZ,810, , ,UNIDIRECCIONAL,CONCRETO,BUENO,SECO,DESPEJADO,0,1,0,0,08,083,08313,Biobío,Biobío,Yumbel,Numero,"GENERAL CRUZ 810, Yumbel",-37.098648,-72.563069
-7858861.48531866,-3955280.87921755,1226,2023,1511834,2023/02/21 00:00:00+00,Febrero,21,Martes,1899/12/30 00:00:00+00,22:20:00,22,REGION METROPOLITANA,ÑUÑOA,COLISION,COLISION,URBANA,OTROS NO CONSIDERADOS,IMPRUDENCIA DEL CONDUCTOR,CONDUCCION NO ATENTO CONDICIONES TRANSITO MOMENTO,CAMPOAMOR, ,- CAMPOAMOR,3045, , ,BIDIRECCIONAL,CONCRETO,BUENO,SECO,DESPEJADO,0,0,0,0,13,131,13120,Metropolitana de Santiago,Santiago,Ñuñoa,Numero,"CAMPOAMOR 3045, Ñuñoa",-33.450701,-70.597354
-7929395.06099093,-4160760.02589091,1227,2023,1576442,2023/12/02 00:00:00+00,Diciembre,2,Sábado,1899/12/30 00:00:00+00,19:50:00,19,REGION MAULE,CURICO,COLISION LATERAL,COLISION,URBANA,TRAMO DE VIA RECTA,IMPRUDENCIA DEL CONDUCTOR,CONDUCCION NO ATENTO CONDICIONES TRANSITO MOMENTO,ARTURO ALESSANDRI, ,- ARTURO ALESSANDRI,1231, , ,UNIDIRECCIONAL,ASFALTO,BUENO,SECO,DESPEJADO,0,0,0,1,07,073,07301,Maule,Curicó,Curicó,Numero,"ARTURO ALESSANDRI 1231, Curicó",-34.97703,-71.230968
-8214811.11275198,-5147616.84179426,1228,2023,1519405,2023/03/20 00:00:00+00,Marzo,20,Lunes,1899/12/30 00:00:00+00,09:40:00,9,REGION LOS LAGOS,ANCUD,VOLCADURA,VOLCADURA,RURAL,TRAMO DE VIA CURVA VERTICAL,IMPRUDENCIA DEL CONDUCTOR,CONDUCCION NO ATENTO CONDICIONES TRANSITO MOMENTO, , , ,0,RUTA 5 SUR,1110,BIDIRECCIONAL,ASFALTO,REGULAR,SECO,DESPEJADO,0,1,0,0,10,102,10202,Los Lagos,Chiloé,Ancud,Ruta,RUTA 5 SUR km 1110,-41.910732,-73.794904
-7851814.98040897,-3950666.09737466,1229,2023,1563309,2023/08/31 00:00:00+00,Agosto,31,Jueves,1899/12/30 00:00:00+00,09:30:00,9,REGION METROPOLITANA,LAS CONDES,CHOQUE POSTERIOR/FRENTE,CHOQUE,URBANA,TRAMO DE VIA RECTA,IMPRUDENCIA DEL CONDUCTOR,CONDUCCION NO ATENTO CONDICIONES TRANSITO MOMENTO,LAS CONDES, ,- LAS CONDES,9140, , ,BIDIRECCIONAL,ASFALTO,BUENO,SECO,DESPEJADO,0,0,0,0,13,131,13114,Metropolitana de Santiago,Santiago,Las Condes,Numero,"LAS CONDES 9140, Las Condes",-33.416105,-70.534054
-7882877.17267407,-4084089.87108481,1230,2023,1575639,2023/12/02 00:00:00+00,Diciembre,2,Sábado,1899/12/30 00:00:00+00,22:30:00,22,REGION LIB.B.O'HIGGINS,RENGO,COLISION LATERAL,COLISION,URBANA,TRAMO DE VIA RECTA,DESOBEDIENCIA A SEÑALIZACION,SEÑALIZACION DESOBEDECER SEÑAL PARE,LA CHIMBA, ,- LA CHIMBA,520, , ,BIDIRECCIONAL,ASFALTO,BUENO,SECO,DESPEJADO,0,1,0,0,06,061,06115,Libertador General Bernardo O'Higgins,Cachapoal,Rengo,Numero,"LA CHIMBA 520, Rengo",-34.410749,-70.81309
-7932045.92980292,-3486655.41620161,1231,2023,1517947,2023/03/20 00:00:00+00,Marzo,20,Lunes,1899/12/30 00:00:00+00,11:30:00,11,REGION COQUIMBO,LA SERENA,CHOQUE LATERAL,CHOQUE,RURAL,TRAMO DE VIA CURVA HORIZONTAL,DEFICIENCIAS VIALES,ANIMALES SUELTOS VIA PUBLICA, , , ,0,RUTA 5 NORTE,474,BIDIRECCIONAL CON BANDEJON,ASFALTO,BUENO,SECO,DESPEJADO,0,1,0,0,04,041,04101,Coquimbo,Elqui,La Serena,Ruta,RUTA 5 NORTE km 474,-29.868481,-71.254781
-7869374.38025316,-3955906.62487415,1232,2023,1515928,2023/02/22 00:00:00+00,Febrero,22,Miércoles,1899/12/30 00:00:00+00,06:30:00,6,REGION METROPOLITANA,ESTACION CENTRAL,CHOQUE POSTERIOR,CHOQUE,URBANA,OTROS NO CONSIDERADOS,IMPRUDENCIA DEL CONDUCTOR,CONDUCCION NO ATENTO CONDICIONES TRANSITO MOMENTO,TORO MAZOTE, ,- TORO MAZOTE,76, , ,UNIDIRECCIONAL,ASFALTO,BUENO,SECO,DESPEJADO,0,0,0,0,13,131,13106,Metropolitana de Santiago,Santiago,Estación Central,Numero,"TORO MAZOTE 76, Estación Central",-33.455391,-70.691793
-7856816.89756371,-3948701.55418456,1233,2023,1562711,2023/08/31 00:00:00+00,Agosto,31,Jueves,1899/12/30 00:00:00+00,11:30:00,11,REGION METROPOLITANA,LAS CONDES,COLISION,COLISION,URBANA,TRAMO DE VIA RECTA,IMPRUDENCIA DEL CONDUCTOR,CONDUCCION NO ATENTO CONDICIONES TRANSITO MOMENTO,PDTE KENNEDY, ,- PDTE KENNEDY,5413, , ,BIDIRECCIONAL,ASFALTO,BUENO,SECO,NUBLADO,0,0,0,1,13,131,13114,Metropolitana de Santiago,Santiago,Las Condes,Numero,"PDTE KENNEDY 5413, Las Condes",-33.401373,-70.578987
-7882061.04042857,-3971297.1600314,1234,2023,1583224,2023/12/03 00:00:00+00,Diciembre,3,Domingo,1899/12/30 00:00:00+00,04:00:00,4,REGION METROPOLITANA,PADRE HURTADO,OTRO TIPO,OTRO TIPO,URBANA,OTROS NO CONSIDERADOS,IMPRUDENCIA DEL CONDUCTOR,CONDUCCION NO ATENTO CONDICIONES TRANSITO MOMENTO,OLIBETO, ,- OLIBETO,0, , ,UNIDIRECCIONAL,CONCRETO,REGULAR,SECO,DESPEJADO,0,0,0,0,13,136,13604,Metropolitana de Santiago,Talagante,Padre Hurtado,Numero,"OLIBETO 0, Padre Hurtado",-33.570663,-70.805759