X,Y,FID,Año,IdAccident,Fecha,Mes,Dia_mes,Dia_semana,Hora,Hora_texto,Hora_aprox,Región,Comuna,Tipo_Accid,Tipo__CONA,Zona,Ubicación,Causa__CON,Causa_Acci,Calle_Uno,Calle_Dos,Intersecci,Número,Ruta,Ubicaci_1,Calzada,Tipo_Calza,Estado_Cal,Condición,Estado_Atm,Fallecidos,Graves,Menos_Grav,Leves,CUT_REG,CUT_PROV,CUT_COM,REGION,PROVINCIA,COMUNA1,Tipo_direc,Direccion,Lat,Lon
-7865718.6128761,-3965400.57867428,1235,2023,1512057,2023/02/22 00:00:00+00,Febrero,22,Miércoles,1899/12/30 00:00:00+00,22:30:00,22,REGION METROPOLITANA,LA CISTERNA,COLISION POR ALCANCE,COLISION,URBANA,TRAMO DE VIA RECTA,IMPRUDENCIA DEL CONDUCTOR,CONDUCCION CAMBIAR SORPRESIVAMENTE PISTA CIRCULACION,EL PARRON, ,- EL PARRON,244, , ,BIDIRECCIONAL,CONCRETO,BUENO,SECO,DESPEJADO,0,0,0,0,13,131,13109,Metropolitana de Santiago,Santiago,La Cisterna,Numero,"EL PARRON 244, La Cisterna",-33.526517,-70.658953
-8082626.0556911,-4497149.25005566,1236,2023,1517685,2023/03/20 00:00:00+00,Marzo,20,Lunes,1899/12/30 00:00:00+00,17:45:00,17,REGION BIO BIO,LOS ANGELES,COLISION FRONTAL,COLISION,RURAL,TRAMO DE VIA RECTA,IMPRUDENCIA DEL CONDUCTOR,CONDUCCION NO ATENTO CONDICIONES TRANSITO MOMENTO, , , ,0,Q-34,17,BIDIRECCIONAL,ASFALTO,REGULAR,SECO,DESPEJADO,0,0,0,0,08,083,08301,Biobío,Biobío,Los Angeles,Ruta,Q-34 km 17,-37.41527,-72.607465
-7929581.1499877,-4162198.18130929,1237,2023,1576449,2023/12/03 00:00:00+00,Diciembre,3,Domingo,1899/12/30 00:00:00+00,08:55:00,8,REGION MAULE,CURICO,COLISION POR ALCANCE,COLISION,URBANA,TRAMO DE VIA RECTA,IMPRUDENCIA DEL CONDUCTOR,CONDUCCION NO ATENTO CONDICIONES TRANSITO MOMENTO,FRANCISCO BILBAO, ,- FRANCISCO BILBAO,52, , ,BIDIRECCIONAL,CONCRETO,BUENO,SECO,DESPEJADO,0,0,0,0,07,073,07301,Maule,Curicó,Curicó,Numero,"FRANCISCO BILBAO 52, Curicó",-34.987615,-71.232639
-7870082.7000505,-3962874.69423025,1238,2023,1557246,2023/08/31 00:00:00+00,Agosto,31,Jueves,1899/12/30 00:00:00+00,14:45:00,14,REGION METROPOLITANA,PEDRO AGUIRRE CERDA,COLISION POR ALCANCE,COLISION,URBANA,TRAMO DE VIA RECTA,FALLAS MECANICAS,FALLAS MECANICAS FRENOS,GRAL VELASQUEZ, ,- GRAL VELASQUEZ,26, , ,UNIDIRECCIONAL,ASFALTO,BUENO,SECO,DESPEJADO,1,0,0,0,13,131,13121,Metropolitana de Santiago,Santiago,Pedro Aguirre Cerda,Numero,"GRAL VELASQUEZ 26, Pedro Aguirre Cerda",-33.507599,-70.698156
-7898811.50430913,-3956301.70833707,1239,2023,1577054,2023/12/03 00:00:00+00,Diciembre,3,Domingo,1899/12/30 00:00:00+00,14:00:00,14,REGION METROPOLITANA,CURACAVI,COLISION LATERAL,COLISION,RURAL,TUNEL,VELOCIDAD IMPRUDENTE,VELOCIDAD NO RAZONABLE NI PRUDENTE, , , ,0,RUTA 68,"23,8",UNIDIRECCIONAL,ASFALTO,BUENO,SECO,DESPEJADO,0,1,0,0,13,135,13503,Metropolitana de Santiago,Melipilla,Curacaví,Numero,"RUTA 68 km 23,8",-33.458352,-70.956231
-7851099.93797192,-3977665.46784121,1240,2023,1513854,2023/02/23 00:00:00+00,Febrero,23,Jueves,1899/12/30 00:00:00+00,11:45:00,11,REGION METROPOLITANA,SAN JOSE DE MAIPO,VOLCADURA,VOLCADURA,RURAL,TRAMO DE VIA RECTA,VELOCIDAD IMPRUDENTE,VELOCIDAD NO RAZONABLE NI PRUDENTE, , , ,0,G-421,"4,8",BIDIRECCIONAL,ASFALTO,REGULAR,SECO,DESPEJADO,0,0,1,0,13,132,13203,Metropolitana de Santiago,Cordillera,San José de Maipo,Numero,"G-421 km 4,8",-33.618315,-70.527631
-7872387.66064352,-4041656.29198964,1241,2023,1519785,2023/03/20 00:00:00+00,Marzo,20,Lunes,1899/12/30 00:00:00+00,19:15:00,19,REGION LIB.B.O'HIGGINS,GRANEROS,VOLCADURA,VOLCADURA,RURAL,TRAMO DE VIA RECTA,VELOCIDAD IMPRUDENTE,VELOCIDAD NO RAZONABLE NI PRUDENTE, , , ,0,RUTA TRAVESIA,76,BIDIRECCIONAL CON BANDEJON,ASFALTO,BUENO,SECO,DESPEJADO,0,1,0,0,06,061,06106,Libertador General Bernardo O'Higgins,Cachapoal,Graneros,Ruta,RUTA TRAVESIA km 76,-34.095677,-70.718862
-7927776.21168968,-3973221.93952378,1242,2023,1557021,2023/08/31 00:00:00+00,Agosto,31,Jueves,1899/12/30 00:00:00+00,18:30:00,18,REGION METROPOLITANA,MELIPILLA,COLISION LATERAL,COLISION,RURAL,TRAMO DE VIA RECTA,IMPRUDENCIA DEL CONDUCTOR,CONDUCCION SIN MANTENER DISTANCIA RAZONABLE NI PRUDENTE, , , ,0,G-74-F,12,BIDIRECCIONAL,ASFALTO,BUENO,SECO,NUBLADO,0,0,0,2,13,135,13501,Metropolitana de Santiago,Melipilla,Melipilla,Numero,G-74-F km 12,-33.585068,-71.216425
-8088218.82716991,-4509362.72069838,1243,2023,1576455,2023/12/03 00:00:00+00,Diciembre,3,Domingo,1899/12/30 00:00:00+00,15:00:00,15,REGION BIO BIO,NACIMIENTO,VOLCADURA,VOLCADURA,RURAL,TRAMO DE VIA RECTA,VELOCIDAD IMPRUDENTE,"VELOCIDAD NO REDUCIR CRUCE DE CALLES, CUMBRE, CURVA, ETC.",CAMINO VECINAL CARRIZAL MAIPO, ,- CAMINO VECINAL CARRIZAL MAIPO,1, , ,BIDIRECCIONAL,RIPIO,REGULAR, ,DESPEJADO,0,1,0,0,08,083,08306,Biobío,Biobío,Nacimiento,Numero,"CAMINO VECINAL CARRIZAL MAIPO 1, Nacimiento",-37.502361,-72.657706
-7966120.48195751,-3899996.30364172,1244,2023,1576778,2023/12/03 00:00:00+00,Diciembre,3,Domingo,1899/12/30 00:00:00+00,16:15:00,16,REGION VALPARAISO,VIÑA DEL MAR,ATROPELLO,ATROPELLO,URBANA,TRAMO DE VIA RECTA,ALCOHOL EN CONDUCTOR,CONDUCCION BAJO LA INFLUENCIA DEL ALCOHOL,LAS BRISAS, ,- LAS BRISAS,33, , ,BIDIRECCIONAL,CONCRETO,BUENO,SECO,DESPEJADO,0,0,0,2,05,051,05109,Valparaíso,Valparaíso,Viña del Mar,Numero,"LAS BRISAS 33, Viña del Mar",-33.035345,-71.560878
-7870845.19859874,-3957117.64771045,1245,2023,1514674,2023/02/23 00:00:00+00,Febrero,23,Jueves,1899/12/30 00:00:00+00,14:30:00,14,REGION METROPOLITANA,ESTACION CENTRAL,COLISION LATERAL,COLISION,URBANA,TRAMO DE VIA RECTA,IMPRUDENCIA DEL CONDUCTOR,CONDUCCION SIN MANTENER DISTANCIA RAZONABLE NI PRUDENTE,LIBER BERNARDO O'HIGGINS, ,- LIBER BERNARDO O'HIGGINS,4860, , ,BIDIRECCIONAL CON BANDEJON,ASFALTO,BUENO,SECO,DESPEJADO,0,0,0,0,13,131,13106,Metropolitana de Santiago,Santiago,Estación Central,Numero,"LIBER BERNARDO O'HIGGINS 4860, Estación Central",-33.464466,-70.705005
-8055193.40577894,-4504708.88147235,1246,2023,1555443,2023/08/31 00:00:00+00,Agosto,31,Jueves,1899/12/30 00:00:00+00,19:30:00,19,REGION BIO BIO,LOS ANGELES,COLISION FRONTAL,COLISION,URBANA,TRAMO DE VIA RECTA,IMPRUDENCIA DEL CONDUCTOR,CONDUCCION NO ATENTO CONDICIONES TRANSITO MOMENTO,MONTE PERDIDO, ,- MONTE PERDIDO,1500, , ,UNIDIRECCIONAL,CONCRETO,BUENO,SECO,DESPEJADO,0,0,0,1,08,083,08301,Biobío,Biobío,Los Angeles,Numero,"MONTE PERDIDO 1500, Los Angeles",-37.469188,-72.361034
-7811680.2693255,-4004142.70520553,1247,2023,1575298,2023/12/03 00:00:00+00,Diciembre,3,Domingo,1899/12/30 00:00:00+00,17:10:00,17,REGION METROPOLITANA,SAN JOSE DE MAIPO,CHOQUE FRONTAL,CHOQUE,RURAL,TRAMO DE VIA CURVA HORIZONTAL,VELOCIDAD IMPRUDENTE,"VELOCIDAD NO REDUCIR CRUCE DE CALLES, CUMBRE, CURVA, ETC.", , , ,0,G-25,"64,7",BIDIRECCIONAL,ASFALTO,BUENO,SECO,DESPEJADO,1,0,0,0,13,132,13203,Metropolitana de Santiago,Cordillera,San José de Maipo,Numero,"G-25 km 64,7",-33.816155,-70.173518
-7969260.37737047,-4225601.46811439,1248,2023,1519844,2023/03/21 00:00:00+00,Marzo,21,Martes,1899/12/30 00:00:00+00,08:10:00,8,REGION MAULE,MAULE,COLISION LATERAL,COLISION,RURAL,TRAMO DE VIA RECTA,IMPRUDENCIA DEL CONDUCTOR,VIRAJES INDEBIDOS, , , ,0,115 CH,5,BIDIRECCIONAL,ASFALTO,BUENO,SECO,DESPEJADO,0,0,0,2,07,071,07105,Maule,Talca,Maule,Ruta,115 CH km 5,-35.45291,-71.589084
-7863721.68207495,-3960107.19508274,1249,2023,1512134,2023/02/23 00:00:00+00,Febrero,23,Jueves,1899/12/30 00:00:00+00,17:30:00,17,REGION METROPOLITANA,SAN MIGUEL,COLISION LATERAL,COLISION,URBANA,TRAMO DE VIA RECTA,IMPRUDENCIA DEL CONDUCTOR,CONDUCCION NO ATENTO CONDICIONES TRANSITO MOMENTO,STA ROSA, ,- STA ROSA,3453, , ,BIDIRECCIONAL,ASFALTO,BUENO,SECO,DESPEJADO,0,0,0,1,13,131,13130,Metropolitana de Santiago,Santiago,San Miguel,Numero,"STA ROSA 3453, San Miguel",-33.486867,-70.641014
-7876933.58072547,-3323162.62544505,1250,2023,1559146,2023/09/01 00:00:00+00,Septiembre,1,Viernes,1899/12/30 00:00:00+00,13:05:00,13,REGION ATACAMA,VALLENAR,COLISION LATERAL,COLISION,URBANA,TRAMO DE VIA RECTA,IMPRUDENCIA DEL CONDUCTOR,CONDUCCION CAMBIAR SORPRESIVAMENTE PISTA CIRCULACION,COMPAÑIA, ,- COMPAÑIA,1208, , ,UNIDIRECCIONAL,ASFALTO,BUENO,SECO,DESPEJADO,0,0,0,1,03,033,03301,Atacama,Huasco,Vallenar,Numero,"COMPAÑIA 1208, Vallenar",-28.586826,-70.759698
-7923047.92300854,-4154912.82384356,1251,2023,1518276,2023/03/21 00:00:00+00,Marzo,21,Martes,1899/12/30 00:00:00+00,18:00:00,18,REGION MAULE,CURICO,COLISION LATERAL,COLISION,RURAL,TRAMO DE VIA CURVA HORIZONTAL,IMPRUDENCIA DEL CONDUCTOR,NO RESPETAR DERECHO PREFERENTE DE PASO A VEHICULO, , , ,0,RUTA 5 SUR,183,BIDIRECCIONAL,ASFALTO,BUENO,SECO,DESPEJADO,0,0,0,1,07,073,07301,Maule,Curicó,Curicó,Ruta,RUTA 5 SUR km 183,-34.933979,-71.17395
-8148657.12376776,-4843506.43408907,1252,2023,1577227,2023/12/03 00:00:00+00,Diciembre,3,Domingo,1899/12/30 00:00:00+00,23:40:00,23,REGION DE LOS RIOS,VALDIVIA,VOLCADURA,VOLCADURA,URBANA,TRAMO DE VIA RECTA,IMPRUDENCIA DEL CONDUCTOR,CONDUCCION NO ATENTO CONDICIONES TRANSITO MOMENTO,RAMON PICARTE, ,- RAMON PICARTE,3798, , ,BIDIRECCIONAL CON BANDEJON,ASFALTO,BUENO,SECO,DESPEJADO,0,0,0,1,14,141,14101,Los Ríos,Valdivia,Valdivia,Numero,"RAMON PICARTE 3798, Valdivia",-39.845433,-73.200632
-7873842.26616243,-3861315.71528377,1253,2023,1513015,2023/02/23 00:00:00+00,Febrero,23,Jueves,1899/12/30 00:00:00+00,20:00:00,20,REGION VALPARAISO,SAN FELIPE,COLISION,COLISION,URBANA,TRAMO DE VIA RECTA,IMPRUDENCIA DEL CONDUCTOR,VIRAJES INDEBIDOS,HERMANOS CARRERA, ,- HERMANOS CARRERA,50, , ,BIDIRECCIONAL,CONCRETO,BUENO,SECO,DESPEJADO,0,1,0,0,05,057,05701,Valparaíso,San Felipe de Aconcagua,San Felipe,Numero,"HERMANOS CARRERA 50, San Felipe",-32.743565,-70.731929
-7860716.66706773,-3950897.97815242,1254,2023,1556982,2023/09/01 00:00:00+00,Septiembre,1,Viernes,1899/12/30 00:00:00+00,18:19:00,18,REGION METROPOLITANA,PROVIDENCIA,COLISION,COLISION,URBANA,TRAMO DE VIA RECTA,IMPRUDENCIA DEL CONDUCTOR,ADELANTAMIENTO SIN EL ESPACIO O TIEMPO SUFICIENTE,LOS CONQUISTADORES, ,- LOS CONQUISTADORES,480, , ,BIDIRECCIONAL CON BANDEJON,ASFALTO,BUENO,SECO,DESPEJADO,0,1,0,1,13,131,13123,Metropolitana de Santiago,Santiago,Providencia,Numero,"LOS CONQUISTADORES 480, Providencia",-33.417844,-70.614019
-7619687.01756975,-2488908.7596735,1255,2023,1518584,2023/03/22 00:00:00+00,Marzo,22,Miércoles,1899/12/30 00:00:00+00,04:30:00,4,REGION ANTOFAGASTA,CALAMA,COLISION,COLISION,RURAL,TRAMO DE VIA RECTA,ALCOHOL EN CONDUCTOR,CONDUCCION EN ESTADO DE EBRIEDAD, , , ,0,21 CH,100,BIDIRECCIONAL,ASFALTO,BUENO,SECO,DESPEJADO,0,1,0,1,02,022,02201,Antofagasta,El Loa,Calama,Ruta,21 CH km 100,-21.811502,-68.448813
-8016073.48945196,-4454863.6499848,1256,2023,1577576,2023/12/04 00:00:00+00,Diciembre,4,Lunes,1899/12/30 00:00:00+00,08:30:00,8,REGION ÑUBLE,YUNGAY,COLISION FRONTAL,COLISION,URBANA,CRUCE CON SEÑAL PARE,IMPRUDENCIA DEL CONDUCTOR,CONDUCCION NO ATENTO CONDICIONES TRANSITO MOMENTO,BAQUEDANO, ,- BAQUEDANO,1, , ,BIDIRECCIONAL,RIPIO,REGULAR, ,DESPEJADO,0,0,0,1,16,161,16109,Ñuble,Diguillín,Yungay,Numero,"BAQUEDANO 1, Yungay",-37.11296,-72.009613
-7978373.54137282,-4224373.5842546,1257,2023,1512845,2023/02/23 00:00:00+00,Febrero,23,Jueves,1899/12/30 00:00:00+00,21:30:00,21,REGION MAULE,TALCA,ATROPELLO,ATROPELLO,URBANA,TRAMO DE VIA RECTA,IMPRUDENCIA DEL PEATON,PEATON CRUZA CALZADA FORMA SORPRESIVA O DESCUIDADA,18 SUR, ,- 18 SUR,685, , ,UNIDIRECCIONAL,CONCRETO,BUENO,SECO,DESPEJADO,0,0,0,1,07,071,07101,Maule,Talca,Talca,Numero,"18 SUR 685, Talca",-35.443925,-71.670949
-8024692.00536376,-4382592.06381784,1258,2023,1576171,2023/12/04 00:00:00+00,Diciembre,4,Lunes,1899/12/30 00:00:00+00,13:50:00,13,REGION ÑUBLE,CHILLAN,CHOQUE FRENTE/POSTERIOR,CHOQUE,URBANA,TRAMO DE VIA RECTA,IMPRUDENCIA DEL CONDUCTOR,CONDUCCION SIN MANTENER DISTANCIA RAZONABLE NI PRUDENTE,VICENTE MENDEZ, ,- VICENTE MENDEZ,751, , ,BIDIRECCIONAL,CONCRETO,BUENO,SECO,DESPEJADO,0,0,0,0,16,161,16101,Ñuble,Diguillín,Chillán,Numero,"VICENTE MENDEZ 751, Chillán",-36.593469,-72.087035
-7907297.35352572,-4064329.46371244,1259,2023,1518446,2023/03/22 00:00:00+00,Marzo,22,Miércoles,1899/12/30 00:00:00+00,08:30:00,8,REGION LIB.B.O'HIGGINS,COLTAUCO,VOLCADURA,VOLCADURA,RURAL,TRAMO DE VIA RECTA,VELOCIDAD IMPRUDENTE,VELOCIDAD NO RAZONABLE NI PRUDENTE, , , ,0,H-30,30,BIDIRECCIONAL,ASFALTO,BUENO,SECO,DESPEJADO,0,0,0,1,06,061,06104,Libertador General Bernardo O'Higgins,Cachapoal,Coltauco,Ruta,H-30 km 30,-34.264173,-71.032461
-7853251.53457076,-3959698.39153266,1260,2023,1557117,2023/09/01 00:00:00+00,Septiembre,1,Viernes,1899/12/30 00:00:00+00,20:33:00,20,REGION METROPOLITANA,PEÑALOLEN,COLISION LATERAL,COLISION,URBANA,TRAMO DE VIA RECTA,IMPRUDENCIA DEL CONDUCTOR,ADELANTAMIENTO SIN EL ESPACIO O TIEMPO SUFICIENTE,CONSISTORIAL, ,- CONSISTORIAL,2591, , ,BIDIRECCIONAL,CONCRETO,BUENO,SECO,NUBLADO,0,0,0,0,13,131,13122,Metropolitana de Santiago,Santiago,Peñalolén,Numero,"CONSISTORIAL 2591, Peñalolén",-33.483804,-70.546959
-7946384.22922596,-3901464.25361193,1261,2023,1576816,2023/12/04 00:00:00+00,Diciembre,4,Lunes,1899/12/30 00:00:00+00,15:20:00,15,REGION VALPARAISO,VILLA ALEMANA,VOLCADURA,VOLCADURA,URBANA,TRAMO DE VIA RECTA,IMPRUDENCIA DEL CONDUCTOR,CONDUCCION NO ATENTO CONDICIONES TRANSITO MOMENTO,HUANHUALI, ,- HUANHUALI,179, , ,BIDIRECCIONAL,CONCRETO,REGULAR,OTROS,DESPEJADO,0,0,0,1,05,058,05804,Valparaíso,Marga Marga,Villa Alemana,Numero,"HUANHUALI 179, Villa Alemana",-33.046399,-71.383584
-7972522.29444101,-4278883.69869695,1262,2023,1512174,2023/02/24 00:00:00+00,Febrero,24,Viernes,1899/12/30 00:00:00+00,08:30:00,8,REGION MAULE,LINARES,VOLCADURA,VOLCADURA,URBANA,TRAMO DE VIA RECTA,DEFICIENCIAS VIALES,ANIMALES SUELTOS VIA PUBLICA,CAMINO REAL, ,- CAMINO REAL,1, , ,BIDIRECCIONAL,MIXTO,BUENO,SECO,DESPEJADO,0,0,1,1,07,074,07401,Maule,Linares,Linares,Numero,"CAMINO REAL 1, Linares",-35.841863,-71.618386
-8031384.13695305,-4413058.58374007,1263,2023,1518191,2023/03/22 00:00:00+00,Marzo,22,Miércoles,1899/12/30 00:00:00+00,14:56:00,14,REGION ÑUBLE,BULNES,COLISION,COLISION,RURAL,TRAMO DE VIA RECTA,IMPRUDENCIA DEL CONDUCTOR,CONDUCCION NO ATENTO CONDICIONES TRANSITO MOMENTO, , , ,0,N-69,15,BIDIRECCIONAL,ASFALTO,BUENO,SECO,DESPEJADO,0,0,1,1,16,161,16102,Ñuble,Diguillín,Bulnes,Ruta,N-69 km 15,-36.812894,-72.147151
-7871026.15533284,-3944496.89481028,1264,2023,1556358,2023/09/01 00:00:00+00,Septiembre,1,Viernes,1899/12/30 00:00:00+00,20:40:00,20,REGION METROPOLITANA,QUILICURA,COLISION LATERAL,COLISION,URBANA,TRAMO DE VIA RECTA,IMPRUDENCIA DEL CONDUCTOR,CONDUCCION CAMBIAR SORPRESIVAMENTE PISTA CIRCULACION,AMERICO VESPUCIO, ,- AMERICO VESPUCIO,1842, , ,UNIDIRECCIONAL,ASFALTO,BUENO,SECO,NUBLADO,0,0,0,0,13,131,13125,Metropolitana de Santiago,Santiago,Quilicura,Numero,"AMERICO VESPUCIO 1842, Quilicura",-33.369835,-70.706631
-7887882.60751359,-4083290.31517051,1265,2023,1575802,2023/12/04 00:00:00+00,Diciembre,4,Lunes,1899/12/30 00:00:00+00,16:00:00,16,REGION LIB.B.O'HIGGINS,RENGO,COLISION LATERAL,COLISION,URBANA,TRAMO DE VIA RECTA,IMPRUDENCIA DEL CONDUCTOR,CONDUCCION CAMBIAR SORPRESIVAMENTE PISTA CIRCULACION,ARTURO PRAT, ,- ARTURO PRAT,495, , ,BIDIRECCIONAL,ASFALTO,BUENO,SECO,DESPEJADO,0,0,0,0,06,061,06115,Libertador General Bernardo O'Higgins,Cachapoal,Rengo,Numero,"ARTURO PRAT 495, Rengo",-34.404823,-70.858055
-7865049.13571075,-3953528.79076279,1266,2023,1513069,2023/02/24 00:00:00+00,Febrero,24,Viernes,1899/12/30 00:00:00+00,08:35:00,8,REGION METROPOLITANA,SANTIAGO,VOLCADURA,VOLCADURA,URBANA,CRUCE CON SEMAFORO FUNCIONANDO,VELOCIDAD IMPRUDENTE,VELOCIDAD NO RAZONABLE NI PRUDENTE,CATEDRAL, ,- CATEDRAL,1115, , ,UNIDIRECCIONAL,ASFALTO,BUENO,SECO,DESPEJADO,0,0,0,1,13,131,13101,Metropolitana de Santiago,Santiago,Santiago,Numero,"CATEDRAL 1115, Santiago",-33.437567,-70.652938
-7837270.44227078,-3162870.9714989,1267,2023,1519706,2023/03/22 00:00:00+00,Marzo,22,Miércoles,1899/12/30 00:00:00+00,17:50:00,17,REGION ATACAMA,COPIAPO,COLISION LATERAL,COLISION,RURAL,CRUCE SIN SEÑALIZACION,IMPRUDENCIA DEL CONDUCTOR,CONDUCCION NO ATENTO CONDICIONES TRANSITO MOMENTO, , , ,0,C-327,"0,1",UNIDIRECCIONAL,ASFALTO,BUENO,SECO,DESPEJADO,0,0,0,1,03,031,03101,Atacama,Copiapó,Copiapó,Ruta,"C-327 km 0,1",-27.31491,-70.403398
-7969190.9320865,-4235192.106443,1268,2023,1519024,2023/03/22 00:00:00+00,Marzo,22,Miércoles,1899/12/30 00:00:00+00,21:30:00,21,REGION MAULE,TENO,VOLCADURA,VOLCADURA,RURAL,TRAMO DE VIA RECTA,VELOCIDAD IMPRUDENTE,VELOCIDAD NO RAZONABLE NI PRUDENTE, , , ,0,J-111,6,BIDIRECCIONAL,ASFALTO,BUENO,SECO,DESPEJADO,0,1,0,0,07,073,07308,Maule,Curicó,Teno,Ruta,J-111 km 6,-35.52306,-71.58846
-7877713.06012694,-3965226.30720701,1269,2023,1557783,2023/09/01 00:00:00+00,Septiembre,1,Viernes,1899/12/30 00:00:00+00,20:40:00,20,REGION METROPOLITANA,MAIPU,VOLCADURA,VOLCADURA,URBANA,TRAMO DE VIA RECTA,IMPRUDENCIA DEL CONDUCTOR,CONDUCCION NO ATENTO CONDICIONES TRANSITO MOMENTO,NVA SAN MARTIN, ,- NVA SAN MARTIN,744, , ,BIDIRECCIONAL,ASFALTO,BUENO,SECO,DESPEJADO,0,0,0,0,13,131,13119,Metropolitana de Santiago,Santiago,Maipú,Numero,"NVA SAN MARTIN 744, Maipú",-33.525211,-70.7667
-7865348.17117719,-3958201.33942518,1270,2023,1582818,2023/12/05 00:00:00+00,Diciembre,5,Martes,1899/12/30 00:00:00+00,10:50:00,10,REGION METROPOLITANA,SANTIAGO,COLISION LATERAL,COLISION,RURAL,TRAMO DE VIA RECTA,IMPRUDENCIA DEL CONDUCTOR,CONDUCCION NO ATENTO CONDICIONES TRANSITO MOMENTO, , , ,0,RUTA 5 SUR,3,BIDIRECCIONAL CON BANDEJON,ASFALTO,REGULAR,SECO,DESPEJADO,0,1,0,0,13,131,13101,Metropolitana de Santiago,Santiago,Santiago,Numero,RUTA 5 SUR km 3,-33.472587,-70.655625
-7926053.14109591,-3868714.72645358,1271,2023,1511980,2023/02/24 00:00:00+00,Febrero,24,Viernes,1899/12/30 00:00:00+00,14:45:00,14,REGION VALPARAISO,CALERA,COLISION LATERAL,COLISION,URBANA,TRAMO DE VIA RECTA,IMPRUDENCIA DEL CONDUCTOR,VIRAJES INDEBIDOS,CENTENARIO, ,- CENTENARIO,198, , ,UNIDIRECCIONAL,ASFALTO,REGULAR,SECO,DESPEJADO,0,0,0,1,05,055,05502,Valparaíso,Quillota,Calera,Numero,"CENTENARIO 198, Calera",-32.799452,-71.200947
-7967570.6163402,-4253795.58269168,1272,2023,1520086,2023/03/22 00:00:00+00,Marzo,22,Miércoles,1899/12/30 00:00:00+00,22:00:00,22,REGION MAULE,YERBAS BUENAS,COLISION POR ALCANCE,COLISION,RURAL,TRAMO DE VIA RECTA,IMPRUDENCIA DEL CONDUCTOR,CONDUCCION NO ATENTO CONDICIONES TRANSITO MOMENTO, , , ,0,L-25,8,BIDIRECCIONAL,ASFALTO,BUENO,SECO,DESPEJADO,0,1,0,1,07,074,07408,Maule,Linares,Yerbas Buenas,Ruta,L-25 km 8,-35.658959,-71.573905
-7932524.6609206,-3491580.66197259,1273,2023,1576387,2023/12/05 00:00:00+00,Diciembre,5,Martes,1899/12/30 00:00:00+00,16:05:00,16,REGION COQUIMBO,LA SERENA,VOLCADURA,VOLCADURA,URBANA,TRAMO DE VIA RECTA,IMPRUDENCIA DEL CONDUCTOR,CONDUCCION NO ATENTO CONDICIONES TRANSITO MOMENTO,LIBERTAD, ,- LIBERTAD,865, , ,BIDIRECCIONAL CON BANDEJON,CONCRETO,MALO,SECO,DESPEJADO,0,0,0,1,04,041,04101,Coquimbo,Elqui,La Serena,Numero,"LIBERTAD 865, La Serena",-29.90684,-71.259081
-7964844.66602711,-3898332.37274078,1274,2023,1557559,2023/09/01 00:00:00+00,Septiembre,1,Viernes,1899/12/30 00:00:00+00,20:50:00,20,REGION VALPARAISO,VIÑA DEL MAR,CHOQUE FRONTAL,CHOQUE,URBANA,TRAMO DE VIA RECTA,VELOCIDAD IMPRUDENTE,VELOCIDAD NO RAZONABLE NI PRUDENTE,1 NORTE, ,- 1 NORTE,869, , ,BIDIRECCIONAL,CONCRETO,BUENO,SECO,DESPEJADO,0,2,0,0,05,051,05109,Valparaíso,Valparaíso,Viña del Mar,Numero,"1 NORTE 869, Viña del Mar",-33.022813,-71.549417
-7867924.32255846,-3922934.53659348,1275,2023,1513885,2023/02/24 00:00:00+00,Febrero,24,Viernes,1899/12/30 00:00:00+00,15:45:00,15,REGION METROPOLITANA,COLINA,COLISION LATERAL,COLISION,URBANA,TRAMO DE VIA RECTA,IMPRUDENCIA DEL CONDUCTOR,CONDUCCION NO ATENTO CONDICIONES TRANSITO MOMENTO,GRAL SAN MARTIN, ,- GRAL SAN MARTIN,2530, , ,BIDIRECCIONAL,ASFALTO,BUENO,SECO,DESPEJADO,0,0,0,0,13,133,13301,Metropolitana de Santiago,Chacabuco,Colina,Numero,"GRAL SAN MARTIN 2530, Colina",-33.20792,-70.678767
-7872387.66064352,-4041656.29198964,1276,2023,1519801,2023/03/23 00:00:00+00,Marzo,23,Jueves,1899/12/30 00:00:00+00,00:00:00,0,REGION LIB.B.O'HIGGINS,GRANEROS,VOLCADURA,VOLCADURA,RURAL,TRAMO DE VIA RECTA,VELOCIDAD IMPRUDENTE,VELOCIDAD NO RAZONABLE NI PRUDENTE, , , ,0,RUTA 5 SUR,76,BIDIRECCIONAL CON BANDEJON,ASFALTO,BUENO,SECO,DESPEJADO,0,1,0,0,06,061,06106,Libertador General Bernardo O'Higgins,Cachapoal,Graneros,Ruta,RUTA 5 SUR km 76,-34.095677,-70.718862
-7864853.25796815,-3952944.10157713,1277,2023,1577491,2023/12/05 00:00:00+00,Diciembre,5,Martes,1899/12/30 00:00:00+00,16:15:00,16,REGION METROPOLITANA,SANTIAGO,VOLCADURA,VOLCADURA,URBANA,TRAMO DE VIA RECTA,IMPRUDENCIA DEL PASAJERO,PASAJERO SUBE O DESCIENDE DE VEHICULO MOVIMIENTO,ISMAEL VALDES VERGARA, ,- ISMAEL VALDES VERGARA,984, , ,UNIDIRECCIONAL,ASFALTO,BUENO,SECO,DESPEJADO,0,0,0,0,13,131,13101,Metropolitana de Santiago,Santiago,Santiago,Numero,"ISMAEL VALDES VERGARA 984, Santiago",-33.433184,-70.651179
-7831583.53118253,-3980566.142126,1278,2023,1513919,2023/02/24 00:00:00+00,Febrero,24,Viernes,1899/12/30 00:00:00+00,17:40:00,17,REGION METROPOLITANA,SAN JOSE DE MAIPO,COLISION POR ALCANCE,COLISION,URBANA,TRAMO DE VIA RECTA,IMPRUDENCIA DEL CONDUCTOR,CONDUCCION SIN MANTENER DISTANCIA RAZONABLE NI PRUDENTE,COMERCIO, ,- COMERCIO,35, , ,BIDIRECCIONAL,ASFALTO,BUENO,SECO,DESPEJADO,0,1,0,1,13,132,13203,Metropolitana de Santiago,Cordillera,San José de Maipo,Numero,"COMERCIO 35, San José de Maipo",-33.640011,-70.352312