X,Y,FID,Año,IdAccident,Fecha,Mes,Dia_mes,Dia_semana,Hora,Hora_texto,Hora_aprox,Región,Comuna,Tipo_Accid,Tipo__CONA,Zona,Ubicación,Causa__CON,Causa_Acci,Calle_Uno,Calle_Dos,Intersecci,Número,Ruta,Ubicaci_1,Calzada,Tipo_Calza,Estado_Cal,Condición,Estado_Atm,Fallecidos,Graves,Menos_Grav,Leves,CUT_REG,CUT_PROV,CUT_COM,REGION,PROVINCIA,COMUNA1,Tipo_direc,Direccion,Lat,Lon
-7877713.06012694,-3965226.30720701,1279,2023,1557788,2023/09/01 00:00:00+00,Septiembre,1,Viernes,1899/12/30 00:00:00+00,21:20:00,21,REGION METROPOLITANA,MAIPU,VOLCADURA,VOLCADURA,URBANA,TRAMO DE VIA RECTA,IMPRUDENCIA DEL CONDUCTOR,VIRAJES INDEBIDOS,NVA SAN MARTIN, ,- NVA SAN MARTIN,744, , ,BIDIRECCIONAL,ASFALTO,BUENO,SECO,DESPEJADO,0,1,0,0,13,131,13119,Metropolitana de Santiago,Santiago,Maipú,Numero,"NVA SAN MARTIN 744, Maipú",-33.525211,-70.7667
-8180372.37069014,-5176908.80876549,1280,2023,1518890,2023/03/23 00:00:00+00,Marzo,23,Jueves,1899/12/30 00:00:00+00,20:50:00,20,REGION LOS LAGOS,DALCAHUE,COLISION POR ALCANCE,COLISION,RURAL,TRAMO DE VIA RECTA,IMPRUDENCIA DEL CONDUCTOR,CONDUCCION NO ATENTO CONDICIONES TRANSITO MOMENTO, , , ,0,W-195,43,BIDIRECCIONAL,CONCRETO,REGULAR,SECO,DESPEJADO,0,1,0,0,10,102,10205,Los Lagos,Chiloé,Dalcahue,Ruta,W-195 km 43,-42.106252,-73.485535
-7856687.42897728,-3975543.80591241,1281,2023,1576496,2023/12/05 00:00:00+00,Diciembre,5,Martes,1899/12/30 00:00:00+00,20:40:00,20,REGION METROPOLITANA,PUENTE ALTO,VOLCADURA,VOLCADURA,URBANA,TRAMO DE VIA RECTA,FALLAS MECANICAS,FALLAS MECANICAS FRENOS,CONCHA Y TORO, ,- CONCHA Y TORO,950, , ,BIDIRECCIONAL CON BANDEJON,ASFALTO,BUENO,SECO,DESPEJADO,0,0,0,1,13,132,13201,Metropolitana de Santiago,Cordillera,Puente Alto,Numero,"CONCHA Y TORO 950, Puente Alto",-33.602442,-70.577824
-7876714.80724641,-3966027.47776768,1282,2023,1562950,2023/09/01 00:00:00+00,Septiembre,1,Viernes,1899/12/30 00:00:00+00,21:40:00,21,REGION METROPOLITANA,MAIPU,COLISION PERPENDICULAR,COLISION,URBANA,TRAMO DE VIA RECTA,IMPRUDENCIA DEL CONDUCTOR,CONDUCCION NO ATENTO CONDICIONES TRANSITO MOMENTO,STA MARTA, ,- STA MARTA,595, , ,BIDIRECCIONAL,CONCRETO,BUENO,SECO,DESPEJADO,0,1,0,0,13,131,13119,Metropolitana de Santiago,Santiago,Maipú,Numero,"STA MARTA 595, Maipú",-33.531211,-70.757733
-7975764.9989363,-3901368.93930048,1283,2023,1517076,2023/02/24 00:00:00+00,Febrero,24,Viernes,1899/12/30 00:00:00+00,18:15:00,18,REGION VALPARAISO,VALPARAISO,CHOQUE LATERAL,CHOQUE,URBANA,TRAMO DE VIA RECTA,VELOCIDAD IMPRUDENTE,VELOCIDAD NO RAZONABLE NI PRUDENTE,CAMINO LA POLVORA, ,- CAMINO LA POLVORA,450, , ,BIDIRECCIONAL,CONCRETO,BUENO,SECO,DESPEJADO,0,0,0,1,05,051,05101,Valparaíso,Valparaíso,Valparaíso,Numero,"CAMINO LA POLVORA 450, Valparaíso",-33.045681,-71.647516
-7857082.6131696,-3974472.75841376,1284,2023,1576599,2023/12/05 00:00:00+00,Diciembre,5,Martes,1899/12/30 00:00:00+00,20:50:00,20,REGION METROPOLITANA,PUENTE ALTO,COLISION LATERAL,COLISION,URBANA,TRAMO DE VIA RECTA,IMPRUDENCIA DEL CONDUCTOR,CONDUCCION NO ATENTO CONDICIONES TRANSITO MOMENTO,JORGE ROSS OSSA, ,- JORGE ROSS OSSA,255, , ,BIDIRECCIONAL,CONCRETO,BUENO,SECO,DESPEJADO,0,0,0,1,13,132,13201,Metropolitana de Santiago,Cordillera,Puente Alto,Numero,"JORGE ROSS OSSA 255, Puente Alto",-33.594428,-70.581374
-8126665.35446445,-4416176.24674162,1285,2023,1556390,2023/09/02 00:00:00+00,Septiembre,2,Sábado,1899/12/30 00:00:00+00,08:00:00,8,REGION BIO BIO,CONCEPCION,VOLCADURA,VOLCADURA,URBANA,TRAMO DE VIA RECTA,VELOCIDAD IMPRUDENTE,VELOCIDAD NO RAZONABLE NI PRUDENTE,CAMINO NONGUEN, ,- CAMINO NONGUEN,1495, , ,BIDIRECCIONAL,CONCRETO,BUENO,SECO,NUBLADO,0,0,0,1,08,081,08101,Biobío,Concepción,Concepción,Numero,"CAMINO NONGUEN 1495, Concepción",-36.835312,-73.003077
-7929267.3785146,-4164057.29739529,1286,2023,1519361,2023/03/24 00:00:00+00,Marzo,24,Viernes,1899/12/30 00:00:00+00,08:40:00,8,REGION MAULE,CURICO,COLISION LATERAL,COLISION,RURAL,TRAMO DE VIA RECTA,IMPRUDENCIA DEL CONDUCTOR,CONDUCCION NO ATENTO CONDICIONES TRANSITO MOMENTO, , , ,0,J-65,1,BIDIRECCIONAL,ASFALTO,BUENO,SECO,DESPEJADO,0,0,0,0,07,073,07301,Maule,Curicó,Curicó,Ruta,J-65 km 1,-35.001296,-71.229821
-7869076.64315046,-3862050.78005459,1287,2023,1513036,2023/02/24 00:00:00+00,Febrero,24,Viernes,1899/12/30 00:00:00+00,20:00:00,20,REGION VALPARAISO,SANTA MARIA,CHOQUE,CHOQUE,URBANA,TRAMO DE VIA CURVA HORIZONTAL,VELOCIDAD IMPRUDENTE,VELOCIDAD NO RAZONABLE NI PRUDENTE,EL ALMENDRAL, ,- EL ALMENDRAL,1, , ,BIDIRECCIONAL,ASFALTO,REGULAR,SECO,DESPEJADO,0,0,0,1,05,057,05706,Valparaíso,San Felipe de Aconcagua,Santa María,Numero,"EL ALMENDRAL 1, Santa María",-32.749118,-70.689118
-7928006.92878162,-4158350.8052202,1288,2023,1576572,2023/12/05 00:00:00+00,Diciembre,5,Martes,1899/12/30 00:00:00+00,22:00:00,22,REGION MAULE,CURICO,CHOQUE FRENTE/LADO,CHOQUE,URBANA,TRAMO DE VIA RECTA,IMPRUDENCIA DEL CONDUCTOR,CONDUCCION NO ATENTO CONDICIONES TRANSITO MOMENTO,AMSTERDAM, ,- AMSTERDAM,1058, , ,BIDIRECCIONAL CON BANDEJON,ASFALTO,BUENO,SECO,DESPEJADO,0,1,0,0,07,073,07301,Maule,Curicó,Curicó,Numero,"AMSTERDAM 1058, Curicó",-34.959295,-71.218498
-8142729.50223651,-4449234.32230212,1289,2023,1519002,2023/03/26 00:00:00+00,Marzo,26,Domingo,1899/12/30 00:00:00+00,07:45:00,7,REGION BIO BIO,LOTA,VOLCADURA,VOLCADURA,RURAL,TRAMO DE VIA CURVA HORIZONTAL,ALCOHOL EN CONDUCTOR,CONDUCCION EN ESTADO DE EBRIEDAD, , , ,0,RUTA 160,"32,5",BIDIRECCIONAL,ASFALTO,BUENO,SECO,DESPEJADO,0,0,1,0,08,081,08106,Biobío,Concepción,Lota,Ruta,"RUTA 160 km 32,5",-37.072623,-73.147384
-8082910.54252386,-4683391.9272032,1290,2023,1556269,2023/09/02 00:00:00+00,Septiembre,2,Sábado,1899/12/30 00:00:00+00,13:30:00,13,REGION ARAUCANIA,TEMUCO,CHOQUE POSTERIOR/LADO,CHOQUE,URBANA,OTROS NO CONSIDERADOS,IMPRUDENCIA DEL CONDUCTOR,CONDUCCION NO ATENTO CONDICIONES TRANSITO MOMENTO,ALEMANIA, ,- ALEMANIA,671, , ,BIDIRECCIONAL,ASFALTO,BUENO,SECO,DESPEJADO,0,0,0,0,09,091,09101,La Araucanía,Cautín,Temuco,Numero,"ALEMANIA 671, Temuco",-38.732257,-72.610021
-8072975.44733204,-4346395.22305892,1291,2023,1520585,2023/03/26 00:00:00+00,Marzo,26,Domingo,1899/12/30 00:00:00+00,11:50:00,11,REGION ÑUBLE,COBQUECURA,CHOQUE FRONTAL,CHOQUE,RURAL,TRAMO DE VIA CURVA HORIZONTAL,VELOCIDAD IMPRUDENTE,VELOCIDAD NO RAZONABLE NI PRUDENTE, , , ,0,N-50,51,BIDIRECCIONAL,ASFALTO,BUENO,SECO,DESPEJADO,0,1,0,0,16,162,16202,Ñuble,Itata,Cobquecura,Ruta,N-50 km 51,-36.33196,-72.520772
-7850289.04433259,-3974988.46521039,1292,2023,1576508,2023/12/06 00:00:00+00,Diciembre,6,Miércoles,1899/12/30 00:00:00+00,00:30:00,0,REGION METROPOLITANA,PUENTE ALTO,CHOQUE,CHOQUE,URBANA,TRAMO DE VIA RECTA,IMPRUDENCIA DEL CONDUCTOR,CONDUCCION NO ATENTO CONDICIONES TRANSITO MOMENTO,CAMINO A SAN JOSE DE MAIPO, ,- CAMINO A SAN JOSE DE MAIPO,6510, , ,BIDIRECCIONAL,ASFALTO,BUENO,SECO,DESPEJADO,0,0,0,1,13,132,13201,Metropolitana de Santiago,Cordillera,Puente Alto,Numero,"CAMINO A SAN JOSE DE MAIPO 6510, Puente Alto",-33.598287,-70.520346
-7877320.0043299,-3970704.85782609,1293,2023,1514797,2023/02/25 00:00:00+00,Febrero,25,Sábado,1899/12/30 00:00:00+00,05:50:00,5,REGION METROPOLITANA,SAN BERNARDO,CHOQUE FRENTE/POSTERIOR,CHOQUE,URBANA,TRAMO DE VIA RECTA,VELOCIDAD IMPRUDENTE,VELOCIDAD NO RAZONABLE NI PRUDENTE,CAMINO A LONQUEN, ,- CAMINO A LONQUEN,13380, , ,BIDIRECCIONAL,CONCRETO,BUENO,SECO,DESPEJADO,0,0,1,0,13,134,13401,Metropolitana de Santiago,Maipo,San Bernardo,Numero,"CAMINO A LONQUEN 13380, San Bernardo",-33.566229,-70.76317
-7870831.50485422,-3977827.02045322,1294,2023,1564291,2023/09/02 00:00:00+00,Septiembre,2,Sábado,1899/12/30 00:00:00+00,16:05:00,16,REGION METROPOLITANA,BUIN,VOLCADURA,VOLCADURA,URBANA,TRAMO DE VIA RECTA,VELOCIDAD IMPRUDENTE,VELOCIDAD NO RAZONABLE NI PRUDENTE,CAMINO LOS GUINDOS, ,- CAMINO LOS GUINDOS,5, , ,BIDIRECCIONAL,ASFALTO,BUENO,SECO,NUBLADO,0,0,1,0,13,134,13402,Metropolitana de Santiago,Maipo,Buin,Numero,"CAMINO LOS GUINDOS 5, Buin",-33.619523,-70.704882
-7838703.06460589,-2716267.92365147,1295,2023,1576542,2023/12/06 00:00:00+00,Diciembre,6,Miércoles,1899/12/30 00:00:00+00,21:30:00,21,REGION ANTOFAGASTA,ANTOFAGASTA,CHOQUE FRENTE/FRENTE,CHOQUE,URBANA,OTROS NO CONSIDERADOS,OTRAS CAUSAS,HECHO DELICTUAL,ANGAMOS, ,- ANGAMOS,2170, , ,BIDIRECCIONAL,ASFALTO,BUENO,SECO,DESPEJADO,0,0,0,0,02,021,02101,Antofagasta,Antofagasta,Antofagasta,Numero,"ANGAMOS 2170, Antofagasta",-23.694849,-70.416268
-7913346.68713505,-4146309.85014424,1296,2023,1519170,2023/03/26 00:00:00+00,Marzo,26,Domingo,1899/12/30 00:00:00+00,17:35:00,17,REGION MAULE,TENO,CHOQUE,CHOQUE,RURAL,TRAMO DE VIA RECTA,IMPRUDENCIA DEL CONDUCTOR,CONDUCCION NO ATENTO CONDICIONES TRANSITO MOMENTO, , , ,0,J-25,"3,5",BIDIRECCIONAL,ASFALTO,BUENO,SECO,DESPEJADO,1,0,0,0,07,073,07308,Maule,Curicó,Teno,Ruta,"J-25 km 3,5",-34.870598,-71.086803
-7880159.96684094,-3975845.42474124,1297,2023,1517758,2023/02/25 00:00:00+00,Febrero,25,Sábado,1899/12/30 00:00:00+00,05:50:00,5,REGION METROPOLITANA,CALERA DE TANGO,CHOQUE FRENTE/POSTERIOR,CHOQUE,URBANA,TRAMO DE VIA RECTA,IMPRUDENCIA DEL CONDUCTOR,CONDUCCION NO ATENTO CONDICIONES TRANSITO MOMENTO,CAMINO LONQUEN, ,- CAMINO LONQUEN,13380, , ,BIDIRECCIONAL,CONCRETO,BUENO,SECO,DESPEJADO,0,0,1,0,13,134,13403,Metropolitana de Santiago,Maipo,Calera de Tango,Numero,"CAMINO LONQUEN 13380, Calera de Tango",-33.604699,-70.788681
-7853626.53392339,-3963996.56966737,1298,2023,1556204,2023/09/02 00:00:00+00,Septiembre,2,Sábado,1899/12/30 00:00:00+00,18:30:00,18,REGION METROPOLITANA,LA FLORIDA,VOLCADURA,VOLCADURA,URBANA,TRAMO DE VIA RECTA,IMPRUDENCIA DEL CONDUCTOR,CONDUCCION NO ATENTO CONDICIONES TRANSITO MOMENTO,MARIA ANGELICA, ,- MARIA ANGELICA,350, , ,UNIDIRECCIONAL,ASFALTO,BUENO,SECO,DESPEJADO,0,0,0,1,13,131,13110,Metropolitana de Santiago,Santiago,La Florida,Numero,"MARIA ANGELICA 350, La Florida",-33.516002,-70.550328
-8071868.25115317,-4723368.06860354,1299,2023,1520053,2023/03/26 00:00:00+00,Marzo,26,Domingo,1899/12/30 00:00:00+00,18:15:00,18,REGION ARAUCANIA,FREIRE,VOLCADURA,VOLCADURA,RURAL,TRAMO DE VIA RECTA,VELOCIDAD IMPRUDENTE,VELOCIDAD NO RAZONABLE NI PRUDENTE, , , ,0,199 CH,12,BIDIRECCIONAL,ASFALTO,BUENO,SECO,DESPEJADO,0,2,0,0,09,091,09105,La Araucanía,Cautín,Freire,Ruta,199 CH km 12,-39.011843,-72.510826
-7873177.86634585,-3985888.1572622,1300,2023,1578504,2023/12/06 00:00:00+00,Diciembre,6,Miércoles,1899/12/30 00:00:00+00,23:00:00,23,REGION METROPOLITANA,SAN BERNARDO,VOLCADURA,VOLCADURA,RURAL,TRAMO DE VIA RECTA,VELOCIDAD IMPRUDENTE,VELOCIDAD NO RAZONABLE NI PRUDENTE, , , ,0,RUTA 5 SUR,28,BIDIRECCIONAL,ASFALTO,BUENO,SECO,DESPEJADO,0,0,0,1,13,134,13401,Metropolitana de Santiago,Maipo,San Bernardo,Numero,RUTA 5 SUR km 28,-33.679804,-70.72596
-7968839.96736891,-3911076.04514552,1301,2023,1517099,2023/02/25 00:00:00+00,Febrero,25,Sábado,1899/12/30 00:00:00+00,08:20:00,8,REGION VALPARAISO,VALPARAISO,COLISION,COLISION,URBANA,OTROS NO CONSIDERADOS,IMPRUDENCIA DEL CONDUCTOR,CONDUCCION NO ATENTO CONDICIONES TRANSITO MOMENTO,LOMAS DE LA LUZ, ,- LOMAS DE LA LUZ,0, , ,BIDIRECCIONAL,CONCRETO,BUENO,SECO,DESPEJADO,0,0,0,1,05,051,05101,Valparaíso,Valparaíso,Valparaíso,Numero,"LOMAS DE LA LUZ , Valparaíso",-33.118745,-71.585307
-7869939.70132581,-3946511.19071171,1302,2023,1556329,2023/09/02 00:00:00+00,Septiembre,2,Sábado,1899/12/30 00:00:00+00,21:50:00,21,REGION METROPOLITANA,LA CISTERNA,CHOQUE POSTERIOR/FRENTE,CHOQUE,RURAL,TRAMO DE VIA RECTA,VELOCIDAD IMPRUDENTE,VELOCIDAD NO RAZONABLE NI PRUDENTE, , , ,0,RUTA 74,20,UNIDIRECCIONAL,ASFALTO,BUENO,HUMEDO,LLOVIZNA,0,0,0,0,13,131,13109,Metropolitana de Santiago,Santiago,La Cisterna,Numero,RUTA 74 km 20,-33.384945,-70.696871
-7871205.0734397,-3967863.54803498,1303,2023,1578057,2023/12/07 00:00:00+00,Diciembre,7,Jueves,1899/12/30 00:00:00+00,03:15:00,3,REGION METROPOLITANA,SANTIAGO,VOLCADURA,VOLCADURA,RURAL,TRAMO DE VIA RECTA,ALCOHOL EN CONDUCTOR,CONDUCCION EN ESTADO DE EBRIEDAD, , , ,0,RUTA 74,"1,5",UNIDIRECCIONAL,CONCRETO,BUENO,SECO,DESPEJADO,0,1,0,0,13,131,13101,Metropolitana de Santiago,Santiago,Santiago,Numero,"RUTA 74 km 1,5",-33.544959,-70.708238
-7972073.7781382,-4103980.61475364,1304,2023,1521216,2023/03/26 00:00:00+00,Marzo,26,Domingo,1899/12/30 00:00:00+00,19:55:00,19,REGION LIB.B.O'HIGGINS,PUMANQUE,CHOQUE LATERAL,CHOQUE,RURAL,TRAMO DE VIA RECTA,FALLAS MECANICAS,FALLAS MECANICAS NEUMATICOS, , , ,0,I-60,14,BIDIRECCIONAL,ASFALTO,BUENO,SECO,DESPEJADO,0,0,0,1,06,063,06309,Libertador General Bernardo O'Higgins,Colchagua,Pumanque,Ruta,I-60 km 14,-34.558033,-71.614357
-8139080.32979344,-4398971.70255429,1305,2023,1513240,2023/02/25 00:00:00+00,Febrero,25,Sábado,1899/12/30 00:00:00+00,15:50:00,15,REGION BIO BIO,TALCAHUANO,COLISION LATERAL,COLISION,URBANA,TRAMO DE VIA RECTA,IMPRUDENCIA DEL CONDUCTOR,CONDUCCION CAMBIAR SORPRESIVAMENTE PISTA CIRCULACION,BLANCO ENCALADA, ,- BLANCO ENCALADA,60, , ,BIDIRECCIONAL,CONCRETO,BUENO,SECO,DESPEJADO,0,0,0,1,08,081,08110,Biobío,Concepción,Talcahuano,Numero,"BLANCO ENCALADA 60, Talcahuano",-36.711516,-73.114603
-7838962.81251859,-2715301.89219617,1306,2023,1558939,2023/09/03 00:00:00+00,Septiembre,3,Domingo,1899/12/30 00:00:00+00,17:00:00,17,REGION ANTOFAGASTA,ANTOFAGASTA,CHOQUE FRENTE/POSTERIOR,CHOQUE,URBANA,TRAMO DE VIA RECTA,IMPRUDENCIA DEL CONDUCTOR,CONDUCCION NO ATENTO CONDICIONES TRANSITO MOMENTO,EJERCITO, ,- EJERCITO,1530, , ,BIDIRECCIONAL,ASFALTO,BUENO,SECO,DESPEJADO,0,0,0,0,02,021,02101,Antofagasta,Antofagasta,Antofagasta,Numero,"EJERCITO 1530, Antofagasta",-23.686902,-70.418601
-8033780.55086035,-4186051.28401844,1307,2023,1520423,2023/03/26 00:00:00+00,Marzo,26,Domingo,1899/12/30 00:00:00+00,21:20:00,21,REGION MAULE,RETIRO,COLISION POR ALCANCE,COLISION,RURAL,TRAMO DE VIA RECTA,ALCOHOL EN CONDUCTOR,CONDUCCION BAJO LA INFLUENCIA DEL ALCOHOL, , , ,0,L-615,1,BIDIRECCIONAL,RIPIO,MALO, ,DESPEJADO,0,0,1,0,07,074,07405,Maule,Linares,Retiro,Ruta,L-615 km 1,-35.162978,-72.168679
-7864384.68686907,-3955076.33703415,1308,2023,1577922,2023/12/07 00:00:00+00,Diciembre,7,Jueves,1899/12/30 00:00:00+00,07:50:00,7,REGION METROPOLITANA,SANTIAGO,CHOQUE FRENTE/FRENTE,CHOQUE,URBANA,TRAMO DE VIA RECTA,IMPRUDENCIA DEL CONDUCTOR,CONDUCCION NO ATENTO CONDICIONES TRANSITO MOMENTO,SAN FRANCISCO, ,- SAN FRANCISCO,335, , ,BIDIRECCIONAL,CONCRETO,BUENO,SECO,DESPEJADO,0,0,0,0,13,131,13101,Metropolitana de Santiago,Santiago,Santiago,Numero,"SAN FRANCISCO 335, Santiago",-33.449168,-70.64697
-12177799.2575539,-3137848.7168754,1309,2023,1512344,2023/02/25 00:00:00+00,Febrero,25,Sábado,1899/12/30 00:00:00+00,17:40:00,17,REGION VALPARAISO,ISLA DE PASCUA,VOLCADURA,VOLCADURA,URBANA,TRAMO DE VIA RECTA,VELOCIDAD IMPRUDENTE,VELOCIDAD NO RAZONABLE NI PRUDENTE,AHU AKIVI, ,- AHU AKIVI,0, , ,BIDIRECCIONAL,ASFALTO,REGULAR,SECO,DESPEJADO,0,1,0,0,05,052,05201,Valparaíso,Isla de Pascua,Isla de Pascua,Numero,"AHU AKIVI 0, Isla de Pascua",-27.115015,-109.395032
-7858960.88584271,-3963086.15630194,1310,2023,1577890,2023/12/07 00:00:00+00,Diciembre,7,Jueves,1899/12/30 00:00:00+00,10:00:00,10,REGION METROPOLITANA,MACUL,COLISION LATERAL,COLISION,URBANA,TRAMO DE VIA RECTA,IMPRUDENCIA DEL CONDUCTOR,CONDUCCION NO ATENTO CONDICIONES TRANSITO MOMENTO,DEPARTAMENTAL, ,- DEPARTAMENTAL,3490, , ,BIDIRECCIONAL,ASFALTO,REGULAR,SECO,DESPEJADO,0,0,0,2,13,131,13118,Metropolitana de Santiago,Santiago,Macul,Numero,"DEPARTAMENTAL 3490, Macul",-33.509183,-70.598247
-7896056.9937005,-3967267.02667315,1311,2023,1557341,2023/09/03 00:00:00+00,Septiembre,3,Domingo,1899/12/30 00:00:00+00,18:50:00,18,REGION METROPOLITANA,CURACAVI,COLISION FRONTAL,COLISION,RURAL,TRAMO DE VIA CURVA HORIZONTAL,VELOCIDAD IMPRUDENTE,"VELOCIDAD NO REDUCIR CRUCE DE CALLES, CUMBRE, CURVA, ETC.", , , ,0,G-68,16,BIDIRECCIONAL,ASFALTO,BUENO,SECO,DESPEJADO,0,1,0,1,13,135,13503,Metropolitana de Santiago,Melipilla,Curacaví,Numero,G-68 km 16,-33.540493,-70.931487
-7951080.07007891,-3533253.52672394,1312,2023,1519738,2023/03/26 00:00:00+00,Marzo,26,Domingo,1899/12/30 00:00:00+00,21:45:00,21,REGION COQUIMBO,COQUIMBO,COLISION PERPENDICULAR,COLISION,RURAL,CRUCE CON SEÑAL PARE,DESOBEDIENCIA A SEÑALIZACION,SEÑALIZACION DESOBEDECER SEÑAL PARE, , , ,0,D-430,"3,8",BIDIRECCIONAL,ASFALTO,BUENO,SECO,DESPEJADO,0,1,0,1,04,041,04102,Coquimbo,Elqui,Coquimbo,Ruta,"D-430 km 3,8",-30.230814,-71.425768
-7883289.13197894,-3953643.42237223,1313,2023,1515499,2023/02/26 00:00:00+00,Febrero,26,Domingo,1899/12/30 00:00:00+00,11:00:00,11,REGION METROPOLITANA,PUDAHUEL,COLISION,COLISION,RURAL,TRAMO DE VIA RECTA,ALCOHOL EN CONDUCTOR,CONDUCCION EN ESTADO DE EBRIEDAD, , , ,0,RUTA 68,"10,3",BIDIRECCIONAL,ASFALTO,REGULAR,SECO,DESPEJADO,0,0,0,2,13,131,13124,Metropolitana de Santiago,Santiago,Pudahuel,Numero,"RUTA 68 km 10,3",-33.438427,-70.816791
-8088580.172007,-4922066.87704503,1314,2023,1519264,2023/03/27 00:00:00+00,Marzo,27,Lunes,1899/12/30 00:00:00+00,17:25:00,17,REGION DE LOS RIOS,RIO BUENO,COLISION FRONTAL,COLISION,RURAL,TRAMO DE VIA RECTA,IMPRUDENCIA DEL CONDUCTOR,ADELANTAMIENTO SIN EL ESPACIO O TIEMPO SUFICIENTE, , , ,0,T-905,5,BIDIRECCIONAL,ASFALTO,BUENO,SECO,DESPEJADO,1,0,0,0,14,142,14204,Los Ríos,Ranco,Río Bueno,Ruta,T-905 km 5,-40.385128,-72.660952
-7874364.33709709,-3992540.61393836,1315,2023,1578512,2023/12/07 00:00:00+00,Diciembre,7,Jueves,1899/12/30 00:00:00+00,12:20:00,12,REGION METROPOLITANA,BUIN,ATROPELLO,ATROPELLO,URBANA,TRAMO DE VIA RECTA,IMPRUDENCIA DEL PEATON,PEATON CRUZA CALZADA FUERA PASO PEATONES,SANTA FILOMENA, ,- SANTA FILOMENA,4000, , ,BIDIRECCIONAL,ASFALTO,BUENO,SECO,DESPEJADO,0,0,1,0,13,134,13402,Metropolitana de Santiago,Maipo,Buin,Numero,"SANTA FILOMENA 4000, Buin",-33.729519,-70.736618
-7862506.54627653,-3961324.22917511,1316,2023,1556903,2023/09/03 00:00:00+00,Septiembre,3,Domingo,1899/12/30 00:00:00+00,19:45:00,19,REGION METROPOLITANA,SAN JOAQUIN,COLISION LATERAL,COLISION,URBANA,TRAMO DE VIA RECTA,IMPRUDENCIA DEL CONDUCTOR,ADELANTAMIENTO SIN EL ESPACIO O TIEMPO SUFICIENTE,SILVA, ,- SILVA,485, , ,UNIDIRECCIONAL,CONCRETO,BUENO,SECO,DESPEJADO,0,0,0,1,13,131,13129,Metropolitana de Santiago,Santiago,San Joaquín,Numero,"SILVA 485, San Joaquín",-33.495985,-70.630098
-7863240.7984502,-3968638.59864965,1317,2023,1512945,2023/02/26 00:00:00+00,Febrero,26,Domingo,1899/12/30 00:00:00+00,14:30:00,14,REGION METROPOLITANA,SAN RAMON,ATROPELLO,ATROPELLO,URBANA,TRAMO DE VIA RECTA,IMPRUDENCIA DEL CONDUCTOR,CONDUCCION NO ATENTO CONDICIONES TRANSITO MOMENTO,PEDRO AGUIRRE CERDA, ,- PEDRO AGUIRRE CERDA,9711, , ,BIDIRECCIONAL,ASFALTO,BUENO,SECO,DESPEJADO,0,1,0,1,13,131,13131,Metropolitana de Santiago,Santiago,San Ramón,Numero,"PEDRO AGUIRRE CERDA 9711, San Ramón",-33.550761,-70.636694
-7939536.36218111,-4160466.04465528,1318,2023,1520475,2023/03/27 00:00:00+00,Marzo,27,Lunes,1899/12/30 00:00:00+00,18:30:00,18,REGION MAULE,CURICO,COLISION LATERAL,COLISION,RURAL,TRAMO DE VIA RECTA,IMPRUDENCIA DEL CONDUCTOR,CONDUCCION NO ATENTO CONDICIONES TRANSITO MOMENTO, , , ,0,J-620,8,BIDIRECCIONAL,ASFALTO,BUENO,SECO,DESPEJADO,0,0,0,1,07,073,07301,Maule,Curicó,Curicó,Ruta,J-620 km 8,-34.974866,-71.322069
-7882432.53014482,-4003849.60758019,1319,2023,1584265,2023/12/07 00:00:00+00,Diciembre,7,Jueves,1899/12/30 00:00:00+00,12:20:00,12,REGION METROPOLITANA,BUIN,ATROPELLO,ATROPELLO,RURAL,TRAMO DE VIA RECTA,IMPRUDENCIA DEL CONDUCTOR,CONDUCCION NO ATENTO CONDICIONES TRANSITO MOMENTO, , , ,0,G-520,4,BIDIRECCIONAL,ASFALTO,BUENO,SECO,DESPEJADO,0,0,0,1,13,134,13402,Metropolitana de Santiago,Maipo,Buin,Numero,G-520 km 4,-33.813967,-70.809096
-7875512.36813723,-4011208.86483288,1320,2023,1557589,2023/09/04 00:00:00+00,Septiembre,4,Lunes,1899/12/30 00:00:00+00,16:00:00,16,REGION METROPOLITANA,PAINE,CHOQUE FRENTE/POSTERIOR,CHOQUE,URBANA,TRAMO DE VIA RECTA,ALCOHOL EN CONDUCTOR,CONDUCCION EN ESTADO DE EBRIEDAD,DIEGO PORTALES, ,- DIEGO PORTALES,61, , ,BIDIRECCIONAL,ASFALTO,BUENO,SECO,DESPEJADO,0,0,0,0,13,134,13404,Metropolitana de Santiago,Maipo,Paine,Numero,"DIEGO PORTALES 61, Paine",-33.868876,-70.746931
-7883980.46153882,-3972148.89057941,1321,2023,1514645,2023/02/26 00:00:00+00,Febrero,26,Domingo,1899/12/30 00:00:00+00,22:50:00,22,REGION METROPOLITANA,PADRE HURTADO,COLISION,COLISION,RURAL,TRAMO DE VIA RECTA,ALCOHOL EN CONDUCTOR,CONDUCCION EN ESTADO DE EBRIEDAD, , , ,0,RUTA 76,12,BIDIRECCIONAL CON BANDEJON,ASFALTO,REGULAR,SECO,DESPEJADO,0,0,0,4,13,136,13604,Metropolitana de Santiago,Talagante,Padre Hurtado,Numero,RUTA 76 km 12,-33.577037,-70.823001