X,Y,FID,Año,IdAccident,Fecha,Mes,Dia_mes,Dia_semana,Hora,Hora_texto,Hora_aprox,Región,Comuna,Tipo_Accid,Tipo__CONA,Zona,Ubicación,Causa__CON,Causa_Acci,Calle_Uno,Calle_Dos,Intersecci,Número,Ruta,Ubicaci_1,Calzada,Tipo_Calza,Estado_Cal,Condición,Estado_Atm,Fallecidos,Graves,Menos_Grav,Leves,CUT_REG,CUT_PROV,CUT_COM,REGION,PROVINCIA,COMUNA1,Tipo_direc,Direccion,Lat,Lon
-7856583.45657288,-3960441.12046753,1322,2023,1578249,2023/12/07 00:00:00+00,Diciembre,7,Jueves,1899/12/30 00:00:00+00,18:50:00,18,REGION METROPOLITANA,PEÑALOLEN,COLISION FRONTAL,COLISION,URBANA,TRAMO DE VIA RECTA,IMPRUDENCIA DEL CONDUCTOR,CONDUCCION NO ATENTO CONDICIONES TRANSITO MOMENTO,QUILIN, ,- QUILIN,5400, , ,BIDIRECCIONAL CON BANDEJON,CONCRETO,BUENO,SECO,DESPEJADO,0,0,0,0,13,131,13122,Metropolitana de Santiago,Santiago,Peñalolén,Numero,"QUILIN 5400, Peñalolén",-33.489369,-70.57689
-7976847.68143898,-4231691.97447,1323,2023,1520325,2023/03/28 00:00:00+00,Marzo,28,Martes,1899/12/30 00:00:00+00,11:30:00,11,REGION MAULE,MAULE,VOLCADURA,VOLCADURA,RURAL,CRUCE CON SEÑAL PARE,DESOBEDIENCIA A SEÑALIZACION,SEÑALIZACION DESOBEDECER SEÑAL PARE, , , ,0,K-635,1,BIDIRECCIONAL,ASFALTO,BUENO,SECO,DESPEJADO,0,0,0,1,07,071,07105,Maule,Talca,Maule,Ruta,K-635 km 1,-35.497466,-71.657242
-7932308.11715981,-3492261.36733856,1324,2023,1556888,2023/09/04 00:00:00+00,Septiembre,4,Lunes,1899/12/30 00:00:00+00,18:39:00,18,REGION COQUIMBO,LA SERENA,COLISION LATERAL,COLISION,URBANA,TRAMO DE VIA RECTA,IMPRUDENCIA DEL CONDUCTOR,CONDUCCION NO ATENTO CONDICIONES TRANSITO MOMENTO,ALBERTO SOLARI, ,- ALBERTO SOLARI,1400, , ,BIDIRECCIONAL,ASFALTO,BUENO,SECO,DESPEJADO,0,0,1,0,04,041,04101,Coquimbo,Elqui,La Serena,Numero,"ALBERTO SOLARI 1400, La Serena",-29.912141,-71.257136
-7965548.37612887,-3898208.5703301,1325,2023,1514462,2023/02/27 00:00:00+00,Febrero,27,Lunes,1899/12/30 00:00:00+00,16:56:00,16,REGION VALPARAISO,VIÑA DEL MAR,ATROPELLO,ATROPELLO,URBANA,TRAMO DE VIA RECTA,IMPRUDENCIA DEL PEATON,PEATON CRUZA CALZADA FORMA SORPRESIVA O DESCUIDADA,1 NORTE, ,- 1 NORTE,363, , ,BIDIRECCIONAL,CONCRETO,BUENO,SECO,DESPEJADO,0,1,0,0,05,051,05109,Valparaíso,Valparaíso,Viña del Mar,Numero,"1 NORTE 363, Viña del Mar",-33.02188,-71.555739
-7859034.37780168,-3956972.80164709,1326,2023,1580752,2023/12/07 00:00:00+00,Diciembre,7,Jueves,1899/12/30 00:00:00+00,21:40:00,21,REGION METROPOLITANA,ÑUÑOA,COLISION,COLISION,URBANA,CRUCE CON SEMAFORO FUNCIONANDO,IMPRUDENCIA DEL CONDUCTOR,CONDUCCION NO ATENTO CONDICIONES TRANSITO MOMENTO,JOSE PEDRO ALESSANDRI, ,- JOSE PEDRO ALESSANDRI,927, , ,UNIDIRECCIONAL,CONCRETO,BUENO,SECO,DESPEJADO,0,2,0,0,13,131,13120,Metropolitana de Santiago,Santiago,Ñuñoa,Numero,"JOSE PEDRO ALESSANDRI 927, Ñuñoa",-33.463381,-70.598907
-7870709.15146456,-3953933.00138904,1327,2023,1557270,2023/09/04 00:00:00+00,Septiembre,4,Lunes,1899/12/30 00:00:00+00,19:00:00,19,REGION METROPOLITANA,QUINTA NORMAL,CHOQUE LADO/FRENTE,CHOQUE,URBANA,CRUCE CON SEMAFORO FUNCIONANDO,VELOCIDAD IMPRUDENTE,VELOCIDAD NO RAZONABLE NI PRUDENTE,SAN PABLO, ,- SAN PABLO,4965, , ,BIDIRECCIONAL,ASFALTO,REGULAR,SECO,DESPEJADO,0,0,0,0,13,131,13126,Metropolitana de Santiago,Santiago,Quinta Normal,Numero,"SAN PABLO 4965, Quinta Normal",-33.440597,-70.703783
-7911554.60041622,-4088134.12557757,1328,2023,1512973,2023/02/27 00:00:00+00,Febrero,27,Lunes,1899/12/30 00:00:00+00,20:00:00,20,REGION LIB.B.O'HIGGINS,SAN VICENTE,VOLCADURA,VOLCADURA,URBANA,TRAMO DE VIA RECTA,VELOCIDAD IMPRUDENTE,VELOCIDAD NO RAZONABLE NI PRUDENTE,GENERAL VELASQUEZ, ,- GENERAL VELASQUEZ,250, , ,BIDIRECCIONAL,CONCRETO,BUENO,SECO,DESPEJADO,0,0,0,1,06,061,06117,Libertador General Bernardo O'Higgins,Cachapoal,San Vicente,Numero,"GENERAL VELASQUEZ 250, San Vicente",-34.440717,-71.070704
-7877285.52748135,-3954078.59357132,1329,2023,1577383,2023/12/08 00:00:00+00,Diciembre,8,Viernes,1899/12/30 00:00:00+00,02:40:00,2,REGION METROPOLITANA,PUDAHUEL,VOLCADURA,VOLCADURA,URBANA,TRAMO DE VIA RECTA,VELOCIDAD IMPRUDENTE,VELOCIDAD NO RAZONABLE NI PRUDENTE,SAN PABLO, ,- SAN PABLO,9099, , ,BIDIRECCIONAL,ASFALTO,REGULAR,SECO,DESPEJADO,1,0,0,0,13,131,13124,Metropolitana de Santiago,Santiago,Pudahuel,Numero,"SAN PABLO 9099, Pudahuel",-33.441689,-70.76286
-7897936.76839637,-4274086.71389256,1330,2023,1520355,2023/03/28 00:00:00+00,Marzo,28,Martes,1899/12/30 00:00:00+00,12:00:00,12,REGION MAULE,SAN CLEMENTE,VOLCADURA,VOLCADURA,RURAL,TRAMO DE VIA CURVA HORIZONTAL,VELOCIDAD IMPRUDENTE,VELOCIDAD NO RAZONABLE NI PRUDENTE, , , ,0,115 CH,87,BIDIRECCIONAL,ASFALTO,BUENO,SECO,DESPEJADO,0,1,0,0,07,071,07109,Maule,Talca,San Clemente,Ruta,115 CH km 87,-35.806923,-70.948373
-7966000.90643442,-3897945.18887146,1331,2023,1556636,2023/09/05 00:00:00+00,Septiembre,5,Martes,1899/12/30 00:00:00+00,06:50:00,6,REGION VALPARAISO,VIÑA DEL MAR,ATROPELLO,ATROPELLO,URBANA,TRAMO DE VIA RECTA,IMPRUDENCIA DEL PEATON,PEATON CRUZA CALZADA FORMA SORPRESIVA O DESCUIDADA,SAN MARTIN, ,- SAN MARTIN,120, , ,BIDIRECCIONAL,CONCRETO,BUENO,SECO,DESPEJADO,1,0,0,1,05,051,05109,Valparaíso,Valparaíso,Viña del Mar,Numero,"SAN MARTIN 120, Viña del Mar",-33.019897,-71.559804
-8008433.61768163,-4472603.26743545,1332,2023,1513766,2023/02/27 00:00:00+00,Febrero,27,Lunes,1899/12/30 00:00:00+00,21:30:00,21,REGION BIO BIO,TUCAPEL,CHOQUE LATERAL,CHOQUE,RURAL,TRAMO DE VIA RECTA,IMPRUDENCIA DEL CONDUCTOR,NO RESPETAR DERECHO PREFERENTE DE PASO A VEHICULO,INDEPENDENCIA, ,- INDEPENDENCIA,444, , ,BIDIRECCIONAL,ASFALTO,BUENO,SECO,DESPEJADO,0,0,0,0,08,083,08312,Biobío,Biobío,Tucapel,Numero,"INDEPENDENCIA 444, Tucapel",-37.239933,-71.940983
-7683011.11682044,-2550081.97084101,1333,2023,1519864,2023/03/28 00:00:00+00,Marzo,28,Martes,1899/12/30 00:00:00+00,13:00:00,13,REGION ANTOFAGASTA,CALAMA,VOLCADURA,VOLCADURA,RURAL,TRAMO DE VIA RECTA,VELOCIDAD IMPRUDENTE,VELOCIDAD NO RAZONABLE NI PRUDENTE, , , ,0,RUTA 24,61,BIDIRECCIONAL,ASFALTO,BUENO,SECO,DESPEJADO,0,1,0,0,02,022,02201,Antofagasta,El Loa,Calama,Ruta,RUTA 24 km 61,-22.320775,-69.017663
-8019838.38787881,-5712651.30763586,1334,2023,1579672,2023/12/08 00:00:00+00,Diciembre,8,Viernes,1899/12/30 00:00:00+00,08:52:00,8,REGION AYSEN DEL GRL. CARLOS IBAÑEZ DEL CAMPO,COYHAIQUE,VOLCADURA,VOLCADURA,URBANA,TRAMO DE VIA RECTA,ALCOHOL EN CONDUCTOR,CONDUCCION EN ESTADO DE EBRIEDAD,GENERAL BAQUEDANO, ,- GENERAL BAQUEDANO,1895, , ,UNIDIRECCIONAL,CONCRETO,BUENO,SECO,DESPEJADO,0,1,0,0,11,111,11101,Aysén del General Carlos Ibáñez del Campo,Coihaique,Coihaique,Numero,"GENERAL BAQUEDANO 1895, Coihaique",-45.575937,-72.043434
-7910797.39770351,-4158980.90174684,1335,2023,1519926,2023/03/28 00:00:00+00,Marzo,28,Martes,1899/12/30 00:00:00+00,17:25:00,17,REGION MAULE,ROMERAL,COLISION,COLISION,RURAL,TRAMO DE VIA RECTA,IMPRUDENCIA DEL CONDUCTOR,CONDUCCION SIN MANTENER DISTANCIA RAZONABLE NI PRUDENTE, , , ,0,J-55,12,BIDIRECCIONAL,ASFALTO,BUENO,SECO,DESPEJADO,0,0,0,1,07,073,07306,Maule,Curicó,Romeral,Ruta,J-55 km 12,-34.963933,-71.063902
-8133289.12967476,-4409956.14635571,1336,2023,1556974,2023/09/05 00:00:00+00,Septiembre,5,Martes,1899/12/30 00:00:00+00,12:50:00,12,REGION BIO BIO,TALCAHUANO,COLISION LATERAL,COLISION,URBANA,CRUCE CON SEÑAL CEDA EL PASO,DESOBEDIENCIA A SEÑALIZACION,SEÑALIZACION DESOBEDECER SEÑAL CEDA EL PASO,JORGE ALESSANDRI RODRIGUEZ, ,- JORGE ALESSANDRI RODRIGUEZ,3177, , ,BIDIRECCIONAL,CONCRETO,BUENO,SECO,DESPEJADO,0,0,0,2,08,081,08110,Biobío,Concepción,Talcahuano,Numero,"JORGE ALESSANDRI RODRIGUEZ 3177, Talcahuano",-36.790578,-73.062579
-8091530.61354669,-4695574.94300478,1337,2023,1521224,2023/03/28 00:00:00+00,Marzo,28,Martes,1899/12/30 00:00:00+00,19:40:00,19,REGION ARAUCANIA,PADRE LAS CASAS,VOLCADURA,VOLCADURA,RURAL,TRAMO DE VIA RECTA,ALCOHOL EN CONDUCTOR,CONDUCCION EN ESTADO DE EBRIEDAD, , , ,0,S-578,5,BIDIRECCIONAL,RIPIO,REGULAR, ,DESPEJADO,0,0,0,1,09,091,09112,La Araucanía,Cautín,Padre Las Casas,Ruta,S-578 km 5,-38.817579,-72.687456
-8082715.56577895,-4688793.35981845,1338,2023,1513541,2023/02/28 00:00:00+00,Febrero,28,Martes,1899/12/30 00:00:00+00,20:00:00,20,REGION ARAUCANIA,PADRE LAS CASAS,COLISION LATERAL,COLISION,URBANA,TRAMO DE VIA RECTA,IMPRUDENCIA DEL CONDUCTOR,CONDUCCION NO ATENTO CONDICIONES TRANSITO MOMENTO,LONGITUDINAL SUR, ,- LONGITUDINAL SUR,1, , ,BIDIRECCIONAL CON BANDEJON,ASFALTO,BUENO,SECO,DESPEJADO,0,0,0,0,09,091,09112,La Araucanía,Cautín,Padre Las Casas,Numero,"LONGITUDINAL SUR 1, Padre Las Casas",-38.770098,-72.608269
-7854031.91543747,-3947884.34907235,1339,2023,1563593,2023/09/05 00:00:00+00,Septiembre,5,Martes,1899/12/30 00:00:00+00,15:50:00,15,REGION METROPOLITANA,LAS CONDES,COLISION POR ALCANCE,COLISION,URBANA,TRAMO DE VIA RECTA,IMPRUDENCIA DEL CONDUCTOR,CONDUCCION SIN MANTENER DISTANCIA RAZONABLE NI PRUDENTE,LAS TRANQUERAS, ,- LAS TRANQUERAS,726, , ,BIDIRECCIONAL,ASFALTO,BUENO,SECO,NUBLADO,0,0,0,1,13,131,13114,Metropolitana de Santiago,Santiago,Las Condes,Numero,"LAS TRANQUERAS 726, Las Condes",-33.395245,-70.553969
-7957545.47285305,-3868807.88210148,1340,2023,1521661,2023/03/29 00:00:00+00,Marzo,29,Miércoles,1899/12/30 00:00:00+00,17:40:00,17,REGION VALPARAISO,QUINTERO,COLISION,COLISION,RURAL,TRAMO DE VIA RECTA,IMPRUDENCIA DEL CONDUCTOR,CONDUCCION NO ATENTO CONDICIONES TRANSITO MOMENTO, , , ,0,F-210,1,BIDIRECCIONAL,ASFALTO,BUENO,SECO,DESPEJADO,0,0,0,2,05,051,05107,Valparaíso,Valparaíso,Quintero,Ruta,F-210 km 1,-32.800155,-71.483847
-7877408.99053709,-3970832.95745103,1341,2023,1579685,2023/12/08 00:00:00+00,Diciembre,8,Viernes,1899/12/30 00:00:00+00,11:10:00,11,REGION METROPOLITANA,SAN BERNARDO,COLISION POR ALCANCE,COLISION,URBANA,TRAMO DE VIA RECTA,IMPRUDENCIA DEL CONDUCTOR,ADELANTAMIENTO SIN EFECTUAR LA SEÑAL RESPECTIVA,CAMINO A LONQUEN, ,- CAMINO A LONQUEN,22, , ,BIDIRECCIONAL,ASFALTO,BUENO,SECO,DESPEJADO,0,0,1,0,13,134,13401,Metropolitana de Santiago,Maipo,San Bernardo,Numero,"CAMINO A LONQUEN 22, San Bernardo",-33.567188,-70.763969
-7971696.34183494,-3901951.62622065,1342,2023,1515523,2023/03/01 00:00:00+00,Marzo,1,Miércoles,1899/12/30 00:00:00+00,01:00:00,1,REGION VALPARAISO,VALPARAISO,COLISION,COLISION,URBANA,TRAMO DE VIA RECTA,IMPRUDENCIA DEL CONDUCTOR,VIRAJES INDEBIDOS,COLON, ,- COLON,2454, , ,BIDIRECCIONAL,ASFALTO,BUENO,SECO,DESPEJADO,0,1,0,0,05,051,05101,Valparaíso,Valparaíso,Valparaíso,Numero,"COLON 2454, Valparaíso",-33.050069,-71.610967
-7981300.04142962,-4235354.83726889,1343,2023,1521023,2023/03/30 00:00:00+00,Marzo,30,Jueves,1899/12/30 00:00:00+00,13:45:00,13,REGION MAULE,MAULE,COLISION LATERAL,COLISION,RURAL,TRAMO DE VIA RECTA,IMPRUDENCIA DEL CONDUCTOR,ADELANTAMIENTO SIN EL ESPACIO O TIEMPO SUFICIENTE, , , ,0,K-620,3,BIDIRECCIONAL,ASFALTO,BUENO,SECO,DESPEJADO,0,1,0,1,07,071,07105,Maule,Talca,Maule,Ruta,K-620 km 3,-35.52425,-71.697238
-7871276.1804231,-3951651.71515773,1344,2023,1557274,2023/09/05 00:00:00+00,Septiembre,5,Martes,1899/12/30 00:00:00+00,17:10:00,17,REGION METROPOLITANA,QUINTA NORMAL,CHOQUE POSTERIOR/POSTERIOR,CHOQUE,URBANA,ACERA O BERMA,IMPRUDENCIA DEL CONDUCTOR,CONDUCCION NO ATENTO CONDICIONES TRANSITO MOMENTO,SALVADOR GUTIERREZ, ,- SALVADOR GUTIERREZ,5496, , ,BIDIRECCIONAL,ASFALTO,REGULAR,SECO,DESPEJADO,0,0,0,1,13,131,13126,Metropolitana de Santiago,Santiago,Quinta Normal,Numero,"SALVADOR GUTIERREZ 5496, Quinta Normal",-33.423495,-70.708877
-8103838.39946045,-4510950.52489332,1345,2023,1520440,2023/03/31 00:00:00+00,Marzo,31,Viernes,1899/12/30 00:00:00+00,18:30:00,18,REGION BIO BIO,NACIMIENTO,VOLCADURA,VOLCADURA,RURAL,TRAMO DE VIA RECTA,VELOCIDAD IMPRUDENTE,VELOCIDAD NO RAZONABLE NI PRUDENTE, , , ,0,Q-458,8,BIDIRECCIONAL,RIPIO,BUENO, ,DESPEJADO,0,0,0,1,08,083,08306,Biobío,Biobío,Nacimiento,Ruta,Q-458 km 8,-37.513676,-72.798019
-7867114.80429371,-3920399.30608619,1346,2023,1578971,2023/12/08 00:00:00+00,Diciembre,8,Viernes,1899/12/30 00:00:00+00,19:00:00,19,REGION METROPOLITANA,COLINA,COLISION PERPENDICULAR,COLISION,URBANA,TRAMO DE VIA RECTA,IMPRUDENCIA DEL CONDUCTOR,NO RESPETAR DERECHO PREFERENTE DE PASO A VEHICULO,FRAY CAMILO HENRIQUEZ, ,- FRAY CAMILO HENRIQUEZ,624, , ,BIDIRECCIONAL,ASFALTO,BUENO,SECO,DESPEJADO,0,0,0,2,13,133,13301,Metropolitana de Santiago,Chacabuco,Colina,Numero,"FRAY CAMILO HENRIQUEZ 624, Colina",-33.188863,-70.671495
-7869267.70595774,-3951484.13284093,1347,2023,1514442,2023/03/01 00:00:00+00,Marzo,1,Miércoles,1899/12/30 00:00:00+00,13:00:00,13,REGION METROPOLITANA,SAN BERNARDO,CHOQUE POSTERIOR/FRENTE,CHOQUE,RURAL,TRAMO DE VIA RECTA,IMPRUDENCIA DEL CONDUCTOR,"ADELANTAMIENTO EN CRUCE, CURVA, CUESTA, PUENTE", , , ,0,RUTA 74,"15,6",BIDIRECCIONAL CON BANDEJON,ASFALTO,BUENO,SECO,DESPEJADO,0,0,0,2,13,134,13401,Metropolitana de Santiago,Maipo,San Bernardo,Numero,"RUTA 74 km 15,6",-33.422239,-70.690835
-7856071.01914903,-3947221.51076652,1348,2023,1557495,2023/09/05 00:00:00+00,Septiembre,5,Martes,1899/12/30 00:00:00+00,20:00:00,20,REGION METROPOLITANA,VITACURA,COLISION LATERAL,COLISION,URBANA,TRAMO DE VIA RECTA,IMPRUDENCIA DEL CONDUCTOR,CONDUCCION NO ATENTO CONDICIONES TRANSITO MOMENTO,VITACURA, ,- VITACURA,7588, , ,BIDIRECCIONAL CON BANDEJON,ASFALTO,BUENO,SECO,DESPEJADO,0,0,0,0,13,131,13132,Metropolitana de Santiago,Santiago,Vitacura,Numero,"VITACURA 7588, Vitacura",-33.390273,-70.572287
-7860207.33348731,-3952711.33218442,1349,2023,1577067,2023/12/09 00:00:00+00,Diciembre,9,Sábado,1899/12/30 00:00:00+00,08:40:00,8,REGION METROPOLITANA,PROVIDENCIA,COLISION POR ALCANCE,COLISION,URBANA,TRAMO DE VIA RECTA,IMPRUDENCIA DEL CONDUCTOR,CONDUCCION NO ATENTO CONDICIONES TRANSITO MOMENTO,COST NORTE, ,- COST NORTE,15700, , ,UNIDIRECCIONAL,ASFALTO,BUENO,SECO,DESPEJADO,0,0,0,2,13,131,13123,Metropolitana de Santiago,Santiago,Providencia,Numero,"COST NORTE 15700, Providencia",-33.431439,-70.609444
-7932489.3243071,-4159046.24637178,1350,2023,1521616,2023/03/31 00:00:00+00,Marzo,31,Viernes,1899/12/30 00:00:00+00,20:00:00,20,REGION MAULE,CURICO,VOLCADURA,VOLCADURA,RURAL,TRAMO DE VIA RECTA,VELOCIDAD IMPRUDENTE,VELOCIDAD NO RAZONABLE NI PRUDENTE, , , ,0,J-630,1,BIDIRECCIONAL,CONCRETO,MALO,OTROS,DESPEJADO,0,0,1,1,07,073,07301,Maule,Curicó,Curicó,Ruta,J-630 km 1,-34.964414,-71.258764
-8028962.42802919,-4387884.10777112,1351,2023,1519135,2023/03/01 00:00:00+00,Marzo,1,Miércoles,1899/12/30 00:00:00+00,13:40:00,13,REGION ÑUBLE,CHILLAN VIEJO,COLISION POR ALCANCE,COLISION,URBANA,TRAMO DE VIA RECTA,IMPRUDENCIA DEL CONDUCTOR,CONDUCCION NO ATENTO CONDICIONES TRANSITO MOMENTO,BAQUEDANO, ,- BAQUEDANO,1063, , ,BIDIRECCIONAL,ASFALTO,BUENO,SECO,DESPEJADO,0,0,0,1,16,161,16103,Ñuble,Diguillín,Chillán Viejo,Numero,"BAQUEDANO 1063, Chillán Viejo",-36.631628,-72.125397
-7877658.68520884,-4049613.73272995,1352,2023,1556795,2023/09/05 00:00:00+00,Septiembre,5,Martes,1899/12/30 00:00:00+00,23:30:00,23,REGION LIB.B.O'HIGGINS,RANCAGUA,COLISION PERPENDICULAR,COLISION,URBANA,CRUCE CON SEÑAL CEDA EL PASO,IMPRUDENCIA DEL CONDUCTOR,NO RESPETAR DERECHO PREFERENTE DE PASO A VEHICULO,ALAMEDA, ,- ALAMEDA,3065, , ,BIDIRECCIONAL CON BANDEJON,CONCRETO,BUENO,SECO,DESPEJADO,0,0,0,2,06,061,06101,Libertador General Bernardo O'Higgins,Cachapoal,Rancagua,Numero,"ALAMEDA 3065, Rancagua",-34.154851,-70.766212
-7971008.39135594,-3968563.33989821,1353,2023,1579037,2023/12/09 00:00:00+00,Diciembre,9,Sábado,1899/12/30 00:00:00+00,11:00:00,11,REGION VALPARAISO,CARTAGENA,CHOQUE LADO/POSTERIOR,CHOQUE,URBANA,TRAMO DE VIA RECTA,IMPRUDENCIA DEL CONDUCTOR,CONDUCCION NO ATENTO CONDICIONES TRANSITO MOMENTO,CARTAGENA, ,- CARTAGENA,53, , ,BIDIRECCIONAL,ASFALTO,BUENO,SECO,DESPEJADO,0,0,0,0,05,056,05603,Valparaíso,San Antonio,Cartagena,Numero,"CARTAGENA 53, Cartagena",-33.550198,-71.604787
-7940752.28190252,-4181523.06371045,1354,2023,1520632,2023/04/01 00:00:00+00,Abril,1,Sábado,1899/12/30 00:00:00+00,18:50:00,18,REGION MAULE,MOLINA,COLISION POR ALCANCE,COLISION,RURAL,TRAMO DE VIA RECTA,IMPRUDENCIA DEL CONDUCTOR,VIRAJES INDEBIDOS, , , ,0,K-165,"2,1",BIDIRECCIONAL,ASFALTO,BUENO,SECO,DESPEJADO,0,0,0,0,07,073,07304,Maule,Curicó,Molina,Ruta,"K-165 km 2,1",-35.129716,-71.332991
-7874295.88083114,-3964025.65176185,1355,2023,1515007,2023/03/01 00:00:00+00,Marzo,1,Miércoles,1899/12/30 00:00:00+00,18:30:00,18,REGION METROPOLITANA,MAIPU,COLISION LATERAL,COLISION,URBANA,TRAMO DE VIA RECTA,IMPRUDENCIA DEL CONDUCTOR,CONDUCCION NO ATENTO CONDICIONES TRANSITO MOMENTO,CAMINO A MELIPILLA, ,- CAMINO A MELIPILLA,11820, , ,BIDIRECCIONAL CON BANDEJON,ASFALTO,BUENO,SECO,DESPEJADO,0,0,0,1,13,131,13119,Metropolitana de Santiago,Santiago,Maipú,Numero,"CAMINO A MELIPILLA 11820, Maipú",-33.51622,-70.736003
-7837987.06820532,-2714671.61437335,1356,2023,1558953,2023/09/06 00:00:00+00,Septiembre,6,Miércoles,1899/12/30 00:00:00+00,13:45:00,13,REGION ANTOFAGASTA,ANTOFAGASTA,COLISION,COLISION,URBANA,TRAMO DE VIA RECTA,IMPRUDENCIA DEL CONDUCTOR,CONDUCCION NO ATENTO CONDICIONES TRANSITO MOMENTO,ANGAMOS, ,- ANGAMOS,610, , ,BIDIRECCIONAL,ASFALTO,BUENO,SECO,DESPEJADO,0,0,0,1,02,021,02101,Antofagasta,Antofagasta,Antofagasta,Numero,"ANGAMOS 610, Antofagasta",-23.681717,-70.409836
-8002009.83665284,-4360272.74703481,1357,2023,1523883,2023/04/01 00:00:00+00,Abril,1,Sábado,1899/12/30 00:00:00+00,23:30:00,23,REGION ÑUBLE,SAN CARLOS,CHOQUE FRONTAL,CHOQUE,RURAL,TRAMO DE VIA RECTA,IMPRUDENCIA DEL CONDUCTOR,CONDUCCION CONTRA SENTIDO DEL TRANSITO, , , ,0,N-31,6,BIDIRECCIONAL,ASFALTO,BUENO,SECO,DESPEJADO,0,1,0,1,16,163,16301,Ñuble,Punilla,San Carlos,Ruta,N-31 km 6,-36.432324,-71.883277
-7867879.25925974,-3922902.52823605,1358,2023,1579023,2023/12/09 00:00:00+00,Diciembre,9,Sábado,1899/12/30 00:00:00+00,11:50:00,11,REGION METROPOLITANA,COLINA,COLISION PERPENDICULAR,COLISION,RURAL,TRAMO DE VIA RECTA,ALCOHOL EN CONDUCTOR,CONDUCCION EN ESTADO DE EBRIEDAD,GRAL SAN MARTIN, ,- GRAL SAN MARTIN,17, , ,BIDIRECCIONAL,ASFALTO,BUENO,SECO,DESPEJADO,0,1,0,2,13,133,13301,Metropolitana de Santiago,Chacabuco,Colina,Numero,"GRAL SAN MARTIN 17, Colina",-33.20768,-70.678362
-8090873.05142965,-4509436.8136862,1359,2023,1558359,2023/09/06 00:00:00+00,Septiembre,6,Miércoles,1899/12/30 00:00:00+00,19:55:00,19,REGION BIO BIO,NACIMIENTO,CHOQUE,CHOQUE,URBANA,TRAMO DE VIA CURVA VERTICAL,VELOCIDAD IMPRUDENTE,VELOCIDAD NO RAZONABLE NI PRUDENTE,PABLO NERUDA, ,- PABLO NERUDA,1242, , ,BIDIRECCIONAL,CONCRETO,BUENO,SECO,DESPEJADO,0,1,0,0,08,083,08306,Biobío,Biobío,Nacimiento,Numero,"PABLO NERUDA 1242, Nacimiento",-37.502889,-72.681549
-7975488.90255413,-4226839.04527442,1360,2023,1521554,2023/04/02 00:00:00+00,Abril,2,Domingo,1899/12/30 00:00:00+00,04:00:00,4,REGION MAULE,MAULE,CHOQUE FRONTAL,CHOQUE,RURAL,TRAMO DE VIA RECTA,IMPRUDENCIA DEL CONDUCTOR,CONDUCCION NO ATENTO CONDICIONES TRANSITO MOMENTO, , , ,0,K-607,1,BIDIRECCIONAL,ASFALTO,BUENO,SECO,DESPEJADO,0,0,1,0,07,071,07105,Maule,Talca,Maule,Ruta,K-607 km 1,-35.461966,-71.645036
-7934950.91545342,-4179426.61367232,1361,2023,1515023,2023/03/01 00:00:00+00,Marzo,1,Miércoles,1899/12/30 00:00:00+00,18:58:00,18,REGION MAULE,MOLINA,COLISION POR ALCANCE,COLISION,URBANA,TRAMO DE VIA RECTA,IMPRUDENCIA DEL CONDUCTOR,CONDUCCION NO ATENTO CONDICIONES TRANSITO MOMENTO,OSCAR COMMENTZ, ,- OSCAR COMMENTZ,108, , ,BIDIRECCIONAL,ASFALTO,BUENO,SECO,DESPEJADO,0,0,0,1,07,073,07304,Maule,Curicó,Molina,Numero,"OSCAR COMMENTZ 108, Molina",-35.114312,-71.280877
-7855242.30569713,-3958963.73119424,1362,2023,1578251,2023/12/09 00:00:00+00,Diciembre,9,Sábado,1899/12/30 00:00:00+00,11:58:00,11,REGION METROPOLITANA,PEÑALOLEN,CHOQUE FRENTE/POSTERIOR,CHOQUE,URBANA,TRAMO DE VIA RECTA,ALCOHOL EN CONDUCTOR,CONDUCCION EN ESTADO DE EBRIEDAD,EL VALLE, ,- EL VALLE,6701, , ,BIDIRECCIONAL CON BANDEJON,CONCRETO,BUENO,SECO,DESPEJADO,0,0,0,1,13,131,13122,Metropolitana de Santiago,Santiago,Peñalolén,Numero,"EL VALLE 6701, Peñalolén",-33.4783,-70.564842
-7975488.90255413,-4226839.04527442,1363,2023,1521556,2023/04/02 00:00:00+00,Abril,2,Domingo,1899/12/30 00:00:00+00,04:00:00,4,REGION MAULE,MAULE,CHOQUE FRONTAL,CHOQUE,RURAL,TRAMO DE VIA RECTA,IMPRUDENCIA DEL CONDUCTOR,CONDUCCION NO ATENTO CONDICIONES TRANSITO MOMENTO, , , ,0,K-607,1,BIDIRECCIONAL,ASFALTO,BUENO,SECO,DESPEJADO,0,0,1,0,07,071,07105,Maule,Talca,Maule,Ruta,K-607 km 1,-35.461966,-71.645036
-8144690.71252776,-4437471.67825208,1364,2023,1557962,2023/09/07 00:00:00+00,Septiembre,7,Jueves,1899/12/30 00:00:00+00,07:30:00,7,REGION BIO BIO,CORONEL,COLISION LATERAL,COLISION,URBANA,TRAMO DE VIA RECTA,IMPRUDENCIA DEL CONDUCTOR,VIRAJES INDEBIDOS,2 ORIENTE, ,- 2 ORIENTE,46, , ,BIDIRECCIONAL,ASFALTO,BUENO,MOJADO,NUBLADO,0,0,0,1,08,081,08102,Biobío,Concepción,Coronel,Numero,"2 ORIENTE 46, Coronel",-36.988268,-73.165002
-8029421.01349164,-4387330.37189237,1365,2023,1520517,2023/03/02 00:00:00+00,Marzo,2,Jueves,1899/12/30 00:00:00+00,16:23:00,16,REGION ÑUBLE,CHILLAN VIEJO,COLISION POR ALCANCE,COLISION,URBANA,TRAMO DE VIA RECTA,IMPRUDENCIA DEL CONDUCTOR,CONDUCCION NO ATENTO CONDICIONES TRANSITO MOMENTO,CONDE DEL MAULE, ,- CONDE DEL MAULE,630, , ,BIDIRECCIONAL,ASFALTO,BUENO,SECO,DESPEJADO,0,0,0,0,16,161,16103,Ñuble,Diguillín,Chillán Viejo,Numero,"CONDE DEL MAULE 630, Chillán Viejo",-36.627636,-72.129516