X,Y,FID,Año,IdAccident,Fecha,Mes,Dia_mes,Dia_semana,Hora,Hora_texto,Hora_aprox,Región,Comuna,Tipo_Accid,Tipo__CONA,Zona,Ubicación,Causa__CON,Causa_Acci,Calle_Uno,Calle_Dos,Intersecci,Número,Ruta,Ubicaci_1,Calzada,Tipo_Calza,Estado_Cal,Condición,Estado_Atm,Fallecidos,Graves,Menos_Grav,Leves,CUT_REG,CUT_PROV,CUT_COM,REGION,PROVINCIA,COMUNA1,Tipo_direc,Direccion,Lat,Lon
-7964615.44897644,-3895021.13889357,1366,2023,1577103,2023/12/09 00:00:00+00,Diciembre,9,Sábado,1899/12/30 00:00:00+00,21:00:00,21,REGION VALPARAISO,VIÑA DEL MAR,COLISION LATERAL,COLISION,URBANA,TRAMO DE VIA RECTA,IMPRUDENCIA DEL CONDUCTOR,VIRAJES INDEBIDOS,ALMIRANTE JORGE MONTT, ,- ALMIRANTE JORGE MONTT,2400, , ,BIDIRECCIONAL,CONCRETO,BUENO,SECO,DESPEJADO,0,1,0,1,05,051,05109,Valparaíso,Valparaíso,Viña del Mar,Numero,"ALMIRANTE JORGE MONTT 2400, Viña del Mar",-32.997869,-71.547358
-8138209.27340173,-4403207.12503587,1367,2023,1515699,2023/03/02 00:00:00+00,Marzo,2,Jueves,1899/12/30 00:00:00+00,20:45:00,20,REGION BIO BIO,TALCAHUANO,COLISION LATERAL,COLISION,URBANA,TRAMO DE VIA RECTA,IMPRUDENCIA DEL CONDUCTOR,ADELANTAMIENTO SIN EL ESPACIO O TIEMPO SUFICIENTE,ALTO HORNO, ,- ALTO HORNO,578, , ,BIDIRECCIONAL CON BANDEJON,CONCRETO,BUENO,SECO,DESPEJADO,0,1,0,0,08,081,08110,Biobío,Concepción,Talcahuano,Numero,"ALTO HORNO 578, Talcahuano",-36.74201,-73.106778
-12179980.6877651,-3141688.48305987,1368,2023,1559085,2023/09/07 00:00:00+00,Septiembre,7,Jueves,1899/12/30 00:00:00+00,08:40:00,8,REGION VALPARAISO,ISLA DE PASCUA,VOLCADURA,VOLCADURA,URBANA,TRAMO DE VIA RECTA,ALCOHOL EN CONDUCTOR,CONDUCCION EN ESTADO DE EBRIEDAD,ARAPIKI, ,- ARAPIKI,0, , ,BIDIRECCIONAL,ASFALTO,REGULAR,HUMEDO,DESPEJADO,0,1,0,0,05,052,05201,Valparaíso,Isla de Pascua,Isla de Pascua,Numero,"ARAPIKI 0, Isla de Pascua",-27.145713,-109.414628
-7960776.36612773,-3751678.69549771,1369,2023,1579646,2023/12/09 00:00:00+00,Diciembre,9,Sábado,1899/12/30 00:00:00+00,21:15:00,21,REGION COQUIMBO,LOS VILOS,COLISION,COLISION,URBANA,TRAMO DE VIA RECTA,IMPRUDENCIA DEL CONDUCTOR,CONDUCCION NO ATENTO CONDICIONES TRANSITO MOMENTO,LOS VILOS, ,- LOS VILOS,11, , ,BIDIRECCIONAL,CONCRETO,BUENO,SECO,DESPEJADO,0,1,0,0,04,042,04203,Coquimbo,Choapa,Los Vilos,Numero,"LOS VILOS 11, Los Vilos",-31.911343,-71.512871
-7527844.9981602,-2631431.37798603,1370,2023,1526478,2023/04/02 00:00:00+00,Abril,2,Domingo,1899/12/30 00:00:00+00,15:46:00,15,REGION ANTOFAGASTA,SAN PEDRO ATACAMA,VOLCADURA,VOLCADURA,RURAL,TRAMO DE VIA RECTA,ALCOHOL EN CONDUCTOR,CONDUCCION EN ESTADO DE EBRIEDAD, , , ,0,27 CH,66,BIDIRECCIONAL,ASFALTO,BUENO,SECO,DESPEJADO,0,1,0,0,02,022,02203,Antofagasta,El Loa,San Pedro de Atacama,Ruta,27 CH km 66,-22.995144,-67.623782
-7862415.13074409,-3956116.66163374,1371,2023,1515885,2023/03/03 00:00:00+00,Marzo,3,Viernes,1899/12/30 00:00:00+00,05:12:00,5,REGION METROPOLITANA,ÑUÑOA,ATROPELLO,ATROPELLO,URBANA,CRUCE CON SEMAFORO FUNCIONANDO,IMPRUDENCIA DEL PEATON,IMPRUDENCIA DEL PEATON,VICUÑA MACKENNA, ,- VICUÑA MACKENNA,1220, , ,UNIDIRECCIONAL,ASFALTO,BUENO,SECO,DESPEJADO,0,1,0,1,13,131,13120,Metropolitana de Santiago,Santiago,Ñuñoa,Numero,"VICUÑA MACKENNA 1220, Ñuñoa",-33.456965,-70.629277
-8040158.53348102,-4763523.59219467,1372,2023,1557835,2023/09/07 00:00:00+00,Septiembre,7,Jueves,1899/12/30 00:00:00+00,10:00:00,10,REGION ARAUCANIA,VILLARRICA,COLISION LATERAL,COLISION,URBANA,TRAMO DE VIA RECTA,IMPRUDENCIA DEL CONDUCTOR,NO RESPETAR DERECHO PREFERENTE DE PASO A VEHICULO,COLO COLO, ,- COLO COLO,1122, , ,BIDIRECCIONAL,ASFALTO,BUENO,MOJADO,LLUVIA,0,0,0,1,09,091,09120,La Araucanía,Cautín,Villarrica,Numero,"COLO COLO 1122, Villarrica",-39.291574,-72.225973
-7931487.34717734,-3513037.26407065,1373,2023,1521428,2023/04/02 00:00:00+00,Abril,2,Domingo,1899/12/30 00:00:00+00,21:10:00,21,REGION COQUIMBO,COQUIMBO,COLISION POR ALCANCE,COLISION,RURAL,TRAMO DE VIA RECTA,IMPRUDENCIA DEL CONDUCTOR,CONDUCCION NO ATENTO CONDICIONES TRANSITO MOMENTO, , , ,0,RUTA 43,65,BIDIRECCIONAL,ASFALTO,BUENO,SECO,DESPEJADO,0,1,0,1,04,041,04102,Coquimbo,Elqui,Coquimbo,Ruta,RUTA 43 km 65,-30.073781,-71.249763
-7870044.25035405,-3928374.76389866,1374,2023,1576962,2023/12/09 00:00:00+00,Diciembre,9,Sábado,1899/12/30 00:00:00+00,23:10:00,23,REGION METROPOLITANA,COLINA,VOLCADURA,VOLCADURA,RURAL,TRAMO DE VIA RECTA,IMPRUDENCIA DEL CONDUCTOR,CONDUCCION NO ATENTO CONDICIONES TRANSITO MOMENTO, , , ,0,RUTA 57,"13,9",BIDIRECCIONAL CON BANDEJON,ASFALTO,BUENO,SECO,DESPEJADO,0,1,0,0,13,133,13301,Metropolitana de Santiago,Chacabuco,Colina,Numero,"RUTA 57 km 13,9",-33.2488,-70.69781
-7862097.71494917,-3947674.0761573,1375,2023,1513681,2023/03/03 00:00:00+00,Marzo,3,Viernes,1899/12/30 00:00:00+00,10:00:00,10,REGION METROPOLITANA,SAN RAMON,COLISION,COLISION,URBANA,OTROS NO CONSIDERADOS,IMPRUDENCIA DEL CONDUCTOR,CONDUCCION CAMBIAR SORPRESIVAMENTE PISTA CIRCULACION,AMERICO VESPUCIO, ,- AMERICO VESPUCIO,4, , ,UNIDIRECCIONAL,ASFALTO,BUENO,SECO,DESPEJADO,0,0,0,2,13,131,13131,Metropolitana de Santiago,Santiago,San Ramón,Numero,"AMERICO VESPUCIO 4, San Ramón",-33.393668,-70.626425
-7879237.88356501,-3954147.56119288,1376,2023,1558830,2023/09/07 00:00:00+00,Septiembre,7,Jueves,1899/12/30 00:00:00+00,10:20:00,10,REGION METROPOLITANA,PUDAHUEL,COLISION POR ALCANCE,COLISION,URBANA,TRAMO DE VIA RECTA,IMPRUDENCIA DEL CONDUCTOR,CONDUCCION SIN MANTENER DISTANCIA RAZONABLE NI PRUDENTE,AMERICO VESPUCIO, ,- AMERICO VESPUCIO,15150, , ,BIDIRECCIONAL,ASFALTO,REGULAR,SECO,DESPEJADO,0,0,0,0,13,131,13124,Metropolitana de Santiago,Santiago,Pudahuel,Numero,"AMERICO VESPUCIO 15150, Pudahuel",-33.442206,-70.780398
-7987030.60567695,-4331687.98838872,1377,2023,1521244,2023/04/04 00:00:00+00,Abril,4,Martes,1899/12/30 00:00:00+00,18:40:00,18,REGION MAULE,PARRAL,COLISION POR ALCANCE,COLISION,RURAL,TRAMO DE VIA RECTA,IMPRUDENCIA DEL CONDUCTOR,CONDUCCION SIN MANTENER DISTANCIA RAZONABLE NI PRUDENTE, , , ,0,L-835,1,BIDIRECCIONAL,CONCRETO,BUENO,SECO,DESPEJADO,1,0,0,0,07,074,07404,Maule,Linares,Parral,Ruta,L-835 km 1,-36.225454,-71.748717
-7863837.86761899,-3958238.62285604,1378,2023,1583573,2023/12/10 00:00:00+00,Diciembre,10,Domingo,1899/12/30 00:00:00+00,07:10:00,7,REGION METROPOLITANA,SANTIAGO,VOLCADURA,VOLCADURA,URBANA,TRAMO DE VIA RECTA,VELOCIDAD IMPRUDENTE,VELOCIDAD NO RAZONABLE NI PRUDENTE,FRANKLIN, ,- FRANKLIN,160, , ,UNIDIRECCIONAL,CONCRETO,REGULAR,SECO,DESPEJADO,0,1,0,0,13,131,13101,Metropolitana de Santiago,Santiago,Santiago,Numero,"FRANKLIN 160, Santiago",-33.472867,-70.642057
-7870131.67097505,-3963098.20100057,1379,2023,1515359,2023/03/03 00:00:00+00,Marzo,3,Viernes,1899/12/30 00:00:00+00,16:30:00,16,REGION METROPOLITANA,RENCA,COLISION,COLISION,RURAL,TRAMO DE VIA RECTA,IMPRUDENCIA DEL CONDUCTOR,CONDUCCION NO ATENTO CONDICIONES TRANSITO MOMENTO, , , ,0,RUTA 74,"5,6",BIDIRECCIONAL CON BANDEJON,ASFALTO,BUENO,SECO,DESPEJADO,0,0,0,0,13,131,13128,Metropolitana de Santiago,Santiago,Renca,Numero,"RUTA 74 km 5,6",-33.509273,-70.698596
-7929691.23837398,-3592682.19370029,1380,2023,1522104,2023/04/05 00:00:00+00,Abril,5,Miércoles,1899/12/30 00:00:00+00,07:40:00,7,REGION COQUIMBO,OVALLE,COLISION,COLISION,RURAL,CRUCE SIN SEÑALIZACION,IMPRUDENCIA DEL CONDUCTOR,NO RESPETAR DERECHO PREFERENTE DE PASO A VEHICULO, , , ,0,D-605,6,BIDIRECCIONAL,CONCRETO,BUENO,SECO,DESPEJADO,0,1,0,1,04,043,04301,Coquimbo,Limarí,Ovalle,Ruta,D-605 km 6,-30.690984,-71.233628
-7865148.24746091,-3919264.77924471,1381,2023,1580182,2023/12/10 00:00:00+00,Diciembre,10,Domingo,1899/12/30 00:00:00+00,11:40:00,11,REGION METROPOLITANA,COLINA,CHOQUE LADO/LADO,CHOQUE,URBANA,TRAMO DE VIA RECTA,IMPRUDENCIA DEL CONDUCTOR,CONDUCCION NO ATENTO CONDICIONES TRANSITO MOMENTO,ESMERALDA, ,- ESMERALDA,806, , ,BIDIRECCIONAL,ASFALTO,BUENO,SECO,DESPEJADO,0,0,0,1,13,133,13301,Metropolitana de Santiago,Chacabuco,Colina,Numero,"ESMERALDA 806, Colina",-33.180334,-70.653829
-8137027.62738194,-4403002.39785519,1382,2023,1557747,2023/09/08 00:00:00+00,Septiembre,8,Viernes,1899/12/30 00:00:00+00,08:00:00,8,REGION BIO BIO,TALCAHUANO,COLISION LATERAL,COLISION,URBANA,TRAMO DE VIA RECTA,IMPRUDENCIA DEL CONDUCTOR,VIRAJES INDEBIDOS,MANUEL MONTT, ,- MANUEL MONTT,3111, , ,BIDIRECCIONAL,CONCRETO,BUENO,SECO,DESPEJADO,0,0,0,2,08,081,08110,Biobío,Concepción,Talcahuano,Numero,"MANUEL MONTT 3111, Talcahuano",-36.740537,-73.096163
-7870596.7157287,-3964205.74440191,1383,2023,1515408,2023/03/03 00:00:00+00,Marzo,3,Viernes,1899/12/30 00:00:00+00,16:30:00,16,REGION METROPOLITANA,RENCA,COLISION,COLISION,RURAL,TRAMO DE VIA RECTA,IMPRUDENCIA DEL CONDUCTOR,CONDUCCION NO ATENTO CONDICIONES TRANSITO MOMENTO, , , ,0,RUTA 74,"4,6",BIDIRECCIONAL CON BANDEJON,ASFALTO,BUENO,SECO,DESPEJADO,0,0,0,1,13,131,13128,Metropolitana de Santiago,Santiago,Renca,Numero,"RUTA 74 km 4,6",-33.517568,-70.702773
-7926265.70206796,-3493013.89724782,1384,2023,1521609,2023/04/05 00:00:00+00,Abril,5,Miércoles,1899/12/30 00:00:00+00,14:00:00,14,REGION COQUIMBO,LA SERENA,CHOQUE LADO/LADO,CHOQUE,RURAL,CRUCE CON SEÑAL PARE,DESOBEDIENCIA A SEÑALIZACION,SEÑALIZACION DESOBEDECER SEÑAL PARE, , , ,0,41 CH,6,BIDIRECCIONAL,ASFALTO,REGULAR,SECO,DESPEJADO,0,1,0,1,04,041,04101,Coquimbo,Elqui,La Serena,Ruta,41 CH km 6,-29.918,-71.202856
-7929579.89764343,-3978860.93895674,1385,2023,1576795,2023/12/10 00:00:00+00,Diciembre,10,Domingo,1899/12/30 00:00:00+00,13:30:00,13,REGION METROPOLITANA,MELIPILLA,VOLCADURA,VOLCADURA,RURAL,TRAMO DE VIA CURVA HORIZONTAL,IMPRUDENCIA DEL CONDUCTOR,CONDUCCION NO ATENTO CONDICIONES TRANSITO MOMENTO, , , ,0,G-74-F,7,BIDIRECCIONAL,ASFALTO,BUENO,SECO,DESPEJADO,1,0,0,0,13,135,13501,Metropolitana de Santiago,Melipilla,Melipilla,Numero,G-74-F km 7,-33.627257,-71.232628
-7876389.43808575,-3954384.51303968,1386,2023,1515946,2023/03/03 00:00:00+00,Marzo,3,Viernes,1899/12/30 00:00:00+00,17:20:00,17,REGION METROPOLITANA,PUDAHUEL,COLISION,COLISION,URBANA,TRAMO DE VIA RECTA,IMPRUDENCIA DEL CONDUCTOR,VIRAJES INDEBIDOS,SAN PABLO, ,- SAN PABLO,8776, , ,BIDIRECCIONAL,ASFALTO,REGULAR,SECO,DESPEJADO,0,0,0,1,13,131,13124,Metropolitana de Santiago,Santiago,Pudahuel,Numero,"SAN PABLO 8776, Pudahuel",-33.443982,-70.75481
-7864714.47187355,-3857971.14041409,1387,2023,1558809,2023/09/08 00:00:00+00,Septiembre,8,Viernes,1899/12/30 00:00:00+00,12:15:00,12,REGION VALPARAISO,SANTA MARIA,CHOQUE LATERAL,CHOQUE,URBANA,TRAMO DE VIA RECTA,IMPRUDENCIA DEL CONDUCTOR,CONDUCCION NO ATENTO CONDICIONES TRANSITO MOMENTO,LA HIGUERA, ,- LA HIGUERA,0, , ,BIDIRECCIONAL,ASFALTO,BUENO,SECO,DESPEJADO,0,0,0,0,05,057,05706,Valparaíso,San Felipe de Aconcagua,Santa María,Numero,"LA HIGUERA 0, Santa María",-32.71829,-70.649932
-8012455.82946392,-4472431.90153338,1388,2023,1522681,2023/04/05 00:00:00+00,Abril,5,Miércoles,1899/12/30 00:00:00+00,16:40:00,16,REGION BIO BIO,TUCAPEL,VOLCADURA,VOLCADURA,RURAL,TRAMO DE VIA RECTA,IMPRUDENCIA DEL CONDUCTOR,NO RESPETAR DERECHO PREFERENTE DE PASO A VEHICULO, , , ,0,N-965,3,BIDIRECCIONAL,ASFALTO,BUENO,SECO,DESPEJADO,0,1,0,0,08,083,08312,Biobío,Biobío,Tucapel,Ruta,N-965 km 3,-37.238707,-71.977115
-7856438.27047586,-3957424.51075315,1389,2023,1580763,2023/12/11 00:00:00+00,Diciembre,11,Lunes,1899/12/30 00:00:00+00,08:00:00,8,REGION METROPOLITANA,ÑUÑOA,COLISION,COLISION,URBANA,TRAMO DE VIA RECTA,IMPRUDENCIA DEL CONDUCTOR,CONDUCCION NO ATENTO CONDICIONES TRANSITO MOMENTO,AMERICO VESPUCIO, ,- AMERICO VESPUCIO,1175, , ,BIDIRECCIONAL CON BANDEJON,CONCRETO,BUENO,SECO,DESPEJADO,0,0,0,2,13,131,13120,Metropolitana de Santiago,Santiago,Ñuñoa,Numero,"AMERICO VESPUCIO 1175, Ñuñoa",-33.466766,-70.575586
-8122408.16672913,-5079551.13960288,1390,2023,1515028,2023/03/03 00:00:00+00,Marzo,3,Viernes,1899/12/30 00:00:00+00,22:30:00,22,REGION LOS LAGOS,PUERTO MONTT,COLISION POR ALCANCE,COLISION,URBANA,TRAMO DE VIA RECTA,IMPRUDENCIA DEL CONDUCTOR,CONDUCCION SIN MANTENER DISTANCIA RAZONABLE NI PRUDENTE,EL TENIENTE, ,- EL TENIENTE,101, , ,BIDIRECCIONAL,CONCRETO,BUENO,SECO,DESPEJADO,0,0,0,1,10,101,10101,Los Lagos,Llanquihue,Puerto Montt,Numero,"EL TENIENTE 101, Puerto Montt",-41.454082,-72.964834
-7868219.0570628,-3966122.15260829,1391,2023,1557528,2023/09/08 00:00:00+00,Septiembre,8,Viernes,1899/12/30 00:00:00+00,12:35:00,12,REGION METROPOLITANA,LA CISTERNA,COLISION POR ALCANCE,COLISION,URBANA,TRAMO DE VIA RECTA,IMPRUDENCIA DEL CONDUCTOR,CONDUCCION SIN MANTENER DISTANCIA RAZONABLE NI PRUDENTE,JOSE JOAQUIN PRIETO VIAL, ,- JOSE JOAQUIN PRIETO VIAL,8800, , ,UNIDIRECCIONAL,CONCRETO,BUENO,SECO,DESPEJADO,0,0,0,0,13,131,13109,Metropolitana de Santiago,Santiago,La Cisterna,Numero,"JOSE JOAQUIN PRIETO VIAL 8800, La Cisterna",-33.53192,-70.681414
-7895553.30484204,-4123137.20598104,1392,2023,1579339,2023/12/11 00:00:00+00,Diciembre,11,Lunes,1899/12/30 00:00:00+00,12:35:00,12,REGION LIB.B.O'HIGGINS,CHIMBARONGO,COLISION LATERAL,COLISION,URBANA,TRAMO DE VIA RECTA,IMPRUDENCIA DEL CONDUCTOR,CONDUCCION NO ATENTO CONDICIONES TRANSITO MOMENTO,SAN JUAN DE LA SIERRA, ,- SAN JUAN DE LA SIERRA,5, , ,BIDIRECCIONAL,ASFALTO,BUENO,SECO,DESPEJADO,0,1,0,0,06,063,06303,Libertador General Bernardo O'Higgins,Colchagua,Chimbarongo,Numero,"SAN JUAN DE LA SIERRA 5, Chimbarongo",-34.699634,-70.926962
-7873279.81846847,-4045428.7089911,1393,2023,1523655,2023/04/06 00:00:00+00,Abril,6,Jueves,1899/12/30 00:00:00+00,11:20:00,11,REGION LIB.B.O'HIGGINS,RANCAGUA,COLISION POR ALCANCE,COLISION,RURAL,TRAMO DE VIA RECTA,IMPRUDENCIA DEL CONDUCTOR,CONDUCCION SIN MANTENER DISTANCIA RAZONABLE NI PRUDENTE, , , ,0,RUTA TRAVESIA,"79,2",BIDIRECCIONAL CON BANDEJON,ASFALTO,BUENO,SECO,DESPEJADO,0,1,0,0,06,061,06101,Libertador General Bernardo O'Higgins,Cachapoal,Rancagua,Ruta,"RUTA TRAVESIA km 79,2",-34.123735,-70.726876
-7859056.26768861,-3949583.23943751,1394,2023,1516652,2023/03/04 00:00:00+00,Marzo,4,Sábado,1899/12/30 00:00:00+00,06:50:00,6,REGION METROPOLITANA,VITACURA,CHOQUE FRONTAL,CHOQUE,URBANA,TRAMO DE VIA RECTA,IMPRUDENCIA DEL CONDUCTOR,CONDUCCION NO ATENTO CONDICIONES TRANSITO MOMENTO,PDTE KENNEDY, ,- PDTE KENNEDY,2600, , ,BIDIRECCIONAL CON BANDEJON,ASFALTO,BUENO,SECO,DESPEJADO,0,0,0,2,13,131,13132,Metropolitana de Santiago,Santiago,Vitacura,Numero,"PDTE KENNEDY 2600, Vitacura",-33.407985,-70.599104
-8024673.54327112,-4384376.80923011,1395,2023,1513829,2023/03/04 00:00:00+00,Marzo,4,Sábado,1899/12/30 00:00:00+00,19:30:00,19,REGION ÑUBLE,CHILLAN,CHOQUE FRENTE/POSTERIOR,CHOQUE,URBANA,TRAMO DE VIA RECTA,IMPRUDENCIA DEL CONDUCTOR,CONDUCCION SIN MANTENER DISTANCIA RAZONABLE NI PRUDENTE,LA CONCEPCION, ,- LA CONCEPCION,164, , ,BIDIRECCIONAL,CONCRETO,BUENO,SECO,DESPEJADO,0,0,0,0,16,161,16101,Ñuble,Diguillín,Chillán,Numero,"LA CONCEPCION 164, Chillán",-36.60634,-72.086869
-7861909.14334965,-3956193.12037662,1396,2023,1561287,2023/09/08 00:00:00+00,Septiembre,8,Viernes,1899/12/30 00:00:00+00,14:30:00,14,REGION METROPOLITANA,ÑUÑOA,COLISION POR ALCANCE,COLISION,URBANA,TRAMO DE VIA RECTA,IMPRUDENCIA DEL CONDUCTOR,CONDUCCION SIN MANTENER DISTANCIA RAZONABLE NI PRUDENTE,GRECIA, ,- GRECIA,561, , ,BIDIRECCIONAL CON BANDEJON,CONCRETO,BUENO,SECO,DESPEJADO,0,1,0,0,13,131,13120,Metropolitana de Santiago,Santiago,Ñuñoa,Numero,"GRECIA 561, Ñuñoa",-33.457538,-70.624731
-7865729.96611719,-4042724.06428854,1397,2023,1515019,2023/03/04 00:00:00+00,Marzo,4,Sábado,1899/12/30 00:00:00+00,20:30:00,20,REGION LIB.B.O'HIGGINS,CODEGUA,COLISION,COLISION,URBANA,TRAMO DE VIA RECTA,IMPRUDENCIA DEL CONDUCTOR,NO RESPETAR DERECHO PREFERENTE DE PASO A VEHICULO,SECTOR EL ROMERAL, ,- SECTOR EL ROMERAL,1, , ,BIDIRECCIONAL,ASFALTO,BUENO,SECO,DESPEJADO,0,0,0,1,06,061,06102,Libertador General Bernardo O'Higgins,Cachapoal,Codegua,Numero,"SECTOR EL ROMERAL 1, Codegua",-34.103619,-70.659054
-7869970.86156598,-3943937.73071962,1398,2023,1577155,2023/12/12 00:00:00+00,Diciembre,12,Martes,1899/12/30 00:00:00+00,00:40:00,0,REGION METROPOLITANA,QUILICURA,CHOQUE FRONTAL,CHOQUE,URBANA,TRAMO DE VIA RECTA,VELOCIDAD IMPRUDENTE,VELOCIDAD NO RAZONABLE NI PRUDENTE,AMERICO VESPUCIO, ,- AMERICO VESPUCIO,2000, , ,UNIDIRECCIONAL,ASFALTO,REGULAR,SECO,DESPEJADO,1,0,0,0,13,131,13125,Metropolitana de Santiago,Santiago,Quilicura,Numero,"AMERICO VESPUCIO 2000, Quilicura",-33.36564,-70.697151
-7828733.68554898,-2707938.27200411,1399,2023,1523359,2023/04/06 00:00:00+00,Abril,6,Jueves,1899/12/30 00:00:00+00,15:00:00,15,REGION ANTOFAGASTA,ANTOFAGASTA,COLISION PERPENDICULAR,COLISION,RURAL,TRAMO DE VIA RECTA,IMPRUDENCIA DEL CONDUCTOR,VIRAJES INDEBIDOS, , , ,0,RUTA 26,8,BIDIRECCIONAL,ASFALTO,BUENO,SECO,DESPEJADO,0,0,1,0,02,021,02101,Antofagasta,Antofagasta,Antofagasta,Ruta,RUTA 26 km 8,-23.626312,-70.326711
-7857170.21469591,-3964880.19100024,1400,2023,1558547,2023/09/08 00:00:00+00,Septiembre,8,Viernes,1899/12/30 00:00:00+00,18:20:00,18,REGION METROPOLITANA,LA FLORIDA,COLISION LATERAL,COLISION,URBANA,OTROS NO CONSIDERADOS,IMPRUDENCIA DEL CONDUCTOR,CONDUCCION CAMBIAR SORPRESIVAMENTE PISTA CIRCULACION,WALKER MARTINEZ, ,- WALKER MARTINEZ,1478, , ,BIDIRECCIONAL,ASFALTO,BUENO,SECO,DESPEJADO,0,1,0,0,13,131,13110,Metropolitana de Santiago,Santiago,La Florida,Numero,"WALKER MARTINEZ 1478, La Florida",-33.522619,-70.582161
-8033335.43879661,-4791136.14509688,1401,2023,1516916,2023/03/05 00:00:00+00,Marzo,5,Domingo,1899/12/30 00:00:00+00,05:26:00,5,REGION ARAUCANIA,VILLARRICA,COLISION POR ALCANCE,COLISION,URBANA,TRAMO DE VIA RECTA,IMPRUDENCIA DEL CONDUCTOR,CONDUCCION NO ATENTO CONDICIONES TRANSITO MOMENTO,GENERAL URRUTIA, ,- GENERAL URRUTIA,1015, , ,BIDIRECCIONAL,ASFALTO,BUENO,SECO,DESPEJADO,0,2,0,0,09,091,09120,La Araucanía,Cautín,Villarrica,Numero,"GENERAL URRUTIA 1015, Villarrica",-39.483284,-72.16468
-7833524.2080705,-2719511.30197648,1402,2023,1522558,2023/04/06 00:00:00+00,Abril,6,Jueves,1899/12/30 00:00:00+00,16:40:00,16,REGION ANTOFAGASTA,ANTOFAGASTA,COLISION,COLISION,RURAL,TRAMO DE VIA RECTA,IMPRUDENCIA DEL CONDUCTOR,CONDUCCION NO ATENTO CONDICIONES TRANSITO MOMENTO, , , ,0,RUTA 28,9,BIDIRECCIONAL,ASFALTO,BUENO,SECO,DESPEJADO,0,1,0,0,02,021,02101,Antofagasta,Antofagasta,Antofagasta,Ruta,RUTA 28 km 9,-23.721525,-70.369745
-7861914.31862617,-3876354.79779536,1403,2023,1577524,2023/12/12 00:00:00+00,Diciembre,12,Martes,1899/12/30 00:00:00+00,07:00:00,7,REGION VALPARAISO,CALLE LARGA,CHOQUE FRONTAL,CHOQUE,URBANA,TRAMO DE VIA RECTA,IMPRUDENCIA DEL CONDUCTOR,CONDUCCION NO ATENTO CONDICIONES TRANSITO MOMENTO,LA PAMPILLA, ,- LA PAMPILLA,168, , ,BIDIRECCIONAL,CONCRETO,BUENO,SECO,DESPEJADO,0,0,0,0,05,053,05302,Valparaíso,Los Andes,Calle Larga,Numero,"LA PAMPILLA 168, Calle Larga",-32.857123,-70.624778
-8016467.06717044,-4424670.39572299,1404,2023,1559393,2023/09/08 00:00:00+00,Septiembre,8,Viernes,1899/12/30 00:00:00+00,20:00:00,20,REGION ÑUBLE,EL CARMEN,COLISION LATERAL,COLISION,URBANA,TRAMO DE VIA RECTA,IMPRUDENCIA DEL CONDUCTOR,CONDUCCION NO ATENTO CONDICIONES TRANSITO MOMENTO,GENERAL BAQUEDANO, ,- GENERAL BAQUEDANO,1242, , ,BIDIRECCIONAL,ASFALTO,REGULAR,SECO,DESPEJADO,0,0,0,1,16,161,16104,Ñuble,Diguillín,El Carmen,Numero,"GENERAL BAQUEDANO 1242, El Carmen",-36.896359,-72.013149
-7886404.4086969,-3973631.34888296,1405,2023,1513950,2023/03/05 00:00:00+00,Marzo,5,Domingo,1899/12/30 00:00:00+00,15:15:00,15,REGION METROPOLITANA,PEÑAFLOR,VOLCADURA,VOLCADURA,RURAL,TRAMO DE VIA RECTA,VELOCIDAD IMPRUDENTE,VELOCIDAD NO RAZONABLE NI PRUDENTE, , , ,0,RUTA 78,26,BIDIRECCIONAL CON BANDEJON,ASFALTO,BUENO,SECO,DESPEJADO,0,1,0,0,13,136,13605,Metropolitana de Santiago,Talagante,Peñaflor,Numero,RUTA 78 km 26,-33.588132,-70.844776
-7851815.07596562,-3950665.86386453,1406,2023,1582163,2023/12/12 00:00:00+00,Diciembre,12,Martes,1899/12/30 00:00:00+00,13:30:00,13,REGION METROPOLITANA,LAS CONDES,COLISION POR ALCANCE,COLISION,URBANA,TRAMO DE VIA RECTA,IMPRUDENCIA DEL CONDUCTOR,CONDUCCION NO ATENTO CONDICIONES TRANSITO MOMENTO,LAS CONDES, ,- LAS CONDES,8321, , ,BIDIRECCIONAL CON BANDEJON,ASFALTO,BUENO,SECO,DESPEJADO,0,0,0,0,13,131,13114,Metropolitana de Santiago,Santiago,Las Condes,Numero,"LAS CONDES 8321, Las Condes",-33.416103,-70.534055
-7995108.89447854,-4754409.02041347,1407,2023,1524115,2023/04/07 00:00:00+00,Abril,7,Viernes,1899/12/30 00:00:00+00,14:30:00,14,REGION ARAUCANIA,PUCON,COLISION,COLISION,RURAL,TRAMO DE VIA RECTA,IMPRUDENCIA DEL CONDUCTOR,CONDUCCION NO ATENTO CONDICIONES TRANSITO MOMENTO, , , ,0,S-905,11,BIDIRECCIONAL,ASFALTO,BUENO,SECO,DESPEJADO,0,0,0,2,09,091,09115,La Araucanía,Cautín,Pucón,Ruta,S-905 km 11,-39.228178,-71.821285