X,Y,FID,Año,IdAccident,Fecha,Mes,Dia_mes,Dia_semana,Hora,Hora_texto,Hora_aprox,Región,Comuna,Tipo_Accid,Tipo__CONA,Zona,Ubicación,Causa__CON,Causa_Acci,Calle_Uno,Calle_Dos,Intersecci,Número,Ruta,Ubicaci_1,Calzada,Tipo_Calza,Estado_Cal,Condición,Estado_Atm,Fallecidos,Graves,Menos_Grav,Leves,CUT_REG,CUT_PROV,CUT_COM,REGION,PROVINCIA,COMUNA1,Tipo_direc,Direccion,Lat,Lon
-7986248.4631125,-4255770.23776173,1408,2023,1558632,2023/09/08 00:00:00+00,Septiembre,8,Viernes,1899/12/30 00:00:00+00,20:55:00,20,REGION MAULE,VILLA ALEGRE,VOLCADURA,VOLCADURA,URBANA,TRAMO DE VIA RECTA,ALCOHOL EN CONDUCTOR,CONDUCCION EN ESTADO DE EBRIEDAD,ABATE MOLINA, ,- ABATE MOLINA,221, , ,BIDIRECCIONAL,CONCRETO,BUENO,SECO,DESPEJADO,0,0,0,1,07,074,07407,Maule,Linares,Villa Alegre,Numero,"ABATE MOLINA 221, Villa Alegre",-35.673371,-71.741691
-7918851.99944291,-4177895.48076936,1409,2023,1518279,2023/03/05 00:00:00+00,Marzo,5,Domingo,1899/12/30 00:00:00+00,20:23:00,20,REGION MAULE,CURICO,COLISION LATERAL,COLISION,RURAL,TRAMO DE VIA RECTA,VELOCIDAD IMPRUDENTE,VELOCIDAD NO RAZONABLE NI PRUDENTE,CALLEJON LAS PIEDRAS, ,- CALLEJON LAS PIEDRAS,2, , ,BIDIRECCIONAL,RIPIO,MALO, ,DESPEJADO,0,0,1,0,07,073,07301,Maule,Curicó,Curicó,Numero,"CALLEJON LAS PIEDRAS 2, Curicó",-35.10306,-71.136258
-8182268.95366064,-5035952.86782297,1410,2023,1523182,2023/04/07 00:00:00+00,Abril,7,Viernes,1899/12/30 00:00:00+00,15:00:00,15,REGION LOS LAGOS,FRESIA,VOLCADURA,VOLCADURA,RURAL,TRAMO DE VIA RECTA,VELOCIDAD IMPRUDENTE,VELOCIDAD NO RAZONABLE NI PRUDENTE, , , ,0,V-310,1,BIDIRECCIONAL,ASFALTO,BUENO,HUMEDO,NUBLADO,0,1,0,0,10,101,10104,Los Lagos,Llanquihue,Fresia,Ruta,V-310 km 1,-41.159882,-73.502573
-7877601.00964558,-3979087.65667704,1411,2023,1571608,2023/09/09 00:00:00+00,Septiembre,9,Sábado,1899/12/30 00:00:00+00,18:30:00,18,REGION METROPOLITANA,CALERA DE TANGO,COLISION LATERAL,COLISION,URBANA,TRAMO DE VIA RECTA,IMPRUDENCIA DEL CONDUCTOR,ADELANTAMIENTO POR LA BERMA,CALERA DE TANGO, ,- CALERA DE TANGO,8, , ,BIDIRECCIONAL,ASFALTO,BUENO,SECO,DESPEJADO,0,1,0,0,13,134,13403,Metropolitana de Santiago,Maipo,Calera de Tango,Numero,"CALERA DE TANGO 8, Calera de Tango",-33.628953,-70.765694
-7957735.12287127,-4236715.65277924,1412,2023,1516197,2023/03/06 00:00:00+00,Marzo,6,Lunes,1899/12/30 00:00:00+00,08:30:00,8,REGION MAULE,SAN CLEMENTE,COLISION POR ALCANCE,COLISION,URBANA,TRAMO DE VIA RECTA,IMPRUDENCIA DEL CONDUCTOR,CONDUCCION NO ATENTO CONDICIONES TRANSITO MOMENTO,CLODOMIRO SILVA, ,- CLODOMIRO SILVA,2563, , ,BIDIRECCIONAL,ASFALTO,BUENO,SECO,DESPEJADO,0,0,0,1,07,071,07109,Maule,Talca,San Clemente,Numero,"CLODOMIRO SILVA 2563, San Clemente",-35.534199,-71.485551
-7905885.56748309,-4143979.31203009,1413,2023,1522865,2023/04/07 00:00:00+00,Abril,7,Viernes,1899/12/30 00:00:00+00,16:30:00,16,REGION MAULE,TENO,VOLCADURA,VOLCADURA,RURAL,TRAMO DE VIA RECTA,VELOCIDAD IMPRUDENTE,VELOCIDAD NO RAZONABLE NI PRUDENTE, , , ,0,J-119,"3,5",BIDIRECCIONAL,ASFALTO,BUENO,SECO,DESPEJADO,0,0,1,1,07,073,07308,Maule,Curicó,Teno,Ruta,"J-119 km 3,5",-34.85342,-71.019778
-7867959.48426679,-3931203.95863063,1414,2023,1580198,2023/12/12 00:00:00+00,Diciembre,12,Martes,1899/12/30 00:00:00+00,18:20:00,18,REGION METROPOLITANA,COLINA,COLISION PERPENDICULAR,COLISION,URBANA,TRAMO DE VIA RECTA,IMPRUDENCIA DEL CONDUCTOR,ADELANTAMIENTO SIN EL ESPACIO O TIEMPO SUFICIENTE,LOS INGLESES, ,- LOS INGLESES,112, , ,BIDIRECCIONAL,ASFALTO,BUENO,SECO,DESPEJADO,0,0,0,0,13,133,13301,Metropolitana de Santiago,Chacabuco,Colina,Numero,"LOS INGLESES 112, Colina",-33.270052,-70.679083
-7907656.01903626,-4122881.42485446,1415,2023,1562363,2023/09/09 00:00:00+00,Septiembre,9,Sábado,1899/12/30 00:00:00+00,18:50:00,18,REGION LIB.B.O'HIGGINS,CHIMBARONGO,COLISION LATERAL,COLISION,URBANA,TRAMO DE VIA RECTA,IMPRUDENCIA DEL CONDUCTOR,CONDUCCION CAMBIAR SORPRESIVAMENTE PISTA CIRCULACION,MIRAFLORES, ,- MIRAFLORES,1051, , ,BIDIRECCIONAL,ASFALTO,BUENO,SECO,DESPEJADO,0,0,0,1,06,063,06303,Libertador General Bernardo O'Higgins,Colchagua,Chimbarongo,Numero,"MIRAFLORES 1051, Chimbarongo",-34.697745,-71.035683
-7874901.52406088,-4047956.14783457,1416,2023,1516841,2023/03/06 00:00:00+00,Marzo,6,Lunes,1899/12/30 00:00:00+00,10:00:00,10,REGION LIB.B.O'HIGGINS,RANCAGUA,COLISION PERPENDICULAR,COLISION,URBANA,TRAMO DE VIA RECTA,IMPRUDENCIA DEL CONDUCTOR,VIRAJES INDEBIDOS,TUNICHE, ,- TUNICHE,940, , ,BIDIRECCIONAL,CONCRETO,BUENO,SECO,DESPEJADO,0,0,0,0,06,061,06101,Libertador General Bernardo O'Higgins,Cachapoal,Rancagua,Numero,"TUNICHE 940, Rancagua",-34.142528,-70.741444
-7888146.42223898,-4082473.68345765,1417,2023,1577871,2023/12/13 00:00:00+00,Diciembre,13,Miércoles,1899/12/30 00:00:00+00,08:00:00,8,REGION LIB.B.O'HIGGINS,RENGO,COLISION LATERAL,COLISION,URBANA,CRUCE CON SEMAFORO FUNCIONANDO,IMPRUDENCIA DEL CONDUCTOR,NO RESPETAR DERECHO PREFERENTE DE PASO A VEHICULO,EGENAU, ,- EGENAU,310, , ,BIDIRECCIONAL,ASFALTO,BUENO,SECO,DESPEJADO,0,0,0,0,06,061,06115,Libertador General Bernardo O'Higgins,Cachapoal,Rengo,Numero,"EGENAU 310, Rengo",-34.398771,-70.860425
-7926266.99260595,-4116881.40006218,1418,2023,1528576,2023/04/07 00:00:00+00,Abril,7,Viernes,1899/12/30 00:00:00+00,20:30:00,20,REGION LIB.B.O'HIGGINS,NANCAGUA,COLISION LATERAL,COLISION,RURAL,TRAMO DE VIA RECTA,IMPRUDENCIA DEL CONDUCTOR,CONDUCCION NO ATENTO CONDICIONES TRANSITO MOMENTO, , , ,0,I-50,23,BIDIRECCIONAL,ASFALTO,BUENO,SECO,DESPEJADO,0,0,1,0,06,063,06305,Libertador General Bernardo O'Higgins,Colchagua,Nancagua,Ruta,I-50 km 23,-34.653419,-71.202868
-7798405.1541618,-3048257.5650456,1419,2023,1557525,2023/09/09 00:00:00+00,Septiembre,9,Sábado,1899/12/30 00:00:00+00,19:50:00,19,REGION ATACAMA,DIEGO DE ALMAGRO,IMPACTO CON ANIMAL,OTRO TIPO,URBANA,TRAMO DE VIA RECTA,IMPRUDENCIA DEL CONDUCTOR,CONDUCCION NO ATENTO CONDICIONES TRANSITO MOMENTO,TOMAS DA SILVA, ,- TOMAS DA SILVA,1115, , ,UNIDIRECCIONAL,ASFALTO,BUENO,SECO,DESPEJADO,0,1,0,1,03,032,03202,Atacama,Chañaral,Diego de Almagro,Numero,"TOMAS DA SILVA 1115, Diego de Almagro",-26.396379,-70.054265
-7951994.46418365,-3901056.5504906,1420,2023,1514095,2023/03/06 00:00:00+00,Marzo,6,Lunes,1899/12/30 00:00:00+00,10:00:00,10,REGION VALPARAISO,QUILPUE,COLISION FRONTAL,COLISION,URBANA,OTROS NO CONSIDERADOS,IMPRUDENCIA DEL CONDUCTOR,CONDUCCION NO ATENTO CONDICIONES TRANSITO MOMENTO,FREIRE, ,- FREIRE,1351, , ,UNIDIRECCIONAL,CONCRETO,BUENO,SECO,DESPEJADO,0,0,0,1,05,058,05801,Valparaíso,Marga Marga,Quilpué,Numero,"FREIRE 1351, Quilpué",-33.043329,-71.433982
-7869355.54821245,-3972016.67566719,1421,2023,1578591,2023/12/13 00:00:00+00,Diciembre,13,Miércoles,1899/12/30 00:00:00+00,08:25:00,8,REGION METROPOLITANA,EL BOSQUE,COLISION POR ALCANCE,COLISION,URBANA,TRAMO DE VIA RECTA,IMPRUDENCIA DEL CONDUCTOR,CONDUCCION CAMBIAR SORPRESIVAMENTE PISTA CIRCULACION,GRAN AVDA JOSE MIGUEL CARRERA, ,- GRAN AVDA JOSE MIGUEL CARRERA,13280, , ,BIDIRECCIONAL CON BANDEJON,CONCRETO,BUENO,SECO,DESPEJADO,0,0,0,1,13,131,13105,Metropolitana de Santiago,Santiago,El Bosque,Numero,"GRAN AVDA JOSE MIGUEL CARRERA 13280, El Bosque",-33.576048,-70.691624
-7855674.52694157,-3949524.55813052,1422,2023,1565079,2023/09/09 00:00:00+00,Septiembre,9,Sábado,1899/12/30 00:00:00+00,23:30:00,23,REGION METROPOLITANA,LAS CONDES,OTRO TIPO,OTRO TIPO,URBANA,OTROS NO CONSIDERADOS,CAUSAS NO DETERMINADAS,CAUSAS NO DETERMINADAS,O'CONNELL, ,- O'CONNELL,165, , ,BIDIRECCIONAL,ASFALTO,BUENO,SECO,NUBLADO,0,0,0,0,13,131,13114,Metropolitana de Santiago,Santiago,Las Condes,Numero,"O'CONNELL 165, Las Condes",-33.407545,-70.568725
-8053860.18461352,-4505359.28755134,1423,2023,1514142,2023/03/06 00:00:00+00,Marzo,6,Lunes,1899/12/30 00:00:00+00,10:30:00,10,REGION BIO BIO,LOS ANGELES,COLISION,COLISION,URBANA,TRAMO DE VIA RECTA,IMPRUDENCIA DEL CONDUCTOR,CONDUCCION NO ATENTO CONDICIONES TRANSITO MOMENTO,RICARDO VICUÑA, ,- RICARDO VICUÑA,284, , ,BIDIRECCIONAL,CONCRETO,BUENO,SECO,DESPEJADO,0,0,0,1,08,083,08301,Biobío,Biobío,Los Angeles,Numero,"RICARDO VICUÑA 284, Los Angeles",-37.473825,-72.349057
-7928889.8605585,-3874394.77713572,1424,2023,1578022,2023/12/13 00:00:00+00,Diciembre,13,Miércoles,1899/12/30 00:00:00+00,13:30:00,13,REGION VALPARAISO,QUILLOTA,ATROPELLO,ATROPELLO,URBANA,TRAMO DE VIA RECTA,IMPRUDENCIA DEL CONDUCTOR,CONDUCCION NO ATENTO CONDICIONES TRANSITO MOMENTO,4 ORIENTE, ,- 4 ORIENTE,401, , ,BIDIRECCIONAL,ASFALTO,BUENO,SECO,DESPEJADO,0,1,0,0,05,055,05501,Valparaíso,Quillota,Quillota,Numero,"4 ORIENTE 401, Quillota",-32.842332,-71.226429
-8003251.13001577,-4385206.52418921,1425,2023,1523546,2023/04/07 00:00:00+00,Abril,7,Viernes,1899/12/30 00:00:00+00,23:30:00,23,REGION ÑUBLE,COIHUECO,VOLCADURA,VOLCADURA,RURAL,TRAMO DE VIA RECTA,ALCOHOL EN CONDUCTOR,CONDUCCION EN ESTADO DE EBRIEDAD, , , ,0,N-49,19,BIDIRECCIONAL,ASFALTO,BUENO,SECO,DESPEJADO,0,0,0,1,16,163,16302,Ñuble,Punilla,Coihueco,Ruta,N-49 km 19,-36.612323,-71.894428
-8138564.65476465,-4409414.40778217,1426,2023,1557473,2023/09/10 00:00:00+00,Septiembre,10,Domingo,1899/12/30 00:00:00+00,02:00:00,2,REGION BIO BIO,HUALPEN,VOLCADURA,VOLCADURA,URBANA,TRAMO DE VIA RECTA,ALCOHOL EN CONDUCTOR,CONDUCCION EN ESTADO DE EBRIEDAD,CRISTOBAL COLON, ,- CRISTOBAL COLON,8839, , ,BIDIRECCIONAL,CONCRETO,BUENO,HUMEDO,LLUVIA,0,1,0,0,08,081,08112,Biobío,Concepción,Hualpén,Numero,"CRISTOBAL COLON 8839, Hualpén",-36.786681,-73.10997
-7860002.86825862,-3950145.48445011,1427,2023,1515106,2023/03/06 00:00:00+00,Marzo,6,Lunes,1899/12/30 00:00:00+00,12:35:00,12,REGION METROPOLITANA,PROVIDENCIA,COLISION LATERAL,COLISION,URBANA,TRAMO DE VIA RECTA,IMPRUDENCIA DEL CONDUCTOR,CONDUCCION CAMBIAR SORPRESIVAMENTE PISTA CIRCULACION,STA MARIA, ,- STA MARIA,2890, , ,UNIDIRECCIONAL,ASFALTO,BUENO,SECO,DESPEJADO,0,0,0,2,13,131,13123,Metropolitana de Santiago,Santiago,Providencia,Numero,"STA MARIA 2890, Providencia",-33.412201,-70.607607
-8121692.38093391,-5062741.29594607,1428,2023,1523415,2023/04/07 00:00:00+00,Abril,7,Viernes,1899/12/30 00:00:00+00,23:45:00,23,REGION LOS LAGOS,PUERTO MONTT,COLISION POR ALCANCE,COLISION,RURAL,CRUCE CON SEMAFORO FUNCIONANDO,IMPRUDENCIA DEL CONDUCTOR,CONDUCCION NO ATENTO CONDICIONES TRANSITO MOMENTO, , , ,0,V-505,"1,5",BIDIRECCIONAL,CONCRETO,BUENO,SECO,DESPEJADO,0,0,0,1,10,101,10101,Los Lagos,Llanquihue,Puerto Montt,Ruta,"V-505 km 1,5",-41.340807,-72.958404
-7879201.76704716,-3962986.61673676,1429,2023,1581588,2023/12/13 00:00:00+00,Diciembre,13,Miércoles,1899/12/30 00:00:00+00,14:30:00,14,REGION METROPOLITANA,MAIPU,COLISION POR ALCANCE,COLISION,URBANA,TRAMO DE VIA RECTA,IMPRUDENCIA DEL CONDUCTOR,CONDUCCION SIN MANTENER DISTANCIA RAZONABLE NI PRUDENTE,CAMINO A RINCONADA, ,- CAMINO A RINCONADA,1654, , ,UNIDIRECCIONAL,ASFALTO,BUENO,SECO,DESPEJADO,0,0,0,2,13,131,13119,Metropolitana de Santiago,Santiago,Maipú,Numero,"CAMINO A RINCONADA 1654, Maipú",-33.508437,-70.780074
-7845218.98583474,-2925371.36964256,1430,2023,1557724,2023/09/10 00:00:00+00,Septiembre,10,Domingo,1899/12/30 00:00:00+00,17:10:00,17,REGION ANTOFAGASTA,TALTAL,COLISION LATERAL,COLISION,URBANA,TRAMO DE VIA RECTA,ALCOHOL EN CONDUCTOR,CONDUCCION BAJO LA INFLUENCIA DEL ALCOHOL,MATTA, ,- MATTA,432, , ,BIDIRECCIONAL,ASFALTO,BUENO,SECO,DESPEJADO,0,0,0,1,02,021,02104,Antofagasta,Antofagasta,Taltal,Numero,"MATTA 432, Taltal",-25.403369,-70.474801
-7991440.6577489,-4333354.18888625,1431,2023,1526338,2023/04/08 00:00:00+00,Abril,8,Sábado,1899/12/30 00:00:00+00,14:30:00,14,REGION MAULE,PARRAL,COLISION FRONTAL,COLISION,RURAL,TRAMO DE VIA RECTA,ALCOHOL EN CONDUCTOR,CONDUCCION EN ESTADO DE EBRIEDAD, , , ,0,L-831,2,BIDIRECCIONAL,ASFALTO,BUENO,SECO,DESPEJADO,0,0,1,0,07,074,07404,Maule,Linares,Parral,Ruta,L-831 km 2,-36.237527,-71.788333
-7870939.52353287,-3965719.66063388,1432,2023,1518003,2023/03/06 00:00:00+00,Marzo,6,Lunes,1899/12/30 00:00:00+00,15:50:00,15,REGION METROPOLITANA,SANTIAGO,VOLCADURA,VOLCADURA,RURAL,TRAMO DE VIA RECTA,VELOCIDAD IMPRUDENTE,VELOCIDAD NO RAZONABLE NI PRUDENTE, , , ,0,RUTA 74,"3,3",BIDIRECCIONAL CON BANDEJON,ASFALTO,BUENO,SECO,DESPEJADO,0,0,0,1,13,131,13101,Metropolitana de Santiago,Santiago,Santiago,Numero,"RUTA 74 km 3,3",-33.528906,-70.705853
-8092215.87302171,-4552909.4166239,1433,2023,1578097,2023/12/13 00:00:00+00,Diciembre,13,Miércoles,1899/12/30 00:00:00+00,16:30:00,16,REGION ARAUCANIA,ANGOL,COLISION,COLISION,URBANA,TRAMO DE VIA RECTA,IMPRUDENCIA DEL CONDUCTOR,CONDUCIR VEHICULO EN RETROCESO,MAGALLANES, ,- MAGALLANES,1288, , ,BIDIRECCIONAL,CONCRETO,BUENO,SECO,DESPEJADO,0,0,0,1,09,092,09201,La Araucanía,Malleco,Angol,Numero,"MAGALLANES 1288, Angol",-37.812055,-72.693612
-7856071.01914903,-3947221.51076652,1434,2023,1516653,2023/03/06 00:00:00+00,Marzo,6,Lunes,1899/12/30 00:00:00+00,22:40:00,22,REGION METROPOLITANA,VITACURA,CHOQUE FRONTAL,CHOQUE,URBANA,TRAMO DE VIA RECTA,ALCOHOL EN CONDUCTOR,CONDUCCION EN ESTADO DE EBRIEDAD,VITACURA, ,- VITACURA,5900, , ,BIDIRECCIONAL CON BANDEJON,ASFALTO,BUENO,SECO,DESPEJADO,0,1,0,0,13,131,13132,Metropolitana de Santiago,Santiago,Vitacura,Numero,"VITACURA 5900, Vitacura",-33.390273,-70.572287
-7932414.29365673,-3492651.29081848,1435,2023,1558338,2023/09/10 00:00:00+00,Septiembre,10,Domingo,1899/12/30 00:00:00+00,19:50:00,19,REGION COQUIMBO,LA SERENA,COLISION LATERAL,COLISION,URBANA,TRAMO DE VIA RECTA,IMPRUDENCIA DEL CONDUCTOR,CONDUCCION SIN MANTENER DISTANCIA RAZONABLE NI PRUDENTE,HUANHUALI, ,- HUANHUALI,105, , ,BIDIRECCIONAL CON BANDEJON,ASFALTO,BUENO,SECO,DESPEJADO,0,0,0,1,04,041,04101,Coquimbo,Elqui,La Serena,Numero,"HUANHUALI 105, La Serena",-29.915177,-71.25809
-7866587.82996925,-3954850.80283399,1436,2023,1579247,2023/12/13 00:00:00+00,Diciembre,13,Miércoles,1899/12/30 00:00:00+00,18:00:00,18,REGION METROPOLITANA,SANTIAGO,COLISION POR ALCANCE,COLISION,URBANA,TRAMO DE VIA RECTA,VELOCIDAD IMPRUDENTE,VELOCIDAD MAYOR QUE MAXIMA PERMITIDA,LIBER BERNARDO O'HIGGINS, ,- LIBER BERNARDO O'HIGGINS,2259, , ,BIDIRECCIONAL CON BANDEJON,ASFALTO,BUENO,SECO,DESPEJADO,0,0,0,1,13,131,13101,Metropolitana de Santiago,Santiago,Santiago,Numero,"LIBER BERNARDO O'HIGGINS 2259, Santiago",-33.447477,-70.666761
-8004687.53479794,-4710659.80549284,1437,2023,1523342,2023/04/08 00:00:00+00,Abril,8,Sábado,1899/12/30 00:00:00+00,19:50:00,19,REGION ARAUCANIA,VILLARRICA,COLISION LATERAL,COLISION,RURAL,TRAMO DE VIA CURVA HORIZONTAL,IMPRUDENCIA DEL CONDUCTOR,CONDUCCION NO ATENTO CONDICIONES TRANSITO MOMENTO, , , ,0,S-533,3,BIDIRECCIONAL,RIPIO,MALO, ,LLUVIA,0,1,0,1,09,091,09120,La Araucanía,Cautín,Villarrica,Ruta,S-533 km 3,-38.923083,-71.907332
-7873041.77843534,-3954698.41013202,1438,2023,1521498,2023/03/06 00:00:00+00,Marzo,6,Lunes,1899/12/30 00:00:00+00,22:40:00,22,REGION METROPOLITANA,LO PRADO,CHOQUE FRENTE/FRENTE,CHOQUE,URBANA,TRAMO DE VIA RECTA,IMPRUDENCIA DEL CONDUCTOR,CONDUCCION CAMBIAR SORPRESIVAMENTE PISTA CIRCULACION,LA INDEPENDENCIA, ,- LA INDEPENDENCIA,597, , ,BIDIRECCIONAL,ASFALTO,BUENO,SECO,DESPEJADO,0,0,0,1,13,131,13117,Metropolitana de Santiago,Santiago,Lo Prado,Numero,"LA INDEPENDENCIA 597, Lo Prado",-33.446335,-70.724738
-8078900.29257745,-4683407.83029198,1439,2023,1558549,2023/09/11 00:00:00+00,Septiembre,11,Lunes,1899/12/30 00:00:00+00,21:25:00,21,REGION ARAUCANIA,TEMUCO,COLISION LATERAL,COLISION,URBANA,TRAMO DE VIA RECTA,IMPRUDENCIA DEL CONDUCTOR,CONDUCCION NO ATENTO CONDICIONES TRANSITO MOMENTO,BARROS ARANA, ,- BARROS ARANA,308, , ,BIDIRECCIONAL,CONCRETO,BUENO,SECO,NUBLADO,0,0,0,1,09,091,09101,La Araucanía,Cautín,Temuco,Numero,"BARROS ARANA 308, Temuco",-38.732368,-72.573996
-7876749.18611154,-3507567.88185025,1440,2023,1523735,2023/04/09 00:00:00+00,Abril,9,Domingo,1899/12/30 00:00:00+00,11:30:00,11,REGION COQUIMBO,VICUÑA,CHOQUE FRENTE/POSTERIOR,CHOQUE,RURAL,TRAMO DE VIA RECTA,IMPRUDENCIA DEL CONDUCTOR,CONDUCCION NO ATENTO CONDICIONES TRANSITO MOMENTO, , , ,0,41 CH,57,BIDIRECCIONAL,ASFALTO,BUENO,SECO,DESPEJADO,0,0,0,0,04,041,04106,Coquimbo,Elqui,Vicuña,Ruta,41 CH km 57,-30.031254,-70.758042
-8134365.69418067,-4410067.46698923,1441,2023,1578062,2023/12/14 00:00:00+00,Diciembre,14,Jueves,1899/12/30 00:00:00+00,00:30:00,0,REGION BIO BIO,HUALPEN,VOLCADURA,VOLCADURA,URBANA,TRAMO DE VIA RECTA,DESOBEDIENCIA A SEÑALIZACION,SEÑALIZACION DESOBEDECER SEÑAL CEDA EL PASO,AUTOPISTA CONCEPCION TALCAHUANO, ,- AUTOPISTA CONCEPCION TALCAHUANO,8360, , ,BIDIRECCIONAL CON BANDEJON,CONCRETO,BUENO,SECO,DESPEJADO,0,0,0,1,08,081,08112,Biobío,Concepción,Hualpén,Numero,"AUTOPISTA CONCEPCION TALCAHUANO 8360, Hualpén",-36.791379,-73.07225
-7867986.01191295,-3978847.28171066,1442,2023,1514754,2023/03/07 00:00:00+00,Marzo,7,Martes,1899/12/30 00:00:00+00,07:45:00,7,REGION METROPOLITANA,SAN BERNARDO,IMPACTO CON ANIMAL,OTRO TIPO,URBANA,OTROS NO CONSIDERADOS,DEFICIENCIAS VIALES,ANIMALES SUELTOS VIA PUBLICA,PADRE HURTADO, ,- PADRE HURTADO,17990, , ,BIDIRECCIONAL,ASFALTO,BUENO,SECO,DESPEJADO,0,0,0,1,13,134,13401,Metropolitana de Santiago,Maipo,San Bernardo,Numero,"PADRE HURTADO 17990, San Bernardo",-33.627155,-70.679321
-7963340.01816695,-3887912.03425058,1443,2023,1560300,2023/09/12 00:00:00+00,Septiembre,12,Martes,1899/12/30 00:00:00+00,15:10:00,15,REGION VALPARAISO,CONCON,VOLCADURA,VOLCADURA,URBANA,TRAMO DE VIA RECTA,VELOCIDAD IMPRUDENTE,VELOCIDAD NO RAZONABLE NI PRUDENTE,LOS PINARES DE MONTEMAR, ,- LOS PINARES DE MONTEMAR,221, , ,BIDIRECCIONAL,CONCRETO,BUENO,SECO,DESPEJADO,0,0,0,1,05,051,05103,Valparaíso,Valparaíso,Concón,Numero,"LOS PINARES DE MONTEMAR 221, Concón",-32.944292,-71.535901
-8162321.31051488,-4983278.27842755,1444,2023,1525587,2023/04/09 00:00:00+00,Abril,9,Domingo,1899/12/30 00:00:00+00,14:40:00,14,REGION LOS LAGOS,RIO NEGRO,VOLCADURA,VOLCADURA,RURAL,TRAMO DE VIA CURVA HORIZONTAL,IMPRUDENCIA DEL CONDUCTOR,CONDUCCION NO ATENTO CONDICIONES TRANSITO MOMENTO, , , ,0,U-72,33,BIDIRECCIONAL,ASFALTO,REGULAR,SECO,DESPEJADO,0,1,0,0,10,103,10305,Los Lagos,Osorno,Río Negro,Ruta,U-72 km 33,-40.802665,-73.32338
-7861754.94743152,-3958301.53000098,1445,2023,1561330,2023/09/12 00:00:00+00,Septiembre,12,Martes,1899/12/30 00:00:00+00,17:00:00,17,REGION METROPOLITANA,SANTIAGO,CHOQUE POSTERIOR/LADO,CHOQUE,URBANA,OTROS NO CONSIDERADOS,IMPRUDENCIA DEL CONDUCTOR,CONDUCCION NO ATENTO CONDICIONES TRANSITO MOMENTO,DIAG VICUÑA MACKENNA, ,- DIAG VICUÑA MACKENNA,2400, , ,UNIDIRECCIONAL,CONCRETO,BUENO,SECO,DESPEJADO,0,0,0,0,13,131,13101,Metropolitana de Santiago,Santiago,Santiago,Numero,"DIAG VICUÑA MACKENNA 2400, Santiago",-33.473338,-70.623346
-8051359.29995786,-4503104.09989604,1446,2023,1514337,2023/03/07 00:00:00+00,Marzo,7,Martes,1899/12/30 00:00:00+00,16:15:00,16,REGION BIO BIO,LOS ANGELES,COLISION LATERAL,COLISION,URBANA,CRUCE CON SEÑAL PARE,DESOBEDIENCIA A SEÑALIZACION,SEÑALIZACION DESOBEDECER SEÑAL PARE,LAS INDUSTRIAS, ,- LAS INDUSTRIAS,504, , ,BIDIRECCIONAL,ASFALTO,BUENO,SECO,DESPEJADO,1,0,0,0,08,083,08301,Biobío,Biobío,Los Angeles,Numero,"LAS INDUSTRIAS 504, Los Angeles",-37.457745,-72.326591
-7928954.18903094,-3590484.00044971,1447,2023,1522157,2023/04/09 00:00:00+00,Abril,9,Domingo,1899/12/30 00:00:00+00,15:23:00,15,REGION COQUIMBO,OVALLE,COLISION,COLISION,RURAL,CRUCE SIN SEÑALIZACION,IMPRUDENCIA DEL CONDUCTOR,"ADELANTAMIENTO EN CRUCE, CURVA, CUESTA, PUENTE", , , ,0,D-605,4,BIDIRECCIONAL,ASFALTO,BUENO,SECO,DESPEJADO,1,0,0,0,04,043,04301,Coquimbo,Limarí,Ovalle,Ruta,D-605 km 4,-30.674001,-71.227007
-8128338.03906256,-4430945.12549063,1448,2023,1580485,2023/12/14 00:00:00+00,Diciembre,14,Jueves,1899/12/30 00:00:00+00,07:50:00,7,REGION BIO BIO,CHIGUAYANTE,VOLCADURA,VOLCADURA,URBANA,TRAMO DE VIA RECTA,VELOCIDAD IMPRUDENTE,VELOCIDAD NO RAZONABLE NI PRUDENTE,MANUEL RODRIGUEZ, ,- MANUEL RODRIGUEZ,2221, , ,BIDIRECCIONAL CON BANDEJON,CONCRETO,BUENO,SECO,DESPEJADO,0,1,0,0,08,081,08103,Biobío,Concepción,Chiguayante,Numero,"MANUEL RODRIGUEZ 2221, Chiguayante",-36.941424,-73.018103
-7949849.90781903,-3936624.65526455,1449,2023,1558741,2023/09/12 00:00:00+00,Septiembre,12,Martes,1899/12/30 00:00:00+00,18:40:00,18,REGION VALPARAISO,CASABLANCA,COLISION,COLISION,URBANA,TRAMO DE VIA RECTA,IMPRUDENCIA DEL CONDUCTOR,CONDUCCION NO ATENTO CONDICIONES TRANSITO MOMENTO,ALEJANDRO GALAZ, ,- ALEJANDRO GALAZ,811, , ,BIDIRECCIONAL,ASFALTO,BUENO,SECO,DESPEJADO,0,1,0,0,05,051,05102,Valparaíso,Valparaíso,Casablanca,Numero,"ALEJANDRO GALAZ 811, Casablanca",-33.310756,-71.414717
-7867100.71803667,-3923638.47661837,1450,2023,1516338,2023/03/07 00:00:00+00,Marzo,7,Martes,1899/12/30 00:00:00+00,19:35:00,19,REGION METROPOLITANA,COLINA,COLISION FRONTAL,COLISION,URBANA,TRAMO DE VIA RECTA,IMPRUDENCIA DEL CONDUCTOR,CONDUCCION CONTRA SENTIDO DEL TRANSITO,CALETERA GRAL SAN MARTIN, ,- CALETERA GRAL SAN MARTIN,15000, , ,BIDIRECCIONAL,ASFALTO,BUENO,SECO,DESPEJADO,0,0,1,0,13,133,13301,Metropolitana de Santiago,Chacabuco,Colina,Numero,"CALETERA GRAL SAN MARTIN 15000, Colina",-33.213211,-70.671368