X,Y,FID,Año,IdAccident,Fecha,Mes,Dia_mes,Dia_semana,Hora,Hora_texto,Hora_aprox,Región,Comuna,Tipo_Accid,Tipo__CONA,Zona,Ubicación,Causa__CON,Causa_Acci,Calle_Uno,Calle_Dos,Intersecci,Número,Ruta,Ubicaci_1,Calzada,Tipo_Calza,Estado_Cal,Condición,Estado_Atm,Fallecidos,Graves,Menos_Grav,Leves,CUT_REG,CUT_PROV,CUT_COM,REGION,PROVINCIA,COMUNA1,Tipo_direc,Direccion,Lat,Lon
-7876175.85601341,-4005908.24397145,1451,2023,1582737,2023/12/14 00:00:00+00,Diciembre,14,Jueves,1899/12/30 00:00:00+00,08:45:00,8,REGION METROPOLITANA,SANTIAGO,COLISION LATERAL,COLISION,RURAL,TRAMO DE VIA RECTA,IMPRUDENCIA DEL CONDUCTOR,CONDUCCION CAMBIAR SORPRESIVAMENTE PISTA CIRCULACION, , , ,0,RUTA 5 SUR,45,UNIDIRECCIONAL,CONCRETO,BUENO,SECO,DESPEJADO,0,2,0,0,13,131,13101,Metropolitana de Santiago,Santiago,Santiago,Numero,RUTA 5 SUR km 45,-33.829331,-70.752892
-7964637.54024033,-3908443.36739909,1452,2023,1523639,2023/04/09 00:00:00+00,Abril,9,Domingo,1899/12/30 00:00:00+00,20:33:00,20,REGION VALPARAISO,VALPARAISO,VOLCADURA,VOLCADURA,RURAL,TRAMO DE VIA RECTA,ALCOHOL EN CONDUCTOR,CONDUCCION EN ESTADO DE EBRIEDAD, , , ,0,RUTA 68,102,UNIDIRECCIONAL,ASFALTO,BUENO,SECO,NUBLADO,0,0,0,0,05,051,05101,Valparaíso,Valparaíso,Valparaíso,Ruta,RUTA 68 km 102,-33.098935,-71.547556
-7862786.07905799,-3965674.65051447,1453,2023,1560634,2023/09/13 00:00:00+00,Septiembre,13,Miércoles,1899/12/30 00:00:00+00,10:30:00,10,REGION METROPOLITANA,LA GRANJA,COLISION POR ALCANCE,COLISION,URBANA,TRAMO DE VIA RECTA,IMPRUDENCIA DEL CONDUCTOR,CONDUCCION NO ATENTO CONDICIONES TRANSITO MOMENTO,LINARES, ,- LINARES,236, , ,BIDIRECCIONAL,ASFALTO,BUENO,SECO,NUBLADO,0,0,0,0,13,131,13111,Metropolitana de Santiago,Santiago,La Granja,Numero,"LINARES 236, La Granja",-33.528569,-70.632609
-8170407.42040126,-4692187.3844164,1454,2023,1527415,2023/04/10 00:00:00+00,Abril,10,Lunes,1899/12/30 00:00:00+00,13:45:00,13,REGION ARAUCANIA,NUEVA IMPERIAL,COLISION,COLISION,RURAL,TRAMO DE VIA RECTA,VELOCIDAD IMPRUDENTE,VELOCIDAD NO RAZONABLE NI PRUDENTE, , , ,0,"S-30, S-40",85,BIDIRECCIONAL,CONCRETO,BUENO,SECO,DESPEJADO,0,0,0,0,09,091,09111,La Araucanía,Cautín,Nueva Imperial,Ruta,"S-30, S-40 km 85",-38.793865,-73.396019
-7867609.68028865,-3922487.86142124,1455,2023,1580243,2023/12/14 00:00:00+00,Diciembre,14,Jueves,1899/12/30 00:00:00+00,15:00:00,15,REGION METROPOLITANA,COLINA,COLISION FRONTAL,COLISION,URBANA,TRAMO DE VIA CURVA HORIZONTAL,VELOCIDAD IMPRUDENTE,VELOCIDAD NO RAZONABLE NI PRUDENTE,EL PARQUE, ,- EL PARQUE,0, , ,BIDIRECCIONAL,ASFALTO,BUENO,SECO,DESPEJADO,0,0,0,1,13,133,13301,Metropolitana de Santiago,Chacabuco,Colina,Numero,"EL PARQUE 0, Colina",-33.204563,-70.67594
-7881399.55147196,-3865017.06535245,1456,2023,1516525,2023/03/08 00:00:00+00,Marzo,8,Miércoles,1899/12/30 00:00:00+00,08:00:00,8,REGION VALPARAISO,PANQUEHUE,COLISION,COLISION,RURAL,CRUCE CON SEÑAL CEDA EL PASO,IMPRUDENCIA DEL CONDUCTOR,CONDUCCION NO ATENTO CONDICIONES TRANSITO MOMENTO,PALOMAR, ,- PALOMAR,0, , ,BIDIRECCIONAL,ASFALTO,BUENO,SECO,DESPEJADO,0,1,0,3,05,057,05704,Valparaíso,San Felipe de Aconcagua,Panquehue,Numero,"PALOMAR 0, Panquehue",-32.771527,-70.799817
-7939515.49703462,-4057744.24829327,1457,2023,1581445,2023/12/14 00:00:00+00,Diciembre,14,Jueves,1899/12/30 00:00:00+00,15:50:00,15,REGION LIB.B.O'HIGGINS,LAS CABRAS,VOLCADURA,VOLCADURA,RURAL,TRAMO DE VIA CURVA HORIZONTAL,VELOCIDAD IMPRUDENTE,VELOCIDAD NO RAZONABLE NI PRUDENTE,SANTA EUGENIA, ,- SANTA EUGENIA,1, , ,BIDIRECCIONAL,ASFALTO,BUENO,SECO,DESPEJADO,0,1,0,0,06,061,06107,Libertador General Bernardo O'Higgins,Cachapoal,Las Cabras,Numero,"SANTA EUGENIA 1, Las Cabras",-34.21527,-71.321881
-7947459.56221547,-4115854.62245004,1458,2023,1525120,2023/04/10 00:00:00+00,Abril,10,Lunes,1899/12/30 00:00:00+00,18:55:00,18,REGION LIB.B.O'HIGGINS,SANTA CRUZ,COLISION POR ALCANCE,COLISION,RURAL,TRAMO DE VIA RECTA,IMPRUDENCIA DEL CONDUCTOR,CONDUCCION NO ATENTO CONDICIONES TRANSITO MOMENTO, , , ,0,I-72,3,BIDIRECCIONAL,ASFALTO,BUENO,SECO,DESPEJADO,0,1,0,0,06,063,06310,Libertador General Bernardo O'Higgins,Colchagua,Santa Cruz,Ruta,I-72 km 3,-34.645832,-71.393244
-7857227.99642457,-3947817.87440014,1459,2023,1558739,2023/09/13 00:00:00+00,Septiembre,13,Miércoles,1899/12/30 00:00:00+00,16:10:00,16,REGION METROPOLITANA,VITACURA,COLISION LATERAL,COLISION,URBANA,TRAMO DE VIA RECTA,IMPRUDENCIA DEL CONDUCTOR,CONDUCCION CAMBIAR SORPRESIVAMENTE PISTA CIRCULACION,LUIS PASTEUR, ,- LUIS PASTEUR,5418, , ,BIDIRECCIONAL,ASFALTO,BUENO,SECO,DESPEJADO,0,0,0,1,13,131,13132,Metropolitana de Santiago,Santiago,Vitacura,Numero,"LUIS PASTEUR 5418, Vitacura",-33.394746,-70.58268
-7870191.09022456,-3963406.45566428,1460,2023,1515782,2023/03/08 00:00:00+00,Marzo,8,Miércoles,1899/12/30 00:00:00+00,16:00:00,16,REGION METROPOLITANA,LO ESPEJO,CHOQUE POSTERIOR,CHOQUE,URBANA,TRAMO DE VIA RECTA,IMPRUDENCIA DEL CONDUCTOR,CONDUCCION NO ATENTO CONDICIONES TRANSITO MOMENTO,GRAL VELASQUEZ, ,- GRAL VELASQUEZ,7398, , ,BIDIRECCIONAL,ASFALTO,BUENO,SECO,DESPEJADO,0,0,0,0,13,131,13116,Metropolitana de Santiago,Santiago,Lo Espejo,Numero,"GRAL VELASQUEZ 7398, Lo Espejo",-33.511582,-70.699129
-8135038.87639263,-4408232.9826538,1461,2023,1526031,2023/04/11 00:00:00+00,Abril,11,Martes,1899/12/30 00:00:00+00,01:00:00,1,REGION BIO BIO,TALCAHUANO,VOLCADURA,VOLCADURA,RURAL,TRAMO DE VIA RECTA,VELOCIDAD IMPRUDENTE,VELOCIDAD NO RAZONABLE NI PRUDENTE, , , ,0,RUTA 154,"5,7",BIDIRECCIONAL CON BANDEJON,CONCRETO,BUENO,SECO,LLOVIZNA,0,0,0,1,08,081,08110,Biobío,Concepción,Talcahuano,Ruta,"RUTA 154 km 5,7",-36.778181,-73.078298
-8130046.94282624,-4424226.85985431,1462,2023,1578088,2023/12/14 00:00:00+00,Diciembre,14,Jueves,1899/12/30 00:00:00+00,18:00:00,18,REGION BIO BIO,CHIGUAYANTE,CHOQUE FRONTAL,CHOQUE,URBANA,TRAMO DE VIA CURVA HORIZONTAL,VELOCIDAD IMPRUDENTE,VELOCIDAD NO RAZONABLE NI PRUDENTE,BERNARDO O'HIGGINS, ,- BERNARDO O'HIGGINS,107, , ,BIDIRECCIONAL,CONCRETO,BUENO,SECO,DESPEJADO,1,0,0,0,08,081,08103,Biobío,Concepción,Chiguayante,Numero,"BERNARDO O'HIGGINS 107, Chiguayante",-36.893173,-73.033454
-7875290.35537231,-3961837.5483013,1463,2023,1559073,2023/09/13 00:00:00+00,Septiembre,13,Miércoles,1899/12/30 00:00:00+00,17:20:00,17,REGION METROPOLITANA,MAIPU,COLISION LATERAL,COLISION,URBANA,CRUCE CON SEÑAL CEDA EL PASO,IMPRUDENCIA DEL CONDUCTOR,CONDUCCION NO ATENTO CONDICIONES TRANSITO MOMENTO,SEGUNDA TRANSVERSAL, ,- SEGUNDA TRANSVERSAL,3063, , ,BIDIRECCIONAL,ASFALTO,BUENO,SECO,DESPEJADO,0,0,0,1,13,131,13119,Metropolitana de Santiago,Santiago,Maipú,Numero,"SEGUNDA TRANSVERSAL 3063, Maipú",-33.49983,-70.744937
-7874625.62651757,-4051493.62149119,1464,2023,1515342,2023/03/08 00:00:00+00,Marzo,8,Miércoles,1899/12/30 00:00:00+00,18:00:00,18,REGION LIB.B.O'HIGGINS,RANCAGUA,COLISION LATERAL,COLISION,URBANA,CRUCE CON SEMAFORO FUNCIONANDO,IMPRUDENCIA DEL CONDUCTOR,ADELANTAMIENTO SIN EL ESPACIO O TIEMPO SUFICIENTE,ALCAZAR, ,- ALCAZAR,255, , ,UNIDIRECCIONAL,CONCRETO,BUENO,SECO,DESPEJADO,0,0,0,2,06,061,06101,Libertador General Bernardo O'Higgins,Cachapoal,Rancagua,Numero,"ALCAZAR 255, Rancagua",-34.168825,-70.738966
-8141181.35371384,-5127377.75464917,1465,2023,1578235,2023/12/14 00:00:00+00,Diciembre,14,Jueves,1899/12/30 00:00:00+00,18:45:00,18,REGION LOS LAGOS,CALBUCO,COLISION,COLISION,URBANA,TRAMO DE VIA RECTA,IMPRUDENCIA DEL CONDUCTOR,CONDUCCION NO ATENTO CONDICIONES TRANSITO MOMENTO,NUEVA BAQUEDANO, ,- NUEVA BAQUEDANO,114, , ,BIDIRECCIONAL,CONCRETO,BUENO,SECO,NUBLADO,0,0,0,1,10,101,10102,Los Lagos,Llanquihue,Calbuco,Numero,"NUEVA BAQUEDANO 114, Calbuco",-41.775287,-73.133476
-7868797.08572287,-3968509.16315651,1466,2023,1559747,2023/09/13 00:00:00+00,Septiembre,13,Miércoles,1899/12/30 00:00:00+00,20:15:00,20,REGION METROPOLITANA,EL BOSQUE,ATROPELLO,ATROPELLO,URBANA,TRAMO DE VIA RECTA,IMPRUDENCIA DEL CONDUCTOR,CONDUCCION CONTRA SENTIDO DEL TRANSITO,LUIS BARROS BORGOÑO, ,- LUIS BARROS BORGOÑO,1182, , ,BIDIRECCIONAL,CONCRETO,REGULAR,SECO,NUBLADO,0,0,0,3,13,131,13105,Metropolitana de Santiago,Santiago,El Bosque,Numero,"LUIS BARROS BORGOÑO 1182, El Bosque",-33.549792,-70.686607
-7867099.66676879,-3923636.85778255,1467,2023,1516385,2023/03/08 00:00:00+00,Marzo,8,Miércoles,1899/12/30 00:00:00+00,18:45:00,18,REGION METROPOLITANA,COLINA,COLISION PERPENDICULAR,COLISION,URBANA,TRAMO DE VIA RECTA,IMPRUDENCIA DEL CONDUCTOR,NO RESPETAR DERECHO PREFERENTE DE PASO A VEHICULO,CALETERA GRAL SAN MARTIN, ,- CALETERA GRAL SAN MARTIN,0, , ,BIDIRECCIONAL,ASFALTO,BUENO,SECO,DESPEJADO,0,0,0,1,13,133,13301,Metropolitana de Santiago,Chacabuco,Colina,Numero,"CALETERA GRAL SAN MARTIN 0, Colina",-33.213199,-70.671359
-7889289.87557676,-3980091.59066614,1468,2023,1578880,2023/12/14 00:00:00+00,Diciembre,14,Jueves,1899/12/30 00:00:00+00,21:25:00,21,REGION METROPOLITANA,TALAGANTE,COLISION,COLISION,RURAL,TRAMO DE VIA RECTA,IMPRUDENCIA DEL CONDUCTOR,CONDUCCION CAMBIAR SORPRESIVAMENTE PISTA CIRCULACION, , , ,0,RUTA 78,32,BIDIRECCIONAL CON BANDEJON,ASFALTO,BUENO,SECO,DESPEJADO,0,1,0,0,13,136,13601,Metropolitana de Santiago,Talagante,Talagante,Numero,RUTA 78 km 32,-33.636462,-70.870697
-7877662.33206876,-4053884.71792273,1469,2023,1524620,2023/04/11 00:00:00+00,Abril,11,Martes,1899/12/30 00:00:00+00,07:45:00,7,REGION LIB.B.O'HIGGINS,RANCAGUA,COLISION PERPENDICULAR,COLISION,RURAL,TRAMO DE VIA RECTA,IMPRUDENCIA DEL CONDUCTOR,NO RESPETAR DERECHO PREFERENTE DE PASO A VEHICULO, , , ,0,H-30,2,BIDIRECCIONAL,ASFALTO,BUENO,SECO,DESPEJADO,0,1,0,0,06,061,06101,Libertador General Bernardo O'Higgins,Cachapoal,Rancagua,Ruta,H-30 km 2,-34.186595,-70.766245
-7948624.298415,-3901442.68528323,1470,2023,1563295,2023/09/13 00:00:00+00,Septiembre,13,Miércoles,1899/12/30 00:00:00+00,22:45:00,22,REGION VALPARAISO,QUILPUE,COLISION FRONTAL,COLISION,URBANA,TRAMO DE VIA RECTA,IMPRUDENCIA DEL CONDUCTOR,VIRAJES INDEBIDOS,FREIRE, ,- FREIRE,441, , ,BIDIRECCIONAL,ASFALTO,BUENO,SECO,DESPEJADO,0,0,0,2,05,058,05801,Valparaíso,Marga Marga,Quilpué,Numero,"FREIRE 441, Quilpué",-33.046236,-71.403707
-7930392.45137918,-4161334.00514255,1471,2023,1517579,2023/03/08 00:00:00+00,Marzo,8,Miércoles,1899/12/30 00:00:00+00,20:00:00,20,REGION MAULE,CURICO,COLISION POR ALCANCE,COLISION,URBANA,TRAMO DE VIA RECTA,IMPRUDENCIA DEL CONDUCTOR,CONDUCCION SIN MANTENER DISTANCIA RAZONABLE NI PRUDENTE,CAMILO HENRIQUEZ, ,- CAMILO HENRIQUEZ,350, , ,BIDIRECCIONAL,CONCRETO,BUENO,SECO,DESPEJADO,0,0,0,1,07,073,07301,Maule,Curicó,Curicó,Numero,"CAMILO HENRIQUEZ 350, Curicó",-34.981255,-71.239927
-7985943.17666703,-4078209.52798541,1472,2023,1523931,2023/04/11 00:00:00+00,Abril,11,Martes,1899/12/30 00:00:00+00,07:50:00,7,REGION LIB.B.O'HIGGINS,MARCHIHUE,COLISION,COLISION,RURAL,TRAMO DE VIA RECTA,IMPRUDENCIA DEL CONDUCTOR,CONDUCCION SIN MANTENER DISTANCIA RAZONABLE NI PRUDENTE, , , ,0,I-50,"87,6",BIDIRECCIONAL,ASFALTO,BUENO,SECO,DESPEJADO,0,1,1,0,06,062,06204,Libertador General Bernardo O'Higgins,Cardenal Caro,Marchihue,Ruta,"I-50 km 87,6",-34.367158,-71.738948
-7865633.12846839,-3956282.15143937,1473,2023,1578713,2023/12/14 00:00:00+00,Diciembre,14,Jueves,1899/12/30 00:00:00+00,23:39:00,23,REGION METROPOLITANA,SANTIAGO,COLISION FRONTAL,COLISION,URBANA,TRAMO DE VIA RECTA,IMPRUDENCIA DEL CONDUCTOR,CONDUCCION NO ATENTO CONDICIONES TRANSITO MOMENTO,TUPPER, ,- TUPPER,1724, , ,BIDIRECCIONAL CON BANDEJON,ASFALTO,BUENO,SECO,DESPEJADO,0,0,0,1,13,131,13101,Metropolitana de Santiago,Santiago,Santiago,Numero,"TUPPER 1724, Santiago",-33.458205,-70.658185
-7870485.39583716,-3934167.82496436,1474,2023,1560391,2023/09/14 00:00:00+00,Septiembre,14,Jueves,1899/12/30 00:00:00+00,08:05:00,8,REGION METROPOLITANA,COLINA,VOLCADURA,VOLCADURA,RURAL,TRAMO DE VIA RECTA,VELOCIDAD IMPRUDENTE,VELOCIDAD NO RAZONABLE NI PRUDENTE, , , ,0,RUTA 57,9,BIDIRECCIONAL CON BANDEJON,ASFALTO,BUENO,SECO,DESPEJADO,0,0,0,1,13,133,13301,Metropolitana de Santiago,Chacabuco,Colina,Numero,RUTA 57 km 9,-33.29231,-70.701773
-7943803.67630542,-4114782.08579635,1475,2023,1516306,2023/03/08 00:00:00+00,Marzo,8,Miércoles,1899/12/30 00:00:00+00,22:51:00,22,REGION LIB.B.O'HIGGINS,SANTA CRUZ,COLISION LATERAL,COLISION,URBANA,TRAMO DE VIA RECTA,DESOBEDIENCIA A SEÑALIZACION,SEÑALIZACION DESOBEDECER OTRA,ERRAZURIZ, ,- ERRAZURIZ,503, , ,BIDIRECCIONAL,ASFALTO,BUENO,HUMEDO,DESPEJADO,0,0,0,1,06,063,06310,Libertador General Bernardo O'Higgins,Colchagua,Santa Cruz,Numero,"ERRAZURIZ 503, Santa Cruz",-34.637905,-71.360403
-8051406.36907797,-4504830.49809637,1476,2023,1578724,2023/12/15 00:00:00+00,Diciembre,15,Viernes,1899/12/30 00:00:00+00,07:50:00,7,REGION BIO BIO,LOS ANGELES,VOLCADURA,VOLCADURA,URBANA,TRAMO DE VIA RECTA,VELOCIDAD IMPRUDENTE,VELOCIDAD NO RAZONABLE NI PRUDENTE,LAS INDUSTRIAS, ,- LAS INDUSTRIAS,505, , ,BIDIRECCIONAL,ASFALTO,BUENO,SECO,DESPEJADO,0,1,0,0,08,083,08301,Biobío,Biobío,Los Angeles,Numero,"LAS INDUSTRIAS 505, Los Angeles",-37.470055,-72.327014
-7962961.11316999,-4217645.56367874,1477,2023,1523653,2023/04/11 00:00:00+00,Abril,11,Martes,1899/12/30 00:00:00+00,09:20:00,9,REGION MAULE,PELARCO,COLISION LATERAL,COLISION,RURAL,CRUCE CON SEÑAL PARE,DESOBEDIENCIA A SEÑALIZACION,SEÑALIZACION DESOBEDECER SEÑAL PARE, , , ,0,K-45,"6,2",BIDIRECCIONAL,ASFALTO,BUENO,SECO,DESPEJADO,0,1,0,0,07,071,07106,Maule,Talca,Pelarco,Ruta,"K-45 km 6,2",-35.394671,-71.532497
-8136417.14223302,-4412231.0489219,1478,2023,1558749,2023/09/14 00:00:00+00,Septiembre,14,Jueves,1899/12/30 00:00:00+00,10:00:00,10,REGION BIO BIO,HUALPEN,COLISION,COLISION,URBANA,TRAMO DE VIA RECTA,IMPRUDENCIA DEL CONDUCTOR,CONDUCCION SIN MANTENER DISTANCIA RAZONABLE NI PRUDENTE,COSTANERA, ,- COSTANERA,9781, , ,BIDIRECCIONAL,CONCRETO,BUENO,HUMEDO,DESPEJADO,0,0,0,0,08,081,08112,Biobío,Concepción,Hualpén,Numero,"COSTANERA 9781, Hualpén",-36.806942,-73.090679
-7935607.72414902,-3497091.31410298,1479,2023,1523496,2023/04/11 00:00:00+00,Abril,11,Martes,1899/12/30 00:00:00+00,18:00:00,18,REGION COQUIMBO,COQUIMBO,COLISION PERPENDICULAR,COLISION,RURAL,CRUCE CON SEMAFORO FUNCIONANDO,IMPRUDENCIA DEL CONDUCTOR,CONDUCCION NO ATENTO CONDICIONES TRANSITO MOMENTO, , , ,0,RUTA 5 NORTE,464,UNIDIRECCIONAL,ASFALTO,BUENO,SECO,DESPEJADO,0,0,0,1,04,041,04102,Coquimbo,Elqui,Coquimbo,Ruta,RUTA 5 NORTE km 464,-29.949742,-71.286777
-7995699.81462582,-4320591.07755456,1480,2023,1515069,2023/03/09 00:00:00+00,Marzo,9,Jueves,1899/12/30 00:00:00+00,10:34:00,10,REGION MAULE,PARRAL,COLISION,COLISION,URBANA,TRAMO DE VIA RECTA,DROGAS Y/O FATIGA EN CONDUCTOR,CONDUCCION BAJO INFLUENCIA DE DROGAS O ESTUPEFACIENTES,LAS DELICIAS NORTE, ,- LAS DELICIAS NORTE,545, , ,UNIDIRECCIONAL,ASFALTO,BUENO,SECO,DESPEJADO,1,0,0,0,07,074,07404,Maule,Linares,Parral,Numero,"LAS DELICIAS NORTE 545, Parral",-36.144997,-71.826594
-7672941.75175463,-2567636.01722631,1481,2023,1578734,2023/12/15 00:00:00+00,Diciembre,15,Viernes,1899/12/30 00:00:00+00,09:10:00,9,REGION ANTOFAGASTA,CALAMA,COLISION,COLISION,URBANA,TRAMO DE VIA RECTA,IMPRUDENCIA DEL CONDUCTOR,CONDUCCION NO ATENTO CONDICIONES TRANSITO MOMENTO,GRANADEROS, ,- GRANADEROS,1474, , ,UNIDIRECCIONAL,ASFALTO,BUENO,SECO,DESPEJADO,0,1,0,0,02,022,02201,Antofagasta,El Loa,Calama,Numero,"GRANADEROS 1474, Calama",-22.466574,-68.927208
-7880907.937383,-3969094.52442015,1482,2023,1560910,2023/09/14 00:00:00+00,Septiembre,14,Jueves,1899/12/30 00:00:00+00,17:02:00,17,REGION METROPOLITANA,MAIPU,COLISION LATERAL,COLISION,URBANA,TRAMO DE VIA RECTA,IMPRUDENCIA DEL CONDUCTOR,CONDUCCION CAMBIAR SORPRESIVAMENTE PISTA CIRCULACION,PARQUE CENTRAL, ,- PARQUE CENTRAL,0, , ,UNIDIRECCIONAL,ASFALTO,BUENO,SECO,DESPEJADO,0,0,0,0,13,131,13119,Metropolitana de Santiago,Santiago,Maipú,Numero,"PARQUE CENTRAL 0, Maipú",-33.554175,-70.795401
-7796342.04976765,-3197981.4967981,1483,2023,1523239,2023/04/11 00:00:00+00,Abril,11,Martes,1899/12/30 00:00:00+00,19:40:00,19,REGION ATACAMA,COPIAPO,COLISION POR ALCANCE,COLISION,RURAL,TRAMO DE VIA RECTA,IMPRUDENCIA DEL CONDUCTOR,CONDUCCION CAMBIAR SORPRESIVAMENTE PISTA CIRCULACION, , , ,0,C-331,1,BIDIRECCIONAL CON BANDEJON,ASFALTO,BUENO,SECO,DESPEJADO,0,0,0,1,03,031,03101,Atacama,Copiapó,Copiapó,Ruta,C-331 km 1,-27.59479,-70.035732
-7869599.23419205,-3907124.42641491,1484,2023,1516425,2023/03/09 00:00:00+00,Marzo,9,Jueves,1899/12/30 00:00:00+00,14:30:00,14,REGION METROPOLITANA,COLINA,COLISION PERPENDICULAR,COLISION,RURAL,TRAMO DE VIA RECTA,IMPRUDENCIA DEL CONDUCTOR,CONDUCCION NO ATENTO CONDICIONES TRANSITO MOMENTO, , , ,0,RUTA 57,35,BIDIRECCIONAL,ASFALTO,BUENO,SECO,DESPEJADO,0,0,1,0,13,133,13301,Metropolitana de Santiago,Chacabuco,Colina,Numero,RUTA 57 km 35,-33.089009,-70.693813
-7865641.21385904,-3950275.52246039,1485,2023,1578714,2023/12/15 00:00:00+00,Diciembre,15,Viernes,1899/12/30 00:00:00+00,12:30:00,12,REGION METROPOLITANA,INDEPENDENCIA,COLISION LATERAL,COLISION,URBANA,TRAMO DE VIA RECTA,IMPRUDENCIA DEL CONDUCTOR,CONDUCCION CAMBIAR SORPRESIVAMENTE PISTA CIRCULACION,INDEPENDENCIA, ,- INDEPENDENCIA,1517, , ,BIDIRECCIONAL,CONCRETO,BUENO,SECO,DESPEJADO,0,0,1,0,13,131,13108,Metropolitana de Santiago,Santiago,Independencia,Numero,"INDEPENDENCIA 1517, Independencia",-33.413176,-70.658257
-7871925.36668355,-3982502.21981911,1486,2023,1566343,2023/09/14 00:00:00+00,Septiembre,14,Jueves,1899/12/30 00:00:00+00,18:20:00,18,REGION METROPOLITANA,SAN BERNARDO,COLISION POR ALCANCE,COLISION,RURAL,TRAMO DE VIA RECTA,IMPRUDENCIA DEL CONDUCTOR,CONDUCCION NO ATENTO CONDICIONES TRANSITO MOMENTO, , , ,0,RUTA 5 SUR,25,BIDIRECCIONAL,ASFALTO,BUENO,SECO,DESPEJADO,0,0,0,0,13,134,13401,Metropolitana de Santiago,Maipo,San Bernardo,Numero,RUTA 5 SUR km 25,-33.654489,-70.714709
-7874334.89408252,-4003079.71826291,1487,2023,1515851,2023/03/09 00:00:00+00,Marzo,9,Jueves,1899/12/30 00:00:00+00,16:25:00,16,REGION METROPOLITANA,PAINE,CHOQUE FRONTAL,CHOQUE,URBANA,TRAMO DE VIA RECTA,IMPRUDENCIA DEL CONDUCTOR,CONDUCCION NO ATENTO CONDICIONES TRANSITO MOMENTO,EL VINCULO, ,- EL VINCULO,2, , ,BIDIRECCIONAL,ASFALTO,BUENO,SECO,DESPEJADO,0,1,0,0,13,134,13404,Metropolitana de Santiago,Maipo,Paine,Numero,"EL VINCULO 2, Paine",-33.808221,-70.736354
-7856549.09663206,-3950059.73365603,1488,2023,1582350,2023/12/15 00:00:00+00,Diciembre,15,Viernes,1899/12/30 00:00:00+00,20:23:00,20,REGION METROPOLITANA,LAS CONDES,COLISION POR ALCANCE,COLISION,URBANA,CRUCE CON SEMAFORO FUNCIONANDO,IMPRUDENCIA DEL CONDUCTOR,CONDUCCION SIN MANTENER DISTANCIA RAZONABLE NI PRUDENTE,APOQUINDO, ,- APOQUINDO,4990, , ,BIDIRECCIONAL CON BANDEJON,ASFALTO,BUENO,SECO,DESPEJADO,0,0,0,0,13,131,13114,Metropolitana de Santiago,Santiago,Las Condes,Numero,"APOQUINDO 4990, Las Condes",-33.411558,-70.576581
-8143085.30724801,-4429275.27174594,1489,2023,1525237,2023/04/11 00:00:00+00,Abril,11,Martes,1899/12/30 00:00:00+00,22:30:00,22,REGION BIO BIO,CORONEL,VOLCADURA,VOLCADURA,RURAL,TRAMO DE VIA RECTA,VELOCIDAD IMPRUDENTE,VELOCIDAD NO RAZONABLE NI PRUDENTE, , , ,0,RUTA 160,15,BIDIRECCIONAL CON BANDEJON,CONCRETO,BUENO,SECO,NUBLADO,0,0,1,0,08,081,08102,Biobío,Concepción,Coronel,Ruta,RUTA 160 km 15,-36.929433,-73.15058
-7868982.17559381,-3956908.87620652,1490,2023,1562820,2023/09/14 00:00:00+00,Septiembre,14,Jueves,1899/12/30 00:00:00+00,21:30:00,21,REGION METROPOLITANA,ESTACION CENTRAL,ATROPELLO,ATROPELLO,URBANA,TRAMO DE VIA RECTA,IMPRUDENCIA DEL CONDUCTOR,CONDUCCION NO ATENTO CONDICIONES TRANSITO MOMENTO,PADRE ALBERTO HURTADO, ,- PADRE ALBERTO HURTADO,1121, , ,BIDIRECCIONAL,ASFALTO,BUENO,SECO,DESPEJADO,0,1,0,0,13,131,13106,Metropolitana de Santiago,Santiago,Estación Central,Numero,"PADRE ALBERTO HURTADO 1121, Estación Central",-33.462902,-70.68827
-7927024.93001616,-4162033.21763827,1491,2023,1516138,2023/03/09 00:00:00+00,Marzo,9,Jueves,1899/12/30 00:00:00+00,17:15:00,17,REGION MAULE,ROMERAL,COLISION,COLISION,URBANA,TRAMO DE VIA RECTA,IMPRUDENCIA DEL CONDUCTOR,CONDUCCION NO ATENTO CONDICIONES TRANSITO MOMENTO,CALLEJON EL PINO, ,- CALLEJON EL PINO,1, , ,BIDIRECCIONAL,ASFALTO,BUENO,SECO,DESPEJADO,0,0,0,2,07,073,07306,Maule,Curicó,Romeral,Numero,"CALLEJON EL PINO 1, Romeral",-34.986401,-71.209677
-7927059.92273037,-4153556.64610778,1492,2023,1524485,2023/04/12 00:00:00+00,Abril,12,Miércoles,1899/12/30 00:00:00+00,09:10:00,9,REGION MAULE,CURICO,VOLCADURA,VOLCADURA,RURAL,TRAMO DE VIA CURVA HORIZONTAL,VELOCIDAD IMPRUDENTE,VELOCIDAD NO RAZONABLE NI PRUDENTE, , , ,0,J-560,"1,2",BIDIRECCIONAL,ASFALTO,BUENO,SECO,DESPEJADO,0,1,0,0,07,073,07301,Maule,Curicó,Curicó,Ruta,"J-560 km 1,2",-34.923991,-71.209991
-7865233.34580149,-3945006.75233428,1493,2023,1580207,2023/12/16 00:00:00+00,Diciembre,16,Sábado,1899/12/30 00:00:00+00,06:05:00,6,REGION METROPOLITANA,HUECHURABA,COLISION,COLISION,URBANA,TRAMO DE VIA RECTA,IMPRUDENCIA DEL CONDUCTOR,CONDUCCION NO ATENTO CONDICIONES TRANSITO MOMENTO,JOSE JOAQUIN AGUIRRE LUCO, ,- JOSE JOAQUIN AGUIRRE LUCO,1439, , ,BIDIRECCIONAL,ASFALTO,BUENO,SECO,DESPEJADO,0,1,0,0,13,131,13107,Metropolitana de Santiago,Santiago,Huechuraba,Numero,"JOSE JOAQUIN AGUIRRE LUCO 1439, Huechuraba",-33.37366,-70.654593