X,Y,FID,Año,IdAccident,Fecha,Mes,Dia_mes,Dia_semana,Hora,Hora_texto,Hora_aprox,Región,Comuna,Tipo_Accid,Tipo__CONA,Zona,Ubicación,Causa__CON,Causa_Acci,Calle_Uno,Calle_Dos,Intersecci,Número,Ruta,Ubicaci_1,Calzada,Tipo_Calza,Estado_Cal,Condición,Estado_Atm,Fallecidos,Graves,Menos_Grav,Leves,CUT_REG,CUT_PROV,CUT_COM,REGION,PROVINCIA,COMUNA1,Tipo_direc,Direccion,Lat,Lon
-7873536.57916717,-3962345.08859143,1494,2023,1559213,2023/09/14 00:00:00+00,Septiembre,14,Jueves,1899/12/30 00:00:00+00,23:05:00,23,REGION METROPOLITANA,CERRILLOS,COLISION FRONTAL,COLISION,URBANA,TRAMO DE VIA RECTA,IMPRUDENCIA DEL CONDUCTOR,CONDUCCION CAMBIAR SORPRESIVAMENTE PISTA CIRCULACION,DIVINO MAESTRO, ,- DIVINO MAESTRO,7696, , ,BIDIRECCIONAL,ASFALTO,BUENO,SECO,NUBLADO,0,0,0,1,13,131,13102,Metropolitana de Santiago,Santiago,Cerrillos,Numero,"DIVINO MAESTRO 7696, Cerrillos",-33.503632,-70.729182
-7858795.14545887,-3964188.30115593,1495,2023,1519145,2023/03/09 00:00:00+00,Marzo,9,Jueves,1899/12/30 00:00:00+00,19:45:00,19,REGION METROPOLITANA,LA FLORIDA,CHOQUE LADO/LADO,CHOQUE,URBANA,OTROS NO CONSIDERADOS,IMPRUDENCIA DEL CONDUCTOR,VIRAJES INDEBIDOS,VICUÑA MACKENNA ORIENTE, ,- VICUÑA MACKENNA ORIENTE,7110, , ,BIDIRECCIONAL,CONCRETO,BUENO,SECO,DESPEJADO,0,0,0,1,13,131,13110,Metropolitana de Santiago,Santiago,La Florida,Numero,"VICUÑA MACKENNA ORIENTE 7110, La Florida",-33.517438,-70.596758
-7513348.2961334,-2645683.52924066,1496,2023,1526490,2023/04/12 00:00:00+00,Abril,12,Miércoles,1899/12/30 00:00:00+00,10:55:00,10,REGION ANTOFAGASTA,SAN PEDRO ATACAMA,VOLCADURA,VOLCADURA,RURAL,TRAMO DE VIA CURVA HORIZONTAL,VELOCIDAD IMPRUDENTE,VELOCIDAD NO RAZONABLE NI PRUDENTE, , , ,0,27 CH,91,BIDIRECCIONAL,ASFALTO,REGULAR,SECO,DESPEJADO,0,2,0,0,02,022,02203,Antofagasta,El Loa,San Pedro de Atacama,Ruta,27 CH km 91,-23.112948,-67.493556
-8128338.03906256,-4430945.12549063,1497,2023,1580167,2023/12/17 00:00:00+00,Diciembre,17,Domingo,1899/12/30 00:00:00+00,07:50:00,7,REGION BIO BIO,CHIGUAYANTE,VOLCADURA,VOLCADURA,URBANA,TRAMO DE VIA RECTA,IMPRUDENCIA DEL CONDUCTOR,CONDUCCION CAMBIAR SORPRESIVAMENTE PISTA CIRCULACION,MANUEL RODRIGUEZ, ,- MANUEL RODRIGUEZ,2221, , ,BIDIRECCIONAL CON BANDEJON,CONCRETO,BUENO,SECO,DESPEJADO,0,0,0,1,08,081,08103,Biobío,Concepción,Chiguayante,Numero,"MANUEL RODRIGUEZ 2221, Chiguayante",-36.941424,-73.018103
-7964626.12796651,-3898723.13479989,1498,2023,1561485,2023/09/15 00:00:00+00,Septiembre,15,Viernes,1899/12/30 00:00:00+00,15:20:00,15,REGION VALPARAISO,VIÑA DEL MAR,ATROPELLO,ATROPELLO,URBANA,TRAMO DE VIA RECTA,IMPRUDENCIA DEL CONDUCTOR,NO RESPETAR DERECHO PREFERENTE DE PASO A PEATON,VALPARAISO, ,- VALPARAISO,1070, , ,UNIDIRECCIONAL,CONCRETO,BUENO,SECO,DESPEJADO,0,1,0,0,05,051,05109,Valparaíso,Valparaíso,Viña del Mar,Numero,"VALPARAISO 1070, Viña del Mar",-33.025756,-71.547454
-7878801.79997952,-3961939.94019779,1499,2023,1579459,2023/12/17 00:00:00+00,Diciembre,17,Domingo,1899/12/30 00:00:00+00,14:20:00,14,REGION METROPOLITANA,MAIPU,ATROPELLO,ATROPELLO,URBANA,TRAMO DE VIA RECTA,IMPRUDENCIA DEL PEATON,PEATON CRUZA CALZADA FUERA PASO PEATONES,ASUNCION, ,- ASUNCION,1440, , ,UNIDIRECCIONAL,ASFALTO,BUENO,SECO,DESPEJADO,0,0,0,1,13,131,13119,Metropolitana de Santiago,Santiago,Maipú,Numero,"ASUNCION 1440, Maipú",-33.500597,-70.776481
-7952377.7137577,-3901723.50017736,1500,2023,1515386,2023/03/10 00:00:00+00,Marzo,10,Viernes,1899/12/30 00:00:00+00,01:15:00,1,REGION VALPARAISO,QUILPUE,COLISION POR ALCANCE,COLISION,URBANA,TRAMO DE VIA RECTA,IMPRUDENCIA DEL CONDUCTOR,CONDUCCION NO ATENTO CONDICIONES TRANSITO MOMENTO,LOS CARRERA, ,- LOS CARRERA,1176, , ,BIDIRECCIONAL,ASFALTO,BUENO,SECO,DESPEJADO,0,0,0,1,05,058,05801,Valparaíso,Marga Marga,Quilpué,Numero,"LOS CARRERA 1176, Quilpué",-33.048351,-71.437424
-8038387.4294064,-4389159.94321357,1501,2023,1524166,2023/04/13 00:00:00+00,Abril,13,Jueves,1899/12/30 00:00:00+00,17:40:00,17,REGION ÑUBLE,CHILLAN VIEJO,CHOQUE FRONTAL,CHOQUE,RURAL,TRAMO DE VIA RECTA,VELOCIDAD IMPRUDENTE,VELOCIDAD NO RAZONABLE NI PRUDENTE, , , ,0,RUTA 5 SUR,412,BIDIRECCIONAL,ASFALTO,BUENO,SECO,DESPEJADO,0,1,0,0,16,161,16103,Ñuble,Diguillín,Chillán Viejo,Ruta,RUTA 5 SUR km 412,-36.640825,-72.210063
-7871100.84262936,-3954593.59923402,1502,2023,1560608,2023/09/15 00:00:00+00,Septiembre,15,Viernes,1899/12/30 00:00:00+00,19:00:00,19,REGION METROPOLITANA,QUINTA NORMAL,VOLCADURA,VOLCADURA,URBANA,TRAMO DE VIA RECTA,VELOCIDAD IMPRUDENTE,VELOCIDAD MAYOR QUE MAXIMA PERMITIDA,MARIA ROZAS VELASQUEZ, ,- MARIA ROZAS VELASQUEZ,752, , ,BIDIRECCIONAL,ASFALTO,REGULAR,SECO,DESPEJADO,0,0,0,1,13,131,13126,Metropolitana de Santiago,Santiago,Quinta Normal,Numero,"MARIA ROZAS VELASQUEZ 752, Quinta Normal",-33.445549,-70.707302
-7896056.9937005,-3967267.02667315,1503,2023,1579114,2023/12/17 00:00:00+00,Diciembre,17,Domingo,1899/12/30 00:00:00+00,18:20:00,18,REGION METROPOLITANA,CURACAVI,COLISION FRONTAL,COLISION,RURAL,TRAMO DE VIA CURVA VERTICAL,VELOCIDAD IMPRUDENTE,"VELOCIDAD NO REDUCIR CRUCE DE CALLES, CUMBRE, CURVA, ETC.", , , ,0,G-68,16,BIDIRECCIONAL,CONCRETO,BUENO,SECO,DESPEJADO,0,0,0,1,13,135,13503,Metropolitana de Santiago,Melipilla,Curacaví,Numero,G-68 km 16,-33.540493,-70.931487
-7872619.12871901,-3934572.5130955,1504,2023,1516697,2023/03/10 00:00:00+00,Marzo,10,Viernes,1899/12/30 00:00:00+00,01:20:00,1,REGION METROPOLITANA,VITACURA,CHOQUE FRONTAL,CHOQUE,RURAL,TRAMO DE VIA CURVA HORIZONTAL,VELOCIDAD IMPRUDENTE,VELOCIDAD NO RAZONABLE NI PRUDENTE, , , ,0,NORORIENTE,1,BIDIRECCIONAL CON BANDEJON,ASFALTO,BUENO,SECO,DESPEJADO,1,0,0,0,13,131,13132,Metropolitana de Santiago,Santiago,Vitacura,Numero,NORORIENTE km 1,-33.295349,-70.720941
-8046503.02818211,-4502970.18883028,1505,2023,1524252,2023/04/13 00:00:00+00,Abril,13,Jueves,1899/12/30 00:00:00+00,18:40:00,18,REGION BIO BIO,LOS ANGELES,COLISION LATERAL,COLISION,RURAL,TRAMO DE VIA RECTA,IMPRUDENCIA DEL CONDUCTOR,CONDUCCION NO ATENTO CONDICIONES TRANSITO MOMENTO, , , ,0,Q-45,4,BIDIRECCIONAL,CONCRETO,BUENO,SECO,DESPEJADO,0,0,0,0,08,083,08301,Biobío,Biobío,Los Angeles,Ruta,Q-45 km 4,-37.45679,-72.282967
-7911827.76878409,-4087904.26084841,1506,2023,1559077,2023/09/16 00:00:00+00,Septiembre,16,Sábado,1899/12/30 00:00:00+00,14:20:00,14,REGION LIB.B.O'HIGGINS,SAN VICENTE,COLISION PERPENDICULAR,COLISION,URBANA,TRAMO DE VIA RECTA,IMPRUDENCIA DEL CONDUCTOR,CONDUCCION NO ATENTO CONDICIONES TRANSITO MOMENTO,DIEGO PORTALES, ,- DIEGO PORTALES,122, , ,BIDIRECCIONAL,ASFALTO,BUENO,SECO,DESPEJADO,0,0,1,0,06,061,06117,Libertador General Bernardo O'Higgins,Cachapoal,San Vicente,Numero,"DIEGO PORTALES 122, San Vicente",-34.439014,-71.073158
-7854070.65719175,-3971174.23749547,1507,2023,1579570,2023/12/18 00:00:00+00,Diciembre,18,Lunes,1899/12/30 00:00:00+00,13:00:00,13,REGION METROPOLITANA,PUENTE ALTO,VOLCADURA,VOLCADURA,URBANA,TRAMO DE VIA RECTA,IMPRUDENCIA DEL CONDUCTOR,CONDUCCION NO ATENTO CONDICIONES TRANSITO MOMENTO,CAMILO HENRIQUEZ, ,- CAMILO HENRIQUEZ,3691, , ,BIDIRECCIONAL,CONCRETO,BUENO,SECO,DESPEJADO,0,1,0,0,13,132,13201,Metropolitana de Santiago,Cordillera,Puente Alto,Numero,"CAMILO HENRIQUEZ 3691, Puente Alto",-33.569742,-70.554317
-7872447.45572989,-3959382.4998477,1508,2023,1578530,2023/12/18 00:00:00+00,Diciembre,18,Lunes,1899/12/30 00:00:00+00,13:30:00,13,REGION METROPOLITANA,CERRILLOS,CHOQUE FRONTAL,CHOQUE,URBANA,TRAMO DE VIA RECTA,VELOCIDAD IMPRUDENTE,VELOCIDAD NO RAZONABLE NI PRUDENTE,COSTANERA NORTE DEL ZANJON DE LA AGUADA, ,- COSTANERA NORTE DEL ZANJON DE LA AGUADA,230, , ,BIDIRECCIONAL CON BANDEJON,ASFALTO,BUENO,SECO,DESPEJADO,1,1,0,0,13,131,13102,Metropolitana de Santiago,Santiago,Cerrillos,Numero,"COSTANERA NORTE DEL ZANJON DE LA AGUADA 230, Cerrillos",-33.481438,-70.719399
-7929356.56992815,-4160435.08347863,1509,2023,1517620,2023/03/10 00:00:00+00,Marzo,10,Viernes,1899/12/30 00:00:00+00,11:40:00,11,REGION MAULE,CURICO,COLISION LATERAL,COLISION,URBANA,TRAMO DE VIA RECTA,IMPRUDENCIA DEL CONDUCTOR,CONDUCCION NO ATENTO CONDICIONES TRANSITO MOMENTO,JUAN LUIS DIEZ, ,- JUAN LUIS DIEZ,1345, , ,BIDIRECCIONAL,CONCRETO,BUENO,SECO,DESPEJADO,0,0,0,0,07,073,07301,Maule,Curicó,Curicó,Numero,"JUAN LUIS DIEZ 1345, Curicó",-34.974638,-71.230622
-8141188.19136885,-4419431.35226451,1510,2023,1525242,2023/04/14 00:00:00+00,Abril,14,Viernes,1899/12/30 00:00:00+00,08:00:00,8,REGION BIO BIO,SAN PEDRO DE LA PAZ,COLISION LATERAL,COLISION,RURAL,CRUCE CON SEMAFORO FUNCIONANDO,IMPRUDENCIA DEL CONDUCTOR,CONDUCCION CAMBIAR SORPRESIVAMENTE PISTA CIRCULACION, , , ,0,RUTA 160,7,BIDIRECCIONAL CON BANDEJON,CONCRETO,BUENO,SECO,DESPEJADO,0,1,0,0,08,081,08108,Biobío,Concepción,San Pedro de la Paz,Ruta,RUTA 160 km 7,-36.858712,-73.133538
-7902312.68135198,-4106932.2801427,1511,2023,1560628,2023/09/16 00:00:00+00,Septiembre,16,Sábado,1899/12/30 00:00:00+00,19:30:00,19,REGION LIB.B.O'HIGGINS,SAN FERNANDO,ATROPELLO,ATROPELLO,URBANA,TRAMO DE VIA RECTA,IMPRUDENCIA DEL CONDUCTOR,CONDUCCION NO ATENTO CONDICIONES TRANSITO MOMENTO,MANSO DE VELASCO, ,- MANSO DE VELASCO,550, , ,BIDIRECCIONAL,ASFALTO,BUENO,SECO,DESPEJADO,0,0,0,1,06,063,06301,Libertador General Bernardo O'Higgins,Colchagua,San Fernando,Numero,"MANSO DE VELASCO 550, San Fernando",-34.579867,-70.987683
-8079684.1788504,-4688944.40447689,1512,2023,1578817,2023/12/18 00:00:00+00,Diciembre,18,Lunes,1899/12/30 00:00:00+00,14:40:00,14,REGION ARAUCANIA,TEMUCO,COLISION PERPENDICULAR,COLISION,URBANA,TRAMO DE VIA RECTA,IMPRUDENCIA DEL CONDUCTOR,CONDUCCION NO ATENTO CONDICIONES TRANSITO MOMENTO,LAS ENCINAS, ,- LAS ENCINAS,2855, , ,BIDIRECCIONAL,ASFALTO,BUENO,SECO,DESPEJADO,0,1,0,0,09,091,09101,La Araucanía,Cautín,Temuco,Numero,"LAS ENCINAS 2855, Temuco",-38.771156,-72.581038
-7932020.90016088,-3488922.40721834,1513,2023,1524208,2023/04/15 00:00:00+00,Abril,15,Sábado,1899/12/30 00:00:00+00,22:05:00,22,REGION COQUIMBO,LA SERENA,COLISION LATERAL,COLISION,RURAL,TRAMO DE VIA RECTA,IMPRUDENCIA DEL CONDUCTOR,CONDUCCION SIN MANTENER DISTANCIA RAZONABLE NI PRUDENTE, , , ,0,RUTA 5 NORTE,472,BIDIRECCIONAL CON BANDEJON,ASFALTO,BUENO,SECO,DESPEJADO,0,0,0,1,04,041,04101,Coquimbo,Elqui,La Serena,Ruta,RUTA 5 NORTE km 472,-29.886139,-71.254556
-7930526.62633104,-4161345.33637509,1514,2023,1517609,2023/03/10 00:00:00+00,Marzo,10,Viernes,1899/12/30 00:00:00+00,13:38:00,13,REGION MAULE,CURICO,COLISION LATERAL,COLISION,URBANA,TRAMO DE VIA RECTA,IMPRUDENCIA DEL CONDUCTOR,CONDUCCION NO ATENTO CONDICIONES TRANSITO MOMENTO,CAMILO HENRIQUEZ, ,- CAMILO HENRIQUEZ,434, , ,BIDIRECCIONAL,CONCRETO,BUENO,SECO,DESPEJADO,0,0,0,1,07,073,07301,Maule,Curicó,Curicó,Numero,"CAMILO HENRIQUEZ 434, Curicó",-34.981338,-71.241133
-8133607.68670597,-4410032.29812169,1515,2023,1560512,2023/09/16 00:00:00+00,Septiembre,16,Sábado,1899/12/30 00:00:00+00,21:00:00,21,REGION BIO BIO,TALCAHUANO,COLISION LATERAL,COLISION,URBANA,OTROS NO CONSIDERADOS,IMPRUDENCIA DEL CONDUCTOR,VIRAJES INDEBIDOS,JORGE ALESSANDRI, ,- JORGE ALESSANDRI,3177, , ,BIDIRECCIONAL,CONCRETO,BUENO,SECO,DESPEJADO,0,0,0,0,08,081,08110,Biobío,Concepción,Talcahuano,Numero,"JORGE ALESSANDRI 3177, Talcahuano",-36.791126,-73.065441
-8083630.46441703,-4685263.90140302,1516,2023,1580197,2023/12/18 00:00:00+00,Diciembre,18,Lunes,1899/12/30 00:00:00+00,16:19:00,16,REGION ARAUCANIA,TEMUCO,CHOQUE POSTERIOR/POSTERIOR,CHOQUE,URBANA,OTROS NO CONSIDERADOS,IMPRUDENCIA DEL CONDUCTOR,CONDUCIR VEHICULO EN RETROCESO,URUGUAY, ,- URUGUAY,1695, , ,BIDIRECCIONAL,CONCRETO,BUENO,SECO,DESPEJADO,0,0,0,0,09,091,09101,La Araucanía,Cautín,Temuco,Numero,"URUGUAY 1695, Temuco",-38.745374,-72.616488
-7881380.0507128,-4063257.57401123,1517,2023,1523814,2023/04/16 00:00:00+00,Abril,16,Domingo,1899/12/30 00:00:00+00,08:20:00,8,REGION LIB.B.O'HIGGINS,REQUINOA,COLISION LATERAL,COLISION,RURAL,TRAMO DE VIA RECTA,IMPRUDENCIA DEL CONDUCTOR,ADELANTAMIENTO SIN EL ESPACIO O TIEMPO SUFICIENTE, , , ,0,"H-406, H-409",3,BIDIRECCIONAL,ASFALTO,BUENO,SECO,DESPEJADO,1,0,0,0,06,061,06116,Libertador General Bernardo O'Higgins,Cachapoal,Requínoa,Ruta,"H-406, H-409 km 3",-34.256215,-70.799642
-8137199.38307031,-4408173.9809991,1518,2023,1517223,2023/03/10 00:00:00+00,Marzo,10,Viernes,1899/12/30 00:00:00+00,15:35:00,15,REGION BIO BIO,TALCAHUANO,ATROPELLO,ATROPELLO,URBANA,TRAMO DE VIA RECTA,IMPRUDENCIA DEL PEATON,PEATON CRUZA CALZADA FORMA SORPRESIVA O DESCUIDADA,AYSEN, ,- AYSEN,7288, , ,BIDIRECCIONAL,CONCRETO,BUENO,SECO,DESPEJADO,0,0,0,1,08,081,08110,Biobío,Concepción,Talcahuano,Numero,"AYSEN 7288, Talcahuano",-36.777756,-73.097706
-7896056.9937005,-3967267.02667315,1519,2023,1559876,2023/09/17 00:00:00+00,Septiembre,17,Domingo,1899/12/30 00:00:00+00,17:00:00,17,REGION METROPOLITANA,CURACAVI,COLISION LATERAL,COLISION,RURAL,TRAMO DE VIA CURVA HORIZONTAL,VELOCIDAD IMPRUDENTE,"VELOCIDAD NO REDUCIR CRUCE DE CALLES, CUMBRE, CURVA, ETC.", , , ,0,G-68,16,BIDIRECCIONAL,ASFALTO,BUENO,SECO,DESPEJADO,0,1,0,0,13,135,13503,Metropolitana de Santiago,Melipilla,Curacaví,Numero,G-68 km 16,-33.540493,-70.931487
-8058149.11979932,-4284183.35950495,1520,2023,1524421,2023/04/16 00:00:00+00,Abril,16,Domingo,1899/12/30 00:00:00+00,21:05:00,21,REGION MAULE,CHANCO,VOLCADURA,VOLCADURA,RURAL,TRAMO DE VIA RECTA,ALCOHOL EN CONDUCTOR,CONDUCCION EN ESTADO DE EBRIEDAD, , , ,0,M-50,10,BIDIRECCIONAL,ASFALTO,BUENO,SECO,DESPEJADO,0,0,1,0,07,072,07202,Maule,Cauquenes,Chanco,Ruta,M-50 km 10,-35.880446,-72.387585
-7890226.37445958,-3932921.46444848,1521,2023,1578653,2023/12/18 00:00:00+00,Diciembre,18,Lunes,1899/12/30 00:00:00+00,18:05:00,18,REGION METROPOLITANA,LAMPA,COLISION POR ALCANCE,COLISION,RURAL,TRAMO DE VIA RECTA,IMPRUDENCIA DEL CONDUCTOR,CONDUCCION SIN MANTENER DISTANCIA RAZONABLE NI PRUDENTE,SAN IGNACIO, ,- SAN IGNACIO,1, , ,BIDIRECCIONAL,ASFALTO,BUENO,SECO,DESPEJADO,0,0,0,0,13,133,13302,Metropolitana de Santiago,Chacabuco,Lampa,Numero,"SAN IGNACIO 1, Lampa",-33.282951,-70.879109
-8131373.24198987,-4410271.07137894,1522,2023,1517856,2023/03/10 00:00:00+00,Marzo,10,Viernes,1899/12/30 00:00:00+00,17:39:00,17,REGION BIO BIO,CONCEPCION,COLISION,COLISION,URBANA,OTROS NO CONSIDERADOS,IMPRUDENCIA DEL CONDUCTOR,CONDUCCION NO ATENTO CONDICIONES TRANSITO MOMENTO,ABDON CIFUENTES, ,- ABDON CIFUENTES,1953, , ,BIDIRECCIONAL,CONCRETO,BUENO,SECO,DESPEJADO,0,0,0,1,08,081,08101,Biobío,Concepción,Concepción,Numero,"ABDON CIFUENTES 1953, Concepción",-36.792844,-73.045369
-7866510.58628741,-3953164.38823266,1523,2023,1568831,2023/09/17 00:00:00+00,Septiembre,17,Domingo,1899/12/30 00:00:00+00,19:00:00,19,REGION METROPOLITANA,SANTIAGO,COLISION POR ALCANCE,COLISION,URBANA,TRAMO DE VIA RECTA,IMPRUDENCIA DEL CONDUCTOR,CONDUCCION NO ATENTO CONDICIONES TRANSITO MOMENTO,SAN PABLO, ,- SAN PABLO,2083, , ,UNIDIRECCIONAL,CONCRETO,REGULAR,SECO,DESPEJADO,0,0,0,0,13,131,13101,Metropolitana de Santiago,Santiago,Santiago,Numero,"SAN PABLO 2083, Santiago",-33.434836,-70.666067
-7865481.52495856,-3956180.44445053,1524,2023,1582797,2023/12/18 00:00:00+00,Diciembre,18,Lunes,1899/12/30 00:00:00+00,19:30:00,19,REGION METROPOLITANA,SANTIAGO,OTRO TIPO,OTRO TIPO,RURAL,TRAMO DE VIA RECTA,OTRAS CAUSAS,OTRAS CAUSAS, , , ,0,RUTA 5 SUR,"1,3",BIDIRECCIONAL CON BANDEJON,ASFALTO,REGULAR,SECO,DESPEJADO,0,1,0,0,13,131,13101,Metropolitana de Santiago,Santiago,Santiago,Numero,"RUTA 5 SUR km 1,3",-33.457443,-70.656823
-8117703.86143153,-4663108.22221353,1525,2023,1527696,2023/04/17 00:00:00+00,Abril,17,Lunes,1899/12/30 00:00:00+00,13:30:00,13,REGION ARAUCANIA,CHOLCHOL,COLISION,COLISION,RURAL,TRAMO DE VIA RECTA,IMPRUDENCIA DEL CONDUCTOR,CONDUCCION NO ATENTO CONDICIONES TRANSITO MOMENTO, , , ,0,S-198,7,BIDIRECCIONAL,ASFALTO,BUENO,SECO,DESPEJADO,0,0,0,0,09,091,09121,La Araucanía,Cautín,Cholchol,Ruta,S-198 km 7,-38.589976,-72.922575
-8130129.54851192,-4409846.13767701,1526,2023,1516457,2023/03/10 00:00:00+00,Marzo,10,Viernes,1899/12/30 00:00:00+00,21:00:00,21,REGION BIO BIO,CONCEPCION,COLISION LATERAL,COLISION,URBANA,TRAMO DE VIA RECTA,IMPRUDENCIA DEL CONDUCTOR,VIRAJES INDEBIDOS,CAMPOS DEPORTIVOS, ,- CAMPOS DEPORTIVOS,440, , ,BIDIRECCIONAL,CONCRETO,BUENO,SECO,DESPEJADO,0,0,0,1,08,081,08101,Biobío,Concepción,Concepción,Numero,"CAMPOS DEPORTIVOS 440, Concepción",-36.789787,-73.034196
-7975373.20847451,-4219207.47135281,1527,2023,1560281,2023/09/17 00:00:00+00,Septiembre,17,Domingo,1899/12/30 00:00:00+00,19:20:00,19,REGION MAULE,TALCA,COLISION POR ALCANCE,COLISION,URBANA,TRAMO DE VIA RECTA,IMPRUDENCIA DEL CONDUCTOR,NO RESPETAR DERECHO PREFERENTE DE PASO A VEHICULO,LIRCAY, ,- LIRCAY,3030, , ,BIDIRECCIONAL CON BANDEJON,CONCRETO,BUENO,SECO,DESPEJADO,0,0,0,1,07,071,07101,Maule,Talca,Talca,Numero,"LIRCAY 3030, Talca",-35.406108,-71.643996
-7964312.53461574,-3890238.32109896,1528,2023,1583322,2023/12/18 00:00:00+00,Diciembre,18,Lunes,1899/12/30 00:00:00+00,19:30:00,19,REGION VALPARAISO,CONCON,CHOQUE FRENTE/POSTERIOR,CHOQUE,URBANA,CRUCE CON SEMAFORO FUNCIONANDO,IMPRUDENCIA DEL CONDUCTOR,CONDUCCION NO ATENTO CONDICIONES TRANSITO MOMENTO,EDMUNDO ELUCHANS, ,- EDMUNDO ELUCHANS,1475, , ,BIDIRECCIONAL,ASFALTO,BUENO,SECO,DESPEJADO,0,0,0,1,05,051,05103,Valparaíso,Valparaíso,Concón,Numero,"EDMUNDO ELUCHANS 1475, Concón",-32.961828,-71.544637
-8121917.44734832,-4394561.9597138,1529,2023,1524448,2023/04/17 00:00:00+00,Abril,17,Lunes,1899/12/30 00:00:00+00,13:50:00,13,REGION BIO BIO,TOME,VOLCADURA,VOLCADURA,RURAL,TRAMO DE VIA CURVA VERTICAL,VELOCIDAD IMPRUDENTE,VELOCIDAD NO RAZONABLE NI PRUDENTE, , , ,0,RUTA 150,17,BIDIRECCIONAL CON BANDEJON,CONCRETO,BUENO,SECO,DESPEJADO,0,1,0,0,08,081,08111,Biobío,Concepción,Tomé,Ruta,RUTA 150 km 17,-36.679753,-72.960426
-7855541.24106508,-3968357.16698182,1530,2023,1522949,2023/03/10 00:00:00+00,Marzo,10,Viernes,1899/12/30 00:00:00+00,21:00:00,21,REGION METROPOLITANA,SAN JOSE DE MAIPO,CHOQUE LATERAL,CHOQUE,RURAL,TRAMO DE VIA RECTA,IMPRUDENCIA DEL CONDUCTOR,CONDUCCION CAMBIAR SORPRESIVAMENTE PISTA CIRCULACION, , , ,0,G-25,5,BIDIRECCIONAL,ASFALTO,BUENO,SECO,DESPEJADO,0,0,0,1,13,132,13203,Metropolitana de Santiago,Cordillera,San José de Maipo,Numero,G-25 km 5,-33.548654,-70.567528
-8051321.63489684,-4504782.27496124,1531,2023,1579031,2023/12/18 00:00:00+00,Diciembre,18,Lunes,1899/12/30 00:00:00+00,19:45:00,19,REGION BIO BIO,LOS ANGELES,COLISION LATERAL,COLISION,URBANA,TRAMO DE VIA RECTA,IMPRUDENCIA DEL CONDUCTOR,CONDUCCION NO ATENTO CONDICIONES TRANSITO MOMENTO,LAS INDUSTRIAS, ,- LAS INDUSTRIAS,502, , ,BIDIRECCIONAL CON BANDEJON,ASFALTO,BUENO,SECO,DESPEJADO,0,1,0,1,08,083,08301,Biobío,Biobío,Los Angeles,Numero,"LAS INDUSTRIAS 502, Los Angeles",-37.469711,-72.326253
-7923742.07381619,-4169894.20539409,1532,2023,1524692,2023/04/17 00:00:00+00,Abril,17,Lunes,1899/12/30 00:00:00+00,18:00:00,18,REGION MAULE,CURICO,COLISION LATERAL,COLISION,RURAL,TRAMO DE VIA RECTA,IMPRUDENCIA DEL CONDUCTOR,NO RESPETAR DERECHO PREFERENTE DE PASO A VEHICULO, , , ,0,J-65,"7,7",BIDIRECCIONAL,ASFALTO,BUENO,SECO,DESPEJADO,0,0,0,1,07,073,07301,Maule,Curicó,Curicó,Ruta,"J-65 km 7,7",-35.044236,-71.180186
-7871416.29477073,-3969650.62699548,1533,2023,1566446,2023/09/17 00:00:00+00,Septiembre,17,Domingo,1899/12/30 00:00:00+00,19:20:00,19,REGION METROPOLITANA,SAN BERNARDO,OTRO TIPO,OTRO TIPO,RURAL,TRAMO DE VIA RECTA,ALCOHOL EN CONDUCTOR,CONDUCCION BAJO LA INFLUENCIA DEL ALCOHOL, , , ,0,RUTA 74,0,UNIDIRECCIONAL,ASFALTO,BUENO,SECO,NUBLADO,0,0,0,2,13,134,13401,Metropolitana de Santiago,Maipo,San Bernardo,Numero,RUTA 74 km 0,-33.558338,-70.710136
-7921893.80175698,-4146133.07032447,1534,2023,1516150,2023/03/11 00:00:00+00,Marzo,11,Sábado,1899/12/30 00:00:00+00,08:00:00,8,REGION MAULE,TENO,COLISION,COLISION,URBANA,TRAMO DE VIA RECTA,IMPRUDENCIA DEL CONDUCTOR,CONDUCCION NO ATENTO CONDICIONES TRANSITO MOMENTO,COMALLE, ,- COMALLE,284, , ,BIDIRECCIONAL,ASFALTO,BUENO,SECO,DESPEJADO,0,0,0,2,07,073,07308,Maule,Curicó,Teno,Numero,"COMALLE 284, Teno",-34.869295,-71.163583
-8076608.91853942,-4679682.07465957,1535,2023,1578543,2023/12/18 00:00:00+00,Diciembre,18,Lunes,1899/12/30 00:00:00+00,21:30:00,21,REGION ARAUCANIA,TEMUCO,VOLCADURA,VOLCADURA,URBANA,TRAMO DE VIA RECTA,IMPRUDENCIA DEL PASAJERO,IMPRUDENCIA DEL PASAJERO,RUDECINDO ORTEGA, ,- RUDECINDO ORTEGA,2487, , ,BIDIRECCIONAL CON BANDEJON,CONCRETO,BUENO,SECO,DESPEJADO,0,0,0,1,09,091,09101,La Araucanía,Cautín,Temuco,Numero,"RUDECINDO ORTEGA 2487, Temuco",-38.706255,-72.553412
-8121547.25526111,-4685878.7714819,1536,2023,1527717,2023/04/17 00:00:00+00,Abril,17,Lunes,1899/12/30 00:00:00+00,19:00:00,19,REGION ARAUCANIA,NUEVA IMPERIAL,IMPACTO CON ANIMAL,OTRO TIPO,RURAL,TRAMO DE VIA RECTA,DEFICIENCIAS VIALES,ANIMALES SUELTOS VIA PUBLICA, , , ,0,"S-30, S-40",32,BIDIRECCIONAL,ASFALTO,BUENO,SECO,NUBLADO,0,0,0,1,09,091,09111,La Araucanía,Cautín,Nueva Imperial,Ruta,"S-30, S-40 km 32",-38.749682,-72.9571