X,Y,FID,Año,IdAccident,Fecha,Mes,Dia_mes,Dia_semana,Hora,Hora_texto,Hora_aprox,Región,Comuna,Tipo_Accid,Tipo__CONA,Zona,Ubicación,Causa__CON,Causa_Acci,Calle_Uno,Calle_Dos,Intersecci,Número,Ruta,Ubicaci_1,Calzada,Tipo_Calza,Estado_Cal,Condición,Estado_Atm,Fallecidos,Graves,Menos_Grav,Leves,CUT_REG,CUT_PROV,CUT_COM,REGION,PROVINCIA,COMUNA1,Tipo_direc,Direccion,Lat,Lon
-7928411.86404927,-3492339.49511544,1537,2023,1561252,2023/09/17 00:00:00+00,Septiembre,17,Domingo,1899/12/30 00:00:00+00,20:39:00,20,REGION COQUIMBO,COQUIMBO,VOLCADURA,VOLCADURA,URBANA,TRAMO DE VIA RECTA,IMPRUDENCIA DEL CONDUCTOR,CONDUCCION NO ATENTO CONDICIONES TRANSITO MOMENTO,LOS CHANGOS, ,- LOS CHANGOS,2, , ,BIDIRECCIONAL,TIERRA,MALO, ,DESPEJADO,0,0,0,1,04,041,04102,Coquimbo,Elqui,Coquimbo,Numero,"LOS CHANGOS 2, Coquimbo",-29.912749,-71.222136
-8048356.63680865,-4490892.49876996,1538,2023,1524293,2023/04/17 00:00:00+00,Abril,17,Lunes,1899/12/30 00:00:00+00,19:20:00,19,REGION BIO BIO,LOS ANGELES,COLISION FRONTAL,COLISION,RURAL,TRAMO DE VIA RECTA,IMPRUDENCIA DEL CONDUCTOR,VIRAJES INDEBIDOS, , , ,0,Q-15,"8,7",BIDIRECCIONAL,ASFALTO,BUENO,SECO,DESPEJADO,1,0,0,1,08,083,08301,Biobío,Biobío,Los Angeles,Ruta,"Q-15 km 8,7",-37.370616,-72.299618
-7970303.21561063,-3902248.6834102,1539,2023,1580963,2023/12/19 00:00:00+00,Diciembre,19,Martes,1899/12/30 00:00:00+00,10:33:00,10,REGION VALPARAISO,VALPARAISO,COLISION POR ALCANCE,COLISION,URBANA,TRAMO DE VIA RECTA,IMPRUDENCIA DEL CONDUCTOR,CONDUCCION NO ATENTO CONDICIONES TRANSITO MOMENTO,JOSE SANTOS OSSA, ,- JOSE SANTOS OSSA,1209, , ,UNIDIRECCIONAL,CONCRETO,BUENO,SECO,DESPEJADO,0,0,0,0,05,051,05101,Valparaíso,Valparaíso,Valparaíso,Numero,"JOSE SANTOS OSSA 1209, Valparaíso",-33.052305,-71.598452
-7953059.81634555,-3901789.08417164,1540,2023,1515403,2023/03/11 00:00:00+00,Marzo,11,Sábado,1899/12/30 00:00:00+00,16:18:00,16,REGION VALPARAISO,QUILPUE,COLISION LATERAL,COLISION,URBANA,TRAMO DE VIA RECTA,IMPRUDENCIA DEL CONDUCTOR,ADELANTAMIENTO SIN EL ESPACIO O TIEMPO SUFICIENTE,BULNES, ,- BULNES,952, , ,BIDIRECCIONAL,ASFALTO,BUENO,SECO,DESPEJADO,0,1,0,0,05,058,05801,Valparaíso,Marga Marga,Quilpué,Numero,"BULNES 952, Quilpué",-33.048845,-71.443552
-8129970.98579734,-4413367.11732312,1541,2023,1583883,2023/12/19 00:00:00+00,Diciembre,19,Martes,1899/12/30 00:00:00+00,11:05:00,11,REGION BIO BIO,CONCEPCION,CHOQUE FRENTE/POSTERIOR,CHOQUE,URBANA,CRUCE CON SEMAFORO FUNCIONANDO,IMPRUDENCIA DEL CONDUCTOR,CONDUCCION NO ATENTO CONDICIONES TRANSITO MOMENTO,LOS CARRERA, ,- LOS CARRERA,2221, , ,BIDIRECCIONAL CON BANDEJON,CONCRETO,BUENO,SECO,DESPEJADO,0,0,0,0,08,081,08101,Biobío,Concepción,Concepción,Numero,"LOS CARRERA 2221, Concepción",-36.815113,-73.032772
-8031350.86442555,-4371763.20899858,1542,2023,1524459,2023/04/17 00:00:00+00,Abril,17,Lunes,1899/12/30 00:00:00+00,19:40:00,19,REGION ÑUBLE,QUIRIHUE,COLISION FRONTAL,COLISION,RURAL,TRAMO DE VIA RECTA,IMPRUDENCIA DEL CONDUCTOR,CONDUCCION CAMBIAR SORPRESIVAMENTE PISTA CIRCULACION, , , ,0,N-50,"7,5",BIDIRECCIONAL,ASFALTO,BUENO,SECO,DESPEJADO,1,1,0,0,16,162,16201,Ñuble,Itata,Quirihue,Ruta,"N-50 km 7,5",-36.515327,-72.146852
-7868302.53845438,-3974319.91747871,1543,2023,1560214,2023/09/18 00:00:00+00,Septiembre,18,Lunes,1899/12/30 00:00:00+00,01:50:00,1,REGION METROPOLITANA,SAN BERNARDO,VOLCADURA,VOLCADURA,URBANA,CRUCE SIN SEÑALIZACION,VELOCIDAD IMPRUDENTE,VELOCIDAD NO RAZONABLE NI PRUDENTE,COLON NORTE, ,- COLON NORTE,1052, , ,UNIDIRECCIONAL,ASFALTO,REGULAR,SECO,DESPEJADO,0,0,1,0,13,134,13401,Metropolitana de Santiago,Maipo,San Bernardo,Numero,"COLON NORTE 1052, San Bernardo",-33.593284,-70.682164
-7925731.08763082,-3867218.46102134,1544,2023,1515497,2023/03/11 00:00:00+00,Marzo,11,Sábado,1899/12/30 00:00:00+00,21:10:00,21,REGION VALPARAISO,CALERA,CHOQUE FRONTAL,CHOQUE,URBANA,TRAMO DE VIA RECTA,IMPRUDENCIA DEL CONDUCTOR,CONDUCCION NO ATENTO CONDICIONES TRANSITO MOMENTO,CARRERA, ,- CARRERA,1204, , ,BIDIRECCIONAL,ASFALTO,BUENO,SECO,DESPEJADO,0,0,0,2,05,055,05502,Valparaíso,Quillota,Calera,Numero,"CARRERA 1204, Calera",-32.788153,-71.198054
-7851814.98040897,-3950666.09737466,1545,2023,1582501,2023/12/19 00:00:00+00,Diciembre,19,Martes,1899/12/30 00:00:00+00,13:00:00,13,REGION METROPOLITANA,LAS CONDES,COLISION LATERAL,COLISION,URBANA,CRUCE CON SEÑAL CEDA EL PASO,IMPRUDENCIA DEL CONDUCTOR,NO RESPETAR DERECHO PREFERENTE DE PASO A VEHICULO,LAS CONDES, ,- LAS CONDES,9384, , ,BIDIRECCIONAL CON BANDEJON,ASFALTO,BUENO,SECO,DESPEJADO,0,0,0,0,13,131,13114,Metropolitana de Santiago,Santiago,Las Condes,Numero,"LAS CONDES 9384, Las Condes",-33.416105,-70.534054
-7913994.75496858,-4082957.37050075,1546,2023,1524486,2023/04/18 00:00:00+00,Abril,18,Martes,1899/12/30 00:00:00+00,07:50:00,7,REGION LIB.B.O'HIGGINS,SAN VICENTE,CHOQUE POSTERIOR/LADO,CHOQUE,RURAL,TRAMO DE VIA RECTA,IMPRUDENCIA DEL CONDUCTOR,CONDUCCION NO ATENTO CONDICIONES TRANSITO MOMENTO, , , ,0,"H-50, H-56",3,BIDIRECCIONAL,ASFALTO,BUENO,SECO,DESPEJADO,0,1,0,0,06,061,06117,Libertador General Bernardo O'Higgins,Cachapoal,San Vicente,Ruta,"H-50, H-56 km 3",-34.402356,-71.092624
-7986259.32612482,-4255747.20155966,1547,2023,1516184,2023/03/12 00:00:00+00,Marzo,12,Domingo,1899/12/30 00:00:00+00,00:50:00,0,REGION MAULE,VILLA ALEGRE,VOLCADURA,VOLCADURA,URBANA,TRAMO DE VIA RECTA,ALCOHOL EN CONDUCTOR,CONDUCCION BAJO LA INFLUENCIA DEL ALCOHOL,CALLEJON MONTONERA, ,- CALLEJON MONTONERA,1, , ,BIDIRECCIONAL,TIERRA,REGULAR, ,DESPEJADO,0,0,0,1,07,074,07407,Maule,Linares,Villa Alegre,Numero,"CALLEJON MONTONERA 1, Villa Alegre",-35.673202,-71.741788
-7884147.09055276,-3969663.27098094,1548,2023,1561851,2023/09/18 00:00:00+00,Septiembre,18,Lunes,1899/12/30 00:00:00+00,03:00:00,3,REGION METROPOLITANA,PADRE HURTADO,VOLCADURA,VOLCADURA,URBANA,TRAMO DE VIA RECTA,VELOCIDAD IMPRUDENTE,VELOCIDAD NO RAZONABLE NI PRUDENTE,JOSE LUIS CARO, ,- JOSE LUIS CARO,1706, , ,BIDIRECCIONAL,ASFALTO,BUENO,SECO,DESPEJADO,0,2,0,0,13,136,13604,Metropolitana de Santiago,Talagante,Padre Hurtado,Numero,"JOSE LUIS CARO 1706, Padre Hurtado",-33.558432,-70.824498
-7927114.17933811,-4160775.44604257,1549,2023,1582123,2023/12/19 00:00:00+00,Diciembre,19,Martes,1899/12/30 00:00:00+00,14:40:00,14,REGION MAULE,CURICO,COLISION POR ALCANCE,COLISION,URBANA,TRAMO DE VIA RECTA,IMPRUDENCIA DEL CONDUCTOR,CONDUCCION NO ATENTO CONDICIONES TRANSITO MOMENTO,ARTURO ALESSANDRI, ,- ARTURO ALESSANDRI,2101, , ,BIDIRECCIONAL CON BANDEJON,ASFALTO,BUENO,SECO,DESPEJADO,0,1,0,0,07,073,07301,Maule,Curicó,Curicó,Numero,"ARTURO ALESSANDRI 2101, Curicó",-34.977143,-71.210478
-7901334.40586726,-4093130.94375043,1550,2023,1524487,2023/04/18 00:00:00+00,Abril,18,Martes,1899/12/30 00:00:00+00,15:40:00,15,REGION LIB.B.O'HIGGINS,SAN VICENTE,COLISION LATERAL,COLISION,RURAL,TRAMO DE VIA RECTA,IMPRUDENCIA DEL CONDUCTOR,CONDUCCION NO ATENTO CONDICIONES TRANSITO MOMENTO, , , ,0,H-80-I,10,BIDIRECCIONAL,ASFALTO,BUENO,SECO,DESPEJADO,0,0,0,1,06,061,06117,Libertador General Bernardo O'Higgins,Cachapoal,San Vicente,Ruta,H-80-I km 10,-34.477727,-70.978895
-7872081.49055507,-4019689.49269664,1551,2023,1517597,2023/03/12 00:00:00+00,Marzo,12,Domingo,1899/12/30 00:00:00+00,05:30:00,5,REGION LIB.B.O'HIGGINS,MOSTAZAL,VOLCADURA,VOLCADURA,RURAL,TRAMO DE VIA RECTA,VELOCIDAD IMPRUDENTE,VELOCIDAD NO RAZONABLE NI PRUDENTE,EL MOLINO, ,- EL MOLINO,1, , ,BIDIRECCIONAL,RIPIO,BUENO, ,DESPEJADO,0,0,0,0,06,061,06110,Libertador General Bernardo O'Higgins,Cachapoal,Mostazal,Numero,"EL MOLINO 1, Mostazal",-33.932108,-70.716111
-8055193.40577894,-4504708.88147235,1552,2023,1561648,2023/09/19 00:00:00+00,Septiembre,19,Martes,1899/12/30 00:00:00+00,15:17:00,15,REGION BIO BIO,LOS ANGELES,COLISION,COLISION,URBANA,TRAMO DE VIA RECTA,IMPRUDENCIA DEL CONDUCTOR,CONDUCCION NO ATENTO CONDICIONES TRANSITO MOMENTO,ORIENTE, ,- ORIENTE,111, , ,BIDIRECCIONAL CON BANDEJON,ASFALTO,BUENO,SECO,DESPEJADO,0,0,0,0,08,083,08301,Biobío,Biobío,Los Angeles,Numero,"ORIENTE 111, Los Angeles",-37.469188,-72.361034
-7904976.3690486,-4126411.42248697,1553,2023,1526162,2023/04/18 00:00:00+00,Abril,18,Martes,1899/12/30 00:00:00+00,18:40:00,18,REGION LIB.B.O'HIGGINS,CHIMBARONGO,COLISION FRONTAL,COLISION,RURAL,TRAMO DE VIA RECTA,IMPRUDENCIA DEL CONDUCTOR,CONDUCCION NO ATENTO CONDICIONES TRANSITO MOMENTO, , , ,0,I-85-J,2,BIDIRECCIONAL,ASFALTO,BUENO,SECO,DESPEJADO,0,0,0,0,06,063,06303,Libertador General Bernardo O'Higgins,Colchagua,Chimbarongo,Ruta,I-85-J km 2,-34.723813,-71.011611
-7857454.42026885,-3971360.68315857,1554,2023,1579786,2023/12/19 00:00:00+00,Diciembre,19,Martes,1899/12/30 00:00:00+00,17:00:00,17,REGION METROPOLITANA,PUENTE ALTO,COLISION LATERAL,COLISION,URBANA,TRAMO DE VIA RECTA,IMPRUDENCIA DEL CONDUCTOR,CONDUCCION NO ATENTO CONDICIONES TRANSITO MOMENTO,CONCHA Y TORO, ,- CONCHA Y TORO,3854, , ,BIDIRECCIONAL,CONCRETO,BUENO,SECO,DESPEJADO,0,1,0,0,13,132,13201,Metropolitana de Santiago,Cordillera,Puente Alto,Numero,"CONCHA Y TORO 3854, Puente Alto",-33.571138,-70.584714
-7858340.1768112,-3871733.82476656,1555,2023,1516108,2023/03/12 00:00:00+00,Marzo,12,Domingo,1899/12/30 00:00:00+00,11:50:00,11,REGION VALPARAISO,SAN ESTEBAN,COLISION POR ALCANCE,COLISION,URBANA,TRAMO DE VIA RECTA,IMPRUDENCIA DEL CONDUCTOR,VIRAJES INDEBIDOS,ALESSANDRI, ,- ALESSANDRI,3008, , ,BIDIRECCIONAL,ASFALTO,BUENO,SECO,DESPEJADO,0,0,0,1,05,053,05304,Valparaíso,Los Andes,San Esteban,Numero,"ALESSANDRI 3008, San Esteban",-32.822246,-70.592671
-7873145.97989072,-3990592.50777715,1556,2023,1559455,2023/09/19 00:00:00+00,Septiembre,19,Martes,1899/12/30 00:00:00+00,18:30:00,18,REGION METROPOLITANA,BUIN,COLISION POR ALCANCE,COLISION,RURAL,TRAMO DE VIA RECTA,VELOCIDAD IMPRUDENTE,VELOCIDAD NO RAZONABLE NI PRUDENTE, , , ,0,RUTA 5 SUR,32,BIDIRECCIONAL,ASFALTO,BUENO,SECO,NUBLADO,0,1,0,0,13,134,13402,Metropolitana de Santiago,Maipo,Buin,Numero,RUTA 5 SUR km 32,-33.714964,-70.725674
-7865841.36819592,-3952125.14258033,1557,2023,1522108,2023/03/12 00:00:00+00,Marzo,12,Domingo,1899/12/30 00:00:00+00,13:30:00,13,REGION METROPOLITANA,INDEPENDENCIA,COLISION LATERAL,COLISION,URBANA,TRAMO DE VIA RECTA,IMPRUDENCIA DEL CONDUCTOR,CONDUCCION CAMBIAR SORPRESIVAMENTE PISTA CIRCULACION,VICTORIANO, ,- VICTORIANO,464, , ,UNIDIRECCIONAL,ASFALTO,BUENO,SECO,DESPEJADO,0,0,0,3,13,131,13108,Metropolitana de Santiago,Santiago,Independencia,Numero,"VICTORIANO 464, Independencia",-33.427045,-70.660055
-7973378.15119153,-4251915.77047071,1558,2023,1525374,2023/04/18 00:00:00+00,Abril,18,Martes,1899/12/30 00:00:00+00,18:45:00,18,REGION MAULE,SAN JAVIER,COLISION LATERAL,COLISION,RURAL,TRAMO DE VIA RECTA,IMPRUDENCIA DEL CONDUCTOR,ADELANTAMIENTO SIN EL ESPACIO O TIEMPO SUFICIENTE, , , ,0,L-15,8,BIDIRECCIONAL,ASFALTO,BUENO,SECO,DESPEJADO,0,1,0,0,07,074,07406,Maule,Linares,San Javier,Ruta,L-15 km 8,-35.645238,-71.626075
-7965725.60697734,-3902227.2209202,1559,2023,1580106,2023/12/19 00:00:00+00,Diciembre,19,Martes,1899/12/30 00:00:00+00,19:45:00,19,REGION VALPARAISO,VIÑA DEL MAR,COLISION POR ALCANCE,COLISION,URBANA,TRAMO DE VIA RECTA,IMPRUDENCIA DEL CONDUCTOR,CONDUCCION NO ATENTO CONDICIONES TRANSITO MOMENTO,VARIANTE AGUA SANTA, ,- VARIANTE AGUA SANTA,4001, , ,BIDIRECCIONAL,CONCRETO,BUENO,SECO,DESPEJADO,0,1,0,0,05,051,05109,Valparaíso,Valparaíso,Viña del Mar,Numero,"VARIANTE AGUA SANTA 4001, Viña del Mar",-33.052144,-71.557331
-8139609.98484708,-4950053.59883143,1560,2023,1564667,2023/09/19 00:00:00+00,Septiembre,19,Martes,1899/12/30 00:00:00+00,21:50:00,21,REGION LOS LAGOS,OSORNO,IMPACTO CON ANIMAL,OTRO TIPO,URBANA,TRAMO DE VIA RECTA,DEFICIENCIAS VIALES,ANIMALES SUELTOS VIA PUBLICA,FRANCISCO BILBAO, ,- FRANCISCO BILBAO,1794, , ,UNIDIRECCIONAL,CONCRETO,REGULAR,HUMEDO,NUBLADO,0,0,0,2,10,103,10301,Los Lagos,Osorno,Osorno,Numero,"FRANCISCO BILBAO 1794, Osorno",-40.576356,-73.119361
-7866712.28192057,-4050589.91114283,1561,2023,1517262,2023/03/12 00:00:00+00,Marzo,12,Domingo,1899/12/30 00:00:00+00,19:10:00,19,REGION LIB.B.O'HIGGINS,MACHALI,VOLCADURA,VOLCADURA,URBANA,TRAMO DE VIA CURVA HORIZONTAL,VELOCIDAD IMPRUDENTE,VELOCIDAD NO RAZONABLE NI PRUDENTE,VARIANTE COYA, ,- VARIANTE COYA,1, , ,UNIDIRECCIONAL,CONCRETO,BUENO,GRAVILLA,DESPEJADO,0,0,0,1,06,061,06108,Libertador General Bernardo O'Higgins,Cachapoal,Machalí,Numero,"VARIANTE COYA 1, Machalí",-34.162107,-70.667879
-7899313.50105567,-3874119.80868423,1562,2023,1580949,2023/12/19 00:00:00+00,Diciembre,19,Martes,1899/12/30 00:00:00+00,20:10:00,20,REGION VALPARAISO,LLAY LLAY,COLISION,COLISION,URBANA,TRAMO DE VIA RECTA,IMPRUDENCIA DEL CONDUCTOR,CONDUCCION NO ATENTO CONDICIONES TRANSITO MOMENTO,JOSE MANUEL BALMACEDA, ,- JOSE MANUEL BALMACEDA,473, , ,BIDIRECCIONAL CON BANDEJON,ASFALTO,BUENO,SECO,DESPEJADO,0,0,0,1,05,057,05703,Valparaíso,San Felipe de Aconcagua,Llaillay,Numero,"JOSE MANUEL BALMACEDA 473, Llaillay",-32.840256,-70.960741
-8056944.48347716,-4625016.86095683,1563,2023,1525725,2023/04/19 00:00:00+00,Abril,19,Miércoles,1899/12/30 00:00:00+00,12:57:00,12,REGION ARAUCANIA,LAUTARO,VOLCADURA,VOLCADURA,RURAL,TRAMO DE VIA RECTA,VELOCIDAD IMPRUDENTE,VELOCIDAD NO RAZONABLE NI PRUDENTE, , , ,0,RUTA 5 SUR,623,UNIDIRECCIONAL,ASFALTO,REGULAR,CON ACEITE,NUBLADO,0,0,0,1,09,091,09108,La Araucanía,Cautín,Lautaro,Ruta,RUTA 5 SUR km 623,-38.32202,-72.376764
-8151807.75497713,-4839995.56685109,1564,2023,1559994,2023/09/20 00:00:00+00,Septiembre,20,Miércoles,1899/12/30 00:00:00+00,17:20:00,17,REGION DE LOS RIOS,VALDIVIA,COLISION FRONTAL,COLISION,URBANA,TRAMO DE VIA RECTA,IMPRUDENCIA DEL CONDUCTOR,CONDUCCION NO ATENTO CONDICIONES TRANSITO MOMENTO,RAMON PICARTE, ,- RAMON PICARTE,1524, , ,BIDIRECCIONAL CON BANDEJON,CONCRETO,BUENO,SECO,NUBLADO,0,1,0,0,14,141,14101,Los Ríos,Valdivia,Valdivia,Numero,"RAMON PICARTE 1524, Valdivia",-39.821214,-73.228935
-7903825.49684563,-4105359.51981238,1565,2023,1516068,2023/03/13 00:00:00+00,Marzo,13,Lunes,1899/12/30 00:00:00+00,08:45:00,8,REGION LIB.B.O'HIGGINS,SAN FERNANDO,IMPACTO CON ANIMAL,OTRO TIPO,URBANA,TRAMO DE VIA RECTA,DEFICIENCIAS VIALES,ANIMALES SUELTOS VIA PUBLICA,LOS CRIADORES, ,- LOS CRIADORES,1041, , ,BIDIRECCIONAL,ASFALTO,BUENO,SECO,DESPEJADO,0,0,0,1,06,063,06301,Libertador General Bernardo O'Higgins,Colchagua,San Fernando,Numero,"LOS CRIADORES 1041, San Fernando",-34.568234,-71.001272
-8081748.1079216,-4682988.36577027,1566,2023,1579414,2023/12/20 00:00:00+00,Diciembre,20,Miércoles,1899/12/30 00:00:00+00,07:10:00,7,REGION ARAUCANIA,TEMUCO,COLISION LATERAL,COLISION,URBANA,TRAMO DE VIA RECTA,IMPRUDENCIA DEL CONDUCTOR,CONDUCCION NO ATENTO CONDICIONES TRANSITO MOMENTO,PRIETO NORTE, ,- PRIETO NORTE,320, , ,BIDIRECCIONAL CON BANDEJON,CONCRETO,BUENO,HUMEDO,NUBLADO,0,0,0,2,09,091,09101,La Araucanía,Cautín,Temuco,Numero,"PRIETO NORTE 320, Temuco",-38.729429,-72.599578
-8094955.79046886,-4414769.26445284,1567,2023,1531707,2023/04/19 00:00:00+00,Abril,19,Miércoles,1899/12/30 00:00:00+00,19:30:00,19,REGION BIO BIO,FLORIDA,COLISION LATERAL,COLISION,RURAL,TRAMO DE VIA RECTA,VELOCIDAD IMPRUDENTE,VELOCIDAD NO RAZONABLE NI PRUDENTE, , , ,0,RUTA 148,46,BIDIRECCIONAL,ASFALTO,BUENO,SECO,DESPEJADO,0,0,0,1,08,081,08104,Biobío,Concepción,Florida,Ruta,RUTA 148 km 46,-36.825196,-72.718225
-7863539.94453482,-3950889.42314338,1568,2023,1562526,2023/09/20 00:00:00+00,Septiembre,20,Miércoles,1899/12/30 00:00:00+00,17:40:00,17,REGION METROPOLITANA,RECOLETA,COLISION POR ALCANCE,COLISION,URBANA,CRUCE CON SEÑAL PARE,IMPRUDENCIA DEL CONDUCTOR,CONDUCCION SIN MANTENER DISTANCIA RAZONABLE NI PRUDENTE,PERU, ,- PERU,1268, , ,BIDIRECCIONAL,ASFALTO,BUENO,SECO,DESPEJADO,0,0,0,1,13,131,13127,Metropolitana de Santiago,Santiago,Recoleta,Numero,"PERU 1268, Recoleta",-33.41778,-70.639381
-7860423.58839629,-3972259.61929892,1569,2023,1516239,2023/03/13 00:00:00+00,Marzo,13,Lunes,1899/12/30 00:00:00+00,18:30:00,18,REGION METROPOLITANA,LA PINTANA,COLISION,COLISION,URBANA,TRAMO DE VIA RECTA,IMPRUDENCIA DEL CONDUCTOR,CONDUCCION NO ATENTO CONDICIONES TRANSITO MOMENTO,ACCESO SUR, ,- ACCESO SUR,4, , ,BIDIRECCIONAL CON BANDEJON,ASFALTO,BUENO,SECO,DESPEJADO,0,0,0,1,13,131,13112,Metropolitana de Santiago,Santiago,La Pintana,Numero,"ACCESO SUR 4, La Pintana",-33.577866,-70.611386
-7993916.8287429,-4323097.27255225,1570,2023,1527318,2023/04/20 00:00:00+00,Abril,20,Jueves,1899/12/30 00:00:00+00,08:50:00,8,REGION MAULE,PARRAL,COLISION PERPENDICULAR,COLISION,RURAL,TRAMO DE VIA RECTA,IMPRUDENCIA DEL CONDUCTOR,CONDUCCION CAMBIAR SORPRESIVAMENTE PISTA CIRCULACION, , , ,0,L-85,1,BIDIRECCIONAL,ASFALTO,BUENO,SECO,DESPEJADO,0,0,0,0,07,074,07404,Maule,Linares,Parral,Ruta,L-85 km 1,-36.163175,-71.810577
-7877982.9816281,-3954884.76266809,1571,2023,1581163,2023/12/20 00:00:00+00,Diciembre,20,Miércoles,1899/12/30 00:00:00+00,07:30:00,7,REGION METROPOLITANA,PUDAHUEL,COLISION POR ALCANCE,COLISION,URBANA,TRAMO DE VIA RECTA,IMPRUDENCIA DEL CONDUCTOR,CONDUCCION CAMBIAR SORPRESIVAMENTE PISTA CIRCULACION,RUTA 68, ,- RUTA 68,60, , ,UNIDIRECCIONAL,ASFALTO,BUENO,SECO,DESPEJADO,0,1,0,0,13,131,13124,Metropolitana de Santiago,Santiago,Pudahuel,Numero,"RUTA 68 60, Pudahuel",-33.447732,-70.769125
-7895477.23542498,-3984662.44057458,1572,2023,1561106,2023/09/21 00:00:00+00,Septiembre,21,Jueves,1899/12/30 00:00:00+00,08:00:00,8,REGION METROPOLITANA,TALAGANTE,COLISION LATERAL,COLISION,URBANA,TRAMO DE VIA RECTA,IMPRUDENCIA DEL CONDUCTOR,CONDUCCION NO ATENTO CONDICIONES TRANSITO MOMENTO,21 DE MAYO, ,- 21 DE MAYO,1500, , ,BIDIRECCIONAL,ASFALTO,BUENO,SECO,DESPEJADO,0,0,0,0,13,136,13601,Metropolitana de Santiago,Talagante,Talagante,Numero,"21 DE MAYO 1500, Talagante",-33.670641,-70.926279
-7851827.37881763,-3945883.19347693,1573,2023,1517382,2023/03/13 00:00:00+00,Marzo,13,Lunes,1899/12/30 00:00:00+00,20:10:00,20,REGION METROPOLITANA,VITACURA,COLISION POR ALCANCE,COLISION,URBANA,TRAMO DE VIA RECTA,IMPRUDENCIA DEL CONDUCTOR,CONDUCCION SIN MANTENER DISTANCIA RAZONABLE NI PRUDENTE,LAS HUALTATAS, ,- LAS HUALTATAS,10589, , ,BIDIRECCIONAL,ASFALTO,BUENO,SECO,DESPEJADO,0,0,0,1,13,131,13132,Metropolitana de Santiago,Santiago,Vitacura,Numero,"LAS HUALTATAS 10589, Vitacura",-33.380235,-70.534165
-8065017.45940021,-4402676.76289842,1574,2023,1526161,2023/04/20 00:00:00+00,Abril,20,Jueves,1899/12/30 00:00:00+00,14:19:00,14,REGION BIO BIO,CONCEPCION,VOLCADURA,VOLCADURA,RURAL,TRAMO DE VIA RECTA,VELOCIDAD IMPRUDENTE,VELOCIDAD NO RAZONABLE NI PRUDENTE, , , ,0,RUTA 148,15,BIDIRECCIONAL,CONCRETO,BUENO,SECO,NUBLADO,0,0,0,1,08,081,08101,Biobío,Concepción,Concepción,Ruta,RUTA 148 km 15,-36.738193,-72.449285
-7964668.61308357,-3892859.88751009,1575,2023,1562546,2023/09/21 00:00:00+00,Septiembre,21,Jueves,1899/12/30 00:00:00+00,10:40:00,10,REGION VALPARAISO,VIÑA DEL MAR,COLISION LATERAL,COLISION,URBANA,TRAMO DE VIA RECTA,IMPRUDENCIA DEL CONDUCTOR,CONDUCCION NO ATENTO CONDICIONES TRANSITO MOMENTO,BORGOÑO, ,- BORGOÑO,12705, , ,BIDIRECCIONAL,CONCRETO,BUENO,SECO,DESPEJADO,0,1,0,0,05,051,05109,Valparaíso,Valparaíso,Viña del Mar,Numero,"BORGOÑO 12705, Viña del Mar",-32.981585,-71.547835
-7912716.20572167,-3535247.73431283,1576,2023,1516905,2023/03/13 00:00:00+00,Marzo,13,Lunes,1899/12/30 00:00:00+00,20:15:00,20,REGION COQUIMBO,ANDACOLLO,COLISION LATERAL,COLISION,URBANA,TRAMO DE VIA CURVA VERTICAL,IMPRUDENCIA DEL CONDUCTOR,CONDUCCION NO ATENTO CONDICIONES TRANSITO MOMENTO,CHURRUMATA, ,- CHURRUMATA,10, , ,BIDIRECCIONAL,TIERRA,REGULAR, ,DESPEJADO,0,0,0,1,04,041,04103,Coquimbo,Elqui,Andacollo,Numero,"CHURRUMATA 10, Andacollo",-30.246291,-71.081139
-7941088.8496815,-4074677.89923648,1577,2023,1525182,2023/04/21 00:00:00+00,Abril,21,Viernes,1899/12/30 00:00:00+00,05:50:00,5,REGION LIB.B.O'HIGGINS,PICHIDEGUA,COLISION FRONTAL,COLISION,RURAL,TRAMO DE VIA CURVA HORIZONTAL,IMPRUDENCIA DEL CONDUCTOR,"ADELANTAMIENTO EN CRUCE, CURVA, CUESTA, PUENTE", , , ,0,H-76,33,BIDIRECCIONAL,ASFALTO,BUENO,HUMEDO,LLOVIZNA,0,1,0,0,06,061,06113,Libertador General Bernardo O'Higgins,Cachapoal,Pichidegua,Ruta,H-76 km 33,-34.340966,-71.336015
-7871977.61081301,-3974167.35085612,1578,2023,1582997,2023/12/20 00:00:00+00,Diciembre,20,Miércoles,1899/12/30 00:00:00+00,09:00:00,9,REGION METROPOLITANA,SAN BERNARDO,COLISION POR ALCANCE,COLISION,RURAL,TRAMO DE VIA RECTA,IMPRUDENCIA DEL CONDUCTOR,CONDUCCION CAMBIAR SORPRESIVAMENTE PISTA CIRCULACION, , , ,0,RUTA 5 SUR,18,BIDIRECCIONAL,ASFALTO,BUENO,SECO,DESPEJADO,0,0,1,0,13,134,13401,Metropolitana de Santiago,Maipo,San Bernardo,Numero,RUTA 5 SUR km 18,-33.592143,-70.715178