X,Y,FID,Año,IdAccident,Fecha,Mes,Dia_mes,Dia_semana,Hora,Hora_texto,Hora_aprox,Región,Comuna,Tipo_Accid,Tipo__CONA,Zona,Ubicación,Causa__CON,Causa_Acci,Calle_Uno,Calle_Dos,Intersecci,Número,Ruta,Ubicaci_1,Calzada,Tipo_Calza,Estado_Cal,Condición,Estado_Atm,Fallecidos,Graves,Menos_Grav,Leves,CUT_REG,CUT_PROV,CUT_COM,REGION,PROVINCIA,COMUNA1,Tipo_direc,Direccion,Lat,Lon
-7926781.97862275,-4162905.56630415,1579,2023,1561038,2023/09/21 00:00:00+00,Septiembre,21,Jueves,1899/12/30 00:00:00+00,14:17:00,14,REGION MAULE,CURICO,COLISION POR ALCANCE,COLISION,URBANA,TRAMO DE VIA RECTA,IMPRUDENCIA DEL CONDUCTOR,CONDUCCION NO ATENTO CONDICIONES TRANSITO MOMENTO,CAMINO ZAPALLAR, ,- CAMINO ZAPALLAR,2, , ,BIDIRECCIONAL,ASFALTO,BUENO,SECO,DESPEJADO,0,0,0,0,07,073,07301,Maule,Curicó,Curicó,Numero,"CAMINO ZAPALLAR 2, Curicó",-34.992821,-71.207494
-8085145.04996851,-4682416.5836037,1580,2023,1516855,2023/03/14 00:00:00+00,Marzo,14,Martes,1899/12/30 00:00:00+00,07:20:00,7,REGION ARAUCANIA,TEMUCO,COLISION LATERAL,COLISION,URBANA,CRUCE CON SEMAFORO FUNCIONANDO,IMPRUDENCIA DEL CONDUCTOR,CONDUCCION CAMBIAR SORPRESIVAMENTE PISTA CIRCULACION,LUIS DURAND, ,- LUIS DURAND,2175, , ,BIDIRECCIONAL CON BANDEJON,CONCRETO,BUENO,SECO,DESPEJADO,0,0,0,1,09,091,09101,La Araucanía,Cautín,Temuco,Numero,"LUIS DURAND 2175, Temuco",-38.725422,-72.630094
-7932357.96601665,-3492578.72745964,1581,2023,1579270,2023/12/20 00:00:00+00,Diciembre,20,Miércoles,1899/12/30 00:00:00+00,09:55:00,9,REGION COQUIMBO,LA SERENA,COLISION LATERAL,COLISION,URBANA,TRAMO DE VIA RECTA,IMPRUDENCIA DEL CONDUCTOR,VIRAJES INDEBIDOS,HUANHUALI, ,- HUANHUALI,191, , ,UNIDIRECCIONAL,ASFALTO,BUENO,SECO,DESPEJADO,0,0,0,2,04,041,04101,Coquimbo,Elqui,La Serena,Numero,"HUANHUALI 191, La Serena",-29.914612,-71.257584
-7966085.30072375,-4323098.8572017,1582,2023,1527539,2023/04/21 00:00:00+00,Abril,21,Viernes,1899/12/30 00:00:00+00,07:20:00,7,REGION MAULE,LONGAVI,COLISION POR ALCANCE,COLISION,RURAL,TRAMO DE VIA RECTA,IMPRUDENCIA DEL CONDUCTOR,CONDUCCION SIN MANTENER DISTANCIA RAZONABLE NI PRUDENTE, , , ,0,L-535,"17,7",BIDIRECCIONAL,ASFALTO,BUENO,SECO,DESPEJADO,0,0,1,0,07,074,07403,Maule,Linares,Longaví,Ruta,"L-535 km 17,7",-36.163186,-71.560562
-7970432.57147494,-4279507.74109627,1583,2023,1562732,2023/09/21 00:00:00+00,Septiembre,21,Jueves,1899/12/30 00:00:00+00,23:59:00,23,REGION MAULE,LINARES,COLISION POR ALCANCE,COLISION,URBANA,TRAMO DE VIA RECTA,IMPRUDENCIA DEL CONDUCTOR,CONDUCCION SIN MANTENER DISTANCIA RAZONABLE NI PRUDENTE,JANUARIO ESPINOZA, ,- JANUARIO ESPINOZA,1183, , ,BIDIRECCIONAL,ASFALTO,BUENO,SECO,DESPEJADO,0,0,0,1,07,074,07401,Maule,Linares,Linares,Numero,"JANUARIO ESPINOZA 1183, Linares",-35.846407,-71.599614
-8143262.77791207,-4950509.22181616,1584,2023,1517698,2023/03/14 00:00:00+00,Marzo,14,Martes,1899/12/30 00:00:00+00,08:30:00,8,REGION LOS LAGOS,OSORNO,COLISION FRONTAL,COLISION,URBANA,TRAMO DE VIA RECTA,IMPRUDENCIA DEL CONDUCTOR,CONDUCCION NO ATENTO CONDICIONES TRANSITO MOMENTO,ANTOFAGASTA, ,- ANTOFAGASTA,844, , ,BIDIRECCIONAL,CONCRETO,BUENO,SECO,DESPEJADO,0,0,1,0,10,103,10301,Los Lagos,Osorno,Osorno,Numero,"ANTOFAGASTA 844, Osorno",-40.579464,-73.152174
-7902203.0314643,-4108016.49026288,1585,2023,1579995,2023/12/20 00:00:00+00,Diciembre,20,Miércoles,1899/12/30 00:00:00+00,13:00:00,13,REGION LIB.B.O'HIGGINS,SAN FERNANDO,CHOQUE LADO/LADO,CHOQUE,URBANA,TRAMO DE VIA RECTA,IMPRUDENCIA DEL CONDUCTOR,CONDUCCION NO ATENTO CONDICIONES TRANSITO MOMENTO,MANUEL RODRIGUEZ, ,- MANUEL RODRIGUEZ,800, , ,BIDIRECCIONAL,ASFALTO,BUENO,SECO,DESPEJADO,0,0,0,0,06,063,06301,Libertador General Bernardo O'Higgins,Colchagua,San Fernando,Numero,"MANUEL RODRIGUEZ 800, San Fernando",-34.587885,-70.986698
-7871589.69917869,-4025227.56769614,1586,2023,1529424,2023/04/21 00:00:00+00,Abril,21,Viernes,1899/12/30 00:00:00+00,08:00:00,8,REGION LIB.B.O'HIGGINS,GRANEROS,COLISION,COLISION,RURAL,TRAMO DE VIA RECTA,VELOCIDAD IMPRUDENTE,VELOCIDAD NO RAZONABLE NI PRUDENTE, , , ,0,H-10,1,UNIDIRECCIONAL,ASFALTO,BUENO,MOJADO,DESPEJADO,0,1,0,0,06,061,06106,Libertador General Bernardo O'Higgins,Cachapoal,Graneros,Ruta,H-10 km 1,-33.973376,-70.711693
-7877186.39383465,-3962127.8643841,1587,2023,1560252,2023/09/22 00:00:00+00,Septiembre,22,Viernes,1899/12/30 00:00:00+00,13:00:00,13,REGION METROPOLITANA,MAIPU,CHOQUE FRONTAL,CHOQUE,URBANA,TRAMO DE VIA RECTA,VELOCIDAD IMPRUDENTE,VELOCIDAD NO RAZONABLE NI PRUDENTE,HNOS CARRERA, ,- HNOS CARRERA,2780, , ,UNIDIRECCIONAL,ASFALTO,BUENO,SECO,DESPEJADO,0,0,0,0,13,131,13119,Metropolitana de Santiago,Santiago,Maipú,Numero,"HNOS CARRERA 2780, Maipú",-33.502005,-70.761969
-8178049.08765478,-4488617.0047046,1588,2023,1529590,2023/04/21 00:00:00+00,Abril,21,Viernes,1899/12/30 00:00:00+00,14:00:00,14,REGION BIO BIO,ARAUCO,COLISION FRONTAL,COLISION,RURAL,TRAMO DE VIA RECTA,IMPRUDENCIA DEL CONDUCTOR,CONDUCCION CAMBIAR SORPRESIVAMENTE PISTA CIRCULACION, , , ,0,P-348,10,BIDIRECCIONAL,CONCRETO,BUENO,SECO,DESPEJADO,0,1,0,0,08,082,08202,Biobío,Arauco,Arauco,Ruta,P-348 km 10,-37.354369,-73.464665
-7862494.32235004,-3966674.67180743,1589,2023,1518874,2023/03/14 00:00:00+00,Marzo,14,Martes,1899/12/30 00:00:00+00,14:40:00,14,REGION METROPOLITANA,LA GRANJA,VOLCADURA,VOLCADURA,URBANA,TRAMO DE VIA RECTA,DEFICIENCIAS VIALES,ANIMALES SUELTOS VIA PUBLICA,2 NORTE, ,- 2 NORTE,187, , ,BIDIRECCIONAL,ASFALTO,BUENO,SECO,DESPEJADO,0,0,0,1,13,131,13111,Metropolitana de Santiago,Santiago,La Granja,Numero,"2 NORTE 187, La Granja",-33.536057,-70.629988
-7861803.40807866,-3930822.93519296,1590,2023,1580312,2023/12/20 00:00:00+00,Diciembre,20,Miércoles,1899/12/30 00:00:00+00,20:40:00,20,REGION METROPOLITANA,COLINA,CHOQUE FRENTE/POSTERIOR,CHOQUE,URBANA,ROTONDA,IMPRUDENCIA DEL CONDUCTOR,CONDUCCION SIN MANTENER DISTANCIA RAZONABLE NI PRUDENTE,PADRE SERGIO CORREA, ,- PADRE SERGIO CORREA,14500, , ,BIDIRECCIONAL,ASFALTO,BUENO,SECO,DESPEJADO,0,0,0,0,13,133,13301,Metropolitana de Santiago,Chacabuco,Colina,Numero,"PADRE SERGIO CORREA 14500, Colina",-33.26719,-70.623782
-7866441.58881949,-3967193.37412025,1591,2023,1560389,2023/09/22 00:00:00+00,Septiembre,22,Viernes,1899/12/30 00:00:00+00,16:00:00,16,REGION METROPOLITANA,LA CISTERNA,COLISION POR ALCANCE,COLISION,URBANA,TRAMO DE VIA RECTA,IMPRUDENCIA DEL CONDUCTOR,CONDUCCION SIN MANTENER DISTANCIA RAZONABLE NI PRUDENTE,GOYCOLEA, ,- GOYCOLEA,25, , ,BIDIRECCIONAL CON BANDEJON,CONCRETO,BUENO,SECO,DESPEJADO,0,0,0,1,13,131,13109,Metropolitana de Santiago,Santiago,La Cisterna,Numero,"GOYCOLEA 25, La Cisterna",-33.539941,-70.665447
-7971334.24372111,-3901195.37166027,1592,2023,1516825,2023/03/14 00:00:00+00,Marzo,14,Martes,1899/12/30 00:00:00+00,16:49:00,16,REGION VALPARAISO,VALPARAISO,ATROPELLO,ATROPELLO,URBANA,TRAMO DE VIA RECTA,IMPRUDENCIA DEL PEATON,PEATON CRUZA CALZADA FUERA PASO PEATONES,ERRAZURIZ, ,- ERRAZURIZ,2730, , ,UNIDIRECCIONAL,ASFALTO,BUENO,SECO,DESPEJADO,0,1,0,0,05,051,05101,Valparaíso,Valparaíso,Valparaíso,Numero,"ERRAZURIZ 2730, Valparaíso",-33.044374,-71.607714
-7870027.62788278,-3874350.15822083,1593,2023,1580458,2023/12/20 00:00:00+00,Diciembre,20,Miércoles,1899/12/30 00:00:00+00,21:10:00,21,REGION VALPARAISO,RINCONADA,COLISION POR ALCANCE,COLISION,URBANA,TRAMO DE VIA RECTA,ALCOHOL EN CONDUCTOR,CONDUCCION BAJO LA INFLUENCIA DEL ALCOHOL,LOS CALDERONES, ,- LOS CALDERONES,252, , ,BIDIRECCIONAL,ASFALTO,BUENO,SECO,DESPEJADO,0,0,0,1,05,053,05303,Valparaíso,Los Andes,Rinconada,Numero,"LOS CALDERONES 252, Rinconada",-32.841995,-70.697661
-8145820.53959175,-5119480.68911469,1594,2023,1526192,2023/04/22 00:00:00+00,Abril,22,Sábado,1899/12/30 00:00:00+00,01:15:00,1,REGION LOS LAGOS,PUERTO MONTT,VOLCADURA,VOLCADURA,RURAL,TRAMO DE VIA RECTA,IMPRUDENCIA DEL CONDUCTOR,CONDUCCION NO ATENTO CONDICIONES TRANSITO MOMENTO, , , ,0,"V-805, V-815","0,5",BIDIRECCIONAL,CONCRETO,BUENO,SECO,DESPEJADO,0,1,0,0,10,101,10101,Los Lagos,Llanquihue,Puerto Montt,Ruta,"V-805, V-815 km 0,5",-41.72236,-73.175151
-8051339.84141106,-4504250.55459161,1595,2023,1562260,2023/09/22 00:00:00+00,Septiembre,22,Viernes,1899/12/30 00:00:00+00,16:15:00,16,REGION BIO BIO,LOS ANGELES,COLISION POR ALCANCE,COLISION,URBANA,TRAMO DE VIA RECTA,IMPRUDENCIA DEL CONDUCTOR,CONDUCCION NO ATENTO CONDICIONES TRANSITO MOMENTO,LAS INDUSTRIAS, ,- LAS INDUSTRIAS,8325, , ,BIDIRECCIONAL CON BANDEJON,CONCRETO,BUENO,SECO,DESPEJADO,0,2,0,0,08,083,08301,Biobío,Biobío,Los Angeles,Numero,"LAS INDUSTRIAS 8325, Los Angeles",-37.46592,-72.326416
-7859163.81150057,-3963482.51732719,1596,2023,1521412,2023/03/14 00:00:00+00,Marzo,14,Martes,1899/12/30 00:00:00+00,20:25:00,20,REGION METROPOLITANA,LA FLORIDA,COLISION POR ALCANCE,COLISION,URBANA,TRAMO DE VIA RECTA,IMPRUDENCIA DEL CONDUCTOR,CONDUCCION SIN MANTENER DISTANCIA RAZONABLE NI PRUDENTE,FROILAN ROA, ,- FROILAN ROA,6420, , ,BIDIRECCIONAL,ASFALTO,BUENO,SECO,DESPEJADO,0,0,0,1,13,131,13110,Metropolitana de Santiago,Santiago,La Florida,Numero,"FROILAN ROA 6420, La Florida",-33.512152,-70.60007
-8153210.73247543,-4840199.30468789,1597,2023,1580881,2023/12/21 00:00:00+00,Diciembre,21,Jueves,1899/12/30 00:00:00+00,06:35:00,6,REGION DE LOS RIOS,VALDIVIA,CHOQUE FRONTAL,CHOQUE,URBANA,TRAMO DE VIA RECTA,ALCOHOL EN CONDUCTOR,CONDUCCION EN ESTADO DE EBRIEDAD,BAQUEDANO, ,- BAQUEDANO,584, , ,BIDIRECCIONAL,CONCRETO,BUENO,HUMEDO,NEBLINA,0,0,0,1,14,141,14101,Los Ríos,Valdivia,Valdivia,Numero,"BAQUEDANO 584, Valdivia",-39.82262,-73.241538
-7929961.18285147,-4161295.08578957,1598,2023,1561227,2023/09/22 00:00:00+00,Septiembre,22,Viernes,1899/12/30 00:00:00+00,16:45:00,16,REGION MAULE,CURICO,COLISION POR ALCANCE,COLISION,URBANA,CRUCE CON SEMAFORO FUNCIONANDO,IMPRUDENCIA DEL CONDUCTOR,CONDUCCION NO ATENTO CONDICIONES TRANSITO MOMENTO,CAMILO HENRIQUEZ, ,- CAMILO HENRIQUEZ,70, , ,BIDIRECCIONAL,CONCRETO,BUENO,SECO,DESPEJADO,0,1,0,0,07,073,07301,Maule,Curicó,Curicó,Numero,"CAMILO HENRIQUEZ 70, Curicó",-34.980968,-71.236053
-8129992.47492297,-4425088.97274698,1599,2023,1517610,2023/03/15 00:00:00+00,Marzo,15,Miércoles,1899/12/30 00:00:00+00,03:30:00,3,REGION BIO BIO,CHIGUAYANTE,OTRO TIPO,OTRO TIPO,URBANA,TRAMO DE VIA RECTA,VELOCIDAD IMPRUDENTE,VELOCIDAD NO RAZONABLE NI PRUDENTE,8 ORIENTE, ,- 8 ORIENTE,720, , ,BIDIRECCIONAL CON BANDEJON,CONCRETO,BUENO,SECO,DESPEJADO,0,0,0,1,08,081,08103,Biobío,Concepción,Chiguayante,Numero,"8 ORIENTE 720, Chiguayante",-36.899366,-73.032965
-7870845.19859874,-3957117.64771045,1600,2023,1581450,2023/12/21 00:00:00+00,Diciembre,21,Jueves,1899/12/30 00:00:00+00,07:05:00,7,REGION METROPOLITANA,ESTACION CENTRAL,COLISION POR ALCANCE,COLISION,URBANA,TRAMO DE VIA RECTA,IMPRUDENCIA DEL CONDUCTOR,CONDUCCION NO ATENTO CONDICIONES TRANSITO MOMENTO,LIBER BERNARDO O'HIGGINS, ,- LIBER BERNARDO O'HIGGINS,4872, , ,BIDIRECCIONAL CON BANDEJON,ASFALTO,BUENO,SECO,DESPEJADO,0,0,0,0,13,131,13106,Metropolitana de Santiago,Santiago,Estación Central,Numero,"LIBER BERNARDO O'HIGGINS 4872, Estación Central",-33.464466,-70.705005
-7945801.42395786,-4164280.93350416,1601,2023,1525373,2023/04/22 00:00:00+00,Abril,22,Sábado,1899/12/30 00:00:00+00,07:35:00,7,REGION MAULE,SAGRADA FAMILIA,COLISION POR ALCANCE,COLISION,RURAL,TRAMO DE VIA RECTA,ALCOHOL EN CONDUCTOR,CONDUCCION EN ESTADO DE EBRIEDAD, , , ,0,"K-156, K-157","12,1",BIDIRECCIONAL,ASFALTO,BUENO,SECO,DESPEJADO,0,1,0,0,07,073,07307,Maule,Curicó,Sagrada Familia,Ruta,"K-156, K-157 km 12,1",-35.002942,-71.378349
-7970482.89480885,-4279293.75625473,1602,2023,1562734,2023/09/22 00:00:00+00,Septiembre,22,Viernes,1899/12/30 00:00:00+00,18:20:00,18,REGION MAULE,LINARES,COLISION POR ALCANCE,COLISION,URBANA,TRAMO DE VIA RECTA,IMPRUDENCIA DEL CONDUCTOR,CONDUCCION SIN MANTENER DISTANCIA RAZONABLE NI PRUDENTE,FREIRE, ,- FREIRE,571, , ,UNIDIRECCIONAL,ASFALTO,BUENO,SECO,DESPEJADO,0,0,1,0,07,074,07401,Maule,Linares,Linares,Numero,"FREIRE 571, Linares",-35.844849,-71.600066
-7857133.48745707,-3972257.45200721,1603,2023,1520047,2023/03/15 00:00:00+00,Marzo,15,Miércoles,1899/12/30 00:00:00+00,09:00:00,9,REGION METROPOLITANA,PUENTE ALTO,COLISION POR ALCANCE,COLISION,URBANA,TRAMO DE VIA RECTA,IMPRUDENCIA DEL CONDUCTOR,CONDUCCION NO ATENTO CONDICIONES TRANSITO MOMENTO,CONCHA Y TORO, ,- CONCHA Y TORO,3459, , ,BIDIRECCIONAL,CONCRETO,BUENO,SECO,DESPEJADO,0,0,0,0,13,132,13201,Metropolitana de Santiago,Cordillera,Puente Alto,Numero,"CONCHA Y TORO 3459, Puente Alto",-33.57785,-70.581831
-7940097.25781421,-3822716.54602673,1604,2023,1527552,2023/04/22 00:00:00+00,Abril,22,Sábado,1899/12/30 00:00:00+00,10:15:00,10,REGION VALPARAISO,QUINTERO,COLISION,COLISION,RURAL,TRAMO DE VIA RECTA,IMPRUDENCIA DEL CONDUCTOR,CONDUCCION NO ATENTO CONDICIONES TRANSITO MOMENTO, , , ,0,F-30-E,1,BIDIRECCIONAL,ASFALTO,REGULAR,HUMEDO,NEBLINA,0,0,0,0,05,051,05107,Valparaíso,Valparaíso,Quintero,Ruta,F-30-E km 1,-32.451443,-71.327107
-7855090.06899091,-3950736.07954214,1605,2023,1582507,2023/12/21 00:00:00+00,Diciembre,21,Jueves,1899/12/30 00:00:00+00,07:20:00,7,REGION METROPOLITANA,LAS CONDES,COLISION LATERAL,COLISION,URBANA,TRAMO DE VIA RECTA,IMPRUDENCIA DEL CONDUCTOR,CONDUCCION NO ATENTO CONDICIONES TRANSITO MOMENTO,CRISTOBAL COLON, ,- CRISTOBAL COLON,6200, , ,BIDIRECCIONAL,ASFALTO,BUENO,SECO,DESPEJADO,0,0,0,1,13,131,13114,Metropolitana de Santiago,Santiago,Las Condes,Numero,"CRISTOBAL COLON 6200, Las Condes",-33.41663,-70.563475
-7868006.84002345,-3955395.66648668,1606,2023,1560819,2023/09/22 00:00:00+00,Septiembre,22,Viernes,1899/12/30 00:00:00+00,23:30:00,23,REGION METROPOLITANA,ESTACION CENTRAL,CHOQUE LATERAL,CHOQUE,URBANA,CRUCE CON SEMAFORO FUNCIONANDO,IMPRUDENCIA DEL CONDUCTOR,CONDUCCION NO ATENTO CONDICIONES TRANSITO MOMENTO,LIBER BERNARDO O'HIGGINS, ,- LIBER BERNARDO O'HIGGINS,3250, , ,BIDIRECCIONAL CON BANDEJON,ASFALTO,BUENO,SECO,DESPEJADO,0,0,0,0,13,131,13106,Metropolitana de Santiago,Santiago,Estación Central,Numero,"LIBER BERNARDO O'HIGGINS 3250, Estación Central",-33.451561,-70.679508
-7864931.52605647,-3953512.36413214,1607,2023,1517979,2023/03/15 00:00:00+00,Marzo,15,Miércoles,1899/12/30 00:00:00+00,13:20:00,13,REGION METROPOLITANA,SANTIAGO,CHOQUE LADO/LADO,CHOQUE,URBANA,CRUCE CON SEMAFORO FUNCIONANDO,IMPRUDENCIA DEL CONDUCTOR,CONDUCCION NO ATENTO CONDICIONES TRANSITO MOMENTO,CATEDRAL, ,- CATEDRAL,1043, , ,UNIDIRECCIONAL,ASFALTO,BUENO,SECO,DESPEJADO,0,0,0,0,13,131,13101,Metropolitana de Santiago,Santiago,Santiago,Numero,"CATEDRAL 1043, Santiago",-33.437444,-70.651882
-8083627.34004627,-5970890.47626733,1608,2023,1526694,2023/04/22 00:00:00+00,Abril,22,Sábado,1899/12/30 00:00:00+00,16:50:00,16,REGION AYSEN DEL GRL. CARLOS IBAÑEZ DEL CAMPO,COCHRANE,VOLCADURA,VOLCADURA,RURAL,TRAMO DE VIA RECTA,VELOCIDAD IMPRUDENTE,VELOCIDAD NO RAZONABLE NI PRUDENTE, , , ,0,RUTA 7,925,BIDIRECCIONAL,RIPIO,MALO, ,DESPEJADO,0,1,0,0,11,113,11301,Aysén del General Carlos Ibáñez del Campo,Capitán Prat,Cochrane,Ruta,RUTA 7 km 925,-47.176252,-72.61646
-7880486.48294858,-3964928.24853683,1609,2023,1582335,2023/12/21 00:00:00+00,Diciembre,21,Jueves,1899/12/30 00:00:00+00,13:40:00,13,REGION METROPOLITANA,MAIPU,CHOQUE FRENTE/POSTERIOR,CHOQUE,URBANA,OTROS NO CONSIDERADOS,VELOCIDAD IMPRUDENTE,VELOCIDAD NO RAZONABLE NI PRUDENTE,4 PONIENTE, ,- 4 PONIENTE,607, , ,BIDIRECCIONAL CON BANDEJON,ASFALTO,BUENO,SECO,DESPEJADO,0,0,0,0,13,131,13119,Metropolitana de Santiago,Santiago,Maipú,Numero,"4 PONIENTE 607, Maipú",-33.522979,-70.791615
-7952084.25629943,-3901731.8745879,1610,2023,1560349,2023/09/23 00:00:00+00,Septiembre,23,Sábado,1899/12/30 00:00:00+00,08:00:00,8,REGION VALPARAISO,QUILPUE,COLISION PERPENDICULAR,COLISION,URBANA,TRAMO DE VIA RECTA,IMPRUDENCIA DEL CONDUCTOR,VIRAJES INDEBIDOS,LOS CARRERA, ,- LOS CARRERA,1351, , ,BIDIRECCIONAL,ASFALTO,BUENO,SECO,DESPEJADO,1,0,0,0,05,058,05801,Valparaíso,Marga Marga,Quilpué,Numero,"LOS CARRERA 1351, Quilpué",-33.048414,-71.434788
-7870982.39948153,-3966078.98841601,1611,2023,1519923,2023/03/15 00:00:00+00,Marzo,15,Miércoles,1899/12/30 00:00:00+00,19:50:00,19,REGION METROPOLITANA,SANTIAGO,COLISION POR ALCANCE,COLISION,RURAL,TRAMO DE VIA RECTA,IMPRUDENCIA DEL CONDUCTOR,CONDUCCION NO ATENTO CONDICIONES TRANSITO MOMENTO, , , ,0,RUTA 74,3,BIDIRECCIONAL CON BANDEJON,ASFALTO,BUENO,SECO,DESPEJADO,0,1,0,0,13,131,13101,Metropolitana de Santiago,Santiago,Santiago,Numero,RUTA 74 km 3,-33.531597,-70.706238
-8122120.25521903,-5080469.69036373,1612,2023,1579727,2023/12/21 00:00:00+00,Diciembre,21,Jueves,1899/12/30 00:00:00+00,16:45:00,16,REGION LOS LAGOS,PUERTO MONTT,CHOQUE FRENTE/LADO,CHOQUE,URBANA,ACERA O BERMA,IMPRUDENCIA DEL CONDUCTOR,CONDUCCION NO ATENTO CONDICIONES TRANSITO MOMENTO,LAS TIACAS, ,- LAS TIACAS,533, , ,BIDIRECCIONAL,CONCRETO,BUENO,SECO,DESPEJADO,0,0,0,0,10,101,10101,Los Lagos,Llanquihue,Puerto Montt,Numero,"LAS TIACAS 533, Puerto Montt",-41.460266,-72.962248
-7976785.90652433,-4232969.68073215,1613,2023,1525324,2023/04/22 00:00:00+00,Abril,22,Sábado,1899/12/30 00:00:00+00,19:04:00,19,REGION MAULE,MAULE,VOLCADURA,VOLCADURA,RURAL,TRAMO DE VIA CURVA HORIZONTAL,VELOCIDAD IMPRUDENTE,"VELOCIDAD NO REDUCIR CRUCE DE CALLES, CUMBRE, CURVA, ETC.", , , ,0,K-635,2,BIDIRECCIONAL,ASFALTO,BUENO,SECO,DESPEJADO,1,0,0,0,07,071,07105,Maule,Talca,Maule,Ruta,K-635 km 2,-35.50681,-71.656687
-8016964.33326164,-4455676.78073674,1614,2023,1561170,2023/09/23 00:00:00+00,Septiembre,23,Sábado,1899/12/30 00:00:00+00,17:55:00,17,REGION ÑUBLE,YUNGAY,COLISION FRONTAL,COLISION,URBANA,TRAMO DE VIA RECTA,IMPRUDENCIA DEL CONDUCTOR,CONDUCCION SIN MANTENER DISTANCIA RAZONABLE NI PRUDENTE,ARTURO PRAT, ,- ARTURO PRAT,276, , ,BIDIRECCIONAL,CONCRETO,BUENO,SECO,DESPEJADO,0,0,0,1,16,161,16109,Ñuble,Diguillín,Yungay,Numero,"ARTURO PRAT 276, Yungay",-37.118785,-72.017616
-8136536.13531027,-4419293.6431236,1615,2023,1518609,2023/03/15 00:00:00+00,Marzo,15,Miércoles,1899/12/30 00:00:00+00,20:10:00,20,REGION BIO BIO,SAN PEDRO DE LA PAZ,COLISION FRONTAL,COLISION,URBANA,TRAMO DE VIA RECTA,IMPRUDENCIA DEL CONDUCTOR,CONDUCCION POR IZQUIERDA EJE CALZADA,CAMINO EL VENADO, ,- CAMINO EL VENADO,1760, , ,BIDIRECCIONAL CON BANDEJON,CONCRETO,BUENO,SECO,DESPEJADO,0,0,0,1,08,081,08108,Biobío,Concepción,San Pedro de la Paz,Numero,"CAMINO EL VENADO 1760, San Pedro de la Paz",-36.857722,-73.091748
-7956688.47860659,-3541135.54388039,1616,2023,1525927,2023/04/22 00:00:00+00,Abril,22,Sábado,1899/12/30 00:00:00+00,21:00:00,21,REGION COQUIMBO,COQUIMBO,COLISION PERPENDICULAR,COLISION,RURAL,TRAMO DE VIA RECTA,IMPRUDENCIA DEL CONDUCTOR,VIRAJES INDEBIDOS, , , ,0,D-440,"8,5",BIDIRECCIONAL,ASFALTO,BUENO,SECO,DESPEJADO,0,1,0,0,04,041,04102,Coquimbo,Elqui,Coquimbo,Ruta,"D-440 km 8,5",-30.291972,-71.476149
-7895846.43912869,-3908452.4507043,1617,2023,1581193,2023/12/21 00:00:00+00,Diciembre,21,Jueves,1899/12/30 00:00:00+00,18:00:00,18,REGION METROPOLITANA,QUILICURA,COLISION POR ALCANCE,COLISION,RURAL,TRAMO DE VIA RECTA,IMPRUDENCIA DEL CONDUCTOR,CONDUCCION NO ATENTO CONDICIONES TRANSITO MOMENTO, , , ,0,G-16,"14,2",BIDIRECCIONAL CON BANDEJON,ASFALTO,BUENO,SECO,DESPEJADO,0,0,0,1,13,131,13125,Metropolitana de Santiago,Santiago,Quilicura,Numero,"G-16 km 14,2",-33.099004,-70.929595
-7911597.56962834,-4140011.61768473,1618,2023,1561878,2023/09/23 00:00:00+00,Septiembre,23,Sábado,1899/12/30 00:00:00+00,21:30:00,21,REGION MAULE,TENO,COLISION,COLISION,URBANA,TRAMO DE VIA RECTA,IMPRUDENCIA DEL CONDUCTOR,CONDUCCION NO ATENTO CONDICIONES TRANSITO MOMENTO,CALETERA RUTA 5 SUR, ,- CALETERA RUTA 5 SUR,166, , ,BIDIRECCIONAL,ASFALTO,BUENO,SECO,DESPEJADO,0,2,0,0,07,073,07308,Maule,Curicó,Teno,Numero,"CALETERA RUTA 5 SUR 166, Teno",-34.824166,-71.07109
-7870459.25869977,-3966813.47398701,1619,2023,1516847,2023/03/16 00:00:00+00,Marzo,16,Jueves,1899/12/30 00:00:00+00,05:30:00,5,REGION METROPOLITANA,SAN BERNARDO,CHOQUE POSTERIOR/FRENTE,CHOQUE,URBANA,TRAMO DE VIA RECTA,IMPRUDENCIA DEL CONDUCTOR,CONDUCCION NO ATENTO CONDICIONES TRANSITO MOMENTO,STA MARGARITA, ,- STA MARGARITA,340, , ,BIDIRECCIONAL,ASFALTO,BUENO,SECO,DESPEJADO,0,0,0,1,13,134,13401,Metropolitana de Santiago,Maipo,San Bernardo,Numero,"STA MARGARITA 340, San Bernardo",-33.537097,-70.701538
-7949325.55944343,-4117387.59105435,1620,2023,1525691,2023/04/22 00:00:00+00,Abril,22,Sábado,1899/12/30 00:00:00+00,22:00:00,22,REGION LIB.B.O'HIGGINS,SANTA CRUZ,VOLCADURA,VOLCADURA,RURAL,TRAMO DE VIA CURVA HORIZONTAL,ALCOHOL EN CONDUCTOR,CONDUCCION EN ESTADO DE EBRIEDAD, , , ,0,I-72,5,BIDIRECCIONAL,ASFALTO,BUENO,SECO,DESPEJADO,0,0,0,0,06,063,06310,Libertador General Bernardo O'Higgins,Colchagua,Santa Cruz,Ruta,I-72 km 5,-34.65716,-71.410006