X,Y,FID,Año,IdAccident,Fecha,Mes,Dia_mes,Dia_semana,Hora,Hora_texto,Hora_aprox,Región,Comuna,Tipo_Accid,Tipo__CONA,Zona,Ubicación,Causa__CON,Causa_Acci,Calle_Uno,Calle_Dos,Intersecci,Número,Ruta,Ubicaci_1,Calzada,Tipo_Calza,Estado_Cal,Condición,Estado_Atm,Fallecidos,Graves,Menos_Grav,Leves,CUT_REG,CUT_PROV,CUT_COM,REGION,PROVINCIA,COMUNA1,Tipo_direc,Direccion,Lat,Lon
-7866629.86800497,-3966765.72839283,1621,2023,1580022,2023/12/22 00:00:00+00,Diciembre,22,Viernes,1899/12/30 00:00:00+00,08:00:00,8,REGION METROPOLITANA,LA CISTERNA,COLISION POR ALCANCE,COLISION,URBANA,TRAMO DE VIA RECTA,IMPRUDENCIA DEL CONDUCTOR,CONDUCCION SIN MANTENER DISTANCIA RAZONABLE NI PRUDENTE,AMERICO VESPUCIO, ,- AMERICO VESPUCIO,200, , ,UNIDIRECCIONAL,CONCRETO,BUENO,SECO,DESPEJADO,0,0,1,0,13,131,13109,Metropolitana de Santiago,Santiago,La Cisterna,Numero,"AMERICO VESPUCIO 200, La Cisterna",-33.536739,-70.667138
-7894807.01934311,-3858316.52867554,1622,2023,1562114,2023/09/24 00:00:00+00,Septiembre,24,Domingo,1899/12/30 00:00:00+00,16:00:00,16,REGION VALPARAISO,CATEMU,CHOQUE,CHOQUE,URBANA,TRAMO DE VIA RECTA,IMPRUDENCIA DEL CONDUCTOR,CONDUCIR VEHICULO EN RETROCESO,LOS CORRALES, ,- LOS CORRALES,1, , ,BIDIRECCIONAL,ASFALTO,BUENO,SECO,DESPEJADO,0,0,0,0,05,057,05702,Valparaíso,San Felipe de Aconcagua,Catemu,Numero,"LOS CORRALES 1, Catemu",-32.720901,-70.920258
-7858349.54029432,-3956005.01295966,1623,2023,1580969,2023/12/22 00:00:00+00,Diciembre,22,Viernes,1899/12/30 00:00:00+00,10:20:00,10,REGION METROPOLITANA,ÑUÑOA,CHOQUE FRENTE/POSTERIOR,CHOQUE,URBANA,TRAMO DE VIA RECTA,IMPRUDENCIA DEL CONDUCTOR,CONDUCCION NO ATENTO CONDICIONES TRANSITO MOMENTO,FRANCISCO MOLINA, ,- FRANCISCO MOLINA,138, , ,UNIDIRECCIONAL,CONCRETO,BUENO,SECO,DESPEJADO,0,0,0,0,13,131,13120,Metropolitana de Santiago,Santiago,Ñuñoa,Numero,"FRANCISCO MOLINA 138, Ñuñoa",-33.456128,-70.592755
-7858395.25999955,-3964055.96160818,1624,2023,1517147,2023/03/16 00:00:00+00,Marzo,16,Jueves,1899/12/30 00:00:00+00,06:49:00,6,REGION METROPOLITANA,LA FLORIDA,COLISION POR ALCANCE,COLISION,URBANA,TRAMO DE VIA RECTA,IMPRUDENCIA DEL CONDUCTOR,CONDUCCION SIN MANTENER DISTANCIA RAZONABLE NI PRUDENTE,AMERICO VESPUCIO, ,- AMERICO VESPUCIO,6736, , ,UNIDIRECCIONAL,ASFALTO,BUENO,SECO,DESPEJADO,0,0,1,0,13,131,13110,Metropolitana de Santiago,Santiago,La Florida,Numero,"AMERICO VESPUCIO 6736, La Florida",-33.516447,-70.593166
-7948613.15134873,-4057207.3394842,1625,2023,1533263,2023/04/23 00:00:00+00,Abril,23,Domingo,1899/12/30 00:00:00+00,15:50:00,15,REGION LIB.B.O'HIGGINS,LAS CABRAS,COLISION,COLISION,RURAL,TRAMO DE VIA RECTA,IMPRUDENCIA DEL CONDUCTOR,VIRAJES INDEBIDOS, , , ,0,RUTA 66,58,BIDIRECCIONAL,ASFALTO,BUENO,SECO,DESPEJADO,0,0,0,1,06,061,06107,Libertador General Bernardo O'Higgins,Cachapoal,Las Cabras,Ruta,RUTA 66 km 58,-34.211281,-71.403607
-7888724.25128094,-3977901.98336925,1626,2023,1561336,2023/09/24 00:00:00+00,Septiembre,24,Domingo,1899/12/30 00:00:00+00,16:50:00,16,REGION METROPOLITANA,PEÑAFLOR,COLISION,COLISION,URBANA,TRAMO DE VIA RECTA,OTRAS CAUSAS,HECHO DELICTUAL,LAS PALMERAS, ,- LAS PALMERAS,2146, , ,BIDIRECCIONAL,ASFALTO,BUENO,SECO,DESPEJADO,0,0,1,0,13,136,13605,Metropolitana de Santiago,Talagante,Peñaflor,Numero,"LAS PALMERAS 2146, Peñaflor",-33.620084,-70.865616
-8051253.86138671,-4503743.26737982,1627,2023,1532682,2023/03/16 00:00:00+00,Marzo,16,Jueves,1899/12/30 00:00:00+00,07:35:00,7,REGION BIO BIO,LOS ANGELES,COLISION LATERAL,COLISION,URBANA,TRAMO DE VIA RECTA,IMPRUDENCIA DEL CONDUCTOR,CONDUCCION NO ATENTO CONDICIONES TRANSITO MOMENTO,LAS INDUSTRIAS, ,- LAS INDUSTRIAS,1460, , ,BIDIRECCIONAL,ASFALTO,BUENO,SECO,DESPEJADO,0,0,0,2,08,083,08301,Biobío,Biobío,Los Angeles,Numero,"LAS INDUSTRIAS 1460, Los Angeles",-37.462303,-72.325644
-7908493.03273656,-4064504.39765398,1628,2023,1525977,2023/04/24 00:00:00+00,Abril,24,Lunes,1899/12/30 00:00:00+00,06:00:00,6,REGION LIB.B.O'HIGGINS,COLTAUCO,COLISION POR ALCANCE,COLISION,RURAL,TRAMO DE VIA RECTA,IMPRUDENCIA DEL CONDUCTOR,CONDUCCION NO ATENTO CONDICIONES TRANSITO MOMENTO, , , ,0,H-30,31,BIDIRECCIONAL,ASFALTO,BUENO,SECO,DESPEJADO,0,1,0,2,06,061,06104,Libertador General Bernardo O'Higgins,Cachapoal,Coltauco,Ruta,H-30 km 31,-34.265472,-71.043202
-7864778.56685336,-3952716.36017634,1629,2023,1583672,2023/12/22 00:00:00+00,Diciembre,22,Viernes,1899/12/30 00:00:00+00,12:00:00,12,REGION METROPOLITANA,RECOLETA,CHOQUE FRENTE/LADO,CHOQUE,URBANA,TRAMO DE VIA RECTA,IMPRUDENCIA DEL CONDUCTOR,CONDUCCION NO ATENTO CONDICIONES TRANSITO MOMENTO,STA MARIA, ,- STA MARIA,409, , ,UNIDIRECCIONAL,ASFALTO,BUENO,SECO,DESPEJADO,0,0,0,0,13,131,13127,Metropolitana de Santiago,Santiago,Recoleta,Numero,"STA MARIA 409, Recoleta",-33.431477,-70.650508
-8138971.00373416,-4402537.35070742,1630,2023,1562946,2023/09/24 00:00:00+00,Septiembre,24,Domingo,1899/12/30 00:00:00+00,18:00:00,18,REGION BIO BIO,TALCAHUANO,VOLCADURA,VOLCADURA,URBANA,TRAMO DE VIA RECTA,ALCOHOL EN CONDUCTOR,CONDUCCION EN ESTADO DE EBRIEDAD,GRAN BRETAÑA, ,- GRAN BRETAÑA,440, , ,BIDIRECCIONAL,CONCRETO,BUENO,SECO,DESPEJADO,0,0,1,0,08,081,08110,Biobío,Concepción,Talcahuano,Numero,"GRAN BRETAÑA 440, Talcahuano",-36.737189,-73.11362
-7889033.20411177,-4082922.42437629,1631,2023,1516813,2023/03/16 00:00:00+00,Marzo,16,Jueves,1899/12/30 00:00:00+00,07:40:00,7,REGION LIB.B.O'HIGGINS,RENGO,ATROPELLO,ATROPELLO,URBANA,TRAMO DE VIA RECTA,IMPRUDENCIA DEL PEATON,PEATON CRUZA CALZADA FORMA SORPRESIVA O DESCUIDADA,RIQUELME, ,- RIQUELME,1115, , ,BIDIRECCIONAL,ASFALTO,BUENO,SECO,DESPEJADO,0,1,0,1,06,061,06115,Libertador General Bernardo O'Higgins,Cachapoal,Rengo,Numero,"RIQUELME 1115, Rengo",-34.402097,-70.868391
-7902125.22478414,-4061979.23867641,1632,2023,1525978,2023/04/24 00:00:00+00,Abril,24,Lunes,1899/12/30 00:00:00+00,11:00:00,11,REGION LIB.B.O'HIGGINS,COLTAUCO,VOLCADURA,VOLCADURA,RURAL,TRAMO DE VIA RECTA,VELOCIDAD IMPRUDENTE,VELOCIDAD NO RAZONABLE NI PRUDENTE, , , ,0,H-30,25,BIDIRECCIONAL,ASFALTO,BUENO,SECO,DESPEJADO,0,0,0,1,06,061,06104,Libertador General Bernardo O'Higgins,Cachapoal,Coltauco,Ruta,H-30 km 25,-34.246723,-70.985999
-7996296.51238826,-4319262.62767201,1633,2023,1580322,2023/12/22 00:00:00+00,Diciembre,22,Viernes,1899/12/30 00:00:00+00,13:25:00,13,REGION MAULE,PARRAL,CHOQUE,CHOQUE,URBANA,TRAMO DE VIA RECTA,VELOCIDAD IMPRUDENTE,VELOCIDAD NO RAZONABLE NI PRUDENTE,DOCTOR PATRICIO BLANCO, ,- DOCTOR PATRICIO BLANCO,74, , ,BIDIRECCIONAL,ASFALTO,BUENO,SECO,DESPEJADO,0,0,0,1,07,074,07404,Maule,Linares,Parral,Numero,"DOCTOR PATRICIO BLANCO 74, Parral",-36.135359,-71.831954
-7873954.65204942,-3997803.71297826,1634,2023,1564572,2023/09/24 00:00:00+00,Septiembre,24,Domingo,1899/12/30 00:00:00+00,21:30:00,21,REGION METROPOLITANA,BUIN,COLISION LATERAL,COLISION,URBANA,TRAMO DE VIA RECTA,IMPRUDENCIA DEL CONDUCTOR,CONDUCCION NO ATENTO CONDICIONES TRANSITO MOMENTO,CAMINO EL CERRILLO, ,- CAMINO EL CERRILLO,35, , ,BIDIRECCIONAL,ASFALTO,BUENO,SECO,DESPEJADO,0,1,0,0,13,134,13402,Metropolitana de Santiago,Maipo,Buin,Numero,"CAMINO EL CERRILLO 35, Buin",-33.768831,-70.732938
-7865318.67963846,-3999438.66258657,1635,2023,1518239,2023/03/16 00:00:00+00,Marzo,16,Jueves,1899/12/30 00:00:00+00,07:45:00,7,REGION METROPOLITANA,PAINE,VOLCADURA,VOLCADURA,URBANA,TRAMO DE VIA RECTA,VELOCIDAD IMPRUDENTE,VELOCIDAD NO RAZONABLE NI PRUDENTE,LA APARICION, ,- LA APARICION,18, , ,BIDIRECCIONAL,ASFALTO,REGULAR,SECO,NUBLADO,0,1,0,1,13,134,13404,Metropolitana de Santiago,Maipo,Paine,Numero,"LA APARICION 18, Paine",-33.781039,-70.65536
-7837310.49107172,-2712812.69110506,1636,2023,1580328,2023/12/22 00:00:00+00,Diciembre,22,Viernes,1899/12/30 00:00:00+00,18:00:00,18,REGION ANTOFAGASTA,ANTOFAGASTA,COLISION,COLISION,URBANA,TRAMO DE VIA RECTA,IMPRUDENCIA DEL CONDUCTOR,CONDUCCION NO ATENTO CONDICIONES TRANSITO MOMENTO,ANGAMOS, ,- ANGAMOS,855, , ,BIDIRECCIONAL,ASFALTO,BUENO,SECO,DESPEJADO,0,0,0,1,02,021,02101,Antofagasta,Antofagasta,Antofagasta,Numero,"ANGAMOS 855, Antofagasta",-23.666423,-70.403758
-7935937.8445814,-4169893.37481053,1637,2023,1526324,2023/04/24 00:00:00+00,Abril,24,Lunes,1899/12/30 00:00:00+00,14:20:00,14,REGION MAULE,TALCA,VOLCADURA,VOLCADURA,RURAL,TRAMO DE VIA RECTA,VELOCIDAD IMPRUDENTE,VELOCIDAD NO RAZONABLE NI PRUDENTE, , , ,0,"K-60, K-16",1,BIDIRECCIONAL,CONCRETO,BUENO,SECO,DESPEJADO,0,0,0,1,07,071,07101,Maule,Talca,Talca,Ruta,"K-60, K-16 km 1",-35.044229,-71.289743
-7856294.41601598,-3949095.97937135,1638,2023,1563841,2023/09/26 00:00:00+00,Septiembre,26,Martes,1899/12/30 00:00:00+00,07:00:00,7,REGION METROPOLITANA,LAS CONDES,COLISION POR ALCANCE,COLISION,URBANA,TRAMO DE VIA RECTA,IMPRUDENCIA DEL CONDUCTOR,CONDUCCION SIN MANTENER DISTANCIA RAZONABLE NI PRUDENTE,NVA PDTE RIESCO, ,- NVA PDTE RIESCO,5561, , ,BIDIRECCIONAL,ASFALTO,BUENO,SECO,DESPEJADO,0,0,0,2,13,131,13114,Metropolitana de Santiago,Santiago,Las Condes,Numero,"NVA PDTE RIESCO 5561, Las Condes",-33.404331,-70.574294
-7971909.77564085,-3974103.68795696,1639,2023,1522485,2023/03/16 00:00:00+00,Marzo,16,Jueves,1899/12/30 00:00:00+00,14:25:00,14,REGION VALPARAISO,SAN ANTONIO,CHOQUE LADO/LADO,CHOQUE,URBANA,TRAMO DE VIA RECTA,IMPRUDENCIA DEL CONDUCTOR,CONDUCCION SIN MANTENER DISTANCIA RAZONABLE NI PRUDENTE,RAMON BARROS LUCO, ,- RAMON BARROS LUCO,1286, , ,UNIDIRECCIONAL,CONCRETO,BUENO,SECO,DESPEJADO,0,0,0,0,05,056,05601,Valparaíso,San Antonio,San Antonio,Numero,"RAMON BARROS LUCO 1286, San Antonio",-33.591666,-71.612884
-8064554.34133091,-4632951.53328941,1640,2023,1534986,2023/04/24 00:00:00+00,Abril,24,Lunes,1899/12/30 00:00:00+00,18:00:00,18,REGION ARAUCANIA,PERQUENCO,VOLCADURA,VOLCADURA,RURAL,TRAMO DE VIA RECTA,VELOCIDAD IMPRUDENTE,VELOCIDAD NO RAZONABLE NI PRUDENTE, , , ,0,S-324,5,BIDIRECCIONAL,ASFALTO,REGULAR,HUMEDO,NUBLADO,0,1,0,0,09,091,09113,La Araucanía,Cautín,Perquenco,Ruta,S-324 km 5,-38.377919,-72.445124
-7858915.7878457,-3951262.72143751,1641,2023,1582610,2023/12/22 00:00:00+00,Diciembre,22,Viernes,1899/12/30 00:00:00+00,18:17:00,18,REGION METROPOLITANA,LAS CONDES,COLISION LATERAL,COLISION,URBANA,TRAMO DE VIA RECTA,IMPRUDENCIA DEL CONDUCTOR,CONDUCCION CAMBIAR SORPRESIVAMENTE PISTA CIRCULACION,MARIANO SANCHEZ FONTECILLA, ,- MARIANO SANCHEZ FONTECILLA,348, , ,UNIDIRECCIONAL,ASFALTO,BUENO,SECO,DESPEJADO,0,0,0,1,13,131,13114,Metropolitana de Santiago,Santiago,Las Condes,Numero,"MARIANO SANCHEZ FONTECILLA 348, Las Condes",-33.420579,-70.597842
-7866433.10924652,-3966845.12930756,1642,2023,1567232,2023/09/26 00:00:00+00,Septiembre,26,Martes,1899/12/30 00:00:00+00,07:00:00,7,REGION METROPOLITANA,LO ESPEJO,CHOQUE POSTERIOR/FRENTE,CHOQUE,URBANA,TRAMO DE VIA RECTA,FALLAS MECANICAS,FALLAS MECANICAS NEUMATICOS,AMERICO VESPUCIO, ,- AMERICO VESPUCIO,24, , ,UNIDIRECCIONAL,ASFALTO,BUENO,SECO,DESPEJADO,0,0,1,0,13,131,13116,Metropolitana de Santiago,Santiago,Lo Espejo,Numero,"AMERICO VESPUCIO 24, Lo Espejo",-33.537334,-70.665371
-7994430.62603452,-4753333.4484296,1643,2023,1526257,2023/04/26 00:00:00+00,Abril,26,Miércoles,1899/12/30 00:00:00+00,18:00:00,18,REGION ARAUCANIA,PUCON,COLISION,COLISION,RURAL,TRAMO DE VIA RECTA,IMPRUDENCIA DEL CONDUCTOR,CONDUCCION NO ATENTO CONDICIONES TRANSITO MOMENTO, , , ,0,S-905,12,BIDIRECCIONAL,ASFALTO,BUENO,SECO,DESPEJADO,0,1,0,1,09,091,09115,La Araucanía,Cautín,Pucón,Ruta,S-905 km 12,-39.220693,-71.815192
-7871186.88606129,-3507752.41489937,1644,2023,1516853,2023/03/16 00:00:00+00,Marzo,16,Jueves,1899/12/30 00:00:00+00,16:30:00,16,REGION COQUIMBO,VICUÑA,CHOQUE FRONTAL,CHOQUE,URBANA,TRAMO DE VIA RECTA,VELOCIDAD IMPRUDENTE,VELOCIDAD NO RAZONABLE NI PRUDENTE,LAS AMERICAS, ,- LAS AMERICAS,14, , ,UNIDIRECCIONAL,ASFALTO,BUENO,SECO,DESPEJADO,0,0,0,1,04,041,04106,Coquimbo,Elqui,Vicuña,Numero,"LAS AMERICAS 14, Vicuña",-30.032689,-70.708075
-8048582.66355404,-4705575.7816551,1645,2023,1526283,2023/04/26 00:00:00+00,Abril,26,Miércoles,1899/12/30 00:00:00+00,21:10:00,21,REGION ARAUCANIA,CURARREHUE,COLISION,COLISION,RURAL,TRAMO DE VIA RECTA,IMPRUDENCIA DEL CONDUCTOR,CONDUCCION NO ATENTO CONDICIONES TRANSITO MOMENTO, , , ,0,S-929,"0,3",BIDIRECCIONAL,ASFALTO,BUENO,HUMEDO,NUBLADO,1,0,0,1,09,091,09104,La Araucanía,Cautín,Curarrehue,Ruta,"S-929 km 0,3",-38.887543,-72.301648
-7928999.07449678,-4158280.96731584,1646,2023,1581496,2023/12/22 00:00:00+00,Diciembre,22,Viernes,1899/12/30 00:00:00+00,18:20:00,18,REGION MAULE,CURICO,COLISION PERPENDICULAR,COLISION,RURAL,TRAMO DE VIA RECTA,IMPRUDENCIA DEL CONDUCTOR,CONDUCCION CAMBIAR SORPRESIVAMENTE PISTA CIRCULACION,CAMINO SARMIENTO, ,- CAMINO SARMIENTO,4, , ,BIDIRECCIONAL,ASFALTO,BUENO,SECO,DESPEJADO,0,0,0,1,07,073,07301,Maule,Curicó,Curicó,Numero,"CAMINO SARMIENTO 4, Curicó",-34.95878,-71.227411
-7890565.63446705,-3931919.42258087,1647,2023,1561787,2023/09/26 00:00:00+00,Septiembre,26,Martes,1899/12/30 00:00:00+00,07:55:00,7,REGION METROPOLITANA,LAMPA,VOLCADURA,VOLCADURA,URBANA,TRAMO DE VIA RECTA,VELOCIDAD IMPRUDENTE,VELOCIDAD NO RAZONABLE NI PRUDENTE,JUAN DE DIOS MARTICORENA, ,- JUAN DE DIOS MARTICORENA,15, , ,BIDIRECCIONAL,ASFALTO,BUENO,SECO,DESPEJADO,1,0,0,0,13,133,13302,Metropolitana de Santiago,Chacabuco,Lampa,Numero,"JUAN DE DIOS MARTICORENA 15, Lampa",-33.275426,-70.882157
-7904674.65465635,-4110972.26435462,1648,2023,1528466,2023/04/27 00:00:00+00,Abril,27,Jueves,1899/12/30 00:00:00+00,12:15:00,12,REGION LIB.B.O'HIGGINS,PLACILLA,VOLCADURA,VOLCADURA,RURAL,TRAMO DE VIA RECTA,VELOCIDAD IMPRUDENTE,VELOCIDAD NO RAZONABLE NI PRUDENTE, , , ,0,I-50,4,BIDIRECCIONAL,ASFALTO,BUENO,SECO,DESPEJADO,0,0,0,2,06,063,06308,Libertador General Bernardo O'Higgins,Colchagua,Placilla,Ruta,I-50 km 4,-34.609742,-71.008901
-7836189.09594708,-2709153.0271218,1649,2023,1580337,2023/12/22 00:00:00+00,Diciembre,22,Viernes,1899/12/30 00:00:00+00,21:20:00,21,REGION ANTOFAGASTA,ANTOFAGASTA,COLISION,COLISION,URBANA,TRAMO DE VIA RECTA,IMPRUDENCIA DEL CONDUCTOR,CONDUCCION NO ATENTO CONDICIONES TRANSITO MOMENTO,IQUIQUE, ,- IQUIQUE,3857, , ,BIDIRECCIONAL,ASFALTO,BUENO,SECO,DESPEJADO,0,0,0,1,02,021,02101,Antofagasta,Antofagasta,Antofagasta,Numero,"IQUIQUE 3857, Antofagasta",-23.636309,-70.393684
-7883110.99557981,-3971090.46202151,1650,2023,1520414,2023/03/16 00:00:00+00,Marzo,16,Jueves,1899/12/30 00:00:00+00,18:15:00,18,REGION METROPOLITANA,PADRE HURTADO,COLISION LATERAL,COLISION,URBANA,TRAMO DE VIA RECTA,IMPRUDENCIA DEL CONDUCTOR,CONDUCCION NO ATENTO CONDICIONES TRANSITO MOMENTO,CAMINO SAN ALBERTO HURTADO, ,- CAMINO SAN ALBERTO HURTADO,2333, , ,BIDIRECCIONAL CON BANDEJON,ASFALTO,BUENO,SECO,DESPEJADO,0,0,0,0,13,136,13604,Metropolitana de Santiago,Talagante,Padre Hurtado,Numero,"CAMINO SAN ALBERTO HURTADO 2333, Padre Hurtado",-33.569115,-70.815191
-8140059.4331946,-4404536.50136917,1651,2023,1562966,2023/09/26 00:00:00+00,Septiembre,26,Martes,1899/12/30 00:00:00+00,11:04:00,11,REGION BIO BIO,TALCAHUANO,CHOQUE FRENTE/LADO,CHOQUE,URBANA,TRAMO DE VIA CURVA HORIZONTAL,VELOCIDAD IMPRUDENTE,VELOCIDAD NO RAZONABLE NI PRUDENTE,GRAN BRETAÑA, ,- GRAN BRETAÑA,2675, , ,BIDIRECCIONAL,CONCRETO,BUENO,SECO,DESPEJADO,0,1,0,0,08,081,08110,Biobío,Concepción,Talcahuano,Numero,"GRAN BRETAÑA 2675, Talcahuano",-36.751579,-73.123398
-8142849.63791928,-4428043.9498627,1652,2023,1528472,2023/04/27 00:00:00+00,Abril,27,Jueves,1899/12/30 00:00:00+00,18:30:00,18,REGION BIO BIO,SAN PEDRO DE LA PAZ,COLISION PERPENDICULAR,COLISION,RURAL,CRUCE CON SEÑAL PARE,DESOBEDIENCIA A SEÑALIZACION,SEÑALIZACION DESOBEDECER SEÑAL PARE, , , ,0,RUTA 160,14,BIDIRECCIONAL CON BANDEJON,CONCRETO,BUENO,SECO,NUBLADO,0,1,0,0,08,081,08108,Biobío,Concepción,San Pedro de la Paz,Ruta,RUTA 160 km 14,-36.920591,-73.148463
-7828679.01970852,-3168081.15518203,1653,2023,1585272,2023/12/22 00:00:00+00,Diciembre,22,Viernes,1899/12/30 00:00:00+00,23:00:00,23,REGION ATACAMA,COPIAPO,CHOQUE FRONTAL,CHOQUE,URBANA,TRAMO DE VIA RECTA,IMPRUDENCIA DEL CONDUCTOR,CONDUCCION NO ATENTO CONDICIONES TRANSITO MOMENTO,LAS ROSAS, ,- LAS ROSAS,504, , ,BIDIRECCIONAL,ASFALTO,BUENO,SECO,DESPEJADO,0,0,0,0,03,031,03101,Atacama,Copiapó,Copiapó,Numero,"LAS ROSAS 504, Copiapó",-27.356487,-70.32622
-7963374.2615674,-3886491.39527686,1654,2023,1518065,2023/03/16 00:00:00+00,Marzo,16,Jueves,1899/12/30 00:00:00+00,18:30:00,18,REGION VALPARAISO,CONCON,CHOQUE FRENTE/LADO,CHOQUE,URBANA,TRAMO DE VIA RECTA,IMPRUDENCIA DEL CONDUCTOR,CONDUCCION NO ATENTO CONDICIONES TRANSITO MOMENTO,CONCON REÑACA, ,- CONCON REÑACA,125, , ,BIDIRECCIONAL,ASFALTO,BUENO,SECO,DESPEJADO,0,1,0,0,05,051,05103,Valparaíso,Valparaíso,Concón,Numero,"CONCON REÑACA 125, Concón",-32.933582,-71.536208
-8091776.32180069,-4558313.0723664,1655,2023,1527872,2023/05/01 00:00:00+00,Mayo,1,Lunes,1899/12/30 00:00:00+00,05:00:00,5,REGION ARAUCANIA,ANGOL,VOLCADURA,VOLCADURA,RURAL,TRAMO DE VIA RECTA,ALCOHOL EN CONDUCTOR,CONDUCCION EN ESTADO DE EBRIEDAD, , , ,0,"R-86, R-88",89,BIDIRECCIONAL,CONCRETO,REGULAR,HUMEDO,NUBLADO,0,1,0,0,09,092,09201,La Araucanía,Malleco,Angol,Ruta,"R-86, R-88 km 89",-37.850394,-72.689663
-7931314.56298593,-4160590.58083279,1656,2023,1561469,2023/09/26 00:00:00+00,Septiembre,26,Martes,1899/12/30 00:00:00+00,15:00:00,15,REGION MAULE,CURICO,COLISION LATERAL,COLISION,URBANA,TRAMO DE VIA RECTA,IMPRUDENCIA DEL CONDUCTOR,CONDUCCION NO ATENTO CONDICIONES TRANSITO MOMENTO,BALMACEDA, ,- BALMACEDA,1428, , ,BIDIRECCIONAL,CONCRETO,BUENO,SECO,DESPEJADO,0,0,0,3,07,073,07301,Maule,Curicó,Curicó,Numero,"BALMACEDA 1428, Curicó",-34.975783,-71.248211
-7864271.67981932,-3952954.42529661,1657,2023,1517617,2023/03/16 00:00:00+00,Marzo,16,Jueves,1899/12/30 00:00:00+00,23:00:00,23,REGION METROPOLITANA,INDEPENDENCIA,COLISION POR ALCANCE,COLISION,RURAL,TRAMO DE VIA RECTA,IMPRUDENCIA DEL CONDUCTOR,CONDUCCION SIN MANTENER DISTANCIA RAZONABLE NI PRUDENTE, , , ,0,"G-11, G-13","17,9",UNIDIRECCIONAL,ASFALTO,BUENO,SECO,DESPEJADO,0,2,0,0,13,131,13108,Metropolitana de Santiago,Santiago,Independencia,Numero,"G-11, G-13 km 17,9",-33.433262,-70.645954
-7936766.4050024,-3497834.82416031,1658,2023,1528257,2023/05/01 00:00:00+00,Mayo,1,Lunes,1899/12/30 00:00:00+00,12:20:00,12,REGION COQUIMBO,COQUIMBO,COLISION LATERAL,COLISION,RURAL,CRUCE CON SEMAFORO FUNCIONANDO,IMPRUDENCIA DEL CONDUCTOR,CONDUCCION CAMBIAR SORPRESIVAMENTE PISTA CIRCULACION, , , ,0,RUTA 5 NORTE,"462,8",BIDIRECCIONAL CON BANDEJON,ASFALTO,BUENO,SECO,DESPEJADO,0,0,2,0,04,041,04102,Coquimbo,Elqui,Coquimbo,Ruta,"RUTA 5 NORTE km 462,8",-29.955529,-71.297186
-7867969.36492913,-3922869.37689367,1659,2023,1580694,2023/12/23 00:00:00+00,Diciembre,23,Sábado,1899/12/30 00:00:00+00,14:00:00,14,REGION METROPOLITANA,COLINA,CHOQUE FRENTE/POSTERIOR,CHOQUE,URBANA,TRAMO DE VIA RECTA,IMPRUDENCIA DEL CONDUCTOR,CONDUCCION NO ATENTO CONDICIONES TRANSITO MOMENTO,MARIA ESTER FUENZALIDA, ,- MARIA ESTER FUENZALIDA,406, , ,BIDIRECCIONAL,ASFALTO,BUENO,SECO,DESPEJADO,0,0,0,0,13,133,13301,Metropolitana de Santiago,Chacabuco,Colina,Numero,"MARIA ESTER FUENZALIDA 406, Colina",-33.207431,-70.679171
-8139295.34644006,-4401049.39692265,1660,2023,1562949,2023/09/26 00:00:00+00,Septiembre,26,Martes,1899/12/30 00:00:00+00,15:20:00,15,REGION BIO BIO,TALCAHUANO,CHOQUE LADO/FRENTE,CHOQUE,URBANA,CRUCE CON SEÑAL PARE,IMPRUDENCIA DEL CONDUCTOR,VIRAJES INDEBIDOS,IGNACIO DIAZ, ,- IGNACIO DIAZ,188, , ,BIDIRECCIONAL,CONCRETO,BUENO,SECO,DESPEJADO,0,0,0,0,08,081,08110,Biobío,Concepción,Talcahuano,Numero,"IGNACIO DIAZ 188, Talcahuano",-36.726476,-73.116534
-7947382.47546072,-3902514.68397028,1661,2023,1517202,2023/03/16 00:00:00+00,Marzo,16,Jueves,1899/12/30 00:00:00+00,23:30:00,23,REGION VALPARAISO,VILLA ALEMANA,VOLCADURA,VOLCADURA,URBANA,TRAMO DE VIA RECTA,IMPRUDENCIA DEL CONDUCTOR,CONDUCCION NO ATENTO CONDICIONES TRANSITO MOMENTO,BERNARDO LEIGHTON, ,- BERNARDO LEIGHTON,629, , ,BIDIRECCIONAL,ASFALTO,BUENO,SECO,DESPEJADO,0,0,0,1,05,058,05804,Valparaíso,Marga Marga,Villa Alemana,Numero,"BERNARDO LEIGHTON 629, Villa Alemana",-33.054308,-71.392551
-7898457.4293361,-3956270.1341347,1662,2023,1579989,2023/12/23 00:00:00+00,Diciembre,23,Sábado,1899/12/30 00:00:00+00,16:40:00,16,REGION METROPOLITANA,CURACAVI,COLISION POR ALCANCE,COLISION,RURAL,TUNEL,IMPRUDENCIA DEL CONDUCTOR,CONDUCCION NO ATENTO CONDICIONES TRANSITO MOMENTO, , , ,0,RUTA 68,"23,5",UNIDIRECCIONAL,ASFALTO,BUENO,SECO,DESPEJADO,0,0,0,1,13,135,13503,Metropolitana de Santiago,Melipilla,Curacaví,Numero,"RUTA 68 km 23,5",-33.458115,-70.95305
-7951966.77030998,-3867606.67673141,1663,2023,1532357,2023/05/01 00:00:00+00,Mayo,1,Lunes,1899/12/30 00:00:00+00,13:15:00,13,REGION VALPARAISO,QUINTERO,CHOQUE FRONTAL,CHOQUE,RURAL,TRAMO DE VIA CURVA VERTICAL,VELOCIDAD IMPRUDENTE,VELOCIDAD NO RAZONABLE NI PRUDENTE, , , ,0,F-190,"17,88",BIDIRECCIONAL,ASFALTO,BUENO,SECO,DESPEJADO,0,1,0,0,05,051,05107,Valparaíso,Valparaíso,Quintero,Ruta,"F-190 km 17,88",-32.791085,-71.433733