X,Y,FID,Año,IdAccident,Fecha,Mes,Dia_mes,Dia_semana,Hora,Hora_texto,Hora_aprox,Región,Comuna,Tipo_Accid,Tipo__CONA,Zona,Ubicación,Causa__CON,Causa_Acci,Calle_Uno,Calle_Dos,Intersecci,Número,Ruta,Ubicaci_1,Calzada,Tipo_Calza,Estado_Cal,Condición,Estado_Atm,Fallecidos,Graves,Menos_Grav,Leves,CUT_REG,CUT_PROV,CUT_COM,REGION,PROVINCIA,COMUNA1,Tipo_direc,Direccion,Lat,Lon
-8119702.41582745,-5079397.87227601,1664,2023,1563661,2023/09/27 00:00:00+00,Septiembre,27,Miércoles,1899/12/30 00:00:00+00,08:10:00,8,REGION LOS LAGOS,PUERTO MONTT,ATROPELLO,ATROPELLO,URBANA,TRAMO DE VIA RECTA,IMPRUDENCIA DEL PEATON,PEATON CRUZA CALZADA FUERA PASO PEATONES,CUARTA TERRAZA, ,- CUARTA TERRAZA,2000, , ,BIDIRECCIONAL,CONCRETO,BUENO,SECO,NUBLADO,0,0,0,1,10,101,10101,Los Lagos,Llanquihue,Puerto Montt,Numero,"CUARTA TERRAZA 2000, Puerto Montt",-41.45305,-72.940528
-7857440.97575753,-3867558.17182918,1665,2023,1580066,2023/12/23 00:00:00+00,Diciembre,23,Sábado,1899/12/30 00:00:00+00,17:10:00,17,REGION VALPARAISO,SAN ESTEBAN,COLISION,COLISION,RURAL,TRAMO DE VIA RECTA,IMPRUDENCIA DEL CONDUCTOR,ADELANTAMIENTO SIN EL ESPACIO O TIEMPO SUFICIENTE,SAN FRANCISCO, ,- SAN FRANCISCO,2826, , ,BIDIRECCIONAL,ASFALTO,BUENO,SECO,DESPEJADO,0,0,0,1,05,053,05304,Valparaíso,Los Andes,San Esteban,Numero,"SAN FRANCISCO 2826, San Esteban",-32.790718,-70.584593
-7861794.83365035,-3953802.64096374,1666,2023,1517507,2023/03/17 00:00:00+00,Marzo,17,Viernes,1899/12/30 00:00:00+00,02:15:00,2,REGION METROPOLITANA,PROVIDENCIA,COLISION LATERAL,COLISION,URBANA,CRUCE CON SEMAFORO FUNCIONANDO,IMPRUDENCIA DEL CONDUCTOR,CONDUCCION NO ATENTO CONDICIONES TRANSITO MOMENTO,RANCAGUA, ,- RANCAGUA,750, , ,UNIDIRECCIONAL,ASFALTO,BUENO,SECO,DESPEJADO,0,0,0,1,13,131,13123,Metropolitana de Santiago,Santiago,Providencia,Numero,"RANCAGUA 750, Providencia",-33.43962,-70.623705
-7859518.24820629,-3950258.76654832,1667,2023,1566422,2023/09/27 00:00:00+00,Septiembre,27,Miércoles,1899/12/30 00:00:00+00,09:20:00,9,REGION METROPOLITANA,LAS CONDES,COLISION POR ALCANCE,COLISION,URBANA,TRAMO DE VIA RECTA,IMPRUDENCIA DEL CONDUCTOR,CONDUCCION SIN MANTENER DISTANCIA RAZONABLE NI PRUDENTE,VITACURA, ,- VITACURA,2874, , ,BIDIRECCIONAL,ASFALTO,BUENO,SECO,DESPEJADO,0,0,1,2,13,131,13114,Metropolitana de Santiago,Santiago,Las Condes,Numero,"VITACURA 2874, Las Condes",-33.413051,-70.603254
-8011379.81228255,-4101449.41232779,1668,2023,1579993,2023/12/23 00:00:00+00,Diciembre,23,Sábado,1899/12/30 00:00:00+00,18:00:00,18,REGION LIB.B.O'HIGGINS,PICHILEMU,COLISION,COLISION,URBANA,TRAMO DE VIA RECTA,IMPRUDENCIA DEL CONDUCTOR,CONDUCCION NO ATENTO CONDICIONES TRANSITO MOMENTO,SECTOR LA PALMILLA, ,- SECTOR LA PALMILLA,1, , ,BIDIRECCIONAL,TIERRA,MALO, ,DESPEJADO,0,1,0,0,06,062,06201,Libertador General Bernardo O'Higgins,Cardenal Caro,Pichilemu,Numero,"SECTOR LA PALMILLA 1, Pichilemu",-34.539305,-71.967449
-7966115.50442893,-3911253.82804735,1669,2023,1528169,2023/05/02 00:00:00+00,Mayo,2,Martes,1899/12/30 00:00:00+00,07:45:00,7,REGION VALPARAISO,VALPARAISO,COLISION,COLISION,RURAL,TRAMO DE VIA CURVA HORIZONTAL,IMPRUDENCIA DEL CONDUCTOR,CONDUCCION NO ATENTO CONDICIONES TRANSITO MOMENTO, , , ,0,RUTA 68,99,UNIDIRECCIONAL,ASFALTO,BUENO,SECO,DESPEJADO,0,0,0,2,05,051,05101,Valparaíso,Valparaíso,Valparaíso,Ruta,RUTA 68 km 99,-33.120083,-71.560833
-7866562.52520109,-3944917.11641364,1670,2023,1518710,2023/03/17 00:00:00+00,Marzo,17,Viernes,1899/12/30 00:00:00+00,04:15:00,4,REGION METROPOLITANA,HUECHURABA,VOLCADURA,VOLCADURA,URBANA,TRAMO DE VIA RECTA,IMPRUDENCIA DEL CONDUCTOR,CONDUCCION NO ATENTO CONDICIONES TRANSITO MOMENTO,AMERICO VESPUCIO, ,- AMERICO VESPUCIO,30500, , ,BIDIRECCIONAL CON BANDEJON,ASFALTO,BUENO,SECO,DESPEJADO,0,0,0,0,13,131,13107,Metropolitana de Santiago,Santiago,Huechuraba,Numero,"AMERICO VESPUCIO 30500, Huechuraba",-33.372988,-70.666533
-7865337.55163173,-3953786.02802246,1671,2023,1561756,2023/09/27 00:00:00+00,Septiembre,27,Miércoles,1899/12/30 00:00:00+00,15:00:00,15,REGION METROPOLITANA,SANTIAGO,CHOQUE FRENTE/LADO,CHOQUE,URBANA,CRUCE CON SEMAFORO FUNCIONANDO,IMPRUDENCIA DEL CONDUCTOR,ADELANTAMIENTO SIN EL ESPACIO O TIEMPO SUFICIENTE,TEATINOS, ,- TEATINOS,348, , ,UNIDIRECCIONAL,ASFALTO,BUENO,SECO,DESPEJADO,0,1,0,0,13,131,13101,Metropolitana de Santiago,Santiago,Santiago,Numero,"TEATINOS 348, Santiago",-33.439496,-70.655529
-8079747.35373009,-4517132.98192307,1672,2023,1528364,2023/05/04 00:00:00+00,Mayo,4,Jueves,1899/12/30 00:00:00+00,08:00:00,8,REGION BIO BIO,LOS ANGELES,COLISION,COLISION,RURAL,TRAMO DE VIA RECTA,IMPRUDENCIA DEL CONDUCTOR,ADELANTAMIENTO POR LA BERMA, , , ,0,RUTA 180,19,BIDIRECCIONAL,ASFALTO,REGULAR,SECO,DESPEJADO,0,0,0,1,08,083,08301,Biobío,Biobío,Los Angeles,Ruta,RUTA 180 km 19,-37.557716,-72.581605
-7920866.35407095,-4147949.79104934,1673,2023,1528215,2023/05/04 00:00:00+00,Mayo,4,Jueves,1899/12/30 00:00:00+00,14:40:00,14,REGION MAULE,TENO,COLISION,COLISION,RURAL,TRAMO DE VIA RECTA,IMPRUDENCIA DEL CONDUCTOR,ADELANTAMIENTO SOBREPASANDO LINEA CONTINUA, , , ,0,J-40,"0,5",BIDIRECCIONAL,ASFALTO,BUENO,SECO,DESPEJADO,0,0,0,1,07,073,07308,Maule,Curicó,Teno,Ruta,"J-40 km 0,5",-34.882684,-71.154353
-7870217.04810417,-3507479.14762427,1674,2023,1581181,2023/12/23 00:00:00+00,Diciembre,23,Sábado,1899/12/30 00:00:00+00,21:20:00,21,REGION COQUIMBO,VICUÑA,VOLCADURA,VOLCADURA,URBANA,TRAMO DE VIA RECTA,IMPRUDENCIA DEL CONDUCTOR,CONDUCCION NO ATENTO CONDICIONES TRANSITO MOMENTO,CAMINO SAN ISIDRO, ,- CAMINO SAN ISIDRO,1, , ,BIDIRECCIONAL,ASFALTO,BUENO,SECO,DESPEJADO,0,1,0,0,04,041,04106,Coquimbo,Elqui,Vicuña,Numero,"CAMINO SAN ISIDRO 1, Vicuña",-30.030564,-70.699363
-7943332.79054017,-3824098.95837139,1675,2023,1529882,2023/05/04 00:00:00+00,Mayo,4,Jueves,1899/12/30 00:00:00+00,16:15:00,16,REGION VALPARAISO,PAPUDO,COLISION,COLISION,RURAL,TRAMO DE VIA RECTA,IMPRUDENCIA DEL CONDUCTOR,CONDUCCION NO ATENTO CONDICIONES TRANSITO MOMENTO, , , ,0,F-30-E,4,UNIDIRECCIONAL,ASFALTO,BUENO,SECO,DESPEJADO,0,1,0,1,05,054,05403,Valparaíso,Petorca,Papudo,Ruta,F-30-E km 4,-32.461922,-71.356173
-7966865.70938694,-3898290.52304291,1676,2023,1517105,2023/03/17 00:00:00+00,Marzo,17,Viernes,1899/12/30 00:00:00+00,11:00:00,11,REGION VALPARAISO,VIÑA DEL MAR,COLISION FRONTAL,COLISION,URBANA,TRAMO DE VIA RECTA,VELOCIDAD IMPRUDENTE,"VELOCIDAD NO REDUCIR CRUCE DE CALLES, CUMBRE, CURVA, ETC.",LA MARINA, ,- LA MARINA,6, , ,UNIDIRECCIONAL,CONCRETO,BUENO,SECO,DESPEJADO,2,0,0,1,05,051,05109,Valparaíso,Valparaíso,Viña del Mar,Numero,"LA MARINA 6, Viña del Mar",-33.022498,-71.567572
-7876833.41485766,-3963361.57257009,1677,2023,1562397,2023/09/27 00:00:00+00,Septiembre,27,Miércoles,1899/12/30 00:00:00+00,16:30:00,16,REGION METROPOLITANA,MAIPU,ATROPELLO,ATROPELLO,URBANA,TRAMO DE VIA RECTA,IMPRUDENCIA DEL PEATON,PEATON CRUZA CALZADA FUERA PASO PEATONES,5 DE ABRIL, ,- 5 DE ABRIL,152, , ,BIDIRECCIONAL,ASFALTO,BUENO,SECO,DESPEJADO,0,0,1,1,13,131,13119,Metropolitana de Santiago,Santiago,Maipú,Numero,"5 DE ABRIL 152, Maipú",-33.511246,-70.758798
-7912857.45422566,-4158763.73372612,1678,2023,1528247,2023/05/04 00:00:00+00,Mayo,4,Jueves,1899/12/30 00:00:00+00,17:15:00,17,REGION MAULE,ROMERAL,COLISION,COLISION,RURAL,TRAMO DE VIA RECTA,IMPRUDENCIA DEL CONDUCTOR,CONDUCCION NO ATENTO CONDICIONES TRANSITO MOMENTO, , , ,0,J-55,"10,3",BIDIRECCIONAL,ASFALTO,BUENO,SECO,DESPEJADO,0,0,0,0,07,073,07306,Maule,Curicó,Romeral,Ruta,"J-55 km 10,3",-34.962335,-71.082408
-7927926.30161065,-3492978.56875522,1679,2023,1518198,2023/03/17 00:00:00+00,Marzo,17,Viernes,1899/12/30 00:00:00+00,11:59:00,11,REGION COQUIMBO,LA SERENA,COLISION LATERAL,COLISION,URBANA,TRAMO DE VIA RECTA,ALCOHOL EN CONDUCTOR,CONDUCCION EN ESTADO DE EBRIEDAD,LAS PETUNIAS, ,- LAS PETUNIAS,956, , ,BIDIRECCIONAL,ASFALTO,BUENO,SECO,DESPEJADO,0,0,0,2,04,041,04101,Coquimbo,Elqui,La Serena,Numero,"LAS PETUNIAS 956, La Serena",-29.917725,-71.217774
-7922156.8108187,-3715102.25109065,1680,2023,1564012,2023/09/27 00:00:00+00,Septiembre,27,Miércoles,1899/12/30 00:00:00+00,16:50:00,16,REGION COQUIMBO,ILLAPEL,COLISION,COLISION,URBANA,TRAMO DE VIA RECTA,IMPRUDENCIA DEL CONDUCTOR,CONDUCCION NO ATENTO CONDICIONES TRANSITO MOMENTO,CONSTITUCION, ,- CONSTITUCION,270, , ,BIDIRECCIONAL,CONCRETO,BUENO,SECO,DESPEJADO,0,0,0,0,04,042,04201,Coquimbo,Choapa,Illapel,Numero,"CONSTITUCION 270, Illapel",-31.632008,-71.165945
-7721906.76872316,-2626179.30460234,1681,2023,1529856,2023/05/04 00:00:00+00,Mayo,4,Jueves,1899/12/30 00:00:00+00,17:20:00,17,REGION ANTOFAGASTA,SIERRA GORDA,COLISION POR ALCANCE,COLISION,RURAL,TRAMO DE VIA RECTA,IMPRUDENCIA DEL CONDUCTOR,CONDUCCION NO ATENTO CONDICIONES TRANSITO MOMENTO, , , ,0,RUTA 25,38,BIDIRECCIONAL,ASFALTO,BUENO,SECO,DESPEJADO,0,0,0,0,02,021,02103,Antofagasta,Antofagasta,Sierra Gorda,Ruta,RUTA 25 km 38,-22.951706,-69.367069
-7847168.38678668,-3943320.99539349,1682,2023,1580942,2023/12/23 00:00:00+00,Diciembre,23,Sábado,1899/12/30 00:00:00+00,22:05:00,22,REGION METROPOLITANA,LO BARNECHEA,COLISION LATERAL,COLISION,URBANA,CRUCE CON SEÑAL CEDA EL PASO,DESOBEDIENCIA A SEÑALIZACION,SEÑALIZACION DESOBEDECER SEÑAL CEDA EL PASO,PIE ANDINO, ,- PIE ANDINO,5200, , ,BIDIRECCIONAL CON BANDEJON,CONCRETO,BUENO,SECO,DESPEJADO,0,1,0,0,13,131,13115,Metropolitana de Santiago,Santiago,Lo Barnechea,Numero,"PIE ANDINO 5200, Lo Barnechea",-33.361013,-70.492313
-8151890.39608467,-4844378.26462599,1683,2023,1517393,2023/03/17 00:00:00+00,Marzo,17,Viernes,1899/12/30 00:00:00+00,12:10:00,12,REGION DE LOS RIOS,VALDIVIA,CHOQUE FRENTE/POSTERIOR,CHOQUE,URBANA,OTROS NO CONSIDERADOS,IMPRUDENCIA DEL CONDUCTOR,CONDUCCION NO ATENTO CONDICIONES TRANSITO MOMENTO,REGIDOR PEDRO PARRA AVELLO, ,- REGIDOR PEDRO PARRA AVELLO,837, , ,BIDIRECCIONAL,CONCRETO,BUENO,HUMEDO,NUBLADO,0,0,0,0,14,141,14101,Los Ríos,Valdivia,Valdivia,Numero,"REGIDOR PEDRO PARRA AVELLO 837, Valdivia",-39.851446,-73.229677
-7852744.63192973,-3973797.63703194,1684,2023,1562274,2023/09/27 00:00:00+00,Septiembre,27,Miércoles,1899/12/30 00:00:00+00,19:30:00,19,REGION METROPOLITANA,PUENTE ALTO,COLISION POR ALCANCE,COLISION,URBANA,TRAMO DE VIA RECTA,IMPRUDENCIA DEL CONDUCTOR,CONDUCCION NO ATENTO CONDICIONES TRANSITO MOMENTO,CAMILO HENRIQUEZ, ,- CAMILO HENRIQUEZ,1058, , ,BIDIRECCIONAL CON BANDEJON,ASFALTO,BUENO,SECO,NUBLADO,0,0,1,0,13,132,13201,Metropolitana de Santiago,Cordillera,Puente Alto,Numero,"CAMILO HENRIQUEZ 1058, Puente Alto",-33.589376,-70.542405
-7857133.48745707,-3972257.45200721,1685,2023,1580270,2023/12/24 00:00:00+00,Diciembre,24,Domingo,1899/12/30 00:00:00+00,14:30:00,14,REGION METROPOLITANA,PUENTE ALTO,COLISION POR ALCANCE,COLISION,URBANA,TRAMO DE VIA RECTA,IMPRUDENCIA DEL CONDUCTOR,CONDUCCION NO ATENTO CONDICIONES TRANSITO MOMENTO,CONCHA Y TORO, ,- CONCHA Y TORO,3459, , ,BIDIRECCIONAL,CONCRETO,BUENO,SECO,DESPEJADO,0,0,0,0,13,132,13201,Metropolitana de Santiago,Cordillera,Puente Alto,Numero,"CONCHA Y TORO 3459, Puente Alto",-33.57785,-70.581831
-7974523.98597603,-4243119.86727322,1686,2023,1529209,2023/05/05 00:00:00+00,Mayo,5,Viernes,1899/12/30 00:00:00+00,12:30:00,12,REGION MAULE,LINARES,COLISION FRONTAL,COLISION,RURAL,TRAMO DE VIA RECTA,IMPRUDENCIA DEL CONDUCTOR,ADELANTAMIENTO SIN EL ESPACIO O TIEMPO SUFICIENTE, , , ,0,"L-11, L-35",6,BIDIRECCIONAL,ASFALTO,BUENO,SECO,DESPEJADO,0,1,0,0,07,074,07401,Maule,Linares,Linares,Ruta,"L-11, L-35 km 6",-35.581001,-71.636368
-7951283.7683163,-3932682.29025009,1687,2023,1530354,2023/05/05 00:00:00+00,Mayo,5,Viernes,1899/12/30 00:00:00+00,15:35:00,15,REGION VALPARAISO,CASABLANCA,CHOQUE,CHOQUE,RURAL,TRAMO DE VIA RECTA,IMPRUDENCIA DEL CONDUCTOR,CONDUCCION NO ATENTO CONDICIONES TRANSITO MOMENTO, , , ,0,RUTA 68,76,UNIDIRECCIONAL,ASFALTO,BUENO,SECO,DESPEJADO,0,1,0,0,05,051,05102,Valparaíso,Valparaíso,Casablanca,Ruta,RUTA 68 km 76,-33.281155,-71.427597
-8131471.83447912,-4413607.30789721,1688,2023,1517911,2023/03/17 00:00:00+00,Marzo,17,Viernes,1899/12/30 00:00:00+00,15:26:00,15,REGION BIO BIO,CONCEPCION,COLISION,COLISION,URBANA,OTROS NO CONSIDERADOS,IMPRUDENCIA DEL CONDUCTOR,CONDUCCION NO ATENTO CONDICIONES TRANSITO MOMENTO,PAICAVI, ,- PAICAVI,1112, , ,BIDIRECCIONAL CON BANDEJON,CONCRETO,BUENO,SECO,DESPEJADO,0,0,0,1,08,081,08101,Biobío,Concepción,Concepción,Numero,"PAICAVI 1112, Concepción",-36.81684,-73.046254
-8170769.96370399,-4569526.07952514,1689,2023,1530709,2023/05/05 00:00:00+00,Mayo,5,Viernes,1899/12/30 00:00:00+00,19:00:00,19,REGION BIO BIO,CAÑETE,COLISION,COLISION,RURAL,TRAMO DE VIA RECTA,IMPRUDENCIA DEL CONDUCTOR,CONDUCCION NO ATENTO CONDICIONES TRANSITO MOMENTO, , , ,0,P-70,8,BIDIRECCIONAL,ASFALTO,REGULAR,SECO,DESPEJADO,0,1,0,0,08,082,08203,Biobío,Arauco,Cañete,Ruta,P-70 km 8,-37.929888,-73.399275
-7934737.16909578,-3895765.16131288,1690,2023,1568767,2023/09/27 00:00:00+00,Septiembre,27,Miércoles,1899/12/30 00:00:00+00,19:45:00,19,REGION VALPARAISO,LIMACHE,CHOQUE LADO/POSTERIOR,CHOQUE,URBANA,TRAMO DE VIA RECTA,IMPRUDENCIA DEL CONDUCTOR,CONDUCCION NO ATENTO CONDICIONES TRANSITO MOMENTO,VILLA ALEMANA, ,- VILLA ALEMANA,231, , ,UNIDIRECCIONAL,ASFALTO,BUENO,SECO,DESPEJADO,0,0,0,0,05,058,05802,Valparaíso,Marga Marga,Limache,Numero,"VILLA ALEMANA 231, Limache",-33.003475,-71.278957
-7970432.57147494,-4279507.74109627,1691,2023,1517437,2023/03/17 00:00:00+00,Marzo,17,Viernes,1899/12/30 00:00:00+00,17:00:00,17,REGION MAULE,LINARES,COLISION LATERAL,COLISION,URBANA,TRAMO DE VIA RECTA,IMPRUDENCIA DEL CONDUCTOR,ADELANTAMIENTO SIN EL ESPACIO O TIEMPO SUFICIENTE,JANUARIO ESPINOZA, ,- JANUARIO ESPINOZA,578, , ,BIDIRECCIONAL,ASFALTO,BUENO,SECO,DESPEJADO,0,0,0,1,07,074,07401,Maule,Linares,Linares,Numero,"JANUARIO ESPINOZA 578, Linares",-35.846407,-71.599614
-7938630.20264627,-3498743.03002372,1692,2023,1529964,2023/05/06 00:00:00+00,Mayo,6,Sábado,1899/12/30 00:00:00+00,14:30:00,14,REGION COQUIMBO,COQUIMBO,COLISION LATERAL,COLISION,RURAL,TRAMO DE VIA RECTA,IMPRUDENCIA DEL CONDUCTOR,CONDUCCION NO ATENTO CONDICIONES TRANSITO MOMENTO, , , ,0,RUTA 5 NORTE,461,BIDIRECCIONAL CON BANDEJON,ASFALTO,BUENO,SECO,DESPEJADO,0,0,0,0,04,041,04102,Coquimbo,Elqui,Coquimbo,Ruta,RUTA 5 NORTE km 461,-29.962598,-71.313928
-7865481.52495856,-3956180.44445053,1693,2023,1582806,2023/12/24 00:00:00+00,Diciembre,24,Domingo,1899/12/30 00:00:00+00,16:40:00,16,REGION METROPOLITANA,SANTIAGO,CHOQUE FRENTE/FRENTE,CHOQUE,RURAL,TRAMO DE VIA RECTA,DROGAS Y/O FATIGA EN CONDUCTOR,"CONDICIONES FISICAS DEFICIENTES (CANSANCIO, SUEÑO)", , , ,0,RUTA 5 SUR,"1,3",BIDIRECCIONAL CON BANDEJON,ASFALTO,REGULAR,SECO,DESPEJADO,0,0,0,2,13,131,13101,Metropolitana de Santiago,Santiago,Santiago,Numero,"RUTA 5 SUR km 1,3",-33.457443,-70.656823
-7837433.75931836,-2714139.86963778,1694,2023,1563111,2023/09/27 00:00:00+00,Septiembre,27,Miércoles,1899/12/30 00:00:00+00,20:15:00,20,REGION ANTOFAGASTA,ANTOFAGASTA,COLISION,COLISION,URBANA,TRAMO DE VIA RECTA,IMPRUDENCIA DEL CONDUCTOR,CONDUCCION NO ATENTO CONDICIONES TRANSITO MOMENTO,ARGENTINA, ,- ARGENTINA,210, , ,BIDIRECCIONAL,ASFALTO,BUENO,SECO,DESPEJADO,0,0,0,0,02,021,02101,Antofagasta,Antofagasta,Antofagasta,Numero,"ARGENTINA 210, Antofagasta",-23.677342,-70.404865
-7899623.12584434,-3881212.85184089,1695,2023,1582139,2023/12/24 00:00:00+00,Diciembre,24,Domingo,1899/12/30 00:00:00+00,20:40:00,20,REGION VALPARAISO,LLAY LLAY,COLISION,COLISION,RURAL,TRAMO DE VIA CURVA HORIZONTAL,IMPRUDENCIA DEL CONDUCTOR,CONDUCCION NO ATENTO CONDICIONES TRANSITO MOMENTO,EL PORVENIR ALTO, ,- EL PORVENIR ALTO,0, , ,BIDIRECCIONAL,ASFALTO,REGULAR,SECO,DESPEJADO,0,1,0,0,05,057,05703,Valparaíso,San Felipe de Aconcagua,Llaillay,Numero,"EL PORVENIR ALTO 0, Llaillay",-32.893775,-70.963522
-8081399.29306168,-4691757.0310952,1696,2023,1529879,2023/05/06 00:00:00+00,Mayo,6,Sábado,1899/12/30 00:00:00+00,18:00:00,18,REGION ARAUCANIA,PADRE LAS CASAS,COLISION LATERAL,COLISION,RURAL,TRAMO DE VIA RECTA,IMPRUDENCIA DEL CONDUCTOR,CONDUCCION CAMBIAR SORPRESIVAMENTE PISTA CIRCULACION, , , ,0,S-373,2,BIDIRECCIONAL,ASFALTO,BUENO,SECO,DESPEJADO,0,1,0,0,09,091,09112,La Araucanía,Cautín,Padre Las Casas,Ruta,S-373 km 2,-38.790852,-72.596445
-8051341.47558119,-4503116.21740041,1697,2023,1517364,2023/03/17 00:00:00+00,Marzo,17,Viernes,1899/12/30 00:00:00+00,18:50:00,18,REGION BIO BIO,LOS ANGELES,COLISION POR ALCANCE,COLISION,URBANA,TRAMO DE VIA RECTA,IMPRUDENCIA DEL CONDUCTOR,CONDUCCION NO ATENTO CONDICIONES TRANSITO MOMENTO,LAS INDUSTRIAS, ,- LAS INDUSTRIAS,510, , ,BIDIRECCIONAL,ASFALTO,BUENO,SECO,DESPEJADO,0,1,0,2,08,083,08301,Biobío,Biobío,Los Angeles,Numero,"LAS INDUSTRIAS 510, Los Angeles",-37.457832,-72.326431
-7949664.00819898,-3904538.57371128,1698,2023,1584592,2023/12/25 00:00:00+00,Diciembre,25,Lunes,1899/12/30 00:00:00+00,04:15:00,4,REGION VALPARAISO,QUILPUE,COLISION,COLISION,URBANA,TRAMO DE VIA RECTA,DESOBEDIENCIA A SEÑALIZACION,SEÑALIZACION DESOBEDECER SEÑAL PARE,MARGA MARGA, ,- MARGA MARGA,850, , ,BIDIRECCIONAL,ASFALTO,BUENO,SECO,DESPEJADO,0,2,0,0,05,058,05801,Valparaíso,Marga Marga,Quilpué,Numero,"MARGA MARGA 850, Quilpué",-33.069545,-71.413047
-7863273.07044925,-3945121.93935037,1699,2023,1562685,2023/09/27 00:00:00+00,Septiembre,27,Miércoles,1899/12/30 00:00:00+00,21:05:00,21,REGION METROPOLITANA,HUECHURABA,COLISION,COLISION,URBANA,TRAMO DE VIA RECTA,ALCOHOL EN CONDUCTOR,CONDUCCION BAJO LA INFLUENCIA DEL ALCOHOL,EL SALTO, ,- EL SALTO,4447, , ,BIDIRECCIONAL,ASFALTO,BUENO,SECO,DESPEJADO,0,0,0,1,13,131,13107,Metropolitana de Santiago,Santiago,Huechuraba,Numero,"EL SALTO 4447, Huechuraba",-33.374524,-70.636984
-7875530.91639116,-4001114.43146998,1700,2023,1518258,2023/03/18 00:00:00+00,Marzo,18,Sábado,1899/12/30 00:00:00+00,07:40:00,7,REGION METROPOLITANA,PAINE,COLISION PERPENDICULAR,COLISION,RURAL,TRAMO DE VIA RECTA,IMPRUDENCIA DEL CONDUCTOR,CONDUCCION NO ATENTO CONDICIONES TRANSITO MOMENTO, , , ,0,RUTA 5 SUR,41,BIDIRECCIONAL,ASFALTO,BUENO,SECO,DESPEJADO,0,1,0,1,13,134,13404,Metropolitana de Santiago,Maipo,Paine,Numero,RUTA 5 SUR km 41,-33.79355,-70.747098
-7904431.55811345,-4107033.45632026,1701,2023,1579934,2023/12/25 00:00:00+00,Diciembre,25,Lunes,1899/12/30 00:00:00+00,04:40:00,4,REGION LIB.B.O'HIGGINS,NANCAGUA,VOLCADURA,VOLCADURA,URBANA,TRAMO DE VIA RECTA,ALCOHOL EN CONDUCTOR,CONDUCCION BAJO LA INFLUENCIA DEL ALCOHOL,JUAN GODOY, ,- JUAN GODOY,291, , ,BIDIRECCIONAL,ASFALTO,BUENO,SECO,DESPEJADO,0,1,0,0,06,063,06305,Libertador General Bernardo O'Higgins,Colchagua,Nancagua,Numero,"JUAN GODOY 291, Nancagua",-34.580615,-71.006717
-7972626.92208307,-4218161.11892217,1702,2023,1528623,2023/05/07 00:00:00+00,Mayo,7,Domingo,1899/12/30 00:00:00+00,10:25:00,10,REGION MAULE,TALCA,COLISION POR ALCANCE,COLISION,RURAL,TRAMO DE VIA RECTA,IMPRUDENCIA DEL CONDUCTOR,CONDUCCION SIN MANTENER DISTANCIA RAZONABLE NI PRUDENTE, , , ,0,RUTA 5 SUR,250,BIDIRECCIONAL,ASFALTO,BUENO,SECO,DESPEJADO,0,0,0,2,07,071,07101,Maule,Talca,Talca,Ruta,RUTA 5 SUR km 250,-35.398446,-71.619326
-7872389.70060659,-3963914.6374894,1703,2023,1561782,2023/09/28 00:00:00+00,Septiembre,28,Jueves,1899/12/30 00:00:00+00,08:15:00,8,REGION METROPOLITANA,CERRILLOS,VOLCADURA,VOLCADURA,URBANA,TRAMO DE VIA RECTA,IMPRUDENCIA DEL CONDUCTOR,CONDUCCION CAMBIAR SORPRESIVAMENTE PISTA CIRCULACION,AMERICO VESPUCIO, ,- AMERICO VESPUCIO,1501, , ,BIDIRECCIONAL,ASFALTO,BUENO,SECO,NUBLADO,0,1,0,0,13,131,13102,Metropolitana de Santiago,Santiago,Cerrillos,Numero,"AMERICO VESPUCIO 1501, Cerrillos",-33.515388,-70.71888
-7852234.32833354,-3977035.15501967,1704,2023,1562285,2023/09/28 00:00:00+00,Septiembre,28,Jueves,1899/12/30 00:00:00+00,09:50:00,9,REGION METROPOLITANA,PUENTE ALTO,COLISION PERPENDICULAR,COLISION,URBANA,TRAMO DE VIA RECTA,IMPRUDENCIA DEL CONDUCTOR,CONDUCCION NO ATENTO CONDICIONES TRANSITO MOMENTO,EYZAGUIRRE, ,- EYZAGUIRRE,2225, , ,BIDIRECCIONAL,ASFALTO,BUENO,SECO,NUBLADO,0,0,0,0,13,132,13201,Metropolitana de Santiago,Cordillera,Puente Alto,Numero,"EYZAGUIRRE 2225, Puente Alto",-33.6136,-70.537821
-7961747.76535184,-3887340.58492759,1705,2023,1518474,2023/03/18 00:00:00+00,Marzo,18,Sábado,1899/12/30 00:00:00+00,21:30:00,21,REGION VALPARAISO,CONCON,COLISION,COLISION,URBANA,TRAMO DE VIA RECTA,IMPRUDENCIA DEL CONDUCTOR,CONDUCCION NO ATENTO CONDICIONES TRANSITO MOMENTO,LOMAS DE MONTEMAR, ,- LOMAS DE MONTEMAR,725, , ,BIDIRECCIONAL,ASFALTO,BUENO,SECO,DESPEJADO,0,1,0,0,05,051,05103,Valparaíso,Valparaíso,Concón,Numero,"LOMAS DE MONTEMAR 725, Concón",-32.939984,-71.521597
-7871752.39111167,-3956123.56585804,1706,2023,1579791,2023/12/25 00:00:00+00,Diciembre,25,Lunes,1899/12/30 00:00:00+00,06:15:00,6,REGION METROPOLITANA,LO PRADO,CHOQUE FRONTAL,CHOQUE,URBANA,TRAMO DE VIA RECTA,VELOCIDAD IMPRUDENTE,VELOCIDAD NO RAZONABLE NI PRUDENTE,GRAL OSCAR BONILLA, ,- GRAL OSCAR BONILLA,5877, , ,BIDIRECCIONAL CON BANDEJON,ASFALTO,BUENO,SECO,DESPEJADO,1,0,0,0,13,131,13117,Metropolitana de Santiago,Santiago,Lo Prado,Numero,"GRAL OSCAR BONILLA 5877, Lo Prado",-33.457017,-70.713155