X,Y,FID,Año,IdAccident,Fecha,Mes,Dia_mes,Dia_semana,Hora,Hora_texto,Hora_aprox,Región,Comuna,Tipo_Accid,Tipo__CONA,Zona,Ubicación,Causa__CON,Causa_Acci,Calle_Uno,Calle_Dos,Intersecci,Número,Ruta,Ubicaci_1,Calzada,Tipo_Calza,Estado_Cal,Condición,Estado_Atm,Fallecidos,Graves,Menos_Grav,Leves,CUT_REG,CUT_PROV,CUT_COM,REGION,PROVINCIA,COMUNA1,Tipo_direc,Direccion,Lat,Lon
-7900296.75834364,-4106566.85231922,1707,2023,1529295,2023/05/07 00:00:00+00,Mayo,7,Domingo,1899/12/30 00:00:00+00,13:30:00,13,REGION LIB.B.O'HIGGINS,SAN FERNANDO,VOLCADURA,VOLCADURA,RURAL,TRAMO DE VIA RECTA,VELOCIDAD IMPRUDENTE,VELOCIDAD NO RAZONABLE NI PRUDENTE, , , ,0,RUTA 5 SUR,136,BIDIRECCIONAL CON BANDEJON,ASFALTO,BUENO,SECO,DESPEJADO,0,1,0,0,06,063,06301,Libertador General Bernardo O'Higgins,Colchagua,San Fernando,Ruta,RUTA 5 SUR km 136,-34.577164,-70.969573
-8130393.96664462,-4423910.55564995,1708,2023,1562651,2023/09/28 00:00:00+00,Septiembre,28,Jueves,1899/12/30 00:00:00+00,10:15:00,10,REGION BIO BIO,CHIGUAYANTE,COLISION POR ALCANCE,COLISION,URBANA,TRAMO DE VIA RECTA,IMPRUDENCIA DEL CONDUCTOR,CONDUCCION SIN MANTENER DISTANCIA RAZONABLE NI PRUDENTE,COSTANERA, ,- COSTANERA,5633, , ,BIDIRECCIONAL,ASFALTO,BUENO,SECO,DESPEJADO,0,1,0,0,08,081,08103,Biobío,Concepción,Chiguayante,Numero,"COSTANERA 5633, Chiguayante",-36.8909,-73.036572
-8137015.05796427,-4416654.66462054,1709,2023,1518905,2023/03/18 00:00:00+00,Marzo,18,Sábado,1899/12/30 00:00:00+00,22:40:00,22,REGION BIO BIO,SAN PEDRO DE LA PAZ,OTRO TIPO,OTRO TIPO,URBANA,TRAMO DE VIA RECTA,ALCOHOL EN CONDUCTOR,CONDUCCION EN ESTADO DE EBRIEDAD,PEDRO AGUIRRE CERDA, ,- PEDRO AGUIRRE CERDA,1055, , ,BIDIRECCIONAL CON BANDEJON,CONCRETO,BUENO,SECO,DESPEJADO,0,0,0,0,08,081,08108,Biobío,Concepción,San Pedro de la Paz,Numero,"PEDRO AGUIRRE CERDA 1055, San Pedro de la Paz",-36.838752,-73.09605
-8034268.36194155,-4500975.88735766,1710,2023,1529921,2023/05/07 00:00:00+00,Mayo,7,Domingo,1899/12/30 00:00:00+00,14:15:00,14,REGION BIO BIO,MULCHEN,COLISION,COLISION,RURAL,CRUCE CON SEÑAL PARE,IMPRUDENCIA DEL CONDUCTOR,CONDUCCION NO ATENTO CONDICIONES TRANSITO MOMENTO, , , ,0,Q-81,"1,8",UNIDIRECCIONAL,ASFALTO,REGULAR,SECO,DESPEJADO,0,1,0,0,08,083,08305,Biobío,Biobío,Mulchén,Ruta,"Q-81 km 1,8",-37.442568,-72.173061
-7945548.47398136,-4009190.33602898,1711,2023,1581168,2023/12/25 00:00:00+00,Diciembre,25,Lunes,1899/12/30 00:00:00+00,11:40:00,11,REGION METROPOLITANA,MELIPILLA,CHOQUE FRONTAL,CHOQUE,RURAL,TRAMO DE VIA CURVA HORIZONTAL,VELOCIDAD IMPRUDENTE,VELOCIDAD NO RAZONABLE NI PRUDENTE, , , ,0,G-60,"30,64",BIDIRECCIONAL,ASFALTO,BUENO,SECO,DESPEJADO,0,0,1,1,13,135,13501,Metropolitana de Santiago,Melipilla,Melipilla,Numero,"G-60 km 30,64",-33.853819,-71.376076
-8139344.26117053,-4400819.21787305,1712,2023,1562944,2023/09/28 00:00:00+00,Septiembre,28,Jueves,1899/12/30 00:00:00+00,15:55:00,15,REGION BIO BIO,TALCAHUANO,COLISION LATERAL,COLISION,URBANA,CRUCE CON SEMAFORO FUNCIONANDO,IMPRUDENCIA DEL CONDUCTOR,CONDUCCION CAMBIAR SORPRESIVAMENTE PISTA CIRCULACION,CRISTOBAL COLON, ,- CRISTOBAL COLON,3309, , ,BIDIRECCIONAL,CONCRETO,BUENO,SECO,DESPEJADO,0,0,0,0,08,081,08110,Biobío,Concepción,Talcahuano,Numero,"CRISTOBAL COLON 3309, Talcahuano",-36.724819,-73.116974
-7960797.05408699,-4426854.09879539,1713,2023,1533410,2023/05/07 00:00:00+00,Mayo,7,Domingo,1899/12/30 00:00:00+00,18:10:00,18,REGION ÑUBLE,PINTO,COLISION FRONTAL,COLISION,RURAL,TRAMO DE VIA CURVA HORIZONTAL,IMPRUDENCIA DEL CONDUCTOR,CONDUCCION NO ATENTO CONDICIONES TRANSITO MOMENTO, , , ,0,N-55,66,BIDIRECCIONAL,ASFALTO,BUENO,SECO,DESPEJADO,0,1,1,0,16,161,16106,Ñuble,Diguillín,Pinto,Ruta,N-55 km 66,-36.912045,-71.513057
-8051339.84141106,-4504250.55459161,1714,2023,1517386,2023/03/18 00:00:00+00,Marzo,18,Sábado,1899/12/30 00:00:00+00,22:49:00,22,REGION BIO BIO,LOS ANGELES,COLISION FRONTAL,COLISION,URBANA,TRAMO DE VIA RECTA,ALCOHOL EN CONDUCTOR,CONDUCCION EN ESTADO DE EBRIEDAD,LAS INDUSTRIAS, ,- LAS INDUSTRIAS,13535, , ,BIDIRECCIONAL,ASFALTO,BUENO,SECO,DESPEJADO,1,0,0,1,08,083,08301,Biobío,Biobío,Los Angeles,Numero,"LAS INDUSTRIAS 13535, Los Angeles",-37.46592,-72.326416
-7860197.55480475,-3973833.02046389,1715,2023,1584239,2023/12/25 00:00:00+00,Diciembre,25,Lunes,1899/12/30 00:00:00+00,14:00:00,14,REGION METROPOLITANA,LA PINTANA,VOLCADURA,VOLCADURA,URBANA,TRAMO DE VIA RECTA,IMPRUDENCIA DEL CONDUCTOR,CONDUCCION NO ATENTO CONDICIONES TRANSITO MOMENTO,GABRIELA, ,- GABRIELA,3810, , ,BIDIRECCIONAL,CONCRETO,BUENO,SECO,DESPEJADO,0,0,0,0,13,131,13112,Metropolitana de Santiago,Santiago,La Pintana,Numero,"GABRIELA 3810, La Pintana",-33.589641,-70.609356
-8040314.95184825,-4765083.96056071,1716,2023,1561954,2023/09/28 00:00:00+00,Septiembre,28,Jueves,1899/12/30 00:00:00+00,16:59:00,16,REGION ARAUCANIA,VILLARRICA,CHOQUE FRONTAL,CHOQUE,URBANA,PUENTE,IMPRUDENCIA DEL CONDUCTOR,CONDUCCION NO ATENTO CONDICIONES TRANSITO MOMENTO,CAMINO PUBLICO SECTOR HUINCACARA, ,- CAMINO PUBLICO SECTOR HUINCACARA,5, , ,BIDIRECCIONAL,CONCRETO,BUENO,SECO,DESPEJADO,0,0,0,1,09,091,09120,La Araucanía,Cautín,Villarrica,Numero,"CAMINO PUBLICO SECTOR HUINCACARA 5, Villarrica",-39.302422,-72.227378
-7674090.16475421,-2564981.01805592,1717,2023,1580069,2023/12/25 00:00:00+00,Diciembre,25,Lunes,1899/12/30 00:00:00+00,23:50:00,23,REGION ANTOFAGASTA,CALAMA,COLISION,COLISION,URBANA,TRAMO DE VIA RECTA,ALCOHOL EN CONDUCTOR,CONDUCCION EN ESTADO DE EBRIEDAD,FREI BONN, ,- FREI BONN,3462, , ,BIDIRECCIONAL,ASFALTO,BUENO,SECO,DESPEJADO,0,0,1,0,02,022,02201,Antofagasta,El Loa,Calama,Numero,"FREI BONN 3462, Calama",-22.444532,-68.937525
-7898797.45232736,-3501338.05961587,1718,2023,1531994,2023/05/08 00:00:00+00,Mayo,8,Lunes,1899/12/30 00:00:00+00,09:00:00,9,REGION COQUIMBO,VICUÑA,OTRO TIPO,OTRO TIPO,RURAL,TRAMO DE VIA CURVA HORIZONTAL,DEFICIENCIAS VIALES,ANIMALES SUELTOS VIA PUBLICA, , , ,0,41 CH,35,BIDIRECCIONAL,ASFALTO,BUENO,SECO,NUBLADO,0,0,0,1,04,041,04106,Coquimbo,Elqui,Vicuña,Ruta,41 CH km 35,-29.982792,-70.956105
-8136046.49804396,-4403636.21488631,1719,2023,1519689,2023/03/19 00:00:00+00,Marzo,19,Domingo,1899/12/30 00:00:00+00,01:48:00,1,REGION BIO BIO,TALCAHUANO,VOLCADURA,VOLCADURA,URBANA,TRAMO DE VIA RECTA,VELOCIDAD IMPRUDENTE,VELOCIDAD NO RAZONABLE NI PRUDENTE,ALMIRANTE NEFF, ,- ALMIRANTE NEFF,633, , ,BIDIRECCIONAL,CONCRETO,BUENO,SECO,DESPEJADO,0,1,0,0,08,081,08110,Biobío,Concepción,Talcahuano,Numero,"ALMIRANTE NEFF 633, Talcahuano",-36.745099,-73.087349
-8140728.09891878,-4399339.10919122,1720,2023,1562952,2023/09/28 00:00:00+00,Septiembre,28,Jueves,1899/12/30 00:00:00+00,19:50:00,19,REGION BIO BIO,TALCAHUANO,CHOQUE LADO/LADO,CHOQUE,URBANA,TRAMO DE VIA RECTA,IMPRUDENCIA DEL CONDUCTOR,CONDUCCION NO ATENTO CONDICIONES TRANSITO MOMENTO,LOS ARAUCANOS, ,- LOS ARAUCANOS,460, , ,BIDIRECCIONAL,CONCRETO,BUENO,SECO,DESPEJADO,0,0,0,1,08,081,08110,Biobío,Concepción,Talcahuano,Numero,"LOS ARAUCANOS 460, Talcahuano",-36.714161,-73.129405
-7859839.71804556,-3972893.25499742,1721,2023,1580356,2023/12/26 00:00:00+00,Diciembre,26,Martes,1899/12/30 00:00:00+00,07:45:00,7,REGION METROPOLITANA,PUENTE ALTO,COLISION LATERAL,COLISION,URBANA,TRAMO DE VIA RECTA,IMPRUDENCIA DEL CONDUCTOR,CONDUCCION NO ATENTO CONDICIONES TRANSITO MOMENTO,GABRIELA PONIENTE, ,- GABRIELA PONIENTE,3960, , ,BIDIRECCIONAL,CONCRETO,BUENO,SECO,DESPEJADO,0,0,0,1,13,132,13201,Metropolitana de Santiago,Cordillera,Puente Alto,Numero,"GABRIELA PONIENTE 3960, Puente Alto",-33.582608,-70.606141
-7918071.48357906,-4090154.22887387,1722,2023,1529004,2023/05/08 00:00:00+00,Mayo,8,Lunes,1899/12/30 00:00:00+00,18:10:00,18,REGION LIB.B.O'HIGGINS,SAN VICENTE,CHOQUE FRONTAL,CHOQUE,RURAL,TRAMO DE VIA RECTA,IMPRUDENCIA DEL CONDUCTOR,CONDUCCION NO ATENTO CONDICIONES TRANSITO MOMENTO, , , ,0,H-830,5,BIDIRECCIONAL,ASFALTO,BUENO,SECO,DESPEJADO,0,0,1,0,06,061,06117,Libertador General Bernardo O'Higgins,Cachapoal,San Vicente,Ruta,H-830 km 5,-34.455681,-71.129246
-7943701.22179793,-3502039.83822972,1723,2023,1518294,2023/03/19 00:00:00+00,Marzo,19,Domingo,1899/12/30 00:00:00+00,10:30:00,10,REGION COQUIMBO,COQUIMBO,VOLCADURA,VOLCADURA,URBANA,TRAMO DE VIA RECTA,DEFICIENCIAS VIALES,ANIMALES SUELTOS VIA PUBLICA,VERTEDERO EL PANUL, ,- VERTEDERO EL PANUL,3, , ,BIDIRECCIONAL,TIERRA,REGULAR, ,DESPEJADO,0,0,0,0,04,041,04102,Coquimbo,Elqui,Coquimbo,Numero,"VERTEDERO EL PANUL 3, Coquimbo",-29.988252,-71.359482
-8128724.85697176,-4429914.05467739,1724,2023,1562655,2023/09/28 00:00:00+00,Septiembre,28,Jueves,1899/12/30 00:00:00+00,22:30:00,22,REGION BIO BIO,CHIGUAYANTE,CHOQUE FRENTE/POSTERIOR,CHOQUE,URBANA,CRUCE CON SEMAFORO FUNCIONANDO,IMPRUDENCIA DEL CONDUCTOR,CONDUCCION NO ATENTO CONDICIONES TRANSITO MOMENTO,MANUEL RODRIGUEZ, ,- MANUEL RODRIGUEZ,1300, , ,BIDIRECCIONAL CON BANDEJON,ASFALTO,BUENO,SECO,DESPEJADO,0,0,0,0,08,081,08103,Biobío,Concepción,Chiguayante,Numero,"MANUEL RODRIGUEZ 1300, Chiguayante",-36.93402,-73.021578
-7865220.5669696,-3954008.64901424,1725,2023,1581314,2023/12/26 00:00:00+00,Diciembre,26,Martes,1899/12/30 00:00:00+00,09:15:00,9,REGION METROPOLITANA,SANTIAGO,ATROPELLO,ATROPELLO,URBANA,TRAMO DE VIA RECTA,IMPRUDENCIA DEL CONDUCTOR,CONDUCCION NO ATENTO CONDICIONES TRANSITO MOMENTO,AGUSTINAS, ,- AGUSTINAS,1269, , ,UNIDIRECCIONAL,ASFALTO,BUENO,SECO,DESPEJADO,0,0,0,0,13,131,13101,Metropolitana de Santiago,Santiago,Santiago,Numero,"AGUSTINAS 1269, Santiago",-33.441165,-70.654478
-7966371.13779514,-4265485.82025436,1726,2023,1529944,2023/05/09 00:00:00+00,Mayo,9,Martes,1899/12/30 00:00:00+00,18:50:00,18,REGION MAULE,YERBAS BUENAS,COLISION FRONTAL,COLISION,RURAL,TRAMO DE VIA CURVA HORIZONTAL,IMPRUDENCIA DEL CONDUCTOR,CONDUCCION POR IZQUIERDA EJE CALZADA, , , ,0,L-275,2,BIDIRECCIONAL,ASFALTO,BUENO,SECO,DESPEJADO,0,0,0,1,07,074,07408,Maule,Linares,Yerbas Buenas,Ruta,L-275 km 2,-35.744239,-71.56313
-7859432.12234228,-3872383.42708457,1727,2023,1517557,2023/03/19 00:00:00+00,Marzo,19,Domingo,1899/12/30 00:00:00+00,13:00:00,13,REGION VALPARAISO,LOS ANDES,COLISION POR ALCANCE,COLISION,URBANA,TRAMO DE VIA RECTA,IMPRUDENCIA DEL CONDUCTOR,CONDUCCION CAMBIAR SORPRESIVAMENTE PISTA CIRCULACION,ARGENTINA, ,- ARGENTINA,805, , ,BIDIRECCIONAL,ASFALTO,BUENO,SECO,DESPEJADO,0,0,0,1,05,053,05301,Valparaíso,Los Andes,Los Andes,Numero,"ARGENTINA 805, Los Andes",-32.82715,-70.60248
-7872548.37291521,-3956126.76228898,1728,2023,1563151,2023/09/29 00:00:00+00,Septiembre,29,Viernes,1899/12/30 00:00:00+00,19:15:00,19,REGION METROPOLITANA,MAIPU,COLISION LATERAL,COLISION,RURAL,TRAMO DE VIA RECTA,IMPRUDENCIA DEL CONDUCTOR,CONDUCCION NO ATENTO CONDICIONES TRANSITO MOMENTO, , , ,0,RUTA 68,1,BIDIRECCIONAL,ASFALTO,BUENO,SECO,DESPEJADO,0,0,0,0,13,131,13119,Metropolitana de Santiago,Santiago,Maipú,Numero,RUTA 68 km 1,-33.45704,-70.720305
-7888287.06200348,-4074711.6313259,1729,2023,1529770,2023/05/10 00:00:00+00,Mayo,10,Miércoles,1899/12/30 00:00:00+00,07:20:00,7,REGION LIB.B.O'HIGGINS,RENGO,COLISION LATERAL,COLISION,RURAL,TRAMO DE VIA RECTA,IMPRUDENCIA DEL CONDUCTOR,CONDUCCION CAMBIAR SORPRESIVAMENTE PISTA CIRCULACION, , , ,0,"H-50, H-56",2,BIDIRECCIONAL,ASFALTO,BUENO,SECO,DESPEJADO,0,1,0,0,06,061,06115,Libertador General Bernardo O'Higgins,Cachapoal,Rengo,Ruta,"H-50, H-56 km 2",-34.341217,-70.861688
-7969246.43114221,-4773593.6501968,1730,2023,1581140,2023/12/26 00:00:00+00,Diciembre,26,Martes,1899/12/30 00:00:00+00,13:00:00,13,REGION ARAUCANIA,CURARREHUE,COLISION LATERAL,COLISION,URBANA,CRUCE CON SEÑAL PARE,IMPRUDENCIA DEL CONDUCTOR,ADELANTAMIENTO SIN EL ESPACIO O TIEMPO SUFICIENTE,O'HIGGINS, ,- O'HIGGINS,1051, , ,BIDIRECCIONAL,ASFALTO,BUENO,SECO,DESPEJADO,0,0,0,1,09,091,09104,La Araucanía,Cautín,Curarrehue,Numero,"O'HIGGINS 1051, Curarrehue",-39.36155,-71.588959
-7860207.34016648,-3952711.30817434,1731,2023,1519188,2023/03/19 00:00:00+00,Marzo,19,Domingo,1899/12/30 00:00:00+00,16:11:00,16,REGION METROPOLITANA,PROVIDENCIA,COLISION POR ALCANCE,COLISION,URBANA,TUNEL,IMPRUDENCIA DEL CONDUCTOR,CONDUCCION SIN MANTENER DISTANCIA RAZONABLE NI PRUDENTE,COST NORTE, ,- COST NORTE,15300, , ,UNIDIRECCIONAL,ASFALTO,BUENO,HUMEDO,DESPEJADO,0,1,0,0,13,131,13123,Metropolitana de Santiago,Santiago,Providencia,Numero,"COST NORTE 15300, Providencia",-33.431439,-70.609444
-7877992.81049348,-4057035.99140383,1732,2023,1530280,2023/05/10 00:00:00+00,Mayo,10,Miércoles,1899/12/30 00:00:00+00,16:45:00,16,REGION LIB.B.O'HIGGINS,OLIVAR,COLISION POR ALCANCE,COLISION,RURAL,TRAMO DE VIA RECTA,IMPRUDENCIA DEL CONDUCTOR,CONDUCCION SIN MANTENER DISTANCIA RAZONABLE NI PRUDENTE, , , ,0,H-40,"0,1",BIDIRECCIONAL CON BANDEJON,ASFALTO,BUENO,SECO,DESPEJADO,0,1,0,0,06,061,06111,Libertador General Bernardo O'Higgins,Cachapoal,Olivar,Ruta,"H-40 km 0,1",-34.210008,-70.769213
-8134220.09390835,-4584553.89546171,1733,2023,1581048,2023/12/26 00:00:00+00,Diciembre,26,Martes,1899/12/30 00:00:00+00,16:30:00,16,REGION ARAUCANIA,PUREN,COLISION LATERAL,COLISION,URBANA,TRAMO DE VIA RECTA,IMPRUDENCIA DEL CONDUCTOR,CONDUCCION CAMBIAR SORPRESIVAMENTE PISTA CIRCULACION,NAHUELCO, ,- NAHUELCO,1226, , ,BIDIRECCIONAL,CONCRETO,BUENO,SECO,DESPEJADO,0,0,0,1,09,092,09208,La Araucanía,Malleco,Purén,Numero,"NAHUELCO 1226, Purén",-38.036292,-73.070942
-7860336.38507093,-3952750.27719963,1734,2023,1562244,2023/09/29 00:00:00+00,Septiembre,29,Viernes,1899/12/30 00:00:00+00,20:48:00,20,REGION METROPOLITANA,PROVIDENCIA,COLISION POR ALCANCE,COLISION,URBANA,TRAMO DE VIA RECTA,IMPRUDENCIA DEL CONDUCTOR,CONDUCCION NO ATENTO CONDICIONES TRANSITO MOMENTO,ELIODORO YAÑEZ, ,- ELIODORO YAÑEZ,1952, , ,UNIDIRECCIONAL,ASFALTO,BUENO,SECO,DESPEJADO,0,0,0,0,13,131,13123,Metropolitana de Santiago,Santiago,Providencia,Numero,"ELIODORO YAÑEZ 1952, Providencia",-33.431731,-70.610603
-8142139.87018932,-4424351.33958559,1735,2023,1529799,2023/05/10 00:00:00+00,Mayo,10,Miércoles,1899/12/30 00:00:00+00,19:47:00,19,REGION BIO BIO,SAN PEDRO DE LA PAZ,COLISION LATERAL,COLISION,RURAL,CRUCE CON SEMAFORO FUNCIONANDO,IMPRUDENCIA DEL CONDUCTOR,CONDUCCION CAMBIAR SORPRESIVAMENTE PISTA CIRCULACION, , , ,0,RUTA 160,11,BIDIRECCIONAL CON BANDEJON,CONCRETO,BUENO,SECO,DESPEJADO,0,0,0,0,08,081,08108,Biobío,Concepción,San Pedro de la Paz,Ruta,RUTA 160 km 11,-36.894067,-73.142087
-8121290.59281299,-4386812.78906586,1736,2023,1517220,2023/03/19 00:00:00+00,Marzo,19,Domingo,1899/12/30 00:00:00+00,17:45:00,17,REGION BIO BIO,TOME,COLISION LATERAL,COLISION,URBANA,TRAMO DE VIA RECTA,IMPRUDENCIA DEL CONDUCTOR,ADELANTAMIENTO SOBREPASANDO LINEA CONTINUA,MALDONADO, ,- MALDONADO,430, , ,BIDIRECCIONAL,CONCRETO,BUENO,SECO,DESPEJADO,0,0,0,0,08,081,08111,Biobío,Concepción,Tomé,Numero,"MALDONADO 430, Tomé",-36.623905,-72.954795
-8099121.92683118,-4687798.09601733,1737,2023,1562684,2023/09/30 00:00:00+00,Septiembre,30,Sábado,1899/12/30 00:00:00+00,16:30:00,16,REGION ARAUCANIA,TEMUCO,COLISION FRONTAL,COLISION,URBANA,TRAMO DE VIA RECTA,IMPRUDENCIA DEL CONDUCTOR,CONDUCCION NO ATENTO CONDICIONES TRANSITO MOMENTO,LOS RAULIES, ,- LOS RAULIES,151, , ,BIDIRECCIONAL,ASFALTO,BUENO,SECO,DESPEJADO,0,0,1,0,09,091,09101,La Araucanía,Cautín,Temuco,Numero,"LOS RAULIES 151, Temuco",-38.763127,-72.75565
-7876051.78835925,-3959195.8331992,1738,2023,1582631,2023/12/27 00:00:00+00,Diciembre,27,Miércoles,1899/12/30 00:00:00+00,13:57:00,13,REGION METROPOLITANA,MAIPU,COLISION LATERAL,COLISION,URBANA,OTROS NO CONSIDERADOS,IMPRUDENCIA DEL CONDUCTOR,CONDUCCION NO ATENTO CONDICIONES TRANSITO MOMENTO,AMERICO VESPUCIO, ,- AMERICO VESPUCIO,1001, , ,BIDIRECCIONAL CON BANDEJON,ASFALTO,BUENO,SECO,DESPEJADO,0,0,0,0,13,131,13119,Metropolitana de Santiago,Santiago,Maipú,Numero,"AMERICO VESPUCIO 1001, Maipú",-33.480039,-70.751777
-8059336.77984347,-4969984.81352456,1739,2023,1536312,2023/05/11 00:00:00+00,Mayo,11,Jueves,1899/12/30 00:00:00+00,12:00:00,12,REGION LOS LAGOS,OSORNO,VOLCADURA,VOLCADURA,RURAL,TRAMO DE VIA CURVA HORIZONTAL,VELOCIDAD IMPRUDENTE,VELOCIDAD NO RAZONABLE NI PRUDENTE, , , ,0,215 CH,66,BIDIRECCIONAL,ASFALTO,BUENO,HUMEDO,DESPEJADO,0,1,0,0,10,103,10301,Los Lagos,Osorno,Osorno,Ruta,215 CH km 66,-40.712209,-72.398254
-7974645.16797296,-3899223.38825313,1740,2023,1517854,2023/03/19 00:00:00+00,Marzo,19,Domingo,1899/12/30 00:00:00+00,21:35:00,21,REGION VALPARAISO,VALPARAISO,VOLCADURA,VOLCADURA,URBANA,TRAMO DE VIA RECTA,ALCOHOL EN CONDUCTOR,CONDUCCION EN ESTADO DE EBRIEDAD,AGUAYO, ,- AGUAYO,42, , ,BIDIRECCIONAL,ASFALTO,BUENO,SECO,DESPEJADO,0,1,0,0,05,051,05101,Valparaíso,Valparaíso,Valparaíso,Numero,"AGUAYO 42, Valparaíso",-33.029524,-71.637456
-7870988.742288,-4052574.43372795,1741,2023,1562168,2023/09/30 00:00:00+00,Septiembre,30,Sábado,1899/12/30 00:00:00+00,17:35:00,17,REGION LIB.B.O'HIGGINS,RANCAGUA,COLISION POR ALCANCE,COLISION,URBANA,TRAMO DE VIA RECTA,ALCOHOL EN CONDUCTOR,CONDUCCION EN ESTADO DE EBRIEDAD,SANTA CLARA, ,- SANTA CLARA,2297, , ,BIDIRECCIONAL,CONCRETO,BUENO,SECO,DESPEJADO,0,0,0,1,06,061,06101,Libertador General Bernardo O'Higgins,Cachapoal,Rancagua,Numero,"SANTA CLARA 2297, Rancagua",-34.176857,-70.706295
-7859573.73870154,-3972216.44090768,1742,2023,1580748,2023/12/27 00:00:00+00,Diciembre,27,Miércoles,1899/12/30 00:00:00+00,15:20:00,15,REGION METROPOLITANA,PUENTE ALTO,COLISION LATERAL,COLISION,URBANA,TRAMO DE VIA RECTA,IMPRUDENCIA DEL CONDUCTOR,CONDUCCION NO ATENTO CONDICIONES TRANSITO MOMENTO,CRETA, ,- CRETA,3715, , ,BIDIRECCIONAL,CONCRETO,BUENO,SECO,DESPEJADO,0,0,0,0,13,132,13201,Metropolitana de Santiago,Cordillera,Puente Alto,Numero,"CRETA 3715, Puente Alto",-33.577543,-70.603752
-7840822.78780737,-2682904.35150125,1743,2023,1531201,2023/05/12 00:00:00+00,Mayo,12,Viernes,1899/12/30 00:00:00+00,00:40:00,0,REGION ANTOFAGASTA,TALTAL,VOLCADURA,VOLCADURA,RURAL,TRAMO DE VIA RECTA,VELOCIDAD IMPRUDENTE,VELOCIDAD NO RAZONABLE NI PRUDENTE, , , ,0,"RUTA 1, B-70",26,BIDIRECCIONAL,ASFALTO,BUENO,SECO,DESPEJADO,0,1,0,0,02,021,02104,Antofagasta,Antofagasta,Taltal,Ruta,"RUTA 1, B-70 km 26",-23.420117,-70.43531
-7894959.45783817,-3982581.76875273,1744,2023,1522784,2023/03/20 00:00:00+00,Marzo,20,Lunes,1899/12/30 00:00:00+00,08:15:00,8,REGION METROPOLITANA,TALAGANTE,CHOQUE FRENTE/LADO,CHOQUE,URBANA,TRAMO DE VIA CURVA HORIZONTAL,IMPRUDENCIA DEL CONDUCTOR,NO RESPETAR DERECHO PREFERENTE DE PASO A VEHICULO,LUCAS PACHECO, ,- LUCAS PACHECO,140, , ,BIDIRECCIONAL,ASFALTO,REGULAR,SECO,DESPEJADO,0,0,0,0,13,136,13601,Metropolitana de Santiago,Talagante,Talagante,Numero,"LUCAS PACHECO 140, Talagante",-33.655084,-70.921627
-7902177.26831588,-4109846.29947808,1745,2023,1565020,2023/10/01 00:00:00+00,Octubre,1,Domingo,1899/12/30 00:00:00+00,12:00:00,12,REGION LIB.B.O'HIGGINS,SAN FERNANDO,COLISION LATERAL,COLISION,URBANA,TRAMO DE VIA RECTA,IMPRUDENCIA DEL CONDUCTOR,NO RESPETAR DERECHO PREFERENTE DE PASO A VEHICULO,BERNARDO O'HIGGINS, ,- BERNARDO O'HIGGINS,450, , ,BIDIRECCIONAL,CONCRETO,BUENO,SECO,NUBLADO,0,0,0,1,06,063,06301,Libertador General Bernardo O'Higgins,Colchagua,San Fernando,Numero,"BERNARDO O'HIGGINS 450, San Fernando",-34.601416,-70.986466
-7974957.95857663,-4225700.51259278,1746,2023,1530779,2023/05/12 00:00:00+00,Mayo,12,Viernes,1899/12/30 00:00:00+00,16:30:00,16,REGION MAULE,TALCA,VOLCADURA,VOLCADURA,RURAL,TRAMO DE VIA RECTA,VELOCIDAD IMPRUDENTE,VELOCIDAD NO RAZONABLE NI PRUDENTE, , , ,0,K-605,"0,5",BIDIRECCIONAL,ASFALTO,BUENO,SECO,DESPEJADO,0,0,0,1,07,071,07101,Maule,Talca,Talca,Ruta,"K-605 km 0,5",-35.453635,-71.640266
-7864016.72301958,-3950777.97839601,1747,2023,1581328,2023/12/28 00:00:00+00,Diciembre,28,Jueves,1899/12/30 00:00:00+00,06:30:00,6,REGION METROPOLITANA,RECOLETA,VOLCADURA,VOLCADURA,URBANA,CRUCE CON SEÑAL PARE,VELOCIDAD IMPRUDENTE,VELOCIDAD NO RAZONABLE NI PRUDENTE,RECOLETA, ,- RECOLETA,1241, , ,BIDIRECCIONAL,ASFALTO,BUENO,SECO,DESPEJADO,0,0,0,1,13,131,13127,Metropolitana de Santiago,Santiago,Recoleta,Numero,"RECOLETA 1241, Recoleta",-33.416944,-70.643664
-7912471.93383419,-4129683.19088367,1748,2023,1517914,2023/03/20 00:00:00+00,Marzo,20,Lunes,1899/12/30 00:00:00+00,12:30:00,12,REGION LIB.B.O'HIGGINS,CHIMBARONGO,COLISION LATERAL,COLISION,URBANA,TRAMO DE VIA RECTA,IMPRUDENCIA DEL CONDUCTOR,CONDUCCION POR IZQUIERDA EJE CALZADA,SANTA TERESA, ,- SANTA TERESA,10, , ,BIDIRECCIONAL,ASFALTO,BUENO,SECO,DESPEJADO,0,0,0,0,06,063,06303,Libertador General Bernardo O'Higgins,Colchagua,Chimbarongo,Numero,"SANTA TERESA 10, Chimbarongo",-34.747965,-71.078945
-8139308.34843413,-4409954.42212183,1749,2023,1562210,2023/10/01 00:00:00+00,Octubre,1,Domingo,1899/12/30 00:00:00+00,12:30:00,12,REGION BIO BIO,HUALPEN,COLISION,COLISION,URBANA,TRAMO DE VIA RECTA,VELOCIDAD IMPRUDENTE,VELOCIDAD MAYOR QUE MAXIMA PERMITIDA,SIDNEY, ,- SIDNEY,2511, , ,BIDIRECCIONAL,CONCRETO,BUENO,SECO,DESPEJADO,0,0,0,0,08,081,08112,Biobío,Concepción,Hualpén,Numero,"SIDNEY 2511, Hualpén",-36.790566,-73.116651