X,Y,FID,Año,IdAccident,Fecha,Mes,Dia_mes,Dia_semana,Hora,Hora_texto,Hora_aprox,Región,Comuna,Tipo_Accid,Tipo__CONA,Zona,Ubicación,Causa__CON,Causa_Acci,Calle_Uno,Calle_Dos,Intersecci,Número,Ruta,Ubicaci_1,Calzada,Tipo_Calza,Estado_Cal,Condición,Estado_Atm,Fallecidos,Graves,Menos_Grav,Leves,CUT_REG,CUT_PROV,CUT_COM,REGION,PROVINCIA,COMUNA1,Tipo_direc,Direccion,Lat,Lon
-7925321.74432285,-3864271.32107333,1750,2023,1517553,2023/03/20 00:00:00+00,Marzo,20,Lunes,1899/12/30 00:00:00+00,13:00:00,13,REGION VALPARAISO,CALERA,COLISION LATERAL,COLISION,URBANA,TRAMO DE VIA RECTA,IMPRUDENCIA DEL CONDUCTOR,VIRAJES INDEBIDOS,ADRIAN, ,- ADRIAN,594, , ,BIDIRECCIONAL,ASFALTO,BUENO,SECO,NUBLADO,0,0,0,1,05,055,05502,Valparaíso,Quillota,Calera,Numero,"ADRIAN 594, Calera",-32.765894,-71.194377
-8171927.0146953,-5015005.42542556,1751,2023,1531297,2023/05/12 00:00:00+00,Mayo,12,Viernes,1899/12/30 00:00:00+00,17:28:00,17,REGION LOS LAGOS,PURRANQUE,COLISION,COLISION,RURAL,TRAMO DE VIA CURVA HORIZONTAL,FALLAS MECANICAS,FALLAS MECANICAS FRENOS, , , ,0,"U-960-V, V-960-U",9,BIDIRECCIONAL,ASFALTO,BUENO,HUMEDO,DESPEJADO,0,0,0,1,10,103,10303,Los Lagos,Osorno,Purranque,Ruta,"U-960-V, V-960-U km 9",-41.018057,-73.409669
-7864351.97280918,-4004777.99036793,1752,2023,1582001,2023/12/28 00:00:00+00,Diciembre,28,Jueves,1899/12/30 00:00:00+00,07:05:00,7,REGION METROPOLITANA,PAINE,COLISION FRONTAL,COLISION,RURAL,TRAMO DE VIA CURVA HORIZONTAL,IMPRUDENCIA DEL CONDUCTOR,CONDUCCION NO ATENTO CONDICIONES TRANSITO MOMENTO,CAMINO PADRE HURTADO, ,- CAMINO PADRE HURTADO,5, , ,BIDIRECCIONAL,ASFALTO,BUENO,SECO,NUBLADO,0,1,0,0,13,134,13404,Metropolitana de Santiago,Maipo,Paine,Numero,"CAMINO PADRE HURTADO 5, Paine",-33.820896,-70.646676
-8045262.5350282,-4777036.77658254,1753,2023,1565112,2023/10/01 00:00:00+00,Octubre,1,Domingo,1899/12/30 00:00:00+00,15:10:00,15,REGION ARAUCANIA,VILLARRICA,VOLCADURA,VOLCADURA,URBANA,TRAMO DE VIA RECTA,VELOCIDAD IMPRUDENTE,VELOCIDAD NO RAZONABLE NI PRUDENTE,CAMINO PUBLICO SECTOR LIUMALLA, ,- CAMINO PUBLICO SECTOR LIUMALLA,12000, , ,BIDIRECCIONAL,RIPIO,REGULAR, ,NUBLADO,0,0,0,1,09,091,09120,La Araucanía,Cautín,Villarrica,Numero,"CAMINO PUBLICO SECTOR LIUMALLA 12000, Villarrica",-39.38546,-72.271823
-7878374.4556531,-3967071.51069845,1754,2023,1581756,2023/12/28 00:00:00+00,Diciembre,28,Jueves,1899/12/30 00:00:00+00,07:15:00,7,REGION METROPOLITANA,MAIPU,COLISION POR ALCANCE,COLISION,URBANA,TRAMO DE VIA RECTA,IMPRUDENCIA DEL CONDUCTOR,CONDUCCION NO ATENTO CONDICIONES TRANSITO MOMENTO,JUDEA, ,- JUDEA,50, , ,BIDIRECCIONAL,CONCRETO,REGULAR,SECO,DESPEJADO,0,0,0,1,13,131,13119,Metropolitana de Santiago,Santiago,Maipú,Numero,"JUDEA 50, Maipú",-33.539029,-70.772642
-8080137.05419071,-4689180.85446849,1755,2023,1530981,2023/05/12 00:00:00+00,Mayo,12,Viernes,1899/12/30 00:00:00+00,20:35:00,20,REGION ARAUCANIA,PADRE LAS CASAS,COLISION LATERAL,COLISION,RURAL,TRAMO DE VIA RECTA,IMPRUDENCIA DEL CONDUCTOR,CONDUCCION NO ATENTO CONDICIONES TRANSITO MOMENTO, , , ,0,"S-51, S-61",1,BIDIRECCIONAL,ASFALTO,BUENO,SECO,DESPEJADO,0,0,0,1,09,091,09112,La Araucanía,Cautín,Padre Las Casas,Ruta,"S-51, S-61 km 1",-38.772812,-72.585106
-7871776.46732453,-3945015.43859491,1756,2023,1518137,2023/03/20 00:00:00+00,Marzo,20,Lunes,1899/12/30 00:00:00+00,19:20:00,19,REGION METROPOLITANA,QUILICURA,COLISION LATERAL,COLISION,URBANA,TRAMO DE VIA RECTA,IMPRUDENCIA DEL CONDUCTOR,CONDUCCION CAMBIAR SORPRESIVAMENTE PISTA CIRCULACION,AMERICO VESPUCIO, ,- AMERICO VESPUCIO,1670, , ,UNIDIRECCIONAL,ASFALTO,BUENO,SECO,DESPEJADO,0,0,0,0,13,131,13125,Metropolitana de Santiago,Santiago,Quilicura,Numero,"AMERICO VESPUCIO 1670, Quilicura",-33.373725,-70.713371
-7827336.32674613,-3992778.53293201,1757,2023,1567119,2023/10/01 00:00:00+00,Octubre,1,Domingo,1899/12/30 00:00:00+00,15:30:00,15,REGION METROPOLITANA,SAN JOSE DE MAIPO,VOLCADURA,VOLCADURA,URBANA,TRAMO DE VIA RECTA,VELOCIDAD IMPRUDENTE,VELOCIDAD NO RAZONABLE NI PRUDENTE,CAMINO AL VOLCAN, ,- CAMINO AL VOLCAN,31100, , ,BIDIRECCIONAL,ASFALTO,BUENO,SECO,NUBLADO,0,1,0,1,13,132,13203,Metropolitana de Santiago,Cordillera,San José de Maipo,Numero,"CAMINO AL VOLCAN 31100, San José de Maipo",-33.731297,-70.314159
-7838191.31578214,-2714584.5102599,1758,2023,1580978,2023/12/28 00:00:00+00,Diciembre,28,Jueves,1899/12/30 00:00:00+00,12:10:00,12,REGION ANTOFAGASTA,ANTOFAGASTA,VOLCADURA,VOLCADURA,URBANA,TRAMO DE VIA RECTA,VELOCIDAD IMPRUDENTE,VELOCIDAD NO RAZONABLE NI PRUDENTE,ANGAMOS, ,- ANGAMOS,1065, , ,BIDIRECCIONAL,ASFALTO,BUENO,CON ACEITE,DESPEJADO,0,1,0,0,02,021,02101,Antofagasta,Antofagasta,Antofagasta,Numero,"ANGAMOS 1065, Antofagasta",-23.681,-70.411671
-7997657.29956578,-4245870.76585322,1759,2023,1533939,2023/05/13 00:00:00+00,Mayo,13,Sábado,1899/12/30 00:00:00+00,21:30:00,21,REGION MAULE,CONSTITUCION,COLISION POR ALCANCE,COLISION,RURAL,TRAMO DE VIA RECTA,IMPRUDENCIA DEL CONDUCTOR,CONDUCCION NO ATENTO CONDICIONES TRANSITO MOMENTO, , , ,0,L-30-M,14,BIDIRECCIONAL,CONCRETO,BUENO,SECO,DESPEJADO,0,1,0,0,07,071,07102,Maule,Talca,Constitución,Ruta,L-30-M km 14,-35.601096,-71.844178
-7934582.96443907,-3893438.259494,1760,2023,1517715,2023/03/20 00:00:00+00,Marzo,20,Lunes,1899/12/30 00:00:00+00,21:10:00,21,REGION VALPARAISO,QUILLOTA,CHOQUE,CHOQUE,URBANA,TRAMO DE VIA RECTA,VELOCIDAD IMPRUDENTE,VELOCIDAD NO RAZONABLE NI PRUDENTE,ARTURO PRAT, ,- ARTURO PRAT,311, , ,BIDIRECCIONAL CON BANDEJON,ASFALTO,BUENO,SECO,DESPEJADO,1,0,0,0,05,055,05501,Valparaíso,Quillota,Quillota,Numero,"ARTURO PRAT 311, Quillota",-32.985943,-71.277572
-7852988.41139543,-3947226.74517814,1761,2023,1566429,2023/10/01 00:00:00+00,Octubre,1,Domingo,1899/12/30 00:00:00+00,17:20:00,17,REGION METROPOLITANA,LAS CONDES,ATROPELLO,ATROPELLO,URBANA,TRAMO DE VIA RECTA,IMPRUDENCIA DEL PEATON,PEATON CRUZA CALZADA FUERA PASO PEATONES,GILBERTO FUENZALIDA, ,- GILBERTO FUENZALIDA,199, , ,BIDIRECCIONAL,CONCRETO,BUENO,HUMEDO,LLOVIZNA,0,0,0,1,13,131,13114,Metropolitana de Santiago,Santiago,Las Condes,Numero,"GILBERTO FUENZALIDA 199, Las Condes",-33.390312,-70.544595
-7863984.53499995,-3969962.64158804,1762,2023,1581297,2023/12/29 00:00:00+00,Diciembre,29,Viernes,1899/12/30 00:00:00+00,07:50:00,7,REGION METROPOLITANA,LA PINTANA,VOLCADURA,VOLCADURA,URBANA,TRAMO DE VIA RECTA,VELOCIDAD IMPRUDENTE,VELOCIDAD NO RAZONABLE NI PRUDENTE,VIOLETA PARRA, ,- VIOLETA PARRA,1907, , ,BIDIRECCIONAL,ASFALTO,BUENO,SECO,DESPEJADO,0,0,1,0,13,131,13112,Metropolitana de Santiago,Santiago,La Pintana,Numero,"VIOLETA PARRA 1907, La Pintana",-33.560673,-70.643375
-7979826.8556413,-4342578.92532028,1763,2023,1534252,2023/05/13 00:00:00+00,Mayo,13,Sábado,1899/12/30 00:00:00+00,23:50:00,23,REGION MAULE,PARRAL,CHOQUE,CHOQUE,RURAL,TRAMO DE VIA RECTA,VELOCIDAD IMPRUDENTE,VELOCIDAD NO RAZONABLE NI PRUDENTE, , , ,0,L-865,4,BIDIRECCIONAL,ASFALTO,BUENO,SECO,DESPEJADO,0,0,0,1,07,074,07404,Maule,Linares,Parral,Ruta,L-865 km 4,-36.304337,-71.684004
-7964906.72578607,-3886631.67078201,1764,2023,1518960,2023/03/21 00:00:00+00,Marzo,21,Martes,1899/12/30 00:00:00+00,02:00:00,2,REGION VALPARAISO,CONCON,VOLCADURA,VOLCADURA,URBANA,TRAMO DE VIA RECTA,VELOCIDAD IMPRUDENTE,VELOCIDAD NO RAZONABLE NI PRUDENTE,BORGOÑO, ,- BORGOÑO,19300, , ,BIDIRECCIONAL,ASFALTO,BUENO,SECO,DESPEJADO,0,1,0,0,05,051,05103,Valparaíso,Valparaíso,Concón,Numero,"BORGOÑO 19300, Concón",-32.93464,-71.549974
-7874364.33709709,-3992540.61393836,1765,2023,1564270,2023/10/02 00:00:00+00,Octubre,2,Lunes,1899/12/30 00:00:00+00,00:50:00,0,REGION METROPOLITANA,BUIN,CHOQUE FRONTAL,CHOQUE,URBANA,TRAMO DE VIA RECTA,ALCOHOL EN CONDUCTOR,CONDUCCION EN ESTADO DE EBRIEDAD,LATERAL PONIENTE, ,- LATERAL PONIENTE,34000, , ,UNIDIRECCIONAL,ASFALTO,BUENO,SECO,NUBLADO,1,0,0,0,13,134,13402,Metropolitana de Santiago,Maipo,Buin,Numero,"LATERAL PONIENTE 34000, Buin",-33.729519,-70.736618
-8069052.06278955,-4226899.75412463,1766,2023,1532574,2023/05/14 00:00:00+00,Mayo,14,Domingo,1899/12/30 00:00:00+00,16:55:00,16,REGION MAULE,CAUQUENES,COLISION FRONTAL,COLISION,RURAL,TRAMO DE VIA RECTA,IMPRUDENCIA DEL CONDUCTOR,ADELANTAMIENTO SOBREPASANDO LINEA CONTINUA, , , ,0,M-50,82,BIDIRECCIONAL,ASFALTO,BUENO,SECO,DESPEJADO,0,0,0,2,07,072,07201,Maule,Cauquenes,Cauquenes,Ruta,M-50 km 82,-35.46241,-72.485528
-7869116.37228636,-3950642.99025703,1767,2023,1582928,2023/12/29 00:00:00+00,Diciembre,29,Viernes,1899/12/30 00:00:00+00,11:40:00,11,REGION METROPOLITANA,RENCA,CHOQUE LATERAL,CHOQUE,URBANA,TRAMO DE VIA RECTA,IMPRUDENCIA DEL CONDUCTOR,VIRAJES INDEBIDOS,JORGE HIRMAS, ,- JORGE HIRMAS,3139, , ,UNIDIRECCIONAL,ASFALTO,BUENO,SECO,DESPEJADO,0,0,0,0,13,131,13128,Metropolitana de Santiago,Santiago,Renca,Numero,"JORGE HIRMAS 3139, Renca",-33.415932,-70.689475
-8120474.76793173,-5080177.0987424,1768,2023,1517885,2023/03/21 00:00:00+00,Marzo,21,Martes,1899/12/30 00:00:00+00,07:50:00,7,REGION LOS LAGOS,PUERTO MONTT,VOLCADURA,VOLCADURA,URBANA,TRAMO DE VIA RECTA,DEFICIENCIAS VIALES,ANIMALES SUELTOS VIA PUBLICA,NUEVA, ,- NUEVA,293, , ,BIDIRECCIONAL,CONCRETO,BUENO,SECO,DESPEJADO,0,0,0,1,10,101,10101,Los Lagos,Llanquihue,Puerto Montt,Numero,"NUEVA 293, Puerto Montt",-41.458296,-72.947466
-7940445.18214047,-3502457.12574541,1769,2023,1563294,2023/10/02 00:00:00+00,Octubre,2,Lunes,1899/12/30 00:00:00+00,08:00:00,8,REGION COQUIMBO,COQUIMBO,ATROPELLO,ATROPELLO,URBANA,OTROS NO CONSIDERADOS,IMPRUDENCIA DEL CONDUCTOR,"ADELANTAMIENTO EN CRUCE, CURVA, CUESTA, PUENTE",LOS CLARINES, ,- LOS CLARINES,2201, , ,BIDIRECCIONAL,ASFALTO,BUENO,SECO,DESPEJADO,0,0,0,1,04,041,04102,Coquimbo,Elqui,Coquimbo,Numero,"LOS CLARINES 2201, Coquimbo",-29.991499,-71.330233
-7856002.59146992,-3949764.16616169,1770,2023,1521909,2023/03/21 00:00:00+00,Marzo,21,Martes,1899/12/30 00:00:00+00,10:15:00,10,REGION METROPOLITANA,LAS CONDES,COLISION POR ALCANCE,COLISION,URBANA,TRAMO DE VIA RECTA,IMPRUDENCIA DEL CONDUCTOR,CONDUCCION SIN MANTENER DISTANCIA RAZONABLE NI PRUDENTE,APOQUINDO, ,- APOQUINDO,5550, , ,BIDIRECCIONAL CON BANDEJON,ASFALTO,BUENO,SECO,DESPEJADO,0,0,0,1,13,131,13114,Metropolitana de Santiago,Santiago,Las Condes,Numero,"APOQUINDO 5550, Las Condes",-33.409342,-70.571672
-8142139.87018932,-4424351.33958559,1771,2023,1532439,2023/05/14 00:00:00+00,Mayo,14,Domingo,1899/12/30 00:00:00+00,20:10:00,20,REGION BIO BIO,SAN PEDRO DE LA PAZ,COLISION PERPENDICULAR,COLISION,RURAL,CRUCE CON SEMAFORO FUNCIONANDO,ALCOHOL EN CONDUCTOR,CONDUCCION BAJO LA INFLUENCIA DEL ALCOHOL, , , ,0,RUTA 160,11,BIDIRECCIONAL CON BANDEJON,CONCRETO,BUENO,SECO,NUBLADO,0,0,1,0,08,081,08108,Biobío,Concepción,San Pedro de la Paz,Ruta,RUTA 160 km 11,-36.894067,-73.142087
-7954737.43241937,-4056036.94595701,1772,2023,1583833,2023/12/29 00:00:00+00,Diciembre,29,Viernes,1899/12/30 00:00:00+00,14:30:00,14,REGION LIB.B.O'HIGGINS,LAS CABRAS,COLISION,COLISION,RURAL,TRAMO DE VIA RECTA,IMPRUDENCIA DEL CONDUCTOR,CONDUCCION NO ATENTO CONDICIONES TRANSITO MOMENTO,CONDOMINIO RAPELCO, ,- CONDOMINIO RAPELCO,5, , ,BIDIRECCIONAL,TIERRA,REGULAR, ,DESPEJADO,0,0,0,1,06,061,06107,Libertador General Bernardo O'Higgins,Cachapoal,Las Cabras,Numero,"CONDOMINIO RAPELCO 5, Las Cabras",-34.202586,-71.458622
-7919427.35329599,-3984456.60407085,1773,2023,1563729,2023/10/02 00:00:00+00,Octubre,2,Lunes,1899/12/30 00:00:00+00,10:20:00,10,REGION METROPOLITANA,MELIPILLA,VOLCADURA,VOLCADURA,RURAL,TRAMO DE VIA RECTA,FALLAS MECANICAS,FALLAS MECANICAS NEUMATICOS, , , ,0,RUTA 78,"60,5",BIDIRECCIONAL CON BANDEJON,ASFALTO,BUENO,SECO,DESPEJADO,0,0,0,2,13,135,13501,Metropolitana de Santiago,Melipilla,Melipilla,Numero,"RUTA 78 km 60,5",-33.669102,-71.141426
-7875161.78903035,-3954620.52070312,1774,2023,1581084,2023/12/29 00:00:00+00,Diciembre,29,Viernes,1899/12/30 00:00:00+00,15:42:00,15,REGION METROPOLITANA,PUDAHUEL,COLISION POR ALCANCE,COLISION,URBANA,CRUCE CON SEMAFORO FUNCIONANDO,IMPRUDENCIA DEL CONDUCTOR,CONDUCCION NO ATENTO CONDICIONES TRANSITO MOMENTO,SAN PABLO, ,- SAN PABLO,8444, , ,BIDIRECCIONAL,ASFALTO,REGULAR,SECO,DESPEJADO,0,1,0,0,13,131,13124,Metropolitana de Santiago,Santiago,Pudahuel,Numero,"SAN PABLO 8444, Pudahuel",-33.445751,-70.743782
-7862896.98170182,-3949350.31158573,1775,2023,1520900,2023/03/21 00:00:00+00,Marzo,21,Martes,1899/12/30 00:00:00+00,10:23:00,10,REGION METROPOLITANA,RECOLETA,COLISION LATERAL,COLISION,URBANA,TRAMO DE VIA RECTA,IMPRUDENCIA DEL CONDUCTOR,VIRAJES INDEBIDOS,PERU, ,- PERU,3685, , ,BIDIRECCIONAL,ASFALTO,BUENO,SECO,DESPEJADO,0,0,1,0,13,131,13127,Metropolitana de Santiago,Santiago,Recoleta,Numero,"PERU 3685, Recoleta",-33.406239,-70.633605
-7913152.95353943,-4086621.45772972,1776,2023,1531016,2023/05/14 00:00:00+00,Mayo,14,Domingo,1899/12/30 00:00:00+00,22:00:00,22,REGION LIB.B.O'HIGGINS,SAN VICENTE,VOLCADURA,VOLCADURA,RURAL,TRAMO DE VIA RECTA,IMPRUDENCIA DEL CONDUCTOR,CONDUCCION NO ATENTO CONDICIONES TRANSITO MOMENTO, , , ,0,RUTA 66,18,BIDIRECCIONAL,ASFALTO,BUENO,SECO,DESPEJADO,0,1,0,0,06,061,06117,Libertador General Bernardo O'Higgins,Cachapoal,San Vicente,Ruta,RUTA 66 km 18,-34.429509,-71.085062
-8165786.92322908,-4504699.91785713,1777,2023,1563191,2023/10/02 00:00:00+00,Octubre,2,Lunes,1899/12/30 00:00:00+00,15:00:00,15,REGION BIO BIO,CURANILAHUE,COLISION LATERAL,COLISION,URBANA,TRAMO DE VIA RECTA,IMPRUDENCIA DEL CONDUCTOR,ADELANTAMIENTO SOBREPASANDO LINEA CONTINUA,BERNARDO O'HIGGINS, ,- BERNARDO O'HIGGINS,823, , ,BIDIRECCIONAL,CONCRETO,BUENO,SECO,NUBLADO,0,0,0,0,08,082,08205,Biobío,Arauco,Curanilahue,Numero,"BERNARDO O'HIGGINS 823, Curanilahue",-37.469124,-73.354512
-7834483.71068082,-2703601.27613663,1778,2023,1582377,2023/12/29 00:00:00+00,Diciembre,29,Viernes,1899/12/30 00:00:00+00,16:00:00,16,REGION ANTOFAGASTA,ANTOFAGASTA,CHOQUE FRENTE/POSTERIOR,CHOQUE,URBANA,TRAMO DE VIA RECTA,OTRAS CAUSAS,HECHO DELICTUAL,CLOROMIRO ROZAS, ,- CLOROMIRO ROZAS,1115, , ,BIDIRECCIONAL,ASFALTO,BUENO,SECO,DESPEJADO,0,0,0,1,02,021,02101,Antofagasta,Antofagasta,Antofagasta,Numero,"CLOROMIRO ROZAS 1115, Antofagasta",-23.590613,-70.378365
-7869082.12959836,-3944201.1162449,1779,2023,1520158,2023/03/21 00:00:00+00,Marzo,21,Martes,1899/12/30 00:00:00+00,14:20:00,14,REGION METROPOLITANA,CONCHALI,COLISION,COLISION,URBANA,OTROS NO CONSIDERADOS,IMPRUDENCIA DEL CONDUCTOR,CONDUCCION NO ATENTO CONDICIONES TRANSITO MOMENTO,INDEPENDENCIA, ,- INDEPENDENCIA,0, , ,UNIDIRECCIONAL,CONCRETO,BUENO,SECO,DESPEJADO,0,0,0,0,13,131,13104,Metropolitana de Santiago,Santiago,Conchalí,Numero,"INDEPENDENCIA 0, Conchalí",-33.367616,-70.689167
-8060362.41274351,-4443088.96959832,1780,2023,1564035,2023/10/03 00:00:00+00,Octubre,3,Martes,1899/12/30 00:00:00+00,11:50:00,11,REGION BIO BIO,CABRERO,COLISION,COLISION,URBANA,TRAMO DE VIA RECTA,IMPRUDENCIA DEL CONDUCTOR,CONDUCCION NO ATENTO CONDICIONES TRANSITO MOMENTO,O'HIGGINS, ,- O'HIGGINS,46, , ,BIDIRECCIONAL,ASFALTO,BUENO,SECO,DESPEJADO,0,0,0,1,08,083,08303,Biobío,Biobío,Cabrero,Numero,"O'HIGGINS 46, Cabrero",-37.028564,-72.407468
-7986004.1946648,-4322449.2156558,1781,2023,1531099,2023/05/15 00:00:00+00,Mayo,15,Lunes,1899/12/30 00:00:00+00,11:35:00,11,REGION MAULE,RETIRO,COLISION,COLISION,RURAL,TRAMO DE VIA RECTA,IMPRUDENCIA DEL CONDUCTOR,ADELANTAMIENTO SIN EL ESPACIO O TIEMPO SUFICIENTE, , , ,0,L-75,8,BIDIRECCIONAL,ASFALTO,BUENO,SECO,DESPEJADO,1,0,0,0,07,074,07405,Maule,Linares,Retiro,Ruta,L-75 km 8,-36.158475,-71.739496
-7932965.79295632,-3998084.29620499,1782,2023,1581295,2023/12/29 00:00:00+00,Diciembre,29,Viernes,1899/12/30 00:00:00+00,16:05:00,16,REGION METROPOLITANA,MELIPILLA,COLISION LATERAL,COLISION,RURAL,TRAMO DE VIA RECTA,IMPRUDENCIA DEL CONDUCTOR,ADELANTAMIENTO SIN EL ESPACIO O TIEMPO SUFICIENTE, , , ,0,G-668,31,BIDIRECCIONAL,ASFALTO,BUENO,SECO,DESPEJADO,0,0,1,0,13,135,13501,Metropolitana de Santiago,Melipilla,Melipilla,Numero,G-668 km 31,-33.770926,-71.263044
-7862025.33164327,-3876062.0455399,1783,2023,1517978,2023/03/21 00:00:00+00,Marzo,21,Martes,1899/12/30 00:00:00+00,16:15:00,16,REGION VALPARAISO,CALLE LARGA,COLISION FRONTAL,COLISION,RURAL,TRAMO DE VIA RECTA,VELOCIDAD IMPRUDENTE,VELOCIDAD EXCESO EN ZONA RESTRINGIDA,PATAGUAL II, ,- PATAGUAL II,18, , ,BIDIRECCIONAL,ASFALTO,BUENO,SECO,DESPEJADO,0,1,0,0,05,053,05302,Valparaíso,Los Andes,Calle Larga,Numero,"PATAGUAL II 18, Calle Larga",-32.854914,-70.625775
-7858303.9013625,-3965389.5855315,1784,2023,1585523,2023/12/29 00:00:00+00,Diciembre,29,Viernes,1899/12/30 00:00:00+00,16:50:00,16,REGION METROPOLITANA,LA FLORIDA,COLISION,COLISION,URBANA,TRAMO DE VIA RECTA,IMPRUDENCIA DEL CONDUCTOR,ADELANTAMIENTO SIN EFECTUAR LA SEÑAL RESPECTIVA,VICENTE VALDES, ,- VICENTE VALDES,395, , ,BIDIRECCIONAL,ASFALTO,BUENO,SECO,DESPEJADO,0,0,0,1,13,131,13110,Metropolitana de Santiago,Santiago,La Florida,Numero,"VICENTE VALDES 395, La Florida",-33.526434,-70.592345
-7936632.87351059,-4176471.87796119,1785,2023,1531447,2023/05/16 00:00:00+00,Mayo,16,Martes,1899/12/30 00:00:00+00,15:15:00,15,REGION MAULE,MOLINA,COLISION PERPENDICULAR,COLISION,RURAL,TRAMO DE VIA RECTA,DESOBEDIENCIA A SEÑALIZACION,SEÑALIZACION DESOBEDECER SEÑAL PARE, , , ,0,K-145,"7,1",BIDIRECCIONAL,ASFALTO,BUENO,SECO,DESPEJADO,0,0,0,1,07,073,07304,Maule,Curicó,Molina,Ruta,"K-145 km 7,1",-35.092597,-71.295986
-7875265.26586264,-3939780.77888834,1786,2023,1563061,2023/10/03 00:00:00+00,Octubre,3,Martes,1899/12/30 00:00:00+00,16:40:00,16,REGION METROPOLITANA,QUILICURA,COLISION POR ALCANCE,COLISION,URBANA,TRAMO DE VIA RECTA,IMPRUDENCIA DEL CONDUCTOR,CONDUCCION SIN MANTENER DISTANCIA RAZONABLE NI PRUDENTE,STA LUISA, ,- STA LUISA,2811, , ,BIDIRECCIONAL,ASFALTO,BUENO,SECO,DESPEJADO,0,0,0,1,13,131,13125,Metropolitana de Santiago,Santiago,Quilicura,Numero,"STA LUISA 2811, Quilicura",-33.334447,-70.744712
-7871542.68106517,-3961835.12043487,1787,2023,1518451,2023/03/21 00:00:00+00,Marzo,21,Martes,1899/12/30 00:00:00+00,18:00:00,18,REGION METROPOLITANA,CERRILLOS,COLISION PERPENDICULAR,COLISION,URBANA,TRAMO DE VIA RECTA,IMPRUDENCIA DEL CONDUCTOR,VIRAJES INDEBIDOS,LO ERRAZURIZ, ,- LO ERRAZURIZ,135, , ,BIDIRECCIONAL CON BANDEJON,ASFALTO,BUENO,SECO,DESPEJADO,0,0,0,1,13,131,13102,Metropolitana de Santiago,Santiago,Cerrillos,Numero,"LO ERRAZURIZ 135, Cerrillos",-33.499812,-70.711271
-7672189.91400686,-2565355.33605031,1788,2023,1581029,2023/12/29 00:00:00+00,Diciembre,29,Viernes,1899/12/30 00:00:00+00,22:00:00,22,REGION ANTOFAGASTA,CALAMA,VOLCADURA,VOLCADURA,URBANA,TRAMO DE VIA RECTA,IMPRUDENCIA DEL CONDUCTOR,CONDUCCION NO ATENTO CONDICIONES TRANSITO MOMENTO,BALMACEDA, ,- BALMACEDA,3242, , ,BIDIRECCIONAL,ASFALTO,BUENO,SECO,DESPEJADO,0,1,0,0,02,022,02201,Antofagasta,El Loa,Calama,Numero,"BALMACEDA 3242, Calama",-22.44764,-68.920455
-7973322.57924381,-4243521.98367081,1789,2023,1532979,2023/05/19 00:00:00+00,Mayo,19,Viernes,1899/12/30 00:00:00+00,18:00:00,18,REGION MAULE,LINARES,COLISION FRONTAL,COLISION,RURAL,TRAMO DE VIA RECTA,IMPRUDENCIA DEL CONDUCTOR,CONDUCCION SIN MANTENER DISTANCIA RAZONABLE NI PRUDENTE, , , ,0,L-11,"6,8",BIDIRECCIONAL,ASFALTO,BUENO,SECO,DESPEJADO,0,1,0,0,07,074,07401,Maule,Linares,Linares,Ruta,"L-11 km 6,8",-35.583939,-71.625575
-7869662.94611036,-3952746.62997678,1790,2023,1531704,2023/03/21 00:00:00+00,Marzo,21,Martes,1899/12/30 00:00:00+00,18:00:00,18,REGION METROPOLITANA,QUINTA NORMAL,COLISION FRONTAL,COLISION,URBANA,TRAMO DE VIA RECTA,IMPRUDENCIA DEL CONDUCTOR,CONDUCCION NO ATENTO CONDICIONES TRANSITO MOMENTO,JOSE JOAQUIN PEREZ, ,- JOSE JOAQUIN PEREZ,4357, , ,BIDIRECCIONAL,MIXTO,REGULAR,SECO,DESPEJADO,0,1,0,0,13,131,13126,Metropolitana de Santiago,Santiago,Quinta Normal,Numero,"JOSE JOAQUIN PEREZ 4357, Quinta Normal",-33.431704,-70.694385
-7875233.67746545,-3993790.72803134,1791,2023,1564650,2023/10/04 00:00:00+00,Octubre,4,Miércoles,1899/12/30 00:00:00+00,08:00:00,8,REGION METROPOLITANA,BUIN,COLISION FRONTAL,COLISION,URBANA,TRAMO DE VIA RECTA,IMPRUDENCIA DEL CONDUCTOR,CONDUCCION NO ATENTO CONDICIONES TRANSITO MOMENTO,KENNEDY, ,- KENNEDY,905, , ,BIDIRECCIONAL,ASFALTO,BUENO,SECO,DESPEJADO,0,1,0,0,13,134,13402,Metropolitana de Santiago,Maipo,Buin,Numero,"KENNEDY 905, Buin",-33.738858,-70.744428
-7856071.00881858,-3947221.51389968,1792,2023,1582140,2023/12/30 00:00:00+00,Diciembre,30,Sábado,1899/12/30 00:00:00+00,06:00:00,6,REGION METROPOLITANA,VITACURA,COLISION FRONTAL,COLISION,URBANA,TRAMO DE VIA RECTA,IMPRUDENCIA DEL CONDUCTOR,CONDUCCION NO ATENTO CONDICIONES TRANSITO MOMENTO,VITACURA, ,- VITACURA,0, , ,BIDIRECCIONAL,ASFALTO,BUENO,SECO,DESPEJADO,0,1,0,0,13,131,13132,Metropolitana de Santiago,Santiago,Vitacura,Numero,"VITACURA 0, Vitacura",-33.390273,-70.572287