X,Y,FID,Año,IdAccident,Fecha,Mes,Dia_mes,Dia_semana,Hora,Hora_texto,Hora_aprox,Región,Comuna,Tipo_Accid,Tipo__CONA,Zona,Ubicación,Causa__CON,Causa_Acci,Calle_Uno,Calle_Dos,Intersecci,Número,Ruta,Ubicaci_1,Calzada,Tipo_Calza,Estado_Cal,Condición,Estado_Atm,Fallecidos,Graves,Menos_Grav,Leves,CUT_REG,CUT_PROV,CUT_COM,REGION,PROVINCIA,COMUNA1,Tipo_direc,Direccion,Lat,Lon
-7870674.32479451,-4026149.68926978,1793,2023,1538029,2023/05/20 00:00:00+00,Mayo,20,Sábado,1899/12/30 00:00:00+00,13:30:00,13,REGION LIB.B.O'HIGGINS,MOSTAZAL,COLISION,COLISION,RURAL,TRAMO DE VIA RECTA,IMPRUDENCIA DEL CONDUCTOR,CONDUCCION SIN MANTENER DISTANCIA RAZONABLE NI PRUDENTE, , , ,0,RUTA 5 SUR,63,UNIDIRECCIONAL,ASFALTO,BUENO,SECO,DESPEJADO,0,1,0,0,06,061,06110,Libertador General Bernardo O'Higgins,Cachapoal,Mostazal,Ruta,RUTA 5 SUR km 63,-33.980245,-70.70347
-8138564.65477578,-4409414.40774047,1794,2023,1517933,2023/03/21 00:00:00+00,Marzo,21,Martes,1899/12/30 00:00:00+00,18:15:00,18,REGION BIO BIO,HUALPEN,COLISION,COLISION,URBANA,TRAMO DE VIA RECTA,IMPRUDENCIA DEL CONDUCTOR,CONDUCCION CAMBIAR SORPRESIVAMENTE PISTA CIRCULACION,LAS GOLONDRINAS, ,- LAS GOLONDRINAS,975, , ,BIDIRECCIONAL CON BANDEJON,CONCRETO,BUENO,SECO,DESPEJADO,0,0,1,0,08,081,08112,Biobío,Concepción,Hualpén,Numero,"LAS GOLONDRINAS 975, Hualpén",-36.786681,-73.10997
-7932199.24686479,-3896111.91972792,1795,2023,1563470,2023/10/04 00:00:00+00,Octubre,4,Miércoles,1899/12/30 00:00:00+00,09:40:00,9,REGION VALPARAISO,LIMACHE,CHOQUE POSTERIOR/LADO,CHOQUE,URBANA,TRAMO DE VIA RECTA,IMPRUDENCIA DEL CONDUCTOR,CONDUCCION NO ATENTO CONDICIONES TRANSITO MOMENTO,REPUBLICA, ,- REPUBLICA,1204, , ,BIDIRECCIONAL,ASFALTO,BUENO,SECO,DESPEJADO,0,0,0,0,05,058,05802,Valparaíso,Marga Marga,Limache,Numero,"REPUBLICA 1204, Limache",-33.006087,-71.256158
-8066327.94716638,-4506254.57684319,1796,2023,1532817,2023/05/20 00:00:00+00,Mayo,20,Sábado,1899/12/30 00:00:00+00,15:40:00,15,REGION BIO BIO,LOS ANGELES,COLISION FRONTAL,COLISION,RURAL,TRAMO DE VIA RECTA,IMPRUDENCIA DEL CONDUCTOR,CONDUCCION NO ATENTO CONDICIONES TRANSITO MOMENTO, , , ,0,RUTA 180,5,BIDIRECCIONAL,ASFALTO,BUENO,SECO,DESPEJADO,0,1,0,1,08,083,08301,Biobío,Biobío,Los Angeles,Ruta,RUTA 180 km 5,-37.480208,-72.461057
-8080213.00873719,-4683767.00866618,1797,2023,1581387,2023/12/30 00:00:00+00,Diciembre,30,Sábado,1899/12/30 00:00:00+00,11:50:00,11,REGION ARAUCANIA,TEMUCO,COLISION LATERAL,COLISION,URBANA,TRAMO DE VIA RECTA,IMPRUDENCIA DEL CONDUCTOR,CONDUCCION SIN MANTENER DISTANCIA RAZONABLE NI PRUDENTE,MIRAFLORES, ,- MIRAFLORES,1096, , ,UNIDIRECCIONAL,CONCRETO,BUENO,SECO,DESPEJADO,0,0,0,1,09,091,09101,La Araucanía,Cautín,Temuco,Numero,"MIRAFLORES 1096, Temuco",-38.734885,-72.585788
-7881320.24911425,-3963305.82062709,1798,2023,1519831,2023/03/21 00:00:00+00,Marzo,21,Martes,1899/12/30 00:00:00+00,19:30:00,19,REGION METROPOLITANA,MAIPU,COLISION POR ALCANCE,COLISION,RURAL,TRAMO DE VIA RECTA,IMPRUDENCIA DEL CONDUCTOR,CONDUCCION CAMBIAR SORPRESIVAMENTE PISTA CIRCULACION, , , ,0,RUTA 78,15,BIDIRECCIONAL CON BANDEJON,ASFALTO,BUENO,SECO,DESPEJADO,0,0,0,1,13,131,13119,Metropolitana de Santiago,Santiago,Maipú,Numero,RUTA 78 km 15,-33.510828,-70.799104
-8172659.51513432,-5035298.21997637,1799,2023,1564987,2023/10/04 00:00:00+00,Octubre,4,Miércoles,1899/12/30 00:00:00+00,15:10:00,15,REGION LOS LAGOS,FRESIA,CHOQUE FRONTAL,CHOQUE,URBANA,TRAMO DE VIA RECTA,VELOCIDAD IMPRUDENTE,VELOCIDAD NO RAZONABLE NI PRUDENTE,O'HIGGINS, ,- O'HIGGINS,457, , ,BIDIRECCIONAL,ASFALTO,BUENO,SECO,DESPEJADO,0,0,1,0,10,101,10104,Los Lagos,Llanquihue,Fresia,Numero,"O'HIGGINS 457, Fresia",-41.155454,-73.41625
-7932020.90016088,-3488922.40721834,1800,2023,1532396,2023/05/22 00:00:00+00,Mayo,22,Lunes,1899/12/30 00:00:00+00,08:50:00,8,REGION COQUIMBO,LA SERENA,COLISION LATERAL,COLISION,RURAL,TRAMO DE VIA RECTA,IMPRUDENCIA DEL CONDUCTOR,CONDUCCION CAMBIAR SORPRESIVAMENTE PISTA CIRCULACION, , , ,0,RUTA 5 NORTE,472,BIDIRECCIONAL CON BANDEJON,ASFALTO,BUENO,SECO,NUBLADO,0,1,0,0,04,041,04101,Coquimbo,Elqui,La Serena,Ruta,RUTA 5 NORTE km 472,-29.886139,-71.254556
-7874773.2943268,-3992980.58870963,1801,2023,1584275,2023/12/30 00:00:00+00,Diciembre,30,Sábado,1899/12/30 00:00:00+00,14:18:00,14,REGION METROPOLITANA,BUIN,CHOQUE FRENTE/LADO,CHOQUE,URBANA,TRAMO DE VIA RECTA,IMPRUDENCIA DEL CONDUCTOR,CONDUCCION NO ATENTO CONDICIONES TRANSITO MOMENTO,JOSE MANUEL BALMACEDA, ,- JOSE MANUEL BALMACEDA,310, , ,UNIDIRECCIONAL,ASFALTO,BUENO,SECO,DESPEJADO,0,0,0,0,13,134,13402,Metropolitana de Santiago,Maipo,Buin,Numero,"JOSE MANUEL BALMACEDA 310, Buin",-33.732806,-70.740292
-7995395.46816213,-4321386.23709254,1802,2023,1520415,2023/03/21 00:00:00+00,Marzo,21,Martes,1899/12/30 00:00:00+00,20:00:00,20,REGION MAULE,PARRAL,CHOQUE POSTERIOR/FRENTE,CHOQUE,URBANA,TRAMO DE VIA RECTA,IMPRUDENCIA DEL CONDUCTOR,CONDUCCION NO ATENTO CONDICIONES TRANSITO MOMENTO,PASAJE A, ,- PASAJE A,6, , ,BIDIRECCIONAL,ASFALTO,BUENO,SECO,DESPEJADO,0,0,0,0,07,074,07404,Maule,Linares,Parral,Numero,"PASAJE A 6, Parral",-36.150765,-71.82386
-7959946.93916241,-3884926.27745157,1803,2023,1532731,2023/05/23 00:00:00+00,Mayo,23,Martes,1899/12/30 00:00:00+00,08:00:00,8,REGION VALPARAISO,CONCON,CHOQUE FRONTAL,CHOQUE,RURAL,TRAMO DE VIA RECTA,VELOCIDAD IMPRUDENTE,VELOCIDAD NO RAZONABLE NI PRUDENTE, , , ,0,F-32,"3,4",BIDIRECCIONAL,ASFALTO,BUENO,HUMEDO,NUBLADO,1,0,0,0,05,051,05103,Valparaíso,Valparaíso,Concón,Ruta,"F-32 km 3,4",-32.921781,-71.50542
-7861821.11056049,-3952243.45861406,1804,2023,1582889,2023/12/30 00:00:00+00,Diciembre,30,Sábado,1899/12/30 00:00:00+00,14:20:00,14,REGION METROPOLITANA,RENCA,CHOQUE,CHOQUE,RURAL,TRAMO DE VIA RECTA,IMPRUDENCIA DEL CONDUCTOR,CONDUCCION NO ATENTO CONDICIONES TRANSITO MOMENTO, , , ,0,"G-11, G-13","20,4",BIDIRECCIONAL CON BANDEJON,ASFALTO,BUENO,SECO,DESPEJADO,0,1,0,0,13,131,13128,Metropolitana de Santiago,Santiago,Renca,Numero,"G-11, G-13 km 20,4",-33.427932,-70.623941
-8092345.16209433,-4549608.33255156,1805,2023,1563680,2023/10/04 00:00:00+00,Octubre,4,Miércoles,1899/12/30 00:00:00+00,23:30:00,23,REGION ARAUCANIA,ANGOL,CHOQUE LADO/LADO,CHOQUE,URBANA,TRAMO DE VIA RECTA,ALCOHOL EN CONDUCTOR,CONDUCCION EN ESTADO DE EBRIEDAD,ESTERO LAS DIUCAS, ,- ESTERO LAS DIUCAS,1124, , ,BIDIRECCIONAL,CONCRETO,REGULAR,HUMEDO,NUBLADO,0,0,0,0,09,092,09201,La Araucanía,Malleco,Angol,Numero,"ESTERO LAS DIUCAS 1124, Angol",-37.788624,-72.694773
-7874708.25521299,-3942608.48263694,1806,2023,1518814,2023/03/22 00:00:00+00,Marzo,22,Miércoles,1899/12/30 00:00:00+00,07:30:00,7,REGION METROPOLITANA,QUILICURA,ATROPELLO,ATROPELLO,URBANA,CRUCE CON SEÑAL CEDA EL PASO,IMPRUDENCIA DEL PEATON,PEATON CRUZA CALZADA FUERA PASO PEATONES,RIGOBERTO JARA, ,- RIGOBERTO JARA,51, , ,UNIDIRECCIONAL,ASFALTO,BUENO,SECO,DESPEJADO,0,0,0,2,13,131,13125,Metropolitana de Santiago,Santiago,Quilicura,Numero,"RIGOBERTO JARA 51, Quilicura",-33.355667,-70.739708
-8155506.81974731,-5072368.80131453,1807,2023,1533159,2023/05/23 00:00:00+00,Mayo,23,Martes,1899/12/30 00:00:00+00,15:20:00,15,REGION LOS LAGOS,LOS MUERMOS,COLISION FRONTAL,COLISION,RURAL,TRAMO DE VIA RECTA,DEFICIENCIAS VIALES,ANIMALES SUELTOS VIA PUBLICA, , , ,0,V-60,15,BIDIRECCIONAL,ASFALTO,BUENO,SECO,NUBLADO,0,0,0,1,10,101,10106,Los Lagos,Llanquihue,Los Muermos,Ruta,V-60 km 15,-41.405707,-73.262164
-7954862.53407576,-4014852.21267081,1808,2023,1581307,2023/12/30 00:00:00+00,Diciembre,30,Sábado,1899/12/30 00:00:00+00,21:30:00,21,REGION METROPOLITANA,SAN PEDRO,CHOQUE FRONTAL,CHOQUE,RURAL,TRAMO DE VIA RECTA,ALCOHOL EN CONDUCTOR,CONDUCCION EN ESTADO DE EBRIEDAD, , , ,0,RUTA 66,99,BIDIRECCIONAL,ASFALTO,BUENO,SECO,DESPEJADO,0,0,1,0,13,135,13505,Metropolitana de Santiago,Melipilla,San Pedro,Numero,RUTA 66 km 99,-33.896047,-71.459746
-7922250.02870275,-4081591.94561752,1809,2023,1568853,2023/10/04 00:00:00+00,Octubre,4,Miércoles,1899/12/30 00:00:00+00,23:30:00,23,REGION LIB.B.O'HIGGINS,PEUMO,VOLCADURA,VOLCADURA,URBANA,TRAMO DE VIA RECTA,ALCOHOL EN CONDUCTOR,CONDUCCION BAJO LA INFLUENCIA DEL ALCOHOL,ARBOLEDA, ,- ARBOLEDA,696, , ,BIDIRECCIONAL,ASFALTO,BUENO,SECO,DESPEJADO,0,1,0,0,06,061,06112,Libertador General Bernardo O'Higgins,Cachapoal,Peumo,Numero,"ARBOLEDA 696, Peumo",-34.392235,-71.166783
-7856071.39373912,-3954191.29467255,1810,2023,1518482,2023/03/22 00:00:00+00,Marzo,22,Miércoles,1899/12/30 00:00:00+00,09:00:00,9,REGION METROPOLITANA,LA REINA,VOLCADURA,VOLCADURA,URBANA,TRAMO DE VIA RECTA,IMPRUDENCIA DEL CONDUCTOR,VIRAJES INDEBIDOS,OSSA, ,- OSSA,1157, , ,BIDIRECCIONAL,CONCRETO,BUENO,SECO,DESPEJADO,0,0,0,1,13,131,13113,Metropolitana de Santiago,Santiago,La Reina,Numero,"OSSA 1157, La Reina",-33.442534,-70.57229
-7951121.04900986,-3581172.77717717,1811,2023,1534159,2023/05/24 00:00:00+00,Mayo,24,Miércoles,1899/12/30 00:00:00+00,07:50:00,7,REGION COQUIMBO,OVALLE,IMPACTO CON ANIMAL,OTRO TIPO,RURAL,TRAMO DE VIA RECTA,DEFICIENCIAS VIALES,ANIMALES SUELTOS VIA PUBLICA, , , ,0,D-535,7,BIDIRECCIONAL,ASFALTO,BUENO,SECO,DESPEJADO,0,0,0,1,04,043,04301,Coquimbo,Limarí,Ovalle,Ruta,D-535 km 7,-30.602034,-71.426136
-8088218.82716991,-4509362.72069838,1812,2023,1581324,2023/12/31 00:00:00+00,Diciembre,31,Domingo,1899/12/30 00:00:00+00,03:30:00,3,REGION BIO BIO,NACIMIENTO,COLISION,COLISION,RURAL,TRAMO DE VIA RECTA,ALCOHOL EN CONDUCTOR,CONDUCCION EN ESTADO DE EBRIEDAD,CAMINO VECINAL TRONGOL, ,- CAMINO VECINAL TRONGOL,27, , ,BIDIRECCIONAL,RIPIO,REGULAR, ,DESPEJADO,0,1,0,0,08,083,08306,Biobío,Biobío,Nacimiento,Numero,"CAMINO VECINAL TRONGOL 27, Nacimiento",-37.502361,-72.657706
-7969732.22142956,-4279957.758883,1813,2023,1566010,2023/10/05 00:00:00+00,Octubre,5,Jueves,1899/12/30 00:00:00+00,12:00:00,12,REGION MAULE,LINARES,VOLCADURA,VOLCADURA,URBANA,TRAMO DE VIA RECTA,VELOCIDAD IMPRUDENTE,VELOCIDAD NO RAZONABLE NI PRUDENTE,VALENTIN LETELIER, ,- VALENTIN LETELIER,740, , ,BIDIRECCIONAL,ASFALTO,BUENO,SECO,DESPEJADO,0,1,0,0,07,074,07401,Maule,Linares,Linares,Numero,"VALENTIN LETELIER 740, Linares",-35.849684,-71.593323
-7856652.6401002,-3974439.27958624,1814,2023,1521298,2023/03/22 00:00:00+00,Marzo,22,Miércoles,1899/12/30 00:00:00+00,09:00:00,9,REGION METROPOLITANA,PUENTE ALTO,COLISION LATERAL,COLISION,URBANA,TRAMO DE VIA RECTA,IMPRUDENCIA DEL CONDUCTOR,CONDUCCION NO ATENTO CONDICIONES TRANSITO MOMENTO,LAS NIEVES ORIENTE, ,- LAS NIEVES ORIENTE,111, , ,BIDIRECCIONAL,CONCRETO,BUENO,SECO,DESPEJADO,0,0,0,1,13,132,13201,Metropolitana de Santiago,Cordillera,Puente Alto,Numero,"LAS NIEVES ORIENTE 111, Puente Alto",-33.594177,-70.577511
-7939331.73716443,-3470012.13639735,1815,2023,1500885,2023/01/01 00:00:00+00,Enero,1,Domingo,1899/12/30 00:00:00+00,07:30:00,7,REGION COQUIMBO,LA SERENA,VOLCADURA,VOLCADURA,RURAL,TRAMO DE VIA RECTA,IMPRUDENCIA DEL CONDUCTOR,CONDUCCION NO ATENTO CONDICIONES TRANSITO MOMENTO, , , ,0,RUTA 5 NORTE,491,BIDIRECCIONAL CON BANDEJON,ASFALTO,BUENO,SECO,DESPEJADO,0,0,0,1,04,041,04101,Coquimbo,Elqui,La Serena,Ruta,RUTA 5 NORTE km 491,-29.738746,-71.32023
-7932069.66152648,-3488696.13698505,1816,2023,1533366,2023/05/24 00:00:00+00,Mayo,24,Miércoles,1899/12/30 00:00:00+00,14:30:00,14,REGION COQUIMBO,LA SERENA,COLISION LATERAL,COLISION,RURAL,TRAMO DE VIA RECTA,IMPRUDENCIA DEL CONDUCTOR,CONDUCCION SIN MANTENER DISTANCIA RAZONABLE NI PRUDENTE, , , ,0,RUTA 5 NORTE,"472,2",BIDIRECCIONAL CON BANDEJON,ASFALTO,BUENO,SECO,DESPEJADO,0,0,0,1,04,041,04101,Coquimbo,Elqui,La Serena,Ruta,"RUTA 5 NORTE km 472,2",-29.884376,-71.254994
-7931210.44888294,-3494503.44972028,1817,2023,1565944,2023/10/05 00:00:00+00,Octubre,5,Jueves,1899/12/30 00:00:00+00,15:20:00,15,REGION COQUIMBO,LA SERENA,COLISION LATERAL,COLISION,URBANA,TRAMO DE VIA RECTA,VELOCIDAD IMPRUDENTE,VELOCIDAD NO RAZONABLE NI PRUDENTE,BARTOLOME BLANCHE, ,- BARTOLOME BLANCHE,2698, , ,BIDIRECCIONAL CON BANDEJON,ASFALTO,BUENO,SECO,DESPEJADO,0,0,0,1,04,041,04101,Coquimbo,Elqui,La Serena,Numero,"BARTOLOME BLANCHE 2698, La Serena",-29.929597,-71.247276
-8075551.88726456,-4458453.98683605,1818,2023,1519028,2023/03/22 00:00:00+00,Marzo,22,Miércoles,1899/12/30 00:00:00+00,16:30:00,16,REGION BIO BIO,YUMBEL,COLISION,COLISION,URBANA,TRAMO DE VIA RECTA,IMPRUDENCIA DEL CONDUCTOR,CONDUCCION NO ATENTO CONDICIONES TRANSITO MOMENTO,JOSE TOULET, ,- JOSE TOULET,859, , ,BIDIRECCIONAL,CONCRETO,BUENO,SECO,DESPEJADO,0,1,1,0,08,083,08313,Biobío,Biobío,Yumbel,Numero,"JOSE TOULET 859, Yumbel",-37.138675,-72.543917
-8123652.51489927,-4398322.86806151,1819,2023,1505213,2023/01/01 00:00:00+00,Enero,1,Domingo,1899/12/30 00:00:00+00,09:30:00,9,REGION BIO BIO,CONCEPCION,CHOQUE FRENTE/POSTERIOR,CHOQUE,RURAL,TRAMO DE VIA RECTA,IMPRUDENCIA DEL CONDUCTOR,CONDUCCION NO ATENTO CONDICIONES TRANSITO MOMENTO, , , ,0,RUTA 150,13,BIDIRECCIONAL,ASFALTO,BUENO,SECO,DESPEJADO,0,0,0,2,08,081,08101,Biobío,Concepción,Concepción,Ruta,RUTA 150 km 13,-36.706843,-72.976012
-7841174.17123097,-2720759.97390961,1820,2023,1565074,2023/10/05 00:00:00+00,Octubre,5,Jueves,1899/12/30 00:00:00+00,17:30:00,17,REGION ANTOFAGASTA,ANTOFAGASTA,VOLCADURA,VOLCADURA,URBANA,TRAMO DE VIA RECTA,FALLAS MECANICAS,FALLAS MECANICAS FRENOS,JAIME GUZMAN ERRAZURIZ, ,- JAIME GUZMAN ERRAZURIZ,6040, , ,BIDIRECCIONAL,ASFALTO,BUENO,SECO,DESPEJADO,0,1,0,0,02,021,02101,Antofagasta,Antofagasta,Antofagasta,Numero,"JAIME GUZMAN ERRAZURIZ 6040, Antofagasta",-23.731794,-70.438466
-7870982.39948153,-3966078.98841601,1821,2023,1519957,2023/03/22 00:00:00+00,Marzo,22,Miércoles,1899/12/30 00:00:00+00,18:00:00,18,REGION METROPOLITANA,SANTIAGO,COLISION POR ALCANCE,COLISION,RURAL,TRAMO DE VIA RECTA,IMPRUDENCIA DEL CONDUCTOR,CONDUCCION NO ATENTO CONDICIONES TRANSITO MOMENTO, , , ,0,RUTA 74,3,BIDIRECCIONAL CON BANDEJON,ASFALTO,BUENO,SECO,DESPEJADO,0,1,0,0,13,131,13101,Metropolitana de Santiago,Santiago,Santiago,Numero,RUTA 74 km 3,-33.531597,-70.706238
-7998894.73006446,-4417405.80654595,1822,2023,1500960,2023/01/01 00:00:00+00,Enero,1,Domingo,1899/12/30 00:00:00+00,14:30:00,14,REGION ÑUBLE,EL CARMEN,COLISION FRONTAL,COLISION,RURAL,TRAMO DE VIA RECTA,IMPRUDENCIA DEL CONDUCTOR,CONDUCCION CONTRA SENTIDO DEL TRANSITO, , , ,0,N-675,"1,5",BIDIRECCIONAL,RIPIO,MALO, ,DESPEJADO,0,0,0,1,16,161,16104,Ñuble,Diguillín,El Carmen,Ruta,"N-675 km 1,5",-36.844152,-71.855294
-7967368.12925887,-3904851.96495828,1823,2023,1535176,2023/05/26 00:00:00+00,Mayo,26,Viernes,1899/12/30 00:00:00+00,16:00:00,16,REGION VALPARAISO,VALPARAISO,CHOQUE,CHOQUE,RURAL,TRAMO DE VIA CURVA HORIZONTAL,IMPRUDENCIA DEL CONDUCTOR,CONDUCIR VEHICULO EN RETROCESO, , , ,0,RUTA 68,106,UNIDIRECCIONAL,ASFALTO,BUENO,SECO,DESPEJADO,0,1,0,0,05,051,05101,Valparaíso,Valparaíso,Valparaíso,Ruta,RUTA 68 km 106,-33.071904,-71.572086
-7951418.38582993,-3901264.58454472,1824,2023,1563689,2023/10/05 00:00:00+00,Octubre,5,Jueves,1899/12/30 00:00:00+00,17:30:00,17,REGION VALPARAISO,QUILPUE,COLISION POR ALCANCE,COLISION,URBANA,TRAMO DE VIA RECTA,ALCOHOL EN CONDUCTOR,CONDUCCION EN ESTADO DE EBRIEDAD,LAS ROSAS, ,- LAS ROSAS,586, , ,BIDIRECCIONAL,ASFALTO,BUENO,SECO,DESPEJADO,0,0,0,0,05,058,05801,Valparaíso,Marga Marga,Quilpué,Numero,"LAS ROSAS 586, Quilpué",-33.044895,-71.428807
-7854913.93007532,-3947854.71987016,1825,2023,1521912,2023/03/22 00:00:00+00,Marzo,22,Miércoles,1899/12/30 00:00:00+00,18:00:00,18,REGION METROPOLITANA,LAS CONDES,CHOQUE FRENTE/POSTERIOR,CHOQUE,URBANA,CRUCE CON SEMAFORO FUNCIONANDO,IMPRUDENCIA DEL CONDUCTOR,CONDUCCION NO ATENTO CONDICIONES TRANSITO MOMENTO,PDTE KENNEDY, ,- PDTE KENNEDY,6969, , ,UNIDIRECCIONAL,ASFALTO,BUENO,SECO,DESPEJADO,0,0,0,1,13,131,13114,Metropolitana de Santiago,Santiago,Las Condes,Numero,"PDTE KENNEDY 6969, Las Condes",-33.395022,-70.561892
-7899967.63914103,-4109860.24690905,1826,2023,1534089,2023/05/26 00:00:00+00,Mayo,26,Viernes,1899/12/30 00:00:00+00,18:30:00,18,REGION LIB.B.O'HIGGINS,SAN FERNANDO,COLISION LATERAL,COLISION,RURAL,TRAMO DE VIA RECTA,IMPRUDENCIA DEL CONDUCTOR,CONDUCCION NO ATENTO CONDICIONES TRANSITO MOMENTO, , , ,0,I-45,1,BIDIRECCIONAL,ASFALTO,BUENO,MOJADO,DESPEJADO,0,2,0,1,06,063,06301,Libertador General Bernardo O'Higgins,Colchagua,San Fernando,Ruta,I-45 km 1,-34.60152,-70.966617
-8061980.39709232,-4215234.13370275,1827,2023,1502626,2023/01/01 00:00:00+00,Enero,1,Domingo,1899/12/30 00:00:00+00,15:00:00,15,REGION MAULE,CAUQUENES,COLISION LATERAL,COLISION,RURAL,TRAMO DE VIA RECTA,IMPRUDENCIA DEL CONDUCTOR,CONDUCCION NO ATENTO CONDICIONES TRANSITO MOMENTO, , , ,0,M-50,95,BIDIRECCIONAL,ASFALTO,BUENO,SECO,DESPEJADO,0,1,0,0,07,072,07201,Maule,Cauquenes,Cauquenes,Ruta,M-50 km 95,-35.377011,-72.422002
-7889658.69753254,-3976322.70603122,1828,2023,1563570,2023/10/05 00:00:00+00,Octubre,5,Jueves,1899/12/30 00:00:00+00,19:00:00,19,REGION METROPOLITANA,PEÑAFLOR,VOLCADURA,VOLCADURA,URBANA,ACERA O BERMA,IMPRUDENCIA DEL CONDUCTOR,CONDUCCION NO ATENTO CONDICIONES TRANSITO MOMENTO,LOS GUINDOS, ,- LOS GUINDOS,866, , ,BIDIRECCIONAL,MIXTO,REGULAR,SECO,DESPEJADO,0,0,0,0,13,136,13605,Metropolitana de Santiago,Talagante,Peñaflor,Numero,"LOS GUINDOS 866, Peñaflor",-33.60827,-70.87401
-7868432.29600394,-3864015.02028164,1829,2023,1519400,2023/03/22 00:00:00+00,Marzo,22,Miércoles,1899/12/30 00:00:00+00,18:20:00,18,REGION VALPARAISO,SANTA MARIA,CHOQUE POSTERIOR,CHOQUE,URBANA,TRAMO DE VIA RECTA,IMPRUDENCIA DEL CONDUCTOR,CONDUCCION NO ATENTO CONDICIONES TRANSITO MOMENTO,TOCORNAL, ,- TOCORNAL,1542, , ,BIDIRECCIONAL,ASFALTO,BUENO,SECO,DESPEJADO,0,0,0,1,05,057,05706,Valparaíso,San Felipe de Aconcagua,Santa María,Numero,"TOCORNAL 1542, Santa María",-32.763958,-70.68333
-7926265.70206796,-3493013.89724782,1830,2023,1534192,2023/05/27 00:00:00+00,Mayo,27,Sábado,1899/12/30 00:00:00+00,16:30:00,16,REGION COQUIMBO,LA SERENA,COLISION POR ALCANCE,COLISION,RURAL,TRAMO DE VIA RECTA,IMPRUDENCIA DEL CONDUCTOR,CONDUCCION NO ATENTO CONDICIONES TRANSITO MOMENTO, , , ,0,41 CH,6,BIDIRECCIONAL,ASFALTO,BUENO,SECO,DESPEJADO,0,1,0,0,04,041,04101,Coquimbo,Elqui,La Serena,Ruta,41 CH km 6,-29.918,-71.202856
-7937987.09066742,-4169612.46794215,1831,2023,1501052,2023/01/01 00:00:00+00,Enero,1,Domingo,1899/12/30 00:00:00+00,17:20:00,17,REGION MAULE,SAGRADA FAMILIA,VOLCADURA,VOLCADURA,RURAL,TRAMO DE VIA RECTA,ALCOHOL EN CONDUCTOR,CONDUCCION EN ESTADO DE EBRIEDAD, , , ,0,K-154,"1,1",BIDIRECCIONAL,ASFALTO,BUENO,SECO,DESPEJADO,0,0,1,1,07,073,07307,Maule,Curicó,Sagrada Familia,Ruta,"K-154 km 1,1",-35.042163,-71.308151
-7895477.23542498,-3984662.44057458,1832,2023,1563712,2023/10/06 00:00:00+00,Octubre,6,Viernes,1899/12/30 00:00:00+00,12:55:00,12,REGION METROPOLITANA,TALAGANTE,COLISION POR ALCANCE,COLISION,URBANA,TRAMO DE VIA RECTA,IMPRUDENCIA DEL CONDUCTOR,ADELANTAMIENTO SOBREPASANDO LINEA CONTINUA,21 DE MAYO, ,- 21 DE MAYO,1500, , ,BIDIRECCIONAL,ASFALTO,BUENO,SECO,DESPEJADO,0,0,0,0,13,136,13601,Metropolitana de Santiago,Talagante,Talagante,Numero,"21 DE MAYO 1500, Talagante",-33.670641,-70.926279
-8156780.13479629,-4473357.67779677,1833,2023,1502390,2023/01/01 00:00:00+00,Enero,1,Domingo,1899/12/30 00:00:00+00,18:25:00,18,REGION BIO BIO,ARAUCO,COLISION FRONTAL,COLISION,RURAL,TRAMO DE VIA RECTA,ALCOHOL EN CONDUCTOR,CONDUCCION EN ESTADO DE EBRIEDAD, , , ,0,P-20,"3,5",BIDIRECCIONAL,ASFALTO,BUENO,SECO,DESPEJADO,0,0,1,0,08,082,08202,Biobío,Arauco,Arauco,Ruta,"P-20 km 3,5",-37.245328,-73.273603
-7932170.07140662,-3822954.4699719,1834,2023,1534214,2023/05/27 00:00:00+00,Mayo,27,Sábado,1899/12/30 00:00:00+00,17:45:00,17,REGION VALPARAISO,PETORCA,COLISION,COLISION,RURAL,TRAMO DE VIA CURVA HORIZONTAL,VELOCIDAD IMPRUDENTE,VELOCIDAD NO RAZONABLE NI PRUDENTE, , , ,0,E-35,4,BIDIRECCIONAL,ASFALTO,BUENO,SECO,DESPEJADO,2,0,1,0,05,054,05404,Valparaíso,Petorca,Petorca,Ruta,E-35 km 4,-32.453247,-71.255896
-8053916.72332649,-4506417.36617731,1835,2023,1520549,2023/03/22 00:00:00+00,Marzo,22,Miércoles,1899/12/30 00:00:00+00,23:15:00,23,REGION BIO BIO,LOS ANGELES,VOLCADURA,VOLCADURA,URBANA,TRAMO DE VIA RECTA,DEFICIENCIAS VIALES,ANIMALES SUELTOS VIA PUBLICA,VICUÑA MACKENNA, ,- VICUÑA MACKENNA,164, , ,BIDIRECCIONAL,ASFALTO,BUENO,SECO,DESPEJADO,0,0,0,1,08,083,08301,Biobío,Biobío,Los Angeles,Numero,"VICUÑA MACKENNA 164, Los Angeles",-37.481368,-72.349565
-7860540.83396904,-3951662.16492676,1836,2023,1564408,2023/10/06 00:00:00+00,Octubre,6,Viernes,1899/12/30 00:00:00+00,15:00:00,15,REGION METROPOLITANA,PROVIDENCIA,COLISION LATERAL,COLISION,URBANA,TRAMO DE VIA RECTA,IMPRUDENCIA DEL CONDUCTOR,CONDUCCION NO ATENTO CONDICIONES TRANSITO MOMENTO,PEDRO DE VALDIVIA, ,- PEDRO DE VALDIVIA,5, , ,BIDIRECCIONAL,ASFALTO,REGULAR,SECO,DESPEJADO,0,1,0,0,13,131,13123,Metropolitana de Santiago,Santiago,Providencia,Numero,"PEDRO DE VALDIVIA 5, Providencia",-33.423573,-70.61244
-8043986.90448928,-4378409.73746676,1837,2023,1502421,2023/01/01 00:00:00+00,Enero,1,Domingo,1899/12/30 00:00:00+00,22:30:00,22,REGION ÑUBLE,PORTEZUELO,CHOQUE POSTERIOR,CHOQUE,RURAL,TRAMO DE VIA RECTA,ALCOHOL EN CONDUCTOR,CONDUCCION EN ESTADO DE EBRIEDAD, , , ,0,N-620,"11,3",BIDIRECCIONAL CON BANDEJON,CONCRETO,BUENO,SECO,DESPEJADO,0,1,0,2,16,162,16205,Ñuble,Itata,Portezuelo,Ruta,"N-620 km 11,3",-36.563298,-72.260364