X,Y,FID,Año,IdAccident,Fecha,Mes,Dia_mes,Dia_semana,Hora,Hora_texto,Hora_aprox,Región,Comuna,Tipo_Accid,Tipo__CONA,Zona,Ubicación,Causa__CON,Causa_Acci,Calle_Uno,Calle_Dos,Intersecci,Número,Ruta,Ubicaci_1,Calzada,Tipo_Calza,Estado_Cal,Condición,Estado_Atm,Fallecidos,Graves,Menos_Grav,Leves,CUT_REG,CUT_PROV,CUT_COM,REGION,PROVINCIA,COMUNA1,Tipo_direc,Direccion,Lat,Lon
-8066327.94716638,-4506254.57684319,1838,2023,1533868,2023/05/27 00:00:00+00,Mayo,27,Sábado,1899/12/30 00:00:00+00,21:50:00,21,REGION BIO BIO,LOS ANGELES,COLISION FRONTAL,COLISION,RURAL,TRAMO DE VIA RECTA,ALCOHOL EN CONDUCTOR,CONDUCCION EN ESTADO DE EBRIEDAD, , , ,0,RUTA 180,5,BIDIRECCIONAL,ASFALTO,BUENO,SECO,DESPEJADO,1,1,0,1,08,083,08301,Biobío,Biobío,Los Angeles,Ruta,RUTA 180 km 5,-37.480208,-72.461057
-8115553.39344534,-5071439.36009793,1839,2023,1519614,2023/03/23 00:00:00+00,Marzo,23,Jueves,1899/12/30 00:00:00+00,07:40:00,7,REGION LOS LAGOS,PUERTO MONTT,IMPACTO CON ANIMAL,OTRO TIPO,RURAL,CRUCE CON SEÑAL PARE,IMPRUDENCIA DEL CONDUCTOR,CONDUCCION NO ATENTO CONDICIONES TRANSITO MOMENTO,VIOLETA PARRA, ,- VIOLETA PARRA,0, , ,BIDIRECCIONAL,CONCRETO,REGULAR,SECO,DESPEJADO,0,1,0,0,10,101,10101,Los Lagos,Llanquihue,Puerto Montt,Numero,"VIOLETA PARRA 0, Puerto Montt",-41.399444,-72.903257
-7860280.190235,-3952347.7713287,1840,2023,1564418,2023/10/06 00:00:00+00,Octubre,6,Viernes,1899/12/30 00:00:00+00,16:00:00,16,REGION METROPOLITANA,PROVIDENCIA,COLISION LATERAL,COLISION,URBANA,TRAMO DE VIA RECTA,IMPRUDENCIA DEL CONDUCTOR,CONDUCCION NO ATENTO CONDICIONES TRANSITO MOMENTO,PEDRO DE VALDIVIA, ,- PEDRO DE VALDIVIA,624, , ,BIDIRECCIONAL,ASFALTO,REGULAR,SECO,DESPEJADO,0,0,0,0,13,131,13123,Metropolitana de Santiago,Santiago,Providencia,Numero,"PEDRO DE VALDIVIA 624, Providencia",-33.428714,-70.610098
-7920056.71821942,-4179708.62347667,1841,2023,1502358,2023/01/01 00:00:00+00,Enero,1,Domingo,1899/12/30 00:00:00+00,23:00:00,23,REGION MAULE,CURICO,ATROPELLO,ATROPELLO,RURAL,TRAMO DE VIA RECTA,IMPRUDENCIA DEL CONDUCTOR,CONDUCCION NO ATENTO CONDICIONES TRANSITO MOMENTO, , , ,0,J-65,17,BIDIRECCIONAL,ASFALTO,BUENO,SECO,DESPEJADO,0,1,0,2,07,073,07301,Maule,Curicó,Curicó,Ruta,J-65 km 17,-35.116385,-71.14708
-7915667.28503298,-3525566.87492207,1842,2023,1534875,2023/05/28 00:00:00+00,Mayo,28,Domingo,1899/12/30 00:00:00+00,20:20:00,20,REGION COQUIMBO,ANDACOLLO,VOLCADURA,VOLCADURA,RURAL,TRAMO DE VIA RECTA,DEFICIENCIAS VIALES,ANIMALES SUELTOS VIA PUBLICA, , , ,0,D-51,"14,4",BIDIRECCIONAL,ASFALTO,BUENO,SECO,DESPEJADO,0,0,0,1,04,041,04103,Coquimbo,Elqui,Andacollo,Ruta,"D-51 km 14,4",-30.171137,-71.107649
-7883283.76246104,-3971655.47792769,1843,2023,1521863,2023/03/23 00:00:00+00,Marzo,23,Jueves,1899/12/30 00:00:00+00,08:00:00,8,REGION METROPOLITANA,PADRE HURTADO,CHOQUE,CHOQUE,URBANA,TRAMO DE VIA RECTA,IMPRUDENCIA DEL CONDUCTOR,CONDUCCION NO ATENTO CONDICIONES TRANSITO MOMENTO,SAN IGNACIO, ,- SAN IGNACIO,265, , ,BIDIRECCIONAL,ASFALTO,BUENO,SECO,DESPEJADO,0,0,0,0,13,136,13604,Metropolitana de Santiago,Talagante,Padre Hurtado,Numero,"SAN IGNACIO 265, Padre Hurtado",-33.573344,-70.816743
-8143487.57630253,-4946394.75881509,1844,2023,1564009,2023/10/06 00:00:00+00,Octubre,6,Viernes,1899/12/30 00:00:00+00,20:50:00,20,REGION LOS LAGOS,OSORNO,IMPACTO CON ANIMAL,OTRO TIPO,URBANA,CRUCE SIN SEÑALIZACION,IMPRUDENCIA DEL CONDUCTOR,CONDUCCION NO ATENTO CONDICIONES TRANSITO MOMENTO,HERIBERTO SCHEUCH, ,- HERIBERTO SCHEUCH,0, , ,BIDIRECCIONAL,ASFALTO,BUENO,SECO,NUBLADO,0,0,0,0,10,103,10301,Los Lagos,Osorno,Osorno,Numero,"HERIBERTO SCHEUCH 0, Osorno",-40.551386,-73.154194
-7933076.1341603,-3493239.51662035,1845,2023,1534836,2023/05/30 00:00:00+00,Mayo,30,Martes,1899/12/30 00:00:00+00,07:30:00,7,REGION COQUIMBO,LA SERENA,COLISION POR ALCANCE,COLISION,RURAL,TRAMO DE VIA RECTA,IMPRUDENCIA DEL CONDUCTOR,CONDUCCION NO ATENTO CONDICIONES TRANSITO MOMENTO, , , ,0,RUTA 5 NORTE,468,BIDIRECCIONAL CON BANDEJON,ASFALTO,BUENO,SECO,DESPEJADO,0,1,0,0,04,041,04101,Coquimbo,Elqui,La Serena,Ruta,RUTA 5 NORTE km 468,-29.919757,-71.264035
-8067146.61417895,-5155581.58504589,1846,2023,1501796,2023/01/02 00:00:00+00,Enero,2,Lunes,1899/12/30 00:00:00+00,16:30:00,16,REGION LOS LAGOS,CHAITEN,COLISION POR ALCANCE,COLISION,RURAL,TRAMO DE VIA RECTA,IMPRUDENCIA DEL CONDUCTOR,CONDUCCION SIN MANTENER DISTANCIA RAZONABLE NI PRUDENTE, , , ,0,RUTA 7,100,BIDIRECCIONAL,ASFALTO,BUENO,SECO,NUBLADO,0,2,0,0,10,104,10401,Los Lagos,Palena,Chaitén,Ruta,RUTA 7 km 100,-41.963955,-72.468411
-8121603.49368974,-5081214.57142806,1847,2023,1519622,2023/03/23 00:00:00+00,Marzo,23,Jueves,1899/12/30 00:00:00+00,08:30:00,8,REGION LOS LAGOS,PUERTO MONTT,COLISION FRONTAL,COLISION,URBANA,TRAMO DE VIA RECTA,IMPRUDENCIA DEL CONDUCTOR,"ADELANTAMIENTO EN CRUCE, CURVA, CUESTA, PUENTE",LOS ALERCES, ,- LOS ALERCES,1337, , ,BIDIRECCIONAL,CONCRETO,BUENO,SECO,DESPEJADO,0,0,1,1,10,101,10101,Los Lagos,Llanquihue,Puerto Montt,Numero,"LOS ALERCES 1337, Puerto Montt",-41.465281,-72.957605
-8170937.47464659,-4551407.1629855,1848,2023,1564398,2023/10/06 00:00:00+00,Octubre,6,Viernes,1899/12/30 00:00:00+00,22:10:00,22,REGION BIO BIO,CAÑETE,COLISION,COLISION,URBANA,TRAMO DE VIA RECTA,DESOBEDIENCIA A SEÑALIZACION,SEÑALIZACION DESOBEDECER SEÑAL PARE,COVADONGA, ,- COVADONGA,0, , ,UNIDIRECCIONAL,CONCRETO,BUENO,SECO,DESPEJADO,0,2,0,0,08,082,08203,Biobío,Arauco,Cañete,Numero,"COVADONGA 0, Cañete",-37.801393,-73.40078
-8050135.27734638,-4500306.35419906,1849,2023,1534661,2023/05/30 00:00:00+00,Mayo,30,Martes,1899/12/30 00:00:00+00,23:30:00,23,REGION BIO BIO,LOS ANGELES,COLISION LATERAL,COLISION,RURAL,TRAMO DE VIA RECTA,IMPRUDENCIA DEL CONDUCTOR,CONDUCCION NO ATENTO CONDICIONES TRANSITO MOMENTO, , , ,0,Q-35,1,BIDIRECCIONAL,ASFALTO,BUENO,HUMEDO,NUBLADO,0,1,0,0,08,083,08301,Biobío,Biobío,Los Angeles,Ruta,Q-35 km 1,-37.437792,-72.315596
-7869499.51926837,-3961537.25773325,1850,2023,1521921,2023/03/23 00:00:00+00,Marzo,23,Jueves,1899/12/30 00:00:00+00,08:30:00,8,REGION METROPOLITANA,RENCA,VOLCADURA,VOLCADURA,RURAL,TRAMO DE VIA RECTA,VELOCIDAD IMPRUDENTE,VELOCIDAD NO RAZONABLE NI PRUDENTE, , , ,0,RUTA 74,7,UNIDIRECCIONAL,ASFALTO,BUENO,SECO,DESPEJADO,0,0,0,1,13,131,13128,Metropolitana de Santiago,Santiago,Renca,Numero,RUTA 74 km 7,-33.497581,-70.692917
-8133530.31504011,-4413223.57715035,1851,2023,1563874,2023/10/07 00:00:00+00,Octubre,7,Sábado,1899/12/30 00:00:00+00,05:00:00,5,REGION BIO BIO,CONCEPCION,OTRO TIPO,OTRO TIPO,URBANA,OTROS NO CONSIDERADOS,CAUSAS NO DETERMINADAS,CAUSAS NO DETERMINADAS,CAMINO A LOS CARROS, ,- CAMINO A LOS CARROS,3310, , ,BIDIRECCIONAL,CONCRETO,BUENO,SECO,DESPEJADO,0,1,0,0,08,081,08101,Biobío,Concepción,Concepción,Numero,"CAMINO A LOS CARROS 3310, Concepción",-36.81408,-73.064746
-8092273.78776603,-4687565.35525495,1852,2023,1535369,2023/05/31 00:00:00+00,Mayo,31,Miércoles,1899/12/30 00:00:00+00,07:10:00,7,REGION ARAUCANIA,TEMUCO,COLISION LATERAL,COLISION,RURAL,TRAMO DE VIA RECTA,IMPRUDENCIA DEL CONDUCTOR,CONDUCCION CAMBIAR SORPRESIVAMENTE PISTA CIRCULACION, , , ,0,"S-30, S-40",8,BIDIRECCIONAL CON BANDEJON,ASFALTO,BUENO,MOJADO,LLUVIA,0,0,0,1,09,091,09101,La Araucanía,Cautín,Temuco,Ruta,"S-30, S-40 km 8",-38.761497,-72.694132
-7937282.43242417,-3822334.81399788,1853,2023,1501019,2023/01/02 00:00:00+00,Enero,2,Lunes,1899/12/30 00:00:00+00,17:15:00,17,REGION VALPARAISO,CABILDO,COLISION,COLISION,RURAL,TRAMO DE VIA RECTA,IMPRUDENCIA DEL CONDUCTOR,CONDUCCION NO ATENTO CONDICIONES TRANSITO MOMENTO, , , ,0,E-39,2,BIDIRECCIONAL,ASFALTO,BUENO,SECO,DESPEJADO,0,0,0,1,05,054,05402,Valparaíso,Petorca,Cabildo,Ruta,E-39 km 2,-32.44855,-71.301821
-7872156.29630666,-3941431.63513363,1854,2023,1532972,2023/03/23 00:00:00+00,Marzo,23,Jueves,1899/12/30 00:00:00+00,08:30:00,8,REGION METROPOLITANA,QUILICURA,COLISION LATERAL,COLISION,URBANA,TRAMO DE VIA RECTA,IMPRUDENCIA DEL CONDUCTOR,VIRAJES INDEBIDOS,LAS ESTERAS SUR, ,- LAS ESTERAS SUR,2501, , ,UNIDIRECCIONAL,MIXTO,REGULAR,SECO,DESPEJADO,0,0,0,1,13,131,13125,Metropolitana de Santiago,Santiago,Quilicura,Numero,"LAS ESTERAS SUR 2501, Quilicura",-33.346836,-70.716783
-8147040.55485741,-4847111.18709425,1855,2023,1566268,2023/10/07 00:00:00+00,Octubre,7,Sábado,1899/12/30 00:00:00+00,12:35:00,12,REGION DE LOS RIOS,VALDIVIA,CHOQUE LATERAL,CHOQUE,URBANA,TRAMO DE VIA RECTA,IMPRUDENCIA DEL CONDUCTOR,CONDUCCION NO ATENTO CONDICIONES TRANSITO MOMENTO,LAS GAVIOTAS POSTE 31, ,- LAS GAVIOTAS POSTE 31,31, , ,BIDIRECCIONAL,ASFALTO,BUENO,SECO,DESPEJADO,0,0,0,2,14,141,14101,Los Ríos,Valdivia,Valdivia,Numero,"LAS GAVIOTAS POSTE 31 31, Valdivia",-39.870291,-73.186111
-7944488.62784846,-3940582.39626178,1856,2023,1501348,2023/01/02 00:00:00+00,Enero,2,Lunes,1899/12/30 00:00:00+00,18:30:00,18,REGION VALPARAISO,CASABLANCA,COLISION,COLISION,RURAL,TRAMO DE VIA RECTA,IMPRUDENCIA DEL CONDUCTOR,CONDUCCION NO ATENTO CONDICIONES TRANSITO MOMENTO, , , ,0,RUTA 68,67,UNIDIRECCIONAL,ASFALTO,BUENO,SECO,DESPEJADO,0,2,0,0,05,051,05102,Valparaíso,Valparaíso,Casablanca,Ruta,RUTA 68 km 67,-33.340463,-71.366556
-7898532.5524039,-4111706.98318827,1857,2023,1535102,2023/05/31 00:00:00+00,Mayo,31,Miércoles,1899/12/30 00:00:00+00,14:30:00,14,REGION LIB.B.O'HIGGINS,SAN FERNANDO,COLISION LATERAL,COLISION,RURAL,TRAMO DE VIA RECTA,IMPRUDENCIA DEL CONDUCTOR,CONDUCCION NO ATENTO CONDICIONES TRANSITO MOMENTO, , , ,0,I-45,3,BIDIRECCIONAL,ASFALTO,BUENO,SECO,DESPEJADO,0,1,0,0,06,063,06301,Libertador General Bernardo O'Higgins,Colchagua,San Fernando,Ruta,I-45 km 3,-34.615174,-70.953725
-8055193.40577894,-4504708.88147235,1858,2023,1520658,2023/03/23 00:00:00+00,Marzo,23,Jueves,1899/12/30 00:00:00+00,18:20:00,18,REGION BIO BIO,LOS ANGELES,CHOQUE FRENTE/LADO,CHOQUE,URBANA,TRAMO DE VIA RECTA,IMPRUDENCIA DEL CONDUCTOR,CONDUCCION NO ATENTO CONDICIONES TRANSITO MOMENTO,MENDOZA, ,- MENDOZA,357, , ,UNIDIRECCIONAL,CONCRETO,BUENO,SECO,DESPEJADO,0,0,0,0,08,083,08301,Biobío,Biobío,Los Angeles,Numero,"MENDOZA 357, Los Angeles",-37.469188,-72.361034
-8122176.15467981,-4799167.01938174,1859,2023,1563823,2023/10/07 00:00:00+00,Octubre,7,Sábado,1899/12/30 00:00:00+00,16:30:00,16,REGION DE LOS RIOS,MARIQUINA,CHOQUE,CHOQUE,URBANA,OTROS NO CONSIDERADOS,IMPRUDENCIA DEL CONDUCTOR,CONDUCCION NO ATENTO CONDICIONES TRANSITO MOMENTO,MARIQUINA, ,- MARIQUINA,995, , ,UNIDIRECCIONAL,ASFALTO,REGULAR,SECO,NUBLADO,0,0,0,0,14,141,14106,Los Ríos,Valdivia,Mariquina,Numero,"MARIQUINA 995, Mariquina",-39.538942,-72.96275
-7944623.12458044,-3941224.9169928,1860,2023,1501027,2023/01/02 00:00:00+00,Enero,2,Lunes,1899/12/30 00:00:00+00,21:30:00,21,REGION VALPARAISO,CASABLANCA,COLISION POR ALCANCE,COLISION,RURAL,TRAMO DE VIA RECTA,IMPRUDENCIA DEL CONDUCTOR,CONDUCCION CAMBIAR SORPRESIVAMENTE PISTA CIRCULACION, , , ,0,F-90,"0,55",BIDIRECCIONAL CON BANDEJON,ASFALTO,BUENO,SECO,DESPEJADO,0,1,0,0,05,051,05102,Valparaíso,Valparaíso,Casablanca,Ruta,"F-90 km 0,55",-33.345285,-71.367764
-7591822.54837669,-2620101.49333858,1861,2023,1540143,2023/05/31 00:00:00+00,Mayo,31,Miércoles,1899/12/30 00:00:00+00,16:45:00,16,REGION ANTOFAGASTA,SAN PEDRO ATACAMA,CHOQUE FRENTE/FRENTE,CHOQUE,RURAL,TRAMO DE VIA RECTA,IMPRUDENCIA DEL CONDUCTOR,NO RESPETAR DERECHO PREFERENTE DE PASO A VEHICULO, , , ,0,B-245,1,BIDIRECCIONAL,TIERRA,MALO, ,DESPEJADO,0,1,0,0,02,022,02203,Antofagasta,El Loa,San Pedro de Atacama,Ruta,B-245 km 1,-22.901421,-68.198502
-7928771.64318885,-4160573.27482673,1862,2023,1519325,2023/03/23 00:00:00+00,Marzo,23,Jueves,1899/12/30 00:00:00+00,18:25:00,18,REGION MAULE,CURICO,COLISION LATERAL,COLISION,URBANA,TRAMO DE VIA RECTA,IMPRUDENCIA DEL CONDUCTOR,CONDUCCION NO ATENTO CONDICIONES TRANSITO MOMENTO,ESPAÑA, ,- ESPAÑA,802, , ,BIDIRECCIONAL,CONCRETO,BUENO,SECO,DESPEJADO,0,1,0,1,07,073,07301,Maule,Curicó,Curicó,Numero,"ESPAÑA 802, Curicó",-34.975655,-71.225368
-7932169.90089855,-3484376.1442755,1863,2023,1535562,2023/06/01 00:00:00+00,Junio,1,Jueves,1899/12/30 00:00:00+00,18:30:00,18,REGION COQUIMBO,LA SERENA,CHOQUE POSTERIOR,CHOQUE,RURAL,TRAMO DE VIA RECTA,IMPRUDENCIA DEL CONDUCTOR,CONDUCCION NO ATENTO CONDICIONES TRANSITO MOMENTO, , , ,0,RUTA 5 NORTE,476,BIDIRECCIONAL CON BANDEJON,ASFALTO,BUENO,SECO,NUBLADO,0,0,0,0,04,041,04101,Coquimbo,Elqui,La Serena,Ruta,RUTA 5 NORTE km 476,-29.850724,-71.255895
-7876891.14747216,-4055613.73490967,1864,2023,1501598,2023/01/03 00:00:00+00,Enero,3,Martes,1899/12/30 00:00:00+00,07:15:00,7,REGION LIB.B.O'HIGGINS,RANCAGUA,COLISION POR ALCANCE,COLISION,RURAL,TRAMO DE VIA CURVA HORIZONTAL,IMPRUDENCIA DEL CONDUCTOR,CONDUCCION CAMBIAR SORPRESIVAMENTE PISTA CIRCULACION, , , ,0,RUTA TRAVESIA,89,BIDIRECCIONAL CON BANDEJON,CONCRETO,BUENO,SECO,DESPEJADO,0,1,0,1,06,061,06101,Libertador General Bernardo O'Higgins,Cachapoal,Rancagua,Ruta,RUTA TRAVESIA km 89,-34.199442,-70.759317
-7937587.94102994,-3497834.22613555,1865,2023,1564596,2023/10/07 00:00:00+00,Octubre,7,Sábado,1899/12/30 00:00:00+00,21:50:00,21,REGION COQUIMBO,COQUIMBO,COLISION FRONTAL,COLISION,URBANA,TRAMO DE VIA RECTA,ALCOHOL EN CONDUCTOR,CONDUCCION EN ESTADO DE EBRIEDAD,COSTANERA, ,- COSTANERA,3785, , ,BIDIRECCIONAL,ASFALTO,BUENO,SECO,DESPEJADO,0,0,0,2,04,041,04102,Coquimbo,Elqui,Coquimbo,Numero,"COSTANERA 3785, Coquimbo",-29.955525,-71.304566
-7857223.14808226,-3947344.32291307,1866,2023,1519677,2023/03/23 00:00:00+00,Marzo,23,Jueves,1899/12/30 00:00:00+00,19:00:00,19,REGION METROPOLITANA,VITACURA,COLISION PERPENDICULAR,COLISION,URBANA,TRAMO DE VIA RECTA,IMPRUDENCIA DEL CONDUCTOR,CONDUCCION NO ATENTO CONDICIONES TRANSITO MOMENTO,ESPOZ, ,- ESPOZ,5570, , ,BIDIRECCIONAL,ASFALTO,BUENO,SECO,DESPEJADO,0,0,0,0,13,131,13132,Metropolitana de Santiago,Santiago,Vitacura,Numero,"ESPOZ 5570, Vitacura",-33.391194,-70.582636
-7877106.65606188,-4054062.77340576,1867,2023,1535600,2023/06/01 00:00:00+00,Junio,1,Jueves,1899/12/30 00:00:00+00,19:30:00,19,REGION LIB.B.O'HIGGINS,RANCAGUA,COLISION FRONTAL,COLISION,RURAL,CRUCE CON SEÑAL PARE,IMPRUDENCIA DEL CONDUCTOR,CONDUCCION NO ATENTO CONDICIONES TRANSITO MOMENTO, , , ,0,H-30,"1,51",BIDIRECCIONAL,CONCRETO,BUENO,SECO,NUBLADO,0,0,0,1,06,061,06101,Libertador General Bernardo O'Higgins,Cachapoal,Rancagua,Ruta,"H-30 km 1,51",-34.187918,-70.761253
-7972598.21001454,-4177613.05688523,1868,2023,1501055,2023/01/03 00:00:00+00,Enero,3,Martes,1899/12/30 00:00:00+00,10:45:00,10,REGION MAULE,MOLINA,COLISION POR ALCANCE,COLISION,RURAL,TRAMO DE VIA RECTA,IMPRUDENCIA DEL CONDUCTOR,CONDUCCION NO ATENTO CONDICIONES TRANSITO MOMENTO, , , ,0,K-16,"40,1",BIDIRECCIONAL,ASFALTO,BUENO,SECO,DESPEJADO,0,0,0,1,07,073,07304,Maule,Curicó,Molina,Ruta,"K-16 km 40,1",-35.100985,-71.619068
-8051231.87255902,-4814181.23513971,1869,2023,1535563,2023/03/23 00:00:00+00,Marzo,23,Jueves,1899/12/30 00:00:00+00,20:20:00,20,REGION DE LOS RIOS,PANGUIPULLI,ATROPELLO,ATROPELLO,URBANA,TRAMO DE VIA RECTA,IMPRUDENCIA DEL PEATON,PEATON CRUZA CAMINO O CARRETERA SIN ADOPTAR PRECAUCIONES,BERNARDO O'HIGGINS, ,- BERNARDO O'HIGGINS,125, , ,UNIDIRECCIONAL,ASFALTO,BUENO,SECO,DESPEJADO,0,0,0,1,14,141,14108,Los Ríos,Valdivia,Panguipulli,Numero,"BERNARDO O'HIGGINS 125, Panguipulli",-39.642878,-72.325446
-7856354.36106083,-3948955.92734493,1870,2023,1569601,2023/10/08 00:00:00+00,Octubre,8,Domingo,1899/12/30 00:00:00+00,19:15:00,19,REGION METROPOLITANA,LAS CONDES,COLISION LATERAL,COLISION,URBANA,TRAMO DE VIA RECTA,IMPRUDENCIA DEL CONDUCTOR,ADELANTAMIENTO SIN EL ESPACIO O TIEMPO SUFICIENTE,PDTE RIESCO, ,- PDTE RIESCO,5877, , ,BIDIRECCIONAL,ASFALTO,BUENO,SECO,DESPEJADO,0,0,0,0,13,131,13114,Metropolitana de Santiago,Santiago,Las Condes,Numero,"PDTE RIESCO 5877, Las Condes",-33.403281,-70.574832
-8118889.93175543,-5069215.70773594,1871,2023,1537719,2023/06/02 00:00:00+00,Junio,2,Viernes,1899/12/30 00:00:00+00,14:00:00,14,REGION LOS LAGOS,PUERTO MONTT,COLISION FRONTAL,COLISION,RURAL,TRAMO DE VIA RECTA,IMPRUDENCIA DEL CONDUCTOR,CONDUCCION NO ATENTO CONDICIONES TRANSITO MOMENTO, , , ,0,V-505,7,BIDIRECCIONAL,CONCRETO,BUENO,SECO,DESPEJADO,0,1,0,0,10,101,10101,Los Lagos,Llanquihue,Puerto Montt,Ruta,V-505 km 7,-41.384459,-72.933229
-8135147.56617196,-4408008.08158233,1872,2023,1503526,2023/01/04 00:00:00+00,Enero,4,Miércoles,1899/12/30 00:00:00+00,04:50:00,4,REGION BIO BIO,TALCAHUANO,VOLCADURA,VOLCADURA,RURAL,TRAMO DE VIA RECTA,VELOCIDAD IMPRUDENTE,VELOCIDAD NO RAZONABLE NI PRUDENTE, , , ,0,RUTA 154,"5,9",BIDIRECCIONAL CON BANDEJON,CONCRETO,BUENO,SECO,DESPEJADO,0,1,0,0,08,081,08110,Biobío,Concepción,Talcahuano,Ruta,"RUTA 154 km 5,9",-36.776563,-73.079274
-7877079.06263178,-3954157.93773398,1873,2023,1521859,2023/03/24 00:00:00+00,Marzo,24,Viernes,1899/12/30 00:00:00+00,07:15:00,7,REGION METROPOLITANA,PUDAHUEL,COLISION LATERAL,COLISION,URBANA,TRAMO DE VIA CURVA HORIZONTAL,IMPRUDENCIA DEL CONDUCTOR,ADELANTAMIENTO SIN EL ESPACIO O TIEMPO SUFICIENTE,SAN PABLO, ,- SAN PABLO,4520, , ,BIDIRECCIONAL CON BANDEJON,ASFALTO,BUENO,SECO,DESPEJADO,0,1,0,0,13,131,13124,Metropolitana de Santiago,Santiago,Pudahuel,Numero,"SAN PABLO 4520, Pudahuel",-33.442284,-70.761005
-7847826.90270025,-3974925.80275467,1874,2023,1564427,2023/10/08 00:00:00+00,Octubre,8,Domingo,1899/12/30 00:00:00+00,19:30:00,19,REGION METROPOLITANA,PUENTE ALTO,COLISION LATERAL,COLISION,URBANA,TRAMO DE VIA RECTA,IMPRUDENCIA DEL CONDUCTOR,ADELANTAMIENTO SIN EL ESPACIO O TIEMPO SUFICIENTE,CAMINO AL VOLCAN, ,- CAMINO AL VOLCAN,7799, , ,BIDIRECCIONAL,ASFALTO,BUENO,SECO,DESPEJADO,0,0,0,0,13,132,13201,Metropolitana de Santiago,Cordillera,Puente Alto,Numero,"CAMINO AL VOLCAN 7799, Puente Alto",-33.597818,-70.498229
-8135147.56617196,-4408008.08158233,1875,2023,1502739,2023/01/04 00:00:00+00,Enero,4,Miércoles,1899/12/30 00:00:00+00,05:58:00,5,REGION BIO BIO,TALCAHUANO,VOLCADURA,VOLCADURA,RURAL,TRAMO DE VIA RECTA,VELOCIDAD IMPRUDENTE,VELOCIDAD NO RAZONABLE NI PRUDENTE, , , ,0,RUTA 154,"5,9",BIDIRECCIONAL CON BANDEJON,CONCRETO,BUENO,SECO,DESPEJADO,0,1,0,0,08,081,08110,Biobío,Concepción,Talcahuano,Ruta,"RUTA 154 km 5,9",-36.776563,-73.079274
-7867596.45735879,-3883223.05338294,1876,2023,1535433,2023/06/02 00:00:00+00,Junio,2,Viernes,1899/12/30 00:00:00+00,18:45:00,18,REGION VALPARAISO,LOS ANDES,COLISION FRONTAL,COLISION,RURAL,TRAMO DE VIA RECTA,VELOCIDAD IMPRUDENTE,VELOCIDAD NO RAZONABLE NI PRUDENTE, , , ,0,RUTA 57,"55,6",BIDIRECCIONAL,ASFALTO,BUENO,SECO,DESPEJADO,1,4,0,2,05,053,05301,Valparaíso,Los Andes,Los Andes,Ruta,"RUTA 57 km 55,6",-32.908937,-70.675821
-8134010.21798468,-4410578.74536829,1877,2023,1518866,2023/03/24 00:00:00+00,Marzo,24,Viernes,1899/12/30 00:00:00+00,10:20:00,10,REGION BIO BIO,HUALPEN,COLISION,COLISION,URBANA,TRAMO DE VIA RECTA,VELOCIDAD IMPRUDENTE,VELOCIDAD MAYOR QUE MAXIMA PERMITIDA,JORGE ALESSANDRI RODRIGUEZ, ,- JORGE ALESSANDRI RODRIGUEZ,9000, , ,BIDIRECCIONAL,CONCRETO,BUENO,SECO,DESPEJADO,0,1,0,0,08,081,08112,Biobío,Concepción,Hualpén,Numero,"JORGE ALESSANDRI RODRIGUEZ 9000, Hualpén",-36.795057,-73.069057
-8103563.01532264,-4413024.28986095,1878,2023,1505380,2023/01/04 00:00:00+00,Enero,4,Miércoles,1899/12/30 00:00:00+00,18:00:00,18,REGION BIO BIO,FLORIDA,VOLCADURA,VOLCADURA,RURAL,TRAMO DE VIA RECTA,VELOCIDAD IMPRUDENTE,VELOCIDAD NO RAZONABLE NI PRUDENTE, , , ,0,RUTA 148,54,BIDIRECCIONAL,ASFALTO,BUENO,SECO,DESPEJADO,0,1,0,0,08,081,08104,Biobío,Concepción,Florida,Ruta,RUTA 148 km 54,-36.812647,-72.795545
-7950635.39082535,-3901380.23789416,1879,2023,1563886,2023/10/08 00:00:00+00,Octubre,8,Domingo,1899/12/30 00:00:00+00,21:30:00,21,REGION VALPARAISO,QUILPUE,COLISION LATERAL,COLISION,URBANA,CRUCE CON SEMAFORO FUNCIONANDO,IMPRUDENCIA DEL CONDUCTOR,VIRAJES INDEBIDOS,FREIRE, ,- FREIRE,2414, , ,BIDIRECCIONAL,ASFALTO,BUENO,SECO,DESPEJADO,0,0,0,2,05,058,05801,Valparaíso,Marga Marga,Quilpué,Numero,"FREIRE 2414, Quilpué",-33.045766,-71.421773
-8022995.38855567,-4461983.27443695,1880,2023,1502001,2023/01/04 00:00:00+00,Enero,4,Miércoles,1899/12/30 00:00:00+00,22:30:00,22,REGION ÑUBLE,YUNGAY,VOLCADURA,VOLCADURA,RURAL,TRAMO DE VIA RECTA,ALCOHOL EN CONDUCTOR,CONDUCCION BAJO LA INFLUENCIA DEL ALCOHOL, , , ,0,O-97-N,31,BIDIRECCIONAL,ASFALTO,BUENO,SECO,DESPEJADO,0,1,0,0,16,161,16109,Ñuble,Diguillín,Yungay,Ruta,O-97-N km 31,-37.163945,-72.071794
-8135690.36708899,-4406881.18569501,1881,2023,1536920,2023/06/03 00:00:00+00,Junio,3,Sábado,1899/12/30 00:00:00+00,01:35:00,1,REGION BIO BIO,TALCAHUANO,IMPACTO CON ANIMAL,OTRO TIPO,RURAL,TRAMO DE VIA RECTA,DEFICIENCIAS VIALES,ANIMALES SUELTOS VIA PUBLICA, , , ,0,RUTA 154,"6,9",BIDIRECCIONAL CON BANDEJON,CONCRETO,BUENO,SECO,DESPEJADO,0,0,0,1,08,081,08110,Biobío,Concepción,Talcahuano,Ruta,"RUTA 154 km 6,9",-36.768454,-73.08415