X,Y,FID,Año,IdAccident,Fecha,Mes,Dia_mes,Dia_semana,Hora,Hora_texto,Hora_aprox,Región,Comuna,Tipo_Accid,Tipo__CONA,Zona,Ubicación,Causa__CON,Causa_Acci,Calle_Uno,Calle_Dos,Intersecci,Número,Ruta,Ubicaci_1,Calzada,Tipo_Calza,Estado_Cal,Condición,Estado_Atm,Fallecidos,Graves,Menos_Grav,Leves,CUT_REG,CUT_PROV,CUT_COM,REGION,PROVINCIA,COMUNA1,Tipo_direc,Direccion,Lat,Lon
-7858980.74911379,-3873567.69946753,1882,2023,1519259,2023/03/24 00:00:00+00,Marzo,24,Viernes,1899/12/30 00:00:00+00,15:45:00,15,REGION VALPARAISO,LOS ANDES,COLISION POR ALCANCE,COLISION,URBANA,TRAMO DE VIA RECTA,IMPRUDENCIA DEL CONDUCTOR,CONDUCCION NO ATENTO CONDICIONES TRANSITO MOMENTO,MAIPU, ,- MAIPU,559, , ,UNIDIRECCIONAL,ASFALTO,BUENO,SECO,DESPEJADO,0,0,0,1,05,053,05301,Valparaíso,Los Andes,Los Andes,Numero,"MAIPU 559, Los Andes",-32.836089,-70.598425
-7863097.32675125,-3949577.16276898,1883,2023,1564829,2023/10/09 00:00:00+00,Octubre,9,Lunes,1899/12/30 00:00:00+00,12:50:00,12,REGION METROPOLITANA,RECOLETA,VOLCADURA,VOLCADURA,URBANA,CRUCE CON SEÑAL PARE,DEFICIENCIAS VIALES,ANIMALES SUELTOS VIA PUBLICA,MEXICO, ,- MEXICO,2029, , ,BIDIRECCIONAL,ASFALTO,BUENO,SECO,DESPEJADO,0,0,0,1,13,131,13127,Metropolitana de Santiago,Santiago,Recoleta,Numero,"MEXICO 2029, Recoleta",-33.40794,-70.635405
-7965018.67987588,-4282522.17887009,1884,2023,1536126,2023/06/03 00:00:00+00,Junio,3,Sábado,1899/12/30 00:00:00+00,14:15:00,14,REGION MAULE,LINARES,CHOQUE FRENTE/POSTERIOR,CHOQUE,RURAL,TRAMO DE VIA RECTA,ALCOHOL EN CONDUCTOR,CONDUCCION EN ESTADO DE EBRIEDAD, , , ,0,L-45,3,BIDIRECCIONAL,ASFALTO,BUENO,SECO,NUBLADO,0,1,0,0,07,074,07401,Maule,Linares,Linares,Ruta,L-45 km 3,-35.868354,-71.55098
-8122196.39933147,-4395476.70843303,1885,2023,1502108,2023/01/05 00:00:00+00,Enero,5,Jueves,1899/12/30 00:00:00+00,18:30:00,18,REGION BIO BIO,TOME,VOLCADURA,VOLCADURA,RURAL,TRAMO DE VIA CURVA VERTICAL,VELOCIDAD IMPRUDENTE,VELOCIDAD NO RAZONABLE NI PRUDENTE, , , ,0,RUTA 150,16,BIDIRECCIONAL CON BANDEJON,CONCRETO,BUENO,SECO,DESPEJADO,0,0,0,1,08,081,08111,Biobío,Concepción,Tomé,Ruta,RUTA 150 km 16,-36.686343,-72.962932
-7865641.21385904,-3950275.52246039,1886,2023,1519147,2023/03/24 00:00:00+00,Marzo,24,Viernes,1899/12/30 00:00:00+00,22:20:00,22,REGION METROPOLITANA,INDEPENDENCIA,COLISION LATERAL,COLISION,URBANA,TRAMO DE VIA RECTA,ALCOHOL EN CONDUCTOR,CONDUCCION BAJO LA INFLUENCIA DEL ALCOHOL,INDEPENDENCIA, ,- INDEPENDENCIA,1517, , ,BIDIRECCIONAL,CONCRETO,BUENO,SECO,DESPEJADO,0,1,0,0,13,131,13108,Metropolitana de Santiago,Santiago,Independencia,Numero,"INDEPENDENCIA 1517, Independencia",-33.413176,-70.658257
-7871699.06019228,-3950682.71185462,1887,2023,1564579,2023/10/09 00:00:00+00,Octubre,9,Lunes,1899/12/30 00:00:00+00,13:30:00,13,REGION METROPOLITANA,QUINTA NORMAL,COLISION POR ALCANCE,COLISION,URBANA,TRAMO DE VIA RECTA,IMPRUDENCIA DEL CONDUCTOR,CONDUCCION NO ATENTO CONDICIONES TRANSITO MOMENTO,CARRASCAL, ,- CARRASCAL,6049, , ,UNIDIRECCIONAL,ASFALTO,REGULAR,SECO,DESPEJADO,0,1,0,0,13,131,13126,Metropolitana de Santiago,Santiago,Quinta Normal,Numero,"CARRASCAL 6049, Quinta Normal",-33.41623,-70.712676
-7934500.61719272,-4116565.50966001,1888,2023,1507890,2023/01/06 00:00:00+00,Enero,6,Viernes,1899/12/30 00:00:00+00,08:40:00,8,REGION LIB.B.O'HIGGINS,NANCAGUA,COLISION LATERAL,COLISION,RURAL,TRAMO DE VIA RECTA,IMPRUDENCIA DEL CONDUCTOR,CONDUCCION NO ATENTO CONDICIONES TRANSITO MOMENTO, , , ,0,I-50,30,BIDIRECCIONAL,ASFALTO,BUENO,SECO,DESPEJADO,0,1,0,0,06,063,06305,Libertador General Bernardo O'Higgins,Colchagua,Nancagua,Ruta,I-50 km 30,-34.651085,-71.276832
-8050128.31152925,-4503894.16804711,1889,2023,1535816,2023/06/03 00:00:00+00,Junio,3,Sábado,1899/12/30 00:00:00+00,17:30:00,17,REGION BIO BIO,LOS ANGELES,COLISION LATERAL,COLISION,RURAL,TRAMO DE VIA RECTA,IMPRUDENCIA DEL CONDUCTOR,CONDUCCION NO ATENTO CONDICIONES TRANSITO MOMENTO, , , ,0,Q-45,1,BIDIRECCIONAL,CONCRETO,BUENO,HUMEDO,NUBLADO,0,1,0,0,08,083,08301,Biobío,Biobío,Los Angeles,Ruta,Q-45 km 1,-37.463379,-72.315533
-8150047.43476667,-5251038.88466919,1890,2023,1518891,2023/03/24 00:00:00+00,Marzo,24,Viernes,1899/12/30 00:00:00+00,22:30:00,22,REGION LOS LAGOS,QUINCHAO,VOLCADURA,VOLCADURA,URBANA,TRAMO DE VIA RECTA,VELOCIDAD IMPRUDENTE,VELOCIDAD NO RAZONABLE NI PRUDENTE,ISLA APIAO, ,- ISLA APIAO,150, , ,BIDIRECCIONAL,RIPIO,REGULAR, ,DESPEJADO,1,0,0,0,10,102,10210,Los Lagos,Chiloé,Quinchao,Numero,"ISLA APIAO 150, Quinchao",-42.598375,-73.213122
-8088510.36829654,-4559995.46866352,1891,2023,1535803,2023/06/05 00:00:00+00,Junio,5,Lunes,1899/12/30 00:00:00+00,07:40:00,7,REGION ARAUCANIA,ANGOL,VOLCADURA,VOLCADURA,RURAL,TRAMO DE VIA RECTA,VELOCIDAD IMPRUDENTE,VELOCIDAD NO RAZONABLE NI PRUDENTE, , , ,0,R-300,4,BIDIRECCIONAL,ASFALTO,BUENO,HUMEDO,NEBLINA,0,1,0,0,09,092,09201,La Araucanía,Malleco,Angol,Ruta,R-300 km 4,-37.862327,-72.660325
-8061500.07410592,-4493484.0289522,1892,2023,1502830,2023/01/07 00:00:00+00,Enero,7,Sábado,1899/12/30 00:00:00+00,11:35:00,11,REGION BIO BIO,LOS ANGELES,COLISION FRONTAL,COLISION,RURAL,TRAMO DE VIA RECTA,IMPRUDENCIA DEL CONDUCTOR,CONDUCCION POR IZQUIERDA EJE CALZADA, , , ,0,Q-20,6,BIDIRECCIONAL,ASFALTO,BUENO,SECO,DESPEJADO,0,0,2,0,08,083,08301,Biobío,Biobío,Los Angeles,Ruta,Q-20 km 6,-37.389115,-72.417687
-7851380.05640522,-3959679.64499053,1893,2023,1564287,2023/10/09 00:00:00+00,Octubre,9,Lunes,1899/12/30 00:00:00+00,15:35:00,15,REGION METROPOLITANA,PEÑALOLEN,ATROPELLO,ATROPELLO,URBANA,TRAMO DE VIA RECTA,IMPRUDENCIA DEL PEATON,IMPRUDENCIA DEL PEATON,ANTUPIREN, ,- ANTUPIREN,9713, , ,BIDIRECCIONAL,CONCRETO,BUENO,SECO,DESPEJADO,0,0,1,1,13,131,13122,Metropolitana de Santiago,Santiago,Peñalolén,Numero,"ANTUPIREN 9713, Peñalolén",-33.483664,-70.530147
-7949198.01200878,-3937423.49656505,1894,2023,1519422,2023/03/25 00:00:00+00,Marzo,25,Sábado,1899/12/30 00:00:00+00,04:50:00,4,REGION VALPARAISO,CASABLANCA,CHOQUE FRONTAL,CHOQUE,URBANA,TRAMO DE VIA RECTA,VELOCIDAD IMPRUDENTE,VELOCIDAD NO RAZONABLE NI PRUDENTE,CONSTITUCION, ,- CONSTITUCION,426, , ,BIDIRECCIONAL,CONCRETO,REGULAR,SECO,DESPEJADO,0,1,0,0,05,051,05102,Valparaíso,Valparaíso,Casablanca,Numero,"CONSTITUCION 426, Casablanca",-33.316753,-71.408861
-7876262.24658404,-4054579.51162492,1895,2023,1536243,2023/06/05 00:00:00+00,Junio,5,Lunes,1899/12/30 00:00:00+00,08:00:00,8,REGION LIB.B.O'HIGGINS,RANCAGUA,COLISION POR ALCANCE,COLISION,RURAL,TRAMO DE VIA RECTA,IMPRUDENCIA DEL CONDUCTOR,CONDUCCION NO ATENTO CONDICIONES TRANSITO MOMENTO, , , ,0,RUTA TRAVESIA,88,BIDIRECCIONAL CON BANDEJON,CONCRETO,BUENO,SECO,DESPEJADO,0,1,0,0,06,061,06101,Libertador General Bernardo O'Higgins,Cachapoal,Rancagua,Ruta,RUTA TRAVESIA km 88,-34.191757,-70.753668
-8057543.37336528,-4426915.58316279,1896,2023,1502917,2023/01/07 00:00:00+00,Enero,7,Sábado,1899/12/30 00:00:00+00,15:10:00,15,REGION ÑUBLE,PEMUCO,VOLCADURA,VOLCADURA,RURAL,TRAMO DE VIA CURVA HORIZONTAL,VELOCIDAD IMPRUDENTE,"VELOCIDAD NO REDUCIR CRUCE DE CALLES, CUMBRE, CURVA, ETC.", , , ,0,N-860,5,BIDIRECCIONAL,ASFALTO,BUENO,SECO,DESPEJADO,0,1,0,0,16,161,16105,Ñuble,Diguillín,Pemuco,Ruta,N-860 km 5,-36.912487,-72.382144
-8018075.41404546,-4084035.36874402,1897,2023,1565513,2023/10/10 00:00:00+00,Octubre,10,Martes,1899/12/30 00:00:00+00,09:00:00,9,REGION LIB.B.O'HIGGINS,PICHILEMU,COLISION,COLISION,URBANA,TRAMO DE VIA RECTA,IMPRUDENCIA DEL CONDUCTOR,CONDUCCION NO ATENTO CONDICIONES TRANSITO MOMENTO,COMERCIO, ,- COMERCIO,2851, , ,BIDIRECCIONAL,CONCRETO,REGULAR,SECO,DESPEJADO,0,1,0,0,06,062,06201,Libertador General Bernardo O'Higgins,Cardenal Caro,Pichilemu,Numero,"COMERCIO 2851, Pichilemu",-34.410345,-72.027597
-7866316.08405296,-3922381.75312048,1898,2023,1520402,2023/03/25 00:00:00+00,Marzo,25,Sábado,1899/12/30 00:00:00+00,20:00:00,20,REGION METROPOLITANA,COLINA,VOLCADURA,VOLCADURA,RURAL,TRAMO DE VIA RECTA,DEFICIENCIAS VIALES,ANIMALES SUELTOS VIA PUBLICA, , , ,0,RUTA 57,20,BIDIRECCIONAL CON BANDEJON,ASFALTO,BUENO,SECO,DESPEJADO,0,1,0,0,13,133,13301,Metropolitana de Santiago,Chacabuco,Colina,Numero,RUTA 57 km 20,-33.203765,-70.66432
-8086576.58561388,-4719692.82741269,1899,2023,1536490,2023/06/05 00:00:00+00,Junio,5,Lunes,1899/12/30 00:00:00+00,18:30:00,18,REGION ARAUCANIA,PITRUFQUEN,VOLCADURA,VOLCADURA,RURAL,TRAMO DE VIA RECTA,VELOCIDAD IMPRUDENTE,VELOCIDAD NO RAZONABLE NI PRUDENTE, , , ,0,RUTA 5 SUR,704,BIDIRECCIONAL,ASFALTO,BUENO,MOJADO,LLUVIA,0,0,0,1,09,091,09114,La Araucanía,Cautín,Pitrufquén,Ruta,RUTA 5 SUR km 704,-38.986185,-72.642953
-7899678.36188549,-3735435.69852692,1900,2023,1503907,2023/01/07 00:00:00+00,Enero,7,Sábado,1899/12/30 00:00:00+00,15:30:00,15,REGION COQUIMBO,ILLAPEL,VOLCADURA,VOLCADURA,RURAL,TRAMO DE VIA RECTA,VELOCIDAD IMPRUDENTE,VELOCIDAD NO RAZONABLE NI PRUDENTE, , , ,0,"D-81, D-835",35,BIDIRECCIONAL,ASFALTO,BUENO,SECO,DESPEJADO,0,0,0,1,04,042,04201,Coquimbo,Choapa,Illapel,Ruta,"D-81, D-835 km 35",-31.787399,-70.964018
-7826440.80553635,-3171842.45535652,1901,2023,1565342,2023/10/10 00:00:00+00,Octubre,10,Martes,1899/12/30 00:00:00+00,11:20:00,11,REGION ATACAMA,COPIAPO,COLISION POR ALCANCE,COLISION,URBANA,TRAMO DE VIA RECTA,IMPRUDENCIA DEL CONDUCTOR,CONDUCCION NO ATENTO CONDICIONES TRANSITO MOMENTO,LOS CARRERA, ,- LOS CARRERA,3306, , ,BIDIRECCIONAL CON BANDEJON,ASFALTO,BUENO,SECO,DESPEJADO,0,1,0,0,03,031,03101,Atacama,Copiapó,Copiapó,Numero,"LOS CARRERA 3306, Copiapó",-27.386493,-70.306114
-7973990.26514497,-3898766.87118904,1902,2023,1519376,2023/03/25 00:00:00+00,Marzo,25,Sábado,1899/12/30 00:00:00+00,21:50:00,21,REGION VALPARAISO,VALPARAISO,CHOQUE POSTERIOR/LADO,CHOQUE,URBANA,TRAMO DE VIA RECTA,VELOCIDAD IMPRUDENTE,VELOCIDAD MAYOR QUE MAXIMA PERMITIDA,ALTAMIRANO, ,- ALTAMIRANO,1005, , ,BIDIRECCIONAL,CONCRETO,BUENO,SECO,DESPEJADO,0,0,0,0,05,051,05101,Valparaíso,Valparaíso,Valparaíso,Numero,"ALTAMIRANO 1005, Valparaíso",-33.026085,-71.631573
-7945929.1044527,-4048206.93594755,1903,2023,1503685,2023/01/07 00:00:00+00,Enero,7,Sábado,1899/12/30 00:00:00+00,19:30:00,19,REGION LIB.B.O'HIGGINS,LAS CABRAS,COLISION,COLISION,RURAL,TRAMO DE VIA RECTA,IMPRUDENCIA DEL CONDUCTOR,VIRAJES INDEBIDOS, , , ,0,RUTA 66,66,BIDIRECCIONAL,ASFALTO,BUENO,SECO,DESPEJADO,0,0,0,1,06,061,06107,Libertador General Bernardo O'Higgins,Cachapoal,Las Cabras,Ruta,RUTA 66 km 66,-34.144393,-71.379496
-7901347.85060121,-4146548.18386212,1904,2023,1536802,2023/06/08 00:00:00+00,Junio,8,Jueves,1899/12/30 00:00:00+00,07:40:00,7,REGION MAULE,TENO,IMPACTO CON ANIMAL,OTRO TIPO,RURAL,TRAMO DE VIA RECTA,DEFICIENCIAS VIALES,ANIMALES SUELTOS VIA PUBLICA, , , ,0,J-119,11,BIDIRECCIONAL,ASFALTO,BUENO,SECO,NUBLADO,1,0,0,0,07,073,07308,Maule,Curicó,Teno,Ruta,J-119 km 11,-34.872355,-70.979015
-7861432.39102496,-3955644.60631138,1905,2023,1570946,2023/10/10 00:00:00+00,Octubre,10,Martes,1899/12/30 00:00:00+00,15:30:00,15,REGION METROPOLITANA,ÑUÑOA,COLISION LATERAL,COLISION,URBANA,CRUCE CON SEMAFORO FUNCIONANDO,IMPRUDENCIA DEL CONDUCTOR,CONDUCCION NO ATENTO CONDICIONES TRANSITO MOMENTO,IRARRAZAVAL, ,- IRARRAZAVAL,1018, , ,BIDIRECCIONAL CON BANDEJON,CONCRETO,BUENO,SECO,DESPEJADO,0,0,0,1,13,131,13120,Metropolitana de Santiago,Santiago,Ñuñoa,Numero,"IRARRAZAVAL 1018, Ñuñoa",-33.453427,-70.620449
-8139344.26117053,-4400819.21787305,1906,2023,1520265,2023/03/25 00:00:00+00,Marzo,25,Sábado,1899/12/30 00:00:00+00,22:20:00,22,REGION BIO BIO,TALCAHUANO,VOLCADURA,VOLCADURA,URBANA,TRAMO DE VIA RECTA,VELOCIDAD IMPRUDENTE,VELOCIDAD MAYOR QUE MAXIMA PERMITIDA,CRISTOBAL COLON, ,- CRISTOBAL COLON,4990, , ,BIDIRECCIONAL,CONCRETO,BUENO,SECO,DESPEJADO,0,0,1,0,08,081,08110,Biobío,Concepción,Talcahuano,Numero,"CRISTOBAL COLON 4990, Talcahuano",-36.724819,-73.116974
-7872802.42401957,-4037907.0812247,1907,2023,1585549,2023/10/11 00:00:00+00,Octubre,11,Miércoles,1899/12/30 00:00:00+00,10:00:00,10,REGION LIB.B.O'HIGGINS,GRANEROS,CHOQUE POSTERIOR/FRENTE,CHOQUE,URBANA,TRAMO DE VIA RECTA,IMPRUDENCIA DEL CONDUCTOR,CONDUCCION NO ATENTO CONDICIONES TRANSITO MOMENTO,RAFAEL LIRA, ,- RAFAEL LIRA,42, , ,BIDIRECCIONAL,ASFALTO,BUENO,SECO,DESPEJADO,0,0,0,0,06,061,06106,Libertador General Bernardo O'Higgins,Cachapoal,Graneros,Numero,"RAFAEL LIRA 42, Graneros",-34.067782,-70.722587
-8006838.24366837,-4384916.67100044,1908,2023,1504534,2023/01/07 00:00:00+00,Enero,7,Sábado,1899/12/30 00:00:00+00,22:40:00,22,REGION ÑUBLE,COIHUECO,COLISION FRONTAL,COLISION,RURAL,TRAMO DE VIA RECTA,IMPRUDENCIA DEL CONDUCTOR,CONDUCCION NO ATENTO CONDICIONES TRANSITO MOMENTO, , , ,0,N-49,16,BIDIRECCIONAL,ASFALTO,BUENO,SECO,DESPEJADO,0,1,0,0,16,163,16302,Ñuble,Punilla,Coihueco,Ruta,N-49 km 16,-36.610233,-71.926652
-7868573.92617794,-3966939.77657015,1909,2023,1518736,2023/03/26 00:00:00+00,Marzo,26,Domingo,1899/12/30 00:00:00+00,05:35:00,5,REGION METROPOLITANA,LA CISTERNA,COLISION POR ALCANCE,COLISION,URBANA,TRAMO DE VIA RECTA,IMPRUDENCIA DEL CONDUCTOR,CONDUCCION SIN MANTENER DISTANCIA RAZONABLE NI PRUDENTE,JOSE JOAQUIN PRIETO VIAL, ,- JOSE JOAQUIN PRIETO VIAL,9150, , ,UNIDIRECCIONAL,CONCRETO,BUENO,SECO,DESPEJADO,0,1,0,0,13,131,13109,Metropolitana de Santiago,Santiago,La Cisterna,Numero,"JOSE JOAQUIN PRIETO VIAL 9150, La Cisterna",-33.538042,-70.684602
-7938667.4996628,-4202822.13532142,1910,2023,1537179,2023/06/08 00:00:00+00,Junio,8,Jueves,1899/12/30 00:00:00+00,12:00:00,12,REGION MAULE,SAN CLEMENTE,VOLCADURA,VOLCADURA,RURAL,TRAMO DE VIA RECTA,VELOCIDAD IMPRUDENTE,VELOCIDAD NO RAZONABLE NI PRUDENTE, , , ,0,"K-15, K-25, K-55",25,BIDIRECCIONAL,ASFALTO,REGULAR,MOJADO,LLOVIZNA,0,0,0,1,07,071,07109,Maule,Talca,San Clemente,Ruta,"K-15, K-25, K-55 km 25",-35.286048,-71.314264
-8142402.33152574,-4444885.29461396,1911,2023,1522811,2023/03/26 00:00:00+00,Marzo,26,Domingo,1899/12/30 00:00:00+00,12:20:00,12,REGION BIO BIO,CORONEL,VOLCADURA,VOLCADURA,URBANA,TRAMO DE VIA RECTA,IMPRUDENCIA DEL CONDUCTOR,CONDUCCION SIN MANTENER DISTANCIA RAZONABLE NI PRUDENTE,CARLOS PRATS, ,- CARLOS PRATS,1, , ,BIDIRECCIONAL,ASFALTO,BUENO,SECO,DESPEJADO,0,1,0,0,08,081,08102,Biobío,Concepción,Coronel,Numero,"CARLOS PRATS 1, Coronel",-37.041445,-73.144445
-8117514.35477055,-5080792.66692574,1912,2023,1566719,2023/10/11 00:00:00+00,Octubre,11,Miércoles,1899/12/30 00:00:00+00,10:30:00,10,REGION LOS LAGOS,PUERTO MONTT,ATROPELLO,ATROPELLO,URBANA,TRAMO DE VIA RECTA,IMPRUDENCIA DEL CONDUCTOR,CONDUCCION NO ATENTO CONDICIONES TRANSITO MOMENTO,PRESIDENTE IBAÑEZ, ,- PRESIDENTE IBAÑEZ,272, , ,BIDIRECCIONAL CON BANDEJON,CONCRETO,BUENO,SECO,DESPEJADO,0,0,0,1,10,101,10101,Los Lagos,Llanquihue,Puerto Montt,Numero,"PRESIDENTE IBAÑEZ 272, Puerto Montt",-41.46244,-72.920872
-7915685.15195596,-4149600.97027729,1913,2023,1537837,2023/06/10 00:00:00+00,Junio,10,Sábado,1899/12/30 00:00:00+00,18:00:00,18,REGION MAULE,TENO,COLISION,COLISION,RURAL,TRAMO DE VIA RECTA,IMPRUDENCIA DEL CONDUCTOR,CONDUCCION SIN MANTENER DISTANCIA RAZONABLE NI PRUDENTE, , , ,0,J-415,"4,8",BIDIRECCIONAL,ASFALTO,BUENO,SECO,DESPEJADO,0,1,0,0,07,073,07308,Maule,Curicó,Teno,Ruta,"J-415 km 4,8",-34.894851,-71.10781
-8056269.48531035,-4488819.96518562,1914,2023,1502836,2023/01/08 00:00:00+00,Enero,8,Domingo,1899/12/30 00:00:00+00,00:05:00,0,REGION BIO BIO,LOS ANGELES,COLISION LATERAL,COLISION,RURAL,TRAMO DE VIA RECTA,IMPRUDENCIA DEL CONDUCTOR,ADELANTAMIENTO SIN EL ESPACIO O TIEMPO SUFICIENTE, , , ,0,RUTA 5 SUR,497,BIDIRECCIONAL CON BANDEJON,ASFALTO,BUENO,SECO,DESPEJADO,0,1,0,0,08,083,08301,Biobío,Biobío,Los Angeles,Ruta,RUTA 5 SUR km 497,-37.355818,-72.3707
-7873934.76746066,-4037727.57172713,1915,2023,1519819,2023/03/26 00:00:00+00,Marzo,26,Domingo,1899/12/30 00:00:00+00,17:30:00,17,REGION LIB.B.O'HIGGINS,GRANEROS,CHOQUE,CHOQUE,URBANA,TRAMO DE VIA RECTA,IMPRUDENCIA DEL CONDUCTOR,CONDUCCION NO ATENTO CONDICIONES TRANSITO MOMENTO,LA COMPAÑIA, ,- LA COMPAÑIA,1, , ,BIDIRECCIONAL,ASFALTO,BUENO,SECO,DESPEJADO,0,0,0,0,06,061,06106,Libertador General Bernardo O'Higgins,Cachapoal,Graneros,Numero,"LA COMPAÑIA 1, Graneros",-34.066446,-70.732759
-7931851.10380686,-4146001.80404979,1916,2023,1538024,2023/06/11 00:00:00+00,Junio,11,Domingo,1899/12/30 00:00:00+00,17:20:00,17,REGION MAULE,TENO,CHOQUE,CHOQUE,RURAL,TRAMO DE VIA RECTA,IMPRUDENCIA DEL CONDUCTOR,CONDUCCION NO ATENTO CONDICIONES TRANSITO MOMENTO, , , ,0,J-40,12,BIDIRECCIONAL,ASFALTO,BUENO,SECO,DESPEJADO,0,1,0,0,07,073,07308,Maule,Curicó,Teno,Ruta,J-40 km 12,-34.868328,-71.253031
-7968663.25263099,-4280348.3268214,1917,2023,1566141,2023/10/11 00:00:00+00,Octubre,11,Miércoles,1899/12/30 00:00:00+00,15:30:00,15,REGION MAULE,LINARES,COLISION FRONTAL,COLISION,URBANA,TRAMO DE VIA RECTA,OTRAS CAUSAS,HECHO DELICTUAL,BAQUEDANO, ,- BAQUEDANO,251, , ,BIDIRECCIONAL,ASFALTO,BUENO,SECO,DESPEJADO,0,0,0,1,07,074,07401,Maule,Linares,Linares,Numero,"BAQUEDANO 251, Linares",-35.852528,-71.58372
-7939649.60557327,-3499283.53636952,1918,2023,1537941,2023/06/12 00:00:00+00,Junio,12,Lunes,1899/12/30 00:00:00+00,08:30:00,8,REGION COQUIMBO,COQUIMBO,COLISION LATERAL,COLISION,RURAL,ENLACE A NIVEL,IMPRUDENCIA DEL CONDUCTOR,CONDUCCION NO ATENTO CONDICIONES TRANSITO MOMENTO, , , ,0,RUTA 5 NORTE,460,UNIDIRECCIONAL,ASFALTO,BUENO,SECO,DESPEJADO,0,0,0,1,04,041,04102,Coquimbo,Elqui,Coquimbo,Ruta,RUTA 5 NORTE km 460,-29.966804,-71.323086
-7959317.06339385,-4267018.69640642,1919,2023,1502267,2023/01/08 00:00:00+00,Enero,8,Domingo,1899/12/30 00:00:00+00,00:25:00,0,REGION MAULE,COLBUN,VOLCADURA,VOLCADURA,RURAL,TRAMO DE VIA RECTA,ALCOHOL EN CONDUCTOR,CONDUCCION EN ESTADO DE EBRIEDAD, , , ,0,L-31,16,BIDIRECCIONAL,ASFALTO,BUENO,SECO,DESPEJADO,0,1,0,0,07,074,07402,Maule,Linares,Colbún,Ruta,L-31 km 16,-35.755414,-71.499762
-7924836.7263256,-3971382.88425983,1920,2023,1519115,2023/03/26 00:00:00+00,Marzo,26,Domingo,1899/12/30 00:00:00+00,20:50:00,20,REGION METROPOLITANA,MELIPILLA,COLISION LATERAL,COLISION,RURAL,TRAMO DE VIA CURVA HORIZONTAL,ALCOHOL EN CONDUCTOR,CONDUCCION EN ESTADO DE EBRIEDAD, , , ,0,G-380,2,BIDIRECCIONAL,ASFALTO,BUENO,SECO,DESPEJADO,0,0,1,0,13,135,13501,Metropolitana de Santiago,Melipilla,Melipilla,Numero,G-380 km 2,-33.571304,-71.19002
-7922099.24843396,-4153343.11581862,1921,2023,1502795,2023/01/08 00:00:00+00,Enero,8,Domingo,1899/12/30 00:00:00+00,04:00:00,4,REGION MAULE,CURICO,COLISION,COLISION,RURAL,TRAMO DE VIA RECTA,VELOCIDAD IMPRUDENTE,VELOCIDAD NO RAZONABLE NI PRUDENTE, , , ,0,RUTA 5 SUR,"181,5",BIDIRECCIONAL CON BANDEJON,CONCRETO,BUENO,SECO,DESPEJADO,1,0,0,1,07,073,07301,Maule,Curicó,Curicó,Ruta,"RUTA 5 SUR km 181,5",-34.922418,-71.165428
-7942455.15754879,-4215595.74631494,1922,2023,1538834,2023/06/12 00:00:00+00,Junio,12,Lunes,1899/12/30 00:00:00+00,18:00:00,18,REGION MAULE,RIO CLARO,CHOQUE FRONTAL,CHOQUE,RURAL,TRAMO DE VIA RECTA,VELOCIDAD IMPRUDENTE,VELOCIDAD NO RAZONABLE NI PRUDENTE, , , ,0,"K-15, K-25, K-55",37,BIDIRECCIONAL,ASFALTO,BUENO,HUMEDO,NUBLADO,0,0,1,0,07,071,07108,Maule,Talca,Río Claro,Ruta,"K-15, K-25, K-55 km 37",-35.379659,-71.348289
-7847566.48267386,-3976637.62682397,1923,2023,1567027,2023/10/11 00:00:00+00,Octubre,11,Miércoles,1899/12/30 00:00:00+00,16:20:00,16,REGION METROPOLITANA,PIRQUE,VOLCADURA,VOLCADURA,URBANA,TRAMO DE VIA RECTA,VELOCIDAD IMPRUDENTE,VELOCIDAD NO RAZONABLE NI PRUDENTE,RAMON SUBERCASEAUX, ,- RAMON SUBERCASEAUX,8785, , ,BIDIRECCIONAL,ASFALTO,BUENO,SECO,NUBLADO,0,1,0,0,13,132,13202,Metropolitana de Santiago,Cordillera,Pirque,Numero,"RAMON SUBERCASEAUX 8785, Pirque",-33.610626,-70.495889
-7929826.09266416,-4160195.32711194,1924,2023,1520446,2023/03/26 00:00:00+00,Marzo,26,Domingo,1899/12/30 00:00:00+00,21:50:00,21,REGION MAULE,CURICO,COLISION LATERAL,COLISION,URBANA,TRAMO DE VIA RECTA,IMPRUDENCIA DEL CONDUCTOR,CONDUCCION NO ATENTO CONDICIONES TRANSITO MOMENTO,MANSO DE VELASCO, ,- MANSO DE VELASCO,1489, , ,BIDIRECCIONAL,ASFALTO,BUENO,SECO,DESPEJADO,0,0,0,1,07,073,07301,Maule,Curicó,Curicó,Numero,"MANSO DE VELASCO 1489, Curicó",-34.972873,-71.23484
-8108709.14883692,-4722878.19294217,1925,2023,1502595,2023/01/08 00:00:00+00,Enero,8,Domingo,1899/12/30 00:00:00+00,17:50:00,17,REGION ARAUCANIA,FREIRE,COLISION,COLISION,RURAL,TRAMO DE VIA RECTA,IMPRUDENCIA DEL CONDUCTOR,CONDUCCION NO ATENTO CONDICIONES TRANSITO MOMENTO, , , ,0,S-60,21,BIDIRECCIONAL,ASFALTO,BUENO,SECO,DESPEJADO,0,1,0,0,09,091,09105,La Araucanía,Cautín,Freire,Ruta,S-60 km 21,-39.008423,-72.841774
-8051406.48039746,-4504829.09550728,1926,2023,1521976,2023/03/27 00:00:00+00,Marzo,27,Lunes,1899/12/30 00:00:00+00,08:30:00,8,REGION BIO BIO,LOS ANGELES,COLISION LATERAL,COLISION,URBANA,CRUCE SIN SEÑALIZACION,IMPRUDENCIA DEL CONDUCTOR,CONDUCCION NO ATENTO CONDICIONES TRANSITO MOMENTO,LAS INDUSTRIAS, ,- LAS INDUSTRIAS,503, , ,BIDIRECCIONAL,ASFALTO,BUENO,SECO,DESPEJADO,0,1,0,1,08,083,08301,Biobío,Biobío,Los Angeles,Numero,"LAS INDUSTRIAS 503, Los Angeles",-37.470045,-72.327015