X,Y,FID,Año,IdAccident,Fecha,Mes,Dia_mes,Dia_semana,Hora,Hora_texto,Hora_aprox,Región,Comuna,Tipo_Accid,Tipo__CONA,Zona,Ubicación,Causa__CON,Causa_Acci,Calle_Uno,Calle_Dos,Intersecci,Número,Ruta,Ubicaci_1,Calzada,Tipo_Calza,Estado_Cal,Condición,Estado_Atm,Fallecidos,Graves,Menos_Grav,Leves,CUT_REG,CUT_PROV,CUT_COM,REGION,PROVINCIA,COMUNA1,Tipo_direc,Direccion,Lat,Lon
-7866232.63589025,-4051562.51764587,1927,2023,1564985,2023/10/11 00:00:00+00,Octubre,11,Miércoles,1899/12/30 00:00:00+00,18:25:00,18,REGION LIB.B.O'HIGGINS,MACHALI,COLISION POR ALCANCE,COLISION,URBANA,TRAMO DE VIA RECTA,DROGAS Y/O FATIGA EN CONDUCTOR,"CONDICIONES FISICAS DEFICIENTES (CANSANCIO, SUEÑO)",SAN JUAN, ,- SAN JUAN,2045, , ,BIDIRECCIONAL CON BANDEJON,CONCRETO,BUENO,SECO,DESPEJADO,0,0,0,1,06,061,06108,Libertador General Bernardo O'Higgins,Cachapoal,Machalí,Numero,"SAN JUAN 2045, Machalí",-34.169337,-70.66357
-8122450.27770138,-4373500.33284699,1928,2023,1503475,2023/01/08 00:00:00+00,Enero,8,Domingo,1899/12/30 00:00:00+00,22:00:00,22,REGION BIO BIO,TOME,CHOQUE FRENTE/POSTERIOR,CHOQUE,RURAL,TRAMO DE VIA CURVA VERTICAL,ALCOHOL EN CONDUCTOR,CONDUCCION EN ESTADO DE EBRIEDAD, , , ,0,O-260,4,BIDIRECCIONAL,ASFALTO,BUENO,SECO,DESPEJADO,0,1,0,0,08,081,08111,Biobío,Concepción,Tomé,Ruta,O-260 km 4,-36.527867,-72.965212
-7929939.77839545,-4079401.09000242,1929,2023,1537581,2023/06/12 00:00:00+00,Junio,12,Lunes,1899/12/30 00:00:00+00,18:45:00,18,REGION LIB.B.O'HIGGINS,PICHIDEGUA,ATROPELLO,ATROPELLO,RURAL,TRAMO DE VIA RECTA,IMPRUDENCIA DEL PEATON,PEATON CRUZA CAMINO O CARRETERA SIN ADOPTAR PRECAUCIONES, , , ,0,H-774,3,BIDIRECCIONAL,ASFALTO,BUENO,SECO,DESPEJADO,0,1,0,0,06,061,06113,Libertador General Bernardo O'Higgins,Cachapoal,Pichidegua,Ruta,H-774 km 3,-34.375993,-71.235861
-7875007.01334919,-3943699.8145288,1930,2023,1519141,2023/03/27 00:00:00+00,Marzo,27,Lunes,1899/12/30 00:00:00+00,08:30:00,8,REGION METROPOLITANA,QUILICURA,COLISION FRONTAL,COLISION,URBANA,TRAMO DE VIA RECTA,IMPRUDENCIA DEL CONDUCTOR,CONDUCCION CONTRA SENTIDO DEL TRANSITO,VOLCAN LICANCABUR, ,- VOLCAN LICANCABUR,920, , ,UNIDIRECCIONAL,ASFALTO,REGULAR,SECO,DESPEJADO,0,1,0,0,13,131,13125,Metropolitana de Santiago,Santiago,Quilicura,Numero,"VOLCAN LICANCABUR 920, Quilicura",-33.363855,-70.742392
-7853245.54449122,-3937736.69990081,1931,2023,1567433,2023/10/12 00:00:00+00,Octubre,12,Jueves,1899/12/30 00:00:00+00,03:01:00,3,REGION METROPOLITANA,LO BARNECHEA,COLISION LATERAL,COLISION,URBANA,TRAMO DE VIA RECTA,IMPRUDENCIA DEL CONDUCTOR,CONDUCCION NO ATENTO CONDICIONES TRANSITO MOMENTO,PIE ANDINO, ,- PIE ANDINO,6500, , ,BIDIRECCIONAL CON BANDEJON,CONCRETO,BUENO,SECO,DESPEJADO,0,0,0,1,13,131,13115,Metropolitana de Santiago,Santiago,Lo Barnechea,Numero,"PIE ANDINO 6500, Lo Barnechea",-33.319104,-70.546905
-8076576.52358799,-4684978.11633375,1932,2023,1540010,2023/06/14 00:00:00+00,Junio,14,Miércoles,1899/12/30 00:00:00+00,08:20:00,8,REGION ARAUCANIA,PADRE LAS CASAS,CHOQUE,CHOQUE,RURAL,TRAMO DE VIA RECTA,VELOCIDAD IMPRUDENTE,VELOCIDAD NO RAZONABLE NI PRUDENTE, , , ,0,S-269,2,BIDIRECCIONAL,ASFALTO,REGULAR,ESCARCHA,NUBLADO,0,1,0,0,09,091,09112,La Araucanía,Cautín,Padre Las Casas,Ruta,S-269 km 2,-38.743371,-72.553121
-7954295.44612901,-3976678.5490219,1933,2023,1507471,2023/01/09 00:00:00+00,Enero,9,Lunes,1899/12/30 00:00:00+00,04:10:00,4,REGION VALPARAISO,SAN ANTONIO,CHOQUE FRENTE/POSTERIOR,CHOQUE,RURAL,TRAMO DE VIA RECTA,IMPRUDENCIA DEL CONDUCTOR,CONDUCCION NO ATENTO CONDICIONES TRANSITO MOMENTO, , , ,0,RUTA 78,92,UNIDIRECCIONAL,ASFALTO,BUENO,SECO,DESPEJADO,0,1,0,0,05,056,05601,Valparaíso,San Antonio,San Antonio,Ruta,RUTA 78 km 92,-33.610932,-71.454652
-7869238.52669244,-3964809.90433969,1934,2023,1521862,2023/03/27 00:00:00+00,Marzo,27,Lunes,1899/12/30 00:00:00+00,17:40:00,17,REGION METROPOLITANA,MAIPU,COLISION LATERAL,COLISION,URBANA,TRAMO DE VIA RECTA,VELOCIDAD IMPRUDENTE,VELOCIDAD NO RAZONABLE NI PRUDENTE,LO ESPEJO, ,- LO ESPEJO,7600, , ,BIDIRECCIONAL,ASFALTO,REGULAR,SECO,DESPEJADO,0,0,0,0,13,131,13119,Metropolitana de Santiago,Santiago,Maipú,Numero,"LO ESPEJO 7600, Maipú",-33.522093,-70.690572
-7971870.86124117,-3973485.43593214,1935,2023,1571242,2023/10/12 00:00:00+00,Octubre,12,Jueves,1899/12/30 00:00:00+00,14:57:00,14,REGION VALPARAISO,SAN ANTONIO,COLISION POR ALCANCE,COLISION,URBANA,TRAMO DE VIA RECTA,IMPRUDENCIA DEL CONDUCTOR,CONDUCCION NO ATENTO CONDICIONES TRANSITO MOMENTO,RAMON BARROS LUCO, ,- RAMON BARROS LUCO,810, , ,BIDIRECCIONAL,ASFALTO,BUENO,SECO,DESPEJADO,0,0,0,1,05,056,05601,Valparaíso,San Antonio,San Antonio,Numero,"RAMON BARROS LUCO 810, San Antonio",-33.58704,-71.612534
-8057988.13880239,-4364521.52553977,1936,2023,1541360,2023/06/14 00:00:00+00,Junio,14,Miércoles,1899/12/30 00:00:00+00,12:15:00,12,REGION ÑUBLE,PORTEZUELO,OTRO TIPO,OTRO TIPO,RURAL,TRAMO DE VIA RECTA,CAUSAS NO DETERMINADAS,CAUSAS NO DETERMINADAS, , , ,0,N-510,"3,9",BIDIRECCIONAL,CONCRETO,BUENO,HUMEDO,DESPEJADO,0,1,0,0,16,162,16205,Ñuble,Itata,Portezuelo,Ruta,"N-510 km 3,9",-36.463026,-72.386139
-7943232.14377216,-4182096.51129698,1937,2023,1502727,2023/01/10 00:00:00+00,Enero,10,Martes,1899/12/30 00:00:00+00,10:38:00,10,REGION MAULE,MOLINA,COLISION LATERAL,COLISION,RURAL,TRAMO DE VIA RECTA,VELOCIDAD IMPRUDENTE,VELOCIDAD NO RAZONABLE NI PRUDENTE, , , ,0,RUTA 5 SUR,"211,4",BIDIRECCIONAL,ASFALTO,BUENO,SECO,DESPEJADO,1,0,0,0,07,073,07304,Maule,Curicó,Molina,Ruta,"RUTA 5 SUR km 211,4",-35.133929,-71.355268
-7870510.65294944,-3932977.02918958,1938,2023,1520410,2023/03/27 00:00:00+00,Marzo,27,Lunes,1899/12/30 00:00:00+00,18:00:00,18,REGION METROPOLITANA,COLINA,COLISION,COLISION,RURAL,TRAMO DE VIA RECTA,IMPRUDENCIA DEL CONDUCTOR,CONDUCCION NO ATENTO CONDICIONES TRANSITO MOMENTO, , , ,0,RUTA 57,10,BIDIRECCIONAL CON BANDEJON,ASFALTO,BUENO,SECO,DESPEJADO,0,1,0,1,13,133,13301,Metropolitana de Santiago,Chacabuco,Colina,Numero,RUTA 57 km 10,-33.283368,-70.702
-8192606.50720578,-5223389.62592939,1939,2023,1538452,2023/06/14 00:00:00+00,Junio,14,Miércoles,1899/12/30 00:00:00+00,14:30:00,14,REGION LOS LAGOS,CURACO DE VELEZ,VOLCADURA,VOLCADURA,RURAL,TRAMO DE VIA RECTA,VELOCIDAD IMPRUDENTE,VELOCIDAD NO RAZONABLE NI PRUDENTE, , , ,0,W-569,"0,46",BIDIRECCIONAL,ASFALTO,REGULAR,HUMEDO,LLOVIZNA,0,0,1,1,10,102,10204,Los Lagos,Chiloé,Curaco de Vélez,Ruta,"W-569 km 0,46",-42.415272,-73.595436
-7988627.79096964,-4410275.27204559,1940,2023,1507497,2023/01/10 00:00:00+00,Enero,10,Martes,1899/12/30 00:00:00+00,18:20:00,18,REGION ÑUBLE,PINTO,COLISION FRONTAL,COLISION,RURAL,TRAMO DE VIA RECTA,IMPRUDENCIA DEL CONDUCTOR,NO RESPETAR DERECHO PREFERENTE DE PASO A VEHICULO, , , ,0,N-55,38,BIDIRECCIONAL,ASFALTO,BUENO,SECO,DESPEJADO,0,1,0,0,16,161,16106,Ñuble,Diguillín,Pinto,Ruta,N-55 km 38,-36.792874,-71.763064
-8039710.52226813,-4674565.91925091,1941,2023,1566649,2023/10/12 00:00:00+00,Octubre,12,Jueves,1899/12/30 00:00:00+00,17:10:00,17,REGION ARAUCANIA,VILCUN,CHOQUE LATERAL,CHOQUE,URBANA,TRAMO DE VIA RECTA,VELOCIDAD IMPRUDENTE,VELOCIDAD NO RAZONABLE NI PRUDENTE,ARTURO PRAT, ,- ARTURO PRAT,181, , ,BIDIRECCIONAL,CONCRETO,BUENO,SECO,DESPEJADO,0,0,0,1,09,091,09119,La Araucanía,Cautín,Vilcún,Numero,"ARTURO PRAT 181, Vilcún",-38.670381,-72.221948
-7889758.51729692,-3955200.41414191,1942,2023,1519719,2023/03/27 00:00:00+00,Marzo,27,Lunes,1899/12/30 00:00:00+00,18:20:00,18,REGION METROPOLITANA,CURACAVI,COLISION LATERAL,COLISION,RURAL,TRAMO DE VIA RECTA,IMPRUDENCIA DEL CONDUCTOR,CONDUCCION NO ATENTO CONDICIONES TRANSITO MOMENTO, , , ,0,RUTA 68,16,BIDIRECCIONAL,ASFALTO,BUENO,SECO,DESPEJADO,0,2,0,0,13,135,13503,Metropolitana de Santiago,Melipilla,Curacaví,Numero,RUTA 68 km 16,-33.450098,-70.874907
-8106222.84388421,-4941562.18013384,1943,2023,1541278,2023/06/14 00:00:00+00,Junio,14,Miércoles,1899/12/30 00:00:00+00,16:20:00,16,REGION DE LOS RIOS,RIO BUENO,COLISION FRONTAL,COLISION,RURAL,TRAMO DE VIA CURVA HORIZONTAL,VELOCIDAD IMPRUDENTE,VELOCIDAD NO RAZONABLE NI PRUDENTE, , , ,0,T-99-U,23,BIDIRECCIONAL,ASFALTO,BUENO,SECO,NUBLADO,0,1,0,0,14,142,14204,Los Ríos,Ranco,Río Bueno,Ruta,T-99-U km 23,-40.518393,-72.819439
-8076602.87012847,-4446282.56852634,1944,2023,1503651,2023/01/12 00:00:00+00,Enero,12,Jueves,1899/12/30 00:00:00+00,21:25:00,21,REGION BIO BIO,YUMBEL,CHOQUE,CHOQUE,RURAL,TRAMO DE VIA CURVA VERTICAL,VELOCIDAD IMPRUDENTE,VELOCIDAD NO RAZONABLE NI PRUDENTE, , , ,0,O-630,6,BIDIRECCIONAL,ASFALTO,BUENO,SECO,DESPEJADO,1,1,0,0,08,083,08313,Biobío,Biobío,Yumbel,Ruta,O-630 km 6,-37.051464,-72.553358
-7854865.47881242,-3969267.06102975,1945,2023,1522055,2023/03/27 00:00:00+00,Marzo,27,Lunes,1899/12/30 00:00:00+00,19:30:00,19,REGION METROPOLITANA,PUENTE ALTO,COLISION LATERAL,COLISION,URBANA,TRAMO DE VIA RECTA,IMPRUDENCIA DEL CONDUCTOR,CONDUCCION NO ATENTO CONDICIONES TRANSITO MOMENTO,CAMILO HENRIQUEZ, ,- CAMILO HENRIQUEZ,11375, , ,BIDIRECCIONAL,CONCRETO,BUENO,SECO,DESPEJADO,0,0,0,0,13,132,13201,Metropolitana de Santiago,Cordillera,Puente Alto,Numero,"CAMILO HENRIQUEZ 11375, Puente Alto",-33.555466,-70.561457
-7931482.89928463,-4159954.87151168,1946,2023,1565217,2023/10/12 00:00:00+00,Octubre,12,Jueves,1899/12/30 00:00:00+00,19:20:00,19,REGION MAULE,CURICO,COLISION LATERAL,COLISION,URBANA,OTROS NO CONSIDERADOS,IMPRUDENCIA DEL CONDUCTOR,ADELANTAMIENTO SIN EL ESPACIO O TIEMPO SUFICIENTE,APOLONIA, ,- APOLONIA,960, , ,BIDIRECCIONAL,ASFALTO,BUENO,SECO,DESPEJADO,0,2,0,0,07,073,07301,Maule,Curicó,Curicó,Numero,"APOLONIA 960, Curicó",-34.971103,-71.249723
-7976853.11371881,-4232674.60382307,1947,2023,1538839,2023/06/15 00:00:00+00,Junio,15,Jueves,1899/12/30 00:00:00+00,13:20:00,13,REGION MAULE,MAULE,COLISION LATERAL,COLISION,RURAL,TRAMO DE VIA CURVA HORIZONTAL,DESOBEDIENCIA A SEÑALIZACION,SEÑALIZACION DESOBEDECER SEÑAL PARE, , , ,0,K-635,"1,8",BIDIRECCIONAL,ASFALTO,BUENO,SECO,DESPEJADO,0,0,0,1,07,071,07105,Maule,Talca,Maule,Ruta,"K-635 km 1,8",-35.504652,-71.657291
-7935048.30032658,-3496093.47514215,1948,2023,1503963,2023/01/13 00:00:00+00,Enero,13,Viernes,1899/12/30 00:00:00+00,04:50:00,4,REGION COQUIMBO,COQUIMBO,COLISION POR ALCANCE,COLISION,RURAL,TRAMO DE VIA RECTA,ALCOHOL EN CONDUCTOR,CONDUCCION BAJO LA INFLUENCIA DEL ALCOHOL, , , ,0,RUTA 5 NORTE,465,BIDIRECCIONAL CON BANDEJON,ASFALTO,BUENO,SECO,DESPEJADO,0,0,0,1,04,041,04102,Coquimbo,Elqui,Coquimbo,Ruta,RUTA 5 NORTE km 465,-29.941975,-71.281752
-7870185.57995429,-3973327.29803257,1949,2023,1519454,2023/03/28 00:00:00+00,Marzo,28,Martes,1899/12/30 00:00:00+00,01:10:00,1,REGION METROPOLITANA,SAN BERNARDO,OTRO TIPO,OTRO TIPO,URBANA,TRAMO DE VIA RECTA,CAUSAS NO DETERMINADAS,CAUSAS NO DETERMINADAS,LAS ACACIAS, ,- LAS ACACIAS,110, , ,UNIDIRECCIONAL,ASFALTO,BUENO,SECO,DESPEJADO,0,1,0,0,13,134,13401,Metropolitana de Santiago,Maipo,San Bernardo,Numero,"LAS ACACIAS 110, San Bernardo",-33.585856,-70.69908
-7870999.62833233,-3962946.58111187,1950,2023,1565034,2023/10/12 00:00:00+00,Octubre,12,Jueves,1899/12/30 00:00:00+00,19:45:00,19,REGION METROPOLITANA,CERRILLOS,COLISION PERPENDICULAR,COLISION,URBANA,TRAMO DE VIA RECTA,IMPRUDENCIA DEL CONDUCTOR,VIRAJES INDEBIDOS,GRAL JOSE BERNALES RAMIREZ, ,- GRAL JOSE BERNALES RAMIREZ,7321, , ,BIDIRECCIONAL,ASFALTO,BUENO,SECO,NUBLADO,0,0,0,1,13,131,13102,Metropolitana de Santiago,Santiago,Cerrillos,Numero,"GRAL JOSE BERNALES RAMIREZ 7321, Cerrillos",-33.508137,-70.706393
-7673141.38783249,-2560118.75494039,1951,2023,1503342,2023/01/13 00:00:00+00,Enero,13,Viernes,1899/12/30 00:00:00+00,17:15:00,17,REGION ANTOFAGASTA,CALAMA,VOLCADURA,VOLCADURA,RURAL,TRAMO DE VIA RECTA,VELOCIDAD IMPRUDENTE,VELOCIDAD NO RAZONABLE NI PRUDENTE, , , ,0,RUTA 24,"79,6",UNIDIRECCIONAL,ASFALTO,BUENO,SECO,DESPEJADO,0,0,0,1,02,022,02201,Antofagasta,El Loa,Calama,Ruta,"RUTA 24 km 79,6",-22.404157,-68.929002
-7985341.39493232,-4227516.19722659,1952,2023,1538911,2023/06/16 00:00:00+00,Junio,16,Viernes,1899/12/30 00:00:00+00,01:00:00,1,REGION MAULE,MAULE,VOLCADURA,VOLCADURA,RURAL,TRAMO DE VIA CURVA HORIZONTAL,VELOCIDAD IMPRUDENTE,"VELOCIDAD NO REDUCIR CRUCE DE CALLES, CUMBRE, CURVA, ETC.", , , ,0,K-610,"4,5",BIDIRECCIONAL,ASFALTO,BUENO,HUMEDO,NUBLADO,0,0,0,1,07,071,07105,Maule,Talca,Maule,Ruta,"K-610 km 4,5",-35.46692,-71.733542
-7851814.98040897,-3950666.09737466,1953,2023,1523147,2023/03/28 00:00:00+00,Marzo,28,Martes,1899/12/30 00:00:00+00,08:30:00,8,REGION METROPOLITANA,LAS CONDES,VOLCADURA,VOLCADURA,URBANA,TRAMO DE VIA RECTA,VELOCIDAD IMPRUDENTE,VELOCIDAD NO RAZONABLE NI PRUDENTE,LAS CONDES, ,- LAS CONDES,7026, , ,BIDIRECCIONAL CON BANDEJON,ASFALTO,BUENO,SECO,DESPEJADO,0,0,0,1,13,131,13114,Metropolitana de Santiago,Santiago,Las Condes,Numero,"LAS CONDES 7026, Las Condes",-33.416105,-70.534054
-7827211.93430622,-2094095.04292169,1954,2023,1565424,2023/10/13 00:00:00+00,Octubre,13,Viernes,1899/12/30 00:00:00+00,16:15:00,16,REGION ARICA Y PARINACOTA,ARICA,VOLCADURA,VOLCADURA,URBANA,TRAMO DE VIA RECTA,VELOCIDAD IMPRUDENTE,VELOCIDAD NO RAZONABLE NI PRUDENTE,18 DE SEPTIEMBRE, ,- 18 DE SEPTIEMBRE,1000, , ,UNIDIRECCIONAL,ASFALTO,BUENO,SECO,DESPEJADO,0,0,1,0,15,151,15101,Arica y Parinacota,Arica,Arica,Numero,"18 DE SEPTIEMBRE 1000, Arica",-18.482437,-70.313041
-8125668.48601989,-4588691.42894505,1955,2023,1505394,2023/01/13 00:00:00+00,Enero,13,Viernes,1899/12/30 00:00:00+00,18:00:00,18,REGION ARAUCANIA,SAAVEDRA,COLISION,COLISION,RURAL,TRAMO DE VIA RECTA,IMPRUDENCIA DEL CONDUCTOR,CONDUCCION NO ATENTO CONDICIONES TRANSITO MOMENTO, , , ,0,R-428,1,BIDIRECCIONAL,RIPIO,MALO, ,DESPEJADO,0,0,0,1,09,091,09116,La Araucanía,Cautín,Saavedra,Ruta,R-428 km 1,-38.06556,-72.994122
-7889797.88304147,-7004863.8005556,1956,2023,1565719,2023/10/13 00:00:00+00,Octubre,13,Viernes,1899/12/30 00:00:00+00,18:41:00,18,REGION MAGALLANES Y ANTARTICA CHILENA,PUNTA ARENAS,COLISION POR ALCANCE,COLISION,URBANA,TRAMO DE VIA RECTA,IMPRUDENCIA DEL CONDUCTOR,CONDUCCION SIN MANTENER DISTANCIA RAZONABLE NI PRUDENTE,PRESIDENTE CARLOS IBAÑEZ DEL CAMPO, ,- PRESIDENTE CARLOS IBAÑEZ DEL CAMPO,5730, , ,BIDIRECCIONAL CON BANDEJON,ASFALTO,BUENO,SECO,DESPEJADO,0,1,0,0,12,121,12101,Magallanes y de la Antártica Chilena,Magallanes,Punta Arenas,Numero,"PRESIDENTE CARLOS IBAÑEZ DEL CAMPO 5730, Punta Arenas",-53.118049,-70.87526
-8053534.84270388,-4506940.60007222,1957,2023,1522045,2023/03/28 00:00:00+00,Marzo,28,Martes,1899/12/30 00:00:00+00,10:25:00,10,REGION BIO BIO,LOS ANGELES,VOLCADURA,VOLCADURA,URBANA,TRAMO DE VIA RECTA,DESOBEDIENCIA A SEÑALIZACION,SEÑALIZACION DESOBEDECER SEÑAL PARE,LOS CARRERA, ,- LOS CARRERA,1115, , ,BIDIRECCIONAL CON BANDEJON,ASFALTO,BUENO,MOJADO,LLOVIZNA,0,1,0,0,08,083,08301,Biobío,Biobío,Los Angeles,Numero,"LOS CARRERA 1115, Los Angeles",-37.485098,-72.346134
-7887697.36854132,-4064117.44217954,1958,2023,1504283,2023/01/14 00:00:00+00,Enero,14,Sábado,1899/12/30 00:00:00+00,18:00:00,18,REGION LIB.B.O'HIGGINS,REQUINOA,COLISION FRONTAL,COLISION,RURAL,TRAMO DE VIA CURVA HORIZONTAL,IMPRUDENCIA DEL CONDUCTOR,CONDUCCION CAMBIAR SORPRESIVAMENTE PISTA CIRCULACION, , , ,0,H-418,4,BIDIRECCIONAL,ASFALTO,BUENO,SECO,DESPEJADO,0,1,0,0,06,061,06116,Libertador General Bernardo O'Higgins,Cachapoal,Requínoa,Ruta,H-418 km 4,-34.262599,-70.856391
-7865474.61396628,-3957261.6906534,1959,2023,1566127,2023/10/14 00:00:00+00,Octubre,14,Sábado,1899/12/30 00:00:00+00,13:52:00,13,REGION METROPOLITANA,SANTIAGO,COLISION POR ALCANCE,COLISION,URBANA,TRAMO DE VIA RECTA,IMPRUDENCIA DEL CONDUCTOR,CONDUCCION SIN MANTENER DISTANCIA RAZONABLE NI PRUDENTE,AUTOPISTA CENTRAL, ,- AUTOPISTA CENTRAL,7, , ,BIDIRECCIONAL CON BANDEJON,ASFALTO,BUENO,SECO,DESPEJADO,0,0,0,1,13,131,13101,Metropolitana de Santiago,Santiago,Santiago,Numero,"AUTOPISTA CENTRAL 7, Santiago",-33.465546,-70.656761
-7766530.569051,-2290525.75135005,1960,2023,1548930,2023/06/16 00:00:00+00,Junio,16,Viernes,1899/12/30 00:00:00+00,16:15:00,16,REGION TARAPACA,POZO ALMONTE,COLISION,COLISION,RURAL,TRAMO DE VIA RECTA,IMPRUDENCIA DEL CONDUCTOR,CONDUCCION NO ATENTO CONDICIONES TRANSITO MOMENTO, , , ,0,RUTA 5 NORTE,1810,BIDIRECCIONAL,ASFALTO,BUENO,SECO,DESPEJADO,0,0,0,1,01,014,01401,Tarapacá,Tamarugal,Pozo Almonte,Ruta,RUTA 5 NORTE km 1810,-20.147611,-69.767931
-8138130.85804885,-4951441.08965892,1961,2023,1520750,2023/03/28 00:00:00+00,Marzo,28,Martes,1899/12/30 00:00:00+00,17:30:00,17,REGION LOS LAGOS,OSORNO,COLISION,COLISION,URBANA,TRAMO DE VIA RECTA,IMPRUDENCIA DEL CONDUCTOR,CONDUCCION NO ATENTO CONDICIONES TRANSITO MOMENTO,RENE SORIANO, ,- RENE SORIANO,2615, , ,UNIDIRECCIONAL,CONCRETO,BUENO,SECO,DESPEJADO,0,0,0,1,10,103,10301,Los Lagos,Osorno,Osorno,Numero,"RENE SORIANO 2615, Osorno",-40.585822,-73.106073
-8131816.09239777,-4415030.79107834,1962,2023,1565764,2023/10/14 00:00:00+00,Octubre,14,Sábado,1899/12/30 00:00:00+00,17:05:00,17,REGION BIO BIO,CONCEPCION,COLISION,COLISION,URBANA,TRAMO DE VIA RECTA,IMPRUDENCIA DEL CONDUCTOR,CONDUCCION NO ATENTO CONDICIONES TRANSITO MOMENTO,ANIBAL PINTO, ,- ANIBAL PINTO,442, , ,UNIDIRECCIONAL,CONCRETO,BUENO,SECO,DESPEJADO,0,0,0,1,08,081,08101,Biobío,Concepción,Concepción,Numero,"ANIBAL PINTO 442, Concepción",-36.827076,-73.049347
-7942287.8119045,-3823567.72346091,1963,2023,1539596,2023/06/16 00:00:00+00,Junio,16,Viernes,1899/12/30 00:00:00+00,18:05:00,18,REGION VALPARAISO,QUINTERO,VOLCADURA,VOLCADURA,RURAL,TRAMO DE VIA RECTA,VELOCIDAD IMPRUDENTE,VELOCIDAD NO RAZONABLE NI PRUDENTE, , , ,0,F-30-E,3,BIDIRECCIONAL,ASFALTO,REGULAR,SECO,DESPEJADO,0,1,0,0,05,051,05107,Valparaíso,Valparaíso,Quintero,Ruta,F-30-E km 3,-32.457895,-71.346785
-7979259.59441463,-3921310.75898696,1964,2023,1503866,2023/01/14 00:00:00+00,Enero,14,Sábado,1899/12/30 00:00:00+00,20:00:00,20,REGION VALPARAISO,CASABLANCA,VOLCADURA,VOLCADURA,RURAL,TRAMO DE VIA RECTA,VELOCIDAD IMPRUDENTE,VELOCIDAD NO RAZONABLE NI PRUDENTE, , , ,0,F-800,"21,9",BIDIRECCIONAL,CONCRETO,MALO,OTROS,DESPEJADO,0,0,0,2,05,051,05102,Valparaíso,Valparaíso,Casablanca,Ruta,"F-800 km 21,9",-33.195715,-71.678908
-7851760.59512703,-3952136.11498325,1965,2023,1521299,2023/03/29 00:00:00+00,Marzo,29,Miércoles,1899/12/30 00:00:00+00,00:10:00,0,REGION METROPOLITANA,LAS CONDES,VOLCADURA,VOLCADURA,URBANA,TRAMO DE VIA RECTA,VELOCIDAD IMPRUDENTE,VELOCIDAD NO RAZONABLE NI PRUDENTE,NVA BILBAO, ,- NVA BILBAO,9224, , ,BIDIRECCIONAL,ASFALTO,BUENO,SECO,DESPEJADO,0,0,0,1,13,131,13114,Metropolitana de Santiago,Santiago,Las Condes,Numero,"NVA BILBAO 9224, Las Condes",-33.427127,-70.533565
-7888823.44361528,-4083604.58742967,1966,2023,1565240,2023/10/14 00:00:00+00,Octubre,14,Sábado,1899/12/30 00:00:00+00,21:00:00,21,REGION LIB.B.O'HIGGINS,RENGO,CHOQUE LADO/FRENTE,CHOQUE,URBANA,CRUCE CON SEÑAL PARE,DESOBEDIENCIA A SEÑALIZACION,SEÑALIZACION DESOBEDECER SEÑAL CEDA EL PASO,JOSE BISQUERT, ,- JOSE BISQUERT,568, , ,BIDIRECCIONAL CON BANDEJON,ASFALTO,BUENO,SECO,DESPEJADO,0,0,1,0,06,061,06115,Libertador General Bernardo O'Higgins,Cachapoal,Rengo,Numero,"JOSE BISQUERT 568, Rengo",-34.407153,-70.866507
-7879336.92549558,-4052430.65125164,1967,2023,1504130,2023/01/14 00:00:00+00,Enero,14,Sábado,1899/12/30 00:00:00+00,23:00:00,23,REGION LIB.B.O'HIGGINS,MARCHIHUE,VOLCADURA,VOLCADURA,RURAL,TRAMO DE VIA RECTA,ALCOHOL EN CONDUCTOR,CONDUCCION EN ESTADO DE EBRIEDAD, , , ,0,H-210,1,BIDIRECCIONAL,ASFALTO,BUENO,SECO,DESPEJADO,0,1,0,0,06,062,06204,Libertador General Bernardo O'Higgins,Cardenal Caro,Marchihue,Ruta,H-210 km 1,-34.175789,-70.781288
-8101113.00192655,-4648875.55127129,1968,2023,1540613,2023/06/16 00:00:00+00,Junio,16,Viernes,1899/12/30 00:00:00+00,20:30:00,20,REGION ARAUCANIA,CHOLCHOL,VOLCADURA,VOLCADURA,RURAL,TRAMO DE VIA RECTA,IMPRUDENCIA DEL CONDUCTOR,CONDUCCION NO ATENTO CONDICIONES TRANSITO MOMENTO, , , ,0,"R-76-S, S-16, S-52",8,BIDIRECCIONAL,ASFALTO,BUENO,HUMEDO,DESPEJADO,0,0,0,1,09,091,09121,La Araucanía,Cautín,Cholchol,Ruta,"R-76-S, S-16, S-52 km 8",-38.489972,-72.773536
-7949924.0894579,-3900739.88770455,1969,2023,1519944,2023/03/29 00:00:00+00,Marzo,29,Miércoles,1899/12/30 00:00:00+00,10:15:00,10,REGION VALPARAISO,QUILPUE,COLISION POR ALCANCE,COLISION,URBANA,TRAMO DE VIA RECTA,IMPRUDENCIA DEL CONDUCTOR,ADELANTAMIENTO SIN EL ESPACIO O TIEMPO SUFICIENTE,INDUSTRIAL, ,- INDUSTRIAL,1274, , ,BIDIRECCIONAL,ASFALTO,BUENO,SECO,DESPEJADO,0,0,0,1,05,058,05801,Valparaíso,Marga Marga,Quilpué,Numero,"INDUSTRIAL 1274, Quilpué",-33.040944,-71.415383
-7964759.56426902,-3895261.69889924,1970,2023,1569664,2023/10/15 00:00:00+00,Octubre,15,Domingo,1899/12/30 00:00:00+00,13:10:00,13,REGION VALPARAISO,VIÑA DEL MAR,COLISION POR ALCANCE,COLISION,URBANA,TRAMO DE VIA RECTA,IMPRUDENCIA DEL CONDUCTOR,CONDUCCION NO ATENTO CONDICIONES TRANSITO MOMENTO,ALMIRANTE JORGE MONTT, ,- ALMIRANTE JORGE MONTT,2300, , ,BIDIRECCIONAL,CONCRETO,BUENO,SECO,DESPEJADO,0,0,0,0,05,051,05109,Valparaíso,Valparaíso,Viña del Mar,Numero,"ALMIRANTE JORGE MONTT 2300, Viña del Mar",-32.999682,-71.548653