X,Y,FID,Año,IdAccident,Fecha,Mes,Dia_mes,Dia_semana,Hora,Hora_texto,Hora_aprox,Región,Comuna,Tipo_Accid,Tipo__CONA,Zona,Ubicación,Causa__CON,Causa_Acci,Calle_Uno,Calle_Dos,Intersecci,Número,Ruta,Ubicaci_1,Calzada,Tipo_Calza,Estado_Cal,Condición,Estado_Atm,Fallecidos,Graves,Menos_Grav,Leves,CUT_REG,CUT_PROV,CUT_COM,REGION,PROVINCIA,COMUNA1,Tipo_direc,Direccion,Lat,Lon
-7858451.8312846,-3257944.96866508,1971,2023,1542165,2023/06/17 00:00:00+00,Junio,17,Sábado,1899/12/30 00:00:00+00,16:00:00,16,REGION ATACAMA,COPIAPO,VOLCADURA,VOLCADURA,RURAL,OTROS NO CONSIDERADOS,VELOCIDAD IMPRUDENTE,VELOCIDAD NO RAZONABLE NI PRUDENTE, , , ,0,RUTA 5 NORTE,720,UNIDIRECCIONAL,TIERRA,REGULAR, ,DESPEJADO,0,1,0,0,03,031,03101,Atacama,Copiapó,Copiapó,Ruta,RUTA 5 NORTE km 720,-28.071133,-70.593674
-7964859.41758509,-4284350.01558773,1972,2023,1505188,2023/01/15 00:00:00+00,Enero,15,Domingo,1899/12/30 00:00:00+00,12:20:00,12,REGION MAULE,LINARES,CHOQUE FRONTAL,CHOQUE,RURAL,TRAMO DE VIA RECTA,VELOCIDAD IMPRUDENTE,VELOCIDAD NO RAZONABLE NI PRUDENTE, , , ,0,L-455,5,BIDIRECCIONAL,RIPIO,REGULAR, ,DESPEJADO,0,1,0,0,07,074,07401,Maule,Linares,Linares,Ruta,L-455 km 5,-35.881659,-71.54955
-7872107.2911625,-3954309.80478972,1973,2023,1521791,2023/03/29 00:00:00+00,Marzo,29,Miércoles,1899/12/30 00:00:00+00,16:00:00,16,REGION METROPOLITANA,LO PRADO,COLISION LATERAL,COLISION,URBANA,TRAMO DE VIA RECTA,IMPRUDENCIA DEL CONDUCTOR,ADELANTAMIENTO SIN EL ESPACIO O TIEMPO SUFICIENTE,SAN PABLO, ,- SAN PABLO,5874, , ,BIDIRECCIONAL,ASFALTO,BUENO,SECO,DESPEJADO,0,0,0,0,13,131,13117,Metropolitana de Santiago,Santiago,Lo Prado,Numero,"SAN PABLO 5874, Lo Prado",-33.443422,-70.716343
-7972157.79242731,-3902084.85947871,1974,2023,1568774,2023/10/15 00:00:00+00,Octubre,15,Domingo,1899/12/30 00:00:00+00,15:30:00,15,REGION VALPARAISO,VALPARAISO,VOLCADURA,VOLCADURA,URBANA,TRAMO DE VIA RECTA,VELOCIDAD IMPRUDENTE,VELOCIDAD NO RAZONABLE NI PRUDENTE,CUESTA BALMACEDA, ,- CUESTA BALMACEDA,73300, , ,BIDIRECCIONAL,CONCRETO,BUENO,SECO,DESPEJADO,0,1,0,0,05,051,05101,Valparaíso,Valparaíso,Valparaíso,Numero,"CUESTA BALMACEDA 73300, Valparaíso",-33.051072,-71.615112
-8145717.25904912,-4835389.67632803,1975,2023,1503883,2023/01/15 00:00:00+00,Enero,15,Domingo,1899/12/30 00:00:00+00,16:00:00,16,REGION DE LOS RIOS,MAFIL,COLISION FRONTAL,COLISION,RURAL,TRAMO DE VIA RECTA,VELOCIDAD IMPRUDENTE,"VELOCIDAD NO REDUCIR CRUCE DE CALLES, CUMBRE, CURVA, ETC.", , , ,0,T-301,2,BIDIRECCIONAL,RIPIO,REGULAR, ,DESPEJADO,0,1,0,0,14,141,14105,Los Ríos,Valdivia,Máfil,Ruta,T-301 km 2,-39.789429,-73.174223
-7922683.13355678,-3860476.11899912,1976,2023,1539165,2023/06/17 00:00:00+00,Junio,17,Sábado,1899/12/30 00:00:00+00,19:30:00,19,REGION VALPARAISO,NOGALES,COLISION POR ALCANCE,COLISION,RURAL,TRAMO DE VIA RECTA,VELOCIDAD IMPRUDENTE,VELOCIDAD NO RAZONABLE NI PRUDENTE, , , ,0,F-301-E,4,BIDIRECCIONAL,ASFALTO,BUENO,SECO,DESPEJADO,0,0,0,2,05,055,05506,Valparaíso,Quillota,Nogales,Ruta,F-301-E km 4,-32.737221,-71.170674
-7886467.26442361,-4084383.39443712,1977,2023,1520114,2023/03/29 00:00:00+00,Marzo,29,Miércoles,1899/12/30 00:00:00+00,18:45:00,18,REGION LIB.B.O'HIGGINS,RENGO,COLISION LATERAL,COLISION,URBANA,TRAMO DE VIA RECTA,IMPRUDENCIA DEL CONDUCTOR,NO RESPETAR DERECHO PREFERENTE DE PASO A VEHICULO,QUINTALBA, ,- QUINTALBA,430, , ,BIDIRECCIONAL,ASFALTO,BUENO,SECO,DESPEJADO,0,0,0,0,06,061,06115,Libertador General Bernardo O'Higgins,Cachapoal,Rengo,Numero,"QUINTALBA 430, Rengo",-34.412925,-70.845341
-7965615.75459952,-4284053.00299739,1978,2023,1505181,2023/01/15 00:00:00+00,Enero,15,Domingo,1899/12/30 00:00:00+00,16:30:00,16,REGION MAULE,LINARES,CHOQUE FRONTAL,CHOQUE,RURAL,TRAMO DE VIA CURVA HORIZONTAL,VELOCIDAD IMPRUDENTE,VELOCIDAD NO RAZONABLE NI PRUDENTE, , , ,0,L-455,"4,3",BIDIRECCIONAL,CONCRETO,BUENO,SECO,DESPEJADO,0,0,0,1,07,074,07401,Maule,Linares,Linares,Ruta,"L-455 km 4,3",-35.879497,-71.556344
-7963187.143511,-4153556.72022462,1979,2023,1538871,2023/06/18 00:00:00+00,Junio,18,Domingo,1899/12/30 00:00:00+00,08:00:00,8,REGION MAULE,RAUCO,VOLCADURA,VOLCADURA,RURAL,TRAMO DE VIA RECTA,VELOCIDAD IMPRUDENTE,VELOCIDAD NO RAZONABLE NI PRUDENTE, , , ,0,J-680,"19,6",BIDIRECCIONAL,ASFALTO,BUENO,MOJADO,NUBLADO,1,0,0,0,07,073,07305,Maule,Curicó,Rauco,Ruta,"J-680 km 19,6",-34.923992,-71.534527
-7827392.7828823,-3171513.24691347,1980,2023,1565046,2023/10/15 00:00:00+00,Octubre,15,Domingo,1899/12/30 00:00:00+00,18:10:00,18,REGION ATACAMA,COPIAPO,COLISION POR ALCANCE,COLISION,URBANA,TRAMO DE VIA RECTA,IMPRUDENCIA DEL CONDUCTOR,CONDUCCION NO ATENTO CONDICIONES TRANSITO MOMENTO,COPAYAPU, ,- COPAYAPU,2645, , ,BIDIRECCIONAL CON BANDEJON,ASFALTO,BUENO,SECO,DESPEJADO,1,0,0,0,03,031,03101,Atacama,Copiapó,Copiapó,Numero,"COPAYAPU 2645, Copiapó",-27.383867,-70.314666
-7865580.63177727,-3956845.76892786,1981,2023,1523117,2023/03/29 00:00:00+00,Marzo,29,Miércoles,1899/12/30 00:00:00+00,23:00:00,23,REGION METROPOLITANA,SANTIAGO,VOLCADURA,VOLCADURA,URBANA,TRAMO DE VIA RECTA,IMPRUDENCIA DEL CONDUCTOR,CONDUCCION NO ATENTO CONDICIONES TRANSITO MOMENTO,VIEL, ,- VIEL,1071, , ,UNIDIRECCIONAL,ASFALTO,BUENO,SECO,DESPEJADO,0,1,0,1,13,131,13101,Metropolitana de Santiago,Santiago,Santiago,Numero,"VIEL 1071, Santiago",-33.462429,-70.657713
-7944555.91835445,-4037777.57977423,1982,2023,1504434,2023/01/16 00:00:00+00,Enero,16,Lunes,1899/12/30 00:00:00+00,00:40:00,0,REGION LIB.B.O'HIGGINS,LAS CABRAS,ATROPELLO,ATROPELLO,RURAL,TRAMO DE VIA CURVA VERTICAL,IMPRUDENCIA DEL PEATON,PEATON CRUZA CALZADA FORMA SORPRESIVA O DESCUIDADA, , , ,0,RUTA 66,75,BIDIRECCIONAL,ASFALTO,BUENO,SECO,DESPEJADO,0,1,0,1,06,061,06107,Libertador General Bernardo O'Higgins,Cachapoal,Las Cabras,Ruta,RUTA 66 km 75,-34.066818,-71.36716
-7960419.09333534,-3866674.17858703,1983,2023,1539502,2023/06/20 00:00:00+00,Junio,20,Martes,1899/12/30 00:00:00+00,19:45:00,19,REGION VALPARAISO,QUINTERO,COLISION,COLISION,RURAL,CRUCE CON SEMAFORO FUNCIONANDO,DESOBEDIENCIA A SEÑALIZACION,SEÑALIZACION DESOBEDECER LUZ ROJA DE SEMAFORO, , , ,0,F-212,2,BIDIRECCIONAL,CONCRETO,BUENO,SECO,NUBLADO,1,1,0,0,05,051,05107,Valparaíso,Valparaíso,Quintero,Ruta,F-212 km 2,-32.784043,-71.509661
-7863175.16975497,-3952975.80280633,1984,2023,1520950,2023/03/30 00:00:00+00,Marzo,30,Jueves,1899/12/30 00:00:00+00,07:11:00,7,REGION METROPOLITANA,RECOLETA,ATROPELLO,ATROPELLO,URBANA,TRAMO DE VIA RECTA,IMPRUDENCIA DEL PEATON,PEATON CRUZA CALZADA FUERA PASO PEATONES,DARDIGNAC, ,- DARDIGNAC,20, , ,UNIDIRECCIONAL,ASFALTO,BUENO,SECO,DESPEJADO,0,1,0,0,13,131,13127,Metropolitana de Santiago,Santiago,Recoleta,Numero,"DARDIGNAC 20, Recoleta",-33.433422,-70.636104
-7944365.22411488,-4066498.13989006,1985,2023,1504132,2023/01/16 00:00:00+00,Enero,16,Lunes,1899/12/30 00:00:00+00,08:05:00,8,REGION LIB.B.O'HIGGINS,PALMILLA,COLISION LATERAL,COLISION,RURAL,TRAMO DE VIA RECTA,IMPRUDENCIA DEL CONDUCTOR,CONDUCCION NO ATENTO CONDICIONES TRANSITO MOMENTO, , , ,0,H-82,1,BIDIRECCIONAL,ASFALTO,BUENO,SECO,DESPEJADO,0,0,0,1,06,063,06306,Libertador General Bernardo O'Higgins,Colchagua,Palmilla,Ruta,H-82 km 1,-34.280272,-71.365447
-7949379.01743402,-4164987.05504704,1986,2023,1539733,2023/06/21 00:00:00+00,Junio,21,Miércoles,1899/12/30 00:00:00+00,03:55:00,3,REGION MAULE,PENCAHUE,CHOQUE FRONTAL,CHOQUE,RURAL,TRAMO DE VIA RECTA,ALCOHOL EN CONDUCTOR,CONDUCCION EN ESTADO DE EBRIEDAD, , , ,0,"K-60, K-16","15,5",BIDIRECCIONAL,ASFALTO,BUENO,SECO,NUBLADO,0,1,0,0,07,071,07107,Maule,Talca,Pencahue,Ruta,"K-60, K-16 km 15,5",-35.008138,-71.410487
-7931954.16538406,-4161403.21540733,1987,2023,1520648,2023/03/30 00:00:00+00,Marzo,30,Jueves,1899/12/30 00:00:00+00,10:20:00,10,REGION MAULE,CURICO,CHOQUE FRONTAL,CHOQUE,URBANA,TRAMO DE VIA CURVA HORIZONTAL,ALCOHOL EN CONDUCTOR,CONDUCCION BAJO LA INFLUENCIA DEL ALCOHOL,CIRCUNVALACION, ,- CIRCUNVALACION,1507, , ,BIDIRECCIONAL CON BANDEJON,ASFALTO,BUENO,SECO,DESPEJADO,0,1,0,0,07,073,07301,Maule,Curicó,Curicó,Numero,"CIRCUNVALACION 1507, Curicó",-34.981764,-71.253957
-8128586.59887664,-5059613.00726502,1988,2023,1541839,2023/06/21 00:00:00+00,Junio,21,Miércoles,1899/12/30 00:00:00+00,12:10:00,12,REGION LOS LAGOS,PUERTO VARAS,COLISION PERPENDICULAR,COLISION,RURAL,TRAMO DE VIA CURVA HORIZONTAL,IMPRUDENCIA DEL CONDUCTOR,CONDUCCION POR IZQUIERDA EJE CALZADA, , , ,0,V-50,1,BIDIRECCIONAL,ASFALTO,BUENO,MOJADO,LLUVIA,0,0,0,1,10,101,10109,Los Lagos,Llanquihue,Puerto Varas,Ruta,V-50 km 1,-41.319705,-73.020336
-7977193.89440618,-3954893.92551814,1989,2023,1520457,2023/03/30 00:00:00+00,Marzo,30,Jueves,1899/12/30 00:00:00+00,18:40:00,18,REGION VALPARAISO,EL TABO,COLISION POR ALCANCE,COLISION,URBANA,TRAMO DE VIA RECTA,IMPRUDENCIA DEL CONDUCTOR,CONDUCCION NO ATENTO CONDICIONES TRANSITO MOMENTO,ARMANDO CELIS, ,- ARMANDO CELIS,10, , ,BIDIRECCIONAL,CONCRETO,BUENO,SECO,DESPEJADO,0,0,0,1,05,056,05605,Valparaíso,San Antonio,El Tabo,Numero,"ARMANDO CELIS 10, El Tabo",-33.4478,-71.660352
-7926173.50979264,-3859311.09302472,1990,2023,1539867,2023/06/21 00:00:00+00,Junio,21,Miércoles,1899/12/30 00:00:00+00,17:30:00,17,REGION VALPARAISO,NOGALES,VOLCADURA,VOLCADURA,RURAL,TRAMO DE VIA RECTA,VELOCIDAD IMPRUDENTE,VELOCIDAD NO RAZONABLE NI PRUDENTE, , , ,0,RUTA 5 NORTE,116,BIDIRECCIONAL,ASFALTO,BUENO,MOJADO,LLUVIA,0,0,0,1,05,055,05506,Valparaíso,Quillota,Nogales,Ruta,RUTA 5 NORTE km 116,-32.728417,-71.202028
-8013239.4752979,-4504768.1705287,1991,2023,1522141,2023/03/30 00:00:00+00,Marzo,30,Jueves,1899/12/30 00:00:00+00,19:00:00,19,REGION BIO BIO,QUILLECO,CHOQUE POSTERIOR/FRENTE,CHOQUE,URBANA,TRAMO DE VIA RECTA,IMPRUDENCIA DEL CONDUCTOR,CONDUCCION NO ATENTO CONDICIONES TRANSITO MOMENTO,MAIPU, ,- MAIPU,99, , ,BIDIRECCIONAL,CONCRETO,BUENO,SECO,DESPEJADO,0,0,0,0,08,083,08309,Biobío,Biobío,Quilleco,Numero,"MAIPU 99, Quilleco",-37.469611,-71.984155
-8087486.61745287,-4727961.52553554,1992,2023,1540586,2023/06/24 00:00:00+00,Junio,24,Sábado,1899/12/30 00:00:00+00,18:30:00,18,REGION ARAUCANIA,PITRUFQUEN,VOLCADURA,VOLCADURA,RURAL,TRAMO DE VIA RECTA,VELOCIDAD IMPRUDENTE,VELOCIDAD NO RAZONABLE NI PRUDENTE, , , ,0,S-599,1,BIDIRECCIONAL,ASFALTO,BUENO,MOJADO,LLUVIA,0,1,0,0,09,091,09114,La Araucanía,Cautín,Pitrufquén,Ruta,S-599 km 1,-39.043898,-72.651128
-7872015.2362443,-3954289.33229401,1993,2023,1521803,2023/03/30 00:00:00+00,Marzo,30,Jueves,1899/12/30 00:00:00+00,19:10:00,19,REGION METROPOLITANA,LO PRADO,ATROPELLO,ATROPELLO,URBANA,TRAMO DE VIA RECTA,IMPRUDENCIA DEL PEATON,PEATON CRUZA CALZADA FORMA SORPRESIVA O DESCUIDADA,SAN PABLO, ,- SAN PABLO,5829, , ,BIDIRECCIONAL,ASFALTO,BUENO,SECO,DESPEJADO,0,0,0,0,13,131,13117,Metropolitana de Santiago,Santiago,Lo Prado,Numero,"SAN PABLO 5829, Lo Prado",-33.443269,-70.715516
-8052652.21979406,-4516237.54614744,1994,2023,1505855,2023/01/16 00:00:00+00,Enero,16,Lunes,1899/12/30 00:00:00+00,14:30:00,14,REGION BIO BIO,LOS ANGELES,COLISION FRONTAL,COLISION,RURAL,TRAMO DE VIA CURVA HORIZONTAL,IMPRUDENCIA DEL CONDUCTOR,CONDUCCION CONTRA SENTIDO DEL TRANSITO, , , ,0,Q-550,3,BIDIRECCIONAL,RIPIO,REGULAR, ,DESPEJADO,0,0,0,1,08,083,08301,Biobío,Biobío,Los Angeles,Ruta,Q-550 km 3,-37.551339,-72.338206
-7864896.60867217,-3919660.96857288,1995,2023,1521057,2023/03/30 00:00:00+00,Marzo,30,Jueves,1899/12/30 00:00:00+00,21:30:00,21,REGION METROPOLITANA,COLINA,COLISION PERPENDICULAR,COLISION,URBANA,OTROS NO CONSIDERADOS,DESOBEDIENCIA A SEÑALIZACION,SEÑALIZACION DESOBEDECER SEÑAL PARE,CALETERA GRAL SAN MARTIN, ,- CALETERA GRAL SAN MARTIN,5, , ,BIDIRECCIONAL,ASFALTO,BUENO,SECO,DESPEJADO,0,0,0,2,13,133,13301,Metropolitana de Santiago,Chacabuco,Colina,Numero,"CALETERA GRAL SAN MARTIN 5, Colina",-33.183312,-70.651568
-7904010.01776265,-4089505.91202781,1996,2023,1504320,2023/01/17 00:00:00+00,Enero,17,Martes,1899/12/30 00:00:00+00,12:20:00,12,REGION LIB.B.O'HIGGINS,SAN VICENTE,COLISION POR ALCANCE,COLISION,RURAL,TRAMO DE VIA RECTA,IMPRUDENCIA DEL CONDUCTOR,CONDUCCION NO ATENTO CONDICIONES TRANSITO MOMENTO, , , ,0,RUTA 66,10,BIDIRECCIONAL,ASFALTO,BUENO,SECO,DESPEJADO,0,0,0,1,06,061,06117,Libertador General Bernardo O'Higgins,Cachapoal,San Vicente,Ruta,RUTA 66 km 10,-34.450879,-71.00293
-8113834.0323621,-4802281.67773502,1997,2023,1504417,2023/01/17 00:00:00+00,Enero,17,Martes,1899/12/30 00:00:00+00,16:15:00,16,REGION DE LOS RIOS,MARIQUINA,COLISION LATERAL,COLISION,RURAL,TRAMO DE VIA RECTA,VELOCIDAD IMPRUDENTE,VELOCIDAD NO RAZONABLE NI PRUDENTE, , , ,0,T-221,2,BIDIRECCIONAL,ASFALTO,BUENO,SECO,DESPEJADO,0,0,0,1,14,141,14106,Los Ríos,Valdivia,Mariquina,Ruta,T-221 km 2,-39.560516,-72.887811
-7993834.57847809,-4251173.43028067,1998,2023,1504228,2023/01/17 00:00:00+00,Enero,17,Martes,1899/12/30 00:00:00+00,16:35:00,16,REGION MAULE,SAN JAVIER,COLISION LATERAL,COLISION,RURAL,TRAMO DE VIA RECTA,IMPRUDENCIA DEL CONDUCTOR,CONDUCCION SIN MANTENER DISTANCIA RAZONABLE NI PRUDENTE, , , ,0,RUTA 126,4,BIDIRECCIONAL,ASFALTO,BUENO,SECO,DESPEJADO,0,1,0,0,07,074,07406,Maule,Linares,San Javier,Ruta,RUTA 126 km 4,-35.639818,-71.809838
-7927447.36333853,-4117165.49995832,1999,2023,1508359,2023/01/17 00:00:00+00,Enero,17,Martes,1899/12/30 00:00:00+00,17:20:00,17,REGION LIB.B.O'HIGGINS,NANCAGUA,COLISION POR ALCANCE,COLISION,RURAL,TRAMO DE VIA RECTA,IMPRUDENCIA DEL CONDUCTOR,CONDUCCION NO ATENTO CONDICIONES TRANSITO MOMENTO, , , ,0,I-50,24,BIDIRECCIONAL,ASFALTO,BUENO,SECO,DESPEJADO,0,1,0,0,06,063,06305,Libertador General Bernardo O'Higgins,Colchagua,Nancagua,Ruta,I-50 km 24,-34.655519,-71.213471
-8035592.79921989,-4371835.78719628,2000,2023,1505871,2023/01/17 00:00:00+00,Enero,17,Martes,1899/12/30 00:00:00+00,18:20:00,18,REGION ÑUBLE,SAN NICOLAS,COLISION LATERAL,COLISION,RURAL,TRAMO DE VIA RECTA,IMPRUDENCIA DEL CONDUCTOR,CONDUCCION NO ATENTO CONDICIONES TRANSITO MOMENTO, , , ,0,N-50,11,BIDIRECCIONAL,ASFALTO,BUENO,SECO,DESPEJADO,0,0,0,2,16,163,16305,Ñuble,Punilla,San Nicolás,Ruta,N-50 km 11,-36.515851,-72.184958
-7860581.27344574,-3956039.57068199,2001,2023,1521435,2023/03/28 00:00:00+00,Marzo,28,Martes,1899/12/30 00:00:00+00,19:30:00,19,REGION METROPOLITANA,ÑUÑOA,COLISION POR ALCANCE,COLISION,URBANA,CRUCE CON SEÑAL CEDA EL PASO,IMPRUDENCIA DEL CONDUCTOR,CONDUCCION SIN MANTENER DISTANCIA RAZONABLE NI PRUDENTE,JOSE DOMINGO CAÑAS,QUIRIHUE,JOSE DOMINGO CAÑAS - QUIRIHUE,0, , ,UNIDIRECCIONAL,CONCRETO,BUENO,SECO,DESPEJADO,0,1,0,0,13,131,13120,Metropolitana de Santiago,Santiago,Ñuñoa,Interseccion,"JOSE DOMINGO CAÑAS & QUIRIHUE, Ñuñoa",-33.456387,-70.612803
-7883646.00402116,-3970424.68603262,2002,2023,1521860,2023/03/28 00:00:00+00,Marzo,28,Martes,1899/12/30 00:00:00+00,20:00:00,20,REGION METROPOLITANA,PADRE HURTADO,COLISION LATERAL,COLISION,URBANA,TRAMO DE VIA CURVA HORIZONTAL,IMPRUDENCIA DEL CONDUCTOR,ADELANTAMIENTO POR LA BERMA,JOSE LUIS CARO,CARRERA,CARRERA - JOSE LUIS CARO,0, , ,BIDIRECCIONAL,ASFALTO,BUENO,SECO,DESPEJADO,0,0,0,0,13,136,13604,Metropolitana de Santiago,Talagante,Padre Hurtado,Interseccion,"CARRERA & JOSE LUIS CARO, Padre Hurtado",-33.564132,-70.819997
-7869966.06311707,-3946598.07508305,2003,2023,1521936,2023/03/28 00:00:00+00,Marzo,28,Martes,1899/12/30 00:00:00+00,21:50:00,21,REGION METROPOLITANA,RENCA,COLISION,COLISION,URBANA,TRAMO DE VIA RECTA,IMPRUDENCIA DEL CONDUCTOR,CONDUCCION NO ATENTO CONDICIONES TRANSITO MOMENTO,PLAZA APOSTOL SANTIAGO,FRESIA,FRESIA - PLAZA APOSTOL SANTIAGO,0, , ,UNIDIRECCIONAL,ASFALTO,BUENO,SECO,DESPEJADO,0,0,0,0,13,131,13128,Metropolitana de Santiago,Santiago,Renca,Interseccion,"FRESIA & PLAZA APOSTOL SANTIAGO, Renca",-33.385597,-70.697108
-7970456.39384597,-4279769.77270956,2004,2023,1520123,2023/03/29 00:00:00+00,Marzo,29,Miércoles,1899/12/30 00:00:00+00,08:00:00,8,REGION MAULE,LINARES,COLISION FRONTAL,COLISION,URBANA,TRAMO DE VIA RECTA,IMPRUDENCIA DEL CONDUCTOR,CONDUCCION SIN MANTENER DISTANCIA RAZONABLE NI PRUDENTE,VALENTIN LETELIER,O'HIGGINS,O'HIGGINS - VALENTIN LETELIER,0, , ,UNIDIRECCIONAL,ASFALTO,BUENO,SECO,DESPEJADO,0,0,0,0,07,074,07401,Maule,Linares,Linares,Interseccion,"O'HIGGINS & VALENTIN LETELIER, Linares",-35.848315,-71.599828
-7867889.84329428,-3954370.11033457,2005,2023,1521286,2023/03/29 00:00:00+00,Marzo,29,Miércoles,1899/12/30 00:00:00+00,09:25:00,9,REGION METROPOLITANA,SANTIAGO,COLISION,COLISION,URBANA,TRAMO DE VIA RECTA,IMPRUDENCIA DEL CONDUCTOR,CONDUCCION NO ATENTO CONDICIONES TRANSITO MOMENTO,AGUSTINAS,CHACABUCO,AGUSTINAS - CHACABUCO,0, , ,UNIDIRECCIONAL,CONCRETO,BUENO,SECO,DESPEJADO,0,1,0,0,13,131,13101,Metropolitana de Santiago,Santiago,Santiago,Interseccion,"AGUSTINAS & CHACABUCO, Santiago",-33.443874,-70.678457
-7864755.46907203,-3971894.59490778,2006,2023,1520145,2023/03/29 00:00:00+00,Marzo,29,Miércoles,1899/12/30 00:00:00+00,13:20:00,13,REGION METROPOLITANA,LA PINTANA,COLISION PERPENDICULAR,COLISION,URBANA,CRUCE CON SEÑAL PARE,DESOBEDIENCIA A SEÑALIZACION,SEÑALIZACION DESOBEDECER SEÑAL PARE,LO MARTINEZ,JOSE TORIBIO MEDINA,JOSE TORIBIO MEDINA - LO MARTINEZ,0, , ,BIDIRECCIONAL,ASFALTO,BUENO,SECO,DESPEJADO,0,0,0,1,13,131,13112,Metropolitana de Santiago,Santiago,La Pintana,Interseccion,"JOSE TORIBIO MEDINA & LO MARTINEZ, La Pintana",-33.575134,-70.6503
-7869091.4258779,-3977673.63385133,2007,2023,1519917,2023/03/29 00:00:00+00,Marzo,29,Miércoles,1899/12/30 00:00:00+00,14:40:00,14,REGION METROPOLITANA,SAN BERNARDO,COLISION POR ALCANCE,COLISION,URBANA,CRUCE SIN SEÑALIZACION,IMPRUDENCIA DEL CONDUCTOR,CONDUCCION SIN MANTENER DISTANCIA RAZONABLE NI PRUDENTE,LOS CANELOS,CENTRAL,CENTRAL - LOS CANELOS,0, , ,BIDIRECCIONAL,ASFALTO,BUENO,SECO,DESPEJADO,0,0,0,0,13,134,13401,Metropolitana de Santiago,Maipo,San Bernardo,Interseccion,"CENTRAL & LOS CANELOS, San Bernardo",-33.618376,-70.689251
-8081566.49267706,-4683953.19398253,2008,2023,1520448,2023/03/29 00:00:00+00,Marzo,29,Miércoles,1899/12/30 00:00:00+00,15:30:00,15,REGION ARAUCANIA,TEMUCO,ATROPELLO,ATROPELLO,URBANA,TRAMO DE VIA RECTA,FALLAS MECANICAS,FALLAS MECANICAS MOTOR,BLANCO ENCALADA,DIEGO PORTALES,BLANCO ENCALADA - DIEGO PORTALES,0, , ,UNIDIRECCIONAL,CONCRETO,BUENO,SECO,DESPEJADO,0,0,0,2,09,091,09101,La Araucanía,Cautín,Temuco,Interseccion,"BLANCO ENCALADA & DIEGO PORTALES, Temuco",-38.73619,-72.597947
-7862097.44491034,-3953011.9586005,2009,2023,1522208,2023/03/29 00:00:00+00,Marzo,29,Miércoles,1899/12/30 00:00:00+00,16:00:00,16,REGION METROPOLITANA,PROVIDENCIA,CHOQUE POSTERIOR/LADO,CHOQUE,URBANA,TRAMO DE VIA RECTA,IMPRUDENCIA DEL CONDUCTOR,CONDUCCION NO ATENTO CONDICIONES TRANSITO MOMENTO,PROVIDENCIA,SALVADOR,PROVIDENCIA - SALVADOR,0, , ,UNIDIRECCIONAL,ASFALTO,BUENO,SECO,DESPEJADO,0,0,0,0,13,131,13123,Metropolitana de Santiago,Santiago,Providencia,Interseccion,"PROVIDENCIA & SALVADOR, Providencia",-33.433693,-70.626423
-7874177.16813429,-3962348.41854792,2010,2023,1519890,2023/03/29 00:00:00+00,Marzo,29,Miércoles,1899/12/30 00:00:00+00,18:30:00,18,REGION METROPOLITANA,CERRILLOS,CHOQUE FRENTE/POSTERIOR,CHOQUE,URBANA,CRUCE CON SEMAFORO FUNCIONANDO,IMPRUDENCIA DEL CONDUCTOR,CONDUCCION NO ATENTO CONDICIONES TRANSITO MOMENTO,AMERICO VESPUCIO,LAS TORRES,AMERICO VESPUCIO - LAS TORRES,0, , ,BIDIRECCIONAL CON BANDEJON,ASFALTO,BUENO,SECO,DESPEJADO,0,0,0,1,13,131,13102,Metropolitana de Santiago,Santiago,Cerrillos,Interseccion,"AMERICO VESPUCIO & LAS TORRES, Cerrillos",-33.503657,-70.734937
-7930315.14206337,-4161322.6524821,2011,2023,1520576,2023/03/29 00:00:00+00,Marzo,29,Miércoles,1899/12/30 00:00:00+00,19:30:00,19,REGION MAULE,CURICO,COLISION POR ALCANCE,COLISION,URBANA,CRUCE CON SEMAFORO FUNCIONANDO,IMPRUDENCIA DEL CONDUCTOR,CONDUCCION SIN MANTENER DISTANCIA RAZONABLE NI PRUDENTE,CARMEN,CAMILO HENRIQUEZ,CAMILO HENRIQUEZ - CARMEN,0, , ,UNIDIRECCIONAL,CONCRETO,BUENO,SECO,DESPEJADO,0,0,0,0,07,073,07301,Maule,Curicó,Curicó,Interseccion,"CAMILO HENRIQUEZ & CARMEN, Curicó",-34.981171,-71.239233
-7871091.05789102,-3952846.01915129,2012,2023,1520956,2023/03/30 00:00:00+00,Marzo,30,Jueves,1899/12/30 00:00:00+00,07:25:00,7,REGION METROPOLITANA,QUINTA NORMAL,COLISION PERPENDICULAR,COLISION,URBANA,CRUCE CON SEMAFORO FUNCIONANDO,IMPRUDENCIA DEL CONDUCTOR,NO RESPETAR DERECHO PREFERENTE DE PASO A VEHICULO,JOSE JOAQUIN PEREZ,SERGIO VALDOVINOS,JOSE JOAQUIN PEREZ - SERGIO VALDOVINOS,0, , ,BIDIRECCIONAL,CONCRETO,REGULAR,SECO,DESPEJADO,0,0,0,1,13,131,13126,Metropolitana de Santiago,Santiago,Quinta Normal,Interseccion,"JOSE JOAQUIN PEREZ & SERGIO VALDOVINOS, Quinta Normal",-33.432449,-70.707214