X,Y,FID,Año,IdAccident,Fecha,Mes,Dia_mes,Dia_semana,Hora,Hora_texto,Hora_aprox,Región,Comuna,Tipo_Accid,Tipo__CONA,Zona,Ubicación,Causa__CON,Causa_Acci,Calle_Uno,Calle_Dos,Intersecci,Número,Ruta,Ubicaci_1,Calzada,Tipo_Calza,Estado_Cal,Condición,Estado_Atm,Fallecidos,Graves,Menos_Grav,Leves,CUT_REG,CUT_PROV,CUT_COM,REGION,PROVINCIA,COMUNA1,Tipo_direc,Direccion,Lat,Lon
-8122056.98650814,-5082369.23199193,2013,2023,1521481,2023/03/30 00:00:00+00,Marzo,30,Jueves,1899/12/30 00:00:00+00,08:10:00,8,REGION LOS LAGOS,PUERTO MONTT,COLISION POR ALCANCE,COLISION,URBANA,TRAMO DE VIA CURVA VERTICAL,IMPRUDENCIA DEL CONDUCTOR,CONDUCCION CONTRA SENTIDO DEL TRANSITO,LAS QUEMAS,LOS SAUCES,LAS QUEMAS - LOS SAUCES,0, , ,UNIDIRECCIONAL,CONCRETO,REGULAR,MOJADO,LLUVIA,0,0,1,1,10,101,10101,Los Lagos,Llanquihue,Puerto Montt,Interseccion,"LAS QUEMAS & LOS SAUCES, Puerto Montt",-41.473053,-72.961679
-7907763.70566,-4124846.5835395,2014,2023,1520714,2023/03/30 00:00:00+00,Marzo,30,Jueves,1899/12/30 00:00:00+00,11:35:00,11,REGION LIB.B.O'HIGGINS,CHIMBARONGO,COLISION FRONTAL,COLISION,URBANA,CRUCE CON SEÑAL PARE,IMPRUDENCIA DEL CONDUCTOR,CONDUCCION NO ATENTO CONDICIONES TRANSITO MOMENTO,NUEVA DE VALDES,PISAGUA,NUEVA DE VALDES - PISAGUA,0, , ,BIDIRECCIONAL,MIXTO,BUENO,SECO,DESPEJADO,0,0,0,0,06,063,06303,Libertador General Bernardo O'Higgins,Colchagua,Chimbarongo,Interseccion,"NUEVA DE VALDES & PISAGUA, Chimbarongo",-34.712258,-71.03665
-8142939.26564957,-4949556.24988689,2015,2023,1521822,2023/03/30 00:00:00+00,Marzo,30,Jueves,1899/12/30 00:00:00+00,11:50:00,11,REGION LOS LAGOS,OSORNO,COLISION,COLISION,URBANA,TRAMO DE VIA RECTA,IMPRUDENCIA DEL CONDUCTOR,CONDUCCION SIN MANTENER DISTANCIA RAZONABLE NI PRUDENTE,DAVID ROSAS,IQUIQUE,DAVID ROSAS - IQUIQUE,0, , ,BIDIRECCIONAL,CONCRETO,BUENO,SECO,DESPEJADO,0,0,0,1,10,103,10301,Los Lagos,Osorno,Osorno,Interseccion,"DAVID ROSAS & IQUIQUE, Osorno",-40.572962,-73.149268
-8142060.62091987,-4949669.83017804,2016,2023,1520869,2023/03/30 00:00:00+00,Marzo,30,Jueves,1899/12/30 00:00:00+00,12:40:00,12,REGION LOS LAGOS,OSORNO,COLISION,COLISION,URBANA,TRAMO DE VIA RECTA,IMPRUDENCIA DEL CONDUCTOR,CONDUCCION SIN MANTENER DISTANCIA RAZONABLE NI PRUDENTE,JUAN MACKENNA,MARTINEZ DE ROZAS,JUAN MACKENNA - MARTINEZ DE ROZAS,0, , ,BIDIRECCIONAL CON BANDEJON,CONCRETO,BUENO,SECO,DESPEJADO,0,0,0,0,10,103,10301,Los Lagos,Osorno,Osorno,Interseccion,"JUAN MACKENNA & MARTINEZ DE ROZAS, Osorno",-40.573737,-73.141375
-7837173.07768003,-2711684.54318875,2017,2023,1521282,2023/03/30 00:00:00+00,Marzo,30,Jueves,1899/12/30 00:00:00+00,13:30:00,13,REGION ANTOFAGASTA,ANTOFAGASTA,CHOQUE FRENTE/POSTERIOR,CHOQUE,URBANA,CRUCE CON SEÑAL CEDA EL PASO,IMPRUDENCIA DEL CONDUCTOR,CONDUCCION NO ATENTO CONDICIONES TRANSITO MOMENTO,GRECIA,HUGO SILVA ENDEIZA,GRECIA - HUGO SILVA ENDEIZA,0, , ,BIDIRECCIONAL,ASFALTO,BUENO,SECO,DESPEJADO,0,0,0,0,02,021,02101,Antofagasta,Antofagasta,Antofagasta,Interseccion,"GRECIA & HUGO SILVA ENDEIZA, Antofagasta",-23.657141,-70.402524
-7874837.45969393,-3953571.5282268,2018,2023,1521530,2023/03/30 00:00:00+00,Marzo,30,Jueves,1899/12/30 00:00:00+00,14:00:00,14,REGION METROPOLITANA,PUDAHUEL,COLISION POR ALCANCE,COLISION,URBANA,TRAMO DE VIA RECTA,IMPRUDENCIA DEL CONDUCTOR,CONDUCCION NO ATENTO CONDICIONES TRANSITO MOMENTO,TTE CRUZ,PTO RICO,PTO RICO - TTE CRUZ,0, , ,BIDIRECCIONAL,ASFALTO,REGULAR,SECO,DESPEJADO,0,0,0,0,13,131,13124,Metropolitana de Santiago,Santiago,Pudahuel,Interseccion,"PTO RICO & TTE CRUZ, Pudahuel",-33.437888,-70.740869
-7870733.27704761,-3952314.46868098,2019,2023,1520311,2023/03/30 00:00:00+00,Marzo,30,Jueves,1899/12/30 00:00:00+00,17:50:00,17,REGION METROPOLITANA,QUINTA NORMAL,COLISION LATERAL,COLISION,URBANA,CRUCE CON SEMAFORO FUNCIONANDO,IMPRUDENCIA DEL CONDUCTOR,CONDUCCION NO ATENTO CONDICIONES TRANSITO MOMENTO,MAPOCHO,RADAL,MAPOCHO - RADAL,0, , ,BIDIRECCIONAL,ASFALTO,REGULAR,SECO,DESPEJADO,0,1,0,1,13,131,13126,Metropolitana de Santiago,Santiago,Quinta Normal,Interseccion,"MAPOCHO & RADAL, Quinta Normal",-33.428464,-70.704
-7977768.97119618,-4222242.6347967,2020,2023,1520128,2023/03/30 00:00:00+00,Marzo,30,Jueves,1899/12/30 00:00:00+00,18:15:00,18,REGION MAULE,TALCA,COLISION,COLISION,URBANA,TRAMO DE VIA RECTA,IMPRUDENCIA DEL CONDUCTOR,CONDUCCION CONTRA SENTIDO DEL TRANSITO,13 1/2 SUR,1 ORIENTE,1 ORIENTE - 13 1/2 SUR,0, , ,UNIDIRECCIONAL,CONCRETO,BUENO,SECO,DESPEJADO,0,0,0,1,07,071,07101,Maule,Talca,Talca,Interseccion,"1 ORIENTE & 13 1/2 SUR, Talca",-35.428328,-71.665518
-7836752.16757566,-2699980.91839557,2021,2023,1520146,2023/03/30 00:00:00+00,Marzo,30,Jueves,1899/12/30 00:00:00+00,18:45:00,18,REGION ANTOFAGASTA,ANTOFAGASTA,COLISION LATERAL,COLISION,URBANA,CRUCE CON SEÑAL PARE,DESOBEDIENCIA A SEÑALIZACION,SEÑALIZACION DESOBEDECER SEÑAL PARE,BENITO OCAMPO,OFICINA SAN GREGORIO,BENITO OCAMPO - OFICINA SAN GREGORIO,0, , ,BIDIRECCIONAL CON BANDEJON,ASFALTO,REGULAR,SECO,DESPEJADO,1,0,0,0,02,021,02101,Antofagasta,Antofagasta,Antofagasta,Interseccion,"BENITO OCAMPO & OFICINA SAN GREGORIO, Antofagasta",-23.560805,-70.398742
-8132652.34283599,-4414788.76126625,2022,2023,1520676,2023/03/30 00:00:00+00,Marzo,30,Jueves,1899/12/30 00:00:00+00,18:50:00,18,REGION BIO BIO,CONCEPCION,COLISION,COLISION,URBANA,CRUCE CON SEMAFORO FUNCIONANDO,DESOBEDIENCIA A SEÑALIZACION,SEÑALIZACION DESOBEDECER LUZ ROJA DE SEMAFORO,LOS CARRERA,ANGOL,ANGOL - LOS CARRERA,0, , ,BIDIRECCIONAL,CONCRETO,BUENO,SECO,DESPEJADO,0,1,0,0,08,081,08101,Biobío,Concepción,Concepción,Interseccion,"ANGOL & LOS CARRERA, Concepción",-36.825336,-73.056859
-7935428.26886996,-4179714.52215672,2023,2023,1520631,2023/03/30 00:00:00+00,Marzo,30,Jueves,1899/12/30 00:00:00+00,19:10:00,19,REGION MAULE,MOLINA,COLISION PERPENDICULAR,COLISION,URBANA,TRAMO DE VIA RECTA,DESOBEDIENCIA A SEÑALIZACION,SEÑALIZACION DESOBEDECER SEÑAL PARE,AVENIDA SUR,AVENIDA PONIENTE,AVENIDA PONIENTE - AVENIDA SUR,0, , ,BIDIRECCIONAL,ASFALTO,BUENO,SECO,DESPEJADO,0,0,0,1,07,073,07304,Maule,Curicó,Molina,Interseccion,"AVENIDA PONIENTE & AVENIDA SUR, Molina",-35.116428,-71.285165
-7926158.91755511,-4155881.10531685,2024,2023,1521564,2023/03/30 00:00:00+00,Marzo,30,Jueves,1899/12/30 00:00:00+00,19:20:00,19,REGION MAULE,CURICO,COLISION PERPENDICULAR,COLISION,URBANA,CRUCE CON SEÑAL PARE,DESOBEDIENCIA A SEÑALIZACION,SEÑALIZACION DESOBEDECER SEÑAL PARE,ARTURO PRAT,CONSTITUCION,ARTURO PRAT - CONSTITUCION,0, , ,BIDIRECCIONAL,ASFALTO,BUENO,SECO,DESPEJADO,0,0,0,2,07,073,07301,Maule,Curicó,Curicó,Interseccion,"ARTURO PRAT & CONSTITUCION, Curicó",-34.94111,-71.201897
-7889670.30317945,-3975071.23099502,2025,2023,1520206,2023/03/30 00:00:00+00,Marzo,30,Jueves,1899/12/30 00:00:00+00,20:15:00,20,REGION METROPOLITANA,PEÑAFLOR,COLISION,COLISION,URBANA,CRUCE CON SEMAFORO FUNCIONANDO,ALCOHOL EN CONDUCTOR,CONDUCCION BAJO LA INFLUENCIA DEL ALCOHOL,MIRAFLORES,FRANCISCO BILBAO,FRANCISCO BILBAO - MIRAFLORES,0, , ,BIDIRECCIONAL,ASFALTO,BUENO,SECO,DESPEJADO,0,0,0,1,13,136,13605,Metropolitana de Santiago,Talagante,Peñaflor,Interseccion,"FRANCISCO BILBAO & MIRAFLORES, Peñaflor",-33.598906,-70.874114
-7976007.67422398,-4221540.45638919,2026,2023,1521069,2023/03/30 00:00:00+00,Marzo,30,Jueves,1899/12/30 00:00:00+00,21:10:00,21,REGION MAULE,TALCA,COLISION LATERAL,COLISION,URBANA,CRUCE CON SEÑAL PARE,DESOBEDIENCIA A SEÑALIZACION,SEÑALIZACION DESOBEDECER SEÑAL PARE,LIRCAY,CIRCUNVALACION NORTE,CIRCUNVALACION NORTE - LIRCAY,0, , ,BIDIRECCIONAL,ASFALTO,BUENO,SECO,DESPEJADO,0,0,0,1,07,071,07101,Maule,Talca,Talca,Interseccion,"CIRCUNVALACION NORTE & LIRCAY, Talca",-35.423188,-71.649696
-7979024.87770244,-4221600.29008921,2027,2023,1521075,2023/03/30 00:00:00+00,Marzo,30,Jueves,1899/12/30 00:00:00+00,21:20:00,21,REGION MAULE,TALCA,COLISION LATERAL,COLISION,URBANA,CRUCE SIN SEÑALIZACION,IMPRUDENCIA DEL CONDUCTOR,NO RESPETAR DERECHO PREFERENTE DE PASO A VEHICULO,2 NORTE,41 ORIENTE,2 NORTE - 41 ORIENTE,0, , ,BIDIRECCIONAL,ASFALTO,BUENO,SECO,DESPEJADO,0,0,0,1,07,071,07101,Maule,Talca,Talca,Interseccion,"2 NORTE & 41 ORIENTE, Talca",-35.423626,-71.6768
-7971779.48168719,-3901211.51388288,2028,2023,1520834,2023/03/30 00:00:00+00,Marzo,30,Jueves,1899/12/30 00:00:00+00,23:00:00,23,REGION VALPARAISO,VALPARAISO,COLISION,COLISION,URBANA,CRUCE CON SEMAFORO FUNCIONANDO,IMPRUDENCIA DEL CONDUCTOR,VIRAJES INDEBIDOS,ERRAZURIZ,FRANCIA,ERRAZURIZ - FRANCIA,0, , ,BIDIRECCIONAL CON BANDEJON,CONCRETO,BUENO,SECO,DESPEJADO,0,0,0,3,05,051,05101,Valparaíso,Valparaíso,Valparaíso,Interseccion,"ERRAZURIZ & FRANCIA, Valparaíso",-33.044496,-71.611714
-7835254.97609536,-2704858.91854673,2029,2023,1523563,2023/03/31 00:00:00+00,Marzo,31,Viernes,1899/12/30 00:00:00+00,07:10:00,7,REGION ANTOFAGASTA,ANTOFAGASTA,COLISION PERPENDICULAR,COLISION,URBANA,CRUCE CON SEÑAL PARE,DESOBEDIENCIA A SEÑALIZACION,SEÑALIZACION DESOBEDECER SEÑAL PARE,PANTALEON CORTES,RADOMIRO TOMIC,PANTALEON CORTES - RADOMIRO TOMIC,0, , ,BIDIRECCIONAL,ASFALTO,BUENO,SECO,DESPEJADO,0,1,0,0,02,021,02101,Antofagasta,Antofagasta,Antofagasta,Interseccion,"PANTALEON CORTES & RADOMIRO TOMIC, Antofagasta",-23.600966,-70.385293
-7856412.74813375,-3970159.57190198,2030,2023,1520713,2023/03/31 00:00:00+00,Marzo,31,Viernes,1899/12/30 00:00:00+00,07:50:00,7,REGION METROPOLITANA,LA FLORIDA,ATROPELLO,ATROPELLO,URBANA,CRUCE CON SEMAFORO FUNCIONANDO,IMPRUDENCIA DEL PEATON,PEATON CRUZA CALZADA FORMA SORPRESIVA O DESCUIDADA,DIEGO PORTALES,STA CECILIA,DIEGO PORTALES - STA CECILIA,0, , ,UNIDIRECCIONAL,ASFALTO,BUENO,SECO,DESPEJADO,0,0,0,2,13,131,13110,Metropolitana de Santiago,Santiago,La Florida,Interseccion,"DIEGO PORTALES & STA CECILIA, La Florida",-33.562148,-70.575356
-7933665.41344715,-3878704.54909256,2031,2023,1520369,2023/03/31 00:00:00+00,Marzo,31,Viernes,1899/12/30 00:00:00+00,08:10:00,8,REGION VALPARAISO,QUILLOTA,COLISION,COLISION,URBANA,TRAMO DE VIA RECTA,IMPRUDENCIA DEL CONDUCTOR,CONDUCCION NO ATENTO CONDICIONES TRANSITO MOMENTO,BALMACEDA,CALLEJON OLIVARES,BALMACEDA - CALLEJON OLIVARES,0, , ,BIDIRECCIONAL,ASFALTO,BUENO,SECO,DESPEJADO,0,1,0,1,05,055,05501,Valparaíso,Quillota,Quillota,Interseccion,"BALMACEDA & CALLEJON OLIVARES, Quillota",-32.874853,-71.269329
-7929576.5594502,-3822507.68669579,2032,2023,1521961,2023/03/31 00:00:00+00,Marzo,31,Viernes,1899/12/30 00:00:00+00,09:20:00,9,REGION VALPARAISO,LA LIGUA,COLISION,COLISION,URBANA,TRAMO DE VIA RECTA,IMPRUDENCIA DEL CONDUCTOR,CONDUCCION NO ATENTO CONDICIONES TRANSITO MOMENTO,PAPUDO,LORENZO CHOLO FLORES,LORENZO CHOLO FLORES - PAPUDO,0, , ,UNIDIRECCIONAL,ASFALTO,BUENO,SECO,DESPEJADO,0,1,0,0,05,054,05401,Valparaíso,Petorca,La Ligua,Interseccion,"LORENZO CHOLO FLORES & PAPUDO, La Ligua",-32.44986,-71.232598
-7857215.75128059,-3975355.62365174,2033,2023,1520965,2023/03/31 00:00:00+00,Marzo,31,Viernes,1899/12/30 00:00:00+00,13:00:00,13,REGION METROPOLITANA,PUENTE ALTO,COLISION PERPENDICULAR,COLISION,URBANA,CRUCE CON SEÑAL PARE,DESOBEDIENCIA A SEÑALIZACION,SEÑALIZACION DESOBEDECER SEÑAL CEDA EL PASO,INDEPENDENCIA,JAVIERA,INDEPENDENCIA - JAVIERA,0, , ,UNIDIRECCIONAL,ASFALTO,BUENO,SECO,DESPEJADO,0,0,0,1,13,132,13201,Metropolitana de Santiago,Cordillera,Puente Alto,Interseccion,"INDEPENDENCIA & JAVIERA, Puente Alto",-33.601034,-70.58257
-7854298.17874639,-3956860.84731841,2034,2023,1523461,2023/03/31 00:00:00+00,Marzo,31,Viernes,1899/12/30 00:00:00+00,13:00:00,13,REGION METROPOLITANA,PEÑALOLEN,COLISION FRONTAL,COLISION,URBANA,CRUCE CON SEMAFORO FUNCIONANDO,DESOBEDIENCIA A SEÑALIZACION,SEÑALIZACION DESOBEDECER LUZ ROJA DE SEMAFORO,DIEGO ROJAS,JOSE ARRIETA,DIEGO ROJAS - JOSE ARRIETA,0, , ,BIDIRECCIONAL,CONCRETO,BUENO,SECO,DESPEJADO,0,1,0,0,13,131,13122,Metropolitana de Santiago,Santiago,Peñalolén,Interseccion,"DIEGO ROJAS & JOSE ARRIETA, Peñalolén",-33.462542,-70.556361
-7857215.75128059,-3975355.62365174,2035,2023,1522597,2023/03/31 00:00:00+00,Marzo,31,Viernes,1899/12/30 00:00:00+00,13:20:00,13,REGION METROPOLITANA,PUENTE ALTO,COLISION LATERAL,COLISION,URBANA,TRAMO DE VIA RECTA,IMPRUDENCIA DEL CONDUCTOR,CONDUCCION NO ATENTO CONDICIONES TRANSITO MOMENTO,JAVIERA,INDEPENDENCIA,INDEPENDENCIA - JAVIERA,0, , ,BIDIRECCIONAL,CONCRETO,BUENO,SECO,DESPEJADO,0,0,0,0,13,132,13201,Metropolitana de Santiago,Cordillera,Puente Alto,Interseccion,"INDEPENDENCIA & JAVIERA, Puente Alto",-33.601034,-70.58257
-7834839.19780838,-2703130.46449891,2036,2023,1521403,2023/03/31 00:00:00+00,Marzo,31,Viernes,1899/12/30 00:00:00+00,15:00:00,15,REGION ANTOFAGASTA,ANTOFAGASTA,COLISION PERPENDICULAR,COLISION,URBANA,CRUCE SIN SEÑALIZACION,IMPRUDENCIA DEL CONDUCTOR,CONDUCCION NO ATENTO CONDICIONES TRANSITO MOMENTO,JUAN BOLIVAR,LOS ESCUALOS,JUAN BOLIVAR - LOS ESCUALOS,0, , ,UNIDIRECCIONAL,ASFALTO,BUENO,SECO,DESPEJADO,0,0,0,1,02,021,02101,Antofagasta,Antofagasta,Antofagasta,Interseccion,"JUAN BOLIVAR & LOS ESCUALOS, Antofagasta",-23.586737,-70.381558
-7868757.35608603,-3960772.95276526,2037,2023,1521816,2023/03/31 00:00:00+00,Marzo,31,Viernes,1899/12/30 00:00:00+00,15:30:00,15,REGION METROPOLITANA,PEDRO AGUIRRE CERDA,COLISION LATERAL,COLISION,URBANA,TRAMO DE VIA RECTA,IMPRUDENCIA DEL CONDUCTOR,CONDUCCION NO ATENTO CONDICIONES TRANSITO MOMENTO,ALC CARLOS VALDOVINOS,ALEJANDRO PETION,ALC CARLOS VALDOVINOS - ALEJANDRO PETION,0, , ,BIDIRECCIONAL,ASFALTO,BUENO,SECO,DESPEJADO,0,0,0,0,13,131,13121,Metropolitana de Santiago,Santiago,Pedro Aguirre Cerda,Interseccion,"ALC CARLOS VALDOVINOS & ALEJANDRO PETION, Pedro Aguirre Cerda",-33.491855,-70.68625
-7857217.62144803,-3947957.16821068,2038,2023,1521184,2023/03/31 00:00:00+00,Marzo,31,Viernes,1899/12/30 00:00:00+00,15:50:00,15,REGION METROPOLITANA,VITACURA,COLISION LATERAL,COLISION,URBANA,TRAMO DE VIA RECTA,IMPRUDENCIA DEL CONDUCTOR,CONDUCCION NO ATENTO CONDICIONES TRANSITO MOMENTO,LUIS PASTEUR,ARQTO TEODORO BENDJERODT,ARQTO TEODORO BENDJERODT - LUIS PASTEUR,0, , ,BIDIRECCIONAL,ASFALTO,BUENO,SECO,DESPEJADO,0,0,0,1,13,131,13132,Metropolitana de Santiago,Santiago,Vitacura,Interseccion,"ARQTO TEODORO BENDJERODT & LUIS PASTEUR, Vitacura",-33.395791,-70.582587
-7857789.82589461,-3961977.69354048,2039,2023,1522064,2023/03/31 00:00:00+00,Marzo,31,Viernes,1899/12/30 00:00:00+00,19:05:00,19,REGION METROPOLITANA,MACUL,COLISION PERPENDICULAR,COLISION,URBANA,TRAMO DE VIA RECTA,IMPRUDENCIA DEL CONDUCTOR,ADELANTAMIENTO SIN EL ESPACIO O TIEMPO SUFICIENTE,AMERICO VESPUCIO,DR AMADOR NEGHME RODRIGUEZ,AMERICO VESPUCIO - DR AMADOR NEGHME RODRIGUEZ,0, , ,BIDIRECCIONAL CON BANDEJON,CONCRETO,BUENO,SECO,DESPEJADO,0,1,0,1,13,131,13118,Metropolitana de Santiago,Santiago,Macul,Interseccion,"AMERICO VESPUCIO & DR AMADOR NEGHME RODRIGUEZ, Macul",-33.50088,-70.587727
-7866099.49192385,-3963651.32362,2040,2023,1521152,2023/03/31 00:00:00+00,Marzo,31,Viernes,1899/12/30 00:00:00+00,20:00:00,20,REGION METROPOLITANA,LA CISTERNA,COLISION PERPENDICULAR,COLISION,URBANA,CRUCE CON SEÑAL PARE,DESOBEDIENCIA A SEÑALIZACION,SEÑALIZACION DESOBEDECER SEÑAL PARE,LO OVALLE,CIENCIAS,CIENCIAS - LO OVALLE,0, , ,BIDIRECCIONAL,CONCRETO,BUENO,SECO,DESPEJADO,0,0,0,0,13,131,13109,Metropolitana de Santiago,Santiago,La Cisterna,Interseccion,"CIENCIAS & LO OVALLE, La Cisterna",-33.513416,-70.662374
-7875059.37509882,-4051183.97371292,2041,2023,1521143,2023/03/31 00:00:00+00,Marzo,31,Viernes,1899/12/30 00:00:00+00,20:30:00,20,REGION LIB.B.O'HIGGINS,RANCAGUA,CHOQUE LADO/LADO,CHOQUE,URBANA,CRUCE CON SEÑAL PARE,IMPRUDENCIA DEL CONDUCTOR,CONDUCCION NO ATENTO CONDICIONES TRANSITO MOMENTO,ASTORGA,CACERES,ASTORGA - CACERES,0, , ,UNIDIRECCIONAL,CONCRETO,BUENO,SECO,DESPEJADO,0,0,0,0,06,061,06101,Libertador General Bernardo O'Higgins,Cachapoal,Rancagua,Interseccion,"ASTORGA & CACERES, Rancagua",-34.166523,-70.742862
-7856865.20620408,-3951654.89983046,2042,2023,1523463,2023/03/31 00:00:00+00,Marzo,31,Viernes,1899/12/30 00:00:00+00,20:30:00,20,REGION METROPOLITANA,LAS CONDES,COLISION LATERAL,COLISION,URBANA,TRAMO DE VIA RECTA,IMPRUDENCIA DEL CONDUCTOR,CONDUCCION NO ATENTO CONDICIONES TRANSITO MOMENTO,CRISTOBAL COLON,AMERICO VESPUCIO SUR,AMERICO VESPUCIO SUR - CRISTOBAL COLON,0, , ,BIDIRECCIONAL,ASFALTO,BUENO,SECO,DESPEJADO,0,0,0,1,13,131,13114,Metropolitana de Santiago,Santiago,Las Condes,Interseccion,"AMERICO VESPUCIO SUR & CRISTOBAL COLON, Las Condes",-33.423519,-70.579421
-7940074.49956845,-3500768.37233286,2043,2023,1521019,2023/03/31 00:00:00+00,Marzo,31,Viernes,1899/12/30 00:00:00+00,21:30:00,21,REGION COQUIMBO,COQUIMBO,COLISION PERPENDICULAR,COLISION,URBANA,CRUCE SIN SEÑALIZACION,IMPRUDENCIA DEL CONDUCTOR,CONDUCCION NO ATENTO CONDICIONES TRANSITO MOMENTO,PORTUGAL,ALEMANIA,ALEMANIA - PORTUGAL,0, , ,BIDIRECCIONAL,ASFALTO,BUENO,SECO,DESPEJADO,0,0,0,1,04,041,04102,Coquimbo,Elqui,Coquimbo,Interseccion,"ALEMANIA & PORTUGAL, Coquimbo",-29.978359,-71.326903
-7874852.32084595,-3991323.02641351,2044,2023,1521885,2023/03/31 00:00:00+00,Marzo,31,Viernes,1899/12/30 00:00:00+00,21:50:00,21,REGION METROPOLITANA,BUIN,COLISION FRONTAL,COLISION,URBANA,TRAMO DE VIA RECTA,IMPRUDENCIA DEL CONDUCTOR,CONDUCCION NO ATENTO CONDICIONES TRANSITO MOMENTO,BAJOS DE MATTE,LA OBRA,BAJOS DE MATTE - LA OBRA,0, , ,BIDIRECCIONAL,CONCRETO,BUENO,SECO,DESPEJADO,0,0,0,1,13,134,13402,Metropolitana de Santiago,Maipo,Buin,Interseccion,"BAJOS DE MATTE & LA OBRA, Buin",-33.720422,-70.741002
-8052945.47235768,-4507572.35744769,2045,2023,1522241,2023/03/31 00:00:00+00,Marzo,31,Viernes,1899/12/30 00:00:00+00,23:35:00,23,REGION BIO BIO,LOS ANGELES,COLISION LATERAL,COLISION,URBANA,CRUCE SIN SEÑALIZACION,ALCOHOL EN CONDUCTOR,CONDUCCION EN ESTADO DE EBRIEDAD,FERROCARRIL,FRANCISCO JAVIER DEL SOLAR,FERROCARRIL - FRANCISCO JAVIER DEL SOLAR,0, , ,BIDIRECCIONAL,CONCRETO,BUENO,SECO,DESPEJADO,0,1,0,0,08,083,08301,Biobío,Biobío,Los Angeles,Interseccion,"FERROCARRIL & FRANCISCO JAVIER DEL SOLAR, Los Angeles",-37.489601,-72.34084
-7859412.30747292,-3972824.68366917,2046,2023,1523017,2023/03/31 00:00:00+00,Marzo,31,Viernes,1899/12/30 00:00:00+00,23:45:00,23,REGION METROPOLITANA,PUENTE ALTO,COLISION LATERAL,COLISION,URBANA,TRAMO DE VIA RECTA,ALCOHOL EN CONDUCTOR,CONDUCCION EN ESTADO DE EBRIEDAD,GABRIELA PONIENTE,CRETA,CRETA - GABRIELA PONIENTE,0, , ,BIDIRECCIONAL,CONCRETO,BUENO,SECO,DESPEJADO,0,0,0,1,13,132,13201,Metropolitana de Santiago,Cordillera,Puente Alto,Interseccion,"CRETA & GABRIELA PONIENTE, Puente Alto",-33.582095,-70.602302
-7933267.66892881,-3882108.01723583,2047,2023,1520603,2023/04/01 00:00:00+00,Abril,1,Sábado,1899/12/30 00:00:00+00,02:35:00,2,REGION VALPARAISO,QUILLOTA,COLISION,COLISION,URBANA,TRAMO DE VIA RECTA,IMPRUDENCIA DEL CONDUCTOR,CONDUCCION NO ATENTO CONDICIONES TRANSITO MOMENTO,GABRIELA MISTRAL,ENRIQUE OCTAVO,ENRIQUE OCTAVO - GABRIELA MISTRAL,0, , ,UNIDIRECCIONAL,ASFALTO,BUENO,SECO,DESPEJADO,0,0,0,0,05,055,05501,Valparaíso,Quillota,Quillota,Interseccion,"ENRIQUE OCTAVO & GABRIELA MISTRAL, Quillota",-32.900527,-71.265756
-8139299.22963125,-4950340.05378615,2048,2023,1521463,2023/04/01 00:00:00+00,Abril,1,Sábado,1899/12/30 00:00:00+00,06:20:00,6,REGION LOS LAGOS,OSORNO,VOLCADURA,VOLCADURA,URBANA,TRAMO DE VIA RECTA,ALCOHOL EN CONDUCTOR,CONDUCCION EN ESTADO DE EBRIEDAD,BUENOS AIRES,RENE SORIANO,BUENOS AIRES - RENE SORIANO,0, , ,UNIDIRECCIONAL,CONCRETO,BUENO,MOJADO,LLOVIZNA,0,0,1,0,10,103,10301,Los Lagos,Osorno,Osorno,Interseccion,"BUENOS AIRES & RENE SORIANO, Osorno",-40.57831,-73.116569
-7862237.0395518,-3974295.41837543,2049,2023,1521097,2023/04/01 00:00:00+00,Abril,1,Sábado,1899/12/30 00:00:00+00,08:00:00,8,REGION METROPOLITANA,LA PINTANA,COLISION,COLISION,URBANA,CRUCE SIN SEÑALIZACION,IMPRUDENCIA DEL CONDUCTOR,CONDUCCION CAMBIAR SORPRESIVAMENTE PISTA CIRCULACION,STA ROSA,PLAZA DE ARMAS,PLAZA DE ARMAS - STA ROSA,0, , ,BIDIRECCIONAL CON BANDEJON,ASFALTO,BUENO,SECO,DESPEJADO,0,0,0,1,13,131,13112,Metropolitana de Santiago,Santiago,La Pintana,Interseccion,"PLAZA DE ARMAS & STA ROSA, La Pintana",-33.593101,-70.627677
-7867013.31362377,-3959462.76451276,2050,2023,1521828,2023/04/01 00:00:00+00,Abril,1,Sábado,1899/12/30 00:00:00+00,08:10:00,8,REGION METROPOLITANA,PEDRO AGUIRRE CERDA,CHOQUE FRONTAL,CHOQUE,URBANA,TRAMO DE VIA RECTA,IMPRUDENCIA DEL CONDUCTOR,CONDUCCION NO ATENTO CONDICIONES TRANSITO MOMENTO,CLOTARIO BLEST,TARTINI,CLOTARIO BLEST - TARTINI,0, , ,BIDIRECCIONAL,ASFALTO,BUENO,SECO,DESPEJADO,0,1,0,0,13,131,13121,Metropolitana de Santiago,Santiago,Pedro Aguirre Cerda,Interseccion,"CLOTARIO BLEST & TARTINI, Pedro Aguirre Cerda",-33.482039,-70.670583
-7853519.72154727,-3960383.19094654,2051,2023,1523467,2023/04/01 00:00:00+00,Abril,1,Sábado,1899/12/30 00:00:00+00,08:10:00,8,REGION METROPOLITANA,PEÑALOLEN,COLISION FRONTAL,COLISION,URBANA,CRUCE CON SEÑAL PARE,ALCOHOL EN CONDUCTOR,CONDUCCION BAJO LA INFLUENCIA DEL ALCOHOL,DIEGO ROJAS,LOS PRESIDENTES,DIEGO ROJAS - LOS PRESIDENTES,0, , ,BIDIRECCIONAL CON BANDEJON,CONCRETO,BUENO,SECO,DESPEJADO,0,0,0,1,13,131,13122,Metropolitana de Santiago,Santiago,Peñalolén,Interseccion,"DIEGO ROJAS & LOS PRESIDENTES, Peñalolén",-33.488935,-70.549368