X,Y,FID,Año,IdAccident,Fecha,Mes,Dia_mes,Dia_semana,Hora,Hora_texto,Hora_aprox,Región,Comuna,Tipo_Accid,Tipo__CONA,Zona,Ubicación,Causa__CON,Causa_Acci,Calle_Uno,Calle_Dos,Intersecci,Número,Ruta,Ubicaci_1,Calzada,Tipo_Calza,Estado_Cal,Condición,Estado_Atm,Fallecidos,Graves,Menos_Grav,Leves,CUT_REG,CUT_PROV,CUT_COM,REGION,PROVINCIA,COMUNA1,Tipo_direc,Direccion,Lat,Lon
-7978370.98701352,-4225263.19578606,2052,2023,1521269,2023/04/01 00:00:00+00,Abril,1,Sábado,1899/12/30 00:00:00+00,09:50:00,9,REGION MAULE,TALCA,COLISION LATERAL,COLISION,URBANA,TRAMO DE VIA RECTA,IMPRUDENCIA DEL CONDUCTOR,CONDUCCION NO ATENTO CONDICIONES TRANSITO MOMENTO,14 ORIENTE,1 1/2 ORIENTE,1 1/2 ORIENTE - 14 ORIENTE,0, , ,UNIDIRECCIONAL,CONCRETO,BUENO,SECO,DESPEJADO,0,0,0,0,07,071,07101,Maule,Talca,Talca,Interseccion,"1 1/2 ORIENTE & 14 ORIENTE, Talca",-35.450435,-71.670926
-7930218.37206342,-3879090.78012855,2053,2023,1520604,2023/04/01 00:00:00+00,Abril,1,Sábado,1899/12/30 00:00:00+00,10:00:00,10,REGION VALPARAISO,QUILLOTA,COLISION,COLISION,URBANA,TRAMO DE VIA RECTA,IMPRUDENCIA DEL CONDUCTOR,CONDUCCION NO ATENTO CONDICIONES TRANSITO MOMENTO,VICUÑA MACKENNA,HERBOSO,HERBOSO - VICUÑA MACKENNA,0, , ,BIDIRECCIONAL,ASFALTO,BUENO,SECO,DESPEJADO,0,0,0,1,05,055,05501,Valparaíso,Quillota,Quillota,Interseccion,"HERBOSO & VICUÑA MACKENNA, Quillota",-32.877767,-71.238364
-8138512.43334436,-4417200.50360213,2054,2023,1522429,2023/04/01 00:00:00+00,Abril,1,Sábado,1899/12/30 00:00:00+00,10:03:00,10,REGION BIO BIO,SAN PEDRO DE LA PAZ,COLISION LATERAL,COLISION,URBANA,CRUCE SIN SEÑALIZACION,IMPRUDENCIA DEL CONDUCTOR,ADELANTAMIENTO SIN EL ESPACIO O TIEMPO SUFICIENTE,LOS ACACIOS,LAS ARAUCARIAS,LAS ARAUCARIAS - LOS ACACIOS,0, , ,BIDIRECCIONAL,CONCRETO,BUENO,SECO,DESPEJADO,0,0,0,0,08,081,08108,Biobío,Concepción,San Pedro de la Paz,Interseccion,"LAS ARAUCARIAS & LOS ACACIOS, San Pedro de la Paz",-36.842676,-73.109501
-7867572.36010654,-3944849.19562751,2055,2023,1524155,2023/04/01 00:00:00+00,Abril,1,Sábado,1899/12/30 00:00:00+00,13:30:00,13,REGION METROPOLITANA,CONCHALI,COLISION,COLISION,URBANA,TRAMO DE VIA RECTA,IMPRUDENCIA DEL CONDUCTOR,CONDUCCION NO ATENTO CONDICIONES TRANSITO MOMENTO,AMBERES,ISABEL CARRERA,AMBERES - ISABEL CARRERA,0, , ,UNIDIRECCIONAL,CONCRETO,BUENO,SECO,DESPEJADO,0,0,0,0,13,131,13104,Metropolitana de Santiago,Santiago,Conchalí,Interseccion,"AMBERES & ISABEL CARRERA, Conchalí",-33.372478,-70.675605
-7854479.96347485,-3953891.58411972,2056,2023,1520487,2023/04/01 00:00:00+00,Abril,1,Sábado,1899/12/30 00:00:00+00,16:45:00,16,REGION METROPOLITANA,LA REINA,COLISION LATERAL,COLISION,URBANA,TRAMO DE VIA RECTA,IMPRUDENCIA DEL CONDUCTOR,CONDUCCION CAMBIAR SORPRESIVAMENTE PISTA CIRCULACION,LA CAÑADA,AGUAS CLARAS,AGUAS CLARAS - LA CAÑADA,0, , ,UNIDIRECCIONAL,CONCRETO,BUENO,SECO,DESPEJADO,0,0,0,1,13,131,13113,Metropolitana de Santiago,Santiago,La Reina,Interseccion,"AGUAS CLARAS & LA CAÑADA, La Reina",-33.440287,-70.557994
-7863903.1584039,-3947699.87526587,2057,2023,1521723,2023/04/01 00:00:00+00,Abril,1,Sábado,1899/12/30 00:00:00+00,17:20:00,17,REGION METROPOLITANA,RECOLETA,COLISION LATERAL,COLISION,URBANA,CRUCE CON SEMAFORO FUNCIONANDO,DESOBEDIENCIA A SEÑALIZACION,SEÑALIZACION DESOBEDECER LUZ ROJA DE SEMAFORO,URMENETA,RECOLETA,RECOLETA - URMENETA,0, , ,BIDIRECCIONAL,ASFALTO,BUENO,SECO,DESPEJADO,0,0,0,0,13,131,13127,Metropolitana de Santiago,Santiago,Recoleta,Interseccion,"RECOLETA & URMENETA, Recoleta",-33.393861,-70.642644
-7872754.34919466,-3944218.21605071,2058,2023,1521256,2023/04/01 00:00:00+00,Abril,1,Sábado,1899/12/30 00:00:00+00,17:30:00,17,REGION METROPOLITANA,QUILICURA,COLISION LATERAL,COLISION,URBANA,TRAMO DE VIA RECTA,IMPRUDENCIA DEL CONDUCTOR,ADELANTAMIENTO SIN EL ESPACIO O TIEMPO SUFICIENTE,CARAMPANGUE,HUMBERTO CARO,CARAMPANGUE - HUMBERTO CARO,0, , ,UNIDIRECCIONAL,ASFALTO,BUENO,SECO,DESPEJADO,0,0,0,0,13,131,13125,Metropolitana de Santiago,Santiago,Quilicura,Interseccion,"CARAMPANGUE & HUMBERTO CARO, Quilicura",-33.367744,-70.722156
-8074760.75290164,-4521093.65462134,2059,2023,1521272,2023/04/01 00:00:00+00,Abril,1,Sábado,1899/12/30 00:00:00+00,20:20:00,20,REGION BIO BIO,NEGRETE,COLISION POR ALCANCE,COLISION,URBANA,CRUCE SIN SEÑALIZACION,IMPRUDENCIA DEL CONDUCTOR,CONDUCCION NO ATENTO CONDICIONES TRANSITO MOMENTO,IGNACIO CARRERA PINTO,LAGO PIRIHUIECO,IGNACIO CARRERA PINTO - LAGO PIRIHUIECO,0, , ,BIDIRECCIONAL,ASFALTO,BUENO,SECO,DESPEJADO,0,0,0,2,08,083,08307,Biobío,Biobío,Negrete,Interseccion,"IGNACIO CARRERA PINTO & LAGO PIRIHUIECO, Negrete",-37.585916,-72.53681
-8054133.02868546,-4612344.35496098,2060,2023,1521376,2023/04/01 00:00:00+00,Abril,1,Sábado,1899/12/30 00:00:00+00,21:00:00,21,REGION ARAUCANIA,VICTORIA,CHOQUE FRONTAL,CHOQUE,URBANA,TRAMO DE VIA RECTA,DROGAS Y/O FATIGA EN CONDUCTOR,"CONDICIONES FISICAS DEFICIENTES (CANSANCIO, SUEÑO)",O'HIGGINS,TEMUCO,O'HIGGINS - TEMUCO,0, , ,UNIDIRECCIONAL,CONCRETO,BUENO,SECO,DESPEJADO,0,0,0,1,09,092,09211,La Araucanía,Malleco,Victoria,Interseccion,"O'HIGGINS & TEMUCO, Victoria",-38.232654,-72.351508
-7940395.93459812,-3500557.96018566,2061,2023,1521033,2023/04/01 00:00:00+00,Abril,1,Sábado,1899/12/30 00:00:00+00,21:15:00,21,REGION COQUIMBO,COQUIMBO,COLISION PERPENDICULAR,COLISION,URBANA,CRUCE SIN SEÑALIZACION,IMPRUDENCIA DEL CONDUCTOR,CONDUCCION NO ATENTO CONDICIONES TRANSITO MOMENTO,ESTADOS UNIDOS,DIRECTOR LAGARRIGUE,DIRECTOR LAGARRIGUE - ESTADOS UNIDOS,0, , ,BIDIRECCIONAL,ASFALTO,BUENO,SECO,DESPEJADO,0,0,0,0,04,041,04102,Coquimbo,Elqui,Coquimbo,Interseccion,"DIRECTOR LAGARRIGUE & ESTADOS UNIDOS, Coquimbo",-29.976722,-71.32979
-7862877.68322132,-3945177.64863494,2062,2023,1522056,2023/04/01 00:00:00+00,Abril,1,Sábado,1899/12/30 00:00:00+00,21:15:00,21,REGION METROPOLITANA,HUECHURABA,VOLCADURA,VOLCADURA,URBANA,TRAMO DE VIA RECTA,IMPRUDENCIA DEL CONDUCTOR,CONDUCCION NO ATENTO CONDICIONES TRANSITO MOMENTO,REP DE ESTADOS UNIDOS,CAMINO AL BOSQUE DE SANTIAGO,CAMINO AL BOSQUE DE SANTIAGO - REP DE ESTADOS UNIDOS,0, , ,BIDIRECCIONAL,ASFALTO,BUENO,SECO,DESPEJADO,0,0,0,1,13,131,13107,Metropolitana de Santiago,Santiago,Huechuraba,Interseccion,"CAMINO AL BOSQUE DE SANTIAGO & REP DE ESTADOS UNIDOS, Huechuraba",-33.374942,-70.633432
-7866742.90754888,-3969221.86940623,2063,2023,1521372,2023/04/01 00:00:00+00,Abril,1,Sábado,1899/12/30 00:00:00+00,22:20:00,22,REGION METROPOLITANA,EL BOSQUE,COLISION FRONTAL,COLISION,URBANA,TRAMO DE VIA RECTA,IMPRUDENCIA DEL CONDUCTOR,CONDUCCION CONTRA SENTIDO DEL TRANSITO,ALEJANDRO GUZMAN,LOS PATOS,ALEJANDRO GUZMAN - LOS PATOS,0, , ,BIDIRECCIONAL,CONCRETO,BUENO,SECO,DESPEJADO,0,0,0,1,13,131,13105,Metropolitana de Santiago,Santiago,El Bosque,Interseccion,"ALEJANDRO GUZMAN & LOS PATOS, El Bosque",-33.555128,-70.668154
-7856609.39401424,-3975600.47503606,2064,2023,1521367,2023/04/02 00:00:00+00,Abril,2,Domingo,1899/12/30 00:00:00+00,02:25:00,2,REGION METROPOLITANA,PUENTE ALTO,OTRO TIPO,OTRO TIPO,URBANA,CRUCE CON SEMAFORO FUNCIONANDO,ALCOHOL EN CONDUCTOR,CONDUCCION EN ESTADO DE EBRIEDAD,DOMINGO TOCORNAL,CONCHA Y TORO,CONCHA Y TORO - DOMINGO TOCORNAL,0, , ,BIDIRECCIONAL CON BANDEJON,ASFALTO,BUENO,SECO,DESPEJADO,0,0,0,0,13,132,13201,Metropolitana de Santiago,Cordillera,Puente Alto,Interseccion,"CONCHA Y TORO & DOMINGO TOCORNAL, Puente Alto",-33.602866,-70.577123
-7868251.74295885,-3948912.05656592,2065,2023,1520704,2023/04/02 00:00:00+00,Abril,2,Domingo,1899/12/30 00:00:00+00,04:50:00,4,REGION METROPOLITANA,INDEPENDENCIA,VOLCADURA,VOLCADURA,URBANA,CRUCE CON SEMAFORO FUNCIONANDO,VELOCIDAD IMPRUDENTE,VELOCIDAD NO RAZONABLE NI PRUDENTE,PDTE EDUARDO FREI MONTALVA,14 DE LA FAMA,14 DE LA FAMA - PDTE EDUARDO FREI MONTALVA,0, , ,UNIDIRECCIONAL,CONCRETO,BUENO,SECO,DESPEJADO,1,0,0,0,13,131,13108,Metropolitana de Santiago,Santiago,Independencia,Interseccion,"14 DE LA FAMA & PDTE EDUARDO FREI MONTALVA, Independencia",-33.402952,-70.681708
-7835668.65046623,-2705253.24959864,2066,2023,1524210,2023/04/02 00:00:00+00,Abril,2,Domingo,1899/12/30 00:00:00+00,05:50:00,5,REGION ANTOFAGASTA,ANTOFAGASTA,COLISION POR ALCANCE,COLISION,URBANA,CRUCE CON SEMAFORO FUNCIONANDO,ALCOHOL EN CONDUCTOR,CONDUCCION EN ESTADO DE EBRIEDAD,PEDRO AGUIRRE CERDA,IRARRAZAVAL,IRARRAZAVAL - PEDRO AGUIRRE CERDA,0, , ,BIDIRECCIONAL,ASFALTO,BUENO,SECO,DESPEJADO,0,0,0,1,02,021,02101,Antofagasta,Antofagasta,Antofagasta,Interseccion,"IRARRAZAVAL & PEDRO AGUIRRE CERDA, Antofagasta",-23.604212,-70.389009
-7862409.85192931,-3876413.24500581,2067,2023,1520781,2023/04/02 00:00:00+00,Abril,2,Domingo,1899/12/30 00:00:00+00,12:20:00,12,REGION VALPARAISO,CALLE LARGA,VOLCADURA,VOLCADURA,URBANA,TRAMO DE VIA RECTA,IMPRUDENCIA DEL CONDUCTOR,CONDUCCION NO ATENTO CONDICIONES TRANSITO MOMENTO,CALLE LARGA,ARTURO PRAT,ARTURO PRAT - CALLE LARGA,0, , ,BIDIRECCIONAL,CONCRETO,BUENO,SECO,DESPEJADO,0,0,0,1,05,053,05302,Valparaíso,Los Andes,Calle Larga,Interseccion,"ARTURO PRAT & CALLE LARGA, Calle Larga",-32.857564,-70.629229
-7872269.57507615,-3949059.31102618,2068,2023,1523375,2023/04/02 00:00:00+00,Abril,2,Domingo,1899/12/30 00:00:00+00,13:10:00,13,REGION METROPOLITANA,RENCA,COLISION,COLISION,URBANA,OTROS NO CONSIDERADOS,IMPRUDENCIA DEL CONDUCTOR,CONDUCCION NO ATENTO CONDICIONES TRANSITO MOMENTO,COST NORTE,GRAL VELASQUEZ,COST NORTE - GRAL VELASQUEZ,0, , ,BIDIRECCIONAL,CONCRETO,BUENO,SECO,DESPEJADO,0,0,0,1,13,131,13128,Metropolitana de Santiago,Santiago,Renca,Interseccion,"COST NORTE & GRAL VELASQUEZ, Renca",-33.404056,-70.717801
-8120720.22925684,-4684078.35213668,2069,2023,1525540,2023/04/02 00:00:00+00,Abril,2,Domingo,1899/12/30 00:00:00+00,14:15:00,14,REGION ARAUCANIA,NUEVA IMPERIAL,VOLCADURA,VOLCADURA,URBANA,TRAMO DE VIA RECTA,IMPRUDENCIA DEL CONDUCTOR,CONDUCCION NO ATENTO CONDICIONES TRANSITO MOMENTO,URRUTIA,RIO ALLIPEN,RIO ALLIPEN - URRUTIA,0, , ,UNIDIRECCIONAL,ASFALTO,BUENO,SECO,NUBLADO,0,0,0,0,09,091,09111,La Araucanía,Cautín,Nueva Imperial,Interseccion,"RIO ALLIPEN & URRUTIA, Nueva Imperial",-38.737067,-72.949671
-7875937.79720067,-4049692.69699966,2070,2023,1521950,2023/04/02 00:00:00+00,Abril,2,Domingo,1899/12/30 00:00:00+00,15:10:00,15,REGION LIB.B.O'HIGGINS,RANCAGUA,COLISION PERPENDICULAR,COLISION,URBANA,CRUCE CON SEÑAL CEDA EL PASO,ALCOHOL EN CONDUCTOR,CONDUCCION BAJO LA INFLUENCIA DEL ALCOHOL,SAN RAFAEL,ALAMEDA,ALAMEDA - SAN RAFAEL,0, , ,BIDIRECCIONAL CON BANDEJON,CONCRETO,BUENO,CON NIEVE,DESPEJADO,0,0,0,1,06,061,06101,Libertador General Bernardo O'Higgins,Cachapoal,Rancagua,Interseccion,"ALAMEDA & SAN RAFAEL, Rancagua",-34.155438,-70.750753
-7970146.81434208,-4278790.07043348,2071,2023,1522371,2023/04/02 00:00:00+00,Abril,2,Domingo,1899/12/30 00:00:00+00,19:15:00,19,REGION MAULE,LINARES,COLISION LATERAL,COLISION,URBANA,CRUCE CON SEÑAL CEDA EL PASO,DESOBEDIENCIA A SEÑALIZACION,SEÑALIZACION DESOBEDECER SEÑAL CEDA EL PASO,O'HIGGINS,YERBAS BUENAS,O'HIGGINS - YERBAS BUENAS,0, , ,UNIDIRECCIONAL,ASFALTO,BUENO,SECO,DESPEJADO,0,1,0,0,07,074,07401,Maule,Linares,Linares,Interseccion,"O'HIGGINS & YERBAS BUENAS, Linares",-35.841181,-71.597047
-8030222.04734103,-4386509.92112294,2072,2023,1521359,2023/04/02 00:00:00+00,Abril,2,Domingo,1899/12/30 00:00:00+00,19:55:00,19,REGION ÑUBLE,CHILLAN,COLISION LATERAL,COLISION,URBANA,CRUCE CON SEMAFORO FUNCIONANDO,IMPRUDENCIA DEL CONDUCTOR,NO RESPETAR DERECHO PREFERENTE DE PASO A VEHICULO,LUIS ARELLANO,O'HIGGINS,LUIS ARELLANO - O'HIGGINS,0, , ,BIDIRECCIONAL,CONCRETO,BUENO,SECO,DESPEJADO,0,0,0,1,16,161,16101,Ñuble,Diguillín,Chillán,Interseccion,"LUIS ARELLANO & O'HIGGINS, Chillán",-36.621721,-72.136712
-8008707.21803592,-4762937.11857836,2073,2023,1522527,2023/04/02 00:00:00+00,Abril,2,Domingo,1899/12/30 00:00:00+00,21:40:00,21,REGION ARAUCANIA,PUCON,CHOQUE,CHOQUE,URBANA,TRAMO DE VIA RECTA,IMPRUDENCIA DEL CONDUCTOR,VIRAJES INDEBIDOS,CAMINO INTERNACIONAL,RIO CLARO,CAMINO INTERNACIONAL - RIO CLARO,0, , ,BIDIRECCIONAL,ASFALTO,BUENO,SECO,DESPEJADO,0,0,0,0,09,091,09115,La Araucanía,Cautín,Pucón,Interseccion,"CAMINO INTERNACIONAL & RIO CLARO, Pucón",-39.287497,-71.943441
-7857365.25335672,-3955489.59478027,2074,2023,1521231,2023/04/03 00:00:00+00,Abril,3,Lunes,1899/12/30 00:00:00+00,07:20:00,7,REGION METROPOLITANA,ÑUÑOA,COLISION,COLISION,URBANA,CRUCE CON SEMAFORO FUNCIONANDO,IMPRUDENCIA DEL CONDUCTOR,CONDUCCION NO ATENTO CONDICIONES TRANSITO MOMENTO,PDTE BATTLE Y ORDOÑEZ,ORTUZAR,ORTUZAR - PDTE BATTLE Y ORDOÑEZ,0, , ,BIDIRECCIONAL,CONCRETO,BUENO,SECO,DESPEJADO,0,0,0,0,13,131,13120,Metropolitana de Santiago,Santiago,Ñuñoa,Interseccion,"ORTUZAR & PDTE BATTLE Y ORDOÑEZ, Ñuñoa",-33.452265,-70.583913
-7927152.44401044,-4160219.62126128,2075,2023,1524221,2023/04/03 00:00:00+00,Abril,3,Lunes,1899/12/30 00:00:00+00,08:15:00,8,REGION MAULE,CURICO,COLISION FRONTAL,COLISION,URBANA,CRUCE CON SEÑAL CEDA EL PASO,IMPRUDENCIA DEL CONDUCTOR,NO RESPETAR DERECHO PREFERENTE DE PASO A VEHICULO,RAUQUEN,JOAQUIN EDWARDS BELLO,JOAQUIN EDWARDS BELLO - RAUQUEN,0, , ,BIDIRECCIONAL,CONCRETO,BUENO,SECO,DESPEJADO,0,0,0,1,07,073,07301,Maule,Curicó,Curicó,Interseccion,"JOAQUIN EDWARDS BELLO & RAUQUEN, Curicó",-34.973052,-71.210822
-8058909.4038244,-4676381.74194214,2076,2023,1582116,2023/12/27 00:00:00+00,Diciembre,27,Miércoles,1899/12/30 00:00:00+00,17:15:00,17,REGION ARAUCANIA,VILCUN,COLISION POR ALCANCE,COLISION,RURAL,TRAMO DE VIA RECTA,IMPRUDENCIA DEL CONDUCTOR,CONDUCCION NO ATENTO CONDICIONES TRANSITO MOMENTO, , , ,0,S-233,1,BIDIRECCIONAL,CONCRETO,BUENO,SECO,DESPEJADO,0,0,1,0,09,091,09119,La Araucanía,Cautín,Vilcún,Ruta,S-233 km 1,-38.683116,-72.394415
-7864863.1776591,-3955939.36691426,2077,2023,1522906,2023/04/03 00:00:00+00,Abril,3,Lunes,1899/12/30 00:00:00+00,09:30:00,9,REGION METROPOLITANA,SANTIAGO,COLISION LATERAL,COLISION,URBANA,CRUCE CON SEÑAL PARE,IMPRUDENCIA DEL CONDUCTOR,CONDUCCION NO ATENTO CONDICIONES TRANSITO MOMENTO,ZENTENO,COPIAPO,COPIAPO - ZENTENO,0, , ,UNIDIRECCIONAL,ASFALTO,BUENO,SECO,DESPEJADO,0,0,0,1,13,131,13101,Metropolitana de Santiago,Santiago,Santiago,Interseccion,"COPIAPO & ZENTENO, Santiago",-33.455636,-70.651268
-7873427.19669117,-3963494.4022359,2078,2023,1529627,2023/04/03 00:00:00+00,Abril,3,Lunes,1899/12/30 00:00:00+00,10:30:00,10,REGION METROPOLITANA,MAIPU,CHOQUE FRENTE/POSTERIOR,CHOQUE,URBANA,TRAMO DE VIA RECTA,IMPRUDENCIA DEL CONDUCTOR,CONDUCCION NO ATENTO CONDICIONES TRANSITO MOMENTO,CAMINO A MELIPILLA,ESQUINA BLANCA,CAMINO A MELIPILLA - ESQUINA BLANCA,0, , ,UNIDIRECCIONAL,ASFALTO,BUENO,SECO,DESPEJADO,0,1,0,0,13,131,13119,Metropolitana de Santiago,Santiago,Maipú,Interseccion,"CAMINO A MELIPILLA & ESQUINA BLANCA, Maipú",-33.512241,-70.7282
-7965176.02066981,-3896727.77377568,2079,2023,1521741,2023/04/03 00:00:00+00,Abril,3,Lunes,1899/12/30 00:00:00+00,17:47:00,17,REGION VALPARAISO,VIÑA DEL MAR,COLISION POR ALCANCE,COLISION,URBANA,TRAMO DE VIA RECTA,IMPRUDENCIA DEL CONDUCTOR,CONDUCCION NO ATENTO CONDICIONES TRANSITO MOMENTO,SAN MARTIN,12 NORTE,12 NORTE - SAN MARTIN,0, , ,UNIDIRECCIONAL,CONCRETO,BUENO,SECO,DESPEJADO,0,1,0,0,05,051,05109,Valparaíso,Valparaíso,Viña del Mar,Interseccion,"12 NORTE & SAN MARTIN, Viña del Mar",-33.010726,-71.552394
-7865572.17149597,-3946005.62078287,2080,2023,1524156,2023/04/03 00:00:00+00,Abril,3,Lunes,1899/12/30 00:00:00+00,18:30:00,18,REGION METROPOLITANA,RECOLETA,COLISION,COLISION,URBANA,TRAMO DE VIA RECTA,IMPRUDENCIA DEL CONDUCTOR,CONDUCCION NO ATENTO CONDICIONES TRANSITO MOMENTO,EL GUANACO,LIBERTAD,EL GUANACO - LIBERTAD,0, , ,UNIDIRECCIONAL,CONCRETO,BUENO,SECO,DESPEJADO,0,0,0,2,13,131,13127,Metropolitana de Santiago,Santiago,Recoleta,Interseccion,"EL GUANACO & LIBERTAD, Recoleta",-33.381153,-70.657637
-7836037.01777095,-2706754.04390534,2081,2023,1522387,2023/04/03 00:00:00+00,Abril,3,Lunes,1899/12/30 00:00:00+00,18:40:00,18,REGION ANTOFAGASTA,ANTOFAGASTA,CHOQUE POSTERIOR/FRENTE,CHOQUE,URBANA,TRAMO DE VIA RECTA,IMPRUDENCIA DEL CONDUCTOR,CONDUCCION NO ATENTO CONDICIONES TRANSITO MOMENTO,VICTOR JARA,EDMUNDO PEREZ ZUJOVIC,EDMUNDO PEREZ ZUJOVIC - VICTOR JARA,0, , ,BIDIRECCIONAL,ASFALTO,BUENO,SECO,DESPEJADO,0,0,0,0,02,021,02101,Antofagasta,Antofagasta,Antofagasta,Interseccion,"EDMUNDO PEREZ ZUJOVIC & VICTOR JARA, Antofagasta",-23.616565,-70.392318
-7857711.67961207,-3949413.58014916,2082,2023,1522347,2023/04/03 00:00:00+00,Abril,3,Lunes,1899/12/30 00:00:00+00,23:35:00,23,REGION METROPOLITANA,LAS CONDES,CHOQUE FRONTAL,CHOQUE,URBANA,TRAMO DE VIA CURVA HORIZONTAL,VELOCIDAD IMPRUDENTE,"VELOCIDAD NO REDUCIR CRUCE DE CALLES, CUMBRE, CURVA, ETC.",AMERICO VESPUCIO NORTE,CERRO COLORADO,AMERICO VESPUCIO NORTE - CERRO COLORADO,0, , ,BIDIRECCIONAL CON BANDEJON,ASFALTO,BUENO,SECO,DESPEJADO,1,0,0,0,13,131,13114,Metropolitana de Santiago,Santiago,Las Condes,Interseccion,"AMERICO VESPUCIO NORTE & CERRO COLORADO, Las Condes",-33.406713,-70.587025
-7856931.02941899,-3955795.13372032,2083,2023,1523595,2023/04/04 00:00:00+00,Abril,4,Martes,1899/12/30 00:00:00+00,08:10:00,8,REGION METROPOLITANA,ÑUÑOA,COLISION,COLISION,URBANA,TRAMO DE VIA RECTA,IMPRUDENCIA DEL CONDUCTOR,CONDUCCION NO ATENTO CONDICIONES TRANSITO MOMENTO,IRARRAZAVAL,DIAG ORIENTE,DIAG ORIENTE - IRARRAZAVAL,0, , ,BIDIRECCIONAL CON BANDEJON,CONCRETO,BUENO,SECO,DESPEJADO,0,0,0,0,13,131,13120,Metropolitana de Santiago,Santiago,Ñuñoa,Interseccion,"DIAG ORIENTE & IRARRAZAVAL, Ñuñoa",-33.454555,-70.580012
-8143627.44280844,-4450089.77163519,2084,2023,1521171,2023/04/04 00:00:00+00,Abril,4,Martes,1899/12/30 00:00:00+00,08:20:00,8,REGION BIO BIO,LOTA,COLISION PERPENDICULAR,COLISION,URBANA,TRAMO DE VIA RECTA,IMPRUDENCIA DEL CONDUCTOR,ADELANTAMIENTO SIN EL ESPACIO O TIEMPO SUFICIENTE,VISTA HERMOSA,CARLOS PARRA,CARLOS PARRA - VISTA HERMOSA,0, , ,BIDIRECCIONAL,CONCRETO,BUENO,SECO,DESPEJADO,0,0,0,1,08,081,08106,Biobío,Concepción,Lota,Interseccion,"CARLOS PARRA & VISTA HERMOSA, Lota",-37.078754,-73.15545
-7858973.48604021,-3957425.56721343,2085,2023,1524373,2023/04/04 00:00:00+00,Abril,4,Martes,1899/12/30 00:00:00+00,08:30:00,8,REGION METROPOLITANA,ÑUÑOA,COLISION LATERAL,COLISION,URBANA,TRAMO DE VIA RECTA,IMPRUDENCIA DEL CONDUCTOR,CONDUCCION NO ATENTO CONDICIONES TRANSITO MOMENTO,JOSE PEDRO ALESSANDRI,LAS PALMERAS,JOSE PEDRO ALESSANDRI - LAS PALMERAS,0, , ,BIDIRECCIONAL,CONCRETO,BUENO,SECO,DESPEJADO,0,0,0,0,13,131,13120,Metropolitana de Santiago,Santiago,Ñuñoa,Interseccion,"JOSE PEDRO ALESSANDRI & LAS PALMERAS, Ñuñoa",-33.466774,-70.59836
-8025962.29570633,-4386905.08495762,2086,2023,1521362,2023/04/04 00:00:00+00,Abril,4,Martes,1899/12/30 00:00:00+00,08:50:00,8,REGION ÑUBLE,CHILLAN,ATROPELLO,ATROPELLO,URBANA,CRUCE CON SEÑAL PARE,IMPRUDENCIA DEL CONDUCTOR,NO RESPETAR DERECHO PREFERENTE DE PASO A PEATON,BARROS ARANA,CAUPOLICAN,BARROS ARANA - CAUPOLICAN,0, , ,BIDIRECCIONAL,CONCRETO,BUENO,SECO,DESPEJADO,0,0,0,1,16,161,16101,Ñuble,Diguillín,Chillán,Interseccion,"BARROS ARANA & CAUPOLICAN, Chillán",-36.62457,-72.098446
-7930531.213195,-4159454.12562406,2087,2023,1524228,2023/04/04 00:00:00+00,Abril,4,Martes,1899/12/30 00:00:00+00,11:40:00,11,REGION MAULE,CURICO,VOLCADURA,VOLCADURA,URBANA,CRUCE CON SEÑAL PARE,VELOCIDAD IMPRUDENTE,VELOCIDAD NO RAZONABLE NI PRUDENTE,CIRCUNVALACION NORTE,ISLA DIEGO RAMIREZ,CIRCUNVALACION NORTE - ISLA DIEGO RAMIREZ,0, , ,BIDIRECCIONAL,CONCRETO,BUENO,SECO,DESPEJADO,0,0,0,1,07,073,07301,Maule,Curicó,Curicó,Interseccion,"CIRCUNVALACION NORTE & ISLA DIEGO RAMIREZ, Curicó",-34.967417,-71.241174
-7960472.37137797,-3884879.21720201,2088,2023,1521958,2023/04/04 00:00:00+00,Abril,4,Martes,1899/12/30 00:00:00+00,12:40:00,12,REGION VALPARAISO,CONCON,COLISION,COLISION,URBANA,TRAMO DE VIA RECTA,IMPRUDENCIA DEL CONDUCTOR,CONDUCCION NO ATENTO CONDICIONES TRANSITO MOMENTO,MAROTO,CALLE DOCE,CALLE DOCE - MAROTO,0, , ,BIDIRECCIONAL,ASFALTO,BUENO,SECO,DESPEJADO,0,0,0,1,05,051,05103,Valparaíso,Valparaíso,Concón,Interseccion,"CALLE DOCE & MAROTO, Concón",-32.921426,-71.51014
-7972044.84510048,-3975961.5869941,2089,2023,1526370,2023/04/04 00:00:00+00,Abril,4,Martes,1899/12/30 00:00:00+00,15:35:00,15,REGION VALPARAISO,SAN ANTONIO,COLISION LATERAL,COLISION,URBANA,TRAMO DE VIA RECTA,IMPRUDENCIA DEL CONDUCTOR,CONDUCCION NO ATENTO CONDICIONES TRANSITO MOMENTO,RAMON BARROS LUCO,CARLOS DEMARCHI,CARLOS DEMARCHI - RAMON BARROS LUCO,0, , ,UNIDIRECCIONAL,ASFALTO,BUENO,SECO,DESPEJADO,0,0,0,1,05,056,05601,Valparaíso,San Antonio,San Antonio,Interseccion,"CARLOS DEMARCHI & RAMON BARROS LUCO, San Antonio",-33.605568,-71.614097