X,Y,FID,Año,IdAccident,Fecha,Mes,Dia_mes,Dia_semana,Hora,Hora_texto,Hora_aprox,Región,Comuna,Tipo_Accid,Tipo__CONA,Zona,Ubicación,Causa__CON,Causa_Acci,Calle_Uno,Calle_Dos,Intersecci,Número,Ruta,Ubicaci_1,Calzada,Tipo_Calza,Estado_Cal,Condición,Estado_Atm,Fallecidos,Graves,Menos_Grav,Leves,CUT_REG,CUT_PROV,CUT_COM,REGION,PROVINCIA,COMUNA1,Tipo_direc,Direccion,Lat,Lon
-8137167.0161046,-4409831.57511375,2090,2023,1521406,2023/04/04 00:00:00+00,Abril,4,Martes,1899/12/30 00:00:00+00,17:15:00,17,REGION BIO BIO,HUALPEN,COLISION,COLISION,URBANA,CRUCE CON SEMAFORO FUNCIONANDO,DESOBEDIENCIA A SEÑALIZACION,SEÑALIZACION DESOBEDECER LUZ ROJA DE SEMAFORO,TOSCANIA,PATRIA VIEJA,PATRIA VIEJA - TOSCANIA,0, , ,BIDIRECCIONAL,CONCRETO,BUENO,SECO,DESPEJADO,0,0,1,0,08,081,08112,Biobío,Concepción,Hualpén,Interseccion,"PATRIA VIEJA & TOSCANIA, Hualpén",-36.789682,-73.097415
-7834888.00027314,-2704639.39245857,2091,2023,1523354,2023/04/04 00:00:00+00,Abril,4,Martes,1899/12/30 00:00:00+00,21:25:00,21,REGION ANTOFAGASTA,ANTOFAGASTA,COLISION LATERAL,COLISION,URBANA,CRUCE CON SEMAFORO FUNCIONANDO,IMPRUDENCIA DEL CONDUCTOR,VIRAJES INDEBIDOS,JUVENAL MORLA,BANDERA,BANDERA - JUVENAL MORLA,0, , ,BIDIRECCIONAL,ASFALTO,BUENO,SECO,DESPEJADO,0,1,0,0,02,021,02101,Antofagasta,Antofagasta,Antofagasta,Interseccion,"BANDERA & JUVENAL MORLA, Antofagasta",-23.599159,-70.381996
-7869444.75394168,-3951938.59652901,2092,2023,1522229,2023/04/04 00:00:00+00,Abril,4,Martes,1899/12/30 00:00:00+00,22:00:00,22,REGION METROPOLITANA,QUINTA NORMAL,COLISION LATERAL,COLISION,URBANA,CRUCE CON SEÑAL CEDA EL PASO,DESOBEDIENCIA A SEÑALIZACION,SEÑALIZACION DESOBEDECER SEÑAL CEDA EL PASO,MENDOZA,NVA EXTREMADURA,MENDOZA - NVA EXTREMADURA,0, , ,UNIDIRECCIONAL,ASFALTO,REGULAR,SECO,DESPEJADO,0,1,0,0,13,131,13126,Metropolitana de Santiago,Santiago,Quinta Normal,Interseccion,"MENDOZA & NVA EXTREMADURA, Quinta Normal",-33.425646,-70.692425
-7872295.6717823,-3962513.13058553,2093,2023,1522129,2023/04/04 00:00:00+00,Abril,4,Martes,1899/12/30 00:00:00+00,22:15:00,22,REGION METROPOLITANA,CERRILLOS,COLISION PERPENDICULAR,COLISION,URBANA,CRUCE CON SEÑAL PARE,IMPRUDENCIA DEL CONDUCTOR,CONDUCCION CAMBIAR SORPRESIVAMENTE PISTA CIRCULACION,EL MIRADOR,DON ORIONE,DON ORIONE - EL MIRADOR,0, , ,BIDIRECCIONAL,ASFALTO,BUENO,SECO,DESPEJADO,0,0,0,0,13,131,13102,Metropolitana de Santiago,Santiago,Cerrillos,Interseccion,"DON ORIONE & EL MIRADOR, Cerrillos",-33.504891,-70.718035
-7861189.03333767,-3955141.31691348,2094,2023,1522003,2023/04/05 00:00:00+00,Abril,5,Miércoles,1899/12/30 00:00:00+00,00:00:00,0,REGION METROPOLITANA,ÑUÑOA,COLISION POR ALCANCE,COLISION,URBANA,CRUCE CON SEMAFORO FUNCIONANDO,IMPRUDENCIA DEL CONDUCTOR,CONDUCCION SIN MANTENER DISTANCIA RAZONABLE NI PRUDENTE,JOSE MANUEL INFANTE,SUCRE,JOSE MANUEL INFANTE - SUCRE,0, , ,UNIDIRECCIONAL,ASFALTO,BUENO,SECO,DESPEJADO,0,0,0,1,13,131,13120,Metropolitana de Santiago,Santiago,Ñuñoa,Interseccion,"JOSE MANUEL INFANTE & SUCRE, Ñuñoa",-33.449655,-70.618263
-8076430.54533033,-4452548.74653003,2095,2023,1522214,2023/04/05 00:00:00+00,Abril,5,Miércoles,1899/12/30 00:00:00+00,02:00:00,2,REGION BIO BIO,YUMBEL,COLISION,COLISION,URBANA,CRUCE SIN SEÑALIZACION,ALCOHOL EN CONDUCTOR,CONDUCCION EN ESTADO DE EBRIEDAD,VALDIVIA,CASTELLON,CASTELLON - VALDIVIA,0, , ,UNIDIRECCIONAL,ASFALTO,BUENO,SECO,DESPEJADO,0,0,0,2,08,083,08313,Biobío,Biobío,Yumbel,Interseccion,"CASTELLON & VALDIVIA, Yumbel",-37.096375,-72.55181
-7873866.58675497,-3943060.4630843,2096,2023,1521673,2023/04/05 00:00:00+00,Abril,5,Miércoles,1899/12/30 00:00:00+00,07:50:00,7,REGION METROPOLITANA,QUILICURA,COLISION POR ALCANCE,COLISION,URBANA,CRUCE CON SEÑAL CEDA EL PASO,IMPRUDENCIA DEL CONDUCTOR,NO RESPETAR DERECHO PREFERENTE DE PASO A VEHICULO,LO BASCUÑAN,DEL RODEO,DEL RODEO - LO BASCUÑAN,0, , ,BIDIRECCIONAL,ASFALTO,BUENO,SECO,DESPEJADO,0,0,0,0,13,131,13125,Metropolitana de Santiago,Santiago,Quilicura,Interseccion,"DEL RODEO & LO BASCUÑAN, Quilicura",-33.359058,-70.732147
-7858655.44625502,-3969030.04957807,2097,2023,1524864,2023/04/05 00:00:00+00,Abril,5,Miércoles,1899/12/30 00:00:00+00,08:30:00,8,REGION METROPOLITANA,LA FLORIDA,COLISION LATERAL,COLISION,URBANA,CRUCE SIN SEÑALIZACION,IMPRUDENCIA DEL CONDUCTOR,VIRAJES INDEBIDOS,SAN JOSE DE LA ESTRELLA,RAMON FREIRE,RAMON FREIRE - SAN JOSE DE LA ESTRELLA,0, , ,BIDIRECCIONAL,CONCRETO,REGULAR,SECO,DESPEJADO,0,0,0,1,13,131,13110,Metropolitana de Santiago,Santiago,La Florida,Interseccion,"RAMON FREIRE & SAN JOSE DE LA ESTRELLA, La Florida",-33.553692,-70.595503
-7857757.87720075,-3959607.97773561,2098,2023,1522066,2023/04/05 00:00:00+00,Abril,5,Miércoles,1899/12/30 00:00:00+00,08:45:00,8,REGION METROPOLITANA,MACUL,COLISION POR ALCANCE,COLISION,URBANA,CRUCE CON SEÑAL CEDA EL PASO,DESOBEDIENCIA A SEÑALIZACION,SEÑALIZACION DESOBEDECER SEÑAL CEDA EL PASO,LOS PLATANOS,IRAN,IRAN - LOS PLATANOS,0, , ,BIDIRECCIONAL,CONCRETO,BUENO,SECO,DESPEJADO,0,1,1,0,13,131,13118,Metropolitana de Santiago,Santiago,Macul,Interseccion,"IRAN & LOS PLATANOS, Macul",-33.483127,-70.58744
-7866357.641823,-3966866.69280953,2099,2023,1506914,2023/01/31 00:00:00+00,Enero,31,Martes,1899/12/30 00:00:00+00,07:45:00,7,REGION METROPOLITANA,LA CISTERNA,CHOQUE FRENTE/POSTERIOR,CHOQUE,URBANA,TRAMO DE VIA RECTA,VELOCIDAD IMPRUDENTE,VELOCIDAD NO RAZONABLE NI PRUDENTE,AMERICO VESPUCIO,GRAN AVDA JOSE MIGUEL CARRERA,AMERICO VESPUCIO - GRAN AVDA JOSE MIGUEL CARRERA,0, , ,BIDIRECCIONAL CON BANDEJON,CONCRETO,BUENO,SECO,DESPEJADO,0,0,1,0,13,131,13109,Metropolitana de Santiago,Santiago,La Cisterna,Interseccion,"AMERICO VESPUCIO & GRAN AVDA JOSE MIGUEL CARRERA, La Cisterna",-33.537495,-70.664693
-8144748.09602207,-4949667.92500852,2100,2023,1522771,2023/04/05 00:00:00+00,Abril,5,Miércoles,1899/12/30 00:00:00+00,12:30:00,12,REGION LOS LAGOS,OSORNO,COLISION,COLISION,URBANA,TRAMO DE VIA RECTA,DESOBEDIENCIA A SEÑALIZACION,SEÑALIZACION DESOBEDECER SEÑAL PARE,REPUBLICA,QUILLOTA,QUILLOTA - REPUBLICA,0, , ,BIDIRECCIONAL,CONCRETO,BUENO,HUMEDO,LLUVIA,0,0,0,1,10,103,10301,Los Lagos,Osorno,Osorno,Interseccion,"QUILLOTA & REPUBLICA, Osorno",-40.573724,-73.165517
-7855919.54712979,-3975984.87012676,2101,2023,1522177,2023/04/05 00:00:00+00,Abril,5,Miércoles,1899/12/30 00:00:00+00,12:40:00,12,REGION METROPOLITANA,PUENTE ALTO,COLISION FRONTAL,COLISION,URBANA,CRUCE CON SEÑAL CEDA EL PASO,IMPRUDENCIA DEL CONDUCTOR,CONDUCCION POR IZQUIERDA EJE CALZADA,OLIVILLO,NEMESIO VICUÑA,NEMESIO VICUÑA - OLIVILLO,0, , ,BIDIRECCIONAL,ASFALTO,BUENO,SECO,DESPEJADO,0,1,0,0,13,132,13201,Metropolitana de Santiago,Cordillera,Puente Alto,Interseccion,"NEMESIO VICUÑA & OLIVILLO, Puente Alto",-33.605742,-70.570926
-7946477.06232306,-3901051.50384211,2102,2023,1521954,2023/04/05 00:00:00+00,Abril,5,Miércoles,1899/12/30 00:00:00+00,12:40:00,12,REGION VALPARAISO,VILLA ALEMANA,COLISION,COLISION,URBANA,CRUCE CON SEÑAL PARE,IMPRUDENCIA DEL CONDUCTOR,CONDUCCION NO ATENTO CONDICIONES TRANSITO MOMENTO,CASTRO,BUENOS AIRES,BUENOS AIRES - CASTRO,0, , ,BIDIRECCIONAL,CONCRETO,BUENO,SECO,DESPEJADO,0,1,0,0,05,058,05804,Valparaíso,Marga Marga,Villa Alemana,Interseccion,"BUENOS AIRES & CASTRO, Villa Alemana",-33.043291,-71.384418
-7932620.55748556,-3896267.77944376,2103,2023,1522521,2023/04/05 00:00:00+00,Abril,5,Miércoles,1899/12/30 00:00:00+00,14:30:00,14,REGION VALPARAISO,LIMACHE,COLISION FRONTAL,COLISION,URBANA,CRUCE CON SEÑAL PARE,DESOBEDIENCIA A SEÑALIZACION,SEÑALIZACION DESOBEDECER SEÑAL PARE,INDEPENDENCIA,SARGENTO ALDEA,INDEPENDENCIA - SARGENTO ALDEA,0, , ,BIDIRECCIONAL,ASFALTO,BUENO,SECO,DESPEJADO,0,1,0,0,05,058,05802,Valparaíso,Marga Marga,Limache,Interseccion,"INDEPENDENCIA & SARGENTO ALDEA, Limache",-33.007261,-71.259943
-7856363.54491882,-3970394.30681033,2104,2023,1523985,2023/04/05 00:00:00+00,Abril,5,Miércoles,1899/12/30 00:00:00+00,15:20:00,15,REGION METROPOLITANA,PUENTE ALTO,COLISION LATERAL,COLISION,URBANA,TRAMO DE VIA RECTA,IMPRUDENCIA DEL CONDUCTOR,CONDUCCION NO ATENTO CONDICIONES TRANSITO MOMENTO,NONATO COO,BAHIA INGLESA,BAHIA INGLESA - NONATO COO,0, , ,BIDIRECCIONAL,CONCRETO,BUENO,SECO,DESPEJADO,0,0,0,0,13,132,13201,Metropolitana de Santiago,Cordillera,Puente Alto,Interseccion,"BAHIA INGLESA & NONATO COO, Puente Alto",-33.563905,-70.574915
-7973476.65061769,-4224339.29934044,2105,2023,1522678,2023/04/05 00:00:00+00,Abril,5,Miércoles,1899/12/30 00:00:00+00,15:45:00,15,REGION MAULE,TALCA,ATROPELLO,ATROPELLO,URBANA,CRUCE CON SEÑAL CEDA EL PASO,IMPRUDENCIA DEL CONDUCTOR,CONDUCCION NO ATENTO CONDICIONES TRANSITO MOMENTO,8 SUR,33 ORIENTE,33 ORIENTE - 8 SUR,0, , ,BIDIRECCIONAL CON BANDEJON,CONCRETO,BUENO,SECO,DESPEJADO,0,1,0,1,07,071,07101,Maule,Talca,Talca,Interseccion,"33 ORIENTE & 8 SUR, Talca",-35.443674,-71.626959
-7856558.07572898,-3972088.85220574,2106,2023,1524062,2023/04/05 00:00:00+00,Abril,5,Miércoles,1899/12/30 00:00:00+00,18:20:00,18,REGION METROPOLITANA,PUENTE ALTO,COLISION LATERAL,COLISION,URBANA,TRAMO DE VIA RECTA,IMPRUDENCIA DEL CONDUCTOR,CONDUCCION NO ATENTO CONDICIONES TRANSITO MOMENTO,GABRIELA ORIENTE,MANUEL RENGIFO,GABRIELA ORIENTE - MANUEL RENGIFO,0, , ,BIDIRECCIONAL,CONCRETO,BUENO,SECO,DESPEJADO,0,0,0,0,13,132,13201,Metropolitana de Santiago,Cordillera,Puente Alto,Interseccion,"GABRIELA ORIENTE & MANUEL RENGIFO, Puente Alto",-33.576588,-70.576662
-7858781.27066433,-3873859.05861347,2107,2023,1522134,2023/04/05 00:00:00+00,Abril,5,Miércoles,1899/12/30 00:00:00+00,19:00:00,19,REGION VALPARAISO,LOS ANDES,COLISION LATERAL,COLISION,URBANA,CRUCE CON SEMAFORO FUNCIONANDO,IMPRUDENCIA DEL CONDUCTOR,CONDUCCION SIN MANTENER DISTANCIA RAZONABLE NI PRUDENTE,RANCAGUA,CHACABUCO,CHACABUCO - RANCAGUA,0, , ,UNIDIRECCIONAL,ASFALTO,BUENO,SECO,DESPEJADO,0,1,0,0,05,053,05301,Valparaíso,Los Andes,Los Andes,Interseccion,"CHACABUCO & RANCAGUA, Los Andes",-32.838288,-70.596633
-7870692.97939195,-3974132.98157072,2108,2023,1514584,2023/03/02 00:00:00+00,Marzo,2,Jueves,1899/12/30 00:00:00+00,19:00:00,19,REGION METROPOLITANA,SAN BERNARDO,COLISION LATERAL,COLISION,URBANA,CRUCE CON SEÑAL PARE,IMPRUDENCIA DEL CONDUCTOR,CONDUCCION NO ATENTO CONDICIONES TRANSITO MOMENTO,O'HIGGINS,VICTORIA,O'HIGGINS - VICTORIA,0, , ,UNIDIRECCIONAL,ASFALTO,BUENO,SECO,DESPEJADO,0,0,0,1,13,134,13401,Metropolitana de Santiago,Maipo,San Bernardo,Interseccion,"O'HIGGINS & VICTORIA, San Bernardo",-33.591885,-70.703638
-7948919.31183031,-3901485.89569957,2109,2023,1521902,2023/04/05 00:00:00+00,Abril,5,Miércoles,1899/12/30 00:00:00+00,19:15:00,19,REGION VALPARAISO,QUILPUE,COLISION LATERAL,COLISION,URBANA,TRAMO DE VIA RECTA,IMPRUDENCIA DEL CONDUCTOR,CONDUCCION NO ATENTO CONDICIONES TRANSITO MOMENTO,FREIRE,COLOMBIA,COLOMBIA - FREIRE,0, , ,BIDIRECCIONAL,ASFALTO,BUENO,SECO,DESPEJADO,0,0,0,0,05,058,05801,Valparaíso,Marga Marga,Quilpué,Interseccion,"COLOMBIA & FREIRE, Quilpué",-33.046562,-71.406357
-7933554.98454568,-3893570.46238758,2110,2023,1522687,2023/04/05 00:00:00+00,Abril,5,Miércoles,1899/12/30 00:00:00+00,19:50:00,19,REGION VALPARAISO,LIMACHE,COLISION POR ALCANCE,COLISION,URBANA,CRUCE CON SEÑAL PARE,DESOBEDIENCIA A SEÑALIZACION,SEÑALIZACION DESOBEDECER SEÑAL PARE,CONDELL,CARRERA,CARRERA - CONDELL,0, , ,UNIDIRECCIONAL,ASFALTO,BUENO,SECO,DESPEJADO,0,0,0,2,05,058,05802,Valparaíso,Marga Marga,Limache,Interseccion,"CARRERA & CONDELL, Limache",-32.986939,-71.268337
-7971389.07298971,-3901606.08339847,2111,2023,1523044,2023/04/05 00:00:00+00,Abril,5,Miércoles,1899/12/30 00:00:00+00,21:15:00,21,REGION VALPARAISO,VALPARAISO,COLISION FRONTAL,COLISION,URBANA,CRUCE CON SEMAFORO FUNCIONANDO,DESOBEDIENCIA A SEÑALIZACION,SEÑALIZACION DESOBEDECER LUZ ROJA DE SEMAFORO,PEDRO MONTT,URUGUAY,PEDRO MONTT - URUGUAY,0, , ,BIDIRECCIONAL,CONCRETO,BUENO,SECO,DESPEJADO,0,1,0,0,05,051,05101,Valparaíso,Valparaíso,Valparaíso,Interseccion,"PEDRO MONTT & URUGUAY, Valparaíso",-33.047467,-71.608206
-7856712.36454322,-3974944.78754608,2112,2023,1522170,2023/04/05 00:00:00+00,Abril,5,Miércoles,1899/12/30 00:00:00+00,21:50:00,21,REGION METROPOLITANA,PUENTE ALTO,COLISION LATERAL,COLISION,URBANA,CRUCE CON SEMAFORO FUNCIONANDO,IMPRUDENCIA DEL CONDUCTOR,CONDUCCION NO ATENTO CONDICIONES TRANSITO MOMENTO,SAN CARLOS,CONCHA Y TORO,CONCHA Y TORO - SAN CARLOS,0, , ,BIDIRECCIONAL CON BANDEJON,ASFALTO,BUENO,SECO,DESPEJADO,0,0,0,0,13,132,13201,Metropolitana de Santiago,Cordillera,Puente Alto,Interseccion,"CONCHA Y TORO & SAN CARLOS, Puente Alto",-33.59796,-70.578048
-8153071.89967118,-4839080.10756158,2113,2023,1522201,2023/04/06 00:00:00+00,Abril,6,Jueves,1899/12/30 00:00:00+00,00:00:00,0,REGION DE LOS RIOS,VALDIVIA,COLISION LATERAL,COLISION,URBANA,CRUCE CON SEMAFORO FUNCIONANDO,ALCOHOL EN CONDUCTOR,CONDUCCION EN ESTADO DE EBRIEDAD,GARCIA REYES,RAMON PICARTE,GARCIA REYES - RAMON PICARTE,0, , ,BIDIRECCIONAL,CONCRETO,BUENO,MOJADO,NUBLADO,0,0,0,0,14,141,14101,Los Ríos,Valdivia,Valdivia,Interseccion,"GARCIA REYES & RAMON PICARTE, Valdivia",-39.814898,-73.240291
-7934498.50631914,-3494198.05382344,2114,2023,1522722,2023/04/06 00:00:00+00,Abril,6,Jueves,1899/12/30 00:00:00+00,06:40:00,6,REGION COQUIMBO,LA SERENA,COLISION LATERAL,COLISION,URBANA,CRUCE CON SEMAFORO FUNCIONANDO,IMPRUDENCIA DEL CONDUCTOR,NO RESPETAR DERECHO PREFERENTE DE PASO A VEHICULO,4 ESQUINAS,PACIFICO,4 ESQUINAS - PACIFICO,0, , ,BIDIRECCIONAL,ASFALTO,BUENO,SECO,NUBLADO,0,0,0,1,04,041,04101,Coquimbo,Elqui,La Serena,Interseccion,"4 ESQUINAS & PACIFICO, La Serena",-29.92722,-71.276813
-7673787.11222375,-2566989.04766377,2115,2023,1522550,2023/04/06 00:00:00+00,Abril,6,Jueves,1899/12/30 00:00:00+00,07:05:00,7,REGION ANTOFAGASTA,CALAMA,COLISION,COLISION,URBANA,CRUCE CON SEÑAL PARE,DESOBEDIENCIA A SEÑALIZACION,SEÑALIZACION DESOBEDECER SEÑAL PARE,VARGAS,BRASILIA,BRASILIA - VARGAS,0, , ,BIDIRECCIONAL,ASFALTO,BUENO,SECO,DESPEJADO,0,0,0,3,02,022,02201,Antofagasta,El Loa,Calama,Interseccion,"BRASILIA & VARGAS, Calama",-22.461203,-68.934802
-7933014.41707613,-3881152.25822785,2116,2023,1522012,2023/04/06 00:00:00+00,Abril,6,Jueves,1899/12/30 00:00:00+00,08:35:00,8,REGION VALPARAISO,QUILLOTA,COLISION,COLISION,URBANA,TRAMO DE VIA RECTA,IMPRUDENCIA DEL CONDUCTOR,CONDUCCION NO ATENTO CONDICIONES TRANSITO MOMENTO,VALPARAISO,BEATITA BENAVIDES,BEATITA BENAVIDES - VALPARAISO,0, , ,BIDIRECCIONAL,ASFALTO,BUENO,SECO,DESPEJADO,0,0,0,2,05,055,05501,Valparaíso,Quillota,Quillota,Interseccion,"BEATITA BENAVIDES & VALPARAISO, Quillota",-32.893318,-71.263481
-7865150.78269552,-3953688.4132352,2117,2023,1523413,2023/04/06 00:00:00+00,Abril,6,Jueves,1899/12/30 00:00:00+00,11:25:00,11,REGION METROPOLITANA,SANTIAGO,COLISION LATERAL,COLISION,URBANA,CRUCE CON SEMAFORO FUNCIONANDO,IMPRUDENCIA DEL CONDUCTOR,CONDUCCION SIN MANTENER DISTANCIA RAZONABLE NI PRUDENTE,COMPAÑIA,MORANDE,COMPAÑIA - MORANDE,0, , ,UNIDIRECCIONAL,ASFALTO,BUENO,SECO,NUBLADO,0,0,0,1,13,131,13101,Metropolitana de Santiago,Santiago,Santiago,Interseccion,"COMPAÑIA & MORANDE, Santiago",-33.438764,-70.653852
-7937554.91641094,-3499635.35203786,2118,2023,1522619,2023/04/06 00:00:00+00,Abril,6,Jueves,1899/12/30 00:00:00+00,13:00:00,13,REGION COQUIMBO,COQUIMBO,COLISION PERPENDICULAR,COLISION,URBANA,CRUCE SIN SEÑALIZACION,IMPRUDENCIA DEL CONDUCTOR,CONDUCCION NO ATENTO CONDICIONES TRANSITO MOMENTO,RIO CHILLAN,RIO HUENTELAUQUEN,RIO CHILLAN - RIO HUENTELAUQUEN,0, , ,BIDIRECCIONAL,ASFALTO,BUENO,SECO,DESPEJADO,0,0,0,1,04,041,04102,Coquimbo,Elqui,Coquimbo,Interseccion,"RIO CHILLAN & RIO HUENTELAUQUEN, Coquimbo",-29.969542,-71.304269
-7940850.9307751,-3498585.78418768,2119,2023,1522621,2023/04/06 00:00:00+00,Abril,6,Jueves,1899/12/30 00:00:00+00,13:00:00,13,REGION COQUIMBO,COQUIMBO,COLISION POR ALCANCE,COLISION,URBANA,CRUCE SIN SEÑALIZACION,IMPRUDENCIA DEL CONDUCTOR,"ADELANTAMIENTO EN CRUCE, CURVA, CUESTA, PUENTE",BAQUEDANO,CONDELL,BAQUEDANO - CONDELL,0, , ,BIDIRECCIONAL,ASFALTO,BUENO,SECO,DESPEJADO,0,0,1,0,04,041,04102,Coquimbo,Elqui,Coquimbo,Interseccion,"BAQUEDANO & CONDELL, Coquimbo",-29.961374,-71.333878
-7879481.20791211,-3967911.92402833,2120,2023,1524162,2023/04/06 00:00:00+00,Abril,6,Jueves,1899/12/30 00:00:00+00,15:40:00,15,REGION METROPOLITANA,MAIPU,COLISION,COLISION,URBANA,TRAMO DE VIA RECTA,IMPRUDENCIA DEL CONDUCTOR,CONDUCCION NO ATENTO CONDICIONES TRANSITO MOMENTO,3 PONIENTE,CALETERA CAMINO A MELIPILLA,3 PONIENTE - CALETERA CAMINO A MELIPILLA,0, , ,UNIDIRECCIONAL,CONCRETO,BUENO,SECO,DESPEJADO,0,0,0,0,13,131,13119,Metropolitana de Santiago,Santiago,Maipú,Interseccion,"3 PONIENTE & CALETERA CAMINO A MELIPILLA, Maipú",-33.545321,-70.782584
-8054036.40336745,-4504476.63081874,2121,2023,1522943,2023/04/06 00:00:00+00,Abril,6,Jueves,1899/12/30 00:00:00+00,17:20:00,17,REGION BIO BIO,LOS ANGELES,COLISION PERPENDICULAR,COLISION,URBANA,TRAMO DE VIA RECTA,IMPRUDENCIA DEL CONDUCTOR,CONDUCCION NO ATENTO CONDICIONES TRANSITO MOMENTO,RENGO,MENDOZA,MENDOZA - RENGO,0, , ,UNIDIRECCIONAL,CONCRETO,BUENO,SECO,DESPEJADO,0,0,0,1,08,083,08301,Biobío,Biobío,Los Angeles,Interseccion,"MENDOZA & RENGO, Los Angeles",-37.467532,-72.35064
-7929754.42584391,-3894673.76272261,2122,2023,1522289,2023/04/06 00:00:00+00,Abril,6,Jueves,1899/12/30 00:00:00+00,18:00:00,18,REGION VALPARAISO,LIMACHE,COLISION LATERAL,COLISION,URBANA,TRAMO DE VIA RECTA,IMPRUDENCIA DEL CONDUCTOR,CONDUCCION NO ATENTO CONDICIONES TRANSITO MOMENTO,ADOLFO EASTMAN COX,FELGUERAS,ADOLFO EASTMAN COX - FELGUERAS,0, , ,BIDIRECCIONAL,ASFALTO,BUENO,SECO,DESPEJADO,0,0,0,1,05,058,05802,Valparaíso,Marga Marga,Limache,Interseccion,"ADOLFO EASTMAN COX & FELGUERAS, Limache",-32.995252,-71.234196
-7929316.27223909,-3489212.2413871,2123,2023,1523621,2023/04/06 00:00:00+00,Abril,6,Jueves,1899/12/30 00:00:00+00,18:20:00,18,REGION COQUIMBO,LA SERENA,COLISION FRONTAL,COLISION,URBANA,CRUCE CON SEÑAL PARE,IMPRUDENCIA DEL CONDUCTOR,ADELANTAMIENTO SOBREPASANDO LINEA CONTINUA,NAZARENO,ISLON,ISLON - NAZARENO,0, , ,BIDIRECCIONAL,ASFALTO,BUENO,SECO,DESPEJADO,0,1,0,0,04,041,04101,Coquimbo,Elqui,La Serena,Interseccion,"ISLON & NAZARENO, La Serena",-29.888396,-71.23026
-7859179.64973716,-3961839.25876802,2124,2023,1522386,2023/04/06 00:00:00+00,Abril,6,Jueves,1899/12/30 00:00:00+00,19:03:00,19,REGION METROPOLITANA,MACUL,COLISION POR ALCANCE,COLISION,URBANA,TRAMO DE VIA RECTA,IMPRUDENCIA DEL CONDUCTOR,CONDUCCION CAMBIAR SORPRESIVAMENTE PISTA CIRCULACION,FROILAN ROA,JUAN BAGYNKA EVANISCH,FROILAN ROA - JUAN BAGYNKA EVANISCH,0, , ,UNIDIRECCIONAL,CONCRETO,BUENO,SECO,DESPEJADO,0,0,0,1,13,131,13118,Metropolitana de Santiago,Santiago,Macul,Interseccion,"FROILAN ROA & JUAN BAGYNKA EVANISCH, Macul",-33.499843,-70.600212
-8150686.32298348,-4843768.52559562,2125,2023,1522219,2023/04/06 00:00:00+00,Abril,6,Jueves,1899/12/30 00:00:00+00,19:30:00,19,REGION DE LOS RIOS,VALDIVIA,CHOQUE LATERAL,CHOQUE,URBANA,CRUCE CON SEÑAL CEDA EL PASO,IMPRUDENCIA DEL CONDUCTOR,CONDUCCION NO ATENTO CONDICIONES TRANSITO MOMENTO,RENE SCHNEIDER,CALLE DOS,CALLE DOS - RENE SCHNEIDER,0, , ,BIDIRECCIONAL,CONCRETO,BUENO,SECO,DESPEJADO,0,1,0,0,14,141,14101,Los Ríos,Valdivia,Valdivia,Interseccion,"CALLE DOS & RENE SCHNEIDER, Valdivia",-39.847241,-73.218861
-8151090.52831808,-4841211.96716192,2126,2023,1522257,2023/04/06 00:00:00+00,Abril,6,Jueves,1899/12/30 00:00:00+00,19:50:00,19,REGION DE LOS RIOS,VALDIVIA,COLISION LATERAL,COLISION,URBANA,CRUCE CON SEMAFORO FUNCIONANDO,IMPRUDENCIA DEL CONDUCTOR,CONDUCCION NO ATENTO CONDICIONES TRANSITO MOMENTO,SIMPSON,ERRAZURIZ,ERRAZURIZ - SIMPSON,0, , ,BIDIRECCIONAL CON BANDEJON,CONCRETO,BUENO,SECO,DESPEJADO,0,0,0,1,14,141,14101,Los Ríos,Valdivia,Valdivia,Interseccion,"ERRAZURIZ & SIMPSON, Valdivia",-39.829606,-73.222492
-7867025.39678677,-3976216.47219361,2127,2023,1522276,2023/04/06 00:00:00+00,Abril,6,Jueves,1899/12/30 00:00:00+00,20:20:00,20,REGION METROPOLITANA,SAN BERNARDO,COLISION LATERAL,COLISION,URBANA,CRUCE CON SEÑAL PARE,IMPRUDENCIA DEL CONDUCTOR,CONDUCCION NO ATENTO CONDICIONES TRANSITO MOMENTO,CAMINO EL MARISCAL,SAN FRANCISCO,CAMINO EL MARISCAL - SAN FRANCISCO,0, , ,BIDIRECCIONAL,ASFALTO,BUENO,SECO,DESPEJADO,0,0,0,1,13,134,13401,Metropolitana de Santiago,Maipo,San Bernardo,Interseccion,"CAMINO EL MARISCAL & SAN FRANCISCO, San Bernardo",-33.607475,-70.670692
-7858317.48030323,-3973467.42220853,2128,2023,1551885,2023/04/06 00:00:00+00,Abril,6,Jueves,1899/12/30 00:00:00+00,21:30:00,21,REGION METROPOLITANA,PUENTE ALTO,COLISION LATERAL,COLISION,URBANA,TRAMO DE VIA RECTA,IMPRUDENCIA DEL CONDUCTOR,CONDUCCION NO ATENTO CONDICIONES TRANSITO MOMENTO,CONCHA Y TORO,LOS CASTAÑOS,CONCHA Y TORO - LOS CASTAÑOS,0, , ,BIDIRECCIONAL,CONCRETO,BUENO,SECO,DESPEJADO,0,0,1,1,13,132,13201,Metropolitana de Santiago,Cordillera,Puente Alto,Interseccion,"CONCHA Y TORO & LOS CASTAÑOS, Puente Alto",-33.586905,-70.592467