X,Y,FID,Año,IdAccident,Fecha,Mes,Dia_mes,Dia_semana,Hora,Hora_texto,Hora_aprox,Región,Comuna,Tipo_Accid,Tipo__CONA,Zona,Ubicación,Causa__CON,Causa_Acci,Calle_Uno,Calle_Dos,Intersecci,Número,Ruta,Ubicaci_1,Calzada,Tipo_Calza,Estado_Cal,Condición,Estado_Atm,Fallecidos,Graves,Menos_Grav,Leves,CUT_REG,CUT_PROV,CUT_COM,REGION,PROVINCIA,COMUNA1,Tipo_direc,Direccion,Lat,Lon
-7861191.52689427,-3973990.19142007,2129,2023,1522600,2023/04/06 00:00:00+00,Abril,6,Jueves,1899/12/30 00:00:00+00,23:00:00,23,REGION METROPOLITANA,LA PINTANA,COLISION PERPENDICULAR,COLISION,URBANA,CRUCE CON SEMAFORO FUNCIONANDO,DESOBEDIENCIA A SEÑALIZACION,SEÑALIZACION DESOBEDECER LUZ ROJA DE SEMAFORO,JUANITA,BATALLON CHACABUCO,BATALLON CHACABUCO - JUANITA,0, , ,BIDIRECCIONAL CON BANDEJON,ASFALTO,BUENO,SECO,DESPEJADO,0,1,0,1,13,131,13112,Metropolitana de Santiago,Santiago,La Pintana,Interseccion,"BATALLON CHACABUCO & JUANITA, La Pintana",-33.590817,-70.618285
-7873258.67101575,-3954030.85762025,2130,2023,1522648,2023/04/07 00:00:00+00,Abril,7,Viernes,1899/12/30 00:00:00+00,00:30:00,0,REGION METROPOLITANA,LO PRADO,COLISION PERPENDICULAR,COLISION,URBANA,CRUCE CON SEÑAL CEDA EL PASO,DESOBEDIENCIA A SEÑALIZACION,SEÑALIZACION DESOBEDECER SEÑAL CEDA EL PASO,LOS CLARINES,LAS MADRESELVAS,LAS MADRESELVAS - LOS CLARINES,0, , ,BIDIRECCIONAL,ASFALTO,BUENO,SECO,DESPEJADO,0,0,0,0,13,131,13117,Metropolitana de Santiago,Santiago,Lo Prado,Interseccion,"LAS MADRESELVAS & LOS CLARINES, Lo Prado",-33.441331,-70.726686
-7865505.04584302,-3956056.51601213,2131,2023,1522075,2023/04/07 00:00:00+00,Abril,7,Viernes,1899/12/30 00:00:00+00,03:00:00,3,REGION METROPOLITANA,SANTIAGO,OTRO TIPO,OTRO TIPO,URBANA,TRAMO DE VIA RECTA,VELOCIDAD IMPRUDENTE,VELOCIDAD NO RAZONABLE NI PRUDENTE,VIEL,BLANCO ENCALADA,BLANCO ENCALADA - VIEL,0, , ,UNIDIRECCIONAL,ASFALTO,BUENO,SECO,DESPEJADO,1,0,0,0,13,131,13101,Metropolitana de Santiago,Santiago,Santiago,Interseccion,"BLANCO ENCALADA & VIEL, Santiago",-33.456514,-70.657034
-7858285.19762864,-3958371.69496075,2132,2023,1526357,2023/04/07 00:00:00+00,Abril,7,Viernes,1899/12/30 00:00:00+00,07:00:00,7,REGION METROPOLITANA,ÑUÑOA,VOLCADURA,VOLCADURA,URBANA,CRUCE CON SEMAFORO FUNCIONANDO,DESOBEDIENCIA A SEÑALIZACION,SEÑALIZACION DESOBEDECER LUZ ROJA DE SEMAFORO,JUAN MOYA MORALES,RODRIGO DE ARAYA,JUAN MOYA MORALES - RODRIGO DE ARAYA,0, , ,BIDIRECCIONAL,CONCRETO,BUENO,SECO,DESPEJADO,0,0,0,0,13,131,13120,Metropolitana de Santiago,Santiago,Ñuñoa,Interseccion,"JUAN MOYA MORALES & RODRIGO DE ARAYA, Ñuñoa",-33.473864,-70.592177
-7976677.48358895,-4222481.8501504,2133,2023,1522105,2023/04/07 00:00:00+00,Abril,7,Viernes,1899/12/30 00:00:00+00,11:50:00,11,REGION MAULE,TALCA,COLISION LATERAL,COLISION,URBANA,CRUCE CON SEÑAL PARE,DESOBEDIENCIA A SEÑALIZACION,SEÑALIZACION DESOBEDECER SEÑAL PARE,8 ORIENTE,3 SUR,3 SUR - 8 ORIENTE,0, , ,UNIDIRECCIONAL,CONCRETO,BUENO,SECO,DESPEJADO,0,0,0,1,07,071,07101,Maule,Talca,Talca,Interseccion,"3 SUR & 8 ORIENTE, Talca",-35.430079,-71.655713
-7836115.89877326,-2710725.18069617,2134,2023,1522561,2023/04/07 00:00:00+00,Abril,7,Viernes,1899/12/30 00:00:00+00,13:45:00,13,REGION ANTOFAGASTA,ANTOFAGASTA,COLISION,COLISION,URBANA,CRUCE CON SEMAFORO FUNCIONANDO,IMPRUDENCIA DEL CONDUCTOR,CONDUCCION NO ATENTO CONDICIONES TRANSITO MOMENTO,SIMON BOLIVAR,ARGENTINA,ARGENTINA - SIMON BOLIVAR,0, , ,UNIDIRECCIONAL,ASFALTO,BUENO,SECO,DESPEJADO,0,1,0,0,02,021,02101,Antofagasta,Antofagasta,Antofagasta,Interseccion,"ARGENTINA & SIMON BOLIVAR, Antofagasta",-23.649247,-70.393027
-7860171.95167809,-3950990.56724422,2135,2023,1523255,2023/04/07 00:00:00+00,Abril,7,Viernes,1899/12/30 00:00:00+00,14:00:00,14,REGION METROPOLITANA,PROVIDENCIA,COLISION POR ALCANCE,COLISION,URBANA,TRAMO DE VIA RECTA,IMPRUDENCIA DEL CONDUCTOR,CONDUCCION SIN MANTENER DISTANCIA RAZONABLE NI PRUDENTE,ANDRES BELLO,BUCAREST,ANDRES BELLO - BUCAREST,0, , ,UNIDIRECCIONAL,ASFALTO,REGULAR,SECO,DESPEJADO,0,0,0,1,13,131,13123,Metropolitana de Santiago,Santiago,Providencia,Interseccion,"ANDRES BELLO & BUCAREST, Providencia",-33.418538,-70.609126
-8100352.4359292,-4687851.51502112,2136,2023,1522498,2023/04/07 00:00:00+00,Abril,7,Viernes,1899/12/30 00:00:00+00,20:15:00,20,REGION ARAUCANIA,TEMUCO,COLISION PERPENDICULAR,COLISION,URBANA,CRUCE CON SEÑAL CEDA EL PASO,ALCOHOL EN CONDUCTOR,CONDUCCION EN ESTADO DE EBRIEDAD,LOS RAULIES,VOLCAN SOLLIPULLI,LOS RAULIES - VOLCAN SOLLIPULLI,0, , ,UNIDIRECCIONAL,CONCRETO,REGULAR,SECO,NUBLADO,0,0,0,0,09,091,09101,La Araucanía,Cautín,Temuco,Interseccion,"LOS RAULIES & VOLCAN SOLLIPULLI, Temuco",-38.763501,-72.766704
-7984186.76250166,-4044819.59832824,2137,2023,1523907,2023/04/07 00:00:00+00,Abril,7,Viernes,1899/12/30 00:00:00+00,22:30:00,22,REGION LIB.B.O'HIGGINS,LITUECHE,COLISION,COLISION,URBANA,CRUCE SIN SEÑALIZACION,IMPRUDENCIA DEL CONDUCTOR,VIRAJES INDEBIDOS,MANQUEHUA,MANQUEHUITA,MANQUEHUA - MANQUEHUITA,0, , ,BIDIRECCIONAL,ASFALTO,BUENO,SECO,DESPEJADO,0,1,0,0,06,062,06203,Libertador General Bernardo O'Higgins,Cardenal Caro,Litueche,Interseccion,"MANQUEHUA & MANQUEHUITA, Litueche",-34.119205,-71.72317
-7870405.32979434,-4051235.09899746,2138,2023,1522699,2023/04/07 00:00:00+00,Abril,7,Viernes,1899/12/30 00:00:00+00,23:00:00,23,REGION LIB.B.O'HIGGINS,RANCAGUA,CHOQUE FRENTE/POSTERIOR,CHOQUE,URBANA,TRAMO DE VIA RECTA,ALCOHOL EN CONDUCTOR,CONDUCCION EN ESTADO DE EBRIEDAD,REPUBLICA DE CHILE,FREY JORGE,FREY JORGE - REPUBLICA DE CHILE,0, , ,BIDIRECCIONAL CON BANDEJON,CONCRETO,BUENO,SECO,DESPEJADO,0,2,0,1,06,061,06101,Libertador General Bernardo O'Higgins,Cachapoal,Rancagua,Interseccion,"FREY JORGE & REPUBLICA DE CHILE, Rancagua",-34.166903,-70.701054
-7851491.92570298,-3975019.62972754,2139,2023,1522415,2023/04/08 00:00:00+00,Abril,8,Sábado,1899/12/30 00:00:00+00,00:50:00,0,REGION METROPOLITANA,PUENTE ALTO,CHOQUE FRENTE/POSTERIOR,CHOQUE,URBANA,CRUCE CON SEMAFORO FUNCIONANDO,ALCOHOL EN CONDUCTOR,CONDUCCION EN ESTADO DE EBRIEDAD,EYZAGUIRRE,CAMILO HENRIQUEZ,CAMILO HENRIQUEZ - EYZAGUIRRE,0, , ,BIDIRECCIONAL CON BANDEJON,ASFALTO,BUENO,SECO,DESPEJADO,0,0,1,1,13,132,13201,Metropolitana de Santiago,Cordillera,Puente Alto,Interseccion,"CAMILO HENRIQUEZ & EYZAGUIRRE, Puente Alto",-33.59852,-70.531152
-7971558.90207166,-3901335.29771427,2140,2023,1523088,2023/04/08 00:00:00+00,Abril,8,Sábado,1899/12/30 00:00:00+00,03:20:00,3,REGION VALPARAISO,VALPARAISO,VOLCADURA,VOLCADURA,URBANA,TRAMO DE VIA RECTA,ALCOHOL EN CONDUCTOR,CONDUCCION EN ESTADO DE EBRIEDAD,ERRAZURIZ,SIMON BOLIVAR,ERRAZURIZ - SIMON BOLIVAR,0, , ,BIDIRECCIONAL CON BANDEJON,CONCRETO,BUENO,HUMEDO,LLOVIZNA,0,0,0,0,05,051,05101,Valparaíso,Valparaíso,Valparaíso,Interseccion,"ERRAZURIZ & SIMON BOLIVAR, Valparaíso",-33.045428,-71.609732
-7858889.43982466,-3952982.07865271,2141,2023,1523697,2023/04/08 00:00:00+00,Abril,8,Sábado,1899/12/30 00:00:00+00,08:30:00,8,REGION METROPOLITANA,PROVIDENCIA,COLISION POR ALCANCE,COLISION,URBANA,CRUCE CON SEMAFORO FUNCIONANDO,IMPRUDENCIA DEL CONDUCTOR,CONDUCCION NO ATENTO CONDICIONES TRANSITO MOMENTO,POCURO,LUIS THAYER OJEDA,LUIS THAYER OJEDA - POCURO,0, , ,UNIDIRECCIONAL,ASFALTO,BUENO,SECO,DESPEJADO,0,0,0,0,13,131,13123,Metropolitana de Santiago,Santiago,Providencia,Interseccion,"LUIS THAYER OJEDA & POCURO, Providencia",-33.433469,-70.597605
-7827401.60868114,-3167846.24604125,2142,2023,1522874,2023/04/08 00:00:00+00,Abril,8,Sábado,1899/12/30 00:00:00+00,13:20:00,13,REGION ATACAMA,COPIAPO,COLISION LATERAL,COLISION,URBANA,CRUCE CON SEÑAL CEDA EL PASO,DESOBEDIENCIA A SEÑALIZACION,SEÑALIZACION DESOBEDECER SEÑAL CEDA EL PASO,PAPA LEON XII,OSCAR COSEMANS,OSCAR COSEMANS - PAPA LEON XII,0, , ,BIDIRECCIONAL,ASFALTO,BUENO,SECO,DESPEJADO,0,1,1,0,03,031,03101,Atacama,Copiapó,Copiapó,Interseccion,"OSCAR COSEMANS & PAPA LEON XII, Copiapó",-27.354613,-70.314745
-8086182.81802887,-4686812.0318911,2143,2023,1522496,2023/04/08 00:00:00+00,Abril,8,Sábado,1899/12/30 00:00:00+00,14:50:00,14,REGION ARAUCANIA,TEMUCO,COLISION POR ALCANCE,COLISION,URBANA,TRAMO DE VIA RECTA,VELOCIDAD IMPRUDENTE,VELOCIDAD NO RAZONABLE NI PRUDENTE,JAVIERA CARRERA,MANUEL RECABARREN,JAVIERA CARRERA - MANUEL RECABARREN,0, , ,BIDIRECCIONAL CON BANDEJON,CONCRETO,BUENO,SECO,DESPEJADO,0,1,0,1,09,091,09101,La Araucanía,Cautín,Temuco,Interseccion,"JAVIERA CARRERA & MANUEL RECABARREN, Temuco",-38.75622,-72.639416
-7867612.43512323,-3922485.46946204,2144,2023,1522281,2023/04/08 00:00:00+00,Abril,8,Sábado,1899/12/30 00:00:00+00,16:30:00,16,REGION METROPOLITANA,COLINA,COLISION PERPENDICULAR,COLISION,URBANA,CRUCE CON SEÑAL PARE,DESOBEDIENCIA A SEÑALIZACION,SEÑALIZACION DESOBEDECER SEÑAL PARE,MARCOS GOICOLEA,CARD JOSE MARIA CARO,CARD JOSE MARIA CARO - MARCOS GOICOLEA,0, , ,BIDIRECCIONAL,ASFALTO,BUENO,SECO,DESPEJADO,0,1,0,0,13,133,13301,Metropolitana de Santiago,Chacabuco,Colina,Interseccion,"CARD JOSE MARIA CARO & MARCOS GOICOLEA, Colina",-33.204545,-70.675965
-8151876.82655044,-4840024.25497261,2145,2023,1522696,2023/04/08 00:00:00+00,Abril,8,Sábado,1899/12/30 00:00:00+00,18:50:00,18,REGION DE LOS RIOS,VALDIVIA,CHOQUE FRENTE/POSTERIOR,CHOQUE,URBANA,OTROS NO CONSIDERADOS,IMPRUDENCIA DEL CONDUCTOR,CONDUCCION NO ATENTO CONDICIONES TRANSITO MOMENTO,RAMON PICARTE,PERU,PERU - RAMON PICARTE,0, , ,BIDIRECCIONAL CON BANDEJON,CONCRETO,BUENO,SECO,DESPEJADO,0,0,0,0,14,141,14101,Los Ríos,Valdivia,Valdivia,Interseccion,"PERU & RAMON PICARTE, Valdivia",-39.821412,-73.229555
-7931746.93340961,-3898416.44144309,2146,2023,1522666,2023/04/08 00:00:00+00,Abril,8,Sábado,1899/12/30 00:00:00+00,19:10:00,19,REGION VALPARAISO,LIMACHE,COLISION LATERAL,COLISION,URBANA,TRAMO DE VIA CURVA HORIZONTAL,IMPRUDENCIA DEL CONDUCTOR,ADELANTAMIENTO SIN EL ESPACIO O TIEMPO SUFICIENTE,ANGAMOS,CAMINO LLIU LLIU,ANGAMOS - CAMINO LLIU LLIU,0, , ,BIDIRECCIONAL,ASFALTO,BUENO,SECO,DESPEJADO,0,0,1,0,05,058,05802,Valparaíso,Marga Marga,Limache,Interseccion,"ANGAMOS & CAMINO LLIU LLIU, Limache",-33.023446,-71.252095
-8108711.52785689,-4664233.35639385,2147,2023,1527388,2023/04/08 00:00:00+00,Abril,8,Sábado,1899/12/30 00:00:00+00,23:45:00,23,REGION ARAUCANIA,CHOLCHOL,COLISION,COLISION,URBANA,CRUCE CON SEÑAL PARE,DESOBEDIENCIA A SEÑALIZACION,SEÑALIZACION DESOBEDECER SEÑAL PARE,ANIBAL PINTO,BERNARDO O'HIGGINS,ANIBAL PINTO - BERNARDO O'HIGGINS,0, , ,BIDIRECCIONAL CON BANDEJON,ASFALTO,BUENO,SECO,NUBLADO,0,0,0,0,09,091,09121,La Araucanía,Cautín,Cholchol,Interseccion,"ANIBAL PINTO & BERNARDO O'HIGGINS, Cholchol",-38.597876,-72.841795
-7934417.04268239,-3497038.34879806,2148,2023,1522646,2023/04/09 00:00:00+00,Abril,9,Domingo,1899/12/30 00:00:00+00,02:20:00,2,REGION COQUIMBO,COQUIMBO,CHOQUE FRONTAL,CHOQUE,URBANA,TRAMO DE VIA CURVA VERTICAL,ALCOHOL EN CONDUCTOR,CONDUCCION EN ESTADO DE EBRIEDAD,REGIMIENTO ARICA,BALTAZAR DIAZ,BALTAZAR DIAZ - REGIMIENTO ARICA,0, , ,BIDIRECCIONAL,ASFALTO,BUENO,HUMEDO,NUBLADO,0,0,1,1,04,041,04102,Coquimbo,Elqui,Coquimbo,Interseccion,"BALTAZAR DIAZ & REGIMIENTO ARICA, Coquimbo",-29.94933,-71.276081
-7859737.58302502,-3960045.09656145,2149,2023,1525641,2023/04/09 00:00:00+00,Abril,9,Domingo,1899/12/30 00:00:00+00,11:16:00,11,REGION METROPOLITANA,MACUL,COLISION LATERAL,COLISION,URBANA,CRUCE CON SEÑAL PARE,DESOBEDIENCIA A SEÑALIZACION,SEÑALIZACION DESOBEDECER SEÑAL PARE,LOS 3 ANTONIOS,LOS INDUSTRIALES,LOS 3 ANTONIOS - LOS INDUSTRIALES,0, , ,BIDIRECCIONAL,CONCRETO,BUENO,SECO,DESPEJADO,0,0,0,1,13,131,13118,Metropolitana de Santiago,Santiago,Macul,Interseccion,"LOS 3 ANTONIOS & LOS INDUSTRIALES, Macul",-33.486402,-70.605224
-8152281.30863643,-4843462.44925706,2150,2023,1523032,2023/04/09 00:00:00+00,Abril,9,Domingo,1899/12/30 00:00:00+00,11:30:00,11,REGION DE LOS RIOS,VALDIVIA,CHOQUE FRENTE/POSTERIOR,CHOQUE,URBANA,CRUCE SIN SEÑALIZACION,DROGAS Y/O FATIGA EN CONDUCTOR,"CONDICIONES FISICAS DEFICIENTES (CANSANCIO, SUEÑO)",CIRCUNVALACION SUR,OCOA,CIRCUNVALACION SUR - OCOA,0, , ,BIDIRECCIONAL,CONCRETO,BUENO,SECO,NUBLADO,0,0,0,1,14,141,14101,Los Ríos,Valdivia,Valdivia,Interseccion,"CIRCUNVALACION SUR & OCOA, Valdivia",-39.84513,-73.233189
-7948385.41240939,-3902099.22445194,2151,2023,1523319,2023/04/09 00:00:00+00,Abril,9,Domingo,1899/12/30 00:00:00+00,18:45:00,18,REGION VALPARAISO,QUILPUE,COLISION PERPENDICULAR,COLISION,URBANA,CRUCE CON SEÑAL PARE,DESOBEDIENCIA A SEÑALIZACION,SEÑALIZACION DESOBEDECER SEÑAL PARE,LOS CARRERA,RAMON ANGEL JARA,LOS CARRERA - RAMON ANGEL JARA,0, , ,BIDIRECCIONAL,ASFALTO,BUENO,SECO,DESPEJADO,0,0,0,0,05,058,05801,Valparaíso,Marga Marga,Quilpué,Interseccion,"LOS CARRERA & RAMON ANGEL JARA, Quilpué",-33.05118,-71.401561
-8040060.12997886,-4762346.14812507,2152,2023,1523334,2023/04/09 00:00:00+00,Abril,9,Domingo,1899/12/30 00:00:00+00,19:30:00,19,REGION ARAUCANIA,VILLARRICA,COLISION LATERAL,COLISION,URBANA,CRUCE CON SEÑAL CEDA EL PASO,DESOBEDIENCIA A SEÑALIZACION,SEÑALIZACION DESOBEDECER SEÑAL CEDA EL PASO,VICENTE REYES,GENERAL KORNER,GENERAL KORNER - VICENTE REYES,0, , ,BIDIRECCIONAL,CONCRETO,BUENO,SECO,DESPEJADO,0,0,0,2,09,091,09120,La Araucanía,Cautín,Villarrica,Interseccion,"GENERAL KORNER & VICENTE REYES, Villarrica",-39.283388,-72.225089
-7861979.11229163,-3955489.19451621,2153,2023,1522038,2023/04/09 00:00:00+00,Abril,9,Domingo,1899/12/30 00:00:00+00,22:50:00,22,REGION METROPOLITANA,ÑUÑOA,COLISION POR ALCANCE,COLISION,URBANA,CRUCE CON SEMAFORO FUNCIONANDO,ALCOHOL EN CONDUCTOR,CONDUCCION EN ESTADO DE EBRIEDAD,IRARRAZAVAL,LO ENCALADA,IRARRAZAVAL - LO ENCALADA,0, , ,BIDIRECCIONAL,CONCRETO,BUENO,SECO,DESPEJADO,0,0,0,0,13,131,13120,Metropolitana de Santiago,Santiago,Ñuñoa,Interseccion,"IRARRAZAVAL & LO ENCALADA, Ñuñoa",-33.452262,-70.62536
-7865285.63514893,-4055651.57670084,2154,2023,1522712,2023/04/09 00:00:00+00,Abril,9,Domingo,1899/12/30 00:00:00+00,23:20:00,23,REGION LIB.B.O'HIGGINS,MACHALI,COLISION POR ALCANCE,COLISION,URBANA,TRAMO DE VIA RECTA,IMPRUDENCIA DEL CONDUCTOR,CONDUCCION NO ATENTO CONDICIONES TRANSITO MOMENTO,SAN JUAN,EL MAITEN,EL MAITEN - SAN JUAN,0, , ,BIDIRECCIONAL CON BANDEJON,CONCRETO,BUENO,SECO,DESPEJADO,0,0,1,0,06,061,06108,Libertador General Bernardo O'Higgins,Cachapoal,Machalí,Interseccion,"EL MAITEN & SAN JUAN, Machalí",-34.199723,-70.655063
-7866409.95085173,-3967675.35638403,2155,2023,1523273,2023/04/10 00:00:00+00,Abril,10,Lunes,1899/12/30 00:00:00+00,07:35:00,7,REGION METROPOLITANA,EL BOSQUE,CHOQUE FRENTE/POSTERIOR,CHOQUE,URBANA,CRUCE CON SEMAFORO FUNCIONANDO,IMPRUDENCIA DEL CONDUCTOR,CONDUCCION NO ATENTO CONDICIONES TRANSITO MOMENTO,LOS MORROS,ESPERANZA,ESPERANZA - LOS MORROS,0, , ,BIDIRECCIONAL CON BANDEJON,CONCRETO,BUENO,SECO,DESPEJADO,0,0,0,0,13,131,13105,Metropolitana de Santiago,Santiago,El Bosque,Interseccion,"ESPERANZA & LOS MORROS, El Bosque",-33.54355,-70.665163
-7870875.76599583,-3949156.74828998,2156,2023,1524592,2023/04/10 00:00:00+00,Abril,10,Lunes,1899/12/30 00:00:00+00,08:00:00,8,REGION METROPOLITANA,RENCA,COLISION,COLISION,URBANA,PLAZA DE PEAJE,IMPRUDENCIA DEL CONDUCTOR,CONDUCCION NO ATENTO CONDICIONES TRANSITO MOMENTO,DOMINGO SANTA MARIA,LAUTARO,DOMINGO SANTA MARIA - LAUTARO,0, , ,BIDIRECCIONAL,CONCRETO,BUENO,SECO,DESPEJADO,0,0,0,0,13,131,13128,Metropolitana de Santiago,Santiago,Renca,Interseccion,"DOMINGO SANTA MARIA & LAUTARO, Renca",-33.404787,-70.70528
-7942497.83580516,-3903041.15354002,2157,2023,1525219,2023/04/10 00:00:00+00,Abril,10,Lunes,1899/12/30 00:00:00+00,08:15:00,8,REGION VALPARAISO,VILLA ALEMANA,CHOQUE FRENTE/POSTERIOR,CHOQUE,URBANA,TRAMO DE VIA RECTA,IMPRUDENCIA DEL CONDUCTOR,CONDUCCION NO ATENTO CONDICIONES TRANSITO MOMENTO,LOS AROMOS,LOS ANACARDOS,LOS ANACARDOS - LOS AROMOS,0, , ,BIDIRECCIONAL,ASFALTO,BUENO,SECO,DESPEJADO,0,0,1,0,05,058,05804,Valparaíso,Marga Marga,Villa Alemana,Interseccion,"LOS ANACARDOS & LOS AROMOS, Villa Alemana",-33.058272,-71.348672
-8148667.43270958,-4844140.00564574,2158,2023,1523114,2023/04/10 00:00:00+00,Abril,10,Lunes,1899/12/30 00:00:00+00,09:15:00,9,REGION DE LOS RIOS,VALDIVIA,COLISION FRONTAL,COLISION,URBANA,TRAMO DE VIA RECTA,IMPRUDENCIA DEL CONDUCTOR,CONDUCCION NO ATENTO CONDICIONES TRANSITO MOMENTO,ALEMANIA,EL RETIRO DOS,ALEMANIA - EL RETIRO DOS,0, , ,BIDIRECCIONAL,CONCRETO,BUENO,MOJADO,LLUVIA,0,0,0,1,14,141,14101,Los Ríos,Valdivia,Valdivia,Interseccion,"ALEMANIA & EL RETIRO DOS, Valdivia",-39.849803,-73.200725
-7867925.68817032,-3969729.57761774,2159,2023,1523275,2023/04/10 00:00:00+00,Abril,10,Lunes,1899/12/30 00:00:00+00,09:50:00,9,REGION METROPOLITANA,EL BOSQUE,COLISION LATERAL,COLISION,URBANA,TRAMO DE VIA RECTA,IMPRUDENCIA DEL CONDUCTOR,NO RESPETAR DERECHO PREFERENTE DE PASO A VEHICULO,EL PINO,LOS MORROS,EL PINO - LOS MORROS,0, , ,BIDIRECCIONAL,CONCRETO,BUENO,SECO,DESPEJADO,0,0,0,1,13,131,13105,Metropolitana de Santiago,Santiago,El Bosque,Interseccion,"EL PINO & LOS MORROS, El Bosque",-33.558929,-70.678779
-7857919.62442087,-3952256.57983993,2160,2023,1523692,2023/04/10 00:00:00+00,Abril,10,Lunes,1899/12/30 00:00:00+00,10:00:00,10,REGION METROPOLITANA,PROVIDENCIA,CHOQUE POSTERIOR/POSTERIOR,CHOQUE,URBANA,CRUCE CON SEMAFORO FUNCIONANDO,IMPRUDENCIA DEL CONDUCTOR,CONDUCCION NO ATENTO CONDICIONES TRANSITO MOMENTO,TOBALABA,EL VERGEL,EL VERGEL - TOBALABA,0, , ,BIDIRECCIONAL,ASFALTO,BUENO,SECO,DESPEJADO,0,0,0,1,13,131,13123,Metropolitana de Santiago,Santiago,Providencia,Interseccion,"EL VERGEL & TOBALABA, Providencia",-33.42803,-70.588893
-7864530.44370112,-3958872.7210889,2161,2023,1525423,2023/04/10 00:00:00+00,Abril,10,Lunes,1899/12/30 00:00:00+00,13:00:00,13,REGION METROPOLITANA,SAN MIGUEL,COLISION LATERAL,COLISION,URBANA,TRAMO DE VIA RECTA,IMPRUDENCIA DEL CONDUCTOR,ADELANTAMIENTO SIN EFECTUAR LA SEÑAL RESPECTIVA,CARLOS SILVA VILDOSOLA,GRAN AVDA JOSE MIGUEL CARRERA,CARLOS SILVA VILDOSOLA - GRAN AVDA JOSE MIGUEL CARRERA,0, , ,UNIDIRECCIONAL,CONCRETO,BUENO,SECO,DESPEJADO,0,0,0,1,13,131,13130,Metropolitana de Santiago,Santiago,San Miguel,Interseccion,"CARLOS SILVA VILDOSOLA & GRAN AVDA JOSE MIGUEL CARRERA, San Miguel",-33.477618,-70.648279
-7963295.76763409,-3864638.2135766,2162,2023,1523709,2023/04/10 00:00:00+00,Abril,10,Lunes,1899/12/30 00:00:00+00,14:55:00,14,REGION VALPARAISO,QUINTERO,CHOQUE FRONTAL,CHOQUE,URBANA,TRAMO DE VIA RECTA,FALLAS MECANICAS,FALLAS MECANICAS FRENOS,EL FARO,CAMILO HENRIQUEZ,CAMILO HENRIQUEZ - EL FARO,0, , ,BIDIRECCIONAL,ASFALTO,BUENO,SECO,NUBLADO,0,1,0,0,05,051,05107,Valparaíso,Valparaíso,Quintero,Interseccion,"CAMILO HENRIQUEZ & EL FARO, Quintero",-32.768665,-71.535503
-8093142.27256618,-4550164.4926066,2163,2023,1522790,2023/04/10 00:00:00+00,Abril,10,Lunes,1899/12/30 00:00:00+00,17:50:00,17,REGION ARAUCANIA,ANGOL,COLISION FRONTAL,COLISION,URBANA,TRAMO DE VIA RECTA,IMPRUDENCIA DEL CONDUCTOR,ADELANTAMIENTO SIN EL ESPACIO O TIEMPO SUFICIENTE,COLIMA,CIRCUNVALACION ORIENTE,CIRCUNVALACION ORIENTE - COLIMA,0, , ,BIDIRECCIONAL,ASFALTO,REGULAR,SECO,DESPEJADO,0,1,0,0,09,092,09201,La Araucanía,Malleco,Angol,Interseccion,"CIRCUNVALACION ORIENTE & COLIMA, Angol",-37.792572,-72.701934
-8053176.90557904,-4507305.23800866,2164,2023,1523089,2023/04/10 00:00:00+00,Abril,10,Lunes,1899/12/30 00:00:00+00,18:30:00,18,REGION BIO BIO,LOS ANGELES,COLISION LATERAL,COLISION,URBANA,TRAMO DE VIA RECTA,IMPRUDENCIA DEL CONDUCTOR,CONDUCCION SIN MANTENER DISTANCIA RAZONABLE NI PRUDENTE,LOS CARRERA,FRANCISCO ENCINA,FRANCISCO ENCINA - LOS CARRERA,0, , ,BIDIRECCIONAL CON BANDEJON,CONCRETO,BUENO,SECO,DESPEJADO,0,0,0,1,08,083,08301,Biobío,Biobío,Los Angeles,Interseccion,"FRANCISCO ENCINA & LOS CARRERA, Los Angeles",-37.487697,-72.342919
-7859905.82016032,-3954108.44596008,2165,2023,1523695,2023/04/10 00:00:00+00,Abril,10,Lunes,1899/12/30 00:00:00+00,19:00:00,19,REGION METROPOLITANA,PROVIDENCIA,COLISION LATERAL,COLISION,URBANA,TRAMO DE VIA RECTA,IMPRUDENCIA DEL CONDUCTOR,VIRAJES INDEBIDOS,PEDRO DE VALDIVIA,ERNESTO MUZARD,ERNESTO MUZARD - PEDRO DE VALDIVIA,0, , ,BIDIRECCIONAL,ASFALTO,REGULAR,SECO,DESPEJADO,0,0,0,1,13,131,13123,Metropolitana de Santiago,Santiago,Providencia,Interseccion,"ERNESTO MUZARD & PEDRO DE VALDIVIA, Providencia",-33.441913,-70.606735
-7859905.82016032,-3954108.44596008,2166,2023,1525272,2023/04/10 00:00:00+00,Abril,10,Lunes,1899/12/30 00:00:00+00,19:00:00,19,REGION METROPOLITANA,PROVIDENCIA,COLISION,COLISION,URBANA,TRAMO DE VIA RECTA,IMPRUDENCIA DEL CONDUCTOR,CONDUCCION NO ATENTO CONDICIONES TRANSITO MOMENTO,ERNESTO MUZARD,PEDRO DE VALDIVIA,ERNESTO MUZARD - PEDRO DE VALDIVIA,0, , ,BIDIRECCIONAL,ASFALTO,BUENO,SECO,DESPEJADO,0,0,0,1,13,131,13123,Metropolitana de Santiago,Santiago,Providencia,Interseccion,"ERNESTO MUZARD & PEDRO DE VALDIVIA, Providencia",-33.441913,-70.606735
-8138793.05990661,-4408035.24480585,2167,2023,1522997,2023/04/11 00:00:00+00,Abril,11,Martes,1899/12/30 00:00:00+00,07:20:00,7,REGION BIO BIO,HUALPEN,COLISION,COLISION,URBANA,CRUCE CON SEMAFORO FUNCIONANDO,IMPRUDENCIA DEL CONDUCTOR,CONDUCCION NO ATENTO CONDICIONES TRANSITO MOMENTO,LAS GOLONDRINAS,GRAN BRETAÑA,GRAN BRETAÑA - LAS GOLONDRINAS,0, , ,BIDIRECCIONAL,CONCRETO,BUENO,SECO,DESPEJADO,0,1,0,0,08,081,08112,Biobío,Concepción,Hualpén,Interseccion,"GRAN BRETAÑA & LAS GOLONDRINAS, Hualpén",-36.776758,-73.112022