X,Y,FID,Año,IdAccident,Fecha,Mes,Dia_mes,Dia_semana,Hora,Hora_texto,Hora_aprox,Región,Comuna,Tipo_Accid,Tipo__CONA,Zona,Ubicación,Causa__CON,Causa_Acci,Calle_Uno,Calle_Dos,Intersecci,Número,Ruta,Ubicaci_1,Calzada,Tipo_Calza,Estado_Cal,Condición,Estado_Atm,Fallecidos,Graves,Menos_Grav,Leves,CUT_REG,CUT_PROV,CUT_COM,REGION,PROVINCIA,COMUNA1,Tipo_direc,Direccion,Lat,Lon
-7868972.42534225,-3951728.52425785,2168,2023,1523368,2023/04/11 00:00:00+00,Abril,11,Martes,1899/12/30 00:00:00+00,07:45:00,7,REGION METROPOLITANA,QUINTA NORMAL,COLISION LATERAL,COLISION,URBANA,CRUCE CON SEÑAL CEDA EL PASO,IMPRUDENCIA DEL CONDUCTOR,CONDUCCION NO ATENTO CONDICIONES TRANSITO MOMENTO,LOPE DE ULLOA,CARRASCAL,CARRASCAL - LOPE DE ULLOA,0, , ,BIDIRECCIONAL,ASFALTO,REGULAR,SECO,DESPEJADO,0,0,0,1,13,131,13126,Metropolitana de Santiago,Santiago,Quinta Normal,Interseccion,"CARRASCAL & LOPE DE ULLOA, Quinta Normal",-33.424071,-70.688182
-7855679.65362713,-3972766.5583573,2169,2023,1524478,2023/04/11 00:00:00+00,Abril,11,Martes,1899/12/30 00:00:00+00,07:49:00,7,REGION METROPOLITANA,PUENTE ALTO,COLISION LATERAL,COLISION,URBANA,TRAMO DE VIA RECTA,IMPRUDENCIA DEL CONDUCTOR,CONDUCCION NO ATENTO CONDICIONES TRANSITO MOMENTO,TRONCAL SAN FRANCISCO,NONATO COO,NONATO COO - TRONCAL SAN FRANCISCO,0, , ,BIDIRECCIONAL,CONCRETO,BUENO,SECO,DESPEJADO,0,1,0,0,13,132,13201,Metropolitana de Santiago,Cordillera,Puente Alto,Interseccion,"NONATO COO & TRONCAL SAN FRANCISCO, Puente Alto",-33.58166,-70.568771
-8118621.30020227,-4375707.45020666,2170,2023,1523816,2023/04/11 00:00:00+00,Abril,11,Martes,1899/12/30 00:00:00+00,08:00:00,8,REGION BIO BIO,TOME,VOLCADURA,VOLCADURA,URBANA,TRAMO DE VIA RECTA,VELOCIDAD IMPRUDENTE,VELOCIDAD NO RAZONABLE NI PRUDENTE,DANIEL VERA,EL SAUCE,DANIEL VERA - EL SAUCE,0, , ,UNIDIRECCIONAL,CONCRETO,BUENO,SECO,DESPEJADO,0,0,0,1,08,081,08111,Biobío,Concepción,Tomé,Interseccion,"DANIEL VERA & EL SAUCE, Tomé",-36.543798,-72.930816
-7865885.23030168,-3954108.21124656,2171,2023,1523160,2023/04/11 00:00:00+00,Abril,11,Martes,1899/12/30 00:00:00+00,08:30:00,8,REGION METROPOLITANA,SANTIAGO,COLISION,COLISION,URBANA,TRAMO DE VIA RECTA,IMPRUDENCIA DEL CONDUCTOR,CONDUCCION NO ATENTO CONDICIONES TRANSITO MOMENTO,MANUEL RODRIGUEZ,AGUSTINAS,AGUSTINAS - MANUEL RODRIGUEZ,0, , ,UNIDIRECCIONAL,CONCRETO,BUENO,SECO,DESPEJADO,0,0,0,1,13,131,13101,Metropolitana de Santiago,Santiago,Santiago,Interseccion,"AGUSTINAS & MANUEL RODRIGUEZ, Santiago",-33.441911,-70.660449
-7878364.89605844,-3964261.37241326,2172,2023,1523514,2023/04/11 00:00:00+00,Abril,11,Martes,1899/12/30 00:00:00+00,17:00:00,17,REGION METROPOLITANA,MAIPU,VOLCADURA,VOLCADURA,URBANA,CRUCE CON SEÑAL PARE,VELOCIDAD IMPRUDENTE,VELOCIDAD NO RAZONABLE NI PRUDENTE,PORTALES,EL CID,EL CID - PORTALES,0, , ,BIDIRECCIONAL,ASFALTO,BUENO,SECO,DESPEJADO,0,1,0,0,13,131,13119,Metropolitana de Santiago,Santiago,Maipú,Interseccion,"EL CID & PORTALES, Maipú",-33.517985,-70.772556
-8129247.3022516,-4428394.02880024,2173,2023,1525420,2023/04/11 00:00:00+00,Abril,11,Martes,1899/12/30 00:00:00+00,18:15:00,18,REGION BIO BIO,CHIGUAYANTE,COLISION LATERAL,COLISION,URBANA,TRAMO DE VIA RECTA,IMPRUDENCIA DEL CONDUCTOR,CONDUCCION SIN MANTENER DISTANCIA RAZONABLE NI PRUDENTE,MANUEL RODRIGUEZ,LOS HEROES,LOS HEROES - MANUEL RODRIGUEZ,0, , ,BIDIRECCIONAL CON BANDEJON,CONCRETO,BUENO,SECO,NUBLADO,0,0,0,0,08,081,08103,Biobío,Concepción,Chiguayante,Interseccion,"LOS HEROES & MANUEL RODRIGUEZ, Chiguayante",-36.923105,-73.026271
-7867787.98596021,-3947123.23034828,2174,2023,1526750,2023/04/11 00:00:00+00,Abril,11,Martes,1899/12/30 00:00:00+00,18:20:00,18,REGION METROPOLITANA,CONCHALI,COLISION FRONTAL,COLISION,URBANA,TRAMO DE VIA RECTA,IMPRUDENCIA DEL CONDUCTOR,CONDUCCION NO ATENTO CONDICIONES TRANSITO MOMENTO,FERMIN VIVACETA,ALMTE SILVA PALMA,ALMTE SILVA PALMA - FERMIN VIVACETA,0, , ,UNIDIRECCIONAL,CONCRETO,BUENO,SECO,DESPEJADO,0,0,0,1,13,131,13104,Metropolitana de Santiago,Santiago,Conchalí,Interseccion,"ALMTE SILVA PALMA & FERMIN VIVACETA, Conchalí",-33.389536,-70.677542
-7855298.16173218,-3975402.00067073,2175,2023,1524648,2023/04/11 00:00:00+00,Abril,11,Martes,1899/12/30 00:00:00+00,18:35:00,18,REGION METROPOLITANA,PUENTE ALTO,COLISION PERPENDICULAR,COLISION,URBANA,CRUCE CON SEMAFORO FUNCIONANDO,IMPRUDENCIA DEL CONDUCTOR,NO RESPETAR DERECHO PREFERENTE DE PASO A VEHICULO,DOMINGO TOCORNAL,NONATO COO,DOMINGO TOCORNAL - NONATO COO,0, , ,BIDIRECCIONAL,ASFALTO,BUENO,SECO,DESPEJADO,0,0,0,2,13,132,13201,Metropolitana de Santiago,Cordillera,Puente Alto,Interseccion,"DOMINGO TOCORNAL & NONATO COO, Puente Alto",-33.601381,-70.565344
-7877641.98728523,-3976421.27300172,2176,2023,1528447,2023/04/11 00:00:00+00,Abril,11,Martes,1899/12/30 00:00:00+00,19:34:00,19,REGION METROPOLITANA,CALERA DE TANGO,COLISION LATERAL,COLISION,URBANA,CRUCE CON SEÑAL PARE,DESOBEDIENCIA A SEÑALIZACION,SEÑALIZACION DESOBEDECER SEÑAL PARE,CAMINO LONQUEN,EL TANGUITO,CAMINO LONQUEN - EL TANGUITO,0, , ,BIDIRECCIONAL,ASFALTO,BUENO,SECO,DESPEJADO,0,1,0,0,13,134,13403,Metropolitana de Santiago,Maipo,Calera de Tango,Interseccion,"CAMINO LONQUEN & EL TANGUITO, Calera de Tango",-33.609007,-70.766062
-7858950.99950307,-3967106.95672497,2177,2023,1526398,2023/04/11 00:00:00+00,Abril,11,Martes,1899/12/30 00:00:00+00,20:00:00,20,REGION METROPOLITANA,LA FLORIDA,COLISION LATERAL,COLISION,URBANA,TRAMO DE VIA RECTA,IMPRUDENCIA DEL CONDUCTOR,VIRAJES INDEBIDOS,DR SOTERO DEL RIO,VALENTINA LEPPE,DR SOTERO DEL RIO - VALENTINA LEPPE,0, , ,BIDIRECCIONAL,CONCRETO,REGULAR,SECO,DESPEJADO,0,0,1,0,13,131,13110,Metropolitana de Santiago,Santiago,La Florida,Interseccion,"DR SOTERO DEL RIO & VALENTINA LEPPE, La Florida",-33.539294,-70.598158
-7852517.39874823,-3947097.16475406,2178,2023,1525319,2023/04/11 00:00:00+00,Abril,11,Martes,1899/12/30 00:00:00+00,20:35:00,20,REGION METROPOLITANA,LAS CONDES,COLISION POR ALCANCE,COLISION,URBANA,TRAMO DE VIA RECTA,IMPRUDENCIA DEL CONDUCTOR,CONDUCCION SIN MANTENER DISTANCIA RAZONABLE NI PRUDENTE,LAS CONDES,ANGOSTURA INGLESA,ANGOSTURA INGLESA - LAS CONDES,0, , ,BIDIRECCIONAL CON BANDEJON,ASFALTO,BUENO,SECO,DESPEJADO,0,0,1,0,13,131,13114,Metropolitana de Santiago,Santiago,Las Condes,Interseccion,"ANGOSTURA INGLESA & LAS CONDES, Las Condes",-33.38934,-70.540364
-7971899.66216492,-3973030.91743244,2179,2023,1523412,2023/04/12 00:00:00+00,Abril,12,Miércoles,1899/12/30 00:00:00+00,05:50:00,5,REGION VALPARAISO,SAN ANTONIO,CHOQUE FRONTAL,CHOQUE,URBANA,TRAMO DE VIA RECTA,IMPRUDENCIA DEL CONDUCTOR,CONDUCCION NO ATENTO CONDICIONES TRANSITO MOMENTO,RAMON BARROS LUCO,GREGORIO MIRA,GREGORIO MIRA - RAMON BARROS LUCO,0, , ,BIDIRECCIONAL,ASFALTO,BUENO,MOJADO,LLOVIZNA,1,0,0,0,05,056,05601,Valparaíso,San Antonio,San Antonio,Interseccion,"GREGORIO MIRA & RAMON BARROS LUCO, San Antonio",-33.583638,-71.612793
-7871351.11135347,-3957369.24077053,2180,2023,1524403,2023/04/12 00:00:00+00,Abril,12,Miércoles,1899/12/30 00:00:00+00,07:55:00,7,REGION METROPOLITANA,ESTACION CENTRAL,COLISION,COLISION,URBANA,TRAMO DE VIA RECTA,IMPRUDENCIA DEL CONDUCTOR,CONDUCCION NO ATENTO CONDICIONES TRANSITO MOMENTO,EL ESCORIAL,5 DE ABRIL,5 DE ABRIL - EL ESCORIAL,0, , ,UNIDIRECCIONAL,ASFALTO,BUENO,SECO,DESPEJADO,0,0,0,0,13,131,13106,Metropolitana de Santiago,Santiago,Estación Central,Interseccion,"5 DE ABRIL & EL ESCORIAL, Estación Central",-33.466352,-70.70955
-7856605.90971417,-3979132.00579653,2181,2023,1524663,2023/04/12 00:00:00+00,Abril,12,Miércoles,1899/12/30 00:00:00+00,07:55:00,7,REGION METROPOLITANA,PUENTE ALTO,COLISION PERPENDICULAR,COLISION,URBANA,OTROS NO CONSIDERADOS,IMPRUDENCIA DEL CONDUCTOR,NO RESPETAR DERECHO PREFERENTE DE PASO A VEHICULO,CONCHA Y TORO,CIRCUNVALACION,CIRCUNVALACION - CONCHA Y TORO,0, , ,BIDIRECCIONAL,ASFALTO,REGULAR,SECO,DESPEJADO,0,0,0,1,13,132,13201,Metropolitana de Santiago,Cordillera,Puente Alto,Interseccion,"CIRCUNVALACION & CONCHA Y TORO, Puente Alto",-33.629285,-70.577092
-7867963.75943617,-3962919.81491805,2182,2023,1530027,2023/04/12 00:00:00+00,Abril,12,Miércoles,1899/12/30 00:00:00+00,09:00:00,9,REGION METROPOLITANA,PEDRO AGUIRRE CERDA,COLISION POR ALCANCE,COLISION,URBANA,TRAMO DE VIA RECTA,IMPRUDENCIA DEL CONDUCTOR,CONDUCIR VEHICULO EN RETROCESO,LO OVALLE,LAS AZALEAS,LAS AZALEAS - LO OVALLE,0, , ,BIDIRECCIONAL,ASFALTO,BUENO,SECO,DESPEJADO,0,0,0,1,13,131,13121,Metropolitana de Santiago,Santiago,Pedro Aguirre Cerda,Interseccion,"LAS AZALEAS & LO OVALLE, Pedro Aguirre Cerda",-33.507937,-70.679121
-7863854.62307252,-3958877.52566381,2183,2023,1524852,2023/04/12 00:00:00+00,Abril,12,Miércoles,1899/12/30 00:00:00+00,09:20:00,9,REGION METROPOLITANA,SAN JOAQUIN,COLISION PERPENDICULAR,COLISION,URBANA,CRUCE CON SEMAFORO FUNCIONANDO,IMPRUDENCIA DEL CONDUCTOR,CONDUCCION NO ATENTO CONDICIONES TRANSITO MOMENTO,ISABEL RIQUELME,STA ROSA,ISABEL RIQUELME - STA ROSA,0, , ,BIDIRECCIONAL CON BANDEJON,ASFALTO,BUENO,SECO,DESPEJADO,0,0,0,1,13,131,13129,Metropolitana de Santiago,Santiago,San Joaquín,Interseccion,"ISABEL RIQUELME & STA ROSA, San Joaquín",-33.477654,-70.642208
-7865921.26941909,-3954651.73899787,2184,2023,1523804,2023/04/12 00:00:00+00,Abril,12,Miércoles,1899/12/30 00:00:00+00,09:43:00,9,REGION METROPOLITANA,SANTIAGO,COLISION,COLISION,URBANA,TRAMO DE VIA RECTA,IMPRUDENCIA DEL CONDUCTOR,ADELANTAMIENTO SIN EFECTUAR LA SEÑAL RESPECTIVA,MANUEL RODRIGUEZ,LIBER BERNARDO O'HIGGINS,LIBER BERNARDO O'HIGGINS - MANUEL RODRIGUEZ,0, , ,UNIDIRECCIONAL,CONCRETO,BUENO,SECO,DESPEJADO,0,0,0,0,13,131,13101,Metropolitana de Santiago,Santiago,Santiago,Interseccion,"LIBER BERNARDO O'HIGGINS & MANUEL RODRIGUEZ, Santiago",-33.445985,-70.660773
-7865921.26941909,-3954651.73899787,2185,2023,1524134,2023/04/12 00:00:00+00,Abril,12,Miércoles,1899/12/30 00:00:00+00,09:43:00,9,REGION METROPOLITANA,SANTIAGO,COLISION LATERAL,COLISION,URBANA,TRAMO DE VIA RECTA,IMPRUDENCIA DEL CONDUCTOR,CONDUCCION CAMBIAR SORPRESIVAMENTE PISTA CIRCULACION,MANUEL RODRIGUEZ,LIBER BERNARDO O'HIGGINS,LIBER BERNARDO O'HIGGINS - MANUEL RODRIGUEZ,0, , ,UNIDIRECCIONAL,ASFALTO,BUENO,SECO,DESPEJADO,0,0,0,1,13,131,13101,Metropolitana de Santiago,Santiago,Santiago,Interseccion,"LIBER BERNARDO O'HIGGINS & MANUEL RODRIGUEZ, Santiago",-33.445985,-70.660773
-7859041.72494373,-3952408.23849353,2186,2023,1523685,2023/04/12 00:00:00+00,Abril,12,Miércoles,1899/12/30 00:00:00+00,11:10:00,11,REGION METROPOLITANA,PROVIDENCIA,VOLCADURA,VOLCADURA,URBANA,TRAMO DE VIA RECTA,VELOCIDAD IMPRUDENTE,VELOCIDAD NO RAZONABLE NI PRUDENTE,PROVIDENCIA,LUIS THAYER OJEDA,LUIS THAYER OJEDA - PROVIDENCIA,0, , ,UNIDIRECCIONAL,ASFALTO,BUENO,SECO,DESPEJADO,0,0,0,1,13,131,13123,Metropolitana de Santiago,Santiago,Providencia,Interseccion,"LUIS THAYER OJEDA & PROVIDENCIA, Providencia",-33.429167,-70.598973
-7977629.04259625,-4224910.36485954,2187,2023,1523316,2023/04/12 00:00:00+00,Abril,12,Miércoles,1899/12/30 00:00:00+00,13:30:00,13,REGION MAULE,TALCA,COLISION LATERAL,COLISION,URBANA,TRAMO DE VIA RECTA,DESOBEDIENCIA A SEÑALIZACION,SEÑALIZACION DESOBEDECER LUZ ROJA DE SEMAFORO,18 SUR,6 ORIENTE,18 SUR - 6 ORIENTE,0, , ,UNIDIRECCIONAL,CONCRETO,BUENO,SECO,DESPEJADO,0,0,0,2,07,071,07101,Maule,Talca,Talca,Interseccion,"18 SUR & 6 ORIENTE, Talca",-35.447853,-71.664261
-7877018.82077577,-3946706.33058098,2188,2023,1523953,2023/04/12 00:00:00+00,Abril,12,Miércoles,1899/12/30 00:00:00+00,17:30:00,17,REGION METROPOLITANA,PUDAHUEL,VOLCADURA,VOLCADURA,URBANA,TRAMO DE VIA RECTA,DESOBEDIENCIA A SEÑALIZACION,SEÑALIZACION DESOBEDECER SEÑAL PARE,AMERICO VESPUCIO,CAMINO LO BOZA,AMERICO VESPUCIO - CAMINO LO BOZA,0, , ,BIDIRECCIONAL,CONCRETO,BUENO,SECO,DESPEJADO,0,0,0,1,13,131,13124,Metropolitana de Santiago,Santiago,Pudahuel,Interseccion,"AMERICO VESPUCIO & CAMINO LO BOZA, Pudahuel",-33.386409,-70.760464
-8076679.23968514,-4679726.13640206,2189,2023,1523440,2023/04/12 00:00:00+00,Abril,12,Miércoles,1899/12/30 00:00:00+00,18:30:00,18,REGION ARAUCANIA,TEMUCO,CHOQUE,CHOQUE,URBANA,TRAMO DE VIA RECTA,IMPRUDENCIA DEL CONDUCTOR,CONDUCCION NO ATENTO CONDICIONES TRANSITO MOMENTO,RUDECINDO ORTEGA,UNION NORTE,RUDECINDO ORTEGA - UNION NORTE,0, , ,BIDIRECCIONAL CON BANDEJON,CONCRETO,BUENO,SECO,DESPEJADO,0,0,0,1,09,091,09101,La Araucanía,Cautín,Temuco,Interseccion,"RUDECINDO ORTEGA & UNION NORTE, Temuco",-38.706564,-72.554044
-7869235.25066001,-3971759.76754647,2190,2023,1523284,2023/04/12 00:00:00+00,Abril,12,Miércoles,1899/12/30 00:00:00+00,18:45:00,18,REGION METROPOLITANA,EL BOSQUE,COLISION LATERAL,COLISION,URBANA,TRAMO DE VIA RECTA,IMPRUDENCIA DEL CONDUCTOR,NO RESPETAR DERECHO PREFERENTE DE PASO A VEHICULO,LO MORENO,GRAN AVDA JOSE MIGUEL CARRERA,GRAN AVDA JOSE MIGUEL CARRERA - LO MORENO,0, , ,BIDIRECCIONAL,CONCRETO,BUENO,SECO,DESPEJADO,0,0,0,1,13,131,13105,Metropolitana de Santiago,Santiago,El Bosque,Interseccion,"GRAN AVDA JOSE MIGUEL CARRERA & LO MORENO, El Bosque",-33.574125,-70.690543
-7856412.74813375,-3970159.57190198,2191,2023,1524641,2023/04/12 00:00:00+00,Abril,12,Miércoles,1899/12/30 00:00:00+00,20:10:00,20,REGION METROPOLITANA,LA FLORIDA,COLISION LATERAL,COLISION,URBANA,TRAMO DE VIA RECTA,IMPRUDENCIA DEL CONDUCTOR,CONDUCCION NO ATENTO CONDICIONES TRANSITO MOMENTO,STA CECILIA,DIEGO PORTALES,DIEGO PORTALES - STA CECILIA,0, , ,BIDIRECCIONAL,CONCRETO,BUENO,SECO,DESPEJADO,0,0,0,0,13,131,13110,Metropolitana de Santiago,Santiago,La Florida,Interseccion,"DIEGO PORTALES & STA CECILIA, La Florida",-33.562148,-70.575356
-7859269.9298442,-3953467.23716711,2192,2023,1525767,2023/04/12 00:00:00+00,Abril,12,Miércoles,1899/12/30 00:00:00+00,20:10:00,20,REGION METROPOLITANA,PROVIDENCIA,COLISION LATERAL,COLISION,URBANA,TRAMO DE VIA RECTA,IMPRUDENCIA DEL CONDUCTOR,CONDUCCION CAMBIAR SORPRESIVAMENTE PISTA CIRCULACION,FRANCISCO BILBAO,LOS LEONES,FRANCISCO BILBAO - LOS LEONES,0, , ,UNIDIRECCIONAL,ASFALTO,REGULAR,SECO,DESPEJADO,0,0,0,1,13,131,13123,Metropolitana de Santiago,Santiago,Providencia,Interseccion,"FRANCISCO BILBAO & LOS LEONES, Providencia",-33.437106,-70.601023
-8139610.43862985,-4416297.95299422,2193,2023,1525502,2023/04/12 00:00:00+00,Abril,12,Miércoles,1899/12/30 00:00:00+00,21:00:00,21,REGION BIO BIO,SAN PEDRO DE LA PAZ,ATROPELLO,ATROPELLO,URBANA,CRUCE SIN SEÑALIZACION,IMPRUDENCIA DEL CONDUCTOR,NO RESPETAR DERECHO PREFERENTE DE PASO A PEATON,LAS TORCAZAS,DIAGONAL BIO BIO,DIAGONAL BIO BIO - LAS TORCAZAS,0, , ,BIDIRECCIONAL,CONCRETO,BUENO,SECO,NUBLADO,0,0,0,1,08,081,08108,Biobío,Concepción,San Pedro de la Paz,Interseccion,"DIAGONAL BIO BIO & LAS TORCAZAS, San Pedro de la Paz",-36.836187,-73.119365
-7857259.61115996,-3965613.23464892,2194,2023,1524860,2023/04/13 00:00:00+00,Abril,13,Jueves,1899/12/30 00:00:00+00,01:40:00,1,REGION METROPOLITANA,LA FLORIDA,CHOQUE LATERAL,CHOQUE,URBANA,TRAMO DE VIA CURVA HORIZONTAL,IMPRUDENCIA DEL CONDUCTOR,CONDUCCION NO ATENTO CONDICIONES TRANSITO MOMENTO,GERONIMO DE ALDERETE,STA RAQUEL,GERONIMO DE ALDERETE - STA RAQUEL,0, , ,UNIDIRECCIONAL,CONCRETO,BUENO,SECO,DESPEJADO,0,1,0,0,13,131,13110,Metropolitana de Santiago,Santiago,La Florida,Interseccion,"GERONIMO DE ALDERETE & STA RAQUEL, La Florida",-33.528109,-70.582964
-7859033.0863954,-3872836.94850419,2195,2023,1523468,2023/04/13 00:00:00+00,Abril,13,Jueves,1899/12/30 00:00:00+00,08:05:00,8,REGION VALPARAISO,LOS ANDES,COLISION PERPENDICULAR,COLISION,URBANA,CRUCE CON SEÑAL PARE,DESOBEDIENCIA A SEÑALIZACION,SEÑALIZACION DESOBEDECER SEÑAL PARE,PAPUDO,3 CARRERA,3 CARRERA - PAPUDO,0, , ,UNIDIRECCIONAL,ASFALTO,BUENO,SECO,DESPEJADO,0,1,0,0,05,053,05301,Valparaíso,Los Andes,Los Andes,Interseccion,"3 CARRERA & PAPUDO, Los Andes",-32.830573,-70.598895
-7862742.43004,-3947456.14764729,2196,2023,1524028,2023/04/13 00:00:00+00,Abril,13,Jueves,1899/12/30 00:00:00+00,12:30:00,12,REGION METROPOLITANA,RECOLETA,COLISION PERPENDICULAR,COLISION,URBANA,CRUCE CON SEÑAL PARE,IMPRUDENCIA DEL CONDUCTOR,CONDUCCION NO ATENTO CONDICIONES TRANSITO MOMENTO,HEROE CLODOMIRO ROZAS,ADELA MARTINEZ,ADELA MARTINEZ - HEROE CLODOMIRO ROZAS,0, , ,BIDIRECCIONAL,ASFALTO,BUENO,SECO,DESPEJADO,0,0,0,1,13,131,13127,Metropolitana de Santiago,Santiago,Recoleta,Interseccion,"ADELA MARTINEZ & HEROE CLODOMIRO ROZAS, Recoleta",-33.392033,-70.632217
-7863445.41262436,-3955489.19451621,2197,2023,1523954,2023/04/13 00:00:00+00,Abril,13,Jueves,1899/12/30 00:00:00+00,14:00:00,14,REGION METROPOLITANA,SANTIAGO,COLISION FRONTAL,COLISION,URBANA,TRAMO DE VIA RECTA,IMPRUDENCIA DEL CONDUCTOR,CONDUCCION CAMBIAR SORPRESIVAMENTE PISTA CIRCULACION,10 DE JULIO HUAMACHUCO,DR BRUNNER,10 DE JULIO HUAMACHUCO - DR BRUNNER,0, , ,UNIDIRECCIONAL,ASFALTO,BUENO,SECO,DESPEJADO,0,0,0,1,13,131,13101,Metropolitana de Santiago,Santiago,Santiago,Interseccion,"10 DE JULIO HUAMACHUCO & DR BRUNNER, Santiago",-33.452262,-70.638532
-7860457.04089401,-3951926.85905714,2198,2023,1523693,2023/04/13 00:00:00+00,Abril,13,Jueves,1899/12/30 00:00:00+00,14:45:00,14,REGION METROPOLITANA,PROVIDENCIA,COLISION LATERAL,COLISION,URBANA,TRAMO DE VIA RECTA,IMPRUDENCIA DEL CONDUCTOR,CONDUCCION NO ATENTO CONDICIONES TRANSITO MOMENTO,PEDRO DE VALDIVIA,FIDEL OTEIZA,FIDEL OTEIZA - PEDRO DE VALDIVIA,0, , ,BIDIRECCIONAL,MIXTO,REGULAR,SECO,DESPEJADO,0,0,0,2,13,131,13123,Metropolitana de Santiago,Santiago,Providencia,Interseccion,"FIDEL OTEIZA & PEDRO DE VALDIVIA, Providencia",-33.425558,-70.611687
-8121242.317613,-4462952.93429608,2199,2023,1523739,2023/04/13 00:00:00+00,Abril,13,Jueves,1899/12/30 00:00:00+00,15:30:00,15,REGION BIO BIO,SANTA JUANA,COLISION POR ALCANCE,COLISION,URBANA,TRAMO DE VIA RECTA,IMPRUDENCIA DEL CONDUCTOR,CONDUCCION NO ATENTO CONDICIONES TRANSITO MOMENTO,LOS ALERCES,PEDRO DE VALDIVIA,LOS ALERCES - PEDRO DE VALDIVIA,0, , ,BIDIRECCIONAL,CONCRETO,BUENO,SECO,DESPEJADO,0,0,0,1,08,081,08109,Biobío,Concepción,Santa Juana,Interseccion,"LOS ALERCES & PEDRO DE VALDIVIA, Santa Juana",-37.170886,-72.954361
-7877260.66333799,-4052828.72797853,2200,2023,1524629,2023/04/13 00:00:00+00,Abril,13,Jueves,1899/12/30 00:00:00+00,15:45:00,15,REGION LIB.B.O'HIGGINS,RANCAGUA,COLISION PERPENDICULAR,COLISION,URBANA,CRUCE CON SEÑAL PARE,IMPRUDENCIA DEL CONDUCTOR,NO RESPETAR DERECHO PREFERENTE DE PASO A VEHICULO,DIAGONAL DOÑIHUE,LOURDES,DIAGONAL DOÑIHUE - LOURDES,0, , ,BIDIRECCIONAL CON BANDEJON,CONCRETO,BUENO,SECO,DESPEJADO,0,1,0,0,06,061,06101,Libertador General Bernardo O'Higgins,Cachapoal,Rancagua,Interseccion,"DIAGONAL DOÑIHUE & LOURDES, Rancagua",-34.178747,-70.762637
-7855513.89888308,-3866344.54382914,2201,2023,1523877,2023/04/13 00:00:00+00,Abril,13,Jueves,1899/12/30 00:00:00+00,16:00:00,16,REGION VALPARAISO,SAN ESTEBAN,COLISION LATERAL,COLISION,URBANA,CRUCE CON SEÑAL CEDA EL PASO,IMPRUDENCIA DEL CONDUCTOR,ADELANTAMIENTO SIN EL ESPACIO O TIEMPO SUFICIENTE,SANTA TERESA,LAS CHAPARRINAS,LAS CHAPARRINAS - SANTA TERESA,0, , ,BIDIRECCIONAL,ASFALTO,BUENO,SECO,DESPEJADO,0,0,0,1,05,053,05304,Valparaíso,Los Andes,San Esteban,Interseccion,"LAS CHAPARRINAS & SANTA TERESA, San Esteban",-32.781553,-70.567282
-8141961.43525357,-4443857.74659293,2202,2023,1524988,2023/04/13 00:00:00+00,Abril,13,Jueves,1899/12/30 00:00:00+00,18:15:00,18,REGION BIO BIO,CORONEL,COLISION,COLISION,URBANA,CRUCE CON SEÑAL PARE,DESOBEDIENCIA A SEÑALIZACION,SEÑALIZACION DESOBEDECER SEÑAL PARE,GALVARINO,VILLA VERDE,GALVARINO - VILLA VERDE,0, , ,BIDIRECCIONAL,RIPIO,REGULAR, ,DESPEJADO,0,1,0,0,08,081,08102,Biobío,Concepción,Coronel,Interseccion,"GALVARINO & VILLA VERDE, Coronel",-37.034077,-73.140484
-7861720.85107299,-3968098.11493597,2203,2023,1524184,2023/04/13 00:00:00+00,Abril,13,Jueves,1899/12/30 00:00:00+00,19:25:00,19,REGION METROPOLITANA,LA GRANJA,COLISION LATERAL,COLISION,URBANA,TRAMO DE VIA RECTA,ALCOHOL EN CONDUCTOR,CONDUCCION EN ESTADO DE EBRIEDAD,VICUÑA MACKENNA,HERNANDO DE MAGALLANES,HERNANDO DE MAGALLANES - VICUÑA MACKENNA,0, , ,BIDIRECCIONAL,ASFALTO,BUENO,SECO,DESPEJADO,0,0,0,0,13,131,13111,Metropolitana de Santiago,Santiago,La Granja,Interseccion,"HERNANDO DE MAGALLANES & VICUÑA MACKENNA, La Granja",-33.546715,-70.62304
-7866155.59694721,-3966083.16535494,2204,2023,1523725,2023/04/13 00:00:00+00,Abril,13,Jueves,1899/12/30 00:00:00+00,19:50:00,19,REGION METROPOLITANA,LA CISTERNA,COLISION POR ALCANCE,COLISION,URBANA,CRUCE CON SEÑAL PARE,IMPRUDENCIA DEL CONDUCTOR,CONDUCCION SIN MANTENER DISTANCIA RAZONABLE NI PRUDENTE,GRAN AVDA JOSE MIGUEL CARRERA,STA ANSELMA,GRAN AVDA JOSE MIGUEL CARRERA - STA ANSELMA,0, , ,BIDIRECCIONAL CON BANDEJON,CONCRETO,BUENO,SECO,DESPEJADO,0,0,0,0,13,131,13109,Metropolitana de Santiago,Santiago,La Cisterna,Interseccion,"GRAN AVDA JOSE MIGUEL CARRERA & STA ANSELMA, La Cisterna",-33.531628,-70.662878