X,Y,FID,Año,IdAccident,Fecha,Mes,Dia_mes,Dia_semana,Hora,Hora_texto,Hora_aprox,Región,Comuna,Tipo_Accid,Tipo__CONA,Zona,Ubicación,Causa__CON,Causa_Acci,Calle_Uno,Calle_Dos,Intersecci,Número,Ruta,Ubicaci_1,Calzada,Tipo_Calza,Estado_Cal,Condición,Estado_Atm,Fallecidos,Graves,Menos_Grav,Leves,CUT_REG,CUT_PROV,CUT_COM,REGION,PROVINCIA,COMUNA1,Tipo_direc,Direccion,Lat,Lon
-7930263.93508647,-3878494.73131087,2205,2023,1523449,2023/04/13 00:00:00+00,Abril,13,Jueves,1899/12/30 00:00:00+00,20:30:00,20,REGION VALPARAISO,QUILLOTA,COLISION,COLISION,URBANA,TRAMO DE VIA RECTA,ALCOHOL EN CONDUCTOR,CONDUCCION EN ESTADO DE EBRIEDAD,CALETERA DOS,TENIENTE IGNACIO SERRANO,CALETERA DOS - TENIENTE IGNACIO SERRANO,0, , ,BIDIRECCIONAL,ASFALTO,BUENO,SECO,DESPEJADO,0,0,0,2,05,055,05501,Valparaíso,Quillota,Quillota,Interseccion,"CALETERA DOS & TENIENTE IGNACIO SERRANO, Quillota",-32.87327,-71.238773
-7868993.68736499,-3958953.59836596,2206,2023,1523411,2023/04/13 00:00:00+00,Abril,13,Jueves,1899/12/30 00:00:00+00,22:00:00,22,REGION METROPOLITANA,CERRILLOS,VOLCADURA,VOLCADURA,URBANA,CRUCE CON SEÑAL CEDA EL PASO,VELOCIDAD IMPRUDENTE,VELOCIDAD NO RAZONABLE NI PRUDENTE,GRAL VELASQUEZ,ALC CARLOS VALDOVINOS,ALC CARLOS VALDOVINOS - GRAL VELASQUEZ,0, , ,BIDIRECCIONAL,ASFALTO,BUENO,SECO,DESPEJADO,0,0,0,1,13,131,13102,Metropolitana de Santiago,Santiago,Cerrillos,Interseccion,"ALC CARLOS VALDOVINOS & GRAL VELASQUEZ, Cerrillos",-33.478224,-70.688373
-7971043.6042267,-3900962.62225488,2207,2023,1524351,2023/04/14 00:00:00+00,Abril,14,Viernes,1899/12/30 00:00:00+00,01:00:00,1,REGION VALPARAISO,VALPARAISO,CHOQUE,CHOQUE,URBANA,TRAMO DE VIA CURVA HORIZONTAL,VELOCIDAD IMPRUDENTE,VELOCIDAD NO RAZONABLE NI PRUDENTE,ARGENTINA,ESPAÑA,ARGENTINA - ESPAÑA,0, , ,UNIDIRECCIONAL,CONCRETO,BUENO,SECO,DESPEJADO,0,2,0,0,05,051,05101,Valparaíso,Valparaíso,Valparaíso,Interseccion,"ARGENTINA & ESPAÑA, Valparaíso",-33.042622,-71.605103
-7852905.57193883,-3949768.4603127,2208,2023,1524614,2023/04/14 00:00:00+00,Abril,14,Viernes,1899/12/30 00:00:00+00,07:45:00,7,REGION METROPOLITANA,LAS CONDES,VOLCADURA,VOLCADURA,URBANA,TRAMO DE VIA RECTA,IMPRUDENCIA DEL CONDUCTOR,CONDUCCION NO ATENTO CONDICIONES TRANSITO MOMENTO,LOS DOMINICOS,PATAGONIA,LOS DOMINICOS - PATAGONIA,0, , ,BIDIRECCIONAL,ASFALTO,BUENO,SECO,DESPEJADO,0,0,0,1,13,131,13114,Metropolitana de Santiago,Santiago,Las Condes,Interseccion,"LOS DOMINICOS & PATAGONIA, Las Condes",-33.409374,-70.543851
-7876521.70132573,-3951123.99087097,2209,2023,1525306,2023/04/14 00:00:00+00,Abril,14,Viernes,1899/12/30 00:00:00+00,08:20:00,8,REGION METROPOLITANA,CERRO NAVIA,COLISION FRONTAL,COLISION,URBANA,CRUCE CON SEÑAL CEDA EL PASO,IMPRUDENCIA DEL CONDUCTOR,CONDUCCION NO ATENTO CONDICIONES TRANSITO MOMENTO,SERRANO,RIO DOURO,RIO DOURO - SERRANO,0, , ,BIDIRECCIONAL,ASFALTO,BUENO,SECO,DESPEJADO,0,0,0,1,13,131,13103,Metropolitana de Santiago,Santiago,Cerro Navia,Interseccion,"RIO DOURO & SERRANO, Cerro Navia",-33.419538,-70.755998
-7857265.28845399,-3960929.66207764,2210,2023,1526420,2023/04/14 00:00:00+00,Abril,14,Viernes,1899/12/30 00:00:00+00,08:40:00,8,REGION METROPOLITANA,MACUL,COLISION POR ALCANCE,COLISION,URBANA,TRAMO DE VIA RECTA,IMPRUDENCIA DEL CONDUCTOR,CONDUCCION SIN MANTENER DISTANCIA RAZONABLE NI PRUDENTE,AMERICO VESPUCIO,TERCERA TRANSVERSAL,AMERICO VESPUCIO - TERCERA TRANSVERSAL,0, , ,UNIDIRECCIONAL,CONCRETO,BUENO,SECO,DESPEJADO,0,0,0,0,13,131,13118,Metropolitana de Santiago,Santiago,Macul,Interseccion,"AMERICO VESPUCIO & TERCERA TRANSVERSAL, Macul",-33.493029,-70.583015
-7835055.82553747,-2709552.52795702,2211,2023,1524511,2023/04/14 00:00:00+00,Abril,14,Viernes,1899/12/30 00:00:00+00,09:15:00,9,REGION ANTOFAGASTA,ANTOFAGASTA,COLISION POR ALCANCE,COLISION,URBANA,CRUCE CON SEÑAL CEDA EL PASO,IMPRUDENCIA DEL CONDUCTOR,NO RESPETAR DERECHO PREFERENTE DE PASO A VEHICULO,BUENOS AIRES,LA CALERA,BUENOS AIRES - LA CALERA,0, , ,BIDIRECCIONAL,ASFALTO,BUENO,SECO,DESPEJADO,0,1,0,0,02,021,02101,Antofagasta,Antofagasta,Antofagasta,Interseccion,"BUENOS AIRES & LA CALERA, Antofagasta",-23.639597,-70.383504
-8121794.68500424,-5082236.44861361,2212,2023,1524268,2023/04/14 00:00:00+00,Abril,14,Viernes,1899/12/30 00:00:00+00,09:40:00,9,REGION LOS LAGOS,PUERTO MONTT,VOLCADURA,VOLCADURA,URBANA,OTROS NO CONSIDERADOS,VELOCIDAD IMPRUDENTE,VELOCIDAD NO RAZONABLE NI PRUDENTE,ELEUTERIO RAMIREZ,BELLAVISTA,BELLAVISTA - ELEUTERIO RAMIREZ,0, , ,BIDIRECCIONAL,CONCRETO,BUENO,SECO,NUBLADO,0,1,0,0,10,101,10101,Los Lagos,Llanquihue,Puerto Montt,Interseccion,"BELLAVISTA & ELEUTERIO RAMIREZ, Puerto Montt",-41.472159,-72.959323
-7866471.18770361,-3955105.08082056,2213,2023,1526531,2023/04/14 00:00:00+00,Abril,14,Viernes,1899/12/30 00:00:00+00,10:20:00,10,REGION METROPOLITANA,SANTIAGO,VOLCADURA,VOLCADURA,URBANA,CRUCE CON SEÑAL CEDA EL PASO,DESOBEDIENCIA A SEÑALIZACION,SEÑALIZACION DESOBEDECER SEÑAL CEDA EL PASO,SALVADOR SANFUENTES,ABDON CIFUENTES,ABDON CIFUENTES - SALVADOR SANFUENTES,0, , ,UNIDIRECCIONAL,CONCRETO,BUENO,SECO,DESPEJADO,0,0,0,0,13,131,13101,Metropolitana de Santiago,Santiago,Santiago,Interseccion,"ABDON CIFUENTES & SALVADOR SANFUENTES, Santiago",-33.449383,-70.665713
-7866053.61329891,-3951741.37795714,2214,2023,1524016,2023/04/14 00:00:00+00,Abril,14,Viernes,1899/12/30 00:00:00+00,12:10:00,12,REGION METROPOLITANA,INDEPENDENCIA,COLISION PERPENDICULAR,COLISION,URBANA,CRUCE CON SEÑAL PARE,DESOBEDIENCIA A SEÑALIZACION,SEÑALIZACION DESOBEDECER SEÑAL PARE,FERMIN VIVACETA,RETIRO,FERMIN VIVACETA - RETIRO,0, , ,BIDIRECCIONAL,ASFALTO,REGULAR,SECO,DESPEJADO,0,0,0,1,13,131,13108,Metropolitana de Santiago,Santiago,Independencia,Interseccion,"FERMIN VIVACETA & RETIRO, Independencia",-33.424167,-70.661962
-7927831.12557223,-3867864.01867084,2215,2023,1523784,2023/04/14 00:00:00+00,Abril,14,Viernes,1899/12/30 00:00:00+00,14:10:00,14,REGION VALPARAISO,CALERA,VOLCADURA,VOLCADURA,URBANA,TRAMO DE VIA RECTA,DEFICIENCIAS VIALES,ANIMALES SUELTOS VIA PUBLICA,CHAÑARAL,LIBERTAD,CHAÑARAL - LIBERTAD,0, , ,BIDIRECCIONAL,CONCRETO,REGULAR,SECO,DESPEJADO,0,1,0,0,05,055,05502,Valparaíso,Quillota,Calera,Interseccion,"CHAÑARAL & LIBERTAD, Calera",-32.793028,-71.216919
-7854109.71484847,-3946526.74966096,2216,2023,1524733,2023/04/14 00:00:00+00,Abril,14,Viernes,1899/12/30 00:00:00+00,14:45:00,14,REGION METROPOLITANA,VITACURA,COLISION LATERAL,COLISION,URBANA,TRAMO DE VIA RECTA,VELOCIDAD IMPRUDENTE,VELOCIDAD MAYOR QUE MAXIMA PERMITIDA,VITACURA,MONTE OLIMPO,MONTE OLIMPO - VITACURA,0, , ,BIDIRECCIONAL CON BANDEJON,ASFALTO,BUENO,SECO,DESPEJADO,0,0,0,1,13,131,13132,Metropolitana de Santiago,Santiago,Vitacura,Interseccion,"MONTE OLIMPO & VITACURA, Vitacura",-33.385062,-70.554668
-7874572.01836813,-3959468.50360368,2217,2023,1526010,2023/04/14 00:00:00+00,Abril,14,Viernes,1899/12/30 00:00:00+00,14:50:00,14,REGION METROPOLITANA,MAIPU,COLISION LATERAL,COLISION,URBANA,TRAMO DE VIA RECTA,VELOCIDAD IMPRUDENTE,VELOCIDAD NO RAZONABLE NI PRUDENTE,EL CHERCAN,STA ROSA,EL CHERCAN - STA ROSA,0, , ,UNIDIRECCIONAL,ASFALTO,BUENO,SECO,DESPEJADO,0,0,0,0,13,131,13119,Metropolitana de Santiago,Santiago,Maipú,Interseccion,"EL CHERCAN & STA ROSA, Maipú",-33.482082,-70.738484
-8141517.3818048,-4949976.13705495,2218,2023,1524257,2023/04/14 00:00:00+00,Abril,14,Viernes,1899/12/30 00:00:00+00,17:45:00,17,REGION LOS LAGOS,OSORNO,CHOQUE FRENTE/POSTERIOR,CHOQUE,URBANA,CRUCE CON SEMAFORO FUNCIONANDO,DROGAS Y/O FATIGA EN CONDUCTOR,"CONDICIONES FISICAS DEFICIENTES (CANSANCIO, SUEÑO)",BERNARDO O'HIGGINS,FRANCISCO BILBAO,BERNARDO O'HIGGINS - FRANCISCO BILBAO,0, , ,UNIDIRECCIONAL,CONCRETO,BUENO,SECO,DESPEJADO,0,0,0,1,10,103,10301,Los Lagos,Osorno,Osorno,Interseccion,"BERNARDO O'HIGGINS & FRANCISCO BILBAO, Osorno",-40.575827,-73.136495
-7848082.87761693,-3942648.773762,2219,2023,1530877,2023/04/14 00:00:00+00,Abril,14,Viernes,1899/12/30 00:00:00+00,18:08:00,18,REGION METROPOLITANA,LO BARNECHEA,VOLCADURA,VOLCADURA,URBANA,TRAMO DE VIA RECTA,IMPRUDENCIA DEL CONDUCTOR,CONDUCCION NO ATENTO CONDICIONES TRANSITO MOMENTO,CAMINO CERRO 18,CAMINO CIRCUNVALACION SUR,CAMINO CERRO 18 - CAMINO CIRCUNVALACION SUR,0, , ,BIDIRECCIONAL,CONCRETO,BUENO,CON ACEITE,DESPEJADO,0,0,0,1,13,131,13115,Metropolitana de Santiago,Santiago,Lo Barnechea,Interseccion,"CAMINO CERRO 18 & CAMINO CIRCUNVALACION SUR, Lo Barnechea",-33.355969,-70.500528
-7973722.28506686,-3900400.30487024,2220,2023,1523755,2023/04/14 00:00:00+00,Abril,14,Viernes,1899/12/30 00:00:00+00,22:40:00,22,REGION VALPARAISO,VALPARAISO,COLISION,COLISION,URBANA,CRUCE CON SEÑAL PARE,DESOBEDIENCIA A SEÑALIZACION,SEÑALIZACION DESOBEDECER SEÑAL PARE,COCHRANE,SOTOMAYOR,COCHRANE - SOTOMAYOR,0, , ,BIDIRECCIONAL CON BANDEJON,CONCRETO,BUENO,SECO,DESPEJADO,0,0,0,1,05,051,05101,Valparaíso,Valparaíso,Valparaíso,Interseccion,"COCHRANE & SOTOMAYOR, Valparaíso",-33.038387,-71.629166
-7874375.76210586,-4048994.01006498,2221,2023,1524802,2023/04/14 00:00:00+00,Abril,14,Viernes,1899/12/30 00:00:00+00,22:50:00,22,REGION LIB.B.O'HIGGINS,RANCAGUA,COLISION FRONTAL,COLISION,URBANA,CRUCE CON SEMAFORO FUNCIONANDO,IMPRUDENCIA DEL CONDUCTOR,NO RESPETAR DERECHO PREFERENTE DE PASO A VEHICULO,RECREO,LOS ALPES,LOS ALPES - RECREO,0, , ,BIDIRECCIONAL,CONCRETO,BUENO,SECO,DESPEJADO,0,1,0,0,06,061,06101,Libertador General Bernardo O'Higgins,Cachapoal,Rancagua,Interseccion,"LOS ALPES & RECREO, Rancagua",-34.150244,-70.736721
-7866919.47129304,-3969559.29693674,2222,2023,1523844,2023/04/14 00:00:00+00,Abril,14,Viernes,1899/12/30 00:00:00+00,22:55:00,22,REGION METROPOLITANA,EL BOSQUE,COLISION LATERAL,COLISION,URBANA,CRUCE CON SEÑAL PARE,DESOBEDIENCIA A SEÑALIZACION,SEÑALIZACION DESOBEDECER SEÑAL PARE,LOS MORROS,JORGE LUCO,JORGE LUCO - LOS MORROS,0, , ,BIDIRECCIONAL CON BANDEJON,ASFALTO,REGULAR,SECO,DESPEJADO,1,0,0,0,13,131,13105,Metropolitana de Santiago,Santiago,El Bosque,Interseccion,"JORGE LUCO & LOS MORROS, El Bosque",-33.557654,-70.66974
-7836493.21624296,-2708212.18530148,2223,2023,1524011,2023/04/15 00:00:00+00,Abril,15,Sábado,1899/12/30 00:00:00+00,00:30:00,0,REGION ANTOFAGASTA,ANTOFAGASTA,VOLCADURA,VOLCADURA,URBANA,TRAMO DE VIA RECTA,ALCOHOL EN CONDUCTOR,CONDUCCION BAJO LA INFLUENCIA DEL ALCOHOL,EDMUNDO PEREZ ZUJOVIC,SALVADOR ALLENDE,EDMUNDO PEREZ ZUJOVIC - SALVADOR ALLENDE,0, , ,BIDIRECCIONAL,ASFALTO,BUENO,SECO,DESPEJADO,0,1,1,0,02,021,02101,Antofagasta,Antofagasta,Antofagasta,Interseccion,"EDMUNDO PEREZ ZUJOVIC & SALVADOR ALLENDE, Antofagasta",-23.628566,-70.396416
-8063328.68650853,-4654667.16791185,2224,2023,1524586,2023/04/15 00:00:00+00,Abril,15,Sábado,1899/12/30 00:00:00+00,00:30:00,0,REGION ARAUCANIA,LAUTARO,COLISION POR ALCANCE,COLISION,URBANA,CRUCE CON SEÑAL PARE,DESOBEDIENCIA A SEÑALIZACION,SEÑALIZACION DESOBEDECER SEÑAL PARE,BERNARDO O'HIGGINS,MANUEL MONTT,BERNARDO O'HIGGINS - MANUEL MONTT,0, , ,UNIDIRECCIONAL,CONCRETO,BUENO,SECO,DESPEJADO,0,0,0,1,09,091,09108,La Araucanía,Cautín,Lautaro,Interseccion,"BERNARDO O'HIGGINS & MANUEL MONTT, Lautaro",-38.530683,-72.434114
-7870774.24262023,-3951766.53705306,2225,2023,1529041,2023/04/15 00:00:00+00,Abril,15,Sábado,1899/12/30 00:00:00+00,00:50:00,0,REGION METROPOLITANA,QUINTA NORMAL,COLISION LATERAL,COLISION,URBANA,CRUCE CON SEÑAL PARE,DESOBEDIENCIA A SEÑALIZACION,SEÑALIZACION DESOBEDECER SEÑAL PARE,SALVADOR GUTIERREZ,SALTA,SALTA - SALVADOR GUTIERREZ,0, , ,BIDIRECCIONAL,CONCRETO,REGULAR,SECO,DESPEJADO,0,0,1,0,13,131,13126,Metropolitana de Santiago,Santiago,Quinta Normal,Interseccion,"SALTA & SALVADOR GUTIERREZ, Quinta Normal",-33.424356,-70.704368
-7879821.62291496,-3964136.52942754,2226,2023,1529701,2023/04/15 00:00:00+00,Abril,15,Sábado,1899/12/30 00:00:00+00,01:00:00,1,REGION METROPOLITANA,MAIPU,COLISION LATERAL,COLISION,URBANA,CRUCE CON SEÑAL PARE,DESOBEDIENCIA A SEÑALIZACION,SEÑALIZACION DESOBEDECER SEÑAL PARE,LAS NACIONES,SAN JOSE,LAS NACIONES - SAN JOSE,0, , ,BIDIRECCIONAL CON BANDEJON,ASFALTO,REGULAR,SECO,DESPEJADO,0,0,0,1,13,131,13119,Metropolitana de Santiago,Santiago,Maipú,Interseccion,"LAS NACIONES & SAN JOSE, Maipú",-33.51705,-70.785642
-8136352.23387508,-4408733.02560576,2227,2023,1524203,2023/04/15 00:00:00+00,Abril,15,Sábado,1899/12/30 00:00:00+00,11:00:00,11,REGION BIO BIO,TALCAHUANO,COLISION,COLISION,URBANA,CRUCE CON SEÑAL CEDA EL PASO,IMPRUDENCIA DEL CONDUCTOR,VIRAJES INDEBIDOS,LAS GOLONDRINAS,2 PONIENTE,2 PONIENTE - LAS GOLONDRINAS,0, , ,BIDIRECCIONAL CON BANDEJON,CONCRETO,BUENO,SECO,DESPEJADO,0,0,0,1,08,081,08110,Biobío,Concepción,Talcahuano,Interseccion,"2 PONIENTE & LAS GOLONDRINAS, Talcahuano",-36.781779,-73.090096
-7940456.15842037,-3498840.69940623,2228,2023,1523752,2023/04/15 00:00:00+00,Abril,15,Sábado,1899/12/30 00:00:00+00,12:30:00,12,REGION COQUIMBO,COQUIMBO,COLISION PERPENDICULAR,COLISION,URBANA,CRUCE SIN SEÑALIZACION,IMPRUDENCIA DEL CONDUCTOR,"ADELANTAMIENTO EN CRUCE, CURVA, CUESTA, PUENTE",BAQUEDANO,DOMEYKO,BAQUEDANO - DOMEYKO,0, , ,BIDIRECCIONAL,ASFALTO,BUENO,SECO,DESPEJADO,0,0,0,1,04,041,04102,Coquimbo,Elqui,Coquimbo,Interseccion,"BAQUEDANO & DOMEYKO, Coquimbo",-29.963358,-71.330331
-8091811.78201222,-4552310.00682865,2229,2023,1524006,2023/04/15 00:00:00+00,Abril,15,Sábado,1899/12/30 00:00:00+00,14:05:00,14,REGION ARAUCANIA,ANGOL,COLISION LATERAL,COLISION,URBANA,CRUCE CON SEMAFORO FUNCIONANDO,DESOBEDIENCIA A SEÑALIZACION,SEÑALIZACION DESOBEDECER LUZ ROJA DE SEMAFORO,FRANCISCO BILBAO,BERNARDO O'HIGGINS,BERNARDO O'HIGGINS - FRANCISCO BILBAO,0, , ,BIDIRECCIONAL,CONCRETO,BUENO,SECO,DESPEJADO,0,0,0,1,09,092,09201,La Araucanía,Malleco,Angol,Interseccion,"BERNARDO O'HIGGINS & FRANCISCO BILBAO, Angol",-37.807801,-72.689982
-8083219.91045394,-4683443.69652049,2230,2023,1524863,2023/04/15 00:00:00+00,Abril,15,Sábado,1899/12/30 00:00:00+00,20:00:00,20,REGION ARAUCANIA,TEMUCO,COLISION LATERAL,COLISION,URBANA,TRAMO DE VIA RECTA,IMPRUDENCIA DEL CONDUCTOR,CONDUCCION NO ATENTO CONDICIONES TRANSITO MOMENTO,PRINCIPE DE GALES,HOCHSTETTER,HOCHSTETTER - PRINCIPE DE GALES,0, , ,UNIDIRECCIONAL,CONCRETO,BUENO,SECO,DESPEJADO,0,0,1,0,09,091,09101,La Araucanía,Cautín,Temuco,Interseccion,"HOCHSTETTER & PRINCIPE DE GALES, Temuco",-38.73262,-72.6128
-7942469.38258784,-3498328.26585123,2231,2023,1525034,2023/04/15 00:00:00+00,Abril,15,Sábado,1899/12/30 00:00:00+00,20:00:00,20,REGION COQUIMBO,COQUIMBO,CHOQUE LADO/LADO,CHOQUE,URBANA,CRUCE SIN SEÑALIZACION,ALCOHOL EN CONDUCTOR,CONDUCCION EN ESTADO DE EBRIEDAD,BUEN PASTOR,ARTURO GODOY,ARTURO GODOY - BUEN PASTOR,0, , ,UNIDIRECCIONAL,ASFALTO,BUENO,SECO,DESPEJADO,0,0,0,0,04,041,04102,Coquimbo,Elqui,Coquimbo,Interseccion,"ARTURO GODOY & BUEN PASTOR, Coquimbo",-29.95937,-71.348416
-7862952.93519709,-3967486.39424888,2232,2023,1526016,2023/04/15 00:00:00+00,Abril,15,Sábado,1899/12/30 00:00:00+00,20:15:00,20,REGION METROPOLITANA,LA GRANJA,COLISION LATERAL,COLISION,URBANA,TRAMO DE VIA RECTA,IMPRUDENCIA DEL CONDUCTOR,CONDUCCION NO ATENTO CONDICIONES TRANSITO MOMENTO,AMERICO VESPUCIO,STA ROSA,AMERICO VESPUCIO - STA ROSA,0, , ,BIDIRECCIONAL CON BANDEJON,ASFALTO,BUENO,SECO,DESPEJADO,0,0,0,0,13,131,13111,Metropolitana de Santiago,Santiago,La Granja,Interseccion,"AMERICO VESPUCIO & STA ROSA, La Granja",-33.542135,-70.634108
-7881081.87087023,-3964043.86609455,2233,2023,1529710,2023/04/15 00:00:00+00,Abril,15,Sábado,1899/12/30 00:00:00+00,20:30:00,20,REGION METROPOLITANA,MAIPU,COLISION LATERAL,COLISION,URBANA,CRUCE CON SEÑAL PARE,IMPRUDENCIA DEL CONDUCTOR,CONDUCCION NO ATENTO CONDICIONES TRANSITO MOMENTO,LAS TINAJAS,EL CONQUISTADOR,EL CONQUISTADOR - LAS TINAJAS,0, , ,BIDIRECCIONAL,ASFALTO,BUENO,SECO,DESPEJADO,0,0,0,1,13,131,13119,Metropolitana de Santiago,Santiago,Maipú,Interseccion,"EL CONQUISTADOR & LAS TINAJAS, Maipú",-33.516356,-70.796963
-7970898.00938676,-3901434.23526262,2234,2023,1523761,2023/04/15 00:00:00+00,Abril,15,Sábado,1899/12/30 00:00:00+00,20:30:00,20,REGION VALPARAISO,VALPARAISO,COLISION,COLISION,URBANA,TRAMO DE VIA RECTA,IMPRUDENCIA DEL CONDUCTOR,CONDUCCION NO ATENTO CONDICIONES TRANSITO MOMENTO,QUITO,PRIETO,PRIETO - QUITO,0, , ,UNIDIRECCIONAL,CONCRETO,BUENO,SECO,DESPEJADO,0,0,0,0,05,051,05101,Valparaíso,Valparaíso,Valparaíso,Interseccion,"PRIETO & QUITO, Valparaíso",-33.046173,-71.603795
-7976209.49644966,-4219060.51335185,2235,2023,1524410,2023/04/15 00:00:00+00,Abril,15,Sábado,1899/12/30 00:00:00+00,20:40:00,20,REGION MAULE,TALCA,COLISION POR ALCANCE,COLISION,URBANA,CRUCE CON SEMAFORO FUNCIONANDO,IMPRUDENCIA DEL CONDUCTOR,CONDUCCION NO ATENTO CONDICIONES TRANSITO MOMENTO,CIRCUNVALACION,5 1/2 ORIENTE C,5 1/2 ORIENTE C - CIRCUNVALACION,0, , ,BIDIRECCIONAL,CONCRETO,BUENO,SECO,DESPEJADO,0,0,0,1,07,071,07101,Maule,Talca,Talca,Interseccion,"5 1/2 ORIENTE C & CIRCUNVALACION, Talca",-35.405032,-71.651509
-7854753.03018577,-3950803.18459814,2236,2023,1525381,2023/04/16 00:00:00+00,Abril,16,Domingo,1899/12/30 00:00:00+00,03:00:00,3,REGION METROPOLITANA,LAS CONDES,COLISION POR ALCANCE,COLISION,URBANA,CRUCE CON SEMAFORO FUNCIONANDO,IMPRUDENCIA DEL CONDUCTOR,CONDUCCION SIN MANTENER DISTANCIA RAZONABLE NI PRUDENTE,CRISTOBAL COLON,HERNANDO DE MAGALLANES,CRISTOBAL COLON - HERNANDO DE MAGALLANES,0, , ,BIDIRECCIONAL,ASFALTO,BUENO,SECO,DESPEJADO,0,0,0,1,13,131,13114,Metropolitana de Santiago,Santiago,Las Condes,Interseccion,"CRISTOBAL COLON & HERNANDO DE MAGALLANES, Las Condes",-33.417133,-70.560447
-7863260.62226964,-3945086.73660339,2237,2023,1526473,2023/04/16 00:00:00+00,Abril,16,Domingo,1899/12/30 00:00:00+00,04:55:00,4,REGION METROPOLITANA,HUECHURABA,CHOQUE POSTERIOR/POSTERIOR,CHOQUE,URBANA,TRAMO DE VIA RECTA,ALCOHOL EN CONDUCTOR,CONDUCCION EN ESTADO DE EBRIEDAD,CAMINO AL BOSQUE DE SANTIAGO,RECOLETA,CAMINO AL BOSQUE DE SANTIAGO - RECOLETA,0, , ,BIDIRECCIONAL,ASFALTO,BUENO,SECO,DESPEJADO,0,1,0,0,13,131,13107,Metropolitana de Santiago,Santiago,Huechuraba,Interseccion,"CAMINO AL BOSQUE DE SANTIAGO & RECOLETA, Huechuraba",-33.37426,-70.636872
-7867505.01181461,-3956614.25805379,2238,2023,1527191,2023/04/16 00:00:00+00,Abril,16,Domingo,1899/12/30 00:00:00+00,06:00:00,6,REGION METROPOLITANA,SANTIAGO,COLISION,COLISION,URBANA,TRAMO DE VIA RECTA,IMPRUDENCIA DEL CONDUCTOR,CONDUCCION NO ATENTO CONDICIONES TRANSITO MOMENTO,MAQUINISTA ESCOBAR,RICARDO CUMMING,MAQUINISTA ESCOBAR - RICARDO CUMMING,0, , ,UNIDIRECCIONAL,CONCRETO,BUENO,SECO,DESPEJADO,0,0,0,0,13,131,13101,Metropolitana de Santiago,Santiago,Santiago,Interseccion,"MAQUINISTA ESCOBAR & RICARDO CUMMING, Santiago",-33.460694,-70.675
-8011545.97637064,-4359393.46443692,2239,2023,1527866,2023/04/16 00:00:00+00,Abril,16,Domingo,1899/12/30 00:00:00+00,08:30:00,8,REGION ÑUBLE,SAN CARLOS,COLISION LATERAL,COLISION,URBANA,TRAMO DE VIA RECTA,DESOBEDIENCIA A SEÑALIZACION,SEÑALIZACION DESOBEDECER SEÑAL CEDA EL PASO,CHACABUCO,ARTURO PRAT,ARTURO PRAT - CHACABUCO,0, , ,UNIDIRECCIONAL,CONCRETO,BUENO,SECO,DESPEJADO,0,0,0,1,16,163,16301,Ñuble,Punilla,San Carlos,Interseccion,"ARTURO PRAT & CHACABUCO, San Carlos",-36.425969,-71.968942
-7871672.47959144,-4052267.47508721,2240,2023,1523928,2023/04/16 00:00:00+00,Abril,16,Domingo,1899/12/30 00:00:00+00,10:50:00,10,REGION LIB.B.O'HIGGINS,RANCAGUA,VOLCADURA,VOLCADURA,URBANA,CRUCE CON SEMAFORO FUNCIONANDO,DEFICIENCIAS VIALES,ANIMALES SUELTOS VIA PUBLICA,MIGUEL RAMIREZ,BOMBERO VILLALOBOS,BOMBERO VILLALOBOS - MIGUEL RAMIREZ,0, , ,BIDIRECCIONAL CON BANDEJON,CONCRETO,BUENO,SECO,DESPEJADO,0,0,0,1,06,061,06101,Libertador General Bernardo O'Higgins,Cachapoal,Rancagua,Interseccion,"BOMBERO VILLALOBOS & MIGUEL RAMIREZ, Rancagua",-34.174576,-70.712437
-7941805.0835488,-3498390.64697755,2241,2023,1525039,2023/04/16 00:00:00+00,Abril,16,Domingo,1899/12/30 00:00:00+00,13:30:00,13,REGION COQUIMBO,COQUIMBO,COLISION POR ALCANCE,COLISION,URBANA,CRUCE SIN SEÑALIZACION,IMPRUDENCIA DEL CONDUCTOR,"ADELANTAMIENTO EN CRUCE, CURVA, CUESTA, PUENTE",LARRONDO,PEDRO MONTT,LARRONDO - PEDRO MONTT,0, , ,UNIDIRECCIONAL,ASFALTO,BUENO,SECO,DESPEJADO,0,1,0,0,04,041,04102,Coquimbo,Elqui,Coquimbo,Interseccion,"LARRONDO & PEDRO MONTT, Coquimbo",-29.959855,-71.342449
-7858478.22562567,-3963153.32124121,2242,2023,1526406,2023/04/16 00:00:00+00,Abril,16,Domingo,1899/12/30 00:00:00+00,13:40:00,13,REGION METROPOLITANA,LA FLORIDA,COLISION LATERAL,COLISION,URBANA,CRUCE CON SEMAFORO FUNCIONANDO,IMPRUDENCIA DEL CONDUCTOR,CONDUCCION NO ATENTO CONDICIONES TRANSITO MOMENTO,DEPARTAMENTAL,NVA 1,DEPARTAMENTAL - NVA 1,0, , ,BIDIRECCIONAL CON BANDEJON,CONCRETO,BUENO,SECO,DESPEJADO,0,0,0,1,13,131,13110,Metropolitana de Santiago,Santiago,La Florida,Interseccion,"DEPARTAMENTAL & NVA 1, La Florida",-33.509686,-70.593911