X,Y,FID,Año,IdAccident,Fecha,Mes,Dia_mes,Dia_semana,Hora,Hora_texto,Hora_aprox,Región,Comuna,Tipo_Accid,Tipo__CONA,Zona,Ubicación,Causa__CON,Causa_Acci,Calle_Uno,Calle_Dos,Intersecci,Número,Ruta,Ubicaci_1,Calzada,Tipo_Calza,Estado_Cal,Condición,Estado_Atm,Fallecidos,Graves,Menos_Grav,Leves,CUT_REG,CUT_PROV,CUT_COM,REGION,PROVINCIA,COMUNA1,Tipo_direc,Direccion,Lat,Lon
-7865876.0514308,-3962124.58056131,2243,2023,1525800,2023/04/16 00:00:00+00,Abril,16,Domingo,1899/12/30 00:00:00+00,13:43:00,13,REGION METROPOLITANA,SAN MIGUEL,COLISION LATERAL,COLISION,URBANA,TRAMO DE VIA RECTA,IMPRUDENCIA DEL CONDUCTOR,CONDUCCION NO ATENTO CONDICIONES TRANSITO MOMENTO,DEPARTAMENTAL,TERCERA TRANSVERSAL,DEPARTAMENTAL - TERCERA TRANSVERSAL,0, , ,BIDIRECCIONAL,CONCRETO,BUENO,SECO,DESPEJADO,0,0,0,0,13,131,13130,Metropolitana de Santiago,Santiago,San Miguel,Interseccion,"DEPARTAMENTAL & TERCERA TRANSVERSAL, San Miguel",-33.50198,-70.660367
-7944623.92672643,-3902373.87953454,2244,2023,1525255,2023/04/16 00:00:00+00,Abril,16,Domingo,1899/12/30 00:00:00+00,16:20:00,16,REGION VALPARAISO,VILLA ALEMANA,COLISION,COLISION,URBANA,CRUCE SIN SEÑALIZACION,IMPRUDENCIA DEL CONDUCTOR,CONDUCCION NO ATENTO CONDICIONES TRANSITO MOMENTO,AVIADOR FIGUEROA,BARCELONA,AVIADOR FIGUEROA - BARCELONA,0, , ,BIDIRECCIONAL,ASFALTO,BUENO,SECO,DESPEJADO,0,1,0,0,05,058,05804,Valparaíso,Marga Marga,Villa Alemana,Interseccion,"AVIADOR FIGUEROA & BARCELONA, Villa Alemana",-33.053248,-71.367771
-7861225.81329743,-3960078.06466685,2245,2023,1525390,2023/04/16 00:00:00+00,Abril,16,Domingo,1899/12/30 00:00:00+00,16:30:00,16,REGION METROPOLITANA,MACUL,COLISION POR ALCANCE,COLISION,URBANA,CRUCE CON SEMAFORO FUNCIONANDO,IMPRUDENCIA DEL CONDUCTOR,CONDUCCION NO ATENTO CONDICIONES TRANSITO MOMENTO,VICUÑA MACKENNA,QUILIN,QUILIN - VICUÑA MACKENNA,0, , ,BIDIRECCIONAL CON BANDEJON,CONCRETO,BUENO,SECO,DESPEJADO,0,0,0,0,13,131,13118,Metropolitana de Santiago,Santiago,Macul,Interseccion,"QUILIN & VICUÑA MACKENNA, Macul",-33.486649,-70.618593
-7672793.05147939,-2563636.08586987,2246,2023,1531797,2023/04/16 00:00:00+00,Abril,16,Domingo,1899/12/30 00:00:00+00,18:30:00,18,REGION ANTOFAGASTA,CALAMA,COLISION,COLISION,URBANA,CRUCE CON SEMAFORO FUNCIONANDO,IMPRUDENCIA DEL CONDUCTOR,CONDUCCION NO ATENTO CONDICIONES TRANSITO MOMENTO,HUAYTIQUINA,GRANADEROS,GRANADEROS - HUAYTIQUINA,0, , ,BIDIRECCIONAL,ASFALTO,BUENO,SECO,DESPEJADO,0,0,0,1,02,022,02201,Antofagasta,El Loa,Calama,Interseccion,"GRANADEROS & HUAYTIQUINA, Calama",-22.433365,-68.925873
-7941747.17512743,-3498209.09356325,2247,2023,1525038,2023/04/16 00:00:00+00,Abril,16,Domingo,1899/12/30 00:00:00+00,18:45:00,18,REGION COQUIMBO,COQUIMBO,COLISION PERPENDICULAR,COLISION,URBANA,CRUCE CON SEÑAL PARE,DESOBEDIENCIA A SEÑALIZACION,SEÑALIZACION DESOBEDECER SEÑAL PARE,JAVIERA CARRERA,HENRIQUEZ,HENRIQUEZ - JAVIERA CARRERA,0, , ,UNIDIRECCIONAL,ASFALTO,BUENO,SECO,DESPEJADO,0,1,0,0,04,041,04102,Coquimbo,Elqui,Coquimbo,Interseccion,"HENRIQUEZ & JAVIERA CARRERA, Coquimbo",-29.958442,-71.341929
-7947682.87510299,-3903058.81867571,2248,2023,1524674,2023/04/16 00:00:00+00,Abril,16,Domingo,1899/12/30 00:00:00+00,19:20:00,19,REGION VALPARAISO,QUILPUE,CHOQUE POSTERIOR/POSTERIOR,CHOQUE,URBANA,CRUCE CON SEMAFORO FUNCIONANDO,IMPRUDENCIA DEL CONDUCTOR,CONDUCCION NO ATENTO CONDICIONES TRANSITO MOMENTO,ALCALDE ALEJANDRO PERALTA,TRONCOS VIEJOS,ALCALDE ALEJANDRO PERALTA - TRONCOS VIEJOS,0, , ,BIDIRECCIONAL,CONCRETO,BUENO,SECO,DESPEJADO,0,0,0,0,05,058,05801,Valparaíso,Marga Marga,Quilpué,Interseccion,"ALCALDE ALEJANDRO PERALTA & TRONCOS VIEJOS, Quilpué",-33.058405,-71.39525
-7862899.613161,-3949347.03801505,2249,2023,1524907,2023/04/16 00:00:00+00,Abril,16,Domingo,1899/12/30 00:00:00+00,19:30:00,19,REGION METROPOLITANA,RECOLETA,COLISION LATERAL,COLISION,URBANA,CRUCE CON SEMAFORO FUNCIONANDO,DESOBEDIENCIA A SEÑALIZACION,SEÑALIZACION DESOBEDECER LUZ ROJA DE SEMAFORO,EL SALTO,EINSTEIN,EINSTEIN - EL SALTO,0, , ,BIDIRECCIONAL,ASFALTO,BUENO,SECO,DESPEJADO,0,1,0,0,13,131,13127,Metropolitana de Santiago,Santiago,Recoleta,Interseccion,"EINSTEIN & EL SALTO, Recoleta",-33.406214,-70.633629
-7964165.06149317,-3899094.21810949,2250,2023,1528887,2023/04/16 00:00:00+00,Abril,16,Domingo,1899/12/30 00:00:00+00,23:50:00,23,REGION VALPARAISO,VIÑA DEL MAR,COLISION,COLISION,URBANA,TRAMO DE VIA RECTA,IMPRUDENCIA DEL CONDUCTOR,CONDUCCION NO ATENTO CONDICIONES TRANSITO MOMENTO,ALVAREZ,SIMON BOLIVAR,ALVAREZ - SIMON BOLIVAR,0, , ,BIDIRECCIONAL,ASFALTO,BUENO,SECO,DESPEJADO,0,1,0,0,05,051,05109,Valparaíso,Valparaíso,Viña del Mar,Interseccion,"ALVAREZ & SIMON BOLIVAR, Viña del Mar",-33.028551,-71.543312
-7931173.04801646,-3491992.93182584,2251,2023,1524230,2023/04/17 00:00:00+00,Abril,17,Lunes,1899/12/30 00:00:00+00,08:10:00,8,REGION COQUIMBO,LA SERENA,COLISION LATERAL,COLISION,URBANA,TRAMO DE VIA RECTA,IMPRUDENCIA DEL CONDUCTOR,CONDUCCION SIN MANTENER DISTANCIA RAZONABLE NI PRUDENTE,BENAVENTE,AMUNATEGUI,AMUNATEGUI - BENAVENTE,0, , ,UNIDIRECCIONAL,ASFALTO,BUENO,SECO,DESPEJADO,0,0,0,1,04,041,04101,Coquimbo,Elqui,La Serena,Interseccion,"AMUNATEGUI & BENAVENTE, La Serena",-29.910051,-71.24694
-7860897.08684112,-3967525.26025384,2252,2023,1525654,2023/04/17 00:00:00+00,Abril,17,Lunes,1899/12/30 00:00:00+00,09:40:00,9,REGION METROPOLITANA,LA GRANJA,COLISION LATERAL,COLISION,URBANA,CRUCE SIN SEÑALIZACION,IMPRUDENCIA DEL CONDUCTOR,NO RESPETAR DERECHO PREFERENTE DE PASO A VEHICULO,CORONEL,ESMERALDA,CORONEL - ESMERALDA,0, , ,BIDIRECCIONAL,ASFALTO,BUENO,SECO,DESPEJADO,0,1,0,0,13,131,13111,Metropolitana de Santiago,Santiago,La Granja,Interseccion,"CORONEL & ESMERALDA, La Granja",-33.542426,-70.61564
-7859929.60914664,-3961160.05799138,2253,2023,1526442,2023/04/17 00:00:00+00,Abril,17,Lunes,1899/12/30 00:00:00+00,11:38:00,11,REGION METROPOLITANA,MACUL,COLISION POR ALCANCE,COLISION,URBANA,CRUCE CON SEÑAL PARE,DESOBEDIENCIA A SEÑALIZACION,SEÑALIZACION DESOBEDECER SEÑAL PARE,PEDRO DE VALDIVIA,MONS CARLOS CASANUEVA,MONS CARLOS CASANUEVA - PEDRO DE VALDIVIA,0, , ,BIDIRECCIONAL,CONCRETO,BUENO,SECO,DESPEJADO,0,0,0,0,13,131,13118,Metropolitana de Santiago,Santiago,Macul,Interseccion,"MONS CARLOS CASANUEVA & PEDRO DE VALDIVIA, Macul",-33.494755,-70.606949
-7872795.06986439,-3861557.89917982,2254,2023,1525935,2023/04/17 00:00:00+00,Abril,17,Lunes,1899/12/30 00:00:00+00,13:00:00,13,REGION VALPARAISO,SAN FELIPE,COLISION,COLISION,URBANA,CRUCE CON SEÑAL PARE,DESOBEDIENCIA A SEÑALIZACION,SEÑALIZACION DESOBEDECER SEÑAL PARE,ABRAHAM AHUMADA,ARTEMON CIFUENTES,ABRAHAM AHUMADA - ARTEMON CIFUENTES,0, , ,BIDIRECCIONAL,CONCRETO,BUENO,SECO,DESPEJADO,0,1,0,0,05,057,05701,Valparaíso,San Felipe de Aconcagua,San Felipe,Interseccion,"ABRAHAM AHUMADA & ARTEMON CIFUENTES, San Felipe",-32.745395,-70.722521
-7903416.12294707,-4107996.02411092,2255,2023,1527944,2023/04/17 00:00:00+00,Abril,17,Lunes,1899/12/30 00:00:00+00,13:15:00,13,REGION LIB.B.O'HIGGINS,SAN FERNANDO,COLISION LATERAL,COLISION,URBANA,CRUCE CON SEÑAL PARE,DESOBEDIENCIA A SEÑALIZACION,SEÑALIZACION DESOBEDECER SEÑAL PARE,CURALI,JUAN JIMENEZ,CURALI - JUAN JIMENEZ,0, , ,BIDIRECCIONAL,ASFALTO,BUENO,SECO,DESPEJADO,0,0,0,0,06,063,06301,Libertador General Bernardo O'Higgins,Colchagua,San Fernando,Interseccion,"CURALI & JUAN JIMENEZ, San Fernando",-34.587734,-70.997595
-8082627.51508963,-4684510.19222655,2256,2023,1524550,2023/04/17 00:00:00+00,Abril,17,Lunes,1899/12/30 00:00:00+00,13:40:00,13,REGION ARAUCANIA,TEMUCO,VOLCADURA,VOLCADURA,URBANA,TRAMO DE VIA RECTA,VELOCIDAD IMPRUDENTE,VELOCIDAD NO RAZONABLE NI PRUDENTE,SAN MARTIN,DINAMARCA,DINAMARCA - SAN MARTIN,0, , ,UNIDIRECCIONAL,CONCRETO,BUENO,SECO,NUBLADO,0,1,0,0,09,091,09101,La Araucanía,Cautín,Temuco,Interseccion,"DINAMARCA & SAN MARTIN, Temuco",-38.740093,-72.607478
-7859039.94377622,-3959144.71655573,2257,2023,1526450,2023/04/17 00:00:00+00,Abril,17,Lunes,1899/12/30 00:00:00+00,14:50:00,14,REGION METROPOLITANA,MACUL,COLISION POR ALCANCE,COLISION,URBANA,TRAMO DE VIA RECTA,IMPRUDENCIA DEL CONDUCTOR,NO RESPETAR DERECHO PREFERENTE DE PASO A VEHICULO,MACUL,LOS OLMOS,LOS OLMOS - MACUL,0, , ,BIDIRECCIONAL,CONCRETO,BUENO,SECO,DESPEJADO,0,0,0,0,13,131,13118,Metropolitana de Santiago,Santiago,Macul,Interseccion,"LOS OLMOS & MACUL, Macul",-33.479656,-70.598957
-7861451.1239468,-3955656.50610087,2258,2023,1524812,2023/04/17 00:00:00+00,Abril,17,Lunes,1899/12/30 00:00:00+00,18:00:00,18,REGION METROPOLITANA,ÑUÑOA,COLISION POR ALCANCE,COLISION,URBANA,CRUCE CON SEMAFORO FUNCIONANDO,DESOBEDIENCIA A SEÑALIZACION,SEÑALIZACION DESOBEDECER LUZ INTERMITENTE SEMAFORO,IRARRAZAVAL,SALVADOR,IRARRAZAVAL - SALVADOR,0, , ,BIDIRECCIONAL,CONCRETO,BUENO,SECO,DESPEJADO,0,0,0,2,13,131,13120,Metropolitana de Santiago,Santiago,Ñuñoa,Interseccion,"IRARRAZAVAL & SALVADOR, Ñuñoa",-33.453516,-70.620617
-7866664.32702014,-3953079.58894576,2259,2023,1525018,2023/04/17 00:00:00+00,Abril,17,Lunes,1899/12/30 00:00:00+00,20:00:00,20,REGION METROPOLITANA,SANTIAGO,COLISION,COLISION,URBANA,TRAMO DE VIA RECTA,IMPRUDENCIA DEL CONDUCTOR,CONDUCCION NO ATENTO CONDICIONES TRANSITO MOMENTO,MATURANA,MARTINEZ DE ROZAS,MARTINEZ DE ROZAS - MATURANA,0, , ,UNIDIRECCIONAL,CONCRETO,BUENO,SECO,DESPEJADO,0,0,0,1,13,131,13101,Metropolitana de Santiago,Santiago,Santiago,Interseccion,"MARTINEZ DE ROZAS & MATURANA, Santiago",-33.4342,-70.667448
-8133009.67840143,-4415159.52377465,2260,2023,1525970,2023/04/17 00:00:00+00,Abril,17,Lunes,1899/12/30 00:00:00+00,21:25:00,21,REGION BIO BIO,CONCEPCION,COLISION LATERAL,COLISION,URBANA,CRUCE CON SEMAFORO FUNCIONANDO,IMPRUDENCIA DEL CONDUCTOR,VIRAJES INDEBIDOS,ARTURO PRAT,MAIPU,ARTURO PRAT - MAIPU,0, , ,UNIDIRECCIONAL,CONCRETO,BUENO,SECO,DESPEJADO,0,1,0,0,08,081,08101,Biobío,Concepción,Concepción,Interseccion,"ARTURO PRAT & MAIPU, Concepción",-36.828002,-73.060069
-7959468.04699882,-3900145.74708541,2261,2023,1529299,2023/04/17 00:00:00+00,Abril,17,Lunes,1899/12/30 00:00:00+00,23:22:00,23,REGION VALPARAISO,VIÑA DEL MAR,VOLCADURA,VOLCADURA,URBANA,TRAMO DE VIA RECTA,ALCOHOL EN CONDUCTOR,CONDUCCION BAJO LA INFLUENCIA DEL ALCOHOL,ROTONDA EL TREBOL,CAMINO INTERNACIONAL,CAMINO INTERNACIONAL - ROTONDA EL TREBOL,0, , ,BIDIRECCIONAL,ASFALTO,BUENO,SECO,DESPEJADO,0,0,0,0,05,051,05109,Valparaíso,Valparaíso,Viña del Mar,Interseccion,"CAMINO INTERNACIONAL & ROTONDA EL TREBOL, Viña del Mar",-33.03647,-71.501118
-7931215.49416057,-3488710.86269802,2262,2023,1524281,2023/04/18 00:00:00+00,Abril,18,Martes,1899/12/30 00:00:00+00,07:30:00,7,REGION COQUIMBO,LA SERENA,COLISION LATERAL,COLISION,URBANA,CRUCE CON SEÑAL PARE,VELOCIDAD IMPRUDENTE,"VELOCIDAD NO REDUCIR CRUCE DE CALLES, CUMBRE, CURVA, ETC.",LOS PERALES,GUILLERMO SMITH POZO,GUILLERMO SMITH POZO - LOS PERALES,0, , ,BIDIRECCIONAL CON BANDEJON,ASFALTO,BUENO,SECO,NEBLINA,0,1,0,0,04,041,04101,Coquimbo,Elqui,La Serena,Interseccion,"GUILLERMO SMITH POZO & LOS PERALES, La Serena",-29.884491,-71.247321
-7891849.58257568,-3974888.25529191,2263,2023,1526687,2023/04/18 00:00:00+00,Abril,18,Martes,1899/12/30 00:00:00+00,07:40:00,7,REGION METROPOLITANA,PEÑAFLOR,CHOQUE LATERAL,CHOQUE,URBANA,TRAMO DE VIA RECTA,IMPRUDENCIA DEL CONDUCTOR,CONDUCCION CAMBIAR SORPRESIVAMENTE PISTA CIRCULACION,CAMINO EL GUANACO,EL TORREN,CAMINO EL GUANACO - EL TORREN,0, , ,BIDIRECCIONAL,ASFALTO,BUENO,SECO,DESPEJADO,0,0,0,1,13,136,13605,Metropolitana de Santiago,Talagante,Peñaflor,Interseccion,"CAMINO EL GUANACO & EL TORREN, Peñaflor",-33.597537,-70.893691
-7932155.0306072,-4163444.38287959,2264,2023,1524708,2023/04/18 00:00:00+00,Abril,18,Martes,1899/12/30 00:00:00+00,08:15:00,8,REGION MAULE,CURICO,COLISION FRONTAL,COLISION,URBANA,OTROS NO CONSIDERADOS,IMPRUDENCIA DEL CONDUCTOR,CONDUCCION NO ATENTO CONDICIONES TRANSITO MOMENTO,MATAQUITO,PARINACOTA,MATAQUITO - PARINACOTA,0, , ,BIDIRECCIONAL,CONCRETO,BUENO,SECO,DESPEJADO,0,0,0,0,07,073,07301,Maule,Curicó,Curicó,Interseccion,"MATAQUITO & PARINACOTA, Curicó",-34.996786,-71.255761
-7972839.61062726,-3901334.59382546,2265,2023,1524512,2023/04/18 00:00:00+00,Abril,18,Martes,1899/12/30 00:00:00+00,08:40:00,8,REGION VALPARAISO,VALPARAISO,COLISION,COLISION,URBANA,CRUCE CON SEÑAL PARE,DESOBEDIENCIA A SEÑALIZACION,SEÑALIZACION DESOBEDECER SEÑAL PARE,SALVADOR DONOSO,ELEUTERIO RAMIREZ,ELEUTERIO RAMIREZ - SALVADOR DONOSO,0, , ,UNIDIRECCIONAL,CONCRETO,BUENO,SECO,DESPEJADO,0,0,0,2,05,051,05101,Valparaíso,Valparaíso,Valparaíso,Interseccion,"ELEUTERIO RAMIREZ & SALVADOR DONOSO, Valparaíso",-33.045423,-71.621237
-7855855.42015676,-3948591.54076135,2266,2023,1525405,2023/04/18 00:00:00+00,Abril,18,Martes,1899/12/30 00:00:00+00,09:50:00,9,REGION METROPOLITANA,LAS CONDES,COLISION LATERAL,COLISION,URBANA,TRAMO DE VIA RECTA,IMPRUDENCIA DEL CONDUCTOR,CONDUCCION NO ATENTO CONDICIONES TRANSITO MOMENTO,MANQUEHUE NORTE,CERRO COLORADO,CERRO COLORADO - MANQUEHUE NORTE,0, , ,BIDIRECCIONAL CON BANDEJON,CONCRETO,BUENO,SECO,DESPEJADO,0,1,0,0,13,131,13114,Metropolitana de Santiago,Santiago,Las Condes,Interseccion,"CERRO COLORADO & MANQUEHUE NORTE, Las Condes",-33.400548,-70.57035
-7866499.35153478,-3961927.7660543,2267,2023,1526813,2023/04/18 00:00:00+00,Abril,18,Martes,1899/12/30 00:00:00+00,11:00:00,11,REGION METROPOLITANA,SAN MIGUEL,COLISION POR ALCANCE,COLISION,URBANA,TRAMO DE VIA RECTA,IMPRUDENCIA DEL CONDUCTOR,CONDUCCION SIN MANTENER DISTANCIA RAZONABLE NI PRUDENTE,PDTE JORGE ALESSANDRI RODRIGUEZ,JOSE JOAQUIN PRIETO VIAL,JOSE JOAQUIN PRIETO VIAL - PDTE JORGE ALESSANDRI RODRIGUEZ,0, , ,BIDIRECCIONAL CON BANDEJON,ASFALTO,BUENO,SECO,DESPEJADO,0,0,0,0,13,131,13130,Metropolitana de Santiago,Santiago,San Miguel,Interseccion,"JOSE JOAQUIN PRIETO VIAL & PDTE JORGE ALESSANDRI RODRIGUEZ, San Miguel",-33.500506,-70.665966
-8120911.47609749,-5080990.33184263,2268,2023,1524804,2023/04/18 00:00:00+00,Abril,18,Martes,1899/12/30 00:00:00+00,13:30:00,13,REGION LOS LAGOS,PUERTO MONTT,CHOQUE FRENTE/POSTERIOR,CHOQUE,URBANA,CRUCE CON SEMAFORO FUNCIONANDO,IMPRUDENCIA DEL CONDUCTOR,CONDUCCION NO ATENTO CONDICIONES TRANSITO MOMENTO,PRESIDENTE IBAÑEZ,VIADUCTO,PRESIDENTE IBAÑEZ - VIADUCTO,0, , ,BIDIRECCIONAL CON BANDEJON,CONCRETO,BUENO,MOJADO,NUBLADO,0,0,0,0,10,101,10101,Los Lagos,Llanquihue,Puerto Montt,Interseccion,"PRESIDENTE IBAÑEZ & VIADUCTO, Puerto Montt",-41.463771,-72.951389
-7870633.79081869,-3863023.13392201,2269,2023,1525936,2023/04/18 00:00:00+00,Abril,18,Martes,1899/12/30 00:00:00+00,15:00:00,15,REGION VALPARAISO,SAN FELIPE,COLISION,COLISION,URBANA,CRUCE CON SEÑAL PARE,IMPRUDENCIA DEL CONDUCTOR,CONDUCCION NO ATENTO CONDICIONES TRANSITO MOMENTO,CHARCAN TAPIA,TOCORNAL,CHARCAN TAPIA - TOCORNAL,0, , ,BIDIRECCIONAL,CONCRETO,REGULAR,SECO,DESPEJADO,0,0,1,0,05,057,05701,Valparaíso,San Felipe de Aconcagua,San Felipe,Interseccion,"CHARCAN TAPIA & TOCORNAL, San Felipe",-32.756465,-70.703106
-7882616.74400929,-3972668.88176895,2270,2023,1526689,2023/04/18 00:00:00+00,Abril,18,Martes,1899/12/30 00:00:00+00,17:10:00,17,REGION METROPOLITANA,PADRE HURTADO,COLISION LATERAL,COLISION,URBANA,CRUCE CON SEÑAL PARE,DESOBEDIENCIA A SEÑALIZACION,SEÑALIZACION DESOBEDECER SEÑAL PARE,SAN IGNACIO,DESIDERIO MOYA,DESIDERIO MOYA - SAN IGNACIO,0, , ,BIDIRECCIONAL,ASFALTO,BUENO,SECO,DESPEJADO,0,1,0,0,13,136,13604,Metropolitana de Santiago,Talagante,Padre Hurtado,Interseccion,"DESIDERIO MOYA & SAN IGNACIO, Padre Hurtado",-33.580929,-70.810751
-7860599.75248121,-3959282.18480479,2271,2023,1526452,2023/04/18 00:00:00+00,Abril,18,Martes,1899/12/30 00:00:00+00,17:50:00,17,REGION METROPOLITANA,MACUL,COLISION POR ALCANCE,COLISION,URBANA,TRAMO DE VIA RECTA,DESOBEDIENCIA A SEÑALIZACION,SEÑALIZACION DESOBEDECER SEÑAL CEDA EL PASO,MARATHON,DOMINGO ARTEAGA,DOMINGO ARTEAGA - MARATHON,0, , ,BIDIRECCIONAL CON BANDEJON,CONCRETO,BUENO,SECO,DESPEJADO,0,1,0,1,13,131,13118,Metropolitana de Santiago,Santiago,Macul,Interseccion,"DOMINGO ARTEAGA & MARATHON, Macul",-33.480686,-70.612969
-7858181.89314118,-3973464.34869743,2272,2023,1527890,2023/04/18 00:00:00+00,Abril,18,Martes,1899/12/30 00:00:00+00,18:30:00,18,REGION METROPOLITANA,PUENTE ALTO,COLISION FRONTAL,COLISION,URBANA,TRAMO DE VIA RECTA,ALCOHOL EN CONDUCTOR,CONDUCCION EN ESTADO DE EBRIEDAD,LUIS MATTE LARRAIN,JUAN DE DIOS MALEBRAN,JUAN DE DIOS MALEBRAN - LUIS MATTE LARRAIN,0, , ,BIDIRECCIONAL,CONCRETO,BUENO,SECO,DESPEJADO,0,0,0,0,13,132,13201,Metropolitana de Santiago,Cordillera,Puente Alto,Interseccion,"JUAN DE DIOS MALEBRAN & LUIS MATTE LARRAIN, Puente Alto",-33.586882,-70.591249
-7858689.95529716,-3964361.38129718,2273,2023,1526410,2023/04/18 00:00:00+00,Abril,18,Martes,1899/12/30 00:00:00+00,19:00:00,19,REGION METROPOLITANA,LA FLORIDA,COLISION LATERAL,COLISION,URBANA,CRUCE CON SEMAFORO FUNCIONANDO,IMPRUDENCIA DEL CONDUCTOR,CONDUCCION CAMBIAR SORPRESIVAMENTE PISTA CIRCULACION,AMERICO VESPUCIO,SERAFIN ZAMORA,AMERICO VESPUCIO - SERAFIN ZAMORA,0, , ,BIDIRECCIONAL,CONCRETO,BUENO,SECO,DESPEJADO,0,0,0,1,13,131,13110,Metropolitana de Santiago,Santiago,La Florida,Interseccion,"AMERICO VESPUCIO & SERAFIN ZAMORA, La Florida",-33.518734,-70.595813
-7971415.05501452,-3901922.94673645,2274,2023,1524649,2023/04/18 00:00:00+00,Abril,18,Martes,1899/12/30 00:00:00+00,19:00:00,19,REGION VALPARAISO,VALPARAISO,COLISION,COLISION,URBANA,CRUCE CON SEMAFORO FUNCIONANDO,IMPRUDENCIA DEL CONDUCTOR,CONDUCCION NO ATENTO CONDICIONES TRANSITO MOMENTO,URUGUAY,INDEPENDENCIA,INDEPENDENCIA - URUGUAY,0, , ,BIDIRECCIONAL,CONCRETO,BUENO,SECO,DESPEJADO,0,0,0,1,05,051,05101,Valparaíso,Valparaíso,Valparaíso,Interseccion,"INDEPENDENCIA & URUGUAY, Valparaíso",-33.049853,-71.60844
-7672831.33421888,-2565720.43653777,2275,2023,1524432,2023/04/18 00:00:00+00,Abril,18,Martes,1899/12/30 00:00:00+00,19:30:00,19,REGION ANTOFAGASTA,CALAMA,COLISION,COLISION,URBANA,CRUCE CON SEÑAL PARE,DESOBEDIENCIA A SEÑALIZACION,SEÑALIZACION DESOBEDECER SEÑAL PARE,HERNAN CORTES,LATORRE,HERNAN CORTES - LATORRE,0, , ,BIDIRECCIONAL,ASFALTO,BUENO,SECO,DESPEJADO,0,1,0,0,02,022,02201,Antofagasta,El Loa,Calama,Interseccion,"HERNAN CORTES & LATORRE, Calama",-22.450671,-68.926217
-7967314.69060448,-3910182.12186191,2276,2023,1524690,2023/04/18 00:00:00+00,Abril,18,Martes,1899/12/30 00:00:00+00,23:55:00,23,REGION VALPARAISO,VALPARAISO,COLISION LATERAL,COLISION,URBANA,TRAMO DE VIA RECTA,DESOBEDIENCIA A SEÑALIZACION,SEÑALIZACION DESOBEDECER SEÑAL PARE,CUARTA,CENTRAL,CENTRAL - CUARTA,0, , ,UNIDIRECCIONAL,CONCRETO,BUENO,SECO,DESPEJADO,1,0,0,0,05,051,05101,Valparaíso,Valparaíso,Valparaíso,Interseccion,"CENTRAL & CUARTA, Valparaíso",-33.112019,-71.571606
-7861589.93935182,-3945916.03536941,2277,2023,1526547,2023/04/19 00:00:00+00,Abril,19,Miércoles,1899/12/30 00:00:00+00,07:30:00,7,REGION METROPOLITANA,HUECHURABA,COLISION,COLISION,URBANA,TRAMO DE VIA RECTA,IMPRUDENCIA DEL CONDUCTOR,CONDUCCION NO ATENTO CONDICIONES TRANSITO MOMENTO,CAMINO AL BOSQUE DE SANTIAGO,LOS AROMOS,CAMINO AL BOSQUE DE SANTIAGO - LOS AROMOS,0, , ,BIDIRECCIONAL,ASFALTO,BUENO,SECO,DESPEJADO,0,0,0,1,13,131,13107,Metropolitana de Santiago,Santiago,Huechuraba,Interseccion,"CAMINO AL BOSQUE DE SANTIAGO & LOS AROMOS, Huechuraba",-33.380481,-70.621864
-7866727.6678104,-3954195.4799919,2278,2023,1527198,2023/04/19 00:00:00+00,Abril,19,Miércoles,1899/12/30 00:00:00+00,08:45:00,8,REGION METROPOLITANA,SANTIAGO,VOLCADURA,VOLCADURA,URBANA,TRAMO DE VIA RECTA,DESOBEDIENCIA A SEÑALIZACION,SEÑALIZACION DESOBEDECER LUZ ROJA DE SEMAFORO,RICARDO CUMMING,AGUSTINAS,AGUSTINAS - RICARDO CUMMING,0, , ,UNIDIRECCIONAL,CONCRETO,BUENO,SECO,DESPEJADO,0,0,0,1,13,131,13101,Metropolitana de Santiago,Santiago,Santiago,Interseccion,"AGUSTINAS & RICARDO CUMMING, Santiago",-33.442565,-70.668017
-7860551.5511417,-3971175.90922513,2279,2023,1524621,2023/04/19 00:00:00+00,Abril,19,Miércoles,1899/12/30 00:00:00+00,08:50:00,8,REGION METROPOLITANA,LA PINTANA,COLISION,COLISION,URBANA,CRUCE SIN SEÑALIZACION,IMPRUDENCIA DEL CONDUCTOR,CONDUCCION NO ATENTO CONDICIONES TRANSITO MOMENTO,LA SERENA,LONTANANZA,LA SERENA - LONTANANZA,0, , ,BIDIRECCIONAL,ASFALTO,BUENO,SECO,DESPEJADO,0,0,0,0,13,131,13112,Metropolitana de Santiago,Santiago,La Pintana,Interseccion,"LA SERENA & LONTANANZA, La Pintana",-33.569755,-70.612536
-7861189.03333767,-3955141.31691348,2280,2023,1524835,2023/04/19 00:00:00+00,Abril,19,Miércoles,1899/12/30 00:00:00+00,11:10:00,11,REGION METROPOLITANA,ÑUÑOA,COLISION FRONTAL,COLISION,URBANA,CRUCE CON SEMAFORO FUNCIONANDO,IMPRUDENCIA DEL CONDUCTOR,CONDUCCION NO ATENTO CONDICIONES TRANSITO MOMENTO,JOSE MANUEL INFANTE,SUCRE,JOSE MANUEL INFANTE - SUCRE,0, , ,UNIDIRECCIONAL,ASFALTO,BUENO,SECO,DESPEJADO,0,0,0,2,13,131,13120,Metropolitana de Santiago,Santiago,Ñuñoa,Interseccion,"JOSE MANUEL INFANTE & SUCRE, Ñuñoa",-33.449655,-70.618263