X,Y,FID,Año,IdAccident,Fecha,Mes,Dia_mes,Dia_semana,Hora,Hora_texto,Hora_aprox,Región,Comuna,Tipo_Accid,Tipo__CONA,Zona,Ubicación,Causa__CON,Causa_Acci,Calle_Uno,Calle_Dos,Intersecci,Número,Ruta,Ubicaci_1,Calzada,Tipo_Calza,Estado_Cal,Condición,Estado_Atm,Fallecidos,Graves,Menos_Grav,Leves,CUT_REG,CUT_PROV,CUT_COM,REGION,PROVINCIA,COMUNA1,Tipo_direc,Direccion,Lat,Lon
-7938819.72852099,-4153740.31437038,2281,2023,1524909,2023/04/19 00:00:00+00,Abril,19,Miércoles,1899/12/30 00:00:00+00,13:30:00,13,REGION MAULE,RAUCO,VOLCADURA,VOLCADURA,URBANA,CRUCE CON SEMAFORO FUNCIONANDO,VELOCIDAD IMPRUDENTE,VELOCIDAD NO RAZONABLE NI PRUDENTE,DIEGO PORTALES,BALMACEDA,BALMACEDA - DIEGO PORTALES,0, , ,BIDIRECCIONAL,ASFALTO,BUENO,SECO,DESPEJADO,0,0,0,2,07,073,07305,Maule,Curicó,Rauco,Interseccion,"BALMACEDA & DIEGO PORTALES, Rauco",-34.925344,-71.315631
-7994585.78397568,-4317701.70815777,2282,2023,1527038,2023/04/19 00:00:00+00,Abril,19,Miércoles,1899/12/30 00:00:00+00,17:00:00,17,REGION MAULE,PARRAL,CHOQUE LADO/LADO,CHOQUE,URBANA,CRUCE CON SEÑAL PARE,DESOBEDIENCIA A SEÑALIZACION,SEÑALIZACION DESOBEDECER SEÑAL PARE,CALLE CUATRO,CALLE DOS,CALLE CUATRO - CALLE DOS,0, , ,BIDIRECCIONAL,ASFALTO,BUENO,SECO,DESPEJADO,0,0,0,0,07,074,07404,Maule,Linares,Parral,Interseccion,"CALLE CUATRO & CALLE DOS, Parral",-36.124034,-71.816586
-7872297.64982947,-3845339.50105271,2283,2023,1526425,2023/04/19 00:00:00+00,Abril,19,Miércoles,1899/12/30 00:00:00+00,17:35:00,17,REGION VALPARAISO,PUTAENDO,COLISION,COLISION,URBANA,TRAMO DE VIA RECTA,IMPRUDENCIA DEL CONDUCTOR,CONDUCCION NO ATENTO CONDICIONES TRANSITO MOMENTO,ALESSANDRI,SARMIENTOS,ALESSANDRI - SARMIENTOS,0, , ,BIDIRECCIONAL CON BANDEJON,CONCRETO,BUENO,SECO,DESPEJADO,0,0,0,1,05,057,05705,Valparaíso,San Felipe de Aconcagua,Putaendo,Interseccion,"ALESSANDRI & SARMIENTOS, Putaendo",-32.622771,-70.718053
-8094092.27310061,-4478888.0263486,2284,2023,1527878,2023/04/19 00:00:00+00,Abril,19,Miércoles,1899/12/30 00:00:00+00,18:00:00,18,REGION BIO BIO,LAJA,CHOQUE FRENTE/POSTERIOR,CHOQUE,URBANA,CRUCE CON SEÑAL CEDA EL PASO,IMPRUDENCIA DEL CONDUCTOR,CONDUCCION NO ATENTO CONDICIONES TRANSITO MOMENTO,LOS RIOS,MARIO MEDINA,LOS RIOS - MARIO MEDINA,0, , ,BIDIRECCIONAL,ASFALTO,BUENO,SECO,DESPEJADO,0,0,0,0,08,083,08304,Biobío,Biobío,Laja,Interseccion,"LOS RIOS & MARIO MEDINA, Laja",-37.284865,-72.710468
-7974324.23626324,-4224153.76486822,2285,2023,1525322,2023/04/19 00:00:00+00,Abril,19,Miércoles,1899/12/30 00:00:00+00,19:50:00,19,REGION MAULE,TALCA,COLISION LATERAL,COLISION,URBANA,CRUCE SIN SEÑALIZACION,IMPRUDENCIA DEL CONDUCTOR,CONDUCCION NO ATENTO CONDICIONES TRANSITO MOMENTO,9 1/2 SUR,30 ORIENTE,30 ORIENTE - 9 1/2 SUR,0, , ,BIDIRECCIONAL CON BANDEJON,ASFALTO,BUENO,SECO,DESPEJADO,0,0,0,1,07,071,07101,Maule,Talca,Talca,Interseccion,"30 ORIENTE & 9 1/2 SUR, Talca",-35.442316,-71.634573
-7824273.93175115,-2095191.47643928,2286,2023,1529568,2023/04/19 00:00:00+00,Abril,19,Miércoles,1899/12/30 00:00:00+00,20:20:00,20,REGION ARICA Y PARINACOTA,ARICA,COLISION LATERAL,COLISION,URBANA,CRUCE CON SEÑAL CEDA EL PASO,IMPRUDENCIA DEL CONDUCTOR,CONDUCCION NO ATENTO CONDICIONES TRANSITO MOMENTO,LOS ARTESANOS,ARGENTINA,ARGENTINA - LOS ARTESANOS,0, , ,UNIDIRECCIONAL,ASFALTO,BUENO,SECO,DESPEJADO,0,1,0,0,15,151,15101,Arica y Parinacota,Arica,Arica,Interseccion,"ARGENTINA & LOS ARTESANOS, Arica",-18.491779,-70.286649
-7861586.73527631,-3947847.63930811,2287,2023,1526554,2023/04/19 00:00:00+00,Abril,19,Miércoles,1899/12/30 00:00:00+00,21:20:00,21,REGION METROPOLITANA,HUECHURABA,COLISION,COLISION,URBANA,TRAMO DE VIA RECTA,IMPRUDENCIA DEL CONDUCTOR,CONDUCCION NO ATENTO CONDICIONES TRANSITO MOMENTO,AMERICO VESPUCIO,DEL PARQUE,AMERICO VESPUCIO - DEL PARQUE,0, , ,BIDIRECCIONAL,ASFALTO,BUENO,SECO,DESPEJADO,0,1,0,0,13,131,13107,Metropolitana de Santiago,Santiago,Huechuraba,Interseccion,"AMERICO VESPUCIO & DEL PARQUE, Huechuraba",-33.394969,-70.621835
-7966039.60373882,-3898657.07380264,2288,2023,1525583,2023/04/19 00:00:00+00,Abril,19,Miércoles,1899/12/30 00:00:00+00,21:20:00,21,REGION VALPARAISO,VIÑA DEL MAR,CHOQUE FRENTE/POSTERIOR,CHOQUE,URBANA,TRAMO DE VIA RECTA,IMPRUDENCIA DEL CONDUCTOR,CONDUCCION NO ATENTO CONDICIONES TRANSITO MOMENTO,ALVAREZ,ECUADOR,ALVAREZ - ECUADOR,0, , ,UNIDIRECCIONAL,CONCRETO,BUENO,SECO,DESPEJADO,0,0,0,0,05,051,05109,Valparaíso,Valparaíso,Viña del Mar,Interseccion,"ALVAREZ & ECUADOR, Viña del Mar",-33.025258,-71.560151
-7974928.27591345,-3899824.24477446,2289,2023,1529403,2023/04/19 00:00:00+00,Abril,19,Miércoles,1899/12/30 00:00:00+00,23:00:00,23,REGION VALPARAISO,VALPARAISO,CHOQUE POSTERIOR,CHOQUE,URBANA,CRUCE CON SEÑAL PARE,DESOBEDIENCIA A SEÑALIZACION,SEÑALIZACION DESOBEDECER SEÑAL PARE,PACIFICO,LEVARTE,LEVARTE - PACIFICO,0, , ,BIDIRECCIONAL,ASFALTO,BUENO,SECO,DESPEJADO,0,1,0,1,05,051,05101,Valparaíso,Valparaíso,Valparaíso,Interseccion,"LEVARTE & PACIFICO, Valparaíso",-33.034049,-71.64
-7864502.50250893,-3952979.94437367,2290,2023,1526054,2023/04/19 00:00:00+00,Abril,19,Miércoles,1899/12/30 00:00:00+00,23:10:00,23,REGION METROPOLITANA,SANTIAGO,ATROPELLO,ATROPELLO,URBANA,CRUCE CON SEMAFORO FUNCIONANDO,IMPRUDENCIA DEL PEATON,IMPRUDENCIA DEL PEATON,CARD JOSE MARIA CARO,RECOLETA,CARD JOSE MARIA CARO - RECOLETA,0, , ,UNIDIRECCIONAL,ASFALTO,BUENO,SECO,DESPEJADO,0,0,0,2,13,131,13101,Metropolitana de Santiago,Santiago,Santiago,Interseccion,"CARD JOSE MARIA CARO & RECOLETA, Santiago",-33.433453,-70.648028
-7866386.80752959,-3956147.51419376,2291,2023,1525063,2023/04/20 00:00:00+00,Abril,20,Jueves,1899/12/30 00:00:00+00,07:30:00,7,REGION METROPOLITANA,SANTIAGO,COLISION PERPENDICULAR,COLISION,URBANA,CRUCE CON SEMAFORO APAGADO,DESOBEDIENCIA A SEÑALIZACION,SEÑALIZACION DESOBEDECER LUZ ROJA DE SEMAFORO,BLANCO ENCALADA,CLUB HIPICO,BLANCO ENCALADA - CLUB HIPICO,0, , ,BIDIRECCIONAL CON BANDEJON,ASFALTO,BUENO,SECO,DESPEJADO,0,0,0,0,13,131,13101,Metropolitana de Santiago,Santiago,Santiago,Interseccion,"BLANCO ENCALADA & CLUB HIPICO, Santiago",-33.457196,-70.664955
-7925035.43670397,-3580009.07641967,2292,2023,1525519,2023/04/20 00:00:00+00,Abril,20,Jueves,1899/12/30 00:00:00+00,07:40:00,7,REGION COQUIMBO,OVALLE,COLISION POR ALCANCE,COLISION,URBANA,TRAMO DE VIA RECTA,IMPRUDENCIA DEL CONDUCTOR,CONDUCCION SIN MANTENER DISTANCIA RAZONABLE NI PRUDENTE,MANUEL PEÑAFIEL,LOS CASTAÑOS,LOS CASTAÑOS - MANUEL PEÑAFIEL,0, , ,BIDIRECCIONAL,ASFALTO,BUENO,HUMEDO,DESPEJADO,0,0,0,0,04,043,04301,Coquimbo,Limarí,Ovalle,Interseccion,"LOS CASTAÑOS & MANUEL PEÑAFIEL, Ovalle",-30.593036,-71.191805
-7824556.17119924,-2094356.98114769,2293,2023,1525638,2023/04/20 00:00:00+00,Abril,20,Jueves,1899/12/30 00:00:00+00,07:45:00,7,REGION ARICA Y PARINACOTA,ARICA,COLISION,COLISION,URBANA,TRAMO DE VIA RECTA,IMPRUDENCIA DEL CONDUCTOR,CONDUCCION NO ATENTO CONDICIONES TRANSITO MOMENTO,BALMACEDA,LOS CISNES,BALMACEDA - LOS CISNES,0, , ,BIDIRECCIONAL,ASFALTO,BUENO,SECO,DESPEJADO,0,0,1,0,15,151,15101,Arica y Parinacota,Arica,Arica,Interseccion,"BALMACEDA & LOS CISNES, Arica",-18.484669,-70.289184
-8053767.01019973,-4505815.44248246,2294,2023,1525174,2023/04/20 00:00:00+00,Abril,20,Jueves,1899/12/30 00:00:00+00,08:00:00,8,REGION BIO BIO,LOS ANGELES,CHOQUE POSTERIOR/FRENTE,CHOQUE,URBANA,TRAMO DE VIA RECTA,IMPRUDENCIA DEL CONDUCTOR,NO RESPETAR DERECHO PREFERENTE DE PASO A VEHICULO,LOS CARRERA,PATRICIO LYNCH,LOS CARRERA - PATRICIO LYNCH,0, , ,UNIDIRECCIONAL,CONCRETO,BUENO,SECO,DESPEJADO,0,0,0,0,08,083,08301,Biobío,Biobío,Los Angeles,Interseccion,"LOS CARRERA & PATRICIO LYNCH, Los Angeles",-37.477077,-72.34822
-8027666.2631519,-4386149.02960137,2295,2023,1526117,2023/04/20 00:00:00+00,Abril,20,Jueves,1899/12/30 00:00:00+00,08:00:00,8,REGION ÑUBLE,CHILLAN,COLISION PERPENDICULAR,COLISION,URBANA,CRUCE CON SEÑAL PARE,DESOBEDIENCIA A SEÑALIZACION,SEÑALIZACION DESOBEDECER SEÑAL PARE,LOS BATALLONES,JUAN JOSE GAZMURI,JUAN JOSE GAZMURI - LOS BATALLONES,0, , ,BIDIRECCIONAL,CONCRETO,BUENO,SECO,NEBLINA,0,0,0,1,16,161,16101,Ñuble,Diguillín,Chillán,Interseccion,"JUAN JOSE GAZMURI & LOS BATALLONES, Chillán",-36.619119,-72.113753
-7861571.93899016,-3966622.97508393,2296,2023,1525688,2023/04/20 00:00:00+00,Abril,20,Jueves,1899/12/30 00:00:00+00,08:15:00,8,REGION METROPOLITANA,LA GRANJA,COLISION LATERAL,COLISION,URBANA,CRUCE CON SEMAFORO FUNCIONANDO,IMPRUDENCIA DEL CONDUCTOR,CONDUCCION NO ATENTO CONDICIONES TRANSITO MOMENTO,LA SERENA,PADRE JUAN MEYER,LA SERENA - PADRE JUAN MEYER,0, , ,BIDIRECCIONAL,ASFALTO,REGULAR,SECO,DESPEJADO,0,0,0,1,13,131,13111,Metropolitana de Santiago,Santiago,La Granja,Interseccion,"LA SERENA & PADRE JUAN MEYER, La Granja",-33.53567,-70.621702
-7965607.11641854,-3898063.24268352,2297,2023,1525602,2023/04/20 00:00:00+00,Abril,20,Jueves,1899/12/30 00:00:00+00,08:50:00,8,REGION VALPARAISO,VIÑA DEL MAR,COLISION POR ALCANCE,COLISION,URBANA,TRAMO DE VIA RECTA,IMPRUDENCIA DEL CONDUCTOR,CONDUCCION NO ATENTO CONDICIONES TRANSITO MOMENTO,4 PONIENTE,2 NORTE,2 NORTE - 4 PONIENTE,0, , ,UNIDIRECCIONAL,CONCRETO,BUENO,SECO,DESPEJADO,0,0,0,1,05,051,05109,Valparaíso,Valparaíso,Viña del Mar,Interseccion,"2 NORTE & 4 PONIENTE, Viña del Mar",-33.020786,-71.556266
-7971779.48168719,-3901211.51388288,2298,2023,1525822,2023/04/20 00:00:00+00,Abril,20,Jueves,1899/12/30 00:00:00+00,08:50:00,8,REGION VALPARAISO,VALPARAISO,ATROPELLO,ATROPELLO,URBANA,CRUCE CON SEMAFORO FUNCIONANDO,IMPRUDENCIA DEL PEATON,PEATON CRUZA CALZADA FORMA SORPRESIVA O DESCUIDADA,ERRAZURIZ,FRANCIA,ERRAZURIZ - FRANCIA,0, , ,BIDIRECCIONAL CON BANDEJON,CONCRETO,BUENO,SECO,DESPEJADO,0,1,0,1,05,051,05101,Valparaíso,Valparaíso,Valparaíso,Interseccion,"ERRAZURIZ & FRANCIA, Valparaíso",-33.044496,-71.611714
-7854928.80366173,-3956861.91481584,2299,2023,1524967,2023/04/20 00:00:00+00,Abril,20,Jueves,1899/12/30 00:00:00+00,09:10:00,9,REGION METROPOLITANA,PEÑALOLEN,COLISION FRONTAL,COLISION,URBANA,CRUCE SIN SEÑALIZACION,IMPRUDENCIA DEL CONDUCTOR,CONDUCCION NO ATENTO CONDICIONES TRANSITO MOMENTO,JOSE ARRIETA,PSJE 141 A,JOSE ARRIETA - PSJE 141 A,0, , ,BIDIRECCIONAL,CONCRETO,BUENO,SECO,NUBLADO,0,1,0,0,13,131,13122,Metropolitana de Santiago,Santiago,Peñalolén,Interseccion,"JOSE ARRIETA & PSJE 141 A, Peñalolén",-33.46255,-70.562026
-7941073.44731638,-3498306.833938,2300,2023,1525917,2023/04/20 00:00:00+00,Abril,20,Jueves,1899/12/30 00:00:00+00,15:20:00,15,REGION COQUIMBO,COQUIMBO,COLISION PERPENDICULAR,COLISION,URBANA,TRAMO DE VIA RECTA,IMPRUDENCIA DEL CONDUCTOR,CONDUCCION NO ATENTO CONDICIONES TRANSITO MOMENTO,VERGARA,MAIPU,MAIPU - VERGARA,0, , ,UNIDIRECCIONAL,CONCRETO,BUENO,SECO,DESPEJADO,0,0,1,1,04,041,04102,Coquimbo,Elqui,Coquimbo,Interseccion,"MAIPU & VERGARA, Coquimbo",-29.959203,-71.335877
-7861903.19239891,-3953825.81666035,2301,2023,1529767,2023/04/20 00:00:00+00,Abril,20,Jueves,1899/12/30 00:00:00+00,16:00:00,16,REGION METROPOLITANA,PROVIDENCIA,ATROPELLO,ATROPELLO,URBANA,CRUCE CON SEMAFORO FUNCIONANDO,IMPRUDENCIA DEL PEATON,PEATON CRUZA CAMINO O CARRETERA SIN ADOPTAR PRECAUCIONES,SALVADOR,RANCAGUA,RANCAGUA - SALVADOR,0, , ,BIDIRECCIONAL,CONCRETO,BUENO,SECO,DESPEJADO,0,0,0,1,13,131,13123,Metropolitana de Santiago,Santiago,Providencia,Interseccion,"RANCAGUA & SALVADOR, Providencia",-33.439794,-70.624678
-7931482.05974643,-3879426.90501666,2302,2023,1526977,2023/04/20 00:00:00+00,Abril,20,Jueves,1899/12/30 00:00:00+00,17:00:00,17,REGION VALPARAISO,QUILLOTA,COLISION,COLISION,URBANA,TRAMO DE VIA RECTA,IMPRUDENCIA DEL CONDUCTOR,CONDUCCION SIN MANTENER DISTANCIA RAZONABLE NI PRUDENTE,LAS INDUSTRIAS,VALPARAISO,LAS INDUSTRIAS - VALPARAISO,0, , ,BIDIRECCIONAL,ASFALTO,BUENO,SECO,DESPEJADO,0,1,0,0,05,055,05501,Valparaíso,Quillota,Quillota,Interseccion,"LAS INDUSTRIAS & VALPARAISO, Quillota",-32.880303,-71.249716
-8131066.81932862,-4420709.71126162,2303,2023,1527289,2023/04/20 00:00:00+00,Abril,20,Jueves,1899/12/30 00:00:00+00,17:20:00,17,REGION BIO BIO,CHIGUAYANTE,COLISION PERPENDICULAR,COLISION,URBANA,CRUCE CON SEMAFORO FUNCIONANDO,DESOBEDIENCIA A SEÑALIZACION,SEÑALIZACION DESOBEDECER LUZ ROJA DE SEMAFORO,CAMINO A CHIGUAYANTE,PASCUAL BINIMELIS,CAMINO A CHIGUAYANTE - PASCUAL BINIMELIS,0, , ,BIDIRECCIONAL CON BANDEJON,CONCRETO,BUENO,SECO,NUBLADO,0,1,0,0,08,081,08103,Biobío,Concepción,Chiguayante,Interseccion,"CAMINO A CHIGUAYANTE & PASCUAL BINIMELIS, Chiguayante",-36.8679,-73.042616
-8137660.71810192,-4416724.76796389,2304,2023,1527729,2023/04/20 00:00:00+00,Abril,20,Jueves,1899/12/30 00:00:00+00,19:00:00,19,REGION BIO BIO,SAN PEDRO DE LA PAZ,COLISION PERPENDICULAR,COLISION,URBANA,CRUCE SIN SEÑALIZACION,IMPRUDENCIA DEL CONDUCTOR,NO RESPETAR DERECHO PREFERENTE DE PASO A VEHICULO,LOS RAULIES,LAS TORRES,LAS TORRES - LOS RAULIES,0, , ,BIDIRECCIONAL,CONCRETO,BUENO,HUMEDO,NUBLADO,0,0,0,1,08,081,08108,Biobío,Concepción,San Pedro de la Paz,Interseccion,"LAS TORRES & LOS RAULIES, San Pedro de la Paz",-36.839256,-73.10185
-8131418.36628054,-4410865.53370173,2305,2023,1525239,2023/04/20 00:00:00+00,Abril,20,Jueves,1899/12/30 00:00:00+00,20:00:00,20,REGION BIO BIO,CONCEPCION,COLISION,COLISION,URBANA,CRUCE CON SEÑAL PARE,IMPRUDENCIA DEL CONDUCTOR,CONDUCCION NO ATENTO CONDICIONES TRANSITO MOMENTO,VICTOR SOLAR MANZANO,VICTOR PACHECO BARRERA,VICTOR PACHECO BARRERA - VICTOR SOLAR MANZANO,0, , ,BIDIRECCIONAL,CONCRETO,BUENO,HUMEDO,LLUVIA,0,0,0,0,08,081,08101,Biobío,Concepción,Concepción,Interseccion,"VICTOR PACHECO BARRERA & VICTOR SOLAR MANZANO, Concepción",-36.79712,-73.045774
-8022257.24909426,-5713606.52997256,2306,2023,1526603,2023/04/21 00:00:00+00,Abril,21,Viernes,1899/12/30 00:00:00+00,08:10:00,8,REGION AYSEN DEL GRL. CARLOS IBAÑEZ DEL CAMPO,COYHAIQUE,COLISION,COLISION,URBANA,TRAMO DE VIA RECTA,IMPRUDENCIA DEL CONDUCTOR,CONDUCCION NO ATENTO CONDICIONES TRANSITO MOMENTO,LOS MAÑIOS,LOS CALAFATES,LOS CALAFATES - LOS MAÑIOS,0, , ,UNIDIRECCIONAL,CONCRETO,BUENO,SECO,DESPEJADO,0,1,0,1,11,111,11101,Aysén del General Carlos Ibáñez del Campo,Coihaique,Coihaique,Interseccion,"LOS CALAFATES & LOS MAÑIOS, Coihaique",-45.581943,-72.065163
-7867676.7777889,-3961081.03407822,2307,2023,1549580,2023/04/21 00:00:00+00,Abril,21,Viernes,1899/12/30 00:00:00+00,08:30:00,8,REGION METROPOLITANA,PEDRO AGUIRRE CERDA,COLISION LATERAL,COLISION,URBANA,TRAMO DE VIA RECTA,IMPRUDENCIA DEL CONDUCTOR,CONDUCCION NO ATENTO CONDICIONES TRANSITO MOMENTO,DEPARTAMENTAL,CLOTARIO BLEST,CLOTARIO BLEST - DEPARTAMENTAL,0, , ,BIDIRECCIONAL,ASFALTO,BUENO,SECO,DESPEJADO,0,1,0,1,13,131,13121,Metropolitana de Santiago,Santiago,Pedro Aguirre Cerda,Interseccion,"CLOTARIO BLEST & DEPARTAMENTAL, Pedro Aguirre Cerda",-33.494163,-70.676543
-7870948.34630383,-3964459.52169799,2308,2023,1525334,2023/04/21 00:00:00+00,Abril,21,Viernes,1899/12/30 00:00:00+00,09:30:00,9,REGION METROPOLITANA,CERRILLOS,COLISION POR ALCANCE,COLISION,URBANA,CRUCE CON SEÑAL CEDA EL PASO,IMPRUDENCIA DEL CONDUCTOR,CONDUCCION NO ATENTO CONDICIONES TRANSITO MOMENTO,AMERICO VESPUCIO,GRAL VELASQUEZ,AMERICO VESPUCIO - GRAL VELASQUEZ,0, , ,BIDIRECCIONAL,ASFALTO,BUENO,SECO,DESPEJADO,0,1,0,0,13,131,13102,Metropolitana de Santiago,Santiago,Cerrillos,Interseccion,"AMERICO VESPUCIO & GRAL VELASQUEZ, Cerrillos",-33.519469,-70.705932
-7856487.61049131,-3950025.94574843,2309,2023,1526676,2023/04/21 00:00:00+00,Abril,21,Viernes,1899/12/30 00:00:00+00,11:10:00,11,REGION METROPOLITANA,LAS CONDES,CHOQUE POSTERIOR/FRENTE,CHOQUE,URBANA,CRUCE CON SEMAFORO FUNCIONANDO,IMPRUDENCIA DEL CONDUCTOR,CONDUCCION NO ATENTO CONDICIONES TRANSITO MOMENTO,LA GLORIA,APOQUINDO,APOQUINDO - LA GLORIA,0, , ,BIDIRECCIONAL CON BANDEJON,ASFALTO,BUENO,SECO,DESPEJADO,0,0,0,1,13,131,13114,Metropolitana de Santiago,Santiago,Las Condes,Interseccion,"APOQUINDO & LA GLORIA, Las Condes",-33.411305,-70.576029
-7869703.12647981,-3952887.5037906,2310,2023,1526110,2023/04/21 00:00:00+00,Abril,21,Viernes,1899/12/30 00:00:00+00,15:15:00,15,REGION METROPOLITANA,QUINTA NORMAL,COLISION LATERAL,COLISION,URBANA,CRUCE CON SEÑAL CEDA EL PASO,DESOBEDIENCIA A SEÑALIZACION,SEÑALIZACION DESOBEDECER SEÑAL CEDA EL PASO,BISMARCK,VARGAS FONTECILLA,BISMARCK - VARGAS FONTECILLA,0, , ,BIDIRECCIONAL,ASFALTO,REGULAR,SECO,DESPEJADO,0,0,0,0,13,131,13126,Metropolitana de Santiago,Santiago,Quinta Normal,Interseccion,"BISMARCK & VARGAS FONTECILLA, Quinta Normal",-33.43276,-70.694746
-7875170.36063114,-3992761.99452549,2311,2023,1529998,2023/04/21 00:00:00+00,Abril,21,Viernes,1899/12/30 00:00:00+00,15:30:00,15,REGION METROPOLITANA,BUIN,VOLCADURA,VOLCADURA,URBANA,CRUCE CON SEÑAL PARE,VELOCIDAD IMPRUDENTE,VELOCIDAD NO RAZONABLE NI PRUDENTE,CARLOS CONDELL,MANUEL BULNES,CARLOS CONDELL - MANUEL BULNES,0, , ,UNIDIRECCIONAL,ASFALTO,BUENO,CON ACEITE,NUBLADO,0,0,0,1,13,134,13402,Metropolitana de Santiago,Maipo,Buin,Interseccion,"CARLOS CONDELL & MANUEL BULNES, Buin",-33.731173,-70.743859
-7870831.10464952,-4050487.79172656,2312,2023,1525494,2023/04/21 00:00:00+00,Abril,21,Viernes,1899/12/30 00:00:00+00,17:02:00,17,REGION LIB.B.O'HIGGINS,RANCAGUA,COLISION FRONTAL,COLISION,URBANA,CRUCE CON SEÑAL PARE,IMPRUDENCIA DEL CONDUCTOR,CONDUCCION NO ATENTO CONDICIONES TRANSITO MOMENTO,EL SOL,URUGUAY,EL SOL - URUGUAY,0, , ,BIDIRECCIONAL,CONCRETO,BUENO,SECO,DESPEJADO,0,1,0,0,06,061,06101,Libertador General Bernardo O'Higgins,Cachapoal,Rancagua,Interseccion,"EL SOL & URUGUAY, Rancagua",-34.161348,-70.704879
-7975942.32967175,-4220789.55766641,2313,2023,1525371,2023/04/21 00:00:00+00,Abril,21,Viernes,1899/12/30 00:00:00+00,17:30:00,17,REGION MAULE,TALCA,COLISION LATERAL,COLISION,URBANA,TRAMO DE VIA RECTA,IMPRUDENCIA DEL CONDUCTOR,CONDUCCION NO ATENTO CONDICIONES TRANSITO MOMENTO,8 NORTE,PRESIDENTE SALVADOR ALLENDE,8 NORTE - PRESIDENTE SALVADOR ALLENDE,0, , ,BIDIRECCIONAL,CONCRETO,BUENO,SECO,DESPEJADO,0,0,0,1,07,071,07101,Maule,Talca,Talca,Interseccion,"8 NORTE & PRESIDENTE SALVADOR ALLENDE, Talca",-35.417691,-71.649109
-8134464.06757091,-4910596.51446831,2314,2023,1526811,2023/04/21 00:00:00+00,Abril,21,Viernes,1899/12/30 00:00:00+00,18:00:00,18,REGION DE LOS RIOS,LA UNION,COLISION LATERAL,COLISION,URBANA,TRAMO DE VIA RECTA,IMPRUDENCIA DEL CONDUCTOR,CONDUCCION NO ATENTO CONDICIONES TRANSITO MOMENTO,RENE VARAS ASENJO,HUGO AVILES,HUGO AVILES - RENE VARAS ASENJO,0, , ,BIDIRECCIONAL,CONCRETO,BUENO,SECO,DESPEJADO,0,0,0,1,14,142,14201,Los Ríos,Ranco,La Unión,Interseccion,"HUGO AVILES & RENE VARAS ASENJO, La Unión",-40.306596,-73.073134
-7873299.97059136,-3955843.03337796,2315,2023,1529191,2023/04/21 00:00:00+00,Abril,21,Viernes,1899/12/30 00:00:00+00,18:10:00,18,REGION METROPOLITANA,LO PRADO,COLISION POR ALCANCE,COLISION,URBANA,TRAMO DE VIA RECTA,IMPRUDENCIA DEL CONDUCTOR,CONDUCCION NO ATENTO CONDICIONES TRANSITO MOMENTO,GRAL OSCAR BONILLA,GRAL JUAN BUENDIA,GRAL JUAN BUENDIA - GRAL OSCAR BONILLA,0, , ,BIDIRECCIONAL,ASFALTO,BUENO,SECO,DESPEJADO,0,0,0,0,13,131,13117,Metropolitana de Santiago,Santiago,Lo Prado,Interseccion,"GRAL JUAN BUENDIA & GRAL OSCAR BONILLA, Lo Prado",-33.454914,-70.727057
-7871673.54825855,-3971292.62508344,2316,2023,1525269,2023/04/21 00:00:00+00,Abril,21,Viernes,1899/12/30 00:00:00+00,18:30:00,18,REGION METROPOLITANA,SAN BERNARDO,COLISION LATERAL,COLISION,URBANA,CRUCE SIN SEÑALIZACION,ALCOHOL EN CONDUCTOR,CONDUCCION EN ESTADO DE EBRIEDAD,PDTE JORGE ALESSANDRI RODRIGUEZ,CAMINO LOS PINOS,CAMINO LOS PINOS - PDTE JORGE ALESSANDRI RODRIGUEZ,0, , ,UNIDIRECCIONAL,ASFALTO,BUENO,SECO,DESPEJADO,0,0,0,0,13,134,13401,Metropolitana de Santiago,Maipo,San Bernardo,Interseccion,"CAMINO LOS PINOS & PDTE JORGE ALESSANDRI RODRIGUEZ, San Bernardo",-33.570629,-70.712447
-7945338.90958529,-3902234.94423573,2317,2023,1526916,2023/04/21 00:00:00+00,Abril,21,Viernes,1899/12/30 00:00:00+00,18:40:00,18,REGION VALPARAISO,VILLA ALEMANA,COLISION,COLISION,URBANA,OTROS NO CONSIDERADOS,IMPRUDENCIA DEL CONDUCTOR,CONDUCCION NO ATENTO CONDICIONES TRANSITO MOMENTO,YUNGAY,MATURANA,MATURANA - YUNGAY,0, , ,BIDIRECCIONAL,ASFALTO,BUENO,SECO,DESPEJADO,0,0,0,1,05,058,05804,Valparaíso,Marga Marga,Villa Alemana,Interseccion,"MATURANA & YUNGAY, Villa Alemana",-33.052202,-71.374194
-7851497.26903854,-3942965.56933218,2318,2023,1526101,2023/04/21 00:00:00+00,Abril,21,Viernes,1899/12/30 00:00:00+00,19:45:00,19,REGION METROPOLITANA,LO BARNECHEA,COLISION PERPENDICULAR,COLISION,URBANA,TRAMO DE VIA RECTA,IMPRUDENCIA DEL CONDUCTOR,CONDUCCION CAMBIAR SORPRESIVAMENTE PISTA CIRCULACION,STA BLANCA,STA BLANCA,STA BLANCA - STA BLANCA,0, , ,BIDIRECCIONAL CON BANDEJON,ASFALTO,BUENO,SECO,DESPEJADO,0,1,0,0,13,131,13115,Metropolitana de Santiago,Santiago,Lo Barnechea,Interseccion,"STA BLANCA & STA BLANCA, Lo Barnechea",-33.358346,-70.5312