X,Y,FID,Año,IdAccident,Fecha,Mes,Dia_mes,Dia_semana,Hora,Hora_texto,Hora_aprox,Región,Comuna,Tipo_Accid,Tipo__CONA,Zona,Ubicación,Causa__CON,Causa_Acci,Calle_Uno,Calle_Dos,Intersecci,Número,Ruta,Ubicaci_1,Calzada,Tipo_Calza,Estado_Cal,Condición,Estado_Atm,Fallecidos,Graves,Menos_Grav,Leves,CUT_REG,CUT_PROV,CUT_COM,REGION,PROVINCIA,COMUNA1,Tipo_direc,Direccion,Lat,Lon
-7853078.22848018,-3947745.60817224,2319,2023,1526677,2023/04/21 00:00:00+00,Abril,21,Viernes,1899/12/30 00:00:00+00,20:30:00,20,REGION METROPOLITANA,LAS CONDES,COLISION LATERAL,COLISION,URBANA,CRUCE CON SEMAFORO FUNCIONANDO,IMPRUDENCIA DEL CONDUCTOR,CONDUCCION NO ATENTO CONDICIONES TRANSITO MOMENTO,LAS CONDES,PADRE HURTADO NORTE,LAS CONDES - PADRE HURTADO NORTE,0, , ,BIDIRECCIONAL CON BANDEJON,ASFALTO,BUENO,SECO,DESPEJADO,0,0,0,1,13,131,13114,Metropolitana de Santiago,Santiago,Las Condes,Interseccion,"LAS CONDES & PADRE HURTADO NORTE, Las Condes",-33.394204,-70.545402
-7858586.18323445,-3873305.0342478,2320,2023,1525438,2023/04/22 00:00:00+00,Abril,22,Sábado,1899/12/30 00:00:00+00,00:50:00,0,REGION VALPARAISO,LOS ANDES,COLISION POR ALCANCE,COLISION,URBANA,CRUCE CON SEÑAL PARE,DESOBEDIENCIA A SEÑALIZACION,SEÑALIZACION DESOBEDECER SEÑAL PARE,RANCAGUA,ESMERALDA,ESMERALDA - RANCAGUA,0, , ,UNIDIRECCIONAL,ASFALTO,BUENO,SECO,DESPEJADO,0,0,0,1,05,053,05301,Valparaíso,Los Andes,Los Andes,Interseccion,"ESMERALDA & RANCAGUA, Los Andes",-32.834107,-70.594881
-7864078.26392952,-3948627.2339072,2321,2023,1528881,2023/04/22 00:00:00+00,Abril,22,Sábado,1899/12/30 00:00:00+00,07:30:00,7,REGION METROPOLITANA,RECOLETA,COLISION LATERAL,COLISION,URBANA,CRUCE CON SEMAFORO FUNCIONANDO,IMPRUDENCIA DEL CONDUCTOR,CONDUCCION CAMBIAR SORPRESIVAMENTE PISTA CIRCULACION,MUÑOZ GAMERO,EL SALTO,EL SALTO - MUÑOZ GAMERO,0, , ,BIDIRECCIONAL,ASFALTO,BUENO,SECO,DESPEJADO,0,0,0,1,13,131,13127,Metropolitana de Santiago,Santiago,Recoleta,Interseccion,"EL SALTO & MUÑOZ GAMERO, Recoleta",-33.400816,-70.644217
-7872677.01553327,-3861189.11756963,2322,2023,1527212,2023/04/22 00:00:00+00,Abril,22,Sábado,1899/12/30 00:00:00+00,08:00:00,8,REGION VALPARAISO,SAN FELIPE,CHOQUE,CHOQUE,URBANA,CRUCE CON SEMAFORO FUNCIONANDO,FALLAS MECANICAS,FALLAS MECANICAS FRENOS,HERMANOS CARRERA,ABRAHAM AHUMADA,ABRAHAM AHUMADA - HERMANOS CARRERA,0, , ,BIDIRECCIONAL,CONCRETO,BUENO,SECO,DESPEJADO,0,0,0,1,05,057,05701,Valparaíso,San Felipe de Aconcagua,San Felipe,Interseccion,"ABRAHAM AHUMADA & HERMANOS CARRERA, San Felipe",-32.742608,-70.721461
-8026937.12048721,-4383646.9799068,2323,2023,1526137,2023/04/22 00:00:00+00,Abril,22,Sábado,1899/12/30 00:00:00+00,09:00:00,9,REGION ÑUBLE,CHILLAN,COLISION PERPENDICULAR,COLISION,URBANA,CRUCE CON SEMAFORO FUNCIONANDO,IMPRUDENCIA DEL CONDUCTOR,CONDUCIR VEHICULO EN RETROCESO,O'HIGGINS,GAMERO,GAMERO - O'HIGGINS,0, , ,BIDIRECCIONAL,CONCRETO,BUENO,SECO,NEBLINA,0,0,0,1,16,161,16101,Ñuble,Diguillín,Chillán,Interseccion,"GAMERO & O'HIGGINS, Chillán",-36.601077,-72.107203
-7929867.52639089,-4163231.71601715,2324,2023,1529044,2023/04/22 00:00:00+00,Abril,22,Sábado,1899/12/30 00:00:00+00,09:25:00,9,REGION MAULE,CURICO,COLISION FRONTAL,COLISION,URBANA,CRUCE SIN SEÑALIZACION,IMPRUDENCIA DEL CONDUCTOR,NO RESPETAR DERECHO PREFERENTE DE PASO A VEHICULO,TRAPICHE,CIRCUNVALACION DOCTOR OSORIO,CIRCUNVALACION DOCTOR OSORIO - TRAPICHE,0, , ,BIDIRECCIONAL,CONCRETO,BUENO,HUMEDO,NUBLADO,0,1,0,0,07,073,07301,Maule,Curicó,Curicó,Interseccion,"CIRCUNVALACION DOCTOR OSORIO & TRAPICHE, Curicó",-34.995221,-71.235212
-7948801.58032572,-3901468.04700198,2325,2023,1525165,2023/04/22 00:00:00+00,Abril,22,Sábado,1899/12/30 00:00:00+00,14:15:00,14,REGION VALPARAISO,QUILPUE,COLISION PERPENDICULAR,COLISION,URBANA,CRUCE CON SEMAFORO FUNCIONANDO,IMPRUDENCIA DEL CONDUCTOR,CONDUCCION NO ATENTO CONDICIONES TRANSITO MOMENTO,FREIRE,ALMIRANTE GOMEZ CARREÑO,ALMIRANTE GOMEZ CARREÑO - FREIRE,0, , ,BIDIRECCIONAL,CONCRETO,BUENO,SECO,DESPEJADO,0,0,0,0,05,058,05801,Valparaíso,Marga Marga,Quilpué,Interseccion,"ALMIRANTE GOMEZ CARREÑO & FREIRE, Quilpué",-33.046427,-71.4053
-7855521.02335275,-3949681.48611555,2326,2023,1526680,2023/04/22 00:00:00+00,Abril,22,Sábado,1899/12/30 00:00:00+00,14:31:00,14,REGION METROPOLITANA,LAS CONDES,COLISION LATERAL,COLISION,URBANA,CRUCE CON SEMAFORO FUNCIONANDO,IMPRUDENCIA DEL CONDUCTOR,CONDUCCION NO ATENTO CONDICIONES TRANSITO MOMENTO,MANQUEHUE NORTE,APOQUINDO,APOQUINDO - MANQUEHUE NORTE,0, , ,BIDIRECCIONAL CON BANDEJON,ASFALTO,BUENO,SECO,DESPEJADO,0,1,0,0,13,131,13114,Metropolitana de Santiago,Santiago,Las Condes,Interseccion,"APOQUINDO & MANQUEHUE NORTE, Las Condes",-33.408722,-70.567346
-7862050.57940472,-3962848.1218138,2327,2023,1525792,2023/04/22 00:00:00+00,Abril,22,Sábado,1899/12/30 00:00:00+00,19:00:00,19,REGION METROPOLITANA,SAN JOAQUIN,VOLCADURA,VOLCADURA,URBANA,CRUCE CON SEMAFORO FUNCIONANDO,DESOBEDIENCIA A SEÑALIZACION,SEÑALIZACION DESOBEDECER LUZ ROJA DE SEMAFORO,DEPARTAMENTAL,LAS INDUSTRIAS,DEPARTAMENTAL - LAS INDUSTRIAS,0, , ,UNIDIRECCIONAL,ASFALTO,BUENO,CON ACEITE,DESPEJADO,0,0,0,1,13,131,13129,Metropolitana de Santiago,Santiago,San Joaquín,Interseccion,"DEPARTAMENTAL & LAS INDUSTRIAS, San Joaquín",-33.5074,-70.626002
-7930347.04626283,-3488148.50752125,2328,2023,1527214,2023/04/22 00:00:00+00,Abril,22,Sábado,1899/12/30 00:00:00+00,21:00:00,21,REGION COQUIMBO,LA SERENA,COLISION PERPENDICULAR,COLISION,URBANA,CRUCE CON SEMAFORO FUNCIONANDO,DESOBEDIENCIA A SEÑALIZACION,SEÑALIZACION DESOBEDECER LUZ ROJA DE SEMAFORO,ARGENTINA,MEXICO,ARGENTINA - MEXICO,0, , ,BIDIRECCIONAL,ASFALTO,BUENO,SECO,DESPEJADO,0,0,0,1,04,041,04101,Coquimbo,Elqui,La Serena,Interseccion,"ARGENTINA & MEXICO, La Serena",-29.880111,-71.23952
-7908338.89346892,-4124497.06607791,2329,2023,1528427,2023/04/22 00:00:00+00,Abril,22,Sábado,1899/12/30 00:00:00+00,22:10:00,22,REGION LIB.B.O'HIGGINS,CHIMBARONGO,COLISION LATERAL,COLISION,URBANA,CRUCE CON SEÑAL PARE,IMPRUDENCIA DEL CONDUCTOR,CONDUCCION NO ATENTO CONDICIONES TRANSITO MOMENTO,JAVIERA CARRERA,PISAGUA,JAVIERA CARRERA - PISAGUA,0, , ,UNIDIRECCIONAL,ASFALTO,BUENO,SECO,DESPEJADO,0,0,0,1,06,063,06303,Libertador General Bernardo O'Higgins,Colchagua,Chimbarongo,Interseccion,"JAVIERA CARRERA & PISAGUA, Chimbarongo",-34.709677,-71.041817
-8129174.27666564,-4428658.73951844,2330,2023,1527434,2023/04/22 00:00:00+00,Abril,22,Sábado,1899/12/30 00:00:00+00,23:15:00,23,REGION BIO BIO,CHIGUAYANTE,COLISION PERPENDICULAR,COLISION,URBANA,CRUCE CON SEMAFORO FUNCIONANDO,DESOBEDIENCIA A SEÑALIZACION,SEÑALIZACION DESOBEDECER LUZ ROJA DE SEMAFORO,CHIGUAY,MANUEL RODRIGUEZ,CHIGUAY - MANUEL RODRIGUEZ,0, , ,BIDIRECCIONAL CON BANDEJON,CONCRETO,BUENO,SECO,DESPEJADO,0,1,0,1,08,081,08103,Biobío,Concepción,Chiguayante,Interseccion,"CHIGUAY & MANUEL RODRIGUEZ, Chiguayante",-36.925006,-73.025615
-7874810.46470628,-4051669.53852181,2331,2023,1525647,2023/04/22 00:00:00+00,Abril,22,Sábado,1899/12/30 00:00:00+00,23:50:00,23,REGION LIB.B.O'HIGGINS,RANCAGUA,COLISION POR ALCANCE,COLISION,URBANA,CRUCE CON SEMAFORO FUNCIONANDO,IMPRUDENCIA DEL CONDUCTOR,CONDUCCION SIN MANTENER DISTANCIA RAZONABLE NI PRUDENTE,EL SOL,DIEGO DE ALMAGRO,DIEGO DE ALMAGRO - EL SOL,0, , ,BIDIRECCIONAL CON BANDEJON,CONCRETO,BUENO,SECO,NUBLADO,0,0,0,1,06,061,06101,Libertador General Bernardo O'Higgins,Cachapoal,Rancagua,Interseccion,"DIEGO DE ALMAGRO & EL SOL, Rancagua",-34.170132,-70.740626
-7873584.48087914,-3862041.45951469,2332,2023,1527227,2023/04/23 00:00:00+00,Abril,23,Domingo,1899/12/30 00:00:00+00,01:45:00,1,REGION VALPARAISO,SAN FELIPE,CHOQUE POSTERIOR,CHOQUE,URBANA,CRUCE CON SEMAFORO FUNCIONANDO,ALCOHOL EN CONDUCTOR,CONDUCCION BAJO LA INFLUENCIA DEL ALCOHOL,MAIPU,ARTURO PRAT,ARTURO PRAT - MAIPU,0, , ,BIDIRECCIONAL,ASFALTO,BUENO,SECO,DESPEJADO,0,0,0,1,05,057,05701,Valparaíso,San Felipe de Aconcagua,San Felipe,Interseccion,"ARTURO PRAT & MAIPU, San Felipe",-32.749048,-70.729613
-7869442.75019085,-3952723.16679882,2333,2023,1526124,2023/04/23 00:00:00+00,Abril,23,Domingo,1899/12/30 00:00:00+00,02:25:00,2,REGION METROPOLITANA,QUINTA NORMAL,COLISION LATERAL,COLISION,URBANA,CRUCE CON SEMAFORO FUNCIONANDO,ALCOHOL EN CONDUCTOR,CONDUCCION EN ESTADO DE EBRIEDAD,CRNEL ROBLES,ANDES,ANDES - CRNEL ROBLES,0, , ,UNIDIRECCIONAL,ASFALTO,REGULAR,SECO,DESPEJADO,0,1,0,0,13,131,13126,Metropolitana de Santiago,Santiago,Quinta Normal,Interseccion,"ANDES & CRNEL ROBLES, Quinta Normal",-33.431528,-70.692407
-7969858.83081939,-4279568.71644346,2334,2023,1527545,2023/04/23 00:00:00+00,Abril,23,Domingo,1899/12/30 00:00:00+00,04:10:00,4,REGION MAULE,LINARES,VOLCADURA,VOLCADURA,URBANA,TRAMO DE VIA RECTA,ALCOHOL EN CONDUCTOR,CONDUCCION EN ESTADO DE EBRIEDAD,INDEPENDENCIA,LAUTARO,INDEPENDENCIA - LAUTARO,0, , ,BIDIRECCIONAL,ASFALTO,BUENO,SECO,DESPEJADO,0,0,1,0,07,074,07401,Maule,Linares,Linares,Interseccion,"INDEPENDENCIA & LAUTARO, Linares",-35.846851,-71.59446
-7866151.92340402,-3953142.15070176,2335,2023,1528137,2023/04/23 00:00:00+00,Abril,23,Domingo,1899/12/30 00:00:00+00,08:30:00,8,REGION METROPOLITANA,SANTIAGO,VOLCADURA,VOLCADURA,URBANA,TRAMO DE VIA RECTA,DESOBEDIENCIA A SEÑALIZACION,SEÑALIZACION DESOBEDECER SEÑAL PARE,SAN PABLO,ALMTE BARROSO,ALMTE BARROSO - SAN PABLO,0, , ,UNIDIRECCIONAL,CONCRETO,BUENO,SECO,DESPEJADO,0,1,0,0,13,131,13101,Metropolitana de Santiago,Santiago,Santiago,Interseccion,"ALMTE BARROSO & SAN PABLO, Santiago",-33.434669,-70.662845
-7866361.76064416,-3963773.33080124,2336,2023,1525817,2023/04/23 00:00:00+00,Abril,23,Domingo,1899/12/30 00:00:00+00,09:00:00,9,REGION METROPOLITANA,LA CISTERNA,COLISION PERPENDICULAR,COLISION,URBANA,CRUCE CON SEÑAL PARE,DESOBEDIENCIA A SEÑALIZACION,SEÑALIZACION DESOBEDECER SEÑAL PARE,SAN LUIS,BRIONES LUCO,BRIONES LUCO - SAN LUIS,0, , ,BIDIRECCIONAL,CONCRETO,BUENO,SECO,DESPEJADO,0,0,0,1,13,131,13109,Metropolitana de Santiago,Santiago,La Cisterna,Interseccion,"BRIONES LUCO & SAN LUIS, La Cisterna",-33.51433,-70.66473
-8014277.75668584,-4148070.68584128,2337,2023,1525661,2023/04/23 00:00:00+00,Abril,23,Domingo,1899/12/30 00:00:00+00,11:30:00,11,REGION MAULE,VICHUQUEN,COLISION LATERAL,COLISION,URBANA,TRAMO DE VIA RECTA,IMPRUDENCIA DEL CONDUCTOR,CONDUCCION NO ATENTO CONDICIONES TRANSITO MOMENTO,BALMACEDA,LUIS CRUZ MARTINEZ,BALMACEDA - LUIS CRUZ MARTINEZ,0, , ,BIDIRECCIONAL,ASFALTO,BUENO,SECO,DESPEJADO,0,0,0,0,07,073,07309,Maule,Curicó,Vichuquén,Interseccion,"BALMACEDA & LUIS CRUZ MARTINEZ, Vichuquén",-34.883575,-71.993482
-7939187.13853375,-3499468.95694961,2338,2023,1526126,2023/04/23 00:00:00+00,Abril,23,Domingo,1899/12/30 00:00:00+00,13:00:00,13,REGION COQUIMBO,COQUIMBO,COLISION PERPENDICULAR,COLISION,URBANA,CRUCE SIN SEÑALIZACION,IMPRUDENCIA DEL CONDUCTOR,"ADELANTAMIENTO EN CRUCE, CURVA, CUESTA, PUENTE",SUECIA,DINAMARCA,DINAMARCA - SUECIA,0, , ,BIDIRECCIONAL,ASFALTO,BUENO,SECO,DESPEJADO,0,1,0,0,04,041,04102,Coquimbo,Elqui,Coquimbo,Interseccion,"DINAMARCA & SUECIA, Coquimbo",-29.968247,-71.318932
-7855144.20687642,-3969882.97531813,2339,2023,1525880,2023/04/23 00:00:00+00,Abril,23,Domingo,1899/12/30 00:00:00+00,13:15:00,13,REGION METROPOLITANA,LA FLORIDA,COLISION LATERAL,COLISION,URBANA,TRAMO DE VIA RECTA,IMPRUDENCIA DEL CONDUCTOR,VIRAJES INDEBIDOS,DIEGO PORTALES,DELIA PONIENTE,DELIA PONIENTE - DIEGO PORTALES,0, , ,UNIDIRECCIONAL,ASFALTO,BUENO,SECO,DESPEJADO,0,0,0,1,13,131,13110,Metropolitana de Santiago,Santiago,La Florida,Interseccion,"DELIA PONIENTE & DIEGO PORTALES, La Florida",-33.560077,-70.563961
-7973904.27015928,-3900193.41824936,2340,2023,1525853,2023/04/23 00:00:00+00,Abril,23,Domingo,1899/12/30 00:00:00+00,13:15:00,13,REGION VALPARAISO,VALPARAISO,COLISION,COLISION,URBANA,CRUCE CON SEÑAL PARE,DESOBEDIENCIA A SEÑALIZACION,SEÑALIZACION DESOBEDECER SEÑAL PARE,CASTILLO,CLAVE,CASTILLO - CLAVE,0, , ,UNIDIRECCIONAL,CONCRETO,BUENO,SECO,DESPEJADO,0,0,0,0,05,051,05101,Valparaíso,Valparaíso,Valparaíso,Interseccion,"CASTILLO & CLAVE, Valparaíso",-33.036829,-71.630801
-8131110.23393003,-4414346.6723696,2341,2023,1526289,2023/04/23 00:00:00+00,Abril,23,Domingo,1899/12/30 00:00:00+00,14:55:00,14,REGION BIO BIO,CONCEPCION,COLISION POR ALCANCE,COLISION,URBANA,TRAMO DE VIA RECTA,IMPRUDENCIA DEL CONDUCTOR,CONDUCCION SIN MANTENER DISTANCIA RAZONABLE NI PRUDENTE,PAICAVI,FREIRE,FREIRE - PAICAVI,0, , ,BIDIRECCIONAL CON BANDEJON,CONCRETO,BUENO,SECO,DESPEJADO,0,1,0,0,08,081,08101,Biobío,Concepción,Concepción,Interseccion,"FREIRE & PAICAVI, Concepción",-36.822157,-73.043006
-7858492.14060655,-3875792.88334117,2342,2023,1528838,2023/04/23 00:00:00+00,Abril,23,Domingo,1899/12/30 00:00:00+00,17:50:00,17,REGION VALPARAISO,LOS ANDES,VOLCADURA,VOLCADURA,URBANA,TRAMO DE VIA RECTA,IMPRUDENCIA DEL CONDUCTOR,CONDUCCION NO ATENTO CONDICIONES TRANSITO MOMENTO,RAFAEL GRASSO,HECTOR GONZALEZ,HECTOR GONZALEZ - RAFAEL GRASSO,0, , ,UNIDIRECCIONAL,CONCRETO,BUENO,SECO,DESPEJADO,0,1,0,0,05,053,05301,Valparaíso,Los Andes,Los Andes,Interseccion,"HECTOR GONZALEZ & RAFAEL GRASSO, Los Andes",-32.852883,-70.594036
-7869515.77577681,-3953642.52352257,2343,2023,1530212,2023/04/23 00:00:00+00,Abril,23,Domingo,1899/12/30 00:00:00+00,18:00:00,18,REGION METROPOLITANA,QUINTA NORMAL,COLISION LATERAL,COLISION,URBANA,TRAMO DE VIA RECTA,IMPRUDENCIA DEL CONDUCTOR,CONDUCCION NO ATENTO CONDICIONES TRANSITO MOMENTO,SAN PABLO,DIAZ SAGREDO,DIAZ SAGREDO - SAN PABLO,0, , ,UNIDIRECCIONAL,ASFALTO,REGULAR,SECO,DESPEJADO,0,1,0,0,13,131,13126,Metropolitana de Santiago,Santiago,Quinta Normal,Interseccion,"DIAZ SAGREDO & SAN PABLO, Quinta Normal",-33.43842,-70.693063
-7941324.22782071,-3498105.89338876,2344,2023,1526294,2023/04/23 00:00:00+00,Abril,23,Domingo,1899/12/30 00:00:00+00,20:55:00,20,REGION COQUIMBO,COQUIMBO,COLISION PERPENDICULAR,COLISION,URBANA,CRUCE CON SEMAFORO FUNCIONANDO,ALCOHOL EN CONDUCTOR,CONDUCCION EN ESTADO DE EBRIEDAD,VARELA,PORTALES,PORTALES - VARELA,0, , ,BIDIRECCIONAL CON BANDEJON,ASFALTO,BUENO,SECO,DESPEJADO,0,0,1,0,04,041,04102,Coquimbo,Elqui,Coquimbo,Interseccion,"PORTALES & VARELA, Coquimbo",-29.957639,-71.338129
-7828044.11145295,-3171079.96286714,2345,2023,1526526,2023/04/23 00:00:00+00,Abril,23,Domingo,1899/12/30 00:00:00+00,21:00:00,21,REGION ATACAMA,COPIAPO,COLISION POR ALCANCE,COLISION,URBANA,CRUCE CON SEMAFORO FUNCIONANDO,IMPRUDENCIA DEL CONDUCTOR,CONDUCCION SIN MANTENER DISTANCIA RAZONABLE NI PRUDENTE,LOS AROMOS,LUIS FLORES,LOS AROMOS - LUIS FLORES,0, , ,BIDIRECCIONAL,ASFALTO,BUENO,HUMEDO,NUBLADO,0,0,0,1,03,031,03101,Atacama,Copiapó,Copiapó,Interseccion,"LOS AROMOS & LUIS FLORES, Copiapó",-27.380411,-70.320517
-7826066.10876123,-2093106.36556838,2346,2023,1525560,2023/04/24 00:00:00+00,Abril,24,Lunes,1899/12/30 00:00:00+00,07:15:00,7,REGION ARICA Y PARINACOTA,ARICA,COLISION,COLISION,URBANA,TRAMO DE VIA RECTA,IMPRUDENCIA DEL CONDUCTOR,CONDUCCION NO ATENTO CONDICIONES TRANSITO MOMENTO,DIEGO PORTALES,BARROS ARANA,BARROS ARANA - DIEGO PORTALES,0, , ,BIDIRECCIONAL CON BANDEJON,ASFALTO,BUENO,SECO,DESPEJADO,0,0,0,1,15,151,15101,Arica y Parinacota,Arica,Arica,Interseccion,"BARROS ARANA & DIEGO PORTALES, Arica",-18.474014,-70.302748
-7883055.23148352,-3961970.88523421,2347,2023,1530138,2023/04/24 00:00:00+00,Abril,24,Lunes,1899/12/30 00:00:00+00,07:40:00,7,REGION METROPOLITANA,MAIPU,VOLCADURA,VOLCADURA,URBANA,TRAMO DE VIA RECTA,IMPRUDENCIA DEL CONDUCTOR,CONDUCCION NO ATENTO CONDICIONES TRANSITO MOMENTO,CAMINO A RINCONADA,LAS MERCEDES,CAMINO A RINCONADA - LAS MERCEDES,0, , ,BIDIRECCIONAL CON BANDEJON,ASFALTO,BUENO,SECO,DESPEJADO,0,0,0,2,13,131,13119,Metropolitana de Santiago,Santiago,Maipú,Interseccion,"CAMINO A RINCONADA & LAS MERCEDES, Maipú",-33.500829,-70.81469
-7865583.18099361,-3951907.05210035,2348,2023,1527398,2023/04/24 00:00:00+00,Abril,24,Lunes,1899/12/30 00:00:00+00,08:00:00,8,REGION METROPOLITANA,INDEPENDENCIA,COLISION PERPENDICULAR,COLISION,URBANA,CRUCE CON SEÑAL PARE,DESOBEDIENCIA A SEÑALIZACION,SEÑALIZACION DESOBEDECER SEÑAL PARE,CRNEL AGUSTIN LOPEZ DE ALCAZAR,CRUZ,CRNEL AGUSTIN LOPEZ DE ALCAZAR - CRUZ,0, , ,UNIDIRECCIONAL,ASFALTO,BUENO,SECO,DESPEJADO,0,0,0,1,13,131,13108,Metropolitana de Santiago,Santiago,Independencia,Interseccion,"CRNEL AGUSTIN LOPEZ DE ALCAZAR & CRUZ, Independencia",-33.42541,-70.657736
-7878708.72549723,-3955005.97356469,2349,2023,1526617,2023/04/24 00:00:00+00,Abril,24,Lunes,1899/12/30 00:00:00+00,09:35:00,9,REGION METROPOLITANA,PUDAHUEL,COLISION PERPENDICULAR,COLISION,URBANA,TRAMO DE VIA RECTA,IMPRUDENCIA DEL CONDUCTOR,CONDUCCION NO ATENTO CONDICIONES TRANSITO MOMENTO,AMERICO VESPUCIO,CLAUDIO ARRAU,AMERICO VESPUCIO - CLAUDIO ARRAU,0, , ,BIDIRECCIONAL,CONCRETO,REGULAR,HUMEDO,DESPEJADO,0,0,0,1,13,131,13124,Metropolitana de Santiago,Santiago,Pudahuel,Interseccion,"AMERICO VESPUCIO & CLAUDIO ARRAU, Pudahuel",-33.44864,-70.775645
-7977301.54069887,-4224993.44721465,2350,2023,1526095,2023/04/24 00:00:00+00,Abril,24,Lunes,1899/12/30 00:00:00+00,12:10:00,12,REGION MAULE,TALCA,CHOQUE FRENTE/POSTERIOR,CHOQUE,URBANA,TRAMO DE VIA RECTA,IMPRUDENCIA DEL CONDUCTOR,CONDUCCION NO ATENTO CONDICIONES TRANSITO MOMENTO,IGNACIO CARRERA PINTO,17 1/2 SUR A,17 1/2 SUR A - IGNACIO CARRERA PINTO,0, , ,BIDIRECCIONAL,CONCRETO,BUENO,SECO,DESPEJADO,0,0,0,0,07,071,07101,Maule,Talca,Talca,Interseccion,"17 1/2 SUR A & IGNACIO CARRERA PINTO, Talca",-35.448461,-71.661319
-8139018.70445879,-4416789.16843684,2351,2023,1525522,2023/04/24 00:00:00+00,Abril,24,Lunes,1899/12/30 00:00:00+00,12:35:00,12,REGION BIO BIO,SAN PEDRO DE LA PAZ,COLISION LATERAL,COLISION,URBANA,CRUCE SIN SEÑALIZACION,IMPRUDENCIA DEL CONDUCTOR,CONDUCCION CAMBIAR SORPRESIVAMENTE PISTA CIRCULACION,PEDRO AGUIRRE CERDA,LUIS GOMEZ DE VIDAURRE,LUIS GOMEZ DE VIDAURRE - PEDRO AGUIRRE CERDA,0, , ,BIDIRECCIONAL CON BANDEJON,CONCRETO,BUENO,SECO,DESPEJADO,1,0,0,0,08,081,08108,Biobío,Concepción,San Pedro de la Paz,Interseccion,"LUIS GOMEZ DE VIDAURRE & PEDRO AGUIRRE CERDA, San Pedro de la Paz",-36.839719,-73.114049
-8121379.12932284,-4384800.3018926,2352,2023,1526077,2023/04/24 00:00:00+00,Abril,24,Lunes,1899/12/30 00:00:00+00,13:20:00,13,REGION BIO BIO,TOME,VOLCADURA,VOLCADURA,URBANA,CRUCE CON SEÑAL PARE,VELOCIDAD IMPRUDENTE,VELOCIDAD NO RAZONABLE NI PRUDENTE,VICENTE PALACIOS,LEON LUCO,LEON LUCO - VICENTE PALACIOS,0, , ,BIDIRECCIONAL,CONCRETO,BUENO,SECO,DESPEJADO,0,0,0,1,08,081,08111,Biobío,Concepción,Tomé,Interseccion,"LEON LUCO & VICENTE PALACIOS, Tomé",-36.609394,-72.95559
-7856303.15409506,-3949481.85624319,2353,2023,1526701,2023/04/24 00:00:00+00,Abril,24,Lunes,1899/12/30 00:00:00+00,13:30:00,13,REGION METROPOLITANA,LAS CONDES,COLISION POR ALCANCE,COLISION,URBANA,TRAMO DE VIA RECTA,IMPRUDENCIA DEL CONDUCTOR,CONDUCCION SIN MANTENER DISTANCIA RAZONABLE NI PRUDENTE,LOS MILITARES,FLOR DE AZUCENA,FLOR DE AZUCENA - LOS MILITARES,0, , ,BIDIRECCIONAL,ASFALTO,BUENO,SECO,DESPEJADO,0,0,0,0,13,131,13114,Metropolitana de Santiago,Santiago,Las Condes,Interseccion,"FLOR DE AZUCENA & LOS MILITARES, Las Condes",-33.407225,-70.574372
-7930581.52963824,-3488468.59035267,2354,2023,1527220,2023/04/24 00:00:00+00,Abril,24,Lunes,1899/12/30 00:00:00+00,13:45:00,13,REGION COQUIMBO,LA SERENA,COLISION LATERAL,COLISION,URBANA,CRUCE CON SEÑAL PARE,IMPRUDENCIA DEL CONDUCTOR,ADELANTAMIENTO SIN EL ESPACIO O TIEMPO SUFICIENTE,NICARAGUA,GASPAR MARIN,GASPAR MARIN - NICARAGUA,0, , ,BIDIRECCIONAL,ASFALTO,BUENO,SECO,DESPEJADO,0,0,0,1,04,041,04101,Coquimbo,Elqui,La Serena,Interseccion,"GASPAR MARIN & NICARAGUA, La Serena",-29.882604,-71.241626
-8126939.98316593,-5050474.07483719,2355,2023,1529318,2023/04/24 00:00:00+00,Abril,24,Lunes,1899/12/30 00:00:00+00,14:00:00,14,REGION LOS LAGOS,LLANQUIHUE,CHOQUE FRENTE/POSTERIOR,CHOQUE,URBANA,TRAMO DE VIA RECTA,IMPRUDENCIA DEL CONDUCTOR,CONDUCCION NO ATENTO CONDICIONES TRANSITO MOMENTO,MANUEL ANTONIO MATTA,VALDIVIESO,MANUEL ANTONIO MATTA - VALDIVIESO,0, , ,BIDIRECCIONAL,ASFALTO,BUENO,SECO,DESPEJADO,0,0,0,0,10,101,10107,Los Lagos,Llanquihue,Llanquihue,Interseccion,"MANUEL ANTONIO MATTA & VALDIVIESO, Llanquihue",-41.258018,-73.005544
-8126939.98316593,-5050474.07483719,2356,2023,1529373,2023/04/24 00:00:00+00,Abril,24,Lunes,1899/12/30 00:00:00+00,14:00:00,14,REGION LOS LAGOS,LLANQUIHUE,CHOQUE FRENTE/POSTERIOR,CHOQUE,URBANA,TRAMO DE VIA RECTA,IMPRUDENCIA DEL CONDUCTOR,CONDUCCION NO ATENTO CONDICIONES TRANSITO MOMENTO,MANUEL ANTONIO MATTA,VALDIVIESO,MANUEL ANTONIO MATTA - VALDIVIESO,0, , ,BIDIRECCIONAL,ASFALTO,BUENO,SECO,DESPEJADO,0,0,0,0,10,101,10107,Los Lagos,Llanquihue,Llanquihue,Interseccion,"MANUEL ANTONIO MATTA & VALDIVIESO, Llanquihue",-41.258018,-73.005544
-8050005.19064735,-4295357.30611459,2357,2023,1527599,2023/04/24 00:00:00+00,Abril,24,Lunes,1899/12/30 00:00:00+00,14:14:00,14,REGION MAULE,CAUQUENES,COLISION LATERAL,COLISION,URBANA,CRUCE CON SEÑAL PARE,IMPRUDENCIA DEL CONDUCTOR,NO RESPETAR DERECHO PREFERENTE DE PASO A VEHICULO,SOTERO DEL RIO GUNDIAN,CLAUDINA URRUTIA,CLAUDINA URRUTIA - SOTERO DEL RIO GUNDIAN,0, , ,BIDIRECCIONAL,ASFALTO,BUENO,SECO,DESPEJADO,0,0,0,1,07,072,07201,Maule,Cauquenes,Cauquenes,Interseccion,"CLAUDINA URRUTIA & SOTERO DEL RIO GUNDIAN, Cauquenes",-35.961734,-72.314427