X,Y,FID,Año,IdAccident,Fecha,Mes,Dia_mes,Dia_semana,Hora,Hora_texto,Hora_aprox,Región,Comuna,Tipo_Accid,Tipo__CONA,Zona,Ubicación,Causa__CON,Causa_Acci,Calle_Uno,Calle_Dos,Intersecci,Número,Ruta,Ubicaci_1,Calzada,Tipo_Calza,Estado_Cal,Condición,Estado_Atm,Fallecidos,Graves,Menos_Grav,Leves,CUT_REG,CUT_PROV,CUT_COM,REGION,PROVINCIA,COMUNA1,Tipo_direc,Direccion,Lat,Lon
-7942138.83042509,-3498777.37799547,2358,2023,1526302,2023/04/24 00:00:00+00,Abril,24,Lunes,1899/12/30 00:00:00+00,15:15:00,15,REGION COQUIMBO,COQUIMBO,COLISION PERPENDICULAR,COLISION,URBANA,CRUCE CON SEÑAL PARE,DESOBEDIENCIA A SEÑALIZACION,SEÑALIZACION DESOBEDECER SEÑAL PARE,TUCAPEL,LARRONDO,LARRONDO - TUCAPEL,0, , ,UNIDIRECCIONAL,ASFALTO,BUENO,SECO,DESPEJADO,0,0,0,0,04,041,04102,Coquimbo,Elqui,Coquimbo,Interseccion,"LARRONDO & TUCAPEL, Coquimbo",-29.962865,-71.345447
-7927063.46631919,-3581727.590645,2359,2023,1526213,2023/04/24 00:00:00+00,Abril,24,Lunes,1899/12/30 00:00:00+00,16:25:00,16,REGION COQUIMBO,OVALLE,COLISION LATERAL,COLISION,URBANA,TRAMO DE VIA RECTA,IMPRUDENCIA DEL CONDUCTOR,CONDUCCION SIN MANTENER DISTANCIA RAZONABLE NI PRUDENTE,LAURA PIZARRO,EL MIRADOR,EL MIRADOR - LAURA PIZARRO,0, , ,BIDIRECCIONAL,ASFALTO,BUENO,SECO,DESPEJADO,0,0,0,1,04,043,04301,Coquimbo,Limarí,Ovalle,Interseccion,"EL MIRADOR & LAURA PIZARRO, Ovalle",-30.606323,-71.210023
-7855739.3208742,-3972082.30515995,2360,2023,1528665,2023/04/24 00:00:00+00,Abril,24,Lunes,1899/12/30 00:00:00+00,16:55:00,16,REGION METROPOLITANA,PUENTE ALTO,COLISION LATERAL,COLISION,URBANA,TRAMO DE VIA RECTA,IMPRUDENCIA DEL CONDUCTOR,CONDUCCION NO ATENTO CONDICIONES TRANSITO MOMENTO,CORDILLERA,LAS VIOLETAS,CORDILLERA - LAS VIOLETAS,0, , ,BIDIRECCIONAL,CONCRETO,BUENO,SECO,DESPEJADO,0,0,0,1,13,132,13201,Metropolitana de Santiago,Cordillera,Puente Alto,Interseccion,"CORDILLERA & LAS VIOLETAS, Puente Alto",-33.576539,-70.569307
-7861468.15582889,-3966903.15277059,2361,2023,1526329,2023/04/24 00:00:00+00,Abril,24,Lunes,1899/12/30 00:00:00+00,18:10:00,18,REGION METROPOLITANA,LA GRANJA,ATROPELLO,ATROPELLO,URBANA,CRUCE SIN SEÑALIZACION,IMPRUDENCIA DEL CONDUCTOR,NO RESPETAR DERECHO PREFERENTE DE PASO A PEATON,LA SERENA,RIO CACHAPOAL,LA SERENA - RIO CACHAPOAL,0, , ,BIDIRECCIONAL CON BANDEJON,ASFALTO,BUENO,SECO,DESPEJADO,0,0,0,0,13,131,13111,Metropolitana de Santiago,Santiago,La Granja,Interseccion,"LA SERENA & RIO CACHAPOAL, La Granja",-33.537768,-70.62077
-7929641.54788024,-3876387.217998,2362,2023,1527506,2023/04/24 00:00:00+00,Abril,24,Lunes,1899/12/30 00:00:00+00,22:59:00,22,REGION VALPARAISO,QUILLOTA,VOLCADURA,VOLCADURA,URBANA,TRAMO DE VIA RECTA,DEFICIENCIAS VIALES,ANIMALES SUELTOS VIA PUBLICA,CALETERA SIETE,LORCA PRIETO,CALETERA SIETE - LORCA PRIETO,0, , ,BIDIRECCIONAL,ASFALTO,BUENO,SECO,DESPEJADO,0,0,0,1,05,055,05501,Valparaíso,Quillota,Quillota,Interseccion,"CALETERA SIETE & LORCA PRIETO, Quillota",-32.857368,-71.233182
-8135937.38100929,-4410733.88533686,2363,2023,1525888,2023/04/25 00:00:00+00,Abril,25,Martes,1899/12/30 00:00:00+00,03:00:00,3,REGION BIO BIO,HUALPEN,CHOQUE FRONTAL,CHOQUE,URBANA,CRUCE CON SEÑAL CEDA EL PASO,VELOCIDAD IMPRUDENTE,VELOCIDAD MAYOR QUE MAXIMA PERMITIDA,CRISTOBAL COLON,LOS CONQUISTADORES,CRISTOBAL COLON - LOS CONQUISTADORES,0, , ,BIDIRECCIONAL CON BANDEJON,CONCRETO,BUENO,SECO,DESPEJADO,0,1,0,0,08,081,08112,Biobío,Concepción,Hualpén,Interseccion,"CRISTOBAL COLON & LOS CONQUISTADORES, Hualpén",-36.796173,-73.086369
-7861460.25214504,-3955926.95825242,2364,2023,1526939,2023/04/25 00:00:00+00,Abril,25,Martes,1899/12/30 00:00:00+00,03:40:00,3,REGION METROPOLITANA,ÑUÑOA,COLISION LATERAL,COLISION,URBANA,CRUCE CON SEMAFORO FUNCIONANDO,IMPRUDENCIA DEL CONDUCTOR,CONDUCCION NO ATENTO CONDICIONES TRANSITO MOMENTO,SALVADOR,JOSE DOMINGO CAÑAS,JOSE DOMINGO CAÑAS - SALVADOR,0, , ,BIDIRECCIONAL,ASFALTO,BUENO,SECO,DESPEJADO,0,0,0,0,13,131,13120,Metropolitana de Santiago,Santiago,Ñuñoa,Interseccion,"JOSE DOMINGO CAÑAS & SALVADOR, Ñuñoa",-33.455543,-70.620699
-7860732.04459747,-3951865.7578655,2365,2023,1526865,2023/04/25 00:00:00+00,Abril,25,Martes,1899/12/30 00:00:00+00,06:00:00,6,REGION METROPOLITANA,PROVIDENCIA,COLISION LATERAL,COLISION,URBANA,TRAMO DE VIA RECTA,IMPRUDENCIA DEL CONDUCTOR,CONDUCCION CAMBIAR SORPRESIVAMENTE PISTA CIRCULACION,PROVIDENCIA,MARCHANT PEREIRA,MARCHANT PEREIRA - PROVIDENCIA,0, , ,UNIDIRECCIONAL,ASFALTO,REGULAR,SECO,DESPEJADO,0,1,0,0,13,131,13123,Metropolitana de Santiago,Santiago,Providencia,Interseccion,"MARCHANT PEREIRA & PROVIDENCIA, Providencia",-33.4251,-70.614157
-7861133.31049639,-3967978.64439338,2366,2023,1526409,2023/04/25 00:00:00+00,Abril,25,Martes,1899/12/30 00:00:00+00,08:00:00,8,REGION METROPOLITANA,LA GRANJA,COLISION LATERAL,COLISION,URBANA,CRUCE CON SEMAFORO FUNCIONANDO,IMPRUDENCIA DEL CONDUCTOR,CONDUCCION NO ATENTO CONDICIONES TRANSITO MOMENTO,CORONEL,MANUEL RODRIGUEZ,CORONEL - MANUEL RODRIGUEZ,0, , ,BIDIRECCIONAL,ASFALTO,BUENO,SECO,DESPEJADO,0,0,0,0,13,131,13111,Metropolitana de Santiago,Santiago,La Granja,Interseccion,"CORONEL & MANUEL RODRIGUEZ, La Granja",-33.545821,-70.617762
-7860604.31658033,-3954024.05399077,2367,2023,1526904,2023/04/25 00:00:00+00,Abril,25,Martes,1899/12/30 00:00:00+00,08:19:00,8,REGION METROPOLITANA,PROVIDENCIA,COLISION LATERAL,COLISION,URBANA,TRAMO DE VIA RECTA,IMPRUDENCIA DEL CONDUCTOR,CONDUCCION NO ATENTO CONDICIONES TRANSITO MOMENTO,ANTONIO VARAS,ARTURO CLARO,ANTONIO VARAS - ARTURO CLARO,0, , ,UNIDIRECCIONAL,ASFALTO,REGULAR,SECO,DESPEJADO,0,0,0,1,13,131,13123,Metropolitana de Santiago,Santiago,Providencia,Interseccion,"ANTONIO VARAS & ARTURO CLARO, Providencia",-33.44128,-70.61301
-7949163.09032754,-3903018.14890056,2368,2023,1526247,2023/04/25 00:00:00+00,Abril,25,Martes,1899/12/30 00:00:00+00,08:30:00,8,REGION VALPARAISO,QUILPUE,COLISION POR ALCANCE,COLISION,URBANA,CRUCE SIN SEÑALIZACION,IMPRUDENCIA DEL CONDUCTOR,CONDUCCION NO ATENTO CONDICIONES TRANSITO MOMENTO,EL ALBA,LEOPOLDO RAFFO,EL ALBA - LEOPOLDO RAFFO,0, , ,BIDIRECCIONAL,ASFALTO,BUENO,SECO,DESPEJADO,0,0,1,0,05,058,05801,Valparaíso,Marga Marga,Quilpué,Interseccion,"EL ALBA & LEOPOLDO RAFFO, Quilpué",-33.058099,-71.408547
-7864605.6956769,-3969706.77452838,2369,2023,1526259,2023/04/25 00:00:00+00,Abril,25,Martes,1899/12/30 00:00:00+00,09:00:00,9,REGION METROPOLITANA,LA PINTANA,COLISION PERPENDICULAR,COLISION,URBANA,CRUCE CON SEÑAL PARE,DESOBEDIENCIA A SEÑALIZACION,SEÑALIZACION DESOBEDECER SEÑAL PARE,SAN FRANCISCO,CELANOVA,CELANOVA - SAN FRANCISCO,0, , ,BIDIRECCIONAL CON BANDEJON,ASFALTO,BUENO,SECO,DESPEJADO,0,1,0,0,13,131,13112,Metropolitana de Santiago,Santiago,La Pintana,Interseccion,"CELANOVA & SAN FRANCISCO, La Pintana",-33.558758,-70.648955
-7855570.89448463,-3958203.83697822,2370,2023,1526948,2023/04/25 00:00:00+00,Abril,25,Martes,1899/12/30 00:00:00+00,11:57:00,11,REGION METROPOLITANA,PEÑALOLEN,VOLCADURA,VOLCADURA,URBANA,TRAMO DE VIA RECTA,VELOCIDAD IMPRUDENTE,VELOCIDAD NO RAZONABLE NI PRUDENTE,CRNEL ALEJANDRO SEPULVEDA,LOS AYMARAS,CRNEL ALEJANDRO SEPULVEDA - LOS AYMARAS,0, , ,BIDIRECCIONAL,CONCRETO,BUENO,SECO,NUBLADO,0,0,0,1,13,131,13122,Metropolitana de Santiago,Santiago,Peñalolén,Interseccion,"CRNEL ALEJANDRO SEPULVEDA & LOS AYMARAS, Peñalolén",-33.472606,-70.567794
-7978075.8790323,-4222358.48487248,2371,2023,1525891,2023/04/25 00:00:00+00,Abril,25,Martes,1899/12/30 00:00:00+00,12:02:00,12,REGION MAULE,TALCA,COLISION,COLISION,URBANA,TRAMO DE VIA RECTA,IMPRUDENCIA DEL CONDUCTOR,CONDUCCION CAMBIAR SORPRESIVAMENTE PISTA CIRCULACION,3 SUR,2 PONIENTE,2 PONIENTE - 3 SUR,0, , ,UNIDIRECCIONAL,CONCRETO,BUENO,SECO,DESPEJADO,0,1,0,0,07,071,07101,Maule,Talca,Talca,Interseccion,"2 PONIENTE & 3 SUR, Talca",-35.429176,-71.668275
-8014525.6651807,-4082251.6786066,2372,2023,1526561,2023/04/25 00:00:00+00,Abril,25,Martes,1899/12/30 00:00:00+00,13:40:00,13,REGION LIB.B.O'HIGGINS,PICHILEMU,COLISION,COLISION,URBANA,OTROS NO CONSIDERADOS,IMPRUDENCIA DEL CONDUCTOR,CONDUCCION NO ATENTO CONDICIONES TRANSITO MOMENTO,CAHUIL,LOS PERALES,CAHUIL - LOS PERALES,0, , ,BIDIRECCIONAL,MIXTO,REGULAR,SECO,NUBLADO,0,0,1,0,06,062,06201,Libertador General Bernardo O'Higgins,Cardenal Caro,Pichilemu,Interseccion,"CAHUIL & LOS PERALES, Pichilemu",-34.397125,-71.995709
-7861394.42884108,-3871457.98455262,2373,2023,1525947,2023/04/25 00:00:00+00,Abril,25,Martes,1899/12/30 00:00:00+00,13:40:00,13,REGION VALPARAISO,LOS ANDES,COLISION POR ALCANCE,COLISION,URBANA,CRUCE CON SEÑAL PARE,IMPRUDENCIA DEL CONDUCTOR,CONDUCCION NO ATENTO CONDICIONES TRANSITO MOMENTO,CONDOROMA,SAN RAFAEL,CONDOROMA - SAN RAFAEL,0, , ,BIDIRECCIONAL,ASFALTO,REGULAR,SECO,DESPEJADO,0,0,0,1,05,053,05301,Valparaíso,Los Andes,Los Andes,Interseccion,"CONDOROMA & SAN RAFAEL, Los Andes",-32.820164,-70.620108
-7878719.89391458,-3962594.46263286,2374,2023,1530151,2023/04/25 00:00:00+00,Abril,25,Martes,1899/12/30 00:00:00+00,15:15:00,15,REGION METROPOLITANA,MAIPU,COLISION LATERAL,COLISION,URBANA,TRAMO DE VIA RECTA,IMPRUDENCIA DEL CONDUCTOR,CONDUCCION NO ATENTO CONDICIONES TRANSITO MOMENTO,EL OLIMPO,CAUPOLICAN,CAUPOLICAN - EL OLIMPO,0, , ,BIDIRECCIONAL CON BANDEJON,ASFALTO,BUENO,SECO,DESPEJADO,0,0,0,1,13,131,13119,Metropolitana de Santiago,Santiago,Maipú,Interseccion,"CAUPOLICAN & EL OLIMPO, Maipú",-33.5055,-70.775745
-8172391.06333988,-4525133.14701134,2375,2023,1527954,2023/04/25 00:00:00+00,Abril,25,Martes,1899/12/30 00:00:00+00,16:00:00,16,REGION BIO BIO,LOS ALAMOS,COLISION LATERAL,COLISION,URBANA,TRAMO DE VIA RECTA,IMPRUDENCIA DEL CONDUCTOR,CONDUCCION NO ATENTO CONDICIONES TRANSITO MOMENTO,DIEGO PORTALES,LOS PEUMOS,DIEGO PORTALES - LOS PEUMOS,0, , ,BIDIRECCIONAL CON BANDEJON,ASFALTO,BUENO,SECO,DESPEJADO,0,0,0,1,08,082,08206,Biobío,Arauco,Los Alamos,Interseccion,"DIEGO PORTALES & LOS PEUMOS, Los Alamos",-37.614666,-73.413838
-7966327.3535685,-3898603.03599579,2376,2023,1528008,2023/04/25 00:00:00+00,Abril,25,Martes,1899/12/30 00:00:00+00,16:30:00,16,REGION VALPARAISO,VIÑA DEL MAR,COLISION POR ALCANCE,COLISION,URBANA,TRAMO DE VIA RECTA,IMPRUDENCIA DEL CONDUCTOR,CONDUCCION NO ATENTO CONDICIONES TRANSITO MOMENTO,ALVAREZ,AGUA SANTA,AGUA SANTA - ALVAREZ,0, , ,UNIDIRECCIONAL,CONCRETO,BUENO,SECO,DESPEJADO,0,0,0,0,05,051,05109,Valparaíso,Valparaíso,Viña del Mar,Interseccion,"AGUA SANTA & ALVAREZ, Viña del Mar",-33.024851,-71.562736
-7872697.62077102,-3963399.88993635,2377,2023,1525953,2023/04/25 00:00:00+00,Abril,25,Martes,1899/12/30 00:00:00+00,17:45:00,17,REGION METROPOLITANA,CERRILLOS,COLISION POR ALCANCE,COLISION,URBANA,CRUCE CON SEÑAL CEDA EL PASO,IMPRUDENCIA DEL CONDUCTOR,CONDUCCION NO ATENTO CONDICIONES TRANSITO MOMENTO,AMERICO VESPUCIO,EL MAITEN,AMERICO VESPUCIO - EL MAITEN,0, , ,BIDIRECCIONAL,ASFALTO,BUENO,MOJADO,DESPEJADO,0,0,0,1,13,131,13102,Metropolitana de Santiago,Santiago,Cerrillos,Interseccion,"AMERICO VESPUCIO & EL MAITEN, Cerrillos",-33.511533,-70.721646
-7978538.968114,-4222903.1878417,2378,2023,1526330,2023/04/25 00:00:00+00,Abril,25,Martes,1899/12/30 00:00:00+00,20:20:00,20,REGION MAULE,TALCA,VOLCADURA,VOLCADURA,URBANA,TRAMO DE VIA RECTA,IMPRUDENCIA DEL CONDUCTOR,CONDUCCION NO ATENTO CONDICIONES TRANSITO MOMENTO,BERNARDO O'HIGGINS,CIRCUNVALACION,BERNARDO O'HIGGINS - CIRCUNVALACION,0, , ,BIDIRECCIONAL CON BANDEJON,CONCRETO,REGULAR,MOJADO,DESPEJADO,0,0,0,0,07,071,07101,Maule,Talca,Talca,Interseccion,"BERNARDO O'HIGGINS & CIRCUNVALACION, Talca",-35.433163,-71.672435
-8143458.57104072,-4949261.97322671,2379,2023,1528930,2023/04/25 00:00:00+00,Abril,25,Martes,1899/12/30 00:00:00+00,20:45:00,20,REGION LOS LAGOS,OSORNO,COLISION LATERAL,COLISION,URBANA,TRAMO DE VIA RECTA,VELOCIDAD IMPRUDENTE,VELOCIDAD NO RAZONABLE NI PRUDENTE,PEDRO MONTT,CHILLAN,CHILLAN - PEDRO MONTT,0, , ,UNIDIRECCIONAL,ASFALTO,BUENO,HUMEDO,DESPEJADO,0,0,0,1,10,103,10301,Los Lagos,Osorno,Osorno,Interseccion,"CHILLAN & PEDRO MONTT, Osorno",-40.570954,-73.153933
-7835660.60197799,-2706826.88041786,2380,2023,1526250,2023/04/26 00:00:00+00,Abril,26,Miércoles,1899/12/30 00:00:00+00,00:45:00,0,REGION ANTOFAGASTA,ANTOFAGASTA,COLISION PERPENDICULAR,COLISION,URBANA,CRUCE CON SEMAFORO FUNCIONANDO,IMPRUDENCIA DEL CONDUCTOR,VIRAJES INDEBIDOS,VICTOR JARA,PEDRO AGUIRRE CERDA,PEDRO AGUIRRE CERDA - VICTOR JARA,0, , ,BIDIRECCIONAL CON BANDEJON,ASFALTO,BUENO,SECO,DESPEJADO,1,0,0,0,02,021,02101,Antofagasta,Antofagasta,Antofagasta,Interseccion,"PEDRO AGUIRRE CERDA & VICTOR JARA, Antofagasta",-23.617165,-70.388937
-7867507.90612137,-3966383.37548811,2381,2023,1526718,2023/04/26 00:00:00+00,Abril,26,Miércoles,1899/12/30 00:00:00+00,06:35:00,6,REGION METROPOLITANA,LA CISTERNA,COLISION POR ALCANCE,COLISION,URBANA,CRUCE CON SEÑAL PARE,IMPRUDENCIA DEL CONDUCTOR,CONDUCCION NO ATENTO CONDICIONES TRANSITO MOMENTO,AMERICO VESPUCIO,INDUSTRIA,AMERICO VESPUCIO - INDUSTRIA,0, , ,UNIDIRECCIONAL,CONCRETO,BUENO,SECO,DESPEJADO,0,0,0,1,13,131,13109,Metropolitana de Santiago,Santiago,La Cisterna,Interseccion,"AMERICO VESPUCIO & INDUSTRIA, La Cisterna",-33.533876,-70.675026
-7862201.08335627,-3978041.92255135,2382,2023,1526981,2023/04/26 00:00:00+00,Abril,26,Miércoles,1899/12/30 00:00:00+00,07:15:00,7,REGION METROPOLITANA,PUENTE ALTO,COLISION PERPENDICULAR,COLISION,URBANA,CRUCE CON SEÑAL CEDA EL PASO,DESOBEDIENCIA A SEÑALIZACION,SEÑALIZACION DESOBEDECER SEÑAL CEDA EL PASO,STA ROSA,APOSTOL TOMAS,APOSTOL TOMAS - STA ROSA,0, , ,BIDIRECCIONAL,ASFALTO,BUENO,SECO,DESPEJADO,0,1,0,0,13,132,13201,Metropolitana de Santiago,Cordillera,Puente Alto,Interseccion,"APOSTOL TOMAS & STA ROSA, Puente Alto",-33.621131,-70.627354
-7861307.39935224,-3973424.22006519,2383,2023,1526261,2023/04/26 00:00:00+00,Abril,26,Miércoles,1899/12/30 00:00:00+00,07:30:00,7,REGION METROPOLITANA,LA PINTANA,COLISION PERPENDICULAR,COLISION,URBANA,CRUCE CON SEÑAL CEDA EL PASO,DESOBEDIENCIA A SEÑALIZACION,SEÑALIZACION DESOBEDECER SEÑAL CEDA EL PASO,JUANITA,MIGUEL ANGEL,JUANITA - MIGUEL ANGEL,0, , ,BIDIRECCIONAL CON BANDEJON,ASFALTO,BUENO,SECO,DESPEJADO,0,0,0,0,13,131,13112,Metropolitana de Santiago,Santiago,La Pintana,Interseccion,"JUANITA & MIGUEL ANGEL, La Pintana",-33.586582,-70.619326
-8056948.52123547,-4504024.04027913,2384,2023,1527564,2023/04/26 00:00:00+00,Abril,26,Miércoles,1899/12/30 00:00:00+00,08:00:00,8,REGION BIO BIO,LOS ANGELES,COLISION FRONTAL,COLISION,URBANA,TRAMO DE VIA RECTA,IMPRUDENCIA DEL CONDUCTOR,CONDUCCION NO ATENTO CONDICIONES TRANSITO MOMENTO,ESTANISLAO ANGUITA,COSTANERA,COSTANERA - ESTANISLAO ANGUITA,0, , ,BIDIRECCIONAL CON BANDEJON,CONCRETO,BUENO,SECO,DESPEJADO,0,0,0,1,08,083,08301,Biobío,Biobío,Los Angeles,Interseccion,"COSTANERA & ESTANISLAO ANGUITA, Los Angeles",-37.464305,-72.3768
-7858108.19963828,-3958025.14523798,2385,2023,1527013,2023/04/26 00:00:00+00,Abril,26,Miércoles,1899/12/30 00:00:00+00,10:50:00,10,REGION METROPOLITANA,ÑUÑOA,COLISION PERPENDICULAR,COLISION,URBANA,TRAMO DE VIA RECTA,IMPRUDENCIA DEL CONDUCTOR,CARGA ESCURRE A LA CALZADA,JUAN MOYA MORALES,CAP IGNACIO CARRERA PINTO,CAP IGNACIO CARRERA PINTO - JUAN MOYA MORALES,0, , ,BIDIRECCIONAL,CONCRETO,BUENO,SECO,DESPEJADO,0,1,0,0,13,131,13120,Metropolitana de Santiago,Santiago,Ñuñoa,Interseccion,"CAP IGNACIO CARRERA PINTO & JUAN MOYA MORALES, Ñuñoa",-33.471267,-70.590587
-7942052.13475,-3500805.19125027,2386,2023,1526314,2023/04/26 00:00:00+00,Abril,26,Miércoles,1899/12/30 00:00:00+00,13:50:00,13,REGION COQUIMBO,COQUIMBO,COLISION POR ALCANCE,COLISION,URBANA,CRUCE SIN SEÑALIZACION,IMPRUDENCIA DEL CONDUCTOR,CONDUCCION SIN MANTENER DISTANCIA RAZONABLE NI PRUDENTE,LOS CLARINES,LAS ORIZAS,LAS ORIZAS - LOS CLARINES,0, , ,UNIDIRECCIONAL,ASFALTO,BUENO,SECO,NUBLADO,0,1,0,1,04,041,04102,Coquimbo,Elqui,Coquimbo,Interseccion,"LAS ORIZAS & LOS CLARINES, Coquimbo",-29.978645,-71.344668
-8153201.47555846,-4838729.53975764,2387,2023,1526384,2023/04/26 00:00:00+00,Abril,26,Miércoles,1899/12/30 00:00:00+00,17:30:00,17,REGION DE LOS RIOS,VALDIVIA,COLISION LATERAL,COLISION,URBANA,CRUCE CON SEÑAL CEDA EL PASO,DESOBEDIENCIA A SEÑALIZACION,SEÑALIZACION DESOBEDECER SEÑAL CEDA EL PASO,ALEMANIA,WALTER SCHMIDT,ALEMANIA - WALTER SCHMIDT,0, , ,UNIDIRECCIONAL,CONCRETO,BUENO,SECO,NUBLADO,0,1,0,1,14,141,14101,Los Ríos,Valdivia,Valdivia,Interseccion,"ALEMANIA & WALTER SCHMIDT, Valdivia",-39.812479,-73.241455
-7892734.79516647,-7009903.8813379,2388,2023,1527206,2023/04/26 00:00:00+00,Abril,26,Miércoles,1899/12/30 00:00:00+00,18:30:00,18,REGION MAGALLANES Y ANTARTICA CHILENA,PUNTA ARENAS,COLISION LATERAL,COLISION,URBANA,CRUCE CON SEÑAL PARE,DESOBEDIENCIA A SEÑALIZACION,SEÑALIZACION DESOBEDECER SEÑAL PARE,CORONEL DE LOS SANTOS MARDONES,JOSE IGNACIO ZENTENO,CORONEL DE LOS SANTOS MARDONES - JOSE IGNACIO ZENTENO,0, , ,BIDIRECCIONAL,CONCRETO,BUENO,SECO,NUBLADO,0,0,0,2,12,121,12101,Magallanes y de la Antártica Chilena,Magallanes,Punta Arenas,Interseccion,"CORONEL DE LOS SANTOS MARDONES & JOSE IGNACIO ZENTENO, Punta Arenas",-53.145214,-70.901643
-7862509.66098475,-3953294.6213868,2389,2023,1526925,2023/04/26 00:00:00+00,Abril,26,Miércoles,1899/12/30 00:00:00+00,18:30:00,18,REGION METROPOLITANA,PROVIDENCIA,COLISION LATERAL,COLISION,URBANA,CRUCE SIN SEÑALIZACION,IMPRUDENCIA DEL CONDUCTOR,CONDUCCION NO ATENTO CONDICIONES TRANSITO MOMENTO,PROVIDENCIA,OBPO PEREZ DE ESPINOZA,OBPO PEREZ DE ESPINOZA - PROVIDENCIA,0, , ,UNIDIRECCIONAL,CONCRETO,REGULAR,HUMEDO,DESPEJADO,0,1,0,0,13,131,13123,Metropolitana de Santiago,Santiago,Providencia,Interseccion,"OBPO PEREZ DE ESPINOZA & PROVIDENCIA, Providencia",-33.435812,-70.630126
-7925351.59517864,-3581856.04981043,2390,2023,1526264,2023/04/26 00:00:00+00,Abril,26,Miércoles,1899/12/30 00:00:00+00,19:25:00,19,REGION COQUIMBO,OVALLE,COLISION FRONTAL,COLISION,URBANA,CRUCE CON SEÑAL PARE,IMPRUDENCIA DEL CONDUCTOR,VIRAJES INDEBIDOS,ARIZTIA ORIENTE,ALBERTO BLEST GANA,ALBERTO BLEST GANA - ARIZTIA ORIENTE,0, , ,BIDIRECCIONAL,ASFALTO,BUENO,SECO,DESPEJADO,0,0,0,1,04,043,04301,Coquimbo,Limarí,Ovalle,Interseccion,"ALBERTO BLEST GANA & ARIZTIA ORIENTE, Ovalle",-30.607317,-71.194645
-8027337.53669559,-4385014.28404671,2391,2023,1526415,2023/04/26 00:00:00+00,Abril,26,Miércoles,1899/12/30 00:00:00+00,19:30:00,19,REGION ÑUBLE,CHILLAN,COLISION PERPENDICULAR,COLISION,URBANA,CRUCE CON SEÑAL PARE,DESOBEDIENCIA A SEÑALIZACION,SEÑALIZACION DESOBEDECER SEÑAL PARE,COCHARCAS,O'HIGGINS,COCHARCAS - O'HIGGINS,0, , ,UNIDIRECCIONAL,CONCRETO,BUENO,SECO,NEBLINA,0,1,0,0,16,161,16101,Ñuble,Diguillín,Chillán,Interseccion,"COCHARCAS & O'HIGGINS, Chillán",-36.610937,-72.1108
-7880807.13436695,-3964023.30401481,2392,2023,1529784,2023/04/26 00:00:00+00,Abril,26,Miércoles,1899/12/30 00:00:00+00,19:40:00,19,REGION METROPOLITANA,MAIPU,ATROPELLO,ATROPELLO,URBANA,TRAMO DE VIA RECTA,IMPRUDENCIA DEL PEATON,PEATON CRUZA CALZADA FUERA PASO PEATONES,LAS TINAJAS,LA GALAXIA,LA GALAXIA - LAS TINAJAS,0, , ,BIDIRECCIONAL,ASFALTO,BUENO,SECO,DESPEJADO,0,1,0,1,13,131,13119,Metropolitana de Santiago,Santiago,Maipú,Interseccion,"LA GALAXIA & LAS TINAJAS, Maipú",-33.516202,-70.794495
-7874233.16183816,-3996458.14870621,2393,2023,1530003,2023/04/26 00:00:00+00,Abril,26,Miércoles,1899/12/30 00:00:00+00,19:40:00,19,REGION METROPOLITANA,BUIN,COLISION LATERAL,COLISION,URBANA,ENLACE A NIVEL,IMPRUDENCIA DEL CONDUCTOR,CONDUCCION NO ATENTO CONDICIONES TRANSITO MOMENTO,FRANCISCO JAVIER KRUGGER,ENLACE INFERIOR LINDEROS,ENLACE INFERIOR LINDEROS - FRANCISCO JAVIER KRUGGER,0, , ,BIDIRECCIONAL,ASFALTO,BUENO,SECO,DESPEJADO,0,0,0,1,13,134,13402,Metropolitana de Santiago,Maipo,Buin,Interseccion,"ENLACE INFERIOR LINDEROS & FRANCISCO JAVIER KRUGGER, Buin",-33.758782,-70.73544
-7874205.66592393,-4051794.26302549,2394,2023,1525988,2023/04/26 00:00:00+00,Abril,26,Miércoles,1899/12/30 00:00:00+00,19:45:00,19,REGION LIB.B.O'HIGGINS,RANCAGUA,COLISION POR ALCANCE,COLISION,URBANA,CRUCE CON SEMAFORO FUNCIONANDO,ALCOHOL EN CONDUCTOR,CONDUCCION EN ESTADO DE EBRIEDAD,MEMBRILLAR,FREIRE,FREIRE - MEMBRILLAR,0, , ,BIDIRECCIONAL CON BANDEJON,CONCRETO,BUENO,SECO,DESPEJADO,0,0,0,0,06,061,06101,Libertador General Bernardo O'Higgins,Cachapoal,Rancagua,Interseccion,"FREIRE & MEMBRILLAR, Rancagua",-34.171059,-70.735193
-7865542.59372915,-3956585.4363818,2395,2023,1530156,2023/04/26 00:00:00+00,Abril,26,Miércoles,1899/12/30 00:00:00+00,20:00:00,20,REGION METROPOLITANA,SANTIAGO,COLISION LATERAL,COLISION,URBANA,TRAMO DE VIA RECTA,IMPRUDENCIA DEL CONDUCTOR,CONDUCCION NO ATENTO CONDICIONES TRANSITO MOMENTO,EL PARQUE,VIEL,EL PARQUE - VIEL,0, , ,BIDIRECCIONAL,ASFALTO,BUENO,SECO,DESPEJADO,0,0,0,0,13,131,13101,Metropolitana de Santiago,Santiago,Santiago,Interseccion,"EL PARQUE & VIEL, Santiago",-33.460478,-70.657371