X,Y,FID,Año,IdAccident,Fecha,Mes,Dia_mes,Dia_semana,Hora,Hora_texto,Hora_aprox,Región,Comuna,Tipo_Accid,Tipo__CONA,Zona,Ubicación,Causa__CON,Causa_Acci,Calle_Uno,Calle_Dos,Intersecci,Número,Ruta,Ubicaci_1,Calzada,Tipo_Calza,Estado_Cal,Condición,Estado_Atm,Fallecidos,Graves,Menos_Grav,Leves,CUT_REG,CUT_PROV,CUT_COM,REGION,PROVINCIA,COMUNA1,Tipo_direc,Direccion,Lat,Lon
-7826901.82869528,-3171219.02944282,2396,2023,1526738,2023/04/26 00:00:00+00,Abril,26,Miércoles,1899/12/30 00:00:00+00,21:30:00,21,REGION ATACAMA,COPIAPO,COLISION PERPENDICULAR,COLISION,URBANA,TRAMO DE VIA RECTA,IMPRUDENCIA DEL CONDUCTOR,CONDUCCION NO ATENTO CONDICIONES TRANSITO MOMENTO,LOS CARRERA,EDUARDO ESPINA,EDUARDO ESPINA - LOS CARRERA,0, , ,BIDIRECCIONAL,ASFALTO,REGULAR,HUMEDO,DESPEJADO,0,1,0,0,03,031,03101,Atacama,Copiapó,Copiapó,Interseccion,"EDUARDO ESPINA & LOS CARRERA, Copiapó",-27.38152,-70.310255
-7868567.55635423,-3967123.38406803,2397,2023,1526725,2023/04/27 00:00:00+00,Abril,27,Jueves,1899/12/30 00:00:00+00,01:00:00,1,REGION METROPOLITANA,LA CISTERNA,CHOQUE LATERAL,CHOQUE,URBANA,CRUCE CON SEMAFORO FUNCIONANDO,IMPRUDENCIA DEL CONDUCTOR,CONDUCCION NO ATENTO CONDICIONES TRANSITO MOMENTO,LO ESPEJO,CAPRICORNIO,CAPRICORNIO - LO ESPEJO,0, , ,BIDIRECCIONAL,CONCRETO,BUENO,SECO,DESPEJADO,0,1,0,0,13,131,13109,Metropolitana de Santiago,Santiago,La Cisterna,Interseccion,"CAPRICORNIO & LO ESPEJO, La Cisterna",-33.539417,-70.684545
-7872016.12285952,-3975765.93977949,2398,2023,1526395,2023/04/27 00:00:00+00,Abril,27,Jueves,1899/12/30 00:00:00+00,08:50:00,8,REGION METROPOLITANA,SAN BERNARDO,COLISION LATERAL,COLISION,URBANA,CRUCE CON SEÑAL PARE,DESOBEDIENCIA A SEÑALIZACION,SEÑALIZACION DESOBEDECER SEÑAL PARE,EUCALIPTUS,COSTANERA,COSTANERA - EUCALIPTUS,0, , ,BIDIRECCIONAL,ASFALTO,BUENO,SECO,DESPEJADO,0,1,0,0,13,134,13401,Metropolitana de Santiago,Maipo,San Bernardo,Interseccion,"COSTANERA & EUCALIPTUS, San Bernardo",-33.604104,-70.715524
-7675293.73245378,-2567090.88289388,2399,2023,1526945,2023/04/27 00:00:00+00,Abril,27,Jueves,1899/12/30 00:00:00+00,09:00:00,9,REGION ANTOFAGASTA,CALAMA,COLISION,COLISION,URBANA,CRUCE CON SEÑAL CEDA EL PASO,DESOBEDIENCIA A SEÑALIZACION,SEÑALIZACION DESOBEDECER SEÑAL CEDA EL PASO,RALUN,TOCOPILLA,RALUN - TOCOPILLA,0, , ,BIDIRECCIONAL,ASFALTO,BUENO,SECO,DESPEJADO,0,1,0,0,02,022,02201,Antofagasta,El Loa,Calama,Interseccion,"RALUN & TOCOPILLA, Calama",-22.462049,-68.948337
-7861143.21423526,-3951416.02379759,2400,2023,1526868,2023/04/27 00:00:00+00,Abril,27,Jueves,1899/12/30 00:00:00+00,11:50:00,11,REGION METROPOLITANA,PROVIDENCIA,COLISION FRONTAL,COLISION,URBANA,CRUCE CON SEMAFORO FUNCIONANDO,DESOBEDIENCIA A SEÑALIZACION,SEÑALIZACION DESOBEDECER LUZ ROJA DE SEMAFORO,EL CERRO,STA MARIA,EL CERRO - STA MARIA,0, , ,UNIDIRECCIONAL,ASFALTO,REGULAR,SECO,DESPEJADO,0,1,0,0,13,131,13123,Metropolitana de Santiago,Santiago,Providencia,Interseccion,"EL CERRO & STA MARIA, Providencia",-33.421728,-70.617851
-8027654.90856384,-4384722.36519174,2401,2023,1527139,2023/04/27 00:00:00+00,Abril,27,Jueves,1899/12/30 00:00:00+00,13:20:00,13,REGION ÑUBLE,CHILLAN,COLISION PERPENDICULAR,COLISION,URBANA,CRUCE SIN SEÑALIZACION,IMPRUDENCIA DEL CONDUCTOR,"ADELANTAMIENTO EN CRUCE, CURVA, CUESTA, PUENTE",BRASIL,ARTURO PRAT,ARTURO PRAT - BRASIL,0, , ,BIDIRECCIONAL,CONCRETO,BUENO,SECO,NEBLINA,0,1,0,1,16,161,16101,Ñuble,Diguillín,Chillán,Interseccion,"ARTURO PRAT & BRASIL, Chillán",-36.608832,-72.113651
-7931651.19859187,-4160623.51444921,2402,2023,1529206,2023/04/27 00:00:00+00,Abril,27,Jueves,1899/12/30 00:00:00+00,14:00:00,14,REGION MAULE,CURICO,COLISION LATERAL,COLISION,URBANA,CRUCE CON SEÑAL CEDA EL PASO,IMPRUDENCIA DEL CONDUCTOR,CONDUCCION NO ATENTO CONDICIONES TRANSITO MOMENTO,COLON,ANDRES BELLO,ANDRES BELLO - COLON,0, , ,BIDIRECCIONAL,ASFALTO,REGULAR,SECO,NUBLADO,0,0,0,1,07,073,07301,Maule,Curicó,Curicó,Interseccion,"ANDRES BELLO & COLON, Curicó",-34.976025,-71.251235
-7873860.241544,-4049717.85268298,2403,2023,1526353,2023/04/27 00:00:00+00,Abril,27,Jueves,1899/12/30 00:00:00+00,14:20:00,14,REGION LIB.B.O'HIGGINS,RANCAGUA,COLISION PERPENDICULAR,COLISION,URBANA,CRUCE CON SEMAFORO FUNCIONANDO,DESOBEDIENCIA A SEÑALIZACION,SEÑALIZACION DESOBEDECER LUZ ROJA DE SEMAFORO,REPUBLICA DE CHILE,ILLANES,ILLANES - REPUBLICA DE CHILE,0, , ,BIDIRECCIONAL CON BANDEJON,CONCRETO,BUENO,SECO,DESPEJADO,0,1,0,1,06,061,06101,Libertador General Bernardo O'Higgins,Cachapoal,Rancagua,Interseccion,"ILLANES & REPUBLICA DE CHILE, Rancagua",-34.155625,-70.73209
-7871589.69917869,-4025227.56769614,2404,2023,1542916,2023/06/25 00:00:00+00,Junio,25,Domingo,1899/12/30 00:00:00+00,18:30:00,18,REGION LIB.B.O'HIGGINS,CODEGUA,COLISION,COLISION,RURAL,TRAMO DE VIA RECTA,IMPRUDENCIA DEL CONDUCTOR,CONDUCCION NO ATENTO CONDICIONES TRANSITO MOMENTO, , , ,0,H-10,1,BIDIRECCIONAL,ASFALTO,BUENO,HUMEDO,NUBLADO,0,1,0,0,06,061,06102,Libertador General Bernardo O'Higgins,Cachapoal,Codegua,Ruta,H-10 km 1,-33.973376,-70.711693
-7939169.0989431,-4079606.44341611,2405,2023,1541009,2023/06/27 00:00:00+00,Junio,27,Martes,1899/12/30 00:00:00+00,17:00:00,17,REGION LIB.B.O'HIGGINS,PICHIDEGUA,COLISION LATERAL,COLISION,RURAL,TRAMO DE VIA RECTA,IMPRUDENCIA DEL CONDUCTOR,CONDUCCION NO ATENTO CONDICIONES TRANSITO MOMENTO, , , ,0,H-886,3,BIDIRECCIONAL,ASFALTO,BUENO,SECO,DESPEJADO,0,1,0,0,06,061,06113,Libertador General Bernardo O'Higgins,Cachapoal,Pichidegua,Ruta,H-886 km 3,-34.377515,-71.318769
-8019713.06162422,-4121532.22180982,2406,2023,1545804,2023/06/30 00:00:00+00,Junio,30,Viernes,1899/12/30 00:00:00+00,16:45:00,16,REGION MAULE,VICHUQUEN,COLISION FRONTAL,COLISION,RURAL,TRAMO DE VIA CURVA HORIZONTAL,OTRAS CAUSAS,HECHO DELICTUAL, , , ,0,J-790,16,BIDIRECCIONAL,ASFALTO,BUENO,SECO,DESPEJADO,0,0,0,0,07,073,07309,Maule,Curicó,Vichuquén,Ruta,J-790 km 16,-34.68778,-72.042308
-7960377.61622741,-3895230.96047969,2407,2023,1514742,2023/03/02 00:00:00+00,Marzo,2,Jueves,1899/12/30 00:00:00+00,19:10:00,19,REGION VALPARAISO,VIÑA DEL MAR,CHOQUE POSTERIOR/FRENTE,CHOQUE,URBANA,TRAMO DE VIA RECTA,IMPRUDENCIA DEL CONDUCTOR,CONDUCCION NO ATENTO CONDICIONES TRANSITO MOMENTO,CAMINO INTERNACIONAL,ROTONDA SANTA JULIA,CAMINO INTERNACIONAL - ROTONDA SANTA JULIA,0, , ,BIDIRECCIONAL,ASFALTO,BUENO,SECO,DESPEJADO,0,1,0,0,05,051,05109,Valparaíso,Valparaíso,Viña del Mar,Interseccion,"CAMINO INTERNACIONAL & ROTONDA SANTA JULIA, Viña del Mar",-32.99945,-71.509289
-7876681.85667713,-3963263.46737144,2408,2023,1515011,2023/03/02 00:00:00+00,Marzo,2,Jueves,1899/12/30 00:00:00+00,19:51:00,19,REGION METROPOLITANA,MAIPU,COLISION FRONTAL,COLISION,URBANA,CRUCE CON SEMAFORO FUNCIONANDO,IMPRUDENCIA DEL CONDUCTOR,CONDUCCION NO ATENTO CONDICIONES TRANSITO MOMENTO,LOS PAJARITOS,5 DE ABRIL,5 DE ABRIL - LOS PAJARITOS,0, , ,BIDIRECCIONAL CON BANDEJON,ASFALTO,BUENO,SECO,DESPEJADO,0,0,0,0,13,131,13119,Metropolitana de Santiago,Santiago,Maipú,Interseccion,"5 DE ABRIL & LOS PAJARITOS, Maipú",-33.510511,-70.757437
-7872893.02817764,-4053607.82368897,2409,2023,1581894,2023/12/28 00:00:00+00,Diciembre,28,Jueves,1899/12/30 00:00:00+00,19:40:00,19,REGION LIB.B.O'HIGGINS,RANCAGUA,CHOQUE POSTERIOR/POSTERIOR,CHOQUE,RURAL,TRAMO DE VIA RECTA,FALLAS MECANICAS,FALLAS MECANICAS FRENOS, , , ,0,H-27,"1,1",BIDIRECCIONAL,CONCRETO,BUENO,SECO,DESPEJADO,0,1,0,0,06,061,06101,Libertador General Bernardo O'Higgins,Cachapoal,Rancagua,Ruta,"H-27 km 1,1",-34.184537,-70.723401
-7917641.23093076,-3485291.38934939,2410,2023,1581558,2023/12/29 00:00:00+00,Diciembre,29,Viernes,1899/12/30 00:00:00+00,08:15:00,8,REGION COQUIMBO,LA SERENA,COLISION PERPENDICULAR,COLISION,RURAL,TRAMO DE VIA RECTA,IMPRUDENCIA DEL CONDUCTOR,VIRAJES INDEBIDOS, , , ,0,D-205,8,BIDIRECCIONAL,ASFALTO,BUENO,SECO,DESPEJADO,0,1,0,0,04,041,04101,Coquimbo,Elqui,La Serena,Ruta,D-205 km 8,-29.857854,-71.125381
-7871249.57684591,-3971660.89701062,2411,2023,1506673,2023/01/31 00:00:00+00,Enero,31,Martes,1899/12/30 00:00:00+00,08:00:00,8,REGION METROPOLITANA,SAN BERNARDO,COLISION LATERAL,COLISION,URBANA,CRUCE CON SEÑAL CEDA EL PASO,DESOBEDIENCIA A SEÑALIZACION,SEÑALIZACION DESOBEDECER SEÑAL CEDA EL PASO,LA TRILLA,LO BLANCO,LA TRILLA - LO BLANCO,0, , ,BIDIRECCIONAL,ASFALTO,BUENO,SECO,DESPEJADO,0,0,0,3,13,134,13401,Metropolitana de Santiago,Maipo,San Bernardo,Interseccion,"LA TRILLA & LO BLANCO, San Bernardo",-33.573385,-70.708638
-7928245.24664595,-3895017.23613909,2412,2023,1582061,2023/12/29 00:00:00+00,Diciembre,29,Viernes,1899/12/30 00:00:00+00,14:00:00,14,REGION VALPARAISO,LIMACHE,IMPACTO CON ANIMAL,OTRO TIPO,RURAL,TRAMO DE VIA RECTA,DEFICIENCIAS VIALES,ANIMALES SUELTOS VIA PUBLICA, , , ,0,F-620,3,BIDIRECCIONAL,ASFALTO,BUENO,SECO,NUBLADO,0,0,0,1,05,058,05802,Valparaíso,Marga Marga,Limache,Ruta,F-620 km 3,-32.99784,-71.220639
-7931377.24136956,-3494260.76146878,2413,2023,1506725,2023/01/31 00:00:00+00,Enero,31,Martes,1899/12/30 00:00:00+00,08:10:00,8,REGION COQUIMBO,LA SERENA,COLISION POR ALCANCE,COLISION,URBANA,ACERA O BERMA,IMPRUDENCIA DEL CONDUCTOR,CONDUCCION NO ATENTO CONDICIONES TRANSITO MOMENTO,JUAN CISTERNAS,LOS ESPINOS SUR,JUAN CISTERNAS - LOS ESPINOS SUR,0, , ,BIDIRECCIONAL,ASFALTO,BUENO,SECO,DESPEJADO,0,0,0,0,04,041,04101,Coquimbo,Elqui,La Serena,Interseccion,"JUAN CISTERNAS & LOS ESPINOS SUR, La Serena",-29.927708,-71.248774
-8048274.638304,-4487552.30268367,2414,2023,1582278,2023/12/29 00:00:00+00,Diciembre,29,Viernes,1899/12/30 00:00:00+00,18:20:00,18,REGION BIO BIO,LOS ANGELES,VOLCADURA,VOLCADURA,RURAL,TRAMO DE VIA RECTA,VELOCIDAD IMPRUDENTE,VELOCIDAD NO RAZONABLE NI PRUDENTE, , , ,0,Q-115,1,BIDIRECCIONAL,RIPIO,REGULAR, ,DESPEJADO,0,1,0,1,08,083,08301,Biobío,Biobío,Los Angeles,Ruta,Q-115 km 1,-37.346766,-72.298881
-7863747.53372237,-3946532.08238762,2415,2023,1508450,2023/01/31 00:00:00+00,Enero,31,Martes,1899/12/30 00:00:00+00,08:10:00,8,REGION METROPOLITANA,RECOLETA,COLISION,COLISION,URBANA,TRAMO DE VIA RECTA,IMPRUDENCIA DEL CONDUCTOR,CONDUCCION NO ATENTO CONDICIONES TRANSITO MOMENTO,RECOLETA,TTE JUAN COLIPI,RECOLETA - TTE JUAN COLIPI,0, , ,BIDIRECCIONAL,ASFALTO,BUENO,SECO,DESPEJADO,0,0,0,1,13,131,13127,Metropolitana de Santiago,Santiago,Recoleta,Interseccion,"RECOLETA & TTE JUAN COLIPI, Recoleta",-33.385102,-70.641246
-8147518.22369772,-4846018.53974934,2416,2023,1582064,2023/12/29 00:00:00+00,Diciembre,29,Viernes,1899/12/30 00:00:00+00,19:30:00,19,REGION DE LOS RIOS,VALDIVIA,CHOQUE FRENTE/LADO,CHOQUE,RURAL,TRAMO DE VIA RECTA,IMPRUDENCIA DEL CONDUCTOR,CONDUCCION NO ATENTO CONDICIONES TRANSITO MOMENTO, , , ,0,T-418,1,BIDIRECCIONAL,ASFALTO,BUENO,SECO,DESPEJADO,0,0,0,0,14,141,14101,Los Ríos,Valdivia,Valdivia,Ruta,T-418 km 1,-39.862757,-73.190401
-7848395.15100797,-3944763.96483224,2417,2023,1507703,2023/01/31 00:00:00+00,Enero,31,Martes,1899/12/30 00:00:00+00,11:25:00,11,REGION METROPOLITANA,LAS CONDES,COLISION LATERAL,COLISION,URBANA,CRUCE CON SEMAFORO FUNCIONANDO,IMPRUDENCIA DEL CONDUCTOR,NO RESPETAR DERECHO PREFERENTE DE PASO A VEHICULO,LAS CONDES,SAN JOSE DE LA SIERRA,LAS CONDES - SAN JOSE DE LA SIERRA,0, , ,BIDIRECCIONAL,ASFALTO,BUENO,SECO,DESPEJADO,0,1,0,0,13,131,13114,Metropolitana de Santiago,Santiago,Las Condes,Interseccion,"LAS CONDES & SAN JOSE DE LA SIERRA, Las Condes",-33.371839,-70.503333
-7885778.19767729,-4053733.15179888,2418,2023,1581485,2023/12/29 00:00:00+00,Diciembre,29,Viernes,1899/12/30 00:00:00+00,20:00:00,20,REGION LIB.B.O'HIGGINS,COLTAUCO,COLISION FRONTAL,COLISION,RURAL,TRAMO DE VIA RECTA,ALCOHOL EN CONDUCTOR,CONDUCCION EN ESTADO DE EBRIEDAD, , , ,0,H-30,9,BIDIRECCIONAL,ASFALTO,BUENO,SECO,DESPEJADO,0,0,0,1,06,061,06104,Libertador General Bernardo O'Higgins,Cachapoal,Coltauco,Ruta,H-30 km 9,-34.185468,-70.839151
-7964681.19434563,-3897663.26967002,2419,2023,1508544,2023/01/31 00:00:00+00,Enero,31,Martes,1899/12/30 00:00:00+00,13:15:00,13,REGION VALPARAISO,VIÑA DEL MAR,COLISION POR ALCANCE,COLISION,URBANA,TRAMO DE VIA RECTA,IMPRUDENCIA DEL CONDUCTOR,CONDUCCION NO ATENTO CONDICIONES TRANSITO MOMENTO,6 NORTE,2 ORIENTE,2 ORIENTE - 6 NORTE,0, , ,UNIDIRECCIONAL,CONCRETO,BUENO,SECO,DESPEJADO,0,0,0,0,05,051,05109,Valparaíso,Valparaíso,Viña del Mar,Interseccion,"2 ORIENTE & 6 NORTE, Viña del Mar",-33.017773,-71.547949
-8051629.00805955,-4506833.16594254,2420,2023,1513842,2023/03/02 00:00:00+00,Marzo,2,Jueves,1899/12/30 00:00:00+00,20:10:00,20,REGION BIO BIO,LOS ANGELES,COLISION PERPENDICULAR,COLISION,URBANA,CRUCE CON SEÑAL PARE,IMPRUDENCIA DEL CONDUCTOR,NO RESPETAR DERECHO PREFERENTE DE PASO A VEHICULO,FRANCISCO ENCINA,CARTIER,CARTIER - FRANCISCO ENCINA,0, , ,BIDIRECCIONAL CON BANDEJON,ASFALTO,BUENO,SECO,DESPEJADO,0,1,0,0,08,083,08301,Biobío,Biobío,Los Angeles,Interseccion,"CARTIER & FRANCISCO ENCINA, Los Angeles",-37.484332,-72.329014
-7935048.30032658,-3496093.47514215,2421,2023,1542611,2023/06/30 00:00:00+00,Junio,30,Viernes,1899/12/30 00:00:00+00,23:58:00,23,REGION COQUIMBO,COQUIMBO,CHOQUE FRENTE/POSTERIOR,CHOQUE,RURAL,CRUCE CON SEMAFORO FUNCIONANDO,ALCOHOL EN CONDUCTOR,CONDUCCION EN ESTADO DE EBRIEDAD, , , ,0,RUTA 5 NORTE,465,BIDIRECCIONAL,ASFALTO,BUENO,SECO,DESPEJADO,0,0,0,0,04,041,04102,Coquimbo,Elqui,Coquimbo,Ruta,RUTA 5 NORTE km 465,-29.941975,-71.281752
-7885373.81307377,-3879828.63486699,2422,2023,1581338,2023/12/29 00:00:00+00,Diciembre,29,Viernes,1899/12/30 00:00:00+00,22:35:00,22,REGION VALPARAISO,LLAY LLAY,CHOQUE,CHOQUE,RURAL,TRAMO DE VIA RECTA,IMPRUDENCIA DEL CONDUCTOR,CONDUCCION NO ATENTO CONDICIONES TRANSITO MOMENTO, , , ,0,RUTA 5 NORTE,72,UNIDIRECCIONAL,ASFALTO,BUENO,SECO,DESPEJADO,0,0,1,0,05,057,05703,Valparaíso,San Felipe de Aconcagua,Llaillay,Ruta,RUTA 5 NORTE km 72,-32.883333,-70.835518
-7971367.2655126,-3901231.0488749,2423,2023,1515527,2023/03/02 00:00:00+00,Marzo,2,Jueves,1899/12/30 00:00:00+00,20:30:00,20,REGION VALPARAISO,VALPARAISO,COLISION,COLISION,URBANA,CRUCE CON SEÑAL PARE,DESOBEDIENCIA A SEÑALIZACION,SEÑALIZACION DESOBEDECER SEÑAL PARE,BRASIL,URUGUAY,BRASIL - URUGUAY,0, , ,BIDIRECCIONAL,ASFALTO,BUENO,SECO,DESPEJADO,0,0,0,1,05,051,05101,Valparaíso,Valparaíso,Valparaíso,Interseccion,"BRASIL & URUGUAY, Valparaíso",-33.044643,-71.60801
-7875625.32339002,-3955220.62045237,2424,2023,1509292,2023/01/31 00:00:00+00,Enero,31,Martes,1899/12/30 00:00:00+00,14:00:00,14,REGION METROPOLITANA,PUDAHUEL,COLISION POR ALCANCE,COLISION,URBANA,CRUCE CON SEÑAL PARE,IMPRUDENCIA DEL CONDUCTOR,CONDUCCION NO ATENTO CONDICIONES TRANSITO MOMENTO,RUBLO RUSO,OIDOR SANCHO,OIDOR SANCHO - RUBLO RUSO,0, , ,BIDIRECCIONAL,ASFALTO,REGULAR,SECO,DESPEJADO,0,0,0,1,13,131,13124,Metropolitana de Santiago,Santiago,Pudahuel,Interseccion,"OIDOR SANCHO & RUBLO RUSO, Pudahuel",-33.450249,-70.747946
-7937502.31874191,-4123765.06926894,2425,2023,1544043,2023/07/01 00:00:00+00,Julio,1,Sábado,1899/12/30 00:00:00+00,18:30:00,18,REGION LIB.B.O'HIGGINS,CHEPICA,ATROPELLO,ATROPELLO,RURAL,CRUCE CON SEÑAL CEDA EL PASO,IMPRUDENCIA DEL CONDUCTOR,CONDUCCION NO ATENTO CONDICIONES TRANSITO MOMENTO, , , ,0,I-86,36,BIDIRECCIONAL,ASFALTO,BUENO,SECO,DESPEJADO,0,1,0,1,06,063,06302,Libertador General Bernardo O'Higgins,Colchagua,Chépica,Ruta,I-86 km 36,-34.704271,-71.303797
-7868298.90061135,-4029736.05053176,2426,2023,1585680,2023/12/29 00:00:00+00,Diciembre,29,Viernes,1899/12/30 00:00:00+00,23:55:00,23,REGION LIB.B.O'HIGGINS,GRANEROS,VOLCADURA,VOLCADURA,RURAL,TRAMO DE VIA RECTA,IMPRUDENCIA DEL CONDUCTOR,CONDUCCION NO ATENTO CONDICIONES TRANSITO MOMENTO, , , ,0,H-145,2,BIDIRECCIONAL,ASFALTO,BUENO,SECO,DESPEJADO,0,0,1,1,06,061,06106,Libertador General Bernardo O'Higgins,Cachapoal,Graneros,Ruta,H-145 km 2,-34.006956,-70.682132
-7941328.53584048,-3499593.61509116,2427,2023,1508473,2023/01/31 00:00:00+00,Enero,31,Martes,1899/12/30 00:00:00+00,17:41:00,17,REGION COQUIMBO,COQUIMBO,VOLCADURA,VOLCADURA,URBANA,CRUCE CON SEÑAL PARE,IMPRUDENCIA DEL CONDUCTOR,CONDUCCION NO ATENTO CONDICIONES TRANSITO MOMENTO,CONCEPCION,PRESIDENTE ARTURO ALESSANDRI,CONCEPCION - PRESIDENTE ARTURO ALESSANDRI,0, , ,UNIDIRECCIONAL,ASFALTO,BUENO,SECO,DESPEJADO,0,1,0,0,04,041,04102,Coquimbo,Elqui,Coquimbo,Interseccion,"CONCEPCION & PRESIDENTE ARTURO ALESSANDRI, Coquimbo",-29.969217,-71.338168
-8085986.21042003,-4686089.65634332,2428,2023,1513503,2023/03/02 00:00:00+00,Marzo,2,Jueves,1899/12/30 00:00:00+00,22:28:00,22,REGION ARAUCANIA,TEMUCO,COLISION PERPENDICULAR,COLISION,URBANA,CRUCE CON SEMAFORO FUNCIONANDO,DESOBEDIENCIA A SEÑALIZACION,SEÑALIZACION DESOBEDECER LUZ ROJA DE SEMAFORO,JAVIERA CARRERA,ALTAMIRA,ALTAMIRA - JAVIERA CARRERA,0, , ,BIDIRECCIONAL CON BANDEJON,CONCRETO,BUENO,SECO,DESPEJADO,1,0,0,0,09,091,09101,La Araucanía,Cautín,Temuco,Interseccion,"ALTAMIRA & JAVIERA CARRERA, Temuco",-38.751159,-72.63765
-8002649.52050344,-4117208.64795814,2429,2023,1544643,2023/07/02 00:00:00+00,Julio,2,Domingo,1899/12/30 00:00:00+00,11:15:00,11,REGION LIB.B.O'HIGGINS,PAREDONES,COLISION,COLISION,RURAL,TRAMO DE VIA RECTA,IMPRUDENCIA DEL CONDUCTOR,CONDUCCION NO ATENTO CONDICIONES TRANSITO MOMENTO, , , ,0,I-72,60,BIDIRECCIONAL,ASFALTO,BUENO,SECO,NUBLADO,0,0,0,2,06,062,06206,Libertador General Bernardo O'Higgins,Cardenal Caro,Paredones,Ruta,I-72 km 60,-34.655838,-71.889024
-7868490.79043338,-3953047.2543882,2430,2023,1513278,2023/03/02 00:00:00+00,Marzo,2,Jueves,1899/12/30 00:00:00+00,23:15:00,23,REGION METROPOLITANA,QUINTA NORMAL,COLISION LATERAL,COLISION,URBANA,CRUCE CON SEÑAL PARE,IMPRUDENCIA DEL CONDUCTOR,CONDUCCION NO ATENTO CONDICIONES TRANSITO MOMENTO,ANDES,RIVAS VICUÑA,ANDES - RIVAS VICUÑA,0, , ,UNIDIRECCIONAL,ASFALTO,BUENO,SECO,DESPEJADO,0,1,0,0,13,131,13126,Metropolitana de Santiago,Santiago,Quinta Normal,Interseccion,"ANDES & RIVAS VICUÑA, Quinta Normal",-33.433958,-70.683855
-8142139.87018932,-4424351.33958559,2431,2023,1583394,2023/12/30 00:00:00+00,Diciembre,30,Sábado,1899/12/30 00:00:00+00,01:01:00,1,REGION BIO BIO,SAN PEDRO DE LA PAZ,COLISION,COLISION,RURAL,TRAMO DE VIA RECTA,ALCOHOL EN CONDUCTOR,CONDUCCION EN ESTADO DE EBRIEDAD, , , ,0,RUTA 160,11,UNIDIRECCIONAL,ASFALTO,BUENO,SECO,DESPEJADO,0,0,0,0,08,081,08108,Biobío,Concepción,San Pedro de la Paz,Ruta,RUTA 160 km 11,-36.894067,-73.142087
-7860132.54457835,-3973908.00603329,2432,2023,1507260,2023/01/31 00:00:00+00,Enero,31,Martes,1899/12/30 00:00:00+00,19:01:00,19,REGION METROPOLITANA,LA PINTANA,COLISION,COLISION,URBANA,CRUCE SIN SEÑALIZACION,IMPRUDENCIA DEL CONDUCTOR,CONDUCCION NO ATENTO CONDICIONES TRANSITO MOMENTO,BATALLON CHACABUCO,CALETERA ACCESO SUR,BATALLON CHACABUCO - CALETERA ACCESO SUR,0, , ,BIDIRECCIONAL,ASFALTO,BUENO,SECO,DESPEJADO,0,0,0,1,13,131,13112,Metropolitana de Santiago,Santiago,La Pintana,Interseccion,"BATALLON CHACABUCO & CALETERA ACCESO SUR, La Pintana",-33.590202,-70.608772
-7932020.90016088,-3488922.40721834,2433,2023,1544096,2023/07/02 00:00:00+00,Julio,2,Domingo,1899/12/30 00:00:00+00,16:10:00,16,REGION COQUIMBO,LA SERENA,VOLCADURA,VOLCADURA,RURAL,TRAMO DE VIA RECTA,VELOCIDAD IMPRUDENTE,"VELOCIDAD NO REDUCIR CRUCE DE CALLES, CUMBRE, CURVA, ETC.", , , ,0,RUTA 5 NORTE,472,BIDIRECCIONAL CON BANDEJON,ASFALTO,BUENO,SECO,DESPEJADO,0,0,1,0,04,041,04101,Coquimbo,Elqui,La Serena,Ruta,RUTA 5 NORTE km 472,-29.886139,-71.254556
-7862349.13827903,-3973288.09318718,2434,2023,1513787,2023/03/02 00:00:00+00,Marzo,2,Jueves,1899/12/30 00:00:00+00,23:30:00,23,REGION METROPOLITANA,LA PINTANA,COLISION PERPENDICULAR,COLISION,URBANA,CRUCE CON SEÑAL PARE,DESOBEDIENCIA A SEÑALIZACION,SEÑALIZACION DESOBEDECER SEÑAL PARE,VICTOR JARA,AGRUPACION DE ALLEGADOS,AGRUPACION DE ALLEGADOS - VICTOR JARA,0, , ,BIDIRECCIONAL,ASFALTO,BUENO,SECO,DESPEJADO,0,1,1,1,13,131,13112,Metropolitana de Santiago,Santiago,La Pintana,Interseccion,"AGRUPACION DE ALLEGADOS & VICTOR JARA, La Pintana",-33.585563,-70.628684
-8029778.73729494,-4498934.09513483,2435,2023,1582341,2023/12/30 00:00:00+00,Diciembre,30,Sábado,1899/12/30 00:00:00+00,06:50:00,6,REGION BIO BIO,LOS ANGELES,COLISION LATERAL,COLISION,RURAL,TRAMO DE VIA RECTA,IMPRUDENCIA DEL CONDUCTOR,VIRAJES INDEBIDOS, , , ,0,Q-45,18,BIDIRECCIONAL,ASFALTO,BUENO,SECO,DESPEJADO,1,0,0,0,08,083,08301,Biobío,Biobío,Los Angeles,Ruta,Q-45 km 18,-37.428004,-72.13273
-7829303.83616208,-3171460.20860061,2436,2023,1513793,2023/03/02 00:00:00+00,Marzo,2,Jueves,1899/12/30 00:00:00+00,23:50:00,23,REGION ATACAMA,COPIAPO,COLISION FRONTAL,COLISION,URBANA,CRUCE CON SEÑAL CEDA EL PASO,IMPRUDENCIA DEL CONDUCTOR,CONDUCCION NO ATENTO CONDICIONES TRANSITO MOMENTO,FUNDO PALERMO,DEL RIO,DEL RIO - FUNDO PALERMO,0, , ,BIDIRECCIONAL,ASFALTO,BUENO,SECO,DESPEJADO,0,1,0,0,03,031,03101,Atacama,Copiapó,Copiapó,Interseccion,"DEL RIO & FUNDO PALERMO, Copiapó",-27.383444,-70.331833