X,Y,FID,Año,IdAccident,Fecha,Mes,Dia_mes,Dia_semana,Hora,Hora_texto,Hora_aprox,Región,Comuna,Tipo_Accid,Tipo__CONA,Zona,Ubicación,Causa__CON,Causa_Acci,Calle_Uno,Calle_Dos,Intersecci,Número,Ruta,Ubicaci_1,Calzada,Tipo_Calza,Estado_Cal,Condición,Estado_Atm,Fallecidos,Graves,Menos_Grav,Leves,CUT_REG,CUT_PROV,CUT_COM,REGION,PROVINCIA,COMUNA1,Tipo_direc,Direccion,Lat,Lon
-8029015.34406083,-4388113.41430835,2437,2023,1507504,2023/01/31 00:00:00+00,Enero,31,Martes,1899/12/30 00:00:00+00,19:15:00,19,REGION ÑUBLE,CHILLAN VIEJO,COLISION FRONTAL,COLISION,URBANA,CRUCE CON SEMAFORO APAGADO,IMPRUDENCIA DEL CONDUCTOR,CONDUCCION NO ATENTO CONDICIONES TRANSITO MOMENTO,PAULA JARAQUEMADA,BAQUEDANO,BAQUEDANO - PAULA JARAQUEMADA,0, , ,BIDIRECCIONAL,CONCRETO,BUENO,SECO,DESPEJADO,0,1,0,0,16,161,16103,Ñuble,Diguillín,Chillán Viejo,Interseccion,"BAQUEDANO & PAULA JARAQUEMADA, Chillán Viejo",-36.633281,-72.125872
-7956676.35086014,-4172292.31158958,2438,2023,1543427,2023/07/03 00:00:00+00,Julio,3,Lunes,1899/12/30 00:00:00+00,16:40:00,16,REGION MAULE,SAGRADA FAMILIA,COLISION POR ALCANCE,COLISION,RURAL,TRAMO DE VIA RECTA,IMPRUDENCIA DEL CONDUCTOR,CONDUCCION NO ATENTO CONDICIONES TRANSITO MOMENTO, , , ,0,K-180,"1,1",BIDIRECCIONAL,ASFALTO,BUENO,SECO,DESPEJADO,0,0,1,0,07,073,07307,Maule,Curicó,Sagrada Familia,Ruta,"K-180 km 1,1",-35.061871,-71.47604
-7873530.95849023,-3942894.53280393,2439,2023,1513911,2023/03/03 00:00:00+00,Marzo,3,Viernes,1899/12/30 00:00:00+00,07:40:00,7,REGION METROPOLITANA,QUILICURA,COLISION POR ALCANCE,COLISION,URBANA,CRUCE CON SEÑAL PARE,IMPRUDENCIA DEL CONDUCTOR,"ADELANTAMIENTO EN CRUCE, CURVA, CUESTA, PUENTE",LIBER BERNARDO O'HIGGINS,LINEA FERREA,LIBER BERNARDO O'HIGGINS - LINEA FERREA,0, , ,BIDIRECCIONAL,ASFALTO,REGULAR,SECO,DESPEJADO,0,0,0,0,13,131,13125,Metropolitana de Santiago,Santiago,Quilicura,Interseccion,"LIBER BERNARDO O'HIGGINS & LINEA FERREA, Quilicura",-33.357813,-70.729132
-7857141.61249972,-3949197.15292467,2440,2023,1513221,2023/01/31 00:00:00+00,Enero,31,Martes,1899/12/30 00:00:00+00,19:30:00,19,REGION METROPOLITANA,LAS CONDES,COLISION POR ALCANCE,COLISION,URBANA,CRUCE CON SEMAFORO FUNCIONANDO,IMPRUDENCIA DEL CONDUCTOR,CONDUCCION SIN MANTENER DISTANCIA RAZONABLE NI PRUDENTE,ALONSO DE CORDOVA,CERRO COLORADO,ALONSO DE CORDOVA - CERRO COLORADO,0, , ,BIDIRECCIONAL,CONCRETO,BUENO,SECO,DESPEJADO,0,0,0,0,13,131,13114,Metropolitana de Santiago,Santiago,Las Condes,Interseccion,"ALONSO DE CORDOVA & CERRO COLORADO, Las Condes",-33.40509,-70.581904
-7976234.30415403,-4291990.50788691,2441,2023,1582401,2023/12/30 00:00:00+00,Diciembre,30,Sábado,1899/12/30 00:00:00+00,11:15:00,11,REGION MAULE,LONGAVI,IMPACTO CON ANIMAL,OTRO TIPO,RURAL,TRAMO DE VIA CURVA HORIZONTAL,DEFICIENCIAS VIALES,ANIMALES SUELTOS VIA PUBLICA, , , ,0,L-505,2,BIDIRECCIONAL,ASFALTO,BUENO,SECO,DESPEJADO,0,1,0,0,07,074,07403,Maule,Linares,Longaví,Ruta,L-505 km 2,-35.93725,-71.651732
-7932196.46094982,-3488376.85530678,2442,2023,1545019,2023/07/03 00:00:00+00,Julio,3,Lunes,1899/12/30 00:00:00+00,17:50:00,17,REGION COQUIMBO,LA SERENA,CHOQUE FRENTE/POSTERIOR,CHOQUE,RURAL,TRAMO DE VIA RECTA,IMPRUDENCIA DEL CONDUCTOR,CONDUCCION CAMBIAR SORPRESIVAMENTE PISTA CIRCULACION, , , ,0,RUTA 5 NORTE,"472,5",BIDIRECCIONAL CON BANDEJON,ASFALTO,BUENO,SECO,DESPEJADO,0,1,0,0,04,041,04101,Coquimbo,Elqui,La Serena,Ruta,"RUTA 5 NORTE km 472,5",-29.881889,-71.256133
-7874289.71213948,-3992722.77553695,2443,2023,1514899,2023/03/03 00:00:00+00,Marzo,3,Viernes,1899/12/30 00:00:00+00,07:40:00,7,REGION METROPOLITANA,BUIN,COLISION POR ALCANCE,COLISION,URBANA,CRUCE CON SEMAFORO FUNCIONANDO,IMPRUDENCIA DEL CONDUCTOR,CONDUCCION NO ATENTO CONDICIONES TRANSITO MOMENTO,SARGENTO ALDEA,SAN MARTIN,SAN MARTIN - SARGENTO ALDEA,0, , ,BIDIRECCIONAL,CONCRETO,BUENO,SECO,DESPEJADO,0,0,1,0,13,134,13402,Metropolitana de Santiago,Maipo,Buin,Interseccion,"SAN MARTIN & SARGENTO ALDEA, Buin",-33.73088,-70.735948
-8192445.26965081,-5104200.39904819,2444,2023,1507493,2023/01/31 00:00:00+00,Enero,31,Martes,1899/12/30 00:00:00+00,22:20:00,22,REGION LOS LAGOS,MAULLIN,COLISION LATERAL,COLISION,URBANA,TRAMO DE VIA RECTA,IMPRUDENCIA DEL CONDUCTOR,CONDUCCION CAMBIAR SORPRESIVAMENTE PISTA CIRCULACION,BERNARDO O'HIGGINS,PEDRO MONTT,BERNARDO O'HIGGINS - PEDRO MONTT,0, , ,UNIDIRECCIONAL,CONCRETO,BUENO,SECO,DESPEJADO,0,1,0,0,10,101,10108,Los Lagos,Llanquihue,Maullín,Interseccion,"BERNARDO O'HIGGINS & PEDRO MONTT, Maullín",-41.619827,-73.593988
-7821152.31143635,-2703698.6655169,2445,2023,1581244,2023/12/30 00:00:00+00,Diciembre,30,Sábado,1899/12/30 00:00:00+00,18:30:00,18,REGION ANTOFAGASTA,ANTOFAGASTA,COLISION,COLISION,RURAL,TRAMO DE VIA RECTA,VELOCIDAD IMPRUDENTE,VELOCIDAD NO RAZONABLE NI PRUDENTE, , , ,0,RUTA 5 NORTE,1366,BIDIRECCIONAL,ASFALTO,BUENO,SECO,DESPEJADO,2,0,0,0,02,021,02101,Antofagasta,Antofagasta,Antofagasta,Ruta,RUTA 5 NORTE km 1366,-23.591415,-70.258607
-8157517.69455033,-5001304.48625021,2446,2023,1542840,2023/07/03 00:00:00+00,Julio,3,Lunes,1899/12/30 00:00:00+00,18:35:00,18,REGION LOS LAGOS,PURRANQUE,COLISION,COLISION,RURAL,TRAMO DE VIA RECTA,IMPRUDENCIA DEL CONDUCTOR,CONDUCCION SIN MANTENER DISTANCIA RAZONABLE NI PRUDENTE, , , ,0,U-900,13,BIDIRECCIONAL,ASFALTO,BUENO,MOJADO,LLUVIA,0,0,0,2,10,103,10303,Los Lagos,Osorno,Purranque,Ruta,U-900 km 13,-40.925129,-73.280228
-7874547.19412168,-3956278.54215835,2447,2023,1508612,2023/02/01 00:00:00+00,Febrero,1,Miércoles,1899/12/30 00:00:00+00,00:25:00,0,REGION METROPOLITANA,PUDAHUEL,COLISION LATERAL,COLISION,URBANA,CRUCE CON SEMAFORO FUNCIONANDO,DESOBEDIENCIA A SEÑALIZACION,SEÑALIZACION DESOBEDECER LUZ ROJA DE SEMAFORO,TTE CRUZ,LA TRAVESIA,LA TRAVESIA - TTE CRUZ,0, , ,BIDIRECCIONAL CON BANDEJON,ASFALTO,BUENO,SECO,DESPEJADO,0,1,1,0,13,131,13124,Metropolitana de Santiago,Santiago,Pudahuel,Interseccion,"LA TRAVESIA & TTE CRUZ, Pudahuel",-33.458178,-70.738261
-8139102.52809102,-4950060.26320216,2448,2023,1514578,2023/03/03 00:00:00+00,Marzo,3,Viernes,1899/12/30 00:00:00+00,08:20:00,8,REGION LOS LAGOS,OSORNO,COLISION,COLISION,URBANA,TRAMO DE VIA RECTA,IMPRUDENCIA DEL CONDUCTOR,CONDUCCION NO ATENTO CONDICIONES TRANSITO MOMENTO,FRANCIA,BAVIERA,BAVIERA - FRANCIA,0, , ,UNIDIRECCIONAL,CONCRETO,BUENO,SECO,DESPEJADO,0,0,0,0,10,103,10301,Los Lagos,Osorno,Osorno,Interseccion,"BAVIERA & FRANCIA, Osorno",-40.576401,-73.114802
-7932153.15684414,-3487808.6183351,2449,2023,1582859,2023/12/30 00:00:00+00,Diciembre,30,Sábado,1899/12/30 00:00:00+00,21:30:00,21,REGION COQUIMBO,LA SERENA,COLISION PERPENDICULAR,COLISION,RURAL,CRUCE SIN SEÑALIZACION,IMPRUDENCIA DEL CONDUCTOR,CONDUCCION NO ATENTO CONDICIONES TRANSITO MOMENTO, , , ,0,RUTA 5 NORTE,473,BIDIRECCIONAL CON BANDEJON,ASFALTO,BUENO,SECO,DESPEJADO,0,0,0,3,04,041,04101,Coquimbo,Elqui,La Serena,Ruta,RUTA 5 NORTE km 473,-29.877463,-71.255744
-7995434.91990099,-4454834.45665594,2450,2023,1542925,2023/07/04 00:00:00+00,Julio,4,Martes,1899/12/30 00:00:00+00,14:00:00,14,REGION ÑUBLE,YUNGAY,COLISION FRONTAL,COLISION,RURAL,TRAMO DE VIA RECTA,IMPRUDENCIA DEL CONDUCTOR,CONDUCCION NO ATENTO CONDICIONES TRANSITO MOMENTO, , , ,0,N-935,18,BIDIRECCIONAL,ASFALTO,REGULAR,MOJADO,LLOVIZNA,0,0,0,1,16,161,16109,Ñuble,Diguillín,Yungay,Ruta,N-935 km 18,-37.112751,-71.824214
-8139527.45903314,-4416438.94652905,2451,2023,1514284,2023/03/03 00:00:00+00,Marzo,3,Viernes,1899/12/30 00:00:00+00,08:25:00,8,REGION BIO BIO,SAN PEDRO DE LA PAZ,ATROPELLO,ATROPELLO,URBANA,CRUCE CON SEMAFORO FUNCIONANDO,IMPRUDENCIA DEL PEATON,PEATON CRUZA CALZADA FORMA SORPRESIVA O DESCUIDADA,PEDRO AGUIRRE CERDA,DIAGONAL BIO BIO,DIAGONAL BIO BIO - PEDRO AGUIRRE CERDA,0, , ,BIDIRECCIONAL CON BANDEJON,CONCRETO,BUENO,SECO,DESPEJADO,0,1,0,0,08,081,08108,Biobío,Concepción,San Pedro de la Paz,Interseccion,"DIAGONAL BIO BIO & PEDRO AGUIRRE CERDA, San Pedro de la Paz",-36.837201,-73.118619
-7859131.33707816,-3960946.61457525,2452,2023,1510160,2023/02/01 00:00:00+00,Febrero,1,Miércoles,1899/12/30 00:00:00+00,07:00:00,7,REGION METROPOLITANA,MACUL,CHOQUE FRENTE/POSTERIOR,CHOQUE,URBANA,CRUCE CON SEMAFORO FUNCIONANDO,DESOBEDIENCIA A SEÑALIZACION,SEÑALIZACION DESOBEDECER LUZ ROJA DE SEMAFORO,VICTOR DOMINGO SILVA,MACUL,MACUL - VICTOR DOMINGO SILVA,0, , ,BIDIRECCIONAL,CONCRETO,BUENO,SECO,DESPEJADO,0,2,0,0,13,131,13118,Metropolitana de Santiago,Santiago,Macul,Interseccion,"MACUL & VICTOR DOMINGO SILVA, Macul",-33.493156,-70.599778
-7967229.58304664,-4258402.88277209,2453,2023,1581522,2023/12/31 00:00:00+00,Diciembre,31,Domingo,1899/12/30 00:00:00+00,16:30:00,16,REGION MAULE,YERBAS BUENAS,VOLCADURA,VOLCADURA,RURAL,TRAMO DE VIA RECTA,VELOCIDAD IMPRUDENTE,"VELOCIDAD NO REDUCIR CRUCE DE CALLES, CUMBRE, CURVA, ETC.", , , ,0,L-25,12,BIDIRECCIONAL,ASFALTO,BUENO,SECO,DESPEJADO,0,0,0,1,07,074,07408,Maule,Linares,Yerbas Buenas,Ruta,L-25 km 12,-35.69258,-71.570841
-7742664.36887718,-2060696.24960743,2454,2023,1543223,2023/07/05 00:00:00+00,Julio,5,Miércoles,1899/12/30 00:00:00+00,15:00:00,15,REGION ARICA Y PARINACOTA,PUTRE,VOLCADURA,VOLCADURA,RURAL,TRAMO DE VIA CURVA VERTICAL,VELOCIDAD IMPRUDENTE,VELOCIDAD NO RAZONABLE NI PRUDENTE, , , ,0,A-147,4,BIDIRECCIONAL,ASFALTO,REGULAR,SECO,DESPEJADO,0,1,0,0,15,152,15201,Arica y Parinacota,Parinacota,Putre,Ruta,A-147 km 4,-18.197651,-69.553537
-7856061.15665403,-3972884.81361047,2455,2023,1518027,2023/03/03 00:00:00+00,Marzo,3,Viernes,1899/12/30 00:00:00+00,08:25:00,8,REGION METROPOLITANA,PUENTE ALTO,COLISION LATERAL,COLISION,URBANA,TRAMO DE VIA RECTA,IMPRUDENCIA DEL CONDUCTOR,CONDUCCION NO ATENTO CONDICIONES TRANSITO MOMENTO,MAESTRO PALOMO,GERMAN EBBINGHAUSS,GERMAN EBBINGHAUSS - MAESTRO PALOMO,0, , ,BIDIRECCIONAL,CONCRETO,BUENO,SECO,DESPEJADO,0,0,0,0,13,132,13201,Metropolitana de Santiago,Cordillera,Puente Alto,Interseccion,"GERMAN EBBINGHAUSS & MAESTRO PALOMO, Puente Alto",-33.582545,-70.572198
-7871567.83927009,-3956995.61964677,2456,2023,1508244,2023/02/01 00:00:00+00,Febrero,1,Miércoles,1899/12/30 00:00:00+00,10:00:00,10,REGION METROPOLITANA,ESTACION CENTRAL,COLISION POR ALCANCE,COLISION,URBANA,CRUCE CON SEÑAL CEDA EL PASO,DESOBEDIENCIA A SEÑALIZACION,SEÑALIZACION DESOBEDECER SEÑAL CEDA EL PASO,LAS PARCELAS,AEROPUERTO,AEROPUERTO - LAS PARCELAS,0, , ,BIDIRECCIONAL,ASFALTO,BUENO,SECO,DESPEJADO,0,1,0,0,13,131,13106,Metropolitana de Santiago,Santiago,Estación Central,Interseccion,"AEROPUERTO & LAS PARCELAS, Estación Central",-33.463552,-70.711497
-8055546.19231792,-6667046.350365,2457,2023,1501588,2023/01/03 00:00:00+00,Enero,3,Martes,1899/12/30 00:00:00+00,12:45:00,12,REGION MAGALLANES Y ANTARTICA CHILENA,TORRES DEL PAINE,COLISION,COLISION,RURAL,TRAMO DE VIA RECTA,IMPRUDENCIA DEL CONDUCTOR,CONDUCCION NO ATENTO CONDICIONES TRANSITO MOMENTO, , , ,0,RUTA 9,305,BIDIRECCIONAL,CONCRETO,BUENO,SECO,DESPEJADO,0,0,1,2,12,124,12402,Magallanes y de la Antártica Chilena,Última Esperanza,Torres del Paine,Ruta,RUTA 9 km 305,-51.257932,-72.364203
-7881525.99207918,-4062573.04137849,2458,2023,1545144,2023/07/05 00:00:00+00,Julio,5,Miércoles,1899/12/30 00:00:00+00,17:20:00,17,REGION LIB.B.O'HIGGINS,REQUINOA,COLISION LATERAL,COLISION,RURAL,TRAMO DE VIA RECTA,IMPRUDENCIA DEL CONDUCTOR,CONDUCCION CAMBIAR SORPRESIVAMENTE PISTA CIRCULACION, , , ,0,RUTA 5 SUR,96,UNIDIRECCIONAL,ASFALTO,BUENO,SECO,DESPEJADO,0,0,1,0,06,061,06116,Libertador General Bernardo O'Higgins,Cachapoal,Requínoa,Ruta,RUTA 5 SUR km 96,-34.251133,-70.800953
-7873787.794786,-3862614.92806475,2459,2023,1508547,2023/02/01 00:00:00+00,Febrero,1,Miércoles,1899/12/30 00:00:00+00,10:20:00,10,REGION VALPARAISO,SAN FELIPE,COLISION LATERAL,COLISION,URBANA,CRUCE CON SEMAFORO FUNCIONANDO,DESOBEDIENCIA A SEÑALIZACION,SEÑALIZACION DESOBEDECER LUZ ROJA DE SEMAFORO,MAIPU,TACNA NORTE,MAIPU - TACNA NORTE,0, , ,BIDIRECCIONAL,ASFALTO,BUENO,SECO,DESPEJADO,0,0,0,1,05,057,05701,Valparaíso,San Felipe de Aconcagua,San Felipe,Interseccion,"MAIPU & TACNA NORTE, San Felipe",-32.753381,-70.731439
-7978341.82127354,-4221684.98673115,2460,2023,1514424,2023/03/03 00:00:00+00,Marzo,3,Viernes,1899/12/30 00:00:00+00,08:40:00,8,REGION MAULE,TALCA,COLISION POR ALCANCE,COLISION,URBANA,TRAMO DE VIA RECTA,IMPRUDENCIA DEL CONDUCTOR,ADELANTAMIENTO SIN EL ESPACIO O TIEMPO SUFICIENTE,2 NORTE,4 PONIENTE,2 NORTE - 4 PONIENTE,0, , ,UNIDIRECCIONAL,CONCRETO,BUENO,SECO,DESPEJADO,0,0,0,0,07,071,07101,Maule,Talca,Talca,Interseccion,"2 NORTE & 4 PONIENTE, Talca",-35.424246,-71.670664
-8070452.44374959,-6711153.96855903,2461,2023,1503083,2023/01/08 00:00:00+00,Enero,8,Domingo,1899/12/30 00:00:00+00,20:00:00,20,REGION MAGALLANES Y ANTARTICA CHILENA,TORRES DEL PAINE,VOLCADURA,VOLCADURA,RURAL,TRAMO DE VIA RECTA,VELOCIDAD IMPRUDENTE,VELOCIDAD NO RAZONABLE NI PRUDENTE, , , ,0,RUTA 9,272,BIDIRECCIONAL,RIPIO,REGULAR, ,DESPEJADO,0,1,0,0,12,124,12402,Magallanes y de la Antártica Chilena,Última Esperanza,Torres del Paine,Ruta,RUTA 9 km 272,-51.505228,-72.498108
-7908138.8995323,-4124614.55781669,2462,2023,1547928,2023/07/06 00:00:00+00,Julio,6,Jueves,1899/12/30 00:00:00+00,00:26:00,0,REGION LIB.B.O'HIGGINS,CHIMBARONGO,COLISION FRONTAL,COLISION,RURAL,TRAMO DE VIA RECTA,IMPRUDENCIA DEL CONDUCTOR,CONDUCCION NO ATENTO CONDICIONES TRANSITO MOMENTO, , , ,0,I-86,1,BIDIRECCIONAL,CONCRETO,BUENO,SECO,DESPEJADO,0,0,1,0,06,063,06303,Libertador General Bernardo O'Higgins,Colchagua,Chimbarongo,Ruta,I-86 km 1,-34.710545,-71.04002
-8119769.09478868,-5081224.20871103,2463,2023,1513880,2023/03/03 00:00:00+00,Marzo,3,Viernes,1899/12/30 00:00:00+00,09:40:00,9,REGION LOS LAGOS,PUERTO MONTT,COLISION POR ALCANCE,COLISION,URBANA,TRAMO DE VIA CURVA VERTICAL,FALLAS MECANICAS,FALLAS MECANICAS NEUMATICOS,SANTA TERESA,PADRE HARTER,PADRE HARTER - SANTA TERESA,0, , ,BIDIRECCIONAL,CONCRETO,BUENO,MOJADO,LLOVIZNA,0,0,0,2,10,101,10101,Los Lagos,Llanquihue,Puerto Montt,Interseccion,"PADRE HARTER & SANTA TERESA, Puerto Montt",-41.465345,-72.941127
-7868389.77912743,-3972555.305381,2464,2023,1507039,2023/02/01 00:00:00+00,Febrero,1,Miércoles,1899/12/30 00:00:00+00,11:30:00,11,REGION METROPOLITANA,SAN BERNARDO,COLISION POR ALCANCE,COLISION,URBANA,TRAMO DE VIA RECTA,VELOCIDAD IMPRUDENTE,VELOCIDAD NO RAZONABLE NI PRUDENTE,LO BLANCO,PEDRO SANCHO DE LA HOZ,LO BLANCO - PEDRO SANCHO DE LA HOZ,0, , ,BIDIRECCIONAL,ASFALTO,REGULAR,SECO,DESPEJADO,0,1,0,1,13,134,13401,Metropolitana de Santiago,Maipo,San Bernardo,Interseccion,"LO BLANCO & PEDRO SANCHO DE LA HOZ, San Bernardo",-33.580079,-70.682948
-7940906.82430256,-3501135.91100702,2465,2023,1501259,2023/01/01 00:00:00+00,Enero,1,Domingo,1899/12/30 00:00:00+00,00:20:00,0,REGION COQUIMBO,COQUIMBO,COLISION PERPENDICULAR,COLISION,URBANA,CRUCE SIN SEÑALIZACION,IMPRUDENCIA DEL CONDUCTOR,CONDUCCION NO ATENTO CONDICIONES TRANSITO MOMENTO,SALVADOR ALLENDE,PRESIDENTE ARTURO ALESSANDRI,PRESIDENTE ARTURO ALESSANDRI - SALVADOR ALLENDE,0, , ,BIDIRECCIONAL CON BANDEJON,ASFALTO,BUENO,SECO,DESPEJADO,0,0,2,0,04,041,04102,Coquimbo,Elqui,Coquimbo,Interseccion,"PRESIDENTE ARTURO ALESSANDRI & SALVADOR ALLENDE, Coquimbo",-29.981219,-71.33438
-7863403.89044316,-3953640.92274861,2466,2023,1513588,2023/03/03 00:00:00+00,Marzo,3,Viernes,1899/12/30 00:00:00+00,10:30:00,10,REGION METROPOLITANA,SANTIAGO,COLISION POR ALCANCE,COLISION,URBANA,CRUCE CON SEMAFORO FUNCIONANDO,IMPRUDENCIA DEL CONDUCTOR,VIRAJES INDEBIDOS,NAMUR,LIBER BERNARDO O'HIGGINS,LIBER BERNARDO O'HIGGINS - NAMUR,0, , ,BIDIRECCIONAL CON BANDEJON,ASFALTO,BUENO,SECO,DESPEJADO,0,0,1,0,13,131,13101,Metropolitana de Santiago,Santiago,Santiago,Interseccion,"LIBER BERNARDO O'HIGGINS & NAMUR, Santiago",-33.438408,-70.638159
-8132636.36562815,-4411186.94048577,2467,2023,1546272,2023/07/06 00:00:00+00,Julio,6,Jueves,1899/12/30 00:00:00+00,08:20:00,8,REGION BIO BIO,TALCAHUANO,CHOQUE LADO/LADO,CHOQUE,RURAL,TRAMO DE VIA RECTA,IMPRUDENCIA DEL CONDUCTOR,ADELANTAMIENTO SIN EL ESPACIO O TIEMPO SUFICIENTE, , , ,0,RUTA 154,"3,1",BIDIRECCIONAL CON BANDEJON,CONCRETO,BUENO,SECO,DESPEJADO,0,0,0,1,08,081,08110,Biobío,Concepción,Talcahuano,Ruta,"RUTA 154 km 3,1",-36.799432,-73.056715
-8026557.29838462,-4384869.08635662,2468,2023,1507366,2023/02/01 00:00:00+00,Febrero,1,Miércoles,1899/12/30 00:00:00+00,11:30:00,11,REGION ÑUBLE,CHILLAN,COLISION LATERAL,COLISION,URBANA,CRUCE CON SEMAFORO FUNCIONANDO,IMPRUDENCIA DEL CONDUCTOR,CONDUCCION NO ATENTO CONDICIONES TRANSITO MOMENTO,ARGENTINA,MAIPON,ARGENTINA - MAIPON,0, , ,BIDIRECCIONAL,CONCRETO,BUENO,SECO,DESPEJADO,0,0,0,1,16,161,16101,Ñuble,Diguillín,Chillán,Interseccion,"ARGENTINA & MAIPON, Chillán",-36.60989,-72.103791
-7926340.70231697,-4156535.94424211,2469,2023,1501564,2023/01/01 00:00:00+00,Enero,1,Domingo,1899/12/30 00:00:00+00,00:30:00,0,REGION MAULE,CURICO,ATROPELLO,ATROPELLO,URBANA,CRUCE SIN SEÑALIZACION,IMPRUDENCIA DEL PEATON,PEATON CRUZA CALZADA FORMA SORPRESIVA O DESCUIDADA,LOS ALMENDROS,LAS CAMELIAS,LAS CAMELIAS - LOS ALMENDROS,0, , ,BIDIRECCIONAL,ASFALTO,BUENO,SECO,NUBLADO,0,1,0,0,07,073,07301,Maule,Curicó,Curicó,Interseccion,"LAS CAMELIAS & LOS ALMENDROS, Curicó",-34.945932,-71.20353
-8050913.22373375,-4295396.22767054,2470,2023,1508180,2023/02/01 00:00:00+00,Febrero,1,Miércoles,1899/12/30 00:00:00+00,12:40:00,12,REGION MAULE,CAUQUENES,COLISION PERPENDICULAR,COLISION,URBANA,CRUCE CON SEÑAL PARE,DESOBEDIENCIA A SEÑALIZACION,SEÑALIZACION DESOBEDECER SEÑAL PARE,SOTERO DEL RIO GUNDIAN,PEREZ,PEREZ - SOTERO DEL RIO GUNDIAN,0, , ,BIDIRECCIONAL,ASFALTO,BUENO,SECO,DESPEJADO,0,1,0,0,07,072,07201,Maule,Cauquenes,Cauquenes,Interseccion,"PEREZ & SOTERO DEL RIO GUNDIAN, Cauquenes",-35.962017,-72.322584
-7970312.1237859,-4278748.04985088,2471,2023,1514560,2023/03/03 00:00:00+00,Marzo,3,Viernes,1899/12/30 00:00:00+00,12:30:00,12,REGION MAULE,LINARES,COLISION LATERAL,COLISION,URBANA,CRUCE CON SEÑAL CEDA EL PASO,DESOBEDIENCIA A SEÑALIZACION,SEÑALIZACION DESOBEDECER SEÑAL CEDA EL PASO,FREIRE,YERBAS BUENAS,FREIRE - YERBAS BUENAS,0, , ,UNIDIRECCIONAL,ASFALTO,BUENO,SECO,DESPEJADO,0,0,0,1,07,074,07401,Maule,Linares,Linares,Interseccion,"FREIRE & YERBAS BUENAS, Linares",-35.840875,-71.598532
-8125643.4396354,-4404858.47037142,2472,2023,1545457,2023/07/06 00:00:00+00,Julio,6,Jueves,1899/12/30 00:00:00+00,10:40:00,10,REGION BIO BIO,PENCO,VOLCADURA,VOLCADURA,RURAL,TRAMO DE VIA RECTA,VELOCIDAD IMPRUDENTE,VELOCIDAD NO RAZONABLE NI PRUDENTE, , , ,0,RUTA 150,7,BIDIRECCIONAL,ASFALTO,BUENO,SECO,DESPEJADO,0,1,0,1,08,081,08107,Biobío,Concepción,Penco,Ruta,RUTA 150 km 7,-36.753897,-72.993897
-7866371.44543986,-3958698.5565962,2473,2023,1510247,2023/01/01 00:00:00+00,Enero,1,Domingo,1899/12/30 00:00:00+00,02:00:00,2,REGION METROPOLITANA,PEDRO AGUIRRE CERDA,COLISION LATERAL,COLISION,URBANA,TRAMO DE VIA RECTA,IMPRUDENCIA DEL CONDUCTOR,CONDUCCION NO ATENTO CONDICIONES TRANSITO MOMENTO,CLUB HIPICO,ISABEL RIQUELME,CLUB HIPICO - ISABEL RIQUELME,0, , ,BIDIRECCIONAL,ASFALTO,BUENO,SECO,DESPEJADO,0,0,0,0,13,131,13121,Metropolitana de Santiago,Santiago,Pedro Aguirre Cerda,Interseccion,"CLUB HIPICO & ISABEL RIQUELME, Pedro Aguirre Cerda",-33.476313,-70.664817
-7903079.98040854,-3504115.00139213,2474,2023,1543675,2023/07/06 00:00:00+00,Julio,6,Jueves,1899/12/30 00:00:00+00,13:00:00,13,REGION COQUIMBO,SALAMANCA,COLISION,COLISION,RURAL,TRAMO DE VIA RECTA,IMPRUDENCIA DEL CONDUCTOR,CONDUCCION NO ATENTO CONDICIONES TRANSITO MOMENTO, , , ,0,D-335,2,BIDIRECCIONAL,ASFALTO,BUENO,SECO,DESPEJADO,0,1,0,1,04,042,04204,Coquimbo,Choapa,Salamanca,Ruta,D-335 km 2,-30.004397,-70.994575
-7969754.41313703,-4279244.06784898,2475,2023,1507106,2023/02/01 00:00:00+00,Febrero,1,Miércoles,1899/12/30 00:00:00+00,16:45:00,16,REGION MAULE,LINARES,COLISION PERPENDICULAR,COLISION,URBANA,CRUCE CON SEÑAL PARE,DESOBEDIENCIA A SEÑALIZACION,SEÑALIZACION DESOBEDECER SEÑAL PARE,MAX JARA,LAUTARO,LAUTARO - MAX JARA,0, , ,UNIDIRECCIONAL,ASFALTO,BUENO,SECO,DESPEJADO,0,1,0,1,07,074,07401,Maule,Linares,Linares,Interseccion,"LAUTARO & MAX JARA, Linares",-35.844487,-71.593522
-8169326.09071983,-5057169.09040692,2476,2023,1543543,2023/07/06 00:00:00+00,Julio,6,Jueves,1899/12/30 00:00:00+00,15:10:00,15,REGION LOS LAGOS,LOS MUERMOS,OTRO TIPO,OTRO TIPO,RURAL,TRAMO DE VIA RECTA,ALCOHOL EN CONDUCTOR,CONDUCCION EN ESTADO DE EBRIEDAD, , , ,0,V-50,34,BIDIRECCIONAL,ASFALTO,BUENO,SECO,DESPEJADO,0,1,0,0,10,101,10106,Los Lagos,Llanquihue,Los Muermos,Ruta,V-50 km 34,-41.303214,-73.386305
-8138083.95475026,-4411457.62369542,2477,2023,1500993,2023/01/01 00:00:00+00,Enero,1,Domingo,1899/12/30 00:00:00+00,05:30:00,5,REGION BIO BIO,HUALPEN,CHOQUE,CHOQUE,URBANA,CRUCE CON SEÑAL PARE,IMPRUDENCIA DEL CONDUCTOR,CONDUCCION NO ATENTO CONDICIONES TRANSITO MOMENTO,GRAN BRETAÑA,OCEANO PACIFICO,GRAN BRETAÑA - OCEANO PACIFICO,0, , ,BIDIRECCIONAL,CONCRETO,BUENO,SECO,DESPEJADO,0,1,0,0,08,081,08112,Biobío,Concepción,Hualpén,Interseccion,"GRAN BRETAÑA & OCEANO PACIFICO, Hualpén",-36.801379,-73.105652