X,Y,FID,Año,IdAccident,Fecha,Mes,Dia_mes,Dia_semana,Hora,Hora_texto,Hora_aprox,Región,Comuna,Tipo_Accid,Tipo__CONA,Zona,Ubicación,Causa__CON,Causa_Acci,Calle_Uno,Calle_Dos,Intersecci,Número,Ruta,Ubicaci_1,Calzada,Tipo_Calza,Estado_Cal,Condición,Estado_Atm,Fallecidos,Graves,Menos_Grav,Leves,CUT_REG,CUT_PROV,CUT_COM,REGION,PROVINCIA,COMUNA1,Tipo_direc,Direccion,Lat,Lon
-8080440.05074973,-4683561.17486427,2478,2023,1507131,2023/02/01 00:00:00+00,Febrero,1,Miércoles,1899/12/30 00:00:00+00,17:40:00,17,REGION ARAUCANIA,TEMUCO,COLISION PERPENDICULAR,COLISION,URBANA,CRUCE CON SEÑAL PARE,DESOBEDIENCIA A SEÑALIZACION,SEÑALIZACION DESOBEDECER SEÑAL PARE,BALMACEDA,MANUEL BULNES,BALMACEDA - MANUEL BULNES,0, , ,BIDIRECCIONAL,CONCRETO,BUENO,SECO,DESPEJADO,0,0,0,1,09,091,09101,La Araucanía,Cautín,Temuco,Interseccion,"BALMACEDA & MANUEL BULNES, Temuco",-38.733443,-72.587828
-7861612.87116692,-3962256.5705526,2479,2023,1514050,2023/03/03 00:00:00+00,Marzo,3,Viernes,1899/12/30 00:00:00+00,17:50:00,17,REGION METROPOLITANA,SAN JOAQUIN,VOLCADURA,VOLCADURA,URBANA,CRUCE CON SEÑAL PARE,VELOCIDAD IMPRUDENTE,VELOCIDAD NO RAZONABLE NI PRUDENTE,HAYDN,PIRAMIDE,HAYDN - PIRAMIDE,0, , ,BIDIRECCIONAL,ASFALTO,BUENO,SECO,DESPEJADO,0,0,0,1,13,131,13129,Metropolitana de Santiago,Santiago,San Joaquín,Interseccion,"HAYDN & PIRAMIDE, San Joaquín",-33.502969,-70.62207
-8041967.7007731,-4295921.33848098,2480,2023,1502625,2023/01/01 00:00:00+00,Enero,1,Domingo,1899/12/30 00:00:00+00,15:00:00,15,REGION MAULE,CAUQUENES,COLISION POR ALCANCE,COLISION,URBANA,CRUCE CON SEÑAL PARE,FALLAS MECANICAS,FALLAS MECANICAS FRENOS,MARIA RUIZ MARTINEZ,RIVERA DEL RIO,MARIA RUIZ MARTINEZ - RIVERA DEL RIO,0, , ,BIDIRECCIONAL,ASFALTO,BUENO,SECO,DESPEJADO,0,0,0,2,07,072,07201,Maule,Cauquenes,Cauquenes,Interseccion,"MARIA RUIZ MARTINEZ & RIVERA DEL RIO, Cauquenes",-35.965835,-72.242225
-8013847.49927307,-4504295.72787645,2481,2023,1543577,2023/07/07 00:00:00+00,Julio,7,Viernes,1899/12/30 00:00:00+00,15:30:00,15,REGION BIO BIO,LOS ANGELES,VOLCADURA,VOLCADURA,RURAL,TRAMO DE VIA CURVA HORIZONTAL,ALCOHOL EN CONDUCTOR,CONDUCCION EN ESTADO DE EBRIEDAD, , , ,0,Q-469,8,BIDIRECCIONAL,CONCRETO,BUENO,SECO,NUBLADO,0,1,0,1,08,083,08301,Biobío,Biobío,Los Angeles,Ruta,Q-469 km 8,-37.466242,-71.989617
-8126479.45444365,-5059337.82015884,2482,2023,1514421,2023/03/03 00:00:00+00,Marzo,3,Viernes,1899/12/30 00:00:00+00,18:00:00,18,REGION LOS LAGOS,PUERTO VARAS,CHOQUE FRENTE/LADO,CHOQUE,URBANA,CRUCE CON SEÑAL CEDA EL PASO,IMPRUDENCIA DEL CONDUCTOR,CONDUCCION NO ATENTO CONDICIONES TRANSITO MOMENTO,GRAMADO,KAHL,GRAMADO - KAHL,0, , ,BIDIRECCIONAL,ASFALTO,BUENO,SECO,DESPEJADO,0,0,0,0,10,101,10109,Los Lagos,Llanquihue,Puerto Varas,Interseccion,"GRAMADO & KAHL, Puerto Varas",-41.317848,-73.001407
-7931011.21178528,-3491894.77738354,2483,2023,1501406,2023/01/01 00:00:00+00,Enero,1,Domingo,1899/12/30 00:00:00+00,15:15:00,15,REGION COQUIMBO,LA SERENA,COLISION PERPENDICULAR,COLISION,URBANA,CRUCE CON SEÑAL PARE,DESOBEDIENCIA A SEÑALIZACION,SEÑALIZACION DESOBEDECER SEÑAL PARE,INFANTE,ANFION MUÑOZ,ANFION MUÑOZ - INFANTE,0, , ,UNIDIRECCIONAL,ASFALTO,BUENO,SECO,DESPEJADO,0,1,0,0,04,041,04101,Coquimbo,Elqui,La Serena,Interseccion,"ANFION MUÑOZ & INFANTE, La Serena",-29.909286,-71.245486
-7870798.98388913,-4052385.51669105,2484,2023,1515835,2023/03/03 00:00:00+00,Marzo,3,Viernes,1899/12/30 00:00:00+00,18:40:00,18,REGION LIB.B.O'HIGGINS,RANCAGUA,COLISION POR ALCANCE,COLISION,URBANA,TRAMO DE VIA RECTA,IMPRUDENCIA DEL CONDUCTOR,CONDUCCION NO ATENTO CONDICIONES TRANSITO MOMENTO,MIGUEL RAMIREZ,SAN JOAQUIN,MIGUEL RAMIREZ - SAN JOAQUIN,0, , ,UNIDIRECCIONAL,ASFALTO,BUENO,SECO,DESPEJADO,0,0,0,1,06,061,06101,Libertador General Bernardo O'Higgins,Cachapoal,Rancagua,Interseccion,"MIGUEL RAMIREZ & SAN JOAQUIN, Rancagua",-34.175453,-70.70459
-7928236.87395082,-3520336.51917701,2485,2023,1543796,2023/07/08 00:00:00+00,Julio,8,Sábado,1899/12/30 00:00:00+00,14:50:00,14,REGION COQUIMBO,LA SERENA,COLISION PERPENDICULAR,COLISION,RURAL,TRAMO DE VIA CURVA HORIZONTAL,IMPRUDENCIA DEL CONDUCTOR,CONDUCCION NO ATENTO CONDICIONES TRANSITO MOMENTO, , , ,0,D-415,35,BIDIRECCIONAL,ASFALTO,BUENO,SECO,DESPEJADO,0,1,0,0,04,041,04101,Coquimbo,Elqui,La Serena,Ruta,D-415 km 35,-30.130508,-71.220564
-7855404.36048187,-3957097.03348326,2486,2023,1504001,2023/01/01 00:00:00+00,Enero,1,Domingo,1899/12/30 00:00:00+00,17:00:00,17,REGION METROPOLITANA,PEÑALOLEN,COLISION FRONTAL,COLISION,URBANA,CRUCE CON SEMAFORO FUNCIONANDO,ALCOHOL EN CONDUCTOR,CONDUCCION EN ESTADO DE EBRIEDAD,ORIENTAL,LOS MOLINEROS,LOS MOLINEROS - ORIENTAL,0, , ,BIDIRECCIONAL,CONCRETO,BUENO,SECO,DESPEJADO,0,1,0,0,13,131,13122,Metropolitana de Santiago,Santiago,Peñalolén,Interseccion,"LOS MOLINEROS & ORIENTAL, Peñalolén",-33.464312,-70.566298
-8080440.05074973,-4683561.17486427,2487,2023,1507567,2023/02/01 00:00:00+00,Febrero,1,Miércoles,1899/12/30 00:00:00+00,17:45:00,17,REGION ARAUCANIA,TEMUCO,COLISION PERPENDICULAR,COLISION,URBANA,CRUCE CON SEÑAL CEDA EL PASO,IMPRUDENCIA DEL CONDUCTOR,CONDUCCION NO ATENTO CONDICIONES TRANSITO MOMENTO,MANUEL BULNES,BALMACEDA,BALMACEDA - MANUEL BULNES,0, , ,UNIDIRECCIONAL,CONCRETO,BUENO,SECO,DESPEJADO,0,0,0,2,09,091,09101,La Araucanía,Cautín,Temuco,Interseccion,"BALMACEDA & MANUEL BULNES, Temuco",-38.733443,-72.587828
-7871858.0917289,-4039292.06962627,2488,2023,1548753,2023/07/08 00:00:00+00,Julio,8,Sábado,1899/12/30 00:00:00+00,22:20:00,22,REGION LIB.B.O'HIGGINS,GRANEROS,VOLCADURA,VOLCADURA,RURAL,TRAMO DE VIA RECTA,VELOCIDAD IMPRUDENTE,VELOCIDAD NO RAZONABLE NI PRUDENTE, , , ,0,RUTA TRAVESIA,74,UNIDIRECCIONAL,ASFALTO,BUENO,SECO,NUBLADO,0,1,0,0,06,061,06106,Libertador General Bernardo O'Higgins,Cachapoal,Graneros,Ruta,RUTA TRAVESIA km 74,-34.078087,-70.714104
-7865947.20686045,-3960513.73299603,2489,2023,1506256,2023/01/01 00:00:00+00,Enero,1,Domingo,1899/12/30 00:00:00+00,18:30:00,18,REGION METROPOLITANA,SAN MIGUEL,COLISION LATERAL,COLISION,URBANA,CRUCE CON SEMAFORO FUNCIONANDO,IMPRUDENCIA DEL CONDUCTOR,CONDUCCION NO ATENTO CONDICIONES TRANSITO MOMENTO,JOSE JOAQUIN PRIETO VIAL,SALESIANOS,JOSE JOAQUIN PRIETO VIAL - SALESIANOS,0, , ,UNIDIRECCIONAL,ASFALTO,BUENO,SECO,DESPEJADO,0,1,0,0,13,131,13130,Metropolitana de Santiago,Santiago,San Miguel,Interseccion,"JOSE JOAQUIN PRIETO VIAL & SALESIANOS, San Miguel",-33.489913,-70.661006
-7865083.2562924,-3956696.05358545,2490,2023,1508247,2023/02/01 00:00:00+00,Febrero,1,Miércoles,1899/12/30 00:00:00+00,19:30:00,19,REGION METROPOLITANA,SANTIAGO,ATROPELLO,ATROPELLO,URBANA,CRUCE CON SEMAFORO FUNCIONANDO,DESOBEDIENCIA A SEÑALIZACION,SEÑALIZACION DESOBEDECER LUZ ROJA DE SEMAFORO,LIBER BERNARDO O'HIGGINS,LORD COCHRANE,LIBER BERNARDO O'HIGGINS - LORD COCHRANE,0, , ,BIDIRECCIONAL CON BANDEJON,ASFALTO,BUENO,SECO,DESPEJADO,0,0,1,2,13,131,13101,Metropolitana de Santiago,Santiago,Santiago,Interseccion,"LIBER BERNARDO O'HIGGINS & LORD COCHRANE, Santiago",-33.461307,-70.653245
-7855912.75664085,-3955641.02901063,2491,2023,1516832,2023/03/03 00:00:00+00,Marzo,3,Viernes,1899/12/30 00:00:00+00,19:30:00,19,REGION METROPOLITANA,ÑUÑOA,CHOQUE POSTERIOR/FRENTE,CHOQUE,URBANA,TRAMO DE VIA RECTA,IMPRUDENCIA DEL CONDUCTOR,CONDUCCION NO ATENTO CONDICIONES TRANSITO MOMENTO,IRARRAZAVAL,OSSA,IRARRAZAVAL - OSSA,0, , ,BIDIRECCIONAL CON BANDEJON,CONCRETO,BUENO,SECO,DESPEJADO,0,0,0,0,13,131,13120,Metropolitana de Santiago,Santiago,Ñuñoa,Interseccion,"IRARRAZAVAL & OSSA, Ñuñoa",-33.4534,-70.570865
-7915583.21797842,-4127288.08674898,2492,2023,1547947,2023/07/09 00:00:00+00,Julio,9,Domingo,1899/12/30 00:00:00+00,17:05:00,17,REGION LIB.B.O'HIGGINS,CHIMBARONGO,COLISION LATERAL,COLISION,RURAL,TRAMO DE VIA RECTA,IMPRUDENCIA DEL CONDUCTOR,CONDUCCION NO ATENTO CONDICIONES TRANSITO MOMENTO, , , ,0,I-86,10,BIDIRECCIONAL,ASFALTO,BUENO,SECO,DESPEJADO,0,1,0,0,06,063,06303,Libertador General Bernardo O'Higgins,Colchagua,Chimbarongo,Ruta,I-86 km 10,-34.730285,-71.106894
-7862101.89768998,-3952713.42937171,2493,2023,1504402,2023/01/01 00:00:00+00,Enero,1,Domingo,1899/12/30 00:00:00+00,20:15:00,20,REGION METROPOLITANA,PROVIDENCIA,COLISION LATERAL,COLISION,URBANA,CRUCE CON SEMAFORO FUNCIONANDO,IMPRUDENCIA DEL CONDUCTOR,CONDUCCION NO ATENTO CONDICIONES TRANSITO MOMENTO,STA MARIA,DEL ARZOBISPO,DEL ARZOBISPO - STA MARIA,0, , ,UNIDIRECCIONAL,ASFALTO,REGULAR,SECO,DESPEJADO,0,0,0,0,13,131,13123,Metropolitana de Santiago,Santiago,Providencia,Interseccion,"DEL ARZOBISPO & STA MARIA, Providencia",-33.431455,-70.626463
-8076043.92466815,-4524212.34072234,2494,2023,1545335,2023/07/09 00:00:00+00,Julio,9,Domingo,1899/12/30 00:00:00+00,18:00:00,18,REGION BIO BIO,NEGRETE,COLISION FRONTAL,COLISION,RURAL,TRAMO DE VIA RECTA,IMPRUDENCIA DEL CONDUCTOR,CONDUCCION NO ATENTO CONDICIONES TRANSITO MOMENTO, , , ,0,Q-496,"4,5",BIDIRECCIONAL,ADOQUIN,REGULAR,MOJADO,DESPEJADO,0,1,0,1,08,083,08307,Biobío,Biobío,Negrete,Ruta,"Q-496 km 4,5",-37.608113,-72.548337
-7865896.77913112,-3952274.05316929,2495,2023,1508945,2023/02/01 00:00:00+00,Febrero,1,Miércoles,1899/12/30 00:00:00+00,21:30:00,21,REGION METROPOLITANA,INDEPENDENCIA,VOLCADURA,VOLCADURA,URBANA,CRUCE CON SEMAFORO FUNCIONANDO,VELOCIDAD IMPRUDENTE,VELOCIDAD NO RAZONABLE NI PRUDENTE,FERMIN VIVACETA,ANIBAL PINTO,ANIBAL PINTO - FERMIN VIVACETA,0, , ,BIDIRECCIONAL,ASFALTO,REGULAR,SECO,DESPEJADO,0,0,1,0,13,131,13108,Metropolitana de Santiago,Santiago,Independencia,Interseccion,"ANIBAL PINTO & FERMIN VIVACETA, Independencia",-33.428161,-70.660553
-7945159.0395632,-3900322.5160741,2496,2023,1513981,2023/03/03 00:00:00+00,Marzo,3,Viernes,1899/12/30 00:00:00+00,20:00:00,20,REGION VALPARAISO,VILLA ALEMANA,COLISION,COLISION,URBANA,CRUCE CON SEÑAL PARE,DESOBEDIENCIA A SEÑALIZACION,SEÑALIZACION DESOBEDECER SEÑAL PARE,ROMA,ALMIRANTE LATORRE,ALMIRANTE LATORRE - ROMA,0, , ,BIDIRECCIONAL,CONCRETO,BUENO,SECO,DESPEJADO,0,0,0,2,05,058,05804,Valparaíso,Marga Marga,Villa Alemana,Interseccion,"ALMIRANTE LATORRE & ROMA, Villa Alemana",-33.037801,-71.372578
-7924739.26008903,-4157360.18331481,2497,2023,1501541,2023/01/01 00:00:00+00,Enero,1,Domingo,1899/12/30 00:00:00+00,21:26:00,21,REGION MAULE,CURICO,COLISION LATERAL,COLISION,URBANA,CRUCE SIN SEÑALIZACION,IMPRUDENCIA DEL CONDUCTOR,VIRAJES INDEBIDOS,RAUQUEN,LIBERTADOR BERNARDO O'HIGGINS,LIBERTADOR BERNARDO O'HIGGINS - RAUQUEN,0, , ,BIDIRECCIONAL,ASFALTO,BUENO,SECO,DESPEJADO,1,0,0,0,07,073,07301,Maule,Curicó,Curicó,Interseccion,"LIBERTADOR BERNARDO O'HIGGINS & RAUQUEN, Curicó",-34.952001,-71.189144
-7929043.47206043,-4075327.24545987,2498,2023,1546123,2023/07/10 00:00:00+00,Julio,10,Lunes,1899/12/30 00:00:00+00,11:25:00,11,REGION LIB.B.O'HIGGINS,PEUMO,COLISION,COLISION,RURAL,TRAMO DE VIA RECTA,IMPRUDENCIA DEL CONDUCTOR,CONDUCCION NO ATENTO CONDICIONES TRANSITO MOMENTO, , , ,0,RUTA 66,"34,3",BIDIRECCIONAL,ASFALTO,BUENO,SECO,DESPEJADO,0,1,0,0,06,061,06112,Libertador General Bernardo O'Higgins,Cachapoal,Peumo,Ruta,"RUTA 66 km 34,3",-34.345783,-71.227809
-8090932.46936558,-4553401.88257099,2499,2023,1513762,2023/03/03 00:00:00+00,Marzo,3,Viernes,1899/12/30 00:00:00+00,20:20:00,20,REGION ARAUCANIA,ANGOL,COLISION POR ALCANCE,COLISION,URBANA,CRUCE CON SEÑAL PARE,ALCOHOL EN CONDUCTOR,CONDUCCION EN ESTADO DE EBRIEDAD,JOSE BUNSTER,GRACIELA CABEZAS GALLEGOS,GRACIELA CABEZAS GALLEGOS - JOSE BUNSTER,0, , ,BIDIRECCIONAL,CONCRETO,BUENO,SECO,DESPEJADO,0,0,0,1,09,092,09201,La Araucanía,Malleco,Angol,Interseccion,"GRACIELA CABEZAS GALLEGOS & JOSE BUNSTER, Angol",-37.81555,-72.682083
-8120271.27773933,-5063515.32479727,2500,2023,1508443,2023/02/01 00:00:00+00,Febrero,1,Miércoles,1899/12/30 00:00:00+00,22:20:00,22,REGION LOS LAGOS,PUERTO VARAS,COLISION FRONTAL,COLISION,URBANA,CRUCE CON SEÑAL PARE,ALCOHOL EN CONDUCTOR,CONDUCCION EN ESTADO DE EBRIEDAD,CAMINO LA LAJA,VOLCAN ANTILLANCA,CAMINO LA LAJA - VOLCAN ANTILLANCA,0, , ,BIDIRECCIONAL,ASFALTO,BUENO,SECO,DESPEJADO,0,0,0,1,10,101,10109,Los Lagos,Llanquihue,Puerto Varas,Interseccion,"CAMINO LA LAJA & VOLCAN ANTILLANCA, Puerto Varas",-41.346027,-72.945638
-7875527.25091863,-4051267.7923701,2501,2023,1501587,2023/01/02 00:00:00+00,Enero,2,Lunes,1899/12/30 00:00:00+00,08:30:00,8,REGION LIB.B.O'HIGGINS,RANCAGUA,COLISION PERPENDICULAR,COLISION,URBANA,CRUCE CON SEÑAL CEDA EL PASO,DESOBEDIENCIA A SEÑALIZACION,SEÑALIZACION DESOBEDECER SEÑAL CEDA EL PASO,RUBIO,MUJICA,MUJICA - RUBIO,0, , ,UNIDIRECCIONAL,CONCRETO,BUENO,SECO,DESPEJADO,0,0,0,0,06,061,06101,Libertador General Bernardo O'Higgins,Cachapoal,Rancagua,Interseccion,"MUJICA & RUBIO, Rancagua",-34.167146,-70.747065
-7943422.75560191,-3824175.91933517,2502,2023,1544909,2023/07/10 00:00:00+00,Julio,10,Lunes,1899/12/30 00:00:00+00,14:30:00,14,REGION VALPARAISO,VIÑA DEL MAR,COLISION,COLISION,RURAL,TRAMO DE VIA RECTA,IMPRUDENCIA DEL CONDUCTOR,CONDUCCION NO ATENTO CONDICIONES TRANSITO MOMENTO, , , ,0,F-30-E,"4,1",BIDIRECCIONAL,ASFALTO,BUENO,SECO,NUBLADO,0,0,0,0,05,051,05109,Valparaíso,Valparaíso,Viña del Mar,Ruta,"F-30-E km 4,1",-32.462505,-71.356981
-7882508.43014474,-3972890.29213182,2503,2023,1505526,2023/01/02 00:00:00+00,Enero,2,Lunes,1899/12/30 00:00:00+00,16:45:00,16,REGION METROPOLITANA,PADRE HURTADO,CHOQUE POSTERIOR,CHOQUE,URBANA,TRAMO DE VIA RECTA,IMPRUDENCIA DEL CONDUCTOR,CONDUCCION NO ATENTO CONDICIONES TRANSITO MOMENTO,SAN IGNACIO,LOS JESUITAS,LOS JESUITAS - SAN IGNACIO,0, , ,BIDIRECCIONAL,ASFALTO,BUENO,SECO,DESPEJADO,0,0,0,0,13,136,13604,Metropolitana de Santiago,Talagante,Padre Hurtado,Interseccion,"LOS JESUITAS & SAN IGNACIO, Padre Hurtado",-33.582586,-70.809778
-7867036.46807786,-3963301.11756224,2504,2023,1514051,2023/03/03 00:00:00+00,Marzo,3,Viernes,1899/12/30 00:00:00+00,20:45:00,20,REGION METROPOLITANA,SAN MIGUEL,COLISION LATERAL,COLISION,URBANA,CRUCE CON SEMAFORO FUNCIONANDO,IMPRUDENCIA DEL CONDUCTOR,CONDUCCION NO ATENTO CONDICIONES TRANSITO MOMENTO,LO OVALLE,JOSE JOAQUIN PRIETO VIAL,JOSE JOAQUIN PRIETO VIAL - LO OVALLE,0, , ,BIDIRECCIONAL,ASFALTO,BUENO,SECO,DESPEJADO,0,0,0,0,13,131,13130,Metropolitana de Santiago,Santiago,San Miguel,Interseccion,"JOSE JOAQUIN PRIETO VIAL & LO OVALLE, San Miguel",-33.510793,-70.670791
-8010105.05688181,-4360556.90900716,2505,2023,1508462,2023/02/01 00:00:00+00,Febrero,1,Miércoles,1899/12/30 00:00:00+00,22:30:00,22,REGION ÑUBLE,SAN CARLOS,IMPACTO CON ANIMAL,OTRO TIPO,URBANA,TRAMO DE VIA RECTA,DEFICIENCIAS VIALES,ANIMALES SUELTOS VIA PUBLICA,ARTURO PRAT,MEMBRILLAR,ARTURO PRAT - MEMBRILLAR,0, , ,BIDIRECCIONAL,CONCRETO,BUENO,SECO,DESPEJADO,0,0,0,0,16,163,16301,Ñuble,Punilla,San Carlos,Interseccion,"ARTURO PRAT & MEMBRILLAR, San Carlos",-36.434378,-71.955998
-8067527.17648936,-4676510.5206503,2506,2023,1544021,2023/07/10 00:00:00+00,Julio,10,Lunes,1899/12/30 00:00:00+00,20:00:00,20,REGION ARAUCANIA,VILCUN,CHOQUE FRONTAL,CHOQUE,RURAL,TRAMO DE VIA RECTA,DEFICIENCIAS VIALES,ANIMALES SUELTOS VIA PUBLICA, , , ,0,S-259,1,BIDIRECCIONAL,RIPIO,REGULAR, ,NUBLADO,0,1,0,0,09,091,09119,La Araucanía,Cautín,Vilcún,Ruta,S-259 km 1,-38.684019,-72.47183
-7867132.09152045,-3958764.48522204,2507,2023,1510258,2023/01/02 00:00:00+00,Enero,2,Lunes,1899/12/30 00:00:00+00,17:30:00,17,REGION METROPOLITANA,PEDRO AGUIRRE CERDA,COLISION,COLISION,URBANA,TRAMO DE VIA RECTA,IMPRUDENCIA DEL CONDUCTOR,CONDUCCION NO ATENTO CONDICIONES TRANSITO MOMENTO,ISABEL RIQUELME,BASCUÑAN GUERRERO,BASCUÑAN GUERRERO - ISABEL RIQUELME,0, , ,BIDIRECCIONAL,ASFALTO,BUENO,SECO,DESPEJADO,0,0,0,1,13,131,13121,Metropolitana de Santiago,Santiago,Pedro Aguirre Cerda,Interseccion,"BASCUÑAN GUERRERO & ISABEL RIQUELME, Pedro Aguirre Cerda",-33.476807,-70.67165
-8150024.19469677,-4840828.49320721,2508,2023,1507830,2023/02/02 00:00:00+00,Febrero,2,Jueves,1899/12/30 00:00:00+00,00:40:00,0,REGION DE LOS RIOS,VALDIVIA,OTRO TIPO,OTRO TIPO,URBANA,CRUCE CON SEÑAL PARE,IMPRUDENCIA DEL CONDUCTOR,CONDUCCION NO ATENTO CONDICIONES TRANSITO MOMENTO,HERNANDO DE MAGALLANES,LOS QUELTEHUES,HERNANDO DE MAGALLANES - LOS QUELTEHUES,0, , ,BIDIRECCIONAL,CONCRETO,BUENO,SECO,DESPEJADO,0,1,0,0,14,141,14101,Los Ríos,Valdivia,Valdivia,Interseccion,"HERNANDO DE MAGALLANES & LOS QUELTEHUES, Valdivia",-39.826961,-73.212913
-7926852.660644,-4159791.56205456,2509,2023,1516786,2023/03/03 00:00:00+00,Marzo,3,Viernes,1899/12/30 00:00:00+00,21:50:00,21,REGION MAULE,CURICO,COLISION POR ALCANCE,COLISION,URBANA,CRUCE CON SEÑAL PARE,IMPRUDENCIA DEL CONDUCTOR,CONDUCCION SIN MANTENER DISTANCIA RAZONABLE NI PRUDENTE,RAUQUEN,CALLE DOS,CALLE DOS - RAUQUEN,0, , ,BIDIRECCIONAL,ASFALTO,BUENO,SECO,DESPEJADO,0,0,0,2,07,073,07301,Maule,Curicó,Curicó,Interseccion,"CALLE DOS & RAUQUEN, Curicó",-34.969901,-71.208129
-8093935.71658589,-4481273.33746312,2510,2023,1544356,2023/07/12 00:00:00+00,Julio,12,Miércoles,1899/12/30 00:00:00+00,20:15:00,20,REGION BIO BIO,LAJA,COLISION,COLISION,RURAL,TRAMO DE VIA RECTA,IMPRUDENCIA DEL CONDUCTOR,CONDUCCION NO ATENTO CONDICIONES TRANSITO MOMENTO, , , ,0,Q-34,33,BIDIRECCIONAL,ASFALTO,BUENO,SECO,DESPEJADO,1,0,0,0,08,083,08304,Biobío,Biobío,Laja,Ruta,Q-34 km 33,-37.301912,-72.709062
-7931685.59631453,-3881367.95671467,2511,2023,1501067,2023/01/02 00:00:00+00,Enero,2,Lunes,1899/12/30 00:00:00+00,19:40:00,19,REGION VALPARAISO,QUILLOTA,COLISION,COLISION,URBANA,TRAMO DE VIA RECTA,ALCOHOL EN CONDUCTOR,CONDUCCION EN ESTADO DE EBRIEDAD,PACHECO ALTAMIRANO,PEDRO LARA,PACHECO ALTAMIRANO - PEDRO LARA,0, , ,UNIDIRECCIONAL,ASFALTO,BUENO,SECO,DESPEJADO,0,1,0,1,05,055,05501,Valparaíso,Quillota,Quillota,Interseccion,"PACHECO ALTAMIRANO & PEDRO LARA, Quillota",-32.894945,-71.251544
-7929261.05780505,-3823598.29284134,2512,2023,1507600,2023/02/02 00:00:00+00,Febrero,2,Jueves,1899/12/30 00:00:00+00,02:55:00,2,REGION VALPARAISO,LA LIGUA,COLISION,COLISION,URBANA,TRAMO DE VIA RECTA,IMPRUDENCIA DEL CONDUCTOR,CONDUCCION NO ATENTO CONDICIONES TRANSITO MOMENTO,LA PAZ,8 SUR,8 SUR - LA PAZ,0, , ,BIDIRECCIONAL,ASFALTO,BUENO,SECO,DESPEJADO,0,0,0,1,05,054,05401,Valparaíso,Petorca,La Ligua,Interseccion,"8 SUR & LA PAZ, La Ligua",-32.458127,-71.229764
-8066327.94716638,-4506254.57684319,2513,2023,1544662,2023/07/12 00:00:00+00,Julio,12,Miércoles,1899/12/30 00:00:00+00,23:00:00,23,REGION BIO BIO,LOS ANGELES,CHOQUE POSTERIOR/FRENTE,CHOQUE,RURAL,TRAMO DE VIA RECTA,IMPRUDENCIA DEL CONDUCTOR,CONDUCCION NO ATENTO CONDICIONES TRANSITO MOMENTO, , , ,0,RUTA 180,5,BIDIRECCIONAL,ASFALTO,BUENO,SECO,NEBLINA,0,0,0,1,08,083,08301,Biobío,Biobío,Los Angeles,Ruta,RUTA 180 km 5,-37.480208,-72.461057
-7854968.32208096,-3952624.59240117,2514,2023,1503431,2023/01/02 00:00:00+00,Enero,2,Lunes,1899/12/30 00:00:00+00,20:30:00,20,REGION METROPOLITANA,LAS CONDES,COLISION POR ALCANCE,COLISION,URBANA,CRUCE CON SEÑAL CEDA EL PASO,IMPRUDENCIA DEL CONDUCTOR,CONDUCCION NO ATENTO CONDICIONES TRANSITO MOMENTO,FRANCISCO BILBAO,EL TOQUI,EL TOQUI - FRANCISCO BILBAO,0, , ,BIDIRECCIONAL,ASFALTO,BUENO,SECO,DESPEJADO,0,1,0,0,13,131,13114,Metropolitana de Santiago,Santiago,Las Condes,Interseccion,"EL TOQUI & FRANCISCO BILBAO, Las Condes",-33.430789,-70.562381
-7874344.59262617,-3860936.71826762,2515,2023,1508631,2023/02/02 00:00:00+00,Febrero,2,Jueves,1899/12/30 00:00:00+00,08:00:00,8,REGION VALPARAISO,SAN FELIPE,COLISION LATERAL,COLISION,URBANA,CRUCE CON SEÑAL PARE,DESOBEDIENCIA A SEÑALIZACION,SEÑALIZACION DESOBEDECER SEÑAL PARE,JUSTO ESTAY,PEDRO DE VALDIVIA,JUSTO ESTAY - PEDRO DE VALDIVIA,0, , ,BIDIRECCIONAL,ASFALTO,BUENO,SECO,DESPEJADO,0,0,0,1,05,057,05701,Valparaíso,San Felipe de Aconcagua,San Felipe,Interseccion,"JUSTO ESTAY & PEDRO DE VALDIVIA, San Felipe",-32.740701,-70.736441
-7945011.44105036,-3902587.0603553,2516,2023,1513988,2023/03/03 00:00:00+00,Marzo,3,Viernes,1899/12/30 00:00:00+00,22:00:00,22,REGION VALPARAISO,VILLA ALEMANA,COLISION,COLISION,URBANA,CRUCE CON SEÑAL CEDA EL PASO,DESOBEDIENCIA A SEÑALIZACION,SEÑALIZACION DESOBEDECER SEÑAL CEDA EL PASO,BULNES,VETERANOS DEL 79,BULNES - VETERANOS DEL 79,0, , ,BIDIRECCIONAL,ASFALTO,BUENO,SECO,DESPEJADO,0,0,0,1,05,058,05804,Valparaíso,Marga Marga,Villa Alemana,Interseccion,"BULNES & VETERANOS DEL 79, Villa Alemana",-33.054853,-71.371252
-7879833.47398795,-3118952.98677339,2517,2023,1548694,2023/07/14 00:00:00+00,Julio,14,Viernes,1899/12/30 00:00:00+00,08:15:00,8,REGION ATACAMA,CALDERA,VOLCADURA,VOLCADURA,RURAL,TRAMO DE VIA RECTA,VELOCIDAD IMPRUDENTE,VELOCIDAD NO RAZONABLE NI PRUDENTE, , , ,0,RUTA 5 NORTE,882,BIDIRECCIONAL CON BANDEJON,ASFALTO,BUENO,SECO,DESPEJADO,0,0,0,1,03,031,03102,Atacama,Copiapó,Caldera,Ruta,RUTA 5 NORTE km 882,-26.963826,-70.785748