X,Y,FID,Año,IdAccident,Fecha,Mes,Dia_mes,Dia_semana,Hora,Hora_texto,Hora_aprox,Región,Comuna,Tipo_Accid,Tipo__CONA,Zona,Ubicación,Causa__CON,Causa_Acci,Calle_Uno,Calle_Dos,Intersecci,Número,Ruta,Ubicaci_1,Calzada,Tipo_Calza,Estado_Cal,Condición,Estado_Atm,Fallecidos,Graves,Menos_Grav,Leves,CUT_REG,CUT_PROV,CUT_COM,REGION,PROVINCIA,COMUNA1,Tipo_direc,Direccion,Lat,Lon
-7947265.71639867,-3901411.32690514,2518,2023,1502114,2023/01/02 00:00:00+00,Enero,2,Lunes,1899/12/30 00:00:00+00,23:45:00,23,REGION VALPARAISO,VILLA ALEMANA,COLISION,COLISION,URBANA,TRAMO DE VIA RECTA,ALCOHOL EN CONDUCTOR,CONDUCCION EN ESTADO DE EBRIEDAD,VALPARAISO,QUITO,QUITO - VALPARAISO,0, , ,BIDIRECCIONAL,CONCRETO,BUENO,SECO,DESPEJADO,0,0,0,1,05,058,05804,Valparaíso,Marga Marga,Villa Alemana,Interseccion,"QUITO & VALPARAISO, Villa Alemana",-33.046,-71.391503
-7889262.92945837,-3975840.84067605,2519,2023,1517379,2023/03/03 00:00:00+00,Marzo,3,Viernes,1899/12/30 00:00:00+00,22:15:00,22,REGION METROPOLITANA,PEÑAFLOR,COLISION,COLISION,URBANA,TRAMO DE VIA RECTA,IMPRUDENCIA DEL CONDUCTOR,CONDUCCION NO ATENTO CONDICIONES TRANSITO MOMENTO,LOS GUINDOS,ROSALES,LOS GUINDOS - ROSALES,0, , ,BIDIRECCIONAL,CONCRETO,BUENO,SECO,DESPEJADO,0,0,0,1,13,136,13605,Metropolitana de Santiago,Talagante,Peñaflor,Interseccion,"LOS GUINDOS & ROSALES, Peñaflor",-33.604664,-70.870455
-8010190.20512692,-4761768.50057831,2520,2023,1508052,2023/02/02 00:00:00+00,Febrero,2,Jueves,1899/12/30 00:00:00+00,09:38:00,9,REGION ARAUCANIA,PUCON,CHOQUE,CHOQUE,URBANA,TRAMO DE VIA RECTA,DEFICIENCIAS VIALES,ANIMALES SUELTOS VIA PUBLICA,CAMINO INTERNACIONAL,QUELHUE,CAMINO INTERNACIONAL - QUELHUE,0, , ,BIDIRECCIONAL,ASFALTO,BUENO,SECO,DESPEJADO,0,0,0,1,09,091,09115,La Araucanía,Cautín,Pucón,Interseccion,"CAMINO INTERNACIONAL & QUELHUE, Pucón",-39.279371,-71.956763
-8136363.11902885,-4787472.07222912,2521,2023,1545881,2023/07/14 00:00:00+00,Julio,14,Viernes,1899/12/30 00:00:00+00,11:40:00,11,REGION DE LOS RIOS,MARIQUINA,CHOQUE,CHOQUE,RURAL,TRAMO DE VIA CURVA HORIZONTAL,IMPRUDENCIA DEL CONDUCTOR,CONDUCCION NO ATENTO CONDICIONES TRANSITO MOMENTO, , , ,0,"T-18, T-20",16,BIDIRECCIONAL,ASFALTO,BUENO,MOJADO,NUBLADO,0,0,0,1,14,141,14106,Los Ríos,Valdivia,Mariquina,Ruta,"T-18, T-20 km 16",-39.457875,-73.090193
-8042097.27666038,-4539399.92320278,2522,2023,1501085,2023/01/02 00:00:00+00,Enero,2,Lunes,1899/12/30 00:00:00+00,23:55:00,23,REGION BIO BIO,MULCHEN,COLISION,COLISION,URBANA,CRUCE CON SEÑAL CEDA EL PASO,DESOBEDIENCIA A SEÑALIZACION,SEÑALIZACION DESOBEDECER SEÑAL CEDA EL PASO,GANA,MANERA,GANA - MANERA,0, , ,UNIDIRECCIONAL,CONCRETO,BUENO,SECO,DESPEJADO,0,2,0,1,08,083,08305,Biobío,Biobío,Mulchén,Interseccion,"GANA & MANERA, Mulchén",-37.716117,-72.243389
-7926319.65183466,-3581416.56202105,2523,2023,1517772,2023/03/04 00:00:00+00,Marzo,4,Sábado,1899/12/30 00:00:00+00,03:10:00,3,REGION COQUIMBO,OVALLE,ATROPELLO,ATROPELLO,URBANA,CRUCE CON SEMAFORO FUNCIONANDO,DESOBEDIENCIA A SEÑALIZACION,SEÑALIZACION DESOBEDECER LUZ ROJA DE SEMAFORO,VICTORIA,VICUÑA MACKENNA,VICTORIA - VICUÑA MACKENNA,0, , ,UNIDIRECCIONAL,CONCRETO,BUENO,SECO,DESPEJADO,0,0,0,1,04,043,04301,Coquimbo,Limarí,Ovalle,Interseccion,"VICTORIA & VICUÑA MACKENNA, Ovalle",-30.603919,-71.203341
-8155692.24916496,-4838126.83544325,2524,2023,1507847,2023/02/02 00:00:00+00,Febrero,2,Jueves,1899/12/30 00:00:00+00,09:50:00,9,REGION DE LOS RIOS,VALDIVIA,COLISION LATERAL,COLISION,URBANA,CRUCE CON SEÑAL PARE,IMPRUDENCIA DEL CONDUCTOR,CONDUCCION NO ATENTO CONDICIONES TRANSITO MOMENTO,LOS ROBLES,LOS PELUES,LOS PELUES - LOS ROBLES,0, , ,BIDIRECCIONAL CON BANDEJON,CONCRETO,BUENO,SECO,DESPEJADO,0,0,0,1,14,141,14101,Los Ríos,Valdivia,Valdivia,Interseccion,"LOS PELUES & LOS ROBLES, Valdivia",-39.80832,-73.26383
-7864009.13442555,-3958875.52389081,2525,2023,1506263,2023/01/03 00:00:00+00,Enero,3,Martes,1899/12/30 00:00:00+00,03:40:00,3,REGION METROPOLITANA,SAN MIGUEL,COLISION POR ALCANCE,COLISION,URBANA,OTROS NO CONSIDERADOS,IMPRUDENCIA DEL CONDUCTOR,CONDUCCION SIN MANTENER DISTANCIA RAZONABLE NI PRUDENTE,SAN FRANCISCO,CARLOS SILVA VILDOSOLA,CARLOS SILVA VILDOSOLA - SAN FRANCISCO,0, , ,BIDIRECCIONAL,ASFALTO,BUENO,SECO,DESPEJADO,0,0,0,0,13,131,13130,Metropolitana de Santiago,Santiago,San Miguel,Interseccion,"CARLOS SILVA VILDOSOLA & SAN FRANCISCO, San Miguel",-33.477639,-70.643596
-8024542.91332184,-4375160.59863012,2526,2023,1545412,2023/07/14 00:00:00+00,Julio,14,Viernes,1899/12/30 00:00:00+00,18:40:00,18,REGION ÑUBLE,CHILLAN,COLISION POR ALCANCE,COLISION,RURAL,PUENTE,IMPRUDENCIA DEL CONDUCTOR,CONDUCCION SIN MANTENER DISTANCIA RAZONABLE NI PRUDENTE, , , ,0,RUTA 5 SUR,395,BIDIRECCIONAL,ASFALTO,BUENO,SECO,DESPEJADO,0,0,1,0,16,161,16101,Ñuble,Diguillín,Chillán,Ruta,RUTA 5 SUR km 395,-36.539851,-72.085695
-8094092.27310061,-4478888.0263486,2527,2023,1503078,2023/01/03 00:00:00+00,Enero,3,Martes,1899/12/30 00:00:00+00,07:50:00,7,REGION BIO BIO,LAJA,VOLCADURA,VOLCADURA,URBANA,CRUCE CON SEÑAL PARE,IMPRUDENCIA DEL CONDUCTOR,CONDUCCION NO ATENTO CONDICIONES TRANSITO MOMENTO,ALESSANDRI,ARTURO PRAT,ALESSANDRI - ARTURO PRAT,0, , ,BIDIRECCIONAL,ASFALTO,BUENO,SECO,DESPEJADO,0,0,0,1,08,083,08304,Biobío,Biobío,Laja,Interseccion,"ALESSANDRI & ARTURO PRAT, Laja",-37.284865,-72.710468
-7833926.48930337,-2704662.60702883,2528,2023,1511561,2023/02/02 00:00:00+00,Febrero,2,Jueves,1899/12/30 00:00:00+00,10:00:00,10,REGION ANTOFAGASTA,ANTOFAGASTA,COLISION PERPENDICULAR,COLISION,URBANA,CRUCE SIN SEÑALIZACION,IMPRUDENCIA DEL CONDUCTOR,CONDUCCION NO ATENTO CONDICIONES TRANSITO MOMENTO,JUVENAL MORLA,JUAN FERRA,JUAN FERRA - JUVENAL MORLA,0, , ,BIDIRECCIONAL,ASFALTO,BUENO,SECO,DESPEJADO,0,1,0,0,02,021,02101,Antofagasta,Antofagasta,Antofagasta,Interseccion,"JUAN FERRA & JUVENAL MORLA, Antofagasta",-23.59935,-70.373359
-7826205.64770954,-2093943.55536587,2529,2023,1516359,2023/03/04 00:00:00+00,Marzo,4,Sábado,1899/12/30 00:00:00+00,07:50:00,7,REGION ARICA Y PARINACOTA,ARICA,VOLCADURA,VOLCADURA,URBANA,CRUCE CON SEÑAL PARE,DESOBEDIENCIA A SEÑALIZACION,SEÑALIZACION DESOBEDECER SEÑAL PARE,PEDRO AGUIRRE CERDA,JOSE MIGUEL CARRERA,JOSE MIGUEL CARRERA - PEDRO AGUIRRE CERDA,0, , ,UNIDIRECCIONAL,ASFALTO,BUENO,SECO,DESPEJADO,0,1,0,1,15,151,15101,Arica y Parinacota,Arica,Arica,Interseccion,"JOSE MIGUEL CARRERA & PEDRO AGUIRRE CERDA, Arica",-18.481147,-70.304001
-7965103.4407069,-4241608.19933381,2530,2023,1545923,2023/07/15 00:00:00+00,Julio,15,Sábado,1899/12/30 00:00:00+00,01:30:00,1,REGION MAULE,SAN CLEMENTE,VOLCADURA,VOLCADURA,RURAL,TRAMO DE VIA RECTA,ALCOHOL EN CONDUCTOR,CONDUCCION EN ESTADO DE EBRIEDAD, , , ,0,K-635,18,BIDIRECCIONAL,ASFALTO,BUENO,HUMEDO,NUBLADO,0,0,0,1,07,071,07109,Maule,Talca,San Clemente,Ruta,K-635 km 18,-35.569956,-71.551742
-8132027.17257569,-4414288.96158512,2531,2023,1501247,2023/01/03 00:00:00+00,Enero,3,Martes,1899/12/30 00:00:00+00,10:57:00,10,REGION BIO BIO,CONCEPCION,COLISION,COLISION,URBANA,CRUCE CON SEÑAL PARE,IMPRUDENCIA DEL CONDUCTOR,CONDUCCION NO ATENTO CONDICIONES TRANSITO MOMENTO,COLO COLO,LAS HERAS,COLO COLO - LAS HERAS,0, , ,UNIDIRECCIONAL,CONCRETO,BUENO,SECO,DESPEJADO,0,1,0,0,08,081,08101,Biobío,Concepción,Concepción,Interseccion,"COLO COLO & LAS HERAS, Concepción",-36.821742,-73.051243
-7860382.01155722,-3962966.94302967,2532,2023,1519945,2023/03/04 00:00:00+00,Marzo,4,Sábado,1899/12/30 00:00:00+00,08:30:00,8,REGION METROPOLITANA,LA FLORIDA,COLISION LATERAL,COLISION,URBANA,CRUCE CON SEMAFORO FUNCIONANDO,IMPRUDENCIA DEL CONDUCTOR,VIRAJES INDEBIDOS,DEPARTAMENTAL,VICUÑA MACKENNA ORIENTE,DEPARTAMENTAL - VICUÑA MACKENNA ORIENTE,0, , ,BIDIRECCIONAL CON BANDEJON,ASFALTO,BUENO,SECO,DESPEJADO,0,0,0,1,13,131,13110,Metropolitana de Santiago,Santiago,La Florida,Interseccion,"DEPARTAMENTAL & VICUÑA MACKENNA ORIENTE, La Florida",-33.50829,-70.611013
-7941333.43395373,-3498209.32477543,2533,2023,1508492,2023/02/02 00:00:00+00,Febrero,2,Jueves,1899/12/30 00:00:00+00,10:30:00,10,REGION COQUIMBO,COQUIMBO,CHOQUE LADO/LADO,CHOQUE,URBANA,CRUCE CON SEMAFORO FUNCIONANDO,IMPRUDENCIA DEL CONDUCTOR,CONDUCCION NO ATENTO CONDICIONES TRANSITO MOMENTO,VARELA,BAQUEDANO,BAQUEDANO - VARELA,0, , ,BIDIRECCIONAL CON BANDEJON,ASFALTO,BUENO,SECO,DESPEJADO,0,0,1,1,04,041,04102,Coquimbo,Elqui,Coquimbo,Interseccion,"BAQUEDANO & VARELA, Coquimbo",-29.958444,-71.338212
-8002637.2360748,-4282047.97436918,2534,2023,1546945,2023/07/15 00:00:00+00,Julio,15,Sábado,1899/12/30 00:00:00+00,17:25:00,17,REGION MAULE,RETIRO,COLISION POR ALCANCE,COLISION,RURAL,TRAMO DE VIA RECTA,IMPRUDENCIA DEL CONDUCTOR,CONDUCCION NO ATENTO CONDICIONES TRANSITO MOMENTO, , , ,0,L-60,14,BIDIRECCIONAL,ASFALTO,BUENO,SECO,DESPEJADO,0,0,1,0,07,074,07405,Maule,Linares,Retiro,Ruta,L-60 km 14,-35.864902,-71.888913
-8010462.94904471,-4359282.23195606,2535,2023,1503007,2023/01/03 00:00:00+00,Enero,3,Martes,1899/12/30 00:00:00+00,13:00:00,13,REGION ÑUBLE,SAN CARLOS,COLISION LATERAL,COLISION,URBANA,TRAMO DE VIA RECTA,IMPRUDENCIA DEL CONDUCTOR,CONDUCCION NO ATENTO CONDICIONES TRANSITO MOMENTO,BALMACEDA,PUELMA,BALMACEDA - PUELMA,0, , ,UNIDIRECCIONAL,CONCRETO,BUENO,SECO,DESPEJADO,0,0,0,1,16,163,16301,Ñuble,Punilla,San Carlos,Interseccion,"BALMACEDA & PUELMA, San Carlos",-36.425165,-71.959213
-7870572.86566138,-3957005.76099441,2536,2023,1508245,2023/02/02 00:00:00+00,Febrero,2,Jueves,1899/12/30 00:00:00+00,10:55:00,10,REGION METROPOLITANA,ESTACION CENTRAL,COLISION POR ALCANCE,COLISION,URBANA,CRUCE CON SEMAFORO FUNCIONANDO,DESOBEDIENCIA A SEÑALIZACION,SEÑALIZACION DESOBEDECER LUZ ROJA DE SEMAFORO,5 DE ABRIL,MAGNOLIAS,5 DE ABRIL - MAGNOLIAS,0, , ,BIDIRECCIONAL,ASFALTO,BUENO,SECO,DESPEJADO,0,1,0,0,13,131,13106,Metropolitana de Santiago,Santiago,Estación Central,Interseccion,"5 DE ABRIL & MAGNOLIAS, Estación Central",-33.463628,-70.702559
-7872677.01553327,-3861189.11756963,2537,2023,1516193,2023/03/04 00:00:00+00,Marzo,4,Sábado,1899/12/30 00:00:00+00,11:35:00,11,REGION VALPARAISO,SAN FELIPE,COLISION,COLISION,URBANA,CRUCE CON SEMAFORO FUNCIONANDO,IMPRUDENCIA DEL CONDUCTOR,CONDUCCION NO ATENTO CONDICIONES TRANSITO MOMENTO,ABRAHAM AHUMADA,HERMANOS CARRERA,ABRAHAM AHUMADA - HERMANOS CARRERA,0, , ,BIDIRECCIONAL,CONCRETO,BUENO,SECO,DESPEJADO,0,0,0,1,05,057,05701,Valparaíso,San Felipe de Aconcagua,San Felipe,Interseccion,"ABRAHAM AHUMADA & HERMANOS CARRERA, San Felipe",-32.742608,-70.721461
-8084842.15856188,-4686591.35262321,2538,2023,1545186,2023/07/16 00:00:00+00,Julio,16,Domingo,1899/12/30 00:00:00+00,04:55:00,4,REGION ARAUCANIA,TEMUCO,CHOQUE,CHOQUE,RURAL,TRAMO DE VIA RECTA,IMPRUDENCIA DEL CONDUCTOR,CONDUCCION NO ATENTO CONDICIONES TRANSITO MOMENTO, , , ,0,"S-30, S-40",2,BIDIRECCIONAL CON BANDEJON,CONCRETO,BUENO,SECO,NEBLINA,0,1,0,0,09,091,09101,La Araucanía,Cautín,Temuco,Ruta,"S-30, S-40 km 2",-38.754674,-72.627373
-7860382.01155722,-3962966.94302967,2539,2023,1501480,2023/01/03 00:00:00+00,Enero,3,Martes,1899/12/30 00:00:00+00,13:40:00,13,REGION METROPOLITANA,LA FLORIDA,COLISION LATERAL,COLISION,URBANA,CRUCE CON SEMAFORO FUNCIONANDO,IMPRUDENCIA DEL CONDUCTOR,NO RESPETAR DERECHO PREFERENTE DE PASO A VEHICULO,DEPARTAMENTAL,VICUÑA MACKENNA ORIENTE,DEPARTAMENTAL - VICUÑA MACKENNA ORIENTE,0, , ,BIDIRECCIONAL CON BANDEJON,ASFALTO,BUENO,SECO,DESPEJADO,0,0,1,0,13,131,13110,Metropolitana de Santiago,Santiago,La Florida,Interseccion,"DEPARTAMENTAL & VICUÑA MACKENNA ORIENTE, La Florida",-33.50829,-70.611013
-7873644.89394453,-3862174.04329982,2540,2023,1514472,2023/03/04 00:00:00+00,Marzo,4,Sábado,1899/12/30 00:00:00+00,12:40:00,12,REGION VALPARAISO,SAN FELIPE,COLISION,COLISION,URBANA,CRUCE CON SEMAFORO FUNCIONANDO,DESOBEDIENCIA A SEÑALIZACION,SEÑALIZACION DESOBEDECER LUZ ROJA DE SEMAFORO,MAIPU,MERCED,MAIPU - MERCED,0, , ,BIDIRECCIONAL,ASFALTO,BUENO,SECO,DESPEJADO,0,0,0,1,05,057,05701,Valparaíso,San Felipe de Aconcagua,San Felipe,Interseccion,"MAIPU & MERCED, San Felipe",-32.75005,-70.730155
-7866030.18226042,-4055067.10855392,2541,2023,1547433,2023/07/16 00:00:00+00,Julio,16,Domingo,1899/12/30 00:00:00+00,20:40:00,20,REGION LIB.B.O'HIGGINS,MACHALI,VOLCADURA,VOLCADURA,RURAL,TRAMO DE VIA RECTA,IMPRUDENCIA DEL CONDUCTOR,CONDUCCION NO ATENTO CONDICIONES TRANSITO MOMENTO, , , ,0,H-27,7,BIDIRECCIONAL,CONCRETO,BUENO,SECO,NUBLADO,0,0,0,1,06,061,06108,Libertador General Bernardo O'Higgins,Cachapoal,Machalí,Ruta,H-27 km 7,-34.19538,-70.661751
-7930279.40850683,-4163237.42331755,2542,2023,1501582,2023/01/03 00:00:00+00,Enero,3,Martes,1899/12/30 00:00:00+00,13:45:00,13,REGION MAULE,CURICO,COLISION FRONTAL,COLISION,URBANA,OTROS NO CONSIDERADOS,IMPRUDENCIA DEL CONDUCTOR,VIRAJES INDEBIDOS,CIRCUNVALACION DOCTOR OSORIO,YUNGAY,CIRCUNVALACION DOCTOR OSORIO - YUNGAY,0, , ,BIDIRECCIONAL,CONCRETO,BUENO,SECO,DESPEJADO,1,0,0,1,07,073,07301,Maule,Curicó,Curicó,Interseccion,"CIRCUNVALACION DOCTOR OSORIO & YUNGAY, Curicó",-34.995263,-71.238912
-8212172.30791152,-5232383.55639738,2543,2023,1513834,2023/03/04 00:00:00+00,Marzo,4,Sábado,1899/12/30 00:00:00+00,13:15:00,13,REGION LOS LAGOS,CASTRO,COLISION POR ALCANCE,COLISION,URBANA,TRAMO DE VIA RECTA,IMPRUDENCIA DEL CONDUCTOR,CONDUCCION NO ATENTO CONDICIONES TRANSITO MOMENTO,GALVARINO RIVEROS,ALCALDE MANUEL MUÑOZ,ALCALDE MANUEL MUÑOZ - GALVARINO RIVEROS,0, , ,BIDIRECCIONAL,CONCRETO,REGULAR,SECO,NUBLADO,0,0,0,1,10,102,10201,Los Lagos,Chiloé,Castro,Interseccion,"ALCALDE MANUEL MUÑOZ & GALVARINO RIVEROS, Castro",-42.474892,-73.771199
-7973836.94416464,-3900110.95651156,2544,2023,1508742,2023/02/02 00:00:00+00,Febrero,2,Jueves,1899/12/30 00:00:00+00,11:30:00,11,REGION VALPARAISO,VALPARAISO,COLISION,COLISION,URBANA,CRUCE CON SEMAFORO FUNCIONANDO,VELOCIDAD IMPRUDENTE,VELOCIDAD NO RAZONABLE NI PRUDENTE,COCHRANE,SAN MARTIN,COCHRANE - SAN MARTIN,0, , ,BIDIRECCIONAL,CONCRETO,BUENO,SECO,DESPEJADO,0,0,0,0,05,051,05101,Valparaíso,Valparaíso,Valparaíso,Interseccion,"COCHRANE & SAN MARTIN, Valparaíso",-33.036208,-71.630196
-7904810.20089736,-4107696.93782686,2545,2023,1546413,2023/07/17 00:00:00+00,Julio,17,Lunes,1899/12/30 00:00:00+00,18:52:00,18,REGION LIB.B.O'HIGGINS,NANCAGUA,COLISION FRONTAL,COLISION,RURAL,TRAMO DE VIA RECTA,IMPRUDENCIA DEL CONDUCTOR,CONDUCCION NO ATENTO CONDICIONES TRANSITO MOMENTO, , , ,0,I-400,1,BIDIRECCIONAL,ASFALTO,BUENO,SECO,DESPEJADO,0,1,0,0,06,063,06305,Libertador General Bernardo O'Higgins,Colchagua,Nancagua,Ruta,I-400 km 1,-34.585522,-71.010118
-7875221.12231895,-4050235.50713262,2546,2023,1501592,2023/01/03 00:00:00+00,Enero,3,Martes,1899/12/30 00:00:00+00,15:10:00,15,REGION LIB.B.O'HIGGINS,RANCAGUA,COLISION LATERAL,COLISION,URBANA,CRUCE CON SEMAFORO FUNCIONANDO,IMPRUDENCIA DEL CONDUCTOR,CONDUCCION CAMBIAR SORPRESIVAMENTE PISTA CIRCULACION,ALAMEDA,ESPAÑA,ALAMEDA - ESPAÑA,0, , ,BIDIRECCIONAL CON BANDEJON,CONCRETO,BUENO,SECO,DESPEJADO,0,0,0,0,06,061,06101,Libertador General Bernardo O'Higgins,Cachapoal,Rancagua,Interseccion,"ALAMEDA & ESPAÑA, Rancagua",-34.159473,-70.744315
-8027975.62001682,-4384310.64140514,2547,2023,1508010,2023/02/02 00:00:00+00,Febrero,2,Jueves,1899/12/30 00:00:00+00,11:50:00,11,REGION ÑUBLE,CHILLAN,COLISION PERPENDICULAR,COLISION,URBANA,CRUCE CON SEÑAL PARE,DESOBEDIENCIA A SEÑALIZACION,SEÑALIZACION DESOBEDECER SEÑAL PARE,21 DE MAYO,EDUARDO PARRA SANDOVAL,21 DE MAYO - EDUARDO PARRA SANDOVAL,0, , ,UNIDIRECCIONAL,CONCRETO,BUENO,SECO,DESPEJADO,0,0,0,1,16,161,16101,Ñuble,Diguillín,Chillán,Interseccion,"21 DE MAYO & EDUARDO PARRA SANDOVAL, Chillán",-36.605863,-72.116532
-7868751.12219455,-3947001.50526529,2548,2023,1514603,2023/03/04 00:00:00+00,Marzo,4,Sábado,1899/12/30 00:00:00+00,13:45:00,13,REGION METROPOLITANA,CONCHALI,COLISION LATERAL,COLISION,URBANA,OTROS NO CONSIDERADOS,IMPRUDENCIA DEL CONDUCTOR,CONDUCCION CAMBIAR SORPRESIVAMENTE PISTA CIRCULACION,LOS ZAPADORES,2 PONIENTE,2 PONIENTE - LOS ZAPADORES,0, , ,BIDIRECCIONAL,CONCRETO,BUENO,SECO,DESPEJADO,0,0,0,0,13,131,13104,Metropolitana de Santiago,Santiago,Conchalí,Interseccion,"2 PONIENTE & LOS ZAPADORES, Conchalí",-33.388623,-70.686194
-8116239.92765099,-4915558.76665476,2549,2023,1545533,2023/07/17 00:00:00+00,Julio,17,Lunes,1899/12/30 00:00:00+00,19:00:00,19,REGION DE LOS RIOS,RIO BUENO,VOLCADURA,VOLCADURA,RURAL,TRAMO DE VIA RECTA,VELOCIDAD IMPRUDENTE,VELOCIDAD NO RAZONABLE NI PRUDENTE, , , ,0,T-85,5,BIDIRECCIONAL,ASFALTO,BUENO,SECO,DESPEJADO,1,0,0,0,14,142,14204,Los Ríos,Ranco,Río Bueno,Ruta,T-85 km 5,-40.340581,-72.909424
-7930338.51915644,-4162447.66949193,2550,2023,1501612,2023/01/03 00:00:00+00,Enero,3,Martes,1899/12/30 00:00:00+00,15:30:00,15,REGION MAULE,CURICO,COLISION LATERAL,COLISION,URBANA,CRUCE CON SEMAFORO FUNCIONANDO,IMPRUDENCIA DEL CONDUCTOR,NO RESPETAR DERECHO PREFERENTE DE PASO A VEHICULO,SAN MARTIN,YUNGAY,SAN MARTIN - YUNGAY,0, , ,BIDIRECCIONAL,CONCRETO,REGULAR,SECO,DESPEJADO,0,1,0,0,07,073,07301,Maule,Curicó,Curicó,Interseccion,"SAN MARTIN & YUNGAY, Curicó",-34.989451,-71.239443
-7866423.42289235,-3948754.76004011,2551,2023,1510043,2023/02/02 00:00:00+00,Febrero,2,Jueves,1899/12/30 00:00:00+00,12:30:00,12,REGION METROPOLITANA,INDEPENDENCIA,VOLCADURA,VOLCADURA,URBANA,CRUCE CON SEMAFORO FUNCIONANDO,VELOCIDAD IMPRUDENTE,VELOCIDAD NO RAZONABLE NI PRUDENTE,INDEPENDENCIA,PABLO URZUA,INDEPENDENCIA - PABLO URZUA,0, , ,BIDIRECCIONAL,CONCRETO,BUENO,SECO,DESPEJADO,0,0,0,1,13,131,13108,Metropolitana de Santiago,Santiago,Independencia,Interseccion,"INDEPENDENCIA & PABLO URZUA, Independencia",-33.401772,-70.665284
-8135958.51380124,-4406317.87751641,2552,2023,1549369,2023/07/19 00:00:00+00,Julio,19,Miércoles,1899/12/30 00:00:00+00,10:30:00,10,REGION BIO BIO,TALCAHUANO,VOLCADURA,VOLCADURA,RURAL,TRAMO DE VIA RECTA,VELOCIDAD IMPRUDENTE,VELOCIDAD NO RAZONABLE NI PRUDENTE, , , ,0,RUTA 154,"7,4",BIDIRECCIONAL CON BANDEJON,CONCRETO,BUENO,SECO,DESPEJADO,0,0,0,1,08,081,08110,Biobío,Concepción,Talcahuano,Ruta,"RUTA 154 km 7,4",-36.7644,-73.086559
-7865516.51175057,-3946755.3925189,2553,2023,1514577,2023/03/04 00:00:00+00,Marzo,4,Sábado,1899/12/30 00:00:00+00,14:20:00,14,REGION METROPOLITANA,CONCHALI,COLISION FRONTAL,COLISION,URBANA,CRUCE CON SEMAFORO FUNCIONANDO,IMPRUDENCIA DEL CONDUCTOR,CONDUCCION NO ATENTO CONDICIONES TRANSITO MOMENTO,EL GUANACO,LOS ZAPADORES,EL GUANACO - LOS ZAPADORES,0, , ,BIDIRECCIONAL,CONCRETO,BUENO,SECO,DESPEJADO,0,1,0,0,13,131,13104,Metropolitana de Santiago,Santiago,Conchalí,Interseccion,"EL GUANACO & LOS ZAPADORES, Conchalí",-33.386777,-70.657137
-7932045.92980292,-3486655.41620161,2554,2023,1545834,2023/07/19 00:00:00+00,Julio,19,Miércoles,1899/12/30 00:00:00+00,18:50:00,18,REGION COQUIMBO,LA SERENA,COLISION POR ALCANCE,COLISION,RURAL,TRAMO DE VIA RECTA,IMPRUDENCIA DEL CONDUCTOR,CONDUCCION SIN MANTENER DISTANCIA RAZONABLE NI PRUDENTE, , , ,0,RUTA 5 NORTE,474,BIDIRECCIONAL CON BANDEJON,ASFALTO,BUENO,SECO,NUBLADO,0,0,0,0,04,041,04101,Coquimbo,Elqui,La Serena,Ruta,RUTA 5 NORTE km 474,-29.868481,-71.254781
-7860724.5860914,-3874382.97926458,2555,2023,1500963,2023/01/03 00:00:00+00,Enero,3,Martes,1899/12/30 00:00:00+00,17:15:00,17,REGION VALPARAISO,LOS ANDES,COLISION LATERAL,COLISION,URBANA,CRUCE SIN SEÑALIZACION,IMPRUDENCIA DEL CONDUCTOR,CONDUCCION NO ATENTO CONDICIONES TRANSITO MOMENTO,VICTOR KORNER,JOSE VILLARROEL,JOSE VILLARROEL - VICTOR KORNER,0, , ,BIDIRECCIONAL,ASFALTO,BUENO,SECO,DESPEJADO,0,0,0,1,05,053,05301,Valparaíso,Los Andes,Los Andes,Interseccion,"JOSE VILLARROEL & VICTOR KORNER, Los Andes",-32.842243,-70.61409
-7869207.97738476,-3947600.94365791,2556,2023,1515418,2023/03/04 00:00:00+00,Marzo,4,Sábado,1899/12/30 00:00:00+00,14:40:00,14,REGION METROPOLITANA,RENCA,COLISION,COLISION,URBANA,TRAMO DE VIA RECTA,IMPRUDENCIA DEL CONDUCTOR,CONDUCCION NO ATENTO CONDICIONES TRANSITO MOMENTO,PTO MONTT,CAMINO LO RUIZ,CAMINO LO RUIZ - PTO MONTT,0, , ,BIDIRECCIONAL,ASFALTO,BUENO,SECO,DESPEJADO,0,0,0,1,13,131,13128,Metropolitana de Santiago,Santiago,Renca,Interseccion,"CAMINO LO RUIZ & PTO MONTT, Renca",-33.393119,-70.690298
-8055575.84065016,-4505324.64193655,2557,2023,1507337,2023/02/02 00:00:00+00,Febrero,2,Jueves,1899/12/30 00:00:00+00,12:45:00,12,REGION BIO BIO,LOS ANGELES,COLISION LATERAL,COLISION,URBANA,CRUCE CON SEÑAL PARE,IMPRUDENCIA DEL CONDUCTOR,CONDUCCION NO ATENTO CONDICIONES TRANSITO MOMENTO,BULNES,DANIEL DE LA VEGA,BULNES - DANIEL DE LA VEGA,0, , ,BIDIRECCIONAL,ASFALTO,BUENO,SECO,DESPEJADO,0,1,0,0,08,083,08301,Biobío,Biobío,Los Angeles,Interseccion,"BULNES & DANIEL DE LA VEGA, Los Angeles",-37.473578,-72.364469
-8112597.60401713,-5075979.19539849,2558,2023,1546628,2023/07/20 00:00:00+00,Julio,20,Jueves,1899/12/30 00:00:00+00,06:50:00,6,REGION LOS LAGOS,PUERTO MONTT,VOLCADURA,VOLCADURA,RURAL,TRAMO DE VIA RECTA,VELOCIDAD IMPRUDENTE,VELOCIDAD NO RAZONABLE NI PRUDENTE, , , ,0,V-629,3,BIDIRECCIONAL,CONCRETO,BUENO,MOJADO,LLUVIA,0,1,0,0,10,101,10101,Los Lagos,Llanquihue,Puerto Montt,Ruta,V-629 km 3,-41.430029,-72.876704