X,Y,FID,Año,IdAccident,Fecha,Mes,Dia_mes,Dia_semana,Hora,Hora_texto,Hora_aprox,Región,Comuna,Tipo_Accid,Tipo__CONA,Zona,Ubicación,Causa__CON,Causa_Acci,Calle_Uno,Calle_Dos,Intersecci,Número,Ruta,Ubicaci_1,Calzada,Tipo_Calza,Estado_Cal,Condición,Estado_Atm,Fallecidos,Graves,Menos_Grav,Leves,CUT_REG,CUT_PROV,CUT_COM,REGION,PROVINCIA,COMUNA1,Tipo_direc,Direccion,Lat,Lon
-7862100.22789761,-3955807.00854071,2559,2023,1501030,2023/01/03 00:00:00+00,Enero,3,Martes,1899/12/30 00:00:00+00,17:40:00,17,REGION METROPOLITANA,ÑUÑOA,COLISION POR ALCANCE,COLISION,URBANA,CRUCE CON SEÑAL CEDA EL PASO,IMPRUDENCIA DEL CONDUCTOR,CONDUCCION SIN MANTENER DISTANCIA RAZONABLE NI PRUDENTE,MATTA ORIENTE,SEMINARIO,MATTA ORIENTE - SEMINARIO,0, , ,UNIDIRECCIONAL,ASFALTO,BUENO,SECO,DESPEJADO,0,0,0,0,13,131,13120,Metropolitana de Santiago,Santiago,Ñuñoa,Interseccion,"MATTA ORIENTE & SEMINARIO, Ñuñoa",-33.454644,-70.626448
-7970726.63304182,-3902096.11666315,2560,2023,1515623,2023/03/04 00:00:00+00,Marzo,4,Sábado,1899/12/30 00:00:00+00,14:40:00,14,REGION VALPARAISO,VALPARAISO,VOLCADURA,VOLCADURA,URBANA,CRUCE CON SEMAFORO FUNCIONANDO,VELOCIDAD IMPRUDENTE,VELOCIDAD NO RAZONABLE NI PRUDENTE,ARGENTINA,INDEPENDENCIA,ARGENTINA - INDEPENDENCIA,0, , ,BIDIRECCIONAL CON BANDEJON,ASFALTO,BUENO,SECO,DESPEJADO,0,1,0,1,05,051,05101,Valparaíso,Valparaíso,Valparaíso,Interseccion,"ARGENTINA & INDEPENDENCIA, Valparaíso",-33.051157,-71.602256
-8066543.48206089,-4403074.11520211,2561,2023,1577588,2023/02/02 00:00:00+00,Febrero,2,Jueves,1899/12/30 00:00:00+00,16:00:00,16,REGION ÑUBLE,QUILLON,COLISION,COLISION,URBANA,TRAMO DE VIA RECTA,IMPRUDENCIA DEL CONDUCTOR,CONDUCCION NO ATENTO CONDICIONES TRANSITO MOMENTO,O'HIGGINS,ALESSANDRI,ALESSANDRI - O'HIGGINS,0, , ,UNIDIRECCIONAL,CONCRETO,BUENO,SECO,DESPEJADO,0,0,0,1,16,161,16107,Ñuble,Diguillín,Quillón,Interseccion,"ALESSANDRI & O'HIGGINS, Quillón",-36.741053,-72.462993
-7868466.57996921,-3888264.77009965,2562,2023,1545967,2023/07/20 00:00:00+00,Julio,20,Jueves,1899/12/30 00:00:00+00,08:30:00,8,REGION VALPARAISO,RINCONADA,COLISION FRONTAL,COLISION,RURAL,TUNEL,IMPRUDENCIA DEL CONDUCTOR,ADELANTAMIENTO SOBREPASANDO LINEA CONTINUA, , , ,0,RUTA 57,"51,2",BIDIRECCIONAL,ASFALTO,BUENO,SECO,DESPEJADO,0,2,0,0,05,053,05303,Valparaíso,Los Andes,Rinconada,Ruta,"RUTA 57 km 51,2",-32.946951,-70.683638
-7860366.31550902,-3968085.15894344,2563,2023,1512074,2023/02/02 00:00:00+00,Febrero,2,Jueves,1899/12/30 00:00:00+00,16:20:00,16,REGION METROPOLITANA,LA FLORIDA,CHOQUE LATERAL,CHOQUE,URBANA,CRUCE CON SEMAFORO FUNCIONANDO,VELOCIDAD IMPRUDENTE,"VELOCIDAD NO REDUCIR CRUCE DE CALLES, CUMBRE, CURVA, ETC.",PUNTA ARENAS,TRINIDAD,PUNTA ARENAS - TRINIDAD,0, , ,BIDIRECCIONAL,ASFALTO,REGULAR,SECO,DESPEJADO,0,1,0,0,13,131,13110,Metropolitana de Santiago,Santiago,La Florida,Interseccion,"PUNTA ARENAS & TRINIDAD, La Florida",-33.546618,-70.610872
-7858608.24679092,-3952635.79702656,2564,2023,1515091,2023/03/04 00:00:00+00,Marzo,4,Sábado,1899/12/30 00:00:00+00,14:50:00,14,REGION METROPOLITANA,PROVIDENCIA,COLISION LATERAL,COLISION,URBANA,TRAMO DE VIA RECTA,IMPRUDENCIA DEL CONDUCTOR,CONDUCCION CAMBIAR SORPRESIVAMENTE PISTA CIRCULACION,EL BOSQUE,EL VERGEL,EL BOSQUE - EL VERGEL,0, , ,UNIDIRECCIONAL,ASFALTO,BUENO,SECO,DESPEJADO,0,0,0,0,13,131,13123,Metropolitana de Santiago,Santiago,Providencia,Interseccion,"EL BOSQUE & EL VERGEL, Providencia",-33.430873,-70.595079
-7941561.19358737,-4115214.53562855,2565,2023,1502027,2023/01/03 00:00:00+00,Enero,3,Martes,1899/12/30 00:00:00+00,18:40:00,18,REGION LIB.B.O'HIGGINS,SANTA CRUZ,COLISION POR ALCANCE,COLISION,URBANA,TRAMO DE VIA RECTA,IMPRUDENCIA DEL CONDUCTOR,CONDUCCION NO ATENTO CONDICIONES TRANSITO MOMENTO,CAMINO PUBLICO ISLA DEL GUINDO,LOS ARTISTAS,CAMINO PUBLICO ISLA DEL GUINDO - LOS ARTISTAS,0, , ,BIDIRECCIONAL,ASFALTO,BUENO,SECO,DESPEJADO,0,1,0,0,06,063,06310,Libertador General Bernardo O'Higgins,Colchagua,Santa Cruz,Interseccion,"CAMINO PUBLICO ISLA DEL GUINDO & LOS ARTISTAS, Santa Cruz",-34.641101,-71.340258
-8090418.25080761,-4689538.09987103,2566,2023,1548195,2023/07/22 00:00:00+00,Julio,22,Sábado,1899/12/30 00:00:00+00,09:28:00,9,REGION ARAUCANIA,PADRE LAS CASAS,COLISION LATERAL,COLISION,RURAL,TRAMO DE VIA RECTA,IMPRUDENCIA DEL CONDUCTOR,NO RESPETAR DERECHO PREFERENTE DE PASO A VEHICULO, , , ,0,S-500,4,BIDIRECCIONAL,ASFALTO,BUENO,MOJADO,LLUVIA,0,0,0,1,09,091,09112,La Araucanía,Cautín,Padre Las Casas,Ruta,S-500 km 4,-38.775314,-72.677464
-8140819.65354493,-4400779.64617079,2567,2023,1508752,2023/02/02 00:00:00+00,Febrero,2,Jueves,1899/12/30 00:00:00+00,16:45:00,16,REGION BIO BIO,TALCAHUANO,COLISION LATERAL,COLISION,URBANA,CRUCE CON SEÑAL CEDA EL PASO,DESOBEDIENCIA A SEÑALIZACION,SEÑALIZACION DESOBEDECER SEÑAL CEDA EL PASO,PEDRO MONTT,LA MARINA,LA MARINA - PEDRO MONTT,0, , ,BIDIRECCIONAL,CONCRETO,BUENO,SECO,DESPEJADO,0,0,0,0,08,081,08110,Biobío,Concepción,Talcahuano,Interseccion,"LA MARINA & PEDRO MONTT, Talcahuano",-36.724534,-73.130227
-7933255.53505979,-4160445.6801431,2568,2023,1501589,2023/01/03 00:00:00+00,Enero,3,Martes,1899/12/30 00:00:00+00,19:00:00,19,REGION MAULE,CURICO,COLISION FRONTAL,COLISION,URBANA,CRUCE CON SEÑAL PARE,IMPRUDENCIA DEL CONDUCTOR,CONDUCCION NO ATENTO CONDICIONES TRANSITO MOMENTO,SAN RICARDO,SAN LORENZO,SAN LORENZO - SAN RICARDO,0, , ,BIDIRECCIONAL,ASFALTO,BUENO,SECO,DESPEJADO,0,0,0,1,07,073,07301,Maule,Curicó,Curicó,Interseccion,"SAN LORENZO & SAN RICARDO, Curicó",-34.974716,-71.265647
-7875358.49057058,-3952507.74481126,2569,2023,1515861,2023/03/04 00:00:00+00,Marzo,4,Sábado,1899/12/30 00:00:00+00,16:40:00,16,REGION METROPOLITANA,CERRO NAVIA,COLISION LATERAL,COLISION,URBANA,TRAMO DE VIA RECTA,IMPRUDENCIA DEL CONDUCTOR,ADELANTAMIENTO SIN EL ESPACIO O TIEMPO SUFICIENTE,JOSE JOAQUIN PEREZ,KARLOVACK,JOSE JOAQUIN PEREZ - KARLOVACK,0, , ,BIDIRECCIONAL,ASFALTO,BUENO,SECO,DESPEJADO,0,0,0,0,13,131,13103,Metropolitana de Santiago,Santiago,Cerro Navia,Interseccion,"JOSE JOAQUIN PEREZ & KARLOVACK, Cerro Navia",-33.429913,-70.745549
-7880460.93075059,-3962602.47283763,2570,2023,1508918,2023/02/02 00:00:00+00,Febrero,2,Jueves,1899/12/30 00:00:00+00,17:10:00,17,REGION METROPOLITANA,MAIPU,COLISION LATERAL,COLISION,URBANA,TRAMO DE VIA RECTA,IMPRUDENCIA DEL CONDUCTOR,CONDUCCION NO ATENTO CONDICIONES TRANSITO MOMENTO,CAMINO A RINCONADA,4 PONIENTE,4 PONIENTE - CAMINO A RINCONADA,0, , ,BIDIRECCIONAL CON BANDEJON,ASFALTO,REGULAR,SECO,DESPEJADO,0,0,0,0,13,131,13119,Metropolitana de Santiago,Santiago,Maipú,Interseccion,"4 PONIENTE & CAMINO A RINCONADA, Maipú",-33.50556,-70.791385
-8016948.65198553,-4101270.05797863,2571,2023,1547240,2023/07/22 00:00:00+00,Julio,22,Sábado,1899/12/30 00:00:00+00,13:00:00,13,REGION LIB.B.O'HIGGINS,PICHILEMU,ATROPELLO,ATROPELLO,RURAL,OTROS NO CONSIDERADOS,IMPRUDENCIA DEL PEATON,PEATON CRUZA CALZADA FORMA SORPRESIVA O DESCUIDADA, , , ,0,I-502,19,BIDIRECCIONAL,ASFALTO,BUENO,SECO,DESPEJADO,0,0,0,1,06,062,06201,Libertador General Bernardo O'Higgins,Cardenal Caro,Pichilemu,Ruta,I-502 km 19,-34.537978,-72.017475
-8146998.74306743,-4847202.2084643,2572,2023,1546412,2023/07/22 00:00:00+00,Julio,22,Sábado,1899/12/30 00:00:00+00,18:30:00,18,REGION DE LOS RIOS,VALDIVIA,VOLCADURA,VOLCADURA,RURAL,TRAMO DE VIA RECTA,VELOCIDAD IMPRUDENTE,VELOCIDAD NO RAZONABLE NI PRUDENTE, , , ,0,T-418,2,BIDIRECCIONAL,ASFALTO,BUENO,HUMEDO,NUBLADO,0,0,0,1,14,141,14101,Los Ríos,Valdivia,Valdivia,Ruta,T-418 km 2,-39.870919,-73.185735
-8090507.11758013,-4735751.96046322,2573,2023,1501851,2023/01/03 00:00:00+00,Enero,3,Martes,1899/12/30 00:00:00+00,19:22:00,19,REGION ARAUCANIA,GORBEA,COLISION,COLISION,URBANA,CRUCE CON SEÑAL PARE,IMPRUDENCIA DEL CONDUCTOR,CONDUCCION NO ATENTO CONDICIONES TRANSITO MOMENTO,MANUEL BULNES,DARIO SALAS,DARIO SALAS - MANUEL BULNES,0, , ,BIDIRECCIONAL,CONCRETO,BUENO,SECO,DESPEJADO,0,0,0,0,09,091,09107,La Araucanía,Cautín,Gorbea,Interseccion,"DARIO SALAS & MANUEL BULNES, Gorbea",-39.09823,-72.678262
-8142612.46505384,-4426813.12837279,2574,2023,1551357,2023/07/24 00:00:00+00,Julio,24,Lunes,1899/12/30 00:00:00+00,10:30:00,10,REGION BIO BIO,CORONEL,COLISION LATERAL,COLISION,RURAL,TRAMO DE VIA RECTA,IMPRUDENCIA DEL CONDUCTOR,CONDUCCION NO ATENTO CONDICIONES TRANSITO MOMENTO, , , ,0,RUTA 160,13,BIDIRECCIONAL CON BANDEJON,ASFALTO,BUENO,SECO,DESPEJADO,0,1,0,1,08,081,08102,Biobío,Concepción,Coronel,Ruta,RUTA 160 km 13,-36.911751,-73.146332
-7874710.1658562,-3990426.08808828,2575,2023,1508754,2023/02/02 00:00:00+00,Febrero,2,Jueves,1899/12/30 00:00:00+00,18:50:00,18,REGION METROPOLITANA,BUIN,COLISION LATERAL,COLISION,URBANA,CRUCE CON SEÑAL PARE,IMPRUDENCIA DEL CONDUCTOR,CONDUCCION NO ATENTO CONDICIONES TRANSITO MOMENTO,NUEVO BUIN,LOS BUINENSES,LOS BUINENSES - NUEVO BUIN,0, , ,BIDIRECCIONAL,ASFALTO,BUENO,SECO,DESPEJADO,0,1,0,0,13,134,13402,Metropolitana de Santiago,Maipo,Buin,Interseccion,"LOS BUINENSES & NUEVO BUIN, Buin",-33.71372,-70.739725
-7922371.76908938,-3577976.99082578,2576,2023,1546929,2023/07/25 00:00:00+00,Julio,25,Martes,1899/12/30 00:00:00+00,17:11:00,17,REGION COQUIMBO,OVALLE,VOLCADURA,VOLCADURA,RURAL,CRUCE CON SEÑAL PARE,VELOCIDAD IMPRUDENTE,VELOCIDAD NO RAZONABLE NI PRUDENTE, , , ,0,D-585,1,BIDIRECCIONAL,ASFALTO,REGULAR,GRAVILLA,DESPEJADO,0,1,0,0,04,043,04301,Coquimbo,Limarí,Ovalle,Ruta,D-585 km 1,-30.577321,-71.167876
-7853779.09596082,-3956874.72479258,2577,2023,1504030,2023/01/03 00:00:00+00,Enero,3,Martes,1899/12/30 00:00:00+00,20:10:00,20,REGION METROPOLITANA,PEÑALOLEN,COLISION FRONTAL,COLISION,URBANA,CRUCE CON SEMAFORO FUNCIONANDO,IMPRUDENCIA DEL CONDUCTOR,CONDUCCION NO ATENTO CONDICIONES TRANSITO MOMENTO,TOBALABA,JOSE ARRIETA,JOSE ARRIETA - TOBALABA,0, , ,BIDIRECCIONAL,CONCRETO,BUENO,SECO,DESPEJADO,0,0,0,0,13,131,13122,Metropolitana de Santiago,Santiago,Peñalolén,Interseccion,"JOSE ARRIETA & TOBALABA, Peñalolén",-33.462646,-70.551698
-7859462.74634533,-3873623.39926147,2578,2023,1507980,2023/02/02 00:00:00+00,Febrero,2,Jueves,1899/12/30 00:00:00+00,19:30:00,19,REGION VALPARAISO,LOS ANDES,COLISION PERPENDICULAR,COLISION,URBANA,CRUCE CON SEÑAL PARE,DESOBEDIENCIA A SEÑALIZACION,SEÑALIZACION DESOBEDECER SEÑAL PARE,YERBAS BUENAS,CHACABUCO,CHACABUCO - YERBAS BUENAS,0, , ,BIDIRECCIONAL,ASFALTO,BUENO,SECO,DESPEJADO,0,0,0,0,05,053,05301,Valparaíso,Los Andes,Los Andes,Interseccion,"CHACABUCO & YERBAS BUENAS, Los Andes",-32.83651,-70.602755
-7876223.85566427,-3953966.19272553,2579,2023,1515948,2023/03/04 00:00:00+00,Marzo,4,Sábado,1899/12/30 00:00:00+00,16:50:00,16,REGION METROPOLITANA,PUDAHUEL,COLISION,COLISION,URBANA,TRAMO DE VIA RECTA,DESOBEDIENCIA A SEÑALIZACION,SEÑALIZACION DESOBEDECER SEÑAL CEDA EL PASO,O'HIGGINS,LA ESTRELLA,LA ESTRELLA - O'HIGGINS,0, , ,BIDIRECCIONAL,ASFALTO,REGULAR,SECO,DESPEJADO,0,0,0,2,13,131,13124,Metropolitana de Santiago,Santiago,Pudahuel,Interseccion,"LA ESTRELLA & O'HIGGINS, Pudahuel",-33.440846,-70.753323
-8006838.24366837,-4384916.67100044,2580,2023,1547171,2023/07/25 00:00:00+00,Julio,25,Martes,1899/12/30 00:00:00+00,21:30:00,21,REGION ÑUBLE,CHILLAN,COLISION POR ALCANCE,COLISION,RURAL,TRAMO DE VIA RECTA,IMPRUDENCIA DEL CONDUCTOR,NO RESPETAR DERECHO PREFERENTE DE PASO A VEHICULO, , , ,0,N-49,16,BIDIRECCIONAL,ASFALTO,BUENO,SECO,DESPEJADO,0,0,0,1,16,161,16101,Ñuble,Diguillín,Chillán,Ruta,N-49 km 16,-36.610233,-71.926652
-8144692.88162143,-4948840.06511252,2581,2023,1508228,2023/01/03 00:00:00+00,Enero,3,Martes,1899/12/30 00:00:00+00,20:25:00,20,REGION LOS LAGOS,OSORNO,COLISION FRONTAL,COLISION,URBANA,CRUCE CON SEÑAL PARE,IMPRUDENCIA DEL CONDUCTOR,CONDUCCION NO ATENTO CONDICIONES TRANSITO MOMENTO,LA MISION,PEDRO MONTT,LA MISION - PEDRO MONTT,0, , ,BIDIRECCIONAL,ASFALTO,REGULAR,SECO,DESPEJADO,0,1,0,0,10,103,10301,Los Lagos,Osorno,Osorno,Interseccion,"LA MISION & PEDRO MONTT, Osorno",-40.568075,-73.165021
-7878940.75178431,-3968201.22912692,2582,2023,1532592,2023/02/02 00:00:00+00,Febrero,2,Jueves,1899/12/30 00:00:00+00,19:55:00,19,REGION METROPOLITANA,MAIPU,COLISION FRONTAL,COLISION,URBANA,CRUCE SIN SEÑALIZACION,IMPRUDENCIA DEL CONDUCTOR,CONDUCCION NO ATENTO CONDICIONES TRANSITO MOMENTO,ESDRAS,TUCUMAN,ESDRAS - TUCUMAN,0, , ,BIDIRECCIONAL,ASFALTO,REGULAR,SECO,DESPEJADO,0,1,0,1,13,131,13119,Metropolitana de Santiago,Santiago,Maipú,Interseccion,"ESDRAS & TUCUMAN, Maipú",-33.547487,-70.777729
-7868643.46004997,-3967976.65562809,2583,2023,1514320,2023/03/04 00:00:00+00,Marzo,4,Sábado,1899/12/30 00:00:00+00,17:17:00,17,REGION METROPOLITANA,EL BOSQUE,COLISION LATERAL,COLISION,URBANA,TRAMO DE VIA RECTA,IMPRUDENCIA DEL CONDUCTOR,CONDUCCION NO ATENTO CONDICIONES TRANSITO MOMENTO,PICTON,COLO COLO,COLO COLO - PICTON,0, , ,BIDIRECCIONAL,CONCRETO,BUENO,SECO,DESPEJADO,0,0,0,0,13,131,13105,Metropolitana de Santiago,Santiago,El Bosque,Interseccion,"COLO COLO & PICTON, El Bosque",-33.545806,-70.685227
-7919065.37046463,-3487507.64467984,2584,2023,1548906,2023/07/27 00:00:00+00,Julio,27,Jueves,1899/12/30 00:00:00+00,04:00:00,4,REGION COQUIMBO,LA SERENA,IMPACTO CON ANIMAL,OTRO TIPO,RURAL,TRAMO DE VIA RECTA,DEFICIENCIAS VIALES,ANIMALES SUELTOS VIA PUBLICA, , , ,0,D-205,"5,6",BIDIRECCIONAL,ASFALTO,BUENO,SECO,DESPEJADO,0,1,0,0,04,041,04101,Coquimbo,Elqui,La Serena,Ruta,"D-205 km 5,6",-29.875119,-71.138175
-8071420.61164718,-6750908.24566749,2585,2023,1502167,2023/01/03 00:00:00+00,Enero,3,Martes,1899/12/30 00:00:00+00,21:20:00,21,REGION MAGALLANES Y ANTARTICA CHILENA,NATALES,VOLCADURA,VOLCADURA,URBANA,CRUCE CON SEÑAL CEDA EL PASO,ALCOHOL EN CONDUCTOR,CONDUCCION EN ESTADO DE EBRIEDAD,LIBERTAD,SANTIAGO BUERAS,LIBERTAD - SANTIAGO BUERAS,0, , ,BIDIRECCIONAL,CONCRETO,BUENO,SECO,DESPEJADO,0,1,1,0,12,124,12401,Magallanes y de la Antártica Chilena,Última Esperanza,Natales,Interseccion,"LIBERTAD & SANTIAGO BUERAS, Natales",-51.726972,-72.506805
-7857224.99079832,-3955589.26096266,2586,2023,1509606,2023/02/02 00:00:00+00,Febrero,2,Jueves,1899/12/30 00:00:00+00,22:00:00,22,REGION METROPOLITANA,ÑUÑOA,COLISION LATERAL,COLISION,URBANA,CRUCE CON SEÑAL CEDA EL PASO,IMPRUDENCIA DEL CONDUCTOR,CONDUCCION NO ATENTO CONDICIONES TRANSITO MOMENTO,PDTE BATTLE Y ORDOÑEZ,GRAL GOROSTIAGA,GRAL GOROSTIAGA - PDTE BATTLE Y ORDOÑEZ,0, , ,BIDIRECCIONAL,ASFALTO,BUENO,SECO,DESPEJADO,0,0,0,1,13,131,13120,Metropolitana de Santiago,Santiago,Ñuñoa,Interseccion,"GRAL GOROSTIAGA & PDTE BATTLE Y ORDOÑEZ, Ñuñoa",-33.453012,-70.582653
-7855952.49769907,-3974867.40658731,2587,2023,1518499,2023/03/04 00:00:00+00,Marzo,4,Sábado,1899/12/30 00:00:00+00,17:30:00,17,REGION METROPOLITANA,PUENTE ALTO,COLISION LATERAL,COLISION,URBANA,TRAMO DE VIA RECTA,IMPRUDENCIA DEL CONDUCTOR,CONDUCCION NO ATENTO CONDICIONES TRANSITO MOMENTO,SAN CARLOS,16 DE AGOSTO,16 DE AGOSTO - SAN CARLOS,0, , ,BIDIRECCIONAL,CONCRETO,BUENO,SECO,DESPEJADO,0,0,0,0,13,132,13201,Metropolitana de Santiago,Cordillera,Puente Alto,Interseccion,"16 DE AGOSTO & SAN CARLOS, Puente Alto",-33.597381,-70.571222
-7968908.26473742,-4331781.86296425,2588,2023,1548400,2023/07/27 00:00:00+00,Julio,27,Jueves,1899/12/30 00:00:00+00,11:20:00,11,REGION MAULE,PARRAL,COLISION PERPENDICULAR,COLISION,RURAL,CRUCE CON SEÑAL PARE,DESOBEDIENCIA A SEÑALIZACION,SEÑALIZACION DESOBEDECER OTRA, , , ,0,L-685,0,BIDIRECCIONAL,ASFALTO,BUENO,SECO,DESPEJADO,0,1,0,0,07,074,07404,Maule,Linares,Parral,Ruta,L-685 km 0,-36.226134,-71.585921
-7855147.98062942,-3972291.63891564,2589,2023,1508274,2023/02/03 00:00:00+00,Febrero,3,Viernes,1899/12/30 00:00:00+00,07:30:00,7,REGION METROPOLITANA,PUENTE ALTO,COLISION LATERAL,COLISION,URBANA,TRAMO DE VIA RECTA,IMPRUDENCIA DEL CONDUCTOR,CONDUCCION NO ATENTO CONDICIONES TRANSITO MOMENTO,MEXICO,VALLE CENTRAL,MEXICO - VALLE CENTRAL,0, , ,BIDIRECCIONAL,CONCRETO,BUENO,SECO,DESPEJADO,0,0,0,1,13,132,13201,Metropolitana de Santiago,Cordillera,Puente Alto,Interseccion,"MEXICO & VALLE CENTRAL, Puente Alto",-33.578106,-70.563995
-7931714.42810717,-3879582.43125833,2590,2023,1513784,2023/03/04 00:00:00+00,Marzo,4,Sábado,1899/12/30 00:00:00+00,17:30:00,17,REGION VALPARAISO,QUILLOTA,COLISION,COLISION,URBANA,TRAMO DE VIA RECTA,IMPRUDENCIA DEL CONDUCTOR,CONDUCCION NO ATENTO CONDICIONES TRANSITO MOMENTO,PUDETO,ACONCAGUA,ACONCAGUA - PUDETO,0, , ,UNIDIRECCIONAL,ASFALTO,BUENO,SECO,DESPEJADO,0,0,0,0,05,055,05501,Valparaíso,Quillota,Quillota,Interseccion,"ACONCAGUA & PUDETO, Quillota",-32.881476,-71.251803
-8124968.292345,-5080686.84918518,2591,2023,1501175,2023/01/03 00:00:00+00,Enero,3,Martes,1899/12/30 00:00:00+00,21:30:00,21,REGION LOS LAGOS,PUERTO MONTT,COLISION FRONTAL,COLISION,URBANA,TRAMO DE VIA RECTA,IMPRUDENCIA DEL CONDUCTOR,CONDUCCION NO ATENTO CONDICIONES TRANSITO MOMENTO,CAMINO EL TEPUAL,VEGA,CAMINO EL TEPUAL - VEGA,0, , ,BIDIRECCIONAL,ASFALTO,BUENO,HUMEDO,DESPEJADO,0,0,1,0,10,101,10101,Los Lagos,Llanquihue,Puerto Montt,Interseccion,"CAMINO EL TEPUAL & VEGA, Puerto Montt",-41.461728,-72.987832
-7899407.18139429,-4110879.31663533,2592,2023,1548540,2023/07/28 00:00:00+00,Julio,28,Viernes,1899/12/30 00:00:00+00,08:10:00,8,REGION LIB.B.O'HIGGINS,SAN FERNANDO,COLISION LATERAL,COLISION,RURAL,TRAMO DE VIA RECTA,IMPRUDENCIA DEL CONDUCTOR,CONDUCCION NO ATENTO CONDICIONES TRANSITO MOMENTO, , , ,0,I-45,2,BIDIRECCIONAL,ASFALTO,BUENO,SECO,DESPEJADO,0,0,0,2,06,063,06301,Libertador General Bernardo O'Higgins,Colchagua,San Fernando,Ruta,I-45 km 2,-34.609055,-70.961582
-7974395.41023872,-4220858.27830496,2593,2023,1507869,2023/02/03 00:00:00+00,Febrero,3,Viernes,1899/12/30 00:00:00+00,09:45:00,9,REGION MAULE,TALCA,COLISION POR ALCANCE,COLISION,URBANA,CRUCE CON SEÑAL CEDA EL PASO,DESOBEDIENCIA A SEÑALIZACION,SEÑALIZACION DESOBEDECER SEÑAL CEDA EL PASO,17 NORTE,18 ORIENTE,17 NORTE - 18 ORIENTE,0, , ,UNIDIRECCIONAL,CONCRETO,BUENO,SECO,DESPEJADO,0,0,0,2,07,071,07101,Maule,Talca,Talca,Interseccion,"17 NORTE & 18 ORIENTE, Talca",-35.418194,-71.635213
-8087828.65931215,-4687009.51927397,2594,2023,1514062,2023/03/04 00:00:00+00,Marzo,4,Sábado,1899/12/30 00:00:00+00,19:30:00,19,REGION ARAUCANIA,TEMUCO,ATROPELLO,ATROPELLO,URBANA,TRAMO DE VIA RECTA,IMPRUDENCIA DEL CONDUCTOR,CONDUCCION NO ATENTO CONDICIONES TRANSITO MOMENTO,MANUEL RECABARREN,MIGUEL FARADAY,MANUEL RECABARREN - MIGUEL FARADAY,0, , ,BIDIRECCIONAL CON BANDEJON,CONCRETO,BUENO,SECO,DESPEJADO,0,0,0,2,09,091,09101,La Araucanía,Cautín,Temuco,Interseccion,"MANUEL RECABARREN & MIGUEL FARADAY, Temuco",-38.757603,-72.654201
-7871584.5483034,-3973625.54004775,2595,2023,1501830,2023/01/03 00:00:00+00,Enero,3,Martes,1899/12/30 00:00:00+00,23:30:00,23,REGION METROPOLITANA,SAN BERNARDO,COLISION LATERAL,COLISION,URBANA,CRUCE CON SEÑAL CEDA EL PASO,DESOBEDIENCIA A SEÑALIZACION,SEÑALIZACION DESOBEDECER SEÑAL CEDA EL PASO,BUENOS AIRES,COLON SUR,BUENOS AIRES - COLON SUR,0, , ,BIDIRECCIONAL,ASFALTO,BUENO,SECO,DESPEJADO,0,0,0,1,13,134,13401,Metropolitana de Santiago,Maipo,San Bernardo,Interseccion,"BUENOS AIRES & COLON SUR, San Bernardo",-33.588088,-70.711647
-8086745.15029565,-4679499.62239794,2596,2023,1547605,2023/07/28 00:00:00+00,Julio,28,Viernes,1899/12/30 00:00:00+00,19:53:00,19,REGION ARAUCANIA,CHOLCHOL,CHOQUE FRONTAL,CHOQUE,RURAL,TRAMO DE VIA RECTA,IMPRUDENCIA DEL CONDUCTOR,CONDUCCION NO ATENTO CONDICIONES TRANSITO MOMENTO, , , ,0,S-20,4,BIDIRECCIONAL,CONCRETO,BUENO,SECO,DESPEJADO,1,0,0,0,09,091,09121,La Araucanía,Cautín,Cholchol,Ruta,S-20 km 4,-38.704976,-72.644468
-7975778.99061631,-3902117.45939629,2597,2023,1514111,2023/03/04 00:00:00+00,Marzo,4,Sábado,1899/12/30 00:00:00+00,21:15:00,21,REGION VALPARAISO,VALPARAISO,CHOQUE LATERAL,CHOQUE,URBANA,CRUCE CON SEÑAL PARE,DESOBEDIENCIA A SEÑALIZACION,SEÑALIZACION DESOBEDECER SEÑAL PARE,VENEZUELA,FEDERICO SANTA MARIA,FEDERICO SANTA MARIA - VENEZUELA,0, , ,UNIDIRECCIONAL,CONCRETO,BUENO,SECO,DESPEJADO,1,0,2,0,05,051,05101,Valparaíso,Valparaíso,Valparaíso,Interseccion,"FEDERICO SANTA MARIA & VENEZUELA, Valparaíso",-33.051317,-71.647642
-7856341.89327786,-3967687.40369319,2598,2023,1508383,2023/02/03 00:00:00+00,Febrero,3,Viernes,1899/12/30 00:00:00+00,11:30:00,11,REGION METROPOLITANA,LA FLORIDA,VOLCADURA,VOLCADURA,URBANA,CRUCE CON SEMAFORO FUNCIONANDO,IMPRUDENCIA DEL CONDUCTOR,CONDUCCION NO ATENTO CONDICIONES TRANSITO MOMENTO,STA AMALIA,MEXICO,MEXICO - STA AMALIA,0, , ,BIDIRECCIONAL,ASFALTO,BUENO,SECO,DESPEJADO,0,0,0,1,13,131,13110,Metropolitana de Santiago,Santiago,La Florida,Interseccion,"MEXICO & STA AMALIA, La Florida",-33.54364,-70.57472
-7986263.42756901,-4255750.43190354,2599,2023,1501414,2023/01/04 00:00:00+00,Enero,4,Miércoles,1899/12/30 00:00:00+00,06:30:00,6,REGION MAULE,VILLA ALEGRE,COLISION FRONTAL,COLISION,URBANA,CRUCE CON SEÑAL PARE,IMPRUDENCIA DEL CONDUCTOR,VIRAJES INDEBIDOS,FRANCISCO ANTONIO ENCINA,ALBERTO DEL PEDREGAL,ALBERTO DEL PEDREGAL - FRANCISCO ANTONIO ENCINA,0, , ,BIDIRECCIONAL,ASFALTO,BUENO,SECO,DESPEJADO,0,1,0,0,07,074,07407,Maule,Linares,Villa Alegre,Interseccion,"ALBERTO DEL PEDREGAL & FRANCISCO ANTONIO ENCINA, Villa Alegre",-35.673226,-71.741825