X,Y,FID,Año,IdAccident,Fecha,Mes,Dia_mes,Dia_semana,Hora,Hora_texto,Hora_aprox,Región,Comuna,Tipo_Accid,Tipo__CONA,Zona,Ubicación,Causa__CON,Causa_Acci,Calle_Uno,Calle_Dos,Intersecci,Número,Ruta,Ubicaci_1,Calzada,Tipo_Calza,Estado_Cal,Condición,Estado_Atm,Fallecidos,Graves,Menos_Grav,Leves,CUT_REG,CUT_PROV,CUT_COM,REGION,PROVINCIA,COMUNA1,Tipo_direc,Direccion,Lat,Lon
-7925146.09888656,-4182960.51767825,2600,2023,1547878,2023/07/29 00:00:00+00,Julio,29,Sábado,1899/12/30 00:00:00+00,17:05:00,17,REGION MAULE,MOLINA,CHOQUE FRONTAL,CHOQUE,RURAL,TRAMO DE VIA RECTA,IMPRUDENCIA DEL CONDUCTOR,CONDUCCION NO ATENTO CONDICIONES TRANSITO MOMENTO, , , ,0,K-179,"3,9",BIDIRECCIONAL,ASFALTO,BUENO,SECO,DESPEJADO,1,0,0,0,07,073,07304,Maule,Curicó,Molina,Ruta,"K-179 km 3,9",-35.140276,-71.192799
-7929961.36872163,-4160755.29570097,2601,2023,1510951,2023/02/03 00:00:00+00,Febrero,3,Viernes,1899/12/30 00:00:00+00,12:40:00,12,REGION MAULE,CURICO,COLISION LATERAL,COLISION,URBANA,CRUCE SIN SEÑALIZACION,IMPRUDENCIA DEL CONDUCTOR,CONDUCCION NO ATENTO CONDICIONES TRANSITO MOMENTO,FREIRE,PASAJE UNO,FREIRE - PASAJE UNO,0, , ,BIDIRECCIONAL CON BANDEJON,ASFALTO,BUENO,SECO,DESPEJADO,0,0,0,1,07,073,07301,Maule,Curicó,Curicó,Interseccion,"FREIRE & PASAJE UNO, Curicó",-34.976995,-71.236055
-8143031.10435193,-4416883.55991116,2602,2023,1514300,2023/03/04 00:00:00+00,Marzo,4,Sábado,1899/12/30 00:00:00+00,22:50:00,22,REGION BIO BIO,SAN PEDRO DE LA PAZ,COLISION PERPENDICULAR,COLISION,URBANA,CRUCE CON SEÑAL PARE,ALCOHOL EN CONDUCTOR,CONDUCCION BAJO LA INFLUENCIA DEL ALCOHOL,SEGUNDA LONGITUDINAL,COSTANERA,COSTANERA - SEGUNDA LONGITUDINAL,0, , ,BIDIRECCIONAL,CONCRETO,BUENO,SECO,DESPEJADO,0,2,0,0,08,081,08108,Biobío,Concepción,San Pedro de la Paz,Interseccion,"COSTANERA & SEGUNDA LONGITUDINAL, San Pedro de la Paz",-36.840398,-73.150093
-8128068.87412206,-4431838.29039106,2603,2023,1503749,2023/01/04 00:00:00+00,Enero,4,Miércoles,1899/12/30 00:00:00+00,07:50:00,7,REGION BIO BIO,CHIGUAYANTE,COLISION PERPENDICULAR,COLISION,URBANA,CRUCE CON SEMAFORO FUNCIONANDO,DESOBEDIENCIA A SEÑALIZACION,SEÑALIZACION DESOBEDECER LUZ ROJA DE SEMAFORO,MANUEL RODRIGUEZ,PORVENIR,MANUEL RODRIGUEZ - PORVENIR,0, , ,BIDIRECCIONAL CON BANDEJON,CONCRETO,BUENO,SECO,DESPEJADO,0,0,0,1,08,081,08103,Biobío,Concepción,Chiguayante,Interseccion,"MANUEL RODRIGUEZ & PORVENIR, Chiguayante",-36.947836,-73.015685
-7864991.75620167,-3167597.70057885,2604,2023,1547635,2023/07/29 00:00:00+00,Julio,29,Sábado,1899/12/30 00:00:00+00,23:40:00,23,REGION ATACAMA,COPIAPO,CHOQUE FRONTAL,CHOQUE,RURAL,TRAMO DE VIA RECTA,IMPRUDENCIA DEL CONDUCTOR,CONDUCCION NO ATENTO CONDICIONES TRANSITO MOMENTO, , , ,0,RUTA 5 NORTE,831,UNIDIRECCIONAL,ASFALTO,BUENO,SECO,DESPEJADO,1,0,0,1,03,031,03101,Atacama,Copiapó,Copiapó,Ruta,RUTA 5 NORTE km 831,-27.35263,-70.652423
-8152476.22903141,-4841763.61349641,2605,2023,1501497,2023/01/04 00:00:00+00,Enero,4,Miércoles,1899/12/30 00:00:00+00,08:00:00,8,REGION DE LOS RIOS,VALDIVIA,CHOQUE FRENTE/POSTERIOR,CHOQUE,URBANA,CRUCE CON SEÑAL CEDA EL PASO,IMPRUDENCIA DEL CONDUCTOR,CONDUCCION NO ATENTO CONDICIONES TRANSITO MOMENTO,PEDRO MONTT,JOSE MARIA MUÑOZ HERMOSILLA,JOSE MARIA MUÑOZ HERMOSILLA - PEDRO MONTT,0, , ,BIDIRECCIONAL CON BANDEJON,ASFALTO,BUENO,SECO,DESPEJADO,0,0,0,0,14,141,14101,Los Ríos,Valdivia,Valdivia,Interseccion,"JOSE MARIA MUÑOZ HERMOSILLA & PEDRO MONTT, Valdivia",-39.833412,-73.23494
-7867967.87825733,-3946633.13802155,2606,2023,1516854,2023/03/04 00:00:00+00,Marzo,4,Sábado,1899/12/30 00:00:00+00,23:55:00,23,REGION METROPOLITANA,CONCHALI,COLISION LATERAL,COLISION,URBANA,CRUCE CON SEMAFORO FUNCIONANDO,ALCOHOL EN CONDUCTOR,CONDUCCION EN ESTADO DE EBRIEDAD,INDEPENDENCIA,LOS ZAPADORES,INDEPENDENCIA - LOS ZAPADORES,0, , ,BIDIRECCIONAL,CONCRETO,BUENO,SECO,DESPEJADO,0,0,0,0,13,131,13104,Metropolitana de Santiago,Santiago,Conchalí,Interseccion,"INDEPENDENCIA & LOS ZAPADORES, Conchalí",-33.38586,-70.679158
-8092940.45032937,-4551623.57448533,2607,2023,1507741,2023/02/03 00:00:00+00,Febrero,3,Viernes,1899/12/30 00:00:00+00,13:10:00,13,REGION ARAUCANIA,ANGOL,COLISION FRONTAL,COLISION,URBANA,CRUCE CON SEÑAL PARE,IMPRUDENCIA DEL CONDUCTOR,CONDUCCION NO ATENTO CONDICIONES TRANSITO MOMENTO,PEDRO DE OÑA,JOHN KENNEDY,JOHN KENNEDY - PEDRO DE OÑA,0, , ,BIDIRECCIONAL,CONCRETO,BUENO,SECO,DESPEJADO,0,1,0,0,09,092,09201,La Araucanía,Malleco,Angol,Interseccion,"JOHN KENNEDY & PEDRO DE OÑA, Angol",-37.802929,-72.700121
-8205453.51090706,-5207490.82129651,2608,2023,1548487,2023/07/31 00:00:00+00,Julio,31,Lunes,1899/12/30 00:00:00+00,16:10:00,16,REGION LOS LAGOS,DALCAHUE,COLISION FRONTAL,COLISION,RURAL,TRAMO DE VIA RECTA,IMPRUDENCIA DEL CONDUCTOR,VIRAJES INDEBIDOS, , , ,0,RUTA 5 SUR,1162,BIDIRECCIONAL,ASFALTO,REGULAR,MOJADO,LLUVIA,0,1,0,0,10,102,10205,Los Lagos,Chiloé,Dalcahue,Ruta,RUTA 5 SUR km 1162,-42.309742,-73.710843
-7886972.67568403,-3975519.34739088,2609,2023,1508208,2023/02/03 00:00:00+00,Febrero,3,Viernes,1899/12/30 00:00:00+00,13:50:00,13,REGION METROPOLITANA,PEÑAFLOR,COLISION,COLISION,URBANA,CRUCE CON SEÑAL PARE,IMPRUDENCIA DEL CONDUCTOR,CONDUCCION NO ATENTO CONDICIONES TRANSITO MOMENTO,BALMACEDA,LAS PARCELAS,BALMACEDA - LAS PARCELAS,0, , ,BIDIRECCIONAL,CONCRETO,BUENO,SECO,DESPEJADO,0,1,0,0,13,136,13605,Metropolitana de Santiago,Talagante,Peñaflor,Interseccion,"BALMACEDA & LAS PARCELAS, Peñaflor",-33.602259,-70.849881
-7828238.98726447,-3168900.37366834,2610,2023,1501624,2023/01/04 00:00:00+00,Enero,4,Miércoles,1899/12/30 00:00:00+00,09:00:00,9,REGION ATACAMA,COPIAPO,COLISION LATERAL,COLISION,URBANA,CRUCE CON SEÑAL CEDA EL PASO,DESOBEDIENCIA A SEÑALIZACION,SEÑALIZACION DESOBEDECER SEÑAL CEDA EL PASO,LASTARRIA,ALGARROBO,ALGARROBO - LASTARRIA,0, , ,BIDIRECCIONAL,ASFALTO,BUENO,SECO,DESPEJADO,0,1,0,0,03,031,03101,Atacama,Copiapó,Copiapó,Interseccion,"ALGARROBO & LASTARRIA, Copiapó",-27.363023,-70.322267
-7936049.97556901,-4116283.11897909,2611,2023,1551801,2023/08/01 00:00:00+00,Agosto,1,Martes,1899/12/30 00:00:00+00,16:00:00,16,REGION LIB.B.O'HIGGINS,SAN FERNANDO,COLISION LATERAL,COLISION,RURAL,TRAMO DE VIA RECTA,IMPRUDENCIA DEL CONDUCTOR,CONDUCCION NO ATENTO CONDICIONES TRANSITO MOMENTO, , , ,0,I-50,"31,3",BIDIRECCIONAL,ASFALTO,BUENO,SECO,DESPEJADO,0,1,0,1,06,063,06301,Libertador General Bernardo O'Higgins,Colchagua,San Fernando,Ruta,"I-50 km 31,3",-34.648998,-71.29075
-7873439.56518829,-3937272.43140361,2612,2023,1521306,2023/03/05 00:00:00+00,Marzo,5,Domingo,1899/12/30 00:00:00+00,02:00:00,2,REGION METROPOLITANA,LAMPA,VOLCADURA,VOLCADURA,URBANA,TRAMO DE VIA RECTA,VELOCIDAD IMPRUDENTE,VELOCIDAD NO RAZONABLE NI PRUDENTE,NORORIENTE,LA MONTAÑA,LA MONTAÑA - NORORIENTE,0, , ,BIDIRECCIONAL CON BANDEJON,ASFALTO,BUENO,SECO,DESPEJADO,0,1,0,0,13,133,13302,Metropolitana de Santiago,Chacabuco,Lampa,Interseccion,"LA MONTAÑA & NORORIENTE, Lampa",-33.315619,-70.728311
-7864029.61731204,-3958258.81960764,2613,2023,1502657,2023/01/04 00:00:00+00,Enero,4,Miércoles,1899/12/30 00:00:00+00,09:15:00,9,REGION METROPOLITANA,SANTIAGO,COLISION LATERAL,COLISION,URBANA,CRUCE CON SEMAFORO FUNCIONANDO,DESOBEDIENCIA A SEÑALIZACION,SEÑALIZACION DESOBEDECER LUZ ROJA DE SEMAFORO,FRANKLIN,SAN FRANCISCO,FRANKLIN - SAN FRANCISCO,0, , ,UNIDIRECCIONAL,ASFALTO,BUENO,SECO,DESPEJADO,0,0,0,1,13,131,13101,Metropolitana de Santiago,Santiago,Santiago,Interseccion,"FRANKLIN & SAN FRANCISCO, Santiago",-33.473018,-70.64378
-7932153.15684414,-3487808.6183351,2614,2023,1548700,2023/08/01 00:00:00+00,Agosto,1,Martes,1899/12/30 00:00:00+00,18:10:00,18,REGION COQUIMBO,LA SERENA,COLISION POR ALCANCE,COLISION,RURAL,TRAMO DE VIA RECTA,VELOCIDAD IMPRUDENTE,"VELOCIDAD NO REDUCIR CRUCE DE CALLES, CUMBRE, CURVA, ETC.", , , ,0,RUTA 5 NORTE,473,BIDIRECCIONAL CON BANDEJON,ASFALTO,BUENO,SECO,DESPEJADO,0,0,0,0,04,041,04101,Coquimbo,Elqui,La Serena,Ruta,RUTA 5 NORTE km 473,-29.877463,-71.255744
-7863678.24274948,-3972029.59682009,2615,2023,1513792,2023/03/05 00:00:00+00,Marzo,5,Domingo,1899/12/30 00:00:00+00,07:05:00,7,REGION METROPOLITANA,LA PINTANA,VOLCADURA,VOLCADURA,URBANA,CRUCE SIN SEÑALIZACION,ALCOHOL EN CONDUCTOR,CONDUCCION BAJO LA INFLUENCIA DEL ALCOHOL,LO MARTINEZ,PLAYA CARTAGENA,LO MARTINEZ - PLAYA CARTAGENA,0, , ,BIDIRECCIONAL,ASFALTO,BUENO,SECO,DESPEJADO,0,2,0,0,13,131,13112,Metropolitana de Santiago,Santiago,La Pintana,Interseccion,"LO MARTINEZ & PLAYA CARTAGENA, La Pintana",-33.576145,-70.640624
-7948993.04980536,-3902597.24734003,2616,2023,1507525,2023/02/03 00:00:00+00,Febrero,3,Viernes,1899/12/30 00:00:00+00,15:00:00,15,REGION VALPARAISO,QUILPUE,COLISION PERPENDICULAR,COLISION,URBANA,CRUCE SIN SEÑALIZACION,IMPRUDENCIA DEL CONDUCTOR,CONDUCCION NO ATENTO CONDICIONES TRANSITO MOMENTO,COLOMBIA,20 DE ENERO,20 DE ENERO - COLOMBIA,0, , ,BIDIRECCIONAL,ASFALTO,BUENO,SECO,DESPEJADO,0,1,0,0,05,058,05801,Valparaíso,Marga Marga,Quilpué,Interseccion,"20 DE ENERO & COLOMBIA, Quilpué",-33.05493,-71.40702
-7876832.2493092,-3965699.3671491,2617,2023,1501577,2023/01/04 00:00:00+00,Enero,4,Miércoles,1899/12/30 00:00:00+00,09:30:00,9,REGION METROPOLITANA,MAIPU,COLISION LATERAL,COLISION,URBANA,TRAMO DE VIA RECTA,IMPRUDENCIA DEL CONDUCTOR,ADELANTAMIENTO SIN EL ESPACIO O TIEMPO SUFICIENTE,CAMINO A MELIPILLA,STA MARTA,CAMINO A MELIPILLA - STA MARTA,0, , ,BIDIRECCIONAL,CONCRETO,BUENO,SECO,DESPEJADO,0,0,0,0,13,131,13119,Metropolitana de Santiago,Santiago,Maipú,Interseccion,"CAMINO A MELIPILLA & STA MARTA, Maipú",-33.528754,-70.758788
-7962762.50050787,-4260895.75019321,2618,2023,1548911,2023/08/01 00:00:00+00,Agosto,1,Martes,1899/12/30 00:00:00+00,19:30:00,19,REGION MAULE,YERBAS BUENAS,COLISION LATERAL,COLISION,RURAL,CRUCE SIN SEÑALIZACION,IMPRUDENCIA DEL CONDUCTOR,CONDUCCION NO ATENTO CONDICIONES TRANSITO MOMENTO, , , ,0,L-265,4,BIDIRECCIONAL,ASFALTO,BUENO,SECO,DESPEJADO,0,0,1,1,07,074,07408,Maule,Linares,Yerbas Buenas,Ruta,L-265 km 4,-35.710765,-71.530713
-7875221.12231895,-4050235.50713262,2619,2023,1508415,2023/02/03 00:00:00+00,Febrero,3,Viernes,1899/12/30 00:00:00+00,15:45:00,15,REGION LIB.B.O'HIGGINS,RANCAGUA,COLISION LATERAL,COLISION,URBANA,CRUCE CON SEMAFORO FUNCIONANDO,IMPRUDENCIA DEL CONDUCTOR,CONDUCCION NO ATENTO CONDICIONES TRANSITO MOMENTO,ALAMEDA,ESPAÑA,ALAMEDA - ESPAÑA,0, , ,BIDIRECCIONAL CON BANDEJON,CONCRETO,BUENO,SECO,DESPEJADO,0,0,0,1,06,061,06101,Libertador General Bernardo O'Higgins,Cachapoal,Rancagua,Interseccion,"ALAMEDA & ESPAÑA, Rancagua",-34.159473,-70.744315
-7868059.89494842,-3953712.82556925,2620,2023,1515609,2023/03/05 00:00:00+00,Marzo,5,Domingo,1899/12/30 00:00:00+00,07:30:00,7,REGION METROPOLITANA,SANTIAGO,COLISION LATERAL,COLISION,URBANA,TRAMO DE VIA RECTA,IMPRUDENCIA DEL CONDUCTOR,ADELANTAMIENTO SIN EL ESPACIO O TIEMPO SUFICIENTE,MATUCANA,COMPAÑIA,COMPAÑIA - MATUCANA,0, , ,UNIDIRECCIONAL,CONCRETO,BUENO,SECO,DESPEJADO,0,0,0,0,13,131,13101,Metropolitana de Santiago,Santiago,Santiago,Interseccion,"COMPAÑIA & MATUCANA, Santiago",-33.438947,-70.679985
-7873510.05264533,-3962082.20828677,2621,2023,1507948,2023/01/04 00:00:00+00,Enero,4,Miércoles,1899/12/30 00:00:00+00,11:14:00,11,REGION METROPOLITANA,CERRILLOS,COLISION LATERAL,COLISION,URBANA,CRUCE CON SEÑAL PARE,DESOBEDIENCIA A SEÑALIZACION,SEÑALIZACION DESOBEDECER SEÑAL PARE,DIVINO MAESTRO,AMERICO VESPUCIO,AMERICO VESPUCIO - DIVINO MAESTRO,0, , ,UNIDIRECCIONAL,CONCRETO,BUENO,SECO,DESPEJADO,0,0,0,0,13,131,13102,Metropolitana de Santiago,Santiago,Cerrillos,Interseccion,"AMERICO VESPUCIO & DIVINO MAESTRO, Cerrillos",-33.501663,-70.728944
-8058144.47355755,-4499125.54815597,2622,2023,1551507,2023/08/02 00:00:00+00,Agosto,2,Miércoles,1899/12/30 00:00:00+00,14:30:00,14,REGION BIO BIO,LOS ANGELES,COLISION POR ALCANCE,COLISION,RURAL,TRAMO DE VIA RECTA,IMPRUDENCIA DEL CONDUCTOR,CONDUCCION NO ATENTO CONDICIONES TRANSITO MOMENTO, , , ,0,RUTA 5 SUR,506,BIDIRECCIONAL CON BANDEJON,ASFALTO,BUENO,SECO,DESPEJADO,0,0,0,2,08,083,08301,Biobío,Biobío,Los Angeles,Ruta,RUTA 5 SUR km 506,-37.42937,-72.387543
-7963760.5376735,-3898875.52433879,2623,2023,1515823,2023/03/05 00:00:00+00,Marzo,5,Domingo,1899/12/30 00:00:00+00,11:30:00,11,REGION VALPARAISO,VIÑA DEL MAR,COLISION POR ALCANCE,COLISION,URBANA,TRAMO DE VIA RECTA,DESOBEDIENCIA A SEÑALIZACION,SEÑALIZACION DESOBEDECER SEÑAL PARE,VALPARAISO,CANCHA,CANCHA - VALPARAISO,0, , ,UNIDIRECCIONAL,CONCRETO,BUENO,SECO,DESPEJADO,0,0,0,0,05,051,05109,Valparaíso,Valparaíso,Viña del Mar,Interseccion,"CANCHA & VALPARAISO, Viña del Mar",-33.026904,-71.539678
-7858458.18811733,-3973960.39079748,2624,2023,1507981,2023/02/03 00:00:00+00,Febrero,3,Viernes,1899/12/30 00:00:00+00,20:00:00,20,REGION METROPOLITANA,PUENTE ALTO,COLISION LATERAL,COLISION,URBANA,TRAMO DE VIA RECTA,IMPRUDENCIA DEL CONDUCTOR,CONDUCCION NO ATENTO CONDICIONES TRANSITO MOMENTO,LOS MAÑIOS,LOS MANGOS,LOS MANGOS - LOS MAÑIOS,0, , ,BIDIRECCIONAL,CONCRETO,BUENO,SECO,DESPEJADO,0,0,0,1,13,132,13201,Metropolitana de Santiago,Cordillera,Puente Alto,Interseccion,"LOS MANGOS & LOS MAÑIOS, Puente Alto",-33.590594,-70.593731
-7970253.71439342,-3900024.53881181,2625,2023,1512598,2023/01/04 00:00:00+00,Enero,4,Miércoles,1899/12/30 00:00:00+00,12:00:00,12,REGION VALPARAISO,VALPARAISO,CHOQUE LATERAL,CHOQUE,URBANA,CRUCE SIN SEÑALIZACION,IMPRUDENCIA DEL CONDUCTOR,CONDUCCION NO ATENTO CONDICIONES TRANSITO MOMENTO,ESPAÑA,SAN LUIS,ESPAÑA - SAN LUIS,0, , ,UNIDIRECCIONAL,ASFALTO,REGULAR,SECO,DESPEJADO,0,0,0,0,05,051,05101,Valparaíso,Valparaíso,Valparaíso,Interseccion,"ESPAÑA & SAN LUIS, Valparaíso",-33.035557,-71.598007
-7986321.34748969,-4247491.677065,2626,2023,1550162,2023/08/03 00:00:00+00,Agosto,3,Jueves,1899/12/30 00:00:00+00,19:35:00,19,REGION MAULE,VILLA ALEGRE,COLISION,COLISION,RURAL,TRAMO DE VIA RECTA,IMPRUDENCIA DEL CONDUCTOR,VIRAJES INDEBIDOS, , , ,0,L-16,"5,5",BIDIRECCIONAL,ASFALTO,BUENO,SECO,DESPEJADO,0,1,0,0,07,074,07407,Maule,Linares,Villa Alegre,Ruta,"L-16 km 5,5",-35.612935,-71.742345
-7827082.81190115,-3171761.76983359,2627,2023,1508511,2023/02/03 00:00:00+00,Febrero,3,Viernes,1899/12/30 00:00:00+00,20:55:00,20,REGION ATACAMA,COPIAPO,COLISION LATERAL,COLISION,URBANA,CRUCE CON SEÑAL PARE,DESOBEDIENCIA A SEÑALIZACION,SEÑALIZACION DESOBEDECER SEÑAL PARE,DIEGO DE ALMAGRO,LEONIDAS PEREZ,DIEGO DE ALMAGRO - LEONIDAS PEREZ,0, , ,BIDIRECCIONAL,ASFALTO,BUENO,SECO,DESPEJADO,0,0,0,1,03,031,03101,Atacama,Copiapó,Copiapó,Interseccion,"DIEGO DE ALMAGRO & LEONIDAS PEREZ, Copiapó",-27.385849,-70.311881
-7971996.00915081,-3975207.08486252,2628,2023,1501821,2023/01/04 00:00:00+00,Enero,4,Miércoles,1899/12/30 00:00:00+00,14:30:00,14,REGION VALPARAISO,SAN ANTONIO,COLISION POR ALCANCE,COLISION,URBANA,CRUCE SIN SEÑALIZACION,IMPRUDENCIA DEL CONDUCTOR,CONDUCCION NO ATENTO CONDICIONES TRANSITO MOMENTO,RAMON BARROS LUCO,4 SUR,4 SUR - RAMON BARROS LUCO,0, , ,BIDIRECCIONAL,ASFALTO,BUENO,SECO,DESPEJADO,0,1,0,0,05,056,05601,Valparaíso,San Antonio,San Antonio,Interseccion,"4 SUR & RAMON BARROS LUCO, San Antonio",-33.599923,-71.613659
-7938630.20264627,-3498743.03002372,2629,2023,1550304,2023/08/03 00:00:00+00,Agosto,3,Jueves,1899/12/30 00:00:00+00,20:20:00,20,REGION COQUIMBO,COQUIMBO,COLISION POR ALCANCE,COLISION,RURAL,TRAMO DE VIA RECTA,IMPRUDENCIA DEL CONDUCTOR,CONDUCCION NO ATENTO CONDICIONES TRANSITO MOMENTO, , , ,0,RUTA 5 NORTE,461,BIDIRECCIONAL CON BANDEJON,ASFALTO,BUENO,SECO,DESPEJADO,0,0,0,6,04,041,04102,Coquimbo,Elqui,Coquimbo,Ruta,RUTA 5 NORTE km 461,-29.962598,-71.313928
-8060551.48788562,-4209855.76115084,2630,2023,1509041,2023/02/03 00:00:00+00,Febrero,3,Viernes,1899/12/30 00:00:00+00,21:00:00,21,REGION MAULE,CONSTITUCION,COLISION LATERAL,COLISION,URBANA,CRUCE CON SEMAFORO FUNCIONANDO,IMPRUDENCIA DEL CONDUCTOR,CONDUCCION NO ATENTO CONDICIONES TRANSITO MOMENTO,OÑEDERRA,ROSAS,OÑEDERRA - ROSAS,0, , ,UNIDIRECCIONAL,ASFALTO,BUENO,SECO,DESPEJADO,0,0,0,2,07,071,07102,Maule,Talca,Constitución,Interseccion,"OÑEDERRA & ROSAS, Constitución",-35.337607,-72.409166
-7864306.69152463,-3954217.75888821,2631,2023,1515895,2023/03/05 00:00:00+00,Marzo,5,Domingo,1899/12/30 00:00:00+00,12:50:00,12,REGION METROPOLITANA,SANTIAGO,ATROPELLO,ATROPELLO,URBANA,CRUCE CON SEMAFORO FUNCIONANDO,IMPRUDENCIA DEL PEATON,IMPRUDENCIA DEL PEATON,MAC IVER,LIBER BERNARDO O'HIGGINS,LIBER BERNARDO O'HIGGINS - MAC IVER,0, , ,UNIDIRECCIONAL,ASFALTO,BUENO,SECO,DESPEJADO,0,1,0,1,13,131,13101,Metropolitana de Santiago,Santiago,Santiago,Interseccion,"LIBER BERNARDO O'HIGGINS & MAC IVER, Santiago",-33.442732,-70.646269
-7838136.70378692,-2714059.72553899,2632,2023,1504872,2023/01/04 00:00:00+00,Enero,4,Miércoles,1899/12/30 00:00:00+00,15:00:00,15,REGION ANTOFAGASTA,ANTOFAGASTA,COLISION,COLISION,URBANA,CRUCE CON SEÑAL PARE,DESOBEDIENCIA A SEÑALIZACION,SEÑALIZACION DESOBEDECER SEÑAL PARE,9 DE JULIO,JOSE FRANCISCO BLUMELL,9 DE JULIO - JOSE FRANCISCO BLUMELL,0, , ,BIDIRECCIONAL,ASFALTO,BUENO,SECO,DESPEJADO,0,0,0,0,02,021,02101,Antofagasta,Antofagasta,Antofagasta,Interseccion,"9 DE JULIO & JOSE FRANCISCO BLUMELL, Antofagasta",-23.676683,-70.41118
-7939229.40668912,-3863391.20083824,2633,2023,1552816,2023/08/05 00:00:00+00,Agosto,5,Sábado,1899/12/30 00:00:00+00,12:15:00,12,REGION VALPARAISO,PUCHUNCAVI,COLISION,COLISION,RURAL,TRAMO DE VIA RECTA,IMPRUDENCIA DEL CONDUCTOR,CONDUCCION NO ATENTO CONDICIONES TRANSITO MOMENTO, , , ,0,F-20,14,BIDIRECCIONAL,ASFALTO,BUENO,MOJADO,LLOVIZNA,0,0,0,1,05,051,05105,Valparaíso,Valparaíso,Puchuncaví,Ruta,F-20 km 14,-32.759245,-71.319311
-7863854.62307252,-3958877.52566381,2634,2023,1515208,2023/03/05 00:00:00+00,Marzo,5,Domingo,1899/12/30 00:00:00+00,13:00:00,13,REGION METROPOLITANA,SAN JOAQUIN,COLISION PERPENDICULAR,COLISION,URBANA,CRUCE CON SEMAFORO FUNCIONANDO,IMPRUDENCIA DEL CONDUCTOR,VIRAJES INDEBIDOS,STA ROSA,ISABEL RIQUELME,ISABEL RIQUELME - STA ROSA,0, , ,BIDIRECCIONAL CON BANDEJON,ASFALTO,BUENO,SECO,DESPEJADO,0,0,1,0,13,131,13129,Metropolitana de Santiago,Santiago,San Joaquín,Interseccion,"ISABEL RIQUELME & STA ROSA, San Joaquín",-33.477654,-70.642208
-7969844.35928559,-4282502.25368908,2635,2023,1508086,2023/02/03 00:00:00+00,Febrero,3,Viernes,1899/12/30 00:00:00+00,22:30:00,22,REGION MAULE,LINARES,COLISION FRONTAL,COLISION,URBANA,CRUCE SIN SEÑALIZACION,IMPRUDENCIA DEL CONDUCTOR,CONDUCCION CAMBIAR SORPRESIVAMENTE PISTA CIRCULACION,PRESIDENTE CARLOS IBAÑEZ DEL CAMPO,SERRANO,PRESIDENTE CARLOS IBAÑEZ DEL CAMPO - SERRANO,0, , ,BIDIRECCIONAL,CONCRETO,BUENO,SECO,DESPEJADO,0,1,0,1,07,074,07401,Maule,Linares,Linares,Interseccion,"PRESIDENTE CARLOS IBAÑEZ DEL CAMPO & SERRANO, Linares",-35.868209,-71.59433
-7973578.46028476,-4222651.25765865,2636,2023,1501504,2023/01/04 00:00:00+00,Enero,4,Miércoles,1899/12/30 00:00:00+00,16:48:00,16,REGION MAULE,TALCA,COLISION LATERAL,COLISION,URBANA,CRUCE CON SEMAFORO FUNCIONANDO,IMPRUDENCIA DEL CONDUCTOR,VIRAJES INDEBIDOS,30 ORIENTE,2 NORTE,2 NORTE - 30 ORIENTE,0, , ,BIDIRECCIONAL CON BANDEJON,ASFALTO,BUENO,SECO,DESPEJADO,0,0,0,0,07,071,07101,Maule,Talca,Talca,Interseccion,"2 NORTE & 30 ORIENTE, Talca",-35.431319,-71.627874
-7965002.41356019,-4247358.1717436,2637,2023,1550179,2023/08/05 00:00:00+00,Agosto,5,Sábado,1899/12/30 00:00:00+00,19:30:00,19,REGION MAULE,YERBAS BUENAS,COLISION LATERAL,COLISION,RURAL,TRAMO DE VIA CURVA HORIZONTAL,IMPRUDENCIA DEL CONDUCTOR,NO RESPETAR DERECHO PREFERENTE DE PASO A VEHICULO, , , ,0,"L-11, L-35","14,5",BIDIRECCIONAL,ASFALTO,BUENO,SECO,NUBLADO,1,0,1,1,07,074,07408,Maule,Linares,Yerbas Buenas,Ruta,"L-11, L-35 km 14,5",-35.61196,-71.550834
-7808152.81001804,-2298477.28978428,2638,2023,1501600,2023/01/04 00:00:00+00,Enero,4,Miércoles,1899/12/30 00:00:00+00,17:40:00,17,REGION TARAPACA,IQUIQUE,COLISION LATERAL,COLISION,URBANA,TRAMO DE VIA RECTA,OTRAS CAUSAS,HECHO DELICTUAL,21 DE MAYO,TARAPACA,21 DE MAYO - TARAPACA,0, , ,UNIDIRECCIONAL,ASFALTO,BUENO,SECO,DESPEJADO,0,0,0,5,01,011,01101,Tarapacá,Iquique,Iquique,Interseccion,"21 DE MAYO & TARAPACA, Iquique",-20.214656,-70.14183
-7872484.33263779,-3948716.57359421,2639,2023,1515420,2023/03/05 00:00:00+00,Marzo,5,Domingo,1899/12/30 00:00:00+00,13:00:00,13,REGION METROPOLITANA,RENCA,COLISION,COLISION,URBANA,TRAMO DE VIA RECTA,IMPRUDENCIA DEL CONDUCTOR,CONDUCCION NO ATENTO CONDICIONES TRANSITO MOMENTO,JOSE MANUEL BALMACEDA,NAPOLES,JOSE MANUEL BALMACEDA - NAPOLES,0, , ,BIDIRECCIONAL,ASFALTO,BUENO,SECO,DESPEJADO,0,1,0,0,13,131,13128,Metropolitana de Santiago,Santiago,Renca,Interseccion,"JOSE MANUEL BALMACEDA & NAPOLES, Renca",-33.401486,-70.71973