X,Y,FID,Año,IdAccident,Fecha,Mes,Dia_mes,Dia_semana,Hora,Hora_texto,Hora_aprox,Región,Comuna,Tipo_Accid,Tipo__CONA,Zona,Ubicación,Causa__CON,Causa_Acci,Calle_Uno,Calle_Dos,Intersecci,Número,Ruta,Ubicaci_1,Calzada,Tipo_Calza,Estado_Cal,Condición,Estado_Atm,Fallecidos,Graves,Menos_Grav,Leves,CUT_REG,CUT_PROV,CUT_COM,REGION,PROVINCIA,COMUNA1,Tipo_direc,Direccion,Lat,Lon
-7966204.95781063,-3898626.90816276,2640,2023,1510671,2023/02/03 00:00:00+00,Febrero,3,Viernes,1899/12/30 00:00:00+00,23:00:00,23,REGION VALPARAISO,VIÑA DEL MAR,COLISION POR ALCANCE,COLISION,URBANA,TRAMO DE VIA RECTA,IMPRUDENCIA DEL CONDUCTOR,CONDUCCION NO ATENTO CONDICIONES TRANSITO MOMENTO,ALVAREZ,VON SCHROEDERS,ALVAREZ - VON SCHROEDERS,0, , ,UNIDIRECCIONAL,CONCRETO,BUENO,SECO,DESPEJADO,0,0,0,0,05,051,05109,Valparaíso,Valparaíso,Viña del Mar,Interseccion,"ALVAREZ & VON SCHROEDERS, Viña del Mar",-33.025031,-71.561637
-7945445.74998053,-4069205.37695985,2641,2023,1549521,2023/08/05 00:00:00+00,Agosto,5,Sábado,1899/12/30 00:00:00+00,20:05:00,20,REGION LIB.B.O'HIGGINS,PICHIDEGUA,COLISION FRONTAL,COLISION,RURAL,TRAMO DE VIA RECTA,ALCOHOL EN CONDUCTOR,CONDUCCION EN ESTADO DE EBRIEDAD, , , ,0,H-886,7,BIDIRECCIONAL,ASFALTO,BUENO,SECO,NUBLADO,0,0,1,1,06,061,06113,Libertador General Bernardo O'Higgins,Cachapoal,Pichidegua,Ruta,H-886 km 7,-34.300365,-71.375154
-7857708.45134684,-3961903.20287823,2642,2023,1504039,2023/01/04 00:00:00+00,Enero,4,Miércoles,1899/12/30 00:00:00+00,19:00:00,19,REGION METROPOLITANA,PEÑALOLEN,COLISION FRONTAL,COLISION,URBANA,TRAMO DE VIA RECTA,IMPRUDENCIA DEL CONDUCTOR,CONDUCCION SIN MANTENER DISTANCIA RAZONABLE NI PRUDENTE,AMERICO VESPUCIO,LAS TORRES,AMERICO VESPUCIO - LAS TORRES,0, , ,UNIDIRECCIONAL,CONCRETO,BUENO,SECO,DESPEJADO,0,0,0,0,13,131,13122,Metropolitana de Santiago,Santiago,Peñalolén,Interseccion,"AMERICO VESPUCIO & LAS TORRES, Peñalolén",-33.500322,-70.586996
-7855521.02335275,-3949603.87409309,2643,2023,1507720,2023/02/04 00:00:00+00,Febrero,4,Sábado,1899/12/30 00:00:00+00,10:15:00,10,REGION METROPOLITANA,LAS CONDES,COLISION FRONTAL,COLISION,URBANA,CRUCE CON SEMAFORO FUNCIONANDO,IMPRUDENCIA DEL CONDUCTOR,CONDUCCION NO ATENTO CONDICIONES TRANSITO MOMENTO,MANQUEHUE SUR,ALONSO DE CORDOVA,ALONSO DE CORDOVA - MANQUEHUE SUR,0, , ,BIDIRECCIONAL,ASFALTO,BUENO,SECO,DESPEJADO,0,0,0,0,13,131,13114,Metropolitana de Santiago,Santiago,Las Condes,Interseccion,"ALONSO DE CORDOVA & MANQUEHUE SUR, Las Condes",-33.40814,-70.567346
-7859552.57003132,-3950368.14846521,2644,2023,1519379,2023/03/05 00:00:00+00,Marzo,5,Domingo,1899/12/30 00:00:00+00,15:10:00,15,REGION METROPOLITANA,LAS CONDES,COLISION FRONTAL,COLISION,URBANA,CRUCE CON SEMAFORO FUNCIONANDO,IMPRUDENCIA DEL CONDUCTOR,CONDUCCION NO ATENTO CONDICIONES TRANSITO MOMENTO,ANDRES BELLO,ISIDORA GOYENECHEA,ANDRES BELLO - ISIDORA GOYENECHEA,0, , ,BIDIRECCIONAL CON BANDEJON,ASFALTO,BUENO,SECO,DESPEJADO,0,0,0,1,13,131,13114,Metropolitana de Santiago,Santiago,Las Condes,Interseccion,"ANDRES BELLO & ISIDORA GOYENECHEA, Las Condes",-33.413871,-70.603562
-7832364.75459307,-2721240.13220103,2645,2023,1550519,2023/08/06 00:00:00+00,Agosto,6,Domingo,1899/12/30 00:00:00+00,12:15:00,12,REGION ANTOFAGASTA,ANTOFAGASTA,CHOQUE FRONTAL,CHOQUE,RURAL,TRAMO DE VIA RECTA,VELOCIDAD IMPRUDENTE,VELOCIDAD NO RAZONABLE NI PRUDENTE, , , ,0,RUTA 28,7,BIDIRECCIONAL,ASFALTO,BUENO,SECO,DESPEJADO,0,1,0,0,02,021,02101,Antofagasta,Antofagasta,Antofagasta,Ruta,RUTA 28 km 7,-23.735743,-70.35933
-7876682.12389957,-3961114.97964163,2646,2023,1501373,2023/01/04 00:00:00+00,Enero,4,Miércoles,1899/12/30 00:00:00+00,19:44:00,19,REGION METROPOLITANA,MAIPU,VOLCADURA,VOLCADURA,URBANA,CRUCE CON SEMAFORO FUNCIONANDO,ALCOHOL EN CONDUCTOR,CONDUCCION EN ESTADO DE EBRIEDAD,LOS PAJARITOS,LA FARFANA,LA FARFANA - LOS PAJARITOS,0, , ,BIDIRECCIONAL CON BANDEJON,ASFALTO,BUENO,SECO,DESPEJADO,0,1,0,0,13,131,13119,Metropolitana de Santiago,Santiago,Maipú,Interseccion,"LA FARFANA & LOS PAJARITOS, Maipú",-33.494417,-70.757439
-8131736.74002421,-4414140.16654831,2647,2023,1514477,2023/03/05 00:00:00+00,Marzo,5,Domingo,1899/12/30 00:00:00+00,19:00:00,19,REGION BIO BIO,CONCEPCION,COLISION PERPENDICULAR,COLISION,URBANA,CRUCE CON SEMAFORO FUNCIONANDO,IMPRUDENCIA DEL CONDUCTOR,CONDUCCION NO ATENTO CONDICIONES TRANSITO MOMENTO,TUCAPEL,LAS HERAS,LAS HERAS - TUCAPEL,0, , ,UNIDIRECCIONAL,CONCRETO,BUENO,SECO,DESPEJADO,0,0,0,1,08,081,08101,Biobío,Concepción,Concepción,Interseccion,"LAS HERAS & TUCAPEL, Concepción",-36.820672,-73.048634
-8053164.77175454,-4814275.87826131,2648,2023,1507513,2023/02/04 00:00:00+00,Febrero,4,Sábado,1899/12/30 00:00:00+00,11:30:00,11,REGION DE LOS RIOS,PANGUIPULLI,COLISION LATERAL,COLISION,URBANA,ENLACE A NIVEL,IMPRUDENCIA DEL CONDUCTOR,CONDUCCION NO ATENTO CONDICIONES TRANSITO MOMENTO,JUAN PABLO II,GABRIELA MISTRAL,GABRIELA MISTRAL - JUAN PABLO II,0, , ,BIDIRECCIONAL,ASFALTO,BUENO,SECO,DESPEJADO,0,1,0,1,14,141,14108,Los Ríos,Valdivia,Panguipulli,Interseccion,"GABRIELA MISTRAL & JUAN PABLO II, Panguipulli",-39.643533,-72.34281
-7915046.69108355,-3499538.69047,2649,2023,1564191,2023/08/07 00:00:00+00,Agosto,7,Lunes,1899/12/30 00:00:00+00,08:30:00,8,REGION COQUIMBO,LA SERENA,COLISION LATERAL,COLISION,RURAL,TRAMO DE VIA RECTA,IMPRUDENCIA DEL CONDUCTOR,CONDUCCION NO ATENTO CONDICIONES TRANSITO MOMENTO, , , ,0,41 CH,"17,5",BIDIRECCIONAL,ASFALTO,BUENO,SECO,DESPEJADO,0,0,0,2,04,041,04101,Coquimbo,Elqui,La Serena,Ruta,"41 CH km 17,5",-29.96879,-71.102074
-8054027.94308615,-4503957.983674,2650,2023,1509910,2023/02/04 00:00:00+00,Febrero,4,Sábado,1899/12/30 00:00:00+00,13:45:00,13,REGION BIO BIO,LOS ANGELES,COLISION LATERAL,COLISION,URBANA,CRUCE CON SEMAFORO APAGADO,IMPRUDENCIA DEL CONDUCTOR,CONDUCCION NO ATENTO CONDICIONES TRANSITO MOMENTO,CRISTOBAL COLON,GALVARINO,CRISTOBAL COLON - GALVARINO,0, , ,UNIDIRECCIONAL,CONCRETO,BUENO,SECO,DESPEJADO,0,1,0,0,08,083,08301,Biobío,Biobío,Los Angeles,Interseccion,"CRISTOBAL COLON & GALVARINO, Los Angeles",-37.463834,-72.350564
-7836561.97827016,-2712366.61168197,2651,2023,1518336,2023/03/05 00:00:00+00,Marzo,5,Domingo,1899/12/30 00:00:00+00,19:30:00,19,REGION ANTOFAGASTA,ANTOFAGASTA,COLISION PERPENDICULAR,COLISION,URBANA,CRUCE CON SEÑAL PARE,DESOBEDIENCIA A SEÑALIZACION,SEÑALIZACION DESOBEDECER SEÑAL PARE,ARGENTINA,ANTONINO TORO,ANTONINO TORO - ARGENTINA,0, , ,UNIDIRECCIONAL,ASFALTO,BUENO,SECO,DESPEJADO,0,0,0,1,02,021,02101,Antofagasta,Antofagasta,Antofagasta,Interseccion,"ANTONINO TORO & ARGENTINA, Antofagasta",-23.662753,-70.397034
-7875108.0217163,-4047505.84518661,2652,2023,1501720,2023/01/04 00:00:00+00,Enero,4,Miércoles,1899/12/30 00:00:00+00,19:45:00,19,REGION LIB.B.O'HIGGINS,RANCAGUA,COLISION LATERAL,COLISION,URBANA,CRUCE CON SEÑAL PARE,IMPRUDENCIA DEL CONDUCTOR,CONDUCCION CAMBIAR SORPRESIVAMENTE PISTA CIRCULACION,NELSON PEREIRA,VOLCAN VILLARRICA,NELSON PEREIRA - VOLCAN VILLARRICA,0, , ,BIDIRECCIONAL,CONCRETO,BUENO,SECO,DESPEJADO,0,0,0,2,06,061,06101,Libertador General Bernardo O'Higgins,Cachapoal,Rancagua,Interseccion,"NELSON PEREIRA & VOLCAN VILLARRICA, Rancagua",-34.13918,-70.743299
-7953825.17390114,-3887266.66848269,2653,2023,1552392,2023/08/07 00:00:00+00,Agosto,7,Lunes,1899/12/30 00:00:00+00,08:50:00,8,REGION VALPARAISO,CONCON,CHOQUE FRENTE/POSTERIOR,CHOQUE,RURAL,TRAMO DE VIA RECTA,IMPRUDENCIA DEL CONDUCTOR,CONDUCCION NO ATENTO CONDICIONES TRANSITO MOMENTO, , , ,0,F-528,1,BIDIRECCIONAL,CONCRETO,BUENO,SECO,NUBLADO,0,0,1,0,05,051,05103,Valparaíso,Valparaíso,Concón,Ruta,F-528 km 1,-32.939427,-71.450427
-8085049.83828558,-4651666.64556886,2654,2023,1553107,2023/08/07 00:00:00+00,Agosto,7,Lunes,1899/12/30 00:00:00+00,16:00:00,16,REGION ARAUCANIA,LAUTARO,COLISION LATERAL,COLISION,RURAL,TRAMO DE VIA RECTA,ALCOHOL EN CONDUCTOR,CONDUCCION BAJO LA INFLUENCIA DEL ALCOHOL, , , ,0,S-252,5,BIDIRECCIONAL,RIPIO,MALO, ,DESPEJADO,0,1,0,1,09,091,09108,La Araucanía,Cautín,Lautaro,Ruta,S-252 km 5,-38.509594,-72.629238
-7979986.56675001,-3950430.29545708,2655,2023,1508050,2023/02/04 00:00:00+00,Febrero,4,Sábado,1899/12/30 00:00:00+00,15:20:00,15,REGION VALPARAISO,EL QUISCO,CHOQUE FRONTAL,CHOQUE,URBANA,TRAMO DE VIA RECTA,VELOCIDAD IMPRUDENTE,VELOCIDAD NO RAZONABLE NI PRUDENTE,ALTAS CUMBRES,TRALCAMAHUIDA,ALTAS CUMBRES - TRALCAMAHUIDA,0, , ,UNIDIRECCIONAL,CONCRETO,BUENO,SECO,DESPEJADO,1,0,0,0,05,056,05604,Valparaíso,San Antonio,El Quisco,Interseccion,"ALTAS CUMBRES & TRALCAMAHUIDA, El Quisco",-33.414337,-71.685439
-7929981.01908305,-3516155.32705804,2656,2023,1551845,2023/08/08 00:00:00+00,Agosto,8,Martes,1899/12/30 00:00:00+00,07:40:00,7,REGION COQUIMBO,COQUIMBO,COLISION LATERAL,COLISION,RURAL,TRAMO DE VIA RECTA,IMPRUDENCIA DEL CONDUCTOR,CONDUCCION CAMBIAR SORPRESIVAMENTE PISTA CIRCULACION, , , ,0,RUTA 43,62,BIDIRECCIONAL,ASFALTO,BUENO,SECO,NUBLADO,0,0,0,1,04,041,04102,Coquimbo,Elqui,Coquimbo,Ruta,RUTA 43 km 62,-30.098018,-71.236232
-7870720.47530617,-3949252.35948504,2657,2023,1504074,2023/01/04 00:00:00+00,Enero,4,Miércoles,1899/12/30 00:00:00+00,21:20:00,21,REGION METROPOLITANA,RENCA,COLISION,COLISION,URBANA,OTROS NO CONSIDERADOS,IMPRUDENCIA DEL CONDUCTOR,CONDUCCION NO ATENTO CONDICIONES TRANSITO MOMENTO,DOMINGO SANTA MARIA,SENADOR JAIME GUZMAN,DOMINGO SANTA MARIA - SENADOR JAIME GUZMAN,0, , ,BIDIRECCIONAL,CONCRETO,BUENO,SECO,DESPEJADO,0,0,1,0,13,131,13128,Metropolitana de Santiago,Santiago,Renca,Interseccion,"DOMINGO SANTA MARIA & SENADOR JAIME GUZMAN, Renca",-33.405504,-70.703885
-7871236.66381838,-4051666.04032234,2658,2023,1507528,2023/02/04 00:00:00+00,Febrero,4,Sábado,1899/12/30 00:00:00+00,15:30:00,15,REGION LIB.B.O'HIGGINS,RANCAGUA,COLISION POR ALCANCE,COLISION,URBANA,TRAMO DE VIA RECTA,IMPRUDENCIA DEL CONDUCTOR,CONDUCCION NO ATENTO CONDICIONES TRANSITO MOMENTO,BOMBERO VILLALOBOS,LOS NOGALES,BOMBERO VILLALOBOS - LOS NOGALES,0, , ,BIDIRECCIONAL,CONCRETO,BUENO,SECO,DESPEJADO,0,1,0,0,06,061,06101,Libertador General Bernardo O'Higgins,Cachapoal,Rancagua,Interseccion,"BOMBERO VILLALOBOS & LOS NOGALES, Rancagua",-34.170106,-70.708522
-8123432.99681527,-4399245.08296073,2659,2023,1552920,2023/08/08 00:00:00+00,Agosto,8,Martes,1899/12/30 00:00:00+00,18:15:00,18,REGION BIO BIO,PENCO,CHOQUE LATERAL,CHOQUE,RURAL,TRAMO DE VIA RECTA,IMPRUDENCIA DEL CONDUCTOR,CONDUCCION NO ATENTO CONDICIONES TRANSITO MOMENTO, , , ,0,RUTA 150,12,BIDIRECCIONAL,ASFALTO,BUENO,SECO,DESPEJADO,0,0,0,1,08,081,08107,Biobío,Concepción,Penco,Ruta,RUTA 150 km 12,-36.713484,-72.97404
-7882681.97723089,-3973980.83695626,2660,2023,1514774,2023/03/05 00:00:00+00,Marzo,5,Domingo,1899/12/30 00:00:00+00,23:17:00,23,REGION METROPOLITANA,PADRE HURTADO,CHOQUE FRONTAL,CHOQUE,URBANA,TRAMO DE VIA RECTA,IMPRUDENCIA DEL CONDUCTOR,CONDUCCION NO ATENTO CONDICIONES TRANSITO MOMENTO,LOS NOGALES,CALLE UNO,CALLE UNO - LOS NOGALES,0, , ,BIDIRECCIONAL,ASFALTO,REGULAR,SECO,DESPEJADO,1,0,0,0,13,136,13604,Metropolitana de Santiago,Talagante,Padre Hurtado,Interseccion,"CALLE UNO & LOS NOGALES, Padre Hurtado",-33.590747,-70.811337
-7906629.64556104,-4125643.90205934,2661,2023,1550887,2023/08/08 00:00:00+00,Agosto,8,Martes,1899/12/30 00:00:00+00,18:30:00,18,REGION LIB.B.O'HIGGINS,CHIMBARONGO,COLISION LATERAL,COLISION,RURAL,TRAMO DE VIA RECTA,IMPRUDENCIA DEL CONDUCTOR,CONDUCCION NO ATENTO CONDICIONES TRANSITO MOMENTO, , , ,0,I-85-J,"0,5",BIDIRECCIONAL,ASFALTO,BUENO,SECO,DESPEJADO,0,1,0,0,06,063,06303,Libertador General Bernardo O'Higgins,Colchagua,Chimbarongo,Ruta,"I-85-J km 0,5",-34.718145,-71.026463
-7976728.95764357,-4220903.98557813,2662,2023,1501712,2023/01/05 00:00:00+00,Enero,5,Jueves,1899/12/30 00:00:00+00,08:00:00,8,REGION MAULE,TALCA,COLISION LATERAL,COLISION,URBANA,CRUCE CON SEÑAL CEDA EL PASO,DESOBEDIENCIA A SEÑALIZACION,SEÑALIZACION DESOBEDECER SEÑAL CEDA EL PASO,7 NORTE,7 ORIENTE,7 NORTE - 7 ORIENTE,0, , ,UNIDIRECCIONAL,CONCRETO,BUENO,SECO,DESPEJADO,0,2,0,1,07,071,07101,Maule,Talca,Talca,Interseccion,"7 NORTE & 7 ORIENTE, Talca",-35.418529,-71.656175
-7837302.25280602,-2712475.51006029,2663,2023,1514236,2023/03/06 00:00:00+00,Marzo,6,Lunes,1899/12/30 00:00:00+00,03:30:00,3,REGION ANTOFAGASTA,ANTOFAGASTA,COLISION,COLISION,URBANA,TRAMO DE VIA RECTA,OTRAS CAUSAS,HECHO DELICTUAL,GRECIA,AVELINO CONTARDO,AVELINO CONTARDO - GRECIA,0, , ,BIDIRECCIONAL,ASFALTO,BUENO,SECO,DESPEJADO,0,0,0,1,02,021,02101,Antofagasta,Antofagasta,Antofagasta,Interseccion,"AVELINO CONTARDO & GRECIA, Antofagasta",-23.663649,-70.403684
-8079269.74894302,-4684542.46404293,2664,2023,1507951,2023/02/04 00:00:00+00,Febrero,4,Sábado,1899/12/30 00:00:00+00,15:50:00,15,REGION ARAUCANIA,TEMUCO,COLISION PERPENDICULAR,COLISION,URBANA,CRUCE CON SEÑAL CEDA EL PASO,ALCOHOL EN CONDUCTOR,CONDUCCION EN ESTADO DE EBRIEDAD,ANTIFIL,MANUEL MONTT,ANTIFIL - MANUEL MONTT,0, , ,UNIDIRECCIONAL,CONCRETO,BUENO,SECO,DESPEJADO,0,1,0,0,09,091,09101,La Araucanía,Cautín,Temuco,Interseccion,"ANTIFIL & MANUEL MONTT, Temuco",-38.740319,-72.577315
-8057372.05674324,-4498135.62208618,2665,2023,1552053,2023/08/09 00:00:00+00,Agosto,9,Miércoles,1899/12/30 00:00:00+00,08:25:00,8,REGION BIO BIO,LOS ANGELES,COLISION,COLISION,RURAL,TRAMO DE VIA RECTA,IMPRUDENCIA DEL CONDUCTOR,CONDUCCION NO ATENTO CONDICIONES TRANSITO MOMENTO, , , ,0,RUTA 5 SUR,505,BIDIRECCIONAL,ASFALTO,BUENO,SECO,DESPEJADO,0,1,0,0,08,083,08301,Biobío,Biobío,Los Angeles,Ruta,RUTA 5 SUR km 505,-37.422307,-72.380605
-7852728.46260671,-3949743.22938453,2666,2023,1521857,2023/03/06 00:00:00+00,Marzo,6,Lunes,1899/12/30 00:00:00+00,07:30:00,7,REGION METROPOLITANA,LAS CONDES,CHOQUE FRENTE/POSTERIOR,CHOQUE,URBANA,CRUCE CON SEMAFORO FUNCIONANDO,IMPRUDENCIA DEL CONDUCTOR,CONDUCCION NO ATENTO CONDICIONES TRANSITO MOMENTO,PADRE HURTADO SUR,GRAL BLANCHE,GRAL BLANCHE - PADRE HURTADO SUR,0, , ,BIDIRECCIONAL,CONCRETO,BUENO,SECO,DESPEJADO,0,0,0,0,13,131,13114,Metropolitana de Santiago,Santiago,Las Condes,Interseccion,"GRAL BLANCHE & PADRE HURTADO SUR, Las Condes",-33.409185,-70.54226
-7864453.63325248,-3945802.32154855,2667,2023,1508127,2023/02/04 00:00:00+00,Febrero,4,Sábado,1899/12/30 00:00:00+00,17:55:00,17,REGION METROPOLITANA,RECOLETA,COLISION LATERAL,COLISION,URBANA,CRUCE CON SEÑAL PARE,ALCOHOL EN CONDUCTOR,CONDUCCION EN ESTADO DE EBRIEDAD,AMERICO VESPUCIO,JUAN CRISTOBAL,AMERICO VESPUCIO - JUAN CRISTOBAL,0, , ,UNIDIRECCIONAL,ASFALTO,BUENO,SECO,DESPEJADO,0,0,0,0,13,131,13127,Metropolitana de Santiago,Santiago,Recoleta,Interseccion,"AMERICO VESPUCIO & JUAN CRISTOBAL, Recoleta",-33.379628,-70.647589
-8136086.10379334,-4996128.87771129,2668,2023,1505930,2023/01/05 00:00:00+00,Enero,5,Jueves,1899/12/30 00:00:00+00,09:00:00,9,REGION LOS LAGOS,RIO NEGRO,CHOQUE,CHOQUE,URBANA,TRAMO DE VIA RECTA,IMPRUDENCIA DEL CONDUCTOR,CONDUCCION NO ATENTO CONDICIONES TRANSITO MOMENTO,PADRE ALBERTO HURTADO,FORRAHUE,FORRAHUE - PADRE ALBERTO HURTADO,0, , ,BIDIRECCIONAL,ASFALTO,BUENO,SECO,DESPEJADO,0,0,0,1,10,103,10305,Los Lagos,Osorno,Río Negro,Interseccion,"FORRAHUE & PADRE ALBERTO HURTADO, Río Negro",-40.889991,-73.087705
-7947075.56667839,-4104875.51632446,2669,2023,1550893,2023/08/09 00:00:00+00,Agosto,9,Miércoles,1899/12/30 00:00:00+00,18:25:00,18,REGION LIB.B.O'HIGGINS,PALMILLA,COLISION LATERAL,COLISION,RURAL,CRUCE CON SEÑAL PARE,DESOBEDIENCIA A SEÑALIZACION,SEÑALIZACION DESOBEDECER SEÑAL PARE, , , ,0,I-50,45,BIDIRECCIONAL,ASFALTO,REGULAR,SECO,DESPEJADO,1,0,0,0,06,063,06306,Libertador General Bernardo O'Higgins,Colchagua,Palmilla,Ruta,I-50 km 45,-34.564653,-71.389794
-7969969.25975426,-4279361.89604247,2670,2023,1515746,2023/03/06 00:00:00+00,Marzo,6,Lunes,1899/12/30 00:00:00+00,07:35:00,7,REGION MAULE,LINARES,COLISION LATERAL,COLISION,URBANA,TRAMO DE VIA RECTA,IMPRUDENCIA DEL CONDUCTOR,CONDUCCION NO ATENTO CONDICIONES TRANSITO MOMENTO,CHACABUCO,KURT MOLLER,CHACABUCO - KURT MOLLER,0, , ,UNIDIRECCIONAL,ASFALTO,BUENO,SECO,DESPEJADO,0,0,0,0,07,074,07401,Maule,Linares,Linares,Interseccion,"CHACABUCO & KURT MOLLER, Linares",-35.845345,-71.595452
-8029929.7223582,-4389025.26559131,2671,2023,1514027,2023/02/04 00:00:00+00,Febrero,4,Sábado,1899/12/30 00:00:00+00,19:15:00,19,REGION ÑUBLE,CHILLAN VIEJO,CHOQUE POSTERIOR/POSTERIOR,CHOQUE,URBANA,TRAMO DE VIA RECTA,IMPRUDENCIA DEL CONDUCTOR,CONDUCCION SIN MANTENER DISTANCIA RAZONABLE NI PRUDENTE,BAQUEDANO,MARIANO EGAÑA,BAQUEDANO - MARIANO EGAÑA,0, , ,BIDIRECCIONAL,ASFALTO,BUENO,SECO,DESPEJADO,0,0,0,1,16,161,16103,Ñuble,Diguillín,Chillán Viejo,Interseccion,"BAQUEDANO & MARIANO EGAÑA, Chillán Viejo",-36.639854,-72.134086
-7854574.80768101,-3969765.81952737,2672,2023,1502316,2023/01/05 00:00:00+00,Enero,5,Jueves,1899/12/30 00:00:00+00,15:30:00,15,REGION METROPOLITANA,LA FLORIDA,COLISION LATERAL,COLISION,URBANA,CRUCE CON SEMAFORO FUNCIONANDO,IMPRUDENCIA DEL CONDUCTOR,VIRAJES INDEBIDOS,LA FLORIDA,DIEGO PORTALES,DIEGO PORTALES - LA FLORIDA,0, , ,UNIDIRECCIONAL,ASFALTO,BUENO,SECO,DESPEJADO,0,0,1,1,13,131,13110,Metropolitana de Santiago,Santiago,La Florida,Interseccion,"DIEGO PORTALES & LA FLORIDA, La Florida",-33.5592,-70.558846
-7981004.80617682,-3947821.30116512,2673,2023,1513485,2023/02/04 00:00:00+00,Febrero,4,Sábado,1899/12/30 00:00:00+00,21:30:00,21,REGION VALPARAISO,EL QUISCO,COLISION,COLISION,URBANA,TRAMO DE VIA RECTA,IMPRUDENCIA DEL CONDUCTOR,CONDUCCION CONTRA SENTIDO DEL TRANSITO,ISIDORO DUBOURNAIS,COSTANERA,COSTANERA - ISIDORO DUBOURNAIS,0, , ,BIDIRECCIONAL,ASFALTO,BUENO,SECO,DESPEJADO,0,0,0,0,05,056,05604,Valparaíso,San Antonio,El Quisco,Interseccion,"COSTANERA & ISIDORO DUBOURNAIS, El Quisco",-33.394772,-71.694586
-8141425.42249891,-4420661.37111697,2674,2023,1552273,2023/08/10 00:00:00+00,Agosto,10,Jueves,1899/12/30 00:00:00+00,10:00:00,10,REGION BIO BIO,SAN PEDRO DE LA PAZ,COLISION,COLISION,RURAL,TRAMO DE VIA RECTA,IMPRUDENCIA DEL CONDUCTOR,CONDUCCION NO ATENTO CONDICIONES TRANSITO MOMENTO, , , ,0,RUTA 160,8,BIDIRECCIONAL,CONCRETO,REGULAR,SECO,DESPEJADO,0,1,0,1,08,081,08108,Biobío,Concepción,San Pedro de la Paz,Ruta,RUTA 160 km 8,-36.867553,-73.135669
-7869560.6375316,-3953224.32188006,2675,2023,1508196,2023/02/04 00:00:00+00,Febrero,4,Sábado,1899/12/30 00:00:00+00,23:00:00,23,REGION METROPOLITANA,QUINTA NORMAL,COLISION LATERAL,COLISION,URBANA,CRUCE CON SEÑAL PARE,DESOBEDIENCIA A SEÑALIZACION,SEÑALIZACION DESOBEDECER SEÑAL PARE,MARTINEZ DE ROZAS,CORDOVA Y FIGUEROA,CORDOVA Y FIGUEROA - MARTINEZ DE ROZAS,0, , ,UNIDIRECCIONAL,ASFALTO,REGULAR,SECO,DESPEJADO,0,0,0,0,13,131,13126,Metropolitana de Santiago,Santiago,Quinta Normal,Interseccion,"CORDOVA Y FIGUEROA & MARTINEZ DE ROZAS, Quinta Normal",-33.435285,-70.693466
-7875759.12941795,-3964012.22187012,2676,2023,1501935,2023/01/05 00:00:00+00,Enero,5,Jueves,1899/12/30 00:00:00+00,17:00:00,17,REGION METROPOLITANA,MAIPU,COLISION LATERAL,COLISION,URBANA,TRAMO DE VIA RECTA,IMPRUDENCIA DEL CONDUCTOR,ADELANTAMIENTO SIN EL ESPACIO O TIEMPO SUFICIENTE,CAPRI,4 ALAMOS,4 ALAMOS - CAPRI,0, , ,UNIDIRECCIONAL,ASFALTO,BUENO,SECO,DESPEJADO,0,0,0,1,13,131,13119,Metropolitana de Santiago,Santiago,Maipú,Interseccion,"4 ALAMOS & CAPRI, Maipú",-33.516119,-70.749148
-7940266.50342617,-3502643.869613,2677,2023,1515162,2023/03/06 00:00:00+00,Marzo,6,Lunes,1899/12/30 00:00:00+00,08:15:00,8,REGION COQUIMBO,COQUIMBO,COLISION LATERAL,COLISION,URBANA,CRUCE SIN SEÑALIZACION,IMPRUDENCIA DEL CONDUCTOR,CONDUCCION NO ATENTO CONDICIONES TRANSITO MOMENTO,LOS CLARINES,GLORIAS NAVALES,GLORIAS NAVALES - LOS CLARINES,0, , ,BIDIRECCIONAL,CONCRETO,BUENO,SECO,DESPEJADO,0,0,0,1,04,041,04102,Coquimbo,Elqui,Coquimbo,Interseccion,"GLORIAS NAVALES & LOS CLARINES, Coquimbo",-29.992952,-71.328628
-8150191.5078469,-4843178.27489679,2678,2023,1502068,2023/01/05 00:00:00+00,Enero,5,Jueves,1899/12/30 00:00:00+00,17:10:00,17,REGION DE LOS RIOS,VALDIVIA,COLISION LATERAL,COLISION,URBANA,CRUCE CON SEÑAL PARE,DESOBEDIENCIA A SEÑALIZACION,SEÑALIZACION DESOBEDECER SEÑAL PARE,PABLO NERUDA,FRANCISCO ENCINA,FRANCISCO ENCINA - PABLO NERUDA,0, , ,BIDIRECCIONAL,CONCRETO,BUENO,SECO,DESPEJADO,0,0,0,1,14,141,14101,Los Ríos,Valdivia,Valdivia,Interseccion,"FRANCISCO ENCINA & PABLO NERUDA, Valdivia",-39.84317,-73.214416
-7949974.49809593,-4267487.15605199,2679,2023,1515734,2023/03/06 00:00:00+00,Marzo,6,Lunes,1899/12/30 00:00:00+00,08:20:00,8,REGION MAULE,LINARES,COLISION LATERAL,COLISION,URBANA,CRUCE CON SEÑAL CEDA EL PASO,DESOBEDIENCIA A SEÑALIZACION,SEÑALIZACION DESOBEDECER SEÑAL CEDA EL PASO,CORONEL DE ARTILLERIA,PANIMAVIDA,CORONEL DE ARTILLERIA - PANIMAVIDA,0, , ,BIDIRECCIONAL,ASFALTO,BUENO,SECO,DESPEJADO,0,0,0,1,07,074,07401,Maule,Linares,Linares,Interseccion,"CORONEL DE ARTILLERIA & PANIMAVIDA, Linares",-35.758829,-71.415836