X,Y,FID,Año,IdAccident,Fecha,Mes,Dia_mes,Dia_semana,Hora,Hora_texto,Hora_aprox,Región,Comuna,Tipo_Accid,Tipo__CONA,Zona,Ubicación,Causa__CON,Causa_Acci,Calle_Uno,Calle_Dos,Intersecci,Número,Ruta,Ubicaci_1,Calzada,Tipo_Calza,Estado_Cal,Condición,Estado_Atm,Fallecidos,Graves,Menos_Grav,Leves,CUT_REG,CUT_PROV,CUT_COM,REGION,PROVINCIA,COMUNA1,Tipo_direc,Direccion,Lat,Lon
-7828179.18637836,-3170708.33983285,2680,2023,1502281,2023/01/05 00:00:00+00,Enero,5,Jueves,1899/12/30 00:00:00+00,17:15:00,17,REGION ATACAMA,COPIAPO,COLISION LATERAL,COLISION,URBANA,CRUCE CON SEÑAL PARE,DESOBEDIENCIA A SEÑALIZACION,SEÑALIZACION DESOBEDECER SEÑAL PARE,COPAYAPU,LOS ESTUDIANTES,COPAYAPU - LOS ESTUDIANTES,0, , ,UNIDIRECCIONAL,ASFALTO,BUENO,SECO,DESPEJADO,0,1,0,0,03,031,03101,Atacama,Copiapó,Copiapó,Interseccion,"COPAYAPU & LOS ESTUDIANTES, Copiapó",-27.377446,-70.32173
-7871410.61903517,-4023845.70419954,2681,2023,1558074,2023/08/10 00:00:00+00,Agosto,10,Jueves,1899/12/30 00:00:00+00,18:50:00,18,REGION LIB.B.O'HIGGINS,MOSTAZAL,COLISION,COLISION,RURAL,CRUCE CON SEÑAL CEDA EL PASO,IMPRUDENCIA DEL CONDUCTOR,CONDUCCION NO ATENTO CONDICIONES TRANSITO MOMENTO, , , ,0,RUTA 5 SUR,61,UNIDIRECCIONAL,ASFALTO,BUENO,SECO,DESPEJADO,0,1,0,0,06,061,06110,Libertador General Bernardo O'Higgins,Cachapoal,Mostazal,Ruta,RUTA 5 SUR km 61,-33.96308,-70.710085
-7861997.81396609,-3952568.43604924,2682,2023,1515089,2023/03/06 00:00:00+00,Marzo,6,Lunes,1899/12/30 00:00:00+00,08:20:00,8,REGION METROPOLITANA,PROVIDENCIA,VOLCADURA,VOLCADURA,URBANA,TRAMO DE VIA RECTA,VELOCIDAD IMPRUDENTE,VELOCIDAD NO RAZONABLE NI PRUDENTE,STA MARIA,PASO HONDO,PASO HONDO - STA MARIA,0, , ,UNIDIRECCIONAL,ASFALTO,REGULAR,MOJADO,DESPEJADO,0,0,0,1,13,131,13123,Metropolitana de Santiago,Santiago,Providencia,Interseccion,"PASO HONDO & STA MARIA, Providencia",-33.430368,-70.625528
-7855224.02295131,-3949467.72092506,2683,2023,1508423,2023/01/05 00:00:00+00,Enero,5,Jueves,1899/12/30 00:00:00+00,18:15:00,18,REGION METROPOLITANA,LAS CONDES,COLISION,COLISION,URBANA,TRAMO DE VIA RECTA,IMPRUDENCIA DEL CONDUCTOR,CONDUCCION NO ATENTO CONDICIONES TRANSITO MOMENTO,NORUEGA,CARLOS XII,CARLOS XII - NORUEGA,0, , ,BIDIRECCIONAL,CONCRETO,BUENO,SECO,DESPEJADO,0,0,0,0,13,131,13114,Metropolitana de Santiago,Santiago,Las Condes,Interseccion,"CARLOS XII & NORUEGA, Las Condes",-33.407119,-70.564678
-7977053.18687038,-4220701.86280744,2684,2023,1508235,2023/02/05 00:00:00+00,Febrero,5,Domingo,1899/12/30 00:00:00+00,00:45:00,0,REGION MAULE,TALCA,COLISION POR ALCANCE,COLISION,URBANA,CRUCE CON SEÑAL CEDA EL PASO,DESOBEDIENCIA A SEÑALIZACION,SEÑALIZACION DESOBEDECER SEÑAL CEDA EL PASO,5 ORIENTE,8 NORTE,5 ORIENTE - 8 NORTE,0, , ,UNIDIRECCIONAL,CONCRETO,BUENO,SECO,DESPEJADO,0,0,0,2,07,071,07101,Maule,Talca,Talca,Interseccion,"5 ORIENTE & 8 NORTE, Talca",-35.417049,-71.659088
-7872877.1791208,-3963204.05508589,2685,2023,1501998,2023/01/05 00:00:00+00,Enero,5,Jueves,1899/12/30 00:00:00+00,18:50:00,18,REGION METROPOLITANA,CERRILLOS,CHOQUE FRENTE/POSTERIOR,CHOQUE,URBANA,CRUCE CON SEÑAL CEDA EL PASO,IMPRUDENCIA DEL CONDUCTOR,CONDUCCION NO ATENTO CONDICIONES TRANSITO MOMENTO,AMERICO VESPUCIO,CAMINO A MELIPILLA,AMERICO VESPUCIO - CAMINO A MELIPILLA,0, , ,BIDIRECCIONAL,ASFALTO,BUENO,SECO,DESPEJADO,0,0,0,0,13,131,13102,Metropolitana de Santiago,Santiago,Cerrillos,Interseccion,"AMERICO VESPUCIO & CAMINO A MELIPILLA, Cerrillos",-33.510066,-70.723259
-7922594.49576846,-4172526.96080537,2686,2023,1553949,2023/08/11 00:00:00+00,Agosto,11,Viernes,1899/12/30 00:00:00+00,10:50:00,10,REGION MAULE,CURICO,COLISION LATERAL,COLISION,RURAL,TRAMO DE VIA RECTA,IMPRUDENCIA DEL CONDUCTOR,ADELANTAMIENTO SOBREPASANDO LINEA CONTINUA, , , ,0,J-65,"10,1",BIDIRECCIONAL,ASFALTO,BUENO,SECO,DESPEJADO,0,1,0,0,07,073,07301,Maule,Curicó,Curicó,Ruta,"J-65 km 10,1",-35.063596,-71.169877
-7969721.01728979,-4278226.37644263,2687,2023,1508179,2023/02/05 00:00:00+00,Febrero,5,Domingo,1899/12/30 00:00:00+00,10:00:00,10,REGION MAULE,LINARES,CHOQUE POSTERIOR/FRENTE,CHOQUE,URBANA,TRAMO DE VIA RECTA,IMPRUDENCIA DEL CONDUCTOR,CONDUCIR VEHICULO EN RETROCESO,MANUEL RODRIGUEZ,RENE SCHNEIDER,MANUEL RODRIGUEZ - RENE SCHNEIDER,0, , ,BIDIRECCIONAL,CONCRETO,BUENO,SECO,DESPEJADO,0,0,0,0,07,074,07401,Maule,Linares,Linares,Interseccion,"MANUEL RODRIGUEZ & RENE SCHNEIDER, Linares",-35.837076,-71.593222
-8082544.2117647,-4684991.18271855,2688,2023,1501815,2023/01/05 00:00:00+00,Enero,5,Jueves,1899/12/30 00:00:00+00,19:15:00,19,REGION ARAUCANIA,TEMUCO,COLISION PERPENDICULAR,COLISION,URBANA,TRAMO DE VIA RECTA,IMPRUDENCIA DEL CONDUCTOR,CONDUCCION NO ATENTO CONDICIONES TRANSITO MOMENTO,CAUPOLICAN,IMPERIAL,CAUPOLICAN - IMPERIAL,0, , ,BIDIRECCIONAL CON BANDEJON,CONCRETO,BUENO,SECO,DESPEJADO,0,1,0,0,09,091,09101,La Araucanía,Cautín,Temuco,Interseccion,"CAUPOLICAN & IMPERIAL, Temuco",-38.743463,-72.60673
-7859131.33707816,-3960946.61457525,2689,2023,1515954,2023/03/06 00:00:00+00,Marzo,6,Lunes,1899/12/30 00:00:00+00,08:20:00,8,REGION METROPOLITANA,MACUL,COLISION POR ALCANCE,COLISION,URBANA,CRUCE CON SEMAFORO FUNCIONANDO,IMPRUDENCIA DEL CONDUCTOR,ADELANTAMIENTO SIN EL ESPACIO O TIEMPO SUFICIENTE,VICTOR DOMINGO SILVA,MACUL,MACUL - VICTOR DOMINGO SILVA,0, , ,BIDIRECCIONAL,CONCRETO,BUENO,SECO,DESPEJADO,0,0,0,1,13,131,13118,Metropolitana de Santiago,Santiago,Macul,Interseccion,"MACUL & VICTOR DOMINGO SILVA, Macul",-33.493156,-70.599778
-8073857.06134218,-4520980.71181308,2690,2023,1505159,2023/01/05 00:00:00+00,Enero,5,Jueves,1899/12/30 00:00:00+00,19:30:00,19,REGION BIO BIO,NEGRETE,COLISION,COLISION,URBANA,CRUCE SIN SEÑALIZACION,IMPRUDENCIA DEL CONDUCTOR,CONDUCCION NO ATENTO CONDICIONES TRANSITO MOMENTO,IGNACIO CARRERA PINTO,ALBERTO MOLLER,ALBERTO MOLLER - IGNACIO CARRERA PINTO,0, , ,UNIDIRECCIONAL,CONCRETO,BUENO,SECO,DESPEJADO,0,0,0,1,08,083,08307,Biobío,Biobío,Negrete,Interseccion,"ALBERTO MOLLER & IGNACIO CARRERA PINTO, Negrete",-37.585112,-72.528692
-8076149.07499974,-4771075.26998487,2691,2023,1553586,2023/08/11 00:00:00+00,Agosto,11,Viernes,1899/12/30 00:00:00+00,16:30:00,16,REGION ARAUCANIA,LONCOCHE,COLISION POR ALCANCE,COLISION,RURAL,TRAMO DE VIA RECTA,IMPRUDENCIA DEL CONDUCTOR,CONDUCCION NO ATENTO CONDICIONES TRANSITO MOMENTO, , , ,0,S-91,2,BIDIRECCIONAL,ASFALTO,BUENO,SECO,NUBLADO,0,0,0,0,09,091,09109,La Araucanía,Cautín,Loncoche,Ruta,S-91 km 2,-39.344057,-72.549282
-7861673.87424788,-3965818.7518362,2692,2023,1516318,2023/03/06 00:00:00+00,Marzo,6,Lunes,1899/12/30 00:00:00+00,09:05:00,9,REGION METROPOLITANA,LA GRANJA,COLISION LATERAL,COLISION,URBANA,CRUCE CON SEMAFORO FUNCIONANDO,IMPRUDENCIA DEL CONDUCTOR,CONDUCCION NO ATENTO CONDICIONES TRANSITO MOMENTO,LA SERENA,COMBARBALA,COMBARBALA - LA SERENA,0, , ,BIDIRECCIONAL,ASFALTO,BUENO,SECO,DESPEJADO,0,1,0,0,13,131,13111,Metropolitana de Santiago,Santiago,La Granja,Interseccion,"COMBARBALA & LA SERENA, La Granja",-33.529648,-70.622618
-8055207.26177161,-4503838.49370068,2693,2023,1509946,2023/02/05 00:00:00+00,Febrero,5,Domingo,1899/12/30 00:00:00+00,13:07:00,13,REGION BIO BIO,LOS ANGELES,COLISION LATERAL,COLISION,URBANA,TRAMO DE VIA RECTA,IMPRUDENCIA DEL CONDUCTOR,ADELANTAMIENTO SIN EL ESPACIO O TIEMPO SUFICIENTE,BOMBERO FRANCISCO RIOSECO,LOS ANGELES,BOMBERO FRANCISCO RIOSECO - LOS ANGELES,0, , ,BIDIRECCIONAL,CONCRETO,BUENO,SECO,DESPEJADO,0,2,0,0,08,083,08301,Biobío,Biobío,Los Angeles,Interseccion,"BOMBERO FRANCISCO RIOSECO & LOS ANGELES, Los Angeles",-37.462982,-72.361158
-7856255.06407504,-3966628.57069424,2694,2023,1502335,2023/01/05 00:00:00+00,Enero,5,Jueves,1899/12/30 00:00:00+00,19:30:00,19,REGION METROPOLITANA,LA FLORIDA,COLISION LATERAL,COLISION,URBANA,CRUCE CON SEÑAL CEDA EL PASO,IMPRUDENCIA DEL CONDUCTOR,CONDUCCION NO ATENTO CONDICIONES TRANSITO MOMENTO,PARAGUAY,ROJAS MAGALLANES,PARAGUAY - ROJAS MAGALLANES,0, , ,UNIDIRECCIONAL,ASFALTO,BUENO,SECO,DESPEJADO,0,0,0,1,13,131,13110,Metropolitana de Santiago,Santiago,La Florida,Interseccion,"PARAGUAY & ROJAS MAGALLANES, La Florida",-33.535712,-70.57394
-8121917.44734832,-4394561.9597138,2695,2023,1551499,2023/08/11 00:00:00+00,Agosto,11,Viernes,1899/12/30 00:00:00+00,21:45:00,21,REGION BIO BIO,TOME,VOLCADURA,VOLCADURA,RURAL,TRAMO DE VIA RECTA,DROGAS Y/O FATIGA EN CONDUCTOR,"CONDICIONES FISICAS DEFICIENTES (CANSANCIO, SUEÑO)", , , ,0,RUTA 150,17,BIDIRECCIONAL CON BANDEJON,CONCRETO,BUENO,SECO,DESPEJADO,0,0,0,0,08,081,08111,Biobío,Concepción,Tomé,Ruta,RUTA 150 km 17,-36.679753,-72.960426
-7872942.11177978,-3862062.46470627,2696,2023,1516202,2023/03/06 00:00:00+00,Marzo,6,Lunes,1899/12/30 00:00:00+00,09:30:00,9,REGION VALPARAISO,SAN FELIPE,COLISION,COLISION,URBANA,CRUCE CON SEMAFORO FUNCIONANDO,DESOBEDIENCIA A SEÑALIZACION,SEÑALIZACION DESOBEDECER LUZ ROJA DE SEMAFORO,SANTO DOMINGO,COMBATE LAS COIMAS,COMBATE LAS COIMAS - SANTO DOMINGO,0, , ,UNIDIRECCIONAL,CONCRETO,BUENO,SECO,DESPEJADO,0,0,0,2,05,057,05701,Valparaíso,San Felipe de Aconcagua,San Felipe,Interseccion,"COMBATE LAS COIMAS & SANTO DOMINGO, San Felipe",-32.749207,-70.723842
-7855074.87709755,-3958337.22368793,2697,2023,1508366,2023/02/05 00:00:00+00,Febrero,5,Domingo,1899/12/30 00:00:00+00,13:40:00,13,REGION METROPOLITANA,PEÑALOLEN,COLISION FRONTAL,COLISION,URBANA,CRUCE CON SEÑAL CEDA EL PASO,DESOBEDIENCIA A SEÑALIZACION,SEÑALIZACION DESOBEDECER SEÑAL CEDA EL PASO,ALTIPLANO,LLANURA,ALTIPLANO - LLANURA,0, , ,BIDIRECCIONAL,CONCRETO,BUENO,SECO,DESPEJADO,0,0,0,0,13,131,13122,Metropolitana de Santiago,Santiago,Peñalolén,Interseccion,"ALTIPLANO & LLANURA, Peñalolén",-33.473605,-70.563338
-7860998.67405845,-3947057.08751273,2698,2023,1502699,2023/01/05 00:00:00+00,Enero,5,Jueves,1899/12/30 00:00:00+00,19:30:00,19,REGION METROPOLITANA,HUECHURABA,COLISION,COLISION,URBANA,CRUCE CON SEÑAL PARE,IMPRUDENCIA DEL CONDUCTOR,CONDUCCION NO ATENTO CONDICIONES TRANSITO MOMENTO,DEL PARQUE,DEL CONDOR,DEL CONDOR - DEL PARQUE,0, , ,BIDIRECCIONAL CON BANDEJON,ASFALTO,BUENO,SECO,DESPEJADO,0,1,0,0,13,131,13107,Metropolitana de Santiago,Santiago,Huechuraba,Interseccion,"DEL CONDOR & DEL PARQUE, Huechuraba",-33.38904,-70.616553
-7912697.20438628,-4147342.88747621,2699,2023,1552030,2023/08/11 00:00:00+00,Agosto,11,Viernes,1899/12/30 00:00:00+00,22:15:00,22,REGION MAULE,TENO,COLISION,COLISION,RURAL,TRAMO DE VIA RECTA,IMPRUDENCIA DEL CONDUCTOR,NO RESPETAR DERECHO PREFERENTE DE PASO A VEHICULO, , , ,0,J-25,"4,5",BIDIRECCIONAL,ASFALTO,BUENO,SECO,DESPEJADO,0,1,0,0,07,073,07308,Maule,Curicó,Teno,Ruta,"J-25 km 4,5",-34.878212,-71.080968
-8138562.73990243,-4409413.73861755,2700,2023,1508252,2023/02/05 00:00:00+00,Febrero,5,Domingo,1899/12/30 00:00:00+00,13:44:00,13,REGION BIO BIO,HUALPEN,VOLCADURA,VOLCADURA,URBANA,CRUCE CON SEÑAL PARE,IMPRUDENCIA DEL CONDUCTOR,"ADELANTAMIENTO EN CRUCE, CURVA, CUESTA, PUENTE",GRAN BRETAÑA,DOS,DOS - GRAN BRETAÑA,0, , ,BIDIRECCIONAL,CONCRETO,BUENO,SECO,DESPEJADO,0,0,0,1,08,081,08112,Biobío,Concepción,Hualpén,Interseccion,"DOS & GRAN BRETAÑA, Hualpén",-36.786676,-73.109953
-7856908.06420804,-3976065.19909329,2701,2023,1516142,2023/03/06 00:00:00+00,Marzo,6,Lunes,1899/12/30 00:00:00+00,10:00:00,10,REGION METROPOLITANA,PUENTE ALTO,COLISION POR ALCANCE,COLISION,URBANA,CRUCE CON SEÑAL CEDA EL PASO,IMPRUDENCIA DEL CONDUCTOR,CONDUCCION SIN MANTENER DISTANCIA RAZONABLE NI PRUDENTE,TOCORNAL GREZ,ERNESTO ALVEAR,ERNESTO ALVEAR - TOCORNAL GREZ,0, , ,BIDIRECCIONAL,ASFALTO,REGULAR,SECO,DESPEJADO,0,0,0,1,13,132,13201,Metropolitana de Santiago,Cordillera,Puente Alto,Interseccion,"ERNESTO ALVEAR & TOCORNAL GREZ, Puente Alto",-33.606343,-70.579806
-8138852.45508885,-4416554.07457989,2702,2023,1503421,2023/01/05 00:00:00+00,Enero,5,Jueves,1899/12/30 00:00:00+00,20:30:00,20,REGION BIO BIO,SAN PEDRO DE LA PAZ,COLISION PERPENDICULAR,COLISION,URBANA,CRUCE SIN SEÑALIZACION,IMPRUDENCIA DEL CONDUCTOR,NO RESPETAR DERECHO PREFERENTE DE PASO A VEHICULO,PEDRO AGUIRRE CERDA,LOS BATROS,LOS BATROS - PEDRO AGUIRRE CERDA,0, , ,BIDIRECCIONAL CON BANDEJON,CONCRETO,BUENO,SECO,DESPEJADO,0,0,0,0,08,081,08108,Biobío,Concepción,San Pedro de la Paz,Interseccion,"LOS BATROS & PEDRO AGUIRRE CERDA, San Pedro de la Paz",-36.838029,-73.112556
-7812426.2089659,-2098384.51808979,2703,2023,1551521,2023/08/13 00:00:00+00,Agosto,13,Domingo,1899/12/30 00:00:00+00,13:40:00,13,REGION ARICA Y PARINACOTA,ARICA,COLISION LATERAL,COLISION,RURAL,TRAMO DE VIA RECTA,IMPRUDENCIA DEL CONDUCTOR,ADELANTAMIENTO SIN EL ESPACIO O TIEMPO SUFICIENTE, , , ,0,A-27,12,BIDIRECCIONAL,ASFALTO,BUENO,SECO,DESPEJADO,0,0,0,1,15,151,15101,Arica y Parinacota,Arica,Arica,Ruta,A-27 km 12,-18.518979,-70.180219
-7929590.22957272,-3877156.78363364,2704,2023,1507739,2023/02/05 00:00:00+00,Febrero,5,Domingo,1899/12/30 00:00:00+00,15:05:00,15,REGION VALPARAISO,QUILLOTA,COLISION,COLISION,URBANA,CRUCE CON SEÑAL PARE,DESOBEDIENCIA A SEÑALIZACION,SEÑALIZACION DESOBEDECER SEÑAL PARE,MONCKEBERG,PICASSO,MONCKEBERG - PICASSO,0, , ,UNIDIRECCIONAL,ASFALTO,BUENO,SECO,DESPEJADO,0,1,0,0,05,055,05501,Valparaíso,Quillota,Quillota,Interseccion,"MONCKEBERG & PICASSO, Quillota",-32.863175,-71.232721
-8053069.47851895,-4372925.14643466,2705,2023,1553052,2023/08/13 00:00:00+00,Agosto,13,Domingo,1899/12/30 00:00:00+00,16:20:00,16,REGION ÑUBLE,SAN NICOLAS,VOLCADURA,VOLCADURA,RURAL,TRAMO DE VIA RECTA,VELOCIDAD IMPRUDENTE,VELOCIDAD NO RAZONABLE NI PRUDENTE, , , ,0,"N-60-O, N-68",20,BIDIRECCIONAL,ASFALTO,BUENO,SECO,DESPEJADO,0,1,0,0,16,163,16305,Ñuble,Punilla,San Nicolás,Ruta,"N-60-O, N-68 km 20",-36.523715,-72.341954
-8129831.50693928,-4426161.02974811,2706,2023,1514455,2023/03/06 00:00:00+00,Marzo,6,Lunes,1899/12/30 00:00:00+00,10:10:00,10,REGION BIO BIO,CHIGUAYANTE,COLISION LATERAL,COLISION,URBANA,TRAMO DE VIA RECTA,IMPRUDENCIA DEL CONDUCTOR,ADELANTAMIENTO SIN EL ESPACIO O TIEMPO SUFICIENTE,8 ORIENTE,COSTANERA,8 ORIENTE - COSTANERA,0, , ,BIDIRECCIONAL CON BANDEJON,CONCRETO,BUENO,SECO,DESPEJADO,0,0,0,1,08,081,08103,Biobío,Concepción,Chiguayante,Interseccion,"8 ORIENTE & COSTANERA, Chiguayante",-36.907067,-73.031519
-8129015.89334242,-4409797.26609207,2707,2023,1551905,2023/08/14 00:00:00+00,Agosto,14,Lunes,1899/12/30 00:00:00+00,23:30:00,23,REGION BIO BIO,CONCEPCION,COLISION LATERAL,COLISION,RURAL,TRAMO DE VIA RECTA,IMPRUDENCIA DEL CONDUCTOR,CONDUCCION NO ATENTO CONDICIONES TRANSITO MOMENTO, , , ,0,RUTA 150,"2,5",UNIDIRECCIONAL,CONCRETO,BUENO,SECO,DESPEJADO,0,0,0,1,08,081,08101,Biobío,Concepción,Concepción,Ruta,"RUTA 150 km 2,5",-36.789435,-73.024192
-8119309.6999556,-5078410.21775643,2708,2023,1503242,2023/01/05 00:00:00+00,Enero,5,Jueves,1899/12/30 00:00:00+00,22:00:00,22,REGION LOS LAGOS,PUERTO MONTT,COLISION LATERAL,COLISION,URBANA,CRUCE CON SEÑAL CEDA EL PASO,IMPRUDENCIA DEL CONDUCTOR,CONDUCCION NO ATENTO CONDICIONES TRANSITO MOMENTO,AUSTRAL,PUERTO DE VALENCIA,AUSTRAL - PUERTO DE VALENCIA,0, , ,BIDIRECCIONAL CON BANDEJON,CONCRETO,BUENO,SECO,DESPEJADO,0,0,0,1,10,101,10101,Los Lagos,Llanquihue,Puerto Montt,Interseccion,"AUSTRAL & PUERTO DE VALENCIA, Puerto Montt",-41.4464,-72.937
-8081518.62529602,-4684411.87691829,2709,2023,1514313,2023/03/06 00:00:00+00,Marzo,6,Lunes,1899/12/30 00:00:00+00,13:50:00,13,REGION ARAUCANIA,TEMUCO,COLISION PERPENDICULAR,COLISION,URBANA,CRUCE CON SEÑAL CEDA EL PASO,DESOBEDIENCIA A SEÑALIZACION,SEÑALIZACION DESOBEDECER SEÑAL CEDA EL PASO,ANTONIO VARAS,GENERAL CARRERA,ANTONIO VARAS - GENERAL CARRERA,0, , ,UNIDIRECCIONAL,CONCRETO,BUENO,SECO,DESPEJADO,0,0,0,1,09,091,09101,La Araucanía,Cautín,Temuco,Interseccion,"ANTONIO VARAS & GENERAL CARRERA, Temuco",-38.739404,-72.597517
-7937818.38014598,-3863754.79246401,2710,2023,1556025,2023/08/15 00:00:00+00,Agosto,15,Martes,1899/12/30 00:00:00+00,10:40:00,10,REGION VALPARAISO,PUCHUNCAVI,COLISION,COLISION,RURAL,TRAMO DE VIA RECTA,VELOCIDAD IMPRUDENTE,VELOCIDAD NO RAZONABLE NI PRUDENTE, , , ,0,F-20,"12,5",BIDIRECCIONAL,ASFALTO,BUENO,MOJADO,DESPEJADO,0,0,0,1,05,051,05105,Valparaíso,Valparaíso,Puchuncaví,Ruta,"F-20 km 12,5",-32.761992,-71.306636
-7965063.09811156,-3898159.0990098,2711,2023,1510759,2023/02/05 00:00:00+00,Febrero,5,Domingo,1899/12/30 00:00:00+00,15:45:00,15,REGION VALPARAISO,VIÑA DEL MAR,COLISION POR ALCANCE,COLISION,URBANA,TRAMO DE VIA RECTA,IMPRUDENCIA DEL CONDUCTOR,VIRAJES INDEBIDOS,2 NORTE,LIBERTAD,2 NORTE - LIBERTAD,0, , ,UNIDIRECCIONAL,CONCRETO,BUENO,SECO,DESPEJADO,0,0,1,0,05,051,05109,Valparaíso,Valparaíso,Viña del Mar,Interseccion,"2 NORTE & LIBERTAD, Viña del Mar",-33.021508,-71.551379
-8064517.38800218,-4211804.13371502,2712,2023,1552888,2023/08/16 00:00:00+00,Agosto,16,Miércoles,1899/12/30 00:00:00+00,16:30:00,16,REGION MAULE,CONSTITUCION,VOLCADURA,VOLCADURA,RURAL,TRAMO DE VIA RECTA,VELOCIDAD IMPRUDENTE,VELOCIDAD NO RAZONABLE NI PRUDENTE, , , ,0,M-304,5,UNIDIRECCIONAL,ASFALTO,BUENO,MOJADO,NUBLADO,0,0,0,1,07,071,07102,Maule,Talca,Constitución,Ruta,M-304 km 5,-35.351884,-72.444792
-7932433.49632455,-3494209.19010818,2713,2023,1502449,2023/01/06 00:00:00+00,Enero,6,Viernes,1899/12/30 00:00:00+00,05:10:00,5,REGION COQUIMBO,LA SERENA,COLISION POR ALCANCE,COLISION,URBANA,TRAMO DE VIA RECTA,ALCOHOL EN CONDUCTOR,CONDUCCION EN ESTADO DE EBRIEDAD,LIBERTADOR BERNARDO O'HIGGINS,ARTURO PRAT,ARTURO PRAT - LIBERTADOR BERNARDO O'HIGGINS,0, , ,UNIDIRECCIONAL,CONCRETO,BUENO,SECO,DESPEJADO,0,0,0,1,04,041,04101,Coquimbo,Elqui,La Serena,Interseccion,"ARTURO PRAT & LIBERTADOR BERNARDO O'HIGGINS, La Serena",-29.927307,-71.258263
-7855417.05094835,-3949662.54980094,2714,2023,1511988,2023/02/05 00:00:00+00,Febrero,5,Domingo,1899/12/30 00:00:00+00,17:20:00,17,REGION METROPOLITANA,LAS CONDES,COLISION,COLISION,URBANA,CRUCE CON SEMAFORO FUNCIONANDO,IMPRUDENCIA DEL CONDUCTOR,CONDUCCION NO ATENTO CONDICIONES TRANSITO MOMENTO,CUARTO CENTENARIO,APOQUINDO,APOQUINDO - CUARTO CENTENARIO,0, , ,BIDIRECCIONAL CON BANDEJON,CONCRETO,BUENO,SECO,DESPEJADO,0,0,2,0,13,131,13114,Metropolitana de Santiago,Santiago,Las Condes,Interseccion,"APOQUINDO & CUARTO CENTENARIO, Las Condes",-33.40858,-70.566412
-7876400.9640279,-3962597.00525816,2715,2023,1515137,2023/03/06 00:00:00+00,Marzo,6,Lunes,1899/12/30 00:00:00+00,14:00:00,14,REGION METROPOLITANA,MAIPU,CHOQUE POSTERIOR/FRENTE,CHOQUE,URBANA,TRAMO DE VIA RECTA,IMPRUDENCIA DEL CONDUCTOR,CONDUCCION SIN MANTENER DISTANCIA RAZONABLE NI PRUDENTE,TRISTAN VALDES,BAILEN,BAILEN - TRISTAN VALDES,0, , ,UNIDIRECCIONAL,ASFALTO,BUENO,SECO,DESPEJADO,0,0,0,0,13,131,13119,Metropolitana de Santiago,Santiago,Maipú,Interseccion,"BAILEN & TRISTAN VALDES, Maipú",-33.505519,-70.754914
-7899692.52407356,-4102042.39503837,2716,2023,1551729,2023/08/16 00:00:00+00,Agosto,16,Miércoles,1899/12/30 00:00:00+00,18:20:00,18,REGION LIB.B.O'HIGGINS,SAN FERNANDO,COLISION FRONTAL,COLISION,RURAL,TRAMO DE VIA RECTA,IMPRUDENCIA DEL CONDUCTOR,CONDUCCION NO ATENTO CONDICIONES TRANSITO MOMENTO, , , ,0,I-90-H,1,BIDIRECCIONAL,ASFALTO,BUENO,SECO,DESPEJADO,0,0,1,0,06,063,06301,Libertador General Bernardo O'Higgins,Colchagua,San Fernando,Ruta,I-90-H km 1,-34.543693,-70.964145
-7971451.32288236,-3972501.05650844,2717,2023,1515088,2023/02/06 00:00:00+00,Febrero,6,Lunes,1899/12/30 00:00:00+00,01:15:00,1,REGION VALPARAISO,SAN ANTONIO,COLISION LATERAL,COLISION,URBANA,CRUCE CON SEMAFORO FUNCIONANDO,ALCOHOL EN CONDUCTOR,CONDUCCION BAJO LA INFLUENCIA DEL ALCOHOL,CENTENARIO,LAURO BARROS,CENTENARIO - LAURO BARROS,0, , ,UNIDIRECCIONAL,CONCRETO,REGULAR,SECO,DESPEJADO,0,1,0,0,05,056,05601,Valparaíso,San Antonio,San Antonio,Interseccion,"CENTENARIO & LAURO BARROS, San Antonio",-33.579673,-71.608766
-7853125.87318884,-3940635.98457401,2718,2023,1514185,2023/03/06 00:00:00+00,Marzo,6,Lunes,1899/12/30 00:00:00+00,16:00:00,16,REGION METROPOLITANA,LO BARNECHEA,CHOQUE POSTERIOR/POSTERIOR,CHOQUE,URBANA,TRAMO DE VIA RECTA,FALLAS MECANICAS,FALLAS MECANICAS FRENOS,CAMINO LOS TRAPENSES,DEL PARQUE,CAMINO LOS TRAPENSES - DEL PARQUE,0, , ,BIDIRECCIONAL CON BANDEJON,ASFALTO,BUENO,SECO,DESPEJADO,0,1,0,0,13,131,13115,Metropolitana de Santiago,Santiago,Lo Barnechea,Interseccion,"CAMINO LOS TRAPENSES & DEL PARQUE, Lo Barnechea",-33.340865,-70.54583
-8080691.07620147,-4683313.15599347,2719,2023,1502162,2023/01/06 00:00:00+00,Enero,6,Viernes,1899/12/30 00:00:00+00,07:50:00,7,REGION ARAUCANIA,TEMUCO,COLISION LATERAL,COLISION,URBANA,TRAMO DE VIA RECTA,IMPRUDENCIA DEL CONDUCTOR,CONDUCCION NO ATENTO CONDICIONES TRANSITO MOMENTO,VICUÑA MACKENNA,FRANCISCO BILBAO,FRANCISCO BILBAO - VICUÑA MACKENNA,0, , ,UNIDIRECCIONAL,CONCRETO,BUENO,SECO,DESPEJADO,0,0,0,1,09,091,09101,La Araucanía,Cautín,Temuco,Interseccion,"FRANCISCO BILBAO & VICUÑA MACKENNA, Temuco",-38.731705,-72.590083
-7952550.96325345,-4241534.02151598,2720,2023,1552460,2023/08/17 00:00:00+00,Agosto,17,Jueves,1899/12/30 00:00:00+00,21:30:00,21,REGION MAULE,SAN CLEMENTE,COLISION LATERAL,COLISION,RURAL,TRAMO DE VIA RECTA,IMPRUDENCIA DEL CONDUCTOR,ADELANTAMIENTO SIN EFECTUAR LA SEÑAL RESPECTIVA, , , ,0,115 CH,"24,5",BIDIRECCIONAL,ASFALTO,BUENO,MOJADO,LLUVIA,0,1,0,0,07,071,07109,Maule,Talca,San Clemente,Ruta,"115 CH km 24,5",-35.569414,-71.438981