X,Y,FID,Año,IdAccident,Fecha,Mes,Dia_mes,Dia_semana,Hora,Hora_texto,Hora_aprox,Región,Comuna,Tipo_Accid,Tipo__CONA,Zona,Ubicación,Causa__CON,Causa_Acci,Calle_Uno,Calle_Dos,Intersecci,Número,Ruta,Ubicaci_1,Calzada,Tipo_Calza,Estado_Cal,Condición,Estado_Atm,Fallecidos,Graves,Menos_Grav,Leves,CUT_REG,CUT_PROV,CUT_COM,REGION,PROVINCIA,COMUNA1,Tipo_direc,Direccion,Lat,Lon
-7854601.41303931,-3949876.05187346,2721,2023,1508432,2023/01/06 00:00:00+00,Enero,6,Viernes,1899/12/30 00:00:00+00,09:15:00,9,REGION METROPOLITANA,LAS CONDES,COLISION FRONTAL,COLISION,URBANA,TRAMO DE VIA RECTA,IMPRUDENCIA DEL CONDUCTOR,CONDUCCION NO ATENTO CONDICIONES TRANSITO MOMENTO,CUARTO CENTENARIO,CONSTANCIO VIGIL,CONSTANCIO VIGIL - CUARTO CENTENARIO,0, , ,BIDIRECCIONAL,CONCRETO,BUENO,SECO,DESPEJADO,0,0,0,0,13,131,13114,Metropolitana de Santiago,Santiago,Las Condes,Interseccion,"CONSTANCIO VIGIL & CUARTO CENTENARIO, Las Condes",-33.410181,-70.559085
-8117409.25364217,-5080788.30608232,2722,2023,1509125,2023/02/06 00:00:00+00,Febrero,6,Lunes,1899/12/30 00:00:00+00,04:30:00,4,REGION LOS LAGOS,PUERTO MONTT,VOLCADURA,VOLCADURA,URBANA,CRUCE CON SEMAFORO FUNCIONANDO,FALLAS MECANICAS,FALLAS MECANICAS FRENOS,PRESIDENTE IBAÑEZ,LAUTARO,LAUTARO - PRESIDENTE IBAÑEZ,0, , ,BIDIRECCIONAL CON BANDEJON,CONCRETO,BUENO,SECO,DESPEJADO,0,0,0,1,10,101,10101,Los Lagos,Llanquihue,Puerto Montt,Interseccion,"LAUTARO & PRESIDENTE IBAÑEZ, Puerto Montt",-41.462411,-72.919928
-7864476.56506758,-3952812.53808777,2723,2023,1517072,2023/03/06 00:00:00+00,Marzo,6,Lunes,1899/12/30 00:00:00+00,19:30:00,19,REGION METROPOLITANA,RECOLETA,COLISION LATERAL,COLISION,URBANA,CRUCE CON SEMAFORO FUNCIONANDO,FALLAS MECANICAS,FALLAS MECANICAS FRENOS,BELLAVISTA,RECOLETA,BELLAVISTA - RECOLETA,0, , ,BIDIRECCIONAL CON BANDEJON,ASFALTO,REGULAR,SECO,DESPEJADO,0,0,0,0,13,131,13127,Metropolitana de Santiago,Santiago,Recoleta,Interseccion,"BELLAVISTA & RECOLETA, Recoleta",-33.432198,-70.647795
-7964110.86352853,-4278715.62274676,2724,2023,1554445,2023/08/18 00:00:00+00,Agosto,18,Viernes,1899/12/30 00:00:00+00,15:50:00,15,REGION MAULE,LINARES,VOLCADURA,VOLCADURA,RURAL,TRAMO DE VIA RECTA,IMPRUDENCIA DEL CONDUCTOR,VIRAJES INDEBIDOS, , , ,0,L-415,3,BIDIRECCIONAL,ASFALTO,BUENO,SECO,DESPEJADO,0,0,0,1,07,074,07401,Maule,Linares,Linares,Ruta,L-415 km 3,-35.840639,-71.542825
-7870478.80069166,-3973953.44178446,2725,2023,1502306,2023/01/06 00:00:00+00,Enero,6,Viernes,1899/12/30 00:00:00+00,13:45:00,13,REGION METROPOLITANA,SAN BERNARDO,CHOQUE FRENTE/LADO,CHOQUE,URBANA,CRUCE CON SEÑAL PARE,IMPRUDENCIA DEL CONDUCTOR,CONDUCCION NO ATENTO CONDICIONES TRANSITO MOMENTO,COLON SUR,VICTORIA,COLON SUR - VICTORIA,0, , ,BIDIRECCIONAL CON BANDEJON,ASFALTO,BUENO,SECO,DESPEJADO,0,0,0,0,13,134,13401,Metropolitana de Santiago,Maipo,San Bernardo,Interseccion,"COLON SUR & VICTORIA, San Bernardo",-33.590542,-70.701714
-8082339.16130719,-4686345.87917295,2726,2023,1514605,2023/03/07 00:00:00+00,Marzo,7,Martes,1899/12/30 00:00:00+00,09:30:00,9,REGION ARAUCANIA,TEMUCO,COLISION POR ALCANCE,COLISION,URBANA,TRAMO DE VIA RECTA,IMPRUDENCIA DEL CONDUCTOR,CONDUCCION SIN MANTENER DISTANCIA RAZONABLE NI PRUDENTE,LOS POETAS,FRANCISCO SALAZAR,FRANCISCO SALAZAR - LOS POETAS,0, , ,BIDIRECCIONAL CON BANDEJON,CONCRETO,BUENO,SECO,DESPEJADO,0,0,0,1,09,091,09101,La Araucanía,Cautín,Temuco,Interseccion,"FRANCISCO SALAZAR & LOS POETAS, Temuco",-38.752954,-72.604888
-7864845.58917956,-3967199.64464155,2727,2023,1510528,2023/02/06 00:00:00+00,Febrero,6,Lunes,1899/12/30 00:00:00+00,08:20:00,8,REGION METROPOLITANA,SAN RAMON,COLISION,COLISION,URBANA,CRUCE CON SEÑAL PARE,DESOBEDIENCIA A SEÑALIZACION,SEÑALIZACION DESOBEDECER SEÑAL PARE,BOLIVIA,LA GRANJA,BOLIVIA - LA GRANJA,0, , ,BIDIRECCIONAL,ASFALTO,BUENO,SECO,DESPEJADO,0,0,0,1,13,131,13131,Metropolitana de Santiago,Santiago,San Ramón,Interseccion,"BOLIVIA & LA GRANJA, San Ramón",-33.539988,-70.65111
-7963782.12775478,-4194702.6109536,2728,2023,1552475,2023/08/18 00:00:00+00,Agosto,18,Viernes,1899/12/30 00:00:00+00,18:30:00,18,REGION MAULE,SAGRADA FAMILIA,VOLCADURA,VOLCADURA,RURAL,TRAMO DE VIA RECTA,VELOCIDAD IMPRUDENTE,VELOCIDAD NO RAZONABLE NI PRUDENTE, , , ,0,K-40,"10,1",BIDIRECCIONAL,ASFALTO,BUENO,MOJADO,LLUVIA,0,0,0,1,07,073,07307,Maule,Curicó,Sagrada Familia,Ruta,"K-40 km 10,1",-35.226487,-71.539872
-8149515.13058745,-4841051.8646421,2729,2023,1508542,2023/02/06 00:00:00+00,Febrero,6,Lunes,1899/12/30 00:00:00+00,08:30:00,8,REGION DE LOS RIOS,VALDIVIA,COLISION LATERAL,COLISION,URBANA,CRUCE CON SEMAFORO FUNCIONANDO,IMPRUDENCIA DEL CONDUCTOR,CONDUCCION NO ATENTO CONDICIONES TRANSITO MOMENTO,DOCTOR CLEMENTE HOLZAPFEL,ARGENTINA,ARGENTINA - DOCTOR CLEMENTE HOLZAPFEL,0, , ,BIDIRECCIONAL CON BANDEJON,CONCRETO,REGULAR,SECO,DESPEJADO,0,0,0,2,14,141,14101,Los Ríos,Valdivia,Valdivia,Interseccion,"ARGENTINA & DOCTOR CLEMENTE HOLZAPFEL, Valdivia",-39.828502,-73.20834
-7976353.20991227,-4218664.17855127,2730,2023,1517341,2023/03/07 00:00:00+00,Marzo,7,Martes,1899/12/30 00:00:00+00,10:50:00,10,REGION MAULE,TALCA,COLISION LATERAL,COLISION,URBANA,CRUCE CON SEÑAL PARE,DESOBEDIENCIA A SEÑALIZACION,SEÑALIZACION DESOBEDECER SEÑAL PARE,19 NORTE,5 ORIENTE,19 NORTE - 5 ORIENTE,0, , ,BIDIRECCIONAL,ASFALTO,BUENO,SECO,DESPEJADO,0,0,0,2,07,071,07101,Maule,Talca,Talca,Interseccion,"19 NORTE & 5 ORIENTE, Talca",-35.40213,-71.6528
-7867575.81096623,-3943271.31127729,2731,2023,1502778,2023/01/06 00:00:00+00,Enero,6,Viernes,1899/12/30 00:00:00+00,14:15:00,14,REGION METROPOLITANA,HUECHURABA,COLISION,COLISION,URBANA,CRUCE CON SEÑAL PARE,IMPRUDENCIA DEL CONDUCTOR,CONDUCCION NO ATENTO CONDICIONES TRANSITO MOMENTO,EL SAUCE,STA MARTA DE HUECHURABA,EL SAUCE - STA MARTA DE HUECHURABA,0, , ,BIDIRECCIONAL,ASFALTO,BUENO,SECO,DESPEJADO,0,0,0,0,13,131,13107,Metropolitana de Santiago,Santiago,Huechuraba,Interseccion,"EL SAUCE & STA MARTA DE HUECHURABA, Huechuraba",-33.36064,-70.675636
-7867761.94504739,-3507389.36097657,2732,2023,1553068,2023/08/20 00:00:00+00,Agosto,20,Domingo,1899/12/30 00:00:00+00,12:25:00,12,REGION COQUIMBO,VICUÑA,VOLCADURA,VOLCADURA,RURAL,TRAMO DE VIA CURVA HORIZONTAL,VELOCIDAD IMPRUDENTE,VELOCIDAD NO RAZONABLE NI PRUDENTE, , , ,0,41 CH,66,BIDIRECCIONAL,ASFALTO,BUENO,SECO,DESPEJADO,0,1,0,0,04,041,04106,Coquimbo,Elqui,Vicuña,Ruta,41 CH km 66,-30.029866,-70.677308
-7859992.71616597,-3951137.11458943,2733,2023,1509496,2023/02/06 00:00:00+00,Febrero,6,Lunes,1899/12/30 00:00:00+00,10:00:00,10,REGION METROPOLITANA,PROVIDENCIA,COLISION FRONTAL,COLISION,URBANA,CRUCE CON SEMAFORO FUNCIONANDO,IMPRUDENCIA DEL CONDUCTOR,CONDUCCION NO ATENTO CONDICIONES TRANSITO MOMENTO,BUCAREST,GRAL ADOLFO HOLLEY,BUCAREST - GRAL ADOLFO HOLLEY,0, , ,UNIDIRECCIONAL,ASFALTO,BUENO,SECO,DESPEJADO,0,0,0,2,13,131,13123,Metropolitana de Santiago,Santiago,Providencia,Interseccion,"BUCAREST & GRAL ADOLFO HOLLEY, Providencia",-33.419637,-70.607516
-7866897.20739488,-3948253.08144797,2734,2023,1505415,2023/01/06 00:00:00+00,Enero,6,Viernes,1899/12/30 00:00:00+00,15:00:00,15,REGION METROPOLITANA,CONCHALI,COLISION LATERAL,COLISION,URBANA,TRAMO DE VIA RECTA,IMPRUDENCIA DEL CONDUCTOR,ADELANTAMIENTO SIN EL ESPACIO O TIEMPO SUFICIENTE,INDEPENDENCIA,DORSAL,DORSAL - INDEPENDENCIA,0, , ,BIDIRECCIONAL CON BANDEJON,CONCRETO,BUENO,SECO,DESPEJADO,0,0,0,0,13,131,13104,Metropolitana de Santiago,Santiago,Conchalí,Interseccion,"DORSAL & INDEPENDENCIA, Conchalí",-33.39801,-70.66954
-8029578.95464271,-4386615.33370453,2735,2023,1520534,2023/03/07 00:00:00+00,Marzo,7,Martes,1899/12/30 00:00:00+00,11:40:00,11,REGION ÑUBLE,CHILLAN VIEJO,COLISION POR ALCANCE,COLISION,URBANA,CRUCE CON SEMAFORO FUNCIONANDO,FALLAS MECANICAS,FALLAS MECANICAS CARROCERIA,O'HIGGINS,ANGEL PARRA,ANGEL PARRA - O'HIGGINS,0, , ,BIDIRECCIONAL,ASFALTO,BUENO,SECO,DESPEJADO,0,0,0,0,16,161,16103,Ñuble,Diguillín,Chillán Viejo,Interseccion,"ANGEL PARRA & O'HIGGINS, Chillán Viejo",-36.622481,-72.130935
-7863742.52434529,-3954247.7754331,2736,2023,1508488,2023/02/06 00:00:00+00,Febrero,6,Lunes,1899/12/30 00:00:00+00,13:10:00,13,REGION METROPOLITANA,SANTIAGO,ATROPELLO,ATROPELLO,URBANA,CRUCE CON SEMAFORO FUNCIONANDO,IMPRUDENCIA DEL PEATON,PEATON CRUZA CALZADA FUERA PASO PEATONES,LIRA,DIAG PARAGUAY,DIAG PARAGUAY - LIRA,0, , ,UNIDIRECCIONAL,ASFALTO,BUENO,SECO,DESPEJADO,1,1,0,0,13,131,13101,Metropolitana de Santiago,Santiago,Santiago,Interseccion,"DIAG PARAGUAY & LIRA, Santiago",-33.442957,-70.641201
-7994655.28396205,-4375191.02135393,2737,2023,1553316,2023/08/21 00:00:00+00,Agosto,21,Lunes,1899/12/30 00:00:00+00,10:35:00,10,REGION ÑUBLE,CHILLAN,COLISION POR ALCANCE,COLISION,RURAL,TRAMO DE VIA RECTA,IMPRUDENCIA DEL CONDUCTOR,CONDUCCION CAMBIAR SORPRESIVAMENTE PISTA CIRCULACION, , , ,0,N-45,25,BIDIRECCIONAL,ASFALTO,REGULAR,MOJADO,NUBLADO,0,1,0,0,16,161,16101,Ñuble,Diguillín,Chillán,Ruta,N-45 km 25,-36.540071,-71.81721
-8143969.63886748,-4451660.31813898,2738,2023,1514359,2023/03/07 00:00:00+00,Marzo,7,Martes,1899/12/30 00:00:00+00,13:30:00,13,REGION BIO BIO,LOTA,COLISION POR ALCANCE,COLISION,URBANA,TRAMO DE VIA RECTA,IMPRUDENCIA DEL CONDUCTOR,CONDUCCION NO ATENTO CONDICIONES TRANSITO MOMENTO,PEDRO AGUIRRE CERDA,LAUTARO,LAUTARO - PEDRO AGUIRRE CERDA,0, , ,UNIDIRECCIONAL,CONCRETO,BUENO,SECO,DESPEJADO,0,0,0,1,08,081,08106,Biobío,Concepción,Lota,Interseccion,"LAUTARO & PEDRO AGUIRRE CERDA, Lota",-37.090009,-73.158524
-7858640.08416529,-3953329.8379985,2739,2023,1506530,2023/01/06 00:00:00+00,Enero,6,Viernes,1899/12/30 00:00:00+00,16:30:00,16,REGION METROPOLITANA,PROVIDENCIA,COLISION FRONTAL,COLISION,URBANA,CRUCE CON SEMAFORO FUNCIONANDO,DESOBEDIENCIA A SEÑALIZACION,SEÑALIZACION DESOBEDECER LUZ ROJA DE SEMAFORO,HERNANDO DE AGUIRRE,FRANCISCO BILBAO,FRANCISCO BILBAO - HERNANDO DE AGUIRRE,0, , ,BIDIRECCIONAL,ASFALTO,REGULAR,SECO,DESPEJADO,0,1,0,1,13,131,13123,Metropolitana de Santiago,Santiago,Providencia,Interseccion,"FRANCISCO BILBAO & HERNANDO DE AGUIRRE, Providencia",-33.436076,-70.595365
-7848478.28819969,-3942475.36233158,2740,2023,1511038,2023/02/06 00:00:00+00,Febrero,6,Lunes,1899/12/30 00:00:00+00,18:00:00,18,REGION METROPOLITANA,LO BARNECHEA,COLISION POR ALCANCE,COLISION,URBANA,TRAMO DE VIA RECTA,IMPRUDENCIA DEL CONDUCTOR,CONDUCCION NO ATENTO CONDICIONES TRANSITO MOMENTO,LOS QUINCHEROS,EL LEON,EL LEON - LOS QUINCHEROS,0, , ,UNIDIRECCIONAL,ASFALTO,BUENO,SECO,DESPEJADO,0,0,0,0,13,131,13115,Metropolitana de Santiago,Santiago,Lo Barnechea,Interseccion,"EL LEON & LOS QUINCHEROS, Lo Barnechea",-33.354668,-70.50408
-8170114.65852283,-5037750.83183085,2741,2023,1553659,2023/08/21 00:00:00+00,Agosto,21,Lunes,1899/12/30 00:00:00+00,12:45:00,12,REGION LOS LAGOS,FRESIA,COLISION POR ALCANCE,COLISION,RURAL,TRAMO DE VIA RECTA,IMPRUDENCIA DEL CONDUCTOR,ADELANTAMIENTO SIN EL ESPACIO O TIEMPO SUFICIENTE, , , ,0,V-30,32,BIDIRECCIONAL,ASFALTO,BUENO,HUMEDO,NUBLADO,1,0,0,0,10,101,10104,Los Lagos,Llanquihue,Fresia,Ruta,V-30 km 32,-41.172041,-73.393389
-7924387.26781461,-3865206.6980527,2742,2023,1514628,2023/03/07 00:00:00+00,Marzo,7,Martes,1899/12/30 00:00:00+00,14:00:00,14,REGION VALPARAISO,CALERA,COLISION LATERAL,COLISION,URBANA,TRAMO DE VIA RECTA,DESOBEDIENCIA A SEÑALIZACION,SEÑALIZACION DESOBEDECER SEÑAL CEDA EL PASO,VICTORIA,LAUTARO,LAUTARO - VICTORIA,0, , ,BIDIRECCIONAL,ASFALTO,BUENO,SECO,DESPEJADO,0,0,0,0,05,055,05502,Valparaíso,Quillota,Calera,Interseccion,"LAUTARO & VICTORIA, Calera",-32.772959,-71.185982
-7929632.53094583,-4161096.98342215,2743,2023,1511319,2023/02/06 00:00:00+00,Febrero,6,Lunes,1899/12/30 00:00:00+00,21:30:00,21,REGION MAULE,CURICO,ATROPELLO,ATROPELLO,URBANA,CRUCE CON SEMAFORO FUNCIONANDO,DESOBEDIENCIA A SEÑALIZACION,SEÑALIZACION DESOBEDECER LUZ ROJA DE SEMAFORO,FREIRE,MANSO DE VELASCO,FREIRE - MANSO DE VELASCO,0, , ,BIDIRECCIONAL,CONCRETO,BUENO,SECO,DESPEJADO,0,0,0,2,07,073,07301,Maule,Curicó,Curicó,Interseccion,"FREIRE & MANSO DE VELASCO, Curicó",-34.97951,-71.233101
-7960991.68795673,-3895206.37841645,2744,2023,1502052,2023/01/06 00:00:00+00,Enero,6,Viernes,1899/12/30 00:00:00+00,16:40:00,16,REGION VALPARAISO,VIÑA DEL MAR,CHOQUE FRENTE/POSTERIOR,CHOQUE,URBANA,TRAMO DE VIA RECTA,IMPRUDENCIA DEL CONDUCTOR,CONDUCCION NO ATENTO CONDICIONES TRANSITO MOMENTO,ALESSANDRI,GOMEZ CARREÑO,ALESSANDRI - GOMEZ CARREÑO,0, , ,BIDIRECCIONAL,CONCRETO,BUENO,SECO,DESPEJADO,0,0,0,0,05,051,05109,Valparaíso,Valparaíso,Viña del Mar,Interseccion,"ALESSANDRI & GOMEZ CARREÑO, Viña del Mar",-32.999265,-71.514805
-7957241.46714945,-3567436.47579827,2745,2023,1553479,2023/08/22 00:00:00+00,Agosto,22,Martes,1899/12/30 00:00:00+00,00:00:00,0,REGION COQUIMBO,COQUIMBO,CHOQUE LADO/LADO,CHOQUE,RURAL,CRUCE CON SEÑAL PARE,IMPRUDENCIA DEL CONDUCTOR,"ADELANTAMIENTO EN CRUCE, CURVA, CUESTA, PUENTE", , , ,0,D-510,"0,1",BIDIRECCIONAL,ASFALTO,BUENO,SECO,DESPEJADO,0,1,0,0,04,041,04102,Coquimbo,Elqui,Coquimbo,Ruta,"D-510 km 0,1",-30.495766,-71.481116
-8081614.02609963,-4687530.29786237,2746,2023,1508709,2023/02/06 00:00:00+00,Febrero,6,Lunes,1899/12/30 00:00:00+00,22:00:00,22,REGION ARAUCANIA,PADRE LAS CASAS,COLISION PERPENDICULAR,COLISION,URBANA,CRUCE CON SEÑAL PARE,DESOBEDIENCIA A SEÑALIZACION,SEÑALIZACION DESOBEDECER SEÑAL PARE,MAQUEHUE,MAC IVER,MAC IVER - MAQUEHUE,0, , ,UNIDIRECCIONAL,CONCRETO,BUENO,SECO,DESPEJADO,0,1,0,0,09,091,09112,La Araucanía,Cautín,Padre Las Casas,Interseccion,"MAC IVER & MAQUEHUE, Padre Las Casas",-38.761251,-72.598374
-7862744.09983236,-3958523.06016316,2747,2023,1515212,2023/03/07 00:00:00+00,Marzo,7,Martes,1899/12/30 00:00:00+00,18:00:00,18,REGION METROPOLITANA,SAN JOAQUIN,COLISION PERPENDICULAR,COLISION,URBANA,CRUCE CON SEÑAL PARE,IMPRUDENCIA DEL CONDUCTOR,CONDUCCION NO ATENTO CONDICIONES TRANSITO MOMENTO,CARLOS FERNANDEZ CONCHA,SIERRA BELLA,CARLOS FERNANDEZ CONCHA - SIERRA BELLA,0, , ,BIDIRECCIONAL,ASFALTO,BUENO,SECO,DESPEJADO,0,1,0,0,13,131,13129,Metropolitana de Santiago,Santiago,San Joaquín,Interseccion,"CARLOS FERNANDEZ CONCHA & SIERRA BELLA, San Joaquín",-33.474998,-70.632232
-7673393.00787502,-2568403.94222695,2748,2023,1502103,2023/01/06 00:00:00+00,Enero,6,Viernes,1899/12/30 00:00:00+00,18:30:00,18,REGION ANTOFAGASTA,CALAMA,COLISION,COLISION,URBANA,CRUCE SIN SEÑALIZACION,IMPRUDENCIA DEL CONDUCTOR,CONDUCCION NO ATENTO CONDICIONES TRANSITO MOMENTO,GRECIA,OSVALDO MUÑOZ,GRECIA - OSVALDO MUÑOZ,0, , ,BIDIRECCIONAL,ASFALTO,BUENO,SECO,DESPEJADO,0,0,0,0,02,022,02201,Antofagasta,El Loa,Calama,Interseccion,"GRECIA & OSVALDO MUÑOZ, Calama",-22.472949,-68.931262
-7939585.91755525,-4199692.5498242,2749,2023,1553936,2023/08/22 00:00:00+00,Agosto,22,Martes,1899/12/30 00:00:00+00,08:13:00,8,REGION MAULE,RIO CLARO,COLISION LATERAL,COLISION,RURAL,TRAMO DE VIA RECTA,IMPRUDENCIA DEL CONDUCTOR,VIRAJES INDEBIDOS, , , ,0,K-31,"10,8",BIDIRECCIONAL,ASFALTO,BUENO,SECO,DESPEJADO,0,0,1,0,07,071,07108,Maule,Talca,Río Claro,Ruta,"K-31 km 10,8",-35.263096,-71.322514
-7850363.70266379,-3946668.73434518,2750,2023,1519410,2023/03/07 00:00:00+00,Marzo,7,Martes,1899/12/30 00:00:00+00,19:00:00,19,REGION METROPOLITANA,LAS CONDES,CHOQUE FRENTE/POSTERIOR,CHOQUE,URBANA,CRUCE CON SEMAFORO FUNCIONANDO,IMPRUDENCIA DEL CONDUCTOR,CONDUCCION NO ATENTO CONDICIONES TRANSITO MOMENTO,CHARLES HAMILTON,CAMINO LA FUENTE,CAMINO LA FUENTE - CHARLES HAMILTON,0, , ,BIDIRECCIONAL,CONCRETO,BUENO,SECO,DESPEJADO,0,0,0,0,13,131,13114,Metropolitana de Santiago,Santiago,Las Condes,Interseccion,"CAMINO LA FUENTE & CHARLES HAMILTON, Las Condes",-33.386127,-70.521017
-7926052.83002473,-3440920.34533735,2751,2023,1508500,2023/02/06 00:00:00+00,Febrero,6,Lunes,1899/12/30 00:00:00+00,22:40:00,22,REGION COQUIMBO,COQUIMBO,COLISION FRONTAL,COLISION,URBANA,TRAMO DE VIA RECTA,IMPRUDENCIA DEL CONDUCTOR,VIRAJES INDEBIDOS,EL SAUCE,LA HIGUERA,EL SAUCE - LA HIGUERA,0, , ,BIDIRECCIONAL,ASFALTO,BUENO,SECO,DESPEJADO,1,0,0,0,04,041,04102,Coquimbo,Elqui,Coquimbo,Interseccion,"EL SAUCE & LA HIGUERA, Coquimbo",-29.511573,-71.200944
-7863094.86754785,-3953367.98944875,2752,2023,1502066,2023/01/06 00:00:00+00,Enero,6,Viernes,1899/12/30 00:00:00+00,19:00:00,19,REGION METROPOLITANA,PROVIDENCIA,COLISION FRONTAL,COLISION,URBANA,TRAMO DE VIA RECTA,IMPRUDENCIA DEL CONDUCTOR,CONDUCCION NO ATENTO CONDICIONES TRANSITO MOMENTO,ANDRES BELLO,PIO NONO,ANDRES BELLO - PIO NONO,0, , ,UNIDIRECCIONAL,ASFALTO,BUENO,SECO,DESPEJADO,0,0,0,0,13,131,13123,Metropolitana de Santiago,Santiago,Providencia,Interseccion,"ANDRES BELLO & PIO NONO, Providencia",-33.436362,-70.635383
-8152119.45010795,-4843614.83376063,2753,2023,1514852,2023/03/07 00:00:00+00,Marzo,7,Martes,1899/12/30 00:00:00+00,20:45:00,20,REGION DE LOS RIOS,VALDIVIA,ATROPELLO,ATROPELLO,URBANA,CRUCE CON SEÑAL CEDA EL PASO,IMPRUDENCIA DEL CONDUCTOR,CONDUCCION NO ATENTO CONDICIONES TRANSITO MOMENTO,PEDRO MONTT,CARELMAPU,CARELMAPU - PEDRO MONTT,0, , ,BIDIRECCIONAL CON BANDEJON,CONCRETO,BUENO,MOJADO,LLUVIA,0,0,0,2,14,141,14101,Los Ríos,Valdivia,Valdivia,Interseccion,"CARELMAPU & PEDRO MONTT, Valdivia",-39.846181,-73.231735
-7953849.4463146,-4330970.88823915,2754,2023,1554613,2023/08/26 00:00:00+00,Agosto,26,Sábado,1899/12/30 00:00:00+00,13:30:00,13,REGION MAULE,LONGAVI,VOLCADURA,VOLCADURA,RURAL,TRAMO DE VIA RECTA,VELOCIDAD IMPRUDENTE,VELOCIDAD NO RAZONABLE NI PRUDENTE, , , ,0,L-535,32,BIDIRECCIONAL,ASFALTO,BUENO,SECO,DESPEJADO,0,0,1,0,07,074,07403,Maule,Linares,Longaví,Ruta,L-535 km 32,-36.220257,-71.450645
-7863979.18958271,-3953337.70839228,2755,2023,1509182,2023/02/07 00:00:00+00,Febrero,7,Martes,1899/12/30 00:00:00+00,00:05:00,0,REGION METROPOLITANA,SANTIAGO,COLISION POR ALCANCE,COLISION,URBANA,TRAMO DE VIA RECTA,IMPRUDENCIA DEL CONDUCTOR,CONDUCCION SIN MANTENER DISTANCIA RAZONABLE NI PRUDENTE,CARD JOSE MARIA CARO,JOSE MIGUEL DE LA BARRA,CARD JOSE MARIA CARO - JOSE MIGUEL DE LA BARRA,0, , ,UNIDIRECCIONAL,CONCRETO,BUENO,SECO,DESPEJADO,0,0,0,0,13,131,13101,Metropolitana de Santiago,Santiago,Santiago,Interseccion,"CARD JOSE MARIA CARO & JOSE MIGUEL DE LA BARRA, Santiago",-33.436135,-70.643327
-7962989.75036503,-3865458.38107795,2756,2023,1503560,2023/01/06 00:00:00+00,Enero,6,Viernes,1899/12/30 00:00:00+00,19:50:00,19,REGION VALPARAISO,QUINTERO,COLISION,COLISION,URBANA,TRAMO DE VIA RECTA,IMPRUDENCIA DEL CONDUCTOR,CONDUCCION NO ATENTO CONDICIONES TRANSITO MOMENTO,SAN MARTIN,HERMANOS CARRERA,HERMANOS CARRERA - SAN MARTIN,0, , ,BIDIRECCIONAL,CONCRETO,BUENO,SECO,DESPEJADO,0,0,1,0,05,051,05107,Valparaíso,Valparaíso,Quintero,Interseccion,"HERMANOS CARRERA & SAN MARTIN, Quintero",-32.77486,-71.532754
-8153321.47796954,-4839439.67338434,2757,2023,1508857,2023/02/07 00:00:00+00,Febrero,7,Martes,1899/12/30 00:00:00+00,08:02:00,8,REGION DE LOS RIOS,VALDIVIA,COLISION LATERAL,COLISION,URBANA,CRUCE CON SEMAFORO FUNCIONANDO,IMPRUDENCIA DEL CONDUCTOR,CONDUCCION NO ATENTO CONDICIONES TRANSITO MOMENTO,PEDRO AGUIRRE CERDA,ESPAÑA,ESPAÑA - PEDRO AGUIRRE CERDA,0, , ,BIDIRECCIONAL CON BANDEJON,ASFALTO,BUENO,SECO,DESPEJADO,0,0,0,2,14,141,14101,Los Ríos,Valdivia,Valdivia,Interseccion,"ESPAÑA & PEDRO AGUIRRE CERDA, Valdivia",-39.817379,-73.242533
-8159875.34233551,-4473442.77122608,2758,2023,1555714,2023/08/26 00:00:00+00,Agosto,26,Sábado,1899/12/30 00:00:00+00,19:15:00,19,REGION BIO BIO,ARAUCO,CHOQUE,CHOQUE,RURAL,TRAMO DE VIA RECTA,IMPRUDENCIA DEL CONDUCTOR,CONDUCCION NO ATENTO CONDICIONES TRANSITO MOMENTO, , , ,0,P-20,6,BIDIRECCIONAL,CONCRETO,BUENO,SECO,DESPEJADO,0,1,0,1,08,082,08202,Biobío,Arauco,Arauco,Ruta,P-20 km 6,-37.245936,-73.301407
-8026878.45511556,-4383478.08975868,2759,2023,1514789,2023/03/07 00:00:00+00,Marzo,7,Martes,1899/12/30 00:00:00+00,21:00:00,21,REGION ÑUBLE,CHILLAN,COLISION LATERAL,COLISION,URBANA,TRAMO DE VIA RECTA,IMPRUDENCIA DEL CONDUCTOR,CONDUCCION CAMBIAR SORPRESIVAMENTE PISTA CIRCULACION,O'HIGGINS,ITATA,ITATA - O'HIGGINS,0, , ,BIDIRECCIONAL,CONCRETO,BUENO,SECO,DESPEJADO,0,0,0,0,16,161,16101,Ñuble,Diguillín,Chillán,Interseccion,"ITATA & O'HIGGINS, Chillán",-36.599859,-72.106676
-7867445.901165,-3955837.29605911,2760,2023,1503103,2023/01/06 00:00:00+00,Enero,6,Viernes,1899/12/30 00:00:00+00,20:50:00,20,REGION METROPOLITANA,SANTIAGO,COLISION PERPENDICULAR,COLISION,URBANA,CRUCE CON SEÑAL PARE,DESOBEDIENCIA A SEÑALIZACION,SEÑALIZACION DESOBEDECER SEÑAL PARE,BASCUÑAN GUERRERO,GORBEA,BASCUÑAN GUERRERO - GORBEA,0, , ,UNIDIRECCIONAL,CONCRETO,REGULAR,SECO,DESPEJADO,0,0,0,0,13,131,13101,Metropolitana de Santiago,Santiago,Santiago,Interseccion,"BASCUÑAN GUERRERO & GORBEA, Santiago",-33.454871,-70.674469