X,Y,FID,Año,IdAccident,Fecha,Mes,Dia_mes,Dia_semana,Hora,Hora_texto,Hora_aprox,Región,Comuna,Tipo_Accid,Tipo__CONA,Zona,Ubicación,Causa__CON,Causa_Acci,Calle_Uno,Calle_Dos,Intersecci,Número,Ruta,Ubicaci_1,Calzada,Tipo_Calza,Estado_Cal,Condición,Estado_Atm,Fallecidos,Graves,Menos_Grav,Leves,CUT_REG,CUT_PROV,CUT_COM,REGION,PROVINCIA,COMUNA1,Tipo_direc,Direccion,Lat,Lon
-7856202.18731691,-3976233.21007323,2761,2023,1509695,2023/02/07 00:00:00+00,Febrero,7,Martes,1899/12/30 00:00:00+00,10:00:00,10,REGION METROPOLITANA,PUENTE ALTO,COLISION PERPENDICULAR,COLISION,URBANA,CRUCE CON SEÑAL CEDA EL PASO,DESOBEDIENCIA A SEÑALIZACION,SEÑALIZACION DESOBEDECER SEÑAL CEDA EL PASO,STA ELENA,JOSE MANUEL IRARRAZAVAL,JOSE MANUEL IRARRAZAVAL - STA ELENA,0, , ,BIDIRECCIONAL,ASFALTO,BUENO,SECO,DESPEJADO,0,1,0,0,13,132,13201,Metropolitana de Santiago,Cordillera,Puente Alto,Interseccion,"JOSE MANUEL IRARRAZAVAL & STA ELENA, Puente Alto",-33.6076,-70.573465
-7928488.84013018,-4077457.09374014,2762,2023,1558201,2023/08/26 00:00:00+00,Agosto,26,Sábado,1899/12/30 00:00:00+00,20:15:00,20,REGION LIB.B.O'HIGGINS,PEUMO,COLISION,COLISION,RURAL,TRAMO DE VIA RECTA,IMPRUDENCIA DEL CONDUCTOR,CONDUCCION NO ATENTO CONDICIONES TRANSITO MOMENTO, , , ,0,H-774,1,BIDIRECCIONAL,ASFALTO,BUENO,SECO,DESPEJADO,0,0,1,1,06,061,06112,Libertador General Bernardo O'Higgins,Cachapoal,Peumo,Ruta,H-774 km 1,-34.361578,-71.222827
-7673550.80324209,-2568147.85374858,2763,2023,1509249,2023/02/07 00:00:00+00,Febrero,7,Martes,1899/12/30 00:00:00+00,11:00:00,11,REGION ANTOFAGASTA,CALAMA,ATROPELLO,ATROPELLO,URBANA,TRAMO DE VIA RECTA,IMPRUDENCIA DEL PEATON,PEATON CRUZA CALZADA FORMA SORPRESIVA O DESCUIDADA,GRECIA,LA SERENA,GRECIA - LA SERENA,0, , ,BIDIRECCIONAL,ASFALTO,BUENO,SECO,DESPEJADO,0,0,1,1,02,022,02201,Antofagasta,El Loa,Calama,Interseccion,"GRECIA & LA SERENA, Calama",-22.470823,-68.93268
-7952359.2955138,-3901993.90622349,2764,2023,1514950,2023/03/07 00:00:00+00,Marzo,7,Martes,1899/12/30 00:00:00+00,22:00:00,22,REGION VALPARAISO,QUILPUE,COLISION FRONTAL,COLISION,URBANA,CRUCE CON SEÑAL PARE,DESOBEDIENCIA A SEÑALIZACION,SEÑALIZACION DESOBEDECER SEÑAL PARE,PEYRONET,DAVID CORTES,DAVID CORTES - PEYRONET,0, , ,BIDIRECCIONAL,ASFALTO,BUENO,SECO,DESPEJADO,0,0,0,1,05,058,05801,Valparaíso,Marga Marga,Quilpué,Interseccion,"DAVID CORTES & PEYRONET, Quilpué",-33.050387,-71.437259
-8084706.48155387,-4684384.90339283,2765,2023,1502283,2023/01/06 00:00:00+00,Enero,6,Viernes,1899/12/30 00:00:00+00,21:30:00,21,REGION ARAUCANIA,TEMUCO,COLISION PERPENDICULAR,COLISION,URBANA,CRUCE CON SEÑAL PARE,DESOBEDIENCIA A SEÑALIZACION,SEÑALIZACION DESOBEDECER SEÑAL PARE,PABLO NERUDA,TIBURCIO SAAVEDRA,PABLO NERUDA - TIBURCIO SAAVEDRA,0, , ,BIDIRECCIONAL CON BANDEJON,CONCRETO,BUENO,SECO,DESPEJADO,0,1,0,0,09,091,09101,La Araucanía,Cautín,Temuco,Interseccion,"PABLO NERUDA & TIBURCIO SAAVEDRA, Temuco",-38.739215,-72.626154
-7897922.70628452,-4087095.42365554,2766,2023,1554496,2023/08/27 00:00:00+00,Agosto,27,Domingo,1899/12/30 00:00:00+00,15:00:00,15,REGION LIB.B.O'HIGGINS,MALLOA,VOLCADURA,VOLCADURA,RURAL,TRAMO DE VIA RECTA,VELOCIDAD IMPRUDENTE,VELOCIDAD NO RAZONABLE NI PRUDENTE, , , ,0,H-634,1,BIDIRECCIONAL,ASFALTO,BUENO,SECO,DESPEJADO,0,0,1,0,06,061,06109,Libertador General Bernardo O'Higgins,Cachapoal,Malloa,Ruta,H-634 km 1,-34.433021,-70.948247
-8154216.93195348,-4840916.33372079,2767,2023,1514912,2023/03/07 00:00:00+00,Marzo,7,Martes,1899/12/30 00:00:00+00,23:49:00,23,REGION DE LOS RIOS,VALDIVIA,OTRO TIPO,OTRO TIPO,URBANA,CRUCE CON SEMAFORO FUNCIONANDO,IMPRUDENCIA DEL CONDUCTOR,CONDUCCION NO ATENTO CONDICIONES TRANSITO MOMENTO,GENERAL LAGOS,CORONEL SANTIAGO BUERAS,CORONEL SANTIAGO BUERAS - GENERAL LAGOS,0, , ,UNIDIRECCIONAL,ASFALTO,REGULAR,MOJADO,LLUVIA,0,0,0,1,14,141,14101,Los Ríos,Valdivia,Valdivia,Interseccion,"CORONEL SANTIAGO BUERAS & GENERAL LAGOS, Valdivia",-39.827567,-73.250577
-7858790.81075582,-3973561.63113381,2768,2023,1509301,2023/02/07 00:00:00+00,Febrero,7,Martes,1899/12/30 00:00:00+00,13:35:00,13,REGION METROPOLITANA,PUENTE ALTO,COLISION LATERAL,COLISION,URBANA,TRAMO DE VIA RECTA,IMPRUDENCIA DEL CONDUCTOR,CONDUCCION NO ATENTO CONDICIONES TRANSITO MOMENTO,LUIS MATTE LARRAIN,EJERCITO LIBERTADOR,EJERCITO LIBERTADOR - LUIS MATTE LARRAIN,0, , ,BIDIRECCIONAL,CONCRETO,BUENO,SECO,DESPEJADO,0,0,0,1,13,132,13201,Metropolitana de Santiago,Cordillera,Puente Alto,Interseccion,"EJERCITO LIBERTADOR & LUIS MATTE LARRAIN, Puente Alto",-33.58761,-70.596719
-7949680.14713177,-3903100.00678303,2769,2023,1502423,2023/01/06 00:00:00+00,Enero,6,Viernes,1899/12/30 00:00:00+00,22:25:00,22,REGION VALPARAISO,QUILPUE,COLISION PERPENDICULAR,COLISION,URBANA,CRUCE SIN SEÑALIZACION,DESOBEDIENCIA A SEÑALIZACION,SEÑALIZACION DESOBEDECER SEÑAL PARE,TIERRAS ROJAS,LA AGUADA,LA AGUADA - TIERRAS ROJAS,0, , ,BIDIRECCIONAL,ASFALTO,BUENO,SECO,DESPEJADO,0,0,0,1,05,058,05801,Valparaíso,Marga Marga,Quilpué,Interseccion,"LA AGUADA & TIERRAS ROJAS, Quilpué",-33.058715,-71.413192
-8056490.44077388,-4445863.29724468,2770,2023,1555316,2023/08/27 00:00:00+00,Agosto,27,Domingo,1899/12/30 00:00:00+00,16:10:00,16,REGION BIO BIO,CABRERO,VOLCADURA,VOLCADURA,RURAL,TRAMO DE VIA RECTA,FALLAS MECANICAS,FALLAS MECANICAS NEUMATICOS, , , ,0,RUTA 5 SUR,461,BIDIRECCIONAL CON BANDEJON,ASFALTO,BUENO,SECO,NUBLADO,0,1,0,0,08,083,08303,Biobío,Biobío,Cabrero,Ruta,RUTA 5 SUR km 461,-37.048458,-72.372685
-7933051.37512481,-3498709.40566958,2771,2023,1515250,2023/03/08 00:00:00+00,Marzo,8,Miércoles,1899/12/30 00:00:00+00,07:15:00,7,REGION COQUIMBO,COQUIMBO,COLISION POR ALCANCE,COLISION,URBANA,TRAMO DE VIA RECTA,ALCOHOL EN CONDUCTOR,CONDUCCION EN ESTADO DE EBRIEDAD,PRESIDENTE ARTURO ALESSANDRI,ÑUBLE,ÑUBLE - PRESIDENTE ARTURO ALESSANDRI,0, , ,BIDIRECCIONAL,ASFALTO,BUENO,SECO,NUBLADO,0,2,0,1,04,041,04102,Coquimbo,Elqui,Coquimbo,Interseccion,"ÑUBLE & PRESIDENTE ARTURO ALESSANDRI, Coquimbo",-29.962336,-71.263813
-7866674.90237176,-3952903.25732119,2772,2023,1502336,2023/01/06 00:00:00+00,Enero,6,Viernes,1899/12/30 00:00:00+00,22:31:00,22,REGION METROPOLITANA,SANTIAGO,COLISION FRONTAL,COLISION,URBANA,CRUCE CON SEMAFORO FUNCIONANDO,DESOBEDIENCIA A SEÑALIZACION,SEÑALIZACION DESOBEDECER LUZ ROJA DE SEMAFORO,ANDES,MATURANA,ANDES - MATURANA,0, , ,UNIDIRECCIONAL,ASFALTO,BUENO,SECO,DESPEJADO,0,0,0,0,13,131,13101,Metropolitana de Santiago,Santiago,Santiago,Interseccion,"ANDES & MATURANA, Santiago",-33.432878,-70.667543
-7872162.42613669,-4019176.73830878,2773,2023,1583919,2023/08/27 00:00:00+00,Agosto,27,Domingo,1899/12/30 00:00:00+00,17:00:00,17,REGION LIB.B.O'HIGGINS,MOSTAZAL,VOLCADURA,VOLCADURA,RURAL,TRAMO DE VIA RECTA,VELOCIDAD IMPRUDENTE,VELOCIDAD NO RAZONABLE NI PRUDENTE, , , ,0,RUTA 5 SUR,57,BIDIRECCIONAL,ASFALTO,BUENO,SECO,DESPEJADO,0,0,0,1,06,061,06110,Libertador General Bernardo O'Higgins,Cachapoal,Mostazal,Ruta,RUTA 5 SUR km 57,-33.928287,-70.716838
-7872373.45842496,-4052161.44803754,2774,2023,1515893,2023/03/08 00:00:00+00,Marzo,8,Miércoles,1899/12/30 00:00:00+00,08:00:00,8,REGION LIB.B.O'HIGGINS,RANCAGUA,ATROPELLO,ATROPELLO,URBANA,TRAMO DE VIA RECTA,IMPRUDENCIA DEL PEATON,PEATON CRUZA CALZADA FUERA PASO PEATONES,MIGUEL RAMIREZ,EINSTEIN,EINSTEIN - MIGUEL RAMIREZ,0, , ,UNIDIRECCIONAL,ASFALTO,BUENO,SECO,DESPEJADO,0,1,0,1,06,061,06101,Libertador General Bernardo O'Higgins,Cachapoal,Rancagua,Interseccion,"EINSTEIN & MIGUEL RAMIREZ, Rancagua",-34.173788,-70.718734
-7855503.83562337,-3963390.49052777,2775,2023,1508858,2023/02/07 00:00:00+00,Febrero,7,Martes,1899/12/30 00:00:00+00,13:45:00,13,REGION METROPOLITANA,LA FLORIDA,VOLCADURA,VOLCADURA,URBANA,CRUCE CON SEMAFORO FUNCIONANDO,IMPRUDENCIA DEL CONDUCTOR,CONDUCCION NO ATENTO CONDICIONES TRANSITO MOMENTO,DEPARTAMENTAL,VOLCAN CALBUCO,DEPARTAMENTAL - VOLCAN CALBUCO,0, , ,BIDIRECCIONAL,ASFALTO,REGULAR,OTROS,DESPEJADO,0,0,0,1,13,131,13110,Metropolitana de Santiago,Santiago,La Florida,Interseccion,"DEPARTAMENTAL & VOLCAN CALBUCO, La Florida",-33.511462,-70.567192
-7866674.90237176,-3952903.25732119,2776,2023,1502669,2023/01/06 00:00:00+00,Enero,6,Viernes,1899/12/30 00:00:00+00,22:31:00,22,REGION METROPOLITANA,SANTIAGO,COLISION FRONTAL,COLISION,URBANA,TRAMO DE VIA RECTA,DESOBEDIENCIA A SEÑALIZACION,SEÑALIZACION DESOBEDECER LUZ ROJA DE SEMAFORO,ANDES,MATURANA,ANDES - MATURANA,0, , ,UNIDIRECCIONAL,CONCRETO,BUENO,SECO,DESPEJADO,0,0,0,0,13,131,13101,Metropolitana de Santiago,Santiago,Santiago,Interseccion,"ANDES & MATURANA, Santiago",-33.432878,-70.667543
-7888253.10929162,-4074803.3386566,2777,2023,1555178,2023/08/30 00:00:00+00,Agosto,30,Miércoles,1899/12/30 00:00:00+00,09:30:00,9,REGION LIB.B.O'HIGGINS,QUINTA DE TILCOCO,IMPACTO CON ANIMAL,OTRO TIPO,RURAL,TRAMO DE VIA RECTA,DEFICIENCIAS VIALES,ANIMALES SUELTOS VIA PUBLICA, , , ,0,"H-50, H-56",2,BIDIRECCIONAL,ASFALTO,BUENO,SECO,DESPEJADO,0,0,0,1,06,061,06114,Libertador General Bernardo O'Higgins,Cachapoal,Quinta de Tilcoco,Ruta,"H-50, H-56 km 2",-34.341897,-70.861383
-7861960.1879782,-3968107.1974961,2778,2023,1512660,2023/02/07 00:00:00+00,Febrero,7,Martes,1899/12/30 00:00:00+00,13:50:00,13,REGION METROPOLITANA,LA GRANJA,CHOQUE FRENTE/LADO,CHOQUE,URBANA,TRAMO DE VIA RECTA,IMPRUDENCIA DEL CONDUCTOR,CONDUCCION NO ATENTO CONDICIONES TRANSITO MOMENTO,VICUÑA MACKENNA,JOAQUIN EDWARDS BELLO,JOAQUIN EDWARDS BELLO - VICUÑA MACKENNA,0, , ,BIDIRECCIONAL,CONCRETO,BUENO,SECO,DESPEJADO,0,0,0,0,13,131,13111,Metropolitana de Santiago,Santiago,La Granja,Interseccion,"JOAQUIN EDWARDS BELLO & VICUÑA MACKENNA, La Granja",-33.546783,-70.62519
-8129831.50693928,-4426161.02974811,2779,2023,1503780,2023/01/07 00:00:00+00,Enero,7,Sábado,1899/12/30 00:00:00+00,00:30:00,0,REGION BIO BIO,CHIGUAYANTE,COLISION LATERAL,COLISION,URBANA,ENLACE A NIVEL,IMPRUDENCIA DEL CONDUCTOR,CONDUCCION CAMBIAR SORPRESIVAMENTE PISTA CIRCULACION,COSTANERA,8 ORIENTE,8 ORIENTE - COSTANERA,0, , ,UNIDIRECCIONAL,CONCRETO,BUENO,SECO,DESPEJADO,0,0,0,1,08,081,08103,Biobío,Concepción,Chiguayante,Interseccion,"8 ORIENTE & COSTANERA, Chiguayante",-36.907067,-73.031519
-8092832.35910381,-4553008.60249523,2780,2023,1515744,2023/03/08 00:00:00+00,Marzo,8,Miércoles,1899/12/30 00:00:00+00,08:40:00,8,REGION ARAUCANIA,ANGOL,COLISION FRONTAL,COLISION,URBANA,CRUCE CON SEÑAL PARE,IMPRUDENCIA DEL CONDUCTOR,CONDUCCION NO ATENTO CONDICIONES TRANSITO MOMENTO,OCALINDO,CABURGA,CABURGA - OCALINDO,0, , ,BIDIRECCIONAL,CONCRETO,BUENO,SECO,DESPEJADO,0,1,0,0,09,092,09201,La Araucanía,Malleco,Angol,Interseccion,"CABURGA & OCALINDO, Angol",-37.812759,-72.69915
-7971357.30248496,-4279181.7210455,2781,2023,1502263,2023/01/07 00:00:00+00,Enero,7,Sábado,1899/12/30 00:00:00+00,07:30:00,7,REGION MAULE,LINARES,COLISION POR ALCANCE,COLISION,URBANA,CRUCE CON SEMAFORO FUNCIONANDO,IMPRUDENCIA DEL CONDUCTOR,CONDUCCION NO ATENTO CONDICIONES TRANSITO MOMENTO,ANIBAL LEON BUSTOS,CHORRILLOS,ANIBAL LEON BUSTOS - CHORRILLOS,0, , ,BIDIRECCIONAL,CONCRETO,BUENO,SECO,DESPEJADO,0,0,0,1,07,074,07401,Maule,Linares,Linares,Interseccion,"ANIBAL LEON BUSTOS & CHORRILLOS, Linares",-35.844033,-71.607921
-7915313.9028568,-4079950.41788129,2782,2023,1555653,2023/08/31 00:00:00+00,Agosto,31,Jueves,1899/12/30 00:00:00+00,09:00:00,9,REGION LIB.B.O'HIGGINS,SAN VICENTE,VOLCADURA,VOLCADURA,RURAL,TRAMO DE VIA RECTA,VELOCIDAD IMPRUDENTE,VELOCIDAD NO RAZONABLE NI PRUDENTE, , , ,0,"H-50, H-56",6,BIDIRECCIONAL,ASFALTO,BUENO,SECO,DESPEJADO,0,1,0,0,06,061,06117,Libertador General Bernardo O'Higgins,Cachapoal,San Vicente,Ruta,"H-50, H-56 km 6",-34.380065,-71.104475
-7861231.93586943,-3956430.65387684,2783,2023,1515278,2023/03/08 00:00:00+00,Marzo,8,Miércoles,1899/12/30 00:00:00+00,10:25:00,10,REGION METROPOLITANA,ÑUÑOA,COLISION POR ALCANCE,COLISION,URBANA,CRUCE CON SEÑAL PARE,DESOBEDIENCIA A SEÑALIZACION,SEÑALIZACION DESOBEDECER SEÑAL PARE,SUAREZ MUJICA,JOSE MANUEL INFANTE,JOSE MANUEL INFANTE - SUAREZ MUJICA,0, , ,UNIDIRECCIONAL,CONCRETO,BUENO,SECO,DESPEJADO,0,1,0,0,13,131,13120,Metropolitana de Santiago,Santiago,Ñuñoa,Interseccion,"JOSE MANUEL INFANTE & SUAREZ MUJICA, Ñuñoa",-33.459318,-70.618648
-7866402.3922583,-3952789.86172526,2784,2023,1510024,2023/02/07 00:00:00+00,Febrero,7,Martes,1899/12/30 00:00:00+00,16:30:00,16,REGION METROPOLITANA,SANTIAGO,COLISION FRONTAL,COLISION,URBANA,CRUCE CON SEMAFORO FUNCIONANDO,DESOBEDIENCIA A SEÑALIZACION,SEÑALIZACION DESOBEDECER SEÑAL PARE,BRASIL,MAPOCHO,BRASIL - MAPOCHO,0, , ,UNIDIRECCIONAL,ASFALTO,BUENO,SECO,DESPEJADO,0,0,0,1,13,131,13101,Metropolitana de Santiago,Santiago,Santiago,Interseccion,"BRASIL & MAPOCHO, Santiago",-33.432028,-70.665095
-7926265.70206796,-3493013.89724782,2785,2023,1558498,2023/09/01 00:00:00+00,Septiembre,1,Viernes,1899/12/30 00:00:00+00,08:40:00,8,REGION COQUIMBO,LA SERENA,COLISION POR ALCANCE,COLISION,RURAL,TRAMO DE VIA RECTA,IMPRUDENCIA DEL CONDUCTOR,CONDUCCION NO ATENTO CONDICIONES TRANSITO MOMENTO, , , ,0,41 CH,6,BIDIRECCIONAL,CONCRETO,BUENO,SECO,DESPEJADO,0,0,0,2,04,041,04101,Coquimbo,Elqui,La Serena,Ruta,41 CH km 6,-29.918,-71.202856
-7860208.57579056,-3952711.82869954,2786,2023,1515100,2023/03/08 00:00:00+00,Marzo,8,Miércoles,1899/12/30 00:00:00+00,10:30:00,10,REGION METROPOLITANA,PROVIDENCIA,CHOQUE LADO/LADO,CHOQUE,URBANA,CRUCE CON SEMAFORO FUNCIONANDO,IMPRUDENCIA DEL CONDUCTOR,CONDUCCION NO ATENTO CONDICIONES TRANSITO MOMENTO,PEDRO LEON GALLO,STA MARIA,PEDRO LEON GALLO - STA MARIA,0, , ,UNIDIRECCIONAL,ASFALTO,BUENO,SECO,DESPEJADO,0,0,0,0,13,131,13123,Metropolitana de Santiago,Santiago,Providencia,Interseccion,"PEDRO LEON GALLO & STA MARIA, Providencia",-33.431443,-70.609455
-7976353.20991227,-4218664.17855127,2787,2023,1502276,2023/01/07 00:00:00+00,Enero,7,Sábado,1899/12/30 00:00:00+00,10:30:00,10,REGION MAULE,TALCA,COLISION LATERAL,COLISION,URBANA,CRUCE CON SEÑAL PARE,IMPRUDENCIA DEL CONDUCTOR,"ADELANTAMIENTO EN CRUCE, CURVA, CUESTA, PUENTE",5 ORIENTE,19 NORTE,19 NORTE - 5 ORIENTE,0, , ,BIDIRECCIONAL,ASFALTO,BUENO,SECO,DESPEJADO,0,1,0,0,07,071,07101,Maule,Talca,Talca,Interseccion,"19 NORTE & 5 ORIENTE, Talca",-35.40213,-71.6528
-7866402.3922583,-3952789.86172526,2788,2023,1513415,2023/02/07 00:00:00+00,Febrero,7,Martes,1899/12/30 00:00:00+00,16:30:00,16,REGION METROPOLITANA,SANTIAGO,COLISION POR ALCANCE,COLISION,URBANA,TRAMO DE VIA RECTA,IMPRUDENCIA DEL CONDUCTOR,CONDUCCION SIN MANTENER DISTANCIA RAZONABLE NI PRUDENTE,BRASIL,MAPOCHO,BRASIL - MAPOCHO,0, , ,UNIDIRECCIONAL,CONCRETO,BUENO,SECO,DESPEJADO,0,0,0,1,13,131,13101,Metropolitana de Santiago,Santiago,Santiago,Interseccion,"BRASIL & MAPOCHO, Santiago",-33.432028,-70.665095
-7871537.91659097,-3955421.2565634,2789,2023,1521562,2023/03/08 00:00:00+00,Marzo,8,Miércoles,1899/12/30 00:00:00+00,12:00:00,12,REGION METROPOLITANA,LO PRADO,CHOQUE FRENTE/FRENTE,CHOQUE,URBANA,CRUCE CON SEÑAL PARE,DESOBEDIENCIA A SEÑALIZACION,SEÑALIZACION DESOBEDECER SEÑAL PARE,LA COMUNA,LAS REJAS NORTE,LA COMUNA - LAS REJAS NORTE,0, , ,BIDIRECCIONAL,ASFALTO,BUENO,SECO,DESPEJADO,0,0,0,0,13,131,13117,Metropolitana de Santiago,Santiago,Lo Prado,Interseccion,"LA COMUNA & LAS REJAS NORTE, Lo Prado",-33.451753,-70.711228
-7992743.70797046,-4069148.50542811,2790,2023,1557114,2023/09/01 00:00:00+00,Septiembre,1,Viernes,1899/12/30 00:00:00+00,13:45:00,13,REGION LIB.B.O'HIGGINS,MARCHIHUE,COLISION,COLISION,RURAL,TRAMO DE VIA RECTA,ALCOHOL EN CONDUCTOR,CONDUCCION EN ESTADO DE EBRIEDAD, , , ,0,I-50,"98,2",BIDIRECCIONAL,ASFALTO,BUENO,SECO,DESPEJADO,0,1,0,1,06,062,06204,Libertador General Bernardo O'Higgins,Cardenal Caro,Marchihue,Ruta,"I-50 km 98,2",-34.299943,-71.800038
-7860455.37110165,-3950621.00622759,2791,2023,1502089,2023/01/07 00:00:00+00,Enero,7,Sábado,1899/12/30 00:00:00+00,11:00:00,11,REGION METROPOLITANA,PROVIDENCIA,COLISION LATERAL,COLISION,URBANA,CRUCE CON SEMAFORO FUNCIONANDO,DESOBEDIENCIA A SEÑALIZACION,SEÑALIZACION DESOBEDECER LUZ ROJA DE SEMAFORO,EL CERRO,LOS CONQUISTADORES,EL CERRO - LOS CONQUISTADORES,0, , ,UNIDIRECCIONAL,ASFALTO,BUENO,SECO,DESPEJADO,0,1,0,0,13,131,13123,Metropolitana de Santiago,Santiago,Providencia,Interseccion,"EL CERRO & LOS CONQUISTADORES, Providencia",-33.415767,-70.611672
-7970628.23774391,-3902247.68083851,2792,2023,1508746,2023/02/07 00:00:00+00,Febrero,7,Martes,1899/12/30 00:00:00+00,17:25:00,17,REGION VALPARAISO,VALPARAISO,VOLCADURA,VOLCADURA,URBANA,TRAMO DE VIA RECTA,VELOCIDAD IMPRUDENTE,VELOCIDAD NO RAZONABLE NI PRUDENTE,ERRAZURIZ,JUANA ROSS,ERRAZURIZ - JUANA ROSS,0, , ,BIDIRECCIONAL CON BANDEJON,ASFALTO,BUENO,SECO,DESPEJADO,0,1,0,0,05,051,05101,Valparaíso,Valparaíso,Valparaíso,Interseccion,"ERRAZURIZ & JUANA ROSS, Valparaíso",-33.052298,-71.601372
-8120865.9522255,-4799237.57377261,2793,2023,1557325,2023/09/01 00:00:00+00,Septiembre,1,Viernes,1899/12/30 00:00:00+00,15:40:00,15,REGION DE LOS RIOS,MARIQUINA,VOLCADURA,VOLCADURA,RURAL,TRAMO DE VIA RECTA,VELOCIDAD IMPRUDENTE,VELOCIDAD NO RAZONABLE NI PRUDENTE, , , ,0,T-230,7,BIDIRECCIONAL,ASFALTO,REGULAR,HUMEDO,NUBLADO,0,0,0,1,14,141,14106,Los Ríos,Valdivia,Mariquina,Ruta,T-230 km 7,-39.539431,-72.95098
-8131110.23393003,-4414346.6723696,2794,2023,1502563,2023/01/07 00:00:00+00,Enero,7,Sábado,1899/12/30 00:00:00+00,11:50:00,11,REGION BIO BIO,CONCEPCION,CHOQUE LATERAL,CHOQUE,URBANA,CRUCE CON SEMAFORO FUNCIONANDO,IMPRUDENCIA DEL CONDUCTOR,VIRAJES INDEBIDOS,PAICAVI,FREIRE,FREIRE - PAICAVI,0, , ,BIDIRECCIONAL CON BANDEJON,CONCRETO,BUENO,SECO,DESPEJADO,0,0,0,1,08,081,08101,Biobío,Concepción,Concepción,Interseccion,"FREIRE & PAICAVI, Concepción",-36.822157,-73.043006
-8132279.64518081,-4412087.14646765,2795,2023,1510945,2023/02/07 00:00:00+00,Febrero,7,Martes,1899/12/30 00:00:00+00,17:40:00,17,REGION BIO BIO,CONCEPCION,VOLCADURA,VOLCADURA,URBANA,TRAMO DE VIA RECTA,IMPRUDENCIA DEL CONDUCTOR,CONDUCCION NO ATENTO CONDICIONES TRANSITO MOMENTO,PAICAVI,VENTUS,PAICAVI - VENTUS,0, , ,BIDIRECCIONAL CON BANDEJON,CONCRETO,BUENO,SECO,DESPEJADO,0,0,0,2,08,081,08101,Biobío,Concepción,Concepción,Interseccion,"PAICAVI & VENTUS, Concepción",-36.805907,-73.053511
-7866179.30799875,-3970635.63279484,2796,2023,1515799,2023/03/08 00:00:00+00,Marzo,8,Miércoles,1899/12/30 00:00:00+00,13:30:00,13,REGION METROPOLITANA,EL BOSQUE,COLISION POR ALCANCE,COLISION,URBANA,CRUCE CON SEÑAL PARE,IMPRUDENCIA DEL CONDUCTOR,CONDUCCION NO ATENTO CONDICIONES TRANSITO MOMENTO,LOS MIMBRES,STA ELENA,LOS MIMBRES - STA ELENA,0, , ,BIDIRECCIONAL,ASFALTO,REGULAR,SECO,DESPEJADO,0,0,0,2,13,131,13105,Metropolitana de Santiago,Santiago,El Bosque,Interseccion,"LOS MIMBRES & STA ELENA, El Bosque",-33.565711,-70.663091
-7746309.8679329,-2640568.03992949,2797,2023,1563705,2023/09/02 00:00:00+00,Septiembre,2,Sábado,1899/12/30 00:00:00+00,13:10:00,13,REGION ANTOFAGASTA,SIERRA GORDA,VOLCADURA,VOLCADURA,RURAL,TRAMO DE VIA RECTA,VELOCIDAD IMPRUDENTE,VELOCIDAD NO RAZONABLE NI PRUDENTE, , , ,0,RUTA 5 NORTE,1461,BIDIRECCIONAL,ASFALTO,REGULAR,SECO,DESPEJADO,0,1,0,0,02,021,02103,Antofagasta,Antofagasta,Sierra Gorda,Ruta,RUTA 5 NORTE km 1461,-23.070677,-69.586285
-7981004.80617682,-3947821.30116512,2798,2023,1506609,2023/01/07 00:00:00+00,Enero,7,Sábado,1899/12/30 00:00:00+00,12:30:00,12,REGION VALPARAISO,EL QUISCO,COLISION FRONTAL,COLISION,URBANA,TRAMO DE VIA RECTA,IMPRUDENCIA DEL CONDUCTOR,"ADELANTAMIENTO EN CRUCE, CURVA, CUESTA, PUENTE",ISIDORO DUBOURNAIS,COSTANERA,COSTANERA - ISIDORO DUBOURNAIS,0, , ,BIDIRECCIONAL,ASFALTO,BUENO,SECO,DESPEJADO,0,0,0,1,05,056,05604,Valparaíso,San Antonio,El Quisco,Interseccion,"COSTANERA & ISIDORO DUBOURNAIS, El Quisco",-33.394772,-71.694586
-8084246.61511577,-4686571.18891955,2799,2023,1515166,2023/03/08 00:00:00+00,Marzo,8,Miércoles,1899/12/30 00:00:00+00,15:30:00,15,REGION ARAUCANIA,TEMUCO,COLISION,COLISION,URBANA,CRUCE CON SEMAFORO FUNCIONANDO,DESOBEDIENCIA A SEÑALIZACION,SEÑALIZACION DESOBEDECER LUZ ROJA DE SEMAFORO,MANUEL RECABARREN,VENECIA,MANUEL RECABARREN - VENECIA,0, , ,BIDIRECCIONAL CON BANDEJON,CONCRETO,BUENO,SECO,DESPEJADO,0,0,1,1,09,091,09101,La Araucanía,Cautín,Temuco,Interseccion,"MANUEL RECABARREN & VENECIA, Temuco",-38.754532,-72.622023
-7874022.03328078,-3981082.4497804,2800,2023,1508818,2023/02/07 00:00:00+00,Febrero,7,Martes,1899/12/30 00:00:00+00,21:15:00,21,REGION METROPOLITANA,SAN BERNARDO,COLISION POR ALCANCE,COLISION,URBANA,CRUCE SIN SEÑALIZACION,IMPRUDENCIA DEL CONDUCTOR,CONDUCCION SIN MANTENER DISTANCIA RAZONABLE NI PRUDENTE,PDTE JORGE ALESSANDRI RODRIGUEZ,CAMINO CALERA DE TANGO,CAMINO CALERA DE TANGO - PDTE JORGE ALESSANDRI RODRIGUEZ,0, , ,BIDIRECCIONAL,ASFALTO,BUENO,SECO,DESPEJADO,0,0,1,0,13,134,13401,Metropolitana de Santiago,Maipo,San Bernardo,Interseccion,"CAMINO CALERA DE TANGO & PDTE JORGE ALESSANDRI RODRIGUEZ, San Bernardo",-33.643872,-70.733543