X,Y,FID,Año,IdAccident,Fecha,Mes,Dia_mes,Dia_semana,Hora,Hora_texto,Hora_aprox,Región,Comuna,Tipo_Accid,Tipo__CONA,Zona,Ubicación,Causa__CON,Causa_Acci,Calle_Uno,Calle_Dos,Intersecci,Número,Ruta,Ubicaci_1,Calzada,Tipo_Calza,Estado_Cal,Condición,Estado_Atm,Fallecidos,Graves,Menos_Grav,Leves,CUT_REG,CUT_PROV,CUT_COM,REGION,PROVINCIA,COMUNA1,Tipo_direc,Direccion,Lat,Lon
-7906079.28214328,-4125901.66063829,2801,2023,1562696,2023/09/02 00:00:00+00,Septiembre,2,Sábado,1899/12/30 00:00:00+00,21:40:00,21,REGION LIB.B.O'HIGGINS,CHIMBARONGO,COLISION LATERAL,COLISION,RURAL,TRAMO DE VIA RECTA,IMPRUDENCIA DEL CONDUCTOR,CONDUCCION NO ATENTO CONDICIONES TRANSITO MOMENTO, , , ,0,I-85-J,1,BIDIRECCIONAL,ASFALTO,BUENO,SECO,NUBLADO,0,0,0,1,06,063,06303,Libertador General Bernardo O'Higgins,Colchagua,Chimbarongo,Ruta,I-85-J km 1,-34.720049,-71.021519
-7976289.53516354,-4221013.16905967,2802,2023,1502091,2023/01/07 00:00:00+00,Enero,7,Sábado,1899/12/30 00:00:00+00,13:25:00,13,REGION MAULE,TALCA,COLISION LATERAL,COLISION,URBANA,TRAMO DE VIA RECTA,IMPRUDENCIA DEL CONDUCTOR,CONDUCCION NO ATENTO CONDICIONES TRANSITO MOMENTO,CANCHA RAYADA,9 1/2 ORIENTE,9 1/2 ORIENTE - CANCHA RAYADA,0, , ,BIDIRECCIONAL,CONCRETO,BUENO,SECO,DESPEJADO,0,0,1,1,07,071,07101,Maule,Talca,Talca,Interseccion,"9 1/2 ORIENTE & CANCHA RAYADA, Talca",-35.419328,-71.652228
-7959865.23479726,-3868259.42850035,2803,2023,1515670,2023/03/08 00:00:00+00,Marzo,8,Miércoles,1899/12/30 00:00:00+00,15:50:00,15,REGION VALPARAISO,QUINTERO,COLISION,COLISION,URBANA,TRAMO DE VIA RECTA,IMPRUDENCIA DEL CONDUCTOR,CONDUCCION NO ATENTO CONDICIONES TRANSITO MOMENTO,EL BOSQUE,MANQUEHUE,EL BOSQUE - MANQUEHUE,0, , ,BIDIRECCIONAL,CONCRETO,BUENO,SECO,DESPEJADO,0,0,1,0,05,051,05107,Valparaíso,Valparaíso,Quintero,Interseccion,"EL BOSQUE & MANQUEHUE, Quintero",-32.796014,-71.504686
-7971357.30248496,-4279181.7210455,2804,2023,1508647,2023/02/07 00:00:00+00,Febrero,7,Martes,1899/12/30 00:00:00+00,22:10:00,22,REGION MAULE,LINARES,VOLCADURA,VOLCADURA,URBANA,CRUCE CON SEMAFORO FUNCIONANDO,ALCOHOL EN CONDUCTOR,CONDUCCION BAJO LA INFLUENCIA DEL ALCOHOL,ANIBAL LEON BUSTOS,CHORRILLOS,ANIBAL LEON BUSTOS - CHORRILLOS,0, , ,BIDIRECCIONAL,ASFALTO,BUENO,SECO,DESPEJADO,0,0,0,1,07,074,07401,Maule,Linares,Linares,Interseccion,"ANIBAL LEON BUSTOS & CHORRILLOS, Linares",-35.844033,-71.607921
-7897983.39783788,-7015873.45556063,2805,2023,1502996,2023/01/07 00:00:00+00,Enero,7,Sábado,1899/12/30 00:00:00+00,16:00:00,16,REGION MAGALLANES Y ANTARTICA CHILENA,PUNTA ARENAS,COLISION LATERAL,COLISION,URBANA,CRUCE CON SEÑAL PARE,ALCOHOL EN CONDUCTOR,CONDUCCION EN ESTADO DE EBRIEDAD,JOSE MARTINEZ DE ALDUNATE,PRESIDENTE EDUARDO FREI MONTALVA,JOSE MARTINEZ DE ALDUNATE - PRESIDENTE EDUARDO FREI MONTALVA,0, , ,BIDIRECCIONAL CON BANDEJON,ASFALTO,BUENO,SECO,NUBLADO,0,1,0,0,12,121,12101,Magallanes y de la Antártica Chilena,Magallanes,Punta Arenas,Interseccion,"JOSE MARTINEZ DE ALDUNATE & PRESIDENTE EDUARDO FREI MONTALVA, Punta Arenas",-53.177366,-70.948792
-7858537.68134344,-3873167.62181812,2806,2023,1508677,2023/02/07 00:00:00+00,Febrero,7,Martes,1899/12/30 00:00:00+00,22:20:00,22,REGION VALPARAISO,LOS ANDES,COLISION FRONTAL,COLISION,URBANA,CRUCE CON SEÑAL PARE,DESOBEDIENCIA A SEÑALIZACION,SEÑALIZACION DESOBEDECER SEÑAL PARE,MANUEL RODRIGUEZ,RANCAGUA,MANUEL RODRIGUEZ - RANCAGUA,0, , ,UNIDIRECCIONAL,ASFALTO,BUENO,SECO,DESPEJADO,0,1,0,0,05,053,05301,Valparaíso,Los Andes,Los Andes,Interseccion,"MANUEL RODRIGUEZ & RANCAGUA, Los Andes",-32.833069,-70.594445
-8088329.784505,-4864025.1670298,2807,2023,1557340,2023/09/03 00:00:00+00,Septiembre,3,Domingo,1899/12/30 00:00:00+00,15:25:00,15,REGION DE LOS RIOS,LOS LAGOS,VOLCADURA,VOLCADURA,RURAL,TRAMO DE VIA CURVA VERTICAL,IMPRUDENCIA DEL CONDUCTOR,CONDUCCION NO ATENTO CONDICIONES TRANSITO MOMENTO, , , ,0,"T-55, T-39",22,BIDIRECCIONAL,ASFALTO,REGULAR,SECO,NUBLADO,0,0,0,1,14,141,14104,Los Ríos,Valdivia,Los Lagos,Ruta,"T-55, T-39 km 22",-39.986806,-72.658703
-8091834.49118834,-4508425.10886686,2808,2023,1515062,2023/03/08 00:00:00+00,Marzo,8,Miércoles,1899/12/30 00:00:00+00,16:00:00,16,REGION BIO BIO,NACIMIENTO,COLISION,COLISION,URBANA,CRUCE CON SEÑAL PARE,IMPRUDENCIA DEL CONDUCTOR,CONDUCCION NO ATENTO CONDICIONES TRANSITO MOMENTO,JULIO HEMMELMANN,LAUTARO,JULIO HEMMELMANN - LAUTARO,0, , ,BIDIRECCIONAL,ASFALTO,BUENO,SECO,DESPEJADO,0,0,0,2,08,083,08306,Biobío,Biobío,Nacimiento,Interseccion,"JULIO HEMMELMANN & LAUTARO, Nacimiento",-37.495679,-72.690186
-8120424.96743208,-4901472.01432218,2809,2023,1556562,2023/09/03 00:00:00+00,Septiembre,3,Domingo,1899/12/30 00:00:00+00,19:30:00,19,REGION DE LOS RIOS,LA UNION,CHOQUE FRONTAL,CHOQUE,RURAL,ROTONDA,VELOCIDAD IMPRUDENTE,VELOCIDAD NO RAZONABLE NI PRUDENTE, , , ,0,RUTA 5 SUR,879,BIDIRECCIONAL,ASFALTO,BUENO,SECO,DESPEJADO,1,0,0,0,14,142,14201,Los Ríos,Ranco,La Unión,Ruta,RUTA 5 SUR km 879,-40.24406,-72.947019
-7854150.23514312,-3970714.45493089,2810,2023,1502683,2023/01/07 00:00:00+00,Enero,7,Sábado,1899/12/30 00:00:00+00,17:00:00,17,REGION METROPOLITANA,PUENTE ALTO,COLISION LATERAL,COLISION,URBANA,TRAMO DE VIA RECTA,IMPRUDENCIA DEL CONDUCTOR,CONDUCCION NO ATENTO CONDICIONES TRANSITO MOMENTO,LOS TOROS,CAMILO HENRIQUEZ,CAMILO HENRIQUEZ - LOS TOROS,0, , ,BIDIRECCIONAL,CONCRETO,BUENO,SECO,DESPEJADO,0,0,0,1,13,132,13201,Metropolitana de Santiago,Cordillera,Puente Alto,Interseccion,"CAMILO HENRIQUEZ & LOS TOROS, Puente Alto",-33.566301,-70.555032
-7962594.03177237,-3868160.87609574,2811,2023,1515625,2023/03/08 00:00:00+00,Marzo,8,Miércoles,1899/12/30 00:00:00+00,16:20:00,16,REGION VALPARAISO,QUINTERO,COLISION,COLISION,URBANA,TRAMO DE VIA RECTA,IMPRUDENCIA DEL CONDUCTOR,CONDUCCION NO ATENTO CONDICIONES TRANSITO MOMENTO,SALAS,LUIS COUSIÑO,LUIS COUSIÑO - SALAS,0, , ,BIDIRECCIONAL,ASFALTO,BUENO,SECO,DESPEJADO,0,0,0,1,05,051,05107,Valparaíso,Valparaíso,Quintero,Interseccion,"LUIS COUSIÑO & SALAS, Quintero",-32.79527,-71.529199
-7837158.83990603,-2712479.94636025,2812,2023,1509623,2023/02/07 00:00:00+00,Febrero,7,Martes,1899/12/30 00:00:00+00,22:40:00,22,REGION ANTOFAGASTA,ANTOFAGASTA,COLISION,COLISION,URBANA,TRAMO DE VIA RECTA,ALCOHOL EN CONDUCTOR,CONDUCCION EN ESTADO DE EBRIEDAD,AVELINO CONTARDO,ANGAMOS,ANGAMOS - AVELINO CONTARDO,0, , ,BIDIRECCIONAL,ASFALTO,BUENO,SECO,DESPEJADO,0,1,0,3,02,021,02101,Antofagasta,Antofagasta,Antofagasta,Interseccion,"ANGAMOS & AVELINO CONTARDO, Antofagasta",-23.663686,-70.402396
-7935462.17872381,-4158944.27290733,2813,2023,1558188,2023/09/04 00:00:00+00,Septiembre,4,Lunes,1899/12/30 00:00:00+00,07:50:00,7,REGION MAULE,CURICO,COLISION POR ALCANCE,COLISION,RURAL,TRAMO DE VIA RECTA,IMPRUDENCIA DEL CONDUCTOR,CONDUCCION SIN MANTENER DISTANCIA RAZONABLE NI PRUDENTE, , , ,0,J-620,4,BIDIRECCIONAL,ASFALTO,BUENO,MOJADO,LLUVIA,0,0,1,0,07,073,07301,Maule,Curicó,Curicó,Ruta,J-620 km 4,-34.963664,-71.28547
-7960354.81800682,-3900586.87770651,2814,2023,1502208,2023/01/07 00:00:00+00,Enero,7,Sábado,1899/12/30 00:00:00+00,18:25:00,18,REGION VALPARAISO,VIÑA DEL MAR,COLISION,COLISION,URBANA,TRAMO DE VIA RECTA,IMPRUDENCIA DEL CONDUCTOR,CONDUCCION NO ATENTO CONDICIONES TRANSITO MOMENTO,TRONCAL URBANO,BAHIA SOBERANIA,BAHIA SOBERANIA - TRONCAL URBANO,0, , ,BIDIRECCIONAL,ASFALTO,BUENO,SECO,DESPEJADO,0,0,0,1,05,051,05109,Valparaíso,Valparaíso,Viña del Mar,Interseccion,"BAHIA SOBERANIA & TRONCAL URBANO, Viña del Mar",-33.039792,-71.509084
-7953876.24615918,-3903055.5646879,2815,2023,1515381,2023/03/08 00:00:00+00,Marzo,8,Miércoles,1899/12/30 00:00:00+00,17:20:00,17,REGION VALPARAISO,QUILPUE,COLISION LATERAL,COLISION,URBANA,TRAMO DE VIA RECTA,IMPRUDENCIA DEL CONDUCTOR,CONDUCCION SIN MANTENER DISTANCIA RAZONABLE NI PRUDENTE,PEDRO MONTT,VIÑA DEL MAR,PEDRO MONTT - VIÑA DEL MAR,0, , ,BIDIRECCIONAL,ASFALTO,BUENO,SECO,DESPEJADO,0,0,0,0,05,058,05801,Valparaíso,Marga Marga,Quilpué,Interseccion,"PEDRO MONTT & VIÑA DEL MAR, Quilpué",-33.058381,-71.450886
-7874652.72499896,-3996878.85930712,2816,2023,1510429,2023/02/08 00:00:00+00,Febrero,8,Miércoles,1899/12/30 00:00:00+00,00:00:00,0,REGION METROPOLITANA,BUIN,VOLCADURA,VOLCADURA,URBANA,CRUCE SIN SEÑALIZACION,VELOCIDAD IMPRUDENTE,VELOCIDAD NO RAZONABLE NI PRUDENTE,HERMANOS CARRERA,LAS VIOLETAS,HERMANOS CARRERA - LAS VIOLETAS,0, , ,BIDIRECCIONAL,ASFALTO,BUENO,SECO,DESPEJADO,0,1,0,0,13,134,13402,Metropolitana de Santiago,Maipo,Buin,Interseccion,"HERMANOS CARRERA & LAS VIOLETAS, Buin",-33.761924,-70.739209
-7922013.54389196,-4081468.01560288,2817,2023,1558460,2023/09/04 00:00:00+00,Septiembre,4,Lunes,1899/12/30 00:00:00+00,15:00:00,15,REGION LIB.B.O'HIGGINS,PEUMO,COLISION,COLISION,RURAL,TRAMO DE VIA RECTA,IMPRUDENCIA DEL CONDUCTOR,CONDUCCION NO ATENTO CONDICIONES TRANSITO MOMENTO, , , ,0,RUTA 66,"26,6",BIDIRECCIONAL,ASFALTO,BUENO,MOJADO,LLOVIZNA,0,0,0,1,06,061,06112,Libertador General Bernardo O'Higgins,Cachapoal,Peumo,Ruta,"RUTA 66 km 26,6",-34.391316,-71.164658
-7980477.48572667,-4224953.27243777,2818,2023,1502070,2023/01/07 00:00:00+00,Enero,7,Sábado,1899/12/30 00:00:00+00,19:30:00,19,REGION MAULE,TALCA,COLISION LATERAL,COLISION,URBANA,TRAMO DE VIA RECTA,IMPRUDENCIA DEL CONDUCTOR,CONDUCCION NO ATENTO CONDICIONES TRANSITO MOMENTO,COLIN,29 SUR,29 SUR - COLIN,0, , ,BIDIRECCIONAL,CONCRETO,BUENO,SECO,DESPEJADO,0,0,0,1,07,071,07101,Maule,Talca,Talca,Interseccion,"29 SUR & COLIN, Talca",-35.448167,-71.689849
-8121054.74432667,-4383386.15806478,2819,2023,1513302,2023/02/08 00:00:00+00,Febrero,8,Miércoles,1899/12/30 00:00:00+00,05:00:00,5,REGION BIO BIO,TOME,COLISION PERPENDICULAR,COLISION,URBANA,CRUCE SIN SEÑALIZACION,IMPRUDENCIA DEL CONDUCTOR,CONDUCCION NO ATENTO CONDICIONES TRANSITO MOMENTO,LOS BOLDOS,VICENTE PALACIOS,LOS BOLDOS - VICENTE PALACIOS,0, , ,BIDIRECCIONAL,CONCRETO,BUENO,SECO,DESPEJADO,0,0,0,0,08,081,08111,Biobío,Concepción,Tomé,Interseccion,"LOS BOLDOS & VICENTE PALACIOS, Tomé",-36.599196,-72.952676
-7853401.88986627,-3959934.74085061,2820,2023,1515477,2023/03/08 00:00:00+00,Marzo,8,Miércoles,1899/12/30 00:00:00+00,18:00:00,18,REGION METROPOLITANA,PEÑALOLEN,COLISION FRONTAL,COLISION,URBANA,CRUCE CON SEÑAL PARE,IMPRUDENCIA DEL CONDUCTOR,CONDUCCION SIN MANTENER DISTANCIA RAZONABLE NI PRUDENTE,CONSISTORIAL,FRANCISCO OTTA,CONSISTORIAL - FRANCISCO OTTA,0, , ,BIDIRECCIONAL,CONCRETO,BUENO,SECO,DESPEJADO,0,0,0,0,13,131,13122,Metropolitana de Santiago,Santiago,Peñalolén,Interseccion,"CONSISTORIAL & FRANCISCO OTTA, Peñalolén",-33.485575,-70.54831
-7998932.1698705,-4365160.22787312,2821,2023,1557131,2023/09/04 00:00:00+00,Septiembre,4,Lunes,1899/12/30 00:00:00+00,20:15:00,20,REGION ÑUBLE,SAN CARLOS,COLISION LATERAL,COLISION,RURAL,TRAMO DE VIA RECTA,IMPRUDENCIA DEL CONDUCTOR,CONDUCCION NO ATENTO CONDICIONES TRANSITO MOMENTO, , , ,0,N-335,12,BIDIRECCIONAL,ASFALTO,BUENO,SECO,DESPEJADO,0,1,0,0,16,163,16301,Ñuble,Punilla,San Carlos,Ruta,N-335 km 12,-36.46764,-71.85563
-8086971.38791355,-4719523.17912676,2822,2023,1502564,2023/01/07 00:00:00+00,Enero,7,Sábado,1899/12/30 00:00:00+00,21:20:00,21,REGION ARAUCANIA,PITRUFQUEN,COLISION,COLISION,URBANA,TRAMO DE VIA RECTA,DESOBEDIENCIA A SEÑALIZACION,SEÑALIZACION DESOBEDECER SEÑAL CEDA EL PASO,ELEUTERIO RAMIREZ,PEDRO LEON GALLO SUR,ELEUTERIO RAMIREZ - PEDRO LEON GALLO SUR,0, , ,BIDIRECCIONAL,CONCRETO,BUENO,SECO,DESPEJADO,0,0,0,1,09,091,09114,La Araucanía,Cautín,Pitrufquén,Interseccion,"ELEUTERIO RAMIREZ & PEDRO LEON GALLO SUR, Pitrufquén",-38.985,-72.6465
-7959502.1183216,-3880417.23436196,2823,2023,1560340,2023/09/05 00:00:00+00,Septiembre,5,Martes,1899/12/30 00:00:00+00,09:00:00,9,REGION VALPARAISO,QUINTERO,CHOQUE LADO/POSTERIOR,CHOQUE,RURAL,TRAMO DE VIA RECTA,VELOCIDAD IMPRUDENTE,VELOCIDAD NO RAZONABLE NI PRUDENTE, , , ,0,F-30-E,73,BIDIRECCIONAL,ASFALTO,BUENO,HUMEDO,NUBLADO,0,0,0,1,05,051,05107,Valparaíso,Valparaíso,Quintero,Ruta,F-30-E km 73,-32.887774,-71.501424
-7876693.54522367,-3961372.70441391,2824,2023,1509062,2023/02/08 00:00:00+00,Febrero,8,Miércoles,1899/12/30 00:00:00+00,07:00:00,7,REGION METROPOLITANA,MAIPU,ATROPELLO,ATROPELLO,URBANA,CRUCE CON SEMAFORO FUNCIONANDO,IMPRUDENCIA DEL PEATON,PEATON CRUZA CALZADA FORMA SORPRESIVA O DESCUIDADA,LOS PAJARITOS,CRNEL SANTIAGO BUERAS,CRNEL SANTIAGO BUERAS - LOS PAJARITOS,0, , ,BIDIRECCIONAL CON BANDEJON,ASFALTO,BUENO,SECO,DESPEJADO,0,1,0,1,13,131,13119,Metropolitana de Santiago,Santiago,Maipú,Interseccion,"CRNEL SANTIAGO BUERAS & LOS PAJARITOS, Maipú",-33.496348,-70.757542
-7865921.26941909,-3954651.73899787,2825,2023,1520363,2023/03/08 00:00:00+00,Marzo,8,Miércoles,1899/12/30 00:00:00+00,18:00:00,18,REGION METROPOLITANA,SANTIAGO,COLISION,COLISION,URBANA,TRAMO DE VIA RECTA,IMPRUDENCIA DEL CONDUCTOR,ADELANTAMIENTO SIN EL ESPACIO O TIEMPO SUFICIENTE,LIBER BERNARDO O'HIGGINS,MANUEL RODRIGUEZ,LIBER BERNARDO O'HIGGINS - MANUEL RODRIGUEZ,0, , ,UNIDIRECCIONAL,CONCRETO,BUENO,SECO,DESPEJADO,0,0,0,1,13,131,13101,Metropolitana de Santiago,Santiago,Santiago,Interseccion,"LIBER BERNARDO O'HIGGINS & MANUEL RODRIGUEZ, Santiago",-33.445985,-70.660773
-7931397.05619439,-3494356.82761315,2826,2023,1502539,2023/01/07 00:00:00+00,Enero,7,Sábado,1899/12/30 00:00:00+00,22:20:00,22,REGION COQUIMBO,LA SERENA,COLISION LATERAL,COLISION,URBANA,TRAMO DE VIA RECTA,IMPRUDENCIA DEL CONDUCTOR,CONDUCCION NO ATENTO CONDICIONES TRANSITO MOMENTO,JUAN CISTERNAS,AMUNATEGUI,AMUNATEGUI - JUAN CISTERNAS,0, , ,UNIDIRECCIONAL,ASFALTO,BUENO,SECO,DESPEJADO,0,1,0,1,04,041,04101,Coquimbo,Elqui,La Serena,Interseccion,"AMUNATEGUI & JUAN CISTERNAS, La Serena",-29.928456,-71.248952
-7876157.34711092,-3959815.06505019,2827,2023,1518407,2023/03/08 00:00:00+00,Marzo,8,Miércoles,1899/12/30 00:00:00+00,18:30:00,18,REGION METROPOLITANA,MAIPU,VOLCADURA,VOLCADURA,URBANA,CRUCE CON SEÑAL CEDA EL PASO,ALCOHOL EN CONDUCTOR,CONDUCCION EN ESTADO DE EBRIEDAD,AMERICO VESPUCIO,ARTURO ALDUNATE PHILLIPS,AMERICO VESPUCIO - ARTURO ALDUNATE PHILLIPS,0, , ,BIDIRECCIONAL CON BANDEJON,ASFALTO,BUENO,SECO,DESPEJADO,0,0,1,0,13,131,13119,Metropolitana de Santiago,Santiago,Maipú,Interseccion,"AMERICO VESPUCIO & ARTURO ALDUNATE PHILLIPS, Maipú",-33.484679,-70.752725
-7932565.43894213,-3492206.81082794,2828,2023,1556928,2023/09/06 00:00:00+00,Septiembre,6,Miércoles,1899/12/30 00:00:00+00,07:40:00,7,REGION COQUIMBO,LA SERENA,COLISION POR ALCANCE,COLISION,RURAL,ENLACE A NIVEL,IMPRUDENCIA DEL CONDUCTOR,CONDUCCION NO ATENTO CONDICIONES TRANSITO MOMENTO, , , ,0,RUTA 5 NORTE,469,UNIDIRECCIONAL,ASFALTO,BUENO,SECO,NUBLADO,0,1,0,2,04,041,04101,Coquimbo,Elqui,La Serena,Ruta,RUTA 5 NORTE km 469,-29.911716,-71.259448
-7859770.08831633,-3974425.3160111,2829,2023,1510143,2023/02/08 00:00:00+00,Febrero,8,Miércoles,1899/12/30 00:00:00+00,09:40:00,9,REGION METROPOLITANA,PUENTE ALTO,COLISION LATERAL,COLISION,URBANA,TRAMO DE VIA RECTA,IMPRUDENCIA DEL CONDUCTOR,CONDUCCION NO ATENTO CONDICIONES TRANSITO MOMENTO,LA PRIMAVERA,TRIWE ORIENTE,LA PRIMAVERA - TRIWE ORIENTE,0, , ,BIDIRECCIONAL,CONCRETO,BUENO,SECO,DESPEJADO,0,0,1,1,13,132,13201,Metropolitana de Santiago,Cordillera,Puente Alto,Interseccion,"LA PRIMAVERA & TRIWE ORIENTE, Puente Alto",-33.594073,-70.605516
-7952597.27427669,-3902263.56518441,2830,2023,1502427,2023/01/07 00:00:00+00,Enero,7,Sábado,1899/12/30 00:00:00+00,22:20:00,22,REGION VALPARAISO,QUILPUE,COLISION PERPENDICULAR,COLISION,URBANA,CRUCE CON SEMAFORO FUNCIONANDO,DESOBEDIENCIA A SEÑALIZACION,SEÑALIZACION DESOBEDECER LUZ ROJA DE SEMAFORO,THOMPSON,BUENOS AIRES,BUENOS AIRES - THOMPSON,0, , ,BIDIRECCIONAL,ASFALTO,BUENO,SECO,DESPEJADO,0,0,0,1,05,058,05801,Valparaíso,Marga Marga,Quilpué,Interseccion,"BUENOS AIRES & THOMPSON, Quilpué",-33.052417,-71.439397
-8124728.04915442,-4402609.66908502,2831,2023,1557201,2023/09/06 00:00:00+00,Septiembre,6,Miércoles,1899/12/30 00:00:00+00,10:55:00,10,REGION BIO BIO,PENCO,COLISION POR ALCANCE,COLISION,RURAL,TRAMO DE VIA RECTA,IMPRUDENCIA DEL CONDUCTOR,CONDUCCION CAMBIAR SORPRESIVAMENTE PISTA CIRCULACION, , , ,0,RUTA 150,9,BIDIRECCIONAL,ASFALTO,BUENO,SECO,DESPEJADO,0,0,0,1,08,081,08107,Biobío,Concepción,Penco,Ruta,RUTA 150 km 9,-36.73771,-72.985674
-7836517.00516249,-2710675.6225805,2832,2023,1516290,2023/03/08 00:00:00+00,Marzo,8,Miércoles,1899/12/30 00:00:00+00,19:00:00,19,REGION ANTOFAGASTA,ANTOFAGASTA,VOLCADURA,VOLCADURA,URBANA,CRUCE CON SEMAFORO FUNCIONANDO,DESOBEDIENCIA A SEÑALIZACION,SEÑALIZACION DESOBEDECER LUZ ROJA DE SEMAFORO,CAPITAN ARTURO PRAT CHACON,ANGAMOS,ANGAMOS - CAPITAN ARTURO PRAT CHACON,0, , ,UNIDIRECCIONAL,ASFALTO,BUENO,SECO,DESPEJADO,0,0,0,0,02,021,02101,Antofagasta,Antofagasta,Antofagasta,Interseccion,"ANGAMOS & CAPITAN ARTURO PRAT CHACON, Antofagasta",-23.648839,-70.39663
-8126218.38180674,-4718598.19309333,2833,2023,1559176,2023/09/06 00:00:00+00,Septiembre,6,Miércoles,1899/12/30 00:00:00+00,12:30:00,12,REGION ARAUCANIA,TEODORO SCHMIDT,COLISION POR ALCANCE,COLISION,RURAL,TRAMO DE VIA RECTA,IMPRUDENCIA DEL CONDUCTOR,CONDUCCION NO ATENTO CONDICIONES TRANSITO MOMENTO, , , ,0,S-60,36,BIDIRECCIONAL,ASFALTO,BUENO,SECO,DESPEJADO,0,0,0,2,09,091,09117,La Araucanía,Cautín,Teodoro Schmidt,Ruta,S-60 km 36,-38.978541,-72.999062
-7863067.81691159,-3953481.6441647,2834,2023,1502067,2023/01/07 00:00:00+00,Enero,7,Sábado,1899/12/30 00:00:00+00,22:30:00,22,REGION METROPOLITANA,PROVIDENCIA,COLISION LATERAL,COLISION,URBANA,ROTONDA,IMPRUDENCIA DEL CONDUCTOR,CONDUCCION NO ATENTO CONDICIONES TRANSITO MOMENTO,PROVIDENCIA,VICUÑA MACKENNA,PROVIDENCIA - VICUÑA MACKENNA,0, , ,UNIDIRECCIONAL,ASFALTO,BUENO,SECO,DESPEJADO,0,0,0,0,13,131,13123,Metropolitana de Santiago,Santiago,Providencia,Interseccion,"PROVIDENCIA & VICUÑA MACKENNA, Providencia",-33.437214,-70.63514
-7962464.65629356,-3868516.60637378,2835,2023,1515675,2023/03/08 00:00:00+00,Marzo,8,Miércoles,1899/12/30 00:00:00+00,19:30:00,19,REGION VALPARAISO,QUINTERO,COLISION,COLISION,URBANA,CRUCE CON SEÑAL PARE,IMPRUDENCIA DEL CONDUCTOR,CONDUCCION NO ATENTO CONDICIONES TRANSITO MOMENTO,RITOQUE,LAZO,LAZO - RITOQUE,0, , ,BIDIRECCIONAL,ASFALTO,BUENO,SECO,DESPEJADO,0,1,1,0,05,051,05107,Valparaíso,Valparaíso,Quintero,Interseccion,"LAZO & RITOQUE, Quintero",-32.797956,-71.528037
-8032787.3682264,-4386642.0343216,2836,2023,1558205,2023/09/07 00:00:00+00,Septiembre,7,Jueves,1899/12/30 00:00:00+00,00:25:00,0,REGION ÑUBLE,CHILLAN VIEJO,VOLCADURA,VOLCADURA,RURAL,TRAMO DE VIA RECTA,ALCOHOL EN CONDUCTOR,CONDUCCION EN ESTADO DE EBRIEDAD, , , ,0,RUTA 5 SUR,407,BIDIRECCIONAL,ASFALTO,BUENO,MOJADO,LLUVIA,0,0,0,0,16,161,16103,Ñuble,Diguillín,Chillán Viejo,Ruta,RUTA 5 SUR km 407,-36.622674,-72.159757
-7865721.33961363,-3965047.17983042,2837,2023,1509020,2023/02/08 00:00:00+00,Febrero,8,Miércoles,1899/12/30 00:00:00+00,10:20:00,10,REGION METROPOLITANA,LA CISTERNA,VOLCADURA,VOLCADURA,URBANA,CRUCE CON SEÑAL PARE,VELOCIDAD IMPRUDENTE,VELOCIDAD NO RAZONABLE NI PRUDENTE,ELIAS FERNANDEZ ALBANO,ESMERALDA,ELIAS FERNANDEZ ALBANO - ESMERALDA,0, , ,BIDIRECCIONAL CON BANDEJON,CONCRETO,BUENO,SECO,DESPEJADO,0,0,0,1,13,131,13109,Metropolitana de Santiago,Santiago,La Cisterna,Interseccion,"ELIAS FERNANDEZ ALBANO & ESMERALDA, La Cisterna",-33.52387,-70.658977
-8106794.86890603,-4655397.1379127,2838,2023,1559191,2023/09/07 00:00:00+00,Septiembre,7,Jueves,1899/12/30 00:00:00+00,18:20:00,18,REGION ARAUCANIA,CHOLCHOL,IMPACTO CON ANIMAL,OTRO TIPO,RURAL,TRAMO DE VIA RECTA,DEFICIENCIAS VIALES,ANIMALES SUELTOS VIA PUBLICA, , , ,0,"R-76-S, S-16, S-52",15,BIDIRECCIONAL,ASFALTO,BUENO,MOJADO,LLUVIA,0,1,0,0,09,091,09121,La Araucanía,Cautín,Cholchol,Ruta,"R-76-S, S-16, S-52 km 15",-38.535813,-72.824577
-7854607.75825028,-3960723.03048336,2839,2023,1504302,2023/01/08 00:00:00+00,Enero,8,Domingo,1899/12/30 00:00:00+00,01:55:00,1,REGION METROPOLITANA,PEÑALOLEN,COLISION FRONTAL,COLISION,URBANA,CRUCE CON SEMAFORO FUNCIONANDO,IMPRUDENCIA DEL CONDUCTOR,ADELANTAMIENTO SOBREPASANDO LINEA CONTINUA,TOBALABA,QUILIN,QUILIN - TOBALABA,0, , ,BIDIRECCIONAL,CONCRETO,BUENO,SECO,DESPEJADO,0,0,0,2,13,131,13122,Metropolitana de Santiago,Santiago,Peñalolén,Interseccion,"QUILIN & TOBALABA, Peñalolén",-33.491481,-70.559142
-7858336.84987237,-3961765.30297326,2840,2023,1512242,2023/02/08 00:00:00+00,Febrero,8,Miércoles,1899/12/30 00:00:00+00,11:30:00,11,REGION METROPOLITANA,MACUL,COLISION POR ALCANCE,COLISION,URBANA,CRUCE CON SEMAFORO FUNCIONANDO,IMPRUDENCIA DEL CONDUCTOR,VIRAJES INDEBIDOS,EL LIBANO,DR AMADOR NEGHME RODRIGUEZ,DR AMADOR NEGHME RODRIGUEZ - EL LIBANO,0, , ,BIDIRECCIONAL,CONCRETO,BUENO,SECO,DESPEJADO,0,0,0,0,13,131,13118,Metropolitana de Santiago,Santiago,Macul,Interseccion,"DR AMADOR NEGHME RODRIGUEZ & EL LIBANO, Macul",-33.499289,-70.592641