X,Y,FID,Año,IdAccident,Fecha,Mes,Dia_mes,Dia_semana,Hora,Hora_texto,Hora_aprox,Región,Comuna,Tipo_Accid,Tipo__CONA,Zona,Ubicación,Causa__CON,Causa_Acci,Calle_Uno,Calle_Dos,Intersecci,Número,Ruta,Ubicaci_1,Calzada,Tipo_Calza,Estado_Cal,Condición,Estado_Atm,Fallecidos,Graves,Menos_Grav,Leves,CUT_REG,CUT_PROV,CUT_COM,REGION,PROVINCIA,COMUNA1,Tipo_direc,Direccion,Lat,Lon
-7865989.73090593,-3965401.31137189,2841,2023,1516486,2023/03/09 00:00:00+00,Marzo,9,Jueves,1899/12/30 00:00:00+00,08:40:00,8,REGION METROPOLITANA,LA CISTERNA,COLISION PERPENDICULAR,COLISION,URBANA,CRUCE CON SEMAFORO FUNCIONANDO,DESOBEDIENCIA A SEÑALIZACION,SEÑALIZACION DESOBEDECER LUZ ROJA DE SEMAFORO,GRAN AVDA JOSE MIGUEL CARRERA,EL PARRON,EL PARRON - GRAN AVDA JOSE MIGUEL CARRERA,0, , ,BIDIRECCIONAL CON BANDEJON,CONCRETO,BUENO,SECO,DESPEJADO,0,0,0,1,13,131,13109,Metropolitana de Santiago,Santiago,La Cisterna,Interseccion,"EL PARRON & GRAN AVDA JOSE MIGUEL CARRERA, La Cisterna",-33.526522,-70.661388
-7925791.70552407,-4167354.99903767,2842,2023,1558816,2023/09/08 00:00:00+00,Septiembre,8,Viernes,1899/12/30 00:00:00+00,14:45:00,14,REGION MAULE,CURICO,COLISION POR ALCANCE,COLISION,RURAL,TRAMO DE VIA RECTA,IMPRUDENCIA DEL CONDUCTOR,CONDUCCION NO ATENTO CONDICIONES TRANSITO MOMENTO, , , ,0,J-65,5,BIDIRECCIONAL,CONCRETO,BUENO,SECO,DESPEJADO,0,0,0,2,07,073,07301,Maule,Curicó,Curicó,Ruta,J-65 km 5,-35.025559,-71.198598
-7860285.05228074,-3956789.85896099,2843,2023,1501972,2023/01/08 00:00:00+00,Enero,8,Domingo,1899/12/30 00:00:00+00,03:00:00,3,REGION METROPOLITANA,ÑUÑOA,COLISION POR ALCANCE,COLISION,URBANA,CRUCE CON SEMAFORO FUNCIONANDO,IMPRUDENCIA DEL CONDUCTOR,CONDUCCION NO ATENTO CONDICIONES TRANSITO MOMENTO,GRECIA,CAMPOS DE DEPORTES,CAMPOS DE DEPORTES - GRECIA,0, , ,BIDIRECCIONAL CON BANDEJON,CONCRETO,BUENO,SECO,DESPEJADO,0,0,0,1,13,131,13120,Metropolitana de Santiago,Santiago,Ñuñoa,Interseccion,"CAMPOS DE DEPORTES & GRECIA, Ñuñoa",-33.46201,-70.610142
-8133102.29621777,-4413917.95129195,2844,2023,1517848,2023/03/09 00:00:00+00,Marzo,9,Jueves,1899/12/30 00:00:00+00,09:30:00,9,REGION BIO BIO,CONCEPCION,COLISION FRONTAL,COLISION,URBANA,CRUCE CON SEMAFORO FUNCIONANDO,IMPRUDENCIA DEL CONDUCTOR,CONDUCCION NO ATENTO CONDICIONES TRANSITO MOMENTO,MANUEL RODRIGUEZ,ANGOL,ANGOL - MANUEL RODRIGUEZ,0, , ,BIDIRECCIONAL,CONCRETO,BUENO,SECO,DESPEJADO,0,0,1,0,08,081,08101,Biobío,Concepción,Concepción,Interseccion,"ANGOL & MANUEL RODRIGUEZ, Concepción",-36.819074,-73.060901
-8115310.21332377,-5068955.50548948,2845,2023,1511568,2023/02/08 00:00:00+00,Febrero,8,Miércoles,1899/12/30 00:00:00+00,12:15:00,12,REGION LOS LAGOS,PUERTO MONTT,COLISION LATERAL,COLISION,URBANA,TRAMO DE VIA RECTA,IMPRUDENCIA DEL CONDUCTOR,NO RESPETAR DERECHO PREFERENTE DE PASO A VEHICULO,2 ORIENTE,ANA GONZALEZ,2 ORIENTE - ANA GONZALEZ,0, , ,BIDIRECCIONAL,ASFALTO,REGULAR,SECO,DESPEJADO,0,0,0,0,10,101,10101,Los Lagos,Llanquihue,Puerto Montt,Interseccion,"2 ORIENTE & ANA GONZALEZ, Puerto Montt",-41.382705,-72.901072
-8101143.30063179,-4386612.16738671,2846,2023,1561672,2023/09/08 00:00:00+00,Septiembre,8,Viernes,1899/12/30 00:00:00+00,15:40:00,15,REGION ÑUBLE,QUIRIHUE,COLISION,COLISION,RURAL,TRAMO DE VIA RECTA,IMPRUDENCIA DEL CONDUCTOR,CONDUCCION NO ATENTO CONDICIONES TRANSITO MOMENTO, , , ,0,RUTA 126,"155,9",BIDIRECCIONAL,ASFALTO,BUENO,SECO,DESPEJADO,0,0,1,0,16,162,16201,Ñuble,Itata,Quirihue,Ruta,"RUTA 126 km 155,9",-36.622458,-72.773808
-7835226.90127526,-2705228.36971087,2847,2023,1502891,2023/01/08 00:00:00+00,Enero,8,Domingo,1899/12/30 00:00:00+00,04:00:00,4,REGION ANTOFAGASTA,ANTOFAGASTA,CHOQUE POSTERIOR/FRENTE,CHOQUE,URBANA,CRUCE CON SEMAFORO FUNCIONANDO,ALCOHOL EN CONDUCTOR,CONDUCCION EN ESTADO DE EBRIEDAD,RADOMIRO TOMIC,IRARRAZAVAL,IRARRAZAVAL - RADOMIRO TOMIC,0, , ,BIDIRECCIONAL,ASFALTO,BUENO,SECO,DESPEJADO,0,1,0,0,02,021,02101,Antofagasta,Antofagasta,Antofagasta,Interseccion,"IRARRAZAVAL & RADOMIRO TOMIC, Antofagasta",-23.604007,-70.385041
-7977000.19879276,-4222457.53218992,2848,2023,1516422,2023/03/09 00:00:00+00,Marzo,9,Jueves,1899/12/30 00:00:00+00,09:30:00,9,REGION MAULE,TALCA,COLISION LATERAL,COLISION,URBANA,CRUCE CON SEÑAL PARE,DESOBEDIENCIA A SEÑALIZACION,SEÑALIZACION DESOBEDECER SEÑAL PARE,6 ORIENTE,3 SUR,3 SUR - 6 ORIENTE,0, , ,UNIDIRECCIONAL,CONCRETO,BUENO,SECO,DESPEJADO,0,0,0,1,07,071,07101,Maule,Talca,Talca,Interseccion,"3 SUR & 6 ORIENTE, Talca",-35.429901,-71.658612
-7879112.6290781,-3963018.47710547,2849,2023,1508933,2023/02/08 00:00:00+00,Febrero,8,Miércoles,1899/12/30 00:00:00+00,13:05:00,13,REGION METROPOLITANA,MAIPU,COLISION LATERAL,COLISION,URBANA,CRUCE CON SEMAFORO FUNCIONANDO,IMPRUDENCIA DEL CONDUCTOR,CONDUCCION NO ATENTO CONDICIONES TRANSITO MOMENTO,CAMINO A RINCONADA,3 PONIENTE,3 PONIENTE - CAMINO A RINCONADA,0, , ,BIDIRECCIONAL CON BANDEJON,ASFALTO,BUENO,SECO,DESPEJADO,0,1,0,0,13,131,13119,Metropolitana de Santiago,Santiago,Maipú,Interseccion,"3 PONIENTE & CAMINO A RINCONADA, Maipú",-33.508676,-70.779273
-7972309.8135856,-4223634.94719652,2850,2023,1557809,2023/09/09 00:00:00+00,Septiembre,9,Sábado,1899/12/30 00:00:00+00,19:00:00,19,REGION MAULE,TALCA,COLISION LATERAL,COLISION,RURAL,CRUCE CON SEMAFORO FUNCIONANDO,IMPRUDENCIA DEL CONDUCTOR,NO RESPETAR DERECHO PREFERENTE DE PASO A VEHICULO, , , ,0,115 CH,2,BIDIRECCIONAL CON BANDEJON,ASFALTO,BUENO,HUMEDO,LLOVIZNA,0,0,0,1,07,071,07101,Maule,Talca,Talca,Ruta,115 CH km 2,-35.438519,-71.616478
-7862899.613161,-3949347.03801505,2851,2023,1506851,2023/01/08 00:00:00+00,Enero,8,Domingo,1899/12/30 00:00:00+00,12:50:00,12,REGION METROPOLITANA,RECOLETA,COLISION LATERAL,COLISION,URBANA,CRUCE CON SEMAFORO FUNCIONANDO,IMPRUDENCIA DEL CONDUCTOR,CONDUCCION NO ATENTO CONDICIONES TRANSITO MOMENTO,BELLAVISTA,BOMB NUÑEZ,BELLAVISTA - BOMB NUÑEZ,0, , ,UNIDIRECCIONAL,ASFALTO,BUENO,SECO,DESPEJADO,0,0,0,0,13,131,13127,Metropolitana de Santiago,Santiago,Recoleta,Interseccion,"BELLAVISTA & BOMB NUÑEZ, Recoleta",-33.406214,-70.633629
-8141230.8454355,-4416512.09594403,2852,2023,1509984,2023/02/08 00:00:00+00,Febrero,8,Miércoles,1899/12/30 00:00:00+00,13:30:00,13,REGION BIO BIO,SAN PEDRO DE LA PAZ,COLISION POR ALCANCE,COLISION,URBANA,CRUCE CON SEÑAL PARE,IMPRUDENCIA DEL CONDUCTOR,CONDUCCION NO ATENTO CONDICIONES TRANSITO MOMENTO,DANIEL BELMAR,SEGUNDA LONGITUDINAL,DANIEL BELMAR - SEGUNDA LONGITUDINAL,0, , ,BIDIRECCIONAL CON BANDEJON,CONCRETO,BUENO,SECO,DESPEJADO,0,0,0,1,08,081,08108,Biobío,Concepción,San Pedro de la Paz,Interseccion,"DANIEL BELMAR & SEGUNDA LONGITUDINAL, San Pedro de la Paz",-36.837727,-73.133921
-7857328.62924425,-3971129.54920162,2853,2023,1519122,2023/03/09 00:00:00+00,Marzo,9,Jueves,1899/12/30 00:00:00+00,10:00:00,10,REGION METROPOLITANA,PUENTE ALTO,COLISION LATERAL,COLISION,URBANA,TRAMO DE VIA RECTA,IMPRUDENCIA DEL CONDUCTOR,CONDUCCION NO ATENTO CONDICIONES TRANSITO MOMENTO,CONCHA Y TORO,LOS TOROS,CONCHA Y TORO - LOS TOROS,0, , ,BIDIRECCIONAL,CONCRETO,BUENO,SECO,DESPEJADO,0,0,0,0,13,132,13201,Metropolitana de Santiago,Cordillera,Puente Alto,Interseccion,"CONCHA Y TORO & LOS TOROS, Puente Alto",-33.569408,-70.583584
-7939573.86420362,-3530999.17758005,2854,2023,1558863,2023/09/10 00:00:00+00,Septiembre,10,Domingo,1899/12/30 00:00:00+00,06:00:00,6,REGION COQUIMBO,COQUIMBO,VOLCADURA,VOLCADURA,RURAL,TRAMO DE VIA RECTA,DEFICIENCIAS VIALES,ANIMALES SUELTOS VIA PUBLICA, , , ,0,D-427,7,BIDIRECCIONAL,ASFALTO,BUENO,SECO,DESPEJADO,0,1,0,0,04,041,04102,Coquimbo,Elqui,Coquimbo,Ruta,D-427 km 7,-30.213316,-71.322406
-7855952.72033805,-3948221.34704824,2855,2023,1508648,2023/02/08 00:00:00+00,Febrero,8,Miércoles,1899/12/30 00:00:00+00,15:55:00,15,REGION METROPOLITANA,VITACURA,COLISION LATERAL,COLISION,URBANA,CRUCE CON SEÑAL CEDA EL PASO,DESOBEDIENCIA A SEÑALIZACION,SEÑALIZACION DESOBEDECER SEÑAL CEDA EL PASO,PDTE KENNEDY,MANQUEHUE NORTE,MANQUEHUE NORTE - PDTE KENNEDY,0, , ,UNIDIRECCIONAL,ASFALTO,BUENO,SECO,DESPEJADO,1,1,0,0,13,131,13132,Metropolitana de Santiago,Santiago,Vitacura,Interseccion,"MANQUEHUE NORTE & PDTE KENNEDY, Vitacura",-33.397772,-70.571224
-7870710.01127404,-3950869.33499386,2856,2023,1517394,2023/03/09 00:00:00+00,Marzo,9,Jueves,1899/12/30 00:00:00+00,11:00:00,11,REGION METROPOLITANA,QUINTA NORMAL,COLISION LATERAL,COLISION,URBANA,CRUCE SIN SEÑALIZACION,IMPRUDENCIA DEL CONDUCTOR,CONDUCCION CAMBIAR SORPRESIVAMENTE PISTA CIRCULACION,LO ESPINOZA,12 DE OCTUBRE,12 DE OCTUBRE - LO ESPINOZA,0, , ,BIDIRECCIONAL,CONCRETO,REGULAR,SECO,DESPEJADO,0,1,0,0,13,131,13126,Metropolitana de Santiago,Santiago,Quinta Normal,Interseccion,"12 DE OCTUBRE & LO ESPINOZA, Quinta Normal",-33.417629,-70.703791
-7923265.27877822,-4172781.54672694,2857,2023,1502857,2023/01/08 00:00:00+00,Enero,8,Domingo,1899/12/30 00:00:00+00,13:10:00,13,REGION MAULE,CURICO,COLISION POR ALCANCE,COLISION,URBANA,CRUCE CON SEMAFORO FUNCIONANDO,IMPRUDENCIA DEL CONDUCTOR,CONDUCCION SIN MANTENER DISTANCIA RAZONABLE NI PRUDENTE,JUAN LUIS DIEZ,EL QUILLAY,EL QUILLAY - JUAN LUIS DIEZ,0, , ,BIDIRECCIONAL,CONCRETO,BUENO,SECO,DESPEJADO,0,0,0,1,07,073,07301,Maule,Curicó,Curicó,Interseccion,"EL QUILLAY & JUAN LUIS DIEZ, Curicó",-35.065468,-71.175903
-7941528.21149241,-3955611.87461846,2858,2023,1557768,2023/09/10 00:00:00+00,Septiembre,10,Domingo,1899/12/30 00:00:00+00,12:10:00,12,REGION VALPARAISO,CASABLANCA,VOLCADURA,VOLCADURA,RURAL,TRAMO DE VIA CURVA VERTICAL,VELOCIDAD IMPRUDENTE,VELOCIDAD NO RAZONABLE NI PRUDENTE, , , ,0,F-74-G,"35,2",BIDIRECCIONAL,ASFALTO,BUENO,SECO,DESPEJADO,0,2,0,0,05,051,05102,Valparaíso,Valparaíso,Casablanca,Ruta,"F-74-G km 35,2",-33.453181,-71.339962
-8144554.84536379,-4950969.4285297,2859,2023,1508603,2023/01/08 00:00:00+00,Enero,8,Domingo,1899/12/30 00:00:00+00,15:35:00,15,REGION LOS LAGOS,OSORNO,COLISION,COLISION,URBANA,TRAMO DE VIA RECTA,IMPRUDENCIA DEL CONDUCTOR,CONDUCCION SIN MANTENER DISTANCIA RAZONABLE NI PRUDENTE,REAL,PORTO VELHO,PORTO VELHO - REAL,0, , ,BIDIRECCIONAL,ASFALTO,BUENO,SECO,DESPEJADO,0,0,0,1,10,103,10301,Los Lagos,Osorno,Osorno,Interseccion,"PORTO VELHO & REAL, Osorno",-40.582604,-73.163781
-7853810.04277926,-3948697.23882742,2860,2023,1513049,2023/02/08 00:00:00+00,Febrero,8,Miércoles,1899/12/30 00:00:00+00,19:15:00,19,REGION METROPOLITANA,LAS CONDES,COLISION,COLISION,URBANA,TRAMO DE VIA RECTA,IMPRUDENCIA DEL CONDUCTOR,CONDUCCION NO ATENTO CONDICIONES TRANSITO MOMENTO,PADRE ERRAZURIZ,BRUNELLESCO,BRUNELLESCO - PADRE ERRAZURIZ,0, , ,BIDIRECCIONAL,ASFALTO,BUENO,SECO,DESPEJADO,0,1,0,0,13,131,13114,Metropolitana de Santiago,Santiago,Las Condes,Interseccion,"BRUNELLESCO & PADRE ERRAZURIZ, Las Condes",-33.401341,-70.551976
-7900589.94370367,-3874322.613822,2861,2023,1504432,2023/01/08 00:00:00+00,Enero,8,Domingo,1899/12/30 00:00:00+00,16:30:00,16,REGION VALPARAISO,LLAY LLAY,VOLCADURA,VOLCADURA,URBANA,CRUCE CON SEÑAL PARE,IMPRUDENCIA DEL CONDUCTOR,CONDUCCION NO ATENTO CONDICIONES TRANSITO MOMENTO,21 DE MAYO,5 DE ABRIL,21 DE MAYO - 5 DE ABRIL,0, , ,BIDIRECCIONAL,CONCRETO,BUENO,SECO,DESPEJADO,0,0,0,2,05,057,05703,Valparaíso,San Felipe de Aconcagua,Llaillay,Interseccion,"21 DE MAYO & 5 DE ABRIL, Llaillay",-32.841787,-70.972207
-7870952.56848513,-3747944.20140934,2862,2023,1558860,2023/09/10 00:00:00+00,Septiembre,10,Domingo,1899/12/30 00:00:00+00,18:15:00,18,REGION COQUIMBO,COQUIMBO,COLISION PERPENDICULAR,COLISION,RURAL,CRUCE SIN SEÑALIZACION,IMPRUDENCIA DEL CONDUCTOR,CONDUCCION NO ATENTO CONDICIONES TRANSITO MOMENTO, , , ,0,"D-81, D-835",66,BIDIRECCIONAL,ASFALTO,BUENO,SECO,DESPEJADO,0,2,0,0,04,041,04102,Coquimbo,Elqui,Coquimbo,Ruta,"D-81, D-835 km 66",-31.882862,-70.70597
-8028738.93776519,-4386762.21954797,2863,2023,1513268,2023/02/08 00:00:00+00,Febrero,8,Miércoles,1899/12/30 00:00:00+00,19:35:00,19,REGION ÑUBLE,CHILLAN VIEJO,COLISION PERPENDICULAR,COLISION,URBANA,CRUCE CON SEÑAL PARE,DESOBEDIENCIA A SEÑALIZACION,SEÑALIZACION DESOBEDECER SEÑAL PARE,SOTOMAYOR,BAQUEDANO,BAQUEDANO - SOTOMAYOR,0, , ,BIDIRECCIONAL,ASFALTO,BUENO,SECO,DESPEJADO,0,0,0,2,16,161,16103,Ñuble,Diguillín,Chillán Viejo,Interseccion,"BAQUEDANO & SOTOMAYOR, Chillán Viejo",-36.62354,-72.123389
-7857656.91040034,-3869068.45854138,2864,2023,1502215,2023/01/08 00:00:00+00,Enero,8,Domingo,1899/12/30 00:00:00+00,19:30:00,19,REGION VALPARAISO,SAN ESTEBAN,COLISION POR ALCANCE,COLISION,URBANA,CRUCE CON SEÑAL CEDA EL PASO,IMPRUDENCIA DEL CONDUCTOR,CONDUCCION NO ATENTO CONDICIONES TRANSITO MOMENTO,RIO ACONCAGUA,LAS ORQUIDEAS,LAS ORQUIDEAS - RIO ACONCAGUA,0, , ,BIDIRECCIONAL,ASFALTO,BUENO,SECO,DESPEJADO,0,0,0,0,05,053,05304,Valparaíso,Los Andes,San Esteban,Interseccion,"LAS ORQUIDEAS & RIO ACONCAGUA, San Esteban",-32.802123,-70.586533
-7859835.54417692,-3964046.5364972,2865,2023,1516341,2023/03/09 00:00:00+00,Marzo,9,Jueves,1899/12/30 00:00:00+00,11:45:00,11,REGION METROPOLITANA,LA FLORIDA,COLISION POR ALCANCE,COLISION,URBANA,CRUCE CON SEMAFORO FUNCIONANDO,IMPRUDENCIA DEL CONDUCTOR,CONDUCCION NO ATENTO CONDICIONES TRANSITO MOMENTO,VICUÑA MACKENNA,MILLALONGO,MILLALONGO - VICUÑA MACKENNA,0, , ,UNIDIRECCIONAL,ASFALTO,BUENO,SECO,DESPEJADO,0,0,0,0,13,131,13110,Metropolitana de Santiago,Santiago,La Florida,Interseccion,"MILLALONGO & VICUÑA MACKENNA, La Florida",-33.516376,-70.606104
-7857005.13480401,-3951434.56285548,2866,2023,1508569,2023/01/08 00:00:00+00,Enero,8,Domingo,1899/12/30 00:00:00+00,20:30:00,20,REGION METROPOLITANA,LAS CONDES,COLISION,COLISION,URBANA,TRAMO DE VIA RECTA,IMPRUDENCIA DEL CONDUCTOR,CONDUCCION NO ATENTO CONDICIONES TRANSITO MOMENTO,AMERICO VESPUCIO NORTE,MARTIN DE ZAMORA,AMERICO VESPUCIO NORTE - MARTIN DE ZAMORA,0, , ,BIDIRECCIONAL CON BANDEJON,ASFALTO,BUENO,SECO,DESPEJADO,0,0,0,0,13,131,13114,Metropolitana de Santiago,Santiago,Las Condes,Interseccion,"AMERICO VESPUCIO NORTE & MARTIN DE ZAMORA, Las Condes",-33.421867,-70.580678
-7875118.49407513,-3858020.05717884,2867,2023,1559681,2023/09/11 00:00:00+00,Septiembre,11,Lunes,1899/12/30 00:00:00+00,19:00:00,19,REGION VALPARAISO,PUTAENDO,COLISION,COLISION,RURAL,TRAMO DE VIA RECTA,IMPRUDENCIA DEL CONDUCTOR,VIRAJES INDEBIDOS, , , ,0,"E-71, E-41",5,BIDIRECCIONAL,ASFALTO,BUENO,SECO,DESPEJADO,0,0,0,1,05,057,05705,Valparaíso,San Felipe de Aconcagua,Putaendo,Ruta,"E-71, E-41 km 5",-32.71866,-70.743393
-7859835.54417692,-3964046.5364972,2868,2023,1517729,2023/03/09 00:00:00+00,Marzo,9,Jueves,1899/12/30 00:00:00+00,11:45:00,11,REGION METROPOLITANA,LA FLORIDA,CHOQUE FRENTE/POSTERIOR,CHOQUE,URBANA,CRUCE SIN SEÑALIZACION,IMPRUDENCIA DEL CONDUCTOR,CONDUCCION SIN MANTENER DISTANCIA RAZONABLE NI PRUDENTE,VICUÑA MACKENNA ORIENTE,MILLALONGO,MILLALONGO - VICUÑA MACKENNA ORIENTE,0, , ,BIDIRECCIONAL CON BANDEJON,ASFALTO,BUENO,SECO,DESPEJADO,0,0,0,0,13,131,13110,Metropolitana de Santiago,Santiago,La Florida,Interseccion,"MILLALONGO & VICUÑA MACKENNA ORIENTE, La Florida",-33.516376,-70.606104
-7862142.08402615,-3962292.74896361,2869,2023,1508711,2023/02/08 00:00:00+00,Febrero,8,Miércoles,1899/12/30 00:00:00+00,20:00:00,20,REGION METROPOLITANA,SAN JOAQUIN,CHOQUE FRONTAL,CHOQUE,URBANA,TRAMO DE VIA RECTA,VELOCIDAD IMPRUDENTE,VELOCIDAD NO RAZONABLE NI PRUDENTE,LAS INDUSTRIAS,PIRAMIDE,LAS INDUSTRIAS - PIRAMIDE,0, , ,BIDIRECCIONAL CON BANDEJON,ASFALTO,BUENO,SECO,DESPEJADO,1,0,0,0,13,131,13129,Metropolitana de Santiago,Santiago,San Joaquín,Interseccion,"LAS INDUSTRIAS & PIRAMIDE, San Joaquín",-33.50324,-70.626824
-8022905.57380864,-4384568.71229203,2870,2023,1502492,2023/01/08 00:00:00+00,Enero,8,Domingo,1899/12/30 00:00:00+00,20:50:00,20,REGION ÑUBLE,CHILLAN,CHOQUE FRENTE/POSTERIOR,CHOQUE,URBANA,TRAMO DE VIA RECTA,DEFICIENCIAS VIALES,ANIMALES SUELTOS VIA PUBLICA,TERMAS DE CHILLAN,CAMINO SAN BERNARDO,CAMINO SAN BERNARDO - TERMAS DE CHILLAN,0, , ,UNIDIRECCIONAL,CONCRETO,BUENO,SECO,DESPEJADO,0,0,0,0,16,161,16101,Ñuble,Diguillín,Chillán,Interseccion,"CAMINO SAN BERNARDO & TERMAS DE CHILLAN, Chillán",-36.607724,-72.070987
-7876809.97427909,-3945003.46340764,2871,2023,1508986,2023/02/09 00:00:00+00,Febrero,9,Jueves,1899/12/30 00:00:00+00,07:32:00,7,REGION METROPOLITANA,QUILICURA,COLISION LATERAL,COLISION,URBANA,TRAMO DE VIA RECTA,IMPRUDENCIA DEL CONDUCTOR,CONDUCCION NO ATENTO CONDICIONES TRANSITO MOMENTO,CAMINO LO ECHEVERS,ANTILLANCA,ANTILLANCA - CAMINO LO ECHEVERS,0, , ,BIDIRECCIONAL,ASFALTO,REGULAR,SECO,DESPEJADO,0,1,0,2,13,131,13125,Metropolitana de Santiago,Santiago,Quilicura,Interseccion,"ANTILLANCA & CAMINO LO ECHEVERS, Quilicura",-33.373635,-70.758588
-7973959.87117251,-4223581.72576638,2872,2023,1518302,2023/03/09 00:00:00+00,Marzo,9,Jueves,1899/12/30 00:00:00+00,13:30:00,13,REGION MAULE,TALCA,COLISION LATERAL,COLISION,URBANA,CRUCE CON SEÑAL CEDA EL PASO,DESOBEDIENCIA A SEÑALIZACION,SEÑALIZACION DESOBEDECER SEÑAL CEDA EL PASO,30 ORIENTE,6 SUR,30 ORIENTE - 6 SUR,0, , ,BIDIRECCIONAL CON BANDEJON,CONCRETO,BUENO,SECO,DESPEJADO,0,1,0,0,07,071,07101,Maule,Talca,Talca,Interseccion,"30 ORIENTE & 6 SUR, Talca",-35.438129,-71.6313
-7952054.14236229,-3548713.8234871,2873,2023,1558879,2023/09/11 00:00:00+00,Septiembre,11,Lunes,1899/12/30 00:00:00+00,19:35:00,19,REGION COQUIMBO,COQUIMBO,COLISION PERPENDICULAR,COLISION,RURAL,CRUCE SIN SEÑALIZACION,IMPRUDENCIA DEL CONDUCTOR,CONDUCCION NO ATENTO CONDICIONES TRANSITO MOMENTO, , , ,0,D-440,"0,5",BIDIRECCIONAL,ASFALTO,BUENO,SECO,DESPEJADO,0,0,0,1,04,041,04102,Coquimbo,Elqui,Coquimbo,Ruta,"D-440 km 0,5",-30.350736,-71.434518
-7889992.99614163,-3975748.43083751,2874,2023,1503422,2023/01/08 00:00:00+00,Enero,8,Domingo,1899/12/30 00:00:00+00,21:15:00,21,REGION METROPOLITANA,PEÑAFLOR,COLISION POR ALCANCE,COLISION,URBANA,CRUCE SIN SEÑALIZACION,ALCOHOL EN CONDUCTOR,CONDUCCION EN ESTADO DE EBRIEDAD,FRANCISCO BILBAO,MALLOQUITO,FRANCISCO BILBAO - MALLOQUITO,0, , ,BIDIRECCIONAL,CONCRETO,BUENO,SECO,DESPEJADO,0,0,0,1,13,136,13605,Metropolitana de Santiago,Talagante,Peñaflor,Interseccion,"FRANCISCO BILBAO & MALLOQUITO, Peñaflor",-33.603973,-70.877013
-7857972.61249849,-3962776.56265989,2875,2023,1509321,2023/02/09 00:00:00+00,Febrero,9,Jueves,1899/12/30 00:00:00+00,08:30:00,8,REGION METROPOLITANA,PEÑALOLEN,COLISION FRONTAL,COLISION,URBANA,CRUCE CON SEMAFORO FUNCIONANDO,IMPRUDENCIA DEL CONDUCTOR,CONDUCCION NO ATENTO CONDICIONES TRANSITO MOMENTO,AMERICO VESPUCIO,SAN LUIS DE MACUL,AMERICO VESPUCIO - SAN LUIS DE MACUL,0, , ,UNIDIRECCIONAL,CONCRETO,BUENO,SECO,DESPEJADO,0,0,0,1,13,131,13122,Metropolitana de Santiago,Santiago,Peñalolén,Interseccion,"AMERICO VESPUCIO & SAN LUIS DE MACUL, Peñalolén",-33.506864,-70.589369
-7946057.05392883,-3901041.17205909,2876,2023,1516240,2023/03/09 00:00:00+00,Marzo,9,Jueves,1899/12/30 00:00:00+00,13:50:00,13,REGION VALPARAISO,VILLA ALEMANA,COLISION,COLISION,URBANA,CRUCE CON SEÑAL PARE,DESOBEDIENCIA A SEÑALIZACION,SEÑALIZACION DESOBEDECER SEÑAL PARE,ARANDA,BUENOS AIRES,ARANDA - BUENOS AIRES,0, , ,UNIDIRECCIONAL,ASFALTO,BUENO,SECO,DESPEJADO,0,1,0,1,05,058,05804,Valparaíso,Marga Marga,Villa Alemana,Interseccion,"ARANDA & BUENOS AIRES, Villa Alemana",-33.043213,-71.380645
-8123750.48930932,-4439178.7886006,2877,2023,1559188,2023/09/12 00:00:00+00,Septiembre,12,Martes,1899/12/30 00:00:00+00,15:00:00,15,REGION BIO BIO,CORONEL,COLISION,COLISION,RURAL,TRAMO DE VIA RECTA,IMPRUDENCIA DEL CONDUCTOR,CONDUCCION NO ATENTO CONDICIONES TRANSITO MOMENTO, , , ,0,RUTA 156,25,BIDIRECCIONAL,ASFALTO,BUENO,SECO,DESPEJADO,0,1,0,0,08,081,08102,Biobío,Concepción,Coronel,Ruta,RUTA 156 km 25,-37.000517,-72.976892
-7967562.93665344,-4265387.88206263,2878,2023,1559846,2023/09/13 00:00:00+00,Septiembre,13,Miércoles,1899/12/30 00:00:00+00,11:26:00,11,REGION MAULE,YERBAS BUENAS,COLISION LATERAL,COLISION,RURAL,TRAMO DE VIA RECTA,VELOCIDAD IMPRUDENTE,VELOCIDAD NO RAZONABLE NI PRUDENTE, , , ,0,L-275,1,BIDIRECCIONAL,ASFALTO,BUENO,SECO,DESPEJADO,0,0,1,0,07,074,07408,Maule,Linares,Yerbas Buenas,Ruta,L-275 km 1,-35.743524,-71.573836
-7862381.11481389,-3959808.67001656,2879,2023,1503209,2023/01/08 00:00:00+00,Enero,8,Domingo,1899/12/30 00:00:00+00,21:30:00,21,REGION METROPOLITANA,SAN JOAQUIN,VOLCADURA,VOLCADURA,URBANA,TRAMO DE VIA RECTA,IMPRUDENCIA DEL CONDUCTOR,CONDUCCION NO ATENTO CONDICIONES TRANSITO MOMENTO,ALC CARLOS VALDOVINOS,SIERRA BELLA,ALC CARLOS VALDOVINOS - SIERRA BELLA,0, , ,UNIDIRECCIONAL,ASFALTO,BUENO,SECO,DESPEJADO,0,0,0,0,13,131,13129,Metropolitana de Santiago,Santiago,San Joaquín,Interseccion,"ALC CARLOS VALDOVINOS & SIERRA BELLA, San Joaquín",-33.484631,-70.628971
-7859681.29360092,-3869120.03293367,2880,2023,1559751,2023/09/13 00:00:00+00,Septiembre,13,Miércoles,1899/12/30 00:00:00+00,17:50:00,17,REGION VALPARAISO,SANTA MARIA,COLISION,COLISION,RURAL,TRAMO DE VIA CURVA HORIZONTAL,IMPRUDENCIA DEL CONDUCTOR,ADELANTAMIENTO SIN EL ESPACIO O TIEMPO SUFICIENTE, , , ,0,E-85,12,BIDIRECCIONAL,CONCRETO,BUENO,SECO,DESPEJADO,0,1,0,0,05,057,05706,Valparaíso,San Felipe de Aconcagua,Santa María,Ruta,E-85 km 12,-32.802512,-70.604718