X,Y,FID,Año,IdAccident,Fecha,Mes,Dia_mes,Dia_semana,Hora,Hora_texto,Hora_aprox,Región,Comuna,Tipo_Accid,Tipo__CONA,Zona,Ubicación,Causa__CON,Causa_Acci,Calle_Uno,Calle_Dos,Intersecci,Número,Ruta,Ubicaci_1,Calzada,Tipo_Calza,Estado_Cal,Condición,Estado_Atm,Fallecidos,Graves,Menos_Grav,Leves,CUT_REG,CUT_PROV,CUT_COM,REGION,PROVINCIA,COMUNA1,Tipo_direc,Direccion,Lat,Lon
-8029022.91373054,-4385887.59194035,2881,2023,1515838,2023/03/09 00:00:00+00,Marzo,9,Jueves,1899/12/30 00:00:00+00,15:10:00,15,REGION ÑUBLE,CHILLAN,COLISION PERPENDICULAR,COLISION,URBANA,CRUCE CON SEÑAL PARE,DESOBEDIENCIA A SEÑALIZACION,SEÑALIZACION DESOBEDECER SEÑAL PARE,PASAJE DOS ORIENTE,REAL AUDIENCIA,PASAJE DOS ORIENTE - REAL AUDIENCIA,0, , ,BIDIRECCIONAL,CONCRETO,BUENO,SECO,DESPEJADO,0,1,0,0,16,161,16101,Ñuble,Diguillín,Chillán,Interseccion,"PASAJE DOS ORIENTE & REAL AUDIENCIA, Chillán",-36.617234,-72.12594
-7857596.57525859,-3960865.05593676,2882,2023,1512279,2023/02/09 00:00:00+00,Febrero,9,Jueves,1899/12/30 00:00:00+00,09:30:00,9,REGION METROPOLITANA,MACUL,COLISION POR ALCANCE,COLISION,URBANA,TRAMO DE VIA RECTA,IMPRUDENCIA DEL CONDUCTOR,CONDUCCION NO ATENTO CONDICIONES TRANSITO MOMENTO,SAN VICENTE DE PAUL,SAN VALENTIN,SAN VALENTIN - SAN VICENTE DE PAUL,0, , ,BIDIRECCIONAL,CONCRETO,BUENO,SECO,DESPEJADO,0,1,0,0,13,131,13118,Metropolitana de Santiago,Santiago,Macul,Interseccion,"SAN VALENTIN & SAN VICENTE DE PAUL, Macul",-33.492545,-70.585991
-7900246.41176622,-4109439.16591114,2883,2023,1507296,2023/01/08 00:00:00+00,Enero,8,Domingo,1899/12/30 00:00:00+00,22:15:00,22,REGION LIB.B.O'HIGGINS,SAN FERNANDO,COLISION LATERAL,COLISION,URBANA,CRUCE CON SEÑAL CEDA EL PASO,DESOBEDIENCIA A SEÑALIZACION,SEÑALIZACION DESOBEDECER SEÑAL CEDA EL PASO,LUIS CARRERA,JOSE MIGUEL CARRERA,JOSE MIGUEL CARRERA - LUIS CARRERA,0, , ,BIDIRECCIONAL,ASFALTO,BUENO,SECO,DESPEJADO,0,0,0,0,06,063,06301,Libertador General Bernardo O'Higgins,Colchagua,San Fernando,Interseccion,"JOSE MIGUEL CARRERA & LUIS CARRERA, San Fernando",-34.598406,-70.969121
-7984710.06521988,-4082195.34405254,2884,2023,1559632,2023/09/14 00:00:00+00,Septiembre,14,Jueves,1899/12/30 00:00:00+00,15:50:00,15,REGION LIB.B.O'HIGGINS,MARCHIHUE,CHOQUE,CHOQUE,RURAL,TRAMO DE VIA RECTA,VELOCIDAD IMPRUDENTE,VELOCIDAD NO RAZONABLE NI PRUDENTE, , , ,0,I-50,84,BIDIRECCIONAL CON BANDEJON,ASFALTO,BUENO,SECO,DESPEJADO,0,1,0,0,06,062,06204,Libertador General Bernardo O'Higgins,Cardenal Caro,Marchihue,Ruta,I-50 km 84,-34.396707,-71.727871
-7854218.02871301,-3949587.07155877,2885,2023,1512386,2023/02/09 00:00:00+00,Febrero,9,Jueves,1899/12/30 00:00:00+00,10:30:00,10,REGION METROPOLITANA,LAS CONDES,COLISION LATERAL,COLISION,URBANA,CRUCE CON SEMAFORO FUNCIONANDO,IMPRUDENCIA DEL CONDUCTOR,CONDUCCION NO ATENTO CONDICIONES TRANSITO MOMENTO,HERNANDO DE MAGALLANES,APOQUINDO,APOQUINDO - HERNANDO DE MAGALLANES,0, , ,BIDIRECCIONAL CON BANDEJON,CONCRETO,BUENO,SECO,DESPEJADO,0,0,0,2,13,131,13114,Metropolitana de Santiago,Santiago,Las Condes,Interseccion,"APOQUINDO & HERNANDO DE MAGALLANES, Las Condes",-33.408014,-70.555641
-7859314.12368204,-3962668.95775157,2886,2023,1519318,2023/03/09 00:00:00+00,Marzo,9,Jueves,1899/12/30 00:00:00+00,18:30:00,18,REGION METROPOLITANA,LA FLORIDA,COLISION LATERAL,COLISION,URBANA,TRAMO DE VIA RECTA,IMPRUDENCIA DEL CONDUCTOR,CONDUCCION NO ATENTO CONDICIONES TRANSITO MOMENTO,FROILAN ROA,FROILAN ROA,FROILAN ROA - FROILAN ROA,0, , ,BIDIRECCIONAL,CONCRETO,BUENO,SECO,DESPEJADO,0,0,0,0,13,131,13110,Metropolitana de Santiago,Santiago,La Florida,Interseccion,"FROILAN ROA & FROILAN ROA, La Florida",-33.506058,-70.60142
-7980221.56221734,-4225699.80910532,2887,2023,1502602,2023/01/08 00:00:00+00,Enero,8,Domingo,1899/12/30 00:00:00+00,23:20:00,23,REGION MAULE,MAULE,COLISION LATERAL,COLISION,URBANA,CRUCE CON SEMAFORO FUNCIONANDO,IMPRUDENCIA DEL CONDUCTOR,NO RESPETAR DERECHO PREFERENTE DE PASO A VEHICULO,COLIN,DUAO,COLIN - DUAO,0, , ,BIDIRECCIONAL,CONCRETO,BUENO,SECO,DESPEJADO,0,1,0,0,07,071,07105,Maule,Talca,Maule,Interseccion,"COLIN & DUAO, Maule",-35.45363,-71.68755
-7965364.3737603,-4227297.64417022,2888,2023,1558795,2023/09/14 00:00:00+00,Septiembre,14,Jueves,1899/12/30 00:00:00+00,21:45:00,21,REGION MAULE,RIO CLARO,COLISION LATERAL,COLISION,RURAL,TRAMO DE VIA RECTA,IMPRUDENCIA DEL CONDUCTOR,NO RESPETAR DERECHO PREFERENTE DE PASO A VEHICULO, , , ,0,K-555,1,BIDIRECCIONAL,ASFALTO,REGULAR,SECO,NEBLINA,0,0,0,1,07,071,07108,Maule,Talca,Río Claro,Ruta,K-555 km 1,-35.465321,-71.554086
-7873412.9709842,-3955321.6586446,2889,2023,1521563,2023/03/09 00:00:00+00,Marzo,9,Jueves,1899/12/30 00:00:00+00,18:40:00,18,REGION METROPOLITANA,LO PRADO,COLISION PERPENDICULAR,COLISION,URBANA,CRUCE CON SEÑAL PARE,DESOBEDIENCIA A SEÑALIZACION,SEÑALIZACION DESOBEDECER SEÑAL PARE,GRAL JUAN BUENDIA,DORSAL,DORSAL - GRAL JUAN BUENDIA,0, , ,BIDIRECCIONAL,ASFALTO,BUENO,SECO,DESPEJADO,0,1,0,1,13,131,13117,Metropolitana de Santiago,Santiago,Lo Prado,Interseccion,"DORSAL & GRAL JUAN BUENDIA, Lo Prado",-33.451006,-70.728072
-7673552.12786611,-2565335.68040229,2890,2023,1509323,2023/02/09 00:00:00+00,Febrero,9,Jueves,1899/12/30 00:00:00+00,12:00:00,12,REGION ANTOFAGASTA,CALAMA,COLISION,COLISION,URBANA,TRAMO DE VIA RECTA,IMPRUDENCIA DEL CONDUCTOR,VIRAJES INDEBIDOS,GRECIA,DIEGO DE ALMAGRO,DIEGO DE ALMAGRO - GRECIA,0, , ,BIDIRECCIONAL,ASFALTO,BUENO,SECO,DESPEJADO,0,0,1,1,02,022,02201,Antofagasta,El Loa,Calama,Interseccion,"DIEGO DE ALMAGRO & GRECIA, Calama",-22.447477,-68.932692
-8131066.81932862,-4420709.71126162,2891,2023,1503765,2023/01/09 00:00:00+00,Enero,9,Lunes,1899/12/30 00:00:00+00,01:45:00,1,REGION BIO BIO,CHIGUAYANTE,VOLCADURA,VOLCADURA,URBANA,TRAMO DE VIA RECTA,VELOCIDAD IMPRUDENTE,VELOCIDAD NO RAZONABLE NI PRUDENTE,CAMINO A CHIGUAYANTE,PASCUAL BINIMELIS,CAMINO A CHIGUAYANTE - PASCUAL BINIMELIS,0, , ,BIDIRECCIONAL CON BANDEJON,CONCRETO,BUENO,SECO,DESPEJADO,0,0,0,1,08,081,08103,Biobío,Concepción,Chiguayante,Interseccion,"CAMINO A CHIGUAYANTE & PASCUAL BINIMELIS, Chiguayante",-36.8679,-73.042616
-7980472.21152052,-4225658.14252404,2892,2023,1560272,2023/09/15 00:00:00+00,Septiembre,15,Viernes,1899/12/30 00:00:00+00,15:10:00,15,REGION MAULE,MAULE,COLISION LATERAL,COLISION,RURAL,TRAMO DE VIA RECTA,IMPRUDENCIA DEL CONDUCTOR,VIRAJES INDEBIDOS, , , ,0,K-630,"4,9",BIDIRECCIONAL,ASFALTO,BUENO,SECO,DESPEJADO,0,0,0,2,07,071,07105,Maule,Talca,Maule,Ruta,"K-630 km 4,9",-35.453325,-71.689802
-7853326.24827227,-3956932.50330146,2893,2023,1504306,2023/01/09 00:00:00+00,Enero,9,Lunes,1899/12/30 00:00:00+00,09:45:00,9,REGION METROPOLITANA,PEÑALOLEN,COLISION LATERAL,COLISION,URBANA,CRUCE CON SEMAFORO FUNCIONANDO,IMPRUDENCIA DEL CONDUCTOR,CONDUCCION NO ATENTO CONDICIONES TRANSITO MOMENTO,JOSE ARRIETA,MARIANO SANCHEZ FONTECILLA,JOSE ARRIETA - MARIANO SANCHEZ FONTECILLA,0, , ,BIDIRECCIONAL,CONCRETO,BUENO,SECO,DESPEJADO,0,0,0,1,13,131,13122,Metropolitana de Santiago,Santiago,Peñalolén,Interseccion,"JOSE ARRIETA & MARIANO SANCHEZ FONTECILLA, Peñalolén",-33.463079,-70.54763
-8026224.56442664,-4384413.95221642,2894,2023,1509117,2023/02/09 00:00:00+00,Febrero,9,Jueves,1899/12/30 00:00:00+00,12:50:00,12,REGION ÑUBLE,CHILLAN,CHOQUE POSTERIOR/FRENTE,CHOQUE,URBANA,CRUCE CON SEMAFORO FUNCIONANDO,IMPRUDENCIA DEL CONDUCTOR,CONDUCCION NO ATENTO CONDICIONES TRANSITO MOMENTO,5 DE ABRIL,LIBERTAD,5 DE ABRIL - LIBERTAD,0, , ,UNIDIRECCIONAL,CONCRETO,BUENO,SECO,DESPEJADO,0,0,0,1,16,161,16101,Ñuble,Diguillín,Chillán,Interseccion,"5 DE ABRIL & LIBERTAD, Chillán",-36.606608,-72.100802
-7865466.41797971,-3957857.79939045,2895,2023,1518073,2023/03/09 00:00:00+00,Marzo,9,Jueves,1899/12/30 00:00:00+00,21:30:00,21,REGION METROPOLITANA,SANTIAGO,COLISION PERPENDICULAR,COLISION,URBANA,CRUCE CON SEMAFORO FUNCIONANDO,IMPRUDENCIA DEL CONDUCTOR,CONDUCCION NO ATENTO CONDICIONES TRANSITO MOMENTO,VIEL,GRAL RONDIZZONI,GRAL RONDIZZONI - VIEL,0, , ,UNIDIRECCIONAL,ASFALTO,BUENO,SECO,DESPEJADO,0,0,0,2,13,131,13101,Metropolitana de Santiago,Santiago,Santiago,Interseccion,"GRAL RONDIZZONI & VIEL, Santiago",-33.470013,-70.656687
-7996517.17352306,-4345814.92763623,2896,2023,1561791,2023/09/16 00:00:00+00,Septiembre,16,Sábado,1899/12/30 00:00:00+00,13:30:00,13,REGION ÑUBLE,ÑIQUEN,ATROPELLO,ATROPELLO,RURAL,TRAMO DE VIA RECTA,IMPRUDENCIA DEL CONDUCTOR,CONDUCCION NO ATENTO CONDICIONES TRANSITO MOMENTO, , , ,0,N-15,"0,65",BIDIRECCIONAL,ASFALTO,BUENO,SECO,DESPEJADO,0,0,0,2,16,163,16303,Ñuble,Punilla,Ñiquén,Ruta,"N-15 km 0,65",-36.32776,-71.833936
-7854360.07238327,-3973513.79159137,2897,2023,1519468,2023/03/09 00:00:00+00,Marzo,9,Jueves,1899/12/30 00:00:00+00,23:10:00,23,REGION METROPOLITANA,PUENTE ALTO,COLISION LATERAL,COLISION,URBANA,TRAMO DE VIA RECTA,IMPRUDENCIA DEL CONDUCTOR,CONDUCCION NO ATENTO CONDICIONES TRANSITO MOMENTO,LAS NIEVES ORIENTE,ANGEL PIMENTEL,ANGEL PIMENTEL - LAS NIEVES ORIENTE,0, , ,BIDIRECCIONAL,CONCRETO,BUENO,SECO,DESPEJADO,0,0,0,0,13,132,13201,Metropolitana de Santiago,Cordillera,Puente Alto,Interseccion,"ANGEL PIMENTEL & LAS NIEVES ORIENTE, Puente Alto",-33.587252,-70.556917
-7952374.32370072,-3901096.54909116,2898,2023,1502746,2023/01/09 00:00:00+00,Enero,9,Lunes,1899/12/30 00:00:00+00,14:00:00,14,REGION VALPARAISO,QUILPUE,VOLCADURA,VOLCADURA,URBANA,TRAMO DE VIA RECTA,VELOCIDAD IMPRUDENTE,VELOCIDAD NO RAZONABLE NI PRUDENTE,EL RETIRO,DE VEER,DE VEER - EL RETIRO,0, , ,BIDIRECCIONAL,ASFALTO,BUENO,SECO,DESPEJADO,0,1,0,0,05,058,05801,Valparaíso,Marga Marga,Quilpué,Interseccion,"DE VEER & EL RETIRO, Quilpué",-33.04363,-71.437394
-8129752.02482286,-4413293.04790004,2899,2023,1509324,2023/02/09 00:00:00+00,Febrero,9,Jueves,1899/12/30 00:00:00+00,14:20:00,14,REGION BIO BIO,CONCEPCION,COLISION PERPENDICULAR,COLISION,URBANA,CRUCE CON SEMAFORO FUNCIONANDO,IMPRUDENCIA DEL CONDUCTOR,VIRAJES INDEBIDOS,LOS CARRERA,COLLAO,COLLAO - LOS CARRERA,0, , ,BIDIRECCIONAL CON BANDEJON,CONCRETO,BUENO,SECO,DESPEJADO,0,0,0,0,08,081,08101,Biobío,Concepción,Concepción,Interseccion,"COLLAO & LOS CARRERA, Concepción",-36.81458,-73.030805
-7986281.57234545,-4330704.46188964,2900,2023,1561590,2023/09/16 00:00:00+00,Septiembre,16,Sábado,1899/12/30 00:00:00+00,17:00:00,17,REGION MAULE,PARRAL,COLISION POR ALCANCE,COLISION,RURAL,TRAMO DE VIA RECTA,IMPRUDENCIA DEL CONDUCTOR,CONDUCCION NO ATENTO CONDICIONES TRANSITO MOMENTO, , , ,0,L-85,10,BIDIRECCIONAL,ASFALTO,BUENO,SECO,DESPEJADO,0,0,1,0,07,074,07404,Maule,Linares,Parral,Ruta,L-85 km 10,-36.218326,-71.741988
-8090664.07806214,-4553213.20212007,2901,2023,1515760,2023/03/09 00:00:00+00,Marzo,9,Jueves,1899/12/30 00:00:00+00,23:25:00,23,REGION ARAUCANIA,ANGOL,VOLCADURA,VOLCADURA,URBANA,CRUCE CON SEÑAL PARE,ALCOHOL EN CONDUCTOR,CONDUCCION BAJO LA INFLUENCIA DEL ALCOHOL,BERNARDO O'HIGGINS,JERUSALEN,BERNARDO O'HIGGINS - JERUSALEN,0, , ,BIDIRECCIONAL,CONCRETO,BUENO,SECO,DESPEJADO,0,0,0,1,09,092,09201,La Araucanía,Malleco,Angol,Interseccion,"BERNARDO O'HIGGINS & JERUSALEN, Angol",-37.814211,-72.679672
-7856932.6658155,-3946245.11852055,2902,2023,1503017,2023/01/09 00:00:00+00,Enero,9,Lunes,1899/12/30 00:00:00+00,14:10:00,14,REGION METROPOLITANA,VITACURA,COLISION LATERAL,COLISION,URBANA,TRAMO DE VIA RECTA,IMPRUDENCIA DEL CONDUCTOR,CONDUCCION NO ATENTO CONDICIONES TRANSITO MOMENTO,MANQUEHUE NORTE,LAS ENCINAS,LAS ENCINAS - MANQUEHUE NORTE,0, , ,BIDIRECCIONAL,ASFALTO,BUENO,SECO,DESPEJADO,0,0,0,1,13,131,13132,Metropolitana de Santiago,Santiago,Vitacura,Interseccion,"LAS ENCINAS & MANQUEHUE NORTE, Vitacura",-33.38295,-70.580027
-8010619.79821837,-4359282.64697282,2903,2023,1510119,2023/02/09 00:00:00+00,Febrero,9,Jueves,1899/12/30 00:00:00+00,14:20:00,14,REGION ÑUBLE,SAN CARLOS,COLISION FRONTAL,COLISION,URBANA,TRAMO DE VIA RECTA,IMPRUDENCIA DEL CONDUCTOR,CONDUCCION NO ATENTO CONDICIONES TRANSITO MOMENTO,CHACABUCO,BALMACEDA,BALMACEDA - CHACABUCO,0, , ,UNIDIRECCIONAL,CONCRETO,BUENO,SECO,DESPEJADO,0,1,0,0,16,163,16301,Ñuble,Punilla,San Carlos,Interseccion,"BALMACEDA & CHACABUCO, San Carlos",-36.425168,-71.960622
-8186070.7450588,-5112894.8462736,2904,2023,1561014,2023/09/16 00:00:00+00,Septiembre,16,Sábado,1899/12/30 00:00:00+00,19:10:00,19,REGION LOS LAGOS,MAULLIN,VOLCADURA,VOLCADURA,RURAL,TRAMO DE VIA RECTA,VELOCIDAD IMPRUDENTE,VELOCIDAD NO RAZONABLE NI PRUDENTE, , , ,0,V-90,15,BIDIRECCIONAL,ASFALTO,BUENO,SECO,NUBLADO,0,1,0,0,10,101,10108,Los Lagos,Llanquihue,Maullín,Ruta,V-90 km 15,-41.678188,-73.536725
-7836343.90330977,-2710696.70722259,2905,2023,1509660,2023/02/09 00:00:00+00,Febrero,9,Jueves,1899/12/30 00:00:00+00,18:30:00,18,REGION ANTOFAGASTA,ANTOFAGASTA,COLISION,COLISION,URBANA,CRUCE CON SEÑAL CEDA EL PASO,DESOBEDIENCIA A SEÑALIZACION,SEÑALIZACION DESOBEDECER SEÑAL CEDA EL PASO,MANUEL ANTONIO MATTA,GUARDIAMARINA ERNESTO RIQUELME,GUARDIAMARINA ERNESTO RIQUELME - MANUEL ANTONIO MATTA,0, , ,UNIDIRECCIONAL,ASFALTO,BUENO,SECO,DESPEJADO,0,0,0,0,02,021,02101,Antofagasta,Antofagasta,Antofagasta,Interseccion,"GUARDIAMARINA ERNESTO RIQUELME & MANUEL ANTONIO MATTA, Antofagasta",-23.649013,-70.395075
-8134360.65178623,-4413631.6369589,2906,2023,1503717,2023/01/09 00:00:00+00,Enero,9,Lunes,1899/12/30 00:00:00+00,14:30:00,14,REGION BIO BIO,CHIGUAYANTE,COLISION,COLISION,URBANA,TRAMO DE VIA RECTA,IMPRUDENCIA DEL CONDUCTOR,ADELANTAMIENTO SIN EL ESPACIO O TIEMPO SUFICIENTE,RODOLFO BRICEÑO,ALMIRANTE RIVEROS,ALMIRANTE RIVEROS - RODOLFO BRICEÑO,0, , ,BIDIRECCIONAL,CONCRETO,REGULAR,SECO,DESPEJADO,0,1,0,0,08,081,08103,Biobío,Concepción,Chiguayante,Interseccion,"ALMIRANTE RIVEROS & RODOLFO BRICEÑO, Chiguayante",-36.817015,-73.072205
-7931148.79145489,-3491705.89358609,2907,2023,1515585,2023/03/10 00:00:00+00,Marzo,10,Viernes,1899/12/30 00:00:00+00,01:50:00,1,REGION COQUIMBO,LA SERENA,COLISION POR ALCANCE,COLISION,URBANA,CRUCE CON SEMAFORO FUNCIONANDO,DESOBEDIENCIA A SEÑALIZACION,SEÑALIZACION DESOBEDECER LUZ ROJA DE SEMAFORO,BENAVENTE,JUAN DE DIOS PENI,BENAVENTE - JUAN DE DIOS PENI,0, , ,UNIDIRECCIONAL,ASFALTO,BUENO,SECO,DESPEJADO,0,1,0,0,04,041,04101,Coquimbo,Elqui,La Serena,Interseccion,"BENAVENTE & JUAN DE DIOS PENI, La Serena",-29.907816,-71.246722
-7975715.75595805,-4242822.98073599,2908,2023,1559874,2023/09/17 00:00:00+00,Septiembre,17,Domingo,1899/12/30 00:00:00+00,02:41:00,2,REGION MAULE,LINARES,COLISION PERPENDICULAR,COLISION,RURAL,TRAMO DE VIA RECTA,IMPRUDENCIA DEL CONDUCTOR,ADELANTAMIENTO SIN EL ESPACIO O TIEMPO SUFICIENTE, , , ,0,"L-11, L-35",5,BIDIRECCIONAL,ASFALTO,BUENO,SECO,DESPEJADO,0,0,0,2,07,074,07401,Maule,Linares,Linares,Ruta,"L-11, L-35 km 5",-35.578832,-71.647074
-7889992.99610823,-3975748.43087761,2909,2023,1502554,2023/01/09 00:00:00+00,Enero,9,Lunes,1899/12/30 00:00:00+00,22:15:00,22,REGION METROPOLITANA,PEÑAFLOR,COLISION,COLISION,URBANA,CRUCE CON SEÑAL PARE,ALCOHOL EN CONDUCTOR,CONDUCCION BAJO LA INFLUENCIA DEL ALCOHOL,BILBAO,MALLOQUITO,BILBAO - MALLOQUITO,0, , ,BIDIRECCIONAL,ASFALTO,BUENO,SECO,DESPEJADO,0,0,0,1,13,136,13605,Metropolitana de Santiago,Talagante,Peñaflor,Interseccion,"BILBAO & MALLOQUITO, Peñaflor",-33.603973,-70.877013
-7877144.05520291,-3963283.36054207,2910,2023,1518433,2023/03/10 00:00:00+00,Marzo,10,Viernes,1899/12/30 00:00:00+00,07:50:00,7,REGION METROPOLITANA,MAIPU,VOLCADURA,VOLCADURA,URBANA,CRUCE CON SEMAFORO FUNCIONANDO,IMPRUDENCIA DEL CONDUCTOR,CONDUCCION SIN MANTENER DISTANCIA RAZONABLE NI PRUDENTE,5 DE ABRIL,HNOS CARRERA,5 DE ABRIL - HNOS CARRERA,0, , ,BIDIRECCIONAL CON BANDEJON,ASFALTO,BUENO,SECO,DESPEJADO,0,0,0,1,13,131,13119,Metropolitana de Santiago,Santiago,Maipú,Interseccion,"5 DE ABRIL & HNOS CARRERA, Maipú",-33.51066,-70.761589
-8130827.70506239,-4411740.82091953,2911,2023,1510949,2023/02/09 00:00:00+00,Febrero,9,Jueves,1899/12/30 00:00:00+00,18:30:00,18,REGION BIO BIO,CONCEPCION,CHOQUE FRENTE/POSTERIOR,CHOQUE,URBANA,CRUCE CON SEÑAL PARE,IMPRUDENCIA DEL CONDUCTOR,CONDUCCION NO ATENTO CONDICIONES TRANSITO MOMENTO,ALONSO DE RIBERA,JUAN BOSCO,ALONSO DE RIBERA - JUAN BOSCO,0, , ,UNIDIRECCIONAL,CONCRETO,BUENO,SECO,DESPEJADO,0,0,0,0,08,081,08101,Biobío,Concepción,Concepción,Interseccion,"ALONSO DE RIBERA & JUAN BOSCO, Concepción",-36.803416,-73.040468
-7967617.97601531,-4257466.08045967,2912,2023,1559872,2023/09/17 00:00:00+00,Septiembre,17,Domingo,1899/12/30 00:00:00+00,16:00:00,16,REGION MAULE,YERBAS BUENAS,VOLCADURA,VOLCADURA,RURAL,TRAMO DE VIA RECTA,VELOCIDAD IMPRUDENTE,VELOCIDAD NO RAZONABLE NI PRUDENTE, , , ,0,L-25,11,BIDIRECCIONAL,ASFALTO,BUENO,SECO,DESPEJADO,0,0,0,1,07,074,07408,Maule,Linares,Yerbas Buenas,Ruta,L-25 km 11,-35.685745,-71.57433
-7872210.15273197,-3960273.2057424,2913,2023,1502642,2023/01/10 00:00:00+00,Enero,10,Martes,1899/12/30 00:00:00+00,08:00:00,8,REGION METROPOLITANA,CERRILLOS,COLISION PERPENDICULAR,COLISION,URBANA,CRUCE CON SEÑAL PARE,DESOBEDIENCIA A SEÑALIZACION,SEÑALIZACION DESOBEDECER SEÑAL PARE,PDTE SALVADOR ALLENDE,LAS AMERICAS,LAS AMERICAS - PDTE SALVADOR ALLENDE,0, , ,BIDIRECCIONAL,ASFALTO,BUENO,SECO,DESPEJADO,0,1,0,0,13,131,13102,Metropolitana de Santiago,Santiago,Cerrillos,Interseccion,"LAS AMERICAS & PDTE SALVADOR ALLENDE, Cerrillos",-33.488111,-70.717267
-7977417.53556375,-4221771.05014304,2914,2023,1516442,2023/03/10 00:00:00+00,Marzo,10,Viernes,1899/12/30 00:00:00+00,08:00:00,8,REGION MAULE,TALCA,COLISION POR ALCANCE,COLISION,URBANA,TRAMO DE VIA RECTA,IMPRUDENCIA DEL CONDUCTOR,CONDUCCION CAMBIAR SORPRESIVAMENTE PISTA CIRCULACION,CIRCUNVALACION,2 NORTE,2 NORTE - CIRCUNVALACION,0, , ,UNIDIRECCIONAL,CONCRETO,BUENO,SECO,DESPEJADO,0,0,1,0,07,071,07101,Maule,Talca,Talca,Interseccion,"2 NORTE & CIRCUNVALACION, Talca",-35.424876,-71.662361
-7931543.33000529,-3498414.64851508,2915,2023,1510368,2023/02/09 00:00:00+00,Febrero,9,Jueves,1899/12/30 00:00:00+00,19:30:00,19,REGION COQUIMBO,COQUIMBO,COLISION LATERAL,COLISION,URBANA,TRAMO DE VIA RECTA,IMPRUDENCIA DEL CONDUCTOR,CONDUCCION NO ATENTO CONDICIONES TRANSITO MOMENTO,CABO EXEQUIEL AROCA,AYMARAS,AYMARAS - CABO EXEQUIEL AROCA,0, , ,BIDIRECCIONAL,ASFALTO,BUENO,SECO,DESPEJADO,0,1,0,0,04,041,04102,Coquimbo,Elqui,Coquimbo,Interseccion,"AYMARAS & CABO EXEQUIEL AROCA, Coquimbo",-29.960042,-71.250266
-8141325.0775069,-4442016.65841549,2916,2023,1559682,2023/09/17 00:00:00+00,Septiembre,17,Domingo,1899/12/30 00:00:00+00,20:00:00,20,REGION BIO BIO,CORONEL,COLISION,COLISION,RURAL,TRAMO DE VIA RECTA,VELOCIDAD IMPRUDENTE,VELOCIDAD NO RAZONABLE NI PRUDENTE, , , ,0,RUTA 160,"26,3",BIDIRECCIONAL CON BANDEJON,ASFALTO,BUENO,SECO,DESPEJADO,1,0,0,0,08,081,08102,Biobío,Concepción,Coronel,Ruta,"RUTA 160 km 26,3",-37.020873,-73.134768
-8039691.92311893,-4408971.0583184,2917,2023,1559323,2023/09/17 00:00:00+00,Septiembre,17,Domingo,1899/12/30 00:00:00+00,20:40:00,20,REGION ÑUBLE,BULNES,COLISION,COLISION,RURAL,TRAMO DE VIA RECTA,IMPRUDENCIA DEL CONDUCTOR,CONDUCCION NO ATENTO CONDICIONES TRANSITO MOMENTO, , , ,0,N-69,7,BIDIRECCIONAL,ASFALTO,REGULAR,SECO,NUBLADO,1,0,0,0,16,161,16102,Ñuble,Diguillín,Bulnes,Ruta,N-69 km 7,-36.783491,-72.221781
-7965467.00978535,-3900793.00123107,2918,2023,1506311,2023/01/10 00:00:00+00,Enero,10,Martes,1899/12/30 00:00:00+00,09:15:00,9,REGION VALPARAISO,VIÑA DEL MAR,VOLCADURA,VOLCADURA,URBANA,TRAMO DE VIA CURVA HORIZONTAL,IMPRUDENCIA DEL CONDUCTOR,CONDUCCION NO ATENTO CONDICIONES TRANSITO MOMENTO,LAS PALMAS,SIMON BOLIVAR,LAS PALMAS - SIMON BOLIVAR,0, , ,BIDIRECCIONAL,ASFALTO,BUENO,SECO,DESPEJADO,0,0,0,1,05,051,05109,Valparaíso,Valparaíso,Viña del Mar,Interseccion,"LAS PALMAS & SIMON BOLIVAR, Viña del Mar",-33.041344,-71.555008
-8088412.53004136,-4510473.65143168,2919,2023,1509091,2023/02/10 00:00:00+00,Febrero,10,Viernes,1899/12/30 00:00:00+00,00:10:00,0,REGION BIO BIO,NACIMIENTO,COLISION LATERAL,COLISION,URBANA,CRUCE CON SEÑAL PARE,ALCOHOL EN CONDUCTOR,CONDUCCION EN ESTADO DE EBRIEDAD,HERNAN MERINO,JULIO HEMMELMANN,HERNAN MERINO - JULIO HEMMELMANN,0, , ,BIDIRECCIONAL,ASFALTO,BUENO,SECO,DESPEJADO,0,0,0,2,08,083,08306,Biobío,Biobío,Nacimiento,Interseccion,"HERNAN MERINO & JULIO HEMMELMANN, Nacimiento",-37.510278,-72.659446
-8093350.55126667,-4552066.53792975,2920,2023,1515769,2023/03/10 00:00:00+00,Marzo,10,Viernes,1899/12/30 00:00:00+00,08:05:00,8,REGION ARAUCANIA,ANGOL,COLISION POR ALCANCE,COLISION,URBANA,CRUCE CON SEÑAL PARE,DESOBEDIENCIA A SEÑALIZACION,SEÑALIZACION DESOBEDECER SEÑAL PARE,BERNARDO O'HIGGINS,ESPAÑA,BERNARDO O'HIGGINS - ESPAÑA,0, , ,BIDIRECCIONAL,CONCRETO,BUENO,SECO,DESPEJADO,0,0,0,1,09,092,09201,La Araucanía,Malleco,Angol,Interseccion,"BERNARDO O'HIGGINS & ESPAÑA, Angol",-37.806073,-72.703805
-8083076.68902347,-4646093.64608137,2921,2023,1559446,2023/09/18 00:00:00+00,Septiembre,18,Lunes,1899/12/30 00:00:00+00,01:30:00,1,REGION ARAUCANIA,LAUTARO,VOLCADURA,VOLCADURA,RURAL,TRAMO DE VIA RECTA,VELOCIDAD IMPRUDENTE,VELOCIDAD NO RAZONABLE NI PRUDENTE, , , ,0,S-10,1,BIDIRECCIONAL,ASFALTO,REGULAR,SECO,DESPEJADO,1,0,0,0,09,091,09108,La Araucanía,Cautín,Lautaro,Ruta,S-10 km 1,-38.470409,-72.611513