X,Y,FID,Año,IdAccident,Fecha,Mes,Dia_mes,Dia_semana,Hora,Hora_texto,Hora_aprox,Región,Comuna,Tipo_Accid,Tipo__CONA,Zona,Ubicación,Causa__CON,Causa_Acci,Calle_Uno,Calle_Dos,Intersecci,Número,Ruta,Ubicaci_1,Calzada,Tipo_Calza,Estado_Cal,Condición,Estado_Atm,Fallecidos,Graves,Menos_Grav,Leves,CUT_REG,CUT_PROV,CUT_COM,REGION,PROVINCIA,COMUNA1,Tipo_direc,Direccion,Lat,Lon
-7870789.77438312,-3953141.51050254,2922,2023,1504088,2023/01/10 00:00:00+00,Enero,10,Martes,1899/12/30 00:00:00+00,10:30:00,10,REGION METROPOLITANA,QUINTA NORMAL,COLISION,COLISION,URBANA,OTROS NO CONSIDERADOS,IMPRUDENCIA DEL CONDUCTOR,CONDUCCION NO ATENTO CONDICIONES TRANSITO MOMENTO,RADAL,ANDES,ANDES - RADAL,0, , ,BIDIRECCIONAL,CONCRETO,BUENO,SECO,DESPEJADO,0,0,0,1,13,131,13126,Metropolitana de Santiago,Santiago,Quinta Normal,Interseccion,"ANDES & RADAL, Quinta Normal",-33.434664,-70.704508
-8150118.37098598,-4841285.53303321,2923,2023,1515821,2023/03/10 00:00:00+00,Marzo,10,Viernes,1899/12/30 00:00:00+00,08:20:00,8,REGION DE LOS RIOS,VALDIVIA,COLISION LATERAL,COLISION,URBANA,CRUCE CON SEÑAL PARE,IMPRUDENCIA DEL CONDUCTOR,CONDUCCION NO ATENTO CONDICIONES TRANSITO MOMENTO,DON BOSCO,LAS TORCAZAS,DON BOSCO - LAS TORCAZAS,0, , ,BIDIRECCIONAL,CONCRETO,BUENO,SECO,DESPEJADO,0,0,0,1,14,141,14101,Los Ríos,Valdivia,Valdivia,Interseccion,"DON BOSCO & LAS TORCAZAS, Valdivia",-39.830114,-73.213759
-7847412.44604279,-3531525.64102107,2924,2023,1559297,2023/09/18 00:00:00+00,Septiembre,18,Lunes,1899/12/30 00:00:00+00,18:30:00,18,REGION COQUIMBO,PAIHUANO,VOLCADURA,VOLCADURA,RURAL,TRAMO DE VIA CURVA HORIZONTAL,VELOCIDAD IMPRUDENTE,VELOCIDAD NO RAZONABLE NI PRUDENTE, , , ,0,D-485,"32,1",BIDIRECCIONAL,ASFALTO,REGULAR,SECO,DESPEJADO,1,0,0,0,04,041,04105,Coquimbo,Elqui,Paiguano,Ruta,"D-485 km 32,1",-30.217403,-70.494505
-7965639.3768515,-3897215.21306883,2925,2023,1511281,2023/02/10 00:00:00+00,Febrero,10,Viernes,1899/12/30 00:00:00+00,03:00:00,3,REGION VALPARAISO,VIÑA DEL MAR,CHOQUE FRONTAL,CHOQUE,URBANA,TRAMO DE VIA RECTA,VELOCIDAD IMPRUDENTE,VELOCIDAD NO RAZONABLE NI PRUDENTE,PERU,8 NORTE,8 NORTE - PERU,0, , ,UNIDIRECCIONAL,CONCRETO,BUENO,SECO,DESPEJADO,0,1,0,0,05,051,05109,Valparaíso,Valparaíso,Viña del Mar,Interseccion,"8 NORTE & PERU, Viña del Mar",-33.014398,-71.556556
-8132231.55516079,-4414582.52499727,2926,2023,1503856,2023/01/10 00:00:00+00,Enero,10,Martes,1899/12/30 00:00:00+00,16:00:00,16,REGION BIO BIO,CONCEPCION,COLISION,COLISION,URBANA,TRAMO DE VIA RECTA,IMPRUDENCIA DEL CONDUCTOR,CONDUCCION SIN MANTENER DISTANCIA RAZONABLE NI PRUDENTE,LOS CARRERA,CAUPOLICAN,CAUPOLICAN - LOS CARRERA,0, , ,BIDIRECCIONAL CON BANDEJON,CONCRETO,BUENO,SECO,DESPEJADO,0,0,0,2,08,081,08101,Biobío,Concepción,Concepción,Interseccion,"CAUPOLICAN & LOS CARRERA, Concepción",-36.823853,-73.053079
-7871979.94402501,-3954672.28441728,2927,2023,1521595,2023/03/10 00:00:00+00,Marzo,10,Viernes,1899/12/30 00:00:00+00,09:00:00,9,REGION METROPOLITANA,LO PRADO,COLISION POR ALCANCE,COLISION,URBANA,CRUCE CON SEÑAL CEDA EL PASO,IMPRUDENCIA DEL CONDUCTOR,CONDUCCION SIN MANTENER DISTANCIA RAZONABLE NI PRUDENTE,STA MARTA,JULIO ESCUDERO,JULIO ESCUDERO - STA MARTA,0, , ,BIDIRECCIONAL,ASFALTO,BUENO,SECO,DESPEJADO,0,0,1,0,13,131,13117,Metropolitana de Santiago,Santiago,Lo Prado,Interseccion,"JULIO ESCUDERO & STA MARTA, Lo Prado",-33.446139,-70.715199
-7964510.62978694,-4095547.69386875,2928,2023,1559378,2023/09/18 00:00:00+00,Septiembre,18,Lunes,1899/12/30 00:00:00+00,19:00:00,19,REGION LIB.B.O'HIGGINS,PERALILLO,COLISION FRONTAL,COLISION,RURAL,TRAMO DE VIA CURVA HORIZONTAL,IMPRUDENCIA DEL CONDUCTOR,CONDUCCION CAMBIAR SORPRESIVAMENTE PISTA CIRCULACION, , , ,0,I-690,"6,1",BIDIRECCIONAL,ASFALTO,BUENO,SECO,NUBLADO,1,0,0,3,06,063,06307,Libertador General Bernardo O'Higgins,Colchagua,Peralillo,Ruta,"I-690 km 6,1",-34.495622,-71.546416
-7927459.79712452,-4160701.49618821,2929,2023,1517595,2023/03/10 00:00:00+00,Marzo,10,Viernes,1899/12/30 00:00:00+00,13:15:00,13,REGION MAULE,CURICO,COLISION LATERAL,COLISION,URBANA,CRUCE CON SEMAFORO FUNCIONANDO,IMPRUDENCIA DEL CONDUCTOR,NO RESPETAR DERECHO PREFERENTE DE PASO A VEHICULO,ARTURO ALESSANDRI,RIO ELQUI,ARTURO ALESSANDRI - RIO ELQUI,0, , ,BIDIRECCIONAL CON BANDEJON,ASFALTO,BUENO,SECO,DESPEJADO,0,1,0,0,07,073,07301,Maule,Curicó,Curicó,Interseccion,"ARTURO ALESSANDRI & RIO ELQUI, Curicó",-34.976599,-71.213583
-7862272.78424029,-3974274.03618887,2930,2023,1509401,2023/02/10 00:00:00+00,Febrero,10,Viernes,1899/12/30 00:00:00+00,06:30:00,6,REGION METROPOLITANA,LA PINTANA,COLISION POR ALCANCE,COLISION,URBANA,CRUCE SIN SEÑALIZACION,IMPRUDENCIA DEL CONDUCTOR,CONDUCCION NO ATENTO CONDICIONES TRANSITO MOMENTO,STA ROSA,LAUTARO,LAUTARO - STA ROSA,0, , ,BIDIRECCIONAL CON BANDEJON,ASFALTO,BUENO,SECO,DESPEJADO,0,1,0,0,13,131,13112,Metropolitana de Santiago,Santiago,La Pintana,Interseccion,"LAUTARO & STA ROSA, La Pintana",-33.592941,-70.627998
-7867685.46070919,-3969364.80038654,2931,2023,1506200,2023/01/10 00:00:00+00,Enero,10,Martes,1899/12/30 00:00:00+00,18:00:00,18,REGION METROPOLITANA,EL BOSQUE,CHOQUE FRENTE/POSTERIOR,CHOQUE,URBANA,TRAMO DE VIA RECTA,IMPRUDENCIA DEL CONDUCTOR,CONDUCCION SIN MANTENER DISTANCIA RAZONABLE NI PRUDENTE,GRAN AVDA JOSE MIGUEL CARRERA,JORGE LUCO,GRAN AVDA JOSE MIGUEL CARRERA - JORGE LUCO,0, , ,BIDIRECCIONAL CON BANDEJON,CONCRETO,BUENO,SECO,DESPEJADO,0,1,0,0,13,131,13105,Metropolitana de Santiago,Santiago,El Bosque,Interseccion,"GRAN AVDA JOSE MIGUEL CARRERA & JORGE LUCO, El Bosque",-33.556198,-70.676621
-7854754.92261711,-3948127.74440907,2932,2023,1519541,2023/03/10 00:00:00+00,Marzo,10,Viernes,1899/12/30 00:00:00+00,13:50:00,13,REGION METROPOLITANA,LAS CONDES,COLISION POR ALCANCE,COLISION,URBANA,CRUCE CON SEMAFORO FUNCIONANDO,IMPRUDENCIA DEL CONDUCTOR,CONDUCCION SIN MANTENER DISTANCIA RAZONABLE NI PRUDENTE,PDTE RIESCO,GERONIMO DE ALDERETE,GERONIMO DE ALDERETE - PDTE RIESCO,0, , ,UNIDIRECCIONAL,ASFALTO,BUENO,SECO,DESPEJADO,0,0,0,1,13,131,13114,Metropolitana de Santiago,Santiago,Las Condes,Interseccion,"GERONIMO DE ALDERETE & PDTE RIESCO, Las Condes",-33.39707,-70.560464
-7885983.96466497,-3552662.70167571,2933,2023,1559719,2023/09/18 00:00:00+00,Septiembre,18,Lunes,1899/12/30 00:00:00+00,20:30:00,20,REGION COQUIMBO,OVALLE,VOLCADURA,VOLCADURA,RURAL,TRAMO DE VIA RECTA,VELOCIDAD IMPRUDENTE,VELOCIDAD NO RAZONABLE NI PRUDENTE, , , ,0,"D-595, D-445",44,BIDIRECCIONAL,ASFALTO,BUENO,SECO,DESPEJADO,0,1,0,0,04,043,04301,Coquimbo,Limarí,Ovalle,Ruta,"D-595, D-445 km 44",-30.381343,-70.840999
-7865948.76533332,-3972166.48174632,2934,2023,1509408,2023/02/10 00:00:00+00,Febrero,10,Viernes,1899/12/30 00:00:00+00,10:30:00,10,REGION METROPOLITANA,LA PINTANA,COLISION,COLISION,URBANA,CRUCE SIN SEÑALIZACION,IMPRUDENCIA DEL CONDUCTOR,CONDUCCION NO ATENTO CONDICIONES TRANSITO MOMENTO,SAN FRANCISCO,BERNARDINO PARADA,BERNARDINO PARADA - SAN FRANCISCO,0, , ,BIDIRECCIONAL CON BANDEJON,ASFALTO,BUENO,SECO,DESPEJADO,0,0,0,1,13,131,13112,Metropolitana de Santiago,Santiago,La Pintana,Interseccion,"BERNARDINO PARADA & SAN FRANCISCO, La Pintana",-33.577169,-70.66102
-8056188.65440245,-4505567.3040817,2935,2023,1505396,2023/01/10 00:00:00+00,Enero,10,Martes,1899/12/30 00:00:00+00,19:00:00,19,REGION BIO BIO,LOS ANGELES,CHOQUE FRENTE/POSTERIOR,CHOQUE,URBANA,TRAMO DE VIA RECTA,IMPRUDENCIA DEL CONDUCTOR,CONDUCCION NO ATENTO CONDICIONES TRANSITO MOMENTO,PADRE HURTADO,BAQUEDANO,BAQUEDANO - PADRE HURTADO,0, , ,BIDIRECCIONAL,CONCRETO,BUENO,SECO,DESPEJADO,0,1,0,0,08,083,08301,Biobío,Biobío,Los Angeles,Interseccion,"BAQUEDANO & PADRE HURTADO, Los Angeles",-37.475308,-72.369974
-8132792.05937228,-4725605.35109928,2936,2023,1561950,2023/09/19 00:00:00+00,Septiembre,19,Martes,1899/12/30 00:00:00+00,12:30:00,12,REGION ARAUCANIA,TOLTEN,COLISION FRONTAL,COLISION,RURAL,TRAMO DE VIA RECTA,ALCOHOL EN CONDUCTOR,CONDUCCION EN ESTADO DE EBRIEDAD, , , ,0,S-70,40,BIDIRECCIONAL,ASFALTO,BUENO,SECO,DESPEJADO,0,1,0,0,09,091,09118,La Araucanía,Cautín,Toltén,Ruta,S-70 km 40,-39.027457,-73.058114
-7856078.40004315,-3970955.60057283,2937,2023,1519302,2023/03/10 00:00:00+00,Marzo,10,Viernes,1899/12/30 00:00:00+00,15:30:00,15,REGION METROPOLITANA,PUENTE ALTO,COLISION LATERAL,COLISION,URBANA,TRAMO DE VIA RECTA,IMPRUDENCIA DEL CONDUCTOR,CONDUCCION NO ATENTO CONDICIONES TRANSITO MOMENTO,NONATO COO,LOS TOROS,LOS TOROS - NONATO COO,0, , ,BIDIRECCIONAL,CONCRETO,BUENO,SECO,DESPEJADO,0,0,0,0,13,132,13201,Metropolitana de Santiago,Cordillera,Puente Alto,Interseccion,"LOS TOROS & NONATO COO, Puente Alto",-33.568106,-70.572353
-8154533.69228811,-4570737.00284172,2938,2023,1560897,2023/09/19 00:00:00+00,Septiembre,19,Martes,1899/12/30 00:00:00+00,17:12:00,17,REGION BIO BIO,CONTULMO,COLISION,COLISION,RURAL,TRAMO DE VIA RECTA,ALCOHOL EN CONDUCTOR,CONDUCCION EN ESTADO DE EBRIEDAD, , , ,0,P-60-R,48,BIDIRECCIONAL,RIPIO,MALO, ,DESPEJADO,0,0,0,2,08,082,08204,Biobío,Arauco,Contulmo,Ruta,P-60-R km 48,-37.938468,-73.253423
-8077247.67282775,-4680415.9229315,2939,2023,1502915,2023/01/10 00:00:00+00,Enero,10,Martes,1899/12/30 00:00:00+00,20:00:00,20,REGION ARAUCANIA,TEMUCO,COLISION PERPENDICULAR,COLISION,URBANA,CRUCE CON SEMAFORO FUNCIONANDO,DESOBEDIENCIA A SEÑALIZACION,SEÑALIZACION DESOBEDECER LUZ ROJA DE SEMAFORO,RUDECINDO ORTEGA,HUERFANOS,HUERFANOS - RUDECINDO ORTEGA,0, , ,BIDIRECCIONAL CON BANDEJON,CONCRETO,BUENO,SECO,DESPEJADO,0,1,0,1,09,091,09101,La Araucanía,Cautín,Temuco,Interseccion,"HUERFANOS & RUDECINDO ORTEGA, Temuco",-38.711399,-72.55915
-7880454.80817859,-3964159.76213767,2940,2023,1516607,2023/03/10 00:00:00+00,Marzo,10,Viernes,1899/12/30 00:00:00+00,16:00:00,16,REGION METROPOLITANA,MAIPU,COLISION LATERAL,COLISION,URBANA,CRUCE CON SEÑAL PARE,DESOBEDIENCIA A SEÑALIZACION,SEÑALIZACION DESOBEDECER SEÑAL PARE,4 PONIENTE,SAN JOSE,4 PONIENTE - SAN JOSE,0, , ,BIDIRECCIONAL CON BANDEJON,ASFALTO,BUENO,SECO,DESPEJADO,0,2,0,0,13,131,13119,Metropolitana de Santiago,Santiago,Maipú,Interseccion,"4 PONIENTE & SAN JOSE, Maipú",-33.517224,-70.79133
-7875935.20244353,-3166552.09963173,2941,2023,1562810,2023/09/19 00:00:00+00,Septiembre,19,Martes,1899/12/30 00:00:00+00,19:00:00,19,REGION ATACAMA,CALDERA,VOLCADURA,VOLCADURA,RURAL,TRAMO DE VIA RECTA,ALCOHOL EN CONDUCTOR,CONDUCCION EN ESTADO DE EBRIEDAD, , , ,0,C-358,10,BIDIRECCIONAL,ASFALTO,BUENO,SECO,DESPEJADO,0,0,0,1,03,031,03102,Atacama,Copiapó,Caldera,Ruta,C-358 km 10,-27.344287,-70.75073
-7862366.83807806,-3953941.07671387,2942,2023,1512430,2023/02/10 00:00:00+00,Febrero,10,Viernes,1899/12/30 00:00:00+00,10:30:00,10,REGION METROPOLITANA,PROVIDENCIA,COLISION FRONTAL,COLISION,URBANA,CRUCE CON SEÑAL PARE,DESOBEDIENCIA A SEÑALIZACION,SEÑALIZACION DESOBEDECER SEÑAL PARE,RANCAGUA,ARZ LARRAIN GANDARILLAS,ARZ LARRAIN GANDARILLAS - RANCAGUA,0, , ,UNIDIRECCIONAL,ASFALTO,BUENO,SECO,DESPEJADO,0,1,0,0,13,131,13123,Metropolitana de Santiago,Santiago,Providencia,Interseccion,"ARZ LARRAIN GANDARILLAS & RANCAGUA, Providencia",-33.440658,-70.628843
-7935256.90472563,-4179340.43927429,2943,2023,1560040,2023/09/19 00:00:00+00,Septiembre,19,Martes,1899/12/30 00:00:00+00,20:20:00,20,REGION MAULE,MOLINA,CHOQUE FRONTAL,CHOQUE,RURAL,TRAMO DE VIA RECTA,VELOCIDAD IMPRUDENTE,VELOCIDAD NO RAZONABLE NI PRUDENTE, , , ,0,"K-15, K-25, K-55","63,1",BIDIRECCIONAL,ASFALTO,BUENO,SECO,DESPEJADO,0,1,0,0,07,073,07304,Maule,Curicó,Molina,Ruta,"K-15, K-25, K-55 km 63,1",-35.113679,-71.283626
-8116523.92972076,-5069632.21987678,2944,2023,1504266,2023/01/10 00:00:00+00,Enero,10,Martes,1899/12/30 00:00:00+00,22:00:00,22,REGION LOS LAGOS,PUERTO MONTT,CHOQUE FRONTAL,CHOQUE,URBANA,TRAMO DE VIA RECTA,VELOCIDAD IMPRUDENTE,VELOCIDAD NO RAZONABLE NI PRUDENTE,TRANSVERSAL CINCO,LOS CALAMARES,LOS CALAMARES - TRANSVERSAL CINCO,0, , ,BIDIRECCIONAL,CONCRETO,REGULAR,HUMEDO,DESPEJADO,0,1,0,0,10,101,10101,Los Lagos,Llanquihue,Puerto Montt,Interseccion,"LOS CALAMARES & TRANSVERSAL CINCO, Puerto Montt",-41.387266,-72.911975
-8117409.25364217,-5080788.30608232,2945,2023,1509740,2023/02/10 00:00:00+00,Febrero,10,Viernes,1899/12/30 00:00:00+00,11:50:00,11,REGION LOS LAGOS,PUERTO MONTT,COLISION PERPENDICULAR,COLISION,URBANA,CRUCE CON SEMAFORO FUNCIONANDO,IMPRUDENCIA DEL CONDUCTOR,CONDUCCION NO ATENTO CONDICIONES TRANSITO MOMENTO,PRESIDENTE IBAÑEZ,LAUTARO,LAUTARO - PRESIDENTE IBAÑEZ,0, , ,BIDIRECCIONAL CON BANDEJON,CONCRETO,BUENO,SECO,DESPEJADO,0,0,1,1,10,101,10101,Los Lagos,Llanquihue,Puerto Montt,Interseccion,"LAUTARO & PRESIDENTE IBAÑEZ, Puerto Montt",-41.462411,-72.919928
-7861705.74505149,-3957747.15781119,2946,2023,1515576,2023/03/10 00:00:00+00,Marzo,10,Viernes,1899/12/30 00:00:00+00,17:00:00,17,REGION METROPOLITANA,ÑUÑOA,COLISION POR ALCANCE,COLISION,URBANA,CRUCE CON SEMAFORO FUNCIONANDO,DESOBEDIENCIA A SEÑALIZACION,SEÑALIZACION DESOBEDECER LUZ ROJA DE SEMAFORO,GRECIA,SAN EUGENIO,GRECIA - SAN EUGENIO,0, , ,BIDIRECCIONAL CON BANDEJON,CONCRETO,BUENO,SECO,DESPEJADO,0,0,0,0,13,131,13120,Metropolitana de Santiago,Santiago,Ñuñoa,Interseccion,"GRECIA & SAN EUGENIO, Ñuñoa",-33.469184,-70.622904
-8009457.50203077,-4375807.87268524,2947,2023,1560916,2023/09/19 00:00:00+00,Septiembre,19,Martes,1899/12/30 00:00:00+00,21:00:00,21,REGION ÑUBLE,CHILLAN,COLISION POR ALCANCE,COLISION,RURAL,TRAMO DE VIA RECTA,IMPRUDENCIA DEL CONDUCTOR,CONDUCCION NO ATENTO CONDICIONES TRANSITO MOMENTO, , , ,0,N-45,13,BIDIRECCIONAL,ASFALTO,BUENO,SECO,DESPEJADO,0,0,0,1,16,161,16101,Ñuble,Diguillín,Chillán,Ruta,N-45 km 13,-36.544523,-71.950181
-8121321.79984074,-4914012.47877035,2948,2023,1505816,2023/01/10 00:00:00+00,Enero,10,Martes,1899/12/30 00:00:00+00,23:00:00,23,REGION DE LOS RIOS,RIO BUENO,VOLCADURA,VOLCADURA,URBANA,TRAMO DE VIA RECTA,ALCOHOL EN CONDUCTOR,CONDUCCION EN ESTADO DE EBRIEDAD,PEDRO LAGOS,CARLOS CONDELL,CARLOS CONDELL - PEDRO LAGOS,0, , ,BIDIRECCIONAL,CONCRETO,REGULAR,SECO,DESPEJADO,0,1,0,0,14,142,14204,Los Ríos,Ranco,Río Bueno,Interseccion,"CARLOS CONDELL & PEDRO LAGOS, Río Bueno",-40.329993,-72.955075
-7876680.08669723,-3956346.20493984,2949,2023,1518075,2023/03/10 00:00:00+00,Marzo,10,Viernes,1899/12/30 00:00:00+00,17:30:00,17,REGION METROPOLITANA,SANTIAGO,COLISION PERPENDICULAR,COLISION,URBANA,CRUCE CON SEÑAL PARE,IMPRUDENCIA DEL CONDUCTOR,CONDUCCION NO ATENTO CONDICIONES TRANSITO MOMENTO,GAY,ESPAÑA,ESPAÑA - GAY,0, , ,UNIDIRECCIONAL,CONCRETO,BUENO,SECO,DESPEJADO,0,0,0,0,13,131,13101,Metropolitana de Santiago,Santiago,Santiago,Interseccion,"ESPAÑA & GAY, Santiago",-33.458685,-70.757421
-7927745.32048646,-3989506.29714786,2950,2023,1509757,2023/02/10 00:00:00+00,Febrero,10,Viernes,1899/12/30 00:00:00+00,14:00:00,14,REGION METROPOLITANA,MELIPILLA,COLISION LATERAL,COLISION,URBANA,TRAMO DE VIA RECTA,IMPRUDENCIA DEL CONDUCTOR,ADELANTAMIENTO SOBREPASANDO LINEA CONTINUA,CAMINO A RAPEL,HUILCO BAJO,CAMINO A RAPEL - HUILCO BAJO,0, , ,BIDIRECCIONAL,CONCRETO,BUENO,SECO,DESPEJADO,0,0,0,1,13,135,13501,Metropolitana de Santiago,Melipilla,Melipilla,Interseccion,"CAMINO A RAPEL & HUILCO BAJO, Melipilla",-33.706847,-71.216148
-8055166.88664871,-4809075.39593201,2951,2023,1563497,2023/09/19 00:00:00+00,Septiembre,19,Martes,1899/12/30 00:00:00+00,23:10:00,23,REGION DE LOS RIOS,PANGUIPULLI,ATROPELLO,ATROPELLO,RURAL,TRAMO DE VIA RECTA,IMPRUDENCIA DEL PEATON,PEATON CRUZA CALZADA FUERA PASO PEATONES, , , ,0,203 CH,45,BIDIRECCIONAL,ASFALTO,BUENO,SECO,NUBLADO,0,0,0,1,14,141,14108,Los Ríos,Valdivia,Panguipulli,Ruta,203 CH km 45,-39.60755,-72.360795
-7858046.68448766,-3974629.60037748,2952,2023,1503267,2023/01/10 00:00:00+00,Enero,10,Martes,1899/12/30 00:00:00+00,23:00:00,23,REGION METROPOLITANA,PUENTE ALTO,COLISION LATERAL,COLISION,URBANA,TRAMO DE VIA RECTA,IMPRUDENCIA DEL CONDUCTOR,ADELANTAMIENTO SIN EL ESPACIO O TIEMPO SUFICIENTE,JUAN DE DIOS MALEBRAN,JORGE ROSS OSSA,JORGE ROSS OSSA - JUAN DE DIOS MALEBRAN,0, , ,BIDIRECCIONAL CON BANDEJON,ASFALTO,BUENO,SECO,DESPEJADO,0,0,0,0,13,132,13201,Metropolitana de Santiago,Cordillera,Puente Alto,Interseccion,"JORGE ROSS OSSA & JUAN DE DIOS MALEBRAN, Puente Alto",-33.595602,-70.590034
-7859572.7522884,-3873406.63723249,2953,2023,1516093,2023/03/10 00:00:00+00,Marzo,10,Viernes,1899/12/30 00:00:00+00,17:30:00,17,REGION VALPARAISO,LOS ANDES,VOLCADURA,VOLCADURA,URBANA,CRUCE CON SEMAFORO FUNCIONANDO,IMPRUDENCIA DEL CONDUCTOR,CONDUCCION SIN MANTENER DISTANCIA RAZONABLE NI PRUDENTE,SANTA TERESA,FREIRE,FREIRE - SANTA TERESA,0, , ,BIDIRECCIONAL CON BANDEJON,ASFALTO,BUENO,SECO,DESPEJADO,0,0,0,1,05,053,05301,Valparaíso,Los Andes,Los Andes,Interseccion,"FREIRE & SANTA TERESA, Los Andes",-32.834874,-70.603743
-7873713.83918135,-3954472.19507699,2954,2023,1529116,2023/02/10 00:00:00+00,Febrero,10,Viernes,1899/12/30 00:00:00+00,17:00:00,17,REGION METROPOLITANA,LO PRADO,CHOQUE FRENTE/POSTERIOR,CHOQUE,URBANA,CRUCE CON SEMAFORO FUNCIONANDO,IMPRUDENCIA DEL CONDUCTOR,CONDUCCION NO ATENTO CONDICIONES TRANSITO MOMENTO,SAN PABLO,LAS TORRES,LAS TORRES - SAN PABLO,0, , ,BIDIRECCIONAL,ASFALTO,BUENO,SECO,DESPEJADO,0,0,0,0,13,131,13117,Metropolitana de Santiago,Santiago,Lo Prado,Interseccion,"LAS TORRES & SAN PABLO, Lo Prado",-33.444639,-70.730775
-7861559.10385287,-3958005.79491649,2955,2023,1502995,2023/01/11 00:00:00+00,Enero,11,Miércoles,1899/12/30 00:00:00+00,08:45:00,8,REGION METROPOLITANA,ÑUÑOA,COLISION LATERAL,COLISION,URBANA,CRUCE CON SEÑAL CEDA EL PASO,DESOBEDIENCIA A SEÑALIZACION,SEÑALIZACION DESOBEDECER SEÑAL PARE,GUILLERMO MANN,LO ENCALADA,GUILLERMO MANN - LO ENCALADA,0, , ,BIDIRECCIONAL CON BANDEJON,CONCRETO,BUENO,SECO,DESPEJADO,0,0,0,1,13,131,13120,Metropolitana de Santiago,Santiago,Ñuñoa,Interseccion,"GUILLERMO MANN & LO ENCALADA, Ñuñoa",-33.471122,-70.621587
-7888943.56185428,-4081708.36425368,2956,2023,1559494,2023/09/20 00:00:00+00,Septiembre,20,Miércoles,1899/12/30 00:00:00+00,11:20:00,11,REGION LIB.B.O'HIGGINS,RENGO,VOLCADURA,VOLCADURA,RURAL,TRAMO DE VIA RECTA,VELOCIDAD IMPRUDENTE,VELOCIDAD NO RAZONABLE NI PRUDENTE, , , ,0,RUTA 5 SUR,113,BIDIRECCIONAL,ASFALTO,BUENO,SECO,DESPEJADO,0,0,0,1,06,061,06115,Libertador General Bernardo O'Higgins,Cachapoal,Rengo,Ruta,RUTA 5 SUR km 113,-34.393098,-70.867586
-7859905.82016032,-3954108.44596008,2957,2023,1509484,2023/02/10 00:00:00+00,Febrero,10,Viernes,1899/12/30 00:00:00+00,17:05:00,17,REGION METROPOLITANA,PROVIDENCIA,COLISION FRONTAL,COLISION,URBANA,TRAMO DE VIA RECTA,IMPRUDENCIA DEL CONDUCTOR,CONDUCIR VEHICULO EN RETROCESO,PEDRO DE VALDIVIA,ERNESTO MUZARD,ERNESTO MUZARD - PEDRO DE VALDIVIA,0, , ,UNIDIRECCIONAL,ASFALTO,REGULAR,HUMEDO,DESPEJADO,0,0,0,0,13,131,13123,Metropolitana de Santiago,Santiago,Providencia,Interseccion,"ERNESTO MUZARD & PEDRO DE VALDIVIA, Providencia",-33.441913,-70.606735
-7854561.8166853,-3950337.38192025,2958,2023,1519554,2023/03/10 00:00:00+00,Marzo,10,Viernes,1899/12/30 00:00:00+00,17:50:00,17,REGION METROPOLITANA,LAS CONDES,COLISION POR ALCANCE,COLISION,URBANA,TRAMO DE VIA RECTA,IMPRUDENCIA DEL CONDUCTOR,CONDUCCION SIN MANTENER DISTANCIA RAZONABLE NI PRUDENTE,CUARTO CENTENARIO,HERNANDO DE MAGALLANES,CUARTO CENTENARIO - HERNANDO DE MAGALLANES,0, , ,BIDIRECCIONAL,ASFALTO,BUENO,SECO,DESPEJADO,0,0,0,1,13,131,13114,Metropolitana de Santiago,Santiago,Las Condes,Interseccion,"CUARTO CENTENARIO & HERNANDO DE MAGALLANES, Las Condes",-33.41364,-70.558729
-7980030.98320457,-4296263.953262,2959,2023,1503031,2023/01/11 00:00:00+00,Enero,11,Miércoles,1899/12/30 00:00:00+00,08:55:00,8,REGION MAULE,LONGAVI,COLISION PERPENDICULAR,COLISION,URBANA,CRUCE CON SEMAFORO FUNCIONANDO,IMPRUDENCIA DEL CONDUCTOR,NO RESPETAR DERECHO PREFERENTE DE PASO A VEHICULO,3 SUR,LA COPA,3 SUR - LA COPA,0, , ,BIDIRECCIONAL,ASFALTO,BUENO,SECO,DESPEJADO,0,0,0,3,07,074,07403,Maule,Linares,Longaví,Interseccion,"3 SUR & LA COPA, Longaví",-35.968326,-71.685838
-8124190.37018075,-4401488.22572771,2960,2023,1564632,2023/09/20 00:00:00+00,Septiembre,20,Miércoles,1899/12/30 00:00:00+00,14:50:00,14,REGION BIO BIO,PENCO,COLISION POR ALCANCE,COLISION,RURAL,TRAMO DE VIA RECTA,IMPRUDENCIA DEL CONDUCTOR,CONDUCCION NO ATENTO CONDICIONES TRANSITO MOMENTO, , , ,0,RUTA 150,10,BIDIRECCIONAL,ASFALTO,BUENO,SECO,DESPEJADO,0,0,0,1,08,081,08107,Biobío,Concepción,Penco,Ruta,RUTA 150 km 10,-36.729636,-72.980844
-8056270.80818665,-4504869.34988856,2961,2023,1515353,2023/03/10 00:00:00+00,Marzo,10,Viernes,1899/12/30 00:00:00+00,18:00:00,18,REGION BIO BIO,LOS ANGELES,COLISION LATERAL,COLISION,URBANA,TRAMO DE VIA RECTA,IMPRUDENCIA DEL CONDUCTOR,CONDUCCION NO ATENTO CONDICIONES TRANSITO MOMENTO,PADRE HURTADO,ÑUBLE,ÑUBLE - PADRE HURTADO,0, , ,UNIDIRECCIONAL,CONCRETO,BUENO,SECO,DESPEJADO,0,1,0,0,08,083,08301,Biobío,Biobío,Los Angeles,Interseccion,"ÑUBLE & PADRE HURTADO, Los Angeles",-37.470332,-72.370712