X,Y,FID,Año,IdAccident,Fecha,Mes,Dia_mes,Dia_semana,Hora,Hora_texto,Hora_aprox,Región,Comuna,Tipo_Accid,Tipo__CONA,Zona,Ubicación,Causa__CON,Causa_Acci,Calle_Uno,Calle_Dos,Intersecci,Número,Ruta,Ubicaci_1,Calzada,Tipo_Calza,Estado_Cal,Condición,Estado_Atm,Fallecidos,Graves,Menos_Grav,Leves,CUT_REG,CUT_PROV,CUT_COM,REGION,PROVINCIA,COMUNA1,Tipo_direc,Direccion,Lat,Lon
-8143113.25802481,-4948692.78983086,2962,2023,1511331,2023/02/10 00:00:00+00,Febrero,10,Viernes,1899/12/30 00:00:00+00,18:23:00,18,REGION LOS LAGOS,OSORNO,COLISION,COLISION,URBANA,CRUCE CON SEMAFORO FUNCIONANDO,ALCOHOL EN CONDUCTOR,CONDUCCION BAJO LA INFLUENCIA DEL ALCOHOL,HEROES DE LA CONCEPCION,CALAMA,CALAMA - HEROES DE LA CONCEPCION,0, , ,BIDIRECCIONAL,CONCRETO,BUENO,SECO,DESPEJADO,0,1,0,0,10,103,10301,Los Lagos,Osorno,Osorno,Interseccion,"CALAMA & HEROES DE LA CONCEPCION, Osorno",-40.56707,-73.150831
-7861220.91523984,-3975131.76026245,2963,2023,1502986,2023/01/11 00:00:00+00,Enero,11,Miércoles,1899/12/30 00:00:00+00,08:55:00,8,REGION METROPOLITANA,LA PINTANA,COLISION LATERAL,COLISION,URBANA,TRAMO DE VIA RECTA,IMPRUDENCIA DEL CONDUCTOR,CONDUCCION NO ATENTO CONDICIONES TRANSITO MOMENTO,DOCTOR AMADOR NEGHME,ACCESO SUR,ACCESO SUR - DOCTOR AMADOR NEGHME,0, , ,BIDIRECCIONAL,CONCRETO,BUENO,SECO,DESPEJADO,0,0,0,0,13,131,13112,Metropolitana de Santiago,Santiago,La Pintana,Interseccion,"ACCESO SUR & DOCTOR AMADOR NEGHME, La Pintana",-33.599359,-70.618549
-7905721.59761349,-4111079.26846401,2964,2023,1562850,2023/09/21 00:00:00+00,Septiembre,21,Jueves,1899/12/30 00:00:00+00,17:00:00,17,REGION LIB.B.O'HIGGINS,PLACILLA,VOLCADURA,VOLCADURA,RURAL,TRAMO DE VIA RECTA,VELOCIDAD IMPRUDENTE,VELOCIDAD NO RAZONABLE NI PRUDENTE, , , ,0,I-50,5,BIDIRECCIONAL CON BANDEJON,ASFALTO,BUENO,SECO,DESPEJADO,0,0,0,1,06,063,06308,Libertador General Bernardo O'Higgins,Colchagua,Placilla,Ruta,I-50 km 5,-34.610533,-71.018305
-7872054.41676435,-3954297.00273524,2965,2023,1529084,2023/02/10 00:00:00+00,Febrero,10,Viernes,1899/12/30 00:00:00+00,18:45:00,18,REGION METROPOLITANA,LO PRADO,CHOQUE FRENTE/POSTERIOR,CHOQUE,URBANA,CRUCE CON SEMAFORO FUNCIONANDO,IMPRUDENCIA DEL CONDUCTOR,CONDUCCION SIN MANTENER DISTANCIA RAZONABLE NI PRUDENTE,STA MARTA,SAN PABLO,SAN PABLO - STA MARTA,0, , ,BIDIRECCIONAL,ASFALTO,BUENO,SECO,DESPEJADO,0,0,0,0,13,131,13117,Metropolitana de Santiago,Santiago,Lo Prado,Interseccion,"SAN PABLO & STA MARTA, Lo Prado",-33.443326,-70.715868
-7808214.80390926,-2301183.23581273,2966,2023,1515579,2023/03/10 00:00:00+00,Marzo,10,Viernes,1899/12/30 00:00:00+00,19:30:00,19,REGION TARAPACA,IQUIQUE,COLISION FRONTAL,COLISION,URBANA,TRAMO DE VIA RECTA,IMPRUDENCIA DEL CONDUCTOR,CONDUCCION NO ATENTO CONDICIONES TRANSITO MOMENTO,LUIS EMILIO RECABARREN,EL PIMIENTO,EL PIMIENTO - LUIS EMILIO RECABARREN,0, , ,BIDIRECCIONAL,ASFALTO,BUENO,SECO,DESPEJADO,0,0,0,0,01,011,01101,Tarapacá,Iquique,Iquique,Interseccion,"EL PIMIENTO & LUIS EMILIO RECABARREN, Iquique",-20.237465,-70.142387
-7931986.44588792,-3602629.31921564,2967,2023,1560586,2023/09/22 00:00:00+00,Septiembre,22,Viernes,1899/12/30 00:00:00+00,12:00:00,12,REGION COQUIMBO,PUNITAQUI,VOLCADURA,VOLCADURA,RURAL,TRAMO DE VIA CURVA HORIZONTAL,VELOCIDAD IMPRUDENTE,"VELOCIDAD NO REDUCIR CRUCE DE CALLES, CUMBRE, CURVA, ETC.", , , ,0,D-605,15,BIDIRECCIONAL,ASFALTO,BUENO,SECO,DESPEJADO,0,1,0,0,04,043,04304,Coquimbo,Limarí,Punitaqui,Ruta,D-605 km 15,-30.767794,-71.254247
-7977810.38204676,-4222846.07951799,2968,2023,1503156,2023/01/11 00:00:00+00,Enero,11,Miércoles,1899/12/30 00:00:00+00,16:45:00,16,REGION MAULE,TALCA,COLISION LATERAL,COLISION,URBANA,TRAMO DE VIA RECTA,IMPRUDENCIA DEL CONDUCTOR,CONDUCCION CAMBIAR SORPRESIVAMENTE PISTA CIRCULACION,MONSEÑOR MANUEL LARRAIN,1 ORIENTE,1 ORIENTE - MONSEÑOR MANUEL LARRAIN,0, , ,BIDIRECCIONAL,CONCRETO,BUENO,SECO,DESPEJADO,0,0,1,0,07,071,07101,Maule,Talca,Talca,Interseccion,"1 ORIENTE & MONSEÑOR MANUEL LARRAIN, Talca",-35.432745,-71.66589
-7951079.09915031,-3900909.01201503,2969,2023,1515387,2023/03/10 00:00:00+00,Marzo,10,Viernes,1899/12/30 00:00:00+00,20:42:00,20,REGION VALPARAISO,QUILPUE,COLISION PERPENDICULAR,COLISION,URBANA,CRUCE SIN SEÑALIZACION,IMPRUDENCIA DEL CONDUCTOR,CONDUCCION NO ATENTO CONDICIONES TRANSITO MOMENTO,FREIRE,LA PAZ,FREIRE - LA PAZ,0, , ,BIDIRECCIONAL,ASFALTO,BUENO,SECO,DESPEJADO,0,0,0,0,05,058,05801,Valparaíso,Marga Marga,Quilpué,Interseccion,"FREIRE & LA PAZ, Quilpué",-33.042218,-71.425759
-7972745.29843921,-5697680.09901644,2970,2023,1560415,2023/09/22 00:00:00+00,Septiembre,22,Viernes,1899/12/30 00:00:00+00,18:30:00,18,REGION AYSEN DEL GRL. CARLOS IBAÑEZ DEL CAMPO,COYHAIQUE,CHOQUE FRONTAL,CHOQUE,RURAL,OTROS NO CONSIDERADOS,VELOCIDAD IMPRUDENTE,VELOCIDAD NO RAZONABLE NI PRUDENTE, , , ,0,240 CH,"119,3",BIDIRECCIONAL,CONCRETO,BUENO,SECO,DESPEJADO,0,1,0,0,11,111,11101,Aysén del General Carlos Ibáñez del Campo,Coihaique,Coihaique,Ruta,"240 CH km 119,3",-45.481721,-71.62039
-7924542.55854879,-3971406.77690044,2971,2023,1503762,2023/01/11 00:00:00+00,Enero,11,Miércoles,1899/12/30 00:00:00+00,20:40:00,20,REGION METROPOLITANA,MELIPILLA,COLISION POR ALCANCE,COLISION,URBANA,CRUCE SIN SEÑALIZACION,IMPRUDENCIA DEL CONDUCTOR,CONDUCCION NO ATENTO CONDICIONES TRANSITO MOMENTO,ANSELMO ALARCON,LOS EUCALIPTUS,ANSELMO ALARCON - LOS EUCALIPTUS,0, , ,BIDIRECCIONAL,ASFALTO,BUENO,SECO,DESPEJADO,0,0,1,0,13,135,13501,Metropolitana de Santiago,Melipilla,Melipilla,Interseccion,"ANSELMO ALARCON & LOS EUCALIPTUS, Melipilla",-33.571483,-71.187377
-7929368.81507214,-4159870.48894677,2972,2023,1517596,2023/03/10 00:00:00+00,Marzo,10,Viernes,1899/12/30 00:00:00+00,21:42:00,21,REGION MAULE,CURICO,COLISION LATERAL,COLISION,URBANA,CRUCE CON SEMAFORO FUNCIONANDO,IMPRUDENCIA DEL CONDUCTOR,CONDUCCION NO ATENTO CONDICIONES TRANSITO MOMENTO,JUAN LUIS DIEZ,CIRCUNVALACION PAUL HARRIS,CIRCUNVALACION PAUL HARRIS - JUAN LUIS DIEZ,0, , ,BIDIRECCIONAL,CONCRETO,BUENO,SECO,DESPEJADO,0,0,0,1,07,073,07301,Maule,Curicó,Curicó,Interseccion,"CIRCUNVALACION PAUL HARRIS & JUAN LUIS DIEZ, Curicó",-34.970482,-71.230732
-7968582.66417694,-4280068.34261989,2973,2023,1509395,2023/02/10 00:00:00+00,Febrero,10,Viernes,1899/12/30 00:00:00+00,18:50:00,18,REGION MAULE,LINARES,COLISION PERPENDICULAR,COLISION,URBANA,CRUCE CON SEÑAL PARE,IMPRUDENCIA DEL CONDUCTOR,CONDUCCION NO ATENTO CONDICIONES TRANSITO MOMENTO,BAQUEDANO,MAIPU,BAQUEDANO - MAIPU,0, , ,UNIDIRECCIONAL,ASFALTO,BUENO,SECO,DESPEJADO,0,1,0,0,07,074,07401,Maule,Linares,Linares,Interseccion,"BAQUEDANO & MAIPU, Linares",-35.850489,-71.582996
-7905201.57500199,-4126319.92371945,2974,2023,1562689,2023/09/22 00:00:00+00,Septiembre,22,Viernes,1899/12/30 00:00:00+00,19:10:00,19,REGION LIB.B.O'HIGGINS,CHIMBARONGO,COLISION LATERAL,COLISION,RURAL,TRAMO DE VIA RECTA,ALCOHOL EN CONDUCTOR,CONDUCCION EN ESTADO DE EBRIEDAD, , , ,0,I-85-J,"1,8",BIDIRECCIONAL,ASFALTO,BUENO,SECO,DESPEJADO,0,0,0,1,06,063,06303,Libertador General Bernardo O'Higgins,Colchagua,Chimbarongo,Ruta,"I-85-J km 1,8",-34.723137,-71.013634
-7866997.95153405,-3955020.62821673,2975,2023,1503465,2023/01/11 00:00:00+00,Enero,11,Miércoles,1899/12/30 00:00:00+00,23:00:00,23,REGION METROPOLITANA,SANTIAGO,COLISION LATERAL,COLISION,URBANA,TRAMO DE VIA RECTA,IMPRUDENCIA DEL CONDUCTOR,CONDUCCION CAMBIAR SORPRESIVAMENTE PISTA CIRCULACION,LIBER BERNARDO O'HIGGINS,ESPAÑA,ESPAÑA - LIBER BERNARDO O'HIGGINS,0, , ,UNIDIRECCIONAL,CONCRETO,BUENO,SECO,DESPEJADO,0,0,0,0,13,131,13101,Metropolitana de Santiago,Santiago,Santiago,Interseccion,"ESPAÑA & LIBER BERNARDO O'HIGGINS, Santiago",-33.44875,-70.670445
-7970652.31614977,-4279803.96912415,2976,2023,1509389,2023/02/10 00:00:00+00,Febrero,10,Viernes,1899/12/30 00:00:00+00,20:00:00,20,REGION MAULE,LINARES,COLISION PERPENDICULAR,COLISION,URBANA,CRUCE CON SEÑAL CEDA EL PASO,DESOBEDIENCIA A SEÑALIZACION,SEÑALIZACION DESOBEDECER SEÑAL CEDA EL PASO,VALENTIN LETELIER,FREIRE,FREIRE - VALENTIN LETELIER,0, , ,UNIDIRECCIONAL,CONCRETO,BUENO,SECO,DESPEJADO,0,1,0,0,07,074,07401,Maule,Linares,Linares,Interseccion,"FREIRE & VALENTIN LETELIER, Linares",-35.848564,-71.601588
-7936988.10944573,-3476993.08049124,2977,2023,1561932,2023/09/23 00:00:00+00,Septiembre,23,Sábado,1899/12/30 00:00:00+00,06:10:00,6,REGION COQUIMBO,LA SERENA,COLISION POR ALCANCE,COLISION,RURAL,TRAMO DE VIA RECTA,VELOCIDAD IMPRUDENTE,VELOCIDAD NO RAZONABLE NI PRUDENTE, , , ,0,RUTA 5 NORTE,484,UNIDIRECCIONAL,ASFALTO,BUENO,SECO,NUBLADO,0,1,0,0,04,041,04101,Coquimbo,Elqui,La Serena,Ruta,RUTA 5 NORTE km 484,-29.793183,-71.299177
-8063650.95646777,-4654233.43966781,2978,2023,1519566,2023/03/10 00:00:00+00,Marzo,10,Viernes,1899/12/30 00:00:00+00,21:45:00,21,REGION ARAUCANIA,LAUTARO,COLISION FRONTAL,COLISION,URBANA,TRAMO DE VIA RECTA,IMPRUDENCIA DEL CONDUCTOR,CONDUCCION NO ATENTO CONDICIONES TRANSITO MOMENTO,ERASMO ESCALA,BALMACEDA,BALMACEDA - ERASMO ESCALA,0, , ,UNIDIRECCIONAL,CONCRETO,BUENO,SECO,DESPEJADO,0,0,0,0,09,091,09108,La Araucanía,Cautín,Lautaro,Interseccion,"BALMACEDA & ERASMO ESCALA, Lautaro",-38.527635,-72.437009
-7949712.84869048,-3950743.10365527,2979,2023,1560481,2023/09/23 00:00:00+00,Septiembre,23,Sábado,1899/12/30 00:00:00+00,12:35:00,12,REGION VALPARAISO,CASABLANCA,CHOQUE FRONTAL,CHOQUE,RURAL,TRAMO DE VIA CURVA VERTICAL,IMPRUDENCIA DEL CONDUCTOR,CONDUCCION NO ATENTO CONDICIONES TRANSITO MOMENTO, , , ,0,F-940,"2,5",BIDIRECCIONAL,ASFALTO,BUENO,SECO,DESPEJADO,0,0,0,1,05,051,05102,Valparaíso,Valparaíso,Casablanca,Ruta,"F-940 km 2,5",-33.416683,-71.413486
-7873510.05264533,-3962082.20828677,2980,2023,1503404,2023/01/12 00:00:00+00,Enero,12,Jueves,1899/12/30 00:00:00+00,05:45:00,5,REGION METROPOLITANA,CERRILLOS,COLISION PERPENDICULAR,COLISION,URBANA,CRUCE CON SEÑAL PARE,OTRAS CAUSAS,HECHO DELICTUAL,DIVINO MAESTRO,AMERICO VESPUCIO,AMERICO VESPUCIO - DIVINO MAESTRO,0, , ,BIDIRECCIONAL,ASFALTO,BUENO,SECO,DESPEJADO,0,1,0,0,13,131,13102,Metropolitana de Santiago,Santiago,Cerrillos,Interseccion,"AMERICO VESPUCIO & DIVINO MAESTRO, Cerrillos",-33.501663,-70.728944
-7943949.77592358,-3901798.14719332,2981,2023,1516242,2023/03/10 00:00:00+00,Marzo,10,Viernes,1899/12/30 00:00:00+00,22:35:00,22,REGION VALPARAISO,VILLA ALEMANA,COLISION,COLISION,URBANA,TRAMO DE VIA RECTA,DESOBEDIENCIA A SEÑALIZACION,SEÑALIZACION DESOBEDECER SEÑAL PARE,ERRAZURIZ,GABRIEL DAZZAROLA,ERRAZURIZ - GABRIEL DAZZAROLA,0, , ,BIDIRECCIONAL,ASFALTO,BUENO,SECO,DESPEJADO,0,0,0,1,05,058,05804,Valparaíso,Marga Marga,Villa Alemana,Interseccion,"ERRAZURIZ & GABRIEL DAZZAROLA, Villa Alemana",-33.048913,-71.361715
-7940942.71368413,-3498526.53729193,2982,2023,1510374,2023/02/10 00:00:00+00,Febrero,10,Viernes,1899/12/30 00:00:00+00,21:35:00,21,REGION COQUIMBO,COQUIMBO,COLISION PERPENDICULAR,COLISION,URBANA,CRUCE CON SEMAFORO FUNCIONANDO,DESOBEDIENCIA A SEÑALIZACION,SEÑALIZACION DESOBEDECER LUZ ROJA DE SEMAFORO,BAQUEDANO,MERINO JARPA,BAQUEDANO - MERINO JARPA,0, , ,BIDIRECCIONAL,ASFALTO,BUENO,SECO,DESPEJADO,0,0,0,0,04,041,04102,Coquimbo,Elqui,Coquimbo,Interseccion,"BAQUEDANO & MERINO JARPA, Coquimbo",-29.960913,-71.334702
-7970868.2403174,-4221801.46780899,2983,2023,1560867,2023/09/23 00:00:00+00,Septiembre,23,Sábado,1899/12/30 00:00:00+00,17:30:00,17,REGION MAULE,SAN CLEMENTE,VOLCADURA,VOLCADURA,RURAL,TRAMO DE VIA RECTA,IMPRUDENCIA DEL CONDUCTOR,CONDUCCION NO ATENTO CONDICIONES TRANSITO MOMENTO, , , ,0,K-55,"1,8",BIDIRECCIONAL,ASFALTO,BUENO,SECO,DESPEJADO,0,1,0,0,07,071,07109,Maule,Talca,San Clemente,Ruta,"K-55 km 1,8",-35.425099,-71.603528
-7855224.57954877,-3972025.65332708,2984,2023,1503813,2023/01/12 00:00:00+00,Enero,12,Jueves,1899/12/30 00:00:00+00,07:15:00,7,REGION METROPOLITANA,PUENTE ALTO,ATROPELLO,ATROPELLO,URBANA,TRAMO DE VIA RECTA,IMPRUDENCIA DEL CONDUCTOR,CONDUCCION NO ATENTO CONDICIONES TRANSITO MOMENTO,MEXICO,GABRIELA ORIENTE,GABRIELA ORIENTE - MEXICO,0, , ,BIDIRECCIONAL,CONCRETO,BUENO,SECO,DESPEJADO,0,0,0,0,13,132,13201,Metropolitana de Santiago,Cordillera,Puente Alto,Interseccion,"GABRIELA ORIENTE & MEXICO, Puente Alto",-33.576115,-70.564683
-7944327.52752817,-3902558.86366458,2985,2023,1517129,2023/03/10 00:00:00+00,Marzo,10,Viernes,1899/12/30 00:00:00+00,23:40:00,23,REGION VALPARAISO,VILLA ALEMANA,COLISION,COLISION,URBANA,CRUCE CON SEÑAL PARE,DESOBEDIENCIA A SEÑALIZACION,SEÑALIZACION DESOBEDECER SEÑAL PARE,TARRAGONA,IGNACIO CARRERA PINTO,IGNACIO CARRERA PINTO - TARRAGONA,0, , ,BIDIRECCIONAL,ASFALTO,BUENO,SECO,DESPEJADO,0,1,0,0,05,058,05804,Valparaíso,Marga Marga,Villa Alemana,Interseccion,"IGNACIO CARRERA PINTO & TARRAGONA, Villa Alemana",-33.054641,-71.365108
-8042121.54430937,-4539920.75368664,2986,2023,1510164,2023/02/10 00:00:00+00,Febrero,10,Viernes,1899/12/30 00:00:00+00,21:40:00,21,REGION BIO BIO,MULCHEN,COLISION,COLISION,URBANA,CRUCE SIN SEÑALIZACION,IMPRUDENCIA DEL CONDUCTOR,CONDUCCION SIN MANTENER DISTANCIA RAZONABLE NI PRUDENTE,PEDRO LAGOS,SOTOMAYOR,PEDRO LAGOS - SOTOMAYOR,0, , ,BIDIRECCIONAL,CONCRETO,BUENO,SECO,DESPEJADO,0,0,0,0,08,083,08305,Biobío,Biobío,Mulchén,Interseccion,"PEDRO LAGOS & SOTOMAYOR, Mulchén",-37.719818,-72.243607
-7876719.14870655,-3932895.38244536,2987,2023,1507246,2023/01/12 00:00:00+00,Enero,12,Jueves,1899/12/30 00:00:00+00,07:20:00,7,REGION METROPOLITANA,LAMPA,COLISION FRONTAL,COLISION,URBANA,TRAMO DE VIA RECTA,IMPRUDENCIA DEL CONDUCTOR,CONDUCCION NO ATENTO CONDICIONES TRANSITO MOMENTO,PUENTE NUEVO,CACIQUE COLIN,CACIQUE COLIN - PUENTE NUEVO,0, , ,BIDIRECCIONAL,ASFALTO,BUENO,SECO,DESPEJADO,0,1,0,0,13,133,13302,Metropolitana de Santiago,Chacabuco,Lampa,Interseccion,"CACIQUE COLIN & PUENTE NUEVO, Lampa",-33.282755,-70.757772
-8048274.638304,-4487552.30268367,2988,2023,1563187,2023/09/24 00:00:00+00,Septiembre,24,Domingo,1899/12/30 00:00:00+00,02:20:00,2,REGION BIO BIO,LOS ANGELES,ATROPELLO,ATROPELLO,RURAL,TRAMO DE VIA RECTA,IMPRUDENCIA DEL CONDUCTOR,CONDUCCION NO ATENTO CONDICIONES TRANSITO MOMENTO, , , ,0,Q-115,1,BIDIRECCIONAL,TIERRA,REGULAR, ,DESPEJADO,0,0,1,0,08,083,08301,Biobío,Biobío,Los Angeles,Ruta,Q-115 km 1,-37.346766,-72.298881
-7956835.89754996,-4093283.90027741,2989,2023,1510062,2023/02/10 00:00:00+00,Febrero,10,Viernes,1899/12/30 00:00:00+00,22:25:00,22,REGION LIB.B.O'HIGGINS,PERALILLO,COLISION POR ALCANCE,COLISION,URBANA,TRAMO DE VIA RECTA,IMPRUDENCIA DEL CONDUCTOR,CONDUCCION NO ATENTO CONDICIONES TRANSITO MOMENTO,SECTOR LA TROYA,18 DE SEPTIEMBRE,18 DE SEPTIEMBRE - SECTOR LA TROYA,0, , ,BIDIRECCIONAL,ASFALTO,BUENO,SECO,DESPEJADO,0,0,0,1,06,063,06307,Libertador General Bernardo O'Higgins,Colchagua,Peralillo,Interseccion,"18 DE SEPTIEMBRE & SECTOR LA TROYA, Peralillo",-34.47886,-71.477473
-7864112.77297167,-3954058.8726073,2990,2023,1517963,2023/03/11 00:00:00+00,Marzo,11,Sábado,1899/12/30 00:00:00+00,00:10:00,0,REGION METROPOLITANA,SANTIAGO,COLISION LATERAL,COLISION,URBANA,CRUCE CON SEMAFORO FUNCIONANDO,IMPRUDENCIA DEL CONDUCTOR,CONDUCCION NO ATENTO CONDICIONES TRANSITO MOMENTO,STA LUCIA,MONEDA,MONEDA - STA LUCIA,0, , ,UNIDIRECCIONAL,ASFALTO,BUENO,SECO,DESPEJADO,0,0,0,1,13,131,13101,Metropolitana de Santiago,Santiago,Santiago,Interseccion,"MONEDA & STA LUCIA, Santiago",-33.441541,-70.644527
-7875098.54290619,-3957491.70880578,2991,2023,1504423,2023/01/12 00:00:00+00,Enero,12,Jueves,1899/12/30 00:00:00+00,09:10:00,9,REGION METROPOLITANA,PUDAHUEL,COLISION FRONTAL,COLISION,URBANA,TRAMO DE VIA RECTA,IMPRUDENCIA DEL CONDUCTOR,CONDUCCION CONTRA SENTIDO DEL TRANSITO,LOS MARES,MALALHUE,LOS MARES - MALALHUE,0, , ,UNIDIRECCIONAL,ASFALTO,BUENO,SECO,DESPEJADO,0,0,0,0,13,131,13124,Metropolitana de Santiago,Santiago,Pudahuel,Interseccion,"LOS MARES & MALALHUE, Pudahuel",-33.46727,-70.743214
-7938554.4318994,-3807325.17273019,2992,2023,1562840,2023/09/24 00:00:00+00,Septiembre,24,Domingo,1899/12/30 00:00:00+00,12:10:00,12,REGION VALPARAISO,LA LIGUA,COLISION,COLISION,RURAL,TRAMO DE VIA RECTA,IMPRUDENCIA DEL CONDUCTOR,CONDUCCION NO ATENTO CONDICIONES TRANSITO MOMENTO, , , ,0,E-253,10,BIDIRECCIONAL,ASFALTO,BUENO,SECO,DESPEJADO,0,1,0,0,05,054,05401,Valparaíso,Petorca,La Ligua,Ruta,E-253 km 10,-32.334695,-71.313248
-7863967.94631414,-3949499.72544361,2993,2023,1520506,2023/03/11 00:00:00+00,Marzo,11,Sábado,1899/12/30 00:00:00+00,00:55:00,0,REGION METROPOLITANA,RECOLETA,COLISION LATERAL,COLISION,URBANA,CRUCE CON SEÑAL PARE,ALCOHOL EN CONDUCTOR,CONDUCCION BAJO LA INFLUENCIA DEL ALCOHOL,RECOLETA,MAIPO,MAIPO - RECOLETA,0, , ,BIDIRECCIONAL,ASFALTO,BUENO,SECO,DESPEJADO,0,0,0,1,13,131,13127,Metropolitana de Santiago,Santiago,Recoleta,Interseccion,"MAIPO & RECOLETA, Recoleta",-33.407359,-70.643226
-7858589.211158,-3953487.24689083,2994,2023,1509501,2023/02/10 00:00:00+00,Febrero,10,Viernes,1899/12/30 00:00:00+00,22:30:00,22,REGION METROPOLITANA,PROVIDENCIA,COLISION POR ALCANCE,COLISION,URBANA,CRUCE CON SEÑAL CEDA EL PASO,DESOBEDIENCIA A SEÑALIZACION,SEÑALIZACION DESOBEDECER SEÑAL CEDA EL PASO,HERNANDO DE AGUIRRE,GUILLERMO EDWARDS,GUILLERMO EDWARDS - HERNANDO DE AGUIRRE,0, , ,UNIDIRECCIONAL,ASFALTO,REGULAR,SECO,DESPEJADO,0,1,0,0,13,131,13123,Metropolitana de Santiago,Santiago,Providencia,Interseccion,"GUILLERMO EDWARDS & HERNANDO DE AGUIRRE, Providencia",-33.437256,-70.594908
-7975018.89001235,-3899722.59860913,2995,2023,1504129,2023/01/12 00:00:00+00,Enero,12,Jueves,1899/12/30 00:00:00+00,10:15:00,10,REGION VALPARAISO,VALPARAISO,COLISION POR ALCANCE,COLISION,URBANA,TRAMO DE VIA RECTA,IMPRUDENCIA DEL CONDUCTOR,CONDUCCION SIN MANTENER DISTANCIA RAZONABLE NI PRUDENTE,QUEBRADA VERDE,PACIFICO,PACIFICO - QUEBRADA VERDE,0, , ,BIDIRECCIONAL,CONCRETO,BUENO,SECO,DESPEJADO,0,0,0,1,05,051,05101,Valparaíso,Valparaíso,Valparaíso,Interseccion,"PACIFICO & QUEBRADA VERDE, Valparaíso",-33.033283,-71.640814
-7935536.9022771,-4086982.11011181,2996,2023,1561093,2023/09/24 00:00:00+00,Septiembre,24,Domingo,1899/12/30 00:00:00+00,18:05:00,18,REGION LIB.B.O'HIGGINS,PICHIDEGUA,CHOQUE FRENTE/POSTERIOR,CHOQUE,RURAL,TRAMO DE VIA RECTA,IMPRUDENCIA DEL CONDUCTOR,CONDUCCION NO ATENTO CONDICIONES TRANSITO MOMENTO, , , ,0,H-858,2,BIDIRECCIONAL,ASFALTO,BUENO,SECO,DESPEJADO,0,0,0,1,06,061,06113,Libertador General Bernardo O'Higgins,Cachapoal,Pichidegua,Ruta,H-858 km 2,-34.432181,-71.286141
-8051336.01515979,-4505198.8244842,2997,2023,1515399,2023/03/11 00:00:00+00,Marzo,11,Sábado,1899/12/30 00:00:00+00,02:35:00,2,REGION BIO BIO,LOS ANGELES,COLISION FRONTAL,COLISION,URBANA,CRUCE CON SEMAFORO FUNCIONANDO,IMPRUDENCIA DEL CONDUCTOR,CONDUCCION NO ATENTO CONDICIONES TRANSITO MOMENTO,LAS INDUSTRIAS,GABRIELA MISTRAL,GABRIELA MISTRAL - LAS INDUSTRIAS,0, , ,BIDIRECCIONAL CON BANDEJON,CONCRETO,REGULAR,SECO,DESPEJADO,0,1,0,0,08,083,08301,Biobío,Biobío,Los Angeles,Interseccion,"GABRIELA MISTRAL & LAS INDUSTRIAS, Los Angeles",-37.472681,-72.326382
-8009610.35306473,-4762289.19583726,2998,2023,1509526,2023/02/10 00:00:00+00,Febrero,10,Viernes,1899/12/30 00:00:00+00,22:35:00,22,REGION ARAUCANIA,PUCON,CHOQUE,CHOQUE,URBANA,TRAMO DE VIA RECTA,IMPRUDENCIA DEL CONDUCTOR,CONDUCCION NO ATENTO CONDICIONES TRANSITO MOMENTO,CAMINO INTERNACIONAL,CAMINO EX BALSA QUELHUE,CAMINO EX BALSA QUELHUE - CAMINO INTERNACIONAL,0, , ,BIDIRECCIONAL,ASFALTO,BUENO,SECO,NUBLADO,0,0,0,0,09,091,09115,La Araucanía,Cautín,Pucón,Interseccion,"CAMINO EX BALSA QUELHUE & CAMINO INTERNACIONAL, Pucón",-39.282992,-71.951554
-7865466.41797971,-3957857.79939045,2999,2023,1504504,2023/01/12 00:00:00+00,Enero,12,Jueves,1899/12/30 00:00:00+00,11:20:00,11,REGION METROPOLITANA,SANTIAGO,COLISION PERPENDICULAR,COLISION,URBANA,CRUCE CON SEMAFORO FUNCIONANDO,IMPRUDENCIA DEL CONDUCTOR,CONDUCCION NO ATENTO CONDICIONES TRANSITO MOMENTO,GRAL RONDIZZONI,VIEL,GRAL RONDIZZONI - VIEL,0, , ,UNIDIRECCIONAL,ASFALTO,BUENO,SECO,DESPEJADO,0,0,0,1,13,131,13101,Metropolitana de Santiago,Santiago,Santiago,Interseccion,"GRAL RONDIZZONI & VIEL, Santiago",-33.470013,-70.656687
-12181712.4716137,-3141847.61502213,3000,2023,1517328,2023/03/11 00:00:00+00,Marzo,11,Sábado,1899/12/30 00:00:00+00,04:25:00,4,REGION VALPARAISO,ISLA DE PASCUA,IMPACTO CON ANIMAL,OTRO TIPO,URBANA,TRAMO DE VIA RECTA,ALCOHOL EN CONDUCTOR,CONDUCCION EN ESTADO DE EBRIEDAD,POLICARPO TORO,TE PITO O TE HENUA,POLICARPO TORO - TE PITO O TE HENUA,0, , ,BIDIRECCIONAL,ADOQUIN,BUENO,HUMEDO,DESPEJADO,0,0,1,0,05,052,05201,Valparaíso,Isla de Pascua,Isla de Pascua,Interseccion,"POLICARPO TORO & TE PITO O TE HENUA, Isla de Pascua",-27.146985,-109.430185
-7865882.30759732,-3947394.41656484,3001,2023,1514436,2023/02/11 00:00:00+00,Febrero,11,Sábado,1899/12/30 00:00:00+00,00:00:00,0,REGION METROPOLITANA,CONCHALI,COLISION FRONTAL,COLISION,URBANA,TRAMO DE VIA CURVA HORIZONTAL,IMPRUDENCIA DEL CONDUCTOR,CONDUCCION NO ATENTO CONDICIONES TRANSITO MOMENTO,GRAL GAMBINO,PILCOMAYO,GRAL GAMBINO - PILCOMAYO,0, , ,BIDIRECCIONAL,CONCRETO,BUENO,SECO,DESPEJADO,0,1,0,0,13,131,13104,Metropolitana de Santiago,Santiago,Conchalí,Interseccion,"GRAL GAMBINO & PILCOMAYO, Conchalí",-33.39157,-70.660423