X,Y,FID,Año,IdAccident,Fecha,Mes,Dia_mes,Dia_semana,Hora,Hora_texto,Hora_aprox,Región,Comuna,Tipo_Accid,Tipo__CONA,Zona,Ubicación,Causa__CON,Causa_Acci,Calle_Uno,Calle_Dos,Intersecci,Número,Ruta,Ubicaci_1,Calzada,Tipo_Calza,Estado_Cal,Condición,Estado_Atm,Fallecidos,Graves,Menos_Grav,Leves,CUT_REG,CUT_PROV,CUT_COM,REGION,PROVINCIA,COMUNA1,Tipo_direc,Direccion,Lat,Lon
-7981307.52796594,-4236503.32100559,3002,2023,1561130,2023/09/25 00:00:00+00,Septiembre,25,Lunes,1899/12/30 00:00:00+00,21:00:00,21,REGION MAULE,MAULE,CHOQUE FRONTAL,CHOQUE,RURAL,TRAMO DE VIA RECTA,VELOCIDAD IMPRUDENTE,VELOCIDAD NO RAZONABLE NI PRUDENTE, , , ,0,K-620,2,BIDIRECCIONAL CON BANDEJON,ASFALTO,BUENO,MOJADO,LLUVIA,0,0,0,1,07,071,07105,Maule,Talca,Maule,Ruta,K-620 km 2,-35.532646,-71.697305
-7863691.76265749,-3946297.84468208,3003,2023,1518688,2023/03/11 00:00:00+00,Marzo,11,Sábado,1899/12/30 00:00:00+00,06:15:00,6,REGION METROPOLITANA,HUECHURABA,COLISION,COLISION,URBANA,CRUCE CON SEMAFORO FUNCIONANDO,IMPRUDENCIA DEL CONDUCTOR,CONDUCCION NO ATENTO CONDICIONES TRANSITO MOMENTO,AMERICO VESPUCIO,RECOLETA,AMERICO VESPUCIO - RECOLETA,0, , ,BIDIRECCIONAL CON BANDEJON,ASFALTO,BUENO,SECO,DESPEJADO,0,0,0,1,13,131,13107,Metropolitana de Santiago,Santiago,Huechuraba,Interseccion,"AMERICO VESPUCIO & RECOLETA, Huechuraba",-33.383345,-70.640745
-7880776.66622232,-3942805.21131772,3004,2023,1507241,2023/01/12 00:00:00+00,Enero,12,Jueves,1899/12/30 00:00:00+00,14:30:00,14,REGION METROPOLITANA,LAMPA,COLISION LATERAL,COLISION,URBANA,TRAMO DE VIA RECTA,VELOCIDAD IMPRUDENTE,VELOCIDAD NO RAZONABLE NI PRUDENTE,CAMINO LO ECHEVERS,ARCOIRIS,ARCOIRIS - CAMINO LO ECHEVERS,0, , ,BIDIRECCIONAL,ASFALTO,BUENO,SECO,DESPEJADO,0,0,0,0,13,133,13302,Metropolitana de Santiago,Chacabuco,Lampa,Interseccion,"ARCOIRIS & CAMINO LO ECHEVERS, Lampa",-33.357143,-70.794221
-8067213.48555592,-4762630.54698318,3005,2023,1562343,2023/09/26 00:00:00+00,Septiembre,26,Martes,1899/12/30 00:00:00+00,02:40:00,2,REGION ARAUCANIA,LONCOCHE,CHOQUE LATERAL,CHOQUE,RURAL,TRAMO DE VIA CURVA VERTICAL,ALCOHOL EN CONDUCTOR,CONDUCCION BAJO LA INFLUENCIA DEL ALCOHOL, , , ,0,S-91,12,BIDIRECCIONAL,ASFALTO,BUENO,HUMEDO,NUBLADO,0,0,0,0,09,091,09109,La Araucanía,Cautín,Loncoche,Ruta,S-91 km 12,-39.285365,-72.469012
-7874058.27891812,-3954079.55037934,3006,2023,1521596,2023/03/11 00:00:00+00,Marzo,11,Sábado,1899/12/30 00:00:00+00,08:15:00,8,REGION METROPOLITANA,LO PRADO,COLISION PERPENDICULAR,COLISION,URBANA,CRUCE CON SEÑAL PARE,ALCOHOL EN CONDUCTOR,CONDUCCION EN ESTADO DE EBRIEDAD,LOS COPIHUES,LOS CRISANTEMOS,LOS COPIHUES - LOS CRISANTEMOS,0, , ,BIDIRECCIONAL,ASFALTO,BUENO,SECO,DESPEJADO,0,1,0,0,13,131,13117,Metropolitana de Santiago,Santiago,Lo Prado,Interseccion,"LOS COPIHUES & LOS CRISANTEMOS, Lo Prado",-33.441696,-70.733869
-7865798.92929871,-3964612.80932577,3007,2023,1503170,2023/01/12 00:00:00+00,Enero,12,Jueves,1899/12/30 00:00:00+00,14:55:00,14,REGION METROPOLITANA,LA CISTERNA,COLISION PERPENDICULAR,COLISION,URBANA,CRUCE CON SEMAFORO FUNCIONANDO,DESOBEDIENCIA A SEÑALIZACION,SEÑALIZACION DESOBEDECER LUZ ROJA DE SEMAFORO,GRAN AVDA JOSE MIGUEL CARRERA,GRAL FREIRE,GRAL FREIRE - GRAN AVDA JOSE MIGUEL CARRERA,0, , ,BIDIRECCIONAL CON BANDEJON,CONCRETO,BUENO,SECO,DESPEJADO,0,0,0,0,13,131,13109,Metropolitana de Santiago,Santiago,La Cisterna,Interseccion,"GRAL FREIRE & GRAN AVDA JOSE MIGUEL CARRERA, La Cisterna",-33.520617,-70.659674
-8134952.25920892,-4412439.30913657,3008,2023,1510598,2023/02/11 00:00:00+00,Febrero,11,Sábado,1899/12/30 00:00:00+00,02:15:00,2,REGION BIO BIO,CONCEPCION,VOLCADURA,VOLCADURA,URBANA,TRAMO DE VIA RECTA,VELOCIDAD IMPRUDENTE,VELOCIDAD NO RAZONABLE NI PRUDENTE,21 DE MAYO,MANUEL RODRIGUEZ,21 DE MAYO - MANUEL RODRIGUEZ,0, , ,BIDIRECCIONAL CON BANDEJON,CONCRETO,BUENO,SECO,DESPEJADO,1,0,0,0,08,081,08101,Biobío,Concepción,Concepción,Interseccion,"21 DE MAYO & MANUEL RODRIGUEZ, Concepción",-36.80844,-73.07752
-7978914.9099197,-4558179.1737571,3009,2023,1563027,2023/09/27 00:00:00+00,Septiembre,27,Miércoles,1899/12/30 00:00:00+00,13:00:00,13,REGION BIO BIO,ALTO BIO BIO,CHOQUE FRENTE/LADO,CHOQUE,RURAL,TRAMO DE VIA RECTA,IMPRUDENCIA DEL CONDUCTOR,CONDUCCION NO ATENTO CONDICIONES TRANSITO MOMENTO, , , ,0,Q-61-R,"78,8",BIDIRECCIONAL,CONCRETO,BUENO,SECO,DESPEJADO,0,0,0,1,08,083,08314,Biobío,Biobío,Alto Biobío,Ruta,"Q-61-R km 78,8",-37.849445,-71.675812
-7673423.49826129,-2568212.18274029,3010,2023,1509354,2023/02/11 00:00:00+00,Febrero,11,Sábado,1899/12/30 00:00:00+00,10:40:00,10,REGION ANTOFAGASTA,CALAMA,COLISION,COLISION,URBANA,TRAMO DE VIA RECTA,IMPRUDENCIA DEL CONDUCTOR,CONDUCIR VEHICULO EN RETROCESO,GRECIA,ARAUCO,ARAUCO - GRECIA,0, , ,BIDIRECCIONAL,ASFALTO,BUENO,SECO,DESPEJADO,0,0,0,0,02,022,02201,Antofagasta,El Loa,Calama,Interseccion,"ARAUCO & GRECIA, Calama",-22.471357,-68.931536
-7870948.34630383,-3964459.52169799,3011,2023,1503407,2023/01/12 00:00:00+00,Enero,12,Jueves,1899/12/30 00:00:00+00,17:00:00,17,REGION METROPOLITANA,CERRILLOS,VOLCADURA,VOLCADURA,URBANA,CRUCE CON SEÑAL CEDA EL PASO,VELOCIDAD IMPRUDENTE,VELOCIDAD NO RAZONABLE NI PRUDENTE,AMERICO VESPUCIO,GRAL VELASQUEZ,AMERICO VESPUCIO - GRAL VELASQUEZ,0, , ,BIDIRECCIONAL,ASFALTO,BUENO,SECO,DESPEJADO,0,1,0,0,13,131,13102,Metropolitana de Santiago,Santiago,Cerrillos,Interseccion,"AMERICO VESPUCIO & GRAL VELASQUEZ, Cerrillos",-33.519469,-70.705932
-7902484.91148402,-3826488.54047865,3012,2023,1561988,2023/09/27 00:00:00+00,Septiembre,27,Miércoles,1899/12/30 00:00:00+00,16:17:00,16,REGION VALPARAISO,LIMACHE,COLISION LATERAL,COLISION,RURAL,TRAMO DE VIA RECTA,IMPRUDENCIA DEL CONDUCTOR,ADELANTAMIENTO SIN EL ESPACIO O TIEMPO SUFICIENTE, , , ,0,F-66,5,UNIDIRECCIONAL,ASFALTO,BUENO,SECO,DESPEJADO,0,1,0,1,05,058,05802,Valparaíso,Marga Marga,Limache,Ruta,F-66 km 5,-32.480032,-70.98923
-8025903.51901519,-4386790.37636601,3013,2023,1515859,2023/03/11 00:00:00+00,Marzo,11,Sábado,1899/12/30 00:00:00+00,08:30:00,8,REGION ÑUBLE,CHILLAN,CHOQUE FRENTE/POSTERIOR,CHOQUE,URBANA,CRUCE CON SEMAFORO FUNCIONANDO,IMPRUDENCIA DEL CONDUCTOR,CONDUCCION SIN MANTENER DISTANCIA RAZONABLE NI PRUDENTE,ALONSO DE ERCILLA,BARROS ARANA,ALONSO DE ERCILLA - BARROS ARANA,0, , ,BIDIRECCIONAL,CONCRETO,BUENO,SECO,DESPEJADO,0,0,0,1,16,161,16101,Ñuble,Diguillín,Chillán,Interseccion,"ALONSO DE ERCILLA & BARROS ARANA, Chillán",-36.623743,-72.097918
-7976715.24513058,-4289088.09650822,3014,2023,1562811,2023/09/28 00:00:00+00,Septiembre,28,Jueves,1899/12/30 00:00:00+00,15:15:00,15,REGION MAULE,LONGAVI,VOLCADURA,VOLCADURA,RURAL,TRAMO DE VIA RECTA,VELOCIDAD IMPRUDENTE,VELOCIDAD NO RAZONABLE NI PRUDENTE, , , ,0,RUTA 5 SUR,311,BIDIRECCIONAL CON BANDEJON,ASFALTO,BUENO,SECO,DESPEJADO,0,0,0,2,07,074,07403,Maule,Linares,Longaví,Ruta,RUTA 5 SUR km 311,-35.916137,-71.656052
-7927136.74796224,-4160752.57859923,3015,2023,1503926,2023/01/12 00:00:00+00,Enero,12,Jueves,1899/12/30 00:00:00+00,18:20:00,18,REGION MAULE,CURICO,COLISION PERPENDICULAR,COLISION,URBANA,CRUCE CON SEÑAL PARE,DESOBEDIENCIA A SEÑALIZACION,SEÑALIZACION DESOBEDECER SEÑAL PARE,ARTURO ALESSANDRI,CALLEJON SECTOR INDUSTRIAL,ARTURO ALESSANDRI - CALLEJON SECTOR INDUSTRIAL,0, , ,BIDIRECCIONAL,CONCRETO,BUENO,SECO,DESPEJADO,0,1,0,0,07,073,07301,Maule,Curicó,Curicó,Interseccion,"ARTURO ALESSANDRI & CALLEJON SECTOR INDUSTRIAL, Curicó",-34.976975,-71.210681
-8138562.73988017,-4409413.73865924,3016,2023,1515524,2023/03/11 00:00:00+00,Marzo,11,Sábado,1899/12/30 00:00:00+00,13:10:00,13,REGION BIO BIO,HUALPEN,COLISION,COLISION,URBANA,CRUCE CON SEÑAL PARE,DESOBEDIENCIA A SEÑALIZACION,SEÑALIZACION DESOBEDECER SEÑAL PARE,CRISTOBAL COLON,CALLEJON CIENTO VEINTE,CALLEJON CIENTO VEINTE - CRISTOBAL COLON,0, , ,BIDIRECCIONAL,CONCRETO,BUENO,SECO,DESPEJADO,0,0,0,1,08,081,08112,Biobío,Concepción,Hualpén,Interseccion,"CALLEJON CIENTO VEINTE & CRISTOBAL COLON, Hualpén",-36.786676,-73.109953
-7874597.95580948,-3944639.11855009,3017,2023,1513749,2023/02/11 00:00:00+00,Febrero,11,Sábado,1899/12/30 00:00:00+00,11:45:00,11,REGION METROPOLITANA,QUILICURA,COLISION FRONTAL,COLISION,URBANA,CRUCE CON SEÑAL CEDA EL PASO,IMPRUDENCIA DEL CONDUCTOR,CONDUCCION NO ATENTO CONDICIONES TRANSITO MOMENTO,INTEN SAAVEDRA,GRAL SAN MARTIN,GRAL SAN MARTIN - INTEN SAAVEDRA,0, , ,BIDIRECCIONAL,ASFALTO,REGULAR,SECO,DESPEJADO,0,0,0,0,13,131,13125,Metropolitana de Santiago,Santiago,Quilicura,Interseccion,"GRAL SAN MARTIN & INTEN SAAVEDRA, Quilicura",-33.370902,-70.738717
-7808406.67413906,-2301275.54099973,3018,2023,1503387,2023/01/12 00:00:00+00,Enero,12,Jueves,1899/12/30 00:00:00+00,19:00:00,19,REGION TARAPACA,IQUIQUE,COLISION FRONTAL,COLISION,URBANA,TRAMO DE VIA RECTA,IMPRUDENCIA DEL CONDUCTOR,VIRAJES INDEBIDOS,HEROES DE LA CONCEPCION,TADEO HAENKE,HEROES DE LA CONCEPCION - TADEO HAENKE,0, , ,BIDIRECCIONAL,ASFALTO,BUENO,SECO,DESPEJADO,0,0,0,1,01,011,01101,Tarapacá,Iquique,Iquique,Interseccion,"HEROES DE LA CONCEPCION & TADEO HAENKE, Iquique",-20.238243,-70.144111
-7941545.83157556,-3499522.52853712,3019,2023,1516723,2023/03/11 00:00:00+00,Marzo,11,Sábado,1899/12/30 00:00:00+00,19:10:00,19,REGION COQUIMBO,LA SERENA,COLISION LATERAL,COLISION,URBANA,CRUCE CON SEMAFORO FUNCIONANDO,IMPRUDENCIA DEL CONDUCTOR,CONDUCCION NO ATENTO CONDICIONES TRANSITO MOMENTO,CARDENAL JOSE MARIA CARO,18 DE SEPTIEMBRE,18 DE SEPTIEMBRE - CARDENAL JOSE MARIA CARO,0, , ,BIDIRECCIONAL,ASFALTO,BUENO,SECO,DESPEJADO,0,0,0,0,04,041,04101,Coquimbo,Elqui,La Serena,Interseccion,"18 DE SEPTIEMBRE & CARDENAL JOSE MARIA CARO, La Serena",-29.968664,-71.34012
-7923695.57357208,-4172984.05885003,3020,2023,1561829,2023/09/28 00:00:00+00,Septiembre,28,Jueves,1899/12/30 00:00:00+00,20:00:00,20,REGION MAULE,CURICO,COLISION FRONTAL,COLISION,RURAL,CRUCE SIN SEÑALIZACION,IMPRUDENCIA DEL CONDUCTOR,VIRAJES INDEBIDOS, , , ,0,J-679,"1,5",BIDIRECCIONAL,ASFALTO,BUENO,SECO,DESPEJADO,1,0,0,0,07,073,07301,Maule,Curicó,Curicó,Ruta,"J-679 km 1,5",-35.066957,-71.179768
-7939987.43665036,-3499351.26472619,3021,2023,1510379,2023/02/11 00:00:00+00,Febrero,11,Sábado,1899/12/30 00:00:00+00,12:40:00,12,REGION COQUIMBO,COQUIMBO,COLISION LATERAL,COLISION,URBANA,CRUCE SIN SEÑALIZACION,IMPRUDENCIA DEL CONDUCTOR,CONDUCCION SIN MANTENER DISTANCIA RAZONABLE NI PRUDENTE,MIRAFLORES,SANTA ESTER,MIRAFLORES - SANTA ESTER,0, , ,UNIDIRECCIONAL,ASFALTO,BUENO,SECO,DESPEJADO,0,0,0,0,04,041,04102,Coquimbo,Elqui,Coquimbo,Interseccion,"MIRAFLORES & SANTA ESTER, Coquimbo",-29.967331,-71.326121
-7872792.79894678,-3954400.79431859,3022,2023,1504327,2023/01/12 00:00:00+00,Enero,12,Jueves,1899/12/30 00:00:00+00,19:15:00,19,REGION METROPOLITANA,LO PRADO,COLISION LATERAL,COLISION,URBANA,TRAMO DE VIA RECTA,IMPRUDENCIA DEL CONDUCTOR,CONDUCCION NO ATENTO CONDICIONES TRANSITO MOMENTO,SAN PABLO,SAN GENARO,SAN GENARO - SAN PABLO,0, , ,BIDIRECCIONAL,ASFALTO,REGULAR,SECO,DESPEJADO,0,0,1,0,13,131,13117,Metropolitana de Santiago,Santiago,Lo Prado,Interseccion,"SAN GENARO & SAN PABLO, Lo Prado",-33.444104,-70.722501
-8123733.01802693,-4797949.68520511,3023,2023,1562215,2023/09/28 00:00:00+00,Septiembre,28,Jueves,1899/12/30 00:00:00+00,21:15:00,21,REGION DE LOS RIOS,MARIQUINA,CHOQUE,CHOQUE,RURAL,CRUCE CON SEÑAL PARE,IMPRUDENCIA DEL CONDUCTOR,CONDUCCION NO ATENTO CONDICIONES TRANSITO MOMENTO, , , ,0,"T-18, T-20",3,BIDIRECCIONAL,CONCRETO,REGULAR,HUMEDO,NUBLADO,1,1,0,0,14,141,14106,Los Ríos,Valdivia,Mariquina,Ruta,"T-18, T-20 km 3",-39.530508,-72.976735
-7931834.31915423,-4160889.79581121,3024,2023,1511891,2023/02/11 00:00:00+00,Febrero,11,Sábado,1899/12/30 00:00:00+00,14:45:00,14,REGION MAULE,CURICO,COLISION FRONTAL,COLISION,URBANA,CRUCE CON SEÑAL PARE,IMPRUDENCIA DEL CONDUCTOR,NO RESPETAR DERECHO PREFERENTE DE PASO A VEHICULO,AMSTERDAM,LIVERPOOL,AMSTERDAM - LIVERPOOL,0, , ,BIDIRECCIONAL CON BANDEJON,CONCRETO,BUENO,SECO,DESPEJADO,0,0,0,0,07,073,07301,Maule,Curicó,Curicó,Interseccion,"AMSTERDAM & LIVERPOOL, Curicó",-34.977985,-71.25288
-7870893.0205169,-4011749.95167696,3025,2023,1516470,2023/03/11 00:00:00+00,Marzo,11,Sábado,1899/12/30 00:00:00+00,20:00:00,20,REGION METROPOLITANA,PAINE,COLISION LATERAL,COLISION,URBANA,TRAMO DE VIA RECTA,IMPRUDENCIA DEL CONDUCTOR,CONDUCCION NO ATENTO CONDICIONES TRANSITO MOMENTO,EL ROMERO,EL DIVISADERO,EL DIVISADERO - EL ROMERO,0, , ,BIDIRECCIONAL,ASFALTO,BUENO,SECO,DESPEJADO,0,1,0,0,13,134,13404,Metropolitana de Santiago,Maipo,Paine,Interseccion,"EL DIVISADERO & EL ROMERO, Paine",-33.872912,-70.705435
-7878287.86302647,-4052374.98327462,3026,2023,1503259,2023/01/12 00:00:00+00,Enero,12,Jueves,1899/12/30 00:00:00+00,20:10:00,20,REGION LIB.B.O'HIGGINS,RANCAGUA,COLISION PERPENDICULAR,COLISION,URBANA,CRUCE CON SEÑAL PARE,IMPRUDENCIA DEL CONDUCTOR,CONDUCCION SIN MANTENER DISTANCIA RAZONABLE NI PRUDENTE,CIRCUNVALACION PONIENTE,BOSQUES SANTA CLARA,BOSQUES SANTA CLARA - CIRCUNVALACION PONIENTE,0, , ,BIDIRECCIONAL CON BANDEJON,CONCRETO,BUENO,SECO,DESPEJADO,0,0,0,0,06,061,06101,Libertador General Bernardo O'Higgins,Cachapoal,Rancagua,Interseccion,"BOSQUES SANTA CLARA & CIRCUNVALACION PONIENTE, Rancagua",-34.175375,-70.771864
-8017125.81153387,-4718612.86588691,3027,2023,1562431,2023/09/29 00:00:00+00,Septiembre,29,Viernes,1899/12/30 00:00:00+00,03:45:00,3,REGION ARAUCANIA,CUNCO,VOLCADURA,VOLCADURA,RURAL,TRAMO DE VIA CURVA HORIZONTAL,ALCOHOL EN CONDUCTOR,CONDUCCION EN ESTADO DE EBRIEDAD, , , ,0,S-75,6,BIDIRECCIONAL,ASFALTO,BUENO,SECO,DESPEJADO,0,0,0,1,09,091,09103,La Araucanía,Cautín,Cunco,Ruta,S-75 km 6,-38.978643,-72.019067
-7826361.36141326,-3171213.12481988,3028,2023,1516669,2023/03/11 00:00:00+00,Marzo,11,Sábado,1899/12/30 00:00:00+00,22:30:00,22,REGION ATACAMA,COPIAPO,COLISION POR ALCANCE,COLISION,URBANA,CRUCE CON SEÑAL PARE,ALCOHOL EN CONDUCTOR,CONDUCCION EN ESTADO DE EBRIEDAD,DIEGO DE ALMAGRO,DAGOBERTO GODOY,DAGOBERTO GODOY - DIEGO DE ALMAGRO,0, , ,BIDIRECCIONAL,ASFALTO,BUENO,SECO,DESPEJADO,0,1,0,1,03,031,03101,Atacama,Copiapó,Copiapó,Interseccion,"DAGOBERTO GODOY & DIEGO DE ALMAGRO, Copiapó",-27.381473,-70.3054
-7837977.09384536,-2715135.80364911,3029,2023,1509724,2023/02/11 00:00:00+00,Febrero,11,Sábado,1899/12/30 00:00:00+00,20:45:00,20,REGION ANTOFAGASTA,ANTOFAGASTA,COLISION,COLISION,URBANA,CRUCE CON SEÑAL CEDA EL PASO,DESOBEDIENCIA A SEÑALIZACION,SEÑALIZACION DESOBEDECER SEÑAL CEDA EL PASO,TRUMAO,ARGENTINA,ARGENTINA - TRUMAO,0, , ,BIDIRECCIONAL,ASFALTO,BUENO,SECO,DESPEJADO,0,1,0,0,02,021,02101,Antofagasta,Antofagasta,Antofagasta,Interseccion,"ARGENTINA & TRUMAO, Antofagasta",-23.685536,-70.409746
-7857757.87720075,-3959607.97773561,3030,2023,1506250,2023/01/12 00:00:00+00,Enero,12,Jueves,1899/12/30 00:00:00+00,20:44:00,20,REGION METROPOLITANA,MACUL,COLISION LATERAL,COLISION,URBANA,OTROS NO CONSIDERADOS,DESOBEDIENCIA A SEÑALIZACION,SEÑALIZACION DESOBEDECER SEÑAL CEDA EL PASO,LOS PLATANOS,IRAN,IRAN - LOS PLATANOS,0, , ,BIDIRECCIONAL,CONCRETO,BUENO,SECO,DESPEJADO,0,1,0,0,13,131,13118,Metropolitana de Santiago,Santiago,Macul,Interseccion,"IRAN & LOS PLATANOS, Macul",-33.483127,-70.58744
-7979033.03637471,-4242110.11911003,3031,2023,1563557,2023/09/29 00:00:00+00,Septiembre,29,Viernes,1899/12/30 00:00:00+00,07:50:00,7,REGION MAULE,SAN JAVIER,COLISION POR ALCANCE,COLISION,RURAL,TRAMO DE VIA RECTA,IMPRUDENCIA DEL CONDUCTOR,CONDUCCION NO ATENTO CONDICIONES TRANSITO MOMENTO, , , ,0,L-11,2,BIDIRECCIONAL,ASFALTO,BUENO,SECO,DESPEJADO,0,1,0,0,07,074,07406,Maule,Linares,San Javier,Ruta,L-11 km 2,-35.573624,-71.676873
-7934401.09055483,-3892910.44301842,3032,2023,1509921,2023/02/12 00:00:00+00,Febrero,12,Domingo,1899/12/30 00:00:00+00,09:20:00,9,REGION VALPARAISO,LIMACHE,CHOQUE POSTERIOR/POSTERIOR,CHOQUE,URBANA,CRUCE CON SEMAFORO FUNCIONANDO,ALCOHOL EN CONDUCTOR,CONDUCCION EN ESTADO DE EBRIEDAD,PALMIRA ROMANO NORTE,ADOLFO EASTMAN COX,ADOLFO EASTMAN COX - PALMIRA ROMANO NORTE,0, , ,BIDIRECCIONAL,ASFALTO,BUENO,SECO,DESPEJADO,0,0,0,1,05,058,05802,Valparaíso,Marga Marga,Limache,Interseccion,"ADOLFO EASTMAN COX & PALMIRA ROMANO NORTE, Limache",-32.981966,-71.275938
-8024449.68646543,-4385713.6736029,3033,2023,1503303,2023/01/12 00:00:00+00,Enero,12,Jueves,1899/12/30 00:00:00+00,21:00:00,21,REGION ÑUBLE,CHILLAN,COLISION PERPENDICULAR,COLISION,URBANA,CRUCE CON SEMAFORO FUNCIONANDO,ALCOHOL EN CONDUCTOR,CONDUCCION EN ESTADO DE EBRIEDAD,LOS PUELCHES,INGLATERRA,INGLATERRA - LOS PUELCHES,0, , ,BIDIRECCIONAL,CONCRETO,BUENO,SECO,DESPEJADO,0,0,0,2,16,161,16101,Ñuble,Diguillín,Chillán,Interseccion,"INGLATERRA & LOS PUELCHES, Chillán",-36.61598,-72.084858
-7945739.12548538,-3901195.29887253,3034,2023,1517137,2023/03/11 00:00:00+00,Marzo,11,Sábado,1899/12/30 00:00:00+00,23:00:00,23,REGION VALPARAISO,VILLA ALEMANA,COLISION,COLISION,URBANA,TRAMO DE VIA RECTA,IMPRUDENCIA DEL CONDUCTOR,CONDUCCION NO ATENTO CONDICIONES TRANSITO MOMENTO,VALPARAISO,CAUPOLICAN,CAUPOLICAN - VALPARAISO,0, , ,BIDIRECCIONAL,CONCRETO,REGULAR,SECO,DESPEJADO,0,0,1,0,05,058,05804,Valparaíso,Marga Marga,Villa Alemana,Interseccion,"CAUPOLICAN & VALPARAISO, Villa Alemana",-33.044374,-71.377789
-8136618.85873858,-4404582.65728194,3035,2023,1562938,2023/09/29 00:00:00+00,Septiembre,29,Viernes,1899/12/30 00:00:00+00,18:00:00,18,REGION BIO BIO,TALCAHUANO,CHOQUE FRENTE/POSTERIOR,CHOQUE,RURAL,ROTONDA,IMPRUDENCIA DEL CONDUCTOR,CONDUCCION SIN MANTENER DISTANCIA RAZONABLE NI PRUDENTE, , , ,0,RUTA 154,"8,9",UNIDIRECCIONAL,CONCRETO,BUENO,SECO,DESPEJADO,0,1,0,0,08,081,08110,Biobío,Concepción,Talcahuano,Ruta,"RUTA 154 km 8,9",-36.751912,-73.092491
-7977779.60413338,-4222078.51948687,3036,2023,1503445,2023/01/13 00:00:00+00,Enero,13,Viernes,1899/12/30 00:00:00+00,10:00:00,10,REGION MAULE,TALCA,COLISION POR ALCANCE,COLISION,URBANA,TRAMO DE VIA RECTA,IMPRUDENCIA DEL CONDUCTOR,CONDUCCION SIN MANTENER DISTANCIA RAZONABLE NI PRUDENTE,1 SUR,1 ORIENTE,1 ORIENTE - 1 SUR,0, , ,UNIDIRECCIONAL,CONCRETO,BUENO,SECO,DESPEJADO,0,0,0,1,07,071,07101,Maule,Talca,Talca,Interseccion,"1 ORIENTE & 1 SUR, Talca",-35.427127,-71.665614
-7858883.98516962,-3963997.80174598,3037,2023,1519955,2023/03/11 00:00:00+00,Marzo,11,Sábado,1899/12/30 00:00:00+00,23:20:00,23,REGION METROPOLITANA,LA FLORIDA,COLISION POR ALCANCE,COLISION,URBANA,TRAMO DE VIA RECTA,IMPRUDENCIA DEL CONDUCTOR,CONDUCCION SIN MANTENER DISTANCIA RAZONABLE NI PRUDENTE,FROILAN ROA,EL PEUMO,EL PEUMO - FROILAN ROA,0, , ,BIDIRECCIONAL,ASFALTO,REGULAR,SECO,DESPEJADO,0,1,0,0,13,131,13110,Metropolitana de Santiago,Santiago,La Florida,Interseccion,"EL PEUMO & FROILAN ROA, La Florida",-33.516011,-70.597556
-7861571.93899016,-3966622.97508393,3038,2023,1512721,2023/02/12 00:00:00+00,Febrero,12,Domingo,1899/12/30 00:00:00+00,13:30:00,13,REGION METROPOLITANA,LA GRANJA,COLISION LATERAL,COLISION,URBANA,CRUCE SIN SEÑALIZACION,IMPRUDENCIA DEL CONDUCTOR,VIRAJES INDEBIDOS,PADRE JUAN MEYER,LA SERENA,LA SERENA - PADRE JUAN MEYER,0, , ,BIDIRECCIONAL,CONCRETO,BUENO,SECO,DESPEJADO,0,0,1,0,13,131,13111,Metropolitana de Santiago,Santiago,La Granja,Interseccion,"LA SERENA & PADRE JUAN MEYER, La Granja",-33.53567,-70.621702
-8126568.17606668,-4416428.22451471,3039,2023,1504207,2023/01/13 00:00:00+00,Enero,13,Viernes,1899/12/30 00:00:00+00,13:00:00,13,REGION BIO BIO,CONCEPCION,CHOQUE,CHOQUE,URBANA,CRUCE CON SEÑAL PARE,IMPRUDENCIA DEL CONDUCTOR,CONDUCCION SIN MANTENER DISTANCIA RAZONABLE NI PRUDENTE,LAS VERTIENTES,LOS COPIHUES,LAS VERTIENTES - LOS COPIHUES,0, , ,UNIDIRECCIONAL,CONCRETO,BUENO,SECO,DESPEJADO,0,1,0,0,08,081,08101,Biobío,Concepción,Concepción,Interseccion,"LAS VERTIENTES & LOS COPIHUES, Concepción",-36.837124,-73.002204
-7907019.34373961,-3652489.67670375,3040,2023,1562066,2023/09/29 00:00:00+00,Septiembre,29,Viernes,1899/12/30 00:00:00+00,18:00:00,18,REGION COQUIMBO,OVALLE,VOLCADURA,VOLCADURA,RURAL,TRAMO DE VIA RECTA,VELOCIDAD IMPRUDENTE,VELOCIDAD NO RAZONABLE NI PRUDENTE, , , ,0,"D-71, D-55",4,BIDIRECCIONAL,ASFALTO,BUENO,SECO,DESPEJADO,0,0,1,1,04,043,04301,Coquimbo,Limarí,Ovalle,Ruta,"D-71, D-55 km 4",-31.151882,-71.029963
-7858169.98195567,-3952025.69427722,3041,2023,1511138,2023/02/12 00:00:00+00,Febrero,12,Domingo,1899/12/30 00:00:00+00,14:50:00,14,REGION METROPOLITANA,PROVIDENCIA,COLISION LATERAL,COLISION,URBANA,CRUCE CON SEMAFORO FUNCIONANDO,IMPRUDENCIA DEL CONDUCTOR,CONDUCCION NO ATENTO CONDICIONES TRANSITO MOMENTO,ELIODORO YAÑEZ,TOBALABA,ELIODORO YAÑEZ - TOBALABA,0, , ,BIDIRECCIONAL,ASFALTO,BUENO,SECO,DESPEJADO,0,0,0,1,13,131,13123,Metropolitana de Santiago,Santiago,Providencia,Interseccion,"ELIODORO YAÑEZ & TOBALABA, Providencia",-33.426299,-70.591142