X,Y,FID,Año,IdAccident,Fecha,Mes,Dia_mes,Dia_semana,Hora,Hora_texto,Hora_aprox,Región,Comuna,Tipo_Accid,Tipo__CONA,Zona,Ubicación,Causa__CON,Causa_Acci,Calle_Uno,Calle_Dos,Intersecci,Número,Ruta,Ubicaci_1,Calzada,Tipo_Calza,Estado_Cal,Condición,Estado_Atm,Fallecidos,Graves,Menos_Grav,Leves,CUT_REG,CUT_PROV,CUT_COM,REGION,PROVINCIA,COMUNA1,Tipo_direc,Direccion,Lat,Lon
-7862088.10891201,-3957496.12362941,3042,2023,1515588,2023/03/12 00:00:00+00,Marzo,12,Domingo,1899/12/30 00:00:00+00,03:08:00,3,REGION METROPOLITANA,ÑUÑOA,CHOQUE POSTERIOR/POSTERIOR,CHOQUE,URBANA,CRUCE CON SEMAFORO FUNCIONANDO,IMPRUDENCIA DEL CONDUCTOR,CONDUCCION NO ATENTO CONDICIONES TRANSITO MOMENTO,VICUÑA MACKENNA,CARLOS DITTBORN,CARLOS DITTBORN - VICUÑA MACKENNA,0, , ,BIDIRECCIONAL,ASFALTO,BUENO,SECO,DESPEJADO,0,0,0,0,13,131,13120,Metropolitana de Santiago,Santiago,Ñuñoa,Interseccion,"CARLOS DITTBORN & VICUÑA MACKENNA, Ñuñoa",-33.467303,-70.626339
-7967448.81298014,-4256243.05910373,3043,2023,1563462,2023/09/30 00:00:00+00,Septiembre,30,Sábado,1899/12/30 00:00:00+00,00:20:00,0,REGION MAULE,YERBAS BUENAS,COLISION POR ALCANCE,COLISION,RURAL,TRAMO DE VIA RECTA,IMPRUDENCIA DEL CONDUCTOR,VIRAJES INDEBIDOS, , , ,0,L-25,10,BIDIRECCIONAL,ASFALTO,BUENO,SECO,DESPEJADO,0,1,0,1,07,074,07408,Maule,Linares,Yerbas Buenas,Ruta,L-25 km 10,-35.676821,-71.57281
-8140056.64741321,-4950592.15067936,3044,2023,1503426,2023/01/13 00:00:00+00,Enero,13,Viernes,1899/12/30 00:00:00+00,15:48:00,15,REGION LOS LAGOS,OSORNO,COLISION,COLISION,URBANA,TRAMO DE VIA RECTA,IMPRUDENCIA DEL CONDUCTOR,CONDUCCION NO ATENTO CONDICIONES TRANSITO MOMENTO,IGNACIO ZENTENO,LEONARDO DA VINCI,IGNACIO ZENTENO - LEONARDO DA VINCI,0, , ,UNIDIRECCIONAL,CONCRETO,BUENO,SECO,DESPEJADO,0,0,0,1,10,103,10301,Los Lagos,Osorno,Osorno,Interseccion,"IGNACIO ZENTENO & LEONARDO DA VINCI, Osorno",-40.58003,-73.123373
-8143113.70336957,-4946412.81181715,3045,2023,1515984,2023/03/12 00:00:00+00,Marzo,12,Domingo,1899/12/30 00:00:00+00,05:20:00,5,REGION LOS LAGOS,OSORNO,COLISION,COLISION,URBANA,CRUCE CON SEÑAL CEDA EL PASO,IMPRUDENCIA DEL CONDUCTOR,CONDUCCION NO ATENTO CONDICIONES TRANSITO MOMENTO,HEROES DE LA CONCEPCION,JOSE MARIA SOTOMAYOR,HEROES DE LA CONCEPCION - JOSE MARIA SOTOMAYOR,0, , ,BIDIRECCIONAL,CONCRETO,REGULAR,MOJADO,LLUVIA,0,0,0,1,10,103,10301,Los Lagos,Osorno,Osorno,Interseccion,"HEROES DE LA CONCEPCION & JOSE MARIA SOTOMAYOR, Osorno",-40.55151,-73.150835
-8119267.39858249,-5082169.29567968,3046,2023,1509881,2023/02/12 00:00:00+00,Febrero,12,Domingo,1899/12/30 00:00:00+00,15:08:00,15,REGION LOS LAGOS,PUERTO MONTT,ATROPELLO,ATROPELLO,URBANA,TRAMO DE VIA RECTA,IMPRUDENCIA DEL CONDUCTOR,NO RESPETAR DERECHO PREFERENTE DE PASO A PEATON,ANTONIO VARAS,ILLAPEL,ANTONIO VARAS - ILLAPEL,0, , ,UNIDIRECCIONAL,CONCRETO,BUENO,MOJADO,LLOVIZNA,0,0,0,1,10,101,10101,Los Lagos,Llanquihue,Puerto Montt,Interseccion,"ANTONIO VARAS & ILLAPEL, Puerto Montt",-41.471707,-72.93662
-8023242.9188537,-4793063.73742544,3047,2023,1562297,2023/09/30 00:00:00+00,Septiembre,30,Sábado,1899/12/30 00:00:00+00,01:50:00,1,REGION DE LOS RIOS,PANGUIPULLI,COLISION POR ALCANCE,COLISION,RURAL,TRAMO DE VIA CURVA VERTICAL,ALCOHOL EN CONDUCTOR,CONDUCCION BAJO LA INFLUENCIA DEL ALCOHOL, , , ,0,"S-95-T, T-241, T-243, T-95-S","38,5",BIDIRECCIONAL,CONCRETO,BUENO,SECO,DESPEJADO,1,0,0,1,14,141,14108,Los Ríos,Valdivia,Panguipulli,Ruta,"S-95-T, T-241, T-243, T-95-S km 38,5",-39.496647,-72.074017
-7862008.38931771,-3958546.815418,3048,2023,1504264,2023/01/13 00:00:00+00,Enero,13,Viernes,1899/12/30 00:00:00+00,16:30:00,16,REGION METROPOLITANA,SAN JOAQUIN,COLISION LATERAL,COLISION,URBANA,TRAMO DE VIA RECTA,IMPRUDENCIA DEL CONDUCTOR,CONDUCCION NO ATENTO CONDICIONES TRANSITO MOMENTO,STA ELENA,PINTOR CICARELLI,PINTOR CICARELLI - STA ELENA,0, , ,BIDIRECCIONAL,ASFALTO,BUENO,SECO,DESPEJADO,0,0,0,0,13,131,13129,Metropolitana de Santiago,Santiago,San Joaquín,Interseccion,"PINTOR CICARELLI & STA ELENA, San Joaquín",-33.475176,-70.625623
-7857149.96146153,-3972453.35482314,3049,2023,1509980,2023/02/12 00:00:00+00,Febrero,12,Domingo,1899/12/30 00:00:00+00,18:10:00,18,REGION METROPOLITANA,PUENTE ALTO,VOLCADURA,VOLCADURA,URBANA,TRAMO DE VIA RECTA,ALCOHOL EN CONDUCTOR,CONDUCCION EN ESTADO DE EBRIEDAD,GABRIELA PONIENTE,EL PEÑON,EL PEÑON - GABRIELA PONIENTE,0, , ,BIDIRECCIONAL,CONCRETO,BUENO,SECO,DESPEJADO,0,2,0,0,13,132,13201,Metropolitana de Santiago,Cordillera,Puente Alto,Interseccion,"EL PEÑON & GABRIELA PONIENTE, Puente Alto",-33.579316,-70.581979
-8083326.47081386,-4690977.58130331,3050,2023,1563358,2023/09/30 00:00:00+00,Septiembre,30,Sábado,1899/12/30 00:00:00+00,09:00:00,9,REGION ARAUCANIA,PADRE LAS CASAS,COLISION POR ALCANCE,COLISION,RURAL,TRAMO DE VIA RECTA,IMPRUDENCIA DEL CONDUCTOR,CONDUCIR VEHICULO EN RETROCESO, , , ,0,RUTA 5 SUR,681,BIDIRECCIONAL,ASFALTO,BUENO,SECO,DESPEJADO,0,0,0,0,09,091,09112,La Araucanía,Cautín,Padre Las Casas,Ruta,RUTA 5 SUR km 681,-38.785394,-72.613757
-7963914.92661962,-3886608.51535534,3051,2023,1517067,2023/03/12 00:00:00+00,Marzo,12,Domingo,1899/12/30 00:00:00+00,07:50:00,7,REGION VALPARAISO,CONCON,VOLCADURA,VOLCADURA,URBANA,TRAMO DE VIA RECTA,ALCOHOL EN CONDUCTOR,CONDUCCION EN ESTADO DE EBRIEDAD,EL CAFETO,EL CIPRES,EL CAFETO - EL CIPRES,0, , ,BIDIRECCIONAL,ASFALTO,BUENO,SECO,DESPEJADO,0,0,1,0,05,051,05103,Valparaíso,Valparaíso,Concón,Interseccion,"EL CAFETO & EL CIPRES, Concón",-32.934465,-71.541065
-7869037.5471887,-3956583.16784399,3052,2023,1503660,2023/01/13 00:00:00+00,Enero,13,Viernes,1899/12/30 00:00:00+00,18:30:00,18,REGION METROPOLITANA,ESTACION CENTRAL,VOLCADURA,VOLCADURA,URBANA,CRUCE CON SEMAFORO FUNCIONANDO,IMPRUDENCIA DEL CONDUCTOR,CONDUCCION NO ATENTO CONDICIONES TRANSITO MOMENTO,LIBER BERNARDO O'HIGGINS,PADRE ALBERTO HURTADO,LIBER BERNARDO O'HIGGINS - PADRE ALBERTO HURTADO,0, , ,BIDIRECCIONAL CON BANDEJON,ASFALTO,BUENO,SECO,DESPEJADO,0,0,0,1,13,131,13106,Metropolitana de Santiago,Santiago,Estación Central,Interseccion,"LIBER BERNARDO O'HIGGINS & PADRE ALBERTO HURTADO, Estación Central",-33.460461,-70.688767
-7962463.19597109,-3961425.90767902,3053,2023,1562360,2023/09/30 00:00:00+00,Septiembre,30,Sábado,1899/12/30 00:00:00+00,09:30:00,9,REGION VALPARAISO,CASABLANCA,CHOQUE FRONTAL,CHOQUE,RURAL,PLAZA DE PEAJE,ALCOHOL EN CONDUCTOR,CONDUCCION BAJO LA INFLUENCIA DEL ALCOHOL, , , ,0,F-962-G,"17,4",BIDIRECCIONAL,ASFALTO,BUENO,SECO,DESPEJADO,0,1,0,0,05,051,05102,Valparaíso,Valparaíso,Casablanca,Ruta,"F-962-G km 17,4",-33.496747,-71.528024
-7867949.73318033,-3955282.92694511,3054,2023,1516059,2023/03/12 00:00:00+00,Marzo,12,Domingo,1899/12/30 00:00:00+00,12:30:00,12,REGION METROPOLITANA,ESTACION CENTRAL,COLISION LATERAL,COLISION,URBANA,CRUCE CON SEMAFORO FUNCIONANDO,IMPRUDENCIA DEL CONDUCTOR,CONDUCCION NO ATENTO CONDICIONES TRANSITO MOMENTO,LIBER BERNARDO O'HIGGINS,MATUCANA,LIBER BERNARDO O'HIGGINS - MATUCANA,0, , ,BIDIRECCIONAL CON BANDEJON,ASFALTO,BUENO,SECO,DESPEJADO,0,0,0,0,13,131,13106,Metropolitana de Santiago,Santiago,Estación Central,Interseccion,"LIBER BERNARDO O'HIGGINS & MATUCANA, Estación Central",-33.450716,-70.678995
-7859347.96480724,-3972802.23523813,3055,2023,1509710,2023/02/12 00:00:00+00,Febrero,12,Domingo,1899/12/30 00:00:00+00,19:30:00,19,REGION METROPOLITANA,PUENTE ALTO,COLISION LATERAL,COLISION,URBANA,TRAMO DE VIA RECTA,IMPRUDENCIA DEL CONDUCTOR,CONDUCCION NO ATENTO CONDICIONES TRANSITO MOMENTO,GABRIELA PONIENTE,VICUÑA,GABRIELA PONIENTE - VICUÑA,0, , ,BIDIRECCIONAL,CONCRETO,BUENO,SECO,DESPEJADO,0,0,0,0,13,132,13201,Metropolitana de Santiago,Cordillera,Puente Alto,Interseccion,"GABRIELA PONIENTE & VICUÑA, Puente Alto",-33.581927,-70.601724
-7863008.48357847,-3966598.52203556,3056,2023,1504168,2023/01/13 00:00:00+00,Enero,13,Viernes,1899/12/30 00:00:00+00,18:50:00,18,REGION METROPOLITANA,SAN RAMON,COLISION,COLISION,URBANA,TRAMO DE VIA RECTA,IMPRUDENCIA DEL CONDUCTOR,CONDUCCION NO ATENTO CONDICIONES TRANSITO MOMENTO,STA ROSA,PARAGUAY,PARAGUAY - STA ROSA,0, , ,UNIDIRECCIONAL,CONCRETO,BUENO,SECO,DESPEJADO,0,0,0,0,13,131,13131,Metropolitana de Santiago,Santiago,San Ramón,Interseccion,"PARAGUAY & STA ROSA, San Ramón",-33.535487,-70.634607
-8104293.36377779,-4667589.55381413,3057,2023,1562717,2023/09/30 00:00:00+00,Septiembre,30,Sábado,1899/12/30 00:00:00+00,17:15:00,17,REGION ARAUCANIA,CHOLCHOL,COLISION LATERAL,COLISION,RURAL,TRAMO DE VIA RECTA,IMPRUDENCIA DEL CONDUCTOR,CONDUCCION NO ATENTO CONDICIONES TRANSITO MOMENTO, , , ,0,S-20,22,BIDIRECCIONAL,CONCRETO,BUENO,SECO,DESPEJADO,0,0,0,1,09,091,09121,La Araucanía,Cautín,Cholchol,Ruta,S-20 km 22,-38.621435,-72.802106
-7826309.23049572,-2092166.0605366,3058,2023,1515519,2023/03/12 00:00:00+00,Marzo,12,Domingo,1899/12/30 00:00:00+00,13:50:00,13,REGION ARICA Y PARINACOTA,ARICA,OTRO TIPO,OTRO TIPO,URBANA,TRAMO DE VIA RECTA,VELOCIDAD IMPRUDENTE,VELOCIDAD NO RAZONABLE NI PRUDENTE,LUIS BERETTA PORCEL,BRASILIA,BRASILIA - LUIS BERETTA PORCEL,0, , ,BIDIRECCIONAL CON BANDEJON,ASFALTO,BUENO,SECO,DESPEJADO,0,0,0,1,15,151,15101,Arica y Parinacota,Arica,Arica,Interseccion,"BRASILIA & LUIS BERETTA PORCEL, Arica",-18.466002,-70.304932
-7935038.93342595,-3945679.91889203,3059,2023,1562364,2023/10/01 00:00:00+00,Octubre,1,Domingo,1899/12/30 00:00:00+00,10:00:00,10,REGION VALPARAISO,CASABLANCA,COLISION POR ALCANCE,COLISION,RURAL,PLAZA DE PEAJE,IMPRUDENCIA DEL CONDUCTOR,CONDUCCION SIN MANTENER DISTANCIA RAZONABLE NI PRUDENTE, , , ,0,RUTA 68,58,BIDIRECCIONAL,CONCRETO,BUENO,SECO,DESPEJADO,0,0,0,0,05,051,05102,Valparaíso,Valparaíso,Casablanca,Ruta,RUTA 68 km 58,-33.37871,-71.281668
-7980845.41894104,-3947385.31037804,3060,2023,1506767,2023/01/13 00:00:00+00,Enero,13,Viernes,1899/12/30 00:00:00+00,19:30:00,19,REGION VALPARAISO,EL QUISCO,COLISION LATERAL,COLISION,URBANA,TRAMO DE VIA RECTA,IMPRUDENCIA DEL CONDUCTOR,CONDUCCION NO ATENTO CONDICIONES TRANSITO MOMENTO,ISIDORO DUBOURNAIS,SUBIDA LOS LOBOS,ISIDORO DUBOURNAIS - SUBIDA LOS LOBOS,0, , ,BIDIRECCIONAL,ASFALTO,BUENO,SECO,DESPEJADO,0,0,0,1,05,056,05604,Valparaíso,San Antonio,El Quisco,Interseccion,"ISIDORO DUBOURNAIS & SUBIDA LOS LOBOS, El Quisco",-33.391502,-71.693154
-7974936.44271205,-4218944.81206591,3061,2023,1518399,2023/03/12 00:00:00+00,Marzo,12,Domingo,1899/12/30 00:00:00+00,16:40:00,16,REGION MAULE,TALCA,COLISION LATERAL,COLISION,URBANA,CRUCE CON SEMAFORO FUNCIONANDO,IMPRUDENCIA DEL CONDUCTOR,VIRAJES INDEBIDOS,LIRCAY,21 1/2 NORTE,21 1/2 NORTE - LIRCAY,0, , ,BIDIRECCIONAL CON BANDEJON,ASFALTO,BUENO,SECO,DESPEJADO,0,0,0,1,07,071,07101,Maule,Talca,Talca,Interseccion,"21 1/2 NORTE & LIRCAY, Talca",-35.404185,-71.640073
-7857411.0019605,-3957435.42871941,3062,2023,1509631,2023/02/12 00:00:00+00,Febrero,12,Domingo,1899/12/30 00:00:00+00,23:15:00,23,REGION METROPOLITANA,ÑUÑOA,COLISION LATERAL,COLISION,URBANA,CRUCE CON SEMAFORO FUNCIONANDO,IMPRUDENCIA DEL CONDUCTOR,CONDUCCION NO ATENTO CONDICIONES TRANSITO MOMENTO,GRECIA,ALC JORGE MONCKEBERG,ALC JORGE MONCKEBERG - GRECIA,0, , ,BIDIRECCIONAL CON BANDEJON,ASFALTO,BUENO,SECO,DESPEJADO,0,0,0,1,13,131,13120,Metropolitana de Santiago,Santiago,Ñuñoa,Interseccion,"ALC JORGE MONCKEBERG & GRECIA, Ñuñoa",-33.466848,-70.584324
-8050962.38056185,-4419891.65091952,3063,2023,1562847,2023/10/01 00:00:00+00,Octubre,1,Domingo,1899/12/30 00:00:00+00,12:00:00,12,REGION ÑUBLE,PEMUCO,COLISION POR ALCANCE,COLISION,RURAL,TRAMO DE VIA RECTA,IMPRUDENCIA DEL CONDUCTOR,CONDUCCION SIN MANTENER DISTANCIA RAZONABLE NI PRUDENTE, , , ,0,RUTA 5 SUR,440,BIDIRECCIONAL CON BANDEJON,ASFALTO,BUENO,SECO,DESPEJADO,0,1,1,0,16,161,16105,Ñuble,Diguillín,Pemuco,Ruta,RUTA 5 SUR km 440,-36.862021,-72.323026
-7973961.55520264,-4224042.75227386,3064,2023,1503565,2023/01/13 00:00:00+00,Enero,13,Viernes,1899/12/30 00:00:00+00,19:50:00,19,REGION MAULE,TALCA,COLISION LATERAL,COLISION,URBANA,CRUCE CON SEÑAL CEDA EL PASO,IMPRUDENCIA DEL CONDUCTOR,VIRAJES INDEBIDOS,30 1/2 ORIENTE,8 SUR,30 1/2 ORIENTE - 8 SUR,0, , ,BIDIRECCIONAL CON BANDEJON,ASFALTO,BUENO,SECO,DESPEJADO,0,0,1,0,07,071,07101,Maule,Talca,Talca,Interseccion,"30 1/2 ORIENTE & 8 SUR, Talca",-35.441504,-71.631315
-7878748.05774575,-3952419.04280498,3065,2023,1510082,2023/02/13 00:00:00+00,Febrero,13,Lunes,1899/12/30 00:00:00+00,07:20:00,7,REGION METROPOLITANA,PUDAHUEL,COLISION,COLISION,URBANA,CRUCE CON SEÑAL PARE,DESOBEDIENCIA A SEÑALIZACION,SEÑALIZACION DESOBEDECER SEÑAL PARE,LOS MAITENES,BOULEVARD AEROPUERTO,BOULEVARD AEROPUERTO - LOS MAITENES,0, , ,BIDIRECCIONAL,ASFALTO,REGULAR,SECO,DESPEJADO,0,0,0,1,13,131,13124,Metropolitana de Santiago,Santiago,Pudahuel,Interseccion,"BOULEVARD AEROPUERTO & LOS MAITENES, Pudahuel",-33.429248,-70.775998
-7873391.44170563,-3861395.91394607,3066,2023,1517014,2023/03/12 00:00:00+00,Marzo,12,Domingo,1899/12/30 00:00:00+00,17:50:00,17,REGION VALPARAISO,SAN FELIPE,COLISION,COLISION,URBANA,CRUCE CON SEÑAL CEDA EL PASO,IMPRUDENCIA DEL CONDUCTOR,CONDUCCION NO ATENTO CONDICIONES TRANSITO MOMENTO,ARTEMON CIFUENTES,SARGENTO ALDEA,ARTEMON CIFUENTES - SARGENTO ALDEA,0, , ,BIDIRECCIONAL,CONCRETO,BUENO,SECO,DESPEJADO,0,0,0,0,05,057,05701,Valparaíso,San Felipe de Aconcagua,San Felipe,Interseccion,"ARTEMON CIFUENTES & SARGENTO ALDEA, San Felipe",-32.744171,-70.727879
-8028942.64805848,-4371355.92800531,3067,2023,1564778,2023/10/01 00:00:00+00,Octubre,1,Domingo,1899/12/30 00:00:00+00,17:00:00,17,REGION ÑUBLE,QUIRIHUE,VOLCADURA,VOLCADURA,RURAL,TRAMO DE VIA CURVA HORIZONTAL,VELOCIDAD IMPRUDENTE,VELOCIDAD NO RAZONABLE NI PRUDENTE, , , ,0,N-50,"5,5",BIDIRECCIONAL,ASFALTO,BUENO,SECO,DESPEJADO,0,1,0,0,16,162,16201,Ñuble,Itata,Quirihue,Ruta,"N-50 km 5,5",-36.512386,-72.125219
-7857043.8739868,-3953854.36476111,3068,2023,1504065,2023/01/13 00:00:00+00,Enero,13,Viernes,1899/12/30 00:00:00+00,20:50:00,20,REGION METROPOLITANA,ÑUÑOA,COLISION,COLISION,URBANA,CRUCE CON SEÑAL PARE,ALCOHOL EN CONDUCTOR,CONDUCCION EN ESTADO DE EBRIEDAD,COVENTRY,AMAPOLAS,AMAPOLAS - COVENTRY,0, , ,BIDIRECCIONAL,CONCRETO,BUENO,SECO,DESPEJADO,0,0,0,1,13,131,13120,Metropolitana de Santiago,Santiago,Ñuñoa,Interseccion,"AMAPOLAS & COVENTRY, Ñuñoa",-33.440008,-70.581026
-7984825.29107858,-4244988.9149567,3069,2023,1516223,2023/03/12 00:00:00+00,Marzo,12,Domingo,1899/12/30 00:00:00+00,19:25:00,19,REGION MAULE,SAN JAVIER,COLISION POR ALCANCE,COLISION,URBANA,CRUCE CON SEMAFORO FUNCIONANDO,DESOBEDIENCIA A SEÑALIZACION,SEÑALIZACION DESOBEDECER LUZ ROJA DE SEMAFORO,SARGENTO ALDEA,CHORRILLOS,CHORRILLOS - SARGENTO ALDEA,0, , ,UNIDIRECCIONAL,CONCRETO,BUENO,SECO,DESPEJADO,0,0,0,0,07,074,07406,Maule,Linares,San Javier,Interseccion,"CHORRILLOS & SARGENTO ALDEA, San Javier",-35.594655,-71.728906
-7930851.25670877,-4162179.85618385,3070,2023,1512499,2023/02/13 00:00:00+00,Febrero,13,Lunes,1899/12/30 00:00:00+00,10:15:00,10,REGION MAULE,CURICO,COLISION LATERAL,COLISION,URBANA,CRUCE CON SEMAFORO FUNCIONANDO,IMPRUDENCIA DEL CONDUCTOR,CONDUCCION NO ATENTO CONDICIONES TRANSITO MOMENTO,LIBERTADOR BERNARDO O'HIGGINS,ARGOMEDO,ARGOMEDO - LIBERTADOR BERNARDO O'HIGGINS,0, , ,UNIDIRECCIONAL,CONCRETO,BUENO,SECO,DESPEJADO,0,0,0,1,07,073,07301,Maule,Curicó,Curicó,Interseccion,"ARGOMEDO & LIBERTADOR BERNARDO O'HIGGINS, Curicó",-34.98748,-71.244049
-7972194.89959958,-3922316.63432344,3071,2023,1562833,2023/10/02 00:00:00+00,Octubre,2,Lunes,1899/12/30 00:00:00+00,13:40:00,13,REGION VALPARAISO,CASABLANCA,VOLCADURA,VOLCADURA,RURAL,TRAMO DE VIA CURVA VERTICAL,VELOCIDAD IMPRUDENTE,VELOCIDAD NO RAZONABLE NI PRUDENTE, , , ,0,F-800,"12,5",BIDIRECCIONAL,ASFALTO,BUENO,SECO,DESPEJADO,0,1,0,1,05,051,05102,Valparaíso,Valparaíso,Casablanca,Ruta,"F-800 km 12,5",-33.203276,-71.615445
-8082532.07792907,-4685856.13516205,3072,2023,1503478,2023/01/13 00:00:00+00,Enero,13,Viernes,1899/12/30 00:00:00+00,21:25:00,21,REGION ARAUCANIA,TEMUCO,COLISION PERPENDICULAR,COLISION,URBANA,TRAMO DE VIA RECTA,IMPRUDENCIA DEL CONDUCTOR,CONDUCCION NO ATENTO CONDICIONES TRANSITO MOMENTO,LOS AROMOS,LOS COPIHUES,LOS AROMOS - LOS COPIHUES,0, , ,UNIDIRECCIONAL,CONCRETO,BUENO,SECO,DESPEJADO,0,1,0,0,09,091,09101,La Araucanía,Cautín,Temuco,Interseccion,"LOS AROMOS & LOS COPIHUES, Temuco",-38.749523,-72.606621
-8143136.76269001,-5002152.05312006,3073,2023,1564486,2023/10/02 00:00:00+00,Octubre,2,Lunes,1899/12/30 00:00:00+00,15:50:00,15,REGION LOS LAGOS,PURRANQUE,COLISION FRONTAL,COLISION,RURAL,TRAMO DE VIA CURVA HORIZONTAL,ALCOHOL EN CONDUCTOR,CONDUCCION EN ESTADO DE EBRIEDAD, , , ,0,U-966,"1,5",BIDIRECCIONAL,ASFALTO,BUENO,HUMEDO,NUBLADO,0,1,0,0,10,103,10303,Los Lagos,Osorno,Purranque,Ruta,"U-966 km 1,5",-40.930882,-73.151042
-7912867.03638479,-3534641.16548809,3074,2023,1510692,2023/02/13 00:00:00+00,Febrero,13,Lunes,1899/12/30 00:00:00+00,12:30:00,12,REGION COQUIMBO,ANDACOLLO,COLISION PERPENDICULAR,COLISION,URBANA,CRUCE SIN SEÑALIZACION,IMPRUDENCIA DEL CONDUCTOR,"ADELANTAMIENTO EN CRUCE, CURVA, CUESTA, PUENTE",PUNTA ARENAS,SARGENTO ALDEA,PUNTA ARENAS - SARGENTO ALDEA,0, , ,BIDIRECCIONAL,ASFALTO,BUENO,SECO,DESPEJADO,0,0,0,0,04,041,04103,Coquimbo,Elqui,Andacollo,Interseccion,"PUNTA ARENAS & SARGENTO ALDEA, Andacollo",-30.241584,-71.082494
-7870562.29030976,-3955368.31540303,3075,2023,1506148,2023/01/13 00:00:00+00,Enero,13,Viernes,1899/12/30 00:00:00+00,22:15:00,22,REGION METROPOLITANA,ESTACION CENTRAL,COLISION POR ALCANCE,COLISION,URBANA,CRUCE CON SEÑAL CEDA EL PASO,ALCOHOL EN CONDUCTOR,CONDUCCION EN ESTADO DE EBRIEDAD,EMBAJADOR QUINTANA,RADAL,EMBAJADOR QUINTANA - RADAL,0, , ,BIDIRECCIONAL,ASFALTO,BUENO,SECO,DESPEJADO,0,1,0,0,13,131,13106,Metropolitana de Santiago,Santiago,Estación Central,Interseccion,"EMBAJADOR QUINTANA & RADAL, Estación Central",-33.451356,-70.702464
-7966037.04347959,-3898627.85079675,3076,2023,1515985,2023/03/12 00:00:00+00,Marzo,12,Domingo,1899/12/30 00:00:00+00,20:01:00,20,REGION VALPARAISO,VIÑA DEL MAR,COLISION POR ALCANCE,COLISION,URBANA,TRAMO DE VIA RECTA,IMPRUDENCIA DEL CONDUCTOR,CONDUCCION CAMBIAR SORPRESIVAMENTE PISTA CIRCULACION,ECUADOR,VIANA,ECUADOR - VIANA,0, , ,UNIDIRECCIONAL,CONCRETO,BUENO,SECO,DESPEJADO,0,1,0,0,05,051,05109,Valparaíso,Valparaíso,Viña del Mar,Interseccion,"ECUADOR & VIANA, Viña del Mar",-33.025038,-71.560128
-7932863.98168625,-4155991.07971843,3077,2023,1562496,2023/10/02 00:00:00+00,Octubre,2,Lunes,1899/12/30 00:00:00+00,20:50:00,20,REGION MAULE,CURICO,COLISION LATERAL,COLISION,RURAL,TRAMO DE VIA RECTA,IMPRUDENCIA DEL CONDUCTOR,CONDUCCION NO ATENTO CONDICIONES TRANSITO MOMENTO, , , ,0,J-60,"4,1",BIDIRECCIONAL,ASFALTO,BUENO,SECO,NUBLADO,1,0,0,0,07,073,07301,Maule,Curicó,Curicó,Ruta,"J-60 km 4,1",-34.94192,-71.26213
-7930469.5421971,-4161338.54866914,3078,2023,1503947,2023/01/13 00:00:00+00,Enero,13,Viernes,1899/12/30 00:00:00+00,23:20:00,23,REGION MAULE,CURICO,COLISION FRONTAL,COLISION,URBANA,CRUCE CON SEMAFORO FUNCIONANDO,IMPRUDENCIA DEL CONDUCTOR,NO RESPETAR DERECHO PREFERENTE DE PASO A VEHICULO,CAMILO HENRIQUEZ,YUNGAY,CAMILO HENRIQUEZ - YUNGAY,0, , ,BIDIRECCIONAL CON BANDEJON,CONCRETO,BUENO,SECO,DESPEJADO,0,0,0,1,07,073,07301,Maule,Curicó,Curicó,Interseccion,"CAMILO HENRIQUEZ & YUNGAY, Curicó",-34.981288,-71.24062
-8092971.67549107,-4551413.13126026,3079,2023,1515972,2023/03/12 00:00:00+00,Marzo,12,Domingo,1899/12/30 00:00:00+00,20:30:00,20,REGION ARAUCANIA,ANGOL,COLISION LATERAL,COLISION,URBANA,CRUCE CON SEÑAL PARE,IMPRUDENCIA DEL CONDUCTOR,CONDUCCION NO ATENTO CONDICIONES TRANSITO MOMENTO,BERNARDO O'HIGGINS,BILBAO,BERNARDO O'HIGGINS - BILBAO,0, , ,BIDIRECCIONAL,CONCRETO,BUENO,SECO,DESPEJADO,0,0,0,1,09,092,09201,La Araucanía,Malleco,Angol,Interseccion,"BERNARDO O'HIGGINS & BILBAO, Angol",-37.801435,-72.700402
-7860928.59025702,-3956469.34928224,3080,2023,1512022,2023/02/13 00:00:00+00,Febrero,13,Lunes,1899/12/30 00:00:00+00,15:00:00,15,REGION METROPOLITANA,ÑUÑOA,COLISION POR ALCANCE,COLISION,URBANA,CRUCE CON SEÑAL PARE,IMPRUDENCIA DEL CONDUCTOR,CONDUCCION NO ATENTO CONDICIONES TRANSITO MOMENTO,REP DE ISRAEL,SUAREZ MUJICA,REP DE ISRAEL - SUAREZ MUJICA,0, , ,BIDIRECCIONAL,ASFALTO,REGULAR,SECO,DESPEJADO,0,1,0,0,13,131,13120,Metropolitana de Santiago,Santiago,Ñuñoa,Interseccion,"REP DE ISRAEL & SUAREZ MUJICA, Ñuñoa",-33.459608,-70.615923
-7932117.64770769,-4193629.311569,3081,2023,1563363,2023/10/03 00:00:00+00,Octubre,3,Martes,1899/12/30 00:00:00+00,07:50:00,7,REGION MAULE,RIO CLARO,COLISION PERPENDICULAR,COLISION,RURAL,TRAMO DE VIA RECTA,IMPRUDENCIA DEL CONDUCTOR,NO RESPETAR DERECHO PREFERENTE DE PASO A VEHICULO, , , ,0,"K-15, K-25, K-55",15,BIDIRECCIONAL,ASFALTO,BUENO,SECO,DESPEJADO,0,0,0,1,07,071,07108,Maule,Talca,Río Claro,Ruta,"K-15, K-25, K-55 km 15",-35.218611,-71.255425