X,Y,FID,Año,IdAccident,Fecha,Mes,Dia_mes,Dia_semana,Hora,Hora_texto,Hora_aprox,Región,Comuna,Tipo_Accid,Tipo__CONA,Zona,Ubicación,Causa__CON,Causa_Acci,Calle_Uno,Calle_Dos,Intersecci,Número,Ruta,Ubicaci_1,Calzada,Tipo_Calza,Estado_Cal,Condición,Estado_Atm,Fallecidos,Graves,Menos_Grav,Leves,CUT_REG,CUT_PROV,CUT_COM,REGION,PROVINCIA,COMUNA1,Tipo_direc,Direccion,Lat,Lon
-7902850.50861435,-3985908.73505479,3082,2023,1505668,2023/01/13 00:00:00+00,Enero,13,Viernes,1899/12/30 00:00:00+00,23:35:00,23,REGION METROPOLITANA,EL MONTE,COLISION LATERAL,COLISION,URBANA,TRAMO DE VIA RECTA,IMPRUDENCIA DEL CONDUCTOR,NO RESPETAR DERECHO PREFERENTE DE PASO A VEHICULO,BAQUEDANO,SANTA MARIA,BAQUEDANO - SANTA MARIA,0, , ,BIDIRECCIONAL,ASFALTO,REGULAR,SECO,DESPEJADO,0,0,0,2,13,136,13602,Metropolitana de Santiago,Talagante,El Monte,Interseccion,"BAQUEDANO & SANTA MARIA, El Monte",-33.679958,-70.992514
-7933128.36369577,-3496209.71117874,3083,2023,1516289,2023/03/12 00:00:00+00,Marzo,12,Domingo,1899/12/30 00:00:00+00,23:40:00,23,REGION COQUIMBO,LA SERENA,COLISION FRONTAL,COLISION,URBANA,TRAMO DE VIA RECTA,IMPRUDENCIA DEL CONDUCTOR,VIRAJES INDEBIDOS,JOSE MANUEL BALMACEDA,LOS LUCUMOS,JOSE MANUEL BALMACEDA - LOS LUCUMOS,0, , ,BIDIRECCIONAL CON BANDEJON,ASFALTO,BUENO,SECO,DESPEJADO,0,0,0,1,04,041,04101,Coquimbo,Elqui,La Serena,Interseccion,"JOSE MANUEL BALMACEDA & LOS LUCUMOS, La Serena",-29.94288,-71.264505
-8092504.72116288,-4716471.61841315,3084,2023,1563407,2023/10/03 00:00:00+00,Octubre,3,Martes,1899/12/30 00:00:00+00,22:10:00,22,REGION ARAUCANIA,FREIRE,OTRO TIPO,OTRO TIPO,RURAL,TRAMO DE VIA RECTA,OTRAS CAUSAS,OTRAS CAUSAS, , , ,0,S-60,7,BIDIRECCIONAL,ASFALTO,BUENO,SECO,NUBLADO,0,1,0,0,09,091,09105,La Araucanía,Cautín,Freire,Ruta,S-60 km 7,-38.963689,-72.696207
-7969565.50396115,-4280536.2651053,3085,2023,1503575,2023/01/14 00:00:00+00,Enero,14,Sábado,1899/12/30 00:00:00+00,01:00:00,1,REGION MAULE,LINARES,COLISION PERPENDICULAR,COLISION,URBANA,CRUCE CON SEÑAL PARE,ALCOHOL EN CONDUCTOR,CONDUCCION EN ESTADO DE EBRIEDAD,JANUARIO ESPINOZA,RENGO,JANUARIO ESPINOZA - RENGO,0, , ,UNIDIRECCIONAL,ASFALTO,BUENO,SECO,DESPEJADO,0,0,0,0,07,074,07401,Maule,Linares,Linares,Interseccion,"JANUARIO ESPINOZA & RENGO, Linares",-35.853896,-71.591825
-8130820.91457346,-4414555.4072417,3086,2023,1516564,2023/03/13 00:00:00+00,Marzo,13,Lunes,1899/12/30 00:00:00+00,00:30:00,0,REGION BIO BIO,CONCEPCION,COLISION PERPENDICULAR,COLISION,URBANA,CRUCE CON SEMAFORO FUNCIONANDO,DESOBEDIENCIA A SEÑALIZACION,SEÑALIZACION DESOBEDECER LUZ ROJA DE SEMAFORO,O'HIGGINS,JANEQUEO,JANEQUEO - O'HIGGINS,0, , ,UNIDIRECCIONAL,CONCRETO,BUENO,SECO,DESPEJADO,0,0,0,1,08,081,08101,Biobío,Concepción,Concepción,Interseccion,"JANEQUEO & O'HIGGINS, Concepción",-36.823658,-73.040407
-7865921.26941909,-3954651.73899787,3087,2023,1513378,2023/02/13 00:00:00+00,Febrero,13,Lunes,1899/12/30 00:00:00+00,15:35:00,15,REGION METROPOLITANA,SANTIAGO,COLISION FRONTAL,COLISION,URBANA,TRAMO DE VIA RECTA,IMPRUDENCIA DEL CONDUCTOR,CONDUCCION NO ATENTO CONDICIONES TRANSITO MOMENTO,MANUEL RODRIGUEZ,LIBER BERNARDO O'HIGGINS,LIBER BERNARDO O'HIGGINS - MANUEL RODRIGUEZ,0, , ,UNIDIRECCIONAL,CONCRETO,BUENO,SECO,DESPEJADO,0,0,0,0,13,131,13101,Metropolitana de Santiago,Santiago,Santiago,Interseccion,"LIBER BERNARDO O'HIGGINS & MANUEL RODRIGUEZ, Santiago",-33.445985,-70.660773
-7968816.37922522,-4213351.82552955,3088,2023,1563284,2023/10/04 00:00:00+00,Octubre,4,Miércoles,1899/12/30 00:00:00+00,08:00:00,8,REGION MAULE,PELARCO,COLISION LATERAL,COLISION,RURAL,TRAMO DE VIA RECTA,IMPRUDENCIA DEL CONDUCTOR,CONDUCCION SIN MANTENER DISTANCIA RAZONABLE NI PRUDENTE, , , ,0,RUTA 5 SUR,245,BIDIRECCIONAL,ASFALTO,BUENO,SECO,DESPEJADO,0,1,0,0,07,071,07106,Maule,Talca,Pelarco,Ruta,RUTA 5 SUR km 245,-35.363222,-71.585095
-7865319.04210585,-3953708.87690407,3089,2023,1504163,2023/01/14 00:00:00+00,Enero,14,Sábado,1899/12/30 00:00:00+00,07:10:00,7,REGION METROPOLITANA,SANTIAGO,COLISION POR ALCANCE,COLISION,URBANA,CRUCE CON SEMAFORO FUNCIONANDO,IMPRUDENCIA DEL CONDUCTOR,CONDUCCION NO ATENTO CONDICIONES TRANSITO MOMENTO,COMPAÑIA,TEATINOS,COMPAÑIA - TEATINOS,0, , ,UNIDIRECCIONAL,ASFALTO,BUENO,SECO,DESPEJADO,0,0,0,1,13,131,13101,Metropolitana de Santiago,Santiago,Santiago,Interseccion,"COMPAÑIA & TEATINOS, Santiago",-33.438917,-70.655363
-7836099.4791261,-2710645.42373795,3090,2023,1509746,2023/02/13 00:00:00+00,Febrero,13,Lunes,1899/12/30 00:00:00+00,16:00:00,16,REGION ANTOFAGASTA,ANTOFAGASTA,COLISION,COLISION,URBANA,CRUCE CON SEÑAL PARE,IMPRUDENCIA DEL CONDUCTOR,CONDUCCION NO ATENTO CONDICIONES TRANSITO MOMENTO,JOSE SANTOS OSSA,ARGENTINA,ARGENTINA - JOSE SANTOS OSSA,0, , ,UNIDIRECCIONAL,ASFALTO,BUENO,SECO,DESPEJADO,0,1,0,0,02,021,02101,Antofagasta,Antofagasta,Antofagasta,Interseccion,"ARGENTINA & JOSE SANTOS OSSA, Antofagasta",-23.648591,-70.392879
-7879593.64059781,-3947043.7689225,3091,2023,1516906,2023/03/13 00:00:00+00,Marzo,13,Lunes,1899/12/30 00:00:00+00,04:30:00,4,REGION METROPOLITANA,PUDAHUEL,VOLCADURA,VOLCADURA,URBANA,TRAMO DE VIA RECTA,VELOCIDAD IMPRUDENTE,VELOCIDAD NO RAZONABLE NI PRUDENTE,CAMINO A LAMPA,MIRAFLORES,CAMINO A LAMPA - MIRAFLORES,0, , ,BIDIRECCIONAL,ASFALTO,REGULAR,SECO,DESPEJADO,0,0,0,0,13,131,13124,Metropolitana de Santiago,Santiago,Pudahuel,Interseccion,"CAMINO A LAMPA & MIRAFLORES, Pudahuel",-33.38894,-70.783594
-7952429.74624655,-4290519.96292049,3092,2023,1566047,2023/10/05 00:00:00+00,Octubre,5,Jueves,1899/12/30 00:00:00+00,18:00:00,18,REGION MAULE,LINARES,VOLCADURA,VOLCADURA,RURAL,TRAMO DE VIA CURVA HORIZONTAL,VELOCIDAD IMPRUDENTE,VELOCIDAD NO RAZONABLE NI PRUDENTE, , , ,0,L-429,"5,5",BIDIRECCIONAL,ASFALTO,MALO,SECO,DESPEJADO,0,0,0,1,07,074,07401,Maule,Linares,Linares,Ruta,"L-429 km 5,5",-35.926554,-71.437892
-7971415.05501452,-3901922.94673645,3093,2023,1510316,2023/02/13 00:00:00+00,Febrero,13,Lunes,1899/12/30 00:00:00+00,16:15:00,16,REGION VALPARAISO,VALPARAISO,COLISION,COLISION,URBANA,CRUCE CON SEMAFORO FUNCIONANDO,IMPRUDENCIA DEL CONDUCTOR,CONDUCCION NO ATENTO CONDICIONES TRANSITO MOMENTO,INDEPENDENCIA,URUGUAY,INDEPENDENCIA - URUGUAY,0, , ,BIDIRECCIONAL,ASFALTO,BUENO,SECO,DESPEJADO,0,0,0,2,05,051,05101,Valparaíso,Valparaíso,Valparaíso,Interseccion,"INDEPENDENCIA & URUGUAY, Valparaíso",-33.049853,-71.60844
-7872662.44386759,-3846833.92119166,3094,2023,1504513,2023/01/14 00:00:00+00,Enero,14,Sábado,1899/12/30 00:00:00+00,11:00:00,11,REGION VALPARAISO,PUTAENDO,COLISION,COLISION,URBANA,TRAMO DE VIA CURVA HORIZONTAL,VELOCIDAD IMPRUDENTE,VELOCIDAD NO RAZONABLE NI PRUDENTE,ALEJANDRINA CARVAJAL,EDUARDO WEGGENER,ALEJANDRINA CARVAJAL - EDUARDO WEGGENER,0, , ,BIDIRECCIONAL,ASFALTO,BUENO,CON ACEITE,DESPEJADO,0,0,0,1,05,057,05705,Valparaíso,San Felipe de Aconcagua,Putaendo,Interseccion,"ALEJANDRINA CARVAJAL & EDUARDO WEGGENER, Putaendo",-32.634077,-70.72133
-8128466.1733847,-4433008.12572778,3095,2023,1517605,2023/03/13 00:00:00+00,Marzo,13,Lunes,1899/12/30 00:00:00+00,06:55:00,6,REGION BIO BIO,CHIGUAYANTE,COLISION PERPENDICULAR,COLISION,URBANA,CRUCE CON SEÑAL CEDA EL PASO,DESOBEDIENCIA A SEÑALIZACION,SEÑALIZACION DESOBEDECER SEÑAL CEDA EL PASO,MANUEL RODRIGUEZ,12 DE OCTUBRE,12 DE OCTUBRE - MANUEL RODRIGUEZ,0, , ,BIDIRECCIONAL,CONCRETO,BUENO,SECO,DESPEJADO,0,0,0,0,08,081,08103,Biobío,Concepción,Chiguayante,Interseccion,"12 DE OCTUBRE & MANUEL RODRIGUEZ, Chiguayante",-36.956234,-73.019254
-7863067.81691159,-3953481.6441647,3096,2023,1538923,2023/03/13 00:00:00+00,Marzo,13,Lunes,1899/12/30 00:00:00+00,07:30:00,7,REGION METROPOLITANA,SANTIAGO,COLISION POR ALCANCE,COLISION,URBANA,CRUCE CON SEMAFORO FUNCIONANDO,FALLAS MECANICAS,FALLAS MECANICAS FRENOS,LIBER BERNARDO O'HIGGINS,VICUÑA MACKENNA,LIBER BERNARDO O'HIGGINS - VICUÑA MACKENNA,0, , ,UNIDIRECCIONAL,ASFALTO,REGULAR,SECO,DESPEJADO,0,0,0,0,13,131,13101,Metropolitana de Santiago,Santiago,Santiago,Interseccion,"LIBER BERNARDO O'HIGGINS & VICUÑA MACKENNA, Santiago",-33.437214,-70.63514
-7872933.55131094,-3861131.81066128,3097,2023,1504784,2023/01/14 00:00:00+00,Enero,14,Sábado,1899/12/30 00:00:00+00,13:30:00,13,REGION VALPARAISO,SAN FELIPE,COLISION,COLISION,URBANA,CRUCE CON SEÑAL PARE,DESOBEDIENCIA A SEÑALIZACION,SEÑALIZACION DESOBEDECER SEÑAL PARE,BERNARDO O'HIGGINS,MOLINA,BERNARDO O'HIGGINS - MOLINA,0, , ,BIDIRECCIONAL,CONCRETO,BUENO,SECO,DESPEJADO,0,1,0,1,05,057,05701,Valparaíso,San Felipe de Aconcagua,San Felipe,Interseccion,"BERNARDO O'HIGGINS & MOLINA, San Felipe",-32.742175,-70.723765
-8130055.0364768,-4412451.14106135,3098,2023,1511202,2023/02/13 00:00:00+00,Febrero,13,Lunes,1899/12/30 00:00:00+00,16:40:00,16,REGION BIO BIO,CONCEPCION,COLISION PERPENDICULAR,COLISION,URBANA,CRUCE CON SEMAFORO FUNCIONANDO,DESOBEDIENCIA A SEÑALIZACION,SEÑALIZACION DESOBEDECER LUZ ROJA DE SEMAFORO,CAMILO HENRIQUEZ,JUAN JOSE MANZANO,CAMILO HENRIQUEZ - JUAN JOSE MANZANO,0, , ,BIDIRECCIONAL,CONCRETO,BUENO,SECO,DESPEJADO,0,0,0,3,08,081,08101,Biobío,Concepción,Concepción,Interseccion,"CAMILO HENRIQUEZ & JUAN JOSE MANZANO, Concepción",-36.808525,-73.033527
-8080280.5689035,-4688967.25554897,3099,2023,1564639,2023/10/05 00:00:00+00,Octubre,5,Jueves,1899/12/30 00:00:00+00,22:45:00,22,REGION ARAUCANIA,TEMUCO,VOLCADURA,VOLCADURA,RURAL,TRAMO DE VIA RECTA,ALCOHOL EN CONDUCTOR,CONDUCCION EN ESTADO DE EBRIEDAD, , , ,0,"S-51, S-61",2,BIDIRECCIONAL,ASFALTO,REGULAR,SECO,NUBLADO,0,0,1,0,09,091,09101,La Araucanía,Cautín,Temuco,Ruta,"S-51, S-61 km 2",-38.771316,-72.586395
-7857578.09625652,-3963687.77341747,3100,2023,1517110,2023/03/13 00:00:00+00,Marzo,13,Lunes,1899/12/30 00:00:00+00,12:40:00,12,REGION METROPOLITANA,LA FLORIDA,COLISION POR ALCANCE,COLISION,URBANA,TRAMO DE VIA RECTA,IMPRUDENCIA DEL CONDUCTOR,CONDUCCION NO ATENTO CONDICIONES TRANSITO MOMENTO,LA FLORIDA,VIÑA DEL MAR,LA FLORIDA - VIÑA DEL MAR,0, , ,BIDIRECCIONAL,ASFALTO,BUENO,SECO,DESPEJADO,0,0,0,1,13,131,13110,Metropolitana de Santiago,Santiago,La Florida,Interseccion,"LA FLORIDA & VIÑA DEL MAR, La Florida",-33.513689,-70.585825
-7945890.01895497,-3901197.31754054,3101,2023,1504593,2023/01/14 00:00:00+00,Enero,14,Sábado,1899/12/30 00:00:00+00,13:50:00,13,REGION VALPARAISO,VILLA ALEMANA,COLISION,COLISION,URBANA,TRAMO DE VIA RECTA,IMPRUDENCIA DEL CONDUCTOR,CONDUCCION NO ATENTO CONDICIONES TRANSITO MOMENTO,SAN ENRIQUE,VALPARAISO,SAN ENRIQUE - VALPARAISO,0, , ,BIDIRECCIONAL,ASFALTO,BUENO,SECO,DESPEJADO,0,0,0,2,05,058,05804,Valparaíso,Marga Marga,Villa Alemana,Interseccion,"SAN ENRIQUE & VALPARAISO, Villa Alemana",-33.044389,-71.379144
-8036791.85905895,-4494453.22681945,3102,2023,1566609,2023/10/06 00:00:00+00,Octubre,6,Viernes,1899/12/30 00:00:00+00,18:00:00,18,REGION BIO BIO,LOS ANGELES,VOLCADURA,VOLCADURA,RURAL,TRAMO DE VIA RECTA,ALCOHOL EN CONDUCTOR,CONDUCCION EN ESTADO DE EBRIEDAD, , , ,0,Q-35,13,BIDIRECCIONAL,CONCRETO,BUENO,SECO,DESPEJADO,0,0,0,2,08,083,08301,Biobío,Biobío,Los Angeles,Ruta,Q-35 km 13,-37.396032,-72.19573
-7866155.59694721,-3966083.16535494,3103,2023,1516500,2023/03/13 00:00:00+00,Marzo,13,Lunes,1899/12/30 00:00:00+00,14:10:00,14,REGION METROPOLITANA,LA CISTERNA,COLISION POR ALCANCE,COLISION,URBANA,CRUCE CON SEÑAL PARE,IMPRUDENCIA DEL CONDUCTOR,CONDUCCION NO ATENTO CONDICIONES TRANSITO MOMENTO,GRAN AVDA JOSE MIGUEL CARRERA,STA ANSELMA,GRAN AVDA JOSE MIGUEL CARRERA - STA ANSELMA,0, , ,BIDIRECCIONAL CON BANDEJON,CONCRETO,BUENO,SECO,DESPEJADO,0,0,0,0,13,131,13109,Metropolitana de Santiago,Santiago,La Cisterna,Interseccion,"GRAN AVDA JOSE MIGUEL CARRERA & STA ANSELMA, La Cisterna",-33.531628,-70.662878
-8086254.04511488,-4684716.15464729,3104,2023,1509843,2023/02/13 00:00:00+00,Febrero,13,Lunes,1899/12/30 00:00:00+00,17:00:00,17,REGION ARAUCANIA,TEMUCO,COLISION PERPENDICULAR,COLISION,URBANA,TRAMO DE VIA RECTA,IMPRUDENCIA DEL CONDUCTOR,CONDUCCION NO ATENTO CONDICIONES TRANSITO MOMENTO,LAS ENCINAS,MAXIMO REYES,LAS ENCINAS - MAXIMO REYES,0, , ,BIDIRECCIONAL CON BANDEJON,CONCRETO,BUENO,SECO,DESPEJADO,0,1,0,0,09,091,09101,La Araucanía,Cautín,Temuco,Interseccion,"LAS ENCINAS & MAXIMO REYES, Temuco",-38.741536,-72.640056
-7859562.94499673,-3874582.89225784,3105,2023,1503810,2023/01/14 00:00:00+00,Enero,14,Sábado,1899/12/30 00:00:00+00,15:00:00,15,REGION VALPARAISO,LOS ANDES,COLISION POR ALCANCE,COLISION,URBANA,CRUCE CON SEMAFORO FUNCIONANDO,IMPRUDENCIA DEL CONDUCTOR,CONDUCCION NO ATENTO CONDICIONES TRANSITO MOMENTO,SANTA TERESA,ELIAS FONCEA,ELIAS FONCEA - SANTA TERESA,0, , ,BIDIRECCIONAL,ASFALTO,BUENO,SECO,DESPEJADO,0,0,0,1,05,053,05301,Valparaíso,Los Andes,Los Andes,Interseccion,"ELIAS FONCEA & SANTA TERESA, Los Andes",-32.843751,-70.603655
-8140940.96698791,-4689023.12213986,3106,2023,1565060,2023/10/06 00:00:00+00,Octubre,6,Viernes,1899/12/30 00:00:00+00,22:00:00,22,REGION ARAUCANIA,CARAHUE,COLISION,COLISION,RURAL,TRAMO DE VIA RECTA,IMPRUDENCIA DEL CONDUCTOR,CONDUCCION NO ATENTO CONDICIONES TRANSITO MOMENTO, , , ,0,S-452,10,BIDIRECCIONAL,ASFALTO,BUENO,SECO,DESPEJADO,0,0,0,1,09,091,09102,La Araucanía,Cautín,Carahue,Ruta,S-452 km 10,-38.771707,-73.131317
-7867925.68817032,-3969729.57761774,3107,2023,1518175,2023/03/13 00:00:00+00,Marzo,13,Lunes,1899/12/30 00:00:00+00,17:00:00,17,REGION METROPOLITANA,EL BOSQUE,COLISION LATERAL,COLISION,URBANA,CRUCE CON SEÑAL PARE,DESOBEDIENCIA A SEÑALIZACION,SEÑALIZACION DESOBEDECER SEÑAL PARE,SUR,LOS MORROS,LOS MORROS - SUR,0, , ,UNIDIRECCIONAL,CONCRETO,BUENO,SECO,DESPEJADO,0,0,1,0,13,131,13105,Metropolitana de Santiago,Santiago,El Bosque,Interseccion,"LOS MORROS & SUR, El Bosque",-33.558929,-70.678779
-7963828.54268363,-3867176.61507729,3108,2023,1511496,2023/02/13 00:00:00+00,Febrero,13,Lunes,1899/12/30 00:00:00+00,18:00:00,18,REGION VALPARAISO,QUINTERO,COLISION,COLISION,URBANA,TRAMO DE VIA RECTA,IMPRUDENCIA DEL CONDUCTOR,CONDUCCION SIN MANTENER DISTANCIA RAZONABLE NI PRUDENTE,ARGENTINA,ARTURO PRAT,ARGENTINA - ARTURO PRAT,0, , ,BIDIRECCIONAL,CONCRETO,BUENO,SECO,DESPEJADO,0,0,0,0,05,051,05107,Valparaíso,Valparaíso,Quintero,Interseccion,"ARGENTINA & ARTURO PRAT, Quintero",-32.787837,-71.540289
-8039644.82850666,-4770112.32005546,3109,2023,1565130,2023/10/07 00:00:00+00,Octubre,7,Sábado,1899/12/30 00:00:00+00,17:00:00,17,REGION ARAUCANIA,VILLARRICA,COLISION POR ALCANCE,COLISION,RURAL,TRAMO DE VIA RECTA,IMPRUDENCIA DEL CONDUCTOR,CONDUCCION SIN MANTENER DISTANCIA RAZONABLE NI PRUDENTE, , , ,0,"S-95-T, T-241, T-243, T-95-S",6,BIDIRECCIONAL,ASFALTO,BUENO,SECO,DESPEJADO,0,0,0,2,09,091,09120,La Araucanía,Cautín,Villarrica,Ruta,"S-95-T, T-241, T-243, T-95-S km 6",-39.337367,-72.221358
-7875379.12918191,-3960288.87606069,3110,2023,1503677,2023/01/14 00:00:00+00,Enero,14,Sábado,1899/12/30 00:00:00+00,17:20:00,17,REGION METROPOLITANA,MAIPU,VOLCADURA,VOLCADURA,URBANA,TRAMO DE VIA RECTA,VELOCIDAD IMPRUDENTE,VELOCIDAD NO RAZONABLE NI PRUDENTE,AMERICO VESPUCIO,AUTOPISTA EL SOL,AMERICO VESPUCIO - AUTOPISTA EL SOL,0, , ,BIDIRECCIONAL CON BANDEJON,ASFALTO,BUENO,SECO,DESPEJADO,0,0,0,2,13,131,13119,Metropolitana de Santiago,Santiago,Maipú,Interseccion,"AMERICO VESPUCIO & AUTOPISTA EL SOL, Maipú",-33.488228,-70.745734
-7859560.91899313,-3964375.80187524,3111,2023,1512239,2023/02/13 00:00:00+00,Febrero,13,Lunes,1899/12/30 00:00:00+00,18:30:00,18,REGION METROPOLITANA,LA FLORIDA,COLISION FRONTAL,COLISION,URBANA,CRUCE CON SEMAFORO FUNCIONANDO,DESOBEDIENCIA A SEÑALIZACION,SEÑALIZACION DESOBEDECER LUZ ROJA DE SEMAFORO,VICUÑA MACKENNA,SAN CARLOS DE ANCUD,SAN CARLOS DE ANCUD - VICUÑA MACKENNA,0, , ,BIDIRECCIONAL,CONCRETO,BUENO,SECO,DESPEJADO,0,0,0,1,13,131,13110,Metropolitana de Santiago,Santiago,La Florida,Interseccion,"SAN CARLOS DE ANCUD & VICUÑA MACKENNA, La Florida",-33.518842,-70.603637
-7857962.92770279,-3966120.29056232,3112,2023,1521396,2023/03/13 00:00:00+00,Marzo,13,Lunes,1899/12/30 00:00:00+00,20:00:00,20,REGION METROPOLITANA,LA FLORIDA,COLISION LATERAL,COLISION,URBANA,CRUCE CON SEÑAL PARE,IMPRUDENCIA DEL CONDUCTOR,CONDUCCION CAMBIAR SORPRESIVAMENTE PISTA CIRCULACION,PERU,ESMERALDA,ESMERALDA - PERU,0, , ,UNIDIRECCIONAL,ASFALTO,REGULAR,SECO,DESPEJADO,0,0,1,1,13,131,13110,Metropolitana de Santiago,Santiago,La Florida,Interseccion,"ESMERALDA & PERU, La Florida",-33.531906,-70.589282
-8042725.49991337,-4706867.66920738,3113,2023,1565138,2023/10/07 00:00:00+00,Octubre,7,Sábado,1899/12/30 00:00:00+00,20:20:00,20,REGION ARAUCANIA,CUNCO,IMPACTO CON ANIMAL,OTRO TIPO,RURAL,TRAMO DE VIA RECTA,DEFICIENCIAS VIALES,ANIMALES SUELTOS VIA PUBLICA, , , ,0,"S-51, S-61","36,7",BIDIRECCIONAL,ASFALTO,BUENO,SECO,DESPEJADO,0,1,1,0,09,091,09103,La Araucanía,Cautín,Cunco,Ruta,"S-51, S-61 km 36,7",-38.896575,-72.249032
-7877647.31949997,-3321326.28991476,3114,2023,1504317,2023/01/14 00:00:00+00,Enero,14,Sábado,1899/12/30 00:00:00+00,17:40:00,17,REGION ATACAMA,VALLENAR,COLISION LATERAL,COLISION,URBANA,CRUCE CON SEÑAL CEDA EL PASO,IMPRUDENCIA DEL CONDUCTOR,CONDUCCION NO ATENTO CONDICIONES TRANSITO MOMENTO,ARTURO PRAT,COQUIMBO,ARTURO PRAT - COQUIMBO,0, , ,BIDIRECCIONAL,ASFALTO,BUENO,SECO,DESPEJADO,0,1,0,0,03,033,03301,Atacama,Huasco,Vallenar,Interseccion,"ARTURO PRAT & COQUIMBO, Vallenar",-28.57234,-70.76611
-7985209.45464131,-4245476.69421547,3115,2023,1509988,2023/02/13 00:00:00+00,Febrero,13,Lunes,1899/12/30 00:00:00+00,18:55:00,18,REGION MAULE,SAN JAVIER,COLISION POR ALCANCE,COLISION,URBANA,CRUCE CON SEÑAL CEDA EL PASO,IMPRUDENCIA DEL CONDUCTOR,CONDUCCION NO ATENTO CONDICIONES TRANSITO MOMENTO,CANCHA DE CARRERAS,ESMERALDA,CANCHA DE CARRERAS - ESMERALDA,0, , ,UNIDIRECCIONAL,ASFALTO,BUENO,SECO,DESPEJADO,0,0,0,1,07,074,07406,Maule,Linares,San Javier,Interseccion,"CANCHA DE CARRERAS & ESMERALDA, San Javier",-35.598218,-71.732357
-8046660.70788822,-4496278.05149865,3116,2023,1505810,2023/01/14 00:00:00+00,Enero,14,Sábado,1899/12/30 00:00:00+00,20:20:00,20,REGION BIO BIO,LOS ANGELES,CHOQUE FRENTE/LADO,CHOQUE,URBANA,CRUCE SIN SEÑALIZACION,IMPRUDENCIA DEL CONDUCTOR,CONDUCCION NO ATENTO CONDICIONES TRANSITO MOMENTO,EL MAITEN,SAN GUILLERMO,EL MAITEN - SAN GUILLERMO,0, , ,BIDIRECCIONAL,ASFALTO,BUENO,SECO,DESPEJADO,0,0,0,3,08,083,08301,Biobío,Biobío,Los Angeles,Interseccion,"EL MAITEN & SAN GUILLERMO, Los Angeles",-37.409054,-72.284383
-8106970.86438645,-4574452.10411996,3117,2023,1564117,2023/10/08 00:00:00+00,Octubre,8,Domingo,1899/12/30 00:00:00+00,01:30:00,1,REGION ARAUCANIA,LOS SAUCES,VOLCADURA,VOLCADURA,RURAL,TRAMO DE VIA RECTA,ALCOHOL EN CONDUCTOR,CONDUCCION EN ESTADO DE EBRIEDAD, , , ,0,"R-86, R-88",67,BIDIRECCIONAL,ASFALTO,BUENO,SECO,DESPEJADO,0,1,0,0,09,092,09206,La Araucanía,Malleco,Los Sauces,Ruta,"R-86, R-88 km 67",-37.964784,-72.826158
-7903524.10289766,-4106068.2477777,3118,2023,1514770,2023/02/13 00:00:00+00,Febrero,13,Lunes,1899/12/30 00:00:00+00,19:30:00,19,REGION LIB.B.O'HIGGINS,SAN FERNANDO,COLISION LATERAL,COLISION,URBANA,CRUCE SIN SEÑALIZACION,IMPRUDENCIA DEL CONDUCTOR,CONDUCCION NO ATENTO CONDICIONES TRANSITO MOMENTO,CIRCUNVALACION,SANTA MARIA,CIRCUNVALACION - SANTA MARIA,0, , ,BIDIRECCIONAL,ASFALTO,BUENO,SECO,DESPEJADO,0,0,0,0,06,063,06301,Libertador General Bernardo O'Higgins,Colchagua,San Fernando,Interseccion,"CIRCUNVALACION & SANTA MARIA, San Fernando",-34.573476,-70.998565
-7966685.25406923,-3902321.50364317,3119,2023,1518324,2023/03/14 00:00:00+00,Marzo,14,Martes,1899/12/30 00:00:00+00,07:00:00,7,REGION VALPARAISO,VALPARAISO,COLISION LATERAL,COLISION,URBANA,TRAMO DE VIA RECTA,IMPRUDENCIA DEL CONDUCTOR,ADELANTAMIENTO SIN EL ESPACIO O TIEMPO SUFICIENTE,MANUEL ANTONIO MATTA,CANADA,CANADA - MANUEL ANTONIO MATTA,0, , ,UNIDIRECCIONAL,CONCRETO,BUENO,SECO,DESPEJADO,0,0,0,1,05,051,05101,Valparaíso,Valparaíso,Valparaíso,Interseccion,"CANADA & MANUEL ANTONIO MATTA, Valparaíso",-33.052854,-71.565951
-7859629.45015484,-3505401.71049298,3120,2023,1563783,2023/10/08 00:00:00+00,Octubre,8,Domingo,1899/12/30 00:00:00+00,13:45:00,13,REGION COQUIMBO,VICUÑA,VOLCADURA,VOLCADURA,RURAL,TRAMO DE VIA CURVA HORIZONTAL,ALCOHOL EN CONDUCTOR,CONDUCCION EN ESTADO DE EBRIEDAD, , , ,0,41 CH,"73,8",BIDIRECCIONAL,ASFALTO,BUENO,SECO,DESPEJADO,0,1,0,0,04,041,04106,Coquimbo,Elqui,Vicuña,Ruta,"41 CH km 73,8",-30.014406,-70.604253
-8162014.52832507,-4473796.98272671,3121,2023,1505079,2023/01/14 00:00:00+00,Enero,14,Sábado,1899/12/30 00:00:00+00,21:15:00,21,REGION BIO BIO,ARAUCO,COLISION LATERAL,COLISION,URBANA,CRUCE SIN SEÑALIZACION,IMPRUDENCIA DEL CONDUCTOR,CONDUCCION NO ATENTO CONDICIONES TRANSITO MOMENTO,COVADONGA,ARTURO PRAT,ARTURO PRAT - COVADONGA,0, , ,UNIDIRECCIONAL,CONCRETO,BUENO,SECO,DESPEJADO,0,0,0,1,08,082,08202,Biobío,Arauco,Arauco,Interseccion,"ARTURO PRAT & COVADONGA, Arauco",-37.248469,-73.320624