X,Y,FID,Año,IdAccident,Fecha,Mes,Dia_mes,Dia_semana,Hora,Hora_texto,Hora_aprox,Región,Comuna,Tipo_Accid,Tipo__CONA,Zona,Ubicación,Causa__CON,Causa_Acci,Calle_Uno,Calle_Dos,Intersecci,Número,Ruta,Ubicaci_1,Calzada,Tipo_Calza,Estado_Cal,Condición,Estado_Atm,Fallecidos,Graves,Menos_Grav,Leves,CUT_REG,CUT_PROV,CUT_COM,REGION,PROVINCIA,COMUNA1,Tipo_direc,Direccion,Lat,Lon
-8024081.55290938,-4384145.76219084,3122,2023,1516531,2023/03/14 00:00:00+00,Marzo,14,Martes,1899/12/30 00:00:00+00,07:30:00,7,REGION ÑUBLE,CHILLAN,VOLCADURA,VOLCADURA,URBANA,TRAMO DE VIA RECTA,VELOCIDAD IMPRUDENTE,VELOCIDAD NO RAZONABLE NI PRUDENTE,ANDRES BELLO,CHACABUCO,ANDRES BELLO - CHACABUCO,0, , ,BIDIRECCIONAL,CONCRETO,BUENO,SECO,DESPEJADO,0,0,0,1,16,161,16101,Ñuble,Diguillín,Chillán,Interseccion,"ANDRES BELLO & CHACABUCO, Chillán",-36.604674,-72.081551
-8081939.6356102,-4684035.68117743,3123,2023,1509535,2023/02/13 00:00:00+00,Febrero,13,Lunes,1899/12/30 00:00:00+00,20:30:00,20,REGION ARAUCANIA,TEMUCO,CHOQUE FRENTE/POSTERIOR,CHOQUE,URBANA,CRUCE CON SEÑAL PARE,IMPRUDENCIA DEL CONDUCTOR,CONDUCCION NO ATENTO CONDICIONES TRANSITO MOMENTO,PRIETO NORTE,ALEMANIA,ALEMANIA - PRIETO NORTE,0, , ,BIDIRECCIONAL CON BANDEJON,CONCRETO,BUENO,SECO,DESPEJADO,0,0,0,0,09,091,09101,La Araucanía,Cautín,Temuco,Interseccion,"ALEMANIA & PRIETO NORTE, Temuco",-38.736768,-72.601299
-7936839.09883401,-3881968.67367942,3124,2023,1563957,2023/10/08 00:00:00+00,Octubre,8,Domingo,1899/12/30 00:00:00+00,20:15:00,20,REGION VALPARAISO,QUILLOTA,VOLCADURA,VOLCADURA,RURAL,TRAMO DE VIA RECTA,VELOCIDAD IMPRUDENTE,VELOCIDAD NO RAZONABLE NI PRUDENTE, , , ,0,"F-360, F-190",2,BIDIRECCIONAL,ASFALTO,BUENO,SECO,DESPEJADO,1,0,0,0,05,055,05501,Valparaíso,Quillota,Quillota,Ruta,"F-360, F-190 km 2",-32.899476,-71.297839
-12173805.0363006,-3139061.64938558,3125,2023,1503365,2023/01/14 00:00:00+00,Enero,14,Sábado,1899/12/30 00:00:00+00,21:20:00,21,REGION VALPARAISO,ISLA DE PASCUA,COLISION FRONTAL,COLISION,URBANA,TRAMO DE VIA RECTA,ALCOHOL EN CONDUCTOR,CONDUCCION EN ESTADO DE EBRIEDAD,HOTU MATUA,VAI TEA,HOTU MATUA - VAI TEA,0, , ,BIDIRECCIONAL,ASFALTO,REGULAR,HUMEDO,LLOVIZNA,0,1,0,0,05,052,05201,Valparaíso,Isla de Pascua,Isla de Pascua,Interseccion,"HOTU MATUA & VAI TEA, Isla de Pascua",-27.124713,-109.359151
-7951567.19060077,-3901728.75583397,3126,2023,1516718,2023/03/14 00:00:00+00,Marzo,14,Martes,1899/12/30 00:00:00+00,08:10:00,8,REGION VALPARAISO,QUILPUE,COLISION POR ALCANCE,COLISION,URBANA,CRUCE CON SEMAFORO FUNCIONANDO,IMPRUDENCIA DEL CONDUCTOR,CONDUCCION SIN MANTENER DISTANCIA RAZONABLE NI PRUDENTE,LOS CARRERA,SOLIDARIDAD,LOS CARRERA - SOLIDARIDAD,0, , ,BIDIRECCIONAL,CONCRETO,BUENO,SECO,DESPEJADO,0,0,0,1,05,058,05801,Valparaíso,Marga Marga,Quilpué,Interseccion,"LOS CARRERA & SOLIDARIDAD, Quilpué",-33.048391,-71.430143
-7924910.05756149,-3579824.25303738,3127,2023,1511159,2023/02/13 00:00:00+00,Febrero,13,Lunes,1899/12/30 00:00:00+00,21:20:00,21,REGION COQUIMBO,OVALLE,COLISION,COLISION,URBANA,TRAMO DE VIA RECTA,IMPRUDENCIA DEL CONDUCTOR,CONDUCCION SIN MANTENER DISTANCIA RAZONABLE NI PRUDENTE,MANUEL PEÑAFIEL,JOSEFINA DEY,JOSEFINA DEY - MANUEL PEÑAFIEL,0, , ,BIDIRECCIONAL,ASFALTO,REGULAR,SECO,DESPEJADO,0,1,0,0,04,043,04301,Coquimbo,Limarí,Ovalle,Interseccion,"JOSEFINA DEY & MANUEL PEÑAFIEL, Ovalle",-30.591606,-71.190678
-7861543.29648518,-3963373.21401473,3128,2023,1504268,2023/01/14 00:00:00+00,Enero,14,Sábado,1899/12/30 00:00:00+00,22:38:00,22,REGION METROPOLITANA,SAN JOAQUIN,COLISION PERPENDICULAR,COLISION,URBANA,CRUCE CON SEÑAL PARE,DESOBEDIENCIA A SEÑALIZACION,SEÑALIZACION DESOBEDECER SEÑAL PARE,HAYDN,MONTEVERDI,HAYDN - MONTEVERDI,0, , ,BIDIRECCIONAL,ASFALTO,BUENO,SECO,DESPEJADO,0,0,0,0,13,131,13129,Metropolitana de Santiago,Santiago,San Joaquín,Interseccion,"HAYDN & MONTEVERDI, San Joaquín",-33.511333,-70.621445
-8120804.58214645,-4467338.0914222,3129,2023,1564506,2023/10/09 00:00:00+00,Octubre,9,Lunes,1899/12/30 00:00:00+00,10:33:00,10,REGION BIO BIO,SANTA JUANA,COLISION,COLISION,RURAL,TRAMO DE VIA RECTA,IMPRUDENCIA DEL CONDUCTOR,CONDUCCION NO ATENTO CONDICIONES TRANSITO MOMENTO, , , ,0,RUTA 156,"50,3",BIDIRECCIONAL,ASFALTO,BUENO,SECO,DESPEJADO,0,1,0,0,08,081,08109,Biobío,Concepción,Santa Juana,Ruta,"RUTA 156 km 50,3",-37.202269,-72.950429
-7857127.69756337,-3957502.43103224,3130,2023,1510969,2023/02/13 00:00:00+00,Febrero,13,Lunes,1899/12/30 00:00:00+00,23:22:00,23,REGION METROPOLITANA,ÑUÑOA,COLISION,COLISION,URBANA,TRAMO DE VIA RECTA,IMPRUDENCIA DEL CONDUCTOR,CONDUCCION NO ATENTO CONDICIONES TRANSITO MOMENTO,RAMON CRUZ MONTT,GRECIA,GRECIA - RAMON CRUZ MONTT,0, , ,BIDIRECCIONAL,CONCRETO,BUENO,SECO,DESPEJADO,0,1,0,0,13,131,13120,Metropolitana de Santiago,Santiago,Ñuñoa,Interseccion,"GRECIA & RAMON CRUZ MONTT, Ñuñoa",-33.46735,-70.581779
-7863358.13814358,-3955643.29720359,3131,2023,1521159,2023/03/14 00:00:00+00,Marzo,14,Martes,1899/12/30 00:00:00+00,08:14:00,8,REGION METROPOLITANA,SANTIAGO,COLISION LATERAL,COLISION,URBANA,CRUCE CON SEMAFORO FUNCIONANDO,DESOBEDIENCIA A SEÑALIZACION,SEÑALIZACION DESOBEDECER LUZ ROJA DE SEMAFORO,COPIAPO,LIRA,COPIAPO - LIRA,0, , ,UNIDIRECCIONAL,ASFALTO,BUENO,SECO,DESPEJADO,0,0,0,0,13,131,13101,Metropolitana de Santiago,Santiago,Santiago,Interseccion,"COPIAPO & LIRA, Santiago",-33.453417,-70.637748
-8017835.61663379,-4425153.38227607,3132,2023,1503587,2023/01/14 00:00:00+00,Enero,14,Sábado,1899/12/30 00:00:00+00,22:40:00,22,REGION ÑUBLE,EL CARMEN,COLISION FRONTAL,COLISION,URBANA,CRUCE CON SEÑAL PARE,IMPRUDENCIA DEL CONDUCTOR,CONDUCCION CONTRA SENTIDO DEL TRANSITO,MANUEL RODRIGUEZ,ANIBAL PINTO,ANIBAL PINTO - MANUEL RODRIGUEZ,0, , ,BIDIRECCIONAL,ASFALTO,REGULAR,SECO,DESPEJADO,0,1,0,0,16,161,16104,Ñuble,Diguillín,El Carmen,Interseccion,"ANIBAL PINTO & MANUEL RODRIGUEZ, El Carmen",-36.899829,-72.025443
-8031494.46436455,-4520993.19287929,3133,2023,1564808,2023/10/09 00:00:00+00,Octubre,9,Lunes,1899/12/30 00:00:00+00,11:40:00,11,REGION BIO BIO,SANTA BARBARA,ATROPELLO,ATROPELLO,RURAL,CRUCE SIN SEÑALIZACION,DESOBEDIENCIA A SEÑALIZACION,SEÑALIZACION DESOBEDECER INDICACION CARABINERO SERVICIO, , , ,0,Q-61-R,"19,5",BIDIRECCIONAL,ASFALTO,BUENO,SECO,DESPEJADO,0,0,0,1,08,083,08311,Biobío,Biobío,Santa Bárbara,Ruta,"Q-61-R km 19,5",-37.585201,-72.148142
-7930936.61653884,-3491414.64961689,3134,2023,1516451,2023/03/14 00:00:00+00,Marzo,14,Martes,1899/12/30 00:00:00+00,12:55:00,12,REGION COQUIMBO,LA SERENA,COLISION PERPENDICULAR,COLISION,URBANA,CRUCE CON SEÑAL PARE,DESOBEDIENCIA A SEÑALIZACION,SEÑALIZACION DESOBEDECER SEÑAL PARE,INFANTE,LAUTARO,INFANTE - LAUTARO,0, , ,UNIDIRECCIONAL,ASFALTO,BUENO,SECO,NUBLADO,0,1,0,0,04,041,04101,Coquimbo,Elqui,La Serena,Interseccion,"INFANTE & LAUTARO, La Serena",-29.905548,-71.244816
-7978005.78114895,-3955892.10746268,3135,2023,1509803,2023/02/14 00:00:00+00,Febrero,14,Martes,1899/12/30 00:00:00+00,10:15:00,10,REGION VALPARAISO,EL TABO,COLISION FRONTAL,COLISION,URBANA,TRAMO DE VIA RECTA,DESOBEDIENCIA A SEÑALIZACION,SEÑALIZACION DESOBEDECER LUZ ROJA DE SEMAFORO,SAN MARCOS,ESMERALDA,ESMERALDA - SAN MARCOS,0, , ,BIDIRECCIONAL,ASFALTO,BUENO,SECO,DESPEJADO,0,1,0,0,05,056,05605,Valparaíso,San Antonio,El Tabo,Interseccion,"ESMERALDA & SAN MARCOS, El Tabo",-33.455282,-71.667645
-7859394.49635439,-3874723.15656556,3136,2023,1503815,2023/01/14 00:00:00+00,Enero,14,Sábado,1899/12/30 00:00:00+00,23:00:00,23,REGION VALPARAISO,LOS ANDES,COLISION POR ALCANCE,COLISION,URBANA,CRUCE SIN SEÑALIZACION,IMPRUDENCIA DEL CONDUCTOR,CONDUCCION SIN MANTENER DISTANCIA RAZONABLE NI PRUDENTE,ARTURO PRAT,ANDALIEN,ANDALIEN - ARTURO PRAT,0, , ,BIDIRECCIONAL,ASFALTO,BUENO,SECO,DESPEJADO,0,0,0,1,05,053,05301,Valparaíso,Los Andes,Los Andes,Interseccion,"ANDALIEN & ARTURO PRAT, Los Andes",-32.84481,-70.602142
-7961276.3307481,-4233074.19846338,3137,2023,1564779,2023/10/09 00:00:00+00,Octubre,9,Lunes,1899/12/30 00:00:00+00,15:50:00,15,REGION MAULE,SAN CLEMENTE,COLISION FRONTAL,COLISION,RURAL,TRAMO DE VIA RECTA,IMPRUDENCIA DEL CONDUCTOR,CONDUCCION NO ATENTO CONDICIONES TRANSITO MOMENTO, , , ,0,115 CH,14,BIDIRECCIONAL,ASFALTO,BUENO,SECO,DESPEJADO,0,1,0,0,07,071,07109,Maule,Talca,San Clemente,Ruta,115 CH km 14,-35.507574,-71.517362
-7853194.66863415,-3964272.58827969,3138,2023,1516969,2023/03/14 00:00:00+00,Marzo,14,Martes,1899/12/30 00:00:00+00,13:00:00,13,REGION METROPOLITANA,PEÑALOLEN,COLISION FRONTAL,COLISION,URBANA,CRUCE CON SEÑAL CEDA EL PASO,IMPRUDENCIA DEL CONDUCTOR,CONDUCCION NO ATENTO CONDICIONES TRANSITO MOMENTO,LAS PERDICES,LOS PRESIDENTES,LAS PERDICES - LOS PRESIDENTES,0, , ,BIDIRECCIONAL,CONCRETO,BUENO,SECO,DESPEJADO,0,0,0,0,13,131,13122,Metropolitana de Santiago,Santiago,Peñalolén,Interseccion,"LAS PERDICES & LOS PRESIDENTES, Peñalolén",-33.518069,-70.546448
-7858828.21410473,-3951397.61814359,3139,2023,1512411,2023/02/14 00:00:00+00,Febrero,14,Martes,1899/12/30 00:00:00+00,11:15:00,11,REGION METROPOLITANA,PROVIDENCIA,COLISION LATERAL,COLISION,URBANA,CRUCE CON SEMAFORO FUNCIONANDO,DESOBEDIENCIA A SEÑALIZACION,SEÑALIZACION DESOBEDECER LUZ ROJA DE SEMAFORO,LOTA,TOBALABA,LOTA - TOBALABA,0, , ,UNIDIRECCIONAL,ASFALTO,BUENO,SECO,DESPEJADO,0,0,0,1,13,131,13123,Metropolitana de Santiago,Santiago,Providencia,Interseccion,"LOTA & TOBALABA, Providencia",-33.42159,-70.597055
-7876786.2743595,-3954273.25620562,3140,2023,1503418,2023/01/14 00:00:00+00,Enero,14,Sábado,1899/12/30 00:00:00+00,23:45:00,23,REGION METROPOLITANA,PUDAHUEL,ATROPELLO,ATROPELLO,URBANA,TRAMO DE VIA RECTA,ALCOHOL EN CONDUCTOR,CONDUCCION EN ESTADO DE EBRIEDAD,SAN PABLO,STA VICTORIA,SAN PABLO - STA VICTORIA,0, , ,BIDIRECCIONAL,ASFALTO,REGULAR,SECO,DESPEJADO,0,0,0,0,13,131,13124,Metropolitana de Santiago,Santiago,Pudahuel,Interseccion,"SAN PABLO & STA VICTORIA, Pudahuel",-33.443148,-70.758375
-7932613.87838291,-3490973.48787477,3141,2023,1516468,2023/03/14 00:00:00+00,Marzo,14,Martes,1899/12/30 00:00:00+00,14:15:00,14,REGION COQUIMBO,LA SERENA,COLISION PERPENDICULAR,COLISION,URBANA,OTROS NO CONSIDERADOS,IMPRUDENCIA DEL CONDUCTOR,VIRAJES INDEBIDOS,LIBERTAD,PUERTA DEL MAR,LIBERTAD - PUERTA DEL MAR,0, , ,BIDIRECCIONAL CON BANDEJON,ASFALTO,BUENO,SECO,DESPEJADO,0,1,0,2,04,041,04101,Coquimbo,Elqui,La Serena,Interseccion,"LIBERTAD & PUERTA DEL MAR, La Serena",-29.902112,-71.259883
-7858828.21410473,-3951397.61814359,3142,2023,1512432,2023/02/14 00:00:00+00,Febrero,14,Martes,1899/12/30 00:00:00+00,11:15:00,11,REGION METROPOLITANA,PROVIDENCIA,COLISION LATERAL,COLISION,URBANA,CRUCE CON SEMAFORO FUNCIONANDO,IMPRUDENCIA DEL CONDUCTOR,CONDUCCION NO ATENTO CONDICIONES TRANSITO MOMENTO,TOBALABA,LOTA,LOTA - TOBALABA,0, , ,BIDIRECCIONAL,ASFALTO,BUENO,SECO,DESPEJADO,0,0,0,1,13,131,13123,Metropolitana de Santiago,Santiago,Providencia,Interseccion,"LOTA & TOBALABA, Providencia",-33.42159,-70.597055
-7967868.28548235,-3968560.91664148,3143,2023,1565096,2023/10/09 00:00:00+00,Octubre,9,Lunes,1899/12/30 00:00:00+00,17:30:00,17,REGION VALPARAISO,CARTAGENA,COLISION LATERAL,COLISION,RURAL,TRAMO DE VIA RECTA,IMPRUDENCIA DEL CONDUCTOR,ADELANTAMIENTO SIN EL ESPACIO O TIEMPO SUFICIENTE, , , ,0,G-96,1,BIDIRECCIONAL,ASFALTO,BUENO,SECO,DESPEJADO,0,1,0,0,05,056,05603,Valparaíso,San Antonio,Cartagena,Ruta,G-96 km 1,-33.55018,-71.576579
-7872889.09030632,-3942371.43480583,3144,2023,1503460,2023/01/15 00:00:00+00,Enero,15,Domingo,1899/12/30 00:00:00+00,01:00:00,1,REGION METROPOLITANA,QUILICURA,COLISION LATERAL,COLISION,URBANA,TRAMO DE VIA RECTA,ALCOHOL EN CONDUCTOR,CONDUCCION BAJO LA INFLUENCIA DEL ALCOHOL,ANTUMALAL,ANTUPILLAN,ANTUMALAL - ANTUPILLAN,0, , ,BIDIRECCIONAL,ASFALTO,BUENO,SECO,DESPEJADO,0,0,0,0,13,131,13125,Metropolitana de Santiago,Santiago,Quilicura,Interseccion,"ANTUMALAL & ANTUPILLAN, Quilicura",-33.353888,-70.723366
-8082632.48885561,-4683900.09139157,3145,2023,1516348,2023/03/14 00:00:00+00,Marzo,14,Martes,1899/12/30 00:00:00+00,15:00:00,15,REGION ARAUCANIA,TEMUCO,COLISION POR ALCANCE,COLISION,URBANA,TRAMO DE VIA RECTA,IMPRUDENCIA DEL CONDUCTOR,VIRAJES INDEBIDOS,TRIZANO,ALEMANIA,ALEMANIA - TRIZANO,0, , ,BIDIRECCIONAL CON BANDEJON,CONCRETO,BUENO,SECO,DESPEJADO,0,1,0,0,09,091,09101,La Araucanía,Cautín,Temuco,Interseccion,"ALEMANIA & TRIZANO, Temuco",-38.735818,-72.607523
-7869889.92062989,-3862094.66739385,3146,2023,1511624,2023/02/14 00:00:00+00,Febrero,14,Martes,1899/12/30 00:00:00+00,13:00:00,13,REGION VALPARAISO,SAN FELIPE,IMPACTO CON ANIMAL,OTRO TIPO,URBANA,CRUCE CON SEÑAL PARE,DEFICIENCIAS VIALES,ANIMALES SUELTOS VIA PUBLICA,SEGUNDO MENDOZA,HUMBERTO LEPE,HUMBERTO LEPE - SEGUNDO MENDOZA,0, , ,BIDIRECCIONAL,CONCRETO,BUENO,SECO,DESPEJADO,0,0,0,1,05,057,05701,Valparaíso,San Felipe de Aconcagua,San Felipe,Interseccion,"HUMBERTO LEPE & SEGUNDO MENDOZA, San Felipe",-32.74945,-70.696424
-7995701.18839739,-4356924.9232361,3147,2023,1566204,2023/10/09 00:00:00+00,Octubre,9,Lunes,1899/12/30 00:00:00+00,18:30:00,18,REGION ÑUBLE,ÑIQUEN,COLISION LATERAL,COLISION,RURAL,TRAMO DE VIA RECTA,IMPRUDENCIA DEL CONDUCTOR,CONDUCCION NO ATENTO CONDICIONES TRANSITO MOMENTO, , , ,0,N-271,6,BIDIRECCIONAL,ASFALTO,BUENO,SECO,DESPEJADO,0,1,0,1,16,163,16303,Ñuble,Punilla,Ñiquén,Ruta,N-271 km 6,-36.408124,-71.826606
-7862899.62429295,-3949346.98467481,3148,2023,1506876,2023/01/15 00:00:00+00,Enero,15,Domingo,1899/12/30 00:00:00+00,01:00:00,1,REGION METROPOLITANA,RECOLETA,COLISION POR ALCANCE,COLISION,URBANA,CRUCE CON SEMAFORO FUNCIONANDO,IMPRUDENCIA DEL CONDUCTOR,CONDUCCION SIN MANTENER DISTANCIA RAZONABLE NI PRUDENTE,LASTRA,LA PAZ,LA PAZ - LASTRA,0, , ,UNIDIRECCIONAL,ASFALTO,BUENO,SECO,DESPEJADO,0,0,0,1,13,131,13127,Metropolitana de Santiago,Santiago,Recoleta,Interseccion,"LA PAZ & LASTRA, Recoleta",-33.406214,-70.633629
-7829496.14045998,-3171578.39261483,3149,2023,1512571,2023/02/14 00:00:00+00,Febrero,14,Martes,1899/12/30 00:00:00+00,13:05:00,13,REGION ATACAMA,COPIAPO,COLISION LATERAL,COLISION,URBANA,TRAMO DE VIA RECTA,IMPRUDENCIA DEL CONDUCTOR,CONDUCCION NO ATENTO CONDICIONES TRANSITO MOMENTO,FUNDO PALERMO,DEL PARQUE,DEL PARQUE - FUNDO PALERMO,0, , ,BIDIRECCIONAL,ASFALTO,BUENO,SECO,DESPEJADO,0,0,0,1,03,031,03101,Atacama,Copiapó,Copiapó,Interseccion,"DEL PARQUE & FUNDO PALERMO, Copiapó",-27.384387,-70.33356
-7825751.77583715,-2092080.40985424,3150,2023,1516352,2023/03/14 00:00:00+00,Marzo,14,Martes,1899/12/30 00:00:00+00,15:10:00,15,REGION ARICA Y PARINACOTA,ARICA,COLISION,COLISION,URBANA,TRAMO DE VIA RECTA,IMPRUDENCIA DEL CONDUCTOR,CONDUCCION SIN MANTENER DISTANCIA RAZONABLE NI PRUDENTE,SANTA MARIA,JAVIERA CARRERA,JAVIERA CARRERA - SANTA MARIA,0, , ,BIDIRECCIONAL,ASFALTO,BUENO,SECO,DESPEJADO,0,1,0,0,15,151,15101,Arica y Parinacota,Arica,Arica,Interseccion,"JAVIERA CARRERA & SANTA MARIA, Arica",-18.465272,-70.299924
-7921455.9328295,-4081935.85323942,3151,2023,1568855,2023/10/09 00:00:00+00,Octubre,9,Lunes,1899/12/30 00:00:00+00,20:10:00,20,REGION LIB.B.O'HIGGINS,PEUMO,CHOQUE,CHOQUE,RURAL,CRUCE CON SEMAFORO FUNCIONANDO,IMPRUDENCIA DEL CONDUCTOR,CONDUCCION NO ATENTO CONDICIONES TRANSITO MOMENTO, , , ,0,RUTA 66,26,BIDIRECCIONAL,ASFALTO,BUENO,SECO,DESPEJADO,0,0,0,2,06,061,06112,Libertador General Bernardo O'Higgins,Cachapoal,Peumo,Ruta,RUTA 66 km 26,-34.394784,-71.159649
-7853287.28645049,-3950755.57255119,3152,2023,1505493,2023/01/15 00:00:00+00,Enero,15,Domingo,1899/12/30 00:00:00+00,02:45:00,2,REGION METROPOLITANA,LAS CONDES,COLISION FRONTAL,COLISION,URBANA,CRUCE CON SEÑAL CEDA EL PASO,IMPRUDENCIA DEL CONDUCTOR,CONDUCCION NO ATENTO CONDICIONES TRANSITO MOMENTO,RIO LOA,IMPERIAL,IMPERIAL - RIO LOA,0, , ,BIDIRECCIONAL,ASFALTO,BUENO,SECO,DESPEJADO,0,0,1,0,13,131,13114,Metropolitana de Santiago,Santiago,Las Condes,Interseccion,"IMPERIAL & RIO LOA, Las Condes",-33.416776,-70.54728
-8104627.77240393,-4846505.94269785,3153,2023,1517165,2023/03/14 00:00:00+00,Marzo,14,Martes,1899/12/30 00:00:00+00,16:00:00,16,REGION DE LOS RIOS,LOS LAGOS,COLISION,COLISION,URBANA,CRUCE CON SEÑAL CEDA EL PASO,IMPRUDENCIA DEL CONDUCTOR,NO RESPETAR DERECHO PREFERENTE DE PASO A VEHICULO,LOS AVELLANOS,LOS CIRUELOS,LOS AVELLANOS - LOS CIRUELOS,0, , ,BIDIRECCIONAL,ASFALTO,BUENO,SECO,DESPEJADO,0,0,0,1,14,141,14104,Los Ríos,Valdivia,Los Lagos,Interseccion,"LOS AVELLANOS & LOS CIRUELOS, Los Lagos",-39.866118,-72.80511
-7868854.09272353,-3971139.03495495,3154,2023,1510109,2023/02/14 00:00:00+00,Febrero,14,Martes,1899/12/30 00:00:00+00,15:20:00,15,REGION METROPOLITANA,EL BOSQUE,COLISION POR ALCANCE,COLISION,URBANA,TRAMO DE VIA RECTA,IMPRUDENCIA DEL CONDUCTOR,CONDUCCION NO ATENTO CONDICIONES TRANSITO MOMENTO,LOS CAROLINOS,GRAN AVDA JOSE MIGUEL CARRERA,GRAN AVDA JOSE MIGUEL CARRERA - LOS CAROLINOS,0, , ,BIDIRECCIONAL,CONCRETO,BUENO,SECO,DESPEJADO,0,0,0,1,13,131,13105,Metropolitana de Santiago,Santiago,El Bosque,Interseccion,"GRAN AVDA JOSE MIGUEL CARRERA & LOS CAROLINOS, El Bosque",-33.569479,-70.687119
-8135745.22896307,-4406770.84893366,3155,2023,1566569,2023/10/09 00:00:00+00,Octubre,9,Lunes,1899/12/30 00:00:00+00,23:20:00,23,REGION BIO BIO,TALCAHUANO,COLISION LATERAL,COLISION,RURAL,TRAMO DE VIA RECTA,ALCOHOL EN CONDUCTOR,CONDUCCION BAJO LA INFLUENCIA DEL ALCOHOL, , , ,0,RUTA 154,7,BIDIRECCIONAL CON BANDEJON,CONCRETO,BUENO,SECO,DESPEJADO,0,0,0,0,08,081,08110,Biobío,Concepción,Talcahuano,Ruta,RUTA 154 km 7,-36.76766,-73.084643
-7971123.0862318,-4176992.37733134,3156,2023,1514759,2023/02/14 00:00:00+00,Febrero,14,Martes,1899/12/30 00:00:00+00,17:00:00,17,REGION MAULE,SAGRADA FAMILIA,ATROPELLO,ATROPELLO,URBANA,TRAMO DE VIA RECTA,IMPRUDENCIA DEL CONDUCTOR,CONDUCCION NO ATENTO CONDICIONES TRANSITO MOMENTO,PADRE ALFONSO ARAYA,PEQUEN,PADRE ALFONSO ARAYA - PEQUEN,0, , ,BIDIRECCIONAL,ASFALTO,BUENO,SECO,DESPEJADO,0,0,0,2,07,073,07307,Maule,Curicó,Sagrada Familia,Interseccion,"PADRE ALFONSO ARAYA & PEQUEN, Sagrada Familia",-35.096423,-71.605817
-7929374.04706594,-3879014.04707411,3157,2023,1503507,2023/01/15 00:00:00+00,Enero,15,Domingo,1899/12/30 00:00:00+00,07:35:00,7,REGION VALPARAISO,QUILLOTA,CHOQUE,CHOQUE,URBANA,TRAMO DE VIA RECTA,ALCOHOL EN CONDUCTOR,CONDUCCION EN ESTADO DE EBRIEDAD,RAFAEL ARIZTIA,CALETERA DE SERVICIO,CALETERA DE SERVICIO - RAFAEL ARIZTIA,0, , ,BIDIRECCIONAL,ASFALTO,BUENO,SECO,DESPEJADO,0,1,0,0,05,055,05501,Valparaíso,Quillota,Quillota,Interseccion,"CALETERA DE SERVICIO & RAFAEL ARIZTIA, Quillota",-32.877188,-71.230779
-7939235.22604909,-3943406.51988089,3158,2023,1564315,2023/10/10 00:00:00+00,Octubre,10,Martes,1899/12/30 00:00:00+00,06:30:00,6,REGION VALPARAISO,CASABLANCA,COLISION,COLISION,RURAL,TRAMO DE VIA RECTA,IMPRUDENCIA DEL CONDUCTOR,CONDUCCION NO ATENTO CONDICIONES TRANSITO MOMENTO, , , ,0,RUTA 68,62,UNIDIRECCIONAL,ASFALTO,BUENO,SECO,DESPEJADO,1,0,0,0,05,051,05102,Valparaíso,Valparaíso,Casablanca,Ruta,RUTA 68 km 62,-33.361654,-71.319363
-7931834.31915423,-4160889.79581121,3159,2023,1517844,2023/03/14 00:00:00+00,Marzo,14,Martes,1899/12/30 00:00:00+00,16:10:00,16,REGION MAULE,CURICO,COLISION PERPENDICULAR,COLISION,URBANA,CRUCE SIN SEÑALIZACION,IMPRUDENCIA DEL CONDUCTOR,CONDUCCION NO ATENTO CONDICIONES TRANSITO MOMENTO,ESPAÑA,JESUS PONS PONIENTE,ESPAÑA - JESUS PONS PONIENTE,0, , ,UNIDIRECCIONAL,CONCRETO,BUENO,SECO,DESPEJADO,0,1,0,1,07,073,07301,Maule,Curicó,Curicó,Interseccion,"ESPAÑA & JESUS PONS PONIENTE, Curicó",-34.977985,-71.25288
-7909244.6908926,-4111161.36322651,3160,2023,1565137,2023/10/10 00:00:00+00,Octubre,10,Martes,1899/12/30 00:00:00+00,07:40:00,7,REGION LIB.B.O'HIGGINS,NANCAGUA,CHOQUE LADO/POSTERIOR,CHOQUE,RURAL,TRAMO DE VIA RECTA,DESOBEDIENCIA A SEÑALIZACION,SEÑALIZACION DESOBEDECER SEÑAL PARE, , , ,0,I-50,8,UNIDIRECCIONAL,ASFALTO,BUENO,SECO,DESPEJADO,0,0,0,1,06,063,06305,Libertador General Bernardo O'Higgins,Colchagua,Nancagua,Ruta,I-50 km 8,-34.61114,-71.049954
-8128676.34461672,-4430094.36359473,3161,2023,1503792,2023/01/15 00:00:00+00,Enero,15,Domingo,1899/12/30 00:00:00+00,09:50:00,9,REGION BIO BIO,CHIGUAYANTE,COLISION,COLISION,URBANA,CRUCE CON SEMAFORO FUNCIONANDO,IMPRUDENCIA DEL CONDUCTOR,CONDUCCION NO ATENTO CONDICIONES TRANSITO MOMENTO,DESIDERIO SANHUEZA,LAS HERAS,DESIDERIO SANHUEZA - LAS HERAS,0, , ,UNIDIRECCIONAL,CONCRETO,BUENO,SECO,DESPEJADO,0,0,0,1,08,081,08103,Biobío,Concepción,Chiguayante,Interseccion,"DESIDERIO SANHUEZA & LAS HERAS, Chiguayante",-36.935315,-73.021142
-8081409.64351453,-4684136.15091166,3162,2023,1516560,2023/03/14 00:00:00+00,Marzo,14,Martes,1899/12/30 00:00:00+00,16:30:00,16,REGION ARAUCANIA,TEMUCO,ATROPELLO,ATROPELLO,URBANA,TRAMO DE VIA RECTA,IMPRUDENCIA DEL CONDUCTOR,CONDUCCION NO ATENTO CONDICIONES TRANSITO MOMENTO,CAUPOLICAN,MANUEL MONTT,CAUPOLICAN - MANUEL MONTT,0, , ,BIDIRECCIONAL CON BANDEJON,CONCRETO,BUENO,SECO,DESPEJADO,0,1,0,1,09,091,09101,La Araucanía,Cautín,Temuco,Interseccion,"CAUPOLICAN & MANUEL MONTT, Temuco",-38.737472,-72.596538