X,Y,FID,Año,IdAccident,Fecha,Mes,Dia_mes,Dia_semana,Hora,Hora_texto,Hora_aprox,Región,Comuna,Tipo_Accid,Tipo__CONA,Zona,Ubicación,Causa__CON,Causa_Acci,Calle_Uno,Calle_Dos,Intersecci,Número,Ruta,Ubicaci_1,Calzada,Tipo_Calza,Estado_Cal,Condición,Estado_Atm,Fallecidos,Graves,Menos_Grav,Leves,CUT_REG,CUT_PROV,CUT_COM,REGION,PROVINCIA,COMUNA1,Tipo_direc,Direccion,Lat,Lon
-8132000.1219283,-5030087.33558909,3163,2023,1510213,2023/02/14 00:00:00+00,Febrero,14,Martes,1899/12/30 00:00:00+00,20:05:00,20,REGION LOS LAGOS,FRUTILLAR,VOLCADURA,VOLCADURA,URBANA,CRUCE CON SEÑAL CEDA EL PASO,DROGAS Y/O FATIGA EN CONDUCTOR,"CONDICIONES FISICAS DEFICIENTES (CANSANCIO, SUEÑO)",NUEVA NUEVE,EMILIO LUPPI,EMILIO LUPPI - NUEVA NUEVE,0, , ,BIDIRECCIONAL,CONCRETO,BUENO,SECO,LLUVIA,0,1,1,0,10,101,10105,Los Lagos,Llanquihue,Frutillar,Interseccion,"EMILIO LUPPI & NUEVA NUEVE, Frutillar",-41.1202,-73.051
-8116139.88555932,-5077535.59955399,3164,2023,1565320,2023/10/10 00:00:00+00,Octubre,10,Martes,1899/12/30 00:00:00+00,10:20:00,10,REGION LOS LAGOS,PUERTO MONTT,COLISION POR ALCANCE,COLISION,RURAL,TRAMO DE VIA RECTA,IMPRUDENCIA DEL CONDUCTOR,CONDUCCION SIN MANTENER DISTANCIA RAZONABLE NI PRUDENTE, , , ,0,V-505,16,BIDIRECCIONAL,ASFALTO,REGULAR,HUMEDO,DESPEJADO,0,0,0,0,10,101,10101,Los Lagos,Llanquihue,Puerto Montt,Ruta,V-505 km 16,-41.44051,-72.908525
-8074452.06402046,-4264384.99337835,3165,2023,1510579,2023/02/14 00:00:00+00,Febrero,14,Martes,1899/12/30 00:00:00+00,20:20:00,20,REGION MAULE,CHANCO,COLISION,COLISION,URBANA,TRAMO DE VIA RECTA,IMPRUDENCIA DEL CONDUCTOR,CONDUCCION NO ATENTO CONDICIONES TRANSITO MOMENTO,ABDON FUENTEALBA,GERMAN RIESCO,ABDON FUENTEALBA - GERMAN RIESCO,0, , ,BIDIRECCIONAL,ASFALTO,BUENO,SECO,DESPEJADO,0,1,0,0,07,072,07202,Maule,Cauquenes,Chanco,Interseccion,"ABDON FUENTEALBA & GERMAN RIESCO, Chanco",-35.736212,-72.534037
-8085161.44431274,-4684554.73789148,3166,2023,1503599,2023/01/15 00:00:00+00,Enero,15,Domingo,1899/12/30 00:00:00+00,14:00:00,14,REGION ARAUCANIA,TEMUCO,CHOQUE FRENTE/POSTERIOR,CHOQUE,URBANA,TRAMO DE VIA RECTA,IMPRUDENCIA DEL CONDUCTOR,CONDUCCION NO ATENTO CONDICIONES TRANSITO MOMENTO,JAVIERA CARRERA,ARTURO PEREZ CANTO,ARTURO PEREZ CANTO - JAVIERA CARRERA,0, , ,BIDIRECCIONAL CON BANDEJON,CONCRETO,BUENO,SECO,DESPEJADO,0,1,0,0,09,091,09101,La Araucanía,Cautín,Temuco,Interseccion,"ARTURO PEREZ CANTO & JAVIERA CARRERA, Temuco",-38.740405,-72.630241
-7951139.2784559,-3904385.60590933,3167,2023,1516400,2023/03/14 00:00:00+00,Marzo,14,Martes,1899/12/30 00:00:00+00,17:00:00,17,REGION VALPARAISO,QUILPUE,CHOQUE FRONTAL,CHOQUE,URBANA,TRAMO DE VIA RECTA,VELOCIDAD IMPRUDENTE,VELOCIDAD NO RAZONABLE NI PRUDENTE,4 PINOS,PILPILEN,4 PINOS - PILPILEN,0, , ,BIDIRECCIONAL,ASFALTO,BUENO,SECO,DESPEJADO,1,1,0,0,05,058,05801,Valparaíso,Marga Marga,Quilpué,Interseccion,"4 PINOS & PILPILEN, Quilpué",-33.068394,-71.426299
-7893464.15638472,-4091218.53907388,3168,2023,1564223,2023/10/10 00:00:00+00,Octubre,10,Martes,1899/12/30 00:00:00+00,17:00:00,17,REGION LIB.B.O'HIGGINS,MALLOA,COLISION,COLISION,RURAL,TRAMO DE VIA RECTA,IMPRUDENCIA DEL CONDUCTOR,CONDUCCION CAMBIAR SORPRESIVAMENTE PISTA CIRCULACION, , , ,0,RUTA 66,1,BIDIRECCIONAL,ASFALTO,BUENO,SECO,DESPEJADO,0,1,0,0,06,061,06109,Libertador General Bernardo O'Higgins,Cachapoal,Malloa,Ruta,RUTA 66 km 1,-34.463564,-70.908195
-8121096.04385775,-4383428.86529944,3169,2023,1503943,2023/01/15 00:00:00+00,Enero,15,Domingo,1899/12/30 00:00:00+00,16:30:00,16,REGION BIO BIO,TOME,COLISION LATERAL,COLISION,URBANA,CRUCE CON SEMAFORO FUNCIONANDO,IMPRUDENCIA DEL CONDUCTOR,CONDUCCION NO ATENTO CONDICIONES TRANSITO MOMENTO,ENRIQUE MOLINA,VICENTE PALACIOS,ENRIQUE MOLINA - VICENTE PALACIOS,0, , ,BIDIRECCIONAL,CONCRETO,BUENO,SECO,DESPEJADO,0,0,0,1,08,081,08111,Biobío,Concepción,Tomé,Interseccion,"ENRIQUE MOLINA & VICENTE PALACIOS, Tomé",-36.599504,-72.953047
-7866386.80752959,-3956147.51419376,3170,2023,1518361,2023/03/14 00:00:00+00,Marzo,14,Martes,1899/12/30 00:00:00+00,17:25:00,17,REGION METROPOLITANA,SANTIAGO,COLISION PERPENDICULAR,COLISION,URBANA,CRUCE CON SEMAFORO FUNCIONANDO,DESOBEDIENCIA A SEÑALIZACION,SEÑALIZACION DESOBEDECER LUZ ROJA DE SEMAFORO,BLANCO ENCALADA,CLUB HIPICO,BLANCO ENCALADA - CLUB HIPICO,0, , ,BIDIRECCIONAL CON BANDEJON,CONCRETO,BUENO,SECO,DESPEJADO,0,1,0,0,13,131,13101,Metropolitana de Santiago,Santiago,Santiago,Interseccion,"BLANCO ENCALADA & CLUB HIPICO, Santiago",-33.457196,-70.664955
-7949334.04450445,-4050562.54769241,3171,2023,1568856,2023/10/10 00:00:00+00,Octubre,10,Martes,1899/12/30 00:00:00+00,21:40:00,21,REGION LIB.B.O'HIGGINS,LAS CABRAS,CHOQUE,CHOQUE,RURAL,TRAMO DE VIA RECTA,ALCOHOL EN CONDUCTOR,CONDUCCION EN ESTADO DE EBRIEDAD, , , ,0,H-790,23,BIDIRECCIONAL,ASFALTO,BUENO,SECO,DESPEJADO,0,0,1,0,06,061,06107,Libertador General Bernardo O'Higgins,Cachapoal,Las Cabras,Ruta,H-790 km 23,-34.161904,-71.410083
-7859100.83553768,-3953065.44923539,3172,2023,1511155,2023/02/14 00:00:00+00,Febrero,14,Martes,1899/12/30 00:00:00+00,21:20:00,21,REGION METROPOLITANA,PROVIDENCIA,COLISION FRONTAL,COLISION,URBANA,CRUCE CON SEMAFORO FUNCIONANDO,DESOBEDIENCIA A SEÑALIZACION,SEÑALIZACION DESOBEDECER LUZ ROJA DE SEMAFORO,POCURO,HOLANDA,HOLANDA - POCURO,0, , ,BIDIRECCIONAL,ASFALTO,BUENO,SECO,DESPEJADO,0,1,0,0,13,131,13123,Metropolitana de Santiago,Santiago,Providencia,Interseccion,"HOLANDA & POCURO, Providencia",-33.434094,-70.599504
-7889142.06992061,-3976300.17455943,3173,2023,1504343,2023/01/15 00:00:00+00,Enero,15,Domingo,1899/12/30 00:00:00+00,18:00:00,18,REGION METROPOLITANA,PEÑAFLOR,COLISION FRONTAL,COLISION,URBANA,TRAMO DE VIA RECTA,IMPRUDENCIA DEL CONDUCTOR,CONDUCCION NO ATENTO CONDICIONES TRANSITO MOMENTO,LEONARDO DA VINCI,21 DE MAYO,21 DE MAYO - LEONARDO DA VINCI,0, , ,BIDIRECCIONAL,CONCRETO,BUENO,SECO,DESPEJADO,0,0,1,0,13,136,13605,Metropolitana de Santiago,Talagante,Peñaflor,Interseccion,"21 DE MAYO & LEONARDO DA VINCI, Peñaflor",-33.608101,-70.869369
-8050272.72435656,-4292168.58038484,3174,2023,1567437,2023/10/11 00:00:00+00,Octubre,11,Miércoles,1899/12/30 00:00:00+00,08:00:00,8,REGION MAULE,CAUQUENES,VOLCADURA,VOLCADURA,RURAL,TRAMO DE VIA RECTA,FALLAS MECANICAS,FALLAS MECANICAS NEUMATICOS, , , ,0,M-500,2,BIDIRECCIONAL,CONCRETO,BUENO,SECO,DESPEJADO,0,0,0,2,07,072,07201,Maule,Cauquenes,Cauquenes,Ruta,M-500 km 2,-35.938545,-72.31683
-8149173.71376484,-4842298.11099481,3175,2023,1510214,2023/02/14 00:00:00+00,Febrero,14,Martes,1899/12/30 00:00:00+00,22:40:00,22,REGION DE LOS RIOS,VALDIVIA,COLISION FRONTAL,COLISION,URBANA,CRUCE SIN SEÑALIZACION,IMPRUDENCIA DEL CONDUCTOR,CONDUCCION NO ATENTO CONDICIONES TRANSITO MOMENTO,RIO NILAHUE,BALTAZAR MEJIAS,BALTAZAR MEJIAS - RIO NILAHUE,0, , ,BIDIRECCIONAL,CONCRETO,BUENO,HUMEDO,NUBLADO,0,1,0,1,14,141,14101,Los Ríos,Valdivia,Valdivia,Interseccion,"BALTAZAR MEJIAS & RIO NILAHUE, Valdivia",-39.837099,-73.205273
-8094509.94377441,-4550002.07194474,3176,2023,1516604,2023/03/14 00:00:00+00,Marzo,14,Martes,1899/12/30 00:00:00+00,18:30:00,18,REGION ARAUCANIA,ANGOL,COLISION FRONTAL,COLISION,URBANA,CRUCE CON SEÑAL PARE,IMPRUDENCIA DEL CONDUCTOR,NO RESPETAR DERECHO PREFERENTE DE PASO A VEHICULO,VALPARAISO,DIECIOCHO,DIECIOCHO - VALPARAISO,0, , ,BIDIRECCIONAL,CONCRETO,BUENO,SECO,DESPEJADO,0,0,0,1,09,092,09201,La Araucanía,Malleco,Angol,Interseccion,"DIECIOCHO & VALPARAISO, Angol",-37.791419,-72.71422
-7964145.69192403,-3867966.50157578,3177,2023,1504710,2023/01/15 00:00:00+00,Enero,15,Domingo,1899/12/30 00:00:00+00,18:50:00,18,REGION VALPARAISO,QUINTERO,CHOQUE POSTERIOR/FRENTE,CHOQUE,URBANA,TRAMO DE VIA RECTA,IMPRUDENCIA DEL CONDUCTOR,CONDUCCION NO ATENTO CONDICIONES TRANSITO MOMENTO,SALAS,ISIDORA GOYENECHEA,ISIDORA GOYENECHEA - SALAS,0, , ,BIDIRECCIONAL,ASFALTO,BUENO,SECO,DESPEJADO,0,0,0,0,05,051,05107,Valparaíso,Valparaíso,Quintero,Interseccion,"ISIDORA GOYENECHEA & SALAS, Quintero",-32.793802,-71.543138
-8132457.64504659,-4411700.64176792,3178,2023,1503803,2023/01/15 00:00:00+00,Enero,15,Domingo,1899/12/30 00:00:00+00,19:40:00,19,REGION BIO BIO,CONCEPCION,COLISION,COLISION,URBANA,CRUCE CON SEMAFORO FUNCIONANDO,ALCOHOL EN CONDUCTOR,CONDUCCION EN ESTADO DE EBRIEDAD,PAICAVI,INDEPENDENCIA,INDEPENDENCIA - PAICAVI,0, , ,BIDIRECCIONAL CON BANDEJON,CONCRETO,BUENO,SECO,DESPEJADO,0,0,0,0,08,081,08101,Biobío,Concepción,Concepción,Interseccion,"INDEPENDENCIA & PAICAVI, Concepción",-36.803127,-73.05511
-7835183.86520464,-2703157.51543057,3179,2023,1511594,2023/02/14 00:00:00+00,Febrero,14,Martes,1899/12/30 00:00:00+00,23:30:00,23,REGION ANTOFAGASTA,ANTOFAGASTA,COLISION PERPENDICULAR,COLISION,URBANA,CRUCE CON SEÑAL CEDA EL PASO,IMPRUDENCIA DEL CONDUCTOR,CONDUCCION NO ATENTO CONDICIONES TRANSITO MOMENTO,MORRO DE ARICA,JUAN BOLIVAR,JUAN BOLIVAR - MORRO DE ARICA,0, , ,BIDIRECCIONAL,ASFALTO,BUENO,SECO,DESPEJADO,0,1,0,0,02,021,02101,Antofagasta,Antofagasta,Antofagasta,Interseccion,"JUAN BOLIVAR & MORRO DE ARICA, Antofagasta",-23.58696,-70.384654
-7924662.05598126,-3493657.73497608,3180,2023,1566273,2023/10/11 00:00:00+00,Octubre,11,Miércoles,1899/12/30 00:00:00+00,18:30:00,18,REGION COQUIMBO,LA SERENA,COLISION POR ALCANCE,COLISION,RURAL,TRAMO DE VIA RECTA,IMPRUDENCIA DEL CONDUCTOR,CONDUCCION SIN MANTENER DISTANCIA RAZONABLE NI PRUDENTE, , , ,0,41 CH,"7,5",BIDIRECCIONAL,ASFALTO,BUENO,SECO,DESPEJADO,0,0,0,3,04,041,04101,Coquimbo,Elqui,La Serena,Ruta,"41 CH km 7,5",-29.923013,-71.18845
-7931834.31915423,-4160889.79581121,3181,2023,1517846,2023/03/14 00:00:00+00,Marzo,14,Martes,1899/12/30 00:00:00+00,20:10:00,20,REGION MAULE,CURICO,COLISION LATERAL,COLISION,URBANA,CRUCE CON SEMAFORO FUNCIONANDO,IMPRUDENCIA DEL CONDUCTOR,ADELANTAMIENTO SIN EL ESPACIO O TIEMPO SUFICIENTE,BALMACEDA,CIRCUNVALACION NORTE,BALMACEDA - CIRCUNVALACION NORTE,0, , ,BIDIRECCIONAL,ASFALTO,BUENO,SECO,DESPEJADO,0,0,0,0,07,073,07301,Maule,Curicó,Curicó,Interseccion,"BALMACEDA & CIRCUNVALACION NORTE, Curicó",-34.977985,-71.25288
-7836656.2436261,-2700638.52402344,3182,2023,1506472,2023/01/15 00:00:00+00,Enero,15,Domingo,1899/12/30 00:00:00+00,20:10:00,20,REGION ANTOFAGASTA,ANTOFAGASTA,COLISION LATERAL,COLISION,URBANA,TRAMO DE VIA RECTA,IMPRUDENCIA DEL CONDUCTOR,CONDUCCION NO ATENTO CONDICIONES TRANSITO MOMENTO,EDMUNDO PEREZ ZUJOVIC,SANTIAGO HUMBERSTONE,EDMUNDO PEREZ ZUJOVIC - SANTIAGO HUMBERSTONE,0, , ,BIDIRECCIONAL,ASFALTO,BUENO,SECO,DESPEJADO,0,0,0,1,02,021,02101,Antofagasta,Antofagasta,Antofagasta,Interseccion,"EDMUNDO PEREZ ZUJOVIC & SANTIAGO HUMBERSTONE, Antofagasta",-23.56622,-70.397881
-8104391.58555088,-4412507.31390456,3183,2023,1567708,2023/10/12 00:00:00+00,Octubre,12,Jueves,1899/12/30 00:00:00+00,08:55:00,8,REGION BIO BIO,FLORIDA,COLISION POR ALCANCE,COLISION,RURAL,TRAMO DE VIA RECTA,IMPRUDENCIA DEL CONDUCTOR,CONDUCCION NO ATENTO CONDICIONES TRANSITO MOMENTO, , , ,0,RUTA 148,55,BIDIRECCIONAL,ASFALTO,BUENO,SECO,DESPEJADO,0,0,1,0,08,081,08104,Biobío,Concepción,Florida,Ruta,RUTA 148 km 55,-36.808929,-72.802988
-7857224.99079832,-3955589.26096266,3184,2023,1519030,2023/03/14 00:00:00+00,Marzo,14,Martes,1899/12/30 00:00:00+00,22:00:00,22,REGION METROPOLITANA,ÑUÑOA,ATROPELLO,ATROPELLO,URBANA,CRUCE CON SEMAFORO FUNCIONANDO,ALCOHOL EN PEATON,EBRIEDAD DEL PEATON,PDTE BATTLE Y ORDOÑEZ,GRAL GOROSTIAGA,GRAL GOROSTIAGA - PDTE BATTLE Y ORDOÑEZ,0, , ,BIDIRECCIONAL,CONCRETO,BUENO,SECO,DESPEJADO,0,0,0,1,13,131,13120,Metropolitana de Santiago,Santiago,Ñuñoa,Interseccion,"GRAL GOROSTIAGA & PDTE BATTLE Y ORDOÑEZ, Ñuñoa",-33.453012,-70.582653
-7874671.09271493,-4051713.66958987,3185,2023,1510391,2023/02/15 00:00:00+00,Febrero,15,Miércoles,1899/12/30 00:00:00+00,02:20:00,2,REGION LIB.B.O'HIGGINS,RANCAGUA,COLISION POR ALCANCE,COLISION,URBANA,CRUCE CON SEMAFORO FUNCIONANDO,IMPRUDENCIA DEL CONDUCTOR,NO RESPETAR DERECHO PREFERENTE DE PASO A VEHICULO,ALAMEDA,ALCAZAR,ALAMEDA - ALCAZAR,0, , ,BIDIRECCIONAL CON BANDEJON,CONCRETO,BUENO,SECO,DESPEJADO,0,1,0,0,06,061,06101,Libertador General Bernardo O'Higgins,Cachapoal,Rancagua,Interseccion,"ALAMEDA & ALCAZAR, Rancagua",-34.17046,-70.739374
-8092052.78870979,-4553418.79215988,3186,2023,1504013,2023/01/16 00:00:00+00,Enero,16,Lunes,1899/12/30 00:00:00+00,00:40:00,0,REGION ARAUCANIA,ANGOL,VOLCADURA,VOLCADURA,URBANA,CRUCE CON SEÑAL PARE,ALCOHOL EN CONDUCTOR,CONDUCCION EN ESTADO DE EBRIEDAD,JOSE BUNSTER,ISABEL RIQUELME,ISABEL RIQUELME - JOSE BUNSTER,0, , ,BIDIRECCIONAL,CONCRETO,BUENO,SECO,DESPEJADO,0,1,0,0,09,092,09201,La Araucanía,Malleco,Angol,Interseccion,"ISABEL RIQUELME & JOSE BUNSTER, Angol",-37.81567,-72.692147
-8015581.17180155,-5870994.04631048,3187,2023,1565618,2023/10/12 00:00:00+00,Octubre,12,Jueves,1899/12/30 00:00:00+00,11:30:00,11,REGION AYSEN DEL GRL. CARLOS IBAÑEZ DEL CAMPO,CHILE CHICO,COLISION LATERAL,COLISION,RURAL,TRAMO DE VIA RECTA,IMPRUDENCIA DEL CONDUCTOR,ADELANTAMIENTO SIN EL ESPACIO O TIEMPO SUFICIENTE, , , ,0,265 CH,90,BIDIRECCIONAL,ASFALTO,REGULAR,SECO,DESPEJADO,0,0,0,0,11,114,11401,Aysén del General Carlos Ibáñez del Campo,General Carrera,Chile Chico,Ruta,265 CH km 90,-46.562753,-72.005191
-8135502.12180029,-4411603.46167863,3188,2023,1516568,2023/03/14 00:00:00+00,Marzo,14,Martes,1899/12/30 00:00:00+00,22:20:00,22,REGION BIO BIO,HUALPEN,COLISION,COLISION,URBANA,CRUCE CON SEMAFORO FUNCIONANDO,IMPRUDENCIA DEL CONDUCTOR,CONDUCCION CAMBIAR SORPRESIVAMENTE PISTA CIRCULACION,CRISTOBAL COLON,PUERTO SAAVEDRA,CRISTOBAL COLON - PUERTO SAAVEDRA,0, , ,BIDIRECCIONAL CON BANDEJON,CONCRETO,BUENO,SECO,DESPEJADO,1,0,0,0,08,081,08112,Biobío,Concepción,Hualpén,Interseccion,"CRISTOBAL COLON & PUERTO SAAVEDRA, Hualpén",-36.802428,-73.082459
-8132383.39494623,-4413583.10752863,3189,2023,1510643,2023/02/15 00:00:00+00,Febrero,15,Miércoles,1899/12/30 00:00:00+00,08:15:00,8,REGION BIO BIO,CONCEPCION,COLISION PERPENDICULAR,COLISION,URBANA,CRUCE CON SEÑAL CEDA EL PASO,DESOBEDIENCIA A SEÑALIZACION,SEÑALIZACION DESOBEDECER SEÑAL CEDA EL PASO,MANUEL RODRIGUEZ,COLO COLO,COLO COLO - MANUEL RODRIGUEZ,0, , ,BIDIRECCIONAL CON BANDEJON,CONCRETO,BUENO,SECO,DESPEJADO,0,1,0,0,08,081,08101,Biobío,Concepción,Concepción,Interseccion,"COLO COLO & MANUEL RODRIGUEZ, Concepción",-36.816666,-73.054443
-7869277.62057253,-3952787.38957758,3190,2023,1503874,2023/01/16 00:00:00+00,Enero,16,Lunes,1899/12/30 00:00:00+00,07:35:00,7,REGION METROPOLITANA,QUINTA NORMAL,COLISION LATERAL,COLISION,URBANA,CRUCE CON SEMAFORO FUNCIONANDO,IMPRUDENCIA DEL CONDUCTOR,NO RESPETAR DERECHO PREFERENTE DE PASO A VEHICULO,MAPOCHO,ALCERRECA,ALCERRECA - MAPOCHO,0, , ,BIDIRECCIONAL,ASFALTO,REGULAR,SECO,DESPEJADO,0,0,0,1,13,131,13126,Metropolitana de Santiago,Santiago,Quinta Normal,Interseccion,"ALCERRECA & MAPOCHO, Quinta Normal",-33.432009,-70.690924
-7980477.33933041,-4277520.25403562,3191,2023,1566147,2023/10/12 00:00:00+00,Octubre,12,Jueves,1899/12/30 00:00:00+00,14:50:00,14,REGION MAULE,LINARES,COLISION POR ALCANCE,COLISION,RURAL,TRAMO DE VIA RECTA,IMPRUDENCIA DEL CONDUCTOR,CONDUCCION SIN MANTENER DISTANCIA RAZONABLE NI PRUDENTE, , , ,0,L-32,"5,4",BIDIRECCIONAL,ASFALTO,BUENO,SECO,DESPEJADO,0,1,0,0,07,074,07401,Maule,Linares,Linares,Ruta,"L-32 km 5,4",-35.831933,-71.689848
-7875460.90444645,-3959631.06784716,3192,2023,1510084,2023/02/15 00:00:00+00,Febrero,15,Miércoles,1899/12/30 00:00:00+00,12:30:00,12,REGION METROPOLITANA,MAIPU,CHOQUE POSTERIOR/FRENTE,CHOQUE,URBANA,CRUCE CON SEMAFORO FUNCIONANDO,IMPRUDENCIA DEL CONDUCTOR,CONDUCCION SIN MANTENER DISTANCIA RAZONABLE NI PRUDENTE,LOS PAJARITOS,JORGE DELANO,JORGE DELANO - LOS PAJARITOS,0, , ,BIDIRECCIONAL CON BANDEJON,ASFALTO,BUENO,SECO,DESPEJADO,0,0,0,0,13,131,13119,Metropolitana de Santiago,Santiago,Maipú,Interseccion,"JORGE DELANO & LOS PAJARITOS, Maipú",-33.4833,-70.746469
-7861196.87022983,-3951599.5484406,3193,2023,1517980,2023/03/15 00:00:00+00,Marzo,15,Miércoles,1899/12/30 00:00:00+00,00:05:00,0,REGION METROPOLITANA,SANTIAGO,COLISION PERPENDICULAR,COLISION,URBANA,CRUCE CON SEMAFORO FUNCIONANDO,IMPRUDENCIA DEL CONDUCTOR,CONDUCCION NO ATENTO CONDICIONES TRANSITO MOMENTO,PURISIMA,ANDRES BELLO,ANDRES BELLO - PURISIMA,0, , ,UNIDIRECCIONAL,ASFALTO,BUENO,SECO,DESPEJADO,0,0,0,1,13,131,13101,Metropolitana de Santiago,Santiago,Santiago,Interseccion,"ANDRES BELLO & PURISIMA, Santiago",-33.423104,-70.618333
-7932206.34889246,-4163149.3681518,3194,2023,1504031,2023/01/16 00:00:00+00,Enero,16,Lunes,1899/12/30 00:00:00+00,07:45:00,7,REGION MAULE,CURICO,VOLCADURA,VOLCADURA,URBANA,CRUCE CON SEÑAL CEDA EL PASO,DESOBEDIENCIA A SEÑALIZACION,SEÑALIZACION DESOBEDECER SEÑAL CEDA EL PASO,TRAPICHE,LICANTEN,LICANTEN - TRAPICHE,0, , ,BIDIRECCIONAL,CONCRETO,BUENO,SECO,DESPEJADO,0,0,0,2,07,073,07301,Maule,Curicó,Curicó,Interseccion,"LICANTEN & TRAPICHE, Curicó",-34.994615,-71.256222
-7971133.6042205,-4222355.71724367,3195,2023,1565672,2023/10/14 00:00:00+00,Octubre,14,Sábado,1899/12/30 00:00:00+00,18:30:00,18,REGION MAULE,SAN CLEMENTE,COLISION LATERAL,COLISION,RURAL,TRAMO DE VIA RECTA,ALCOHOL EN CONDUCTOR,CONDUCCION BAJO LA INFLUENCIA DEL ALCOHOL, , , ,0,K-55,"1,3",BIDIRECCIONAL,ASFALTO,BUENO,SECO,DESPEJADO,1,0,0,1,07,071,07109,Maule,Talca,San Clemente,Ruta,"K-55 km 1,3",-35.429156,-71.605911
-7860832.41021697,-3969950.30369968,3196,2023,1503837,2023/01/16 00:00:00+00,Enero,16,Lunes,1899/12/30 00:00:00+00,08:00:00,8,REGION METROPOLITANA,LA PINTANA,VOLCADURA,VOLCADURA,URBANA,CRUCE CON SEÑAL PARE,VELOCIDAD IMPRUDENTE,VELOCIDAD NO RAZONABLE NI PRUDENTE,LA SERENA,GRAL ARRIAGADA,GRAL ARRIAGADA - LA SERENA,0, , ,BIDIRECCIONAL,ASFALTO,BUENO,SECO,DESPEJADO,0,0,0,1,13,131,13112,Metropolitana de Santiago,Santiago,La Pintana,Interseccion,"GRAL ARRIAGADA & LA SERENA, La Pintana",-33.560581,-70.615059
-7970738.97836222,-3902188.35397664,3197,2023,1516767,2023/02/15 00:00:00+00,Febrero,15,Miércoles,1899/12/30 00:00:00+00,13:30:00,13,REGION VALPARAISO,VALPARAISO,CHOQUE,CHOQUE,URBANA,TRAMO DE VIA RECTA,IMPRUDENCIA DEL CONDUCTOR,CONDUCCION NO ATENTO CONDICIONES TRANSITO MOMENTO,ARGENTINA,COLON,ARGENTINA - COLON,0, , ,UNIDIRECCIONAL,CONCRETO,BUENO,SECO,DESPEJADO,0,0,0,1,05,051,05101,Valparaíso,Valparaíso,Valparaíso,Interseccion,"ARGENTINA & COLON, Valparaíso",-33.051851,-71.602366
-8026102.22430626,-4386733.0918832,3198,2023,1516678,2023/03/15 00:00:00+00,Marzo,15,Miércoles,1899/12/30 00:00:00+00,07:20:00,7,REGION ÑUBLE,CHILLAN,COLISION PERPENDICULAR,COLISION,URBANA,CRUCE CON SEÑAL PARE,DESOBEDIENCIA A SEÑALIZACION,SEÑALIZACION DESOBEDECER SEÑAL PARE,TRANSPORTE LA MAR,ALONSO DE ERCILLA,ALONSO DE ERCILLA - TRANSPORTE LA MAR,0, , ,BIDIRECCIONAL,CONCRETO,BUENO,SECO,DESPEJADO,0,0,1,0,16,161,16101,Ñuble,Diguillín,Chillán,Interseccion,"ALONSO DE ERCILLA & TRANSPORTE LA MAR, Chillán",-36.62333,-72.099703
-8093538.09828159,-4687481.08129088,3199,2023,1565704,2023/10/15 00:00:00+00,Octubre,15,Domingo,1899/12/30 00:00:00+00,06:20:00,6,REGION ARAUCANIA,CARAHUE,IMPACTO CON ANIMAL,OTRO TIPO,RURAL,TRAMO DE VIA RECTA,ALCOHOL EN CONDUCTOR,CONDUCCION EN ESTADO DE EBRIEDAD, , , ,0,"S-30, S-40",9,BIDIRECCIONAL,ASFALTO,BUENO,HUMEDO,NEBLINA,0,1,0,0,09,091,09102,La Araucanía,Cautín,Carahue,Ruta,"S-30, S-40 km 9",-38.760906,-72.70549
-7860832.41021697,-3969950.30369968,3200,2023,1505127,2023/01/16 00:00:00+00,Enero,16,Lunes,1899/12/30 00:00:00+00,08:00:00,8,REGION METROPOLITANA,LA PINTANA,VOLCADURA,VOLCADURA,URBANA,CRUCE CON SEÑAL PARE,DESOBEDIENCIA A SEÑALIZACION,SEÑALIZACION DESOBEDECER SEÑAL PARE,LA SERENA,GRAL ARRIAGADA,GRAL ARRIAGADA - LA SERENA,0, , ,BIDIRECCIONAL,ASFALTO,BUENO,SECO,DESPEJADO,0,0,0,1,13,131,13112,Metropolitana de Santiago,Santiago,La Pintana,Interseccion,"GRAL ARRIAGADA & LA SERENA, La Pintana",-33.560581,-70.615059
-7858780.2354042,-3973633.92534416,3201,2023,1519882,2023/03/15 00:00:00+00,Marzo,15,Miércoles,1899/12/30 00:00:00+00,07:40:00,7,REGION METROPOLITANA,PUENTE ALTO,COLISION LATERAL,COLISION,URBANA,TRAMO DE VIA RECTA,IMPRUDENCIA DEL CONDUCTOR,CONDUCCION NO ATENTO CONDICIONES TRANSITO MOMENTO,EJERCITO LIBERTADOR,CHILOE,CHILOE - EJERCITO LIBERTADOR,0, , ,BIDIRECCIONAL,CONCRETO,BUENO,SECO,DESPEJADO,0,0,0,0,13,132,13201,Metropolitana de Santiago,Cordillera,Puente Alto,Interseccion,"CHILOE & EJERCITO LIBERTADOR, Puente Alto",-33.588151,-70.596624
-8085401.56040985,-4686733.72298883,3202,2023,1510064,2023/02/15 00:00:00+00,Febrero,15,Miércoles,1899/12/30 00:00:00+00,14:50:00,14,REGION ARAUCANIA,TEMUCO,COLISION LATERAL,COLISION,URBANA,TRAMO DE VIA RECTA,IMPRUDENCIA DEL CONDUCTOR,CONDUCCION SIN MANTENER DISTANCIA RAZONABLE NI PRUDENTE,GALILEO,GALVANI,GALILEO - GALVANI,0, , ,UNIDIRECCIONAL,CONCRETO,BUENO,SECO,DESPEJADO,0,0,1,0,09,091,09101,La Araucanía,Cautín,Temuco,Interseccion,"GALILEO & GALVANI, Temuco",-38.755671,-72.632398