X,Y,FID,Año,IdAccident,Fecha,Mes,Dia_mes,Dia_semana,Hora,Hora_texto,Hora_aprox,Región,Comuna,Tipo_Accid,Tipo__CONA,Zona,Ubicación,Causa__CON,Causa_Acci,Calle_Uno,Calle_Dos,Intersecci,Número,Ruta,Ubicaci_1,Calzada,Tipo_Calza,Estado_Cal,Condición,Estado_Atm,Fallecidos,Graves,Menos_Grav,Leves,CUT_REG,CUT_PROV,CUT_COM,REGION,PROVINCIA,COMUNA1,Tipo_direc,Direccion,Lat,Lon
-7916019.30203145,-4213580.11033032,3203,2023,1565314,2023/10/15 00:00:00+00,Octubre,15,Domingo,1899/12/30 00:00:00+00,10:25:00,10,REGION MAULE,MOLINA,VOLCADURA,VOLCADURA,RURAL,TRAMO DE VIA RECTA,IMPRUDENCIA DEL CONDUCTOR,CONDUCCION NO ATENTO CONDICIONES TRANSITO MOMENTO, , , ,0,K-275,"9,1",BIDIRECCIONAL,ASFALTO,BUENO,SECO,DESPEJADO,0,0,0,1,07,073,07304,Maule,Curicó,Molina,Ruta,"K-275 km 9,1",-35.364895,-71.110811
-7856596.14699483,-3956735.55049296,3204,2023,1504717,2023/01/16 00:00:00+00,Enero,16,Lunes,1899/12/30 00:00:00+00,08:30:00,8,REGION METROPOLITANA,ÑUÑOA,COLISION,COLISION,URBANA,CRUCE CON SEÑAL CEDA EL PASO,IMPRUDENCIA DEL CONDUCTOR,CONDUCCION NO ATENTO CONDICIONES TRANSITO MOMENTO,EDUARDO CASTILLO VELASCO,LOS ALIAGA,EDUARDO CASTILLO VELASCO - LOS ALIAGA,0, , ,BIDIRECCIONAL,CONCRETO,BUENO,SECO,DESPEJADO,0,1,0,0,13,131,13120,Metropolitana de Santiago,Santiago,Ñuñoa,Interseccion,"EDUARDO CASTILLO VELASCO & LOS ALIAGA, Ñuñoa",-33.461603,-70.577004
-8053683.29794265,-4293771.13068962,3205,2023,1517179,2023/03/15 00:00:00+00,Marzo,15,Miércoles,1899/12/30 00:00:00+00,09:25:00,9,REGION MAULE,CAUQUENES,CHOQUE FRENTE/POSTERIOR,CHOQUE,URBANA,TRAMO DE VIA CURVA HORIZONTAL,IMPRUDENCIA DEL CONDUCTOR,CONDUCCION NO ATENTO CONDICIONES TRANSITO MOMENTO,CAMINO A CHANCO,LOS ANDES,CAMINO A CHANCO - LOS ANDES,0, , ,BIDIRECCIONAL,CONCRETO,BUENO,SECO,DESPEJADO,0,0,0,1,07,072,07201,Maule,Cauquenes,Cauquenes,Interseccion,"CAMINO A CHANCO & LOS ANDES, Cauquenes",-35.9502,-72.347468
-8055812.53290483,-4442171.96992859,3206,2023,1565227,2023/10/15 00:00:00+00,Octubre,15,Domingo,1899/12/30 00:00:00+00,14:30:00,14,REGION BIO BIO,CABRERO,VOLCADURA,VOLCADURA,RURAL,TRAMO DE VIA RECTA,ALCOHOL EN CONDUCTOR,CONDUCCION EN ESTADO DE EBRIEDAD, , , ,0,RUTA 5 SUR,458,BIDIRECCIONAL CON BANDEJON,ASFALTO,BUENO,SECO,DESPEJADO,0,1,0,0,08,083,08303,Biobío,Biobío,Cabrero,Ruta,RUTA 5 SUR km 458,-37.021987,-72.366595
-7969165.9783087,-4278028.36954434,3207,2023,1505193,2023/01/16 00:00:00+00,Enero,16,Lunes,1899/12/30 00:00:00+00,08:50:00,8,REGION MAULE,LINARES,COLISION POR ALCANCE,COLISION,URBANA,CRUCE CON SEMAFORO FUNCIONANDO,IMPRUDENCIA DEL CONDUCTOR,CONDUCCION CAMBIAR SORPRESIVAMENTE PISTA CIRCULACION,JANUARIO ESPINOZA,EL BOSQUE,EL BOSQUE - JANUARIO ESPINOZA,0, , ,BIDIRECCIONAL,ASFALTO,BUENO,SECO,DESPEJADO,0,0,0,1,07,074,07401,Maule,Linares,Linares,Interseccion,"EL BOSQUE & JANUARIO ESPINOZA, Linares",-35.835634,-71.588236
-7860056.84732461,-3953352.91560897,3208,2023,1517529,2023/03/15 00:00:00+00,Marzo,15,Miércoles,1899/12/30 00:00:00+00,09:40:00,9,REGION METROPOLITANA,PROVIDENCIA,CHOQUE FRONTAL,CHOQUE,URBANA,TRAMO DE VIA RECTA,IMPRUDENCIA DEL CONDUCTOR,CONDUCCION NO ATENTO CONDICIONES TRANSITO MOMENTO,POCURO,PEDRO DE VALDIVIA,PEDRO DE VALDIVIA - POCURO,0, , ,BIDIRECCIONAL,ASFALTO,REGULAR,SECO,DESPEJADO,0,0,0,0,13,131,13123,Metropolitana de Santiago,Santiago,Providencia,Interseccion,"PEDRO DE VALDIVIA & POCURO, Providencia",-33.436249,-70.608092
-8152021.60028668,-4841681.99906188,3209,2023,1510284,2023/02/15 00:00:00+00,Febrero,15,Miércoles,1899/12/30 00:00:00+00,15:00:00,15,REGION DE LOS RIOS,VALDIVIA,COLISION LATERAL,COLISION,URBANA,CRUCE CON SEÑAL PARE,IMPRUDENCIA DEL CONDUCTOR,CONDUCCION NO ATENTO CONDICIONES TRANSITO MOMENTO,JOSE MARIA MUÑOZ HERMOSILLA,MANUEL MONTT,JOSE MARIA MUÑOZ HERMOSILLA - MANUEL MONTT,0, , ,BIDIRECCIONAL,ASFALTO,BUENO,SECO,DESPEJADO,0,0,0,2,14,141,14101,Los Ríos,Valdivia,Valdivia,Interseccion,"JOSE MARIA MUÑOZ HERMOSILLA & MANUEL MONTT, Valdivia",-39.832849,-73.230856
-7948948.2472948,-4195303.60784142,3210,2023,1565695,2023/10/15 00:00:00+00,Octubre,15,Domingo,1899/12/30 00:00:00+00,15:30:00,15,REGION MAULE,RIO CLARO,COLISION POR ALCANCE,COLISION,RURAL,TRAMO DE VIA RECTA,IMPRUDENCIA DEL CONDUCTOR,NO RESPETAR DERECHO PREFERENTE DE PASO A VEHICULO, , , ,0,K-31,2,BIDIRECCIONAL,ASFALTO,REGULAR,SECO,DESPEJADO,0,0,0,2,07,071,07108,Maule,Talca,Río Claro,Ruta,K-31 km 2,-35.230897,-71.406617
-7879112.6290781,-3963018.47710547,3211,2023,1504286,2023/01/16 00:00:00+00,Enero,16,Lunes,1899/12/30 00:00:00+00,12:30:00,12,REGION METROPOLITANA,MAIPU,COLISION LATERAL,COLISION,URBANA,CRUCE CON SEMAFORO FUNCIONANDO,IMPRUDENCIA DEL CONDUCTOR,CONDUCCION NO ATENTO CONDICIONES TRANSITO MOMENTO,CAMINO A RINCONADA,3 PONIENTE,3 PONIENTE - CAMINO A RINCONADA,0, , ,BIDIRECCIONAL CON BANDEJON,ASFALTO,BUENO,SECO,DESPEJADO,0,2,0,0,13,131,13119,Metropolitana de Santiago,Santiago,Maipú,Interseccion,"3 PONIENTE & CAMINO A RINCONADA, Maipú",-33.508676,-70.779273
-7953492.63930523,-3903499.26232464,3212,2023,1511422,2023/02/15 00:00:00+00,Febrero,15,Miércoles,1899/12/30 00:00:00+00,18:10:00,18,REGION VALPARAISO,QUILPUE,VOLCADURA,VOLCADURA,URBANA,TRAMO DE VIA RECTA,VELOCIDAD IMPRUDENTE,VELOCIDAD NO RAZONABLE NI PRUDENTE,ALESSANDRI,VALENTIN LETELIER,ALESSANDRI - VALENTIN LETELIER,0, , ,BIDIRECCIONAL,CONCRETO,BUENO,SECO,DESPEJADO,0,0,0,0,05,058,05801,Valparaíso,Marga Marga,Quilpué,Interseccion,"ALESSANDRI & VALENTIN LETELIER, Quilpué",-33.061721,-71.44744
-7902823.90325605,-4108360.30796963,3213,2023,1518084,2023/03/15 00:00:00+00,Marzo,15,Miércoles,1899/12/30 00:00:00+00,11:15:00,11,REGION LIB.B.O'HIGGINS,SAN FERNANDO,CHOQUE LADO/LADO,CHOQUE,URBANA,CRUCE CON SEÑAL PARE,IMPRUDENCIA DEL CONDUCTOR,CONDUCCION NO ATENTO CONDICIONES TRANSITO MOMENTO,YUMBEL,CARAMPANGUE,CARAMPANGUE - YUMBEL,0, , ,UNIDIRECCIONAL,ASFALTO,BUENO,SECO,DESPEJADO,0,0,0,1,06,063,06301,Libertador General Bernardo O'Higgins,Colchagua,San Fernando,Interseccion,"CARAMPANGUE & YUMBEL, San Fernando",-34.590428,-70.992275
-7976751.48839681,-3908778.10169375,3214,2023,1569086,2023/10/15 00:00:00+00,Octubre,15,Domingo,1899/12/30 00:00:00+00,17:30:00,17,REGION VALPARAISO,VALPARAISO,VOLCADURA,VOLCADURA,RURAL,TRAMO DE VIA RECTA,VELOCIDAD IMPRUDENTE,VELOCIDAD NO RAZONABLE NI PRUDENTE, , , ,0,F-98-G,"7,1",UNIDIRECCIONAL,CONCRETO,BUENO,CON ACEITE,DESPEJADO,0,0,0,2,05,051,05101,Valparaíso,Valparaíso,Valparaíso,Ruta,"F-98-G km 7,1",-33.101454,-71.656378
-8085624.9786724,-4684989.61273963,3215,2023,1503777,2023/01/16 00:00:00+00,Enero,16,Lunes,1899/12/30 00:00:00+00,13:00:00,13,REGION ARAUCANIA,TEMUCO,COLISION PERPENDICULAR,COLISION,URBANA,TRAMO DE VIA RECTA,IMPRUDENCIA DEL CONDUCTOR,CONDUCCION NO ATENTO CONDICIONES TRANSITO MOMENTO,ISABEL RIQUELME,LOS ARMIÑOS,ISABEL RIQUELME - LOS ARMIÑOS,0, , ,BIDIRECCIONAL,ASFALTO,BUENO,SECO,DESPEJADO,0,0,0,1,09,091,09101,La Araucanía,Cautín,Temuco,Interseccion,"ISABEL RIQUELME & LOS ARMIÑOS, Temuco",-38.743452,-72.634405
-8149382.3264238,-4842379.44062032,3216,2023,1510282,2023/02/15 00:00:00+00,Febrero,15,Miércoles,1899/12/30 00:00:00+00,19:00:00,19,REGION DE LOS RIOS,VALDIVIA,ATROPELLO,ATROPELLO,URBANA,CRUCE CON SEÑAL CEDA EL PASO,IMPRUDENCIA DEL CONDUCTOR,CONDUCCION NO ATENTO CONDICIONES TRANSITO MOMENTO,RIO CAU CAU,RIO LOA,RIO CAU CAU - RIO LOA,0, , ,BIDIRECCIONAL,CONCRETO,BUENO,SECO,DESPEJADO,0,0,0,1,14,141,14101,Los Ríos,Valdivia,Valdivia,Interseccion,"RIO CAU CAU & RIO LOA, Valdivia",-39.83766,-73.207147
-8122126.96667113,-4902297.50840197,3217,2023,1566195,2023/10/16 00:00:00+00,Octubre,16,Lunes,1899/12/30 00:00:00+00,18:20:00,18,REGION DE LOS RIOS,LA UNION,COLISION,COLISION,RURAL,ROTONDA,IMPRUDENCIA DEL CONDUCTOR,CONDUCCION NO ATENTO CONDICIONES TRANSITO MOMENTO, , , ,0,T-712,1,BIDIRECCIONAL,ASFALTO,BUENO,SECO,DESPEJADO,0,0,0,1,14,142,14201,Los Ríos,Ranco,La Unión,Ruta,T-712 km 1,-40.24972,-72.962308
-8027707.00608554,-4384894.88064468,3218,2023,1516676,2023/03/15 00:00:00+00,Marzo,15,Miércoles,1899/12/30 00:00:00+00,12:28:00,12,REGION ÑUBLE,CHILLAN,COLISION PERPENDICULAR,COLISION,URBANA,CRUCE CON SEÑAL PARE,DESOBEDIENCIA A SEÑALIZACION,SEÑALIZACION DESOBEDECER SEÑAL PARE,COCHARCAS,BRASIL,BRASIL - COCHARCAS,0, , ,BIDIRECCIONAL CON BANDEJON,CONCRETO,BUENO,SECO,DESPEJADO,0,0,0,1,16,161,16101,Ñuble,Diguillín,Chillán,Interseccion,"BRASIL & COCHARCAS, Chillán",-36.610076,-72.114119
-8172548.28771588,-4525650.20009023,3219,2023,1568733,2023/10/16 00:00:00+00,Octubre,16,Lunes,1899/12/30 00:00:00+00,20:00:00,20,REGION BIO BIO,LOS ALAMOS,COLISION POR ALCANCE,COLISION,RURAL,TRAMO DE VIA RECTA,IMPRUDENCIA DEL CONDUCTOR,CONDUCCION NO ATENTO CONDICIONES TRANSITO MOMENTO, , , ,0,RUTA 160,109,BIDIRECCIONAL,ASFALTO,BUENO,SECO,DESPEJADO,0,0,0,1,08,082,08206,Biobío,Arauco,Los Alamos,Ruta,RUTA 160 km 109,-37.618345,-73.41525
-7858324.71604787,-3958780.76724824,3220,2023,1506798,2023/01/16 00:00:00+00,Enero,16,Lunes,1899/12/30 00:00:00+00,13:00:00,13,REGION METROPOLITANA,MACUL,COLISION LATERAL,COLISION,URBANA,CRUCE SIN SEÑALIZACION,IMPRUDENCIA DEL CONDUCTOR,CONDUCCION NO ATENTO CONDICIONES TRANSITO MOMENTO,LOS ESPINOS,STA JULIA,LOS ESPINOS - STA JULIA,0, , ,BIDIRECCIONAL,CONCRETO,BUENO,SECO,DESPEJADO,0,0,1,0,13,131,13118,Metropolitana de Santiago,Santiago,Macul,Interseccion,"LOS ESPINOS & STA JULIA, Macul",-33.476929,-70.592532
-8055819.07369301,-4504329.3649037,3221,2023,1516647,2023/03/15 00:00:00+00,Marzo,15,Miércoles,1899/12/30 00:00:00+00,12:30:00,12,REGION BIO BIO,LOS ANGELES,COLISION LATERAL,COLISION,URBANA,CRUCE CON SEMAFORO FUNCIONANDO,DESOBEDIENCIA A SEÑALIZACION,SEÑALIZACION DESOBEDECER LUZ ROJA DE SEMAFORO,LIENTUR,LAS AZALEAS,LAS AZALEAS - LIENTUR,0, , ,BIDIRECCIONAL,ASFALTO,BUENO,SECO,DESPEJADO,0,0,0,1,08,083,08301,Biobío,Biobío,Los Angeles,Interseccion,"LAS AZALEAS & LIENTUR, Los Angeles",-37.466482,-72.366654
-7869929.66164358,-3972901.24918232,3222,2023,1510059,2023/02/15 00:00:00+00,Febrero,15,Miércoles,1899/12/30 00:00:00+00,19:00:00,19,REGION METROPOLITANA,SAN BERNARDO,COLISION LATERAL,COLISION,URBANA,CRUCE SIN SEÑALIZACION,IMPRUDENCIA DEL CONDUCTOR,NO RESPETAR DERECHO PREFERENTE DE PASO A VEHICULO,GRAN AVDA JOSE MIGUEL CARRERA,STA MARTA,GRAN AVDA JOSE MIGUEL CARRERA - STA MARTA,0, , ,BIDIRECCIONAL,ASFALTO,BUENO,SECO,DESPEJADO,0,0,0,0,13,134,13401,Metropolitana de Santiago,Maipo,San Bernardo,Interseccion,"GRAN AVDA JOSE MIGUEL CARRERA & STA MARTA, San Bernardo",-33.582668,-70.696781
-7948843.77341836,-3856414.5039931,3223,2023,1566128,2023/10/17 00:00:00+00,Octubre,17,Martes,1899/12/30 00:00:00+00,16:20:00,16,REGION VALPARAISO,PUCHUNCAVI,COLISION,COLISION,RURAL,TRAMO DE VIA RECTA,IMPRUDENCIA DEL CONDUCTOR,"ADELANTAMIENTO EN CRUCE, CURVA, CUESTA, PUENTE", , , ,0,F-30-E,"46,9",BIDIRECCIONAL,ASFALTO,BUENO,SECO,DESPEJADO,0,1,0,0,05,051,05105,Valparaíso,Valparaíso,Puchuncaví,Ruta,"F-30-E km 46,9",-32.706525,-71.405679
-8081048.41176691,-4687019.65478744,3224,2023,1503772,2023/01/16 00:00:00+00,Enero,16,Lunes,1899/12/30 00:00:00+00,14:30:00,14,REGION ARAUCANIA,PADRE LAS CASAS,VOLCADURA,VOLCADURA,URBANA,TRAMO DE VIA RECTA,DROGAS Y/O FATIGA EN CONDUCTOR,"CONDICIONES FISICAS DEFICIENTES (CANSANCIO, SUEÑO)",HUICHAHUE,EUSEBIO LILLO,EUSEBIO LILLO - HUICHAHUE,0, , ,UNIDIRECCIONAL,CONCRETO,BUENO,SECO,DESPEJADO,0,0,0,1,09,091,09112,La Araucanía,Cautín,Padre Las Casas,Interseccion,"EUSEBIO LILLO & HUICHAHUE, Padre Las Casas",-38.757674,-72.593293
-8120054.4273824,-4914873.33611153,3225,2023,1519549,2023/03/15 00:00:00+00,Marzo,15,Miércoles,1899/12/30 00:00:00+00,13:10:00,13,REGION DE LOS RIOS,RIO BUENO,VOLCADURA,VOLCADURA,URBANA,CRUCE CON SEÑAL CEDA EL PASO,IMPRUDENCIA DEL CONDUCTOR,CONDUCCION NO ATENTO CONDICIONES TRANSITO MOMENTO,EJERCITO LIBERTADOR,ALDEA CAMPESINA,ALDEA CAMPESINA - EJERCITO LIBERTADOR,0, , ,BIDIRECCIONAL,ASFALTO,BUENO,HUMEDO,LLOVIZNA,0,0,0,1,14,142,14204,Los Ríos,Ranco,Río Bueno,Interseccion,"ALDEA CAMPESINA & EJERCITO LIBERTADOR, Río Bueno",-40.335888,-72.94369
-7927412.24477764,-4145986.01100176,3226,2023,1566240,2023/10/17 00:00:00+00,Octubre,17,Martes,1899/12/30 00:00:00+00,17:30:00,17,REGION MAULE,TENO,COLISION,COLISION,RURAL,TRAMO DE VIA RECTA,IMPRUDENCIA DEL CONDUCTOR,NO RESPETAR DERECHO PREFERENTE DE PASO A VEHICULO, , , ,0,J-40,8,BIDIRECCIONAL,ASFALTO,BUENO,SECO,DESPEJADO,0,1,0,0,07,073,07308,Maule,Curicó,Teno,Ruta,J-40 km 8,-34.868212,-71.213156
-7875706.8315657,-3992841.98573529,3227,2023,1506092,2023/01/16 00:00:00+00,Enero,16,Lunes,1899/12/30 00:00:00+00,15:00:00,15,REGION METROPOLITANA,BUIN,CHOQUE FRENTE/POSTERIOR,CHOQUE,URBANA,CRUCE CON SEMAFORO FUNCIONANDO,IMPRUDENCIA DEL CONDUCTOR,CONDUCCION NO ATENTO CONDICIONES TRANSITO MOMENTO,BERNARDO O'HIGGINS,JOSE MANUEL BALMACEDA,BERNARDO O'HIGGINS - JOSE MANUEL BALMACEDA,0, , ,BIDIRECCIONAL,CONCRETO,BUENO,SECO,DESPEJADO,0,0,0,1,13,134,13402,Metropolitana de Santiago,Maipo,Buin,Interseccion,"BERNARDO O'HIGGINS & JOSE MANUEL BALMACEDA, Buin",-33.731771,-70.748678
-7878971.47596377,-3964615.61338669,3228,2023,1516626,2023/03/15 00:00:00+00,Marzo,15,Miércoles,1899/12/30 00:00:00+00,13:30:00,13,REGION METROPOLITANA,MAIPU,VOLCADURA,VOLCADURA,URBANA,TRAMO DE VIA RECTA,VELOCIDAD IMPRUDENTE,VELOCIDAD NO RAZONABLE NI PRUDENTE,3 PONIENTE,VERONICA,3 PONIENTE - VERONICA,0, , ,BIDIRECCIONAL CON BANDEJON,ASFALTO,BUENO,SECO,DESPEJADO,0,1,0,0,13,131,13119,Metropolitana de Santiago,Santiago,Maipú,Interseccion,"3 PONIENTE & VERONICA, Maipú",-33.520638,-70.778005
-7863536.51652902,-3953436.79572041,3229,2023,1512412,2023/02/15 00:00:00+00,Febrero,15,Miércoles,1899/12/30 00:00:00+00,19:00:00,19,REGION METROPOLITANA,SANTIAGO,COLISION POR ALCANCE,COLISION,URBANA,CRUCE CON SEMAFORO FUNCIONANDO,DESOBEDIENCIA A SEÑALIZACION,SEÑALIZACION DESOBEDECER LUZ ROJA DE SEMAFORO,MERCED,PURISIMA,MERCED - PURISIMA,0, , ,UNIDIRECCIONAL,ASFALTO,BUENO,SECO,DESPEJADO,0,0,0,1,13,131,13101,Metropolitana de Santiago,Santiago,Santiago,Interseccion,"MERCED & PURISIMA, Santiago",-33.436878,-70.63935
-7974924.27293136,-4223746.50859039,3230,2023,1566377,2023/10/17 00:00:00+00,Octubre,17,Martes,1899/12/30 00:00:00+00,21:15:00,21,REGION MAULE,MAULE,VOLCADURA,VOLCADURA,RURAL,TRAMO DE VIA RECTA,VELOCIDAD IMPRUDENTE,VELOCIDAD NO RAZONABLE NI PRUDENTE, , , ,0,RUTA 5 SUR,255,BIDIRECCIONAL,ASFALTO,BUENO,SECO,DESPEJADO,0,0,0,0,07,071,07105,Maule,Talca,Maule,Ruta,RUTA 5 SUR km 255,-35.439335,-71.639964
-8052165.23404671,-4294915.70063201,3231,2023,1505075,2023/01/16 00:00:00+00,Enero,16,Lunes,1899/12/30 00:00:00+00,16:10:00,16,REGION MAULE,CAUQUENES,COLISION PERPENDICULAR,COLISION,URBANA,CRUCE CON SEMAFORO FUNCIONANDO,DESOBEDIENCIA A SEÑALIZACION,SEÑALIZACION DESOBEDECER LUZ ROJA DE SEMAFORO,SOTERO DEL RIO GUNDIAN,NUEVA DOS,NUEVA DOS - SOTERO DEL RIO GUNDIAN,0, , ,BIDIRECCIONAL,CONCRETO,BUENO,SECO,DESPEJADO,0,0,0,0,07,072,07201,Maule,Cauquenes,Cauquenes,Interseccion,"NUEVA DOS & SOTERO DEL RIO GUNDIAN, Cauquenes",-35.958523,-72.333831
-7862511.5534161,-3948515.09357362,3232,2023,1511656,2023/02/15 00:00:00+00,Febrero,15,Miércoles,1899/12/30 00:00:00+00,19:30:00,19,REGION METROPOLITANA,RECOLETA,COLISION LATERAL,COLISION,URBANA,CRUCE CON SEÑAL CEDA EL PASO,DESOBEDIENCIA A SEÑALIZACION,SEÑALIZACION DESOBEDECER SEÑAL CEDA EL PASO,DORSAL,GAC OVALLE,DORSAL - GAC OVALLE,0, , ,UNIDIRECCIONAL,ASFALTO,BUENO,SECO,DESPEJADO,0,0,0,0,13,131,13127,Metropolitana de Santiago,Santiago,Recoleta,Interseccion,"DORSAL & GAC OVALLE, Recoleta",-33.399975,-70.630143
-8071091.78416843,-4697875.3215497,3233,2023,1566989,2023/10/18 00:00:00+00,Octubre,18,Miércoles,1899/12/30 00:00:00+00,11:30:00,11,REGION ARAUCANIA,PADRE LAS CASAS,VOLCADURA,VOLCADURA,RURAL,TRAMO DE VIA CURVA HORIZONTAL,IMPRUDENCIA DEL CONDUCTOR,CONDUCCION SIN MANTENER DISTANCIA RAZONABLE NI PRUDENTE, , , ,0,"S-51, S-61",13,BIDIRECCIONAL,ASFALTO,BUENO,SECO,DESPEJADO,0,2,0,0,09,091,09112,La Araucanía,Cautín,Padre Las Casas,Ruta,"S-51, S-61 km 13",-38.833678,-72.503851
-7975942.32967175,-4220789.55766641,3234,2023,1516965,2023/03/15 00:00:00+00,Marzo,15,Miércoles,1899/12/30 00:00:00+00,15:00:00,15,REGION MAULE,TALCA,COLISION LATERAL,COLISION,URBANA,TRAMO DE VIA RECTA,IMPRUDENCIA DEL CONDUCTOR,CONDUCCION NO ATENTO CONDICIONES TRANSITO MOMENTO,8 NORTE,PRESIDENTE SALVADOR ALLENDE,8 NORTE - PRESIDENTE SALVADOR ALLENDE,0, , ,BIDIRECCIONAL,CONCRETO,BUENO,SECO,DESPEJADO,0,0,0,0,07,071,07101,Maule,Talca,Talca,Interseccion,"8 NORTE & PRESIDENTE SALVADOR ALLENDE, Talca",-35.417691,-71.649109
-7981562.62911367,-4241940.16403802,3235,2023,1566021,2023/10/18 00:00:00+00,Octubre,18,Miércoles,1899/12/30 00:00:00+00,14:00:00,14,REGION MAULE,SAN JAVIER,CHOQUE FRONTAL,CHOQUE,RURAL,TRAMO DE VIA CURVA HORIZONTAL,VELOCIDAD IMPRUDENTE,VELOCIDAD NO RAZONABLE NI PRUDENTE, , , ,0,RUTA 5 SUR,271,BIDIRECCIONAL CON BANDEJON,ASFALTO,BUENO,SECO,DESPEJADO,0,1,0,0,07,074,07406,Maule,Linares,San Javier,Ruta,RUTA 5 SUR km 271,-35.572382,-71.699597
-7835956.17752334,-2710517.51929824,3236,2023,1503956,2023/01/16 00:00:00+00,Enero,16,Lunes,1899/12/30 00:00:00+00,19:00:00,19,REGION ANTOFAGASTA,ANTOFAGASTA,COLISION,COLISION,URBANA,CRUCE CON SEÑAL CEDA EL PASO,DESOBEDIENCIA A SEÑALIZACION,SEÑALIZACION DESOBEDECER SEÑAL CEDA EL PASO,GUARDIAMARINA ERNESTO RIQUELME,JOSE SANTOS OSSA,GUARDIAMARINA ERNESTO RIQUELME - JOSE SANTOS OSSA,0, , ,UNIDIRECCIONAL,ASFALTO,BUENO,SECO,DESPEJADO,0,1,0,1,02,021,02101,Antofagasta,Antofagasta,Antofagasta,Interseccion,"GUARDIAMARINA ERNESTO RIQUELME & JOSE SANTOS OSSA, Antofagasta",-23.647538,-70.391592
-7862102.34296794,-3958568.56886833,3237,2023,1517719,2023/03/15 00:00:00+00,Marzo,15,Miércoles,1899/12/30 00:00:00+00,16:10:00,16,REGION METROPOLITANA,SAN JOAQUIN,COLISION PERPENDICULAR,COLISION,URBANA,CRUCE CON SEÑAL CEDA EL PASO,DESOBEDIENCIA A SEÑALIZACION,SEÑALIZACION DESOBEDECER SEÑAL CEDA EL PASO,PINTOR CICARELLI,IGNACIO VALDIVIESO,IGNACIO VALDIVIESO - PINTOR CICARELLI,0, , ,UNIDIRECCIONAL,ASFALTO,BUENO,SECO,DESPEJADO,0,0,0,0,13,131,13129,Metropolitana de Santiago,Santiago,San Joaquín,Interseccion,"IGNACIO VALDIVIESO & PINTOR CICARELLI, San Joaquín",-33.475339,-70.626467
-7857158.64438181,-3958147.52008997,3238,2023,1512042,2023/02/15 00:00:00+00,Febrero,15,Miércoles,1899/12/30 00:00:00+00,19:40:00,19,REGION METROPOLITANA,ÑUÑOA,COLISION POR ALCANCE,COLISION,URBANA,CRUCE CON SEMAFORO FUNCIONANDO,IMPRUDENCIA DEL CONDUCTOR,CONDUCCION SIN MANTENER DISTANCIA RAZONABLE NI PRUDENTE,RODRIGO DE ARAYA,RAMON CRUZ,RAMON CRUZ - RODRIGO DE ARAYA,0, , ,BIDIRECCIONAL CON BANDEJON,CONCRETO,BUENO,SECO,DESPEJADO,0,1,0,1,13,131,13120,Metropolitana de Santiago,Santiago,Ñuñoa,Interseccion,"RAMON CRUZ & RODRIGO DE ARAYA, Ñuñoa",-33.472184,-70.582057
-7857185.58369858,-3985941.10832212,3239,2023,1505906,2023/01/16 00:00:00+00,Enero,16,Lunes,1899/12/30 00:00:00+00,21:00:00,21,REGION METROPOLITANA,PIRQUE,COLISION LATERAL,COLISION,URBANA,TRAMO DE VIA RECTA,IMPRUDENCIA DEL CONDUCTOR,VIRAJES INDEBIDOS,ALCALDE HERNAN PRIETO,CIRCUNVALACION MAXIMO VALDES,ALCALDE HERNAN PRIETO - CIRCUNVALACION MAXIMO VALDES,0, , ,UNIDIRECCIONAL,ASFALTO,BUENO,SECO,DESPEJADO,0,0,2,0,13,132,13202,Metropolitana de Santiago,Cordillera,Pirque,Interseccion,"ALCALDE HERNAN PRIETO & CIRCUNVALACION MAXIMO VALDES, Pirque",-33.6802,-70.582299
-7880608.09511741,-3963339.56894758,3240,2023,1516638,2023/03/15 00:00:00+00,Marzo,15,Miércoles,1899/12/30 00:00:00+00,18:00:00,18,REGION METROPOLITANA,MAIPU,COLISION POR ALCANCE,COLISION,URBANA,TRAMO DE VIA RECTA,IMPRUDENCIA DEL CONDUCTOR,CONDUCCION SIN MANTENER DISTANCIA RAZONABLE NI PRUDENTE,LA CANDELARIA,VADO AZUL,LA CANDELARIA - VADO AZUL,0, , ,BIDIRECCIONAL,ASFALTO,BUENO,SECO,DESPEJADO,0,0,0,1,13,131,13119,Metropolitana de Santiago,Santiago,Maipú,Interseccion,"LA CANDELARIA & VADO AZUL, Maipú",-33.511081,-70.792707
-7965980.77542884,-3910069.49021713,3241,2023,1567883,2023/10/19 00:00:00+00,Octubre,19,Jueves,1899/12/30 00:00:00+00,08:30:00,8,REGION VALPARAISO,VALPARAISO,COLISION,COLISION,RURAL,TRAMO DE VIA RECTA,FALLAS MECANICAS,FALLAS MECANICAS MOTOR, , , ,0,RUTA 68,100,UNIDIRECCIONAL,ASFALTO,BUENO,SECO,DESPEJADO,0,1,0,1,05,051,05101,Valparaíso,Valparaíso,Valparaíso,Ruta,RUTA 68 km 100,-33.111172,-71.559623
-8151654.02331694,-4840395.97004493,3242,2023,1504209,2023/01/16 00:00:00+00,Enero,16,Lunes,1899/12/30 00:00:00+00,23:30:00,23,REGION DE LOS RIOS,VALDIVIA,COLISION LATERAL,COLISION,URBANA,CRUCE CON SEMAFORO FUNCIONANDO,DESOBEDIENCIA A SEÑALIZACION,SEÑALIZACION DESOBEDECER LUZ ROJA DE SEMAFORO,RAMON PICARTE,CORONEL SANTIAGO BUERAS,CORONEL SANTIAGO BUERAS - RAMON PICARTE,0, , ,BIDIRECCIONAL CON BANDEJON,CONCRETO,BUENO,SECO,DESPEJADO,0,1,0,0,14,141,14101,Los Ríos,Valdivia,Valdivia,Interseccion,"CORONEL SANTIAGO BUERAS & RAMON PICARTE, Valdivia",-39.823977,-73.227554