X,Y,FID,Año,IdAccident,Fecha,Mes,Dia_mes,Dia_semana,Hora,Hora_texto,Hora_aprox,Región,Comuna,Tipo_Accid,Tipo__CONA,Zona,Ubicación,Causa__CON,Causa_Acci,Calle_Uno,Calle_Dos,Intersecci,Número,Ruta,Ubicaci_1,Calzada,Tipo_Calza,Estado_Cal,Condición,Estado_Atm,Fallecidos,Graves,Menos_Grav,Leves,CUT_REG,CUT_PROV,CUT_COM,REGION,PROVINCIA,COMUNA1,Tipo_direc,Direccion,Lat,Lon
-7826556.66037244,-3172151.21146333,3243,2023,1512759,2023/02/15 00:00:00+00,Febrero,15,Miércoles,1899/12/30 00:00:00+00,21:40:00,21,REGION ATACAMA,COPIAPO,COLISION LATERAL,COLISION,URBANA,CRUCE CON SEÑAL PARE,IMPRUDENCIA DEL CONDUCTOR,CONDUCCION NO ATENTO CONDICIONES TRANSITO MOMENTO,LEONIDAS PEREZ,PEDRO DE VALDIVIA,LEONIDAS PEREZ - PEDRO DE VALDIVIA,0, , ,BIDIRECCIONAL,ASFALTO,BUENO,SECO,DESPEJADO,0,1,0,1,03,031,03101,Atacama,Copiapó,Copiapó,Interseccion,"LEONIDAS PEREZ & PEDRO DE VALDIVIA, Copiapó",-27.388956,-70.307155
-7925965.700404,-3581439.28627613,3244,2023,1517816,2023/03/15 00:00:00+00,Marzo,15,Miércoles,1899/12/30 00:00:00+00,18:30:00,18,REGION COQUIMBO,OVALLE,COLISION,COLISION,URBANA,CRUCE SIN SEÑALIZACION,IMPRUDENCIA DEL CONDUCTOR,CONDUCIR VEHICULO EN RETROCESO,ARAUCO,INDEPENDENCIA,ARAUCO - INDEPENDENCIA,0, , ,UNIDIRECCIONAL,CONCRETO,REGULAR,SECO,DESPEJADO,0,0,0,0,04,043,04301,Coquimbo,Limarí,Ovalle,Interseccion,"ARAUCO & INDEPENDENCIA, Ovalle",-30.604094,-71.200161
-7871244.9014273,-3976796.07138917,3245,2023,1503871,2023/01/17 00:00:00+00,Enero,17,Martes,1899/12/30 00:00:00+00,00:15:00,0,REGION METROPOLITANA,SAN BERNARDO,COLISION LATERAL,COLISION,URBANA,CRUCE CON SEÑAL PARE,DESOBEDIENCIA A SEÑALIZACION,SEÑALIZACION DESOBEDECER SEÑAL PARE,MATEO DE TORO Y ZAMBRANO,RAUL BRAÑEZ,MATEO DE TORO Y ZAMBRANO - RAUL BRAÑEZ,0, , ,BIDIRECCIONAL,ASFALTO,BUENO,SECO,DESPEJADO,0,0,0,1,13,134,13401,Metropolitana de Santiago,Maipo,San Bernardo,Interseccion,"MATEO DE TORO Y ZAMBRANO & RAUL BRAÑEZ, San Bernardo",-33.611811,-70.708596
-7991733.28441868,-4259451.96416172,3246,2023,1567130,2023/10/19 00:00:00+00,Octubre,19,Jueves,1899/12/30 00:00:00+00,18:00:00,18,REGION MAULE,SAN JAVIER,VOLCADURA,VOLCADURA,RURAL,TRAMO DE VIA RECTA,ALCOHOL EN CONDUCTOR,CONDUCCION EN ESTADO DE EBRIEDAD, , , ,0,L-32,"27,1",BIDIRECCIONAL,ASFALTO,BUENO,SECO,DESPEJADO,0,0,0,1,07,074,07406,Maule,Linares,San Javier,Ruta,"L-32 km 27,1",-35.700233,-71.790962
-7960377.61622741,-3895230.96047969,3247,2023,1510619,2023/02/15 00:00:00+00,Febrero,15,Miércoles,1899/12/30 00:00:00+00,21:55:00,21,REGION VALPARAISO,VIÑA DEL MAR,VOLCADURA,VOLCADURA,URBANA,TRAMO DE VIA RECTA,VELOCIDAD IMPRUDENTE,VELOCIDAD NO RAZONABLE NI PRUDENTE,CAMINO INTERNACIONAL,ROTONDA SANTA JULIA,CAMINO INTERNACIONAL - ROTONDA SANTA JULIA,0, , ,UNIDIRECCIONAL,CONCRETO,BUENO,SECO,DESPEJADO,0,0,0,1,05,051,05109,Valparaíso,Valparaíso,Viña del Mar,Interseccion,"CAMINO INTERNACIONAL & ROTONDA SANTA JULIA, Viña del Mar",-32.99945,-71.509289
-7867705.60953702,-3946415.82950272,3248,2023,1518102,2023/03/15 00:00:00+00,Marzo,15,Miércoles,1899/12/30 00:00:00+00,20:50:00,20,REGION METROPOLITANA,CONCHALI,COLISION FRONTAL,COLISION,URBANA,TRAMO DE VIA RECTA,IMPRUDENCIA DEL CONDUCTOR,CONDUCCION NO ATENTO CONDICIONES TRANSITO MOMENTO,DIEGO SILVA HENRIQUEZ,CORDILLERA DE LOS ANDES,CORDILLERA DE LOS ANDES - DIEGO SILVA HENRIQUEZ,0, , ,UNIDIRECCIONAL,CONCRETO,BUENO,SECO,DESPEJADO,0,0,0,0,13,131,13104,Metropolitana de Santiago,Santiago,Conchalí,Interseccion,"CORDILLERA DE LOS ANDES & DIEGO SILVA HENRIQUEZ, Conchalí",-33.38423,-70.676802
-7964992.44361962,-3897751.7014964,3249,2023,1507743,2023/01/17 00:00:00+00,Enero,17,Martes,1899/12/30 00:00:00+00,00:15:00,0,REGION VALPARAISO,VIÑA DEL MAR,COLISION POR ALCANCE,COLISION,URBANA,TRAMO DE VIA RECTA,IMPRUDENCIA DEL CONDUCTOR,CONDUCCION NO ATENTO CONDICIONES TRANSITO MOMENTO,5 NORTE,LIBERTAD,5 NORTE - LIBERTAD,0, , ,UNIDIRECCIONAL,CONCRETO,BUENO,SECO,DESPEJADO,0,0,0,0,05,051,05109,Valparaíso,Valparaíso,Viña del Mar,Interseccion,"5 NORTE & LIBERTAD, Viña del Mar",-33.018439,-71.550744
-7976851.2783387,-4232797.37625964,3250,2023,1566822,2023/10/20 00:00:00+00,Octubre,20,Viernes,1899/12/30 00:00:00+00,08:15:00,8,REGION MAULE,MAULE,VOLCADURA,VOLCADURA,RURAL,TRAMO DE VIA RECTA,VELOCIDAD IMPRUDENTE,VELOCIDAD NO RAZONABLE NI PRUDENTE, , , ,0,K-635,"1,9",BIDIRECCIONAL,ASFALTO,BUENO,SECO,DESPEJADO,0,1,0,0,07,071,07105,Maule,Talca,Maule,Ruta,"K-635 km 1,9",-35.50555,-71.657274
-7868460.46700409,-3968134.0445171,3251,2023,1517762,2023/03/15 00:00:00+00,Marzo,15,Miércoles,1899/12/30 00:00:00+00,21:00:00,21,REGION METROPOLITANA,EL BOSQUE,COLISION FRONTAL,COLISION,URBANA,TRAMO DE VIA RECTA,IMPRUDENCIA DEL CONDUCTOR,CONDUCCION CONTRA SENTIDO DEL TRANSITO,VICTOR PLAZA MAYORGA,ANTONIO BORQUEZ DEL SOLAR,ANTONIO BORQUEZ DEL SOLAR - VICTOR PLAZA MAYORGA,0, , ,UNIDIRECCIONAL,CONCRETO,BUENO,SECO,DESPEJADO,0,1,0,0,13,131,13105,Metropolitana de Santiago,Santiago,El Bosque,Interseccion,"ANTONIO BORQUEZ DEL SOLAR & VICTOR PLAZA MAYORGA, El Bosque",-33.546984,-70.683583
-7873010.08346086,-4011404.6459419,3252,2023,1514114,2023/02/15 00:00:00+00,Febrero,15,Miércoles,1899/12/30 00:00:00+00,23:30:00,23,REGION METROPOLITANA,PAINE,VOLCADURA,VOLCADURA,URBANA,TRAMO DE VIA CURVA HORIZONTAL,VELOCIDAD IMPRUDENTE,VELOCIDAD NO RAZONABLE NI PRUDENTE,EL ROMERO,CAMINO CHADA,CAMINO CHADA - EL ROMERO,0, , ,BIDIRECCIONAL,ASFALTO,BUENO,SECO,DESPEJADO,0,0,1,0,13,134,13404,Metropolitana de Santiago,Maipo,Paine,Interseccion,"CAMINO CHADA & EL ROMERO, Paine",-33.870337,-70.724453
-8142019.15685858,-4423736.85427925,3253,2023,1567303,2023/10/20 00:00:00+00,Octubre,20,Viernes,1899/12/30 00:00:00+00,10:30:00,10,REGION BIO BIO,SAN PEDRO DE LA PAZ,COLISION POR ALCANCE,COLISION,RURAL,TRAMO DE VIA RECTA,IMPRUDENCIA DEL CONDUCTOR,CONDUCCION CAMBIAR SORPRESIVAMENTE PISTA CIRCULACION, , , ,0,RUTA 160,"10,5",BIDIRECCIONAL CON BANDEJON,ASFALTO,BUENO,SECO,DESPEJADO,0,1,0,0,08,081,08108,Biobío,Concepción,San Pedro de la Paz,Ruta,"RUTA 160 km 10,5",-36.889652,-73.141003
-7860970.22374657,-3961351.07917528,3254,2023,1506831,2023/01/17 00:00:00+00,Enero,17,Martes,1899/12/30 00:00:00+00,01:00:00,1,REGION METROPOLITANA,MACUL,COLISION PERPENDICULAR,COLISION,URBANA,CRUCE CON SEMAFORO FUNCIONANDO,DESOBEDIENCIA A SEÑALIZACION,SEÑALIZACION DESOBEDECER LUZ ROJA DE SEMAFORO,VICUÑA MACKENNA,MONS CARLOS CASANUEVA,MONS CARLOS CASANUEVA - VICUÑA MACKENNA,0, , ,BIDIRECCIONAL CON BANDEJON,CONCRETO,BUENO,SECO,DESPEJADO,0,1,0,0,13,131,13118,Metropolitana de Santiago,Santiago,Macul,Interseccion,"MONS CARLOS CASANUEVA & VICUÑA MACKENNA, Macul",-33.496186,-70.616297
-8115685.94494714,-4936954.47583614,3255,2023,1567926,2023/10/20 00:00:00+00,Octubre,20,Viernes,1899/12/30 00:00:00+00,18:30:00,18,REGION LOS LAGOS,OSORNO,IMPACTO CON ANIMAL,OTRO TIPO,RURAL,TRAMO DE VIA RECTA,DEFICIENCIAS VIALES,ANIMALES SUELTOS VIA PUBLICA, , , ,0,U-11,13,BIDIRECCIONAL,RIPIO,REGULAR, ,DESPEJADO,0,0,0,0,10,103,10301,Los Lagos,Osorno,Osorno,Ruta,U-11 km 13,-40.48692,-72.904447
-8040217.09046088,-4761579.47711101,3256,2023,1510925,2023/02/16 00:00:00+00,Febrero,16,Jueves,1899/12/30 00:00:00+00,00:25:00,0,REGION ARAUCANIA,VILLARRICA,COLISION LATERAL,COLISION,URBANA,TRAMO DE VIA RECTA,DESOBEDIENCIA A SEÑALIZACION,SEÑALIZACION DESOBEDECER SEÑAL CEDA EL PASO,MANUEL ANTONIO MATTA,SAN MARTIN,MANUEL ANTONIO MATTA - SAN MARTIN,0, , ,UNIDIRECCIONAL,ASFALTO,BUENO,SECO,DESPEJADO,0,0,0,1,09,091,09120,La Araucanía,Cautín,Villarrica,Interseccion,"MANUEL ANTONIO MATTA & SAN MARTIN, Villarrica",-39.278057,-72.226499
-7877421.86669561,-3954128.77284371,3257,2023,1516979,2023/03/15 00:00:00+00,Marzo,15,Miércoles,1899/12/30 00:00:00+00,22:35:00,22,REGION METROPOLITANA,PUDAHUEL,COLISION,COLISION,URBANA,CRUCE CON SEMAFORO FUNCIONANDO,DESOBEDIENCIA A SEÑALIZACION,SEÑALIZACION DESOBEDECER LUZ ROJA DE SEMAFORO,SAN PABLO,FEDERICO ERRAZURIZ,FEDERICO ERRAZURIZ - SAN PABLO,0, , ,BIDIRECCIONAL,ASFALTO,REGULAR,SECO,DESPEJADO,0,1,0,1,13,131,13124,Metropolitana de Santiago,Santiago,Pudahuel,Interseccion,"FEDERICO ERRAZURIZ & SAN PABLO, Pudahuel",-33.442065,-70.764085
-7865537.99641229,-3954626.92444903,3258,2023,1504176,2023/01/17 00:00:00+00,Enero,17,Martes,1899/12/30 00:00:00+00,11:00:00,11,REGION METROPOLITANA,SANTIAGO,COLISION LATERAL,COLISION,URBANA,TRAMO DE VIA RECTA,IMPRUDENCIA DEL CONDUCTOR,CONDUCCION CAMBIAR SORPRESIVAMENTE PISTA CIRCULACION,LIBER BERNARDO O'HIGGINS,SAN IGNACIO DE LOYOLA,LIBER BERNARDO O'HIGGINS - SAN IGNACIO DE LOYOLA,0, , ,BIDIRECCIONAL CON BANDEJON,CONCRETO,BUENO,SECO,DESPEJADO,0,0,0,0,13,131,13101,Metropolitana de Santiago,Santiago,Santiago,Interseccion,"LIBER BERNARDO O'HIGGINS & SAN IGNACIO DE LOYOLA, Santiago",-33.445799,-70.65733
-7920355.27054814,-4148249.74454943,3259,2023,1567806,2023/10/21 00:00:00+00,Octubre,21,Sábado,1899/12/30 00:00:00+00,13:10:00,13,REGION MAULE,TENO,COLISION,COLISION,RURAL,TRAMO DE VIA RECTA,IMPRUDENCIA DEL CONDUCTOR,CONDUCCION NO ATENTO CONDICIONES TRANSITO MOMENTO, , , ,0,J-415,"0,3",BIDIRECCIONAL,ASFALTO,BUENO,SECO,NUBLADO,0,0,0,1,07,073,07308,Maule,Curicó,Teno,Ruta,"J-415 km 0,3",-34.884894,-71.149762
-7824235.21632393,-2090580.82272329,3260,2023,1516370,2023/03/15 00:00:00+00,Marzo,15,Miércoles,1899/12/30 00:00:00+00,23:00:00,23,REGION ARICA Y PARINACOTA,ARICA,COLISION,COLISION,URBANA,TRAMO DE VIA RECTA,ALCOHOL EN CONDUCTOR,CONDUCCION EN ESTADO DE EBRIEDAD,ARGENTINA,ANTARTICA,ANTARTICA - ARGENTINA,0, , ,BIDIRECCIONAL,ASFALTO,BUENO,SECO,DESPEJADO,0,0,0,2,15,151,15101,Arica y Parinacota,Arica,Arica,Interseccion,"ANTARTICA & ARGENTINA, Arica",-18.452494,-70.286301
-7964230.88586579,-4225116.02450817,3261,2023,1566839,2023/10/21 00:00:00+00,Octubre,21,Sábado,1899/12/30 00:00:00+00,18:00:00,18,REGION MAULE,TALCA,IMPACTO CON ANIMAL,OTRO TIPO,RURAL,TRAMO DE VIA RECTA,DEFICIENCIAS VIALES,ANIMALES SUELTOS VIA PUBLICA, , , ,0,K-555,3,BIDIRECCIONAL,ASFALTO,BUENO,SECO,DESPEJADO,0,1,0,0,07,071,07101,Maule,Talca,Talca,Ruta,K-555 km 3,-35.449358,-71.543903
-7870842.2588291,-3957117.71672569,3262,2023,1506278,2023/01/17 00:00:00+00,Enero,17,Martes,1899/12/30 00:00:00+00,11:35:00,11,REGION METROPOLITANA,ESTACION CENTRAL,COLISION POR ALCANCE,COLISION,URBANA,TRAMO DE VIA RECTA,IMPRUDENCIA DEL CONDUCTOR,CONDUCCION SIN MANTENER DISTANCIA RAZONABLE NI PRUDENTE,EMBAJADOR QUINTANA,LIBER BERNARDO O'HIGGINS,EMBAJADOR QUINTANA - LIBER BERNARDO O'HIGGINS,0, , ,BIDIRECCIONAL CON BANDEJON,ASFALTO,BUENO,SECO,DESPEJADO,0,1,0,1,13,131,13106,Metropolitana de Santiago,Santiago,Estación Central,Interseccion,"EMBAJADOR QUINTANA & LIBER BERNARDO O'HIGGINS, Estación Central",-33.464467,-70.704979
-7875489.25460419,-3963056.8585261,3263,2023,1518497,2023/03/15 00:00:00+00,Marzo,15,Miércoles,1899/12/30 00:00:00+00,23:00:00,23,REGION METROPOLITANA,MAIPU,VOLCADURA,VOLCADURA,URBANA,TRAMO DE VIA RECTA,IMPRUDENCIA DEL CONDUCTOR,VIRAJES INDEBIDOS,SEGUNDA TRANSVERSAL,EL ALTO,EL ALTO - SEGUNDA TRANSVERSAL,0, , ,BIDIRECCIONAL,ASFALTO,BUENO,SECO,DESPEJADO,0,0,0,1,13,131,13119,Metropolitana de Santiago,Santiago,Maipú,Interseccion,"EL ALTO & SEGUNDA TRANSVERSAL, Maipú",-33.508963,-70.746724
-8124753.97874775,-5059222.6219138,3264,2023,1570249,2023/10/22 00:00:00+00,Octubre,22,Domingo,1899/12/30 00:00:00+00,14:30:00,14,REGION LOS LAGOS,PUERTO VARAS,COLISION POR ALCANCE,COLISION,RURAL,TRAMO DE VIA RECTA,IMPRUDENCIA DEL CONDUCTOR,CONDUCCION SIN MANTENER DISTANCIA RAZONABLE NI PRUDENTE, , , ,0,"V-55, 225 CH",2,BIDIRECCIONAL,ASFALTO,BUENO,SECO,DESPEJADO,0,1,0,1,10,101,10109,Los Lagos,Llanquihue,Puerto Varas,Ruta,"V-55, 225 CH km 2",-41.317071,-72.985907
-8152651.93014971,-4838845.55237918,3265,2023,1510294,2023/02/16 00:00:00+00,Febrero,16,Jueves,1899/12/30 00:00:00+00,08:30:00,8,REGION DE LOS RIOS,VALDIVIA,COLISION LATERAL,COLISION,URBANA,CRUCE CON SEÑAL PARE,IMPRUDENCIA DEL CONDUCTOR,CONDUCCION NO ATENTO CONDICIONES TRANSITO MOMENTO,ARTURO PRAT,PEDRO DE VALDIVIA,ARTURO PRAT - PEDRO DE VALDIVIA,0, , ,BIDIRECCIONAL,CONCRETO,BUENO,SECO,DESPEJADO,0,1,0,0,14,141,14101,Los Ríos,Valdivia,Valdivia,Interseccion,"ARTURO PRAT & PEDRO DE VALDIVIA, Valdivia",-39.81328,-73.236518
-7970813.39545295,-4279753.97922099,3266,2023,1505195,2023/01/17 00:00:00+00,Enero,17,Martes,1899/12/30 00:00:00+00,12:30:00,12,REGION MAULE,LINARES,COLISION PERPENDICULAR,COLISION,URBANA,CRUCE CON SEÑAL PARE,DESOBEDIENCIA A SEÑALIZACION,SEÑALIZACION DESOBEDECER SEÑAL PARE,VALENTIN LETELIER,SAN MARTIN,SAN MARTIN - VALENTIN LETELIER,0, , ,BIDIRECCIONAL,ASFALTO,BUENO,SECO,DESPEJADO,0,0,0,1,07,074,07401,Maule,Linares,Linares,Interseccion,"SAN MARTIN & VALENTIN LETELIER, Linares",-35.8482,-71.603035
-7982021.31031089,-4231823.12036927,3267,2023,1566853,2023/10/22 00:00:00+00,Octubre,22,Domingo,1899/12/30 00:00:00+00,20:30:00,20,REGION MAULE,MAULE,COLISION LATERAL,COLISION,RURAL,TRAMO DE VIA RECTA,IMPRUDENCIA DEL CONDUCTOR,CONDUCCION NO ATENTO CONDICIONES TRANSITO MOMENTO, , , ,0,K-620,6,BIDIRECCIONAL,ASFALTO,BUENO,SECO,DESPEJADO,0,0,0,2,07,071,07105,Maule,Talca,Maule,Ruta,K-620 km 6,-35.498425,-71.703717
-7858753.51872641,-3955859.31126543,3268,2023,1510977,2023/02/16 00:00:00+00,Febrero,16,Jueves,1899/12/30 00:00:00+00,09:35:00,9,REGION METROPOLITANA,ÑUÑOA,ATROPELLO,ATROPELLO,URBANA,CRUCE CON SEÑAL CEDA EL PASO,IMPRUDENCIA DEL CONDUCTOR,CONDUCCION NO ATENTO CONDICIONES TRANSITO MOMENTO,IRARRAZAVAL,HOLANDA,HOLANDA - IRARRAZAVAL,0, , ,BIDIRECCIONAL CON BANDEJON,CONCRETO,BUENO,SECO,DESPEJADO,0,0,1,0,13,131,13120,Metropolitana de Santiago,Santiago,Ñuñoa,Interseccion,"HOLANDA & IRARRAZAVAL, Ñuñoa",-33.455036,-70.596384
-7672870.74130749,-2567491.26702988,3269,2023,1516927,2023/03/16 00:00:00+00,Marzo,16,Jueves,1899/12/30 00:00:00+00,05:00:00,5,REGION ANTOFAGASTA,CALAMA,COLISION,COLISION,URBANA,CRUCE CON SEMAFORO FUNCIONANDO,IMPRUDENCIA DEL CONDUCTOR,CONDUCCION CONTRA SENTIDO DEL TRANSITO,ABAROA,PEDRO LEON GALLO,ABAROA - PEDRO LEON GALLO,0, , ,UNIDIRECCIONAL,ASFALTO,BUENO,SECO,DESPEJADO,0,0,0,0,02,022,02201,Antofagasta,El Loa,Calama,Interseccion,"ABAROA & PEDRO LEON GALLO, Calama",-22.465373,-68.926571
-7908278.11302695,-4124437.88888139,3270,2023,1507127,2023/01/17 00:00:00+00,Enero,17,Martes,1899/12/30 00:00:00+00,13:30:00,13,REGION LIB.B.O'HIGGINS,CHIMBARONGO,COLISION POR ALCANCE,COLISION,URBANA,CRUCE CON SEÑAL PARE,IMPRUDENCIA DEL CONDUCTOR,CONDUCCION NO ATENTO CONDICIONES TRANSITO MOMENTO,MIRAFLORES,EL MARTILLO,EL MARTILLO - MIRAFLORES,0, , ,BIDIRECCIONAL,ASFALTO,BUENO,SECO,DESPEJADO,0,1,0,0,06,063,06303,Libertador General Bernardo O'Higgins,Colchagua,Chimbarongo,Interseccion,"EL MARTILLO & MIRAFLORES, Chimbarongo",-34.70924,-71.041271
-7932117.64770769,-4193629.311569,3271,2023,1567345,2023/10/23 00:00:00+00,Octubre,23,Lunes,1899/12/30 00:00:00+00,07:30:00,7,REGION MAULE,RIO CLARO,COLISION LATERAL,COLISION,RURAL,TRAMO DE VIA RECTA,IMPRUDENCIA DEL CONDUCTOR,VIRAJES INDEBIDOS, , , ,0,"K-15, K-25, K-55",15,BIDIRECCIONAL,ASFALTO,REGULAR,HUMEDO,LLOVIZNA,0,0,0,2,07,071,07108,Maule,Talca,Río Claro,Ruta,"K-15, K-25, K-55 km 15",-35.218611,-71.255425
-7859696.06085495,-3955574.05080703,3272,2023,1512033,2023/02/16 00:00:00+00,Febrero,16,Jueves,1899/12/30 00:00:00+00,10:35:00,10,REGION METROPOLITANA,ÑUÑOA,COLISION FRONTAL,COLISION,URBANA,TRAMO DE VIA RECTA,IMPRUDENCIA DEL CONDUCTOR,CONDUCCION NO ATENTO CONDICIONES TRANSITO MOMENTO,PEDRO DE VALDIVIA,CAP ORELLA,CAP ORELLA - PEDRO DE VALDIVIA,0, , ,BIDIRECCIONAL,ASFALTO,BUENO,SECO,DESPEJADO,0,1,0,0,13,131,13120,Metropolitana de Santiago,Santiago,Ñuñoa,Interseccion,"CAP ORELLA & PEDRO DE VALDIVIA, Ñuñoa",-33.452898,-70.604851
-8080232.32857991,-4683334.56129676,3273,2023,1516995,2023/03/16 00:00:00+00,Marzo,16,Jueves,1899/12/30 00:00:00+00,08:30:00,8,REGION ARAUCANIA,TEMUCO,ATROPELLO,ATROPELLO,URBANA,CRUCE CON SEMAFORO FUNCIONANDO,IMPRUDENCIA DEL CONDUCTOR,CONDUCCION NO ATENTO CONDICIONES TRANSITO MOMENTO,CAUPOLICAN,GENERAL ALDUNATE,CAUPOLICAN - GENERAL ALDUNATE,0, , ,BIDIRECCIONAL CON BANDEJON,CONCRETO,BUENO,SECO,DESPEJADO,0,0,0,1,09,091,09101,La Araucanía,Cautín,Temuco,Interseccion,"CAUPOLICAN & GENERAL ALDUNATE, Temuco",-38.731855,-72.585962
-8127125.77755566,-4405864.93434295,3274,2023,1567976,2023/10/23 00:00:00+00,Octubre,23,Lunes,1899/12/30 00:00:00+00,08:05:00,8,REGION BIO BIO,PENCO,COLISION LATERAL,COLISION,RURAL,TRAMO DE VIA RECTA,IMPRUDENCIA DEL CONDUCTOR,VIRAJES INDEBIDOS, , , ,0,RUTA 150,6,BIDIRECCIONAL,ASFALTO,BUENO,SECO,DESPEJADO,0,0,0,1,08,081,08107,Biobío,Concepción,Penco,Ruta,RUTA 150 km 6,-36.76114,-73.007213
-7827308.80164393,-2093877.12253147,3275,2023,1559533,2023/01/17 00:00:00+00,Enero,17,Martes,1899/12/30 00:00:00+00,14:45:00,14,REGION ARICA Y PARINACOTA,ARICA,CHOQUE FRONTAL,CHOQUE,URBANA,CRUCE CON SEÑAL PARE,VELOCIDAD IMPRUDENTE,VELOCIDAD MAYOR QUE MAXIMA PERMITIDA,SAN MARTIN,MAIPU,MAIPU - SAN MARTIN,0, , ,UNIDIRECCIONAL,ASFALTO,BUENO,SECO,DESPEJADO,0,1,0,0,15,151,15101,Arica y Parinacota,Arica,Arica,Interseccion,"MAIPU & SAN MARTIN, Arica",-18.480581,-70.313911
-7914886.22706547,-4078851.43876976,3276,2023,1567501,2023/10/25 00:00:00+00,Octubre,25,Miércoles,1899/12/30 00:00:00+00,17:50:00,17,REGION LIB.B.O'HIGGINS,QUINTA DE TILCOCO,VOLCADURA,VOLCADURA,RURAL,TRAMO DE VIA RECTA,VELOCIDAD IMPRUDENTE,VELOCIDAD NO RAZONABLE NI PRUDENTE, , , ,0,H-592,0,BIDIRECCIONAL,ASFALTO,BUENO,SECO,DESPEJADO,0,1,0,0,06,061,06114,Libertador General Bernardo O'Higgins,Cachapoal,Quinta de Tilcoco,Ruta,H-592 km 0,-34.371917,-71.100633
-7878226.79864187,-3956867.259043,3277,2023,1518504,2023/03/16 00:00:00+00,Marzo,16,Jueves,1899/12/30 00:00:00+00,08:30:00,8,REGION METROPOLITANA,MAIPU,COLISION POR ALCANCE,COLISION,URBANA,TRAMO DE VIA RECTA,IMPRUDENCIA DEL CONDUCTOR,CONDUCCION NO ATENTO CONDICIONES TRANSITO MOMENTO,AMERICO VESPUCIO,CAMINO CASAS VIEJAS,AMERICO VESPUCIO - CAMINO CASAS VIEJAS,0, , ,BIDIRECCIONAL CON BANDEJON,ASFALTO,BUENO,SECO,DESPEJADO,0,0,0,0,13,131,13119,Metropolitana de Santiago,Santiago,Maipú,Interseccion,"AMERICO VESPUCIO & CAMINO CASAS VIEJAS, Maipú",-33.46259,-70.771315
-7977868.63545837,-4225234.66296792,3278,2023,1510897,2023/02/16 00:00:00+00,Febrero,16,Jueves,1899/12/30 00:00:00+00,13:30:00,13,REGION MAULE,TALCA,CHOQUE POSTERIOR/LADO,CHOQUE,URBANA,CRUCE CON SEÑAL PARE,IMPRUDENCIA DEL CONDUCTOR,CONDUCIR VEHICULO EN RETROCESO,5 1/2 ORIENTE,21 NORTE,21 NORTE - 5 1/2 ORIENTE,0, , ,BIDIRECCIONAL,ASFALTO,BUENO,SECO,DESPEJADO,0,0,0,0,07,071,07101,Maule,Talca,Talca,Interseccion,"21 NORTE & 5 1/2 ORIENTE, Talca",-35.450226,-71.666413
-7877091.51240325,-4051243.57503803,3279,2023,1504058,2023/01/17 00:00:00+00,Enero,17,Martes,1899/12/30 00:00:00+00,16:15:00,16,REGION LIB.B.O'HIGGINS,RANCAGUA,COLISION PERPENDICULAR,COLISION,URBANA,CRUCE CON SEÑAL PARE,DESOBEDIENCIA A SEÑALIZACION,SEÑALIZACION DESOBEDECER SEÑAL PARE,CALLE A,BAQUEDANO,BAQUEDANO - CALLE A,0, , ,BIDIRECCIONAL CON BANDEJON,CONCRETO,BUENO,SECO,DESPEJADO,0,0,0,1,06,061,06101,Libertador General Bernardo O'Higgins,Cachapoal,Rancagua,Interseccion,"BAQUEDANO & CALLE A, Rancagua",-34.166966,-70.761117
-7950089.67147863,-4236311.58700721,3280,2023,1568008,2023/10/25 00:00:00+00,Octubre,25,Miércoles,1899/12/30 00:00:00+00,20:50:00,20,REGION MAULE,SAN CLEMENTE,COLISION FRONTAL,COLISION,RURAL,TRAMO DE VIA RECTA,IMPRUDENCIA DEL CONDUCTOR,ADELANTAMIENTO SOBREPASANDO LINEA CONTINUA, , , ,0,K-579,9,BIDIRECCIONAL,ASFALTO,REGULAR,SECO,DESPEJADO,0,0,1,2,07,071,07109,Maule,Talca,San Clemente,Ruta,K-579 km 9,-35.531245,-71.416871
-8153321.47798067,-4839439.67334086,3281,2023,1510297,2023/02/16 00:00:00+00,Febrero,16,Jueves,1899/12/30 00:00:00+00,13:40:00,13,REGION DE LOS RIOS,VALDIVIA,ATROPELLO,ATROPELLO,URBANA,CRUCE SIN SEÑALIZACION,IMPRUDENCIA DEL CONDUCTOR,CONDUCCION NO ATENTO CONDICIONES TRANSITO MOMENTO,ECUADOR,CORONEL SANTIAGO BUERAS,CORONEL SANTIAGO BUERAS - ECUADOR,0, , ,BIDIRECCIONAL,CONCRETO,BUENO,SECO,DESPEJADO,0,1,0,2,14,141,14101,Los Ríos,Valdivia,Valdivia,Interseccion,"CORONEL SANTIAGO BUERAS & ECUADOR, Valdivia",-39.817379,-73.242533
-7930999.2447953,-3492793.33646877,3282,2023,1516852,2023/03/16 00:00:00+00,Marzo,16,Jueves,1899/12/30 00:00:00+00,14:15:00,14,REGION COQUIMBO,LA SERENA,CHOQUE FRENTE/POSTERIOR,CHOQUE,URBANA,CRUCE CON SEMAFORO FUNCIONANDO,IMPRUDENCIA DEL CONDUCTOR,CONDUCCION SIN MANTENER DISTANCIA RAZONABLE NI PRUDENTE,EL SANTO,HUANHUALI,EL SANTO - HUANHUALI,0, , ,UNIDIRECCIONAL,ASFALTO,BUENO,SECO,DESPEJADO,0,0,0,0,04,041,04101,Coquimbo,Elqui,La Serena,Interseccion,"EL SANTO & HUANHUALI, La Serena",-29.916283,-71.245378
-7895632.44151182,-7017180.03558522,3283,2023,1504924,2023/01/17 00:00:00+00,Enero,17,Martes,1899/12/30 00:00:00+00,17:10:00,17,REGION MAGALLANES Y ANTARTICA CHILENA,PUNTA ARENAS,CHOQUE FRENTE/POSTERIOR,CHOQUE,URBANA,CRUCE CON SEÑAL PARE,IMPRUDENCIA DEL CONDUCTOR,CONDUCCION NO ATENTO CONDICIONES TRANSITO MOMENTO,PRESIDENTE JORGE ALESSANDRI,21 DE MAYO,21 DE MAYO - PRESIDENTE JORGE ALESSANDRI,0, , ,BIDIRECCIONAL,CONCRETO,BUENO,SECO,DESPEJADO,0,1,0,0,12,121,12101,Magallanes y de la Antártica Chilena,Magallanes,Punta Arenas,Interseccion,"21 DE MAYO & PRESIDENTE JORGE ALESSANDRI, Punta Arenas",-53.1844,-70.927673