X,Y,FID,Año,IdAccident,Fecha,Mes,Dia_mes,Dia_semana,Hora,Hora_texto,Hora_aprox,Región,Comuna,Tipo_Accid,Tipo__CONA,Zona,Ubicación,Causa__CON,Causa_Acci,Calle_Uno,Calle_Dos,Intersecci,Número,Ruta,Ubicaci_1,Calzada,Tipo_Calza,Estado_Cal,Condición,Estado_Atm,Fallecidos,Graves,Menos_Grav,Leves,CUT_REG,CUT_PROV,CUT_COM,REGION,PROVINCIA,COMUNA1,Tipo_direc,Direccion,Lat,Lon
-7935296.42468107,-4170852.77978528,3284,2023,1567811,2023/10/26 00:00:00+00,Octubre,26,Jueves,1899/12/30 00:00:00+00,20:30:00,20,REGION MAULE,SAGRADA FAMILIA,COLISION POR ALCANCE,COLISION,RURAL,TRAMO DE VIA RECTA,IMPRUDENCIA DEL CONDUCTOR,CONDUCCION SIN MANTENER DISTANCIA RAZONABLE NI PRUDENTE, , , ,0,RUTA 5 SUR,"200,1",BIDIRECCIONAL,ASFALTO,BUENO,SECO,DESPEJADO,0,0,1,0,07,073,07307,Maule,Curicó,Sagrada Familia,Ruta,"RUTA 5 SUR km 200,1",-35.051285,-71.283981
-7930999.2447953,-3492793.33646877,3285,2023,1517598,2023/03/16 00:00:00+00,Marzo,16,Jueves,1899/12/30 00:00:00+00,14:15:00,14,REGION COQUIMBO,LA SERENA,CHOQUE FRENTE/POSTERIOR,CHOQUE,URBANA,TRAMO DE VIA RECTA,IMPRUDENCIA DEL CONDUCTOR,CONDUCCION NO ATENTO CONDICIONES TRANSITO MOMENTO,EL SANTO,HUANHUALI,EL SANTO - HUANHUALI,0, , ,UNIDIRECCIONAL,ASFALTO,BUENO,SECO,DESPEJADO,0,0,0,0,04,041,04101,Coquimbo,Elqui,La Serena,Interseccion,"EL SANTO & HUANHUALI, La Serena",-29.916283,-71.245378
-7925537.65457555,-3581429.02992565,3286,2023,1511197,2023/02/16 00:00:00+00,Febrero,16,Jueves,1899/12/30 00:00:00+00,14:00:00,14,REGION COQUIMBO,OVALLE,COLISION,COLISION,URBANA,CRUCE CON SEMAFORO FUNCIONANDO,IMPRUDENCIA DEL CONDUCTOR,ADELANTAMIENTO SIN EL ESPACIO O TIEMPO SUFICIENTE,ARIZTIA ORIENTE,DAVID PERRY,ARIZTIA ORIENTE - DAVID PERRY,0, , ,UNIDIRECCIONAL,ASFALTO,BUENO,SECO,DESPEJADO,0,0,0,1,04,043,04301,Coquimbo,Limarí,Ovalle,Interseccion,"ARIZTIA ORIENTE & DAVID PERRY, Ovalle",-30.604015,-71.196316
-7853792.02383837,-3949643.98700185,3287,2023,1508955,2023/01/17 00:00:00+00,Enero,17,Martes,1899/12/30 00:00:00+00,18:15:00,18,REGION METROPOLITANA,LAS CONDES,COLISION,COLISION,URBANA,CRUCE CON SEMAFORO FUNCIONANDO,IMPRUDENCIA DEL CONDUCTOR,CONDUCCION NO ATENTO CONDICIONES TRANSITO MOMENTO,TOMAS MORO,APOQUINDO,APOQUINDO - TOMAS MORO,0, , ,BIDIRECCIONAL CON BANDEJON,CONCRETO,BUENO,SECO,DESPEJADO,0,1,0,1,13,131,13114,Metropolitana de Santiago,Santiago,Las Condes,Interseccion,"APOQUINDO & TOMAS MORO, Las Condes",-33.408441,-70.551814
-8124728.04915442,-4402609.66908502,3288,2023,1569326,2023/10/27 00:00:00+00,Octubre,27,Viernes,1899/12/30 00:00:00+00,12:45:00,12,REGION BIO BIO,PENCO,VOLCADURA,VOLCADURA,RURAL,TRAMO DE VIA RECTA,VELOCIDAD IMPRUDENTE,VELOCIDAD NO RAZONABLE NI PRUDENTE, , , ,0,RUTA 150,9,BIDIRECCIONAL,ASFALTO,BUENO,SECO,DESPEJADO,0,0,0,1,08,081,08107,Biobío,Concepción,Penco,Ruta,RUTA 150 km 9,-36.73771,-72.985674
-7871630.06686545,-3952868.42884152,3289,2023,1505458,2023/01/17 00:00:00+00,Enero,17,Martes,1899/12/30 00:00:00+00,18:20:00,18,REGION METROPOLITANA,QUINTA NORMAL,COLISION LATERAL,COLISION,URBANA,CRUCE CON SEÑAL PARE,IMPRUDENCIA DEL CONDUCTOR,CONDUCCION NO ATENTO CONDICIONES TRANSITO MOMENTO,JOSE JOAQUIN PEREZ,MAXIMILIANO IBAÑEZ,JOSE JOAQUIN PEREZ - MAXIMILIANO IBAÑEZ,0, , ,BIDIRECCIONAL,ASFALTO,BUENO,SECO,DESPEJADO,0,0,0,1,13,131,13126,Metropolitana de Santiago,Santiago,Quinta Normal,Interseccion,"JOSE JOAQUIN PEREZ & MAXIMILIANO IBAÑEZ, Quinta Normal",-33.432617,-70.712056
-7951251.4439303,-3900908.37440423,3290,2023,1511435,2023/02/16 00:00:00+00,Febrero,16,Jueves,1899/12/30 00:00:00+00,14:10:00,14,REGION VALPARAISO,QUILPUE,COLISION PERPENDICULAR,COLISION,URBANA,TRAMO DE VIA RECTA,IMPRUDENCIA DEL CONDUCTOR,VIRAJES INDEBIDOS,FREIRE,GAMBOA,FREIRE - GAMBOA,0, , ,BIDIRECCIONAL,CONCRETO,BUENO,SECO,DESPEJADO,0,0,0,0,05,058,05801,Valparaíso,Marga Marga,Quilpué,Interseccion,"FREIRE & GAMBOA, Quilpué",-33.042213,-71.427307
-7695707.23830654,-2546246.99644028,3291,2023,1568159,2023/10/27 00:00:00+00,Octubre,27,Viernes,1899/12/30 00:00:00+00,13:10:00,13,REGION ANTOFAGASTA,TOCOPILLA,VOLCADURA,VOLCADURA,RURAL,TRAMO DE VIA RECTA,VELOCIDAD IMPRUDENTE,VELOCIDAD NO RAZONABLE NI PRUDENTE, , , ,0,RUTA 24,48,BIDIRECCIONAL,ASFALTO,BUENO,SECO,DESPEJADO,0,1,0,0,02,023,02301,Antofagasta,Tocopilla,Tocopilla,Ruta,RUTA 24 km 48,-22.288903,-69.131714
-8053176.90557904,-4507305.23800866,3292,2023,1517293,2023/03/16 00:00:00+00,Marzo,16,Jueves,1899/12/30 00:00:00+00,14:30:00,14,REGION BIO BIO,LOS ANGELES,COLISION LATERAL,COLISION,URBANA,CRUCE CON SEMAFORO FUNCIONANDO,DESOBEDIENCIA A SEÑALIZACION,SEÑALIZACION DESOBEDECER LUZ ROJA DE SEMAFORO,LOS CARRERA,FRANCISCO ENCINA,FRANCISCO ENCINA - LOS CARRERA,0, , ,BIDIRECCIONAL CON BANDEJON,CONCRETO,BUENO,SECO,DESPEJADO,0,0,0,1,08,083,08301,Biobío,Biobío,Los Angeles,Interseccion,"FRANCISCO ENCINA & LOS CARRERA, Los Angeles",-37.487697,-72.342919
-7937056.51017439,-4117407.79103228,3293,2023,1568497,2023/10/27 00:00:00+00,Octubre,27,Viernes,1899/12/30 00:00:00+00,16:10:00,16,REGION LIB.B.O'HIGGINS,SANTA CRUZ,COLISION LATERAL,COLISION,RURAL,CRUCE CON SEÑAL PARE,IMPRUDENCIA DEL CONDUCTOR,ADELANTAMIENTO SIN EL ESPACIO O TIEMPO SUFICIENTE, , , ,0,I-756,2,BIDIRECCIONAL,ASFALTO,BUENO,SECO,NUBLADO,0,0,0,2,06,063,06310,Libertador General Bernardo O'Higgins,Colchagua,Santa Cruz,Ruta,I-756 km 2,-34.657309,-71.299792
-7874939.13115785,-3962061.1373491,3294,2023,1504193,2023/01/17 00:00:00+00,Enero,17,Martes,1899/12/30 00:00:00+00,18:40:00,18,REGION METROPOLITANA,MAIPU,COLISION LATERAL,COLISION,URBANA,TRAMO DE VIA RECTA,IMPRUDENCIA DEL CONDUCTOR,CONDUCCION NO ATENTO CONDICIONES TRANSITO MOMENTO,AMERICO VESPUCIO,MATEO DE TORO Y ZAMBRANO,AMERICO VESPUCIO - MATEO DE TORO Y ZAMBRANO,0, , ,BIDIRECCIONAL CON BANDEJON,ASFALTO,BUENO,SECO,DESPEJADO,0,0,0,1,13,131,13119,Metropolitana de Santiago,Santiago,Maipú,Interseccion,"AMERICO VESPUCIO & MATEO DE TORO Y ZAMBRANO, Maipú",-33.501505,-70.741782
-7836297.90610731,-2711034.51436806,3295,2023,1517805,2023/03/16 00:00:00+00,Marzo,16,Jueves,1899/12/30 00:00:00+00,16:58:00,16,REGION ANTOFAGASTA,ANTOFAGASTA,COLISION,COLISION,URBANA,CRUCE CON SEMAFORO FUNCIONANDO,IMPRUDENCIA DEL CONDUCTOR,CONDUCCION NO ATENTO CONDICIONES TRANSITO MOMENTO,ARGENTINA,14 DE FEBRERO,14 DE FEBRERO - ARGENTINA,0, , ,BIDIRECCIONAL,ASFALTO,BUENO,SECO,DESPEJADO,0,0,1,0,02,021,02101,Antofagasta,Antofagasta,Antofagasta,Interseccion,"14 DE FEBRERO & ARGENTINA, Antofagasta",-23.651792,-70.394662
-7872877.1791208,-3963204.05508589,3296,2023,1510545,2023/02/16 00:00:00+00,Febrero,16,Jueves,1899/12/30 00:00:00+00,14:50:00,14,REGION METROPOLITANA,CERRILLOS,VOLCADURA,VOLCADURA,URBANA,CRUCE CON SEÑAL CEDA EL PASO,VELOCIDAD IMPRUDENTE,VELOCIDAD NO RAZONABLE NI PRUDENTE,AMERICO VESPUCIO,CAMINO A MELIPILLA,AMERICO VESPUCIO - CAMINO A MELIPILLA,0, , ,BIDIRECCIONAL,ASFALTO,BUENO,SECO,DESPEJADO,0,0,0,1,13,131,13102,Metropolitana de Santiago,Santiago,Cerrillos,Interseccion,"AMERICO VESPUCIO & CAMINO A MELIPILLA, Cerrillos",-33.510066,-70.723259
-8050892.27190277,-4499249.83034674,3297,2023,1568089,2023/10/27 00:00:00+00,Octubre,27,Viernes,1899/12/30 00:00:00+00,21:40:00,21,REGION BIO BIO,LOS ANGELES,ATROPELLO,ATROPELLO,RURAL,TRAMO DE VIA RECTA,VELOCIDAD IMPRUDENTE,VELOCIDAD NO RAZONABLE NI PRUDENTE, , , ,0,Q-15,"1,5",BIDIRECCIONAL,ASFALTO,BUENO,SECO,NUBLADO,0,2,0,2,08,083,08301,Biobío,Biobío,Los Angeles,Ruta,"Q-15 km 1,5",-37.430256,-72.322396
-8060875.98420128,-4209166.37973989,3298,2023,1519257,2023/03/16 00:00:00+00,Marzo,16,Jueves,1899/12/30 00:00:00+00,17:30:00,17,REGION MAULE,CONSTITUCION,COLISION LATERAL,COLISION,URBANA,ACERA O BERMA,IMPRUDENCIA DEL CONDUCTOR,CONDUCCION NO ATENTO CONDICIONES TRANSITO MOMENTO,CRUZ,OÑEDERRA,CRUZ - OÑEDERRA,0, , ,UNIDIRECCIONAL,ASFALTO,BUENO,SECO,DESPEJADO,0,0,0,0,07,071,07102,Maule,Talca,Constitución,Interseccion,"CRUZ & OÑEDERRA, Constitución",-35.332555,-72.412081
-7872605.44824377,-3942851.0847853,3299,2023,1504003,2023/01/17 00:00:00+00,Enero,17,Martes,1899/12/30 00:00:00+00,19:00:00,19,REGION METROPOLITANA,QUILICURA,COLISION LATERAL,COLISION,URBANA,CRUCE CON SEÑAL PARE,IMPRUDENCIA DEL CONDUCTOR,CONDUCCION NO ATENTO CONDICIONES TRANSITO MOMENTO,LO CRUZAT,LO MARCOLETA,LO CRUZAT - LO MARCOLETA,0, , ,UNIDIRECCIONAL,ASFALTO,BUENO,SECO,DESPEJADO,0,0,1,0,13,131,13125,Metropolitana de Santiago,Santiago,Quilicura,Interseccion,"LO CRUZAT & LO MARCOLETA, Quilicura",-33.357487,-70.720818
-7835673.76006425,-2707345.33491764,3300,2023,1517592,2023/03/16 00:00:00+00,Marzo,16,Jueves,1899/12/30 00:00:00+00,17:50:00,17,REGION ANTOFAGASTA,ANTOFAGASTA,COLISION PERPENDICULAR,COLISION,URBANA,CRUCE SIN SEÑALIZACION,IMPRUDENCIA DEL CONDUCTOR,CONDUCCION NO ATENTO CONDICIONES TRANSITO MOMENTO,PISAGUA,OLLAGUE,OLLAGUE - PISAGUA,0, , ,BIDIRECCIONAL,ASFALTO,BUENO,SECO,DESPEJADO,0,0,0,1,02,021,02101,Antofagasta,Antofagasta,Antofagasta,Interseccion,"OLLAGUE & PISAGUA, Antofagasta",-23.621432,-70.389055
-7909687.81644889,-4064695.2630747,3301,2023,1567861,2023/10/28 00:00:00+00,Octubre,28,Sábado,1899/12/30 00:00:00+00,17:30:00,17,REGION LIB.B.O'HIGGINS,COLTAUCO,COLISION LATERAL,COLISION,RURAL,TRAMO DE VIA CURVA HORIZONTAL,VELOCIDAD IMPRUDENTE,VELOCIDAD NO RAZONABLE NI PRUDENTE, , , ,0,H-30,32,BIDIRECCIONAL,ASFALTO,BUENO,SECO,DESPEJADO,0,0,1,0,06,061,06104,Libertador General Bernardo O'Higgins,Cachapoal,Coltauco,Ruta,H-30 km 32,-34.266889,-71.053935
-7996063.55029388,-4319640.25749141,3302,2023,1512201,2023/02/16 00:00:00+00,Febrero,16,Jueves,1899/12/30 00:00:00+00,16:00:00,16,REGION MAULE,PARRAL,COLISION PERPENDICULAR,COLISION,URBANA,CRUCE CON SEÑAL PARE,IMPRUDENCIA DEL CONDUCTOR,CONDUCCION NO ATENTO CONDICIONES TRANSITO MOMENTO,BOSQUE,PABLO NERUDA,BOSQUE - PABLO NERUDA,0, , ,UNIDIRECCIONAL,ADOQUIN,BUENO,SECO,DESPEJADO,0,0,1,0,07,074,07404,Maule,Linares,Parral,Interseccion,"BOSQUE & PABLO NERUDA, Parral",-36.138099,-71.829861
-7878545.90155047,-3967931.42451343,3303,2023,1504199,2023/01/17 00:00:00+00,Enero,17,Martes,1899/12/30 00:00:00+00,19:00:00,19,REGION METROPOLITANA,MAIPU,COLISION LATERAL,COLISION,URBANA,CRUCE CON SEÑAL CEDA EL PASO,IMPRUDENCIA DEL CONDUCTOR,CONDUCCION NO ATENTO CONDICIONES TRANSITO MOMENTO,4 PONIENTE,LAS INDUSTRIAS,4 PONIENTE - LAS INDUSTRIAS,0, , ,BIDIRECCIONAL CON BANDEJON,ASFALTO,BUENO,SECO,DESPEJADO,0,0,0,0,13,131,13119,Metropolitana de Santiago,Santiago,Maipú,Interseccion,"4 PONIENTE & LAS INDUSTRIAS, Maipú",-33.545467,-70.774182
-7880179.84476166,-4057464.73740774,3304,2023,1567761,2023/10/28 00:00:00+00,Octubre,28,Sábado,1899/12/30 00:00:00+00,20:20:00,20,REGION LIB.B.O'HIGGINS,COINCO,COLISION LATERAL,COLISION,RURAL,TRAMO DE VIA RECTA,VELOCIDAD IMPRUDENTE,VELOCIDAD NO RAZONABLE NI PRUDENTE, , , ,0,H-40,2,BIDIRECCIONAL,ASFALTO,BUENO,SECO,DESPEJADO,1,0,0,0,06,061,06103,Libertador General Bernardo O'Higgins,Cachapoal,Coinco,Ruta,H-40 km 2,-34.213193,-70.78886
-7859597.64885912,-3975744.05372312,3305,2023,1511320,2023/02/16 00:00:00+00,Febrero,16,Jueves,1899/12/30 00:00:00+00,17:15:00,17,REGION METROPOLITANA,PUENTE ALTO,COLISION PERPENDICULAR,COLISION,URBANA,CRUCE CON SEÑAL CEDA EL PASO,DESOBEDIENCIA A SEÑALIZACION,SEÑALIZACION DESOBEDECER SEÑAL CEDA EL PASO,ARCOIRIS,ACCESO SUR,ACCESO SUR - ARCOIRIS,0, , ,BIDIRECCIONAL,ASFALTO,BUENO,SECO,DESPEJADO,0,0,0,0,13,132,13201,Metropolitana de Santiago,Cordillera,Puente Alto,Interseccion,"ACCESO SUR & ARCOIRIS, Puente Alto",-33.60394,-70.603967
-7928607.5010746,-3986474.34392811,3306,2023,1526280,2023/03/16 00:00:00+00,Marzo,16,Jueves,1899/12/30 00:00:00+00,19:40:00,19,REGION METROPOLITANA,MELIPILLA,COLISION LATERAL,COLISION,URBANA,CRUCE CON SEÑAL PARE,DESOBEDIENCIA A SEÑALIZACION,SEÑALIZACION DESOBEDECER SEÑAL PARE,LAS TORRES,LOS SILOS,LAS TORRES - LOS SILOS,0, , ,UNIDIRECCIONAL,ASFALTO,BUENO,SECO,DESPEJADO,0,0,0,0,13,135,13501,Metropolitana de Santiago,Melipilla,Melipilla,Interseccion,"LAS TORRES & LOS SILOS, Melipilla",-33.684186,-71.223893
-7976032.38713981,-4222424.7440137,3307,2023,1504348,2023/01/17 00:00:00+00,Enero,17,Martes,1899/12/30 00:00:00+00,19:20:00,19,REGION MAULE,TALCA,COLISION POR ALCANCE,COLISION,URBANA,CRUCE CON SEMAFORO FUNCIONANDO,DESOBEDIENCIA A SEÑALIZACION,SEÑALIZACION DESOBEDECER LUZ ROJA DE SEMAFORO,6 ORIENTE,MONSEÑOR MANUEL LARRAIN,6 ORIENTE - MONSEÑOR MANUEL LARRAIN,0, , ,BIDIRECCIONAL,CONCRETO,BUENO,SECO,DESPEJADO,0,0,1,1,07,071,07101,Maule,Talca,Talca,Interseccion,"6 ORIENTE & MONSEÑOR MANUEL LARRAIN, Talca",-35.429661,-71.649918
-7882993.85734131,-3320232.07221645,3308,2023,1570761,2023/10/29 00:00:00+00,Octubre,29,Domingo,1899/12/30 00:00:00+00,17:10:00,17,REGION ATACAMA,VALLENAR,VOLCADURA,VOLCADURA,RURAL,TRAMO DE VIA RECTA,ALCOHOL EN CONDUCTOR,CONDUCCION EN ESTADO DE EBRIEDAD, , , ,0,C-46,3,BIDIRECCIONAL,ASFALTO,BUENO,SECO,DESPEJADO,0,1,0,0,03,033,03301,Atacama,Huasco,Vallenar,Ruta,C-46 km 3,-28.563707,-70.814139
-7863668.05160595,-3948670.57023651,3309,2023,1520541,2023/03/16 00:00:00+00,Marzo,16,Jueves,1899/12/30 00:00:00+00,21:00:00,21,REGION METROPOLITANA,RECOLETA,COLISION FRONTAL,COLISION,URBANA,CRUCE CON SEÑAL PARE,IMPRUDENCIA DEL CONDUCTOR,CONDUCCION CONTRA SENTIDO DEL TRANSITO,MUÑOZ GAMERO,LUCRECIA,LUCRECIA - MUÑOZ GAMERO,0, , ,UNIDIRECCIONAL,ASFALTO,BUENO,SECO,DESPEJADO,0,0,0,1,13,131,13127,Metropolitana de Santiago,Santiago,Recoleta,Interseccion,"LUCRECIA & MUÑOZ GAMERO, Recoleta",-33.401141,-70.640532
-7866513.15518504,-3971222.67023115,3310,2023,1510652,2023/02/16 00:00:00+00,Febrero,16,Jueves,1899/12/30 00:00:00+00,17:40:00,17,REGION METROPOLITANA,EL BOSQUE,ATROPELLO,ATROPELLO,URBANA,TRAMO DE VIA RECTA,IMPRUDENCIA DEL CONDUCTOR,NO RESPETAR DERECHO PREFERENTE DE PASO A PEATON,LOS MORROS,EL LIBERTADOR,EL LIBERTADOR - LOS MORROS,0, , ,BIDIRECCIONAL CON BANDEJON,CONCRETO,BUENO,SECO,DESPEJADO,0,1,0,1,13,131,13105,Metropolitana de Santiago,Santiago,El Bosque,Interseccion,"EL LIBERTADOR & LOS MORROS, El Bosque",-33.570105,-70.66609
-7975328.7366385,-4221386.09248597,3311,2023,1504233,2023/01/17 00:00:00+00,Enero,17,Martes,1899/12/30 00:00:00+00,22:00:00,22,REGION MAULE,TALCA,COLISION LATERAL,COLISION,URBANA,TRAMO DE VIA RECTA,IMPRUDENCIA DEL CONDUCTOR,CONDUCCION NO ATENTO CONDICIONES TRANSITO MOMENTO,6 NORTE,PRESIDENTE SALVADOR ALLENDE,6 NORTE - PRESIDENTE SALVADOR ALLENDE,0, , ,BIDIRECCIONAL,CONCRETO,BUENO,SECO,DESPEJADO,0,1,0,0,07,071,07101,Maule,Talca,Talca,Interseccion,"6 NORTE & PRESIDENTE SALVADOR ALLENDE, Talca",-35.422058,-71.643597
-7872764.65542029,-3850187.04085765,3312,2023,1568370,2023/10/29 00:00:00+00,Octubre,29,Domingo,1899/12/30 00:00:00+00,19:35:00,19,REGION VALPARAISO,PUTAENDO,COLISION LATERAL,COLISION,RURAL,TRAMO DE VIA RECTA,IMPRUDENCIA DEL CONDUCTOR,CONDUCCION NO ATENTO CONDICIONES TRANSITO MOMENTO, , , ,0,"E-71, E-41",12,BIDIRECCIONAL,ASFALTO,BUENO,SECO,DESPEJADO,0,0,0,1,05,057,05705,Valparaíso,San Felipe de Aconcagua,Putaendo,Ruta,"E-71, E-41 km 12",-32.65944,-70.722248
-7867318.10638957,-3954878.27427488,3313,2023,1513379,2023/02/16 00:00:00+00,Febrero,16,Jueves,1899/12/30 00:00:00+00,18:20:00,18,REGION METROPOLITANA,SANTIAGO,COLISION LATERAL,COLISION,URBANA,TRAMO DE VIA RECTA,IMPRUDENCIA DEL CONDUCTOR,CONDUCCION CAMBIAR SORPRESIVAMENTE PISTA CIRCULACION,LIBERTAD,ROMERO,LIBERTAD - ROMERO,0, , ,UNIDIRECCIONAL,CONCRETO,BUENO,SECO,DESPEJADO,0,0,0,0,13,131,13101,Metropolitana de Santiago,Santiago,Santiago,Interseccion,"LIBERTAD & ROMERO, Santiago",-33.447683,-70.673321
-8145445.95793212,-4948385.20417427,3314,2023,1519366,2023/03/16 00:00:00+00,Marzo,16,Jueves,1899/12/30 00:00:00+00,21:40:00,21,REGION LOS LAGOS,OSORNO,CHOQUE POSTERIOR/FRENTE,CHOQUE,URBANA,TRAMO DE VIA RECTA,DROGAS Y/O FATIGA EN CONDUCTOR,"CONDICIONES FISICAS DEFICIENTES (CANSANCIO, SUEÑO)",MONDRAGON,MAYOR ORIENTE,MAYOR ORIENTE - MONDRAGON,0, , ,BIDIRECCIONAL,CONCRETO,BUENO,MOJADO,LLOVIZNA,0,0,0,1,10,103,10301,Los Lagos,Osorno,Osorno,Interseccion,"MAYOR ORIENTE & MONDRAGON, Osorno",-40.564971,-73.171786
-7858917.28082931,-3963973.74154187,3315,2023,1506872,2023/01/17 00:00:00+00,Enero,17,Martes,1899/12/30 00:00:00+00,22:25:00,22,REGION METROPOLITANA,LA FLORIDA,COLISION FRONTAL,COLISION,URBANA,TRAMO DE VIA RECTA,IMPRUDENCIA DEL CONDUCTOR,CONDUCCION NO ATENTO CONDICIONES TRANSITO MOMENTO,FROILAN ROA,EL PARQUE,EL PARQUE - FROILAN ROA,0, , ,BIDIRECCIONAL,ASFALTO,BUENO,SECO,DESPEJADO,0,0,0,1,13,131,13110,Metropolitana de Santiago,Santiago,La Florida,Interseccion,"EL PARQUE & FROILAN ROA, La Florida",-33.515831,-70.597855
-7926266.99260595,-4116881.40006218,3316,2023,1573471,2023/10/31 00:00:00+00,Octubre,31,Martes,1899/12/30 00:00:00+00,11:20:00,11,REGION LIB.B.O'HIGGINS,NANCAGUA,COLISION LATERAL,COLISION,RURAL,TRAMO DE VIA RECTA,IMPRUDENCIA DEL CONDUCTOR,CONDUCCION NO ATENTO CONDICIONES TRANSITO MOMENTO, , , ,0,I-50,23,BIDIRECCIONAL,ASFALTO,BUENO,SECO,DESPEJADO,0,0,1,0,06,063,06305,Libertador General Bernardo O'Higgins,Colchagua,Nancagua,Ruta,I-50 km 23,-34.653419,-71.202868
-7870650.0100685,-3958523.19361951,3317,2023,1510593,2023/02/16 00:00:00+00,Febrero,16,Jueves,1899/12/30 00:00:00+00,18:30:00,18,REGION METROPOLITANA,ESTACION CENTRAL,COLISION,COLISION,URBANA,TRAMO DE VIA RECTA,DESOBEDIENCIA A SEÑALIZACION,SEÑALIZACION DESOBEDECER LUZ ROJA DE SEMAFORO,LAS REJAS SUR,LUIS INFANTE CERDA,LAS REJAS SUR - LUIS INFANTE CERDA,0, , ,BIDIRECCIONAL,ASFALTO,BUENO,SECO,DESPEJADO,1,1,0,1,13,131,13106,Metropolitana de Santiago,Santiago,Estación Central,Interseccion,"LAS REJAS SUR & LUIS INFANTE CERDA, Estación Central",-33.474999,-70.703252
-7956607.77239878,-4170882.48239422,3318,2023,1568454,2023/10/31 00:00:00+00,Octubre,31,Martes,1899/12/30 00:00:00+00,17:10:00,17,REGION MAULE,SAGRADA FAMILIA,COLISION PERPENDICULAR,COLISION,RURAL,TRAMO DE VIA RECTA,IMPRUDENCIA DEL CONDUCTOR,VIRAJES INDEBIDOS, , , ,0,K-16,"23,2",BIDIRECCIONAL,ASFALTO,BUENO,SECO,DESPEJADO,0,1,0,0,07,073,07307,Maule,Curicó,Sagrada Familia,Ruta,"K-16 km 23,2",-35.051504,-71.475424
-7873699.27356031,-3942902.26283657,3319,2023,1504053,2023/01/18 00:00:00+00,Enero,18,Miércoles,1899/12/30 00:00:00+00,00:00:00,0,REGION METROPOLITANA,QUILICURA,COLISION POR ALCANCE,COLISION,URBANA,TRAMO DE VIA RECTA,IMPRUDENCIA DEL CONDUCTOR,NO RESPETAR DERECHO PREFERENTE DE PASO A VEHICULO,LO MARCOLETA,DEL TRIGAL,DEL TRIGAL - LO MARCOLETA,0, , ,UNIDIRECCIONAL,ASFALTO,BUENO,SECO,DESPEJADO,0,0,0,1,13,131,13125,Metropolitana de Santiago,Santiago,Quilicura,Interseccion,"DEL TRIGAL & LO MARCOLETA, Quilicura",-33.357871,-70.730644
-8083452.46755687,-4684335.23804063,3320,2023,1511360,2023/02/16 00:00:00+00,Febrero,16,Jueves,1899/12/30 00:00:00+00,18:40:00,18,REGION ARAUCANIA,TEMUCO,VOLCADURA,VOLCADURA,URBANA,TRAMO DE VIA RECTA,IMPRUDENCIA DEL CONDUCTOR,CONDUCCION NO ATENTO CONDICIONES TRANSITO MOMENTO,SENADORE ESTEBANEZ,SAN MARTIN,SAN MARTIN - SENADORE ESTEBANEZ,0, , ,UNIDIRECCIONAL,CONCRETO,BUENO,SECO,DESPEJADO,0,1,0,0,09,091,09101,La Araucanía,Cautín,Temuco,Interseccion,"SAN MARTIN & SENADORE ESTEBANEZ, Temuco",-38.738867,-72.614889
-7837020.43634973,-2710462.39631255,3321,2023,1517825,2023/03/16 00:00:00+00,Marzo,16,Jueves,1899/12/30 00:00:00+00,23:00:00,23,REGION ANTOFAGASTA,ANTOFAGASTA,COLISION,COLISION,URBANA,CRUCE CON SEMAFORO FUNCIONANDO,IMPRUDENCIA DEL CONDUCTOR,CONDUCCION NO ATENTO CONDICIONES TRANSITO MOMENTO,JOSE MANUEL BALMACEDA,MAIPU,JOSE MANUEL BALMACEDA - MAIPU,0, , ,BIDIRECCIONAL,ASFALTO,BUENO,SECO,DESPEJADO,0,0,1,1,02,021,02101,Antofagasta,Antofagasta,Antofagasta,Interseccion,"JOSE MANUEL BALMACEDA & MAIPU, Antofagasta",-23.647084,-70.401152
-7952848.5782164,-4241338.15501369,3322,2023,1570311,2023/11/01 00:00:00+00,Noviembre,1,Miércoles,1899/12/30 00:00:00+00,14:10:00,14,REGION MAULE,SAN CLEMENTE,COLISION LATERAL,COLISION,RURAL,TRAMO DE VIA RECTA,IMPRUDENCIA DEL CONDUCTOR,CONDUCCION NO ATENTO CONDICIONES TRANSITO MOMENTO, , , ,0,115 CH,"24,2",BIDIRECCIONAL,ASFALTO,BUENO,SECO,DESPEJADO,0,0,0,1,07,071,07109,Maule,Talca,San Clemente,Ruta,"115 CH km 24,2",-35.567983,-71.441654
-7873921.13330546,-4050063.17723937,3323,2023,1504185,2023/01/18 00:00:00+00,Enero,18,Miércoles,1899/12/30 00:00:00+00,00:20:00,0,REGION LIB.B.O'HIGGINS,RANCAGUA,COLISION LATERAL,COLISION,URBANA,CRUCE CON SEÑAL CEDA EL PASO,IMPRUDENCIA DEL CONDUCTOR,CONDUCCION CAMBIAR SORPRESIVAMENTE PISTA CIRCULACION,ILLANES,BILBAO,BILBAO - ILLANES,0, , ,BIDIRECCIONAL CON BANDEJON,CONCRETO,BUENO,SECO,DESPEJADO,0,0,0,0,06,061,06101,Libertador General Bernardo O'Higgins,Cachapoal,Rancagua,Interseccion,"BILBAO & ILLANES, Rancagua",-34.158192,-70.732637