X,Y,FID,Año,IdAccident,Fecha,Mes,Dia_mes,Dia_semana,Hora,Hora_texto,Hora_aprox,Región,Comuna,Tipo_Accid,Tipo__CONA,Zona,Ubicación,Causa__CON,Causa_Acci,Calle_Uno,Calle_Dos,Intersecci,Número,Ruta,Ubicaci_1,Calzada,Tipo_Calza,Estado_Cal,Condición,Estado_Atm,Fallecidos,Graves,Menos_Grav,Leves,CUT_REG,CUT_PROV,CUT_COM,REGION,PROVINCIA,COMUNA1,Tipo_direc,Direccion,Lat,Lon
-8051264.77068568,-4508289.43284885,3324,2023,1517343,2023/03/17 00:00:00+00,Marzo,17,Viernes,1899/12/30 00:00:00+00,07:50:00,7,REGION BIO BIO,LOS ANGELES,COLISION LATERAL,COLISION,URBANA,CRUCE CON SEÑAL CEDA EL PASO,DESOBEDIENCIA A SEÑALIZACION,SEÑALIZACION DESOBEDECER SEÑAL CEDA EL PASO,LAS INDUSTRIAS,LA FRONTERA,LA FRONTERA - LAS INDUSTRIAS,0, , ,BIDIRECCIONAL,MIXTO,BUENO,SECO,NUBLADO,0,0,0,1,08,083,08301,Biobío,Biobío,Los Angeles,Interseccion,"LA FRONTERA & LAS INDUSTRIAS, Los Angeles",-37.494712,-72.325742
-7879232.40885019,-4052055.69107831,3325,2023,1510395,2023/02/16 00:00:00+00,Febrero,16,Jueves,1899/12/30 00:00:00+00,18:40:00,18,REGION LIB.B.O'HIGGINS,RANCAGUA,COLISION FRONTAL,COLISION,URBANA,CRUCE CON SEÑAL PARE,IMPRUDENCIA DEL CONDUCTOR,NO RESPETAR DERECHO PREFERENTE DE PASO A VEHICULO,SALVADOR ALLENDE,FLOR DE LAS NIEVES,FLOR DE LAS NIEVES - SALVADOR ALLENDE,0, , ,BIDIRECCIONAL,CONCRETO,BUENO,SECO,DESPEJADO,0,0,0,1,06,061,06101,Libertador General Bernardo O'Higgins,Cachapoal,Rancagua,Interseccion,"FLOR DE LAS NIEVES & SALVADOR ALLENDE, Rancagua",-34.173002,-70.780349
-7936612.40305848,-4222125.89090375,3326,2023,1570326,2023/11/02 00:00:00+00,Noviembre,2,Jueves,1899/12/30 00:00:00+00,11:40:00,11,REGION MAULE,SAN CLEMENTE,VOLCADURA,VOLCADURA,RURAL,TRAMO DE VIA CURVA HORIZONTAL,IMPRUDENCIA DEL CONDUCTOR,CONDUCCION NO ATENTO CONDICIONES TRANSITO MOMENTO, , , ,0,"K-15, K-25, K-55","1,5",BIDIRECCIONAL,ASFALTO,BUENO,GRAVILLA,DESPEJADO,0,0,2,0,07,071,07109,Maule,Talca,San Clemente,Ruta,"K-15, K-25, K-55 km 1,5",-35.427473,-71.295802
-7867451.46713954,-3943734.6042507,3327,2023,1505819,2023/01/18 00:00:00+00,Enero,18,Miércoles,1899/12/30 00:00:00+00,09:45:00,9,REGION METROPOLITANA,HUECHURABA,COLISION,COLISION,URBANA,CRUCE CON SEMAFORO FUNCIONANDO,IMPRUDENCIA DEL CONDUCTOR,CONDUCCION NO ATENTO CONDICIONES TRANSITO MOMENTO,STA ELENA DE HUECHURABA,STA MARTA DE HUECHURABA,STA ELENA DE HUECHURABA - STA MARTA DE HUECHURABA,0, , ,BIDIRECCIONAL,ASFALTO,BUENO,SECO,DESPEJADO,0,0,0,1,13,131,13107,Metropolitana de Santiago,Santiago,Huechuraba,Interseccion,"STA ELENA DE HUECHURABA & STA MARTA DE HUECHURABA, Huechuraba",-33.364116,-70.674519
-7852092.27171683,-3949781.63573083,3328,2023,1518780,2023/03/17 00:00:00+00,Marzo,17,Viernes,1899/12/30 00:00:00+00,07:50:00,7,REGION METROPOLITANA,LAS CONDES,COLISION LATERAL,COLISION,URBANA,CRUCE CON SEMAFORO FUNCIONANDO,IMPRUDENCIA DEL CONDUCTOR,CONDUCCION NO ATENTO CONDICIONES TRANSITO MOMENTO,PAUL HARRIS,ALMTE SOUBLETTE,ALMTE SOUBLETTE - PAUL HARRIS,0, , ,BIDIRECCIONAL,ASFALTO,BUENO,SECO,DESPEJADO,0,0,0,0,13,131,13114,Metropolitana de Santiago,Santiago,Las Condes,Interseccion,"ALMTE SOUBLETTE & PAUL HARRIS, Las Condes",-33.409473,-70.536545
-8010404.61763154,-4358252.41776145,3329,2023,1506927,2023/01/18 00:00:00+00,Enero,18,Miércoles,1899/12/30 00:00:00+00,10:10:00,10,REGION ÑUBLE,SAN CARLOS,COLISION LATERAL,COLISION,URBANA,TRAMO DE VIA RECTA,IMPRUDENCIA DEL CONDUCTOR,CONDUCCION NO ATENTO CONDICIONES TRANSITO MOMENTO,TOMAS YAVAR,ARICA,ARICA - TOMAS YAVAR,0, , ,BIDIRECCIONAL,CONCRETO,BUENO,SECO,DESPEJADO,0,0,0,1,16,163,16301,Ñuble,Punilla,San Carlos,Interseccion,"ARICA & TOMAS YAVAR, San Carlos",-36.417721,-71.958689
-7985292.97758846,-4244994.45941866,3330,2023,1511309,2023/02/16 00:00:00+00,Febrero,16,Jueves,1899/12/30 00:00:00+00,20:00:00,20,REGION MAULE,SAN JAVIER,IMPACTO CON ANIMAL,OTRO TIPO,URBANA,CRUCE CON SEMAFORO FUNCIONANDO,DEFICIENCIAS VIALES,ANIMALES SUELTOS VIA PUBLICA,ARTURO PRAT,SERRANO,ARTURO PRAT - SERRANO,0, , ,UNIDIRECCIONAL,CONCRETO,BUENO,SECO,DESPEJADO,0,0,0,1,07,074,07406,Maule,Linares,San Javier,Interseccion,"ARTURO PRAT & SERRANO, San Javier",-35.594696,-71.733107
-7863095.98074276,-3953277.27991283,3331,2023,1520572,2023/03/17 00:00:00+00,Marzo,17,Viernes,1899/12/30 00:00:00+00,11:00:00,11,REGION METROPOLITANA,RECOLETA,COLISION LATERAL,COLISION,URBANA,CRUCE CON SEMAFORO FUNCIONANDO,DESOBEDIENCIA A SEÑALIZACION,SEÑALIZACION DESOBEDECER LUZ ROJA DE SEMAFORO,STA MARIA,PIO NONO,PIO NONO - STA MARIA,0, , ,UNIDIRECCIONAL,ASFALTO,BUENO,SECO,DESPEJADO,0,1,0,0,13,131,13127,Metropolitana de Santiago,Santiago,Recoleta,Interseccion,"PIO NONO & STA MARIA, Recoleta",-33.435682,-70.635393
-7986840.95352139,-4251394.30563943,3332,2023,1570709,2023/11/02 00:00:00+00,Noviembre,2,Jueves,1899/12/30 00:00:00+00,13:15:00,13,REGION MAULE,VILLA ALEGRE,COLISION POR ALCANCE,COLISION,RURAL,TRAMO DE VIA RECTA,IMPRUDENCIA DEL CONDUCTOR,CONDUCCION NO ATENTO CONDICIONES TRANSITO MOMENTO, , , ,0,L-16,9,BIDIRECCIONAL,ASFALTO,BUENO,SECO,DESPEJADO,0,0,0,2,07,074,07407,Maule,Linares,Villa Alegre,Ruta,L-16 km 9,-35.641431,-71.747013
-7975563.36469585,-4222625.20434921,3333,2023,1504243,2023/01/18 00:00:00+00,Enero,18,Miércoles,1899/12/30 00:00:00+00,12:00:00,12,REGION MAULE,TALCA,COLISION,COLISION,URBANA,TRAMO DE VIA RECTA,IMPRUDENCIA DEL CONDUCTOR,CONDUCCION CAMBIAR SORPRESIVAMENTE PISTA CIRCULACION,MONSEÑOR MANUEL LARRAIN,3 ORIENTE,3 ORIENTE - MONSEÑOR MANUEL LARRAIN,0, , ,BIDIRECCIONAL,CONCRETO,BUENO,SECO,DESPEJADO,0,0,0,2,07,071,07101,Maule,Talca,Talca,Interseccion,"3 ORIENTE & MONSEÑOR MANUEL LARRAIN, Talca",-35.431128,-71.645705
-7890875.42571175,-3976699.56364893,3334,2023,1512738,2023/02/16 00:00:00+00,Febrero,16,Jueves,1899/12/30 00:00:00+00,20:00:00,20,REGION METROPOLITANA,PEÑAFLOR,COLISION,COLISION,URBANA,TRAMO DE VIA RECTA,IMPRUDENCIA DEL CONDUCTOR,CONDUCCION NO ATENTO CONDICIONES TRANSITO MOMENTO,VICUÑA MACKENNA,SANTA INES,SANTA INES - VICUÑA MACKENNA,0, , ,BIDIRECCIONAL,CONCRETO,BUENO,SECO,DESPEJADO,0,1,0,0,13,136,13605,Metropolitana de Santiago,Talagante,Peñaflor,Interseccion,"SANTA INES & VICUÑA MACKENNA, Peñaflor",-33.611089,-70.88494
-7804157.43104204,-2304785.96723509,3335,2023,1518390,2023/03/17 00:00:00+00,Marzo,17,Viernes,1899/12/30 00:00:00+00,11:00:00,11,REGION TARAPACA,ALTO HOSPICIO,COLISION,COLISION,URBANA,TRAMO DE VIA RECTA,IMPRUDENCIA DEL CONDUCTOR,CONDUCCION NO ATENTO CONDICIONES TRANSITO MOMENTO,CERRO ESMERALDA,LAS AVELLANAS,CERRO ESMERALDA - LAS AVELLANAS,0, , ,BIDIRECCIONAL,ASFALTO,BUENO,SECO,DESPEJADO,0,0,0,0,01,011,01107,Tarapacá,Iquique,Alto Hospicio,Interseccion,"CERRO ESMERALDA & LAS AVELLANAS, Alto Hospicio",-20.267828,-70.105939
-7952815.77308604,-4657881.84238476,3336,2023,1570913,2023/11/02 00:00:00+00,Noviembre,2,Jueves,1899/12/30 00:00:00+00,14:15:00,14,REGION ARAUCANIA,LONQUIMAY,VOLCADURA,VOLCADURA,RURAL,TRAMO DE VIA RECTA,VELOCIDAD IMPRUDENTE,VELOCIDAD NO RAZONABLE NI PRUDENTE, , , ,0,"R-85, R-89",106,BIDIRECCIONAL,CONCRETO,BUENO,SECO,DESPEJADO,0,1,0,0,09,092,09205,La Araucanía,Malleco,Lonquimay,Ruta,"R-85, R-89 km 106",-38.55327,-71.44136
-7961105.35725726,-3868611.17045649,3337,2023,1572577,2023/11/02 00:00:00+00,Noviembre,2,Jueves,1899/12/30 00:00:00+00,16:50:00,16,REGION VALPARAISO,QUINTERO,COLISION,COLISION,RURAL,TRAMO DE VIA RECTA,IMPRUDENCIA DEL CONDUCTOR,CONDUCCION NO ATENTO CONDICIONES TRANSITO MOMENTO, , , ,0,F-210,4,BIDIRECCIONAL,ASFALTO,BUENO,SECO,DESPEJADO,0,0,0,2,05,051,05107,Valparaíso,Valparaíso,Quintero,Ruta,F-210 km 4,-32.79867,-71.515826
-7977866.93234808,-4221958.20617587,3338,2023,1504356,2023/01/18 00:00:00+00,Enero,18,Miércoles,1899/12/30 00:00:00+00,12:00:00,12,REGION MAULE,TALCA,COLISION POR ALCANCE,COLISION,URBANA,TRAMO DE VIA RECTA,IMPRUDENCIA DEL CONDUCTOR,CONDUCCION CAMBIAR SORPRESIVAMENTE PISTA CIRCULACION,MONSEÑOR MANUEL LARRAIN,3 ORIENTE,3 ORIENTE - MONSEÑOR MANUEL LARRAIN,0, , ,BIDIRECCIONAL,CONCRETO,BUENO,SECO,DESPEJADO,0,0,0,2,07,071,07101,Maule,Talca,Talca,Interseccion,"3 ORIENTE & MONSEÑOR MANUEL LARRAIN, Talca",-35.426246,-71.666398
-7873277.68810285,-3852511.23497216,3339,2023,1569768,2023/11/03 00:00:00+00,Noviembre,3,Viernes,1899/12/30 00:00:00+00,08:15:00,8,REGION VALPARAISO,PUTAENDO,COLISION LATERAL,COLISION,RURAL,TRAMO DE VIA RECTA,IMPRUDENCIA DEL CONDUCTOR,CONDUCCION NO ATENTO CONDICIONES TRANSITO MOMENTO, , , ,0,"E-71, E-41",10,BIDIRECCIONAL,ASFALTO,BUENO,SECO,DESPEJADO,0,0,1,0,05,057,05705,Valparaíso,San Felipe de Aconcagua,Putaendo,Ruta,"E-71, E-41 km 10",-32.677016,-70.726857
-7853288.3996454,-3947449.88119412,3340,2023,1513192,2023/02/16 00:00:00+00,Febrero,16,Jueves,1899/12/30 00:00:00+00,20:10:00,20,REGION METROPOLITANA,LAS CONDES,CHOQUE POSTERIOR/FRENTE,CHOQUE,URBANA,CRUCE CON SEMAFORO FUNCIONANDO,IMPRUDENCIA DEL CONDUCTOR,CONDUCCION NO ATENTO CONDICIONES TRANSITO MOMENTO,PADRE HURTADO NORTE,MARDONAL,MARDONAL - PADRE HURTADO NORTE,0, , ,BIDIRECCIONAL CON BANDEJON,CONCRETO,BUENO,SECO,DESPEJADO,0,0,0,1,13,131,13114,Metropolitana de Santiago,Santiago,Las Condes,Interseccion,"MARDONAL & PADRE HURTADO NORTE, Las Condes",-33.391986,-70.54729
-8060963.81527952,-4208702.85910419,3341,2023,1519812,2023/03/17 00:00:00+00,Marzo,17,Viernes,1899/12/30 00:00:00+00,12:40:00,12,REGION MAULE,CONSTITUCION,CHOQUE LATERAL,CHOQUE,URBANA,CRUCE CON SEMAFORO FUNCIONANDO,IMPRUDENCIA DEL CONDUCTOR,ADELANTAMIENTO SIN EL ESPACIO O TIEMPO SUFICIENTE,PRIETO,FREIRE,FREIRE - PRIETO,0, , ,UNIDIRECCIONAL,ASFALTO,BUENO,SECO,DESPEJADO,0,0,1,0,07,071,07102,Maule,Talca,Constitución,Interseccion,"FREIRE & PRIETO, Constitución",-35.329158,-72.41287
-7808258.14055363,-2300255.06195784,3342,2023,1504179,2023/01/18 00:00:00+00,Enero,18,Miércoles,1899/12/30 00:00:00+00,12:50:00,12,REGION TARAPACA,IQUIQUE,COLISION LATERAL,COLISION,URBANA,CRUCE CON SEÑAL CEDA EL PASO,DESOBEDIENCIA A SEÑALIZACION,SEÑALIZACION DESOBEDECER SEÑAL CEDA EL PASO,21 DE MAYO,DIEGO PORTALES,21 DE MAYO - DIEGO PORTALES,0, , ,UNIDIRECCIONAL,ASFALTO,BUENO,SECO,DESPEJADO,0,0,0,0,01,011,01101,Tarapacá,Iquique,Iquique,Interseccion,"21 DE MAYO & DIEGO PORTALES, Iquique",-20.229642,-70.142776
-7901196.21595533,-3733776.97995218,3343,2023,1573993,2023/11/03 00:00:00+00,Noviembre,3,Viernes,1899/12/30 00:00:00+00,11:00:00,11,REGION COQUIMBO,ILLAPEL,VOLCADURA,VOLCADURA,RURAL,TRAMO DE VIA RECTA,IMPRUDENCIA DEL CONDUCTOR,CONDUCCION NO ATENTO CONDICIONES TRANSITO MOMENTO, , , ,0,"D-81, D-835",30,BIDIRECCIONAL,CONCRETO,BUENO,SECO,DESPEJADO,0,0,0,1,04,042,04201,Coquimbo,Choapa,Illapel,Ruta,"D-81, D-835 km 30",-31.774733,-70.977653
-7859465.89667579,-3963958.974316,3344,2023,1521431,2023/03/17 00:00:00+00,Marzo,17,Viernes,1899/12/30 00:00:00+00,13:00:00,13,REGION METROPOLITANA,LA FLORIDA,COLISION LATERAL,COLISION,URBANA,CRUCE CON SEÑAL CEDA EL PASO,IMPRUDENCIA DEL CONDUCTOR,CONDUCCION CAMBIAR SORPRESIVAMENTE PISTA CIRCULACION,VICUÑA MACKENNA ORIENTE,EL MEMBRILLAR,EL MEMBRILLAR - VICUÑA MACKENNA ORIENTE,0, , ,BIDIRECCIONAL CON BANDEJON,ASFALTO,BUENO,SECO,DESPEJADO,0,1,0,0,13,131,13110,Metropolitana de Santiago,Santiago,La Florida,Interseccion,"EL MEMBRILLAR & VICUÑA MACKENNA ORIENTE, La Florida",-33.51572,-70.602783
-8119261.60992444,-4434362.55442134,3345,2023,1510698,2023/02/16 00:00:00+00,Febrero,16,Jueves,1899/12/30 00:00:00+00,21:00:00,21,REGION BIO BIO,HUALQUI,COLISION POR ALCANCE,COLISION,URBANA,TRAMO DE VIA CURVA HORIZONTAL,IMPRUDENCIA DEL CONDUCTOR,CONDUCCION NO ATENTO CONDICIONES TRANSITO MOMENTO,MAQUEUTO,CAMINO EL AGUILA,CAMINO EL AGUILA - MAQUEUTO,0, , ,BIDIRECCIONAL,CONCRETO,BUENO,OTROS,DESPEJADO,0,0,0,1,08,081,08105,Biobío,Concepción,Hualqui,Interseccion,"CAMINO EL AGUILA & MAQUEUTO, Hualqui",-36.965956,-72.936568
-8056866.03350393,-4588304.68382222,3346,2023,1505029,2023/01/18 00:00:00+00,Enero,18,Miércoles,1899/12/30 00:00:00+00,14:00:00,14,REGION ARAUCANIA,ERCILLA,CHOQUE FRENTE/FRENTE,CHOQUE,URBANA,TRAMO DE VIA RECTA,IMPRUDENCIA DEL CONDUCTOR,CONDUCCION NO ATENTO CONDICIONES TRANSITO MOMENTO,OROMPELLO,COMERCIO,COMERCIO - OROMPELLO,0, , ,BIDIRECCIONAL,CONCRETO,BUENO,SECO,DESPEJADO,0,0,0,0,09,092,09204,La Araucanía,Malleco,Ercilla,Interseccion,"COMERCIO & OROMPELLO, Ercilla",-38.062825,-72.376059
-7970886.24475336,-4215937.07000956,3347,2023,1569645,2023/11/03 00:00:00+00,Noviembre,3,Viernes,1899/12/30 00:00:00+00,17:05:00,17,REGION MAULE,TALCA,COLISION POR ALCANCE,COLISION,RURAL,TRAMO DE VIA RECTA,IMPRUDENCIA DEL CONDUCTOR,NO RESPETAR DERECHO PREFERENTE DE PASO A VEHICULO, , , ,0,RUTA 5 SUR,"247,7",BIDIRECCIONAL,CONCRETO,BUENO,SECO,DESPEJADO,0,0,0,1,07,071,07101,Maule,Talca,Talca,Ruta,"RUTA 5 SUR km 247,7",-35.382159,-71.603689
-7854105.15074935,-3971786.35584869,3348,2023,1511490,2023/02/16 00:00:00+00,Febrero,16,Jueves,1899/12/30 00:00:00+00,21:20:00,21,REGION METROPOLITANA,PUENTE ALTO,COLISION,COLISION,URBANA,CRUCE CON SEMAFORO FUNCIONANDO,IMPRUDENCIA DEL CONDUCTOR,CONDUCCION NO ATENTO CONDICIONES TRANSITO MOMENTO,CAMILO HENRIQUEZ,GABRIELA ORIENTE,CAMILO HENRIQUEZ - GABRIELA ORIENTE,0, , ,BIDIRECCIONAL CON BANDEJON,ASFALTO,BUENO,SECO,DESPEJADO,0,0,0,0,13,132,13201,Metropolitana de Santiago,Cordillera,Puente Alto,Interseccion,"CAMILO HENRIQUEZ & GABRIELA ORIENTE, Puente Alto",-33.574324,-70.554627
-7945338.90958529,-3902234.94423573,3349,2023,1519456,2023/03/17 00:00:00+00,Marzo,17,Viernes,1899/12/30 00:00:00+00,13:00:00,13,REGION VALPARAISO,VILLA ALEMANA,COLISION,COLISION,URBANA,CRUCE SIN SEÑALIZACION,IMPRUDENCIA DEL CONDUCTOR,CONDUCCION NO ATENTO CONDICIONES TRANSITO MOMENTO,MATURANA,YUNGAY,MATURANA - YUNGAY,0, , ,BIDIRECCIONAL,ASFALTO,BUENO,SECO,DESPEJADO,0,0,0,1,05,058,05804,Valparaíso,Marga Marga,Villa Alemana,Interseccion,"MATURANA & YUNGAY, Villa Alemana",-33.052202,-71.374194
-7861468.14469694,-3966903.085994,3350,2023,1505374,2023/01/18 00:00:00+00,Enero,18,Miércoles,1899/12/30 00:00:00+00,14:20:00,14,REGION METROPOLITANA,LA GRANJA,COLISION LATERAL,COLISION,URBANA,CRUCE CON SEMAFORO FUNCIONANDO,IMPRUDENCIA DEL CONDUCTOR,CONDUCCION NO ATENTO CONDICIONES TRANSITO MOMENTO,LO OVALLE,LA SERENA,LA SERENA - LO OVALLE,0, , ,BIDIRECCIONAL CON BANDEJON,ASFALTO,BUENO,SECO,DESPEJADO,0,0,0,0,13,131,13111,Metropolitana de Santiago,Santiago,La Granja,Interseccion,"LA SERENA & LO OVALLE, La Granja",-33.537768,-70.62077
-8045304.07440826,-5086084.94605111,3351,2023,1570585,2023/11/03 00:00:00+00,Noviembre,3,Viernes,1899/12/30 00:00:00+00,20:45:00,20,REGION LOS LAGOS,COCHAMO,VOLCADURA,VOLCADURA,RURAL,TRAMO DE VIA RECTA,VELOCIDAD IMPRUDENTE,VELOCIDAD NO RAZONABLE NI PRUDENTE, , , ,0,V-69,49,BIDIRECCIONAL,RIPIO,MALO, ,DESPEJADO,0,1,0,0,10,101,10103,Los Lagos,Llanquihue,Cochamó,Ruta,V-69 km 49,-41.498058,-72.272196
-7974542.86942408,-4222769.11337766,3352,2023,1519444,2023/03/17 00:00:00+00,Marzo,17,Viernes,1899/12/30 00:00:00+00,14:30:00,14,REGION MAULE,TALCA,COLISION POR ALCANCE,COLISION,URBANA,CRUCE CON SEMAFORO FUNCIONANDO,DESOBEDIENCIA A SEÑALIZACION,SEÑALIZACION DESOBEDECER LUZ ROJA DE SEMAFORO,21 ORIENTE,SAN MIGUEL,21 ORIENTE - SAN MIGUEL,0, , ,BIDIRECCIONAL CON BANDEJON,CONCRETO,BUENO,SECO,DESPEJADO,0,1,0,1,07,071,07101,Maule,Talca,Talca,Interseccion,"21 ORIENTE & SAN MIGUEL, Talca",-35.432182,-71.636537
-7854729.20781474,-3957222.73458851,3353,2023,1504472,2023/01/18 00:00:00+00,Enero,18,Miércoles,1899/12/30 00:00:00+00,15:00:00,15,REGION METROPOLITANA,PEÑALOLEN,COLISION FRONTAL,COLISION,URBANA,TRAMO DE VIA RECTA,IMPRUDENCIA DEL CONDUCTOR,CONDUCIR VEHICULO EN RETROCESO,ICTINOS,CALLE 145,CALLE 145 - ICTINOS,0, , ,BIDIRECCIONAL,CONCRETO,BUENO,SECO,DESPEJADO,0,0,0,0,13,131,13122,Metropolitana de Santiago,Santiago,Peñalolén,Interseccion,"CALLE 145 & ICTINOS, Peñalolén",-33.465254,-70.560233
-7938595.23653743,-4165475.75162291,3354,2023,1569648,2023/11/04 00:00:00+00,Noviembre,4,Sábado,1899/12/30 00:00:00+00,14:00:00,14,REGION MAULE,PENCAHUE,VOLCADURA,VOLCADURA,RURAL,TRAMO DE VIA CURVA HORIZONTAL,VELOCIDAD IMPRUDENTE,"VELOCIDAD NO REDUCIR CRUCE DE CALLES, CUMBRE, CURVA, ETC.", , , ,0,"K-60, K-16","5,5",BIDIRECCIONAL,ASFALTO,BUENO,SECO,DESPEJADO,0,0,1,0,07,071,07107,Maule,Talca,Pencahue,Ruta,"K-60, K-16 km 5,5",-35.011733,-71.313614
-7871374.81127306,-3977162.05961108,3355,2023,1517258,2023/03/17 00:00:00+00,Marzo,17,Viernes,1899/12/30 00:00:00+00,16:00:00,16,REGION METROPOLITANA,SAN BERNARDO,COLISION FRONTAL,COLISION,URBANA,CRUCE SIN SEÑALIZACION,IMPRUDENCIA DEL CONDUCTOR,CONDUCCION SIN MANTENER DISTANCIA RAZONABLE NI PRUDENTE,GRAL URRUTIA,BRUNO CASANOVA ARANCIBIA,BRUNO CASANOVA ARANCIBIA - GRAL URRUTIA,0, , ,BIDIRECCIONAL,ASFALTO,BUENO,SECO,DESPEJADO,0,0,0,0,13,134,13401,Metropolitana de Santiago,Maipo,San Bernardo,Interseccion,"BRUNO CASANOVA ARANCIBIA & GRAL URRUTIA, San Bernardo",-33.614549,-70.709763
-7872643.408179,-4050771.8855506,3356,2023,1512408,2023/02/16 00:00:00+00,Febrero,16,Jueves,1899/12/30 00:00:00+00,21:30:00,21,REGION LIB.B.O'HIGGINS,RANCAGUA,COLISION,COLISION,URBANA,TRAMO DE VIA RECTA,IMPRUDENCIA DEL CONDUCTOR,CONDUCCION NO ATENTO CONDICIONES TRANSITO MOMENTO,BANDERA,SOL DE SEPTIEMBRE,BANDERA - SOL DE SEPTIEMBRE,0, , ,BIDIRECCIONAL,ASFALTO,REGULAR,SECO,DESPEJADO,0,0,0,1,06,061,06101,Libertador General Bernardo O'Higgins,Cachapoal,Rancagua,Interseccion,"BANDERA & SOL DE SEPTIEMBRE, Rancagua",-34.16346,-70.721159
-8107549.80733577,-4413033.3277353,3357,2023,1570300,2023/11/04 00:00:00+00,Noviembre,4,Sábado,1899/12/30 00:00:00+00,15:00:00,15,REGION BIO BIO,FLORIDA,VOLCADURA,VOLCADURA,RURAL,TRAMO DE VIA RECTA,VELOCIDAD IMPRUDENTE,VELOCIDAD NO RAZONABLE NI PRUDENTE, , , ,0,RUTA 148,58,BIDIRECCIONAL,ASFALTO,BUENO,SECO,DESPEJADO,0,1,0,0,08,081,08104,Biobío,Concepción,Florida,Ruta,RUTA 148 km 58,-36.812712,-72.831359
-7876682.07931612,-3961114.93954235,3358,2023,1504196,2023/01/18 00:00:00+00,Enero,18,Miércoles,1899/12/30 00:00:00+00,15:15:00,15,REGION METROPOLITANA,MAIPU,COLISION FRONTAL,COLISION,URBANA,TRAMO DE VIA RECTA,DESOBEDIENCIA A SEÑALIZACION,SEÑALIZACION DESOBEDECER LUZ ROJA DE SEMAFORO,LOS PAJARITOS,CAMINO LA FARFANA,CAMINO LA FARFANA - LOS PAJARITOS,0, , ,BIDIRECCIONAL CON BANDEJON,ASFALTO,BUENO,SECO,DESPEJADO,0,0,0,0,13,131,13119,Metropolitana de Santiago,Santiago,Maipú,Interseccion,"CAMINO LA FARFANA & LOS PAJARITOS, Maipú",-33.494417,-70.757439
-7895518.68404625,-3984580.84077321,3359,2023,1514731,2023/02/17 00:00:00+00,Febrero,17,Viernes,1899/12/30 00:00:00+00,01:40:00,1,REGION METROPOLITANA,TALAGANTE,COLISION POR ALCANCE,COLISION,URBANA,TRAMO DE VIA RECTA,IMPRUDENCIA DEL CONDUCTOR,CONDUCCION SIN MANTENER DISTANCIA RAZONABLE NI PRUDENTE,JAIME GUZMAN,21 DE MAYO,21 DE MAYO - JAIME GUZMAN,0, , ,BIDIRECCIONAL,ASFALTO,REGULAR,SECO,DESPEJADO,0,0,0,1,13,136,13601,Metropolitana de Santiago,Talagante,Talagante,Interseccion,"21 DE MAYO & JAIME GUZMAN, Talagante",-33.670031,-70.926651
-7995122.12138251,-4320715.74067097,3360,2023,1520413,2023/03/17 00:00:00+00,Marzo,17,Viernes,1899/12/30 00:00:00+00,17:30:00,17,REGION MAULE,PARRAL,COLISION PERPENDICULAR,COLISION,URBANA,CRUCE CON SEÑAL PARE,DESOBEDIENCIA A SEÑALIZACION,SEÑALIZACION DESOBEDECER SEÑAL PARE,LAS DELICIAS NORTE,BUIN,BUIN - LAS DELICIAS NORTE,0, , ,UNIDIRECCIONAL,ASFALTO,BUENO,SECO,DESPEJADO,0,0,0,1,07,074,07404,Maule,Linares,Parral,Interseccion,"BUIN & LAS DELICIAS NORTE, Parral",-36.145901,-71.821404
-7863749.8371898,-4029748.02370275,3361,2023,1570230,2023/11/04 00:00:00+00,Noviembre,4,Sábado,1899/12/30 00:00:00+00,20:00:00,20,REGION LIB.B.O'HIGGINS,MOSTAZAL,COLISION POR ALCANCE,COLISION,RURAL,TRAMO DE VIA RECTA,IMPRUDENCIA DEL CONDUCTOR,"ADELANTAMIENTO EN CRUCE, CURVA, CUESTA, PUENTE", , , ,0,H-153,"0,4",BIDIRECCIONAL,ASFALTO,BUENO,SECO,DESPEJADO,1,0,0,1,06,061,06110,Libertador General Bernardo O'Higgins,Cachapoal,Mostazal,Ruta,"H-153 km 0,4",-34.007045,-70.641267
-7863450.8673128,-3945672.74515616,3362,2023,1505827,2023/01/18 00:00:00+00,Enero,18,Miércoles,1899/12/30 00:00:00+00,15:50:00,15,REGION METROPOLITANA,HUECHURABA,COLISION POR ALCANCE,COLISION,URBANA,CRUCE CON SEMAFORO FUNCIONANDO,FALLAS MECANICAS,FALLAS MECANICAS FRENOS,RECOLETA,PDTE SALVADOR ALLENDE,PDTE SALVADOR ALLENDE - RECOLETA,0, , ,BIDIRECCIONAL CON BANDEJON,ASFALTO,BUENO,SECO,DESPEJADO,0,1,0,0,13,131,13107,Metropolitana de Santiago,Santiago,Huechuraba,Interseccion,"PDTE SALVADOR ALLENDE & RECOLETA, Huechuraba",-33.378656,-70.638581
-8141110.39774646,-4950197.88575521,3363,2023,1512971,2023/02/17 00:00:00+00,Febrero,17,Viernes,1899/12/30 00:00:00+00,02:10:00,2,REGION LOS LAGOS,OSORNO,VOLCADURA,VOLCADURA,URBANA,TRAMO DE VIA RECTA,ALCOHOL EN CONDUCTOR,CONDUCCION EN ESTADO DE EBRIEDAD,LORD COCHRANE,MANUEL RODRIGUEZ,LORD COCHRANE - MANUEL RODRIGUEZ,0, , ,BIDIRECCIONAL,ASFALTO,BUENO,SECO,DESPEJADO,0,1,0,0,10,103,10301,Los Lagos,Osorno,Osorno,Interseccion,"LORD COCHRANE & MANUEL RODRIGUEZ, Osorno",-40.57734,-73.132839