X,Y,FID,Año,IdAccident,Fecha,Mes,Dia_mes,Dia_semana,Hora,Hora_texto,Hora_aprox,Región,Comuna,Tipo_Accid,Tipo__CONA,Zona,Ubicación,Causa__CON,Causa_Acci,Calle_Uno,Calle_Dos,Intersecci,Número,Ruta,Ubicaci_1,Calzada,Tipo_Calza,Estado_Cal,Condición,Estado_Atm,Fallecidos,Graves,Menos_Grav,Leves,CUT_REG,CUT_PROV,CUT_COM,REGION,PROVINCIA,COMUNA1,Tipo_direc,Direccion,Lat,Lon
-8118633.10012395,-5082139.28498005,3364,2023,1520306,2023/03/17 00:00:00+00,Marzo,17,Viernes,1899/12/30 00:00:00+00,17:40:00,17,REGION LOS LAGOS,PUERTO MONTT,COLISION LATERAL,COLISION,URBANA,CRUCE CON SEÑAL PARE,IMPRUDENCIA DEL CONDUCTOR,CONDUCCION NO ATENTO CONDICIONES TRANSITO MOMENTO,EGAÑA,COVADONGA,COVADONGA - EGAÑA,0, , ,BIDIRECCIONAL,CONCRETO,BUENO,SECO,NUBLADO,0,0,0,0,10,101,10101,Los Lagos,Llanquihue,Puerto Montt,Interseccion,"COVADONGA & EGAÑA, Puerto Montt",-41.471505,-72.930922
-8121482.25788098,-5063353.58982473,3365,2023,1570591,2023/11/04 00:00:00+00,Noviembre,4,Sábado,1899/12/30 00:00:00+00,20:30:00,20,REGION LOS LAGOS,PUERTO VARAS,COLISION POR ALCANCE,COLISION,RURAL,TRAMO DE VIA RECTA,IMPRUDENCIA DEL CONDUCTOR,CONDUCCION SIN MANTENER DISTANCIA RAZONABLE NI PRUDENTE, , , ,0,V-505,2,BIDIRECCIONAL,ASFALTO,BUENO,SECO,NUBLADO,0,0,0,0,10,101,10109,Los Lagos,Llanquihue,Puerto Varas,Ruta,V-505 km 2,-41.344936,-72.956516
-7866180.42119366,-3952794.5303845,3366,2023,1513380,2023/02/17 00:00:00+00,Febrero,17,Viernes,1899/12/30 00:00:00+00,10:05:00,10,REGION METROPOLITANA,SANTIAGO,COLISION LATERAL,COLISION,URBANA,CRUCE CON SEÑAL CEDA EL PASO,IMPRUDENCIA DEL CONDUCTOR,CONDUCCION NO ATENTO CONDICIONES TRANSITO MOMENTO,MAPOCHO,ALMTE BARROSO,ALMTE BARROSO - MAPOCHO,0, , ,UNIDIRECCIONAL,CONCRETO,BUENO,SECO,DESPEJADO,0,0,0,1,13,131,13101,Metropolitana de Santiago,Santiago,Santiago,Interseccion,"ALMTE BARROSO & MAPOCHO, Santiago",-33.432063,-70.663101
-8109233.95023831,-4664829.7509492,3367,2023,1518160,2023/03/17 00:00:00+00,Marzo,17,Viernes,1899/12/30 00:00:00+00,19:25:00,19,REGION ARAUCANIA,CHOLCHOL,VOLCADURA,VOLCADURA,URBANA,TRAMO DE VIA RECTA,ALCOHOL EN CONDUCTOR,CONDUCCION EN ESTADO DE EBRIEDAD,ARTURO PRAT,BALMACEDA,ARTURO PRAT - BALMACEDA,0, , ,BIDIRECCIONAL,ASFALTO,REGULAR,MOJADO,LLUVIA,0,0,0,1,09,091,09121,La Araucanía,Cautín,Cholchol,Interseccion,"ARTURO PRAT & BALMACEDA, Cholchol",-38.602063,-72.846488
-7931302.99122467,-4160160.11855939,3368,2023,1504369,2023/01/18 00:00:00+00,Enero,18,Miércoles,1899/12/30 00:00:00+00,16:15:00,16,REGION MAULE,CURICO,CHOQUE FRENTE/LADO,CHOQUE,URBANA,CRUCE CON SEMAFORO FUNCIONANDO,IMPRUDENCIA DEL CONDUCTOR,CONDUCCION NO ATENTO CONDICIONES TRANSITO MOMENTO,VALENCIA,BALMACEDA,BALMACEDA - VALENCIA,0, , ,BIDIRECCIONAL,CONCRETO,BUENO,SECO,DESPEJADO,0,0,1,0,07,073,07301,Maule,Curicó,Curicó,Interseccion,"BALMACEDA & VALENCIA, Curicó",-34.972614,-71.248107
-7949984.57512586,-4165386.95832868,3369,2023,1569397,2023/11/04 00:00:00+00,Noviembre,4,Sábado,1899/12/30 00:00:00+00,20:40:00,20,REGION MAULE,SAGRADA FAMILIA,VOLCADURA,VOLCADURA,RURAL,TRAMO DE VIA RECTA,VELOCIDAD IMPRUDENTE,VELOCIDAD NO RAZONABLE NI PRUDENTE, , , ,0,K-16,"16,1",BIDIRECCIONAL,ASFALTO,BUENO,SECO,DESPEJADO,0,0,0,1,07,073,07307,Maule,Curicó,Sagrada Familia,Ruta,"K-16 km 16,1",-35.01108,-71.415927
-7869155.32326562,-3958797.04929737,3370,2023,1513444,2023/02/17 00:00:00+00,Febrero,17,Viernes,1899/12/30 00:00:00+00,12:20:00,12,REGION METROPOLITANA,ESTACION CENTRAL,COLISION,COLISION,URBANA,TRAMO DE VIA RECTA,ALCOHOL EN CONDUCTOR,CONDUCCION BAJO LA INFLUENCIA DEL ALCOHOL,PEDRO AGUIRRE CERDA,MANUEL CHACON,MANUEL CHACON - PEDRO AGUIRRE CERDA,0, , ,BIDIRECCIONAL,ASFALTO,BUENO,SECO,DESPEJADO,0,0,0,1,13,131,13106,Metropolitana de Santiago,Santiago,Estación Central,Interseccion,"MANUEL CHACON & PEDRO AGUIRRE CERDA, Estación Central",-33.477051,-70.689825
-7856651.91805972,-3954192.54505067,3371,2023,1504726,2023/01/18 00:00:00+00,Enero,18,Miércoles,1899/12/30 00:00:00+00,17:05:00,17,REGION METROPOLITANA,ÑUÑOA,COLISION,COLISION,URBANA,CRUCE CON SEÑAL PARE,IMPRUDENCIA DEL CONDUCTOR,CONDUCCION NO ATENTO CONDICIONES TRANSITO MOMENTO,HAMBURGO,EMILIA TELLEZ,EMILIA TELLEZ - HAMBURGO,0, , ,BIDIRECCIONAL,CONCRETO,BUENO,SECO,DESPEJADO,0,2,0,0,13,131,13120,Metropolitana de Santiago,Santiago,Ñuñoa,Interseccion,"EMILIA TELLEZ & HAMBURGO, Ñuñoa",-33.442543,-70.577505
-7872316.57416517,-3963683.63443553,3372,2023,1517181,2023/03/17 00:00:00+00,Marzo,17,Viernes,1899/12/30 00:00:00+00,20:00:00,20,REGION METROPOLITANA,CERRILLOS,COLISION LATERAL,COLISION,URBANA,CRUCE CON SEÑAL CEDA EL PASO,IMPRUDENCIA DEL CONDUCTOR,CONDUCCION NO ATENTO CONDICIONES TRANSITO MOMENTO,AMERICO VESPUCIO,CAMINO A LONQUEN,AMERICO VESPUCIO - CAMINO A LONQUEN,0, , ,BIDIRECCIONAL,ASFALTO,BUENO,SECO,DESPEJADO,0,1,0,0,13,131,13102,Metropolitana de Santiago,Santiago,Cerrillos,Interseccion,"AMERICO VESPUCIO & CAMINO A LONQUEN, Cerrillos",-33.513658,-70.718223
-7855664.62549587,-3966602.12782346,3373,2023,1510510,2023/02/17 00:00:00+00,Febrero,17,Viernes,1899/12/30 00:00:00+00,13:30:00,13,REGION METROPOLITANA,LA FLORIDA,COLISION FRONTAL,COLISION,URBANA,CRUCE SIN SEÑALIZACION,IMPRUDENCIA DEL CONDUCTOR,CONDUCCION NO ATENTO CONDICIONES TRANSITO MOMENTO,ROJAS MAGALLANES,LA PALMA CHILENA,LA PALMA CHILENA - ROJAS MAGALLANES,0, , ,BIDIRECCIONAL,ASFALTO,BUENO,SECO,DESPEJADO,0,0,1,1,13,131,13110,Metropolitana de Santiago,Santiago,La Florida,Interseccion,"LA PALMA CHILENA & ROJAS MAGALLANES, La Florida",-33.535514,-70.568636
-7919161.46201681,-4149095.82884563,3374,2023,1570415,2023/11/05 00:00:00+00,Noviembre,5,Domingo,1899/12/30 00:00:00+00,01:10:00,1,REGION MAULE,TENO,COLISION,COLISION,RURAL,TRAMO DE VIA RECTA,DESOBEDIENCIA A SEÑALIZACION,SEÑALIZACION DESOBEDECER SEÑAL PARE, , , ,0,J-415,"1,5",BIDIRECCIONAL,ASFALTO,REGULAR,SECO,DESPEJADO,0,0,0,0,07,073,07308,Maule,Curicó,Teno,Ruta,"J-415 km 1,5",-34.891129,-71.139038
-7858023.2628668,-3954327.95334136,3375,2023,1517556,2023/03/17 00:00:00+00,Marzo,17,Viernes,1899/12/30 00:00:00+00,20:00:00,20,REGION METROPOLITANA,PROVIDENCIA,COLISION LATERAL,COLISION,URBANA,ACERA O BERMA,IMPRUDENCIA DEL CONDUCTOR,CONDUCCION NO ATENTO CONDICIONES TRANSITO MOMENTO,ELIECER PARADA,IGNACIA SEURAT,ELIECER PARADA - IGNACIA SEURAT,0, , ,UNIDIRECCIONAL,ASFALTO,REGULAR,SECO,DESPEJADO,0,1,0,0,13,131,13123,Metropolitana de Santiago,Santiago,Providencia,Interseccion,"ELIECER PARADA & IGNACIA SEURAT, Providencia",-33.443558,-70.589824
-8053344.88663498,-4504800.62301751,3376,2023,1510812,2023/02/17 00:00:00+00,Febrero,17,Viernes,1899/12/30 00:00:00+00,15:34:00,15,REGION BIO BIO,LOS ANGELES,COLISION LATERAL,COLISION,URBANA,CRUCE CON SEMAFORO FUNCIONANDO,IMPRUDENCIA DEL CONDUCTOR,CONDUCCION NO ATENTO CONDICIONES TRANSITO MOMENTO,ALEMANIA,DARIO BARRUETO,ALEMANIA - DARIO BARRUETO,0, , ,BIDIRECCIONAL CON BANDEJON,ASFALTO,BUENO,SECO,DESPEJADO,0,1,0,0,08,083,08301,Biobío,Biobío,Los Angeles,Interseccion,"ALEMANIA & DARIO BARRUETO, Los Angeles",-37.469842,-72.344428
-7836189.61452893,-2712373.8311352,3377,2023,1504883,2023/01/18 00:00:00+00,Enero,18,Miércoles,1899/12/30 00:00:00+00,18:30:00,18,REGION ANTOFAGASTA,ANTOFAGASTA,COLISION,COLISION,URBANA,CRUCE CON SEÑAL CEDA EL PASO,IMPRUDENCIA DEL CONDUCTOR,CONDUCCION NO ATENTO CONDICIONES TRANSITO MOMENTO,ANDRES SABELLA GALVEZ,TEGUALDA,ANDRES SABELLA GALVEZ - TEGUALDA,0, , ,BIDIRECCIONAL,ASFALTO,BUENO,SECO,DESPEJADO,0,0,0,0,02,021,02101,Antofagasta,Antofagasta,Antofagasta,Interseccion,"ANDRES SABELLA GALVEZ & TEGUALDA, Antofagasta",-23.662812,-70.393689
-7861194.86647899,-3979637.53067238,3378,2023,1520185,2023/03/17 00:00:00+00,Marzo,17,Viernes,1899/12/30 00:00:00+00,23:30:00,23,REGION METROPOLITANA,PUENTE ALTO,COLISION LATERAL,COLISION,URBANA,TRAMO DE VIA RECTA,IMPRUDENCIA DEL CONDUCTOR,CONDUCCION NO ATENTO CONDICIONES TRANSITO MOMENTO,EL CONCRETERO,ACCESO SUR,ACCESO SUR - EL CONCRETERO,0, , ,BIDIRECCIONAL,CONCRETO,BUENO,SECO,DESPEJADO,0,0,0,2,13,132,13201,Metropolitana de Santiago,Cordillera,Puente Alto,Interseccion,"ACCESO SUR & EL CONCRETERO, Puente Alto",-33.633066,-70.618315
-7968777.18930981,-3664426.63387469,3379,2023,1571314,2023/11/05 00:00:00+00,Noviembre,5,Domingo,1899/12/30 00:00:00+00,09:30:00,9,REGION COQUIMBO,CANELA,IMPACTO CON ANIMAL,OTRO TIPO,RURAL,TRAMO DE VIA RECTA,DEFICIENCIAS VIALES,ANIMALES SUELTOS VIA PUBLICA, , , ,0,RUTA 5 NORTE,300,BIDIRECCIONAL CON BANDEJON,ASFALTO,BUENO,SECO,DESPEJADO,0,1,0,0,04,042,04202,Coquimbo,Choapa,Canela,Ruta,RUTA 5 NORTE km 300,-31.243606,-71.584743
-7855789.19200607,-3948821.115237,3380,2023,1513224,2023/02/17 00:00:00+00,Febrero,17,Viernes,1899/12/30 00:00:00+00,16:45:00,16,REGION METROPOLITANA,LAS CONDES,COLISION POR ALCANCE,COLISION,URBANA,TRAMO DE VIA RECTA,IMPRUDENCIA DEL CONDUCTOR,CONDUCCION SIN MANTENER DISTANCIA RAZONABLE NI PRUDENTE,PDTE RIESCO,MANQUEHUE NORTE,MANQUEHUE NORTE - PDTE RIESCO,0, , ,BIDIRECCIONAL,CONCRETO,BUENO,SECO,DESPEJADO,0,0,0,1,13,131,13114,Metropolitana de Santiago,Santiago,Las Condes,Interseccion,"MANQUEHUE NORTE & PDTE RIESCO, Las Condes",-33.40227,-70.569755
-7962288.47092435,-3867632.50494671,3381,2023,1507066,2023/01/18 00:00:00+00,Enero,18,Miércoles,1899/12/30 00:00:00+00,20:30:00,20,REGION VALPARAISO,QUINTERO,COLISION,COLISION,URBANA,TRAMO DE VIA RECTA,IMPRUDENCIA DEL CONDUCTOR,CONDUCCION NO ATENTO CONDICIONES TRANSITO MOMENTO,NORMANDIE,ERNESTO RIQUELME,ERNESTO RIQUELME - NORMANDIE,0, , ,BIDIRECCIONAL,ASFALTO,BUENO,SECO,DESPEJADO,0,0,0,0,05,051,05107,Valparaíso,Valparaíso,Quintero,Interseccion,"ERNESTO RIQUELME & NORMANDIE, Quintero",-32.79128,-71.526454
-7929360.53778895,-3520125.6565692,3382,2023,1570529,2023/11/05 00:00:00+00,Noviembre,5,Domingo,1899/12/30 00:00:00+00,18:00:00,18,REGION COQUIMBO,COQUIMBO,COLISION PERPENDICULAR,COLISION,RURAL,CRUCE CON SEÑAL CEDA EL PASO,IMPRUDENCIA DEL CONDUCTOR,CONDUCCION NO ATENTO CONDICIONES TRANSITO MOMENTO, , , ,0,RUTA 43,"58,5",BIDIRECCIONAL,ASFALTO,BUENO,SECO,DESPEJADO,0,0,0,1,04,041,04102,Coquimbo,Elqui,Coquimbo,Ruta,"RUTA 43 km 58,5",-30.12887,-71.230658
-7870403.99397158,-3956034.5004439,3383,2023,1511683,2023/02/17 00:00:00+00,Febrero,17,Viernes,1899/12/30 00:00:00+00,22:20:00,22,REGION METROPOLITANA,ESTACION CENTRAL,COLISION LATERAL,COLISION,URBANA,TRAMO DE VIA RECTA,IMPRUDENCIA DEL CONDUCTOR,CONDUCCION CAMBIAR SORPRESIVAMENTE PISTA CIRCULACION,LIBER BERNARDO O'HIGGINS,RADAL,LIBER BERNARDO O'HIGGINS - RADAL,0, , ,BIDIRECCIONAL CON BANDEJON,ASFALTO,BUENO,SECO,DESPEJADO,0,0,0,1,13,131,13106,Metropolitana de Santiago,Santiago,Estación Central,Interseccion,"LIBER BERNARDO O'HIGGINS & RADAL, Estación Central",-33.456349,-70.701042
-7867371.98502311,-3953193.24083007,3384,2023,1520472,2023/03/18 00:00:00+00,Marzo,18,Sábado,1899/12/30 00:00:00+00,00:15:00,0,REGION METROPOLITANA,SANTIAGO,COLISION,COLISION,URBANA,CRUCE CON SEÑAL CEDA EL PASO,DESOBEDIENCIA A SEÑALIZACION,SEÑALIZACION DESOBEDECER SEÑAL CEDA EL PASO,SAN PABLO,RAFAEL SOTOMAYOR,RAFAEL SOTOMAYOR - SAN PABLO,0, , ,UNIDIRECCIONAL,CONCRETO,BUENO,SECO,DESPEJADO,0,0,0,0,13,131,13101,Metropolitana de Santiago,Santiago,Santiago,Interseccion,"RAFAEL SOTOMAYOR & SAN PABLO, Santiago",-33.435052,-70.673805
-7859625.7292452,-3873564.11093328,3385,2023,1504371,2023/01/18 00:00:00+00,Enero,18,Miércoles,1899/12/30 00:00:00+00,23:20:00,23,REGION VALPARAISO,LOS ANDES,COLISION LATERAL,COLISION,URBANA,CRUCE CON SEMAFORO FUNCIONANDO,VELOCIDAD IMPRUDENTE,VELOCIDAD NO RAZONABLE NI PRUDENTE,SANTA TERESA,CHACABUCO,CHACABUCO - SANTA TERESA,0, , ,BIDIRECCIONAL CON BANDEJON,ASFALTO,BUENO,SECO,DESPEJADO,0,1,0,1,05,053,05301,Valparaíso,Los Andes,Los Andes,Interseccion,"CHACABUCO & SANTA TERESA, Los Andes",-32.836062,-70.604219
-8110596.15850932,-4696380.14307272,3386,2023,1570142,2023/11/06 00:00:00+00,Noviembre,6,Lunes,1899/12/30 00:00:00+00,07:30:00,7,REGION ARAUCANIA,NUEVA IMPERIAL,COLISION POR ALCANCE,COLISION,RURAL,CRUCE SIN SEÑALIZACION,IMPRUDENCIA DEL CONDUCTOR,CONDUCCION SIN MANTENER DISTANCIA RAZONABLE NI PRUDENTE, , , ,0,S-464,24,BIDIRECCIONAL,ASFALTO,BUENO,MOJADO,LLUVIA,1,0,0,0,09,091,09111,La Araucanía,Cautín,Nueva Imperial,Ruta,S-464 km 24,-38.823215,-72.858725
-7857488.8179915,-3963236.03087352,3387,2023,1517551,2023/03/18 00:00:00+00,Marzo,18,Sábado,1899/12/30 00:00:00+00,00:20:00,0,REGION METROPOLITANA,PEÑALOLEN,COLISION FRONTAL,COLISION,URBANA,CRUCE CON SEMAFORO FUNCIONANDO,DESOBEDIENCIA A SEÑALIZACION,SEÑALIZACION DESOBEDECER LUZ ROJA DE SEMAFORO,DEPARTAMENTAL,SAN ANDRES DE PEÑALOLEN,DEPARTAMENTAL - SAN ANDRES DE PEÑALOLEN,0, , ,BIDIRECCIONAL CON BANDEJON,CONCRETO,BUENO,SECO,DESPEJADO,0,0,0,0,13,131,13122,Metropolitana de Santiago,Santiago,Peñalolén,Interseccion,"DEPARTAMENTAL & SAN ANDRES DE PEÑALOLEN, Peñalolén",-33.510306,-70.585023
-8059651.88979986,-4499509.70716147,3388,2023,1570359,2023/11/06 00:00:00+00,Noviembre,6,Lunes,1899/12/30 00:00:00+00,18:15:00,18,REGION BIO BIO,LOS ANGELES,COLISION LATERAL,COLISION,RURAL,TRAMO DE VIA RECTA,IMPRUDENCIA DEL CONDUCTOR,ADELANTAMIENTO SOBREPASANDO LINEA CONTINUA, , , ,0,Q-20,1,BIDIRECCIONAL,ASFALTO,BUENO,SECO,NUBLADO,0,1,0,0,08,083,08301,Biobío,Biobío,Los Angeles,Ruta,Q-20 km 1,-37.43211,-72.401085
-8027286.6636883,-4384842.87609538,3389,2023,1510933,2023/02/17 00:00:00+00,Febrero,17,Viernes,1899/12/30 00:00:00+00,22:20:00,22,REGION ÑUBLE,CHILLAN,COLISION PERPENDICULAR,COLISION,URBANA,CRUCE CON SEMAFORO FUNCIONANDO,DESOBEDIENCIA A SEÑALIZACION,SEÑALIZACION DESOBEDECER LUZ ROJA DE SEMAFORO,ARTURO PRAT,O'HIGGINS,ARTURO PRAT - O'HIGGINS,0, , ,UNIDIRECCIONAL,CONCRETO,BUENO,SECO,DESPEJADO,0,0,0,1,16,161,16101,Ñuble,Diguillín,Chillán,Interseccion,"ARTURO PRAT & O'HIGGINS, Chillán",-36.609701,-72.110343
-7910950.57780902,-4087630.34138314,3390,2023,1570404,2023/11/07 00:00:00+00,Noviembre,7,Martes,1899/12/30 00:00:00+00,07:20:00,7,REGION LIB.B.O'HIGGINS,SAN VICENTE,COLISION POR ALCANCE,COLISION,RURAL,TRAMO DE VIA RECTA,IMPRUDENCIA DEL CONDUCTOR,CONDUCCION NO ATENTO CONDICIONES TRANSITO MOMENTO, , , ,0,RUTA 66,16,BIDIRECCIONAL,ASFALTO,BUENO,SECO,DESPEJADO,0,0,1,0,06,061,06117,Libertador General Bernardo O'Higgins,Cachapoal,San Vicente,Ruta,RUTA 66 km 16,-34.436984,-71.065278
-8132723.25335162,-4415719.8641744,3391,2023,1504684,2023/01/19 00:00:00+00,Enero,19,Jueves,1899/12/30 00:00:00+00,00:20:00,0,REGION BIO BIO,CONCEPCION,VOLCADURA,VOLCADURA,URBANA,CRUCE CON SEMAFORO FUNCIONANDO,IMPRUDENCIA DEL CONDUCTOR,CONDUCCION NO ATENTO CONDICIONES TRANSITO MOMENTO,ARTURO PRAT,SAN MARTIN,ARTURO PRAT - SAN MARTIN,0, , ,UNIDIRECCIONAL,CONCRETO,BUENO,SECO,NUBLADO,0,0,0,1,08,081,08101,Biobío,Concepción,Concepción,Interseccion,"ARTURO PRAT & SAN MARTIN, Concepción",-36.832031,-73.057496
-7898453.16612243,-3873691.55137775,3392,2023,1511897,2023/02/17 00:00:00+00,Febrero,17,Viernes,1899/12/30 00:00:00+00,23:00:00,23,REGION VALPARAISO,LLAY LLAY,OTRO TIPO,OTRO TIPO,URBANA,TRAMO DE VIA RECTA,VELOCIDAD IMPRUDENTE,VELOCIDAD NO RAZONABLE NI PRUDENTE,IGNACIO CARRERA PINTO,LOS ECUCALIPTUS,IGNACIO CARRERA PINTO - LOS ECUCALIPTUS,0, , ,BIDIRECCIONAL,CONCRETO,BUENO,SECO,DESPEJADO,0,0,0,0,05,057,05703,Valparaíso,San Felipe de Aconcagua,Llaillay,Interseccion,"IGNACIO CARRERA PINTO & LOS ECUCALIPTUS, Llaillay",-32.837024,-70.953012
-7854574.80768101,-3969765.81952737,3393,2023,1517632,2023/03/18 00:00:00+00,Marzo,18,Sábado,1899/12/30 00:00:00+00,00:50:00,0,REGION METROPOLITANA,LA FLORIDA,COLISION LATERAL,COLISION,URBANA,TRAMO DE VIA RECTA,IMPRUDENCIA DEL CONDUCTOR,CONDUCCION NO ATENTO CONDICIONES TRANSITO MOMENTO,LA FLORIDA,DIEGO PORTALES,DIEGO PORTALES - LA FLORIDA,0, , ,BIDIRECCIONAL,ASFALTO,BUENO,SECO,DESPEJADO,0,0,0,1,13,131,13110,Metropolitana de Santiago,Santiago,La Florida,Interseccion,"DIEGO PORTALES & LA FLORIDA, La Florida",-33.5592,-70.558846
-7969471.21637471,-3967851.41933497,3394,2023,1504186,2023/01/19 00:00:00+00,Enero,19,Jueves,1899/12/30 00:00:00+00,00:25:00,0,REGION VALPARAISO,CARTAGENA,VOLCADURA,VOLCADURA,URBANA,TRAMO DE VIA RECTA,VELOCIDAD IMPRUDENTE,VELOCIDAD NO RAZONABLE NI PRUDENTE,SANTIAGO LOVELUK,LOS TILOS,LOS TILOS - SANTIAGO LOVELUK,0, , ,BIDIRECCIONAL,ASFALTO,BUENO,SECO,DESPEJADO,0,1,0,0,05,056,05603,Valparaíso,San Antonio,Cartagena,Interseccion,"LOS TILOS & SANTIAGO LOVELUK, Cartagena",-33.544868,-71.590978
-7959909.75148389,-3896469.00807967,3395,2023,1513319,2023/02/17 00:00:00+00,Febrero,17,Viernes,1899/12/30 00:00:00+00,23:50:00,23,REGION VALPARAISO,VIÑA DEL MAR,VOLCADURA,VOLCADURA,URBANA,ROTONDA,DESOBEDIENCIA A SEÑALIZACION,SEÑALIZACION DESOBEDECER SEÑAL CEDA EL PASO,CARLOS IBAÑEZ DEL CAMPO,SANTA JULIA,CARLOS IBAÑEZ DEL CAMPO - SANTA JULIA,0, , ,BIDIRECCIONAL,ASFALTO,BUENO,SECO,DESPEJADO,0,0,1,0,05,051,05109,Valparaíso,Valparaíso,Viña del Mar,Interseccion,"CARLOS IBAÑEZ DEL CAMPO & SANTA JULIA, Viña del Mar",-33.008777,-71.505086
-7961105.35725726,-3868611.17045649,3396,2023,1572515,2023/11/07 00:00:00+00,Noviembre,7,Martes,1899/12/30 00:00:00+00,14:10:00,14,REGION VALPARAISO,QUINTERO,VOLCADURA,VOLCADURA,RURAL,CRUCE CON SEÑAL PARE,IMPRUDENCIA DEL CONDUCTOR,CONDUCCION NO ATENTO CONDICIONES TRANSITO MOMENTO, , , ,0,F-210,4,BIDIRECCIONAL,ASFALTO,BUENO,SECO,DESPEJADO,0,0,0,1,05,051,05107,Valparaíso,Valparaíso,Quintero,Ruta,F-210 km 4,-32.79867,-71.515826
-8133587.2039308,-5040540.57416475,3397,2023,1505305,2023/01/19 00:00:00+00,Enero,19,Jueves,1899/12/30 00:00:00+00,02:25:00,2,REGION LOS LAGOS,LLANQUIHUE,VOLCADURA,VOLCADURA,URBANA,CRUCE CON SEÑAL PARE,IMPRUDENCIA DEL CONDUCTOR,CONDUCCION NO ATENTO CONDICIONES TRANSITO MOMENTO,CIRCUNVALACION,LOS CARRERA,CIRCUNVALACION - LOS CARRERA,0, , ,BIDIRECCIONAL,ASFALTO,BUENO,SECO,DESPEJADO,0,1,0,0,10,101,10107,Los Lagos,Llanquihue,Llanquihue,Interseccion,"CIRCUNVALACION & LOS CARRERA, Llanquihue",-41.190902,-73.065257
-7981370.94855001,-4237728.9967371,3398,2023,1570567,2023/11/07 00:00:00+00,Noviembre,7,Martes,1899/12/30 00:00:00+00,15:30:00,15,REGION MAULE,MAULE,COLISION POR ALCANCE,COLISION,RURAL,TRAMO DE VIA RECTA,IMPRUDENCIA DEL CONDUCTOR,CONDUCCION NO ATENTO CONDICIONES TRANSITO MOMENTO, , , ,0,K-620,1,BIDIRECCIONAL,ASFALTO,BUENO,SECO,DESPEJADO,0,1,0,1,07,071,07105,Maule,Talca,Maule,Ruta,K-620 km 1,-35.541606,-71.697875
-7831641.7235354,-3167594.23845311,3399,2023,1518117,2023/03/18 00:00:00+00,Marzo,18,Sábado,1899/12/30 00:00:00+00,02:10:00,2,REGION ATACAMA,COPIAPO,COLISION FRONTAL,COLISION,URBANA,ROTONDA,ALCOHOL EN CONDUCTOR,CONDUCCION EN ESTADO DE EBRIEDAD,COPAYAPU,CANCHA RAYADA,CANCHA RAYADA - COPAYAPU,0, , ,BIDIRECCIONAL CON BANDEJON,ASFALTO,BUENO,SECO,DESPEJADO,0,1,0,0,03,031,03101,Atacama,Copiapó,Copiapó,Interseccion,"CANCHA RAYADA & COPAYAPU, Copiapó",-27.352602,-70.352835
-7867371.98502311,-3953193.24083007,3400,2023,1518804,2023/02/18 00:00:00+00,Febrero,18,Sábado,1899/12/30 00:00:00+00,00:29:00,0,REGION METROPOLITANA,SANTIAGO,COLISION,COLISION,URBANA,TRAMO DE VIA RECTA,IMPRUDENCIA DEL CONDUCTOR,CONDUCCION NO ATENTO CONDICIONES TRANSITO MOMENTO,RAFAEL SOTOMAYOR,SAN PABLO,RAFAEL SOTOMAYOR - SAN PABLO,0, , ,UNIDIRECCIONAL,CONCRETO,BUENO,SECO,DESPEJADO,0,0,0,1,13,131,13101,Metropolitana de Santiago,Santiago,Santiago,Interseccion,"RAFAEL SOTOMAYOR & SAN PABLO, Santiago",-33.435052,-70.673805
-7881494.86618107,-3954367.84239115,3401,2023,1504573,2023/01/19 00:00:00+00,Enero,19,Jueves,1899/12/30 00:00:00+00,09:29:00,9,REGION METROPOLITANA,PUDAHUEL,COLISION,COLISION,URBANA,CRUCE CON SEÑAL PARE,DESOBEDIENCIA A SEÑALIZACION,SEÑALIZACION DESOBEDECER SEÑAL PARE,CAMINO LA FARFANA,SAN PABLO ANTIGUO,CAMINO LA FARFANA - SAN PABLO ANTIGUO,0, , ,BIDIRECCIONAL,ASFALTO,REGULAR,SECO,DESPEJADO,0,0,0,0,13,131,13124,Metropolitana de Santiago,Santiago,Pudahuel,Interseccion,"CAMINO LA FARFANA & SAN PABLO ANTIGUO, Pudahuel",-33.443857,-70.800673
-7902104.19341538,-4093698.91755534,3402,2023,1570622,2023/11/07 00:00:00+00,Noviembre,7,Martes,1899/12/30 00:00:00+00,15:50:00,15,REGION LIB.B.O'HIGGINS,SAN VICENTE,COLISION LATERAL,COLISION,RURAL,TRAMO DE VIA RECTA,IMPRUDENCIA DEL CONDUCTOR,CONDUCCION NO ATENTO CONDICIONES TRANSITO MOMENTO, , , ,0,H-800,1,BIDIRECCIONAL,ASFALTO,BUENO,SECO,DESPEJADO,0,0,1,0,06,061,06117,Libertador General Bernardo O'Higgins,Cachapoal,San Vicente,Ruta,H-800 km 1,-34.481933,-70.98581
-7930389.7261222,-4160730.02622928,3403,2023,1517900,2023/03/18 00:00:00+00,Marzo,18,Sábado,1899/12/30 00:00:00+00,05:10:00,5,REGION MAULE,CURICO,CHOQUE FRONTAL,CHOQUE,URBANA,CRUCE CON SEMAFORO FUNCIONANDO,ALCOHOL EN CONDUCTOR,CONDUCCION EN ESTADO DE EBRIEDAD,FREIRE,CARMEN,CARMEN - FREIRE,0, , ,BIDIRECCIONAL CON BANDEJON,ASFALTO,BUENO,SECO,DESPEJADO,0,1,0,0,07,073,07301,Maule,Curicó,Curicó,Interseccion,"CARMEN & FREIRE, Curicó",-34.976809,-71.239903