X,Y,FID,Año,IdAccident,Fecha,Mes,Dia_mes,Dia_semana,Hora,Hora_texto,Hora_aprox,Región,Comuna,Tipo_Accid,Tipo__CONA,Zona,Ubicación,Causa__CON,Causa_Acci,Calle_Uno,Calle_Dos,Intersecci,Número,Ruta,Ubicaci_1,Calzada,Tipo_Calza,Estado_Cal,Condición,Estado_Atm,Fallecidos,Graves,Menos_Grav,Leves,CUT_REG,CUT_PROV,CUT_COM,REGION,PROVINCIA,COMUNA1,Tipo_direc,Direccion,Lat,Lon
-8081433.91116353,-4684734.28029588,3404,2023,1511761,2023/02/18 00:00:00+00,Febrero,18,Sábado,1899/12/30 00:00:00+00,05:55:00,5,REGION ARAUCANIA,TEMUCO,COLISION,COLISION,URBANA,CRUCE CON SEMAFORO FUNCIONANDO,ALCOHOL EN CONDUCTOR,CONDUCCION EN ESTADO DE EBRIEDAD,SAN MARTIN,LAS HERAS,LAS HERAS - SAN MARTIN,0, , ,UNIDIRECCIONAL,CONCRETO,BUENO,SECO,DESPEJADO,0,0,0,2,09,091,09101,La Araucanía,Cautín,Temuco,Interseccion,"LAS HERAS & SAN MARTIN, Temuco",-38.741663,-72.596756
-8083199.5050792,-4684553.48207629,3405,2023,1504511,2023/01/19 00:00:00+00,Enero,19,Jueves,1899/12/30 00:00:00+00,13:40:00,13,REGION ARAUCANIA,TEMUCO,COLISION PERPENDICULAR,COLISION,URBANA,TRAMO DE VIA RECTA,IMPRUDENCIA DEL CONDUCTOR,CONDUCCION NO ATENTO CONDICIONES TRANSITO MOMENTO,BERNARDO O'HIGGINS,MARIA LUISA,BERNARDO O'HIGGINS - MARIA LUISA,0, , ,UNIDIRECCIONAL,ASFALTO,REGULAR,SECO,DESPEJADO,0,1,0,0,09,091,09101,La Araucanía,Cautín,Temuco,Interseccion,"BERNARDO O'HIGGINS & MARIA LUISA, Temuco",-38.740396,-72.612617
-7856273.32044927,-3957025.62570512,3406,2023,1510789,2023/02/18 00:00:00+00,Febrero,18,Sábado,1899/12/30 00:00:00+00,11:50:00,11,REGION METROPOLITANA,PEÑALOLEN,COLISION FRONTAL,COLISION,URBANA,CRUCE CON SEÑAL PARE,IMPRUDENCIA DEL CONDUCTOR,CONDUCCION CAMBIAR SORPRESIVAMENTE PISTA CIRCULACION,AMERICO VESPUCIO,LOS GUINDOS,AMERICO VESPUCIO - LOS GUINDOS,0, , ,UNIDIRECCIONAL,CONCRETO,BUENO,SECO,DESPEJADO,0,0,0,0,13,131,13122,Metropolitana de Santiago,Santiago,Peñalolén,Interseccion,"AMERICO VESPUCIO & LOS GUINDOS, Peñalolén",-33.463777,-70.574104
-7871436.92754892,-3954165.33017656,3407,2023,1521632,2023/03/18 00:00:00+00,Marzo,18,Sábado,1899/12/30 00:00:00+00,07:30:00,7,REGION METROPOLITANA,LO PRADO,CHOQUE FRENTE/POSTERIOR,CHOQUE,URBANA,CRUCE CON SEMAFORO FUNCIONANDO,IMPRUDENCIA DEL CONDUCTOR,CONDUCCION NO ATENTO CONDICIONES TRANSITO MOMENTO,SAN PABLO,TALCAHUANO,SAN PABLO - TALCAHUANO,0, , ,BIDIRECCIONAL,ASFALTO,BUENO,SECO,DESPEJADO,0,0,0,1,13,131,13117,Metropolitana de Santiago,Santiago,Lo Prado,Interseccion,"SAN PABLO & TALCAHUANO, Lo Prado",-33.442339,-70.710321
-7892537.41188341,-3875732.04920035,3408,2023,1571784,2023/11/07 00:00:00+00,Noviembre,7,Martes,1899/12/30 00:00:00+00,20:00:00,20,REGION VALPARAISO,LLAY LLAY,VOLCADURA,VOLCADURA,RURAL,TRAMO DE VIA RECTA,VELOCIDAD IMPRUDENTE,VELOCIDAD EXCESO EN ZONA RESTRINGIDA, , , ,0,RUTA 5 NORTE,80,BIDIRECCIONAL CON BANDEJON,ASFALTO,BUENO,SECO,DESPEJADO,1,0,0,2,05,057,05703,Valparaíso,San Felipe de Aconcagua,Llaillay,Ruta,RUTA 5 NORTE km 80,-32.852424,-70.89987
-7861721.18503146,-3957751.04094427,3409,2023,1505208,2023/01/19 00:00:00+00,Enero,19,Jueves,1899/12/30 00:00:00+00,16:00:00,16,REGION METROPOLITANA,ÑUÑOA,COLISION POR ALCANCE,COLISION,URBANA,TRAMO DE VIA RECTA,IMPRUDENCIA DEL CONDUCTOR,CONDUCCION SIN MANTENER DISTANCIA RAZONABLE NI PRUDENTE,SAN EUGENIO,FOLO,FOLO - SAN EUGENIO,0, , ,BIDIRECCIONAL,CONCRETO,BUENO,SECO,DESPEJADO,0,0,0,1,13,131,13120,Metropolitana de Santiago,Santiago,Ñuñoa,Interseccion,"FOLO & SAN EUGENIO, Ñuñoa",-33.469213,-70.623043
-7855980.21625227,-3955103.07956689,3410,2023,1510895,2023/02/18 00:00:00+00,Febrero,18,Sábado,1899/12/30 00:00:00+00,12:00:00,12,REGION METROPOLITANA,LA REINA,COLISION LATERAL,COLISION,URBANA,OTROS NO CONSIDERADOS,IMPRUDENCIA DEL CONDUCTOR,CONDUCCION NO ATENTO CONDICIONES TRANSITO MOMENTO,OSSA,DR GENARO BENAVIDES,DR GENARO BENAVIDES - OSSA,0, , ,BIDIRECCIONAL,CONCRETO,BUENO,SECO,DESPEJADO,0,0,0,1,13,131,13113,Metropolitana de Santiago,Santiago,La Reina,Interseccion,"DR GENARO BENAVIDES & OSSA, La Reina",-33.449368,-70.571471
-8026392.87949672,-4384364.44610582,3411,2023,1517948,2023/03/18 00:00:00+00,Marzo,18,Sábado,1899/12/30 00:00:00+00,07:55:00,7,REGION ÑUBLE,CHILLAN,COLISION POR ALCANCE,COLISION,URBANA,CRUCE CON SEÑAL PARE,IMPRUDENCIA DEL CONDUCTOR,CONDUCCION NO ATENTO CONDICIONES TRANSITO MOMENTO,O'HIGGINS,FRANCIA,FRANCIA - O'HIGGINS,0, , ,BIDIRECCIONAL CON BANDEJON,CONCRETO,BUENO,SECO,DESPEJADO,0,0,0,1,16,161,16101,Ñuble,Diguillín,Chillán,Interseccion,"FRANCIA & O'HIGGINS, Chillán",-36.606251,-72.102314
-7948948.2472948,-4195303.60784142,3412,2023,1570579,2023/11/07 00:00:00+00,Noviembre,7,Martes,1899/12/30 00:00:00+00,21:40:00,21,REGION MAULE,RIO CLARO,COLISION LATERAL,COLISION,RURAL,CRUCE CON SEÑAL PARE,IMPRUDENCIA DEL CONDUCTOR,NO RESPETAR DERECHO PREFERENTE DE PASO A VEHICULO, , , ,0,K-31,2,BIDIRECCIONAL,ASFALTO,BUENO,SECO,DESPEJADO,0,0,1,1,07,071,07108,Maule,Talca,Río Claro,Ruta,K-31 km 2,-35.230897,-71.406617
-7829609.85335322,-3169220.48072708,3413,2023,1504843,2023/01/19 00:00:00+00,Enero,19,Jueves,1899/12/30 00:00:00+00,17:45:00,17,REGION ATACAMA,COPIAPO,COLISION POR ALCANCE,COLISION,URBANA,TRAMO DE VIA RECTA,IMPRUDENCIA DEL CONDUCTOR,CONDUCCION NO ATENTO CONDICIONES TRANSITO MOMENTO,O'HIGGINS,GANA,GANA - O'HIGGINS,0, , ,UNIDIRECCIONAL,ASFALTO,BUENO,SECO,DESPEJADO,0,0,0,1,03,031,03101,Atacama,Copiapó,Copiapó,Interseccion,"GANA & O'HIGGINS, Copiapó",-27.365577,-70.334582
-7870625.07450256,-3953702.55370657,3414,2023,1517576,2023/03/18 00:00:00+00,Marzo,18,Sábado,1899/12/30 00:00:00+00,09:25:00,9,REGION METROPOLITANA,QUINTA NORMAL,COLISION LATERAL,COLISION,URBANA,CRUCE CON SEMAFORO FUNCIONANDO,IMPRUDENCIA DEL CONDUCTOR,CONDUCCION NO ATENTO CONDICIONES TRANSITO MOMENTO,RADAL,EDISON,EDISON - RADAL,0, , ,UNIDIRECCIONAL,ASFALTO,BUENO,SECO,DESPEJADO,0,2,0,0,13,131,13126,Metropolitana de Santiago,Santiago,Quinta Normal,Interseccion,"EDISON & RADAL, Quinta Normal",-33.43887,-70.703028
-7861882.15301515,-3952545.36000258,3415,2023,1511154,2023/02/18 00:00:00+00,Febrero,18,Sábado,1899/12/30 00:00:00+00,12:21:00,12,REGION METROPOLITANA,PROVIDENCIA,COLISION LATERAL,COLISION,URBANA,CRUCE CON SEMAFORO FUNCIONANDO,IMPRUDENCIA DEL CONDUCTOR,CONDUCCION NO ATENTO CONDICIONES TRANSITO MOMENTO,ANDRES BELLO,HUELEN,ANDRES BELLO - HUELEN,0, , ,UNIDIRECCIONAL,ASFALTO,REGULAR,SECO,DESPEJADO,0,1,0,0,13,131,13123,Metropolitana de Santiago,Santiago,Providencia,Interseccion,"ANDRES BELLO & HUELEN, Providencia",-33.430195,-70.624489
-8078213.43827261,-4520629.61836427,3416,2023,1572324,2023/11/08 00:00:00+00,Noviembre,8,Miércoles,1899/12/30 00:00:00+00,19:20:00,19,REGION BIO BIO,NEGRETE,CHOQUE,CHOQUE,RURAL,TRAMO DE VIA RECTA,IMPRUDENCIA DEL CONDUCTOR,CONDUCCION NO ATENTO CONDICIONES TRANSITO MOMENTO, , , ,0,Q-80,33,BIDIRECCIONAL,ASFALTO,BUENO,SECO,DESPEJADO,0,2,0,0,08,083,08307,Biobío,Biobío,Negrete,Ruta,Q-80 km 33,-37.582613,-72.567826
-7960991.68795673,-3895206.37841645,3417,2023,1506377,2023/01/19 00:00:00+00,Enero,19,Jueves,1899/12/30 00:00:00+00,19:30:00,19,REGION VALPARAISO,VIÑA DEL MAR,COLISION POR ALCANCE,COLISION,URBANA,TRAMO DE VIA RECTA,IMPRUDENCIA DEL CONDUCTOR,CONDUCCION NO ATENTO CONDICIONES TRANSITO MOMENTO,ALESSANDRI,GOMEZ CARREÑO,ALESSANDRI - GOMEZ CARREÑO,0, , ,BIDIRECCIONAL CON BANDEJON,CONCRETO,BUENO,SECO,DESPEJADO,0,0,0,2,05,051,05109,Valparaíso,Valparaíso,Viña del Mar,Interseccion,"ALESSANDRI & GOMEZ CARREÑO, Viña del Mar",-32.999265,-71.514805
-7976252.68841209,-4222083.47954713,3418,2023,1510506,2023/02/18 00:00:00+00,Febrero,18,Sábado,1899/12/30 00:00:00+00,12:25:00,12,REGION MAULE,TALCA,COLISION LATERAL,COLISION,URBANA,TRAMO DE VIA RECTA,IMPRUDENCIA DEL CONDUCTOR,VIRAJES INDEBIDOS,1 NORTE,10 ORIENTE,1 NORTE - 10 ORIENTE,0, , ,UNIDIRECCIONAL,CONCRETO,BUENO,SECO,DESPEJADO,0,0,0,1,07,071,07101,Maule,Talca,Talca,Interseccion,"1 NORTE & 10 ORIENTE, Talca",-35.427163,-71.651897
-7825051.92134162,-2089175.58686676,3419,2023,1517152,2023/03/18 00:00:00+00,Marzo,18,Sábado,1899/12/30 00:00:00+00,10:15:00,10,REGION ARICA Y PARINACOTA,ARICA,ATROPELLO,ATROPELLO,URBANA,TRAMO DE VIA RECTA,IMPRUDENCIA DEL CONDUCTOR,CONDUCCION SIN MANTENER DISTANCIA RAZONABLE NI PRUDENTE,CONCEPCION,EL ROBLE,CONCEPCION - EL ROBLE,0, , ,BIDIRECCIONAL,ASFALTO,BUENO,SECO,DESPEJADO,0,0,0,1,15,151,15101,Arica y Parinacota,Arica,Arica,Interseccion,"CONCEPCION & EL ROBLE, Arica",-18.440519,-70.293637
-8021740.83981324,-4798644.4550854,3420,2023,1573534,2023/11/09 00:00:00+00,Noviembre,9,Jueves,1899/12/30 00:00:00+00,07:45:00,7,REGION DE LOS RIOS,PANGUIPULLI,VOLCADURA,VOLCADURA,RURAL,TRAMO DE VIA RECTA,ALCOHOL EN CONDUCTOR,CONDUCCION EN ESTADO DE EBRIEDAD, , , ,0,"S-95-T, T-241, T-243, T-95-S",41,BIDIRECCIONAL,ASFALTO,BUENO,SECO,DESPEJADO,0,0,0,1,14,141,14108,Los Ríos,Valdivia,Panguipulli,Ruta,"S-95-T, T-241, T-243, T-95-S km 41",-39.535321,-72.060524
-7859551.67947539,-3967880.00207247,3421,2023,1506884,2023/01/19 00:00:00+00,Enero,19,Jueves,1899/12/30 00:00:00+00,21:00:00,21,REGION METROPOLITANA,LA FLORIDA,COLISION PERPENDICULAR,COLISION,URBANA,CRUCE CON SEMAFORO FUNCIONANDO,IMPRUDENCIA DEL CONDUCTOR,CONDUCCION NO ATENTO CONDICIONES TRANSITO MOMENTO,STA RAQUEL,CALLAO,CALLAO - STA RAQUEL,0, , ,BIDIRECCIONAL,ASFALTO,BUENO,SECO,DESPEJADO,0,1,0,0,13,131,13110,Metropolitana de Santiago,Santiago,La Florida,Interseccion,"CALLAO & STA RAQUEL, La Florida",-33.545082,-70.603554
-8129831.50693928,-4426161.02974811,3422,2023,1512426,2023/02/18 00:00:00+00,Febrero,18,Sábado,1899/12/30 00:00:00+00,15:50:00,15,REGION BIO BIO,CHIGUAYANTE,CHOQUE LATERAL,CHOQUE,URBANA,TRAMO DE VIA RECTA,VELOCIDAD IMPRUDENTE,VELOCIDAD NO RAZONABLE NI PRUDENTE,COSTANERA,8 ORIENTE,8 ORIENTE - COSTANERA,0, , ,BIDIRECCIONAL,CONCRETO,BUENO,SECO,DESPEJADO,0,1,0,0,08,081,08103,Biobío,Concepción,Chiguayante,Interseccion,"8 ORIENTE & COSTANERA, Chiguayante",-36.907067,-73.031519
-8135239.85309112,-4410176.17047231,3423,2023,1517144,2023/03/18 00:00:00+00,Marzo,18,Sábado,1899/12/30 00:00:00+00,15:30:00,15,REGION BIO BIO,HUALPEN,COLISION,COLISION,URBANA,CRUCE SIN SEÑALIZACION,IMPRUDENCIA DEL CONDUCTOR,NO RESPETAR DERECHO PREFERENTE DE PASO A VEHICULO,LOS ZORZALES,LAS TORCAZAS,LAS TORCAZAS - LOS ZORZALES,0, , ,BIDIRECCIONAL,CONCRETO,BUENO,SECO,DESPEJADO,0,0,0,1,08,081,08112,Biobío,Concepción,Hualpén,Interseccion,"LAS TORCAZAS & LOS ZORZALES, Hualpén",-36.792161,-73.080103
-7947937.48754702,-4059406.57955468,3424,2023,1571020,2023/11/09 00:00:00+00,Noviembre,9,Jueves,1899/12/30 00:00:00+00,08:20:00,8,REGION LIB.B.O'HIGGINS,LAS CABRAS,COLISION,COLISION,RURAL,TRAMO DE VIA CURVA HORIZONTAL,IMPRUDENCIA DEL CONDUCTOR,CONDUCCION NO ATENTO CONDICIONES TRANSITO MOMENTO, , , ,0,RUTA 66,56,BIDIRECCIONAL,ASFALTO,BUENO,SECO,NUBLADO,0,0,1,0,06,061,06107,Libertador General Bernardo O'Higgins,Cachapoal,Las Cabras,Ruta,RUTA 66 km 56,-34.227617,-71.397537
-7930946.43485113,-3495459.48704212,3425,2023,1517302,2023/03/18 00:00:00+00,Marzo,18,Sábado,1899/12/30 00:00:00+00,15:30:00,15,REGION COQUIMBO,LA SERENA,COLISION POR ALCANCE,COLISION,URBANA,TRAMO DE VIA RECTA,IMPRUDENCIA DEL CONDUCTOR,CONDUCIR VEHICULO EN RETROCESO,FRANCISCO ARIZTIA,EDUARDO ANGUITA,EDUARDO ANGUITA - FRANCISCO ARIZTIA,0, , ,BIDIRECCIONAL,ASFALTO,BUENO,SECO,DESPEJADO,0,0,0,1,04,041,04101,Coquimbo,Elqui,La Serena,Interseccion,"EDUARDO ANGUITA & FRANCISCO ARIZTIA, La Serena",-29.93704,-71.244904
-7835713.24499858,-2703190.72472022,3426,2023,1511295,2023/02/18 00:00:00+00,Febrero,18,Sábado,1899/12/30 00:00:00+00,16:30:00,16,REGION ANTOFAGASTA,ANTOFAGASTA,VOLCADURA,VOLCADURA,URBANA,CRUCE CON SEÑAL PARE,VELOCIDAD IMPRUDENTE,VELOCIDAD NO RAZONABLE NI PRUDENTE,VICTOR FARIAS,JUAN BOLIVAR,JUAN BOLIVAR - VICTOR FARIAS,0, , ,BIDIRECCIONAL,ASFALTO,BUENO,SECO,DESPEJADO,0,0,1,0,02,021,02101,Antofagasta,Antofagasta,Antofagasta,Interseccion,"JUAN BOLIVAR & VICTOR FARIAS, Antofagasta",-23.587233,-70.38941
-7976032.38713981,-4222424.7440137,3427,2023,1504380,2023/01/19 00:00:00+00,Enero,19,Jueves,1899/12/30 00:00:00+00,23:45:00,23,REGION MAULE,TALCA,COLISION LATERAL,COLISION,URBANA,CRUCE CON SEMAFORO FUNCIONANDO,DESOBEDIENCIA A SEÑALIZACION,SEÑALIZACION DESOBEDECER LUZ ROJA DE SEMAFORO,2 ORIENTE,MONSEÑOR MANUEL LARRAIN,2 ORIENTE - MONSEÑOR MANUEL LARRAIN,0, , ,BIDIRECCIONAL,CONCRETO,BUENO,SECO,DESPEJADO,0,0,0,1,07,071,07101,Maule,Talca,Talca,Interseccion,"2 ORIENTE & MONSEÑOR MANUEL LARRAIN, Talca",-35.429661,-71.649918
-7863415.04250767,-3972055.65801377,3428,2023,1510550,2023/02/18 00:00:00+00,Febrero,18,Sábado,1899/12/30 00:00:00+00,16:30:00,16,REGION METROPOLITANA,LA PINTANA,COLISION,COLISION,URBANA,CRUCE SIN SEÑALIZACION,IMPRUDENCIA DEL CONDUCTOR,CONDUCCION NO ATENTO CONDICIONES TRANSITO MOMENTO,LO MARTINEZ,PORTO ALEGRE,LO MARTINEZ - PORTO ALEGRE,0, , ,BIDIRECCIONAL,ASFALTO,BUENO,SECO,DESPEJADO,0,0,1,0,13,131,13112,Metropolitana de Santiago,Santiago,La Pintana,Interseccion,"LO MARTINEZ & PORTO ALEGRE, La Pintana",-33.57634,-70.638259
-7860650.18021054,-3958448.32484822,3429,2023,1518337,2023/03/18 00:00:00+00,Marzo,18,Sábado,1899/12/30 00:00:00+00,15:30:00,15,REGION METROPOLITANA,ÑUÑOA,COLISION POR ALCANCE,COLISION,URBANA,CRUCE CON SEMAFORO APAGADO,DEFICIENCIAS VIALES,SEÑALIZACION SEMAFORO MAL ESTADO O DEFICIENTE,MARATHON,RODRIGO DE ARAYA,MARATHON - RODRIGO DE ARAYA,0, , ,BIDIRECCIONAL CON BANDEJON,ASFALTO,BUENO,SECO,DESPEJADO,0,0,1,1,13,131,13120,Metropolitana de Santiago,Santiago,Ñuñoa,Interseccion,"MARATHON & RODRIGO DE ARAYA, Ñuñoa",-33.474438,-70.613422
-7961152.53390086,-4248390.24800942,3430,2023,1573281,2023/11/09 00:00:00+00,Noviembre,9,Jueves,1899/12/30 00:00:00+00,23:00:00,23,REGION MAULE,COLBUN,COLISION LATERAL,COLISION,RURAL,TRAMO DE VIA RECTA,IMPRUDENCIA DEL CONDUCTOR,ADELANTAMIENTO SIN EL ESPACIO O TIEMPO SUFICIENTE, , , ,0,"L-11, L-35",18,BIDIRECCIONAL,CONCRETO,BUENO,SECO,DESPEJADO,0,1,0,0,07,074,07402,Maule,Linares,Colbún,Ruta,"L-11, L-35 km 18",-35.619497,-71.51625
-7863467.67652252,-3953135.7477773,3431,2023,1507000,2023/01/20 00:00:00+00,Enero,20,Viernes,1899/12/30 00:00:00+00,04:24:00,4,REGION METROPOLITANA,RECOLETA,COLISION LATERAL,COLISION,URBANA,CRUCE CON SEÑAL PARE,DESOBEDIENCIA A SEÑALIZACION,SEÑALIZACION DESOBEDECER SEÑAL PARE,BELLAVISTA,PURISIMA,BELLAVISTA - PURISIMA,0, , ,UNIDIRECCIONAL,ASFALTO,BUENO,SECO,DESPEJADO,0,0,0,0,13,131,13127,Metropolitana de Santiago,Santiago,Recoleta,Interseccion,"BELLAVISTA & PURISIMA, Recoleta",-33.434621,-70.638732
-7943296.66442657,-3902410.66882253,3432,2023,1511993,2023/02/18 00:00:00+00,Febrero,18,Sábado,1899/12/30 00:00:00+00,16:30:00,16,REGION VALPARAISO,VILLA ALEMANA,COLISION,COLISION,URBANA,TRAMO DE VIA RECTA,IMPRUDENCIA DEL CONDUCTOR,VIRAJES INDEBIDOS,BERNARDO LEIGHTON,REINA ISABEL,BERNARDO LEIGHTON - REINA ISABEL,0, , ,BIDIRECCIONAL,ASFALTO,BUENO,SECO,DESPEJADO,1,0,0,0,05,058,05804,Valparaíso,Marga Marga,Villa Alemana,Interseccion,"BERNARDO LEIGHTON & REINA ISABEL, Villa Alemana",-33.053525,-71.355848
-7944198.4018837,-3517867.21913425,3433,2023,1571167,2023/11/11 00:00:00+00,Noviembre,11,Sábado,1899/12/30 00:00:00+00,05:00:00,5,REGION COQUIMBO,COQUIMBO,CHOQUE FRONTAL,CHOQUE,RURAL,TRAMO DE VIA RECTA,ALCOHOL EN CONDUCTOR,CONDUCCION EN ESTADO DE EBRIEDAD, , , ,0,RUTA 5 NORTE,440,BIDIRECCIONAL,ASFALTO,BUENO,SECO,DESPEJADO,0,0,1,0,04,041,04102,Coquimbo,Elqui,Coquimbo,Ruta,RUTA 5 NORTE km 440,-30.111321,-71.363948
-8131169.23326015,-4409744.69826748,3434,2023,1525001,2023/03/18 00:00:00+00,Marzo,18,Sábado,1899/12/30 00:00:00+00,18:00:00,18,REGION BIO BIO,CONCEPCION,COLISION,COLISION,URBANA,TRAMO DE VIA RECTA,VELOCIDAD IMPRUDENTE,VELOCIDAD NO RAZONABLE NI PRUDENTE,ABDON CIFUENTES,GONGORA Y MARMOLEJO,ABDON CIFUENTES - GONGORA Y MARMOLEJO,0, , ,BIDIRECCIONAL,CONCRETO,BUENO,SECO,DESPEJADO,0,0,1,0,08,081,08101,Biobío,Concepción,Concepción,Interseccion,"ABDON CIFUENTES & GONGORA Y MARMOLEJO, Concepción",-36.789057,-73.043536
-7874936.14442251,-3958906.21969443,3435,2023,1511679,2023/02/18 00:00:00+00,Febrero,18,Sábado,1899/12/30 00:00:00+00,17:30:00,17,REGION METROPOLITANA,MAIPU,COLISION LATERAL,COLISION,URBANA,CRUCE CON SEMAFORO FUNCIONANDO,DESOBEDIENCIA A SEÑALIZACION,SEÑALIZACION DESOBEDECER LUZ ROJA DE SEMAFORO,LOS PAJARITOS,LAS PARCELAS,LAS PARCELAS - LOS PAJARITOS,0, , ,BIDIRECCIONAL CON BANDEJON,ASFALTO,BUENO,SECO,DESPEJADO,0,0,0,0,13,131,13119,Metropolitana de Santiago,Santiago,Maipú,Interseccion,"LAS PARCELAS & LOS PAJARITOS, Maipú",-33.477869,-70.741755
-7961374.05924226,-3895649.07509926,3436,2023,1506443,2023/01/20 00:00:00+00,Enero,20,Viernes,1899/12/30 00:00:00+00,10:15:00,10,REGION VALPARAISO,VIÑA DEL MAR,ATROPELLO,ATROPELLO,URBANA,TRAMO DE VIA RECTA,IMPRUDENCIA DEL CONDUCTOR,CONDUCCION NO ATENTO CONDICIONES TRANSITO MOMENTO,CAMINO INTERNACIONAL,ALESSANDRI,ALESSANDRI - CAMINO INTERNACIONAL,0, , ,UNIDIRECCIONAL,ASFALTO,BUENO,SECO,DESPEJADO,0,0,0,1,05,051,05109,Valparaíso,Valparaíso,Viña del Mar,Interseccion,"ALESSANDRI & CAMINO INTERNACIONAL, Viña del Mar",-33.0026,-71.51824
-7865913.58837423,-3954242.57255974,3437,2023,1513382,2023/02/18 00:00:00+00,Febrero,18,Sábado,1899/12/30 00:00:00+00,22:00:00,22,REGION METROPOLITANA,SANTIAGO,COLISION LATERAL,COLISION,URBANA,TRAMO DE VIA RECTA,IMPRUDENCIA DEL CONDUCTOR,CONDUCCION NO ATENTO CONDICIONES TRANSITO MOMENTO,MONEDA,MANUEL RODRIGUEZ,MANUEL RODRIGUEZ - MONEDA,0, , ,UNIDIRECCIONAL,CONCRETO,BUENO,SECO,DESPEJADO,0,0,0,0,13,131,13101,Metropolitana de Santiago,Santiago,Santiago,Interseccion,"MANUEL RODRIGUEZ & MONEDA, Santiago",-33.442918,-70.660704
-7865037.3926622,-3952739.57371509,3438,2023,1517986,2023/03/18 00:00:00+00,Marzo,18,Sábado,1899/12/30 00:00:00+00,20:30:00,20,REGION METROPOLITANA,INDEPENDENCIA,COLISION LATERAL,COLISION,URBANA,CRUCE CON SEMAFORO FUNCIONANDO,IMPRUDENCIA DEL CONDUCTOR,CONDUCCION NO ATENTO CONDICIONES TRANSITO MOMENTO,INDEPENDENCIA,STA MARIA,INDEPENDENCIA - STA MARIA,0, , ,UNIDIRECCIONAL,ASFALTO,BUENO,SECO,DESPEJADO,0,0,0,1,13,131,13108,Metropolitana de Santiago,Santiago,Independencia,Interseccion,"INDEPENDENCIA & STA MARIA, Independencia",-33.431651,-70.652833
-7922683.13355678,-3860476.11899912,3439,2023,1571035,2023/11/11 00:00:00+00,Noviembre,11,Sábado,1899/12/30 00:00:00+00,15:30:00,15,REGION VALPARAISO,NOGALES,CHOQUE FRENTE/LADO,CHOQUE,RURAL,TRAMO DE VIA RECTA,VELOCIDAD IMPRUDENTE,VELOCIDAD NO RAZONABLE NI PRUDENTE, , , ,0,F-301-E,4,BIDIRECCIONAL,ASFALTO,REGULAR,SECO,DESPEJADO,0,1,0,0,05,055,05506,Valparaíso,Quillota,Nogales,Ruta,F-301-E km 4,-32.737221,-71.170674
-7872550.6456028,-3862550.71813693,3440,2023,1505754,2023/01/20 00:00:00+00,Enero,20,Viernes,1899/12/30 00:00:00+00,11:10:00,11,REGION VALPARAISO,SAN FELIPE,COLISION,COLISION,URBANA,TRAMO DE VIA RECTA,IMPRUDENCIA DEL CONDUCTOR,CONDUCCION NO ATENTO CONDICIONES TRANSITO MOMENTO,YUNGAY,JOAQUIN OLIVA,JOAQUIN OLIVA - YUNGAY,0, , ,BIDIRECCIONAL CON BANDEJON,CONCRETO,BUENO,SECO,DESPEJADO,0,0,0,2,05,057,05701,Valparaíso,San Felipe de Aconcagua,San Felipe,Interseccion,"JOAQUIN OLIVA & YUNGAY, San Felipe",-32.752896,-70.720326
-8085713.47766758,-4680359.22709426,3441,2023,1510640,2023/02/18 00:00:00+00,Febrero,18,Sábado,1899/12/30 00:00:00+00,22:50:00,22,REGION ARAUCANIA,TEMUCO,COLISION PERPENDICULAR,COLISION,URBANA,TRAMO DE VIA RECTA,IMPRUDENCIA DEL CONDUCTOR,CONDUCCION NO ATENTO CONDICIONES TRANSITO MOMENTO,PEDRO DE VALDIVIA,BOTACURA,BOTACURA - PEDRO DE VALDIVIA,0, , ,BIDIRECCIONAL,CONCRETO,BUENO,SECO,DESPEJADO,0,1,0,0,09,091,09101,La Araucanía,Cautín,Temuco,Interseccion,"BOTACURA & PEDRO DE VALDIVIA, Temuco",-38.711002,-72.6352
-8074938.28879892,-4275465.45872226,3442,2023,1570976,2023/11/12 00:00:00+00,Noviembre,12,Domingo,1899/12/30 00:00:00+00,15:05:00,15,REGION MAULE,PELLUHUE,CHOQUE,CHOQUE,RURAL,TRAMO DE VIA RECTA,VELOCIDAD IMPRUDENTE,VELOCIDAD NO RAZONABLE NI PRUDENTE, , , ,0,M-810,"1,2",BIDIRECCIONAL,ASFALTO,BUENO,SECO,DESPEJADO,0,0,1,0,07,072,07203,Maule,Cauquenes,Pelluhue,Ruta,"M-810 km 1,2",-35.816967,-72.538405
-7865037.3926622,-3952739.57371509,3443,2023,1522067,2023/03/18 00:00:00+00,Marzo,18,Sábado,1899/12/30 00:00:00+00,20:30:00,20,REGION METROPOLITANA,INDEPENDENCIA,COLISION LATERAL,COLISION,URBANA,TRAMO DE VIA RECTA,DESOBEDIENCIA A SEÑALIZACION,SEÑALIZACION DESOBEDECER LUZ ROJA DE SEMAFORO,STA MARIA,INDEPENDENCIA,INDEPENDENCIA - STA MARIA,0, , ,BIDIRECCIONAL,ASFALTO,BUENO,SECO,DESPEJADO,0,0,0,1,13,131,13108,Metropolitana de Santiago,Santiago,Independencia,Interseccion,"INDEPENDENCIA & STA MARIA, Independencia",-33.431651,-70.652833