X,Y,FID,Año,IdAccident,Fecha,Mes,Dia_mes,Dia_semana,Hora,Hora_texto,Hora_aprox,Región,Comuna,Tipo_Accid,Tipo__CONA,Zona,Ubicación,Causa__CON,Causa_Acci,Calle_Uno,Calle_Dos,Intersecci,Número,Ruta,Ubicaci_1,Calzada,Tipo_Calza,Estado_Cal,Condición,Estado_Atm,Fallecidos,Graves,Menos_Grav,Leves,CUT_REG,CUT_PROV,CUT_COM,REGION,PROVINCIA,COMUNA1,Tipo_direc,Direccion,Lat,Lon
-7866763.51268644,-3947425.61538614,3444,2023,1514450,2023/02/19 00:00:00+00,Febrero,19,Domingo,1899/12/30 00:00:00+00,04:00:00,4,REGION METROPOLITANA,CONCHALI,COLISION POR ALCANCE,COLISION,URBANA,TRAMO DE VIA RECTA,IMPRUDENCIA DEL CONDUCTOR,CONDUCCION SIN MANTENER DISTANCIA RAZONABLE NI PRUDENTE,LA PALMILLA,TTE PONCE,LA PALMILLA - TTE PONCE,0, , ,UNIDIRECCIONAL,CONCRETO,BUENO,SECO,DESPEJADO,0,0,0,1,13,131,13104,Metropolitana de Santiago,Santiago,Conchalí,Interseccion,"LA PALMILLA & TTE PONCE, Conchalí",-33.391804,-70.668339
-7902095.87378626,-4107670.55850799,3445,2023,1507315,2023/01/20 00:00:00+00,Enero,20,Viernes,1899/12/30 00:00:00+00,12:30:00,12,REGION LIB.B.O'HIGGINS,SAN FERNANDO,COLISION LATERAL,COLISION,URBANA,CRUCE CON SEÑAL CEDA EL PASO,DESOBEDIENCIA A SEÑALIZACION,SEÑALIZACION DESOBEDECER SEÑAL CEDA EL PASO,CARDENAL CARO,CHILLAN,CARDENAL CARO - CHILLAN,0, , ,UNIDIRECCIONAL,ASFALTO,BUENO,SECO,DESPEJADO,0,0,0,1,06,063,06301,Libertador General Bernardo O'Higgins,Colchagua,San Fernando,Interseccion,"CARDENAL CARO & CHILLAN, San Fernando",-34.585327,-70.985735
-8119579.87233749,-4436142.02007534,3446,2023,1514378,2023/02/19 00:00:00+00,Febrero,19,Domingo,1899/12/30 00:00:00+00,12:25:00,12,REGION BIO BIO,HUALQUI,COLISION PERPENDICULAR,COLISION,URBANA,CRUCE CON SEÑAL CEDA EL PASO,DESOBEDIENCIA A SEÑALIZACION,SEÑALIZACION DESOBEDECER SEÑAL CEDA EL PASO,LA CONCEPCION,CRISTOBAL COLON,CRISTOBAL COLON - LA CONCEPCION,0, , ,UNIDIRECCIONAL,CONCRETO,BUENO,SECO,DESPEJADO,0,0,1,1,08,081,08105,Biobío,Concepción,Hualqui,Interseccion,"CRISTOBAL COLON & LA CONCEPCION, Hualqui",-36.978727,-72.939427
-7871388.94884839,-3951625.55689204,3447,2023,1520016,2023/03/18 00:00:00+00,Marzo,18,Sábado,1899/12/30 00:00:00+00,22:00:00,22,REGION METROPOLITANA,QUINTA NORMAL,COLISION LATERAL,COLISION,URBANA,CRUCE CON SEÑAL PARE,IMPRUDENCIA DEL CONDUCTOR,CONDUCCION NO ATENTO CONDICIONES TRANSITO MOMENTO,SALVADOR GUTIERREZ,CATAMARCA,CATAMARCA - SALVADOR GUTIERREZ,0, , ,BIDIRECCIONAL,ASFALTO,REGULAR,SECO,DESPEJADO,0,0,0,1,13,131,13126,Metropolitana de Santiago,Santiago,Quinta Normal,Interseccion,"CATAMARCA & SALVADOR GUTIERREZ, Quinta Normal",-33.423299,-70.70989
-7950494.33993572,-4265877.30500437,3448,2023,1574683,2023/11/12 00:00:00+00,Noviembre,12,Domingo,1899/12/30 00:00:00+00,16:50:00,16,REGION MAULE,COLBUN,COLISION LATERAL,COLISION,RURAL,TRAMO DE VIA RECTA,IMPRUDENCIA DEL CONDUCTOR,CONDUCCION CAMBIAR SORPRESIVAMENTE PISTA CIRCULACION, , , ,0,"L-11, L-35",44,BIDIRECCIONAL,ASFALTO,BUENO,MOJADO,DESPEJADO,0,0,1,1,07,074,07402,Maule,Linares,Colbún,Ruta,"L-11, L-35 km 44",-35.747093,-71.420506
-7876835.39965079,-3951137.67474848,3449,2023,1506599,2023/01/20 00:00:00+00,Enero,20,Viernes,1899/12/30 00:00:00+00,13:40:00,13,REGION METROPOLITANA,CERRO NAVIA,COLISION POR ALCANCE,COLISION,URBANA,CRUCE CON SEÑAL PARE,FALLAS MECANICAS,FALLAS MECANICAS FRENOS,RIO BOROA,RIO DOURO,RIO BOROA - RIO DOURO,0, , ,BIDIRECCIONAL,ASFALTO,BUENO,SECO,DESPEJADO,0,0,0,0,13,131,13103,Metropolitana de Santiago,Santiago,Cerro Navia,Interseccion,"RIO BOROA & RIO DOURO, Cerro Navia",-33.419641,-70.758816
-7927618.20475992,-3986263.90956288,3450,2023,1521584,2023/02/19 00:00:00+00,Febrero,19,Domingo,1899/12/30 00:00:00+00,13:00:00,13,REGION METROPOLITANA,MELIPILLA,COLISION LATERAL,COLISION,URBANA,CRUCE CON SEÑAL PARE,DESOBEDIENCIA A SEÑALIZACION,SEÑALIZACION DESOBEDECER SEÑAL PARE,ORTUZAR,ARZA,ARZA - ORTUZAR,0, , ,UNIDIRECCIONAL,ASFALTO,BUENO,SECO,DESPEJADO,0,0,0,0,13,135,13501,Metropolitana de Santiago,Melipilla,Melipilla,Interseccion,"ARZA & ORTUZAR, Melipilla",-33.682613,-71.215006
-8135994.82186654,-4408849.28237264,3451,2023,1517128,2023/03/18 00:00:00+00,Marzo,18,Sábado,1899/12/30 00:00:00+00,22:40:00,22,REGION BIO BIO,HUALPEN,COLISION,COLISION,URBANA,CRUCE CON SEÑAL CEDA EL PASO,IMPRUDENCIA DEL CONDUCTOR,CONDUCCION CAMBIAR SORPRESIVAMENTE PISTA CIRCULACION,LAS GOLONDRINAS,CRISTOBAL COLON,CRISTOBAL COLON - LAS GOLONDRINAS,0, , ,BIDIRECCIONAL CON BANDEJON,CONCRETO,BUENO,SECO,DESPEJADO,0,0,0,1,08,081,08112,Biobío,Concepción,Hualpén,Interseccion,"CRISTOBAL COLON & LAS GOLONDRINAS, Hualpén",-36.782615,-73.086885
-8084145.01176824,-4698365.47186607,3452,2023,1572043,2023/11/12 00:00:00+00,Noviembre,12,Domingo,1899/12/30 00:00:00+00,20:40:00,20,REGION ARAUCANIA,FREIRE,VOLCADURA,VOLCADURA,RURAL,TRAMO DE VIA RECTA,ALCOHOL EN CONDUCTOR,CONDUCCION BAJO LA INFLUENCIA DEL ALCOHOL, , , ,0,RUTA 5 SUR,687,BIDIRECCIONAL,ASFALTO,BUENO,SECO,DESPEJADO,0,0,1,0,09,091,09105,La Araucanía,Cautín,Freire,Ruta,RUTA 5 SUR km 687,-38.837108,-72.62111
-8081402.7417061,-4684586.99249418,3453,2023,1504652,2023/01/20 00:00:00+00,Enero,20,Viernes,1899/12/30 00:00:00+00,14:00:00,14,REGION ARAUCANIA,TEMUCO,COLISION PERPENDICULAR,COLISION,URBANA,CRUCE CON SEÑAL CEDA EL PASO,DESOBEDIENCIA A SEÑALIZACION,SEÑALIZACION DESOBEDECER SEÑAL CEDA EL PASO,ANDRES BELLO,LAS HERAS,ANDRES BELLO - LAS HERAS,0, , ,UNIDIRECCIONAL,CONCRETO,BUENO,SECO,DESPEJADO,0,2,0,0,09,091,09101,La Araucanía,Cautín,Temuco,Interseccion,"ANDRES BELLO & LAS HERAS, Temuco",-38.740631,-72.596476
-7974154.87260809,-4223939.79643276,3454,2023,1519650,2023/03/18 00:00:00+00,Marzo,18,Sábado,1899/12/30 00:00:00+00,23:40:00,23,REGION MAULE,TALCA,COLISION POR ALCANCE,COLISION,URBANA,CRUCE CON SEMAFORO FUNCIONANDO,IMPRUDENCIA DEL CONDUCTOR,VIRAJES INDEBIDOS,8 SUR,30 ORIENTE,30 ORIENTE - 8 SUR,0, , ,BIDIRECCIONAL CON BANDEJON,ASFALTO,BUENO,SECO,DESPEJADO,0,0,0,0,07,071,07101,Maule,Talca,Talca,Interseccion,"30 ORIENTE & 8 SUR, Talca",-35.44075,-71.633052
-7863923.01776766,-3948109.05063924,3455,2023,1511670,2023/02/19 00:00:00+00,Febrero,19,Domingo,1899/12/30 00:00:00+00,15:15:00,15,REGION METROPOLITANA,RECOLETA,COLISION FRONTAL,COLISION,URBANA,CRUCE CON SEMAFORO FUNCIONANDO,IMPRUDENCIA DEL CONDUCTOR,CONDUCCION CONTRA SENTIDO DEL TRANSITO,CARD JOSE MARIA CARO,DORSAL,CARD JOSE MARIA CARO - DORSAL,0, , ,BIDIRECCIONAL,ASFALTO,BUENO,SECO,DESPEJADO,0,0,0,0,13,131,13127,Metropolitana de Santiago,Santiago,Recoleta,Interseccion,"CARD JOSE MARIA CARO & DORSAL, Recoleta",-33.39693,-70.642822
-8069516.20376251,-4725641.10505034,3456,2023,1572124,2023/11/13 00:00:00+00,Noviembre,13,Lunes,1899/12/30 00:00:00+00,02:00:00,2,REGION ARAUCANIA,FREIRE,VOLCADURA,VOLCADURA,RURAL,TRAMO DE VIA CURVA HORIZONTAL,ALCOHOL EN CONDUCTOR,CONDUCCION EN ESTADO DE EBRIEDAD, , , ,0,S-479,"1,7",BIDIRECCIONAL,ASFALTO,BUENO,SECO,DESPEJADO,0,1,0,0,09,091,09105,La Araucanía,Cautín,Freire,Ruta,"S-479 km 1,7",-39.027707,-72.489697
-7931511.80438116,-3498022.72474568,3457,2023,1504911,2023/01/20 00:00:00+00,Enero,20,Viernes,1899/12/30 00:00:00+00,15:30:00,15,REGION COQUIMBO,COQUIMBO,COLISION PERPENDICULAR,COLISION,URBANA,CRUCE CON SEÑAL PARE,DESOBEDIENCIA A SEÑALIZACION,SEÑALIZACION DESOBEDECER SEÑAL PARE,CABO EXEQUIEL AROCA,TARAPACA,CABO EXEQUIEL AROCA - TARAPACA,0, , ,BIDIRECCIONAL,ASFALTO,BUENO,SECO,DESPEJADO,0,0,0,1,04,041,04102,Coquimbo,Elqui,Coquimbo,Interseccion,"CABO EXEQUIEL AROCA & TARAPACA, Coquimbo",-29.956992,-71.249983
-7825225.98053082,-2090061.74763912,3458,2023,1510537,2023/02/19 00:00:00+00,Febrero,19,Domingo,1899/12/30 00:00:00+00,17:00:00,17,REGION ARICA Y PARINACOTA,ARICA,COLISION,COLISION,URBANA,TRAMO DE VIA RECTA,IMPRUDENCIA DEL CONDUCTOR,CONDUCCION NO ATENTO CONDICIONES TRANSITO MOMENTO,ALCALDE SANTIAGO ARATA,ANDALIEN,ALCALDE SANTIAGO ARATA - ANDALIEN,0, , ,BIDIRECCIONAL CON BANDEJON,ASFALTO,BUENO,SECO,DESPEJADO,0,0,1,0,15,151,15101,Arica y Parinacota,Arica,Arica,Interseccion,"ALCALDE SANTIAGO ARATA & ANDALIEN, Arica",-18.448071,-70.295201
-8085222.22475471,-4684803.2151436,3459,2023,1517492,2023/03/19 00:00:00+00,Marzo,19,Domingo,1899/12/30 00:00:00+00,00:00:00,0,REGION ARAUCANIA,TEMUCO,COLISION PERPENDICULAR,COLISION,URBANA,CRUCE CON SEMAFORO FUNCIONANDO,IMPRUDENCIA DEL CONDUCTOR,CONDUCCION NO ATENTO CONDICIONES TRANSITO MOMENTO,JAVIERA CARRERA,PAULA JARAQUEMADA,JAVIERA CARRERA - PAULA JARAQUEMADA,0, , ,BIDIRECCIONAL CON BANDEJON,CONCRETO,BUENO,SECO,DESPEJADO,0,1,0,1,09,091,09101,La Araucanía,Cautín,Temuco,Interseccion,"JAVIERA CARRERA & PAULA JARAQUEMADA, Temuco",-38.742146,-72.630787
-7936985.9536436,-4644200.10991925,3460,2023,1573265,2023/11/13 00:00:00+00,Noviembre,13,Lunes,1899/12/30 00:00:00+00,13:40:00,13,REGION ARAUCANIA,LONQUIMAY,VOLCADURA,VOLCADURA,RURAL,TRAMO DE VIA CURVA VERTICAL,VELOCIDAD IMPRUDENTE,VELOCIDAD NO RAZONABLE NI PRUDENTE, , , ,0,"R-85, R-89",125,BIDIRECCIONAL,ASFALTO,BUENO,SECO,DESPEJADO,0,1,0,0,09,092,09205,La Araucanía,Malleco,Lonquimay,Ruta,"R-85, R-89 km 125",-38.45709,-71.299158
-8142152.45949977,-4418749.88522189,3461,2023,1505260,2023/01/20 00:00:00+00,Enero,20,Viernes,1899/12/30 00:00:00+00,17:00:00,17,REGION BIO BIO,SAN PEDRO DE LA PAZ,COLISION PERPENDICULAR,COLISION,URBANA,CRUCE CON SEÑAL PARE,IMPRUDENCIA DEL CONDUCTOR,NO RESPETAR DERECHO PREFERENTE DE PASO A VEHICULO,TUCAPEL,MICHIMALONCO,MICHIMALONCO - TUCAPEL,0, , ,BIDIRECCIONAL,CONCRETO,BUENO,SECO,DESPEJADO,0,0,0,1,08,081,08108,Biobío,Concepción,San Pedro de la Paz,Interseccion,"MICHIMALONCO & TUCAPEL, San Pedro de la Paz",-36.853814,-73.1422
-7852264.92824705,-3945378.53742616,3462,2023,1512803,2023/02/19 00:00:00+00,Febrero,19,Domingo,1899/12/30 00:00:00+00,18:20:00,18,REGION METROPOLITANA,VITACURA,CHOQUE FRONTAL,CHOQUE,URBANA,TRAMO DE VIA RECTA,IMPRUDENCIA DEL CONDUCTOR,CONDUCCION NO ATENTO CONDICIONES TRANSITO MOMENTO,STA TERESA DE LOS ANDES,TABANCURA,STA TERESA DE LOS ANDES - TABANCURA,0, , ,BIDIRECCIONAL,ASFALTO,BUENO,SECO,DESPEJADO,0,1,0,0,13,131,13132,Metropolitana de Santiago,Santiago,Vitacura,Interseccion,"STA TERESA DE LOS ANDES & TABANCURA, Vitacura",-33.376449,-70.538096
-7872518.51785154,-4050739.89781344,3463,2023,1517311,2023/03/19 00:00:00+00,Marzo,19,Domingo,1899/12/30 00:00:00+00,06:20:00,6,REGION LIB.B.O'HIGGINS,RANCAGUA,COLISION POR ALCANCE,COLISION,URBANA,TRAMO DE VIA RECTA,DESOBEDIENCIA A SEÑALIZACION,SEÑALIZACION DESOBEDECER LUZ ROJA DE SEMAFORO,JUAN MARTINEZ DE ROZAS,DIEGO PORTALES,DIEGO PORTALES - JUAN MARTINEZ DE ROZAS,0, , ,UNIDIRECCIONAL,CONCRETO,BUENO,SECO,DESPEJADO,1,0,0,1,06,061,06101,Libertador General Bernardo O'Higgins,Cachapoal,Rancagua,Interseccion,"DIEGO PORTALES & JUAN MARTINEZ DE ROZAS, Rancagua",-34.163222,-70.720037
-8060345.4354525,-4824862.51374925,3464,2023,1504808,2023/01/20 00:00:00+00,Enero,20,Viernes,1899/12/30 00:00:00+00,23:15:00,23,REGION DE LOS RIOS,LOS LAGOS,COLISION,COLISION,URBANA,CRUCE CON SEÑAL PARE,IMPRUDENCIA DEL CONDUCTOR,CONDUCCION NO ATENTO CONDICIONES TRANSITO MOMENTO,ALBERTO GONZALEZ,ACCESO VILLA LOS RIOS,ACCESO VILLA LOS RIOS - ALBERTO GONZALEZ,0, , ,BIDIRECCIONAL,ASFALTO,BUENO,SECO,DESPEJADO,0,1,0,0,14,141,14104,Los Ríos,Valdivia,Los Lagos,Interseccion,"ACCESO VILLA LOS RIOS & ALBERTO GONZALEZ, Los Lagos",-39.716725,-72.407315
-7914706.70985937,-4084892.4658977,3465,2023,1571451,2023/11/13 00:00:00+00,Noviembre,13,Lunes,1899/12/30 00:00:00+00,15:50:00,15,REGION LIB.B.O'HIGGINS,SAN VICENTE,COLISION LATERAL,COLISION,RURAL,TRAMO DE VIA RECTA,IMPRUDENCIA DEL CONDUCTOR,CONDUCCION NO ATENTO CONDICIONES TRANSITO MOMENTO, , , ,0,"H-50, H-56",1,BIDIRECCIONAL,ASFALTO,BUENO,SECO,DESPEJADO,0,0,0,1,06,061,06117,Libertador General Bernardo O'Higgins,Cachapoal,San Vicente,Ruta,"H-50, H-56 km 1",-34.416697,-71.09902
-8054562.16532247,-4504695.42962863,3466,2023,1517648,2023/03/19 00:00:00+00,Marzo,19,Domingo,1899/12/30 00:00:00+00,08:55:00,8,REGION BIO BIO,LOS ANGELES,COLISION LATERAL,COLISION,URBANA,CRUCE SIN SEÑALIZACION,IMPRUDENCIA DEL CONDUCTOR,CONDUCCION NO ATENTO CONDICIONES TRANSITO MOMENTO,CORDILLERA,COLO COLO,COLO COLO - CORDILLERA,0, , ,BIDIRECCIONAL,CONCRETO,BUENO,SECO,DESPEJADO,0,1,0,1,08,083,08301,Biobío,Biobío,Los Angeles,Interseccion,"COLO COLO & CORDILLERA, Los Angeles",-37.469092,-72.355363
-7924618.47843038,-3580813.02220892,3467,2023,1511201,2023/02/19 00:00:00+00,Febrero,19,Domingo,1899/12/30 00:00:00+00,19:00:00,19,REGION COQUIMBO,OVALLE,COLISION,COLISION,URBANA,CRUCE SIN SEÑALIZACION,IMPRUDENCIA DEL CONDUCTOR,CONDUCCION SIN MANTENER DISTANCIA RAZONABLE NI PRUDENTE,ARTURO PRAT,DAVID PERRY,ARTURO PRAT - DAVID PERRY,0, , ,BIDIRECCIONAL,CONCRETO,BUENO,SECO,DESPEJADO,0,2,0,0,04,043,04301,Coquimbo,Limarí,Ovalle,Interseccion,"ARTURO PRAT & DAVID PERRY, Ovalle",-30.599252,-71.188059
-7858260.59602117,-3976570.30870357,3468,2023,1504988,2023/01/20 00:00:00+00,Enero,20,Viernes,1899/12/30 00:00:00+00,23:20:00,23,REGION METROPOLITANA,PUENTE ALTO,COLISION PERPENDICULAR,COLISION,URBANA,CRUCE CON SEMAFORO FUNCIONANDO,DESOBEDIENCIA A SEÑALIZACION,SEÑALIZACION DESOBEDECER LUZ ROJA DE SEMAFORO,DOMINGO TOCORNAL,EJERCITO LIBERTADOR,DOMINGO TOCORNAL - EJERCITO LIBERTADOR,0, , ,BIDIRECCIONAL CON BANDEJON,ASFALTO,BUENO,SECO,DESPEJADO,0,0,0,2,13,132,13201,Metropolitana de Santiago,Cordillera,Puente Alto,Interseccion,"DOMINGO TOCORNAL & EJERCITO LIBERTADOR, Puente Alto",-33.610122,-70.591956
-7935462.17872381,-4158944.27290733,3469,2023,1572595,2023/11/13 00:00:00+00,Noviembre,13,Lunes,1899/12/30 00:00:00+00,19:00:00,19,REGION MAULE,CURICO,COLISION POR ALCANCE,COLISION,RURAL,TRAMO DE VIA RECTA,IMPRUDENCIA DEL CONDUCTOR,CONDUCCION SIN MANTENER DISTANCIA RAZONABLE NI PRUDENTE, , , ,0,J-620,4,BIDIRECCIONAL,ASFALTO,BUENO,SECO,DESPEJADO,0,1,0,1,07,073,07301,Maule,Curicó,Curicó,Ruta,J-620 km 4,-34.963664,-71.28547
-8047716.23931106,-4515101.08002163,3470,2023,1510971,2023/02/19 00:00:00+00,Febrero,19,Domingo,1899/12/30 00:00:00+00,19:30:00,19,REGION BIO BIO,LOS ANGELES,COLISION LATERAL,COLISION,URBANA,TRAMO DE VIA RECTA,ALCOHOL EN CONDUCTOR,CONDUCCION BAJO LA INFLUENCIA DEL ALCOHOL,LOS COPIHUES,PASAJE CUATRO,LOS COPIHUES - PASAJE CUATRO,0, , ,BIDIRECCIONAL,TIERRA,REGULAR, ,DESPEJADO,0,1,0,0,08,083,08301,Biobío,Biobío,Los Angeles,Interseccion,"LOS COPIHUES & PASAJE CUATRO, Los Angeles",-37.543245,-72.293865
-7857992.31604836,-3948842.7170716,3471,2023,1519148,2023/03/19 00:00:00+00,Marzo,19,Domingo,1899/12/30 00:00:00+00,13:00:00,13,REGION METROPOLITANA,VITACURA,COLISION POR ALCANCE,COLISION,URBANA,TRAMO DE VIA RECTA,IMPRUDENCIA DEL CONDUCTOR,CONDUCCION SIN MANTENER DISTANCIA RAZONABLE NI PRUDENTE,PDTE KENNEDY,LOS LAURELES,LOS LAURELES - PDTE KENNEDY,0, , ,UNIDIRECCIONAL,ASFALTO,BUENO,SECO,DESPEJADO,0,0,1,0,13,131,13132,Metropolitana de Santiago,Santiago,Vitacura,Interseccion,"LOS LAURELES & PDTE KENNEDY, Vitacura",-33.402432,-70.589546
-7916489.72023258,-4087295.08835546,3472,2023,1571842,2023/11/14 00:00:00+00,Noviembre,14,Martes,1899/12/30 00:00:00+00,18:40:00,18,REGION LIB.B.O'HIGGINS,SAN VICENTE,COLISION LATERAL,COLISION,RURAL,TRAMO DE VIA RECTA,IMPRUDENCIA DEL CONDUCTOR,VIRAJES INDEBIDOS, , , ,0,H-76,4,BIDIRECCIONAL,ASFALTO,BUENO,SECO,DESPEJADO,1,0,0,0,06,061,06117,Libertador General Bernardo O'Higgins,Cachapoal,San Vicente,Ruta,H-76 km 4,-34.4345,-71.115037
-8128241.08537432,-4431337.82747744,3473,2023,1526128,2023/01/21 00:00:00+00,Enero,21,Sábado,1899/12/30 00:00:00+00,00:10:00,0,REGION BIO BIO,CHIGUAYANTE,ATROPELLO,ATROPELLO,URBANA,CRUCE CON SEMAFORO FUNCIONANDO,IMPRUDENCIA DEL CONDUCTOR,CONDUCCION NO ATENTO CONDICIONES TRANSITO MOMENTO,MANUEL RODRIGUEZ,COQUIMBO,COQUIMBO - MANUEL RODRIGUEZ,0, , ,BIDIRECCIONAL CON BANDEJON,CONCRETO,BUENO,MOJADO,LLUVIA,0,0,0,2,08,081,08103,Biobío,Concepción,Chiguayante,Interseccion,"COQUIMBO & MANUEL RODRIGUEZ, Chiguayante",-36.944243,-73.017232
-7903804.73265478,-4063389.9266126,3474,2023,1572205,2023/11/15 00:00:00+00,Noviembre,15,Miércoles,1899/12/30 00:00:00+00,07:30:00,7,REGION LIB.B.O'HIGGINS,COLTAUCO,COLISION LATERAL,COLISION,RURAL,TRAMO DE VIA RECTA,IMPRUDENCIA DEL CONDUCTOR,CONDUCCION NO ATENTO CONDICIONES TRANSITO MOMENTO, , , ,0,H-30,27,BIDIRECCIONAL,ASFALTO,BUENO,SECO,DESPEJADO,0,0,0,1,06,061,06104,Libertador General Bernardo O'Higgins,Cachapoal,Coltauco,Ruta,H-30 km 27,-34.257198,-71.001086
-7854437.55074886,-3973151.39346016,3475,2023,1515287,2023/02/19 00:00:00+00,Febrero,19,Domingo,1899/12/30 00:00:00+00,19:30:00,19,REGION METROPOLITANA,PUENTE ALTO,COLISION LATERAL,COLISION,URBANA,TRAMO DE VIA RECTA,IMPRUDENCIA DEL CONDUCTOR,CONDUCCION NO ATENTO CONDICIONES TRANSITO MOMENTO,LUIS MATTE LARRAIN,LAS NIEVES ORIENTE,LAS NIEVES ORIENTE - LUIS MATTE LARRAIN,0, , ,BIDIRECCIONAL,CONCRETO,BUENO,SECO,DESPEJADO,0,1,1,0,13,132,13201,Metropolitana de Santiago,Cordillera,Puente Alto,Interseccion,"LAS NIEVES ORIENTE & LUIS MATTE LARRAIN, Puente Alto",-33.58454,-70.557613
-7887997.26027729,-3976538.36277199,3476,2023,1519824,2023/03/19 00:00:00+00,Marzo,19,Domingo,1899/12/30 00:00:00+00,13:30:00,13,REGION METROPOLITANA,PEÑAFLOR,COLISION,COLISION,URBANA,CRUCE CON SEMAFORO FUNCIONANDO,IMPRUDENCIA DEL CONDUCTOR,CONDUCCION NO ATENTO CONDICIONES TRANSITO MOMENTO,VICUÑA MACKENNA,TORIBIO LARRAIN,TORIBIO LARRAIN - VICUÑA MACKENNA,0, , ,BIDIRECCIONAL,ASFALTO,REGULAR,SECO,DESPEJADO,0,0,0,0,13,136,13605,Metropolitana de Santiago,Talagante,Peñaflor,Interseccion,"TORIBIO LARRAIN & VICUÑA MACKENNA, Peñaflor",-33.609883,-70.859085
-7932311.5347127,-3879540.83559307,3477,2023,1504580,2023/01/21 00:00:00+00,Enero,21,Sábado,1899/12/30 00:00:00+00,07:40:00,7,REGION VALPARAISO,QUILLOTA,COLISION,COLISION,URBANA,CRUCE CON SEÑAL PARE,DESOBEDIENCIA A SEÑALIZACION,SEÑALIZACION DESOBEDECER SEÑAL PARE,PUDETO,VALPARAISO,PUDETO - VALPARAISO,0, , ,BIDIRECCIONAL,ASFALTO,BUENO,SECO,DESPEJADO,0,1,0,1,05,055,05501,Valparaíso,Quillota,Quillota,Interseccion,"PUDETO & VALPARAISO, Quillota",-32.881162,-71.257167
-8037519.85393064,-4410148.60560267,3478,2023,1572297,2023/11/15 00:00:00+00,Noviembre,15,Miércoles,1899/12/30 00:00:00+00,07:30:00,7,REGION ÑUBLE,BULNES,VOLCADURA,VOLCADURA,RURAL,TRAMO DE VIA RECTA,VELOCIDAD IMPRUDENTE,VELOCIDAD NO RAZONABLE NI PRUDENTE, , , ,0,N-69,9,BIDIRECCIONAL,ASFALTO,BUENO,SECO,DESPEJADO,0,0,0,1,16,161,16102,Ñuble,Diguillín,Bulnes,Ruta,N-69 km 9,-36.791963,-72.202269
-7854502.89528995,-3960466.88184547,3479,2023,1521041,2023/03/19 00:00:00+00,Marzo,19,Domingo,1899/12/30 00:00:00+00,20:30:00,20,REGION METROPOLITANA,PEÑALOLEN,COLISION FRONTAL,COLISION,URBANA,CRUCE CON SEÑAL CEDA EL PASO,IMPRUDENCIA DEL CONDUCTOR,VIRAJES INDEBIDOS,MARIANO SANCHEZ FONTECILLA,VALLE DEL ACONCAGUA,MARIANO SANCHEZ FONTECILLA - VALLE DEL ACONCAGUA,0, , ,UNIDIRECCIONAL,CONCRETO,BUENO,SECO,DESPEJADO,0,0,0,0,13,131,13122,Metropolitana de Santiago,Santiago,Peñalolén,Interseccion,"MARIANO SANCHEZ FONTECILLA & VALLE DEL ACONCAGUA, Peñalolén",-33.489562,-70.5582
-7865186.0041824,-3955656.77294744,3480,2023,1516735,2023/02/19 00:00:00+00,Febrero,19,Domingo,1899/12/30 00:00:00+00,23:30:00,23,REGION METROPOLITANA,SANTIAGO,CHOQUE FRENTE/POSTERIOR,CHOQUE,URBANA,CRUCE CON SEÑAL PARE,DESOBEDIENCIA A SEÑALIZACION,SEÑALIZACION DESOBEDECER SEÑAL PARE,LORD COCHRANE,EYZAGUIRRE,EYZAGUIRRE - LORD COCHRANE,0, , ,UNIDIRECCIONAL,ASFALTO,BUENO,SECO,DESPEJADO,0,0,0,0,13,131,13101,Metropolitana de Santiago,Santiago,Santiago,Interseccion,"EYZAGUIRRE & LORD COCHRANE, Santiago",-33.453518,-70.654168
-8131248.27009861,-4414421.90545254,3481,2023,1505319,2023/01/21 00:00:00+00,Enero,21,Sábado,1899/12/30 00:00:00+00,12:10:00,12,REGION BIO BIO,CONCEPCION,COLISION PERPENDICULAR,COLISION,URBANA,CRUCE CON SEÑAL PARE,IMPRUDENCIA DEL CONDUCTOR,CONDUCCION NO ATENTO CONDICIONES TRANSITO MOMENTO,ONGOLMO,FREIRE,FREIRE - ONGOLMO,0, , ,UNIDIRECCIONAL,CONCRETO,BUENO,SECO,DESPEJADO,0,0,0,0,08,081,08101,Biobío,Concepción,Concepción,Interseccion,"FREIRE & ONGOLMO, Concepción",-36.822698,-73.044246
-7866273.59560745,-3950780.11206915,3482,2023,1511752,2023/02/20 00:00:00+00,Febrero,20,Lunes,1899/12/30 00:00:00+00,09:33:00,9,REGION METROPOLITANA,INDEPENDENCIA,COLISION LATERAL,COLISION,URBANA,CRUCE CON SEMAFORO FUNCIONANDO,IMPRUDENCIA DEL CONDUCTOR,CONDUCCION NO ATENTO CONDICIONES TRANSITO MOMENTO,FERMIN VIVACETA,NVA ANDRES BELLO,FERMIN VIVACETA - NVA ANDRES BELLO,0, , ,BIDIRECCIONAL,ASFALTO,REGULAR,SECO,DESPEJADO,0,0,0,1,13,131,13108,Metropolitana de Santiago,Santiago,Independencia,Interseccion,"FERMIN VIVACETA & NVA ANDRES BELLO, Independencia",-33.41696,-70.663938
-7956074.99281853,-4256529.87232839,3483,2023,1575962,2023/11/15 00:00:00+00,Noviembre,15,Miércoles,1899/12/30 00:00:00+00,09:00:00,9,REGION MAULE,YERBAS BUENAS,IMPACTO CON ANIMAL,OTRO TIPO,RURAL,TRAMO DE VIA RECTA,DEFICIENCIAS VIALES,ANIMALES SUELTOS VIA PUBLICA, , , ,0,L-31,"6,3",BIDIRECCIONAL,ASFALTO,BUENO,SECO,DESPEJADO,0,0,1,0,07,074,07408,Maule,Linares,Yerbas Buenas,Ruta,"L-31 km 6,3",-35.678914,-71.470638