X,Y,FID,Año,IdAccident,Fecha,Mes,Dia_mes,Dia_semana,Hora,Hora_texto,Hora_aprox,Región,Comuna,Tipo_Accid,Tipo__CONA,Zona,Ubicación,Causa__CON,Causa_Acci,Calle_Uno,Calle_Dos,Intersecci,Número,Ruta,Ubicaci_1,Calzada,Tipo_Calza,Estado_Cal,Condición,Estado_Atm,Fallecidos,Graves,Menos_Grav,Leves,CUT_REG,CUT_PROV,CUT_COM,REGION,PROVINCIA,COMUNA1,Tipo_direc,Direccion,Lat,Lon
-7864007.91001134,-3950386.81920827,3484,2023,1520589,2023/03/19 00:00:00+00,Marzo,19,Domingo,1899/12/30 00:00:00+00,21:00:00,21,REGION METROPOLITANA,RECOLETA,ATROPELLO,ATROPELLO,URBANA,CRUCE CON SEMAFORO FUNCIONANDO,IMPRUDENCIA DEL PEATON,PEATON CRUZA CALZADA FUERA PASO PEATONES,VALDIVIESO,RECOLETA,RECOLETA - VALDIVIESO,0, , ,BIDIRECCIONAL,ASFALTO,BUENO,SECO,DESPEJADO,0,1,0,0,13,131,13127,Metropolitana de Santiago,Santiago,Recoleta,Interseccion,"RECOLETA & VALDIVIESO, Recoleta",-33.414011,-70.643585
-7862778.27491604,-3949142.07997562,3485,2023,1507008,2023/01/21 00:00:00+00,Enero,21,Sábado,1899/12/30 00:00:00+00,12:30:00,12,REGION METROPOLITANA,RECOLETA,CHOQUE LADO/LADO,CHOQUE,URBANA,CRUCE CON SEÑAL PARE,IMPRUDENCIA DEL CONDUCTOR,ADELANTAMIENTO SIN EL ESPACIO O TIEMPO SUFICIENTE,EL SALTO,EL ROBLE,EL ROBLE - EL SALTO,0, , ,BIDIRECCIONAL,ASFALTO,BUENO,SECO,DESPEJADO,0,0,0,0,13,131,13127,Metropolitana de Santiago,Santiago,Recoleta,Interseccion,"EL ROBLE & EL SALTO, Recoleta",-33.404677,-70.632539
-7914515.88575448,-4068253.28916347,3486,2023,1578959,2023/11/15 00:00:00+00,Noviembre,15,Miércoles,1899/12/30 00:00:00+00,14:00:00,14,REGION LIB.B.O'HIGGINS,COLTAUCO,COLISION POR ALCANCE,COLISION,RURAL,TRAMO DE VIA RECTA,IMPRUDENCIA DEL CONDUCTOR,CONDUCCION NO ATENTO CONDICIONES TRANSITO MOMENTO, , , ,0,H-30,37,BIDIRECCIONAL,ASFALTO,BUENO,SECO,DESPEJADO,0,0,0,0,06,061,06104,Libertador General Bernardo O'Higgins,Cachapoal,Coltauco,Ruta,H-30 km 37,-34.293299,-71.097306
-7952359.51816392,-3902274.00417768,3487,2023,1520828,2023/03/19 00:00:00+00,Marzo,19,Domingo,1899/12/30 00:00:00+00,22:00:00,22,REGION VALPARAISO,QUILPUE,CHOQUE LADO/FRENTE,CHOQUE,URBANA,TRAMO DE VIA RECTA,IMPRUDENCIA DEL CONDUCTOR,NO RESPETAR DERECHO PREFERENTE DE PASO A VEHICULO,DAVID CORTES,BUENOS AIRES,BUENOS AIRES - DAVID CORTES,0, , ,BIDIRECCIONAL,CONCRETO,BUENO,SECO,DESPEJADO,0,0,0,0,05,058,05801,Valparaíso,Marga Marga,Quilpué,Interseccion,"BUENOS AIRES & DAVID CORTES, Quilpué",-33.052496,-71.437261
-7977447.92578473,-4222114.49073278,3488,2023,1505295,2023/01/21 00:00:00+00,Enero,21,Sábado,1899/12/30 00:00:00+00,13:10:00,13,REGION MAULE,TALCA,COLISION POR ALCANCE,COLISION,URBANA,TRAMO DE VIA RECTA,IMPRUDENCIA DEL CONDUCTOR,CONDUCCION NO ATENTO CONDICIONES TRANSITO MOMENTO,3 ORIENTE,1 SUR,1 SUR - 3 ORIENTE,0, , ,UNIDIRECCIONAL,CONCRETO,BUENO,SECO,DESPEJADO,0,0,0,0,07,071,07101,Maule,Talca,Talca,Interseccion,"1 SUR & 3 ORIENTE, Talca",-35.42739,-71.662634
-7920702.06473667,-3869367.0217052,3489,2023,1572218,2023/11/15 00:00:00+00,Noviembre,15,Miércoles,1899/12/30 00:00:00+00,20:20:00,20,REGION VALPARAISO,HIJUELAS,VOLCADURA,VOLCADURA,RURAL,TRAMO DE VIA RECTA,VELOCIDAD IMPRUDENTE,VELOCIDAD NO RAZONABLE NI PRUDENTE, , , ,0,RUTA 5 NORTE,106,BIDIRECCIONAL,ASFALTO,BUENO,SECO,DESPEJADO,0,0,1,0,05,055,05503,Valparaíso,Quillota,Hijuelas,Ruta,RUTA 5 NORTE km 106,-32.804377,-71.152877
-7877063.34857208,-3965070.14730847,3490,2023,1518781,2023/03/19 00:00:00+00,Marzo,19,Domingo,1899/12/30 00:00:00+00,22:30:00,22,REGION METROPOLITANA,MAIPU,VOLCADURA,VOLCADURA,URBANA,CRUCE CON SEMAFORO FUNCIONANDO,IMPRUDENCIA DEL CONDUCTOR,CONDUCCION NO ATENTO CONDICIONES TRANSITO MOMENTO,LEOPOLDO INFANTE,NVA O'HIGGINS,LEOPOLDO INFANTE - NVA O'HIGGINS,0, , ,BIDIRECCIONAL,ASFALTO,BUENO,SECO,DESPEJADO,0,1,0,0,13,131,13119,Metropolitana de Santiago,Santiago,Maipú,Interseccion,"LEOPOLDO INFANTE & NVA O'HIGGINS, Maipú",-33.524042,-70.760864
-7873975.56853646,-3961881.97713227,3491,2023,1504625,2023/01/21 00:00:00+00,Enero,21,Sábado,1899/12/30 00:00:00+00,13:15:00,13,REGION METROPOLITANA,CERRILLOS,COLISION FRONTAL,COLISION,URBANA,CRUCE CON SEÑAL CEDA EL PASO,IMPRUDENCIA DEL CONDUCTOR,CONDUCCION CONTRA SENTIDO DEL TRANSITO,LAS TORRES,LAS GALAXIAS,LAS GALAXIAS - LAS TORRES,0, , ,BIDIRECCIONAL CON BANDEJON,ASFALTO,BUENO,SECO,DESPEJADO,0,1,0,0,13,131,13102,Metropolitana de Santiago,Santiago,Cerrillos,Interseccion,"LAS GALAXIAS & LAS TORRES, Cerrillos",-33.500163,-70.733126
-7877416.67663586,-3962344.14653195,3492,2023,1511687,2023/02/20 00:00:00+00,Febrero,20,Lunes,1899/12/30 00:00:00+00,14:20:00,14,REGION METROPOLITANA,MAIPU,COLISION LATERAL,COLISION,URBANA,CRUCE CON SEÑAL PARE,DESOBEDIENCIA A SEÑALIZACION,SEÑALIZACION DESOBEDECER SEÑAL PARE,CHILE,SAN MARTIN,CHILE - SAN MARTIN,0, , ,BIDIRECCIONAL,ASFALTO,BUENO,SECO,DESPEJADO,0,1,0,0,13,131,13119,Metropolitana de Santiago,Santiago,Maipú,Interseccion,"CHILE & SAN MARTIN, Maipú",-33.503625,-70.764038
-7920351.18416548,-4132030.85060344,3493,2023,1573330,2023/11/15 00:00:00+00,Noviembre,15,Miércoles,1899/12/30 00:00:00+00,20:35:00,20,REGION LIB.B.O'HIGGINS,NANCAGUA,COLISION,COLISION,RURAL,TRAMO DE VIA RECTA,IMPRUDENCIA DEL CONDUCTOR,CONDUCCION NO ATENTO CONDICIONES TRANSITO MOMENTO, , , ,0,I-810,2,BIDIRECCIONAL,ASFALTO,MALO,SECO,DESPEJADO,0,1,0,1,06,063,06305,Libertador General Bernardo O'Higgins,Colchagua,Nancagua,Ruta,I-810 km 2,-34.765292,-71.149725
-7856726.50211855,-3957252.09172196,3494,2023,1504731,2023/01/21 00:00:00+00,Enero,21,Sábado,1899/12/30 00:00:00+00,13:30:00,13,REGION METROPOLITANA,ÑUÑOA,COLISION POR ALCANCE,COLISION,URBANA,TRAMO DE VIA RECTA,IMPRUDENCIA DEL CONDUCTOR,CONDUCCION SIN MANTENER DISTANCIA RAZONABLE NI PRUDENTE,AMERICO VESPUCIO SUR,MARIA CELESTE,AMERICO VESPUCIO SUR - MARIA CELESTE,0, , ,UNIDIRECCIONAL,CONCRETO,BUENO,SECO,DESPEJADO,0,0,0,0,13,131,13120,Metropolitana de Santiago,Santiago,Ñuñoa,Interseccion,"AMERICO VESPUCIO SUR & MARIA CELESTE, Ñuñoa",-33.465474,-70.578175
-7855059.7153829,-3973253.48381666,3495,2023,1517271,2023/02/20 00:00:00+00,Febrero,20,Lunes,1899/12/30 00:00:00+00,14:20:00,14,REGION METROPOLITANA,PUENTE ALTO,COLISION LATERAL,COLISION,URBANA,TRAMO DE VIA RECTA,IMPRUDENCIA DEL CONDUCTOR,CONDUCCION NO ATENTO CONDICIONES TRANSITO MOMENTO,MEXICO,LUIS MATTE LARRAIN,LUIS MATTE LARRAIN - MEXICO,0, , ,BIDIRECCIONAL CON BANDEJON,CONCRETO,BUENO,SECO,DESPEJADO,0,1,0,0,13,132,13201,Metropolitana de Santiago,Cordillera,Puente Alto,Interseccion,"LUIS MATTE LARRAIN & MEXICO, Puente Alto",-33.585304,-70.563202
-7865692.619185,-3953122.94193901,3496,2023,1521297,2023/03/20 00:00:00+00,Marzo,20,Lunes,1899/12/30 00:00:00+00,00:40:00,0,REGION METROPOLITANA,SANTIAGO,COLISION,COLISION,URBANA,CRUCE CON SEMAFORO FUNCIONANDO,IMPRUDENCIA DEL CONDUCTOR,CONDUCCION NO ATENTO CONDICIONES TRANSITO MOMENTO,SAN PABLO,SAN MARTIN,SAN MARTIN - SAN PABLO,0, , ,UNIDIRECCIONAL,ASFALTO,BUENO,SECO,DESPEJADO,0,0,0,1,13,131,13101,Metropolitana de Santiago,Santiago,Santiago,Interseccion,"SAN MARTIN & SAN PABLO, Santiago",-33.434525,-70.658719
-8006452.65684142,-4642375.31458542,3497,2023,1573275,2023/11/16 00:00:00+00,Noviembre,16,Jueves,1899/12/30 00:00:00+00,22:00:00,22,REGION ARAUCANIA,CURACAUTIN,COLISION POR ALCANCE,COLISION,RURAL,TRAMO DE VIA RECTA,VELOCIDAD IMPRUDENTE,VELOCIDAD NO RAZONABLE NI PRUDENTE, , , ,0,S-11-R,53,BIDIRECCIONAL,ASFALTO,BUENO,MOJADO,LLUVIA,0,0,0,1,09,092,09203,La Araucanía,Malleco,Curacautín,Ruta,S-11-R km 53,-38.444253,-71.923188
-8126293.10557153,-5051153.64216014,3498,2023,1505408,2023/01/21 00:00:00+00,Enero,21,Sábado,1899/12/30 00:00:00+00,16:00:00,16,REGION LOS LAGOS,LLANQUIHUE,COLISION PERPENDICULAR,COLISION,URBANA,CRUCE CON SEÑAL CEDA EL PASO,ALCOHOL EN CONDUCTOR,CONDUCCION BAJO LA INFLUENCIA DEL ALCOHOL,JORGE ALESSANDRI,LA MARINA,JORGE ALESSANDRI - LA MARINA,0, , ,BIDIRECCIONAL,ASFALTO,BUENO,SECO,NUBLADO,0,1,0,0,10,101,10107,Los Lagos,Llanquihue,Llanquihue,Interseccion,"JORGE ALESSANDRI & LA MARINA, Llanquihue",-41.262607,-72.999733
-7931178.4469895,-3490930.5077534,3499,2023,1512120,2023/02/20 00:00:00+00,Febrero,20,Lunes,1899/12/30 00:00:00+00,14:50:00,14,REGION COQUIMBO,LA SERENA,CHOQUE LADO/LADO,CHOQUE,URBANA,TRAMO DE VIA RECTA,IMPRUDENCIA DEL CONDUCTOR,ADELANTAMIENTO SIN EL ESPACIO O TIEMPO SUFICIENTE,CIENFUEGOS,ARTURO PRAT,ARTURO PRAT - CIENFUEGOS,0, , ,UNIDIRECCIONAL,CONCRETO,BUENO,SECO,DESPEJADO,0,0,0,0,04,041,04101,Coquimbo,Elqui,La Serena,Interseccion,"ARTURO PRAT & CIENFUEGOS, La Serena",-29.901778,-71.246988
-8002064.33875345,-4027275.01231335,3500,2023,1518855,2023/03/20 00:00:00+00,Marzo,20,Lunes,1899/12/30 00:00:00+00,01:30:00,1,REGION LIB.B.O'HIGGINS,NAVIDAD,VOLCADURA,VOLCADURA,URBANA,TRAMO DE VIA RECTA,IMPRUDENCIA DEL CONDUCTOR,CONDUCCION NO ATENTO CONDICIONES TRANSITO MOMENTO,LOS PINOS,RESFA MUÑOZ,LOS PINOS - RESFA MUÑOZ,0, , ,BIDIRECCIONAL,TIERRA,REGULAR, ,DESPEJADO,0,0,0,1,06,062,06205,Libertador General Bernardo O'Higgins,Cardenal Caro,Navidad,Interseccion,"LOS PINOS & RESFA MUÑOZ, Navidad",-33.988627,-71.883767
-7902518.55758861,-4113366.92481642,3501,2023,1577221,2023/11/17 00:00:00+00,Noviembre,17,Viernes,1899/12/30 00:00:00+00,12:45:00,12,REGION LIB.B.O'HIGGINS,CHIMBARONGO,VOLCADURA,VOLCADURA,RURAL,TRAMO DE VIA RECTA,FALLAS MECANICAS,FALLAS MECANICAS NEUMATICOS, , , ,0,RUTA 5 SUR,"142,3",BIDIRECCIONAL CON BANDEJON,ASFALTO,BUENO,SECO,DESPEJADO,0,0,0,1,06,063,06303,Libertador General Bernardo O'Higgins,Colchagua,Chimbarongo,Ruta,"RUTA 5 SUR km 142,3",-34.627445,-70.989532
-8131671.5068026,-4414272.9694954,3502,2023,1505343,2023/01/21 00:00:00+00,Enero,21,Sábado,1899/12/30 00:00:00+00,18:00:00,18,REGION BIO BIO,CONCEPCION,COLISION POR ALCANCE,COLISION,URBANA,OTROS NO CONSIDERADOS,IMPRUDENCIA DEL CONDUCTOR,CONDUCCION SIN MANTENER DISTANCIA RAZONABLE NI PRUDENTE,LOS CARRERA,TUCAPEL,LOS CARRERA - TUCAPEL,0, , ,BIDIRECCIONAL CON BANDEJON,CONCRETO,BUENO,SECO,DESPEJADO,0,2,0,0,08,081,08101,Biobío,Concepción,Concepción,Interseccion,"LOS CARRERA & TUCAPEL, Concepción",-36.821627,-73.048048
-7862050.57940472,-3962848.1218138,3503,2023,1517748,2023/03/20 00:00:00+00,Marzo,20,Lunes,1899/12/30 00:00:00+00,06:40:00,6,REGION METROPOLITANA,SAN JOAQUIN,VOLCADURA,VOLCADURA,URBANA,TRAMO DE VIA RECTA,DEFICIENCIAS VIALES,ANIMALES SUELTOS VIA PUBLICA,DEPARTAMENTAL,LAS INDUSTRIAS,DEPARTAMENTAL - LAS INDUSTRIAS,0, , ,BIDIRECCIONAL CON BANDEJON,ASFALTO,BUENO,HUMEDO,DESPEJADO,0,0,0,1,13,131,13129,Metropolitana de Santiago,Santiago,San Joaquín,Interseccion,"DEPARTAMENTAL & LAS INDUSTRIAS, San Joaquín",-33.5074,-70.626002
-7855059.7153829,-3973253.48381666,3504,2023,1514693,2023/02/20 00:00:00+00,Febrero,20,Lunes,1899/12/30 00:00:00+00,14:50:00,14,REGION METROPOLITANA,PUENTE ALTO,COLISION FRONTAL,COLISION,URBANA,TRAMO DE VIA RECTA,IMPRUDENCIA DEL CONDUCTOR,CONDUCCION NO ATENTO CONDICIONES TRANSITO MOMENTO,MEXICO,LUIS MATTE LARRAIN,LUIS MATTE LARRAIN - MEXICO,0, , ,BIDIRECCIONAL,CONCRETO,BUENO,SECO,DESPEJADO,0,0,0,0,13,132,13201,Metropolitana de Santiago,Cordillera,Puente Alto,Interseccion,"LUIS MATTE LARRAIN & MEXICO, Puente Alto",-33.585304,-70.563202
-7932020.90016088,-3488922.40721834,3505,2023,1572899,2023/11/17 00:00:00+00,Noviembre,17,Viernes,1899/12/30 00:00:00+00,15:50:00,15,REGION COQUIMBO,LA SERENA,ATROPELLO,ATROPELLO,RURAL,CRUCE CON SEMAFORO FUNCIONANDO,IMPRUDENCIA DEL PEATON,IMPRUDENCIA DEL PEATON, , , ,0,RUTA 5 NORTE,472,BIDIRECCIONAL CON BANDEJON,ASFALTO,BUENO,SECO,DESPEJADO,0,1,0,1,04,041,04101,Coquimbo,Elqui,La Serena,Ruta,RUTA 5 NORTE km 472,-29.886139,-71.254556
-7873713.83918135,-3954472.19507699,3506,2023,1507218,2023/01/21 00:00:00+00,Enero,21,Sábado,1899/12/30 00:00:00+00,18:30:00,18,REGION METROPOLITANA,LO PRADO,CHOQUE LADO/LADO,CHOQUE,URBANA,CRUCE CON SEMAFORO FUNCIONANDO,IMPRUDENCIA DEL CONDUCTOR,CONDUCCION NO ATENTO CONDICIONES TRANSITO MOMENTO,SAN PABLO,LAS TORRES,LAS TORRES - SAN PABLO,0, , ,BIDIRECCIONAL,ASFALTO,BUENO,SECO,DESPEJADO,0,0,0,1,13,131,13117,Metropolitana de Santiago,Santiago,Lo Prado,Interseccion,"LAS TORRES & SAN PABLO, Lo Prado",-33.444639,-70.730775
-7890577.75739337,-3976682.85532724,3507,2023,1512744,2023/02/20 00:00:00+00,Febrero,20,Lunes,1899/12/30 00:00:00+00,17:27:00,17,REGION METROPOLITANA,PEÑAFLOR,COLISION,COLISION,URBANA,TRAMO DE VIA RECTA,IMPRUDENCIA DEL CONDUCTOR,CONDUCCION NO ATENTO CONDICIONES TRANSITO MOMENTO,VICUÑA MACKENNA,LAS BANDURRIAS,LAS BANDURRIAS - VICUÑA MACKENNA,0, , ,BIDIRECCIONAL,CONCRETO,BUENO,SECO,DESPEJADO,0,0,0,0,13,136,13605,Metropolitana de Santiago,Talagante,Peñaflor,Interseccion,"LAS BANDURRIAS & VICUÑA MACKENNA, Peñaflor",-33.610964,-70.882266
-7857633.65570305,-3869865.99502809,3508,2023,1517578,2023/03/20 00:00:00+00,Marzo,20,Lunes,1899/12/30 00:00:00+00,07:25:00,7,REGION VALPARAISO,SAN ESTEBAN,COLISION PERPENDICULAR,COLISION,URBANA,CRUCE CON SEÑAL PARE,IMPRUDENCIA DEL CONDUCTOR,"ADELANTAMIENTO EN CRUCE, CURVA, CUESTA, PUENTE",10 DE JULIO,TOCORNAL,10 DE JULIO - TOCORNAL,0, , ,BIDIRECCIONAL,ASFALTO,BUENO,SECO,DESPEJADO,0,0,0,1,05,053,05304,Valparaíso,Los Andes,San Esteban,Interseccion,"10 DE JULIO & TOCORNAL, San Esteban",-32.808145,-70.586324
-7961979.36018683,-3965775.90836637,3509,2023,1572619,2023/11/17 00:00:00+00,Noviembre,17,Viernes,1899/12/30 00:00:00+00,16:20:00,16,REGION VALPARAISO,CARTAGENA,COLISION FRONTAL,COLISION,RURAL,TRAMO DE VIA RECTA,IMPRUDENCIA DEL CONDUCTOR,CONDUCCION CAMBIAR SORPRESIVAMENTE PISTA CIRCULACION, , , ,0,G-970,"2,6",BIDIRECCIONAL,ASFALTO,BUENO,SECO,DESPEJADO,0,1,0,1,05,056,05603,Valparaíso,San Antonio,Cartagena,Ruta,"G-970 km 2,6",-33.529327,-71.523678
-7859526.53000905,-3976062.77900457,3510,2023,1504729,2023/01/21 00:00:00+00,Enero,21,Sábado,1899/12/30 00:00:00+00,20:20:00,20,REGION METROPOLITANA,PUENTE ALTO,COLISION POR ALCANCE,COLISION,URBANA,TRAMO DE VIA RECTA,IMPRUDENCIA DEL CONDUCTOR,CONDUCCION SIN MANTENER DISTANCIA RAZONABLE NI PRUDENTE,DOMINGO TOCORNAL,ACCESO SUR,ACCESO SUR - DOMINGO TOCORNAL,0, , ,BIDIRECCIONAL,CONCRETO,BUENO,SECO,DESPEJADO,0,0,1,0,13,132,13201,Metropolitana de Santiago,Cordillera,Puente Alto,Interseccion,"ACCESO SUR & DOMINGO TOCORNAL, Puente Alto",-33.606325,-70.603328
-7932139.05618235,-3493493.37676303,3511,2023,1512138,2023/02/20 00:00:00+00,Febrero,20,Lunes,1899/12/30 00:00:00+00,18:30:00,18,REGION COQUIMBO,LA SERENA,COLISION LATERAL,COLISION,URBANA,CRUCE CON SEMAFORO FUNCIONANDO,DESOBEDIENCIA A SEÑALIZACION,SEÑALIZACION DESOBEDECER LUZ ROJA DE SEMAFORO,JOSE MANUEL BALMACEDA,EUSEBIO LILLO,EUSEBIO LILLO - JOSE MANUEL BALMACEDA,0, , ,BIDIRECCIONAL CON BANDEJON,ASFALTO,BUENO,SECO,DESPEJADO,0,0,0,0,04,041,04101,Coquimbo,Elqui,La Serena,Interseccion,"EUSEBIO LILLO & JOSE MANUEL BALMACEDA, La Serena",-29.921734,-71.255617
-7862370.0663433,-3967561.45517339,3512,2023,1518964,2023/03/20 00:00:00+00,Marzo,20,Lunes,1899/12/30 00:00:00+00,08:00:00,8,REGION METROPOLITANA,LA GRANJA,COLISION FRONTAL,COLISION,URBANA,TRAMO DE VIA RECTA,IMPRUDENCIA DEL CONDUCTOR,CONDUCCION NO ATENTO CONDICIONES TRANSITO MOMENTO,TACORA,AMERICO VESPUCIO,AMERICO VESPUCIO - TACORA,0, , ,UNIDIRECCIONAL,ASFALTO,BUENO,SECO,DESPEJADO,0,1,0,0,13,131,13111,Metropolitana de Santiago,Santiago,La Granja,Interseccion,"AMERICO VESPUCIO & TACORA, La Granja",-33.542697,-70.628872
-7946127.44644147,-4256716.10518172,3513,2023,1575986,2023/11/17 00:00:00+00,Noviembre,17,Viernes,1899/12/30 00:00:00+00,17:30:00,17,REGION MAULE,COLBUN,VOLCADURA,VOLCADURA,RURAL,TRAMO DE VIA RECTA,VELOCIDAD IMPRUDENTE,VELOCIDAD NO RAZONABLE NI PRUDENTE, , , ,0,"L-11, L-35",35,BIDIRECCIONAL,ASFALTO,BUENO,MOJADO,LLOVIZNA,0,0,1,0,07,074,07402,Maule,Linares,Colbún,Ruta,"L-11, L-35 km 35",-35.680273,-71.381277
-7860276.70331893,-3968087.56314714,3514,2023,1519336,2023/03/20 00:00:00+00,Marzo,20,Lunes,1899/12/30 00:00:00+00,08:14:00,8,REGION METROPOLITANA,LA FLORIDA,CHOQUE LADO/FRENTE,CHOQUE,URBANA,CRUCE CON SEÑAL CEDA EL PASO,DESOBEDIENCIA A SEÑALIZACION,SEÑALIZACION DESOBEDECER OTRA,TRINIDAD,EL GUERRILLERO,EL GUERRILLERO - TRINIDAD,0, , ,BIDIRECCIONAL,ASFALTO,BUENO,SECO,DESPEJADO,0,0,0,0,13,131,13110,Metropolitana de Santiago,Santiago,La Florida,Interseccion,"EL GUERRILLERO & TRINIDAD, La Florida",-33.546636,-70.610067
-7857787.04290734,-3975764.60322115,3515,2023,1504993,2023/01/21 00:00:00+00,Enero,21,Sábado,1899/12/30 00:00:00+00,20:20:00,20,REGION METROPOLITANA,PUENTE ALTO,COLISION POR ALCANCE,COLISION,URBANA,TRAMO DE VIA RECTA,IMPRUDENCIA DEL CONDUCTOR,CONDUCCION SIN MANTENER DISTANCIA RAZONABLE NI PRUDENTE,DOMINGO TOCORNAL,JUAN DE DIOS MALEBRAN,DOMINGO TOCORNAL - JUAN DE DIOS MALEBRAN,0, , ,UNIDIRECCIONAL,ASFALTO,BUENO,SECO,DESPEJADO,0,0,1,0,13,132,13201,Metropolitana de Santiago,Cordillera,Puente Alto,Interseccion,"DOMINGO TOCORNAL & JUAN DE DIOS MALEBRAN, Puente Alto",-33.604094,-70.587702
-7857242.57927787,-3975958.67311401,3516,2023,1511667,2023/02/20 00:00:00+00,Febrero,20,Lunes,1899/12/30 00:00:00+00,18:30:00,18,REGION METROPOLITANA,PUENTE ALTO,COLISION PERPENDICULAR,COLISION,URBANA,CRUCE CON SEÑAL PARE,DESOBEDIENCIA A SEÑALIZACION,SEÑALIZACION DESOBEDECER SEÑAL PARE,TTE BELLO,COQUIMBO,COQUIMBO - TTE BELLO,0, , ,BIDIRECCIONAL,ASFALTO,BUENO,SECO,DESPEJADO,0,0,1,0,13,132,13201,Metropolitana de Santiago,Cordillera,Puente Alto,Interseccion,"COQUIMBO & TTE BELLO, Puente Alto",-33.605546,-70.582811
-7902699.04838384,-3372850.06031183,3517,2023,1575429,2023/11/18 00:00:00+00,Noviembre,18,Sábado,1899/12/30 00:00:00+00,16:30:00,16,REGION ATACAMA,VALLENAR,VOLCADURA,VOLCADURA,RURAL,TRAMO DE VIA RECTA,IMPRUDENCIA DEL CONDUCTOR,CONDUCCION NO ATENTO CONDICIONES TRANSITO MOMENTO, , , ,0,C-500,10,BIDIRECCIONAL,ASFALTO,BUENO,SECO,DESPEJADO,0,1,0,0,03,033,03301,Atacama,Huasco,Vallenar,Ruta,C-500 km 10,-28.97803,-70.991153
-7846971.68269723,-4059119.60149982,3518,2023,1572701,2023/11/19 00:00:00+00,Noviembre,19,Domingo,1899/12/30 00:00:00+00,07:00:00,7,REGION LIB.B.O'HIGGINS,MACHALI,CHOQUE FRONTAL,CHOQUE,RURAL,TRAMO DE VIA RECTA,DROGAS Y/O FATIGA EN CONDUCTOR,"CONDICIONES FISICAS DEFICIENTES (CANSANCIO, SUEÑO)", , , ,0,H-265,6,BIDIRECCIONAL,ASFALTO,BUENO,SECO,DESPEJADO,0,1,0,0,06,061,06108,Libertador General Bernardo O'Higgins,Cachapoal,Machalí,Ruta,H-265 km 6,-34.225486,-70.490546
-7862676.79286223,-3955166.60977358,3519,2023,1518342,2023/03/20 00:00:00+00,Marzo,20,Lunes,1899/12/30 00:00:00+00,08:45:00,8,REGION METROPOLITANA,ÑUÑOA,COLISION POR ALCANCE,COLISION,URBANA,CRUCE SIN SEÑALIZACION,IMPRUDENCIA DEL CONDUCTOR,CONDUCCION NO ATENTO CONDICIONES TRANSITO MOMENTO,VICUÑA MACKENNA,MALAQUIAS CONCHA,MALAQUIAS CONCHA - VICUÑA MACKENNA,0, , ,BIDIRECCIONAL CON BANDEJON,CONCRETO,BUENO,SECO,DESPEJADO,0,0,0,0,13,131,13120,Metropolitana de Santiago,Santiago,Ñuñoa,Interseccion,"MALAQUIAS CONCHA & VICUÑA MACKENNA, Ñuñoa",-33.449844,-70.631627
-7960688.55026686,-3688545.91319596,3520,2023,1574255,2023/11/19 00:00:00+00,Noviembre,19,Domingo,1899/12/30 00:00:00+00,10:35:00,10,REGION COQUIMBO,CANELA,VOLCADURA,VOLCADURA,RURAL,TRAMO DE VIA RECTA,IMPRUDENCIA DEL CONDUCTOR,CONDUCCION NO ATENTO CONDICIONES TRANSITO MOMENTO, , , ,0,"D-71, D-55",7,BIDIRECCIONAL,ASFALTO,BUENO,SECO,DESPEJADO,0,0,1,0,04,042,04202,Coquimbo,Choapa,Canela,Ruta,"D-71, D-55 km 7",-31.428668,-71.512082
-7858822.42549121,-3951941.93104024,3521,2023,1505658,2023/01/21 00:00:00+00,Enero,21,Sábado,1899/12/30 00:00:00+00,20:50:00,20,REGION METROPOLITANA,PROVIDENCIA,ATROPELLO,ATROPELLO,URBANA,CRUCE CON SEMAFORO FUNCIONANDO,IMPRUDENCIA DEL PEATON,PEATON CRUZA CALZADA FORMA SORPRESIVA O DESCUIDADA,EL BOSQUE,CARLOS ANTUNEZ,CARLOS ANTUNEZ - EL BOSQUE,0, , ,UNIDIRECCIONAL,ASFALTO,BUENO,SECO,DESPEJADO,0,1,0,1,13,131,13123,Metropolitana de Santiago,Santiago,Providencia,Interseccion,"CARLOS ANTUNEZ & EL BOSQUE, Providencia",-33.425671,-70.597003
-7963806.11629241,-4193002.4327131,3522,2023,1572551,2023/11/19 00:00:00+00,Noviembre,19,Domingo,1899/12/30 00:00:00+00,11:50:00,11,REGION MAULE,SAN RAFAEL,CHOQUE LATERAL,CHOQUE,RURAL,TRAMO DE VIA CURVA HORIZONTAL,VELOCIDAD IMPRUDENTE,"VELOCIDAD NO REDUCIR CRUCE DE CALLES, CUMBRE, CURVA, ETC.", , , ,0,K-40,"11,5",BIDIRECCIONAL,ASFALTO,BUENO,SECO,DESPEJADO,1,0,0,0,07,071,07110,Maule,Talca,San Rafael,Ruta,"K-40 km 11,5",-35.21401,-71.540088
-7971431.55258532,-4220748.03228783,3523,2023,1519840,2023/03/20 00:00:00+00,Marzo,20,Lunes,1899/12/30 00:00:00+00,12:50:00,12,REGION MAULE,TALCA,COLISION LATERAL,COLISION,URBANA,CRUCE SIN SEÑALIZACION,IMPRUDENCIA DEL CONDUCTOR,"ADELANTAMIENTO EN CRUCE, CURVA, CUESTA, PUENTE",RAMADILLAS DE LIRCAY,22 NORTE,22 NORTE - RAMADILLAS DE LIRCAY,0, , ,BIDIRECCIONAL,CONCRETO,BUENO,SECO,DESPEJADO,0,0,0,2,07,071,07101,Maule,Talca,Talca,Interseccion,"22 NORTE & RAMADILLAS DE LIRCAY, Talca",-35.417387,-71.608588