X,Y,FID,Año,IdAccident,Fecha,Mes,Dia_mes,Dia_semana,Hora,Hora_texto,Hora_aprox,Región,Comuna,Tipo_Accid,Tipo__CONA,Zona,Ubicación,Causa__CON,Causa_Acci,Calle_Uno,Calle_Dos,Intersecci,Número,Ruta,Ubicaci_1,Calzada,Tipo_Calza,Estado_Cal,Condición,Estado_Atm,Fallecidos,Graves,Menos_Grav,Leves,CUT_REG,CUT_PROV,CUT_COM,REGION,PROVINCIA,COMUNA1,Tipo_direc,Direccion,Lat,Lon
-7855162.12931443,-3973258.82888641,3524,2023,1517252,2023/02/20 00:00:00+00,Febrero,20,Lunes,1899/12/30 00:00:00+00,19:50:00,19,REGION METROPOLITANA,PUENTE ALTO,COLISION LATERAL,COLISION,URBANA,TRAMO DE VIA RECTA,IMPRUDENCIA DEL CONDUCTOR,CONDUCCION NO ATENTO CONDICIONES TRANSITO MOMENTO,LUIS MATTE LARRAIN,TRONCAL SAN FRANCISCO,LUIS MATTE LARRAIN - TRONCAL SAN FRANCISCO,0, , ,BIDIRECCIONAL,CONCRETO,BUENO,SECO,DESPEJADO,0,0,0,0,13,132,13201,Metropolitana de Santiago,Cordillera,Puente Alto,Interseccion,"LUIS MATTE LARRAIN & TRONCAL SAN FRANCISCO, Puente Alto",-33.585344,-70.564122
-8164246.70675446,-4506273.30060256,3525,2023,1506177,2023/01/21 00:00:00+00,Enero,21,Sábado,1899/12/30 00:00:00+00,22:00:00,22,REGION BIO BIO,CURANILAHUE,VOLCADURA,VOLCADURA,URBANA,TRAMO DE VIA RECTA,IMPRUDENCIA DEL CONDUCTOR,CONDUCCION NO ATENTO CONDICIONES TRANSITO MOMENTO,SARGENTO ALDEA,MANUEL BULNES,MANUEL BULNES - SARGENTO ALDEA,0, , ,BIDIRECCIONAL,CONCRETO,BUENO,SECO,DESPEJADO,0,0,1,0,08,082,08205,Biobío,Arauco,Curanilahue,Interseccion,"MANUEL BULNES & SARGENTO ALDEA, Curanilahue",-37.480341,-73.340676
-7970757.00219003,-3649795.24945217,3526,2023,1572800,2023/11/19 00:00:00+00,Noviembre,19,Domingo,1899/12/30 00:00:00+00,14:50:00,14,REGION COQUIMBO,OVALLE,VOLCADURA,VOLCADURA,RURAL,TRAMO DE VIA CURVA VERTICAL,VELOCIDAD IMPRUDENTE,VELOCIDAD NO RAZONABLE NI PRUDENTE, , , ,0,RUTA 5 NORTE,"314,5",BIDIRECCIONAL CON BANDEJON,ASFALTO,BUENO,SECO,DESPEJADO,1,0,0,0,04,043,04301,Coquimbo,Limarí,Ovalle,Ruta,"RUTA 5 NORTE km 314,5",-31.131166,-71.602528
-7858717.56253088,-3951506.05187457,3527,2023,1512433,2023/02/20 00:00:00+00,Febrero,20,Lunes,1899/12/30 00:00:00+00,20:30:00,20,REGION METROPOLITANA,PROVIDENCIA,COLISION LATERAL,COLISION,URBANA,TRAMO DE VIA RECTA,IMPRUDENCIA DEL CONDUCTOR,CONDUCCION CAMBIAR SORPRESIVAMENTE PISTA CIRCULACION,TOBALABA,LAS CAMELIAS,LAS CAMELIAS - TOBALABA,0, , ,BIDIRECCIONAL,ASFALTO,REGULAR,SECO,DESPEJADO,0,0,0,1,13,131,13123,Metropolitana de Santiago,Santiago,Providencia,Interseccion,"LAS CAMELIAS & TOBALABA, Providencia",-33.422403,-70.596061
-8132231.55516079,-4414582.52499727,3528,2023,1518014,2023/03/20 00:00:00+00,Marzo,20,Lunes,1899/12/30 00:00:00+00,13:00:00,13,REGION BIO BIO,CONCEPCION,COLISION,COLISION,URBANA,CRUCE CON SEMAFORO FUNCIONANDO,IMPRUDENCIA DEL CONDUCTOR,CONDUCCION CONTRA SENTIDO DEL TRANSITO,CAUPOLICAN,LOS CARRERA,CAUPOLICAN - LOS CARRERA,0, , ,BIDIRECCIONAL CON BANDEJON,CONCRETO,BUENO,SECO,DESPEJADO,0,0,0,0,08,081,08101,Biobío,Concepción,Concepción,Interseccion,"CAUPOLICAN & LOS CARRERA, Concepción",-36.823853,-73.053079
-7851491.92570298,-3975019.62972754,3529,2023,1504997,2023/01/21 00:00:00+00,Enero,21,Sábado,1899/12/30 00:00:00+00,22:00:00,22,REGION METROPOLITANA,PUENTE ALTO,COLISION PERPENDICULAR,COLISION,URBANA,CRUCE CON SEMAFORO FUNCIONANDO,IMPRUDENCIA DEL CONDUCTOR,CONDUCCION NO ATENTO CONDICIONES TRANSITO MOMENTO,CAMILO HENRIQUEZ,EYZAGUIRRE,CAMILO HENRIQUEZ - EYZAGUIRRE,0, , ,BIDIRECCIONAL CON BANDEJON,ASFALTO,BUENO,SECO,DESPEJADO,0,0,0,1,13,132,13201,Metropolitana de Santiago,Cordillera,Puente Alto,Interseccion,"CAMILO HENRIQUEZ & EYZAGUIRRE, Puente Alto",-33.59852,-70.531152
-7866234.07713256,-3861265.99889388,3530,2023,1512970,2023/02/20 00:00:00+00,Febrero,20,Lunes,1899/12/30 00:00:00+00,23:30:00,23,REGION VALPARAISO,SANTA MARIA,COLISION,COLISION,URBANA,TRAMO DE VIA CURVA HORIZONTAL,DESOBEDIENCIA A SEÑALIZACION,SEÑALIZACION DESOBEDECER LUZ ROJA DE SEMAFORO,IGNACIO CARRERA PINTO,CARLOS ZUÑIGA,CARLOS ZUÑIGA - IGNACIO CARRERA PINTO,0, , ,BIDIRECCIONAL,CONCRETO,BUENO,SECO,DESPEJADO,0,0,0,2,05,057,05706,Valparaíso,San Felipe de Aconcagua,Santa María,Interseccion,"CARLOS ZUÑIGA & IGNACIO CARRERA PINTO, Santa María",-32.743189,-70.663583
-7857259.61115996,-3965613.23464892,3531,2023,1521483,2023/03/20 00:00:00+00,Marzo,20,Lunes,1899/12/30 00:00:00+00,14:35:00,14,REGION METROPOLITANA,LA FLORIDA,COLISION LATERAL,COLISION,URBANA,CRUCE CON SEÑAL CEDA EL PASO,DESOBEDIENCIA A SEÑALIZACION,SEÑALIZACION DESOBEDECER SEÑAL CEDA EL PASO,NUEVA,GERONIMO DE ALDERETE,GERONIMO DE ALDERETE - NUEVA,0, , ,BIDIRECCIONAL,ASFALTO,BUENO,SECO,DESPEJADO,0,1,0,0,13,131,13110,Metropolitana de Santiago,Santiago,La Florida,Interseccion,"GERONIMO DE ALDERETE & NUEVA, La Florida",-33.528109,-70.582964
-8002195.41168751,-4419250.17701116,3532,2023,1573559,2023/11/19 00:00:00+00,Noviembre,19,Domingo,1899/12/30 00:00:00+00,17:30:00,17,REGION ÑUBLE,EL CARMEN,COLISION FRONTAL,COLISION,RURAL,TRAMO DE VIA CURVA VERTICAL,VELOCIDAD IMPRUDENTE,"VELOCIDAD NO REDUCIR CRUCE DE CALLES, CUMBRE, CURVA, ETC.", , , ,0,N-679,"0,5",BIDIRECCIONAL,RIPIO,REGULAR, ,DESPEJADO,0,1,0,0,16,161,16104,Ñuble,Diguillín,El Carmen,Ruta,"N-679 km 0,5",-36.85741,-71.884944
-7851491.92570298,-3975019.62972754,3533,2023,1505160,2023/01/21 00:00:00+00,Enero,21,Sábado,1899/12/30 00:00:00+00,22:50:00,22,REGION METROPOLITANA,PUENTE ALTO,COLISION POR ALCANCE,COLISION,URBANA,CRUCE CON SEMAFORO FUNCIONANDO,IMPRUDENCIA DEL CONDUCTOR,CONDUCCION NO ATENTO CONDICIONES TRANSITO MOMENTO,CAMILO HENRIQUEZ,EYZAGUIRRE,CAMILO HENRIQUEZ - EYZAGUIRRE,0, , ,BIDIRECCIONAL CON BANDEJON,ASFALTO,BUENO,SECO,DESPEJADO,0,0,0,0,13,132,13201,Metropolitana de Santiago,Cordillera,Puente Alto,Interseccion,"CAMILO HENRIQUEZ & EYZAGUIRRE, Puente Alto",-33.59852,-70.531152
-7975913.95011454,-4127043.03764245,3534,2023,1574242,2023/11/20 00:00:00+00,Noviembre,20,Lunes,1899/12/30 00:00:00+00,18:00:00,18,REGION LIB.B.O'HIGGINS,LOLOL,COLISION LATERAL,COLISION,RURAL,TRAMO DE VIA RECTA,IMPRUDENCIA DEL CONDUCTOR,CONDUCCION NO ATENTO CONDICIONES TRANSITO MOMENTO, , , ,0,I-72,"32,7",BIDIRECCIONAL,ASFALTO,BUENO,SECO,DESPEJADO,0,0,0,1,06,063,06304,Libertador General Bernardo O'Higgins,Colchagua,Lolol,Ruta,"I-72 km 32,7",-34.728476,-71.648854
-8131264.30010528,-4414065.49173407,3535,2023,1511405,2023/02/21 00:00:00+00,Febrero,21,Martes,1899/12/30 00:00:00+00,07:55:00,7,REGION BIO BIO,CONCEPCION,VOLCADURA,VOLCADURA,URBANA,TRAMO DE VIA RECTA,VELOCIDAD IMPRUDENTE,VELOCIDAD NO RAZONABLE NI PRUDENTE,ALONSO DE RIBERA,EL FUERTE,ALONSO DE RIBERA - EL FUERTE,0, , ,BIDIRECCIONAL CON BANDEJON,CONCRETO,BUENO,SECO,DESPEJADO,0,0,1,0,08,081,08101,Biobío,Concepción,Concepción,Interseccion,"ALONSO DE RIBERA & EL FUERTE, Concepción",-36.820135,-73.04439
-8041021.4822961,-4390986.83397587,3536,2023,1573044,2023/11/21 00:00:00+00,Noviembre,21,Martes,1899/12/30 00:00:00+00,11:30:00,11,REGION ÑUBLE,CHILLAN VIEJO,CHOQUE FRONTAL,CHOQUE,RURAL,TRAMO DE VIA RECTA,DROGAS Y/O FATIGA EN CONDUCTOR,"CONDICIONES FISICAS DEFICIENTES (CANSANCIO, SUEÑO)", , , ,0,RUTA 152,"0,27",BIDIRECCIONAL,ASFALTO,BUENO,SECO,DESPEJADO,0,1,0,0,16,161,16103,Ñuble,Diguillín,Chillán Viejo,Ruta,"RUTA 152 km 0,27",-36.653992,-72.233725
-7873164.9400045,-4053427.78249298,3537,2023,1504851,2023/01/22 00:00:00+00,Enero,22,Domingo,1899/12/30 00:00:00+00,02:55:00,2,REGION LIB.B.O'HIGGINS,RANCAGUA,COLISION PERPENDICULAR,COLISION,URBANA,CRUCE CON SEMAFORO FUNCIONANDO,ALCOHOL EN CONDUCTOR,CONDUCCION EN ESTADO DE EBRIEDAD,CARRETERA DEL COBRE,EINSTEIN,CARRETERA DEL COBRE - EINSTEIN,0, , ,BIDIRECCIONAL CON BANDEJON,CONCRETO,BUENO,SECO,DESPEJADO,0,0,0,0,06,061,06101,Libertador General Bernardo O'Higgins,Cachapoal,Rancagua,Interseccion,"CARRETERA DEL COBRE & EINSTEIN, Rancagua",-34.183199,-70.725844
-7969721.01728979,-4278226.37644263,3538,2023,1511290,2023/02/21 00:00:00+00,Febrero,21,Martes,1899/12/30 00:00:00+00,12:10:00,12,REGION MAULE,LINARES,COLISION PERPENDICULAR,COLISION,URBANA,CRUCE CON SEÑAL PARE,IMPRUDENCIA DEL CONDUCTOR,CONDUCCION NO ATENTO CONDICIONES TRANSITO MOMENTO,MANUEL RODRIGUEZ,RENE SCHNEIDER,MANUEL RODRIGUEZ - RENE SCHNEIDER,0, , ,BIDIRECCIONAL,CONCRETO,BUENO,SECO,DESPEJADO,0,0,1,1,07,074,07401,Maule,Linares,Linares,Interseccion,"MANUEL RODRIGUEZ & RENE SCHNEIDER, Linares",-35.837076,-71.593222
-7962780.38418444,-4282209.545782,3539,2023,1576033,2023/11/21 00:00:00+00,Noviembre,21,Martes,1899/12/30 00:00:00+00,17:50:00,17,REGION MAULE,LINARES,COLISION LATERAL,COLISION,RURAL,TRAMO DE VIA RECTA,IMPRUDENCIA DEL CONDUCTOR,CONDUCCION NO ATENTO CONDICIONES TRANSITO MOMENTO, , , ,0,L-425,2,BIDIRECCIONAL,ASFALTO,BUENO,SECO,DESPEJADO,0,1,0,0,07,074,07401,Maule,Linares,Linares,Ruta,L-425 km 2,-35.866078,-71.530873
-8116178.060074,-5080797.21889155,3540,2023,1521107,2023/03/20 00:00:00+00,Marzo,20,Lunes,1899/12/30 00:00:00+00,15:20:00,15,REGION LOS LAGOS,PUERTO MONTT,COLISION FRONTAL,COLISION,URBANA,CRUCE CON SEMAFORO FUNCIONANDO,IMPRUDENCIA DEL CONDUCTOR,NO RESPETAR DERECHO PREFERENTE DE PASO A VEHICULO,CUARTA TERRAZA,MARCELO FOURCADE,CUARTA TERRAZA - MARCELO FOURCADE,0, , ,BIDIRECCIONAL CON BANDEJON,CONCRETO,BUENO,SECO,DESPEJADO,0,1,0,0,10,101,10101,Los Lagos,Llanquihue,Puerto Montt,Interseccion,"CUARTA TERRAZA & MARCELO FOURCADE, Puerto Montt",-41.462471,-72.908868
-8014082.82462457,-4455929.51690573,3541,2023,1573927,2023/11/21 00:00:00+00,Noviembre,21,Martes,1899/12/30 00:00:00+00,23:26:00,23,REGION ÑUBLE,YUNGAY,COLISION POR ALCANCE,COLISION,RURAL,TRAMO DE VIA RECTA,IMPRUDENCIA DEL CONDUCTOR,CONDUCCION NO ATENTO CONDICIONES TRANSITO MOMENTO, , , ,0,N-935,2,BIDIRECCIONAL,ASFALTO,BUENO,SECO,DESPEJADO,0,0,0,2,16,161,16109,Ñuble,Diguillín,Yungay,Ruta,N-935 km 2,-37.120595,-71.991731
-7873427.19669117,-3963494.4022359,3542,2023,1504680,2023/01/22 00:00:00+00,Enero,22,Domingo,1899/12/30 00:00:00+00,03:30:00,3,REGION METROPOLITANA,MAIPU,VOLCADURA,VOLCADURA,URBANA,TRAMO DE VIA RECTA,FALLAS MECANICAS,FALLAS MECANICAS FRENOS,ESQUINA BLANCA,CAMINO A MELIPILLA,CAMINO A MELIPILLA - ESQUINA BLANCA,0, , ,UNIDIRECCIONAL,ASFALTO,BUENO,SECO,DESPEJADO,0,0,0,0,13,131,13119,Metropolitana de Santiago,Santiago,Maipú,Interseccion,"CAMINO A MELIPILLA & ESQUINA BLANCA, Maipú",-33.512241,-70.7282
-7867879.9358596,-3972784.32997328,3543,2023,1517819,2023/03/20 00:00:00+00,Marzo,20,Lunes,1899/12/30 00:00:00+00,15:40:00,15,REGION METROPOLITANA,SAN BERNARDO,COLISION POR ALCANCE,COLISION,URBANA,TRAMO DE VIA RECTA,IMPRUDENCIA DEL CONDUCTOR,CONDUCCION SIN MANTENER DISTANCIA RAZONABLE NI PRUDENTE,MARTIN DE SOLIS,LO BLANCO,LO BLANCO - MARTIN DE SOLIS,0, , ,BIDIRECCIONAL,ASFALTO,REGULAR,SECO,DESPEJADO,0,0,0,0,13,134,13401,Metropolitana de Santiago,Maipo,San Bernardo,Interseccion,"LO BLANCO & MARTIN DE SOLIS, San Bernardo",-33.581793,-70.678368
-7876682.12389957,-3961114.97964163,3544,2023,1511688,2023/02/21 00:00:00+00,Febrero,21,Martes,1899/12/30 00:00:00+00,12:30:00,12,REGION METROPOLITANA,MAIPU,COLISION LATERAL,COLISION,URBANA,TRAMO DE VIA RECTA,IMPRUDENCIA DEL CONDUCTOR,CONDUCCION CAMBIAR SORPRESIVAMENTE PISTA CIRCULACION,LOS PAJARITOS,LA FARFANA,LA FARFANA - LOS PAJARITOS,0, , ,BIDIRECCIONAL CON BANDEJON,ASFALTO,BUENO,SECO,DESPEJADO,0,1,0,0,13,131,13119,Metropolitana de Santiago,Santiago,Maipú,Interseccion,"LA FARFANA & LOS PAJARITOS, Maipú",-33.494417,-70.757439
-8020369.74235807,-4378381.71592711,3545,2023,1573472,2023/11/22 00:00:00+00,Noviembre,22,Miércoles,1899/12/30 00:00:00+00,09:30:00,9,REGION ÑUBLE,CHILLAN,COLISION POR ALCANCE,COLISION,RURAL,TRAMO DE VIA RECTA,IMPRUDENCIA DEL CONDUCTOR,CONDUCCION SIN MANTENER DISTANCIA RAZONABLE NI PRUDENTE, , , ,0,N-45,3,BIDIRECCIONAL,CONCRETO,BUENO,SECO,DESPEJADO,0,0,0,0,16,161,16101,Ñuble,Diguillín,Chillán,Ruta,N-45 km 3,-36.563096,-72.048207
-7874440.5500495,-3950974.29617539,3546,2023,1513506,2023/02/21 00:00:00+00,Febrero,21,Martes,1899/12/30 00:00:00+00,12:58:00,12,REGION METROPOLITANA,CERRO NAVIA,COLISION LATERAL,COLISION,URBANA,CRUCE CON SEÑAL CEDA EL PASO,IMPRUDENCIA DEL CONDUCTOR,CONDUCCION NO ATENTO CONDICIONES TRANSITO MOMENTO,COST SUR,RESBALON,COST SUR - RESBALON,0, , ,BIDIRECCIONAL,ASFALTO,BUENO,SECO,DESPEJADO,0,0,0,0,13,131,13103,Metropolitana de Santiago,Santiago,Cerro Navia,Interseccion,"COST SUR & RESBALON, Cerro Navia",-33.418416,-70.737303
-7861903.19239891,-3953825.81666035,3547,2023,1518743,2023/03/20 00:00:00+00,Marzo,20,Lunes,1899/12/30 00:00:00+00,17:00:00,17,REGION METROPOLITANA,PROVIDENCIA,COLISION FRONTAL,COLISION,URBANA,TRAMO DE VIA RECTA,IMPRUDENCIA DEL CONDUCTOR,CONDUCCION CAMBIAR SORPRESIVAMENTE PISTA CIRCULACION,SALVADOR,RANCAGUA,RANCAGUA - SALVADOR,0, , ,UNIDIRECCIONAL,ASFALTO,REGULAR,SECO,DESPEJADO,0,0,0,0,13,131,13123,Metropolitana de Santiago,Santiago,Providencia,Interseccion,"RANCAGUA & SALVADOR, Providencia",-33.439794,-70.624678
-8055170.97161761,-4505167.26516649,3548,2023,1506474,2023/01/22 00:00:00+00,Enero,22,Domingo,1899/12/30 00:00:00+00,12:12:00,12,REGION BIO BIO,LOS ANGELES,COLISION LATERAL,COLISION,URBANA,CRUCE CON SEMAFORO FUNCIONANDO,IMPRUDENCIA DEL CONDUCTOR,ADELANTAMIENTO SIN EFECTUAR LA SEÑAL RESPECTIVA,CAMILO HENRIQUEZ,RICARDO VICUÑA,CAMILO HENRIQUEZ - RICARDO VICUÑA,0, , ,BIDIRECCIONAL,CONCRETO,BUENO,SECO,DESPEJADO,0,0,0,0,08,083,08301,Biobío,Biobío,Los Angeles,Interseccion,"CAMILO HENRIQUEZ & RICARDO VICUÑA, Los Angeles",-37.472456,-72.360832
-8096587.48576105,-4933583.88803612,3549,2023,1575311,2023/11/22 00:00:00+00,Noviembre,22,Miércoles,1899/12/30 00:00:00+00,17:25:00,17,REGION DE LOS RIOS,RIO BUENO,ATROPELLO,ATROPELLO,RURAL,TRAMO DE VIA RECTA,IMPRUDENCIA DEL PEATON,PEATON CRUZA CAMINO O CARRETERA SIN ADOPTAR PRECAUCIONES, , , ,0,T-933,32,BIDIRECCIONAL,CONCRETO,BUENO,SECO,DESPEJADO,0,0,0,1,14,142,14204,Los Ríos,Ranco,Río Bueno,Ruta,T-933 km 32,-40.463887,-72.732883
-7976159.18006208,-4223194.60886981,3550,2023,1512223,2023/02/21 00:00:00+00,Febrero,21,Martes,1899/12/30 00:00:00+00,13:30:00,13,REGION MAULE,TALCA,COLISION LATERAL,COLISION,URBANA,TRAMO DE VIA RECTA,IMPRUDENCIA DEL CONDUCTOR,CONDUCCION NO ATENTO CONDICIONES TRANSITO MOMENTO,7 SUR,PRESIDENTE SALVADOR ALLENDE,7 SUR - PRESIDENTE SALVADOR ALLENDE,0, , ,BIDIRECCIONAL,CONCRETO,BUENO,SECO,DESPEJADO,0,1,0,0,07,071,07101,Maule,Talca,Talca,Interseccion,"7 SUR & PRESIDENTE SALVADOR ALLENDE, Talca",-35.435296,-71.651057
-7877708.11106276,-3960190.05014805,3551,2023,1518853,2023/03/20 00:00:00+00,Marzo,20,Lunes,1899/12/30 00:00:00+00,17:25:00,17,REGION METROPOLITANA,MAIPU,VOLCADURA,VOLCADURA,URBANA,CRUCE CON SEÑAL PARE,IMPRUDENCIA DEL CONDUCTOR,CONDUCCION NO ATENTO CONDICIONES TRANSITO MOMENTO,LA REFORMA,CONDORES DE CHILE,CONDORES DE CHILE - LA REFORMA,0, , ,BIDIRECCIONAL,ASFALTO,BUENO,SECO,DESPEJADO,0,0,0,0,13,131,13119,Metropolitana de Santiago,Santiago,Maipú,Interseccion,"CONDORES DE CHILE & LA REFORMA, Maipú",-33.487488,-70.766656
-8127184.4896147,-5053396.47819942,3552,2023,1574651,2023/11/22 00:00:00+00,Noviembre,22,Miércoles,1899/12/30 00:00:00+00,19:40:00,19,REGION LOS LAGOS,LLANQUIHUE,COLISION FRONTAL,COLISION,RURAL,TRAMO DE VIA RECTA,IMPRUDENCIA DEL CONDUCTOR,CONDUCCION POR IZQUIERDA EJE CALZADA, , , ,0,RUTA 5 SUR,1001,BIDIRECCIONAL CON BANDEJON,ASFALTO,BUENO,HUMEDO,NUBLADO,0,0,1,0,10,101,10107,Los Lagos,Llanquihue,Llanquihue,Ruta,RUTA 5 SUR km 1001,-41.27775,-73.00774
-7927537.04170805,-3868577.23344255,3553,2023,1533350,2023/01/22 00:00:00+00,Enero,22,Domingo,1899/12/30 00:00:00+00,13:50:00,13,REGION VALPARAISO,CALERA,COLISION LATERAL,COLISION,URBANA,TRAMO DE VIA RECTA,IMPRUDENCIA DEL CONDUCTOR,CONDUCCION SIN MANTENER DISTANCIA RAZONABLE NI PRUDENTE,CARRERA,BERNARDO O'HIGGINS,BERNARDO O'HIGGINS - CARRERA,0, , ,BIDIRECCIONAL,CONCRETO,REGULAR,SECO,DESPEJADO,0,0,1,1,05,055,05502,Valparaíso,Quillota,Calera,Interseccion,"BERNARDO O'HIGGINS & CARRERA, Calera",-32.798414,-71.214277
-7852937.68364894,-3943359.28215724,3554,2023,1531120,2023/03/20 00:00:00+00,Marzo,20,Lunes,1899/12/30 00:00:00+00,17:30:00,17,REGION METROPOLITANA,LO BARNECHEA,OTRO TIPO,OTRO TIPO,URBANA,CRUCE CON SEMAFORO FUNCIONANDO,IMPRUDENCIA DEL CONDUCTOR,CONDUCCION NO ATENTO CONDICIONES TRANSITO MOMENTO,EL TRANQUE,JOSE ALCALDE DELANO,EL TRANQUE - JOSE ALCALDE DELANO,0, , ,BIDIRECCIONAL,CONCRETO,BUENO,SECO,DESPEJADO,0,0,0,0,13,131,13115,Metropolitana de Santiago,Santiago,Lo Barnechea,Interseccion,"EL TRANQUE & JOSE ALCALDE DELANO, Lo Barnechea",-33.3613,-70.544139
-8173612.13142075,-5070142.92793926,3555,2023,1575394,2023/11/23 00:00:00+00,Noviembre,23,Jueves,1899/12/30 00:00:00+00,09:00:00,9,REGION LOS LAGOS,LOS MUERMOS,VOLCADURA,VOLCADURA,RURAL,TRAMO DE VIA RECTA,VELOCIDAD IMPRUDENTE,VELOCIDAD NO RAZONABLE NI PRUDENTE, , , ,0,V-60,29,BIDIRECCIONAL,ASFALTO,BUENO,SECO,DESPEJADO,0,0,0,1,10,101,10106,Los Lagos,Llanquihue,Los Muermos,Ruta,V-60 km 29,-41.390708,-73.424807
-7836215.15125351,-2710788.26459709,3556,2023,1511794,2023/02/21 00:00:00+00,Febrero,21,Martes,1899/12/30 00:00:00+00,14:30:00,14,REGION ANTOFAGASTA,ANTOFAGASTA,COLISION,COLISION,URBANA,CRUCE CON SEMAFORO FUNCIONANDO,DESOBEDIENCIA A SEÑALIZACION,SEÑALIZACION DESOBEDECER LUZ ROJA DE SEMAFORO,GENERAL MANUEL BAQUEDANO,JOSE MANUEL BALMACEDA,GENERAL MANUEL BAQUEDANO - JOSE MANUEL BALMACEDA,0, , ,UNIDIRECCIONAL,ASFALTO,BUENO,SECO,DESPEJADO,0,0,0,1,02,021,02101,Antofagasta,Antofagasta,Antofagasta,Interseccion,"GENERAL MANUEL BAQUEDANO & JOSE MANUEL BALMACEDA, Antofagasta",-23.649766,-70.393918
-7981784.45351488,-4229478.79969953,3557,2023,1573939,2023/11/23 00:00:00+00,Noviembre,23,Jueves,1899/12/30 00:00:00+00,14:40:00,14,REGION MAULE,MAULE,COLISION LATERAL,COLISION,RURAL,TRAMO DE VIA RECTA,IMPRUDENCIA DEL CONDUCTOR,VIRAJES INDEBIDOS, , , ,0,K-620,8,BIDIRECCIONAL,ASFALTO,BUENO,SECO,DESPEJADO,0,0,0,1,07,071,07105,Maule,Talca,Maule,Ruta,K-620 km 8,-35.481278,-71.70159
-8083115.94866941,-4683274.76926217,3558,2023,1504668,2023/01/22 00:00:00+00,Enero,22,Domingo,1899/12/30 00:00:00+00,16:16:00,16,REGION ARAUCANIA,TEMUCO,COLISION PERPENDICULAR,COLISION,URBANA,CRUCE CON SEMAFORO FUNCIONANDO,DESOBEDIENCIA A SEÑALIZACION,SEÑALIZACION DESOBEDECER LUZ ROJA DE SEMAFORO,HOCHSTETTER,INGLATERRA,HOCHSTETTER - INGLATERRA,0, , ,BIDIRECCIONAL,CONCRETO,BUENO,SECO,DESPEJADO,0,1,0,1,09,091,09101,La Araucanía,Cautín,Temuco,Interseccion,"HOCHSTETTER & INGLATERRA, Temuco",-38.731436,-72.611866
-7977077.23188039,-4224781.0965434,3559,2023,1511641,2023/02/21 00:00:00+00,Febrero,21,Martes,1899/12/30 00:00:00+00,15:00:00,15,REGION MAULE,TALCA,COLISION LATERAL,COLISION,URBANA,TRAMO DE VIA RECTA,IMPRUDENCIA DEL CONDUCTOR,CONDUCCION NO ATENTO CONDICIONES TRANSITO MOMENTO,16 SUR,9 ORIENTE,16 SUR - 9 ORIENTE,0, , ,UNIDIRECCIONAL,CONCRETO,BUENO,SECO,DESPEJADO,0,0,0,1,07,071,07101,Maule,Talca,Talca,Interseccion,"16 SUR & 9 ORIENTE, Talca",-35.446907,-71.659304
-7874936.14442251,-3958906.21969443,3560,2023,1518857,2023/03/20 00:00:00+00,Marzo,20,Lunes,1899/12/30 00:00:00+00,17:45:00,17,REGION METROPOLITANA,MAIPU,VOLCADURA,VOLCADURA,URBANA,CRUCE CON SEMAFORO FUNCIONANDO,DESOBEDIENCIA A SEÑALIZACION,SEÑALIZACION DESOBEDECER LUZ ROJA DE SEMAFORO,LAS PARCELAS,LOS PAJARITOS,LAS PARCELAS - LOS PAJARITOS,0, , ,BIDIRECCIONAL,ASFALTO,BUENO,SECO,DESPEJADO,0,0,0,1,13,131,13119,Metropolitana de Santiago,Santiago,Maipú,Interseccion,"LAS PARCELAS & LOS PAJARITOS, Maipú",-33.477869,-70.741755
-8212701.37702389,-5235993.04910492,3561,2023,1576115,2023/11/24 00:00:00+00,Noviembre,24,Viernes,1899/12/30 00:00:00+00,04:50:00,4,REGION LOS LAGOS,CASTRO,VOLCADURA,VOLCADURA,RURAL,TRAMO DE VIA CURVA HORIZONTAL,ALCOHOL EN CONDUCTOR,CONDUCCION EN ESTADO DE EBRIEDAD, , , ,0,RUTA 5 SUR,1189,BIDIRECCIONAL,ASFALTO,BUENO,HUMEDO,NUBLADO,0,0,0,1,10,102,10201,Los Lagos,Chiloé,Castro,Ruta,RUTA 5 SUR km 1189,-42.498803,-73.775952
-7874442.55380034,-3957690.05562415,3562,2023,1504683,2023/01/22 00:00:00+00,Enero,22,Domingo,1899/12/30 00:00:00+00,17:00:00,17,REGION METROPOLITANA,MAIPU,VOLCADURA,VOLCADURA,URBANA,TRAMO DE VIA RECTA,IMPRUDENCIA DEL CONDUCTOR,ADELANTAMIENTO SIN EL ESPACIO O TIEMPO SUFICIENTE,MARTA OSSA RUIZ,TTE CRUZ,MARTA OSSA RUIZ - TTE CRUZ,0, , ,BIDIRECCIONAL,ASFALTO,BUENO,SECO,DESPEJADO,0,0,0,1,13,131,13119,Metropolitana de Santiago,Santiago,Maipú,Interseccion,"MARTA OSSA RUIZ & TTE CRUZ, Maipú",-33.468756,-70.737321
-7865039.51881994,-3954471.7279432,3563,2023,1519199,2023/03/20 00:00:00+00,Marzo,20,Lunes,1899/12/30 00:00:00+00,18:25:00,18,REGION METROPOLITANA,SANTIAGO,COLISION FRONTAL,COLISION,URBANA,CRUCE CON SEMAFORO FUNCIONANDO,DESOBEDIENCIA A SEÑALIZACION,SEÑALIZACION DESOBEDECER LUZ ROJA DE SEMAFORO,LIBER BERNARDO O'HIGGINS,MORANDE,LIBER BERNARDO O'HIGGINS - MORANDE,0, , ,BIDIRECCIONAL,ASFALTO,BUENO,SECO,DESPEJADO,0,0,0,1,13,131,13101,Metropolitana de Santiago,Santiago,Santiago,Interseccion,"LIBER BERNARDO O'HIGGINS & MORANDE, Santiago",-33.444636,-70.652852