X,Y,FID,Año,IdAccident,Fecha,Mes,Dia_mes,Dia_semana,Hora,Hora_texto,Hora_aprox,Región,Comuna,Tipo_Accid,Tipo__CONA,Zona,Ubicación,Causa__CON,Causa_Acci,Calle_Uno,Calle_Dos,Intersecci,Número,Ruta,Ubicaci_1,Calzada,Tipo_Calza,Estado_Cal,Condición,Estado_Atm,Fallecidos,Graves,Menos_Grav,Leves,CUT_REG,CUT_PROV,CUT_COM,REGION,PROVINCIA,COMUNA1,Tipo_direc,Direccion,Lat,Lon
-7977077.23188039,-4224781.0965434,3564,2023,1512215,2023/02/21 00:00:00+00,Febrero,21,Martes,1899/12/30 00:00:00+00,15:00:00,15,REGION MAULE,TALCA,COLISION LATERAL,COLISION,URBANA,TRAMO DE VIA RECTA,IMPRUDENCIA DEL CONDUCTOR,CONDUCCION NO ATENTO CONDICIONES TRANSITO MOMENTO,16 SUR,9 ORIENTE,16 SUR - 9 ORIENTE,0, , ,UNIDIRECCIONAL,CONCRETO,BUENO,SECO,DESPEJADO,0,0,0,1,07,071,07101,Maule,Talca,Talca,Interseccion,"16 SUR & 9 ORIENTE, Talca",-35.446907,-71.659304
-7916801.15023377,-4188485.4189897,3565,2023,1576172,2023/11/24 00:00:00+00,Noviembre,24,Viernes,1899/12/30 00:00:00+00,09:10:00,9,REGION MAULE,CURICO,COLISION POR ALCANCE,COLISION,RURAL,TRAMO DE VIA RECTA,IMPRUDENCIA DEL CONDUCTOR,ADELANTAMIENTO SOBREPASANDO LINEA CONTINUA, , , ,0,J-65,25,BIDIRECCIONAL,ASFALTO,BUENO,SECO,DESPEJADO,0,0,0,1,07,073,07301,Maule,Curicó,Curicó,Ruta,J-65 km 25,-35.180852,-71.117835
-7871973.71013352,-3954726.0495511,3566,2023,1507217,2023/01/22 00:00:00+00,Enero,22,Domingo,1899/12/30 00:00:00+00,19:40:00,19,REGION METROPOLITANA,LO PRADO,COLISION LATERAL,COLISION,URBANA,CRUCE CON SEÑAL CEDA EL PASO,IMPRUDENCIA DEL CONDUCTOR,NO RESPETAR DERECHO PREFERENTE DE PASO A VEHICULO,STA MARTA,FLORIDOR DEL PRADO,FLORIDOR DEL PRADO - STA MARTA,0, , ,BIDIRECCIONAL,ASFALTO,REGULAR,SECO,DESPEJADO,0,0,1,0,13,131,13117,Metropolitana de Santiago,Santiago,Lo Prado,Interseccion,"FLORIDOR DEL PRADO & STA MARTA, Lo Prado",-33.446542,-70.715143
-7876926.5369179,-3979326.14579496,3567,2023,1514571,2023/02/21 00:00:00+00,Febrero,21,Martes,1899/12/30 00:00:00+00,16:20:00,16,REGION METROPOLITANA,CALERA DE TANGO,COLISION FRONTAL,COLISION,URBANA,CRUCE CON SEÑAL PARE,IMPRUDENCIA DEL CONDUCTOR,NO RESPETAR DERECHO PREFERENTE DE PASO A VEHICULO,CALERA DE TANGO,CAMINO CATEMITO,CALERA DE TANGO - CAMINO CATEMITO,0, , ,BIDIRECCIONAL,ASFALTO,BUENO,SECO,DESPEJADO,0,0,0,0,13,134,13403,Metropolitana de Santiago,Maipo,Calera de Tango,Interseccion,"CALERA DE TANGO & CAMINO CATEMITO, Calera de Tango",-33.630737,-70.759635
-7877314.81927952,-4053707.28047221,3568,2023,1518181,2023/03/20 00:00:00+00,Marzo,20,Lunes,1899/12/30 00:00:00+00,18:30:00,18,REGION LIB.B.O'HIGGINS,RANCAGUA,COLISION PERPENDICULAR,COLISION,URBANA,CRUCE CON SEÑAL CEDA EL PASO,DESOBEDIENCIA A SEÑALIZACION,SEÑALIZACION DESOBEDECER SEÑAL CEDA EL PASO,TEODORO SCHMIDT,BOLIVIA,BOLIVIA - TEODORO SCHMIDT,0, , ,BIDIRECCIONAL,CONCRETO,BUENO,SECO,DESPEJADO,0,1,0,0,06,061,06101,Libertador General Bernardo O'Higgins,Cachapoal,Rancagua,Interseccion,"BOLIVIA & TEODORO SCHMIDT, Rancagua",-34.185276,-70.763123
-7935048.30032658,-3496093.47514215,3569,2023,1573869,2023/11/24 00:00:00+00,Noviembre,24,Viernes,1899/12/30 00:00:00+00,17:29:00,17,REGION COQUIMBO,COQUIMBO,COLISION POR ALCANCE,COLISION,RURAL,TRAMO DE VIA RECTA,IMPRUDENCIA DEL CONDUCTOR,CONDUCCION NO ATENTO CONDICIONES TRANSITO MOMENTO, , , ,0,RUTA 5 NORTE,465,BIDIRECCIONAL CON BANDEJON,ASFALTO,BUENO,SECO,DESPEJADO,0,0,0,1,04,041,04102,Coquimbo,Elqui,Coquimbo,Ruta,RUTA 5 NORTE km 465,-29.941975,-71.281752
-7926855.77756748,-3986484.24366886,3570,2023,1505612,2023/01/22 00:00:00+00,Enero,22,Domingo,1899/12/30 00:00:00+00,19:55:00,19,REGION METROPOLITANA,MELIPILLA,COLISION LATERAL,COLISION,URBANA,CRUCE CON SEÑAL PARE,DESOBEDIENCIA A SEÑALIZACION,SEÑALIZACION DESOBEDECER SEÑAL PARE,ALCALDE,UGALDE,ALCALDE - UGALDE,0, , ,UNIDIRECCIONAL,ASFALTO,BUENO,SECO,DESPEJADO,0,0,0,0,13,135,13501,Metropolitana de Santiago,Melipilla,Melipilla,Interseccion,"ALCALDE & UGALDE, Melipilla",-33.68426,-71.208157
-7862899.613161,-3949347.03801505,3571,2023,1520593,2023/03/20 00:00:00+00,Marzo,20,Lunes,1899/12/30 00:00:00+00,18:50:00,18,REGION METROPOLITANA,RECOLETA,COLISION LATERAL,COLISION,URBANA,CRUCE CON SEÑAL PARE,IMPRUDENCIA DEL CONDUCTOR,CONDUCCION NO ATENTO CONDICIONES TRANSITO MOMENTO,CARD JOSE MARIA CARO,EL CARBON,CARD JOSE MARIA CARO - EL CARBON,0, , ,BIDIRECCIONAL,ASFALTO,BUENO,SECO,DESPEJADO,0,0,0,1,13,131,13127,Metropolitana de Santiago,Santiago,Recoleta,Interseccion,"CARD JOSE MARIA CARO & EL CARBON, Recoleta",-33.406214,-70.633629
-7928763.57100069,-4162155.67044832,3572,2023,1512627,2023/02/21 00:00:00+00,Febrero,21,Martes,1899/12/30 00:00:00+00,18:05:00,18,REGION MAULE,CURICO,VOLCADURA,VOLCADURA,URBANA,CRUCE SIN SEÑALIZACION,VELOCIDAD IMPRUDENTE,VELOCIDAD NO RAZONABLE NI PRUDENTE,FRANCISCO BILBAO,JOSE SOLER MILA,FRANCISCO BILBAO - JOSE SOLER MILA,0, , ,BIDIRECCIONAL,CONCRETO,BUENO,SECO,DESPEJADO,0,0,0,1,07,073,07301,Maule,Curicó,Curicó,Interseccion,"FRANCISCO BILBAO & JOSE SOLER MILA, Curicó",-34.987302,-71.225295
-7821428.95012256,-3173312.37028012,3573,2023,1574632,2023/11/24 00:00:00+00,Noviembre,24,Viernes,1899/12/30 00:00:00+00,19:20:00,19,REGION ATACAMA,COPIAPO,COLISION POR ALCANCE,COLISION,RURAL,CRUCE CON SEÑAL PARE,DESOBEDIENCIA A SEÑALIZACION,SEÑALIZACION DESOBEDECER SEÑAL PARE, , , ,0,"31 CH, C-17, C-13",11,BIDIRECCIONAL CON BANDEJON,ASFALTO,BUENO,SECO,DESPEJADO,0,0,0,1,03,031,03101,Atacama,Copiapó,Copiapó,Ruta,"31 CH, C-17, C-13 km 11",-27.398217,-70.261092
-7928911.18064549,-3986156.62028783,3574,2023,1506597,2023/01/22 00:00:00+00,Enero,22,Domingo,1899/12/30 00:00:00+00,21:30:00,21,REGION METROPOLITANA,MELIPILLA,COLISION PERPENDICULAR,COLISION,URBANA,CRUCE CON SEÑAL PARE,IMPRUDENCIA DEL CONDUCTOR,CONDUCCION NO ATENTO CONDICIONES TRANSITO MOMENTO,LOS ESPINOS,ARZA,ARZA - LOS ESPINOS,0, , ,BIDIRECCIONAL,ASFALTO,BUENO,SECO,DESPEJADO,0,0,1,0,13,135,13501,Metropolitana de Santiago,Melipilla,Melipilla,Interseccion,"ARZA & LOS ESPINOS, Melipilla",-33.681811,-71.226621
-7871064.34121323,-3977297.73752666,3575,2023,1514344,2023/02/21 00:00:00+00,Febrero,21,Martes,1899/12/30 00:00:00+00,18:15:00,18,REGION METROPOLITANA,SAN BERNARDO,COLISION LATERAL,COLISION,URBANA,CRUCE SIN SEÑALIZACION,IMPRUDENCIA DEL CONDUCTOR,"ADELANTAMIENTO EN CRUCE, CURVA, CUESTA, PUENTE",GRAL URRUTIA,LAGO PUYEHUE,GRAL URRUTIA - LAGO PUYEHUE,0, , ,UNIDIRECCIONAL,ASFALTO,BUENO,SECO,DESPEJADO,0,1,0,0,13,134,13401,Metropolitana de Santiago,Maipo,San Bernardo,Interseccion,"GRAL URRUTIA & LAGO PUYEHUE, San Bernardo",-33.615564,-70.706974
-7876926.5369179,-3979326.14579496,3576,2023,1521746,2023/03/20 00:00:00+00,Marzo,20,Lunes,1899/12/30 00:00:00+00,19:00:00,19,REGION METROPOLITANA,CALERA DE TANGO,COLISION FRONTAL,COLISION,URBANA,CRUCE CON SEÑAL PARE,VELOCIDAD IMPRUDENTE,VELOCIDAD NO RAZONABLE NI PRUDENTE,CAMINO CATEMITO,CALERA DE TANGO,CALERA DE TANGO - CAMINO CATEMITO,0, , ,BIDIRECCIONAL,ASFALTO,BUENO,SECO,DESPEJADO,0,1,0,0,13,134,13403,Metropolitana de Santiago,Maipo,Calera de Tango,Interseccion,"CALERA DE TANGO & CAMINO CATEMITO, Calera de Tango",-33.630737,-70.759635
-8048484.1183533,-4483948.92928595,3577,2023,1575819,2023/11/24 00:00:00+00,Noviembre,24,Viernes,1899/12/30 00:00:00+00,20:00:00,20,REGION BIO BIO,LOS ANGELES,VOLCADURA,VOLCADURA,RURAL,TRAMO DE VIA RECTA,VELOCIDAD IMPRUDENTE,VELOCIDAD NO RAZONABLE NI PRUDENTE, , , ,0,Q-115,4,BIDIRECCIONAL,RIPIO,BUENO, ,DESPEJADO,0,1,0,0,08,083,08301,Biobío,Biobío,Los Angeles,Ruta,Q-115 km 4,-37.321028,-72.300763
-8121979.03139456,-5062141.64829137,3578,2023,1575589,2023/11/25 00:00:00+00,Noviembre,25,Sábado,1899/12/30 00:00:00+00,05:25:00,5,REGION LOS LAGOS,PUERTO MONTT,CHOQUE LADO/FRENTE,CHOQUE,RURAL,TRAMO DE VIA RECTA,ALCOHOL EN CONDUCTOR,CONDUCCION EN ESTADO DE EBRIEDAD, , , ,0,V-505,1,BIDIRECCIONAL,ASFALTO,REGULAR,HUMEDO,NUBLADO,0,1,0,0,10,101,10101,Los Lagos,Llanquihue,Puerto Montt,Ruta,V-505 km 1,-41.336762,-72.960979
-8163184.2734898,-4473601.62052337,3579,2023,1508310,2023/01/23 00:00:00+00,Enero,23,Lunes,1899/12/30 00:00:00+00,01:40:00,1,REGION BIO BIO,ARAUCO,COLISION POR ALCANCE,COLISION,URBANA,TRAMO DE VIA RECTA,IMPRUDENCIA DEL CONDUCTOR,CONDUCCION NO ATENTO CONDICIONES TRANSITO MOMENTO,COCHRANE,LAS TORTOLAS,COCHRANE - LAS TORTOLAS,0, , ,BIDIRECCIONAL,CONCRETO,BUENO,SECO,DESPEJADO,0,0,0,1,08,082,08202,Biobío,Arauco,Arauco,Interseccion,"COCHRANE & LAS TORTOLAS, Arauco",-37.247072,-73.331132
-7708608.33396291,-2545234.47079125,3580,2023,1573910,2023/11/25 00:00:00+00,Noviembre,25,Sábado,1899/12/30 00:00:00+00,08:30:00,8,REGION ANTOFAGASTA,MARIA ELENA,COLISION POR ALCANCE,COLISION,RURAL,TRAMO DE VIA RECTA,ALCOHOL EN CONDUCTOR,CONDUCCION EN ESTADO DE EBRIEDAD, , , ,0,RUTA 24,36,BIDIRECCIONAL,ASFALTO,BUENO,SECO,DESPEJADO,1,0,1,0,02,023,02302,Antofagasta,Tocopilla,María Elena,Ruta,RUTA 24 km 36,-22.280487,-69.247607
-7951627.12495896,-3901746.57846112,3581,2023,1511464,2023/02/21 00:00:00+00,Febrero,21,Martes,1899/12/30 00:00:00+00,18:15:00,18,REGION VALPARAISO,QUILPUE,COLISION PERPENDICULAR,COLISION,URBANA,CRUCE CON SEÑAL PARE,DESOBEDIENCIA A SEÑALIZACION,SEÑALIZACION DESOBEDECER SEÑAL PARE,LOS CARRERA,PEYRONET,LOS CARRERA - PEYRONET,0, , ,BIDIRECCIONAL,CONCRETO,BUENO,SECO,DESPEJADO,0,0,0,1,05,058,05801,Valparaíso,Marga Marga,Quilpué,Interseccion,"LOS CARRERA & PEYRONET, Quilpué",-33.048525,-71.430682
-8139527.45903314,-4416438.94652905,3582,2023,1518630,2023/03/20 00:00:00+00,Marzo,20,Lunes,1899/12/30 00:00:00+00,20:10:00,20,REGION BIO BIO,SAN PEDRO DE LA PAZ,COLISION POR ALCANCE,COLISION,URBANA,CRUCE CON SEMAFORO FUNCIONANDO,IMPRUDENCIA DEL CONDUCTOR,CONDUCCION NO ATENTO CONDICIONES TRANSITO MOMENTO,PEDRO AGUIRRE CERDA,DIAGONAL BIO BIO,DIAGONAL BIO BIO - PEDRO AGUIRRE CERDA,0, , ,BIDIRECCIONAL CON BANDEJON,CONCRETO,BUENO,SECO,DESPEJADO,0,0,0,0,08,081,08108,Biobío,Concepción,San Pedro de la Paz,Interseccion,"DIAGONAL BIO BIO & PEDRO AGUIRRE CERDA, San Pedro de la Paz",-36.837201,-73.118619
-7865365.11724309,-3963883.50954691,3583,2023,1504882,2023/01/23 00:00:00+00,Enero,23,Lunes,1899/12/30 00:00:00+00,04:15:00,4,REGION METROPOLITANA,LA CISTERNA,VOLCADURA,VOLCADURA,URBANA,TRAMO DE VIA RECTA,VELOCIDAD IMPRUDENTE,VELOCIDAD NO RAZONABLE NI PRUDENTE,LO OVALLE,ESMERALDA,ESMERALDA - LO OVALLE,0, , ,BIDIRECCIONAL,CONCRETO,BUENO,SECO,DESPEJADO,1,1,0,0,13,131,13109,Metropolitana de Santiago,Santiago,La Cisterna,Interseccion,"ESMERALDA & LO OVALLE, La Cisterna",-33.515155,-70.655777
-8031051.79875813,-4172697.51136611,3584,2023,1574576,2023/11/25 00:00:00+00,Noviembre,25,Sábado,1899/12/30 00:00:00+00,14:45:00,14,REGION MAULE,CONSTITUCION,COLISION FRONTAL,COLISION,RURAL,TRAMO DE VIA CURVA VERTICAL,VELOCIDAD IMPRUDENTE,VELOCIDAD NO RAZONABLE NI PRUDENTE, , , ,0,K-24-M,10,BIDIRECCIONAL,TIERRA,REGULAR, ,DESPEJADO,0,1,0,0,07,071,07102,Maule,Talca,Constitución,Ruta,K-24-M km 10,-35.06485,-72.144166
-7856071.8099293,-3947225.30441544,3585,2023,1519172,2023/03/20 00:00:00+00,Marzo,20,Lunes,1899/12/30 00:00:00+00,21:04:00,21,REGION METROPOLITANA,VITACURA,COLISION POR ALCANCE,COLISION,URBANA,TRAMO DE VIA RECTA,IMPRUDENCIA DEL CONDUCTOR,CONDUCCION CAMBIAR SORPRESIVAMENTE PISTA CIRCULACION,VITACURA,PEREZ ZUJOVIC,PEREZ ZUJOVIC - VITACURA,0, , ,BIDIRECCIONAL CON BANDEJON,ASFALTO,BUENO,SECO,DESPEJADO,0,0,1,1,13,131,13132,Metropolitana de Santiago,Santiago,Vitacura,Interseccion,"PEREZ ZUJOVIC & VITACURA, Vitacura",-33.390302,-70.572294
-7857497.38959229,-3959854.89778922,3586,2023,1513025,2023/02/21 00:00:00+00,Febrero,21,Martes,1899/12/30 00:00:00+00,19:15:00,19,REGION METROPOLITANA,MACUL,COLISION POR ALCANCE,COLISION,URBANA,TRAMO DE VIA RECTA,IMPRUDENCIA DEL CONDUCTOR,ADELANTAMIENTO SIN EL ESPACIO O TIEMPO SUFICIENTE,RAMON CRUZ,CARDENAL RAUL SILVA HENRIQUEZ,CARDENAL RAUL SILVA HENRIQUEZ - RAMON CRUZ,0, , ,BIDIRECCIONAL,CONCRETO,BUENO,SECO,DESPEJADO,0,1,0,0,13,131,13118,Metropolitana de Santiago,Santiago,Macul,Interseccion,"CARDENAL RAUL SILVA HENRIQUEZ & RAMON CRUZ, Macul",-33.484977,-70.5851
-7871183.6311573,-3973744.893349,3587,2023,1504782,2023/01/23 00:00:00+00,Enero,23,Lunes,1899/12/30 00:00:00+00,04:20:00,4,REGION METROPOLITANA,SAN BERNARDO,COLISION LATERAL,COLISION,URBANA,CRUCE CON SEMAFORO FUNCIONANDO,DESOBEDIENCIA A SEÑALIZACION,SEÑALIZACION DESOBEDECER SEÑAL PARE,COLON,AMERICA,AMERICA - COLON,0, , ,BIDIRECCIONAL CON BANDEJON,ASFALTO,BUENO,SECO,DESPEJADO,0,0,0,0,13,134,13401,Metropolitana de Santiago,Maipo,San Bernardo,Interseccion,"AMERICA & COLON, San Bernardo",-33.588981,-70.708046
-7871725.47946892,-4058641.59915664,3588,2023,1574508,2023/11/26 00:00:00+00,Noviembre,26,Domingo,1899/12/30 00:00:00+00,15:40:00,15,REGION LIB.B.O'HIGGINS,MACHALI,VOLCADURA,VOLCADURA,RURAL,TRAMO DE VIA RECTA,ALCOHOL EN CONDUCTOR,CONDUCCION EN ESTADO DE EBRIEDAD, , , ,0,H-35,6,BIDIRECCIONAL,CONCRETO,BUENO,SECO,DESPEJADO,0,0,0,1,06,061,06108,Libertador General Bernardo O'Higgins,Cachapoal,Machalí,Ruta,H-35 km 6,-34.221935,-70.712913
-7944250.56119884,-4114222.25107771,3589,2023,1512666,2023/02/21 00:00:00+00,Febrero,21,Martes,1899/12/30 00:00:00+00,20:22:00,20,REGION LIB.B.O'HIGGINS,SANTA CRUZ,COLISION FRONTAL,COLISION,URBANA,PLAZA DE PEAJE,ALCOHOL EN CONDUCTOR,CONDUCCION EN ESTADO DE EBRIEDAD,GONZALO BULNES,GABRIELA MISTRAL,GABRIELA MISTRAL - GONZALO BULNES,0, , ,BIDIRECCIONAL,ASFALTO,BUENO,SECO,DESPEJADO,0,1,0,0,06,063,06310,Libertador General Bernardo O'Higgins,Colchagua,Santa Cruz,Interseccion,"GABRIELA MISTRAL & GONZALO BULNES, Santa Cruz",-34.633767,-71.364417
-7870294.90089287,-3953794.33378976,3590,2023,1518019,2023/03/20 00:00:00+00,Marzo,20,Lunes,1899/12/30 00:00:00+00,22:20:00,22,REGION METROPOLITANA,QUINTA NORMAL,ATROPELLO,ATROPELLO,URBANA,CRUCE CON SEMAFORO FUNCIONANDO,DESOBEDIENCIA A SEÑALIZACION,SEÑALIZACION DESOBEDECER LUZ ROJA DE SEMAFORO,SAN PABLO,GASPAR DE ORENSE,GASPAR DE ORENSE - SAN PABLO,0, , ,BIDIRECCIONAL,ASFALTO,REGULAR,SECO,DESPEJADO,0,0,0,0,13,131,13126,Metropolitana de Santiago,Santiago,Quinta Normal,Interseccion,"GASPAR DE ORENSE & SAN PABLO, Quinta Normal",-33.439558,-70.700062
-7862520.12501689,-3955725.75299093,3591,2023,1505927,2023/01/23 00:00:00+00,Enero,23,Lunes,1899/12/30 00:00:00+00,07:00:00,7,REGION METROPOLITANA,ÑUÑOA,COLISION LATERAL,COLISION,URBANA,OTROS NO CONSIDERADOS,IMPRUDENCIA DEL CONDUCTOR,ADELANTAMIENTO SIN EL ESPACIO O TIEMPO SUFICIENTE,PEDRO DE OÑA,VICUÑA MACKENNA,PEDRO DE OÑA - VICUÑA MACKENNA,0, , ,BIDIRECCIONAL,CONCRETO,BUENO,SECO,DESPEJADO,0,0,0,0,13,131,13120,Metropolitana de Santiago,Santiago,Ñuñoa,Interseccion,"PEDRO DE OÑA & VICUÑA MACKENNA, Ñuñoa",-33.454035,-70.63022
-7872387.66064352,-4041656.29198964,3592,2023,1578203,2023/11/27 00:00:00+00,Noviembre,27,Lunes,1899/12/30 00:00:00+00,07:05:00,7,REGION LIB.B.O'HIGGINS,GRANEROS,COLISION POR ALCANCE,COLISION,RURAL,TRAMO DE VIA RECTA,VELOCIDAD IMPRUDENTE,VELOCIDAD MAYOR QUE MAXIMA PERMITIDA, , , ,0,RUTA TRAVESIA,76,BIDIRECCIONAL CON BANDEJON,ASFALTO,BUENO,SECO,DESPEJADO,0,2,0,0,06,061,06106,Libertador General Bernardo O'Higgins,Cachapoal,Graneros,Ruta,RUTA TRAVESIA km 76,-34.095677,-70.718862
-7960615.26098729,-3884890.64876533,3593,2023,1506034,2023/01/23 00:00:00+00,Enero,23,Lunes,1899/12/30 00:00:00+00,07:45:00,7,REGION VALPARAISO,CONCON,COLISION,COLISION,URBANA,TRAMO DE VIA RECTA,IMPRUDENCIA DEL CONDUCTOR,VIRAJES INDEBIDOS,MAROTO,CALLE ONCE,CALLE ONCE - MAROTO,0, , ,BIDIRECCIONAL,ASFALTO,REGULAR,SECO,DESPEJADO,0,1,0,0,05,051,05103,Valparaíso,Valparaíso,Concón,Interseccion,"CALLE ONCE & MAROTO, Concón",-32.921512,-71.511424
-7825271.17618842,-3172791.69587526,3594,2023,1519165,2023/03/21 00:00:00+00,Marzo,21,Martes,1899/12/30 00:00:00+00,07:00:00,7,REGION ATACAMA,COPIAPO,COLISION LATERAL,COLISION,URBANA,CRUCE SIN SEÑALIZACION,IMPRUDENCIA DEL CONDUCTOR,CONDUCCION NO ATENTO CONDICIONES TRANSITO MOMENTO,RAFAEL TORREBLANCA,ANTONIO DIAZ,ANTONIO DIAZ - RAFAEL TORREBLANCA,0, , ,BIDIRECCIONAL,ASFALTO,BUENO,SECO,DESPEJADO,0,2,0,0,03,031,03101,Atacama,Copiapó,Copiapó,Interseccion,"ANTONIO DIAZ & RAFAEL TORREBLANCA, Copiapó",-27.394064,-70.295607
-7926653.73269169,-3985390.90893694,3595,2023,1514823,2023/02/21 00:00:00+00,Febrero,21,Martes,1899/12/30 00:00:00+00,20:30:00,20,REGION METROPOLITANA,MELIPILLA,COLISION PERPENDICULAR,COLISION,URBANA,TRAMO DE VIA RECTA,IMPRUDENCIA DEL CONDUCTOR,CONDUCCION NO ATENTO CONDICIONES TRANSITO MOMENTO,PEDRO MENDEZ,IGNACIO CARRERA PINTO,IGNACIO CARRERA PINTO - PEDRO MENDEZ,0, , ,BIDIRECCIONAL,ASFALTO,BUENO,SECO,DESPEJADO,0,0,0,1,13,135,13501,Metropolitana de Santiago,Melipilla,Melipilla,Interseccion,"IGNACIO CARRERA PINTO & PEDRO MENDEZ, Melipilla",-33.676087,-71.206342
-8123432.99681527,-4399245.08296073,3596,2023,1578143,2023/11/27 00:00:00+00,Noviembre,27,Lunes,1899/12/30 00:00:00+00,16:45:00,16,REGION BIO BIO,PENCO,VOLCADURA,VOLCADURA,RURAL,TRAMO DE VIA RECTA,VELOCIDAD IMPRUDENTE,VELOCIDAD NO RAZONABLE NI PRUDENTE, , , ,0,RUTA 150,12,BIDIRECCIONAL,ASFALTO,BUENO,SECO,DESPEJADO,0,0,0,1,08,081,08107,Biobío,Concepción,Penco,Ruta,RUTA 150 km 12,-36.713484,-72.97404
-7960564.56612458,-3752498.19048253,3597,2023,1512751,2023/02/21 00:00:00+00,Febrero,21,Martes,1899/12/30 00:00:00+00,20:40:00,20,REGION COQUIMBO,LOS VILOS,COLISION,COLISION,URBANA,TRAMO DE VIA RECTA,IMPRUDENCIA DEL CONDUCTOR,CONDUCCION NO ATENTO CONDICIONES TRANSITO MOMENTO,PUREN,FORESTAL,FORESTAL - PUREN,0, , ,UNIDIRECCIONAL,CONCRETO,BUENO,SECO,DESPEJADO,0,0,0,1,04,042,04203,Coquimbo,Choapa,Los Vilos,Interseccion,"FORESTAL & PUREN, Los Vilos",-31.917592,-71.510968
-7863903.1583705,-3947699.87530587,3598,2023,1507010,2023/01/23 00:00:00+00,Enero,23,Lunes,1899/12/30 00:00:00+00,11:30:00,11,REGION METROPOLITANA,RECOLETA,COLISION LATERAL,COLISION,URBANA,CRUCE CON SEMAFORO FUNCIONANDO,DESOBEDIENCIA A SEÑALIZACION,SEÑALIZACION DESOBEDECER LUZ ROJA DE SEMAFORO,RECOLETA,ORTIZ DE ROZAS,ORTIZ DE ROZAS - RECOLETA,0, , ,BIDIRECCIONAL,ASFALTO,BUENO,SECO,DESPEJADO,0,0,0,0,13,131,13127,Metropolitana de Santiago,Santiago,Recoleta,Interseccion,"ORTIZ DE ROZAS & RECOLETA, Recoleta",-33.393861,-70.642644
-7859831.46988355,-3874829.6215026,3599,2023,1517971,2023/03/21 00:00:00+00,Marzo,21,Martes,1899/12/30 00:00:00+00,08:15:00,8,REGION VALPARAISO,LOS ANDES,COLISION PERPENDICULAR,COLISION,URBANA,CRUCE CON SEÑAL CEDA EL PASO,DESOBEDIENCIA A SEÑALIZACION,SEÑALIZACION DESOBEDECER SEÑAL CEDA EL PASO,EDUARDO FREI,ARTURO PRAT,ARTURO PRAT - EDUARDO FREI,0, , ,BIDIRECCIONAL,ASFALTO,BUENO,SECO,DESPEJADO,0,0,0,1,05,053,05301,Valparaíso,Los Andes,Los Andes,Interseccion,"ARTURO PRAT & EDUARDO FREI, Los Andes",-32.845614,-70.606067
-8026893.61670776,-4526555.28215165,3600,2023,1574829,2023/11/28 00:00:00+00,Noviembre,28,Martes,1899/12/30 00:00:00+00,07:10:00,7,REGION BIO BIO,SANTA BARBARA,COLISION,COLISION,RURAL,TRAMO DE VIA RECTA,IMPRUDENCIA DEL CONDUCTOR,NO RESPETAR DERECHO PREFERENTE DE PASO A VEHICULO, , , ,0,Q-61-R,"25,5",BIDIRECCIONAL,ASFALTO,BUENO,SECO,DESPEJADO,0,1,0,2,08,083,08311,Biobío,Biobío,Santa Bárbara,Ruta,"Q-61-R km 25,5",-37.624785,-72.106812
-7865484.00645926,-3970186.35690281,3601,2023,1511595,2023/02/21 00:00:00+00,Febrero,21,Martes,1899/12/30 00:00:00+00,21:23:00,21,REGION METROPOLITANA,EL BOSQUE,COLISION,COLISION,URBANA,CRUCE CON SEMAFORO FUNCIONANDO,ALCOHOL EN CONDUCTOR,CONDUCCION BAJO LA INFLUENCIA DEL ALCOHOL,SAN FRANCISCO,OBSERVATORIO,OBSERVATORIO - SAN FRANCISCO,0, , ,BIDIRECCIONAL CON BANDEJON,ASFALTO,REGULAR,SECO,DESPEJADO,0,1,0,0,13,131,13105,Metropolitana de Santiago,Santiago,El Bosque,Interseccion,"OBSERVATORIO & SAN FRANCISCO, El Bosque",-33.562348,-70.656845
-7855762.03001692,-3949545.33198197,3602,2023,1509028,2023/01/23 00:00:00+00,Enero,23,Lunes,1899/12/30 00:00:00+00,12:00:00,12,REGION METROPOLITANA,LAS CONDES,COLISION POR ALCANCE,COLISION,URBANA,CRUCE SIN SEÑALIZACION,IMPRUDENCIA DEL CONDUCTOR,CONDUCCION SIN MANTENER DISTANCIA RAZONABLE NI PRUDENTE,ALONSO DE CORDOVA,BALMORAL,ALONSO DE CORDOVA - BALMORAL,0, , ,BIDIRECCIONAL,CONCRETO,BUENO,SECO,DESPEJADO,0,0,0,1,13,131,13114,Metropolitana de Santiago,Santiago,Las Condes,Interseccion,"ALONSO DE CORDOVA & BALMORAL, Las Condes",-33.407701,-70.569511
-7993081.98685246,-4250219.46483081,3603,2023,1578488,2023/11/28 00:00:00+00,Noviembre,28,Martes,1899/12/30 00:00:00+00,07:40:00,7,REGION MAULE,SAN JAVIER,COLISION LATERAL,COLISION,RURAL,TRAMO DE VIA RECTA,IMPRUDENCIA DEL CONDUCTOR,CONDUCCION NO ATENTO CONDICIONES TRANSITO MOMENTO, , , ,0,RUTA 126,3,BIDIRECCIONAL,ASFALTO,BUENO,SECO,NUBLADO,0,1,0,0,07,074,07406,Maule,Linares,San Javier,Ruta,RUTA 126 km 3,-35.632853,-71.803077