X,Y,FID,Año,IdAccident,Fecha,Mes,Dia_mes,Dia_semana,Hora,Hora_texto,Hora_aprox,Región,Comuna,Tipo_Accid,Tipo__CONA,Zona,Ubicación,Causa__CON,Causa_Acci,Calle_Uno,Calle_Dos,Intersecci,Número,Ruta,Ubicaci_1,Calzada,Tipo_Calza,Estado_Cal,Condición,Estado_Atm,Fallecidos,Graves,Menos_Grav,Leves,CUT_REG,CUT_PROV,CUT_COM,REGION,PROVINCIA,COMUNA1,Tipo_direc,Direccion,Lat,Lon
-7975457.97856731,-4220476.48198878,3604,2023,1518039,2023/03/21 00:00:00+00,Marzo,21,Martes,1899/12/30 00:00:00+00,08:30:00,8,REGION MAULE,TALCA,COLISION LATERAL,COLISION,URBANA,TRAMO DE VIA RECTA,IMPRUDENCIA DEL CONDUCTOR,CONDUCCION NO ATENTO CONDICIONES TRANSITO MOMENTO,14 SUR,13 1/2ORIENTE,13 1/2ORIENTE - 14 SUR,0, , ,UNIDIRECCIONAL,CONCRETO,BUENO,SECO,DESPEJADO,0,0,0,1,07,071,07101,Maule,Talca,Talca,Interseccion,"13 1/2ORIENTE & 14 SUR, Talca",-35.415399,-71.644758
-7836346.46368033,-2711410.25832218,3605,2023,1511799,2023/02/21 00:00:00+00,Febrero,21,Martes,1899/12/30 00:00:00+00,22:40:00,22,REGION ANTOFAGASTA,ANTOFAGASTA,COLISION,COLISION,URBANA,TRAMO DE VIA RECTA,IMPRUDENCIA DEL CONDUCTOR,CONDUCCION NO ATENTO CONDICIONES TRANSITO MOMENTO,GRECIA,TENIENTE LUIS URIBE,GRECIA - TENIENTE LUIS URIBE,0, , ,BIDIRECCIONAL,ASFALTO,BUENO,SECO,DESPEJADO,0,0,0,2,02,021,02101,Antofagasta,Antofagasta,Antofagasta,Interseccion,"GRECIA & TENIENTE LUIS URIBE, Antofagasta",-23.654884,-70.395098
-7969611.87959423,-3900584.93907204,3606,2023,1513643,2023/01/23 00:00:00+00,Enero,23,Lunes,1899/12/30 00:00:00+00,12:00:00,12,REGION VALPARAISO,VALPARAISO,COLISION,COLISION,URBANA,CRUCE CON SEÑAL CEDA EL PASO,DESOBEDIENCIA A SEÑALIZACION,SEÑALIZACION DESOBEDECER SEÑAL CEDA EL PASO,CARMEN,SAN GUILLERMO,CARMEN - SAN GUILLERMO,0, , ,BIDIRECCIONAL,ASFALTO,BUENO,SECO,DESPEJADO,0,0,0,0,05,051,05101,Valparaíso,Valparaíso,Valparaíso,Interseccion,"CARMEN & SAN GUILLERMO, Valparaíso",-33.039777,-71.592242
-7961652.80321381,-3886167.77805724,3607,2023,1514796,2023/02/21 00:00:00+00,Febrero,21,Martes,1899/12/30 00:00:00+00,22:50:00,22,REGION VALPARAISO,CONCON,COLISION,COLISION,URBANA,TRAMO DE VIA RECTA,IMPRUDENCIA DEL CONDUCTOR,CONDUCCION NO ATENTO CONDICIONES TRANSITO MOMENTO,MANANTIALES,TERRAVISTA,MANANTIALES - TERRAVISTA,0, , ,BIDIRECCIONAL,ASFALTO,BUENO,SECO,DESPEJADO,0,0,1,1,05,051,05103,Valparaíso,Valparaíso,Concón,Interseccion,"MANANTIALES & TERRAVISTA, Concón",-32.931142,-71.520744
-7866542.76614732,-3954881.07597568,3608,2023,1521323,2023/03/21 00:00:00+00,Marzo,21,Martes,1899/12/30 00:00:00+00,09:25:00,9,REGION METROPOLITANA,SANTIAGO,COLISION,COLISION,URBANA,TRAMO DE VIA RECTA,IMPRUDENCIA DEL CONDUCTOR,ADELANTAMIENTO SIN EFECTUAR LA SEÑAL RESPECTIVA,LIBER BERNARDO O'HIGGINS,ECHAURREN,ECHAURREN - LIBER BERNARDO O'HIGGINS,0, , ,BIDIRECCIONAL,CONCRETO,BUENO,SECO,DESPEJADO,0,0,1,1,13,131,13101,Metropolitana de Santiago,Santiago,Santiago,Interseccion,"ECHAURREN & LIBER BERNARDO O'HIGGINS, Santiago",-33.447704,-70.666356
-8057849.67862899,-4629927.19861842,3609,2023,1575053,2023/11/28 00:00:00+00,Noviembre,28,Martes,1899/12/30 00:00:00+00,11:05:00,11,REGION ARAUCANIA,PERQUENCO,CHOQUE,CHOQUE,RURAL,TRAMO DE VIA RECTA,IMPRUDENCIA DEL CONDUCTOR,CONDUCCION NO ATENTO CONDICIONES TRANSITO MOMENTO, , , ,0,RUTA 5 SUR,"626,8",BIDIRECCIONAL CON BANDEJON,ASFALTO,BUENO,SECO,DESPEJADO,0,1,0,0,09,091,09113,La Araucanía,Cautín,Perquenco,Ruta,"RUTA 5 SUR km 626,8",-38.356618,-72.384895
-7860006.53091478,-3978442.57520996,3610,2023,1506532,2023/01/23 00:00:00+00,Enero,23,Lunes,1899/12/30 00:00:00+00,16:30:00,16,REGION METROPOLITANA,PUENTE ALTO,COLISION PERPENDICULAR,COLISION,URBANA,TRAMO DE VIA RECTA,IMPRUDENCIA DEL CONDUCTOR,CONDUCCION NO ATENTO CONDICIONES TRANSITO MOMENTO,SAMO ALTO,SAN GUILLERMO,SAMO ALTO - SAN GUILLERMO,0, , ,BIDIRECCIONAL,ASFALTO,BUENO,SECO,DESPEJADO,0,1,0,0,13,132,13201,Metropolitana de Santiago,Cordillera,Puente Alto,Interseccion,"SAMO ALTO & SAN GUILLERMO, Puente Alto",-33.624128,-70.60764
-7974845.86609442,-4222084.42228589,3611,2023,1512266,2023/02/22 00:00:00+00,Febrero,22,Miércoles,1899/12/30 00:00:00+00,01:30:00,1,REGION MAULE,TALCA,ATROPELLO,ATROPELLO,URBANA,TRAMO DE VIA RECTA,IMPRUDENCIA DEL CONDUCTOR,CONDUCCION CONTRA SENTIDO DEL TRANSITO,18 ORIENTE,2 1/2 NORTE,18 ORIENTE - 2 1/2 NORTE,0, , ,BIDIRECCIONAL,CONCRETO,BUENO,SECO,DESPEJADO,0,0,0,1,07,071,07101,Maule,Talca,Talca,Interseccion,"18 ORIENTE & 2 1/2 NORTE, Talca",-35.42717,-71.639259
-7858650.88215589,-3947194.29278951,3612,2023,1529630,2023/03/21 00:00:00+00,Marzo,21,Martes,1899/12/30 00:00:00+00,09:30:00,9,REGION METROPOLITANA,VITACURA,VOLCADURA,VOLCADURA,URBANA,TRAMO DE VIA RECTA,FALLAS MECANICAS,VEHICULO EN PANNE SIN SEÑALIZACION O DEFICIENTE,COST MONS ESCRIVA DE BALAGUER,ISABEL MONTT,COST MONS ESCRIVA DE BALAGUER - ISABEL MONTT,0, , ,BIDIRECCIONAL CON BANDEJON,ASFALTO,BUENO,SECO,DESPEJADO,0,0,1,0,13,131,13132,Metropolitana de Santiago,Santiago,Vitacura,Interseccion,"COST MONS ESCRIVA DE BALAGUER & ISABEL MONTT, Vitacura",-33.390069,-70.595462
-7925450.03503774,-3866612.40502245,3613,2023,1504915,2023/01/23 00:00:00+00,Enero,23,Lunes,1899/12/30 00:00:00+00,20:10:00,20,REGION VALPARAISO,CALERA,COLISION FRONTAL,COLISION,URBANA,TRAMO DE VIA RECTA,IMPRUDENCIA DEL CONDUCTOR,CONDUCCION CONTRA SENTIDO DEL TRANSITO,HUICI,25 DE MAYO,25 DE MAYO - HUICI,0, , ,UNIDIRECCIONAL,CONCRETO,BUENO,SECO,DESPEJADO,0,0,0,1,05,055,05502,Valparaíso,Quillota,Calera,Interseccion,"25 DE MAYO & HUICI, Calera",-32.783576,-71.195529
-8121948.85032063,-6045937.96247916,3614,2023,1575109,2023/11/29 00:00:00+00,Noviembre,29,Miércoles,1899/12/30 00:00:00+00,10:30:00,10,REGION AYSEN DEL GRL. CARLOS IBAÑEZ DEL CAMPO,COCHRANE,VOLCADURA,VOLCADURA,RURAL,TRAMO DE VIA RECTA,VELOCIDAD IMPRUDENTE,VELOCIDAD NO RAZONABLE NI PRUDENTE, , , ,0,RUTA 7,1001,BIDIRECCIONAL,RIPIO,MALO, ,NUBLADO,0,1,0,0,11,113,11301,Aysén del General Carlos Ibáñez del Campo,Capitán Prat,Cochrane,Ruta,RUTA 7 km 1001,-47.632535,-72.960708
-7853401.88986627,-3959934.74085061,3615,2023,1521059,2023/03/21 00:00:00+00,Marzo,21,Martes,1899/12/30 00:00:00+00,09:50:00,9,REGION METROPOLITANA,PEÑALOLEN,COLISION FRONTAL,COLISION,URBANA,CRUCE CON SEÑAL CEDA EL PASO,IMPRUDENCIA DEL CONDUCTOR,CONDUCCION NO ATENTO CONDICIONES TRANSITO MOMENTO,FRANCISCO OTTA,CONSISTORIAL,CONSISTORIAL - FRANCISCO OTTA,0, , ,BIDIRECCIONAL,CONCRETO,BUENO,SECO,DESPEJADO,0,0,0,1,13,131,13122,Metropolitana de Santiago,Santiago,Peñalolén,Interseccion,"CONSISTORIAL & FRANCISCO OTTA, Peñalolén",-33.485575,-70.54831
-7866470.85374514,-3981400.64397324,3616,2023,1513173,2023/02/22 00:00:00+00,Febrero,22,Miércoles,1899/12/30 00:00:00+00,07:05:00,7,REGION METROPOLITANA,SAN BERNARDO,VOLCADURA,VOLCADURA,URBANA,TRAMO DE VIA RECTA,VELOCIDAD IMPRUDENTE,VELOCIDAD NO RAZONABLE NI PRUDENTE,PADRE HURTADO,LOS VALLES,LOS VALLES - PADRE HURTADO,0, , ,BIDIRECCIONAL,ASFALTO,BUENO,SECO,DESPEJADO,0,0,0,1,13,134,13401,Metropolitana de Santiago,Maipo,San Bernardo,Interseccion,"LOS VALLES & PADRE HURTADO, San Bernardo",-33.646252,-70.66571
-7862519.79105841,-3970639.37349421,3617,2023,1505136,2023/01/23 00:00:00+00,Enero,23,Lunes,1899/12/30 00:00:00+00,22:50:00,22,REGION METROPOLITANA,LA PINTANA,VOLCADURA,VOLCADURA,URBANA,CRUCE CON SEMAFORO FUNCIONANDO,VELOCIDAD IMPRUDENTE,VELOCIDAD NO RAZONABLE NI PRUDENTE,STA ROSA,OBSERVATORIO,OBSERVATORIO - STA ROSA,0, , ,BIDIRECCIONAL CON BANDEJON,ASFALTO,BUENO,SECO,DESPEJADO,0,0,0,1,13,131,13112,Metropolitana de Santiago,Santiago,La Pintana,Interseccion,"OBSERVATORIO & STA ROSA, La Pintana",-33.565739,-70.630217
-8082675.31503332,-4745072.08418431,3618,2023,1574833,2023/11/29 00:00:00+00,Noviembre,29,Miércoles,1899/12/30 00:00:00+00,17:38:00,17,REGION ARAUCANIA,GORBEA,VOLCADURA,VOLCADURA,RURAL,TRAMO DE VIA RECTA,VELOCIDAD IMPRUDENTE,VELOCIDAD NO RAZONABLE NI PRUDENTE, , , ,0,RUTA 5 SUR,726,BIDIRECCIONAL CON BANDEJON,ASFALTO,BUENO,SECO,DESPEJADO,0,1,0,0,09,091,09107,La Araucanía,Cautín,Gorbea,Ruta,RUTA 5 SUR km 726,-39.163175,-72.607908
-7927117.96835301,-3492687.05896521,3619,2023,1512480,2023/02/22 00:00:00+00,Febrero,22,Miércoles,1899/12/30 00:00:00+00,08:45:00,8,REGION COQUIMBO,LA SERENA,VOLCADURA,VOLCADURA,URBANA,TRAMO DE VIA RECTA,VELOCIDAD IMPRUDENTE,"VELOCIDAD NO REDUCIR CRUCE DE CALLES, CUMBRE, CURVA, ETC.",COLO COLO,PANORAMICA,COLO COLO - PANORAMICA,0, , ,UNIDIRECCIONAL,ASFALTO,REGULAR,GRAVILLA,DESPEJADO,0,0,1,0,04,041,04101,Coquimbo,Elqui,La Serena,Interseccion,"COLO COLO & PANORAMICA, La Serena",-29.915456,-71.210512
-7859586.74511499,-3953535.27036887,3620,2023,1506202,2023/01/24 00:00:00+00,Enero,24,Martes,1899/12/30 00:00:00+00,00:00:00,0,REGION METROPOLITANA,PROVIDENCIA,COLISION POR ALCANCE,COLISION,URBANA,CRUCE CON SEMAFORO FUNCIONANDO,IMPRUDENCIA DEL CONDUCTOR,CONDUCCION SIN MANTENER DISTANCIA RAZONABLE NI PRUDENTE,RICARDO LYON,FRANCISCO BILBAO,FRANCISCO BILBAO - RICARDO LYON,0, , ,UNIDIRECCIONAL,CONCRETO,BUENO,SECO,DESPEJADO,0,0,0,0,13,131,13123,Metropolitana de Santiago,Santiago,Providencia,Interseccion,"FRANCISCO BILBAO & RICARDO LYON, Providencia",-33.437616,-70.603869
-7866945.96533184,-3959297.93369883,3621,2023,1521663,2023/03/21 00:00:00+00,Marzo,21,Martes,1899/12/30 00:00:00+00,09:50:00,9,REGION METROPOLITANA,PEDRO AGUIRRE CERDA,COLISION LATERAL,COLISION,URBANA,CRUCE CON SEÑAL PARE,DESOBEDIENCIA A SEÑALIZACION,SEÑALIZACION DESOBEDECER SEÑAL PARE,CLOTARIO BLEST,ENRIQUE MATTE,CLOTARIO BLEST - ENRIQUE MATTE,0, , ,BIDIRECCIONAL,ASFALTO,BUENO,SECO,DESPEJADO,0,0,0,0,13,131,13121,Metropolitana de Santiago,Santiago,Pedro Aguirre Cerda,Interseccion,"CLOTARIO BLEST & ENRIQUE MATTE, Pedro Aguirre Cerda",-33.480804,-70.669978
-7859586.74511499,-3953535.27036887,3622,2023,1506391,2023/01/24 00:00:00+00,Enero,24,Martes,1899/12/30 00:00:00+00,00:00:00,0,REGION METROPOLITANA,PROVIDENCIA,COLISION FRONTAL,COLISION,URBANA,TRAMO DE VIA RECTA,IMPRUDENCIA DEL CONDUCTOR,VIRAJES INDEBIDOS,RICARDO LYON,FRANCISCO BILBAO,FRANCISCO BILBAO - RICARDO LYON,0, , ,BIDIRECCIONAL,ASFALTO,BUENO,SECO,DESPEJADO,0,0,0,0,13,131,13123,Metropolitana de Santiago,Santiago,Providencia,Interseccion,"FRANCISCO BILBAO & RICARDO LYON, Providencia",-33.437616,-70.603869
-7708663.67173894,-6975328.10006551,3623,2023,1576783,2023/11/30 00:00:00+00,Noviembre,30,Jueves,1899/12/30 00:00:00+00,14:20:00,14,REGION MAGALLANES Y ANTARTICA CHILENA,PRIMAVERA,OTRO TIPO,OTRO TIPO,RURAL,TRAMO DE VIA RECTA,VELOCIDAD IMPRUDENTE,VELOCIDAD NO RAZONABLE NI PRUDENTE, , , ,0,Y-725,6,BIDIRECCIONAL,ASFALTO,BUENO,SECO,DESPEJADO,0,1,0,0,12,123,12302,Magallanes y de la Antártica Chilena,Tierra del Fuego,Primavera,Ruta,Y-725 km 6,-52.958516,-69.248104
-8040960.90431089,-4765186.90219281,3624,2023,1576167,2023/12/01 00:00:00+00,Diciembre,1,Viernes,1899/12/30 00:00:00+00,09:15:00,9,REGION ARAUCANIA,VILLARRICA,VOLCADURA,VOLCADURA,RURAL,TRAMO DE VIA CURVA HORIZONTAL,VELOCIDAD IMPRUDENTE,VELOCIDAD NO RAZONABLE NI PRUDENTE, , , ,0,"S-95-T, T-241, T-243, T-95-S",2,BIDIRECCIONAL,ASFALTO,BUENO,MOJADO,LLUVIA,0,0,0,1,09,091,09120,La Araucanía,Cautín,Villarrica,Ruta,"S-95-T, T-241, T-243, T-95-S km 2",-39.303137,-72.233181
-7859544.88898646,-3951319.59450038,3625,2023,1512434,2023/02/22 00:00:00+00,Febrero,22,Miércoles,1899/12/30 00:00:00+00,09:20:00,9,REGION METROPOLITANA,PROVIDENCIA,CHOQUE POSTERIOR/POSTERIOR,CHOQUE,URBANA,TRAMO DE VIA RECTA,IMPRUDENCIA DEL CONDUCTOR,CONDUCCION NO ATENTO CONDICIONES TRANSITO MOMENTO,HOLANDA,SAN PIO X,HOLANDA - SAN PIO X,0, , ,UNIDIRECCIONAL,ASFALTO,BUENO,SECO,DESPEJADO,0,0,0,1,13,131,13123,Metropolitana de Santiago,Santiago,Providencia,Interseccion,"HOLANDA & SAN PIO X, Providencia",-33.421005,-70.603493
-7836099.4791261,-2710645.42373795,3626,2023,1505251,2023/01/24 00:00:00+00,Enero,24,Martes,1899/12/30 00:00:00+00,03:00:00,3,REGION ANTOFAGASTA,ANTOFAGASTA,COLISION,COLISION,URBANA,TRAMO DE VIA RECTA,ALCOHOL EN CONDUCTOR,CONDUCCION EN ESTADO DE EBRIEDAD,JOSE SANTOS OSSA,ARGENTINA,ARGENTINA - JOSE SANTOS OSSA,0, , ,UNIDIRECCIONAL,ASFALTO,BUENO,SECO,DESPEJADO,0,0,0,0,02,021,02101,Antofagasta,Antofagasta,Antofagasta,Interseccion,"ARGENTINA & JOSE SANTOS OSSA, Antofagasta",-23.648591,-70.392879
-7858218.54783312,-3880520.33142946,3627,2023,1575679,2023/12/02 00:00:00+00,Diciembre,2,Sábado,1899/12/30 00:00:00+00,19:00:00,19,REGION VALPARAISO,CALLE LARGA,COLISION PERPENDICULAR,COLISION,RURAL,TRAMO DE VIA RECTA,VELOCIDAD IMPRUDENTE,VELOCIDAD NO RAZONABLE NI PRUDENTE, , , ,0,RUTA 57,"65,8",BIDIRECCIONAL,ASFALTO,BUENO,SECO,DESPEJADO,0,1,0,1,05,053,05302,Valparaíso,Los Andes,Calle Larga,Ruta,"RUTA 57 km 65,8",-32.888551,-70.591578
-7930632.95920958,-3496733.22397223,3628,2023,1512166,2023/02/22 00:00:00+00,Febrero,22,Miércoles,1899/12/30 00:00:00+00,10:30:00,10,REGION COQUIMBO,LA SERENA,COLISION PERPENDICULAR,COLISION,URBANA,CRUCE CON SEÑAL PARE,DESOBEDIENCIA A SEÑALIZACION,SEÑALIZACION DESOBEDECER SEÑAL PARE,LOS ARRAYANES,GUILLERMO ULRIKSEN,GUILLERMO ULRIKSEN - LOS ARRAYANES,0, , ,BIDIRECCIONAL,ASFALTO,BUENO,SECO,DESPEJADO,0,1,0,0,04,041,04101,Coquimbo,Elqui,La Serena,Interseccion,"GUILLERMO ULRIKSEN & LOS ARRAYANES, La Serena",-29.946955,-71.242088
-7862484.05750187,-3963519.4109802,3629,2023,1519447,2023/03/21 00:00:00+00,Marzo,21,Martes,1899/12/30 00:00:00+00,10:30:00,10,REGION METROPOLITANA,SAN JOAQUIN,COLISION PERPENDICULAR,COLISION,URBANA,CRUCE CON SEÑAL PARE,IMPRUDENCIA DEL CONDUCTOR,CONDUCCION NO ATENTO CONDICIONES TRANSITO MOMENTO,VARAS MENA,PINTOR DURERO,PINTOR DURERO - VARAS MENA,0, , ,BIDIRECCIONAL,ASFALTO,BUENO,SECO,DESPEJADO,0,0,1,0,13,131,13129,Metropolitana de Santiago,Santiago,San Joaquín,Interseccion,"PINTOR DURERO & VARAS MENA, San Joaquín",-33.512428,-70.629896
-8139603.79975806,-4949940.22977287,3630,2023,1506087,2023/01/24 00:00:00+00,Enero,24,Martes,1899/12/30 00:00:00+00,07:40:00,7,REGION LOS LAGOS,OSORNO,COLISION,COLISION,URBANA,TRAMO DE VIA RECTA,VELOCIDAD IMPRUDENTE,"VELOCIDAD NO REDUCIR CRUCE DE CALLES, CUMBRE, CURVA, ETC.",BRASIL,JUAN MACKENNA,BRASIL - JUAN MACKENNA,0, , ,UNIDIRECCIONAL,CONCRETO,BUENO,SECO,DESPEJADO,0,0,1,0,10,103,10301,Los Lagos,Osorno,Osorno,Interseccion,"BRASIL & JUAN MACKENNA, Osorno",-40.575582,-73.119305
-7998721.82828627,-4117874.94934605,3631,2023,1575799,2023/12/02 00:00:00+00,Diciembre,2,Sábado,1899/12/30 00:00:00+00,19:10:00,19,REGION LIB.B.O'HIGGINS,PAREDONES,VOLCADURA,VOLCADURA,RURAL,TRAMO DE VIA RECTA,VELOCIDAD IMPRUDENTE,VELOCIDAD NO RAZONABLE NI PRUDENTE, , , ,0,I-72,56,BIDIRECCIONAL,ASFALTO,BUENO,SECO,DESPEJADO,0,0,0,0,06,062,06206,Libertador General Bernardo O'Higgins,Cardenal Caro,Paredones,Ruta,I-72 km 56,-34.660761,-71.853741
-7869624.98019728,-3956485.62807767,3632,2023,1528188,2023/01/24 00:00:00+00,Enero,24,Martes,1899/12/30 00:00:00+00,08:15:00,8,REGION METROPOLITANA,ESTACION CENTRAL,COLISION LATERAL,COLISION,URBANA,TRAMO DE VIA RECTA,IMPRUDENCIA DEL CONDUCTOR,CONDUCCION CAMBIAR SORPRESIVAMENTE PISTA CIRCULACION,5 DE ABRIL,CONCON,5 DE ABRIL - CONCON,0, , ,BIDIRECCIONAL,ASFALTO,BUENO,SECO,DESPEJADO,0,0,0,1,13,131,13106,Metropolitana de Santiago,Santiago,Estación Central,Interseccion,"5 DE ABRIL & CONCON, Estación Central",-33.45973,-70.694044
-7823816.11916879,-3174139.46162064,3633,2023,1519256,2023/03/21 00:00:00+00,Marzo,21,Martes,1899/12/30 00:00:00+00,13:50:00,13,REGION ATACAMA,COPIAPO,COLISION LATERAL,COLISION,URBANA,CRUCE SIN SEÑALIZACION,IMPRUDENCIA DEL CONDUCTOR,CONDUCCION NO ATENTO CONDICIONES TRANSITO MOMENTO,LLANOS DE VARAS,IGNACIO CARRERA PINTO,IGNACIO CARRERA PINTO - LLANOS DE VARAS,0, , ,UNIDIRECCIONAL,ASFALTO,BUENO,SECO,DESPEJADO,0,0,0,0,03,031,03101,Atacama,Copiapó,Copiapó,Interseccion,"IGNACIO CARRERA PINTO & LLANOS DE VARAS, Copiapó",-27.404813,-70.282536
-7864899.91309107,-3952871.4968382,3634,2023,1506501,2023/01/24 00:00:00+00,Enero,24,Martes,1899/12/30 00:00:00+00,15:00:00,15,REGION METROPOLITANA,SANTIAGO,CHOQUE FRENTE/POSTERIOR,CHOQUE,URBANA,CRUCE CON SEMAFORO FUNCIONANDO,IMPRUDENCIA DEL CONDUCTOR,CONDUCCION NO ATENTO CONDICIONES TRANSITO MOMENTO,CARD JOSE MARIA CARO,PUENTE LA PAZ,CARD JOSE MARIA CARO - PUENTE LA PAZ,0, , ,UNIDIRECCIONAL,ASFALTO,BUENO,SECO,DESPEJADO,0,0,0,1,13,131,13101,Metropolitana de Santiago,Santiago,Santiago,Interseccion,"CARD JOSE MARIA CARO & PUENTE LA PAZ, Santiago",-33.43264,-70.651598
-7888404.96787892,-4067507.26699862,3635,2023,1576319,2023/12/02 00:00:00+00,Diciembre,2,Sábado,1899/12/30 00:00:00+00,23:00:00,23,REGION LIB.B.O'HIGGINS,REQUINOA,IMPACTO CON ANIMAL,OTRO TIPO,RURAL,TRAMO DE VIA RECTA,DEFICIENCIAS VIALES,ANIMALES SUELTOS VIA PUBLICA, , , ,0,H-450,"4,5",BIDIRECCIONAL,CONCRETO,BUENO,SECO,DESPEJADO,0,1,0,0,06,061,06116,Libertador General Bernardo O'Higgins,Cachapoal,Requínoa,Ruta,"H-450 km 4,5",-34.287763,-70.862747
-8025660.87592111,-4385702.48148433,3636,2023,1518069,2023/03/21 00:00:00+00,Marzo,21,Martes,1899/12/30 00:00:00+00,17:00:00,17,REGION ÑUBLE,CHILLAN,VOLCADURA,VOLCADURA,URBANA,TRAMO DE VIA RECTA,IMPRUDENCIA DEL CONDUCTOR,CONDUCCION CAMBIAR SORPRESIVAMENTE PISTA CIRCULACION,ARGENTINA,PUREN,ARGENTINA - PUREN,0, , ,BIDIRECCIONAL CON BANDEJON,CONCRETO,BUENO,SECO,DESPEJADO,0,0,0,0,16,161,16101,Ñuble,Diguillín,Chillán,Interseccion,"ARGENTINA & PUREN, Chillán",-36.615899,-72.095738
-7883880.22022979,-3971547.86497691,3637,2023,1514527,2023/02/22 00:00:00+00,Febrero,22,Miércoles,1899/12/30 00:00:00+00,13:00:00,13,REGION METROPOLITANA,PADRE HURTADO,VOLCADURA,VOLCADURA,URBANA,TRAMO DE VIA RECTA,IMPRUDENCIA DEL CONDUCTOR,CONDUCCION NO ATENTO CONDICIONES TRANSITO MOMENTO,CAMINO BAJOS DE SANTA CRUZ,CALLE NUEVA,CALLE NUEVA - CAMINO BAJOS DE SANTA CRUZ,0, , ,BIDIRECCIONAL,ASFALTO,BUENO,SECO,DESPEJADO,0,0,0,1,13,136,13604,Metropolitana de Santiago,Talagante,Padre Hurtado,Interseccion,"CALLE NUEVA & CAMINO BAJOS DE SANTA CRUZ, Padre Hurtado",-33.572539,-70.822101
-7996383.10399076,-4320863.975997,3638,2023,1507724,2023/01/24 00:00:00+00,Enero,24,Martes,1899/12/30 00:00:00+00,16:00:00,16,REGION MAULE,PARRAL,CHOQUE,CHOQUE,URBANA,CRUCE CON SEÑAL PARE,VELOCIDAD IMPRUDENTE,"VELOCIDAD NO REDUCIR CRUCE DE CALLES, CUMBRE, CURVA, ETC.",2 SUR,BOSQUE,2 SUR - BOSQUE,0, , ,BIDIRECCIONAL,ASFALTO,BUENO,SECO,DESPEJADO,0,0,1,0,07,074,07404,Maule,Linares,Parral,Interseccion,"2 SUR & BOSQUE, Parral",-36.146976,-71.832732
-8039300.93463614,-4771343.44116732,3639,2023,1576265,2023/12/03 00:00:00+00,Diciembre,3,Domingo,1899/12/30 00:00:00+00,09:05:00,9,REGION ARAUCANIA,VILLARRICA,COLISION POR ALCANCE,COLISION,RURAL,TRAMO DE VIA RECTA,IMPRUDENCIA DEL CONDUCTOR,CONDUCCION CAMBIAR SORPRESIVAMENTE PISTA CIRCULACION, , , ,0,"S-95-T, T-241, T-243, T-95-S",7,BIDIRECCIONAL,ASFALTO,BUENO,SECO,DESPEJADO,0,0,0,2,09,091,09120,La Araucanía,Cautín,Villarrica,Ruta,"S-95-T, T-241, T-243, T-95-S km 7",-39.34592,-72.218269
-7931039.38669274,-3823499.08277947,3640,2023,1506665,2023/01/24 00:00:00+00,Enero,24,Martes,1899/12/30 00:00:00+00,16:25:00,16,REGION VALPARAISO,LA LIGUA,COLISION,COLISION,URBANA,TRAMO DE VIA RECTA,IMPRUDENCIA DEL CONDUCTOR,CONDUCCION NO ATENTO CONDICIONES TRANSITO MOMENTO,MARCELA PAZ,FRANCISCO COLOANE,FRANCISCO COLOANE - MARCELA PAZ,0, , ,BIDIRECCIONAL,ASFALTO,BUENO,SECO,DESPEJADO,0,0,0,0,05,054,05401,Valparaíso,Petorca,La Ligua,Interseccion,"FRANCISCO COLOANE & MARCELA PAZ, La Ligua",-32.457375,-71.245739
-7872977.92325997,-3930508.70480959,3641,2023,1513877,2023/02/22 00:00:00+00,Febrero,22,Miércoles,1899/12/30 00:00:00+00,14:45:00,14,REGION METROPOLITANA,COLINA,VOLCADURA,VOLCADURA,URBANA,TRAMO DE VIA RECTA,IMPRUDENCIA DEL CONDUCTOR,CONDUCCION NO ATENTO CONDICIONES TRANSITO MOMENTO,LAS ENCINAS,LO PINTO,LAS ENCINAS - LO PINTO,0, , ,BIDIRECCIONAL,ASFALTO,BUENO,SECO,DESPEJADO,0,0,0,1,13,133,13301,Metropolitana de Santiago,Chacabuco,Colina,Interseccion,"LAS ENCINAS & LO PINTO, Colina",-33.26483,-70.724164
-7865537.99641229,-3954626.92444903,3642,2023,1521304,2023/03/21 00:00:00+00,Marzo,21,Martes,1899/12/30 00:00:00+00,19:00:00,19,REGION METROPOLITANA,SANTIAGO,ATROPELLO,ATROPELLO,URBANA,CRUCE CON SEMAFORO FUNCIONANDO,IMPRUDENCIA DEL CONDUCTOR,NO RESPETAR DERECHO PREFERENTE DE PASO A PEATON,LIBER BERNARDO O'HIGGINS,SAN IGNACIO DE LOYOLA,LIBER BERNARDO O'HIGGINS - SAN IGNACIO DE LOYOLA,0, , ,UNIDIRECCIONAL,CONCRETO,BUENO,SECO,DESPEJADO,0,0,0,1,13,131,13101,Metropolitana de Santiago,Santiago,Santiago,Interseccion,"LIBER BERNARDO O'HIGGINS & SAN IGNACIO DE LOYOLA, Santiago",-33.445799,-70.65733
-7932153.15684414,-3487808.6183351,3643,2023,1576198,2023/12/03 00:00:00+00,Diciembre,3,Domingo,1899/12/30 00:00:00+00,16:20:00,16,REGION COQUIMBO,LA SERENA,CHOQUE FRENTE/LADO,CHOQUE,RURAL,TRAMO DE VIA RECTA,FALLAS MECANICAS,FALLAS MECANICAS FRENOS, , , ,0,RUTA 5 NORTE,473,BIDIRECCIONAL CON BANDEJON,ASFALTO,BUENO,SECO,DESPEJADO,0,0,0,0,04,041,04101,Coquimbo,Elqui,La Serena,Ruta,RUTA 5 NORTE km 473,-29.877463,-71.255744