X,Y,FID,Año,IdAccident,Fecha,Mes,Dia_mes,Dia_semana,Hora,Hora_texto,Hora_aprox,Región,Comuna,Tipo_Accid,Tipo__CONA,Zona,Ubicación,Causa__CON,Causa_Acci,Calle_Uno,Calle_Dos,Intersecci,Número,Ruta,Ubicaci_1,Calzada,Tipo_Calza,Estado_Cal,Condición,Estado_Atm,Fallecidos,Graves,Menos_Grav,Leves,CUT_REG,CUT_PROV,CUT_COM,REGION,PROVINCIA,COMUNA1,Tipo_direc,Direccion,Lat,Lon
-7976133.35652283,-4222915.02051852,3644,2023,1512297,2023/02/22 00:00:00+00,Febrero,22,Miércoles,1899/12/30 00:00:00+00,16:15:00,16,REGION MAULE,TALCA,COLISION LATERAL,COLISION,URBANA,TRAMO DE VIA RECTA,IMPRUDENCIA DEL CONDUCTOR,CONDUCCION NO ATENTO CONDICIONES TRANSITO MOMENTO,PRESIDENTE SALVADOR ALLENDE,5 SUR,5 SUR - PRESIDENTE SALVADOR ALLENDE,0, , ,UNIDIRECCIONAL,CONCRETO,BUENO,SECO,DESPEJADO,0,1,0,0,07,071,07101,Maule,Talca,Talca,Interseccion,"5 SUR & PRESIDENTE SALVADOR ALLENDE, Talca",-35.43325,-71.650825
-8086080.4980176,-4686431.52623805,3645,2023,1505535,2023/01/24 00:00:00+00,Enero,24,Martes,1899/12/30 00:00:00+00,18:30:00,18,REGION ARAUCANIA,TEMUCO,COLISION LATERAL,COLISION,URBANA,TRAMO DE VIA RECTA,IMPRUDENCIA DEL CONDUCTOR,CONDUCCION NO ATENTO CONDICIONES TRANSITO MOMENTO,JAVIERA CARRERA,ALTAIR,ALTAIR - JAVIERA CARRERA,0, , ,BIDIRECCIONAL CON BANDEJON,CONCRETO,BUENO,SECO,DESPEJADO,0,1,0,0,09,091,09101,La Araucanía,Cautín,Temuco,Interseccion,"ALTAIR & JAVIERA CARRERA, Temuco",-38.753554,-72.638497
-7874772.72741003,-3960810.72832508,3646,2023,1519093,2023/03/21 00:00:00+00,Marzo,21,Martes,1899/12/30 00:00:00+00,20:30:00,20,REGION METROPOLITANA,MAIPU,VOLCADURA,VOLCADURA,URBANA,TRAMO DE VIA RECTA,IMPRUDENCIA DEL CONDUCTOR,CONDUCCION NO ATENTO CONDICIONES TRANSITO MOMENTO,PRIMO DE RIVERA,LONGOTOMA,LONGOTOMA - PRIMO DE RIVERA,0, , ,BIDIRECCIONAL,ASFALTO,BUENO,SECO,DESPEJADO,0,1,0,0,13,131,13119,Metropolitana de Santiago,Santiago,Maipú,Interseccion,"LONGOTOMA & PRIMO DE RIVERA, Maipú",-33.492138,-70.740287
-8042264.25991521,-5698950.09978251,3647,2023,1575844,2023/12/03 00:00:00+00,Diciembre,3,Domingo,1899/12/30 00:00:00+00,16:40:00,16,REGION AYSEN DEL GRL. CARLOS IBAÑEZ DEL CAMPO,AYSEN,VOLCADURA,VOLCADURA,RURAL,TRAMO DE VIA RECTA,VELOCIDAD IMPRUDENTE,VELOCIDAD NO RAZONABLE NI PRUDENTE, , , ,0,240 CH,12,BIDIRECCIONAL,ASFALTO,BUENO,SECO,DESPEJADO,0,1,0,0,11,112,11201,Aysén del General Carlos Ibáñez del Campo,Aisén,Aisén,Ruta,240 CH km 12,-45.489719,-72.244889
-7965279.92616007,-4281665.98181731,3648,2023,1511729,2023/02/22 00:00:00+00,Febrero,22,Miércoles,1899/12/30 00:00:00+00,17:30:00,17,REGION MAULE,LINARES,VOLCADURA,VOLCADURA,URBANA,TRAMO DE VIA RECTA,IMPRUDENCIA DEL CONDUCTOR,ADELANTAMIENTO SIN EL ESPACIO O TIEMPO SUFICIENTE,EL ALMENDRO,BALLICA NORTE,BALLICA NORTE - EL ALMENDRO,0, , ,BIDIRECCIONAL,ASFALTO,REGULAR,SECO,DESPEJADO,0,0,0,1,07,074,07401,Maule,Linares,Linares,Interseccion,"BALLICA NORTE & EL ALMENDRO, Linares",-35.862121,-71.553327
-8048986.33005778,-4224513.77515514,3649,2023,1578606,2023/12/03 00:00:00+00,Diciembre,3,Domingo,1899/12/30 00:00:00+00,19:40:00,19,REGION MAULE,CONSTITUCION,CHOQUE,CHOQUE,RURAL,TRAMO DE VIA RECTA,IMPRUDENCIA DEL CONDUCTOR,CONDUCCION NO ATENTO CONDICIONES TRANSITO MOMENTO, , , ,0,L-30-M,65,BIDIRECCIONAL,CONCRETO,BUENO,SECO,DESPEJADO,0,1,0,0,07,071,07102,Maule,Talca,Constitución,Ruta,L-30-M km 65,-35.444951,-72.305274
-7854550.76267099,-3973550.94071604,3650,2023,1505422,2023/01/24 00:00:00+00,Enero,24,Martes,1899/12/30 00:00:00+00,18:50:00,18,REGION METROPOLITANA,PUENTE ALTO,COLISION LATERAL,COLISION,URBANA,TRAMO DE VIA RECTA,IMPRUDENCIA DEL CONDUCTOR,CONDUCCION NO ATENTO CONDICIONES TRANSITO MOMENTO,TRONCAL SAN FRANCISCO,ANGEL PIMENTEL,ANGEL PIMENTEL - TRONCAL SAN FRANCISCO,0, , ,BIDIRECCIONAL,CONCRETO,BUENO,SECO,DESPEJADO,0,1,0,0,13,132,13201,Metropolitana de Santiago,Cordillera,Puente Alto,Interseccion,"ANGEL PIMENTEL & TRONCAL SAN FRANCISCO, Puente Alto",-33.58753,-70.55863
-8122633.81711445,-4396253.39355986,3651,2023,1576334,2023/12/04 00:00:00+00,Diciembre,4,Lunes,1899/12/30 00:00:00+00,21:00:00,21,REGION BIO BIO,TOME,VOLCADURA,VOLCADURA,RURAL,TRAMO DE VIA CURVA VERTICAL,VELOCIDAD IMPRUDENTE,VELOCIDAD NO RAZONABLE NI PRUDENTE, , , ,0,RUTA 150,15,BIDIRECCIONAL,CONCRETO,BUENO,SECO,DESPEJADO,0,1,0,1,08,081,08111,Biobío,Concepción,Tomé,Ruta,RUTA 150 km 15,-36.691937,-72.966861
-8170620.52683881,-4551486.77246573,3652,2023,1518517,2023/03/21 00:00:00+00,Marzo,21,Martes,1899/12/30 00:00:00+00,22:19:00,22,REGION BIO BIO,CAÑETE,COLISION,COLISION,URBANA,TRAMO DE VIA RECTA,IMPRUDENCIA DEL CONDUCTOR,CONDUCCION NO ATENTO CONDICIONES TRANSITO MOMENTO,COVADONGA,SEGUNDO DE LINEA,COVADONGA - SEGUNDO DE LINEA,0, , ,UNIDIRECCIONAL,ASFALTO,BUENO,SECO,DESPEJADO,0,1,0,0,08,082,08203,Biobío,Arauco,Cañete,Interseccion,"COVADONGA & SEGUNDO DE LINEA, Cañete",-37.801958,-73.397933
-7871996.53062914,-3952781.32475323,3653,2023,1512577,2023/02/22 00:00:00+00,Febrero,22,Miércoles,1899/12/30 00:00:00+00,18:10:00,18,REGION METROPOLITANA,QUINTA NORMAL,COLISION LATERAL,COLISION,URBANA,TRAMO DE VIA RECTA,IMPRUDENCIA DEL CONDUCTOR,ADELANTAMIENTO SOBREPASANDO LINEA CONTINUA,JOSE JOAQUIN PEREZ,CALLE 2,CALLE 2 - JOSE JOAQUIN PEREZ,0, , ,UNIDIRECCIONAL,ASFALTO,REGULAR,SECO,DESPEJADO,0,0,0,0,13,131,13126,Metropolitana de Santiago,Santiago,Quinta Normal,Interseccion,"CALLE 2 & JOSE JOAQUIN PEREZ, Quinta Normal",-33.431964,-70.715348
-7865316.02089487,-3951583.5987133,3654,2023,1506757,2023/01/24 00:00:00+00,Enero,24,Martes,1899/12/30 00:00:00+00,19:20:00,19,REGION METROPOLITANA,INDEPENDENCIA,COLISION LATERAL,COLISION,URBANA,CRUCE CON SEMAFORO FUNCIONANDO,DESOBEDIENCIA A SEÑALIZACION,SEÑALIZACION DESOBEDECER LUZ INTERMITENTE SEMAFORO,INDEPENDENCIA,OLIVOS,INDEPENDENCIA - OLIVOS,0, , ,UNIDIRECCIONAL,ASFALTO,BUENO,SECO,DESPEJADO,0,0,0,1,13,131,13108,Metropolitana de Santiago,Santiago,Independencia,Interseccion,"INDEPENDENCIA & OLIVOS, Independencia",-33.422984,-70.655336
-8211768.73961383,-5255934.54474183,3655,2023,1577174,2023/12/05 00:00:00+00,Diciembre,5,Martes,1899/12/30 00:00:00+00,07:45:00,7,REGION LOS LAGOS,CHONCHI,COLISION PERPENDICULAR,COLISION,RURAL,TRAMO DE VIA CURVA HORIZONTAL,IMPRUDENCIA DEL CONDUCTOR,NO RESPETAR DERECHO PREFERENTE DE PASO A VEHICULO, , , ,0,"W-795, W-853","3,8",BIDIRECCIONAL,ASFALTO,BUENO,SECO,DESPEJADO,0,0,1,0,10,102,10203,Los Lagos,Chiloé,Chonchi,Ruta,"W-795, W-853 km 3,8",-42.63074,-73.767574
-7864619.83325223,-3964061.0902025,3656,2023,1512055,2023/02/22 00:00:00+00,Febrero,22,Miércoles,1899/12/30 00:00:00+00,18:30:00,18,REGION METROPOLITANA,LA CISTERNA,COLISION PERPENDICULAR,COLISION,URBANA,CRUCE CON SEÑAL PARE,DESOBEDIENCIA A SEÑALIZACION,SEÑALIZACION DESOBEDECER SEÑAL PARE,LO OVALLE,IQUIQUE,IQUIQUE - LO OVALLE,0, , ,BIDIRECCIONAL,CONCRETO,BUENO,SECO,DESPEJADO,0,0,0,1,13,131,13109,Metropolitana de Santiago,Santiago,La Cisterna,Interseccion,"IQUIQUE & LO OVALLE, La Cisterna",-33.516485,-70.649082
-7867473.57519041,-3960440.2929009,3657,2023,1518154,2023/03/22 00:00:00+00,Marzo,22,Miércoles,1899/12/30 00:00:00+00,01:25:00,1,REGION METROPOLITANA,CONCHALI,COLISION PERPENDICULAR,COLISION,URBANA,CRUCE CON SEMAFORO FUNCIONANDO,VELOCIDAD IMPRUDENTE,VELOCIDAD NO RAZONABLE NI PRUDENTE,INDEPENDENCIA,CARD JOSE MARIA CARO,CARD JOSE MARIA CARO - INDEPENDENCIA,0, , ,BIDIRECCIONAL CON BANDEJON,CONCRETO,BUENO,SECO,DESPEJADO,3,0,0,0,13,131,13104,Metropolitana de Santiago,Santiago,Conchalí,Interseccion,"CARD JOSE MARIA CARO & INDEPENDENCIA, Conchalí",-33.489363,-70.674718
-7862951.49365421,-3959070.01064175,3658,2023,1505714,2023/01/24 00:00:00+00,Enero,24,Martes,1899/12/30 00:00:00+00,20:00:00,20,REGION METROPOLITANA,SAN JOAQUIN,COLISION LATERAL,COLISION,URBANA,TRAMO DE VIA RECTA,IMPRUDENCIA DEL CONDUCTOR,CONDUCCION CAMBIAR SORPRESIVAMENTE PISTA CIRCULACION,ISABEL RIQUELME,CARMEN,CARMEN - ISABEL RIQUELME,0, , ,UNIDIRECCIONAL,ASFALTO,BUENO,SECO,DESPEJADO,0,1,0,0,13,131,13129,Metropolitana de Santiago,Santiago,San Joaquín,Interseccion,"CARMEN & ISABEL RIQUELME, San Joaquín",-33.479096,-70.634095
-8091001.45515608,-4687608.83212732,3659,2023,1576381,2023/12/05 00:00:00+00,Diciembre,5,Martes,1899/12/30 00:00:00+00,19:30:00,19,REGION ARAUCANIA,TEMUCO,VOLCADURA,VOLCADURA,RURAL,TRAMO DE VIA RECTA,VELOCIDAD IMPRUDENTE,VELOCIDAD NO RAZONABLE NI PRUDENTE, , , ,0,"S-30, S-40",7,BIDIRECCIONAL CON BANDEJON,ASFALTO,BUENO,SECO,DESPEJADO,0,0,0,1,09,091,09101,La Araucanía,Cautín,Temuco,Ruta,"S-30, S-40 km 7",-38.761801,-72.682703
-7970023.47234628,-4281097.46898661,3660,2023,1518524,2023/03/22 00:00:00+00,Marzo,22,Miércoles,1899/12/30 00:00:00+00,07:55:00,7,REGION MAULE,LINARES,COLISION LATERAL,COLISION,URBANA,TRAMO DE VIA RECTA,IMPRUDENCIA DEL CONDUCTOR,CONDUCCION NO ATENTO CONDICIONES TRANSITO MOMENTO,CIRCUNVALACION NORTE,BANDERA,BANDERA - CIRCUNVALACION NORTE,0, , ,BIDIRECCIONAL,ASFALTO,BUENO,SECO,DESPEJADO,0,0,0,1,07,074,07401,Maule,Linares,Linares,Interseccion,"BANDERA & CIRCUNVALACION NORTE, Linares",-35.857982,-71.595939
-7673200.26933093,-2565979.6074076,3661,2023,1511696,2023/02/22 00:00:00+00,Febrero,22,Miércoles,1899/12/30 00:00:00+00,19:15:00,19,REGION ANTOFAGASTA,CALAMA,COLISION,COLISION,URBANA,TRAMO DE VIA RECTA,DESOBEDIENCIA A SEÑALIZACION,SEÑALIZACION DESOBEDECER SEÑAL PARE,GRANADEROS,ALONSO DE ERCILLA,ALONSO DE ERCILLA - GRANADEROS,0, , ,BIDIRECCIONAL,ASFALTO,BUENO,SECO,DESPEJADO,0,1,0,0,02,022,02201,Antofagasta,El Loa,Calama,Interseccion,"ALONSO DE ERCILLA & GRANADEROS, Calama",-22.452823,-68.929531
-7903600.38895359,-4059948.21741327,3662,2023,1575960,2023/12/05 00:00:00+00,Diciembre,5,Martes,1899/12/30 00:00:00+00,23:20:00,23,REGION LIB.B.O'HIGGINS,COLTAUCO,VOLCADURA,VOLCADURA,RURAL,TRAMO DE VIA RECTA,VELOCIDAD IMPRUDENTE,VELOCIDAD NO RAZONABLE NI PRUDENTE, , , ,0,H-312,5,BIDIRECCIONAL,ASFALTO,BUENO,SECO,DESPEJADO,0,0,1,0,06,061,06104,Libertador General Bernardo O'Higgins,Cachapoal,Coltauco,Ruta,H-312 km 5,-34.23164,-70.99925
-8039827.91752107,-4762552.53080013,3663,2023,1506453,2023/01/24 00:00:00+00,Enero,24,Martes,1899/12/30 00:00:00+00,22:55:00,22,REGION ARAUCANIA,VILLARRICA,COLISION LATERAL,COLISION,URBANA,CRUCE CON SEÑAL PARE,IMPRUDENCIA DEL CONDUCTOR,CONDUCCION NO ATENTO CONDICIONES TRANSITO MOMENTO,VICENTE REYES,AVIADOR ACEVEDO,AVIADOR ACEVEDO - VICENTE REYES,0, , ,BIDIRECCIONAL,ASFALTO,BUENO,SECO,DESPEJADO,0,0,0,0,09,091,09120,La Araucanía,Cautín,Villarrica,Interseccion,"AVIADOR ACEVEDO & VICENTE REYES, Villarrica",-39.284823,-72.223003
-7963825.51478235,-3898947.95275098,3664,2023,1514109,2023/02/22 00:00:00+00,Febrero,22,Miércoles,1899/12/30 00:00:00+00,19:43:00,19,REGION VALPARAISO,VIÑA DEL MAR,COLISION POR ALCANCE,COLISION,URBANA,TRAMO DE VIA RECTA,IMPRUDENCIA DEL CONDUCTOR,CONDUCCION NO ATENTO CONDICIONES TRANSITO MOMENTO,CANCHA,LLAY LLAY,CANCHA - LLAY LLAY,0, , ,BIDIRECCIONAL,ASFALTO,BUENO,SECO,DESPEJADO,0,0,0,0,05,051,05109,Valparaíso,Valparaíso,Viña del Mar,Interseccion,"CANCHA & LLAY LLAY, Viña del Mar",-33.027449,-71.540262
-7931613.13845797,-3879586.89847181,3665,2023,1506201,2023/01/24 00:00:00+00,Enero,24,Martes,1899/12/30 00:00:00+00,23:30:00,23,REGION VALPARAISO,QUILLOTA,CHOQUE,CHOQUE,URBANA,TRAMO DE VIA RECTA,DESOBEDIENCIA A SEÑALIZACION,SEÑALIZACION DESOBEDECER SEÑAL PARE,JOSE MIGUEL CARRERA,PUDETO,JOSE MIGUEL CARRERA - PUDETO,0, , ,UNIDIRECCIONAL,ASFALTO,BUENO,SECO,DESPEJADO,0,0,0,0,05,055,05501,Valparaíso,Quillota,Quillota,Interseccion,"JOSE MIGUEL CARRERA & PUDETO, Quillota",-32.88151,-71.250893
-8135958.51380124,-4406317.87751641,3666,2023,1579298,2023/12/06 00:00:00+00,Diciembre,6,Miércoles,1899/12/30 00:00:00+00,13:00:00,13,REGION BIO BIO,TALCAHUANO,VOLCADURA,VOLCADURA,RURAL,TRAMO DE VIA RECTA,VELOCIDAD IMPRUDENTE,VELOCIDAD NO RAZONABLE NI PRUDENTE, , , ,0,RUTA 154,"7,4",BIDIRECCIONAL CON BANDEJON,CONCRETO,BUENO,SECO,DESPEJADO,0,1,0,0,08,081,08110,Biobío,Concepción,Talcahuano,Ruta,"RUTA 154 km 7,4",-36.7644,-73.086559
-7932784.31973318,-3500020.34760279,3667,2023,1511750,2023/02/22 00:00:00+00,Febrero,22,Miércoles,1899/12/30 00:00:00+00,20:50:00,20,REGION COQUIMBO,COQUIMBO,COLISION PERPENDICULAR,COLISION,URBANA,CRUCE CON SEÑAL PARE,IMPRUDENCIA DEL CONDUCTOR,"ADELANTAMIENTO EN CRUCE, CURVA, CUESTA, PUENTE",WALDO ALCALDE,PARQUE NACIONAL ALERCE ANDINO,PARQUE NACIONAL ALERCE ANDINO - WALDO ALCALDE,0, , ,BIDIRECCIONAL,ASFALTO,BUENO,SECO,DESPEJADO,0,1,0,0,04,041,04102,Coquimbo,Elqui,Coquimbo,Interseccion,"PARQUE NACIONAL ALERCE ANDINO & WALDO ALCALDE, Coquimbo",-29.972538,-71.261414
-7877698.98287564,-4049606.73763864,3668,2023,1506142,2023/01/25 00:00:00+00,Enero,25,Miércoles,1899/12/30 00:00:00+00,06:50:00,6,REGION LIB.B.O'HIGGINS,RANCAGUA,COLISION POR ALCANCE,COLISION,URBANA,CRUCE CON SEÑAL PARE,IMPRUDENCIA DEL CONDUCTOR,CONDUCCION NO ATENTO CONDICIONES TRANSITO MOMENTO,SALVADOR ALLENDE,HOSPITAL REGIONAL RANCAGUA,HOSPITAL REGIONAL RANCAGUA - SALVADOR ALLENDE,0, , ,BIDIRECCIONAL,CONCRETO,BUENO,SECO,DESPEJADO,0,1,0,0,06,061,06101,Libertador General Bernardo O'Higgins,Cachapoal,Rancagua,Interseccion,"HOSPITAL REGIONAL RANCAGUA & SALVADOR ALLENDE, Rancagua",-34.154799,-70.766574
-7864895.9055894,-3965244.14079165,3669,2023,1518648,2023/03/22 00:00:00+00,Marzo,22,Miércoles,1899/12/30 00:00:00+00,08:00:00,8,REGION METROPOLITANA,LA CISTERNA,COLISION PERPENDICULAR,COLISION,URBANA,CRUCE CON SEÑAL CEDA EL PASO,DESOBEDIENCIA A SEÑALIZACION,SEÑALIZACION DESOBEDECER SEÑAL CEDA EL PASO,ELIAS FERNANDEZ ALBANO,IQUIQUE,ELIAS FERNANDEZ ALBANO - IQUIQUE,0, , ,BIDIRECCIONAL,CONCRETO,BUENO,SECO,DESPEJADO,0,0,0,1,13,131,13109,Metropolitana de Santiago,Santiago,La Cisterna,Interseccion,"ELIAS FERNANDEZ ALBANO & IQUIQUE, La Cisterna",-33.525345,-70.651562
-8052146.08709429,-4506826.15165908,3670,2023,1506559,2023/01/25 00:00:00+00,Enero,25,Miércoles,1899/12/30 00:00:00+00,07:45:00,7,REGION BIO BIO,LOS ANGELES,CHOQUE FRENTE/POSTERIOR,CHOQUE,URBANA,CRUCE CON SEÑAL CEDA EL PASO,IMPRUDENCIA DEL CONDUCTOR,CONDUCCION NO ATENTO CONDICIONES TRANSITO MOMENTO,FRANCISCO ENCINA,LOS OMAHUACAS,FRANCISCO ENCINA - LOS OMAHUACAS,0, , ,BIDIRECCIONAL CON BANDEJON,CONCRETO,BUENO,HUMEDO,DESPEJADO,0,0,0,1,08,083,08301,Biobío,Biobío,Los Angeles,Interseccion,"FRANCISCO ENCINA & LOS OMAHUACAS, Los Angeles",-37.484282,-72.333659
-8019932.71373689,-4370994.7099304,3671,2023,1578024,2023/12/06 00:00:00+00,Diciembre,6,Miércoles,1899/12/30 00:00:00+00,19:05:00,19,REGION ÑUBLE,SAN CARLOS,COLISION LATERAL,COLISION,RURAL,TRAMO DE VIA RECTA,IMPRUDENCIA DEL CONDUCTOR,CONDUCCION NO ATENTO CONDICIONES TRANSITO MOMENTO, , , ,0,RUTA 5 SUR,390,BIDIRECCIONAL,ASFALTO,BUENO,SECO,DESPEJADO,0,0,0,1,16,163,16301,Ñuble,Punilla,San Carlos,Ruta,RUTA 5 SUR km 390,-36.509778,-72.044281
-7978891.29435802,-4221642.41987966,3672,2023,1518225,2023/03/22 00:00:00+00,Marzo,22,Miércoles,1899/12/30 00:00:00+00,08:35:00,8,REGION MAULE,TALCA,CHOQUE FRENTE/POSTERIOR,CHOQUE,URBANA,TRAMO DE VIA RECTA,IMPRUDENCIA DEL CONDUCTOR,CONDUCCION NO ATENTO CONDICIONES TRANSITO MOMENTO,PADRE GUIDO LEBRET,3 SUR,3 SUR - PADRE GUIDO LEBRET,0, , ,BIDIRECCIONAL,CONCRETO,BUENO,SECO,DESPEJADO,0,0,0,1,07,071,07101,Maule,Talca,Talca,Interseccion,"3 SUR & PADRE GUIDO LEBRET, Talca",-35.423934,-71.6756
-7962334.3556496,-3868521.48369625,3673,2023,1580463,2023/12/07 00:00:00+00,Diciembre,7,Jueves,1899/12/30 00:00:00+00,07:30:00,7,REGION VALPARAISO,QUINTERO,IMPACTO CON ANIMAL,OTRO TIPO,RURAL,TRAMO DE VIA RECTA,DEFICIENCIAS VIALES,ANIMALES SUELTOS VIA PUBLICA, , , ,0,F-210,"5,9",BIDIRECCIONAL,ASFALTO,BUENO,SECO,NUBLADO,0,0,0,1,05,051,05107,Valparaíso,Valparaíso,Quintero,Ruta,"F-210 km 5,9",-32.797993,-71.526866
-8127869.16695558,-4432523.48789045,3674,2023,1512431,2023/02/22 00:00:00+00,Febrero,22,Miércoles,1899/12/30 00:00:00+00,22:50:00,22,REGION BIO BIO,CHIGUAYANTE,CHOQUE FRENTE/POSTERIOR,CHOQUE,URBANA,CRUCE CON SEMAFORO FUNCIONANDO,VELOCIDAD IMPRUDENTE,VELOCIDAD NO RAZONABLE NI PRUDENTE,MANUEL RODRIGUEZ,ITALIA,ITALIA - MANUEL RODRIGUEZ,0, , ,BIDIRECCIONAL CON BANDEJON,CONCRETO,BUENO,SECO,DESPEJADO,0,0,1,1,08,081,08103,Biobío,Concepción,Chiguayante,Interseccion,"ITALIA & MANUEL RODRIGUEZ, Chiguayante",-36.952755,-73.013891
-7869706.04474253,-3870156.47722333,3675,2023,1578453,2023/12/08 00:00:00+00,Diciembre,8,Viernes,1899/12/30 00:00:00+00,12:45:00,12,REGION VALPARAISO,SAN FELIPE,COLISION,COLISION,RURAL,TRAMO DE VIA RECTA,VELOCIDAD IMPRUDENTE,VELOCIDAD NO RAZONABLE NI PRUDENTE, , , ,0,E-89,10,BIDIRECCIONAL,ASFALTO,BUENO,SECO,DESPEJADO,0,0,0,1,05,057,05701,Valparaíso,San Felipe de Aconcagua,San Felipe,Ruta,E-89 km 10,-32.810338,-70.694772
-7869593.254109,-3956225.03662968,3676,2023,1506315,2023/01/25 00:00:00+00,Enero,25,Miércoles,1899/12/30 00:00:00+00,07:45:00,7,REGION METROPOLITANA,ESTACION CENTRAL,COLISION POR ALCANCE,COLISION,URBANA,TRAMO DE VIA RECTA,IMPRUDENCIA DEL CONDUCTOR,CONDUCCION CAMBIAR SORPRESIVAMENTE PISTA CIRCULACION,GRAL VELASQUEZ,CRNEL SOUPER,CRNEL SOUPER - GRAL VELASQUEZ,0, , ,BIDIRECCIONAL CON BANDEJON,ASFALTO,BUENO,SECO,DESPEJADO,0,0,0,0,13,131,13106,Metropolitana de Santiago,Santiago,Estación Central,Interseccion,"CRNEL SOUPER & GRAL VELASQUEZ, Estación Central",-33.457777,-70.693759
-8083718.23082977,-4699590.90631341,3677,2023,1578099,2023/12/08 00:00:00+00,Diciembre,8,Viernes,1899/12/30 00:00:00+00,23:00:00,23,REGION ARAUCANIA,FREIRE,VOLCADURA,VOLCADURA,RURAL,TRAMO DE VIA RECTA,VELOCIDAD IMPRUDENTE,VELOCIDAD NO RAZONABLE NI PRUDENTE, , , ,0,RUTA 5 SUR,688,BIDIRECCIONAL,ASFALTO,BUENO,SECO,DESPEJADO,0,0,0,1,09,091,09105,La Araucanía,Cautín,Freire,Ruta,RUTA 5 SUR km 688,-38.845682,-72.617276
-7853124.87131343,-3976690.07331923,3678,2023,1513093,2023/02/23 00:00:00+00,Febrero,23,Jueves,1899/12/30 00:00:00+00,06:15:00,6,REGION METROPOLITANA,PUENTE ALTO,COLISION PERPENDICULAR,COLISION,URBANA,OTROS NO CONSIDERADOS,IMPRUDENCIA DEL CONDUCTOR,ADELANTAMIENTO SIN EL ESPACIO O TIEMPO SUFICIENTE,EYZAGUIRRE,LOMAS DEL PARQUE,EYZAGUIRRE - LOMAS DEL PARQUE,0, , ,BIDIRECCIONAL CON BANDEJON,ASFALTO,BUENO,SECO,DESPEJADO,0,1,0,0,13,132,13201,Metropolitana de Santiago,Cordillera,Puente Alto,Interseccion,"EYZAGUIRRE & LOMAS DEL PARQUE, Puente Alto",-33.611018,-70.545821
-7867268.82178896,-3971402.25549703,3679,2023,1520120,2023/03/22 00:00:00+00,Marzo,22,Miércoles,1899/12/30 00:00:00+00,08:40:00,8,REGION METROPOLITANA,EL BOSQUE,COLISION LATERAL,COLISION,URBANA,CRUCE CON SEÑAL CEDA EL PASO,DESOBEDIENCIA A SEÑALIZACION,SEÑALIZACION DESOBEDECER SEÑAL CEDA EL PASO,JUAN FERNANDEZ,LO MARTINEZ,JUAN FERNANDEZ - LO MARTINEZ,0, , ,BIDIRECCIONAL,CONCRETO,BUENO,SECO,DESPEJADO,0,0,0,2,13,131,13105,Metropolitana de Santiago,Santiago,El Bosque,Interseccion,"JUAN FERNANDEZ & LO MARTINEZ, El Bosque",-33.571449,-70.672878
-7976282.7446746,-4220225.97329629,3680,2023,1505665,2023/01/25 00:00:00+00,Enero,25,Miércoles,1899/12/30 00:00:00+00,07:50:00,7,REGION MAULE,TALCA,COLISION POR ALCANCE,COLISION,URBANA,TRAMO DE VIA RECTA,IMPRUDENCIA DEL CONDUCTOR,CONDUCCION NO ATENTO CONDICIONES TRANSITO MOMENTO,CIRCUNVALACION,12 NORTE,12 NORTE - CIRCUNVALACION,0, , ,BIDIRECCIONAL,CONCRETO,BUENO,SECO,DESPEJADO,0,1,0,0,07,071,07101,Maule,Talca,Talca,Interseccion,"12 NORTE & CIRCUNVALACION, Talca",-35.413565,-71.652167
-7920711.84663636,-4078936.86234905,3681,2023,1576737,2023/12/09 00:00:00+00,Diciembre,9,Sábado,1899/12/30 00:00:00+00,05:20:00,5,REGION LIB.B.O'HIGGINS,COLTAUCO,COLISION FRONTAL,COLISION,RURAL,TRAMO DE VIA CURVA VERTICAL,VELOCIDAD IMPRUDENTE,VELOCIDAD NO RAZONABLE NI PRUDENTE, , , ,0,H-30,48,BIDIRECCIONAL,ASFALTO,REGULAR,SECO,DESPEJADO,1,4,3,9,06,061,06104,Libertador General Bernardo O'Higgins,Cachapoal,Coltauco,Ruta,H-30 km 48,-34.372551,-71.152965
-8139527.45903314,-4416438.94652905,3682,2023,1518910,2023/03/22 00:00:00+00,Marzo,22,Miércoles,1899/12/30 00:00:00+00,08:45:00,8,REGION BIO BIO,SAN PEDRO DE LA PAZ,COLISION LATERAL,COLISION,URBANA,CRUCE CON SEMAFORO FUNCIONANDO,IMPRUDENCIA DEL CONDUCTOR,CONDUCCION CAMBIAR SORPRESIVAMENTE PISTA CIRCULACION,PEDRO AGUIRRE CERDA,DIAGONAL BIO BIO,DIAGONAL BIO BIO - PEDRO AGUIRRE CERDA,0, , ,BIDIRECCIONAL CON BANDEJON,CONCRETO,BUENO,SECO,DESPEJADO,0,1,0,0,08,081,08108,Biobío,Concepción,San Pedro de la Paz,Interseccion,"DIAGONAL BIO BIO & PEDRO AGUIRRE CERDA, San Pedro de la Paz",-36.837201,-73.118619