X,Y,FID,Año,IdAccident,Fecha,Mes,Dia_mes,Dia_semana,Hora,Hora_texto,Hora_aprox,Región,Comuna,Tipo_Accid,Tipo__CONA,Zona,Ubicación,Causa__CON,Causa_Acci,Calle_Uno,Calle_Dos,Intersecci,Número,Ruta,Ubicaci_1,Calzada,Tipo_Calza,Estado_Cal,Condición,Estado_Atm,Fallecidos,Graves,Menos_Grav,Leves,CUT_REG,CUT_PROV,CUT_COM,REGION,PROVINCIA,COMUNA1,Tipo_direc,Direccion,Lat,Lon
-8053681.5168308,-4506698.77308812,3683,2023,1513689,2023/02/23 00:00:00+00,Febrero,23,Jueves,1899/12/30 00:00:00+00,09:15:00,9,REGION BIO BIO,LOS ANGELES,COLISION LATERAL,COLISION,URBANA,CRUCE CON SEÑAL PARE,IMPRUDENCIA DEL CONDUCTOR,CONDUCCION NO ATENTO CONDICIONES TRANSITO MOMENTO,LOS CARRERA,MARIA AUXILIADORA,LOS CARRERA - MARIA AUXILIADORA,0, , ,UNIDIRECCIONAL,CONCRETO,BUENO,SECO,DESPEJADO,0,1,0,0,08,083,08301,Biobío,Biobío,Los Angeles,Interseccion,"LOS CARRERA & MARIA AUXILIADORA, Los Angeles",-37.483374,-72.347452
-7861541.96065129,-3953774.19013358,3684,2023,1506367,2023/01/25 00:00:00+00,Enero,25,Miércoles,1899/12/30 00:00:00+00,09:00:00,9,REGION METROPOLITANA,PROVIDENCIA,CHOQUE POSTERIOR/POSTERIOR,CHOQUE,URBANA,CRUCE CON SEÑAL CEDA EL PASO,IMPRUDENCIA DEL CONDUCTOR,CONDUCCION NO ATENTO CONDICIONES TRANSITO MOMENTO,JOSE MANUEL INFANTE,GRAL SALVO,GRAL SALVO - JOSE MANUEL INFANTE,0, , ,UNIDIRECCIONAL,ASFALTO,REGULAR,SECO,DESPEJADO,0,1,0,0,13,131,13123,Metropolitana de Santiago,Santiago,Providencia,Interseccion,"GRAL SALVO & JOSE MANUEL INFANTE, Providencia",-33.439407,-70.621433
-7935190.26136438,-4242593.08010277,3685,2023,1577844,2023/12/09 00:00:00+00,Diciembre,9,Sábado,1899/12/30 00:00:00+00,15:00:00,15,REGION MAULE,SAN CLEMENTE,VOLCADURA,VOLCADURA,RURAL,TRAMO DE VIA RECTA,DEFICIENCIAS VIALES,ANIMALES SUELTOS VIA PUBLICA, , , ,0,K-705,4,BIDIRECCIONAL,ASFALTO,BUENO,SECO,DESPEJADO,0,0,0,1,07,071,07109,Maule,Talca,San Clemente,Ruta,K-705 km 4,-35.577152,-71.283027
-7827068.80784241,-2093916.97054131,3686,2023,1511855,2023/02/23 00:00:00+00,Febrero,23,Jueves,1899/12/30 00:00:00+00,10:50:00,10,REGION ARICA Y PARINACOTA,ARICA,COLISION PERPENDICULAR,COLISION,URBANA,CRUCE SIN SEÑALIZACION,IMPRUDENCIA DEL CONDUCTOR,CONDUCCION NO ATENTO CONDICIONES TRANSITO MOMENTO,VICUÑA MACKENNA,BERNARDO O'HIGGINS,BERNARDO O'HIGGINS - VICUÑA MACKENNA,0, , ,BIDIRECCIONAL CON BANDEJON,ASFALTO,BUENO,SECO,DESPEJADO,0,1,0,0,15,151,15101,Arica y Parinacota,Arica,Arica,Interseccion,"BERNARDO O'HIGGINS & VICUÑA MACKENNA, Arica",-18.48092,-70.311755
-7869497.7865471,-3955996.56701465,3687,2023,1518836,2023/03/22 00:00:00+00,Marzo,22,Miércoles,1899/12/30 00:00:00+00,11:10:00,11,REGION METROPOLITANA,ESTACION CENTRAL,COLISION LATERAL,COLISION,URBANA,CRUCE CON SEÑAL CEDA EL PASO,IMPRUDENCIA DEL CONDUCTOR,CONDUCCION NO ATENTO CONDICIONES TRANSITO MOMENTO,BERNAL DEL MERCADO,MANUEL THOMPSON,BERNAL DEL MERCADO - MANUEL THOMPSON,0, , ,UNIDIRECCIONAL,ASFALTO,BUENO,SECO,DESPEJADO,0,0,0,0,13,131,13106,Metropolitana de Santiago,Santiago,Estación Central,Interseccion,"BERNAL DEL MERCADO & MANUEL THOMPSON, Estación Central",-33.456065,-70.692901
-7871304.56867437,-3956381.15063313,3688,2023,1528190,2023/01/25 00:00:00+00,Enero,25,Miércoles,1899/12/30 00:00:00+00,09:00:00,9,REGION METROPOLITANA,ESTACION CENTRAL,COLISION LATERAL,COLISION,URBANA,TRAMO DE VIA RECTA,IMPRUDENCIA DEL CONDUCTOR,ADELANTAMIENTO SIN EL ESPACIO O TIEMPO SUFICIENTE,LIBER BERNARDO O'HIGGINS,LAS CATALPAS,LAS CATALPAS - LIBER BERNARDO O'HIGGINS,0, , ,BIDIRECCIONAL CON BANDEJON,ASFALTO,BUENO,SECO,DESPEJADO,0,0,0,1,13,131,13106,Metropolitana de Santiago,Santiago,Estación Central,Interseccion,"LAS CATALPAS & LIBER BERNARDO O'HIGGINS, Estación Central",-33.458947,-70.709132
-8135979.45977682,-4410541.21184449,3689,2023,1518432,2023/03/22 00:00:00+00,Marzo,22,Miércoles,1899/12/30 00:00:00+00,13:00:00,13,REGION BIO BIO,HUALPEN,VOLCADURA,VOLCADURA,URBANA,CRUCE CON SEMAFORO FUNCIONANDO,VELOCIDAD IMPRUDENTE,VELOCIDAD NO RAZONABLE NI PRUDENTE,CAÑETE,CRISTOBAL COLON,CAÑETE - CRISTOBAL COLON,0, , ,BIDIRECCIONAL,CONCRETO,BUENO,SECO,DESPEJADO,0,1,0,0,08,081,08112,Biobío,Concepción,Hualpén,Interseccion,"CAÑETE & CRISTOBAL COLON, Hualpén",-36.794787,-73.086747
-8179970.14292403,-5164527.72775389,3690,2023,1577269,2023/12/10 00:00:00+00,Diciembre,10,Domingo,1899/12/30 00:00:00+00,05:00:00,5,REGION LOS LAGOS,DALCAHUE,VOLCADURA,VOLCADURA,RURAL,PUENTE,DROGAS Y/O FATIGA EN CONDUCTOR,"CONDICIONES FISICAS DEFICIENTES (CANSANCIO, SUEÑO)", , , ,0,W-195,"31,9",BIDIRECCIONAL,ASFALTO,BUENO,SECO,DESPEJADO,0,1,0,0,10,102,10205,Los Lagos,Chiloé,Dalcahue,Ruta,"W-195 km 31,9",-42.023683,-73.481922
-7831592.94327887,-3168113.22345305,3691,2023,1513021,2023/02/23 00:00:00+00,Febrero,23,Jueves,1899/12/30 00:00:00+00,17:05:00,17,REGION ATACAMA,COPIAPO,CHOQUE POSTERIOR/FRENTE,CHOQUE,URBANA,CRUCE CON SEMAFORO FUNCIONANDO,IMPRUDENCIA DEL CONDUCTOR,CONDUCCION NO ATENTO CONDICIONES TRANSITO MOMENTO,COPAYAPU,CENTENARIO,CENTENARIO - COPAYAPU,0, , ,BIDIRECCIONAL,ASFALTO,BUENO,SECO,DESPEJADO,0,0,0,1,03,031,03101,Atacama,Copiapó,Copiapó,Interseccion,"CENTENARIO & COPAYAPU, Copiapó",-27.356743,-70.352396
-7943265.38370531,-4114325.20970616,3692,2023,1506716,2023/01/25 00:00:00+00,Enero,25,Miércoles,1899/12/30 00:00:00+00,09:15:00,9,REGION LIB.B.O'HIGGINS,SANTA CRUZ,COLISION LATERAL,COLISION,URBANA,TRAMO DE VIA RECTA,IMPRUDENCIA DEL CONDUCTOR,VIRAJES INDEBIDOS,ERRAZURIZ,LO CASTRO,ERRAZURIZ - LO CASTRO,0, , ,BIDIRECCIONAL CON BANDEJON,ASFALTO,BUENO,SECO,DESPEJADO,0,0,0,1,06,063,06310,Libertador General Bernardo O'Higgins,Colchagua,Santa Cruz,Interseccion,"ERRAZURIZ & LO CASTRO, Santa Cruz",-34.634528,-71.355567
-7855984.89167089,-3971568.44046559,3693,2023,1514781,2023/02/23 00:00:00+00,Febrero,23,Jueves,1899/12/30 00:00:00+00,17:30:00,17,REGION METROPOLITANA,PUENTE ALTO,COLISION POR ALCANCE,COLISION,URBANA,TRAMO DE VIA RECTA,IMPRUDENCIA DEL CONDUCTOR,CONDUCCION NO ATENTO CONDICIONES TRANSITO MOMENTO,NONATO COO,PARQUE COUSIÑO MACUL,NONATO COO - PARQUE COUSIÑO MACUL,0, , ,BIDIRECCIONAL,CONCRETO,BUENO,SECO,DESPEJADO,0,0,1,0,13,132,13201,Metropolitana de Santiago,Cordillera,Puente Alto,Interseccion,"NONATO COO & PARQUE COUSIÑO MACUL, Puente Alto",-33.572693,-70.571513
-7919151.99185623,-4158793.83655086,3694,2023,1579219,2023/12/10 00:00:00+00,Diciembre,10,Domingo,1899/12/30 00:00:00+00,11:15:00,11,REGION MAULE,ROMERAL,COLISION,COLISION,RURAL,TRAMO DE VIA RECTA,IMPRUDENCIA DEL CONDUCTOR,CONDUCCION NO ATENTO CONDICIONES TRANSITO MOMENTO, , , ,0,J-55,"5,1",BIDIRECCIONAL,ASFALTO,BUENO,SECO,DESPEJADO,0,0,0,1,07,073,07306,Maule,Curicó,Romeral,Ruta,"J-55 km 5,1",-34.962556,-71.138953
-7970668.79149006,-4278000.90695831,3695,2023,1520090,2023/03/22 00:00:00+00,Marzo,22,Miércoles,1899/12/30 00:00:00+00,13:50:00,13,REGION MAULE,LINARES,COLISION POR ALCANCE,COLISION,URBANA,CRUCE CON SEÑAL CEDA EL PASO,DESOBEDIENCIA A SEÑALIZACION,SEÑALIZACION DESOBEDECER SEÑAL CEDA EL PASO,RAMON OLATE,AURORA,AURORA - RAMON OLATE,0, , ,UNIDIRECCIONAL,ASFALTO,BUENO,SECO,DESPEJADO,0,0,0,0,07,074,07401,Maule,Linares,Linares,Interseccion,"AURORA & RAMON OLATE, Linares",-35.835434,-71.601736
-7860296.18422982,-3964904.70236793,3696,2023,1505704,2023/01/25 00:00:00+00,Enero,25,Miércoles,1899/12/30 00:00:00+00,11:00:00,11,REGION METROPOLITANA,LA GRANJA,COLISION LATERAL,COLISION,URBANA,CRUCE CON SEMAFORO FUNCIONANDO,IMPRUDENCIA DEL CONDUCTOR,CONDUCCION NO ATENTO CONDICIONES TRANSITO MOMENTO,YUNGAY,PUNTA ARENAS,PUNTA ARENAS - YUNGAY,0, , ,BIDIRECCIONAL,ASFALTO,BUENO,SECO,DESPEJADO,0,0,0,1,13,131,13111,Metropolitana de Santiago,Santiago,La Granja,Interseccion,"PUNTA ARENAS & YUNGAY, La Granja",-33.522803,-70.610242
-7974320.23059835,-3935831.5912025,3697,2023,1579220,2023/12/10 00:00:00+00,Diciembre,10,Domingo,1899/12/30 00:00:00+00,11:15:00,11,REGION VALPARAISO,ALGARROBO,COLISION POR ALCANCE,COLISION,RURAL,TRAMO DE VIA RECTA,IMPRUDENCIA DEL CONDUCTOR,CONDUCCION SIN MANTENER DISTANCIA RAZONABLE NI PRUDENTE, , , ,0,F-814,1,BIDIRECCIONAL,ASFALTO,BUENO,SECO,DESPEJADO,0,0,0,1,05,056,05602,Valparaíso,San Antonio,Algarrobo,Ruta,F-814 km 1,-33.304802,-71.634537
-8058461.87926693,-4470676.73082596,3698,2023,1577918,2023/12/10 00:00:00+00,Diciembre,10,Domingo,1899/12/30 00:00:00+00,14:30:00,14,REGION BIO BIO,LOS ANGELES,ATROPELLO,ATROPELLO,RURAL,TRAMO DE VIA CURVA HORIZONTAL,IMPRUDENCIA DEL CONDUCTOR,CONDUCCION NO ATENTO CONDICIONES TRANSITO MOMENTO, , , ,0,RUTA 5 SUR,481,BIDIRECCIONAL,ASFALTO,BUENO,SECO,DESPEJADO,0,0,0,1,08,083,08301,Biobío,Biobío,Los Angeles,Ruta,RUTA 5 SUR km 481,-37.226154,-72.390395
-7855984.89167089,-3971568.44046559,3699,2023,1517684,2023/02/23 00:00:00+00,Febrero,23,Jueves,1899/12/30 00:00:00+00,17:30:00,17,REGION METROPOLITANA,PUENTE ALTO,COLISION LATERAL,COLISION,URBANA,TRAMO DE VIA RECTA,IMPRUDENCIA DEL CONDUCTOR,CONDUCCION NO ATENTO CONDICIONES TRANSITO MOMENTO,NONATO COO,PARQUE COUSIÑO MACUL,NONATO COO - PARQUE COUSIÑO MACUL,0, , ,BIDIRECCIONAL,CONCRETO,BUENO,SECO,DESPEJADO,0,0,0,0,13,132,13201,Metropolitana de Santiago,Cordillera,Puente Alto,Interseccion,"NONATO COO & PARQUE COUSIÑO MACUL, Puente Alto",-33.572693,-70.571513
-7866129.54818637,-3965123.02609438,3700,2023,1505463,2023/01/25 00:00:00+00,Enero,25,Miércoles,1899/12/30 00:00:00+00,12:15:00,12,REGION METROPOLITANA,LA CISTERNA,COLISION LATERAL,COLISION,URBANA,CRUCE CON SEÑAL PARE,DESOBEDIENCIA A SEÑALIZACION,SEÑALIZACION DESOBEDECER SEÑAL PARE,PAULINA,GINEBRA,GINEBRA - PAULINA,0, , ,UNIDIRECCIONAL,CONCRETO,BUENO,SECO,DESPEJADO,0,0,0,0,13,131,13109,Metropolitana de Santiago,Santiago,La Cisterna,Interseccion,"GINEBRA & PAULINA, La Cisterna",-33.524438,-70.662644
-7935607.72414902,-3497091.31410298,3701,2023,1577891,2023/12/11 00:00:00+00,Diciembre,11,Lunes,1899/12/30 00:00:00+00,13:30:00,13,REGION COQUIMBO,COQUIMBO,COLISION LATERAL,COLISION,RURAL,TRAMO DE VIA RECTA,IMPRUDENCIA DEL CONDUCTOR,CONDUCCION CAMBIAR SORPRESIVAMENTE PISTA CIRCULACION, , , ,0,RUTA 5 NORTE,464,BIDIRECCIONAL CON BANDEJON,ASFALTO,BUENO,SECO,DESPEJADO,0,0,0,1,04,041,04102,Coquimbo,Elqui,Coquimbo,Ruta,RUTA 5 NORTE km 464,-29.949742,-71.286777
-7856849.6659809,-3968947.8528284,3702,2023,1511934,2023/02/23 00:00:00+00,Febrero,23,Jueves,1899/12/30 00:00:00+00,17:40:00,17,REGION METROPOLITANA,LA FLORIDA,COLISION LATERAL,COLISION,URBANA,CRUCE CON SEÑAL CEDA EL PASO,IMPRUDENCIA DEL CONDUCTOR,NO RESPETAR DERECHO PREFERENTE DE PASO A VEHICULO,SAN JOSE DE LA ESTRELLA,COLOMBIA,COLOMBIA - SAN JOSE DE LA ESTRELLA,0, , ,BIDIRECCIONAL,CONCRETO,BUENO,SECO,DESPEJADO,0,1,0,1,13,131,13110,Metropolitana de Santiago,Santiago,La Florida,Interseccion,"COLOMBIA & SAN JOSE DE LA ESTRELLA, La Florida",-33.553077,-70.579281
-7860763.39213268,-3957758.78089848,3703,2023,1518788,2023/03/22 00:00:00+00,Marzo,22,Miércoles,1899/12/30 00:00:00+00,14:50:00,14,REGION METROPOLITANA,ÑUÑOA,COLISION POR ALCANCE,COLISION,URBANA,OTROS NO CONSIDERADOS,IMPRUDENCIA DEL CONDUCTOR,CONDUCCION NO ATENTO CONDICIONES TRANSITO MOMENTO,NUEVA,LOS ALBAÑILES,LOS ALBAÑILES - NUEVA,0, , ,BIDIRECCIONAL,ASFALTO,BUENO,SECO,DESPEJADO,0,0,0,1,13,131,13120,Metropolitana de Santiago,Santiago,Ñuñoa,Interseccion,"LOS ALBAÑILES & NUEVA, Ñuñoa",-33.469271,-70.614439
-7905026.29268988,-4069243.70548343,3704,2023,1577367,2023/12/11 00:00:00+00,Diciembre,11,Lunes,1899/12/30 00:00:00+00,18:45:00,18,REGION LIB.B.O'HIGGINS,COINCO,COLISION LATERAL,COLISION,RURAL,TRAMO DE VIA RECTA,VELOCIDAD IMPRUDENTE,VELOCIDAD NO RAZONABLE NI PRUDENTE, , , ,0,H-590,3,BIDIRECCIONAL,ASFALTO,BUENO,SECO,DESPEJADO,0,0,0,0,06,061,06103,Libertador General Bernardo O'Higgins,Cachapoal,Coinco,Ruta,H-590 km 3,-34.30065,-71.012059
-7966798.32402562,-3900135.6551474,3705,2023,1508253,2023/01/25 00:00:00+00,Enero,25,Miércoles,1899/12/30 00:00:00+00,13:00:00,13,REGION VALPARAISO,VIÑA DEL MAR,CHOQUE FRONTAL,CHOQUE,URBANA,TRAMO DE VIA RECTA,VELOCIDAD IMPRUDENTE,VELOCIDAD NO RAZONABLE NI PRUDENTE,AGUA SANTA,VILLA ESPERANZA,AGUA SANTA - VILLA ESPERANZA,0, , ,BIDIRECCIONAL,CONCRETO,BUENO,SECO,DESPEJADO,0,0,1,0,05,051,05109,Valparaíso,Valparaíso,Viña del Mar,Interseccion,"AGUA SANTA & VILLA ESPERANZA, Viña del Mar",-33.036394,-71.566967
-7921174.53067096,-3898580.78941237,3706,2023,1578102,2023/12/11 00:00:00+00,Diciembre,11,Lunes,1899/12/30 00:00:00+00,21:00:00,21,REGION VALPARAISO,LIMACHE,VOLCADURA,VOLCADURA,RURAL,TRAMO DE VIA RECTA,ALCOHOL EN CONDUCTOR,CONDUCCION EN ESTADO DE EBRIEDAD, , , ,0,F-10-G,32,UNIDIRECCIONAL,ASFALTO,BUENO,SECO,DESPEJADO,0,0,1,0,05,058,05802,Valparaíso,Marga Marga,Limache,Ruta,F-10-G km 32,-33.024684,-71.157121
-8132368.47813446,-4414657.48161447,3707,2023,1518523,2023/03/22 00:00:00+00,Marzo,22,Miércoles,1899/12/30 00:00:00+00,15:00:00,15,REGION BIO BIO,CONCEPCION,CHOQUE LATERAL,CHOQUE,URBANA,CRUCE CON SEMAFORO FUNCIONANDO,DESOBEDIENCIA A SEÑALIZACION,SEÑALIZACION DESOBEDECER LUZ ROJA DE SEMAFORO,LOS CARRERA,RENGO,LOS CARRERA - RENGO,0, , ,BIDIRECCIONAL CON BANDEJON,CONCRETO,BUENO,SECO,DESPEJADO,0,0,0,0,08,081,08101,Biobío,Concepción,Concepción,Interseccion,"LOS CARRERA & RENGO, Concepción",-36.824392,-73.054309
-7864124.1275152,-3964174.04894239,3708,2023,1512137,2023/02/23 00:00:00+00,Febrero,23,Jueves,1899/12/30 00:00:00+00,18:20:00,18,REGION METROPOLITANA,SAN MIGUEL,COLISION POR ALCANCE,COLISION,URBANA,TRAMO DE VIA RECTA,IMPRUDENCIA DEL CONDUCTOR,CONDUCCION SIN MANTENER DISTANCIA RAZONABLE NI PRUDENTE,LO OVALLE,SAN FRANCISCO,LO OVALLE - SAN FRANCISCO,0, , ,BIDIRECCIONAL,ASFALTO,BUENO,SECO,DESPEJADO,0,0,0,0,13,131,13130,Metropolitana de Santiago,Santiago,San Miguel,Interseccion,"LO OVALLE & SAN FRANCISCO, San Miguel",-33.517331,-70.644629
-7866154.5950718,-3973034.20446633,3709,2023,1506656,2023/01/25 00:00:00+00,Enero,25,Miércoles,1899/12/30 00:00:00+00,14:50:00,14,REGION METROPOLITANA,EL BOSQUE,COLISION POR ALCANCE,COLISION,URBANA,TRAMO DE VIA RECTA,IMPRUDENCIA DEL CONDUCTOR,CONDUCCION NO ATENTO CONDICIONES TRANSITO MOMENTO,SAN FRANCISCO,LAS PARCELAS,LAS PARCELAS - SAN FRANCISCO,0, , ,BIDIRECCIONAL,ASFALTO,BUENO,SECO,DESPEJADO,0,0,0,1,13,131,13105,Metropolitana de Santiago,Santiago,El Bosque,Interseccion,"LAS PARCELAS & SAN FRANCISCO, El Bosque",-33.583663,-70.662869
-7939299.44122055,-4081909.74396214,3710,2023,1577391,2023/12/12 00:00:00+00,Diciembre,12,Martes,1899/12/30 00:00:00+00,07:15:00,7,REGION LIB.B.O'HIGGINS,PICHIDEGUA,CHOQUE FRONTAL,CHOQUE,RURAL,TRAMO DE VIA RECTA,IMPRUDENCIA DEL CONDUCTOR,NO RESPETAR DERECHO PREFERENTE DE PASO A VEHICULO, , , ,0,H-886,5,BIDIRECCIONAL,ASFALTO,BUENO,SECO,DESPEJADO,0,0,1,0,06,061,06113,Libertador General Bernardo O'Higgins,Cachapoal,Pichidegua,Ruta,H-886 km 5,-34.39459,-71.31994
-7861812.6896529,-3960854.51075383,3711,2023,1512213,2023/02/23 00:00:00+00,Febrero,23,Jueves,1899/12/30 00:00:00+00,18:35:00,18,REGION METROPOLITANA,SAN JOAQUIN,COLISION PERPENDICULAR,COLISION,URBANA,CRUCE CON SEÑAL CEDA EL PASO,DESOBEDIENCIA A SEÑALIZACION,SEÑALIZACION DESOBEDECER SEÑAL CEDA EL PASO,CASTELAR NORTE,CENTRAL,CASTELAR NORTE - CENTRAL,0, , ,BIDIRECCIONAL,ASFALTO,BUENO,SECO,DESPEJADO,0,0,0,1,13,131,13129,Metropolitana de Santiago,Santiago,San Joaquín,Interseccion,"CASTELAR NORTE & CENTRAL, San Joaquín",-33.492466,-70.623865
-7859440.24872077,-3875069.25345037,3712,2023,1519214,2023/03/22 00:00:00+00,Marzo,22,Miércoles,1899/12/30 00:00:00+00,15:05:00,15,REGION VALPARAISO,LOS ANDES,COLISION PERPENDICULAR,COLISION,URBANA,CRUCE CON SEÑAL PARE,DESOBEDIENCIA A SEÑALIZACION,SEÑALIZACION DESOBEDECER SEÑAL PARE,LAS ALPACAS,VICUÑA,LAS ALPACAS - VICUÑA,0, , ,BIDIRECCIONAL,ASFALTO,BUENO,SECO,DESPEJADO,0,0,0,0,05,053,05301,Valparaíso,Los Andes,Los Andes,Interseccion,"LAS ALPACAS & VICUÑA, Los Andes",-32.847422,-70.602553
-7856601.71296937,-3957875.81497543,3713,2023,1506215,2023/01/25 00:00:00+00,Enero,25,Miércoles,1899/12/30 00:00:00+00,15:15:00,15,REGION METROPOLITANA,PEÑALOLEN,COLISION POR ALCANCE,COLISION,URBANA,ROTONDA,IMPRUDENCIA DEL CONDUCTOR,CONDUCCION SIN MANTENER DISTANCIA RAZONABLE NI PRUDENTE,AMERICO VESPUCIO,GRECIA,AMERICO VESPUCIO - GRECIA,0, , ,UNIDIRECCIONAL,CONCRETO,BUENO,SECO,DESPEJADO,0,0,0,1,13,131,13122,Metropolitana de Santiago,Santiago,Peñalolén,Interseccion,"AMERICO VESPUCIO & GRECIA, Peñalolén",-33.470148,-70.577054
-8055902.37728511,-4511598.27014929,3714,2023,1578098,2023/12/12 00:00:00+00,Diciembre,12,Martes,1899/12/30 00:00:00+00,18:50:00,18,REGION BIO BIO,LOS ANGELES,VOLCADURA,VOLCADURA,RURAL,TRAMO DE VIA RECTA,VELOCIDAD IMPRUDENTE,VELOCIDAD NO RAZONABLE NI PRUDENTE, , , ,0,RUTA 5 SUR,518,UNIDIRECCIONAL,ASFALTO,BUENO,SECO,DESPEJADO,0,1,0,0,08,083,08301,Biobío,Biobío,Los Angeles,Ruta,RUTA 5 SUR km 518,-37.518291,-72.367402
-8149320.98777024,-4843816.15587289,3715,2023,1518596,2023/03/22 00:00:00+00,Marzo,22,Miércoles,1899/12/30 00:00:00+00,15:50:00,15,REGION DE LOS RIOS,VALDIVIA,COLISION FRONTAL,COLISION,URBANA,CRUCE CON SEÑAL PARE,IMPRUDENCIA DEL CONDUCTOR,CONDUCCION NO ATENTO CONDICIONES TRANSITO MOMENTO,CIRCUNVALACION SUR,VOLCAN PUYEHUE,CIRCUNVALACION SUR - VOLCAN PUYEHUE,0, , ,BIDIRECCIONAL CON BANDEJON,CONCRETO,BUENO,SECO,DESPEJADO,0,0,0,1,14,141,14101,Los Ríos,Valdivia,Valdivia,Interseccion,"CIRCUNVALACION SUR & VOLCAN PUYEHUE, Valdivia",-39.847569,-73.206596
-7872496.3996706,-3954013.00810672,3716,2023,1529104,2023/02/23 00:00:00+00,Febrero,23,Jueves,1899/12/30 00:00:00+00,21:30:00,21,REGION METROPOLITANA,LO PRADO,COLISION LATERAL,COLISION,URBANA,CRUCE CON SEÑAL PARE,DESOBEDIENCIA A SEÑALIZACION,SEÑALIZACION DESOBEDECER SEÑAL PARE,SAN GERMAN,LOS COPIHUES,LOS COPIHUES - SAN GERMAN,0, , ,BIDIRECCIONAL,CONCRETO,REGULAR,SECO,DESPEJADO,0,0,0,0,13,131,13117,Metropolitana de Santiago,Santiago,Lo Prado,Interseccion,"LOS COPIHUES & SAN GERMAN, Lo Prado",-33.441197,-70.719838
-7856601.71296937,-3957875.81497543,3717,2023,1506275,2023/01/25 00:00:00+00,Enero,25,Miércoles,1899/12/30 00:00:00+00,15:15:00,15,REGION METROPOLITANA,PEÑALOLEN,COLISION FRONTAL,COLISION,URBANA,TRAMO DE VIA RECTA,IMPRUDENCIA DEL CONDUCTOR,CONDUCCION NO ATENTO CONDICIONES TRANSITO MOMENTO,AMERICO VESPUCIO,GRECIA,AMERICO VESPUCIO - GRECIA,0, , ,UNIDIRECCIONAL,CONCRETO,BUENO,SECO,DESPEJADO,0,0,0,1,13,131,13122,Metropolitana de Santiago,Santiago,Peñalolén,Interseccion,"AMERICO VESPUCIO & GRECIA, Peñalolén",-33.470148,-70.577054
-8215957.00107003,-5250668.10652566,3718,2023,1577996,2023/12/13 00:00:00+00,Diciembre,13,Miércoles,1899/12/30 00:00:00+00,08:20:00,8,REGION LOS LAGOS,CHONCHI,COLISION LATERAL,COLISION,RURAL,TRAMO DE VIA RECTA,VELOCIDAD IMPRUDENTE,VELOCIDAD NO RAZONABLE NI PRUDENTE, , , ,0,RUTA 5 SUR,"1202,6",BIDIRECCIONAL,ASFALTO,REGULAR,SECO,DESPEJADO,1,0,0,0,10,102,10203,Los Lagos,Chiloé,Chonchi,Ruta,"RUTA 5 SUR km 1202,6",-42.595923,-73.805197
-7874301.89687038,-3855916.34212423,3719,2023,1579596,2023/12/14 00:00:00+00,Diciembre,14,Jueves,1899/12/30 00:00:00+00,11:30:00,11,REGION VALPARAISO,PUTAENDO,COLISION,COLISION,RURAL,TRAMO DE VIA RECTA,IMPRUDENCIA DEL CONDUCTOR,CONDUCCION NO ATENTO CONDICIONES TRANSITO MOMENTO, , , ,0,"E-71, E-41",7,BIDIRECCIONAL,CONCRETO,REGULAR,SECO,DESPEJADO,0,0,1,0,05,057,05705,Valparaíso,San Felipe de Aconcagua,Putaendo,Ruta,"E-71, E-41 km 7",-32.702759,-70.736057
-8039863.8737166,-4674527.9326486,3720,2023,1512249,2023/02/23 00:00:00+00,Febrero,23,Jueves,1899/12/30 00:00:00+00,21:50:00,21,REGION ARAUCANIA,VILCUN,VOLCADURA,VOLCADURA,URBANA,CRUCE SIN SEÑALIZACION,DEFICIENCIAS VIALES,ANIMALES SUELTOS VIA PUBLICA,ARTURO PRAT,ALMIRANTE LATORRE,ALMIRANTE LATORRE - ARTURO PRAT,0, , ,UNIDIRECCIONAL,CONCRETO,REGULAR,HUMEDO,DESPEJADO,0,0,0,2,09,091,09119,La Araucanía,Cautín,Vilcún,Interseccion,"ALMIRANTE LATORRE & ARTURO PRAT, Vilcún",-38.670115,-72.223326
-7855875.35329194,-3949800.70559592,3721,2023,1521910,2023/03/22 00:00:00+00,Marzo,22,Miércoles,1899/12/30 00:00:00+00,17:00:00,17,REGION METROPOLITANA,LAS CONDES,COLISION LATERAL,COLISION,URBANA,CRUCE CON SEMAFORO FUNCIONANDO,IMPRUDENCIA DEL CONDUCTOR,CONDUCCION NO ATENTO CONDICIONES TRANSITO MOMENTO,APOQUINDO,ROSARIO NORTE,APOQUINDO - ROSARIO NORTE,0, , ,BIDIRECCIONAL CON BANDEJON,ASFALTO,BUENO,SECO,DESPEJADO,0,1,0,0,13,131,13114,Metropolitana de Santiago,Santiago,Las Condes,Interseccion,"APOQUINDO & ROSARIO NORTE, Las Condes",-33.409616,-70.570529
-8133353.32166951,-4416119.03256935,3722,2023,1506115,2023/01/25 00:00:00+00,Enero,25,Miércoles,1899/12/30 00:00:00+00,15:30:00,15,REGION BIO BIO,CONCEPCION,VOLCADURA,VOLCADURA,URBANA,ENLACE A NIVEL,DROGAS Y/O FATIGA EN CONDUCTOR,"CONDICIONES FISICAS DEFICIENTES (CANSANCIO, SUEÑO)",PUENTE CHACABUCO,COSTANERA,COSTANERA - PUENTE CHACABUCO,0, , ,UNIDIRECCIONAL,CONCRETO,MALO,OTROS,DESPEJADO,0,0,0,1,08,081,08101,Biobío,Concepción,Concepción,Interseccion,"COSTANERA & PUENTE CHACABUCO, Concepción",-36.834901,-73.063156