X,Y,FID,Año,IdAccident,Fecha,Mes,Dia_mes,Dia_semana,Hora,Hora_texto,Hora_aprox,Región,Comuna,Tipo_Accid,Tipo__CONA,Zona,Ubicación,Causa__CON,Causa_Acci,Calle_Uno,Calle_Dos,Intersecci,Número,Ruta,Ubicaci_1,Calzada,Tipo_Calza,Estado_Cal,Condición,Estado_Atm,Fallecidos,Graves,Menos_Grav,Leves,CUT_REG,CUT_PROV,CUT_COM,REGION,PROVINCIA,COMUNA1,Tipo_direc,Direccion,Lat,Lon
-7827283.89947384,-3170189.38305587,3723,2023,1520005,2023/03/22 00:00:00+00,Marzo,22,Miércoles,1899/12/30 00:00:00+00,18:05:00,18,REGION ATACAMA,COPIAPO,COLISION PERPENDICULAR,COLISION,URBANA,CRUCE CON SEMAFORO FUNCIONANDO,IMPRUDENCIA DEL CONDUCTOR,CONDUCCION NO ATENTO CONDICIONES TRANSITO MOMENTO,CIRCUNVALACION,LUIS FLORES,CIRCUNVALACION - LUIS FLORES,0, , ,BIDIRECCIONAL CON BANDEJON,ASFALTO,BUENO,SECO,DESPEJADO,0,0,0,1,03,031,03101,Atacama,Copiapó,Copiapó,Interseccion,"CIRCUNVALACION & LUIS FLORES, Copiapó",-27.373307,-70.313688
-7674356.45572602,-2567022.89634132,3724,2023,1512246,2023/02/23 00:00:00+00,Febrero,23,Jueves,1899/12/30 00:00:00+00,22:23:00,22,REGION ANTOFAGASTA,CALAMA,COLISION,COLISION,URBANA,TRAMO DE VIA RECTA,ALCOHOL EN CONDUCTOR,CONDUCCION BAJO LA INFLUENCIA DEL ALCOHOL,PEDRO DE VALDIVIA,VARGAS,PEDRO DE VALDIVIA - VARGAS,0, , ,BIDIRECCIONAL,ASFALTO,BUENO,SECO,DESPEJADO,0,1,0,1,02,022,02201,Antofagasta,El Loa,Calama,Interseccion,"PEDRO DE VALDIVIA & VARGAS, Calama",-22.461484,-68.939917
-8050676.04839703,-4506607.36517357,3725,2023,1578127,2023/12/14 00:00:00+00,Diciembre,14,Jueves,1899/12/30 00:00:00+00,14:30:00,14,REGION BIO BIO,LOS ANGELES,COLISION POR ALCANCE,COLISION,RURAL,TRAMO DE VIA RECTA,IMPRUDENCIA DEL CONDUCTOR,CONDUCCION SIN MANTENER DISTANCIA RAZONABLE NI PRUDENTE, , , ,0,Q-503,"0,5",BIDIRECCIONAL,ASFALTO,REGULAR,SECO,DESPEJADO,0,0,0,1,08,083,08301,Biobío,Biobío,Los Angeles,Ruta,"Q-503 km 0,5",-37.482722,-72.320453
-8085442.69037909,-4686596.06243031,3726,2023,1505578,2023/01/25 00:00:00+00,Enero,25,Miércoles,1899/12/30 00:00:00+00,19:00:00,19,REGION ARAUCANIA,TEMUCO,COLISION,COLISION,URBANA,TRAMO DE VIA RECTA,DESOBEDIENCIA A SEÑALIZACION,SEÑALIZACION DESOBEDECER LUZ ROJA DE SEMAFORO,MANUEL RECABARREN,LOS PIONEROS,LOS PIONEROS - MANUEL RECABARREN,0, , ,BIDIRECCIONAL CON BANDEJON,CONCRETO,BUENO,SECO,DESPEJADO,0,1,0,0,09,091,09101,La Araucanía,Cautín,Temuco,Interseccion,"LOS PIONEROS & MANUEL RECABARREN, Temuco",-38.754707,-72.632767
-7853792.02383837,-3949643.98700185,3727,2023,1523148,2023/03/22 00:00:00+00,Marzo,22,Miércoles,1899/12/30 00:00:00+00,18:20:00,18,REGION METROPOLITANA,LAS CONDES,COLISION POR ALCANCE,COLISION,URBANA,CRUCE CON SEMAFORO FUNCIONANDO,IMPRUDENCIA DEL CONDUCTOR,CONDUCCION SIN MANTENER DISTANCIA RAZONABLE NI PRUDENTE,TOMAS MORO,APOQUINDO,APOQUINDO - TOMAS MORO,0, , ,BIDIRECCIONAL,ASFALTO,BUENO,SECO,DESPEJADO,0,0,0,1,13,131,13114,Metropolitana de Santiago,Santiago,Las Condes,Interseccion,"APOQUINDO & TOMAS MORO, Las Condes",-33.408441,-70.551814
-8076679.23968514,-4679726.13640206,3728,2023,1512143,2023/02/23 00:00:00+00,Febrero,23,Jueves,1899/12/30 00:00:00+00,23:45:00,23,REGION ARAUCANIA,TEMUCO,CHOQUE POSTERIOR,CHOQUE,URBANA,TRAMO DE VIA RECTA,IMPRUDENCIA DEL CONDUCTOR,CONDUCCION NO ATENTO CONDICIONES TRANSITO MOMENTO,RUDECINDO ORTEGA,UNION NORTE,RUDECINDO ORTEGA - UNION NORTE,0, , ,BIDIRECCIONAL CON BANDEJON,CONCRETO,BUENO,SECO,DESPEJADO,0,1,0,0,09,091,09101,La Araucanía,Cautín,Temuco,Interseccion,"RUDECINDO ORTEGA & UNION NORTE, Temuco",-38.706564,-72.554044
-7928858.87193959,-4162550.52278333,3729,2023,1578361,2023/12/14 00:00:00+00,Diciembre,14,Jueves,1899/12/30 00:00:00+00,16:30:00,16,REGION MAULE,CURICO,ATROPELLO,ATROPELLO,RURAL,TRAMO DE VIA RECTA,IMPRUDENCIA DEL PEATON,PEATON CRUZA CALZADA FORMA SORPRESIVA O DESCUIDADA, , , ,0,RUTA 5 SUR,191,BIDIRECCIONAL CON BANDEJON,CONCRETO,BUENO,SECO,DESPEJADO,1,0,1,1,07,073,07301,Maule,Curicó,Curicó,Ruta,RUTA 5 SUR km 191,-34.990208,-71.226151
-7871141.93089832,-3969791.86888769,3730,2023,1505403,2023/01/25 00:00:00+00,Enero,25,Miércoles,1899/12/30 00:00:00+00,19:25:00,19,REGION METROPOLITANA,SAN BERNARDO,COLISION LATERAL,COLISION,URBANA,CRUCE CON SEÑAL PARE,IMPRUDENCIA DEL CONDUCTOR,CONDUCCION NO ATENTO CONDICIONES TRANSITO MOMENTO,LAS ACACIAS,CAMILO MORI,CAMILO MORI - LAS ACACIAS,0, , ,BIDIRECCIONAL CON BANDEJON,ASFALTO,BUENO,SECO,DESPEJADO,0,0,0,0,13,134,13401,Metropolitana de Santiago,Maipo,San Bernardo,Interseccion,"CAMILO MORI & LAS ACACIAS, San Bernardo",-33.559395,-70.707671
-7863583.92746675,-3953966.62351307,3731,2023,1519228,2023/03/22 00:00:00+00,Marzo,22,Miércoles,1899/12/30 00:00:00+00,20:20:00,20,REGION METROPOLITANA,SANTIAGO,COLISION FRONTAL,COLISION,URBANA,CRUCE SIN SEÑALIZACION,IMPRUDENCIA DEL CONDUCTOR,CONDUCCION NO ATENTO CONDICIONES TRANSITO MOMENTO,CARABS DE CHILE,PORTUGAL,CARABS DE CHILE - PORTUGAL,0, , ,BIDIRECCIONAL,ASFALTO,BUENO,SECO,DESPEJADO,0,0,0,1,13,131,13101,Metropolitana de Santiago,Santiago,Santiago,Interseccion,"CARABS DE CHILE & PORTUGAL, Santiago",-33.440849,-70.639776
-8068279.13224692,-4802191.47154956,3732,2023,1580823,2023/12/14 00:00:00+00,Diciembre,14,Jueves,1899/12/30 00:00:00+00,20:15:00,20,REGION DE LOS RIOS,PANGUIPULLI,IMPACTO CON ANIMAL,OTRO TIPO,RURAL,TRAMO DE VIA RECTA,DEFICIENCIAS VIALES,ANIMALES SUELTOS VIA PUBLICA, , , ,0,203 CH,33,BIDIRECCIONAL,ASFALTO,BUENO,SECO,NUBLADO,0,0,0,1,14,141,14108,Los Ríos,Valdivia,Panguipulli,Ruta,203 CH km 33,-39.559891,-72.478585
-8055653.76424919,-4504176.63141109,3733,2023,1513707,2023/02/24 00:00:00+00,Febrero,24,Viernes,1899/12/30 00:00:00+00,00:15:00,0,REGION BIO BIO,LOS ANGELES,VOLCADURA,VOLCADURA,URBANA,TRAMO DE VIA RECTA,VELOCIDAD IMPRUDENTE,VELOCIDAD NO RAZONABLE NI PRUDENTE,GALVARINO,LAS PRIMULAS,GALVARINO - LAS PRIMULAS,0, , ,BIDIRECCIONAL,ASFALTO,BUENO,SECO,DESPEJADO,0,2,0,0,08,083,08301,Biobío,Biobío,Los Angeles,Interseccion,"GALVARINO & LAS PRIMULAS, Los Angeles",-37.465393,-72.365169
-7935296.42468107,-4170852.77978528,3734,2023,1578240,2023/12/15 00:00:00+00,Diciembre,15,Viernes,1899/12/30 00:00:00+00,18:45:00,18,REGION MAULE,SAGRADA FAMILIA,CHOQUE FRONTAL,CHOQUE,RURAL,TRAMO DE VIA RECTA,IMPRUDENCIA DEL CONDUCTOR,CONDUCCION NO ATENTO CONDICIONES TRANSITO MOMENTO, , , ,0,RUTA 5 SUR,"200,1",BIDIRECCIONAL,ASFALTO,BUENO,SECO,DESPEJADO,0,0,1,0,07,073,07307,Maule,Curicó,Sagrada Familia,Ruta,"RUTA 5 SUR km 200,1",-35.051285,-71.283981
-7876824.31230743,-3979354.61003407,3735,2023,1508100,2023/01/25 00:00:00+00,Enero,25,Miércoles,1899/12/30 00:00:00+00,21:00:00,21,REGION METROPOLITANA,CALERA DE TANGO,COLISION LATERAL,COLISION,URBANA,CRUCE CON SEÑAL PARE,DESOBEDIENCIA A SEÑALIZACION,SEÑALIZACION DESOBEDECER SEÑAL PARE,CALERA DE TANGO,ALFONSO RUIZ TAGLE,ALFONSO RUIZ TAGLE - CALERA DE TANGO,0, , ,BIDIRECCIONAL,ASFALTO,BUENO,SECO,DESPEJADO,0,0,2,0,13,134,13403,Metropolitana de Santiago,Maipo,Calera de Tango,Interseccion,"ALFONSO RUIZ TAGLE & CALERA DE TANGO, Calera de Tango",-33.63095,-70.758717
-7874375.76210586,-4048994.01006498,3736,2023,1512556,2023/02/24 00:00:00+00,Febrero,24,Viernes,1899/12/30 00:00:00+00,11:30:00,11,REGION LIB.B.O'HIGGINS,RANCAGUA,COLISION PERPENDICULAR,COLISION,URBANA,CRUCE CON SEMAFORO FUNCIONANDO,DESOBEDIENCIA A SEÑALIZACION,SEÑALIZACION DESOBEDECER LUZ ROJA DE SEMAFORO,LOS ALPES,RECREO,LOS ALPES - RECREO,0, , ,BIDIRECCIONAL,CONCRETO,BUENO,SECO,DESPEJADO,0,0,0,2,06,061,06101,Libertador General Bernardo O'Higgins,Cachapoal,Rancagua,Interseccion,"LOS ALPES & RECREO, Rancagua",-34.150244,-70.736721
-7861610.97873558,-3966434.1235239,3737,2023,1518970,2023/03/22 00:00:00+00,Marzo,22,Miércoles,1899/12/30 00:00:00+00,23:13:00,23,REGION METROPOLITANA,LA GRANJA,COLISION LATERAL,COLISION,URBANA,TRAMO DE VIA RECTA,IMPRUDENCIA DEL CONDUCTOR,CONDUCCION NO ATENTO CONDICIONES TRANSITO MOMENTO,LA SERENA,3 NORTE,3 NORTE - LA SERENA,0, , ,BIDIRECCIONAL,ASFALTO,BUENO,SECO,DESPEJADO,0,0,0,1,13,131,13111,Metropolitana de Santiago,Santiago,La Granja,Interseccion,"3 NORTE & LA SERENA, La Granja",-33.534256,-70.622053
-7925091.78858943,-4139620.4327237,3738,2023,1579265,2023/12/16 00:00:00+00,Diciembre,16,Sábado,1899/12/30 00:00:00+00,02:10:00,2,REGION MAULE,TENO,COLISION,COLISION,RURAL,TRAMO DE VIA RECTA,IMPRUDENCIA DEL CONDUCTOR,CONDUCCION NO ATENTO CONDICIONES TRANSITO MOMENTO, , , ,0,J-30-I,11,BIDIRECCIONAL,ASFALTO,BUENO,SECO,DESPEJADO,0,1,0,0,07,073,07308,Maule,Curicó,Teno,Ruta,J-30-I km 11,-34.821281,-71.192311
-7930890.99781151,-4161722.10205728,3739,2023,1505734,2023/01/26 00:00:00+00,Enero,26,Jueves,1899/12/30 00:00:00+00,08:00:00,8,REGION MAULE,CURICO,COLISION LATERAL,COLISION,URBANA,CRUCE CON SEMAFORO FUNCIONANDO,IMPRUDENCIA DEL CONDUCTOR,NO RESPETAR DERECHO PREFERENTE DE PASO A VEHICULO,LIBERTADOR BERNARDO O'HIGGINS,ARTURO PRAT,ARTURO PRAT - LIBERTADOR BERNARDO O'HIGGINS,0, , ,UNIDIRECCIONAL,ASFALTO,BUENO,SECO,DESPEJADO,0,0,0,1,07,073,07301,Maule,Curicó,Curicó,Interseccion,"ARTURO PRAT & LIBERTADOR BERNARDO O'HIGGINS, Curicó",-34.984111,-71.244406
-7871450.73116578,-3944322.54384923,3740,2023,1513805,2023/02/24 00:00:00+00,Febrero,24,Viernes,1899/12/30 00:00:00+00,14:00:00,14,REGION METROPOLITANA,QUILICURA,COLISION LATERAL,COLISION,URBANA,TRAMO DE VIA RECTA,IMPRUDENCIA DEL CONDUCTOR,ADELANTAMIENTO SIN EL ESPACIO O TIEMPO SUFICIENTE,CARAMPANGUE,LA CONQUISTA,CARAMPANGUE - LA CONQUISTA,0, , ,BIDIRECCIONAL,ASFALTO,BUENO,SECO,DESPEJADO,0,0,0,1,13,131,13125,Metropolitana de Santiago,Santiago,Quilicura,Interseccion,"CARAMPANGUE & LA CONQUISTA, Quilicura",-33.368527,-70.710445
-8124002.31066202,-4907177.52537784,3741,2023,1580522,2023/12/16 00:00:00+00,Diciembre,16,Sábado,1899/12/30 00:00:00+00,05:10:00,5,REGION DE LOS RIOS,LA UNION,CHOQUE FRONTAL,CHOQUE,RURAL,TRAMO DE VIA RECTA,IMPRUDENCIA DEL CONDUCTOR,CONDUCCION NO ATENTO CONDICIONES TRANSITO MOMENTO, , , ,0,T-790,1,BIDIRECCIONAL,RIPIO,BUENO, ,DESPEJADO,0,0,0,1,14,142,14201,Los Ríos,Ranco,La Unión,Ruta,T-790 km 1,-40.28317,-72.979154
-7952508.57499548,-3900281.19175795,3742,2023,1518585,2023/03/23 00:00:00+00,Marzo,23,Jueves,1899/12/30 00:00:00+00,05:05:00,5,REGION VALPARAISO,QUILPUE,VOLCADURA,VOLCADURA,URBANA,TRAMO DE VIA RECTA,ALCOHOL EN CONDUCTOR,CONDUCCION EN ESTADO DE EBRIEDAD,LUIS URIBE,SAN ENRIQUE,LUIS URIBE - SAN ENRIQUE,0, , ,BIDIRECCIONAL,CONCRETO,BUENO,SECO,DESPEJADO,1,0,0,0,05,058,05801,Valparaíso,Marga Marga,Quilpué,Interseccion,"LUIS URIBE & SAN ENRIQUE, Quilpué",-33.03749,-71.4386
-8006847.89021469,-4359757.86694392,3743,2023,1582124,2023/12/16 00:00:00+00,Diciembre,16,Sábado,1899/12/30 00:00:00+00,07:20:00,7,REGION ÑUBLE,SAN CARLOS,COLISION LATERAL,COLISION,RURAL,TRAMO DE VIA RECTA,IMPRUDENCIA DEL CONDUCTOR,CONDUCCION NO ATENTO CONDICIONES TRANSITO MOMENTO, , , ,0,N-31,2,BIDIRECCIONAL,ASFALTO,BUENO,SECO,DESPEJADO,0,0,1,0,16,163,16301,Ñuble,Punilla,San Carlos,Ruta,N-31 km 2,-36.428603,-71.926738
-7872374.46026698,-3863287.4117378,3744,2023,1507104,2023/01/26 00:00:00+00,Enero,26,Jueves,1899/12/30 00:00:00+00,08:00:00,8,REGION VALPARAISO,SAN FELIPE,COLISION,COLISION,URBANA,TRAMO DE VIA RECTA,IMPRUDENCIA DEL CONDUCTOR,CONDUCCION NO ATENTO CONDICIONES TRANSITO MOMENTO,MICHIMALONGO,JOAQUINA VEDRUNA,JOAQUINA VEDRUNA - MICHIMALONGO,0, , ,BIDIRECCIONAL,CONCRETO,BUENO,SECO,DESPEJADO,0,0,0,1,05,057,05701,Valparaíso,San Felipe de Aconcagua,San Felipe,Interseccion,"JOAQUINA VEDRUNA & MICHIMALONGO, San Felipe",-32.758461,-70.718743
-7854003.6805956,-3951625.74273931,3745,2023,1521911,2023/03/23 00:00:00+00,Marzo,23,Jueves,1899/12/30 00:00:00+00,07:45:00,7,REGION METROPOLITANA,LAS CONDES,COLISION LATERAL,COLISION,URBANA,CRUCE CON SEMAFORO FUNCIONANDO,IMPRUDENCIA DEL CONDUCTOR,CONDUCCION NO ATENTO CONDICIONES TRANSITO MOMENTO,TOMAS MORO,RIO DE LA PLATA,RIO DE LA PLATA - TOMAS MORO,0, , ,BIDIRECCIONAL,ASFALTO,BUENO,SECO,DESPEJADO,0,0,0,1,13,131,13114,Metropolitana de Santiago,Santiago,Las Condes,Interseccion,"RIO DE LA PLATA & TOMAS MORO, Las Condes",-33.4233,-70.553715
-7874891.6166262,-3966210.96738004,3746,2023,1512105,2023/02/24 00:00:00+00,Febrero,24,Viernes,1899/12/30 00:00:00+00,15:00:00,15,REGION METROPOLITANA,SAN BERNARDO,COLISION POR ALCANCE,COLISION,URBANA,TRAMO DE VIA RECTA,DESOBEDIENCIA A SEÑALIZACION,SEÑALIZACION DESOBEDECER SEÑAL PARE,CAMINO A LONQUEN,STA MARTA,CAMINO A LONQUEN - STA MARTA,0, , ,UNIDIRECCIONAL,ASFALTO,BUENO,SECO,DESPEJADO,1,0,0,0,13,134,13401,Metropolitana de Santiago,Maipo,San Bernardo,Interseccion,"CAMINO A LONQUEN & STA MARTA, San Bernardo",-33.532585,-70.741355
-8031290.23279547,-4390342.56979922,3747,2023,1582660,2023/12/17 00:00:00+00,Diciembre,17,Domingo,1899/12/30 00:00:00+00,13:30:00,13,REGION ÑUBLE,CHILLAN VIEJO,CHOQUE POSTERIOR/FRENTE,CHOQUE,RURAL,TRAMO DE VIA RECTA,IMPRUDENCIA DEL CONDUCTOR,CONDUCCION NO ATENTO CONDICIONES TRANSITO MOMENTO, , , ,0,"N-59, Q-33-N",4,BIDIRECCIONAL,ASFALTO,BUENO,SECO,DESPEJADO,0,0,0,0,16,161,16103,Ñuble,Diguillín,Chillán Viejo,Ruta,"N-59, Q-33-N km 4",-36.649349,-72.146308
-7863989.54229536,-3953548.74365823,3748,2023,1506503,2023/01/26 00:00:00+00,Enero,26,Jueves,1899/12/30 00:00:00+00,08:30:00,8,REGION METROPOLITANA,SANTIAGO,COLISION LATERAL,COLISION,URBANA,CRUCE CON SEMAFORO FUNCIONANDO,IMPRUDENCIA DEL CONDUCTOR,CONDUCCION NO ATENTO CONDICIONES TRANSITO MOMENTO,MERCED,STA LUCIA,MERCED - STA LUCIA,0, , ,UNIDIRECCIONAL,ASFALTO,BUENO,SECO,DESPEJADO,0,1,0,0,13,131,13101,Metropolitana de Santiago,Santiago,Santiago,Interseccion,"MERCED & STA LUCIA, Santiago",-33.437717,-70.64342
-7873654.18916654,-3948985.5302137,3749,2023,1521920,2023/03/23 00:00:00+00,Marzo,23,Jueves,1899/12/30 00:00:00+00,07:50:00,7,REGION METROPOLITANA,RENCA,COLISION,COLISION,URBANA,TRAMO DE VIA RECTA,IMPRUDENCIA DEL CONDUCTOR,CONDUCCION NO ATENTO CONDICIONES TRANSITO MOMENTO,CONDELL,SGTO CANDELARIA,CONDELL - SGTO CANDELARIA,0, , ,BIDIRECCIONAL CON BANDEJON,ASFALTO,BUENO,SECO,DESPEJADO,0,0,1,0,13,131,13128,Metropolitana de Santiago,Santiago,Renca,Interseccion,"CONDELL & SGTO CANDELARIA, Renca",-33.403503,-70.730239
-8040559.15699969,-4369279.90967227,3750,2023,1582940,2023/12/17 00:00:00+00,Diciembre,17,Domingo,1899/12/30 00:00:00+00,14:20:00,14,REGION ÑUBLE,SAN NICOLAS,COLISION POR ALCANCE,COLISION,RURAL,TRAMO DE VIA RECTA,IMPRUDENCIA DEL CONDUCTOR,CONDUCCION SIN MANTENER DISTANCIA RAZONABLE NI PRUDENTE, , , ,0,N-50,"15,6",BIDIRECCIONAL,ASFALTO,BUENO,SECO,DESPEJADO,0,0,0,1,16,163,16305,Ñuble,Punilla,San Nicolás,Ruta,"N-50 km 15,6",-36.497396,-72.229572
-7874595.72941967,-3955759.64275677,3751,2023,1506792,2023/01/26 00:00:00+00,Enero,26,Jueves,1899/12/30 00:00:00+00,15:00:00,15,REGION METROPOLITANA,PUDAHUEL,CHOQUE FRENTE/POSTERIOR,CHOQUE,URBANA,CRUCE CON SEMAFORO FUNCIONANDO,DESOBEDIENCIA A SEÑALIZACION,SEÑALIZACION DESOBEDECER LUZ ROJA DE SEMAFORO,CLAUDIO ARRAU,TTE CRUZ,CLAUDIO ARRAU - TTE CRUZ,0, , ,UNIDIRECCIONAL,CONCRETO,BUENO,SECO,DESPEJADO,0,0,0,0,13,131,13124,Metropolitana de Santiago,Santiago,Pudahuel,Interseccion,"CLAUDIO ARRAU & TTE CRUZ, Pudahuel",-33.454289,-70.738697
-7874989.02118064,-3958898.74589355,3752,2023,1521379,2023/03/23 00:00:00+00,Marzo,23,Jueves,1899/12/30 00:00:00+00,08:10:00,8,REGION METROPOLITANA,MAIPU,COLISION LATERAL,COLISION,URBANA,TRAMO DE VIA RECTA,IMPRUDENCIA DEL CONDUCTOR,CONDUCCION NO ATENTO CONDICIONES TRANSITO MOMENTO,LOS PAJARITOS,LOS PINTORES,LOS PAJARITOS - LOS PINTORES,0, , ,BIDIRECCIONAL,CONCRETO,BUENO,SECO,DESPEJADO,0,0,0,1,13,131,13119,Metropolitana de Santiago,Santiago,Maipú,Interseccion,"LOS PAJARITOS & LOS PINTORES, Maipú",-33.477813,-70.74223
-7892341.72604448,-3976178.81006851,3753,2023,1512752,2023/02/24 00:00:00+00,Febrero,24,Viernes,1899/12/30 00:00:00+00,17:20:00,17,REGION METROPOLITANA,PEÑAFLOR,COLISION,COLISION,URBANA,TRAMO DE VIA RECTA,IMPRUDENCIA DEL CONDUCTOR,CONDUCCION NO ATENTO CONDICIONES TRANSITO MOMENTO,21 DE MAYO,EMILIA LASCAR,21 DE MAYO - EMILIA LASCAR,0, , ,UNIDIRECCIONAL,CONCRETO,BUENO,SECO,DESPEJADO,0,0,0,1,13,136,13605,Metropolitana de Santiago,Talagante,Peñaflor,Interseccion,"21 DE MAYO & EMILIA LASCAR, Peñaflor",-33.607193,-70.898112
-8038478.9715759,-4815786.00119319,3754,2023,1580877,2023/12/17 00:00:00+00,Diciembre,17,Domingo,1899/12/30 00:00:00+00,17:50:00,17,REGION DE LOS RIOS,PANGUIPULLI,COLISION FRONTAL,COLISION,RURAL,TRAMO DE VIA RECTA,ALCOHOL EN CONDUCTOR,CONDUCCION BAJO LA INFLUENCIA DEL ALCOHOL, , , ,0,203 CH,66,BIDIRECCIONAL,RIPIO,REGULAR, ,NUBLADO,0,1,0,0,14,141,14108,Los Ríos,Valdivia,Panguipulli,Ruta,203 CH km 66,-39.653978,-72.210885
-7859842.11202687,-3954575.42775939,3755,2023,1511699,2023/01/26 00:00:00+00,Enero,26,Jueves,1899/12/30 00:00:00+00,15:00:00,15,REGION METROPOLITANA,PROVIDENCIA,COLISION LATERAL,COLISION,URBANA,TRAMO DE VIA RECTA,IMPRUDENCIA DEL CONDUCTOR,CONDUCCION NO ATENTO CONDICIONES TRANSITO MOMENTO,PEDRO DE VALDIVIA,DIAG ORIENTE,DIAG ORIENTE - PEDRO DE VALDIVIA,0, , ,UNIDIRECCIONAL,ASFALTO,BUENO,SECO,DESPEJADO,0,0,0,0,13,131,13123,Metropolitana de Santiago,Santiago,Providencia,Interseccion,"DIAG ORIENTE & PEDRO DE VALDIVIA, Providencia",-33.445413,-70.606163
-8080432.81498282,-4684320.25285258,3756,2023,1512189,2023/02/24 00:00:00+00,Febrero,24,Viernes,1899/12/30 00:00:00+00,18:00:00,18,REGION ARAUCANIA,TEMUCO,ATROPELLO,ATROPELLO,URBANA,CRUCE CON SEMAFORO FUNCIONANDO,IMPRUDENCIA DEL PEATON,IMPRUDENCIA DEL PEATON,MANUEL MONTT,GENERAL ALDUNATE,GENERAL ALDUNATE - MANUEL MONTT,0, , ,UNIDIRECCIONAL,CONCRETO,BUENO,SECO,DESPEJADO,0,1,0,1,09,091,09101,La Araucanía,Cautín,Temuco,Interseccion,"GENERAL ALDUNATE & MANUEL MONTT, Temuco",-38.738762,-72.587763
-7868424.00499506,-4054946.50716444,3757,2023,1579000,2023/12/17 00:00:00+00,Diciembre,17,Domingo,1899/12/30 00:00:00+00,19:15:00,19,REGION LIB.B.O'HIGGINS,MACHALI,COLISION POR ALCANCE,COLISION,RURAL,TRAMO DE VIA RECTA,IMPRUDENCIA DEL CONDUCTOR,CONDUCCION NO ATENTO CONDICIONES TRANSITO MOMENTO, , , ,0,H-27,5,BIDIRECCIONAL,CONCRETO,BUENO,SECO,DESPEJADO,0,1,0,0,06,061,06108,Libertador General Bernardo O'Higgins,Cachapoal,Machalí,Ruta,H-27 km 5,-34.194484,-70.683255
-7864974.16319142,-3968075.9428339,3758,2023,1518881,2023/03/23 00:00:00+00,Marzo,23,Jueves,1899/12/30 00:00:00+00,08:30:00,8,REGION METROPOLITANA,SAN RAMON,COLISION,COLISION,URBANA,CRUCE CON SEÑAL CEDA EL PASO,DESOBEDIENCIA A SEÑALIZACION,SEÑALIZACION DESOBEDECER SEÑAL CEDA EL PASO,ALPATACAL,SAN FRANCISCO,ALPATACAL - SAN FRANCISCO,0, , ,BIDIRECCIONAL,ASFALTO,BUENO,SECO,DESPEJADO,0,0,0,1,13,131,13131,Metropolitana de Santiago,Santiago,San Ramón,Interseccion,"ALPATACAL & SAN FRANCISCO, San Ramón",-33.546549,-70.652265
-7873405.35139883,-4049992.6009521,3759,2023,1578832,2023/12/17 00:00:00+00,Diciembre,17,Domingo,1899/12/30 00:00:00+00,20:30:00,20,REGION LIB.B.O'HIGGINS,RANCAGUA,COLISION POR ALCANCE,COLISION,RURAL,TRAMO DE VIA RECTA,IMPRUDENCIA DEL CONDUCTOR,CONDUCCION SIN MANTENER DISTANCIA RAZONABLE NI PRUDENTE, , , ,0,RUTA TRAVESIA,83,BIDIRECCIONAL CON BANDEJON,CONCRETO,BUENO,SECO,DESPEJADO,0,0,0,1,06,061,06101,Libertador General Bernardo O'Higgins,Cachapoal,Rancagua,Ruta,RUTA TRAVESIA km 83,-34.157667,-70.728004
-8134947.86205563,-4910115.10135748,3760,2023,1506002,2023/01/26 00:00:00+00,Enero,26,Jueves,1899/12/30 00:00:00+00,15:10:00,15,REGION DE LOS RIOS,LA UNION,COLISION,COLISION,URBANA,TRAMO DE VIA RECTA,IMPRUDENCIA DEL CONDUCTOR,CONDUCCION NO ATENTO CONDICIONES TRANSITO MOMENTO,INDUSTRIAL,LOS NOTROS,INDUSTRIAL - LOS NOTROS,0, , ,BIDIRECCIONAL,CONCRETO,BUENO,SECO,NUBLADO,0,0,0,0,14,142,14201,Los Ríos,Ranco,La Unión,Interseccion,"INDUSTRIAL & LOS NOTROS, La Unión",-40.303298,-73.07748
-7977053.18687038,-4220701.86280744,3761,2023,1518459,2023/03/23 00:00:00+00,Marzo,23,Jueves,1899/12/30 00:00:00+00,08:50:00,8,REGION MAULE,TALCA,COLISION LATERAL,COLISION,URBANA,TRAMO DE VIA RECTA,IMPRUDENCIA DEL CONDUCTOR,ADELANTAMIENTO SIN EL ESPACIO O TIEMPO SUFICIENTE,5 ORIENTE,8 NORTE,5 ORIENTE - 8 NORTE,0, , ,UNIDIRECCIONAL,CONCRETO,BUENO,SECO,DESPEJADO,0,0,0,1,07,071,07101,Maule,Talca,Talca,Interseccion,"5 ORIENTE & 8 NORTE, Talca",-35.417049,-71.659088
-7893710.73315339,-7009976.82155385,3762,2023,1512415,2023/02/24 00:00:00+00,Febrero,24,Viernes,1899/12/30 00:00:00+00,18:45:00,18,REGION MAGALLANES Y ANTARTICA CHILENA,PUNTA ARENAS,COLISION LATERAL,COLISION,URBANA,CRUCE CON SEÑAL CEDA EL PASO,DESOBEDIENCIA A SEÑALIZACION,SEÑALIZACION DESOBEDECER SEÑAL CEDA EL PASO,ROMULO CORREA,CIRCUNVALACION,CIRCUNVALACION - ROMULO CORREA,0, , ,BIDIRECCIONAL,CONCRETO,BUENO,SECO,NUBLADO,0,0,0,2,12,121,12101,Magallanes y de la Antártica Chilena,Magallanes,Punta Arenas,Interseccion,"CIRCUNVALACION & ROMULO CORREA, Punta Arenas",-53.145607,-70.91041
-7862757.79212973,-3954844.6539182,3763,2023,1505653,2023/01/26 00:00:00+00,Enero,26,Jueves,1899/12/30 00:00:00+00,15:35:00,15,REGION METROPOLITANA,PROVIDENCIA,COLISION POR ALCANCE,COLISION,URBANA,CRUCE CON SEMAFORO FUNCIONANDO,IMPRUDENCIA DEL CONDUCTOR,NO RESPETAR DERECHO PREFERENTE DE PASO A VEHICULO,STA ISABEL,VICUÑA MACKENNA,STA ISABEL - VICUÑA MACKENNA,0, , ,BIDIRECCIONAL,ASFALTO,BUENO,SECO,DESPEJADO,1,0,0,1,13,131,13123,Metropolitana de Santiago,Santiago,Providencia,Interseccion,"STA ISABEL & VICUÑA MACKENNA, Providencia",-33.447431,-70.632355