X,Y,FID,Año,IdAccident,Fecha,Mes,Dia_mes,Dia_semana,Hora,Hora_texto,Hora_aprox,Región,Comuna,Tipo_Accid,Tipo__CONA,Zona,Ubicación,Causa__CON,Causa_Acci,Calle_Uno,Calle_Dos,Intersecci,Número,Ruta,Ubicaci_1,Calzada,Tipo_Calza,Estado_Cal,Condición,Estado_Atm,Fallecidos,Graves,Menos_Grav,Leves,CUT_REG,CUT_PROV,CUT_COM,REGION,PROVINCIA,COMUNA1,Tipo_direc,Direccion,Lat,Lon
-7871718.0092743,-4050164.34171324,3764,2023,1519082,2023/03/23 00:00:00+00,Marzo,23,Jueves,1899/12/30 00:00:00+00,09:00:00,9,REGION LIB.B.O'HIGGINS,RANCAGUA,COLISION LATERAL,COLISION,URBANA,CRUCE CON SEÑAL PARE,IMPRUDENCIA DEL CONDUCTOR,CONDUCCION NO ATENTO CONDICIONES TRANSITO MOMENTO,TALAVERAS,ANTONIO GARFIAS,ANTONIO GARFIAS - TALAVERAS,0, , ,BIDIRECCIONAL,CONCRETO,BUENO,SECO,DESPEJADO,0,1,0,0,06,061,06101,Libertador General Bernardo O'Higgins,Cachapoal,Rancagua,Interseccion,"ANTONIO GARFIAS & TALAVERAS, Rancagua",-34.158944,-70.712846
-8192747.82412674,-4529962.17878057,3765,2023,1578844,2023/12/18 00:00:00+00,Diciembre,18,Lunes,1899/12/30 00:00:00+00,13:45:00,13,REGION BIO BIO,LEBU,COLISION POR ALCANCE,COLISION,RURAL,TRAMO DE VIA RECTA,IMPRUDENCIA DEL CONDUCTOR,CONDUCCION NO ATENTO CONDICIONES TRANSITO MOMENTO, , , ,0,RUTA 160,129,BIDIRECCIONAL,ASFALTO,BUENO,SECO,DESPEJADO,1,0,0,1,08,082,08201,Biobío,Arauco,Lebu,Ruta,RUTA 160 km 129,-37.649021,-73.596706
-8028130.46542851,-4387372.94786119,3766,2023,1520662,2023/03/23 00:00:00+00,Marzo,23,Jueves,1899/12/30 00:00:00+00,11:30:00,11,REGION ÑUBLE,CHILLAN VIEJO,COLISION PERPENDICULAR,COLISION,URBANA,CRUCE CON SEÑAL PARE,IMPRUDENCIA DEL CONDUCTOR,CONDUCCION NO ATENTO CONDICIONES TRANSITO MOMENTO,GACITUA,LAS CANOAS,GACITUA - LAS CANOAS,0, , ,BIDIRECCIONAL,CONCRETO,REGULAR,SECO,DESPEJADO,0,0,0,0,16,161,16103,Ñuble,Diguillín,Chillán Viejo,Interseccion,"GACITUA & LAS CANOAS, Chillán Viejo",-36.627943,-72.117923
-8149320.98777024,-4843816.15587289,3767,2023,1506222,2023/01/26 00:00:00+00,Enero,26,Jueves,1899/12/30 00:00:00+00,16:20:00,16,REGION DE LOS RIOS,VALDIVIA,COLISION PERPENDICULAR,COLISION,URBANA,CRUCE CON SEÑAL PARE,DESOBEDIENCIA A SEÑALIZACION,SEÑALIZACION DESOBEDECER SEÑAL PARE,CIRCUNVALACION SUR,VOLCAN PUYEHUE,CIRCUNVALACION SUR - VOLCAN PUYEHUE,0, , ,BIDIRECCIONAL CON BANDEJON,CONCRETO,BUENO,SECO,DESPEJADO,0,1,0,0,14,141,14101,Los Ríos,Valdivia,Valdivia,Interseccion,"CIRCUNVALACION SUR & VOLCAN PUYEHUE, Valdivia",-39.847569,-73.206596
-7989082.79047508,-4334063.47403681,3768,2023,1580295,2023/12/18 00:00:00+00,Diciembre,18,Lunes,1899/12/30 00:00:00+00,18:00:00,18,REGION MAULE,PARRAL,CHOQUE,CHOQUE,RURAL,TRAMO DE VIA RECTA,VELOCIDAD IMPRUDENTE,VELOCIDAD NO RAZONABLE NI PRUDENTE, , , ,0,L-831,4,BIDIRECCIONAL,ASFALTO,REGULAR,SECO,DESPEJADO,0,0,0,1,07,074,07404,Maule,Linares,Parral,Ruta,L-831 km 4,-36.242666,-71.767152
-7933254.61116367,-3893731.47177793,3769,2023,1519377,2023/03/23 00:00:00+00,Marzo,23,Jueves,1899/12/30 00:00:00+00,15:00:00,15,REGION VALPARAISO,LIMACHE,CHOQUE LATERAL,CHOQUE,URBANA,TRAMO DE VIA RECTA,IMPRUDENCIA DEL CONDUCTOR,CONDUCCION NO ATENTO CONDICIONES TRANSITO MOMENTO,CONDELL,PEDRO DE VALDIVIA,CONDELL - PEDRO DE VALDIVIA,0, , ,UNIDIRECCIONAL,ASFALTO,BUENO,SECO,DESPEJADO,0,0,1,0,05,058,05802,Valparaíso,Marga Marga,Limache,Interseccion,"CONDELL & PEDRO DE VALDIVIA, Limache",-32.988152,-71.265639
-7872877.1791208,-3963204.05508589,3770,2023,1512766,2023/02/24 00:00:00+00,Febrero,24,Viernes,1899/12/30 00:00:00+00,19:00:00,19,REGION METROPOLITANA,MAIPU,CHOQUE POSTERIOR/FRENTE,CHOQUE,URBANA,TRAMO DE VIA RECTA,IMPRUDENCIA DEL CONDUCTOR,CONDUCCION SIN MANTENER DISTANCIA RAZONABLE NI PRUDENTE,CAMINO A MELIPILLA,AMERICO VESPUCIO,AMERICO VESPUCIO - CAMINO A MELIPILLA,0, , ,BIDIRECCIONAL CON BANDEJON,ASFALTO,BUENO,SECO,DESPEJADO,0,0,0,0,13,131,13119,Metropolitana de Santiago,Santiago,Maipú,Interseccion,"AMERICO VESPUCIO & CAMINO A MELIPILLA, Maipú",-33.510066,-70.723259
-7905263.13593831,-3986615.61671116,3771,2023,1505717,2023/01/26 00:00:00+00,Enero,26,Jueves,1899/12/30 00:00:00+00,21:35:00,21,REGION METROPOLITANA,EL MONTE,VOLCADURA,VOLCADURA,URBANA,TRAMO DE VIA RECTA,DESOBEDIENCIA A SEÑALIZACION,SEÑALIZACION DESOBEDECER SEÑAL PARE,CHIÑIGUE,LOS LIBERTADORES,CHIÑIGUE - LOS LIBERTADORES,0, , ,BIDIRECCIONAL,CONCRETO,BUENO,SECO,DESPEJADO,1,0,0,0,13,136,13602,Metropolitana de Santiago,Talagante,El Monte,Interseccion,"CHIÑIGUE & LOS LIBERTADORES, El Monte",-33.685242,-71.014187
-7938167.83355677,-4057130.92407045,3772,2023,1579086,2023/12/19 00:00:00+00,Diciembre,19,Martes,1899/12/30 00:00:00+00,08:00:00,8,REGION LIB.B.O'HIGGINS,LAS CABRAS,COLISION,COLISION,RURAL,TRAMO DE VIA RECTA,IMPRUDENCIA DEL CONDUCTOR,CONDUCCION NO ATENTO CONDICIONES TRANSITO MOMENTO, , , ,0,H-780,"10,6",BIDIRECCIONAL,ASFALTO,BUENO,SECO,DESPEJADO,1,0,0,0,06,061,06107,Libertador General Bernardo O'Higgins,Cachapoal,Las Cabras,Ruta,"H-780 km 10,6",-34.210714,-71.309775
-7674697.07118187,-2565802.76320083,3773,2023,1512366,2023/02/24 00:00:00+00,Febrero,24,Viernes,1899/12/30 00:00:00+00,20:00:00,20,REGION ANTOFAGASTA,CALAMA,COLISION,COLISION,URBANA,TRAMO DE VIA RECTA,IMPRUDENCIA DEL CONDUCTOR,VIRAJES INDEBIDOS,ALONSO DE ERCILLA,QUETENA,ALONSO DE ERCILLA - QUETENA,0, , ,BIDIRECCIONAL,ASFALTO,BUENO,SECO,DESPEJADO,0,1,0,0,02,022,02201,Antofagasta,El Loa,Calama,Interseccion,"ALONSO DE ERCILLA & QUETENA, Calama",-22.451355,-68.942977
-7875021.08309755,-4048975.67075734,3774,2023,1518508,2023/03/23 00:00:00+00,Marzo,23,Jueves,1899/12/30 00:00:00+00,15:30:00,15,REGION LIB.B.O'HIGGINS,RANCAGUA,COLISION LATERAL,COLISION,URBANA,CRUCE CON SEÑAL CEDA EL PASO,IMPRUDENCIA DEL CONDUCTOR,ADELANTAMIENTO SIN EL ESPACIO O TIEMPO SUFICIENTE,KENNEDY,LOS LIRIOS,KENNEDY - LOS LIRIOS,0, , ,BIDIRECCIONAL CON BANDEJON,CONCRETO,BUENO,SECO,DESPEJADO,0,0,0,1,06,061,06101,Libertador General Bernardo O'Higgins,Cachapoal,Rancagua,Interseccion,"KENNEDY & LOS LIRIOS, Rancagua",-34.150108,-70.742518
-7964165.06149317,-3899094.21810949,3775,2023,1507144,2023/01/26 00:00:00+00,Enero,26,Jueves,1899/12/30 00:00:00+00,23:10:00,23,REGION VALPARAISO,VIÑA DEL MAR,COLISION POR ALCANCE,COLISION,URBANA,TRAMO DE VIA RECTA,IMPRUDENCIA DEL CONDUCTOR,CONDUCCION NO ATENTO CONDICIONES TRANSITO MOMENTO,ALVAREZ,SIMON BOLIVAR,ALVAREZ - SIMON BOLIVAR,0, , ,BIDIRECCIONAL,ASFALTO,BUENO,SECO,DESPEJADO,0,0,0,1,05,051,05109,Valparaíso,Valparaíso,Viña del Mar,Interseccion,"ALVAREZ & SIMON BOLIVAR, Viña del Mar",-33.028551,-71.543312
-7963498.66129873,-4379347.32311552,3776,2023,1582931,2023/12/19 00:00:00+00,Diciembre,19,Martes,1899/12/30 00:00:00+00,16:00:00,16,REGION ÑUBLE,SAN FABIAN,VOLCADURA,VOLCADURA,RURAL,TRAMO DE VIA RECTA,VELOCIDAD IMPRUDENTE,VELOCIDAD NO RAZONABLE NI PRUDENTE, , , ,0,N-31,44,BIDIRECCIONAL,ASFALTO,BUENO,SECO,DESPEJADO,0,1,0,0,16,163,16304,Ñuble,Punilla,San Fabián,Ruta,N-31 km 44,-36.570063,-71.537326
-8116917.23862494,-5079411.84171567,3777,2023,1521212,2023/03/23 00:00:00+00,Marzo,23,Jueves,1899/12/30 00:00:00+00,20:50:00,20,REGION LOS LAGOS,PUERTO MONTT,COLISION PERPENDICULAR,COLISION,URBANA,TRAMO DE VIA CURVA HORIZONTAL,IMPRUDENCIA DEL CONDUCTOR,CONDUCCION NO ATENTO CONDICIONES TRANSITO MOMENTO,VOLCAN CORCOVADO,OBISPO JUAN GONZALEZ,OBISPO JUAN GONZALEZ - VOLCAN CORCOVADO,0, , ,BIDIRECCIONAL,CONCRETO,BUENO,SECO,NUBLADO,0,1,0,0,10,101,10101,Los Lagos,Llanquihue,Puerto Montt,Interseccion,"OBISPO JUAN GONZALEZ & VOLCAN CORCOVADO, Puerto Montt",-41.453144,-72.915508
-7866727.78071063,-3971524.27881832,3778,2023,1512616,2023/02/24 00:00:00+00,Febrero,24,Viernes,1899/12/30 00:00:00+00,20:40:00,20,REGION METROPOLITANA,EL BOSQUE,COLISION POR ALCANCE,COLISION,URBANA,CRUCE CON SEÑAL PARE,IMPRUDENCIA DEL CONDUCTOR,ADELANTAMIENTO SIN EL ESPACIO O TIEMPO SUFICIENTE,LO MARTINEZ,LOS RAULIES,LO MARTINEZ - LOS RAULIES,0, , ,BIDIRECCIONAL,ASFALTO,BUENO,SECO,DESPEJADO,0,0,0,0,13,131,13105,Metropolitana de Santiago,Santiago,El Bosque,Interseccion,"LO MARTINEZ & LOS RAULIES, El Bosque",-33.572362,-70.668018
-7876058.80148716,-4051197.29316927,3779,2023,1508395,2023/01/27 00:00:00+00,Enero,27,Viernes,1899/12/30 00:00:00+00,02:15:00,2,REGION LIB.B.O'HIGGINS,RANCAGUA,CHOQUE LATERAL,CHOQUE,URBANA,CRUCE CON SEÑAL CEDA EL PASO,ALCOHOL EN CONDUCTOR,CONDUCCION EN ESTADO DE EBRIEDAD,VIÑA DEL MAR,DOCTOR SALINAS,DOCTOR SALINAS - VIÑA DEL MAR,0, , ,UNIDIRECCIONAL,CONCRETO,BUENO,SECO,DESPEJADO,0,1,0,0,06,061,06101,Libertador General Bernardo O'Higgins,Cachapoal,Rancagua,Interseccion,"DOCTOR SALINAS & VIÑA DEL MAR, Rancagua",-34.166622,-70.75184
-7866249.77323642,-3966569.80884143,3780,2023,1512062,2023/02/25 00:00:00+00,Febrero,25,Sábado,1899/12/30 00:00:00+00,05:20:00,5,REGION METROPOLITANA,LA CISTERNA,COLISION PERPENDICULAR,COLISION,URBANA,CRUCE CON SEMAFORO FUNCIONANDO,ALCOHOL EN CONDUCTOR,CONDUCCION EN ESTADO DE EBRIEDAD,GRAN AVDA JOSE MIGUEL CARRERA,PEDRO AGUIRRE CERDA,GRAN AVDA JOSE MIGUEL CARRERA - PEDRO AGUIRRE CERDA,0, , ,BIDIRECCIONAL CON BANDEJON,CONCRETO,BUENO,SECO,DESPEJADO,0,0,2,1,13,131,13109,Metropolitana de Santiago,Santiago,La Cisterna,Interseccion,"GRAN AVDA JOSE MIGUEL CARRERA & PEDRO AGUIRRE CERDA, La Cisterna",-33.535272,-70.663724
-7853067.20781719,-3957972.83271925,3781,2023,1521410,2023/03/23 00:00:00+00,Marzo,23,Jueves,1899/12/30 00:00:00+00,21:30:00,21,REGION METROPOLITANA,PEÑALOLEN,COLISION FRONTAL,COLISION,URBANA,CRUCE CON SEÑAL CEDA EL PASO,DESOBEDIENCIA A SEÑALIZACION,SEÑALIZACION DESOBEDECER SEÑAL CEDA EL PASO,LAS PARCELAS,YELCHO,LAS PARCELAS - YELCHO,0, , ,BIDIRECCIONAL,CONCRETO,BUENO,SECO,DESPEJADO,0,0,0,1,13,131,13122,Metropolitana de Santiago,Santiago,Peñalolén,Interseccion,"LAS PARCELAS & YELCHO, Peñalolén",-33.470875,-70.545303
-8211024.29421496,-5225186.43436756,3782,2023,1578980,2023/12/19 00:00:00+00,Diciembre,19,Martes,1899/12/30 00:00:00+00,19:30:00,19,REGION LOS LAGOS,CASTRO,COLISION FRONTAL,COLISION,RURAL,TRAMO DE VIA CURVA HORIZONTAL,VELOCIDAD IMPRUDENTE,VELOCIDAD NO RAZONABLE NI PRUDENTE, , , ,0,W-55,1,BIDIRECCIONAL,ASFALTO,BUENO,SECO,DESPEJADO,1,0,0,1,10,102,10201,Los Lagos,Chiloé,Castro,Ruta,W-55 km 1,-42.427188,-73.760886
-7860542.64558243,-3955622.21636847,3783,2023,1508161,2023/01/27 00:00:00+00,Enero,27,Viernes,1899/12/30 00:00:00+00,06:10:00,6,REGION METROPOLITANA,ÑUÑOA,CHOQUE FRENTE/POSTERIOR,CHOQUE,URBANA,CRUCE CON SEMAFORO FUNCIONANDO,IMPRUDENCIA DEL CONDUCTOR,CONDUCCION SIN MANTENER DISTANCIA RAZONABLE NI PRUDENTE,IRARRAZAVAL,MANUEL MONTT,IRARRAZAVAL - MANUEL MONTT,0, , ,BIDIRECCIONAL,CONCRETO,BUENO,SECO,DESPEJADO,0,0,0,0,13,131,13120,Metropolitana de Santiago,Santiago,Ñuñoa,Interseccion,"IRARRAZAVAL & MANUEL MONTT, Ñuñoa",-33.453259,-70.612456
-7862035.76270257,-3876037.66354867,3784,2023,1519242,2023/03/23 00:00:00+00,Marzo,23,Jueves,1899/12/30 00:00:00+00,21:45:00,21,REGION VALPARAISO,CALLE LARGA,COLISION POR ALCANCE,COLISION,URBANA,CRUCE CON SEMAFORO FUNCIONANDO,DESOBEDIENCIA A SEÑALIZACION,SEÑALIZACION DESOBEDECER LUZ ROJA DE SEMAFORO,CALLE LARGA,LA PAMPILLA,CALLE LARGA - LA PAMPILLA,0, , ,BIDIRECCIONAL,ASFALTO,BUENO,SECO,DESPEJADO,0,0,0,0,05,053,05302,Valparaíso,Los Andes,Calle Larga,Interseccion,"CALLE LARGA & LA PAMPILLA, Calle Larga",-32.85473,-70.625869
-7836518.22973254,-2711433.22775116,3785,2023,1512326,2023/02/25 00:00:00+00,Febrero,25,Sábado,1899/12/30 00:00:00+00,06:15:00,6,REGION ANTOFAGASTA,ANTOFAGASTA,COLISION,COLISION,URBANA,CRUCE CON SEÑAL PARE,ALCOHOL EN CONDUCTOR,CONDUCCION EN ESTADO DE EBRIEDAD,TENIENTE MANUEL ORELLA,ESMERALDA,ESMERALDA - TENIENTE MANUEL ORELLA,0, , ,UNIDIRECCIONAL,ASFALTO,BUENO,SECO,DESPEJADO,0,0,0,1,02,021,02101,Antofagasta,Antofagasta,Antofagasta,Interseccion,"ESMERALDA & TENIENTE MANUEL ORELLA, Antofagasta",-23.655073,-70.396641
-7862035.76270257,-3876037.66354867,3786,2023,1519436,2023/03/23 00:00:00+00,Marzo,23,Jueves,1899/12/30 00:00:00+00,21:45:00,21,REGION VALPARAISO,CALLE LARGA,COLISION LATERAL,COLISION,URBANA,CRUCE CON SEMAFORO FUNCIONANDO,DESOBEDIENCIA A SEÑALIZACION,SEÑALIZACION DESOBEDECER LUZ ROJA DE SEMAFORO,CALLE LARGA,LA PAMPILLA,CALLE LARGA - LA PAMPILLA,0, , ,BIDIRECCIONAL,ASFALTO,BUENO,SECO,DESPEJADO,0,0,0,0,05,053,05302,Valparaíso,Los Andes,Calle Larga,Interseccion,"CALLE LARGA & LA PAMPILLA, Calle Larga",-32.85473,-70.625869
-7939649.60557327,-3499283.53636952,3787,2023,1579398,2023/12/19 00:00:00+00,Diciembre,19,Martes,1899/12/30 00:00:00+00,22:00:00,22,REGION COQUIMBO,COQUIMBO,COLISION POR ALCANCE,COLISION,RURAL,TRAMO DE VIA RECTA,IMPRUDENCIA DEL CONDUCTOR,CONDUCCION SIN MANTENER DISTANCIA RAZONABLE NI PRUDENTE, , , ,0,RUTA 5 NORTE,460,BIDIRECCIONAL CON BANDEJON,ASFALTO,BUENO,SECO,DESPEJADO,0,1,0,1,04,041,04102,Coquimbo,Elqui,Coquimbo,Ruta,RUTA 5 NORTE km 460,-29.966804,-71.323086
-8135994.82186654,-4408849.28237264,3788,2023,1505955,2023/01/27 00:00:00+00,Enero,27,Viernes,1899/12/30 00:00:00+00,07:50:00,7,REGION BIO BIO,HUALPEN,VOLCADURA,VOLCADURA,URBANA,ENLACE A DESNIVEL,VELOCIDAD IMPRUDENTE,VELOCIDAD MAYOR QUE MAXIMA PERMITIDA,LAS GOLONDRINAS,CRISTOBAL COLON,CRISTOBAL COLON - LAS GOLONDRINAS,0, , ,BIDIRECCIONAL CON BANDEJON,CONCRETO,BUENO,SECO,DESPEJADO,0,0,0,0,08,081,08112,Biobío,Concepción,Hualpén,Interseccion,"CRISTOBAL COLON & LAS GOLONDRINAS, Hualpén",-36.782615,-73.086885
-8084188.75634288,-4683246.19253227,3789,2023,1518812,2023/03/24 00:00:00+00,Marzo,24,Viernes,1899/12/30 00:00:00+00,03:50:00,3,REGION ARAUCANIA,TEMUCO,COLISION PERPENDICULAR,COLISION,URBANA,CRUCE CON SEMAFORO FUNCIONANDO,ALCOHOL EN CONDUCTOR,CONDUCCION EN ESTADO DE EBRIEDAD,ANDES,ALEMANIA,ALEMANIA - ANDES,0, , ,BIDIRECCIONAL CON BANDEJON,CONCRETO,BUENO,HUMEDO,DESPEJADO,0,0,0,1,09,091,09101,La Araucanía,Cautín,Temuco,Interseccion,"ALEMANIA & ANDES, Temuco",-38.731236,-72.621503
-7934910.35724336,-4201635.8534403,3790,2023,1579549,2023/12/20 00:00:00+00,Diciembre,20,Miércoles,1899/12/30 00:00:00+00,07:40:00,7,REGION MAULE,RIO CLARO,COLISION LATERAL,COLISION,RURAL,CRUCE CON SEMAFORO FUNCIONANDO,IMPRUDENCIA DEL CONDUCTOR,NO RESPETAR DERECHO PREFERENTE DE PASO A VEHICULO, , , ,0,K-31,15,BIDIRECCIONAL CON BANDEJON,ASFALTO,REGULAR,SECO,DESPEJADO,0,0,0,1,07,071,07108,Maule,Talca,Río Claro,Ruta,K-31 km 15,-35.277348,-71.280513
-7836465.35289649,-2712812.6622876,3791,2023,1512330,2023/02/25 00:00:00+00,Febrero,25,Sábado,1899/12/30 00:00:00+00,12:20:00,12,REGION ANTOFAGASTA,ANTOFAGASTA,COLISION,COLISION,URBANA,TRAMO DE VIA RECTA,IMPRUDENCIA DEL CONDUCTOR,CONDUCCION NO ATENTO CONDICIONES TRANSITO MOMENTO,ANDRES SABELLA GALVEZ,SANTIAGO AMENGUAL,ANDRES SABELLA GALVEZ - SANTIAGO AMENGUAL,0, , ,BIDIRECCIONAL,ASFALTO,BUENO,SECO,DESPEJADO,0,0,0,1,02,021,02101,Antofagasta,Antofagasta,Antofagasta,Interseccion,"ANDRES SABELLA GALVEZ & SANTIAGO AMENGUAL, Antofagasta",-23.666423,-70.396166
-7996168.30191246,-4320740.41634921,3792,2023,1507795,2023/01/27 00:00:00+00,Enero,27,Viernes,1899/12/30 00:00:00+00,08:20:00,8,REGION MAULE,PARRAL,COLISION PERPENDICULAR,COLISION,URBANA,CRUCE CON SEÑAL CEDA EL PASO,DESOBEDIENCIA A SEÑALIZACION,SEÑALIZACION DESOBEDECER SEÑAL CEDA EL PASO,1 SUR,VICTORIA,1 SUR - VICTORIA,0, , ,UNIDIRECCIONAL,ASFALTO,BUENO,SECO,DESPEJADO,0,0,0,1,07,074,07404,Maule,Linares,Parral,Interseccion,"1 SUR & VICTORIA, Parral",-36.14608,-71.830802
-8135527.39338411,-4407221.00179484,3793,2023,1580902,2023/12/20 00:00:00+00,Diciembre,20,Miércoles,1899/12/30 00:00:00+00,08:45:00,8,REGION BIO BIO,TALCAHUANO,VOLCADURA,VOLCADURA,RURAL,TRAMO DE VIA RECTA,VELOCIDAD IMPRUDENTE,VELOCIDAD NO RAZONABLE NI PRUDENTE, , , ,0,RUTA 154,"6,6",BIDIRECCIONAL,CONCRETO,BUENO,SECO,DESPEJADO,0,0,0,1,08,081,08110,Biobío,Concepción,Talcahuano,Ruta,"RUTA 154 km 6,6",-36.770899,-73.082686
-8139102.52809102,-4950060.26320216,3794,2023,1512214,2023/02/25 00:00:00+00,Febrero,25,Sábado,1899/12/30 00:00:00+00,12:20:00,12,REGION LOS LAGOS,OSORNO,COLISION POR ALCANCE,COLISION,URBANA,CRUCE CON SEMAFORO FUNCIONANDO,VELOCIDAD IMPRUDENTE,VELOCIDAD NO RAZONABLE NI PRUDENTE,JUAN MACKENNA,DIEGO PORTALES,DIEGO PORTALES - JUAN MACKENNA,0, , ,BIDIRECCIONAL CON BANDEJON,CONCRETO,BUENO,SECO,DESPEJADO,0,2,0,0,10,103,10301,Los Lagos,Osorno,Osorno,Interseccion,"DIEGO PORTALES & JUAN MACKENNA, Osorno",-40.576401,-73.114802
-7866909.11858039,-3951198.22543364,3795,2023,1519189,2023/03/24 00:00:00+00,Marzo,24,Viernes,1899/12/30 00:00:00+00,07:55:00,7,REGION METROPOLITANA,INDEPENDENCIA,COLISION PERPENDICULAR,COLISION,URBANA,CRUCE CON SEMAFORO FUNCIONANDO,IMPRUDENCIA DEL CONDUCTOR,VIRAJES INDEBIDOS,SALOMON SACK,SOBERANIA,SALOMON SACK - SOBERANIA,0, , ,BIDIRECCIONAL,CONCRETO,BUENO,SECO,DESPEJADO,0,0,0,1,13,131,13108,Metropolitana de Santiago,Santiago,Independencia,Interseccion,"SALOMON SACK & SOBERANIA, Independencia",-33.420095,-70.669647
-7963365.45354627,-3891616.01901831,3796,2023,1507150,2023/01/27 00:00:00+00,Enero,27,Viernes,1899/12/30 00:00:00+00,09:25:00,9,REGION VALPARAISO,VIÑA DEL MAR,VOLCADURA,VOLCADURA,URBANA,TRAMO DE VIA CURVA VERTICAL,IMPRUDENCIA DEL CONDUCTOR,CONDUCCION NO ATENTO CONDICIONES TRANSITO MOMENTO,GASTON HAMMEL NIETO,BALMACEDA,BALMACEDA - GASTON HAMMEL NIETO,0, , ,BIDIRECCIONAL,CONCRETO,BUENO,SECO,DESPEJADO,0,1,0,0,05,051,05109,Valparaíso,Valparaíso,Viña del Mar,Interseccion,"BALMACEDA & GASTON HAMMEL NIETO, Viña del Mar",-32.972211,-71.536129
-7875118.49407513,-3858020.05717884,3797,2023,1579609,2023/12/20 00:00:00+00,Diciembre,20,Miércoles,1899/12/30 00:00:00+00,13:00:00,13,REGION VALPARAISO,SAN FELIPE,COLISION LATERAL,COLISION,RURAL,TRAMO DE VIA RECTA,IMPRUDENCIA DEL CONDUCTOR,CONDUCCION NO ATENTO CONDICIONES TRANSITO MOMENTO, , , ,0,"E-71, E-41",5,BIDIRECCIONAL,CONCRETO,REGULAR,SECO,DESPEJADO,1,0,0,0,05,057,05701,Valparaíso,San Felipe de Aconcagua,San Felipe,Ruta,"E-71, E-41 km 5",-32.71866,-70.743393
-7974638.55575106,-4221615.99992829,3798,2023,1519193,2023/03/24 00:00:00+00,Marzo,24,Viernes,1899/12/30 00:00:00+00,08:00:00,8,REGION MAULE,TALCA,COLISION LATERAL,COLISION,URBANA,TRAMO DE VIA RECTA,IMPRUDENCIA DEL CONDUCTOR,CONDUCCION NO ATENTO CONDICIONES TRANSITO MOMENTO,18 ORIENTE,6 SUR,18 ORIENTE - 6 SUR,0, , ,BIDIRECCIONAL,CONCRETO,BUENO,SECO,DESPEJADO,0,0,1,1,07,071,07101,Maule,Talca,Talca,Interseccion,"18 ORIENTE & 6 SUR, Talca",-35.423741,-71.637397
-7861083.88096894,-3952953.66613532,3799,2023,1512836,2023/02/25 00:00:00+00,Febrero,25,Sábado,1899/12/30 00:00:00+00,13:10:00,13,REGION METROPOLITANA,PROVIDENCIA,COLISION POR ALCANCE,COLISION,URBANA,CRUCE CON SEMAFORO FUNCIONANDO,IMPRUDENCIA DEL CONDUCTOR,CONDUCCION CAMBIAR SORPRESIVAMENTE PISTA CIRCULACION,LOS LEONES,ELIODORO YAÑEZ,ELIODORO YAÑEZ - LOS LEONES,0, , ,UNIDIRECCIONAL,ASFALTO,BUENO,SECO,DESPEJADO,0,0,0,1,13,131,13123,Metropolitana de Santiago,Santiago,Providencia,Interseccion,"ELIODORO YAÑEZ & LOS LEONES, Providencia",-33.433256,-70.617318
-7875375.74509166,-4053076.70399234,3800,2023,1508397,2023/01/27 00:00:00+00,Enero,27,Viernes,1899/12/30 00:00:00+00,14:40:00,14,REGION LIB.B.O'HIGGINS,RANCAGUA,VOLCADURA,VOLCADURA,URBANA,CRUCE CON SEMAFORO FUNCIONANDO,VELOCIDAD IMPRUDENTE,VELOCIDAD NO RAZONABLE NI PRUDENTE,CACHAPOAL,LAS TORRES,CACHAPOAL - LAS TORRES,0, , ,BIDIRECCIONAL,CONCRETO,BUENO,SECO,DESPEJADO,0,0,0,1,06,061,06101,Libertador General Bernardo O'Higgins,Cachapoal,Rancagua,Interseccion,"CACHAPOAL & LAS TORRES, Rancagua",-34.18059,-70.745704
-8115728.23359643,-4837470.56486728,3801,2023,1580170,2023/12/21 00:00:00+00,Diciembre,21,Jueves,1899/12/30 00:00:00+00,19:10:00,19,REGION DE LOS RIOS,MAFIL,COLISION,COLISION,RURAL,TRAMO DE VIA CURVA HORIZONTAL,ALCOHOL EN CONDUCTOR,CONDUCCION BAJO LA INFLUENCIA DEL ALCOHOL, , , ,0,T-289,1,BIDIRECCIONAL,RIPIO,REGULAR, ,DESPEJADO,0,1,0,0,14,141,14105,Los Ríos,Valdivia,Máfil,Ruta,T-289 km 1,-39.803791,-72.904827
-7943300.33804769,-3900750.21448069,3802,2023,1520141,2023/03/24 00:00:00+00,Marzo,24,Viernes,1899/12/30 00:00:00+00,08:40:00,8,REGION VALPARAISO,VILLA ALEMANA,COLISION,COLISION,URBANA,TRAMO DE VIA RECTA,DESOBEDIENCIA A SEÑALIZACION,SEÑALIZACION DESOBEDECER LUZ ROJA DE SEMAFORO,SARGENTO ALDEA,RIQUELME,RIQUELME - SARGENTO ALDEA,0, , ,BIDIRECCIONAL,CONCRETO,BUENO,SECO,DESPEJADO,0,0,0,1,05,058,05804,Valparaíso,Marga Marga,Villa Alemana,Interseccion,"RIQUELME & SARGENTO ALDEA, Villa Alemana",-33.041022,-71.355881