X,Y,FID,Año,IdAccident,Fecha,Mes,Dia_mes,Dia_semana,Hora,Hora_texto,Hora_aprox,Región,Comuna,Tipo_Accid,Tipo__CONA,Zona,Ubicación,Causa__CON,Causa_Acci,Calle_Uno,Calle_Dos,Intersecci,Número,Ruta,Ubicaci_1,Calzada,Tipo_Calza,Estado_Cal,Condición,Estado_Atm,Fallecidos,Graves,Menos_Grav,Leves,CUT_REG,CUT_PROV,CUT_COM,REGION,PROVINCIA,COMUNA1,Tipo_direc,Direccion,Lat,Lon
-7903048.65730796,-4107358.89380254,3803,2023,1506055,2023/01/27 00:00:00+00,Enero,27,Viernes,1899/12/30 00:00:00+00,16:30:00,16,REGION LIB.B.O'HIGGINS,SAN FERNANDO,COLISION LATERAL,COLISION,URBANA,TRAMO DE VIA RECTA,IMPRUDENCIA DEL CONDUCTOR,ADELANTAMIENTO SIN EL ESPACIO O TIEMPO SUFICIENTE,CARDENAL CARO,NEGRETE,CARDENAL CARO - NEGRETE,0, , ,UNIDIRECCIONAL,ASFALTO,BUENO,SECO,DESPEJADO,1,0,0,0,06,063,06301,Libertador General Bernardo O'Higgins,Colchagua,San Fernando,Interseccion,"CARDENAL CARO & NEGRETE, San Fernando",-34.583022,-70.994294
-7868040.56988482,-3946527.94952425,3804,2023,1514483,2023/02/25 00:00:00+00,Febrero,25,Sábado,1899/12/30 00:00:00+00,14:57:00,14,REGION METROPOLITANA,CONCHALI,ATROPELLO,ATROPELLO,URBANA,OTROS NO CONSIDERADOS,ALCOHOL EN CONDUCTOR,CONDUCCION EN ESTADO DE EBRIEDAD,INDEPENDENCIA,VECINAL,INDEPENDENCIA - VECINAL,0, , ,UNIDIRECCIONAL,CONCRETO,BUENO,SECO,DESPEJADO,0,0,0,1,13,131,13104,Metropolitana de Santiago,Santiago,Conchalí,Interseccion,"INDEPENDENCIA & VECINAL, Conchalí",-33.385071,-70.679811
-8138235.61745979,-4906460.68771841,3805,2023,1580505,2023/12/21 00:00:00+00,Diciembre,21,Jueves,1899/12/30 00:00:00+00,21:51:00,21,REGION DE LOS RIOS,LA UNION,COLISION POR ALCANCE,COLISION,RURAL,TRAMO DE VIA RECTA,IMPRUDENCIA DEL CONDUCTOR,NO RESPETAR DERECHO PREFERENTE DE PASO A VEHICULO, , , ,0,T-780,3,BIDIRECCIONAL,ASFALTO,REGULAR,SECO,DESPEJADO,0,1,0,0,14,142,14201,Los Ríos,Ranco,La Unión,Ruta,T-780 km 3,-40.278258,-73.107014
-7804104.44297555,-2302523.60264641,3806,2023,1527453,2023/02/25 00:00:00+00,Febrero,25,Sábado,1899/12/30 00:00:00+00,16:30:00,16,REGION TARAPACA,ALTO HOSPICIO,COLISION LATERAL,COLISION,URBANA,TRAMO DE VIA RECTA,IMPRUDENCIA DEL CONDUCTOR,CONDUCCION NO ATENTO CONDICIONES TRANSITO MOMENTO,EL BORO,SALITRERA DELAWARE,EL BORO - SALITRERA DELAWARE,0, , ,BIDIRECCIONAL,ASFALTO,BUENO,SECO,DESPEJADO,0,0,0,1,01,011,01107,Tarapacá,Iquique,Alto Hospicio,Interseccion,"EL BORO & SALITRERA DELAWARE, Alto Hospicio",-20.248762,-70.105463
-7861702.37203752,-3958513.05094118,3807,2023,1508250,2023/01/27 00:00:00+00,Enero,27,Viernes,1899/12/30 00:00:00+00,20:30:00,20,REGION METROPOLITANA,MACUL,COLISION LATERAL,COLISION,URBANA,CRUCE CON SEMAFORO FUNCIONANDO,IMPRUDENCIA DEL CONDUCTOR,NO RESPETAR DERECHO PREFERENTE DE PASO A VEHICULO,VICUÑA MACKENNA,RODRIGO DE ARAYA,RODRIGO DE ARAYA - VICUÑA MACKENNA,0, , ,BIDIRECCIONAL CON BANDEJON,CONCRETO,BUENO,SECO,DESPEJADO,0,0,1,1,13,131,13118,Metropolitana de Santiago,Santiago,Macul,Interseccion,"RODRIGO DE ARAYA & VICUÑA MACKENNA, Macul",-33.474923,-70.622874
-7955426.26733172,-3890002.83842712,3808,2023,1583299,2023/12/22 00:00:00+00,Diciembre,22,Viernes,1899/12/30 00:00:00+00,07:40:00,7,REGION VALPARAISO,CONCON,COLISION,COLISION,RURAL,TRAMO DE VIA RECTA,IMPRUDENCIA DEL CONDUCTOR,VIRAJES INDEBIDOS, , , ,0,F-528,4,BIDIRECCIONAL,ASFALTO,BUENO,SECO,DESPEJADO,0,0,0,1,05,051,05103,Valparaíso,Valparaíso,Concón,Ruta,F-528 km 4,-32.960053,-71.46481
-7869420.72007475,-3955729.70237105,3809,2023,1534623,2023/03/24 00:00:00+00,Marzo,24,Viernes,1899/12/30 00:00:00+00,12:00:00,12,REGION METROPOLITANA,ESTACION CENTRAL,COLISION POR ALCANCE,COLISION,URBANA,CRUCE CON SEMAFORO FUNCIONANDO,IMPRUDENCIA DEL CONDUCTOR,CONDUCCION NO ATENTO CONDICIONES TRANSITO MOMENTO,LIBER BERNARDO O'HIGGINS,TORO MAZOTE,LIBER BERNARDO O'HIGGINS - TORO MAZOTE,0, , ,BIDIRECCIONAL CON BANDEJON,ASFALTO,BUENO,SECO,DESPEJADO,0,0,0,0,13,131,13106,Metropolitana de Santiago,Santiago,Estación Central,Interseccion,"LIBER BERNARDO O'HIGGINS & TORO MAZOTE, Estación Central",-33.454065,-70.692209
-8131384.41383585,-4414851.8984552,3810,2023,1506473,2023/01/27 00:00:00+00,Enero,27,Viernes,1899/12/30 00:00:00+00,20:40:00,20,REGION BIO BIO,CONCEPCION,COLISION,COLISION,URBANA,CRUCE CON SEMAFORO FUNCIONANDO,VELOCIDAD IMPRUDENTE,VELOCIDAD NO RAZONABLE NI PRUDENTE,O'HIGGINS,TUCAPEL,O'HIGGINS - TUCAPEL,0, , ,UNIDIRECCIONAL,CONCRETO,BUENO,SECO,DESPEJADO,0,0,0,1,08,081,08101,Biobío,Concepción,Concepción,Interseccion,"O'HIGGINS & TUCAPEL, Concepción",-36.82579,-73.045469
-7950622.29668101,-4098798.75782551,3811,2023,1580168,2023/12/22 00:00:00+00,Diciembre,22,Viernes,1899/12/30 00:00:00+00,17:30:00,17,REGION LIB.B.O'HIGGINS,PALMILLA,COLISION POR ALCANCE,COLISION,RURAL,TRAMO DE VIA RECTA,IMPRUDENCIA DEL CONDUCTOR,CONDUCCION NO ATENTO CONDICIONES TRANSITO MOMENTO, , , ,0,I-50,"50,8",BIDIRECCIONAL,ASFALTO,REGULAR,SECO,DESPEJADO,1,0,0,0,06,063,06306,Libertador General Bernardo O'Higgins,Colchagua,Palmilla,Ruta,"I-50 km 50,8",-34.519688,-71.421655
-7929966.82337668,-4161777.80870343,3812,2023,1508131,2023/01/27 00:00:00+00,Enero,27,Viernes,1899/12/30 00:00:00+00,22:40:00,22,REGION MAULE,CURICO,COLISION PERPENDICULAR,COLISION,URBANA,CRUCE CON SEMAFORO FUNCIONANDO,DESOBEDIENCIA A SEÑALIZACION,SEÑALIZACION DESOBEDECER LUZ ROJA DE SEMAFORO,CHACABUCO,MERCED,CHACABUCO - MERCED,0, , ,UNIDIRECCIONAL,ASFALTO,BUENO,SECO,DESPEJADO,0,1,0,0,07,073,07301,Maule,Curicó,Curicó,Interseccion,"CHACABUCO & MERCED, Curicó",-34.984521,-71.236104
-7876681.30007968,-3962338.8065142,3813,2023,1512776,2023/02/25 00:00:00+00,Febrero,25,Sábado,1899/12/30 00:00:00+00,20:00:00,20,REGION METROPOLITANA,MAIPU,COLISION LATERAL,COLISION,URBANA,CRUCE CON SEMAFORO FUNCIONANDO,IMPRUDENCIA DEL CONDUCTOR,CONDUCCION CAMBIAR SORPRESIVAMENTE PISTA CIRCULACION,LOS PAJARITOS,CHILE,CHILE - LOS PAJARITOS,0, , ,BIDIRECCIONAL,ASFALTO,BUENO,SECO,DESPEJADO,0,1,0,0,13,131,13119,Metropolitana de Santiago,Santiago,Maipú,Interseccion,"CHILE & LOS PAJARITOS, Maipú",-33.503585,-70.757432
-7973426.81562012,-4178269.11028756,3814,2023,1579998,2023/12/22 00:00:00+00,Diciembre,22,Viernes,1899/12/30 00:00:00+00,19:20:00,19,REGION MAULE,CUREPTO,CHOQUE FRONTAL,CHOQUE,RURAL,TRAMO DE VIA CURVA HORIZONTAL,VELOCIDAD IMPRUDENTE,"VELOCIDAD NO REDUCIR CRUCE DE CALLES, CUMBRE, CURVA, ETC.", , , ,0,"K-60, K-16",41,BIDIRECCIONAL,ASFALTO,BUENO,SECO,DESPEJADO,1,0,0,1,07,071,07103,Maule,Talca,Curepto,Ruta,"K-60, K-16 km 41",-35.105806,-71.626512
-8145534.34569686,-4950180.73783579,3815,2023,1509171,2023/01/27 00:00:00+00,Enero,27,Viernes,1899/12/30 00:00:00+00,23:30:00,23,REGION LOS LAGOS,OSORNO,VOLCADURA,VOLCADURA,URBANA,TRAMO DE VIA RECTA,VELOCIDAD IMPRUDENTE,VELOCIDAD NO RAZONABLE NI PRUDENTE,NUEVA PONIENTE,PARINACOTA,NUEVA PONIENTE - PARINACOTA,0, , ,BIDIRECCIONAL,CONCRETO,BUENO,SECO,DESPEJADO,0,0,0,1,10,103,10301,Los Lagos,Osorno,Osorno,Interseccion,"NUEVA PONIENTE & PARINACOTA, Osorno",-40.577223,-73.17258
-7966864.44779202,-3898508.71590863,3816,2023,1512953,2023/02/25 00:00:00+00,Febrero,25,Sábado,1899/12/30 00:00:00+00,20:10:00,20,REGION VALPARAISO,VALPARAISO,COLISION LATERAL,COLISION,URBANA,TRAMO DE VIA RECTA,IMPRUDENCIA DEL CONDUCTOR,VIRAJES INDEBIDOS,QUEBRADA VERDE,CORONEL TORO HERRERA,CORONEL TORO HERRERA - QUEBRADA VERDE,0, , ,BIDIRECCIONAL,ASFALTO,BUENO,SECO,DESPEJADO,0,0,0,0,05,051,05101,Valparaíso,Valparaíso,Valparaíso,Interseccion,"CORONEL TORO HERRERA & QUEBRADA VERDE, Valparaíso",-33.024141,-71.567561
-7870607.93130098,-3951808.41796138,3817,2023,1520289,2023/03/24 00:00:00+00,Marzo,24,Viernes,1899/12/30 00:00:00+00,12:30:00,12,REGION METROPOLITANA,QUINTA NORMAL,COLISION FRONTAL,COLISION,URBANA,CRUCE CON SEMAFORO FUNCIONANDO,IMPRUDENCIA DEL CONDUCTOR,CONDUCCION NO ATENTO CONDICIONES TRANSITO MOMENTO,SALVADOR GUTIERREZ,RADAL,RADAL - SALVADOR GUTIERREZ,0, , ,BIDIRECCIONAL,ASFALTO,BUENO,SECO,DESPEJADO,0,1,0,0,13,131,13126,Metropolitana de Santiago,Santiago,Quinta Normal,Interseccion,"RADAL & SALVADOR GUTIERREZ, Quinta Normal",-33.42467,-70.702874
-7855652.27813833,-3866196.78921561,3818,2023,1580072,2023/12/22 00:00:00+00,Diciembre,22,Viernes,1899/12/30 00:00:00+00,19:30:00,19,REGION VALPARAISO,SAN ESTEBAN,VOLCADURA,VOLCADURA,RURAL,TRAMO DE VIA CURVA VERTICAL,VELOCIDAD IMPRUDENTE,VELOCIDAD NO RAZONABLE NI PRUDENTE, , , ,0,E-753,"0,1",BIDIRECCIONAL,ASFALTO,REGULAR,SECO,DESPEJADO,1,0,0,0,05,053,05304,Valparaíso,Los Andes,San Esteban,Ruta,"E-753 km 0,1",-32.780437,-70.568525
-7861452.77149753,-3970177.90059747,3819,2023,1505949,2023/01/28 00:00:00+00,Enero,28,Sábado,1899/12/30 00:00:00+00,00:00:00,0,REGION METROPOLITANA,LA PINTANA,COLISION FRONTAL,COLISION,URBANA,CRUCE SIN SEÑALIZACION,IMPRUDENCIA DEL CONDUCTOR,CONDUCCION CONTRA SENTIDO DEL TRANSITO,GRAL ARRIAGADA,PABLO NERUDA,GRAL ARRIAGADA - PABLO NERUDA,0, , ,BIDIRECCIONAL,ASFALTO,BUENO,SECO,DESPEJADO,0,0,0,1,13,131,13112,Metropolitana de Santiago,Santiago,La Pintana,Interseccion,"GRAL ARRIAGADA & PABLO NERUDA, La Pintana",-33.562285,-70.620632
-7809002.68984698,-2299764.821753,3820,2023,1519421,2023/03/24 00:00:00+00,Marzo,24,Viernes,1899/12/30 00:00:00+00,13:30:00,13,REGION TARAPACA,IQUIQUE,COLISION LATERAL,COLISION,URBANA,TRAMO DE VIA RECTA,IMPRUDENCIA DEL CONDUCTOR,CONDUCCION NO ATENTO CONDICIONES TRANSITO MOMENTO,ARTURO PRAT,VIVAR,ARTURO PRAT - VIVAR,0, , ,UNIDIRECCIONAL,ASFALTO,BUENO,SECO,DESPEJADO,0,0,0,0,01,011,01101,Tarapacá,Iquique,Iquique,Interseccion,"ARTURO PRAT & VIVAR, Iquique",-20.225509,-70.149465
-7866368.21717463,-3954841.98564011,3821,2023,1513411,2023/02/25 00:00:00+00,Febrero,25,Sábado,1899/12/30 00:00:00+00,21:50:00,21,REGION METROPOLITANA,SANTIAGO,COLISION POR ALCANCE,COLISION,URBANA,TRAMO DE VIA RECTA,IMPRUDENCIA DEL CONDUCTOR,CONDUCCION SIN MANTENER DISTANCIA RAZONABLE NI PRUDENTE,LIBER BERNARDO O'HIGGINS,BRASIL,BRASIL - LIBER BERNARDO O'HIGGINS,0, , ,UNIDIRECCIONAL,CONCRETO,BUENO,SECO,DESPEJADO,0,0,0,0,13,131,13101,Metropolitana de Santiago,Santiago,Santiago,Interseccion,"BRASIL & LIBER BERNARDO O'HIGGINS, Santiago",-33.447411,-70.664788
-7936458.60064363,-3497676.46353137,3822,2023,1580544,2023/12/22 00:00:00+00,Diciembre,22,Viernes,1899/12/30 00:00:00+00,19:40:00,19,REGION COQUIMBO,COQUIMBO,COLISION PERPENDICULAR,COLISION,RURAL,CRUCE CON SEÑAL PARE,DESOBEDIENCIA A SEÑALIZACION,SEÑALIZACION DESOBEDECER SEÑAL PARE, , , ,0,RUTA 5 NORTE,"463,1",BIDIRECCIONAL CON BANDEJON,ASFALTO,REGULAR,SECO,DESPEJADO,0,0,0,1,04,041,04102,Coquimbo,Elqui,Coquimbo,Ruta,"RUTA 5 NORTE km 463,1",-29.954297,-71.294421
-7930630.00933214,-3491817.32546323,3823,2023,1506254,2023/01/28 00:00:00+00,Enero,28,Sábado,1899/12/30 00:00:00+00,00:45:00,0,REGION COQUIMBO,LA SERENA,CHOQUE FRONTAL,CHOQUE,URBANA,CRUCE CON SEÑAL PARE,VELOCIDAD IMPRUDENTE,VELOCIDAD NO RAZONABLE NI PRUDENTE,JUAN DE DIOS PENI,JUAN CISTERNAS,JUAN CISTERNAS - JUAN DE DIOS PENI,0, , ,UNIDIRECCIONAL,CONCRETO,BUENO,SECO,DESPEJADO,1,0,0,0,04,041,04101,Coquimbo,Elqui,La Serena,Interseccion,"JUAN CISTERNAS & JUAN DE DIOS PENI, La Serena",-29.908683,-71.242062
-7858027.27034621,-3869711.72287599,3824,2023,1519276,2023/03/24 00:00:00+00,Marzo,24,Viernes,1899/12/30 00:00:00+00,13:50:00,13,REGION VALPARAISO,SAN ESTEBAN,COLISION LATERAL,COLISION,URBANA,CRUCE CON SEÑAL PARE,DESOBEDIENCIA A SEÑALIZACION,SEÑALIZACION DESOBEDECER SEÑAL PARE,LAS PARRAS,TOCORNAL,LAS PARRAS - TOCORNAL,0, , ,BIDIRECCIONAL,ASFALTO,BUENO,SECO,DESPEJADO,0,0,0,2,05,053,05304,Valparaíso,Los Andes,San Esteban,Interseccion,"LAS PARRAS & TOCORNAL, San Esteban",-32.80698,-70.58986
-7990053.7869564,-4357555.38886002,3825,2023,1583400,2023/12/23 00:00:00+00,Diciembre,23,Sábado,1899/12/30 00:00:00+00,16:50:00,16,REGION ÑUBLE,SAN CARLOS,COLISION LATERAL,COLISION,RURAL,TRAMO DE VIA RECTA,IMPRUDENCIA DEL CONDUCTOR,CONDUCCION NO ATENTO CONDICIONES TRANSITO MOMENTO, , , ,0,N-275,"2,6",BIDIRECCIONAL,ASFALTO,BUENO,SECO,DESPEJADO,0,2,0,1,16,163,16301,Ñuble,Punilla,San Carlos,Ruta,"N-275 km 2,6",-36.412682,-71.775874
-7861699.58905025,-3952753.97980708,3826,2023,1512831,2023/02/26 00:00:00+00,Febrero,26,Domingo,1899/12/30 00:00:00+00,00:00:00,0,REGION METROPOLITANA,PROVIDENCIA,COLISION LATERAL,COLISION,URBANA,CRUCE CON SEMAFORO FUNCIONANDO,DESOBEDIENCIA A SEÑALIZACION,SEÑALIZACION DESOBEDECER LUZ ROJA DE SEMAFORO,PROVIDENCIA,HUELEN,HUELEN - PROVIDENCIA,0, , ,UNIDIRECCIONAL,ASFALTO,BUENO,SECO,DESPEJADO,0,1,0,0,13,131,13123,Metropolitana de Santiago,Santiago,Providencia,Interseccion,"HUELEN & PROVIDENCIA, Providencia",-33.431759,-70.622849
-7975436.22497996,-4242893.10871692,3827,2023,1580013,2023/12/24 00:00:00+00,Diciembre,24,Domingo,1899/12/30 00:00:00+00,10:30:00,10,REGION MAULE,SAN JAVIER,COLISION FRONTAL,COLISION,RURAL,TRAMO DE VIA RECTA,ALCOHOL EN CONDUCTOR,CONDUCCION BAJO LA INFLUENCIA DEL ALCOHOL, , , ,0,L-11,5,BIDIRECCIONAL,ASFALTO,BUENO,SECO,DESPEJADO,0,1,0,0,07,074,07406,Maule,Linares,San Javier,Ruta,L-11 km 5,-35.579344,-71.644563
-7861451.1239468,-3955740.29622474,3828,2023,1507742,2023/01/28 00:00:00+00,Enero,28,Sábado,1899/12/30 00:00:00+00,01:30:00,1,REGION METROPOLITANA,ÑUÑOA,COLISION FRONTAL,COLISION,URBANA,CRUCE CON SEMAFORO FUNCIONANDO,IMPRUDENCIA DEL CONDUCTOR,CONDUCCION NO ATENTO CONDICIONES TRANSITO MOMENTO,SALVADOR,DUBLE ALMEYDA,DUBLE ALMEYDA - SALVADOR,0, , ,BIDIRECCIONAL,CONCRETO,BUENO,SECO,DESPEJADO,0,0,1,0,13,131,13120,Metropolitana de Santiago,Santiago,Ñuñoa,Interseccion,"DUBLE ALMEYDA & SALVADOR, Ñuñoa",-33.454144,-70.620617
-7863229.45281222,-3953519.39591936,3829,2023,1512347,2023/02/26 00:00:00+00,Febrero,26,Domingo,1899/12/30 00:00:00+00,04:50:00,4,REGION METROPOLITANA,SANTIAGO,COLISION POR ALCANCE,COLISION,URBANA,CRUCE CON SEMAFORO FUNCIONANDO,IMPRUDENCIA DEL CONDUCTOR,VIRAJES INDEBIDOS,LIBER BERNARDO O'HIGGINS,IRENE MORALES,IRENE MORALES - LIBER BERNARDO O'HIGGINS,0, , ,BIDIRECCIONAL CON BANDEJON,ASFALTO,BUENO,SECO,DESPEJADO,1,1,0,0,13,131,13101,Metropolitana de Santiago,Santiago,Santiago,Interseccion,"IRENE MORALES & LIBER BERNARDO O'HIGGINS, Santiago",-33.437497,-70.636592
-7826014.21160349,-2094420.02347566,3830,2023,1520065,2023/03/24 00:00:00+00,Marzo,24,Viernes,1899/12/30 00:00:00+00,13:55:00,13,REGION ARICA Y PARINACOTA,ARICA,COLISION LATERAL,COLISION,URBANA,OTROS NO CONSIDERADOS,IMPRUDENCIA DEL CONDUCTOR,ADELANTAMIENTO SIN EL ESPACIO O TIEMPO SUFICIENTE,18 DE SEPTIEMBRE,JOSE VICTORINO LASTARRIA,18 DE SEPTIEMBRE - JOSE VICTORINO LASTARRIA,0, , ,BIDIRECCIONAL,ASFALTO,BUENO,SECO,DESPEJADO,0,0,0,1,15,151,15101,Arica y Parinacota,Arica,Arica,Interseccion,"18 DE SEPTIEMBRE & JOSE VICTORINO LASTARRIA, Arica",-18.485206,-70.302282
-7963146.83268623,-4641086.09403285,3831,2023,1580794,2023/12/24 00:00:00+00,Diciembre,24,Domingo,1899/12/30 00:00:00+00,12:00:00,12,REGION ARAUCANIA,CURACAUTIN,VOLCADURA,VOLCADURA,RURAL,TRAMO DE VIA RECTA,VELOCIDAD IMPRUDENTE,VELOCIDAD NO RAZONABLE NI PRUDENTE, , , ,0,R-785,2,BIDIRECCIONAL,CONCRETO,BUENO,SECO,DESPEJADO,0,0,1,0,09,092,09203,La Araucanía,Malleco,Curacautín,Ruta,R-785 km 2,-38.435182,-71.534165
-7853780.09783623,-3957806.42176521,3832,2023,1506287,2023/01/28 00:00:00+00,Enero,28,Sábado,1899/12/30 00:00:00+00,02:04:00,2,REGION METROPOLITANA,PEÑALOLEN,COLISION FRONTAL,COLISION,URBANA,CRUCE CON SEMAFORO FUNCIONANDO,ALCOHOL EN CONDUCTOR,CONDUCCION EN ESTADO DE EBRIEDAD,MARIANO SANCHEZ FONTECILLA,LAS PARCELAS,LAS PARCELAS - MARIANO SANCHEZ FONTECILLA,0, , ,BIDIRECCIONAL,CONCRETO,BUENO,SECO,DESPEJADO,0,0,0,2,13,131,13122,Metropolitana de Santiago,Santiago,Peñalolén,Interseccion,"LAS PARCELAS & MARIANO SANCHEZ FONTECILLA, Peñalolén",-33.469628,-70.551707
-7876073.05038199,-3961890.92130978,3833,2023,1512780,2023/02/26 00:00:00+00,Febrero,26,Domingo,1899/12/30 00:00:00+00,05:20:00,5,REGION METROPOLITANA,MAIPU,COLISION LATERAL,COLISION,URBANA,CRUCE CON SEMAFORO FUNCIONANDO,DESOBEDIENCIA A SEÑALIZACION,SEÑALIZACION DESOBEDECER LUZ ROJA DE SEMAFORO,PRIMERA TRANSVERSAL,CENTRAL GONZALO PEREZ LLONA,CENTRAL GONZALO PEREZ LLONA - PRIMERA TRANSVERSAL,0, , ,BIDIRECCIONAL CON BANDEJON,ASFALTO,BUENO,SECO,DESPEJADO,0,0,0,0,13,131,13119,Metropolitana de Santiago,Santiago,Maipú,Interseccion,"CENTRAL GONZALO PEREZ LLONA & PRIMERA TRANSVERSAL, Maipú",-33.50023,-70.751968
-7867199.12811781,-3957085.79788949,3834,2023,1520010,2023/03/24 00:00:00+00,Marzo,24,Viernes,1899/12/30 00:00:00+00,15:30:00,15,REGION METROPOLITANA,SANTIAGO,COLISION,COLISION,URBANA,TRAMO DE VIA RECTA,IMPRUDENCIA DEL CONDUCTOR,CONDUCCION NO ATENTO CONDICIONES TRANSITO MOMENTO,LIBER BERNARDO O'HIGGINS,BASCUÑAN GUERRERO,BASCUÑAN GUERRERO - LIBER BERNARDO O'HIGGINS,0, , ,UNIDIRECCIONAL,ASFALTO,REGULAR,SECO,DESPEJADO,0,0,0,0,13,131,13101,Metropolitana de Santiago,Santiago,Santiago,Interseccion,"BASCUÑAN GUERRERO & LIBER BERNARDO O'HIGGINS, Santiago",-33.464228,-70.672252
-8113478.02058577,-4385723.05673163,3835,2023,1580670,2023/12/24 00:00:00+00,Diciembre,24,Domingo,1899/12/30 00:00:00+00,19:30:00,19,REGION BIO BIO,TOME,COLISION PERPENDICULAR,COLISION,RURAL,TRAMO DE VIA RECTA,DESOBEDIENCIA A SEÑALIZACION,SEÑALIZACION DESOBEDECER SEÑAL PARE, , , ,0,RUTA 126,169,BIDIRECCIONAL,CONCRETO,BUENO,SECO,DESPEJADO,0,1,0,2,08,081,08111,Biobío,Concepción,Tomé,Ruta,RUTA 126 km 169,-36.616048,-72.884613
-7959945.94151714,-3752392.97091137,3836,2023,1520422,2023/03/24 00:00:00+00,Marzo,24,Viernes,1899/12/30 00:00:00+00,16:00:00,16,REGION COQUIMBO,LOS VILOS,CHOQUE,CHOQUE,URBANA,TRAMO DE VIA RECTA,IMPRUDENCIA DEL CONDUCTOR,CONDUCCION NO ATENTO CONDICIONES TRANSITO MOMENTO,CALLE UNO,CORSARIO,CALLE UNO - CORSARIO,0, , ,BIDIRECCIONAL,ASFALTO,BUENO,SECO,DESPEJADO,0,0,0,1,04,042,04203,Coquimbo,Choapa,Los Vilos,Interseccion,"CALLE UNO & CORSARIO, Los Vilos",-31.91679,-71.505411
-7863465.78409118,-3953179.23437559,3837,2023,1512545,2023/02/26 00:00:00+00,Febrero,26,Domingo,1899/12/30 00:00:00+00,09:30:00,9,REGION METROPOLITANA,RECOLETA,COLISION LATERAL,COLISION,URBANA,CRUCE CON SEMAFORO FUNCIONANDO,DESOBEDIENCIA A SEÑALIZACION,SEÑALIZACION DESOBEDECER LUZ ROJA DE SEMAFORO,PURISIMA,STA MARIA,PURISIMA - STA MARIA,0, , ,UNIDIRECCIONAL,ASFALTO,BUENO,SECO,DESPEJADO,0,0,0,0,13,131,13127,Metropolitana de Santiago,Santiago,Recoleta,Interseccion,"PURISIMA & STA MARIA, Recoleta",-33.434947,-70.638715
-7879785.77803892,-3952855.89008092,3838,2023,1508722,2023/01/28 00:00:00+00,Enero,28,Sábado,1899/12/30 00:00:00+00,03:30:00,3,REGION METROPOLITANA,PUDAHUEL,COLISION,COLISION,URBANA,TRAMO DE VIA RECTA,ALCOHOL EN CONDUCTOR,CONDUCCION EN ESTADO DE EBRIEDAD,LOS MAITENES,AMERICO VESPUCIO,AMERICO VESPUCIO - LOS MAITENES,0, , ,BIDIRECCIONAL,ASFALTO,REGULAR,SECO,DESPEJADO,0,0,0,0,13,131,13124,Metropolitana de Santiago,Santiago,Pudahuel,Interseccion,"AMERICO VESPUCIO & LOS MAITENES, Pudahuel",-33.432523,-70.78532
-7944524.96604795,-4114852.54401515,3839,2023,1581410,2023/12/24 00:00:00+00,Diciembre,24,Domingo,1899/12/30 00:00:00+00,19:35:00,19,REGION LIB.B.O'HIGGINS,PALMILLA,CHOQUE FRENTE/POSTERIOR,CHOQUE,RURAL,CRUCE CON SEÑAL PARE,IMPRUDENCIA DEL CONDUCTOR,CONDUCCION NO ATENTO CONDICIONES TRANSITO MOMENTO, , , ,0,I-720,7,BIDIRECCIONAL,ASFALTO,BUENO,SECO,DESPEJADO,0,0,0,1,06,063,06306,Libertador General Bernardo O'Higgins,Colchagua,Palmilla,Ruta,I-720 km 7,-34.638426,-71.366882
-7952485.13111072,-3901857.87073767,3840,2023,1505797,2023/01/28 00:00:00+00,Enero,28,Sábado,1899/12/30 00:00:00+00,03:44:00,3,REGION VALPARAISO,QUILPUE,COLISION PERPENDICULAR,COLISION,URBANA,CRUCE CON SEÑAL PARE,ALCOHOL EN CONDUCTOR,CONDUCCION EN ESTADO DE EBRIEDAD,LOS CARRERA,ERRAZURIZ,ERRAZURIZ - LOS CARRERA,0, , ,BIDIRECCIONAL,CONCRETO,BUENO,SECO,DESPEJADO,0,0,0,1,05,058,05801,Valparaíso,Marga Marga,Quilpué,Interseccion,"ERRAZURIZ & LOS CARRERA, Quilpué",-33.049363,-71.438389
-7893650.28659196,-7009260.99656978,3841,2023,1519067,2023/03/24 00:00:00+00,Marzo,24,Viernes,1899/12/30 00:00:00+00,16:00:00,16,REGION MAGALLANES Y ANTARTICA CHILENA,PUNTA ARENAS,COLISION LATERAL,COLISION,URBANA,CRUCE CON SEÑAL CEDA EL PASO,DESOBEDIENCIA A SEÑALIZACION,SEÑALIZACION DESOBEDECER SEÑAL CEDA EL PASO,ARGENTINA,LUIS ALBERTO BARRERA,ARGENTINA - LUIS ALBERTO BARRERA,0, , ,BIDIRECCIONAL,CONCRETO,BUENO,SECO,DESPEJADO,0,1,0,0,12,121,12101,Magallanes y de la Antártica Chilena,Magallanes,Punta Arenas,Interseccion,"ARGENTINA & LUIS ALBERTO BARRERA, Punta Arenas",-53.14175,-70.909867
-7869548.07696383,-3953346.21021109,3842,2023,1512481,2023/02/26 00:00:00+00,Febrero,26,Domingo,1899/12/30 00:00:00+00,17:45:00,17,REGION METROPOLITANA,QUINTA NORMAL,COLISION LATERAL,COLISION,URBANA,CRUCE CON SEÑAL PARE,IMPRUDENCIA DEL CONDUCTOR,CONDUCCION NO ATENTO CONDICIONES TRANSITO MOMENTO,CORDOVA Y FIGUEROA,EDISON,CORDOVA Y FIGUEROA - EDISON,0, , ,BIDIRECCIONAL,CONCRETO,BUENO,SECO,DESPEJADO,0,0,0,0,13,131,13126,Metropolitana de Santiago,Santiago,Quinta Normal,Interseccion,"CORDOVA Y FIGUEROA & EDISON, Quinta Normal",-33.436199,-70.693353