X,Y,FID,Año,IdAccident,Fecha,Mes,Dia_mes,Dia_semana,Hora,Hora_texto,Hora_aprox,Región,Comuna,Tipo_Accid,Tipo__CONA,Zona,Ubicación,Causa__CON,Causa_Acci,Calle_Uno,Calle_Dos,Intersecci,Número,Ruta,Ubicaci_1,Calzada,Tipo_Calza,Estado_Cal,Condición,Estado_Atm,Fallecidos,Graves,Menos_Grav,Leves,CUT_REG,CUT_PROV,CUT_COM,REGION,PROVINCIA,COMUNA1,Tipo_direc,Direccion,Lat,Lon
-8018852.80803212,-4174529.76227801,3843,2023,1579810,2023/12/24 00:00:00+00,Diciembre,24,Domingo,1899/12/30 00:00:00+00,20:00:00,20,REGION MAULE,SAGRADA FAMILIA,IMPACTO CON ANIMAL,OTRO TIPO,RURAL,TRAMO DE VIA RECTA,DEFICIENCIAS VIALES,ANIMALES SUELTOS VIA PUBLICA, , , ,0,K-16,"102,1",BIDIRECCIONAL,ASFALTO,BUENO,SECO,DESPEJADO,0,0,1,0,07,073,07307,Maule,Curicó,Sagrada Familia,Ruta,"K-16 km 102,1",-35.078321,-72.03458
-7872714.84190738,-3863071.1179348,3844,2023,1513059,2023/02/26 00:00:00+00,Febrero,26,Domingo,1899/12/30 00:00:00+00,18:30:00,18,REGION VALPARAISO,SAN FELIPE,COLISION,COLISION,URBANA,CRUCE CON SEMAFORO FUNCIONANDO,ALCOHOL EN CONDUCTOR,CONDUCCION EN ESTADO DE EBRIEDAD,MICHIMALONGO,12 DE FEBRERO,12 DE FEBRERO - MICHIMALONGO,0, , ,BIDIRECCIONAL,CONCRETO,BUENO,SECO,DESPEJADO,0,0,0,1,05,057,05701,Valparaíso,San Felipe de Aconcagua,San Felipe,Interseccion,"12 DE FEBRERO & MICHIMALONGO, San Felipe",-32.756827,-70.721801
-7864400.0885774,-3954467.09868365,3845,2023,1519246,2023/03/24 00:00:00+00,Marzo,24,Viernes,1899/12/30 00:00:00+00,16:30:00,16,REGION METROPOLITANA,SANTIAGO,COLISION POR ALCANCE,COLISION,URBANA,CRUCE CON SEÑAL CEDA EL PASO,IMPRUDENCIA DEL CONDUCTOR,ADELANTAMIENTO SIN EL ESPACIO O TIEMPO SUFICIENTE,PARIS,SAN FRANCISCO,PARIS - SAN FRANCISCO,0, , ,UNIDIRECCIONAL,ASFALTO,BUENO,SECO,DESPEJADO,0,0,0,1,13,131,13101,Metropolitana de Santiago,Santiago,Santiago,Interseccion,"PARIS & SAN FRANCISCO, Santiago",-33.444601,-70.647108
-8056401.71990783,-4504264.00763175,3846,2023,1506781,2023/01/28 00:00:00+00,Enero,28,Sábado,1899/12/30 00:00:00+00,07:40:00,7,REGION BIO BIO,LOS ANGELES,COLISION,COLISION,URBANA,TRAMO DE VIA RECTA,ALCOHOL EN CONDUCTOR,CONDUCCION EN ESTADO DE EBRIEDAD,GALVARINO,PADRE HURTADO,GALVARINO - PADRE HURTADO,0, , ,BIDIRECCIONAL,CONCRETO,BUENO,SECO,DESPEJADO,0,1,0,1,08,083,08301,Biobío,Biobío,Los Angeles,Interseccion,"GALVARINO & PADRE HURTADO, Los Angeles",-37.466016,-72.371888
-7937380.37322686,-3593487.13542811,3847,2023,1579855,2023/12/25 00:00:00+00,Diciembre,25,Lunes,1899/12/30 00:00:00+00,03:19:00,3,REGION COQUIMBO,OVALLE,VOLCADURA,VOLCADURA,RURAL,TRAMO DE VIA RECTA,IMPRUDENCIA DEL CONDUCTOR,VIRAJES INDEBIDOS, , , ,0,D-555,4,BIDIRECCIONAL,ASFALTO,BUENO,SECO,DESPEJADO,0,1,0,0,04,043,04301,Coquimbo,Limarí,Ovalle,Ruta,D-555 km 4,-30.697202,-71.302701
-8024814.81439523,-4386067.06093404,3848,2023,1512983,2023/02/26 00:00:00+00,Febrero,26,Domingo,1899/12/30 00:00:00+00,19:15:00,19,REGION ÑUBLE,CHILLAN,COLISION PERPENDICULAR,COLISION,URBANA,TRAMO DE VIA RECTA,ALCOHOL EN CONDUCTOR,CONDUCCION EN ESTADO DE EBRIEDAD,O'BRIEN,COVADONGA,COVADONGA - O'BRIEN,0, , ,BIDIRECCIONAL,CONCRETO,BUENO,SECO,DESPEJADO,0,0,0,0,16,161,16101,Ñuble,Diguillín,Chillán,Interseccion,"COVADONGA & O'BRIEN, Chillán",-36.618528,-72.088138
-7972217.18178753,-4221399.75715941,3849,2023,1520103,2023/03/24 00:00:00+00,Marzo,24,Viernes,1899/12/30 00:00:00+00,17:15:00,17,REGION MAULE,TALCA,COLISION FRONTAL,COLISION,URBANA,TRAMO DE VIA CURVA HORIZONTAL,IMPRUDENCIA DEL CONDUCTOR,CONDUCCION POR IZQUIERDA EJE CALZADA,13 NORTE,32 1/2 ORIENTE,13 NORTE - 32 1/2 ORIENTE,0, , ,BIDIRECCIONAL,ASFALTO,REGULAR,SECO,DESPEJADO,0,0,1,0,07,071,07101,Maule,Talca,Talca,Interseccion,"13 NORTE & 32 1/2 ORIENTE, Talca",-35.422158,-71.615645
-7965338.97007364,-3898116.37518164,3850,2023,1508496,2023/01/28 00:00:00+00,Enero,28,Sábado,1899/12/30 00:00:00+00,09:15:00,9,REGION VALPARAISO,VIÑA DEL MAR,COLISION POR ALCANCE,COLISION,URBANA,TRAMO DE VIA RECTA,IMPRUDENCIA DEL CONDUCTOR,CONDUCCION NO ATENTO CONDICIONES TRANSITO MOMENTO,2 NORTE,2 PONIENTE,2 NORTE - 2 PONIENTE,0, , ,UNIDIRECCIONAL,CONCRETO,BUENO,SECO,DESPEJADO,0,0,0,2,05,051,05109,Valparaíso,Valparaíso,Viña del Mar,Interseccion,"2 NORTE & 2 PONIENTE, Viña del Mar",-33.021186,-71.553857
-7992108.15897102,-4365157.79306612,3851,2023,1583586,2023/12/25 00:00:00+00,Diciembre,25,Lunes,1899/12/30 00:00:00+00,14:55:00,14,REGION ÑUBLE,SAN CARLOS,COLISION LATERAL,COLISION,RURAL,TRAMO DE VIA RECTA,IMPRUDENCIA DEL CONDUCTOR,CONDUCCION NO ATENTO CONDICIONES TRANSITO MOMENTO, , , ,0,N-335,"17,5",BIDIRECCIONAL,ASFALTO,BUENO,SECO,DESPEJADO,0,1,0,2,16,163,16301,Ñuble,Punilla,San Carlos,Ruta,"N-335 km 17,5",-36.467623,-71.794329
-7873981.69110845,-3957779.99907539,3852,2023,1520886,2023/03/24 00:00:00+00,Marzo,24,Viernes,1899/12/30 00:00:00+00,17:38:00,17,REGION METROPOLITANA,MAIPU,COLISION POR ALCANCE,COLISION,URBANA,CRUCE CON SEMAFORO FUNCIONANDO,IMPRUDENCIA DEL CONDUCTOR,CONDUCCION SIN MANTENER DISTANCIA RAZONABLE NI PRUDENTE,STA CORINA,LOS PAJARITOS,LOS PAJARITOS - STA CORINA,0, , ,BIDIRECCIONAL CON BANDEJON,ASFALTO,BUENO,SECO,DESPEJADO,0,1,0,0,13,131,13119,Metropolitana de Santiago,Santiago,Maipú,Interseccion,"LOS PAJARITOS & STA CORINA, Maipú",-33.46943,-70.733181
-8052731.96157434,-4508101.84645999,3853,2023,1513739,2023/02/26 00:00:00+00,Febrero,26,Domingo,1899/12/30 00:00:00+00,22:00:00,22,REGION BIO BIO,LOS ANGELES,COLISION LATERAL,COLISION,URBANA,CRUCE CON SEÑAL PARE,IMPRUDENCIA DEL CONDUCTOR,CONDUCCION NO ATENTO CONDICIONES TRANSITO MOMENTO,LAUQUEN,LOS CARRERA,LAUQUEN - LOS CARRERA,0, , ,BIDIRECCIONAL,ASFALTO,BUENO,SECO,DESPEJADO,0,1,0,1,08,083,08301,Biobío,Biobío,Los Angeles,Interseccion,"LAUQUEN & LOS CARRERA, Los Angeles",-37.493375,-72.338922
-7931834.31915423,-4160889.79581121,3854,2023,1508394,2023/01/28 00:00:00+00,Enero,28,Sábado,1899/12/30 00:00:00+00,10:00:00,10,REGION MAULE,CURICO,COLISION FRONTAL,COLISION,URBANA,OTROS NO CONSIDERADOS,IMPRUDENCIA DEL CONDUCTOR,NO RESPETAR DERECHO PREFERENTE DE PASO A VEHICULO,ESPAÑA,FRANCISCO MORENO,ESPAÑA - FRANCISCO MORENO,0, , ,BIDIRECCIONAL,CONCRETO,BUENO,SECO,DESPEJADO,0,0,0,1,07,073,07301,Maule,Curicó,Curicó,Interseccion,"ESPAÑA & FRANCISCO MORENO, Curicó",-34.977985,-71.25288
-7894424.74503912,-4114100.13324896,3855,2023,1580658,2023/12/25 00:00:00+00,Diciembre,25,Lunes,1899/12/30 00:00:00+00,16:30:00,16,REGION LIB.B.O'HIGGINS,SAN FERNANDO,COLISION LATERAL,COLISION,RURAL,TRAMO DE VIA RECTA,ALCOHOL EN CONDUCTOR,CONDUCCION BAJO LA INFLUENCIA DEL ALCOHOL, , , ,0,I-45,7,BIDIRECCIONAL,ASFALTO,BUENO,SECO,DESPEJADO,0,1,0,0,06,063,06301,Libertador General Bernardo O'Higgins,Colchagua,San Fernando,Ruta,I-45 km 7,-34.632864,-70.916824
-7871377.14898236,-3958672.79915827,3856,2023,1513753,2023/02/26 00:00:00+00,Febrero,26,Domingo,1899/12/30 00:00:00+00,23:30:00,23,REGION METROPOLITANA,ESTACION CENTRAL,COLISION,COLISION,URBANA,TRAMO DE VIA RECTA,IMPRUDENCIA DEL CONDUCTOR,CONDUCCION NO ATENTO CONDICIONES TRANSITO MOMENTO,LUIS INFANTE CERDA,COYHAIQUE,COYHAIQUE - LUIS INFANTE CERDA,0, , ,BIDIRECCIONAL,ASFALTO,BUENO,SECO,DESPEJADO,0,0,1,0,13,131,13106,Metropolitana de Santiago,Santiago,Estación Central,Interseccion,"COYHAIQUE & LUIS INFANTE CERDA, Estación Central",-33.47612,-70.709784
-7855192.51953542,-3951731.72533053,3857,2023,1519710,2023/03/24 00:00:00+00,Marzo,24,Viernes,1899/12/30 00:00:00+00,18:00:00,18,REGION METROPOLITANA,LAS CONDES,COLISION LATERAL,COLISION,URBANA,CRUCE CON SEÑAL PARE,IMPRUDENCIA DEL CONDUCTOR,CONDUCCION NO ATENTO CONDICIONES TRANSITO MOMENTO,MANQUEHUE SUR,ING PEDRO BLANQUIER,ING PEDRO BLANQUIER - MANQUEHUE SUR,0, , ,BIDIRECCIONAL CON BANDEJON,ASFALTO,BUENO,SECO,DESPEJADO,0,1,0,0,13,131,13114,Metropolitana de Santiago,Santiago,Las Condes,Interseccion,"ING PEDRO BLANQUIER & MANQUEHUE SUR, Las Condes",-33.424095,-70.564395
-7868195.74925498,-3978089.24616359,3858,2023,1506497,2023/01/28 00:00:00+00,Enero,28,Sábado,1899/12/30 00:00:00+00,14:50:00,14,REGION METROPOLITANA,SAN BERNARDO,COLISION POR ALCANCE,COLISION,URBANA,TRAMO DE VIA RECTA,FALLAS MECANICAS,FALLAS MECANICAS FRENOS,PADRE HURTADO,LOS CANELOS,LOS CANELOS - PADRE HURTADO,0, , ,BIDIRECCIONAL CON BANDEJON,ASFALTO,BUENO,SECO,DESPEJADO,0,0,0,0,13,134,13401,Metropolitana de Santiago,Maipo,San Bernardo,Interseccion,"LOS CANELOS & PADRE HURTADO, San Bernardo",-33.621485,-70.681205
-7966849.73419398,-4096357.30914417,3859,2023,1581772,2023/12/25 00:00:00+00,Diciembre,25,Lunes,1899/12/30 00:00:00+00,19:06:00,19,REGION LIB.B.O'HIGGINS,PERALILLO,VOLCADURA,VOLCADURA,RURAL,TRAMO DE VIA CURVA HORIZONTAL,VELOCIDAD IMPRUDENTE,VELOCIDAD NO RAZONABLE NI PRUDENTE, , , ,0,I-60,6,BIDIRECCIONAL,ASFALTO,BUENO,SECO,DESPEJADO,0,0,1,0,06,063,06307,Libertador General Bernardo O'Higgins,Colchagua,Peralillo,Ruta,I-60 km 6,-34.501616,-71.567429
-7872060.42801685,-3952759.31540126,3860,2023,1513871,2023/02/27 00:00:00+00,Febrero,27,Lunes,1899/12/30 00:00:00+00,00:30:00,0,REGION METROPOLITANA,QUINTA NORMAL,COLISION LATERAL,COLISION,URBANA,CRUCE CON SEMAFORO FUNCIONANDO,IMPRUDENCIA DEL CONDUCTOR,"ADELANTAMIENTO EN CRUCE, CURVA, CUESTA, PUENTE",SAMUEL IZQUIERDO,JOSE JOAQUIN PEREZ,JOSE JOAQUIN PEREZ - SAMUEL IZQUIERDO,0, , ,BIDIRECCIONAL,ASFALTO,REGULAR,SECO,DESPEJADO,0,0,0,0,13,131,13126,Metropolitana de Santiago,Santiago,Quinta Normal,Interseccion,"JOSE JOAQUIN PEREZ & SAMUEL IZQUIERDO, Quinta Normal",-33.431799,-70.715922
-7861628.01067333,-3952510.01239025,3861,2023,1506385,2023/01/28 00:00:00+00,Enero,28,Sábado,1899/12/30 00:00:00+00,15:30:00,15,REGION METROPOLITANA,PROVIDENCIA,COLISION LATERAL,COLISION,URBANA,CRUCE CON SEMAFORO FUNCIONANDO,IMPRUDENCIA DEL CONDUCTOR,CONDUCCION NO ATENTO CONDICIONES TRANSITO MOMENTO,PROVIDENCIA,JOSE MIGUEL CLARO,JOSE MIGUEL CLARO - PROVIDENCIA,0, , ,UNIDIRECCIONAL,ASFALTO,BUENO,SECO,DESPEJADO,0,0,0,0,13,131,13123,Metropolitana de Santiago,Santiago,Providencia,Interseccion,"JOSE MIGUEL CLARO & PROVIDENCIA, Providencia",-33.42993,-70.622206
-7873695.93397559,-4049740.99057991,3862,2023,1518975,2023/03/24 00:00:00+00,Marzo,24,Viernes,1899/12/30 00:00:00+00,18:30:00,18,REGION LIB.B.O'HIGGINS,RANCAGUA,COLISION FRONTAL,COLISION,URBANA,CRUCE CON SEÑAL CEDA EL PASO,IMPRUDENCIA DEL CONDUCTOR,CONDUCCION CAMBIAR SORPRESIVAMENTE PISTA CIRCULACION,REPUBLICA DE CHILE,CENTENARIO,CENTENARIO - REPUBLICA DE CHILE,0, , ,BIDIRECCIONAL CON BANDEJON,CONCRETO,BUENO,SECO,DESPEJADO,0,1,0,0,06,061,06101,Libertador General Bernardo O'Higgins,Cachapoal,Rancagua,Interseccion,"CENTENARIO & REPUBLICA DE CHILE, Rancagua",-34.155797,-70.730614
-7940897.46225546,-3501722.56312164,3863,2023,1506211,2023/01/28 00:00:00+00,Enero,28,Sábado,1899/12/30 00:00:00+00,16:35:00,16,REGION COQUIMBO,COQUIMBO,COLISION PERPENDICULAR,COLISION,URBANA,CRUCE SIN SEÑALIZACION,IMPRUDENCIA DEL CONDUCTOR,"ADELANTAMIENTO EN CRUCE, CURVA, CUESTA, PUENTE",PRESIDENTE ARTURO ALESSANDRI,MALLECO,MALLECO - PRESIDENTE ARTURO ALESSANDRI,0, , ,BIDIRECCIONAL,ASFALTO,BUENO,SECO,DESPEJADO,0,0,0,1,04,041,04102,Coquimbo,Elqui,Coquimbo,Interseccion,"MALLECO & PRESIDENTE ARTURO ALESSANDRI, Coquimbo",-29.985783,-71.334296
-7981480.82518436,-4226017.63872965,3864,2023,1580595,2023/12/26 00:00:00+00,Diciembre,26,Martes,1899/12/30 00:00:00+00,13:00:00,13,REGION MAULE,MAULE,VOLCADURA,VOLCADURA,RURAL,TRAMO DE VIA RECTA,VELOCIDAD IMPRUDENTE,VELOCIDAD NO RAZONABLE NI PRUDENTE, , , ,0,K-610,1,BIDIRECCIONAL,ASFALTO,BUENO,SECO,DESPEJADO,0,0,1,0,07,071,07105,Maule,Talca,Maule,Ruta,K-610 km 1,-35.455956,-71.698862
-7855059.7153829,-3973253.48381666,3865,2023,1521965,2023/03/24 00:00:00+00,Marzo,24,Viernes,1899/12/30 00:00:00+00,20:35:00,20,REGION METROPOLITANA,PUENTE ALTO,COLISION LATERAL,COLISION,URBANA,TRAMO DE VIA RECTA,IMPRUDENCIA DEL CONDUCTOR,CONDUCCION NO ATENTO CONDICIONES TRANSITO MOMENTO,LUIS MATTE LARRAIN,MEXICO,LUIS MATTE LARRAIN - MEXICO,0, , ,BIDIRECCIONAL,CONCRETO,BUENO,SECO,DESPEJADO,0,0,0,0,13,132,13201,Metropolitana de Santiago,Cordillera,Puente Alto,Interseccion,"LUIS MATTE LARRAIN & MEXICO, Puente Alto",-33.585304,-70.563202
-8054988.74158892,-4504069.90156005,3866,2023,1513759,2023/02/27 00:00:00+00,Febrero,27,Lunes,1899/12/30 00:00:00+00,00:45:00,0,REGION BIO BIO,LOS ANGELES,COLISION LATERAL,COLISION,URBANA,TRAMO DE VIA RECTA,IMPRUDENCIA DEL CONDUCTOR,CONDUCCION NO ATENTO CONDICIONES TRANSITO MOMENTO,GALVARINO,SARQUIS SHEUL,GALVARINO - SARQUIS SHEUL,0, , ,UNIDIRECCIONAL,CONCRETO,BUENO,SECO,DESPEJADO,0,1,0,0,08,083,08301,Biobío,Biobío,Los Angeles,Interseccion,"GALVARINO & SARQUIS SHEUL, Los Angeles",-37.464632,-72.359195
-7855991.90479881,-3975500.10137764,3867,2023,1506208,2023/01/28 00:00:00+00,Enero,28,Sábado,1899/12/30 00:00:00+00,18:30:00,18,REGION METROPOLITANA,PUENTE ALTO,COLISION PERPENDICULAR,COLISION,URBANA,CRUCE CON SEMAFORO FUNCIONANDO,DESOBEDIENCIA A SEÑALIZACION,SEÑALIZACION DESOBEDECER LUZ ROJA DE SEMAFORO,DOMINGO TOCORNAL,NEMESIO VICUÑA,DOMINGO TOCORNAL - NEMESIO VICUÑA,0, , ,BIDIRECCIONAL CON BANDEJON,ASFALTO,BUENO,SECO,DESPEJADO,0,0,0,1,13,132,13201,Metropolitana de Santiago,Cordillera,Puente Alto,Interseccion,"DOMINGO TOCORNAL & NEMESIO VICUÑA, Puente Alto",-33.602115,-70.571576
-7926065.28389276,-4118084.80947816,3868,2023,1580371,2023/12/26 00:00:00+00,Diciembre,26,Martes,1899/12/30 00:00:00+00,15:45:00,15,REGION LIB.B.O'HIGGINS,NANCAGUA,COLISION LATERAL,COLISION,RURAL,TRAMO DE VIA RECTA,IMPRUDENCIA DEL CONDUCTOR,CONDUCCION NO ATENTO CONDICIONES TRANSITO MOMENTO, , , ,0,I-82,1,BIDIRECCIONAL,ASFALTO,BUENO,SECO,DESPEJADO,0,0,1,1,06,063,06305,Libertador General Bernardo O'Higgins,Colchagua,Nancagua,Ruta,I-82 km 1,-34.662312,-71.201056
-7855169.8103593,-3951587.81131242,3869,2023,1520389,2023/03/24 00:00:00+00,Marzo,24,Viernes,1899/12/30 00:00:00+00,21:00:00,21,REGION METROPOLITANA,LAS CONDES,COLISION LATERAL,COLISION,URBANA,CRUCE CON SEÑAL CEDA EL PASO,IMPRUDENCIA DEL CONDUCTOR,CONDUCCION NO ATENTO CONDICIONES TRANSITO MOMENTO,MANQUEHUE SUR,ROBERTO PERAGALLO,MANQUEHUE SUR - ROBERTO PERAGALLO,0, , ,BIDIRECCIONAL CON BANDEJON,ASFALTO,BUENO,SECO,DESPEJADO,0,0,0,1,13,131,13114,Metropolitana de Santiago,Santiago,Las Condes,Interseccion,"MANQUEHUE SUR & ROBERTO PERAGALLO, Las Condes",-33.423016,-70.564191
-7860645.61611142,-3963019.54517165,3870,2023,1513298,2023/02/27 00:00:00+00,Febrero,27,Lunes,1899/12/30 00:00:00+00,03:00:00,3,REGION METROPOLITANA,SAN JOAQUIN,COLISION POR ALCANCE,COLISION,URBANA,CRUCE CON SEMAFORO FUNCIONANDO,IMPRUDENCIA DEL CONDUCTOR,CONDUCCION SIN MANTENER DISTANCIA RAZONABLE NI PRUDENTE,VICUÑA MACKENNA,DEPARTAMENTAL,DEPARTAMENTAL - VICUÑA MACKENNA,0, , ,BIDIRECCIONAL CON BANDEJON,ASFALTO,BUENO,SECO,DESPEJADO,1,0,0,1,13,131,13129,Metropolitana de Santiago,Santiago,San Joaquín,Interseccion,"DEPARTAMENTAL & VICUÑA MACKENNA, San Joaquín",-33.508684,-70.613381
-7873644.89394453,-3862174.04329982,3871,2023,1507165,2023/01/28 00:00:00+00,Enero,28,Sábado,1899/12/30 00:00:00+00,18:30:00,18,REGION VALPARAISO,SAN FELIPE,COLISION,COLISION,URBANA,TRAMO DE VIA RECTA,IMPRUDENCIA DEL CONDUCTOR,CONDUCCION CAMBIAR SORPRESIVAMENTE PISTA CIRCULACION,MAIPU,MERCED,MAIPU - MERCED,0, , ,BIDIRECCIONAL CON BANDEJON,ASFALTO,BUENO,SECO,DESPEJADO,0,0,0,1,05,057,05701,Valparaíso,San Felipe de Aconcagua,San Felipe,Interseccion,"MAIPU & MERCED, San Felipe",-32.75005,-70.730155
-7857309.58247938,-3959202.26617139,3872,2023,1520678,2023/03/24 00:00:00+00,Marzo,24,Viernes,1899/12/30 00:00:00+00,21:50:00,21,REGION METROPOLITANA,MACUL,COLISION PERPENDICULAR,COLISION,URBANA,TRAMO DE VIA RECTA,IMPRUDENCIA DEL CONDUCTOR,VIRAJES INDEBIDOS,RAMON CRUZ,LOS OLMOS,LOS OLMOS - RAMON CRUZ,0, , ,BIDIRECCIONAL,CONCRETO,BUENO,SECO,DESPEJADO,0,0,0,1,13,131,13118,Metropolitana de Santiago,Santiago,Macul,Interseccion,"LOS OLMOS & RAMON CRUZ, Macul",-33.480087,-70.583413
-8093041.52842702,-4553405.82817169,3873,2023,1513171,2023/02/27 00:00:00+00,Febrero,27,Lunes,1899/12/30 00:00:00+00,07:50:00,7,REGION ARAUCANIA,ANGOL,COLISION POR ALCANCE,COLISION,URBANA,CRUCE CON SEÑAL PARE,IMPRUDENCIA DEL CONDUCTOR,CONDUCCION SIN MANTENER DISTANCIA RAZONABLE NI PRUDENTE,JOSE BUNSTER,RANCAGUA,JOSE BUNSTER - RANCAGUA,0, , ,BIDIRECCIONAL,CONCRETO,BUENO,SECO,DESPEJADO,0,0,1,0,09,092,09201,La Araucanía,Malleco,Angol,Interseccion,"JOSE BUNSTER & RANCAGUA, Angol",-37.815578,-72.701029
-7928488.84013018,-4077457.09374014,3874,2023,1582735,2023/12/26 00:00:00+00,Diciembre,26,Martes,1899/12/30 00:00:00+00,16:10:00,16,REGION LIB.B.O'HIGGINS,PEUMO,COLISION,COLISION,RURAL,CRUCE CON SEÑAL PARE,IMPRUDENCIA DEL CONDUCTOR,CARGA ESCURRE A LA CALZADA, , , ,0,H-774,1,BIDIRECCIONAL,ASFALTO,BUENO,SECO,DESPEJADO,0,1,0,0,06,061,06112,Libertador General Bernardo O'Higgins,Cachapoal,Peumo,Ruta,H-774 km 1,-34.361578,-71.222827
-7808251.10517294,-2300848.21280487,3875,2023,1506625,2023/01/28 00:00:00+00,Enero,28,Sábado,1899/12/30 00:00:00+00,19:10:00,19,REGION TARAPACA,IQUIQUE,CHOQUE LADO/FRENTE,CHOQUE,URBANA,TRAMO DE VIA RECTA,IMPRUDENCIA DEL CONDUCTOR,CONDUCCION NO ATENTO CONDICIONES TRANSITO MOMENTO,HEROES DE LA CONCEPCION,LOS LILENES,HEROES DE LA CONCEPCION - LOS LILENES,0, , ,BIDIRECCIONAL CON BANDEJON,ASFALTO,BUENO,SECO,DESPEJADO,0,0,0,0,01,011,01101,Tarapacá,Iquique,Iquique,Interseccion,"HEROES DE LA CONCEPCION & LOS LILENES, Iquique",-20.234641,-70.142713
-8008616.15869245,-4762617.97007783,3876,2023,1519297,2023/03/24 00:00:00+00,Marzo,24,Viernes,1899/12/30 00:00:00+00,22:12:00,22,REGION ARAUCANIA,PUCON,CHOQUE,CHOQUE,URBANA,TRAMO DE VIA RECTA,IMPRUDENCIA DEL CONDUCTOR,CONDUCCION NO ATENTO CONDICIONES TRANSITO MOMENTO,RIO CLARO,DEMETRIO GATICA,DEMETRIO GATICA - RIO CLARO,0, , ,BIDIRECCIONAL,ASFALTO,BUENO,SECO,NUBLADO,0,0,0,2,09,091,09115,La Araucanía,Cautín,Pucón,Interseccion,"DEMETRIO GATICA & RIO CLARO, Pucón",-39.285278,-71.942623
-7944257.01770704,-3900849.81122057,3877,2023,1508073,2023/01/28 00:00:00+00,Enero,28,Sábado,1899/12/30 00:00:00+00,20:00:00,20,REGION VALPARAISO,VILLA ALEMANA,VOLCADURA,VOLCADURA,URBANA,TRAMO DE VIA RECTA,IMPRUDENCIA DEL CONDUCTOR,CONDUCCION NO ATENTO CONDICIONES TRANSITO MOMENTO,SARGENTO ALDEA,QUINTA,QUINTA - SARGENTO ALDEA,0, , ,BIDIRECCIONAL,ASFALTO,BUENO,SECO,DESPEJADO,0,0,0,1,05,058,05804,Valparaíso,Marga Marga,Villa Alemana,Interseccion,"QUINTA & SARGENTO ALDEA, Villa Alemana",-33.041772,-71.364475
-7863918.36461294,-3951274.94120572,3878,2023,1520914,2023/03/24 00:00:00+00,Marzo,24,Viernes,1899/12/30 00:00:00+00,22:58:00,22,REGION METROPOLITANA,RECOLETA,COLISION LATERAL,COLISION,URBANA,CRUCE CON SEÑAL PARE,DESOBEDIENCIA A SEÑALIZACION,SEÑALIZACION DESOBEDECER SEÑAL PARE,RECOLETA,SAN CRISTOBAL,RECOLETA - SAN CRISTOBAL,0, , ,BIDIRECCIONAL,ASFALTO,BUENO,SECO,DESPEJADO,0,0,0,0,13,131,13127,Metropolitana de Santiago,Santiago,Recoleta,Interseccion,"RECOLETA & SAN CRISTOBAL, Recoleta",-33.42067,-70.642781
-7971573.81882776,-4278369.73454336,3879,2023,1512861,2023/02/27 00:00:00+00,Febrero,27,Lunes,1899/12/30 00:00:00+00,08:50:00,8,REGION MAULE,LINARES,VOLCADURA,VOLCADURA,URBANA,CRUCE CON SEÑAL PARE,DEFICIENCIAS VIALES,ANIMALES SUELTOS VIA PUBLICA,YERBAS BUENAS,TRAVESIA,TRAVESIA - YERBAS BUENAS,0, , ,BIDIRECCIONAL,ASFALTO,BUENO,SECO,DESPEJADO,0,1,0,0,07,074,07401,Maule,Linares,Linares,Interseccion,"TRAVESIA & YERBAS BUENAS, Linares",-35.83812,-71.609866
-8137269.43674869,-4417384.56437758,3880,2023,1509584,2023/01/28 00:00:00+00,Enero,28,Sábado,1899/12/30 00:00:00+00,21:30:00,21,REGION BIO BIO,SAN PEDRO DE LA PAZ,COLISION POR ALCANCE,COLISION,URBANA,CRUCE CON SEMAFORO FUNCIONANDO,IMPRUDENCIA DEL CONDUCTOR,NO RESPETAR DERECHO PREFERENTE DE PASO A VEHICULO,MICHIMALONCO,LOS CANELOS,LOS CANELOS - MICHIMALONCO,0, , ,BIDIRECCIONAL CON BANDEJON,CONCRETO,BUENO,SECO,DESPEJADO,0,0,0,1,08,081,08108,Biobío,Concepción,San Pedro de la Paz,Interseccion,"LOS CANELOS & MICHIMALONCO, San Pedro de la Paz",-36.843999,-73.098335
-7954741.62162784,-3901350.91521729,3881,2023,1512442,2023/02/27 00:00:00+00,Febrero,27,Lunes,1899/12/30 00:00:00+00,09:00:00,9,REGION VALPARAISO,QUILPUE,COLISION POR ALCANCE,COLISION,URBANA,TRAMO DE VIA RECTA,IMPRUDENCIA DEL CONDUCTOR,CONDUCCION SIN MANTENER DISTANCIA RAZONABLE NI PRUDENTE,LOS CARRERA,LA PLACE,LA PLACE - LOS CARRERA,0, , ,BIDIRECCIONAL,CONCRETO,BUENO,SECO,DESPEJADO,0,0,0,1,05,058,05801,Valparaíso,Marga Marga,Quilpué,Interseccion,"LA PLACE & LOS CARRERA, Quilpué",-33.045545,-71.45866
-7874853.76799933,-3992648.88893257,3882,2023,1508661,2023/01/28 00:00:00+00,Enero,28,Sábado,1899/12/30 00:00:00+00,22:41:00,22,REGION METROPOLITANA,BUIN,COLISION LATERAL,COLISION,URBANA,CRUCE CON SEÑAL PARE,DESOBEDIENCIA A SEÑALIZACION,SEÑALIZACION DESOBEDECER SEÑAL PARE,SARGENTO ALDEA,JOSE JOAQUIN PEREZ,JOSE JOAQUIN PEREZ - SARGENTO ALDEA,0, , ,UNIDIRECCIONAL,ASFALTO,BUENO,SECO,DESPEJADO,0,0,0,1,13,134,13402,Metropolitana de Santiago,Maipo,Buin,Interseccion,"JOSE JOAQUIN PEREZ & SARGENTO ALDEA, Buin",-33.730328,-70.741015