X,Y,FID,Año,IdAccident,Fecha,Mes,Dia_mes,Dia_semana,Hora,Hora_texto,Hora_aprox,Región,Comuna,Tipo_Accid,Tipo__CONA,Zona,Ubicación,Causa__CON,Causa_Acci,Calle_Uno,Calle_Dos,Intersecci,Número,Ruta,Ubicaci_1,Calzada,Tipo_Calza,Estado_Cal,Condición,Estado_Atm,Fallecidos,Graves,Menos_Grav,Leves,CUT_REG,CUT_PROV,CUT_COM,REGION,PROVINCIA,COMUNA1,Tipo_direc,Direccion,Lat,Lon
-7929645.3104345,-3822114.47559348,3883,2023,1514508,2023/02/27 00:00:00+00,Febrero,27,Lunes,1899/12/30 00:00:00+00,11:05:00,11,REGION VALPARAISO,LA LIGUA,ATROPELLO,ATROPELLO,URBANA,TRAMO DE VIA RECTA,IMPRUDENCIA DEL CONDUCTOR,CONDUCCION NO ATENTO CONDICIONES TRANSITO MOMENTO,SANTA TERESA,VICUÑA MACKENNA,SANTA TERESA - VICUÑA MACKENNA,0, , ,BIDIRECCIONAL CON BANDEJON,ASFALTO,BUENO,SECO,DESPEJADO,0,0,0,2,05,054,05401,Valparaíso,Petorca,La Ligua,Interseccion,"SANTA TERESA & VICUÑA MACKENNA, La Ligua",-32.446879,-71.233216
-7827811.48704624,-3168856.47829907,3884,2023,1507025,2023/01/29 00:00:00+00,Enero,29,Domingo,1899/12/30 00:00:00+00,14:50:00,14,REGION ATACAMA,COPIAPO,COLISION LATERAL,COLISION,URBANA,TRAMO DE VIA RECTA,IMPRUDENCIA DEL CONDUCTOR,CONDUCCION NO ATENTO CONDICIONES TRANSITO MOMENTO,LOS LOROS,MANSO DE VELASCO,LOS LOROS - MANSO DE VELASCO,0, , ,BIDIRECCIONAL CON BANDEJON,ASFALTO,BUENO,SECO,DESPEJADO,0,0,0,1,03,031,03101,Atacama,Copiapó,Copiapó,Interseccion,"LOS LOROS & MANSO DE VELASCO, Copiapó",-27.362673,-70.318427
-7865893.99614385,-3965005.11741636,3885,2023,1513495,2023/02/27 00:00:00+00,Febrero,27,Lunes,1899/12/30 00:00:00+00,11:30:00,11,REGION METROPOLITANA,LA CISTERNA,CHOQUE LADO/LADO,CHOQUE,URBANA,CRUCE CON SEMAFORO FUNCIONANDO,IMPRUDENCIA DEL CONDUCTOR,CONDUCCION NO ATENTO CONDICIONES TRANSITO MOMENTO,GRAN AVDA JOSE MIGUEL CARRERA,ELIAS FERNANDEZ ALBANO,ELIAS FERNANDEZ ALBANO - GRAN AVDA JOSE MIGUEL CARRERA,0, , ,BIDIRECCIONAL CON BANDEJON,CONCRETO,BUENO,SECO,DESPEJADO,0,0,0,0,13,131,13109,Metropolitana de Santiago,Santiago,La Cisterna,Interseccion,"ELIAS FERNANDEZ ALBANO & GRAN AVDA JOSE MIGUEL CARRERA, La Cisterna",-33.523555,-70.660528
-7875221.56759691,-3954951.65237673,3886,2023,1519478,2023/03/24 00:00:00+00,Marzo,24,Viernes,1899/12/30 00:00:00+00,23:25:00,23,REGION METROPOLITANA,PUDAHUEL,COLISION,COLISION,URBANA,TRAMO DE VIA RECTA,DESOBEDIENCIA A SEÑALIZACION,SEÑALIZACION DESOBEDECER SEÑAL PARE,LOS EDILES,CORONA SUECA,CORONA SUECA - LOS EDILES,0, , ,BIDIRECCIONAL,ASFALTO,REGULAR,SECO,DESPEJADO,0,0,0,0,13,131,13124,Metropolitana de Santiago,Santiago,Pudahuel,Interseccion,"CORONA SUECA & LOS EDILES, Pudahuel",-33.448233,-70.744319
-7837456.1742882,-2713118.00150877,3887,2023,1506243,2023/01/29 00:00:00+00,Enero,29,Domingo,1899/12/30 00:00:00+00,19:00:00,19,REGION ANTOFAGASTA,ANTOFAGASTA,COLISION,COLISION,URBANA,CRUCE CON SEMAFORO FUNCIONANDO,ALCOHOL EN CONDUCTOR,CONDUCCION EN ESTADO DE EBRIEDAD,LOS INMIGRANTES,ANGAMOS,ANGAMOS - LOS INMIGRANTES,0, , ,UNIDIRECCIONAL,ASFALTO,BUENO,SECO,DESPEJADO,0,1,0,1,02,021,02101,Antofagasta,Antofagasta,Antofagasta,Interseccion,"ANGAMOS & LOS INMIGRANTES, Antofagasta",-23.668935,-70.405067
-7864023.60605954,-3954166.93104973,3888,2023,1519248,2023/03/25 00:00:00+00,Marzo,25,Sábado,1899/12/30 00:00:00+00,02:25:00,2,REGION METROPOLITANA,SANTIAGO,VOLCADURA,VOLCADURA,URBANA,CRUCE CON SEMAFORO FUNCIONANDO,ALCOHOL EN CONDUCTOR,CONDUCCION EN ESTADO DE EBRIEDAD,CARMEN,DIAG PARAGUAY,CARMEN - DIAG PARAGUAY,0, , ,UNIDIRECCIONAL,ASFALTO,BUENO,SECO,DESPEJADO,0,0,0,1,13,131,13101,Metropolitana de Santiago,Santiago,Santiago,Interseccion,"CARMEN & DIAG PARAGUAY, Santiago",-33.442351,-70.643726
-7965066.82729224,-3896466.76467762,3889,2023,1514473,2023/02/27 00:00:00+00,Febrero,27,Lunes,1899/12/30 00:00:00+00,13:21:00,13,REGION VALPARAISO,VIÑA DEL MAR,COLISION POR ALCANCE,COLISION,URBANA,TRAMO DE VIA RECTA,IMPRUDENCIA DEL CONDUCTOR,CONDUCCION NO ATENTO CONDICIONES TRANSITO MOMENTO,14 NORTE,SAN MARTIN,14 NORTE - SAN MARTIN,0, , ,UNIDIRECCIONAL,CONCRETO,BUENO,SECO,DESPEJADO,0,1,0,0,05,051,05109,Valparaíso,Valparaíso,Viña del Mar,Interseccion,"14 NORTE & SAN MARTIN, Viña del Mar",-33.00876,-71.551413
-7943132.69083889,-3901350.47693128,3890,2023,1520154,2023/03/25 00:00:00+00,Marzo,25,Sábado,1899/12/30 00:00:00+00,14:00:00,14,REGION VALPARAISO,VILLA ALEMANA,COLISION,COLISION,URBANA,CRUCE CON SEÑAL PARE,DESOBEDIENCIA A SEÑALIZACION,SEÑALIZACION DESOBEDECER SEÑAL PARE,VICTORIA,MANUEL MONTT,MANUEL MONTT - VICTORIA,0, , ,BIDIRECCIONAL,CONCRETO,BUENO,SECO,DESPEJADO,0,0,1,0,05,058,05804,Valparaíso,Marga Marga,Villa Alemana,Interseccion,"MANUEL MONTT & VICTORIA, Villa Alemana",-33.045542,-71.354375
-7971236.22024143,-3901596.06992313,3891,2023,1508739,2023/01/29 00:00:00+00,Enero,29,Domingo,1899/12/30 00:00:00+00,21:00:00,21,REGION VALPARAISO,VALPARAISO,COLISION,COLISION,URBANA,CRUCE CON SEMAFORO FUNCIONANDO,IMPRUDENCIA DEL CONDUCTOR,CONDUCCION CAMBIAR SORPRESIVAMENTE PISTA CIRCULACION,PEDRO MONTT,RAWSON,PEDRO MONTT - RAWSON,0, , ,BIDIRECCIONAL,ASFALTO,BUENO,SECO,DESPEJADO,0,1,0,0,05,051,05101,Valparaíso,Valparaíso,Valparaíso,Interseccion,"PEDRO MONTT & RAWSON, Valparaíso",-33.047391,-71.606833
-8135994.82186654,-4408849.28237264,3892,2023,1512609,2023/02/27 00:00:00+00,Febrero,27,Lunes,1899/12/30 00:00:00+00,13:25:00,13,REGION BIO BIO,HUALPEN,CHOQUE,CHOQUE,URBANA,ENLACE A DESNIVEL,VELOCIDAD IMPRUDENTE,VELOCIDAD NO RAZONABLE NI PRUDENTE,LAS GOLONDRINAS,CRISTOBAL COLON,CRISTOBAL COLON - LAS GOLONDRINAS,0, , ,BIDIRECCIONAL CON BANDEJON,CONCRETO,BUENO,SECO,DESPEJADO,1,0,0,0,08,081,08112,Biobío,Concepción,Hualpén,Interseccion,"CRISTOBAL COLON & LAS GOLONDRINAS, Hualpén",-36.782615,-73.086885
-8010442.09900427,-4360652.06284763,3893,2023,1521118,2023/03/25 00:00:00+00,Marzo,25,Sábado,1899/12/30 00:00:00+00,14:10:00,14,REGION ÑUBLE,SAN CARLOS,COLISION LATERAL,COLISION,URBANA,TRAMO DE VIA RECTA,ALCOHOL EN CONDUCTOR,CONDUCCION EN ESTADO DE EBRIEDAD,LUIS CRUZ MARTINEZ,BRASIL,BRASIL - LUIS CRUZ MARTINEZ,0, , ,UNIDIRECCIONAL,CONCRETO,BUENO,SECO,DESPEJADO,0,0,1,0,16,163,16301,Ñuble,Punilla,San Carlos,Interseccion,"BRASIL & LUIS CRUZ MARTINEZ, San Carlos",-36.435066,-71.959026
-7932769.79245058,-3494875.96139992,3894,2023,1506698,2023/01/29 00:00:00+00,Enero,29,Domingo,1899/12/30 00:00:00+00,22:00:00,22,REGION COQUIMBO,LA SERENA,COLISION LATERAL,COLISION,URBANA,CRUCE CON SEMAFORO FUNCIONANDO,IMPRUDENCIA DEL CONDUCTOR,CONDUCCION NO ATENTO CONDICIONES TRANSITO MOMENTO,4 ESQUINAS,ESTADIO,4 ESQUINAS - ESTADIO,0, , ,BIDIRECCIONAL,CONCRETO,REGULAR,SECO,DESPEJADO,0,1,0,0,04,041,04101,Coquimbo,Elqui,La Serena,Interseccion,"4 ESQUINAS & ESTADIO, La Serena",-29.932497,-71.261283
-7834956.41719879,-2707206.09702363,3895,2023,1519664,2023/03/25 00:00:00+00,Marzo,25,Sábado,1899/12/30 00:00:00+00,16:10:00,16,REGION ANTOFAGASTA,ANTOFAGASTA,COLISION,COLISION,URBANA,CRUCE CON SEÑAL PARE,DESOBEDIENCIA A SEÑALIZACION,SEÑALIZACION DESOBEDECER SEÑAL PARE,CARDENAL CARLOS OVIEDO CAVADA,HUASCO,CARDENAL CARLOS OVIEDO CAVADA - HUASCO,0, , ,UNIDIRECCIONAL,ASFALTO,BUENO,SECO,DESPEJADO,0,0,0,0,02,021,02101,Antofagasta,Antofagasta,Antofagasta,Interseccion,"CARDENAL CARLOS OVIEDO CAVADA & HUASCO, Antofagasta",-23.620286,-70.382611
-8077605.85651413,-4682256.78876716,3896,2023,1513116,2023/02/27 00:00:00+00,Febrero,27,Lunes,1899/12/30 00:00:00+00,13:40:00,13,REGION ARAUCANIA,TEMUCO,COLISION LATERAL,COLISION,URBANA,CRUCE CON SEMAFORO FUNCIONANDO,IMPRUDENCIA DEL CONDUCTOR,CONDUCCION CAMBIAR SORPRESIVAMENTE PISTA CIRCULACION,1 NORTE,1 ORIENTE,1 NORTE - 1 ORIENTE,0, , ,UNIDIRECCIONAL,CONCRETO,REGULAR,SECO,DESPEJADO,0,0,0,1,09,091,09101,La Araucanía,Cautín,Temuco,Interseccion,"1 NORTE & 1 ORIENTE, Temuco",-38.724302,-72.562368
-7865316.02089487,-3951583.5987133,3897,2023,1507965,2023/01/29 00:00:00+00,Enero,29,Domingo,1899/12/30 00:00:00+00,22:45:00,22,REGION METROPOLITANA,INDEPENDENCIA,COLISION PERPENDICULAR,COLISION,URBANA,CRUCE CON SEMAFORO FUNCIONANDO,DESOBEDIENCIA A SEÑALIZACION,SEÑALIZACION DESOBEDECER LUZ ROJA DE SEMAFORO,INDEPENDENCIA,OLIVOS,INDEPENDENCIA - OLIVOS,0, , ,BIDIRECCIONAL,CONCRETO,BUENO,SECO,DESPEJADO,0,0,0,1,13,131,13108,Metropolitana de Santiago,Santiago,Independencia,Interseccion,"INDEPENDENCIA & OLIVOS, Independencia",-33.422984,-70.655336
-8052426.83485007,-4501832.19113237,3898,2023,1513752,2023/02/27 00:00:00+00,Febrero,27,Lunes,1899/12/30 00:00:00+00,15:30:00,15,REGION BIO BIO,LOS ANGELES,COLISION FRONTAL,COLISION,URBANA,CRUCE CON SEMAFORO FUNCIONANDO,IMPRUDENCIA DEL CONDUCTOR,CONDUCCION NO ATENTO CONDICIONES TRANSITO MOMENTO,MARCONI,SOR VICENTA,MARCONI - SOR VICENTA,0, , ,UNIDIRECCIONAL,CONCRETO,BUENO,SECO,DESPEJADO,0,0,0,0,08,083,08301,Biobío,Biobío,Los Angeles,Interseccion,"MARCONI & SOR VICENTA, Los Angeles",-37.448675,-72.336181
-8133230.19114735,-4413670.61381336,3899,2023,1519587,2023/03/25 00:00:00+00,Marzo,25,Sábado,1899/12/30 00:00:00+00,16:50:00,16,REGION BIO BIO,CONCEPCION,COLISION PERPENDICULAR,COLISION,URBANA,CRUCE CON SEÑAL PARE,DESOBEDIENCIA A SEÑALIZACION,SEÑALIZACION DESOBEDECER SEÑAL PARE,ANGOL,ARGENTINA,ANGOL - ARGENTINA,0, , ,UNIDIRECCIONAL,CONCRETO,BUENO,SECO,DESPEJADO,0,1,0,0,08,081,08101,Biobío,Concepción,Concepción,Interseccion,"ANGOL & ARGENTINA, Concepción",-36.817295,-73.06205
-7874221.51500304,-3960642.52742707,3900,2023,1508051,2023/01/29 00:00:00+00,Enero,29,Domingo,1899/12/30 00:00:00+00,23:30:00,23,REGION METROPOLITANA,MAIPU,VOLCADURA,VOLCADURA,URBANA,TRAMO DE VIA RECTA,IMPRUDENCIA DEL CONDUCTOR,CONDUCCION NO ATENTO CONDICIONES TRANSITO MOMENTO,LUMEN,ALASKA,ALASKA - LUMEN,0, , ,BIDIRECCIONAL,ASFALTO,BUENO,SECO,DESPEJADO,0,0,0,1,13,131,13119,Metropolitana de Santiago,Santiago,Maipú,Interseccion,"ALASKA & LUMEN, Maipú",-33.490878,-70.735335
-7863233.80537092,-3958993.95719295,3901,2023,1519467,2023/03/25 00:00:00+00,Marzo,25,Sábado,1899/12/30 00:00:00+00,19:00:00,19,REGION METROPOLITANA,SAN JOAQUIN,ATROPELLO,ATROPELLO,URBANA,CRUCE CON SEMAFORO FUNCIONANDO,DESOBEDIENCIA A SEÑALIZACION,SEÑALIZACION DESOBEDECER LUZ ROJA DE SEMAFORO,ISABEL RIQUELME,YALTA,ISABEL RIQUELME - YALTA,0, , ,UNIDIRECCIONAL,ASFALTO,BUENO,SECO,DESPEJADO,0,0,0,1,13,131,13129,Metropolitana de Santiago,Santiago,San Joaquín,Interseccion,"ISABEL RIQUELME & YALTA, San Joaquín",-33.478526,-70.636631
-7975635.31051615,-4219884.09402309,3902,2023,1516225,2023/02/27 00:00:00+00,Febrero,27,Lunes,1899/12/30 00:00:00+00,16:10:00,16,REGION MAULE,TALCA,COLISION LATERAL,COLISION,URBANA,CRUCE CON SEÑAL PARE,IMPRUDENCIA DEL CONDUCTOR,CONDUCCION NO ATENTO CONDICIONES TRANSITO MOMENTO,11 ORIENTE,16 1/2 NORTE A,11 ORIENTE - 16 1/2 NORTE A,0, , ,BIDIRECCIONAL,CONCRETO,BUENO,SECO,DESPEJADO,0,0,0,1,07,071,07101,Maule,Talca,Talca,Interseccion,"11 ORIENTE & 16 1/2 NORTE A, Talca",-35.411062,-71.646351
-7931147.19958617,-3881602.89648258,3903,2023,1519647,2023/03/25 00:00:00+00,Marzo,25,Sábado,1899/12/30 00:00:00+00,19:05:00,19,REGION VALPARAISO,QUILLOTA,COLISION,COLISION,URBANA,TRAMO DE VIA RECTA,IMPRUDENCIA DEL CONDUCTOR,CONDUCCION NO ATENTO CONDICIONES TRANSITO MOMENTO,CONDELL,RAMON FREIRE,CONDELL - RAMON FREIRE,0, , ,BIDIRECCIONAL,ASFALTO,BUENO,SECO,DESPEJADO,0,1,0,0,05,055,05501,Valparaíso,Quillota,Quillota,Interseccion,"CONDELL & RAMON FREIRE, Quillota",-32.896717,-71.246707
-8026423.82631516,-4385689.40292358,3904,2023,1507044,2023/01/30 00:00:00+00,Enero,30,Lunes,1899/12/30 00:00:00+00,00:30:00,0,REGION ÑUBLE,CHILLAN,COLISION LATERAL,COLISION,URBANA,CRUCE CON SEMAFORO FUNCIONANDO,IMPRUDENCIA DEL CONDUCTOR,CONDUCCION CAMBIAR SORPRESIVAMENTE PISTA CIRCULACION,COLLIN,ISABEL RIQUELME,COLLIN - ISABEL RIQUELME,0, , ,BIDIRECCIONAL CON BANDEJON,CONCRETO,BUENO,SECO,DESPEJADO,0,0,0,1,16,161,16101,Ñuble,Diguillín,Chillán,Interseccion,"COLLIN & ISABEL RIQUELME, Chillán",-36.615805,-72.102592
-7871131.25535915,-3862210.04503573,3905,2023,1520824,2023/03/25 00:00:00+00,Marzo,25,Sábado,1899/12/30 00:00:00+00,20:00:00,20,REGION VALPARAISO,SAN FELIPE,COLISION,COLISION,URBANA,TRAMO DE VIA RECTA,IMPRUDENCIA DEL CONDUCTOR,CONDUCCION NO ATENTO CONDICIONES TRANSITO MOMENTO,MIRAFLORES,1 ORIENTE,1 ORIENTE - MIRAFLORES,0, , ,BIDIRECCIONAL CON BANDEJON,CONCRETO,REGULAR,SECO,DESPEJADO,0,1,0,0,05,057,05701,Valparaíso,San Felipe de Aconcagua,San Felipe,Interseccion,"1 ORIENTE & MIRAFLORES, San Felipe",-32.750322,-70.707575
-7860805.35958071,-3951281.84991807,3906,2023,1513425,2023/02/27 00:00:00+00,Febrero,27,Lunes,1899/12/30 00:00:00+00,17:20:00,17,REGION METROPOLITANA,PROVIDENCIA,COLISION LATERAL,COLISION,URBANA,TRAMO DE VIA RECTA,IMPRUDENCIA DEL CONDUCTOR,CONDUCCION CAMBIAR SORPRESIVAMENTE PISTA CIRCULACION,STA MARIA,PEDRO DE VALDIVIA NORTE,PEDRO DE VALDIVIA NORTE - STA MARIA,0, , ,UNIDIRECCIONAL,ASFALTO,BUENO,SECO,DESPEJADO,0,0,0,0,13,131,13123,Metropolitana de Santiago,Santiago,Providencia,Interseccion,"PEDRO DE VALDIVIA NORTE & STA MARIA, Providencia",-33.420722,-70.614816
-8121079.67989261,-5082434.34473056,3907,2023,1507081,2023/01/30 00:00:00+00,Enero,30,Lunes,1899/12/30 00:00:00+00,01:00:00,1,REGION LOS LAGOS,PUERTO MONTT,COLISION PERPENDICULAR,COLISION,URBANA,CRUCE CON SEMAFORO FUNCIONANDO,ALCOHOL EN CONDUCTOR,CONDUCCION EN ESTADO DE EBRIEDAD,URMENETA,SALVADOR ALLENDE,SALVADOR ALLENDE - URMENETA,0, , ,UNIDIRECCIONAL,CONCRETO,BUENO,SECO,DESPEJADO,0,1,0,0,10,101,10101,Los Lagos,Llanquihue,Puerto Montt,Interseccion,"SALVADOR ALLENDE & URMENETA, Puerto Montt",-41.473491,-72.9529
-8071769.48693133,-6750283.38769103,3908,2023,1519342,2023/03/25 00:00:00+00,Marzo,25,Sábado,1899/12/30 00:00:00+00,21:20:00,21,REGION MAGALLANES Y ANTARTICA CHILENA,NATALES,COLISION,COLISION,URBANA,CRUCE CON SEÑAL CEDA EL PASO,IMPRUDENCIA DEL CONDUCTOR,CONDUCCION NO ATENTO CONDICIONES TRANSITO MOMENTO,PEDRO MONTT,PHILIPPI,PEDRO MONTT - PHILIPPI,0, , ,BIDIRECCIONAL,CONCRETO,BUENO,SECO,DESPEJADO,0,1,0,0,12,124,12401,Magallanes y de la Antártica Chilena,Última Esperanza,Natales,Interseccion,"PEDRO MONTT & PHILIPPI, Natales",-51.723495,-72.509939
-7855284.35811532,-3956729.41245119,3909,2023,1515221,2023/02/27 00:00:00+00,Febrero,27,Lunes,1899/12/30 00:00:00+00,18:20:00,18,REGION METROPOLITANA,PEÑALOLEN,COLISION FRONTAL,COLISION,URBANA,CRUCE CON SEMAFORO FUNCIONANDO,IMPRUDENCIA DEL CONDUCTOR,CONDUCCION SIN MANTENER DISTANCIA RAZONABLE NI PRUDENTE,JOSE ARRIETA,LOS MOLINEROS,JOSE ARRIETA - LOS MOLINEROS,0, , ,BIDIRECCIONAL,CONCRETO,BUENO,SECO,DESPEJADO,0,0,0,0,13,131,13122,Metropolitana de Santiago,Santiago,Peñalolén,Interseccion,"JOSE ARRIETA & LOS MOLINEROS, Peñalolén",-33.461557,-70.56522
-7976499.92900114,-4221518.59945692,3910,2023,1506714,2023/01/30 00:00:00+00,Enero,30,Lunes,1899/12/30 00:00:00+00,07:30:00,7,REGION MAULE,TALCA,COLISION POR ALCANCE,COLISION,URBANA,CRUCE CON SEMAFORO FUNCIONANDO,DESOBEDIENCIA A SEÑALIZACION,SEÑALIZACION DESOBEDECER LUZ ROJA DE SEMAFORO,9 ORIENTE,BERNARDO O'HIGGINS,9 ORIENTE - BERNARDO O'HIGGINS,0, , ,BIDIRECCIONAL CON BANDEJON,CONCRETO,BUENO,SECO,DESPEJADO,0,0,0,2,07,071,07101,Maule,Talca,Talca,Interseccion,"9 ORIENTE & BERNARDO O'HIGGINS, Talca",-35.423028,-71.654118
-7829756.30529757,-3169120.09083002,3911,2023,1513185,2023/02/27 00:00:00+00,Febrero,27,Lunes,1899/12/30 00:00:00+00,18:30:00,18,REGION ATACAMA,COPIAPO,COLISION LATERAL,COLISION,URBANA,TRAMO DE VIA RECTA,IMPRUDENCIA DEL CONDUCTOR,CONDUCCION NO ATENTO CONDICIONES TRANSITO MOMENTO,O'HIGGINS,YERBAS BUENAS,O'HIGGINS - YERBAS BUENAS,0, , ,UNIDIRECCIONAL,ASFALTO,BUENO,SECO,DESPEJADO,0,1,0,0,03,031,03101,Atacama,Copiapó,Copiapó,Interseccion,"O'HIGGINS & YERBAS BUENAS, Copiapó",-27.364776,-70.335898
-8133225.41557459,-4414733.82943524,3912,2023,1524427,2023/03/25 00:00:00+00,Marzo,25,Sábado,1899/12/30 00:00:00+00,22:00:00,22,REGION BIO BIO,CONCEPCION,COLISION,COLISION,URBANA,ENLACE A NIVEL,IMPRUDENCIA DEL CONDUCTOR,CONDUCCION NO ATENTO CONDICIONES TRANSITO MOMENTO,ARTURO PRAT,MARTINEZ DE ROZAS,ARTURO PRAT - MARTINEZ DE ROZAS,0, , ,BIDIRECCIONAL CON BANDEJON,CONCRETO,BUENO,SECO,DESPEJADO,0,1,0,1,08,081,08101,Biobío,Concepción,Concepción,Interseccion,"ARTURO PRAT & MARTINEZ DE ROZAS, Concepción",-36.824941,-73.062007
-7931841.56610874,-3489788.04862175,3913,2023,1507179,2023/01/30 00:00:00+00,Enero,30,Lunes,1899/12/30 00:00:00+00,08:05:00,8,REGION COQUIMBO,LA SERENA,COLISION LATERAL,COLISION,URBANA,CRUCE CON SEÑAL PARE,DESOBEDIENCIA A SEÑALIZACION,SEÑALIZACION DESOBEDECER SEÑAL PARE,ISLON,EL BRILLADOR,EL BRILLADOR - ISLON,0, , ,BIDIRECCIONAL,ASFALTO,BUENO,SECO,DESPEJADO,0,0,1,0,04,041,04101,Coquimbo,Elqui,La Serena,Interseccion,"EL BRILLADOR & ISLON, La Serena",-29.892881,-71.252945
-8117053.58786909,-5081649.61865629,3914,2023,1521227,2023/03/25 00:00:00+00,Marzo,25,Sábado,1899/12/30 00:00:00+00,22:48:00,22,REGION LOS LAGOS,PUERTO MONTT,COLISION POR ALCANCE,COLISION,URBANA,CRUCE CON SEÑAL PARE,IMPRUDENCIA DEL CONDUCTOR,CONDUCCION NO ATENTO CONDICIONES TRANSITO MOMENTO,CARMELA CARVAJAL,EGAÑA,CARMELA CARVAJAL - EGAÑA,0, , ,BIDIRECCIONAL,CONCRETO,BUENO,SECO,DESPEJADO,0,0,0,1,10,101,10101,Los Lagos,Llanquihue,Puerto Montt,Interseccion,"CARMELA CARVAJAL & EGAÑA, Puerto Montt",-41.468209,-72.916733
-7855964.74284305,-3975693.49854129,3915,2023,1514240,2023/02/27 00:00:00+00,Febrero,27,Lunes,1899/12/30 00:00:00+00,19:40:00,19,REGION METROPOLITANA,PUENTE ALTO,COLISION PERPENDICULAR,COLISION,URBANA,CRUCE CON SEÑAL CEDA EL PASO,IMPRUDENCIA DEL CONDUCTOR,CONDUCCION SIN MANTENER DISTANCIA RAZONABLE NI PRUDENTE,NEMESIO VICUÑA,PROFE ALCAINO,NEMESIO VICUÑA - PROFE ALCAINO,0, , ,BIDIRECCIONAL,ASFALTO,BUENO,SECO,DESPEJADO,0,0,0,1,13,132,13201,Metropolitana de Santiago,Cordillera,Puente Alto,Interseccion,"NEMESIO VICUÑA & PROFE ALCAINO, Puente Alto",-33.603562,-70.571332
-8132259.38501122,-4417201.03511645,3916,2023,1507034,2023/01/30 00:00:00+00,Enero,30,Lunes,1899/12/30 00:00:00+00,10:50:00,10,REGION BIO BIO,CONCEPCION,COLISION,COLISION,URBANA,CRUCE CON SEÑAL CEDA EL PASO,IMPRUDENCIA DEL CONDUCTOR,CONDUCCION CAMBIAR SORPRESIVAMENTE PISTA CIRCULACION,PEDRO DE VALDIVIA,BAHAMONDES,BAHAMONDES - PEDRO DE VALDIVIA,0, , ,BIDIRECCIONAL CON BANDEJON,CONCRETO,BUENO,SECO,DESPEJADO,0,1,0,0,08,081,08101,Biobío,Concepción,Concepción,Interseccion,"BAHAMONDES & PEDRO DE VALDIVIA, Concepción",-36.84268,-73.053329
-8152867.96239744,-4840603.38750132,3917,2023,1519304,2023/03/26 00:00:00+00,Marzo,26,Domingo,1899/12/30 00:00:00+00,01:10:00,1,REGION DE LOS RIOS,VALDIVIA,COLISION LATERAL,COLISION,URBANA,CRUCE CON SEÑAL CEDA EL PASO,ALCOHOL EN CONDUCTOR,CONDUCCION BAJO LA INFLUENCIA DEL ALCOHOL,EUSEBIO GONZALEZ BUSTAMANTE,TORIBIO MEDINA,EUSEBIO GONZALEZ BUSTAMANTE - TORIBIO MEDINA,0, , ,BIDIRECCIONAL,CONCRETO,REGULAR,SECO,DESPEJADO,0,1,0,0,14,141,14101,Los Ríos,Valdivia,Valdivia,Interseccion,"EUSEBIO GONZALEZ BUSTAMANTE & TORIBIO MEDINA, Valdivia",-39.825408,-73.238459
-7853935.83380385,-3950663.1497247,3918,2023,1507342,2023/01/30 00:00:00+00,Enero,30,Lunes,1899/12/30 00:00:00+00,13:20:00,13,REGION METROPOLITANA,LAS CONDES,COLISION,COLISION,URBANA,TRAMO DE VIA RECTA,IMPRUDENCIA DEL CONDUCTOR,CONDUCCION NO ATENTO CONDICIONES TRANSITO MOMENTO,TOMAS MORO,CASAS BLANCAS,CASAS BLANCAS - TOMAS MORO,0, , ,BIDIRECCIONAL,ASFALTO,BUENO,SECO,DESPEJADO,0,0,0,0,13,131,13114,Metropolitana de Santiago,Santiago,Las Condes,Interseccion,"CASAS BLANCAS & TOMAS MORO, Las Condes",-33.416083,-70.553106
-7877341.42466008,-3953365.85509856,3919,2023,1521523,2023/03/26 00:00:00+00,Marzo,26,Domingo,1899/12/30 00:00:00+00,01:30:00,1,REGION METROPOLITANA,PUDAHUEL,COLISION,COLISION,URBANA,TRAMO DE VIA RECTA,DESOBEDIENCIA A SEÑALIZACION,SEÑALIZACION DESOBEDECER SEÑAL PARE,FEDERICO ERRAZURIZ,CHAÑARCILLO,CHAÑARCILLO - FEDERICO ERRAZURIZ,0, , ,BIDIRECCIONAL,ASFALTO,REGULAR,SECO,DESPEJADO,0,1,0,0,13,131,13124,Metropolitana de Santiago,Santiago,Pudahuel,Interseccion,"CHAÑARCILLO & FEDERICO ERRAZURIZ, Pudahuel",-33.436346,-70.763362
-8133839.78784428,-4415399.01040165,3920,2023,1512838,2023/02/27 00:00:00+00,Febrero,27,Lunes,1899/12/30 00:00:00+00,20:10:00,20,REGION BIO BIO,CONCEPCION,COLISION,COLISION,URBANA,OTROS NO CONSIDERADOS,IMPRUDENCIA DEL CONDUCTOR,VIRAJES INDEBIDOS,PUENTE LLACOLEN,LOS CARRERA,LOS CARRERA - PUENTE LLACOLEN,0, , ,BIDIRECCIONAL CON BANDEJON,CONCRETO,BUENO,SECO,DESPEJADO,0,0,0,1,08,081,08101,Biobío,Concepción,Concepción,Interseccion,"LOS CARRERA & PUENTE LLACOLEN, Concepción",-36.829724,-73.067526