X,Y,FID,Año,IdAccident,Fecha,Mes,Dia_mes,Dia_semana,Hora,Hora_texto,Hora_aprox,Región,Comuna,Tipo_Accid,Tipo__CONA,Zona,Ubicación,Causa__CON,Causa_Acci,Calle_Uno,Calle_Dos,Intersecci,Número,Ruta,Ubicaci_1,Calzada,Tipo_Calza,Estado_Cal,Condición,Estado_Atm,Fallecidos,Graves,Menos_Grav,Leves,CUT_REG,CUT_PROV,CUT_COM,REGION,PROVINCIA,COMUNA1,Tipo_direc,Direccion,Lat,Lon
-7853935.83380385,-3950663.1497247,3921,2023,1508362,2023/01/30 00:00:00+00,Enero,30,Lunes,1899/12/30 00:00:00+00,13:20:00,13,REGION METROPOLITANA,LAS CONDES,COLISION,COLISION,URBANA,TRAMO DE VIA RECTA,IMPRUDENCIA DEL CONDUCTOR,CONDUCCION NO ATENTO CONDICIONES TRANSITO MOMENTO,TOMAS MORO,CASAS BLANCAS,CASAS BLANCAS - TOMAS MORO,0, , ,BIDIRECCIONAL,ASFALTO,BUENO,SECO,DESPEJADO,0,0,0,0,13,131,13114,Metropolitana de Santiago,Santiago,Las Condes,Interseccion,"CASAS BLANCAS & TOMAS MORO, Las Condes",-33.416083,-70.553106
-7869291.24436388,-3955721.88369327,3922,2023,1514805,2023/02/27 00:00:00+00,Febrero,27,Lunes,1899/12/30 00:00:00+00,21:30:00,21,REGION METROPOLITANA,ESTACION CENTRAL,COLISION LATERAL,COLISION,URBANA,CRUCE CON SEMAFORO FUNCIONANDO,IMPRUDENCIA DEL CONDUCTOR,CONDUCCION NO ATENTO CONDICIONES TRANSITO MOMENTO,GRAL VELASQUEZ,LIBER BERNARDO O'HIGGINS,GRAL VELASQUEZ - LIBER BERNARDO O'HIGGINS,0, , ,BIDIRECCIONAL,ASFALTO,BUENO,SECO,DESPEJADO,0,0,0,0,13,131,13106,Metropolitana de Santiago,Santiago,Estación Central,Interseccion,"GRAL VELASQUEZ & LIBER BERNARDO O'HIGGINS, Estación Central",-33.454006,-70.691046
-8099746.63527144,-4846213.70497103,3923,2023,1506852,2023/01/30 00:00:00+00,Enero,30,Lunes,1899/12/30 00:00:00+00,14:50:00,14,REGION DE LOS RIOS,LOS LAGOS,COLISION LATERAL,COLISION,URBANA,TRAMO DE VIA RECTA,IMPRUDENCIA DEL CONDUCTOR,ADELANTAMIENTO SOBREPASANDO LINEA CONTINUA,QUINCHILCA,SECTOR LAS VERTIENTES,QUINCHILCA - SECTOR LAS VERTIENTES,0, , ,BIDIRECCIONAL,ASFALTO,BUENO,SECO,DESPEJADO,0,0,1,0,14,141,14104,Los Ríos,Valdivia,Los Lagos,Interseccion,"QUINCHILCA & SECTOR LAS VERTIENTES, Los Lagos",-39.864103,-72.761262
-7894903.6328056,-7010144.04845631,3924,2023,1513285,2023/02/27 00:00:00+00,Febrero,27,Lunes,1899/12/30 00:00:00+00,22:40:00,22,REGION MAGALLANES Y ANTARTICA CHILENA,PUNTA ARENAS,CHOQUE FRONTAL,CHOQUE,URBANA,CRUCE SIN SEÑALIZACION,IMPRUDENCIA DEL CONDUCTOR,CONDUCCION NO ATENTO CONDICIONES TRANSITO MOMENTO,GENERAL JUAN SALVO,CIRUJANO VIDELA,CIRUJANO VIDELA - GENERAL JUAN SALVO,0, , ,UNIDIRECCIONAL,MIXTO,MALO,CON BARRO,NUBLADO,0,0,0,1,12,121,12101,Magallanes y de la Antártica Chilena,Magallanes,Punta Arenas,Interseccion,"CIRUJANO VIDELA & GENERAL JUAN SALVO, Punta Arenas",-53.146508,-70.921126
-7860818.16132215,-3956733.68239295,3925,2023,1519863,2023/03/26 00:00:00+00,Marzo,26,Domingo,1899/12/30 00:00:00+00,09:35:00,9,REGION METROPOLITANA,ÑUÑOA,COLISION POR ALCANCE,COLISION,URBANA,CRUCE CON SEMAFORO FUNCIONANDO,IMPRUDENCIA DEL CONDUCTOR,CONDUCCION SIN MANTENER DISTANCIA RAZONABLE NI PRUDENTE,GRECIA,REP DE ISRAEL,GRECIA - REP DE ISRAEL,0, , ,BIDIRECCIONAL CON BANDEJON,CONCRETO,BUENO,SECO,DESPEJADO,0,1,0,0,13,131,13120,Metropolitana de Santiago,Santiago,Ñuñoa,Interseccion,"GRECIA & REP DE ISRAEL, Ñuñoa",-33.461589,-70.614931
-7933675.543621,-3895873.88088968,3926,2023,1506455,2023/01/30 00:00:00+00,Enero,30,Lunes,1899/12/30 00:00:00+00,15:20:00,15,REGION VALPARAISO,LIMACHE,COLISION POR ALCANCE,COLISION,URBANA,CRUCE CON SEMAFORO FUNCIONANDO,IMPRUDENCIA DEL CONDUCTOR,CONDUCCION NO ATENTO CONDICIONES TRANSITO MOMENTO,PALMIRA ROMANO SUR,INDEPENDENCIA,INDEPENDENCIA - PALMIRA ROMANO SUR,0, , ,BIDIRECCIONAL,ASFALTO,BUENO,SECO,DESPEJADO,0,1,0,0,05,058,05802,Valparaíso,Marga Marga,Limache,Interseccion,"INDEPENDENCIA & PALMIRA ROMANO SUR, Limache",-33.004294,-71.26942
-7876291.24189388,-3961895.79438093,3927,2023,1520891,2023/03/26 00:00:00+00,Marzo,26,Domingo,1899/12/30 00:00:00+00,13:30:00,13,REGION METROPOLITANA,MAIPU,COLISION LATERAL,COLISION,URBANA,TRAMO DE VIA RECTA,IMPRUDENCIA DEL CONDUCTOR,CONDUCCION NO ATENTO CONDICIONES TRANSITO MOMENTO,CENTRAL GONZALO PEREZ LLONA,RAUL MAZZONE,CENTRAL GONZALO PEREZ LLONA - RAUL MAZZONE,0, , ,BIDIRECCIONAL,ASFALTO,BUENO,SECO,DESPEJADO,0,0,0,0,13,131,13119,Metropolitana de Santiago,Santiago,Maipú,Interseccion,"CENTRAL GONZALO PEREZ LLONA & RAUL MAZZONE, Maipú",-33.500267,-70.753928
-7970432.5715306,-4279507.7410688,3928,2023,1512860,2023/02/27 00:00:00+00,Febrero,27,Lunes,1899/12/30 00:00:00+00,23:00:00,23,REGION MAULE,LINARES,CHOQUE POSTERIOR/FRENTE,CHOQUE,URBANA,CRUCE CON SEMAFORO FUNCIONANDO,IMPRUDENCIA DEL CONDUCTOR,CONDUCCION NO ATENTO CONDICIONES TRANSITO MOMENTO,CHORRILLOS,PRESIDENTE CARLOS IBAÑEZ DEL CAMPO,CHORRILLOS - PRESIDENTE CARLOS IBAÑEZ DEL CAMPO,0, , ,BIDIRECCIONAL,ASFALTO,BUENO,SECO,DESPEJADO,0,0,0,0,07,074,07401,Maule,Linares,Linares,Interseccion,"CHORRILLOS & PRESIDENTE CARLOS IBAÑEZ DEL CAMPO, Linares",-35.846407,-71.599614
-7870581.61537336,-3974313.75363199,3929,2023,1506537,2023/01/30 00:00:00+00,Enero,30,Lunes,1899/12/30 00:00:00+00,18:00:00,18,REGION METROPOLITANA,SAN BERNARDO,COLISION LATERAL,COLISION,URBANA,CRUCE CON SEÑAL PARE,IMPRUDENCIA DEL CONDUCTOR,CONDUCCION NO ATENTO CONDICIONES TRANSITO MOMENTO,VICTORIA,ARTURO PRAT,ARTURO PRAT - VICTORIA,0, , ,UNIDIRECCIONAL,ASFALTO,BUENO,SECO,DESPEJADO,0,1,0,1,13,134,13401,Metropolitana de Santiago,Maipo,San Bernardo,Interseccion,"ARTURO PRAT & VICTORIA, San Bernardo",-33.593238,-70.702638
-7857726.81906282,-3950496.97720497,3930,2023,1514972,2023/02/28 00:00:00+00,Febrero,28,Martes,1899/12/30 00:00:00+00,08:00:00,8,REGION METROPOLITANA,LAS CONDES,COLISION LATERAL,COLISION,URBANA,CRUCE CON SEMAFORO FUNCIONANDO,VELOCIDAD IMPRUDENTE,VELOCIDAD NO RAZONABLE NI PRUDENTE,MALAGA,APOQUINDO,APOQUINDO - MALAGA,0, , ,UNIDIRECCIONAL,ASFALTO,BUENO,SECO,DESPEJADO,0,0,0,1,13,131,13114,Metropolitana de Santiago,Santiago,Las Condes,Interseccion,"APOQUINDO & MALAGA, Las Condes",-33.414837,-70.587161
-7869767.58046498,-3976767.06551524,3931,2023,1521357,2023/03/26 00:00:00+00,Marzo,26,Domingo,1899/12/30 00:00:00+00,14:15:00,14,REGION METROPOLITANA,SAN BERNARDO,COLISION LATERAL,COLISION,URBANA,CRUCE CON SEMAFORO FUNCIONANDO,DESOBEDIENCIA A SEÑALIZACION,SEÑALIZACION DESOBEDECER LUZ ROJA DE SEMAFORO,EUCALIPTUS,PORTALES ORIENTE,EUCALIPTUS - PORTALES ORIENTE,0, , ,BIDIRECCIONAL,CONCRETO,BUENO,SECO,DESPEJADO,0,1,0,0,13,134,13401,Metropolitana de Santiago,Maipo,San Bernardo,Interseccion,"EUCALIPTUS & PORTALES ORIENTE, San Bernardo",-33.611594,-70.695325
-7958292.29043688,-3895714.51463536,3932,2023,1506447,2023/01/30 00:00:00+00,Enero,30,Lunes,1899/12/30 00:00:00+00,18:50:00,18,REGION VALPARAISO,VIÑA DEL MAR,COLISION,COLISION,URBANA,CRUCE CON SEÑAL CEDA EL PASO,IMPRUDENCIA DEL CONDUCTOR,CONDUCCION NO ATENTO CONDICIONES TRANSITO MOMENTO,SAN PEDRO DE ATACAMA,ANGOL,ANGOL - SAN PEDRO DE ATACAMA,0, , ,BIDIRECCIONAL,CONCRETO,BUENO,SECO,DESPEJADO,0,0,0,0,05,051,05109,Valparaíso,Valparaíso,Viña del Mar,Interseccion,"ANGOL & SAN PEDRO DE ATACAMA, Viña del Mar",-33.003093,-71.490556
-7939569.79921656,-3502808.57101458,3933,2023,1519741,2023/03/26 00:00:00+00,Marzo,26,Domingo,1899/12/30 00:00:00+00,15:10:00,15,REGION COQUIMBO,COQUIMBO,COLISION PERPENDICULAR,COLISION,URBANA,CRUCE SIN SEÑALIZACION,IMPRUDENCIA DEL CONDUCTOR,"ADELANTAMIENTO EN CRUCE, CURVA, CUESTA, PUENTE",ERNESTO MARIN ALVAREZ,RAMON GORRONO,ERNESTO MARIN ALVAREZ - RAMON GORRONO,0, , ,BIDIRECCIONAL,ASFALTO,BUENO,SECO,DESPEJADO,0,0,1,0,04,041,04102,Coquimbo,Elqui,Coquimbo,Interseccion,"ERNESTO MARIN ALVAREZ & RAMON GORRONO, Coquimbo",-29.994233,-71.322369
-8010508.92402781,-4361099.45009784,3934,2023,1507440,2023/01/30 00:00:00+00,Enero,30,Lunes,1899/12/30 00:00:00+00,19:45:00,19,REGION ÑUBLE,SAN CARLOS,COLISION LATERAL,COLISION,URBANA,TRAMO DE VIA RECTA,IMPRUDENCIA DEL CONDUCTOR,CONDUCCION NO ATENTO CONDICIONES TRANSITO MOMENTO,VICUÑA MACKENNA,PANAMERICANA SUR,PANAMERICANA SUR - VICUÑA MACKENNA,0, , ,BIDIRECCIONAL,ASFALTO,BUENO,SECO,DESPEJADO,0,0,0,1,16,163,16301,Ñuble,Punilla,San Carlos,Interseccion,"PANAMERICANA SUR & VICUÑA MACKENNA, San Carlos",-36.438299,-71.959626
-7861866.23432797,-3954658.14276105,3935,2023,1522182,2023/03/26 00:00:00+00,Marzo,26,Domingo,1899/12/30 00:00:00+00,16:30:00,16,REGION METROPOLITANA,PROVIDENCIA,COLISION FRONTAL,COLISION,URBANA,TRAMO DE VIA RECTA,IMPRUDENCIA DEL CONDUCTOR,CONDUCCION NO ATENTO CONDICIONES TRANSITO MOMENTO,STA ISABEL,GIRARDI,GIRARDI - STA ISABEL,0, , ,UNIDIRECCIONAL,ASFALTO,REGULAR,SECO,DESPEJADO,0,0,0,0,13,131,13123,Metropolitana de Santiago,Santiago,Providencia,Interseccion,"GIRARDI & STA ISABEL, Providencia",-33.446033,-70.624346
-8177121.91905961,-4527489.84052351,3936,2023,1521522,2023/03/26 00:00:00+00,Marzo,26,Domingo,1899/12/30 00:00:00+00,17:30:00,17,REGION BIO BIO,LOS ALAMOS,COLISION LATERAL,COLISION,URBANA,TRAMO DE VIA RECTA,ALCOHOL EN CONDUCTOR,CONDUCCION EN ESTADO DE EBRIEDAD,CAUPOLICAN,TRIHUECO,CAUPOLICAN - TRIHUECO,0, , ,BIDIRECCIONAL,ASFALTO,BUENO,SECO,DESPEJADO,0,0,0,0,08,082,08206,Biobío,Arauco,Los Alamos,Interseccion,"CAUPOLICAN & TRIHUECO, Los Alamos",-37.631434,-73.456336
-7854387.01170004,-3959124.69704415,3937,2023,1506561,2023/01/30 00:00:00+00,Enero,30,Lunes,1899/12/30 00:00:00+00,20:20:00,20,REGION METROPOLITANA,PEÑALOLEN,COLISION FRONTAL,COLISION,URBANA,CRUCE CON SEMAFORO FUNCIONANDO,IMPRUDENCIA DEL CONDUCTOR,CONDUCCION SIN MANTENER DISTANCIA RAZONABLE NI PRUDENTE,MARIANO SANCHEZ FONTECILLA,EL VALLE,EL VALLE - MARIANO SANCHEZ FONTECILLA,0, , ,BIDIRECCIONAL,CONCRETO,BUENO,SECO,DESPEJADO,0,0,0,0,13,131,13122,Metropolitana de Santiago,Santiago,Peñalolén,Interseccion,"EL VALLE & MARIANO SANCHEZ FONTECILLA, Peñalolén",-33.479506,-70.557159
-7985349.71719971,-4245395.51025052,3938,2023,1519604,2023/03/26 00:00:00+00,Marzo,26,Domingo,1899/12/30 00:00:00+00,18:50:00,18,REGION MAULE,SAN JAVIER,COLISION LATERAL,COLISION,URBANA,CRUCE CON SEMAFORO FUNCIONANDO,DESOBEDIENCIA A SEÑALIZACION,SEÑALIZACION DESOBEDECER LUZ ROJA DE SEMAFORO,CIENFUEGOS,CANCHA DE CARRERAS,CANCHA DE CARRERAS - CIENFUEGOS,0, , ,UNIDIRECCIONAL,ASFALTO,BUENO,SECO,DESPEJADO,0,0,0,0,07,074,07406,Maule,Linares,San Javier,Interseccion,"CANCHA DE CARRERAS & CIENFUEGOS, San Javier",-35.597625,-71.733617
-7863211.39613403,-3956120.13045731,3939,2023,1509033,2023/01/30 00:00:00+00,Enero,30,Lunes,1899/12/30 00:00:00+00,22:30:00,22,REGION METROPOLITANA,SANTIAGO,COLISION,COLISION,URBANA,TRAMO DE VIA RECTA,IMPRUDENCIA DEL CONDUCTOR,ADELANTAMIENTO SIN EFECTUAR LA SEÑAL RESPECTIVA,MANUEL ANTONIO MATTA,LIRA,LIRA - MANUEL ANTONIO MATTA,0, , ,BIDIRECCIONAL,ASFALTO,BUENO,SECO,DESPEJADO,0,0,0,1,13,131,13101,Metropolitana de Santiago,Santiago,Santiago,Interseccion,"LIRA & MANUEL ANTONIO MATTA, Santiago",-33.456991,-70.63643
-8026395.21725055,-4384365.97151464,3940,2023,1520262,2023/03/26 00:00:00+00,Marzo,26,Domingo,1899/12/30 00:00:00+00,22:40:00,22,REGION ÑUBLE,CHILLAN,ATROPELLO,ATROPELLO,URBANA,TRAMO DE VIA RECTA,IMPRUDENCIA DEL PEATON,PEATON CRUZA CALZADA FUERA PASO PEATONES,ALONSO DE ERCILLA,RIO CATO,ALONSO DE ERCILLA - RIO CATO,0, , ,BIDIRECCIONAL,CONCRETO,BUENO,SECO,DESPEJADO,0,1,0,1,16,161,16101,Ñuble,Diguillín,Chillán,Interseccion,"ALONSO DE ERCILLA & RIO CATO, Chillán",-36.606262,-72.102335
-7899694.48967521,-3874443.98088599,3941,2023,1513334,2023/02/28 00:00:00+00,Febrero,28,Martes,1899/12/30 00:00:00+00,12:50:00,12,REGION VALPARAISO,LLAY LLAY,COLISION,COLISION,URBANA,TRAMO DE VIA RECTA,IMPRUDENCIA DEL CONDUCTOR,CONDUCCION NO ATENTO CONDICIONES TRANSITO MOMENTO,MANUEL RODRIGUEZ,SAN CAYETANO,MANUEL RODRIGUEZ - SAN CAYETANO,0, , ,BIDIRECCIONAL,CONCRETO,BUENO,SECO,DESPEJADO,0,0,0,1,05,057,05703,Valparaíso,San Felipe de Aconcagua,Llaillay,Interseccion,"MANUEL RODRIGUEZ & SAN CAYETANO, Llaillay",-32.842703,-70.964163
-8094046.96611239,-4550248.87345732,3942,2023,1513614,2023/02/28 00:00:00+00,Febrero,28,Martes,1899/12/30 00:00:00+00,13:30:00,13,REGION ARAUCANIA,ANGOL,COLISION POR ALCANCE,COLISION,URBANA,CRUCE CON SEÑAL PARE,IMPRUDENCIA DEL CONDUCTOR,CONDUCCION SIN MANTENER DISTANCIA RAZONABLE NI PRUDENTE,COLIMA,MANUEL BUNSTER,COLIMA - MANUEL BUNSTER,0, , ,BIDIRECCIONAL,CONCRETO,BUENO,SECO,DESPEJADO,0,0,0,0,09,092,09201,La Araucanía,Malleco,Angol,Interseccion,"COLIMA & MANUEL BUNSTER, Angol",-37.793171,-72.710061
-8139527.45903314,-4416438.94652905,3943,2023,1521027,2023/03/27 00:00:00+00,Marzo,27,Lunes,1899/12/30 00:00:00+00,00:45:00,0,REGION BIO BIO,SAN PEDRO DE LA PAZ,COLISION LATERAL,COLISION,URBANA,CRUCE CON SEMAFORO FUNCIONANDO,ALCOHOL EN CONDUCTOR,CONDUCCION EN ESTADO DE EBRIEDAD,PEDRO AGUIRRE CERDA,DIAGONAL BIO BIO,DIAGONAL BIO BIO - PEDRO AGUIRRE CERDA,0, , ,BIDIRECCIONAL CON BANDEJON,CONCRETO,BUENO,SECO,DESPEJADO,0,0,1,0,08,081,08108,Biobío,Concepción,San Pedro de la Paz,Interseccion,"DIAGONAL BIO BIO & PEDRO AGUIRRE CERDA, San Pedro de la Paz",-36.837201,-73.118619
-7865588.68017645,-3948202.59979243,3944,2023,1520940,2023/03/27 00:00:00+00,Marzo,27,Lunes,1899/12/30 00:00:00+00,07:50:00,7,REGION METROPOLITANA,RECOLETA,COLISION LATERAL,COLISION,URBANA,CRUCE CON SEÑAL PARE,IMPRUDENCIA DEL CONDUCTOR,ADELANTAMIENTO SIN EL ESPACIO O TIEMPO SUFICIENTE,EMILIANO ZAPATA,EL GUANACO,EL GUANACO - EMILIANO ZAPATA,0, , ,BIDIRECCIONAL,ASFALTO,BUENO,SECO,DESPEJADO,0,0,0,1,13,131,13127,Metropolitana de Santiago,Santiago,Recoleta,Interseccion,"EL GUANACO & EMILIANO ZAPATA, Recoleta",-33.397631,-70.657785
-7871116.24949179,-4002454.43697553,3945,2023,1519322,2023/03/27 00:00:00+00,Marzo,27,Lunes,1899/12/30 00:00:00+00,08:00:00,8,REGION METROPOLITANA,PAINE,COLISION FRONTAL,COLISION,URBANA,ENLACE A NIVEL,IMPRUDENCIA DEL CONDUCTOR,CONDUCCION NO ATENTO CONDICIONES TRANSITO MOMENTO,18 DE SEPTIEMBRE,ACCESO SUR,18 DE SEPTIEMBRE - ACCESO SUR,0, , ,BIDIRECCIONAL,ASFALTO,BUENO,SECO,DESPEJADO,0,1,0,0,13,134,13404,Metropolitana de Santiago,Maipo,Paine,Interseccion,"18 DE SEPTIEMBRE & ACCESO SUR, Paine",-33.803553,-70.70744
-7859174.64036008,-3949556.53368179,3946,2023,1523143,2023/03/27 00:00:00+00,Marzo,27,Lunes,1899/12/30 00:00:00+00,09:00:00,9,REGION METROPOLITANA,VITACURA,COLISION LATERAL,COLISION,URBANA,CRUCE CON SEMAFORO FUNCIONANDO,IMPRUDENCIA DEL CONDUCTOR,CONDUCCION NO ATENTO CONDICIONES TRANSITO MOMENTO,PDTE KENNEDY,VITACURA,PDTE KENNEDY - VITACURA,0, , ,UNIDIRECCIONAL,ASFALTO,BUENO,SECO,DESPEJADO,0,0,0,0,13,131,13132,Metropolitana de Santiago,Santiago,Vitacura,Interseccion,"PDTE KENNEDY & VITACURA, Vitacura",-33.407785,-70.600167
-7864371.03419031,-3964121.3080221,3947,2023,1520204,2023/03/27 00:00:00+00,Marzo,27,Lunes,1899/12/30 00:00:00+00,12:00:00,12,REGION METROPOLITANA,LA CISTERNA,COLISION POR ALCANCE,COLISION,URBANA,CRUCE CON SEÑAL PARE,IMPRUDENCIA DEL CONDUCTOR,CONDUCCION SIN MANTENER DISTANCIA RAZONABLE NI PRUDENTE,LO OVALLE,COVADONGA,COVADONGA - LO OVALLE,0, , ,BIDIRECCIONAL,CONCRETO,BUENO,SECO,DESPEJADO,0,0,0,1,13,131,13109,Metropolitana de Santiago,Santiago,La Cisterna,Interseccion,"COVADONGA & LO OVALLE, La Cisterna",-33.516936,-70.646847
-7874715.28655278,-3990746.87401258,3948,2023,1525918,2023/03/27 00:00:00+00,Marzo,27,Lunes,1899/12/30 00:00:00+00,12:00:00,12,REGION METROPOLITANA,BUIN,COLISION POR ALCANCE,COLISION,URBANA,TRAMO DE VIA RECTA,IMPRUDENCIA DEL CONDUCTOR,CONDUCCION NO ATENTO CONDICIONES TRANSITO MOMENTO,NUEVO BUIN,LIMITE URBANO,LIMITE URBANO - NUEVO BUIN,0, , ,BIDIRECCIONAL,CONCRETO,BUENO,SECO,DESPEJADO,0,0,0,0,13,134,13402,Metropolitana de Santiago,Maipo,Buin,Interseccion,"LIMITE URBANO & NUEVO BUIN, Buin",-33.716117,-70.739771
-8125222.72954989,-5083332.18961806,3949,2023,1520850,2023/03/27 00:00:00+00,Marzo,27,Lunes,1899/12/30 00:00:00+00,12:50:00,12,REGION LOS LAGOS,PUERTO MONTT,COLISION LATERAL,COLISION,URBANA,CRUCE SIN SEÑALIZACION,IMPRUDENCIA DEL CONDUCTOR,CONDUCCION NO ATENTO CONDICIONES TRANSITO MOMENTO,LAS TEPAS,PUERTO LARA,LAS TEPAS - PUERTO LARA,0, , ,BIDIRECCIONAL,CONCRETO,BUENO,SECO,DESPEJADO,0,0,0,1,10,101,10101,Los Lagos,Llanquihue,Puerto Montt,Interseccion,"LAS TEPAS & PUERTO LARA, Puerto Montt",-41.479534,-72.990118
-8055213.94094106,-4504169.75915496,3950,2023,1521957,2023/03/27 00:00:00+00,Marzo,27,Lunes,1899/12/30 00:00:00+00,13:00:00,13,REGION BIO BIO,LOS ANGELES,COLISION LATERAL,COLISION,URBANA,TRAMO DE VIA RECTA,IMPRUDENCIA DEL CONDUCTOR,CONDUCCION NO ATENTO CONDICIONES TRANSITO MOMENTO,LOS ANGELES,GALVARINO,GALVARINO - LOS ANGELES,0, , ,BIDIRECCIONAL CON BANDEJON,CONCRETO,BUENO,SECO,DESPEJADO,0,0,0,1,08,083,08301,Biobío,Biobío,Los Angeles,Interseccion,"GALVARINO & LOS ANGELES, Los Angeles",-37.465344,-72.361218
-8138336.31601363,-4417257.23157865,3951,2023,1520975,2023/03/27 00:00:00+00,Marzo,27,Lunes,1899/12/30 00:00:00+00,14:00:00,14,REGION BIO BIO,SAN PEDRO DE LA PAZ,CHOQUE LADO/LADO,CHOQUE,URBANA,CRUCE CON SEMAFORO FUNCIONANDO,IMPRUDENCIA DEL CONDUCTOR,ADELANTAMIENTO SIN EL ESPACIO O TIEMPO SUFICIENTE,LOS ACACIOS,LOS CANELOS,LOS ACACIOS - LOS CANELOS,0, , ,BIDIRECCIONAL CON BANDEJON,CONCRETO,BUENO,SECO,DESPEJADO,0,0,0,0,08,081,08108,Biobío,Concepción,San Pedro de la Paz,Interseccion,"LOS ACACIOS & LOS CANELOS, San Pedro de la Paz",-36.843084,-73.107919
-7926624.64494214,-3866982.94539161,3952,2023,1519224,2023/03/27 00:00:00+00,Marzo,27,Lunes,1899/12/30 00:00:00+00,14:00:00,14,REGION VALPARAISO,CALERA,CHOQUE POSTERIOR/LADO,CHOQUE,URBANA,TRAMO DE VIA RECTA,IMPRUDENCIA DEL CONDUCTOR,CONDUCCION SIN MANTENER DISTANCIA RAZONABLE NI PRUDENTE,CHAÑARAL,IGNACIO CARRERA PINTO,CHAÑARAL - IGNACIO CARRERA PINTO,0, , ,BIDIRECCIONAL,ASFALTO,REGULAR,SECO,DESPEJADO,0,0,0,1,05,055,05502,Valparaíso,Quillota,Calera,Interseccion,"CHAÑARAL & IGNACIO CARRERA PINTO, Calera",-32.786374,-71.206081
-8137151.76533436,-4416665.6533093,3953,2023,1521011,2023/03/27 00:00:00+00,Marzo,27,Lunes,1899/12/30 00:00:00+00,14:30:00,14,REGION BIO BIO,SAN PEDRO DE LA PAZ,COLISION PERPENDICULAR,COLISION,URBANA,CRUCE CON SEMAFORO FUNCIONANDO,DESOBEDIENCIA A SEÑALIZACION,SEÑALIZACION DESOBEDECER LUZ ROJA DE SEMAFORO,JORGE ALESSANDRI RODRIGUEZ,PEDRO AGUIRRE CERDA,JORGE ALESSANDRI RODRIGUEZ - PEDRO AGUIRRE CERDA,0, , ,BIDIRECCIONAL CON BANDEJON,CONCRETO,BUENO,SECO,DESPEJADO,0,1,0,0,08,081,08108,Biobío,Concepción,San Pedro de la Paz,Interseccion,"JORGE ALESSANDRI RODRIGUEZ & PEDRO AGUIRRE CERDA, San Pedro de la Paz",-36.838831,-73.097278
-8077380.87980097,-4681023.90425091,3954,2023,1519577,2023/03/27 00:00:00+00,Marzo,27,Lunes,1899/12/30 00:00:00+00,16:25:00,16,REGION ARAUCANIA,TEMUCO,COLISION LATERAL,COLISION,URBANA,TRAMO DE VIA RECTA,IMPRUDENCIA DEL CONDUCTOR,CONDUCCION SIN MANTENER DISTANCIA RAZONABLE NI PRUDENTE,CACIQUE LEMUNAO,CACIQUE COLIQUEO,CACIQUE COLIQUEO - CACIQUE LEMUNAO,0, , ,UNIDIRECCIONAL,CONCRETO,BUENO,SECO,DESPEJADO,0,0,1,0,09,091,09101,La Araucanía,Cautín,Temuco,Interseccion,"CACIQUE COLIQUEO & CACIQUE LEMUNAO, Temuco",-38.715661,-72.560347
-7865206.93224667,-3956536.86640299,3955,2023,1521466,2023/03/27 00:00:00+00,Marzo,27,Lunes,1899/12/30 00:00:00+00,18:00:00,18,REGION METROPOLITANA,SANTIAGO,COLISION PERPENDICULAR,COLISION,URBANA,TRAMO DE VIA RECTA,IMPRUDENCIA DEL CONDUCTOR,ADELANTAMIENTO SIN EL ESPACIO O TIEMPO SUFICIENTE,ALDUNATE,MANUEL ANTONIO MATTA,ALDUNATE - MANUEL ANTONIO MATTA,0, , ,UNIDIRECCIONAL,ASFALTO,BUENO,SECO,DESPEJADO,0,1,0,0,13,131,13101,Metropolitana de Santiago,Santiago,Santiago,Interseccion,"ALDUNATE & MANUEL ANTONIO MATTA, Santiago",-33.460114,-70.654356
-7854574.80768101,-3969765.81952737,3956,2023,1522092,2023/03/27 00:00:00+00,Marzo,27,Lunes,1899/12/30 00:00:00+00,19:00:00,19,REGION METROPOLITANA,LA FLORIDA,COLISION LATERAL,COLISION,URBANA,TRAMO DE VIA RECTA,IMPRUDENCIA DEL CONDUCTOR,CONDUCCION NO ATENTO CONDICIONES TRANSITO MOMENTO,CAMILO HENRIQUEZ,DIEGO PORTALES,CAMILO HENRIQUEZ - DIEGO PORTALES,0, , ,BIDIRECCIONAL,CONCRETO,BUENO,SECO,DESPEJADO,0,0,0,0,13,131,13110,Metropolitana de Santiago,Santiago,La Florida,Interseccion,"CAMILO HENRIQUEZ & DIEGO PORTALES, La Florida",-33.5592,-70.558846
-7867476.068747,-3953073.85302343,3957,2023,1513934,2023/02/28 00:00:00+00,Febrero,28,Martes,1899/12/30 00:00:00+00,15:00:00,15,REGION METROPOLITANA,SANTIAGO,COLISION LATERAL,COLISION,URBANA,CRUCE CON SEÑAL PARE,DESOBEDIENCIA A SEÑALIZACION,SEÑALIZACION DESOBEDECER SEÑAL PARE,MARTINEZ DE ROZAS,LIBERTAD,LIBERTAD - MARTINEZ DE ROZAS,0, , ,UNIDIRECCIONAL,ASFALTO,REGULAR,SECO,DESPEJADO,0,0,0,0,13,131,13101,Metropolitana de Santiago,Santiago,Santiago,Interseccion,"LIBERTAD & MARTINEZ DE ROZAS, Santiago",-33.434157,-70.67474
-8141355.85727932,-5126663.5092255,3958,2023,1513198,2023/02/28 00:00:00+00,Febrero,28,Martes,1899/12/30 00:00:00+00,18:30:00,18,REGION LOS LAGOS,CALBUCO,COLISION,COLISION,URBANA,CRUCE SIN SEÑALIZACION,IMPRUDENCIA DEL CONDUCTOR,CONDUCCION NO ATENTO CONDICIONES TRANSITO MOMENTO,AGUAS AZULES,EULOGIO GOYCOLEA,AGUAS AZULES - EULOGIO GOYCOLEA,0, , ,UNIDIRECCIONAL,CONCRETO,BUENO,SECO,DESPEJADO,0,1,0,0,10,101,10102,Los Lagos,Llanquihue,Calbuco,Interseccion,"AGUAS AZULES & EULOGIO GOYCOLEA, Calbuco",-41.770502,-73.135044