X,Y,FID,Año,IdAccident,Fecha,Mes,Dia_mes,Dia_semana,Hora,Hora_texto,Hora_aprox,Región,Comuna,Tipo_Accid,Tipo__CONA,Zona,Ubicación,Causa__CON,Causa_Acci,Calle_Uno,Calle_Dos,Intersecci,Número,Ruta,Ubicaci_1,Calzada,Tipo_Calza,Estado_Cal,Condición,Estado_Atm,Fallecidos,Graves,Menos_Grav,Leves,CUT_REG,CUT_PROV,CUT_COM,REGION,PROVINCIA,COMUNA1,Tipo_direc,Direccion,Lat,Lon
-8085916.85837726,-4682029.20540439,3959,2023,1513023,2023/02/28 00:00:00+00,Febrero,28,Martes,1899/12/30 00:00:00+00,18:50:00,18,REGION ARAUCANIA,TEMUCO,COLISION LATERAL,COLISION,URBANA,TRAMO DE VIA RECTA,IMPRUDENCIA DEL CONDUCTOR,CONDUCCION NO ATENTO CONDICIONES TRANSITO MOMENTO,LUIS DURAND,CATADA,CATADA - LUIS DURAND,0, , ,BIDIRECCIONAL CON BANDEJON,CONCRETO,BUENO,SECO,DESPEJADO,0,0,0,1,09,091,09101,La Araucanía,Cautín,Temuco,Interseccion,"CATADA & LUIS DURAND, Temuco",-38.722707,-72.637027
-7973464.6917429,-3900578.24612525,3960,2023,1515520,2023/02/28 00:00:00+00,Febrero,28,Martes,1899/12/30 00:00:00+00,21:25:00,21,REGION VALPARAISO,VALPARAISO,COLISION,COLISION,URBANA,CRUCE CON SEMAFORO FUNCIONANDO,IMPRUDENCIA DEL CONDUCTOR,ADELANTAMIENTO SIN EL ESPACIO O TIEMPO SUFICIENTE,BLANCO,URRIOLA,BLANCO - URRIOLA,0, , ,UNIDIRECCIONAL,ASFALTO,BUENO,SECO,DESPEJADO,0,0,0,0,05,051,05101,Valparaíso,Valparaíso,Valparaíso,Interseccion,"BLANCO & URRIOLA, Valparaíso",-33.039727,-71.626852
-7865323.70639252,-3962523.03855249,3961,2023,1514042,2023/02/28 00:00:00+00,Febrero,28,Martes,1899/12/30 00:00:00+00,22:10:00,22,REGION METROPOLITANA,SAN MIGUEL,COLISION POR ALCANCE,COLISION,URBANA,CRUCE CON SEMAFORO FUNCIONANDO,IMPRUDENCIA DEL CONDUCTOR,CONDUCCION NO ATENTO CONDICIONES TRANSITO MOMENTO,GRAN AVDA JOSE MIGUEL CARRERA,MIGUEL LEON PRADO,GRAN AVDA JOSE MIGUEL CARRERA - MIGUEL LEON PRADO,0, , ,BIDIRECCIONAL,ASFALTO,BUENO,SECO,NUBLADO,0,0,0,1,13,131,13130,Metropolitana de Santiago,Santiago,San Miguel,Interseccion,"GRAN AVDA JOSE MIGUEL CARRERA & MIGUEL LEON PRADO, San Miguel",-33.504965,-70.655405
-7945407.83862512,-4114970.85354677,3962,2023,1514143,2023/03/01 00:00:00+00,Marzo,1,Miércoles,1899/12/30 00:00:00+00,07:35:00,7,REGION LIB.B.O'HIGGINS,SANTA CRUZ,COLISION LATERAL,COLISION,URBANA,CRUCE CON SEÑAL PARE,IMPRUDENCIA DEL CONDUCTOR,NO RESPETAR DERECHO PREFERENTE DE PASO A VEHICULO,DOMEYKO,21 DE MAYO,21 DE MAYO - DOMEYKO,0, , ,UNIDIRECCIONAL,ASFALTO,BUENO,SECO,DESPEJADO,0,1,0,1,06,063,06310,Libertador General Bernardo O'Higgins,Colchagua,Santa Cruz,Interseccion,"21 DE MAYO & DOMEYKO, Santa Cruz",-34.6393,-71.374813
-7931576.02452861,-3489456.03025582,3963,2023,1514509,2023/03/01 00:00:00+00,Marzo,1,Miércoles,1899/12/30 00:00:00+00,07:40:00,7,REGION COQUIMBO,LA SERENA,COLISION PERPENDICULAR,COLISION,URBANA,CRUCE CON SEÑAL CEDA EL PASO,IMPRUDENCIA DEL CONDUCTOR,CONDUCCION NO ATENTO CONDICIONES TRANSITO MOMENTO,ISLON,OSCAR QUIROZ MORGADO,ISLON - OSCAR QUIROZ MORGADO,0, , ,UNIDIRECCIONAL,ASFALTO,REGULAR,SECO,DESPEJADO,0,1,0,0,04,041,04101,Coquimbo,Elqui,La Serena,Interseccion,"ISLON & OSCAR QUIROZ MORGADO, La Serena",-29.890295,-71.25056
-7825950.6369755,-2095224.21362958,3964,2023,1515218,2023/03/01 00:00:00+00,Marzo,1,Miércoles,1899/12/30 00:00:00+00,07:45:00,7,REGION ARICA Y PARINACOTA,ARICA,COLISION POR ALCANCE,COLISION,URBANA,CRUCE CON SEÑAL PARE,VELOCIDAD IMPRUDENTE,VELOCIDAD NO RAZONABLE NI PRUDENTE,SAN IGNACIO DE LOYOLA,PABLO PICASSO,PABLO PICASSO - SAN IGNACIO DE LOYOLA,0, , ,BIDIRECCIONAL CON BANDEJON,ASFALTO,BUENO,SECO,DESPEJADO,0,0,0,2,15,151,15101,Arica y Parinacota,Arica,Arica,Interseccion,"PABLO PICASSO & SAN IGNACIO DE LOYOLA, Arica",-18.492057,-70.301711
-7864332.51764649,-3959188.75960321,3965,2023,1514047,2023/03/01 00:00:00+00,Marzo,1,Miércoles,1899/12/30 00:00:00+00,08:30:00,8,REGION METROPOLITANA,SAN MIGUEL,COLISION LATERAL,COLISION,URBANA,OTROS NO CONSIDERADOS,DESOBEDIENCIA A SEÑALIZACION,SEÑALIZACION DESOBEDECER SEÑAL CEDA EL PASO,ALC CARLOS VALDOVINOS,ARTURO PRAT,ALC CARLOS VALDOVINOS - ARTURO PRAT,0, , ,UNIDIRECCIONAL,ASFALTO,BUENO,SECO,DESPEJADO,0,1,0,1,13,131,13130,Metropolitana de Santiago,Santiago,San Miguel,Interseccion,"ALC CARLOS VALDOVINOS & ARTURO PRAT, San Miguel",-33.479986,-70.646501
-7858971.70492836,-3957120.38552869,3966,2023,1516810,2023/03/01 00:00:00+00,Marzo,1,Miércoles,1899/12/30 00:00:00+00,08:30:00,8,REGION METROPOLITANA,ÑUÑOA,COLISION,COLISION,URBANA,CRUCE CON SEMAFORO FUNCIONANDO,IMPRUDENCIA DEL CONDUCTOR,CONDUCCION NO ATENTO CONDICIONES TRANSITO MOMENTO,JOSE PEDRO ALESSANDRI,GRECIA,GRECIA - JOSE PEDRO ALESSANDRI,0, , ,BIDIRECCIONAL CON BANDEJON,ASFALTO,BUENO,SECO,DESPEJADO,0,0,0,1,13,131,13120,Metropolitana de Santiago,Santiago,Ñuñoa,Interseccion,"GRECIA & JOSE PEDRO ALESSANDRI, Ñuñoa",-33.464487,-70.598344
-7862730.2962155,-3954222.69493691,3967,2023,1514022,2023/03/01 00:00:00+00,Marzo,1,Miércoles,1899/12/30 00:00:00+00,09:00:00,9,REGION METROPOLITANA,PROVIDENCIA,VOLCADURA,VOLCADURA,URBANA,TRAMO DE VIA RECTA,VELOCIDAD IMPRUDENTE,VELOCIDAD NO RAZONABLE NI PRUDENTE,PROVIDENCIA,GRAL BUSTAMANTE,GRAL BUSTAMANTE - PROVIDENCIA,0, , ,BIDIRECCIONAL,ASFALTO,REGULAR,CON ACEITE,DESPEJADO,0,0,0,2,13,131,13123,Metropolitana de Santiago,Santiago,Providencia,Interseccion,"GRAL BUSTAMANTE & PROVIDENCIA, Providencia",-33.442769,-70.632108
-7927274.33889739,-4160421.36221487,3968,2023,1516774,2023/03/01 00:00:00+00,Marzo,1,Miércoles,1899/12/30 00:00:00+00,09:30:00,9,REGION MAULE,CURICO,COLISION LATERAL,COLISION,URBANA,CRUCE CON SEÑAL CEDA EL PASO,IMPRUDENCIA DEL CONDUCTOR,NO RESPETAR DERECHO PREFERENTE DE PASO A VEHICULO,RAUQUEN,LOS ALMENDROS,LOS ALMENDROS - RAUQUEN,0, , ,BIDIRECCIONAL,ASFALTO,BUENO,SECO,DESPEJADO,0,0,0,0,07,073,07301,Maule,Curicó,Curicó,Interseccion,"LOS ALMENDROS & RAUQUEN, Curicó",-34.974537,-71.211917
-7947089.17479595,-3902942.01638161,3969,2023,1513661,2023/03/01 00:00:00+00,Marzo,1,Miércoles,1899/12/30 00:00:00+00,11:20:00,11,REGION VALPARAISO,VILLA ALEMANA,COLISION,COLISION,URBANA,CRUCE CON SEÑAL PARE,DESOBEDIENCIA A SEÑALIZACION,SEÑALIZACION DESOBEDECER SEÑAL PARE,TRONCOS VIEJOS,EL ROCIO,EL ROCIO - TRONCOS VIEJOS,0, , ,BIDIRECCIONAL,ASFALTO,BUENO,SECO,DESPEJADO,0,1,0,0,05,058,05804,Valparaíso,Marga Marga,Villa Alemana,Interseccion,"EL ROCIO & TRONCOS VIEJOS, Villa Alemana",-33.057526,-71.389917
-7856542.71363925,-3975997.70133842,3970,2023,1514309,2023/03/01 00:00:00+00,Marzo,1,Miércoles,1899/12/30 00:00:00+00,13:10:00,13,REGION METROPOLITANA,PUENTE ALTO,CHOQUE FRONTAL,CHOQUE,URBANA,CRUCE CON SEMAFORO FUNCIONANDO,IMPRUDENCIA DEL CONDUCTOR,CONDUCCION CAMBIAR SORPRESIVAMENTE PISTA CIRCULACION,CONCHA Y TORO,EDUARDO CORDERO,CONCHA Y TORO - EDUARDO CORDERO,0, , ,BIDIRECCIONAL CON BANDEJON,CONCRETO,MALO,SECO,DESPEJADO,0,0,0,1,13,132,13201,Metropolitana de Santiago,Cordillera,Puente Alto,Interseccion,"CONCHA Y TORO & EDUARDO CORDERO, Puente Alto",-33.605838,-70.576524
-7929668.70978033,-4162376.19763548,3971,2023,1516778,2023/03/01 00:00:00+00,Marzo,1,Miércoles,1899/12/30 00:00:00+00,13:50:00,13,REGION MAULE,CURICO,COLISION LATERAL,COLISION,URBANA,CRUCE CON SEMAFORO FUNCIONANDO,IMPRUDENCIA DEL CONDUCTOR,VIRAJES INDEBIDOS,SAN MARTIN,MANSO DE VELASCO ORIENTE,MANSO DE VELASCO ORIENTE - SAN MARTIN,0, , ,UNIDIRECCIONAL,CONCRETO,BUENO,SECO,DESPEJADO,0,0,0,2,07,073,07301,Maule,Curicó,Curicó,Interseccion,"MANSO DE VELASCO ORIENTE & SAN MARTIN, Curicó",-34.988925,-71.233426
-7925038.37553852,-3579624.03077368,3972,2023,1517631,2023/03/01 00:00:00+00,Marzo,1,Miércoles,1899/12/30 00:00:00+00,17:09:00,17,REGION COQUIMBO,OVALLE,COLISION,COLISION,URBANA,TRAMO DE VIA RECTA,IMPRUDENCIA DEL CONDUCTOR,NO RESPETAR DERECHO PREFERENTE DE PASO A VEHICULO,MAGALLANES MOURE,JOSEFINA DEY,JOSEFINA DEY - MAGALLANES MOURE,0, , ,BIDIRECCIONAL,CONCRETO,REGULAR,SECO,DESPEJADO,0,1,0,1,04,043,04301,Coquimbo,Limarí,Ovalle,Interseccion,"JOSEFINA DEY & MAGALLANES MOURE, Ovalle",-30.590058,-71.191831
-7865452.0577654,-3972239.9697447,3973,2023,1513370,2023/03/01 00:00:00+00,Marzo,1,Miércoles,1899/12/30 00:00:00+00,18:00:00,18,REGION METROPOLITANA,LA PINTANA,COLISION PERPENDICULAR,COLISION,URBANA,CRUCE CON SEMAFORO FUNCIONANDO,DESOBEDIENCIA A SEÑALIZACION,SEÑALIZACION DESOBEDECER LUZ ROJA DE SEMAFORO,LO BLANCO,PROFE JULIO CHAVEZ,LO BLANCO - PROFE JULIO CHAVEZ,0, , ,BIDIRECCIONAL,ASFALTO,BUENO,SECO,DESPEJADO,0,0,0,1,13,131,13112,Metropolitana de Santiago,Santiago,La Pintana,Interseccion,"LO BLANCO & PROFE JULIO CHAVEZ, La Pintana",-33.577719,-70.656558
-7872402.846726,-3861850.46837889,3974,2023,1520835,2023/03/28 00:00:00+00,Marzo,28,Martes,1899/12/30 00:00:00+00,00:15:00,0,REGION VALPARAISO,SAN FELIPE,COLISION,COLISION,URBANA,CRUCE CON SEMAFORO FUNCIONANDO,IMPRUDENCIA DEL CONDUCTOR,CONDUCCION NO ATENTO CONDICIONES TRANSITO MOMENTO,YUNGAY,CHACABUCO,CHACABUCO - YUNGAY,0, , ,BIDIRECCIONAL CON BANDEJON,CONCRETO,BUENO,SECO,DESPEJADO,0,0,0,1,05,057,05701,Valparaíso,San Felipe de Aconcagua,San Felipe,Interseccion,"CHACABUCO & YUNGAY, San Felipe",-32.747605,-70.718998
-7878407.75406239,-3953549.94424913,3975,2023,1521514,2023/03/28 00:00:00+00,Marzo,28,Martes,1899/12/30 00:00:00+00,07:45:00,7,REGION METROPOLITANA,PUDAHUEL,COLISION,COLISION,URBANA,TRAMO DE VIA RECTA,IMPRUDENCIA DEL CONDUCTOR,CONDUCCION CAMBIAR SORPRESIVAMENTE PISTA CIRCULACION,JOSE MANUEL GUZMAN,CERRO SAN CRISTOBAL,CERRO SAN CRISTOBAL - JOSE MANUEL GUZMAN,0, , ,BIDIRECCIONAL,ASFALTO,REGULAR,SECO,DESPEJADO,0,0,0,1,13,131,13124,Metropolitana de Santiago,Santiago,Pudahuel,Interseccion,"CERRO SAN CRISTOBAL & JOSE MANUEL GUZMAN, Pudahuel",-33.437726,-70.772941
-8088080.01872236,-4510527.68034048,3976,2023,1519618,2023/03/28 00:00:00+00,Marzo,28,Martes,1899/12/30 00:00:00+00,07:55:00,7,REGION BIO BIO,NACIMIENTO,VOLCADURA,VOLCADURA,URBANA,CRUCE CON SEMAFORO FUNCIONANDO,IMPRUDENCIA DEL CONDUCTOR,CONDUCCION NO ATENTO CONDICIONES TRANSITO MOMENTO,JULIO HEMMELMANN,LOS CARRERA,JULIO HEMMELMANN - LOS CARRERA,0, , ,BIDIRECCIONAL,ASFALTO,BUENO,HUMEDO,DESPEJADO,0,0,0,1,08,083,08306,Biobío,Biobío,Nacimiento,Interseccion,"JULIO HEMMELMANN & LOS CARRERA, Nacimiento",-37.510663,-72.656459
-7856942.12797222,-3968947.23164267,3977,2023,1519895,2023/03/28 00:00:00+00,Marzo,28,Martes,1899/12/30 00:00:00+00,08:20:00,8,REGION METROPOLITANA,LA FLORIDA,COLISION LATERAL,COLISION,URBANA,TRAMO DE VIA RECTA,VELOCIDAD IMPRUDENTE,VELOCIDAD MAYOR QUE MAXIMA PERMITIDA,SAN JOSE DE LA ESTRELLA,ARCOIRIS,ARCOIRIS - SAN JOSE DE LA ESTRELLA,0, , ,UNIDIRECCIONAL,ASFALTO,BUENO,SECO,DESPEJADO,0,0,0,1,13,131,13110,Metropolitana de Santiago,Santiago,La Florida,Interseccion,"ARCOIRIS & SAN JOSE DE LA ESTRELLA, La Florida",-33.553072,-70.580112
-8132385.62133604,-4413945.76270958,3978,2023,1524749,2023/03/28 00:00:00+00,Marzo,28,Martes,1899/12/30 00:00:00+00,08:30:00,8,REGION BIO BIO,CONCEPCION,OTRO TIPO,OTRO TIPO,URBANA,CRUCE CON SEÑAL PARE,IMPRUDENCIA DEL CONDUCTOR,CONDUCCION NO ATENTO CONDICIONES TRANSITO MOMENTO,ANIBAL PINTO,GENERAL CRUZ,ANIBAL PINTO - GENERAL CRUZ,0, , ,UNIDIRECCIONAL,CONCRETO,BUENO,MOJADO,LLOVIZNA,0,0,0,1,08,081,08101,Biobío,Concepción,Concepción,Interseccion,"ANIBAL PINTO & GENERAL CRUZ, Concepción",-36.819274,-73.054463
-7871699.86418617,-3954466.16481672,3979,2023,1521754,2023/03/28 00:00:00+00,Marzo,28,Martes,1899/12/30 00:00:00+00,12:00:00,12,REGION METROPOLITANA,LO PRADO,COLISION LATERAL,COLISION,URBANA,CRUCE CON SEÑAL CEDA EL PASO,IMPRUDENCIA DEL CONDUCTOR,ADELANTAMIENTO SOBREPASANDO LINEA CONTINUA,NECOCHEA,STA ZENOBIA,NECOCHEA - STA ZENOBIA,0, , ,BIDIRECCIONAL,ASFALTO,BUENO,SECO,DESPEJADO,0,1,0,0,13,131,13117,Metropolitana de Santiago,Santiago,Lo Prado,Interseccion,"NECOCHEA & STA ZENOBIA, Lo Prado",-33.444594,-70.712683
-7875724.3421216,-4053264.19139828,3980,2023,1522323,2023/03/28 00:00:00+00,Marzo,28,Martes,1899/12/30 00:00:00+00,15:20:00,15,REGION LIB.B.O'HIGGINS,RANCAGUA,COLISION POR ALCANCE,COLISION,URBANA,TRAMO DE VIA RECTA,IMPRUDENCIA DEL CONDUCTOR,CONDUCCION SIN MANTENER DISTANCIA RAZONABLE NI PRUDENTE,ALAMEDA,VICTORIA,ALAMEDA - VICTORIA,0, , ,BIDIRECCIONAL CON BANDEJON,CONCRETO,BUENO,SECO,DESPEJADO,0,0,0,1,06,061,06101,Libertador General Bernardo O'Higgins,Cachapoal,Rancagua,Interseccion,"ALAMEDA & VICTORIA, Rancagua",-34.181983,-70.748836
-7970359.54591125,-3900938.38655692,3981,2023,1519506,2023/03/28 00:00:00+00,Marzo,28,Martes,1899/12/30 00:00:00+00,17:30:00,17,REGION VALPARAISO,VALPARAISO,COLISION,COLISION,URBANA,TRAMO DE VIA RECTA,IMPRUDENCIA DEL CONDUCTOR,CONDUCCION NO ATENTO CONDICIONES TRANSITO MOMENTO,ACEVEDO,VEGA,ACEVEDO - VEGA,0, , ,UNIDIRECCIONAL,CONCRETO,BUENO,SECO,DESPEJADO,0,0,0,0,05,051,05101,Valparaíso,Valparaíso,Valparaíso,Interseccion,"ACEVEDO & VEGA, Valparaíso",-33.042439,-71.598958
-7868869.0095353,-3951778.40774099,3982,2023,1520302,2023/03/28 00:00:00+00,Marzo,28,Martes,1899/12/30 00:00:00+00,17:35:00,17,REGION METROPOLITANA,QUINTA NORMAL,COLISION LATERAL,COLISION,URBANA,CRUCE CON SEÑAL CEDA EL PASO,IMPRUDENCIA DEL CONDUCTOR,CONDUCCION NO ATENTO CONDICIONES TRANSITO MOMENTO,CARRASCAL,VILLASANA,CARRASCAL - VILLASANA,0, , ,BIDIRECCIONAL,ASFALTO,REGULAR,SECO,DESPEJADO,0,0,0,0,13,131,13126,Metropolitana de Santiago,Santiago,Quinta Normal,Interseccion,"CARRASCAL & VILLASANA, Quinta Normal",-33.424445,-70.687253
-7868869.0095353,-3951778.40774099,3983,2023,1523340,2023/03/28 00:00:00+00,Marzo,28,Martes,1899/12/30 00:00:00+00,17:35:00,17,REGION METROPOLITANA,QUINTA NORMAL,COLISION LATERAL,COLISION,URBANA,CRUCE CON SEÑAL CEDA EL PASO,IMPRUDENCIA DEL CONDUCTOR,CONDUCCION NO ATENTO CONDICIONES TRANSITO MOMENTO,CARRASCAL,VILLASANA,CARRASCAL - VILLASANA,0, , ,BIDIRECCIONAL,ASFALTO,REGULAR,SECO,DESPEJADO,0,0,0,0,13,131,13126,Metropolitana de Santiago,Santiago,Quinta Normal,Interseccion,"CARRASCAL & VILLASANA, Quinta Normal",-33.424445,-70.687253
-7966085.54541512,-3898083.06426347,3984,2023,1520971,2023/03/28 00:00:00+00,Marzo,28,Martes,1899/12/30 00:00:00+00,19:00:00,19,REGION VALPARAISO,VIÑA DEL MAR,COLISION POR ALCANCE,COLISION,URBANA,TRAMO DE VIA RECTA,IMPRUDENCIA DEL CONDUCTOR,CONDUCCION NO ATENTO CONDICIONES TRANSITO MOMENTO,PUENTE CASINO,LIBERTAD,LIBERTAD - PUENTE CASINO,0, , ,UNIDIRECCIONAL,CONCRETO,BUENO,SECO,DESPEJADO,0,0,0,0,05,051,05109,Valparaíso,Valparaíso,Viña del Mar,Interseccion,"LIBERTAD & PUENTE CASINO, Viña del Mar",-33.020935,-71.560564
-7865893.99614385,-3965005.11741636,3985,2023,1520208,2023/03/28 00:00:00+00,Marzo,28,Martes,1899/12/30 00:00:00+00,19:30:00,19,REGION METROPOLITANA,LA CISTERNA,COLISION POR ALCANCE,COLISION,URBANA,CRUCE CON SEMAFORO FUNCIONANDO,IMPRUDENCIA DEL CONDUCTOR,CONDUCCION CAMBIAR SORPRESIVAMENTE PISTA CIRCULACION,GRAN AVDA JOSE MIGUEL CARRERA,ELIAS FERNANDEZ ALBANO,ELIAS FERNANDEZ ALBANO - GRAN AVDA JOSE MIGUEL CARRERA,0, , ,BIDIRECCIONAL CON BANDEJON,CONCRETO,BUENO,SECO,DESPEJADO,0,0,0,1,13,131,13109,Metropolitana de Santiago,Santiago,La Cisterna,Interseccion,"ELIAS FERNANDEZ ALBANO & GRAN AVDA JOSE MIGUEL CARRERA, La Cisterna",-33.523555,-70.660528
-7870954.7583065,-3973672.1439084,3986,2023,1514433,2023/03/01 00:00:00+00,Marzo,1,Miércoles,1899/12/30 00:00:00+00,18:20:00,18,REGION METROPOLITANA,SAN BERNARDO,COLISION LATERAL,COLISION,URBANA,CRUCE CON SEÑAL CEDA EL PASO,IMPRUDENCIA DEL CONDUCTOR,CONDUCCION SIN MANTENER DISTANCIA RAZONABLE NI PRUDENTE,AMERICA,FRANCISCO ARANDA,AMERICA - FRANCISCO ARANDA,0, , ,BIDIRECCIONAL,ASFALTO,BUENO,SECO,DESPEJADO,0,0,0,0,13,134,13401,Metropolitana de Santiago,Maipo,San Bernardo,Interseccion,"AMERICA & FRANCISCO ARANDA, San Bernardo",-33.588437,-70.70599
-7863068.37350904,-3965939.47323134,3987,2023,1513705,2023/03/01 00:00:00+00,Marzo,1,Miércoles,1899/12/30 00:00:00+00,19:20:00,19,REGION METROPOLITANA,LA GRANJA,COLISION LATERAL,COLISION,URBANA,CRUCE CON SEMAFORO FUNCIONANDO,DESOBEDIENCIA A SEÑALIZACION,SEÑALIZACION DESOBEDECER LUZ ROJA DE SEMAFORO,STA ROSA,COMBARBALA,COMBARBALA - STA ROSA,0, , ,BIDIRECCIONAL CON BANDEJON,CONCRETO,BUENO,SECO,DESPEJADO,0,1,0,0,13,131,13111,Metropolitana de Santiago,Santiago,La Granja,Interseccion,"COMBARBALA & STA ROSA, La Granja",-33.530552,-70.635145
-7857808.63888855,-3948429.48896029,3988,2023,1513207,2023/03/01 00:00:00+00,Marzo,1,Miércoles,1899/12/30 00:00:00+00,20:10:00,20,REGION METROPOLITANA,VITACURA,CHOQUE POSTERIOR/FRENTE,CHOQUE,URBANA,CRUCE CON SEMAFORO FUNCIONANDO,ALCOHOL EN CONDUCTOR,CONDUCCION EN ESTADO DE EBRIEDAD,AMERICO VESPUCIO NORTE,VITACURA,AMERICO VESPUCIO NORTE - VITACURA,0, , ,BIDIRECCIONAL CON BANDEJON,ASFALTO,BUENO,SECO,DESPEJADO,0,1,0,1,13,131,13132,Metropolitana de Santiago,Santiago,Vitacura,Interseccion,"AMERICO VESPUCIO NORTE & VITACURA, Vitacura",-33.399333,-70.587896
-7870564.62801906,-3954115.83662344,3989,2023,1513289,2023/03/02 00:00:00+00,Marzo,2,Jueves,1899/12/30 00:00:00+00,00:00:00,0,REGION METROPOLITANA,QUINTA NORMAL,COLISION LATERAL,COLISION,URBANA,CRUCE SIN SEÑALIZACION,IMPRUDENCIA DEL CONDUCTOR,CONDUCCION NO ATENTO CONDICIONES TRANSITO MOMENTO,STO DOMINGO,MATUCANA,MATUCANA - STO DOMINGO,0, , ,UNIDIRECCIONAL,ASFALTO,REGULAR,SECO,DESPEJADO,0,0,0,0,13,131,13126,Metropolitana de Santiago,Santiago,Quinta Normal,Interseccion,"MATUCANA & STO DOMINGO, Quinta Normal",-33.441968,-70.702485
-8091984.43848678,-4552730.31396734,3990,2023,1513630,2023/03/02 00:00:00+00,Marzo,2,Jueves,1899/12/30 00:00:00+00,07:45:00,7,REGION ARAUCANIA,ANGOL,COLISION LATERAL,COLISION,URBANA,TRAMO DE VIA RECTA,DESOBEDIENCIA A SEÑALIZACION,SEÑALIZACION DESOBEDECER SEÑAL PARE,ALEMANIA,LAS LILAS,ALEMANIA - LAS LILAS,0, , ,BIDIRECCIONAL,CONCRETO,BUENO,SECO,DESPEJADO,0,1,0,0,09,092,09201,La Araucanía,Malleco,Angol,Interseccion,"ALEMANIA & LAS LILAS, Angol",-37.810784,-72.691533
-7863659.14604668,-3953884.11355785,3991,2023,1513586,2023/03/02 00:00:00+00,Marzo,2,Jueves,1899/12/30 00:00:00+00,08:00:00,8,REGION METROPOLITANA,SANTIAGO,OTRO TIPO,OTRO TIPO,URBANA,CRUCE CON SEMAFORO FUNCIONANDO,IMPRUDENCIA DEL PEATON,IMPRUDENCIA DEL PEATON,LIBER BERNARDO O'HIGGINS,PORTUGAL,LIBER BERNARDO O'HIGGINS - PORTUGAL,0, , ,BIDIRECCIONAL CON BANDEJON,ASFALTO,BUENO,SECO,DESPEJADO,0,0,0,0,13,131,13101,Metropolitana de Santiago,Santiago,Santiago,Interseccion,"LIBER BERNARDO O'HIGGINS & PORTUGAL, Santiago",-33.440231,-70.640452
-8092846.60799864,-4551499.87494997,3992,2023,1515886,2023/03/02 00:00:00+00,Marzo,2,Jueves,1899/12/30 00:00:00+00,11:30:00,11,REGION ARAUCANIA,ANGOL,CHOQUE FRENTE/POSTERIOR,CHOQUE,URBANA,CRUCE CON SEMAFORO FUNCIONANDO,IMPRUDENCIA DEL CONDUCTOR,CONDUCCION SIN MANTENER DISTANCIA RAZONABLE NI PRUDENTE,PEDRO DE OÑA,BERNARDO O'HIGGINS,BERNARDO O'HIGGINS - PEDRO DE OÑA,0, , ,BIDIRECCIONAL,CONCRETO,BUENO,SECO,DESPEJADO,0,0,0,0,09,092,09201,La Araucanía,Malleco,Angol,Interseccion,"BERNARDO O'HIGGINS & PEDRO DE OÑA, Angol",-37.802051,-72.699278
-7859666.67250938,-3973620.02771585,3993,2023,1517997,2023/03/02 00:00:00+00,Marzo,2,Jueves,1899/12/30 00:00:00+00,12:33:00,12,REGION METROPOLITANA,PUENTE ALTO,COLISION LATERAL,COLISION,URBANA,TRAMO DE VIA RECTA,IMPRUDENCIA DEL CONDUCTOR,CONDUCCION NO ATENTO CONDICIONES TRANSITO MOMENTO,EL DINTEL,LA LLAMA,EL DINTEL - LA LLAMA,0, , ,BIDIRECCIONAL,CONCRETO,BUENO,SECO,DESPEJADO,0,0,0,0,13,132,13201,Metropolitana de Santiago,Cordillera,Puente Alto,Interseccion,"EL DINTEL & LA LLAMA, Puente Alto",-33.588047,-70.604587
-7865523.19092002,-3952165.74562897,3994,2023,1515280,2023/03/02 00:00:00+00,Marzo,2,Jueves,1899/12/30 00:00:00+00,15:10:00,15,REGION METROPOLITANA,INDEPENDENCIA,COLISION LATERAL,COLISION,URBANA,CRUCE CON SEÑAL PARE,DESOBEDIENCIA A SEÑALIZACION,SEÑALIZACION DESOBEDECER SEÑAL PARE,CRNEL AGUSTIN LOPEZ DE ALCAZAR,ANIBAL PINTO,ANIBAL PINTO - CRNEL AGUSTIN LOPEZ DE ALCAZAR,0, , ,BIDIRECCIONAL,ASFALTO,BUENO,SECO,DESPEJADO,0,0,0,1,13,131,13108,Metropolitana de Santiago,Santiago,Independencia,Interseccion,"ANIBAL PINTO & CRNEL AGUSTIN LOPEZ DE ALCAZAR, Independencia",-33.427349,-70.657197
-7863904.16024592,-3948112.41071547,3995,2023,1515285,2023/03/02 00:00:00+00,Marzo,2,Jueves,1899/12/30 00:00:00+00,15:15:00,15,REGION METROPOLITANA,RECOLETA,COLISION LATERAL,COLISION,URBANA,CRUCE CON SEMAFORO FUNCIONANDO,DESOBEDIENCIA A SEÑALIZACION,SEÑALIZACION DESOBEDECER LUZ ROJA DE SEMAFORO,RECOLETA,DORSAL,DORSAL - RECOLETA,0, , ,BIDIRECCIONAL,ASFALTO,BUENO,SECO,DESPEJADO,0,1,0,0,13,131,13127,Metropolitana de Santiago,Santiago,Recoleta,Interseccion,"DORSAL & RECOLETA, Recoleta",-33.396955,-70.642653