X,Y,FID,Año,IdAccident,Fecha,Mes,Dia_mes,Dia_semana,Hora,Hora_texto,Hora_aprox,Región,Comuna,Tipo_Accid,Tipo__CONA,Zona,Ubicación,Causa__CON,Causa_Acci,Calle_Uno,Calle_Dos,Intersecci,Número,Ruta,Ubicaci_1,Calzada,Tipo_Calza,Estado_Cal,Condición,Estado_Atm,Fallecidos,Graves,Menos_Grav,Leves,CUT_REG,CUT_PROV,CUT_COM,REGION,PROVINCIA,COMUNA1,Tipo_direc,Direccion,Lat,Lon
-7866151.30001487,-3962889.36198273,3996,2023,1514053,2023/03/02 00:00:00+00,Marzo,2,Jueves,1899/12/30 00:00:00+00,16:25:00,16,REGION METROPOLITANA,SAN MIGUEL,COLISION POR ALCANCE,COLISION,URBANA,CRUCE CON SEÑAL CEDA EL PASO,IMPRUDENCIA DEL CONDUCTOR,CONDUCCION NO ATENTO CONDICIONES TRANSITO MOMENTO,TERCERA TRANSVERSAL,SEXTA AVENIDA,SEXTA AVENIDA - TERCERA TRANSVERSAL,0, , ,BIDIRECCIONAL,ASFALTO,BUENO,SECO,DESPEJADO,0,0,0,0,13,131,13130,Metropolitana de Santiago,Santiago,San Miguel,Interseccion,"SEXTA AVENIDA & TERCERA TRANSVERSAL, San Miguel",-33.507709,-70.662839
-8082442.79970859,-4682473.10468484,3997,2023,1513463,2023/03/02 00:00:00+00,Marzo,2,Jueves,1899/12/30 00:00:00+00,17:20:00,17,REGION ARAUCANIA,TEMUCO,COLISION LATERAL,COLISION,URBANA,CRUCE CON SEÑAL PARE,DESOBEDIENCIA A SEÑALIZACION,SEÑALIZACION DESOBEDECER SEÑAL PARE,RECREO,FRANCISCO POBLETE,FRANCISCO POBLETE - RECREO,0, , ,BIDIRECCIONAL,CONCRETO,BUENO,SECO,DESPEJADO,0,1,0,0,09,091,09101,La Araucanía,Cautín,Temuco,Interseccion,"FRANCISCO POBLETE & RECREO, Temuco",-38.725818,-72.605819
-7963414.10017488,-3887100.60098956,3998,2023,1515462,2023/03/02 00:00:00+00,Marzo,2,Jueves,1899/12/30 00:00:00+00,17:30:00,17,REGION VALPARAISO,CONCON,COLISION,COLISION,URBANA,TRAMO DE VIA RECTA,IMPRUDENCIA DEL CONDUCTOR,CONDUCCION NO ATENTO CONDICIONES TRANSITO MOMENTO,VOLCAN LASCAR,VOLCAN OSORNO,VOLCAN LASCAR - VOLCAN OSORNO,0, , ,BIDIRECCIONAL,ASFALTO,BUENO,SECO,DESPEJADO,0,0,0,2,05,051,05103,Valparaíso,Valparaíso,Concón,Interseccion,"VOLCAN LASCAR & VOLCAN OSORNO, Concón",-32.938175,-71.536566
-7889138.04016617,-3978638.37468839,3999,2023,1517305,2023/03/02 00:00:00+00,Marzo,2,Jueves,1899/12/30 00:00:00+00,18:00:00,18,REGION METROPOLITANA,PEÑAFLOR,COLISION,COLISION,URBANA,TRAMO DE VIA RECTA,IMPRUDENCIA DEL CONDUCTOR,CONDUCCION NO ATENTO CONDICIONES TRANSITO MOMENTO,BALMACEDA,BERLIN,BALMACEDA - BERLIN,0, , ,UNIDIRECCIONAL,CONCRETO,BUENO,SECO,DESPEJADO,0,0,0,1,13,136,13605,Metropolitana de Santiago,Talagante,Peñaflor,Interseccion,"BALMACEDA & BERLIN, Peñaflor",-33.625593,-70.869333
-8024466.94098651,-4387460.05889879,4000,2023,1513177,2023/03/02 00:00:00+00,Marzo,2,Jueves,1899/12/30 00:00:00+00,18:40:00,18,REGION ÑUBLE,CHILLAN,COLISION PERPENDICULAR,COLISION,URBANA,CRUCE CON SEÑAL PARE,IMPRUDENCIA DEL CONDUCTOR,NO RESPETAR DERECHO PREFERENTE DE PASO A VEHICULO,DIAGONAL LAS TERMAS,LOS HUILLICHES,DIAGONAL LAS TERMAS - LOS HUILLICHES,0, , ,BIDIRECCIONAL,CONCRETO,BUENO,SECO,DESPEJADO,0,0,1,0,16,161,16101,Ñuble,Diguillín,Chillán,Interseccion,"DIAGONAL LAS TERMAS & LOS HUILLICHES, Chillán",-36.628571,-72.085013
-7970034.27033688,-4278994.40812626,4001,2023,1559770,2023/09/11 00:00:00+00,Septiembre,11,Lunes,1899/12/30 00:00:00+00,15:00:00,15,REGION MAULE,LINARES,COLISION LATERAL,COLISION,URBANA,CRUCE CON SEÑAL PARE,DESOBEDIENCIA A SEÑALIZACION,SEÑALIZACION DESOBEDECER SEÑAL PARE,MARIO DUEÑAS,MANUEL RODRIGUEZ,MANUEL RODRIGUEZ - MARIO DUEÑAS,0, , ,UNIDIRECCIONAL,ASFALTO,BUENO,SECO,DESPEJADO,0,0,0,1,07,074,07401,Maule,Linares,Linares,Interseccion,"MANUEL RODRIGUEZ & MARIO DUEÑAS, Linares",-35.842669,-71.596036
-7873879.1658797,-4049754.71188624,4002,2023,1558342,2023/09/11 00:00:00+00,Septiembre,11,Lunes,1899/12/30 00:00:00+00,16:20:00,16,REGION LIB.B.O'HIGGINS,RANCAGUA,VOLCADURA,VOLCADURA,URBANA,CRUCE SIN SEÑALIZACION,IMPRUDENCIA DEL CONDUCTOR,CONDUCCION NO ATENTO CONDICIONES TRANSITO MOMENTO,ILLANES,LA CRUZ,ILLANES - LA CRUZ,0, , ,BIDIRECCIONAL,CONCRETO,REGULAR,SECO,DESPEJADO,1,0,0,0,06,061,06101,Libertador General Bernardo O'Higgins,Cachapoal,Rancagua,Interseccion,"ILLANES & LA CRUZ, Rancagua",-34.155899,-70.73226
-7871882.42815107,-3863613.97805452,4003,2023,1557890,2023/09/11 00:00:00+00,Septiembre,11,Lunes,1899/12/30 00:00:00+00,18:15:00,18,REGION VALPARAISO,SAN FELIPE,COLISION POR ALCANCE,COLISION,URBANA,CRUCE CON SEMAFORO FUNCIONANDO,IMPRUDENCIA DEL CONDUCTOR,CONDUCCION NO ATENTO CONDICIONES TRANSITO MOMENTO,MICHIMALONGO,HERMANOS CARRERA ORIENTE,HERMANOS CARRERA ORIENTE - MICHIMALONGO,0, , ,BIDIRECCIONAL CON BANDEJON,ASFALTO,BUENO,SECO,NUBLADO,0,0,0,1,05,057,05701,Valparaíso,San Felipe de Aconcagua,San Felipe,Interseccion,"HERMANOS CARRERA ORIENTE & MICHIMALONGO, San Felipe",-32.760928,-70.714323
-7976353.20991227,-4218664.17855127,4004,2023,1558258,2023/09/11 00:00:00+00,Septiembre,11,Lunes,1899/12/30 00:00:00+00,18:20:00,18,REGION MAULE,TALCA,COLISION LATERAL,COLISION,URBANA,CRUCE SIN SEÑALIZACION,IMPRUDENCIA DEL CONDUCTOR,NO RESPETAR DERECHO PREFERENTE DE PASO A VEHICULO,19 NORTE,5 ORIENTE,19 NORTE - 5 ORIENTE,0, , ,BIDIRECCIONAL,ASFALTO,BUENO,SECO,DESPEJADO,0,0,0,1,07,071,07101,Maule,Talca,Talca,Interseccion,"19 NORTE & 5 ORIENTE, Talca",-35.40213,-71.6528
-7861730.86982716,-3958514.91932862,4005,2023,1561312,2023/09/11 00:00:00+00,Septiembre,11,Lunes,1899/12/30 00:00:00+00,19:50:00,19,REGION METROPOLITANA,ÑUÑOA,COLISION PERPENDICULAR,COLISION,URBANA,CRUCE CON SEMAFORO FUNCIONANDO,IMPRUDENCIA DEL CONDUCTOR,CONDUCCION NO ATENTO CONDICIONES TRANSITO MOMENTO,VICUÑA MACKENNA,RODRIGO DE ARAYA,RODRIGO DE ARAYA - VICUÑA MACKENNA,0, , ,BIDIRECCIONAL,ASFALTO,BUENO,SECO,DESPEJADO,0,1,0,0,13,131,13120,Metropolitana de Santiago,Santiago,Ñuñoa,Interseccion,"RODRIGO DE ARAYA & VICUÑA MACKENNA, Ñuñoa",-33.474937,-70.62313
-7963679.59723835,-3901547.27748811,4006,2023,1562652,2023/09/11 00:00:00+00,Septiembre,11,Lunes,1899/12/30 00:00:00+00,20:00:00,20,REGION VALPARAISO,VIÑA DEL MAR,COLISION,COLISION,URBANA,TRAMO DE VIA RECTA,IMPRUDENCIA DEL CONDUCTOR,CONDUCCION NO ATENTO CONDICIONES TRANSITO MOMENTO,ROGELIO ASTUDILLO,ABRAHAM LINCOLN,ABRAHAM LINCOLN - ROGELIO ASTUDILLO,0, , ,BIDIRECCIONAL,ASFALTO,BUENO,SECO,DESPEJADO,0,0,0,0,05,051,05109,Valparaíso,Valparaíso,Viña del Mar,Interseccion,"ABRAHAM LINCOLN & ROGELIO ASTUDILLO, Viña del Mar",-33.047024,-71.538951
-7867925.68817032,-3969729.61769351,4007,2023,1534205,2023/05/26 00:00:00+00,Mayo,26,Viernes,1899/12/30 00:00:00+00,11:30:00,11,REGION METROPOLITANA,EL BOSQUE,COLISION POR ALCANCE,COLISION,URBANA,TRAMO DE VIA RECTA,IMPRUDENCIA DEL CONDUCTOR,CONDUCCION NO ATENTO CONDICIONES TRANSITO MOMENTO,LLANQUIHUE,INDIO JERONIMO,INDIO JERONIMO - LLANQUIHUE,0, , ,BIDIRECCIONAL,ASFALTO,BUENO,SECO,DESPEJADO,0,0,0,1,13,131,13105,Metropolitana de Santiago,Santiago,El Bosque,Interseccion,"INDIO JERONIMO & LLANQUIHUE, El Bosque",-33.558929,-70.678779
-7859012.89313995,-3964889.34642021,4008,2023,1560178,2023/09/11 00:00:00+00,Septiembre,11,Lunes,1899/12/30 00:00:00+00,21:50:00,21,REGION METROPOLITANA,LA FLORIDA,COLISION LATERAL,COLISION,URBANA,CRUCE CON SEMAFORO FUNCIONANDO,IMPRUDENCIA DEL CONDUCTOR,CONDUCCION CAMBIAR SORPRESIVAMENTE PISTA CIRCULACION,EL PRADO,VICUÑA MACKENNA,EL PRADO - VICUÑA MACKENNA,0, , ,BIDIRECCIONAL CON BANDEJON,ASFALTO,BUENO,SECO,DESPEJADO,0,1,0,0,13,131,13110,Metropolitana de Santiago,Santiago,La Florida,Interseccion,"EL PRADO & VICUÑA MACKENNA, La Florida",-33.522688,-70.598714
-7866565.92059028,-3967671.50979573,4009,2023,1558568,2023/09/12 00:00:00+00,Septiembre,12,Martes,1899/12/30 00:00:00+00,06:05:00,6,REGION METROPOLITANA,LA CISTERNA,COLISION PERPENDICULAR,COLISION,URBANA,CRUCE CON SEMAFORO FUNCIONANDO,DESOBEDIENCIA A SEÑALIZACION,SEÑALIZACION DESOBEDECER LUZ ROJA DE SEMAFORO,GRAN AVDA JOSE MIGUEL CARRERA,TRINIDAD RAMIREZ,GRAN AVDA JOSE MIGUEL CARRERA - TRINIDAD RAMIREZ,0, , ,BIDIRECCIONAL CON BANDEJON,CONCRETO,BUENO,SECO,DESPEJADO,0,0,0,0,13,131,13109,Metropolitana de Santiago,Santiago,La Cisterna,Interseccion,"GRAN AVDA JOSE MIGUEL CARRERA & TRINIDAD RAMIREZ, La Cisterna",-33.543521,-70.666564
-7871694.85480909,-4052925.05327948,4010,2023,1558357,2023/09/12 00:00:00+00,Septiembre,12,Martes,1899/12/30 00:00:00+00,07:30:00,7,REGION LIB.B.O'HIGGINS,RANCAGUA,COLISION POR ALCANCE,COLISION,URBANA,CRUCE CON SEÑAL PARE,IMPRUDENCIA DEL CONDUCTOR,CONDUCCION NO ATENTO CONDICIONES TRANSITO MOMENTO,GUILLERMO SAAVEDRA,HECTOR ZAMORANO,GUILLERMO SAAVEDRA - HECTOR ZAMORANO,0, , ,BIDIRECCIONAL,CONCRETO,BUENO,SECO,DESPEJADO,0,1,0,0,06,061,06101,Libertador General Bernardo O'Higgins,Cachapoal,Rancagua,Interseccion,"GUILLERMO SAAVEDRA & HECTOR ZAMORANO, Rancagua",-34.179463,-70.712638
-7853987.93132555,-3949090.10095296,4011,2023,1565421,2023/09/12 00:00:00+00,Septiembre,12,Martes,1899/12/30 00:00:00+00,08:00:00,8,REGION METROPOLITANA,LAS CONDES,COLISION LATERAL,COLISION,URBANA,TRAMO DE VIA RECTA,IMPRUDENCIA DEL CONDUCTOR,CONDUCCION NO ATENTO CONDICIONES TRANSITO MOMENTO,PADRE ERRAZURIZ,MIGUEL ANGEL BUONAROTTI,MIGUEL ANGEL BUONAROTTI - PADRE ERRAZURIZ,0, , ,BIDIRECCIONAL,ASFALTO,BUENO,SECO,NUBLADO,0,0,0,0,13,131,13114,Metropolitana de Santiago,Santiago,Las Condes,Interseccion,"MIGUEL ANGEL BUONAROTTI & PADRE ERRAZURIZ, Las Condes",-33.404287,-70.553574
-7933717.66686066,-3893895.41634064,4012,2023,1558781,2023/09/12 00:00:00+00,Septiembre,12,Martes,1899/12/30 00:00:00+00,11:25:00,11,REGION VALPARAISO,LIMACHE,COLISION FRONTAL,COLISION,URBANA,CRUCE CON SEÑAL CEDA EL PASO,IMPRUDENCIA DEL CONDUCTOR,CONDUCCION CONTRA SENTIDO DEL TRANSITO,BAQUEDANO,CARRERA,BAQUEDANO - CARRERA,0, , ,UNIDIRECCIONAL,ASFALTO,BUENO,SECO,DESPEJADO,0,0,0,1,05,058,05802,Valparaíso,Marga Marga,Limache,Interseccion,"BAQUEDANO & CARRERA, Limache",-32.989388,-71.269798
-7866451.9294317,-3949725.0930986,4013,2023,1558765,2023/09/12 00:00:00+00,Septiembre,12,Martes,1899/12/30 00:00:00+00,13:40:00,13,REGION METROPOLITANA,INDEPENDENCIA,COLISION PERPENDICULAR,COLISION,URBANA,CRUCE CON SEÑAL CEDA EL PASO,DESOBEDIENCIA A SEÑALIZACION,SEÑALIZACION DESOBEDECER SEÑAL CEDA EL PASO,PALERMO,ARMANDO QUEZADA ACHARAN,ARMANDO QUEZADA ACHARAN - PALERMO,0, , ,UNIDIRECCIONAL,CONCRETO,BUENO,HUMEDO,NUBLADO,0,0,0,0,13,131,13108,Metropolitana de Santiago,Santiago,Independencia,Interseccion,"ARMANDO QUEZADA ACHARAN & PALERMO, Independencia",-33.409049,-70.66554
-7931682.69085355,-3493275.01860775,4014,2023,1558707,2023/09/12 00:00:00+00,Septiembre,12,Martes,1899/12/30 00:00:00+00,16:30:00,16,REGION COQUIMBO,LA SERENA,CHOQUE FRENTE/POSTERIOR,CHOQUE,URBANA,TRAMO DE VIA RECTA,IMPRUDENCIA DEL CONDUCTOR,CONDUCCION NO ATENTO CONDICIONES TRANSITO MOMENTO,JOSE MANUEL BALMACEDA,REGIMIENTO ARICA,JOSE MANUEL BALMACEDA - REGIMIENTO ARICA,0, , ,BIDIRECCIONAL CON BANDEJON,ASFALTO,BUENO,SECO,DESPEJADO,0,1,0,0,04,041,04101,Coquimbo,Elqui,La Serena,Interseccion,"JOSE MANUEL BALMACEDA & REGIMIENTO ARICA, La Serena",-29.920033,-71.251518
-7855679.65362713,-3972766.5583573,4015,2023,1559973,2023/09/12 00:00:00+00,Septiembre,12,Martes,1899/12/30 00:00:00+00,17:25:00,17,REGION METROPOLITANA,PUENTE ALTO,COLISION LATERAL,COLISION,URBANA,TRAMO DE VIA RECTA,IMPRUDENCIA DEL CONDUCTOR,CONDUCCION NO ATENTO CONDICIONES TRANSITO MOMENTO,TRONCAL SAN FRANCISCO,NONATO COO,NONATO COO - TRONCAL SAN FRANCISCO,0, , ,BIDIRECCIONAL,CONCRETO,BUENO,SECO,DESPEJADO,0,0,0,0,13,132,13201,Metropolitana de Santiago,Cordillera,Puente Alto,Interseccion,"NONATO COO & TRONCAL SAN FRANCISCO, Puente Alto",-33.58166,-70.568771
-7976007.67422398,-4221540.45638919,4016,2023,1559433,2023/09/12 00:00:00+00,Septiembre,12,Martes,1899/12/30 00:00:00+00,17:50:00,17,REGION MAULE,TALCA,VOLCADURA,VOLCADURA,URBANA,TRAMO DE VIA RECTA,IMPRUDENCIA DEL CONDUCTOR,CONDUCCION NO ATENTO CONDICIONES TRANSITO MOMENTO,14 SUR,PRESIDENTE SALVADOR ALLENDE,14 SUR - PRESIDENTE SALVADOR ALLENDE,0, , ,BIDIRECCIONAL,CONCRETO,BUENO,SECO,DESPEJADO,0,0,0,1,07,071,07101,Maule,Talca,Talca,Interseccion,"14 SUR & PRESIDENTE SALVADOR ALLENDE, Talca",-35.423188,-71.649696
-8078068.83427634,-4683480.83207217,4017,2023,1558647,2023/09/12 00:00:00+00,Septiembre,12,Martes,1899/12/30 00:00:00+00,18:00:00,18,REGION ARAUCANIA,TEMUCO,COLISION PERPENDICULAR,COLISION,URBANA,CRUCE CON SEÑAL CEDA EL PASO,DESOBEDIENCIA A SEÑALIZACION,SEÑALIZACION DESOBEDECER SEÑAL CEDA EL PASO,PIRCUNCHE,GALVARINO,GALVARINO - PIRCUNCHE,0, , ,UNIDIRECCIONAL,CONCRETO,BUENO,SECO,NUBLADO,0,0,0,1,09,091,09101,La Araucanía,Cautín,Temuco,Interseccion,"GALVARINO & PIRCUNCHE, Temuco",-38.73288,-72.566527
-7969754.41313703,-4279244.06784898,4018,2023,1559784,2023/09/12 00:00:00+00,Septiembre,12,Martes,1899/12/30 00:00:00+00,19:00:00,19,REGION MAULE,LINARES,COLISION LATERAL,COLISION,URBANA,CRUCE CON SEÑAL PARE,DESOBEDIENCIA A SEÑALIZACION,SEÑALIZACION DESOBEDECER SEÑAL PARE,MAX JARA,LAUTARO,LAUTARO - MAX JARA,0, , ,UNIDIRECCIONAL,ASFALTO,BUENO,SECO,DESPEJADO,0,0,0,1,07,074,07401,Maule,Linares,Linares,Interseccion,"LAUTARO & MAX JARA, Linares",-35.844487,-71.593522
-7973942.25240294,-4224641.30805653,4019,2023,1558576,2023/09/12 00:00:00+00,Septiembre,12,Martes,1899/12/30 00:00:00+00,20:20:00,20,REGION MAULE,TALCA,COLISION LATERAL,COLISION,URBANA,CRUCE SIN SEÑALIZACION,IMPRUDENCIA DEL CONDUCTOR,NO RESPETAR DERECHO PREFERENTE DE PASO A VEHICULO,32 ORIENTE,10 1/2 SUR A,10 1/2 SUR A - 32 ORIENTE,0, , ,BIDIRECCIONAL,ASFALTO,BUENO,SECO,DESPEJADO,0,0,0,1,07,071,07101,Maule,Talca,Talca,Interseccion,"10 1/2 SUR A & 32 ORIENTE, Talca",-35.445884,-71.631142
-8142939.15434121,-4436946.22858238,4020,2023,1559206,2023/09/12 00:00:00+00,Septiembre,12,Martes,1899/12/30 00:00:00+00,22:40:00,22,REGION BIO BIO,CORONEL,COLISION,COLISION,URBANA,TRAMO DE VIA RECTA,IMPRUDENCIA DEL CONDUCTOR,CONDUCCION NO ATENTO CONDICIONES TRANSITO MOMENTO,LAS ENCINAS,RACOMA,LAS ENCINAS - RACOMA,0, , ,BIDIRECCIONAL,ASFALTO,BUENO,SECO,DESPEJADO,0,1,0,0,08,081,08102,Biobío,Concepción,Coronel,Interseccion,"LAS ENCINAS & RACOMA, Coronel",-36.984498,-73.149267
-7978368.20405965,-4222233.959779,4021,2023,1559490,2023/09/13 00:00:00+00,Septiembre,13,Miércoles,1899/12/30 00:00:00+00,07:20:00,7,REGION MAULE,TALCA,COLISION POR ALCANCE,COLISION,URBANA,TRAMO DE VIA RECTA,IMPRUDENCIA DEL CONDUCTOR,CONDUCCION NO ATENTO CONDICIONES TRANSITO MOMENTO,CARLOS SCHORR,4 1/2 PONIENTE,4 1/2 PONIENTE - CARLOS SCHORR,0, , ,BIDIRECCIONAL CON BANDEJON,CONCRETO,BUENO,SECO,DESPEJADO,0,0,0,1,07,071,07101,Maule,Talca,Talca,Interseccion,"4 1/2 PONIENTE & CARLOS SCHORR, Talca",-35.428265,-71.670901
-7962569.70840797,-3898901.57467568,4022,2023,1561064,2023/09/13 00:00:00+00,Septiembre,13,Miércoles,1899/12/30 00:00:00+00,08:30:00,8,REGION VALPARAISO,VIÑA DEL MAR,VOLCADURA,VOLCADURA,URBANA,TRAMO DE VIA RECTA,IMPRUDENCIA DEL CONDUCTOR,CONDUCCION NO ATENTO CONDICIONES TRANSITO MOMENTO,LAS ACACIAS,LUSITANIA,LAS ACACIAS - LUSITANIA,0, , ,BIDIRECCIONAL,ASFALTO,MALO,SECO,DESPEJADO,0,0,0,1,05,051,05109,Valparaíso,Valparaíso,Viña del Mar,Interseccion,"LAS ACACIAS & LUSITANIA, Viña del Mar",-33.0271,-71.528981
-7875411.92392616,-3959695.66711833,4023,2023,1559076,2023/09/13 00:00:00+00,Septiembre,13,Miércoles,1899/12/30 00:00:00+00,09:30:00,9,REGION METROPOLITANA,MAIPU,ATROPELLO,ATROPELLO,URBANA,CRUCE CON SEMAFORO FUNCIONANDO,IMPRUDENCIA DEL PEATON,PEATON CRUZA CALZADA FORMA SORPRESIVA O DESCUIDADA,LOS PAJARITOS,LOS APOSTOLES,LOS APOSTOLES - LOS PAJARITOS,0, , ,BIDIRECCIONAL CON BANDEJON,ASFALTO,BUENO,SECO,DESPEJADO,0,1,0,0,13,131,13119,Metropolitana de Santiago,Santiago,Maipú,Interseccion,"LOS APOSTOLES & LOS PAJARITOS, Maipú",-33.483784,-70.746029
-7865046.63217993,-3954469.09982733,4024,2023,1559029,2023/09/13 00:00:00+00,Septiembre,13,Miércoles,1899/12/30 00:00:00+00,14:30:00,14,REGION METROPOLITANA,SANTIAGO,COLISION LATERAL,COLISION,URBANA,CRUCE CON SEMAFORO FUNCIONANDO,IMPRUDENCIA DEL CONDUCTOR,CONDUCCION NO ATENTO CONDICIONES TRANSITO MOMENTO,LIBER BERNARDO O'HIGGINS,ZENTENO,LIBER BERNARDO O'HIGGINS - ZENTENO,0, , ,UNIDIRECCIONAL,ASFALTO,BUENO,SECO,DESPEJADO,0,1,0,0,13,131,13101,Metropolitana de Santiago,Santiago,Santiago,Interseccion,"LIBER BERNARDO O'HIGGINS & ZENTENO, Santiago",-33.444616,-70.652916
-7866360.19106161,-3970159.6788014,4025,2023,1559271,2023/09/13 00:00:00+00,Septiembre,13,Miércoles,1899/12/30 00:00:00+00,16:50:00,16,REGION METROPOLITANA,EL BOSQUE,COLISION LATERAL,COLISION,URBANA,CRUCE CON SEÑAL PARE,DESOBEDIENCIA A SEÑALIZACION,SEÑALIZACION DESOBEDECER SEÑAL PARE,LOS AVELLANOS,PORTALES,LOS AVELLANOS - PORTALES,0, , ,BIDIRECCIONAL,CONCRETO,BUENO,SECO,NUBLADO,0,1,0,0,13,131,13105,Metropolitana de Santiago,Santiago,El Bosque,Interseccion,"LOS AVELLANOS & PORTALES, El Bosque",-33.562148,-70.664716
-8131182.59159904,-4414007.22620032,4026,2023,1559407,2023/09/13 00:00:00+00,Septiembre,13,Miércoles,1899/12/30 00:00:00+00,18:20:00,18,REGION BIO BIO,CONCEPCION,ATROPELLO,ATROPELLO,URBANA,TRAMO DE VIA RECTA,IMPRUDENCIA DEL CONDUCTOR,NO RESPETAR DERECHO PREFERENTE DE PASO A PEATON,PAICAVI,LOS CARRERA,LOS CARRERA - PAICAVI,0, , ,BIDIRECCIONAL CON BANDEJON,CONCRETO,BUENO,MOJADO,LLUVIA,0,1,0,0,08,081,08101,Biobío,Concepción,Concepción,Interseccion,"LOS CARRERA & PAICAVI, Concepción",-36.819716,-73.043656
-7854769.83946227,-3963416.33860268,4027,2023,1560692,2023/09/13 00:00:00+00,Septiembre,13,Miércoles,1899/12/30 00:00:00+00,19:00:00,19,REGION METROPOLITANA,PEÑALOLEN,COLISION LATERAL,COLISION,URBANA,CRUCE CON SEMAFORO FUNCIONANDO,IMPRUDENCIA DEL CONDUCTOR,CONDUCCION NO ATENTO CONDICIONES TRANSITO MOMENTO,TOBALABA,DEPARTAMENTAL,DEPARTAMENTAL - TOBALABA,0, , ,BIDIRECCIONAL,ASFALTO,BUENO,SECO,NUBLADO,0,0,0,0,13,131,13122,Metropolitana de Santiago,Santiago,Peñalolén,Interseccion,"DEPARTAMENTAL & TOBALABA, Peñalolén",-33.511656,-70.560598
-7865605.78998219,-3960150.27448938,4028,2023,1567645,2023/09/13 00:00:00+00,Septiembre,13,Miércoles,1899/12/30 00:00:00+00,20:40:00,20,REGION METROPOLITANA,SAN MIGUEL,CHOQUE FRONTAL,CHOQUE,URBANA,TRAMO DE VIA RECTA,IMPRUDENCIA DEL CONDUCTOR,CONDUCCION NO ATENTO CONDICIONES TRANSITO MOMENTO,RAMON BARROS LUCO,ARCANGEL,ARCANGEL - RAMON BARROS LUCO,0, , ,BIDIRECCIONAL,ASFALTO,BUENO,SECO,DESPEJADO,0,0,0,0,13,131,13130,Metropolitana de Santiago,Santiago,San Miguel,Interseccion,"ARCANGEL & RAMON BARROS LUCO, San Miguel",-33.48719,-70.657939
-7933317.94086652,-3897257.61527362,4029,2023,1558846,2023/09/13 00:00:00+00,Septiembre,13,Miércoles,1899/12/30 00:00:00+00,21:30:00,21,REGION VALPARAISO,LIMACHE,COLISION LATERAL,COLISION,URBANA,CRUCE CON SEÑAL PARE,DESOBEDIENCIA A SEÑALIZACION,SEÑALIZACION DESOBEDECER SEÑAL PARE,CONCEPCION,12 DE FEBRERO,12 DE FEBRERO - CONCEPCION,0, , ,BIDIRECCIONAL,ASFALTO,BUENO,SECO,DESPEJADO,0,1,0,0,05,058,05802,Valparaíso,Marga Marga,Limache,Interseccion,"12 DE FEBRERO & CONCEPCION, Limache",-33.014717,-71.266208
-7978495.52118541,-4222344.24629962,4030,2023,1559505,2023/09/13 00:00:00+00,Septiembre,13,Miércoles,1899/12/30 00:00:00+00,21:40:00,21,REGION MAULE,TALCA,COLISION POR ALCANCE,COLISION,URBANA,CRUCE CON SEMAFORO FUNCIONANDO,IMPRUDENCIA DEL CONDUCTOR,CONDUCCION NO ATENTO CONDICIONES TRANSITO MOMENTO,CARLOS SCHORR,EL ARENAL,CARLOS SCHORR - EL ARENAL,0, , ,BIDIRECCIONAL CON BANDEJON,CONCRETO,BUENO,SECO,DESPEJADO,0,0,0,1,07,071,07101,Maule,Talca,Talca,Interseccion,"CARLOS SCHORR & EL ARENAL, Talca",-35.429072,-71.672045
-7856244.26608443,-3976651.44374804,4031,2023,1559251,2023/09/14 00:00:00+00,Septiembre,14,Jueves,1899/12/30 00:00:00+00,08:15:00,8,REGION METROPOLITANA,PUENTE ALTO,CHOQUE FRENTE/FRENTE,CHOQUE,URBANA,CRUCE CON SEÑAL PARE,IMPRUDENCIA DEL CONDUCTOR,CONDUCCION CONTRA SENTIDO DEL TRANSITO,STA ELENA,CALLE 21 DE MAYO,CALLE 21 DE MAYO - STA ELENA,0, , ,BIDIRECCIONAL,ASFALTO,BUENO,SECO,NUBLADO,0,0,0,1,13,132,13201,Metropolitana de Santiago,Cordillera,Puente Alto,Interseccion,"CALLE 21 DE MAYO & STA ELENA, Puente Alto",-33.610729,-70.573843
-7955071.19417908,-3901167.58361633,4032,2023,1563345,2023/09/14 00:00:00+00,Septiembre,14,Jueves,1899/12/30 00:00:00+00,08:30:00,8,REGION VALPARAISO,QUILPUE,COLISION POR ALCANCE,COLISION,URBANA,TRAMO DE VIA RECTA,IMPRUDENCIA DEL CONDUCTOR,CONDUCCION NO ATENTO CONDICIONES TRANSITO MOMENTO,LOS LUNES,LOS CARRERA,LOS CARRERA - LOS LUNES,0, , ,BIDIRECCIONAL,ASFALTO,BUENO,SECO,DESPEJADO,0,0,0,1,05,058,05801,Valparaíso,Marga Marga,Quilpué,Interseccion,"LOS CARRERA & LOS LUNES, Quilpué",-33.044165,-71.46162
-7856592.02817367,-3976888.8372089,4033,2023,1559236,2023/09/14 00:00:00+00,Septiembre,14,Jueves,1899/12/30 00:00:00+00,08:45:00,8,REGION METROPOLITANA,PUENTE ALTO,OTRO TIPO,OTRO TIPO,URBANA,CRUCE CON SEMAFORO FUNCIONANDO,OTRAS CAUSAS,OTRAS CAUSAS,STO DOMINGO,EYZAGUIRRE,EYZAGUIRRE - STO DOMINGO,0, , ,BIDIRECCIONAL,ASFALTO,BUENO,SECO,NUBLADO,0,0,0,1,13,132,13201,Metropolitana de Santiago,Cordillera,Puente Alto,Interseccion,"EYZAGUIRRE & STO DOMINGO, Puente Alto",-33.612505,-70.576967