X,Y,FID,Año,IdAccident,Fecha,Mes,Dia_mes,Dia_semana,Hora,Hora_texto,Hora_aprox,Región,Comuna,Tipo_Accid,Tipo__CONA,Zona,Ubicación,Causa__CON,Causa_Acci,Calle_Uno,Calle_Dos,Intersecci,Número,Ruta,Ubicaci_1,Calzada,Tipo_Calza,Estado_Cal,Condición,Estado_Atm,Fallecidos,Graves,Menos_Grav,Leves,CUT_REG,CUT_PROV,CUT_COM,REGION,PROVINCIA,COMUNA1,Tipo_direc,Direccion,Lat,Lon
-7872894.54496137,-3954414.93566036,4034,2023,1563475,2023/09/14 00:00:00+00,Septiembre,14,Jueves,1899/12/30 00:00:00+00,15:00:00,15,REGION METROPOLITANA,LO PRADO,COLISION LATERAL,COLISION,URBANA,CRUCE CON SEMAFORO FUNCIONANDO,VELOCIDAD IMPRUDENTE,VELOCIDAD NO RAZONABLE NI PRUDENTE,GRAL JUAN BUENDIA,SAN PABLO,GRAL JUAN BUENDIA - SAN PABLO,0, , ,BIDIRECCIONAL,ASFALTO,BUENO,SECO,DESPEJADO,0,0,0,0,13,131,13117,Metropolitana de Santiago,Santiago,Lo Prado,Interseccion,"GRAL JUAN BUENDIA & SAN PABLO, Lo Prado",-33.44421,-70.723415
-7826622.66160948,-2094488.00749858,4035,2023,1558694,2023/09/14 00:00:00+00,Septiembre,14,Jueves,1899/12/30 00:00:00+00,16:00:00,16,REGION ARICA Y PARINACOTA,ARICA,COLISION LATERAL,COLISION,URBANA,CRUCE CON SEÑAL PARE,IMPRUDENCIA DEL CONDUCTOR,ADELANTAMIENTO SIN EL ESPACIO O TIEMPO SUFICIENTE,LUIS VALENTE ROSSI,PEDRO AGUIRRE CERDA,LUIS VALENTE ROSSI - PEDRO AGUIRRE CERDA,0, , ,BIDIRECCIONAL,ASFALTO,BUENO,SECO,DESPEJADO,0,0,1,0,15,151,15101,Arica y Parinacota,Arica,Arica,Interseccion,"LUIS VALENTE ROSSI & PEDRO AGUIRRE CERDA, Arica",-18.485785,-70.307748
-7856594.56625806,-3948113.54407474,4036,2023,1562902,2023/09/14 00:00:00+00,Septiembre,14,Jueves,1899/12/30 00:00:00+00,19:25:00,19,REGION METROPOLITANA,VITACURA,COLISION POR ALCANCE,COLISION,URBANA,CRUCE CON SEMAFORO FUNCIONANDO,IMPRUDENCIA DEL CONDUCTOR,CONDUCCION SIN MANTENER DISTANCIA RAZONABLE NI PRUDENTE,LUIS CARRERA,LAS HUALTATAS,LAS HUALTATAS - LUIS CARRERA,0, , ,BIDIRECCIONAL,ASFALTO,BUENO,SECO,DESPEJADO,0,0,0,1,13,131,13132,Metropolitana de Santiago,Santiago,Vitacura,Interseccion,"LAS HUALTATAS & LUIS CARRERA, Vitacura",-33.396963,-70.57699
-7975629.23249421,-4223511.66961601,4037,2023,1559660,2023/09/14 00:00:00+00,Septiembre,14,Jueves,1899/12/30 00:00:00+00,19:35:00,19,REGION MAULE,TALCA,COLISION POR ALCANCE,COLISION,URBANA,CRUCE CON SEMAFORO FUNCIONANDO,IMPRUDENCIA DEL CONDUCTOR,CONDUCCION SIN MANTENER DISTANCIA RAZONABLE NI PRUDENTE,14 ORIENTE,9 SUR,14 ORIENTE - 9 SUR,0, , ,UNIDIRECCIONAL,CONCRETO,BUENO,SECO,DESPEJADO,0,0,0,1,07,071,07101,Maule,Talca,Talca,Interseccion,"14 ORIENTE & 9 SUR, Talca",-35.437617,-71.646296
-7869420.72007475,-3955729.70237105,4038,2023,1555868,2023/06/28 00:00:00+00,Junio,28,Miércoles,1899/12/30 00:00:00+00,23:30:00,23,REGION METROPOLITANA,ESTACION CENTRAL,COLISION LATERAL,COLISION,URBANA,CRUCE CON SEMAFORO FUNCIONANDO,DESOBEDIENCIA A SEÑALIZACION,SEÑALIZACION DESOBEDECER LUZ INTERMITENTE SEMAFORO,TORO MAZOTE,LIBER BERNARDO O'HIGGINS,LIBER BERNARDO O'HIGGINS - TORO MAZOTE,0, , ,UNIDIRECCIONAL,ASFALTO,BUENO,SECO,DESPEJADO,0,1,0,0,13,131,13106,Metropolitana de Santiago,Santiago,Estación Central,Interseccion,"LIBER BERNARDO O'HIGGINS & TORO MAZOTE, Estación Central",-33.454065,-70.692209
-8054562.16532247,-4504695.42962863,4039,2023,1559507,2023/09/14 00:00:00+00,Septiembre,14,Jueves,1899/12/30 00:00:00+00,20:20:00,20,REGION BIO BIO,LOS ANGELES,VOLCADURA,VOLCADURA,URBANA,TRAMO DE VIA RECTA,IMPRUDENCIA DEL CONDUCTOR,CONDUCCION NO ATENTO CONDICIONES TRANSITO MOMENTO,ERCILLA,COLO COLO,COLO COLO - ERCILLA,0, , ,BIDIRECCIONAL,CONCRETO,BUENO,SECO,DESPEJADO,0,1,0,0,08,083,08301,Biobío,Biobío,Los Angeles,Interseccion,"COLO COLO & ERCILLA, Los Angeles",-37.469092,-72.355363
-7929907.01140314,-3822917.98139096,4040,2023,1559923,2023/09/14 00:00:00+00,Septiembre,14,Jueves,1899/12/30 00:00:00+00,20:20:00,20,REGION VALPARAISO,LA LIGUA,COLISION,COLISION,URBANA,CRUCE CON SEÑAL PARE,IMPRUDENCIA DEL CONDUCTOR,CONDUCCION NO ATENTO CONDICIONES TRANSITO MOMENTO,LUIS LAULIE,PAPUDO,LUIS LAULIE - PAPUDO,0, , ,BIDIRECCIONAL,ASFALTO,BUENO,SECO,DESPEJADO,0,0,0,2,05,054,05401,Valparaíso,Petorca,La Ligua,Interseccion,"LUIS LAULIE & PAPUDO, La Ligua",-32.45297,-71.235567
-7852650.98424112,-3958079.45976164,4041,2023,1559698,2023/09/14 00:00:00+00,Septiembre,14,Jueves,1899/12/30 00:00:00+00,21:30:00,21,REGION METROPOLITANA,PEÑALOLEN,COLISION FRONTAL,COLISION,URBANA,CRUCE CON SEMAFORO FUNCIONANDO,IMPRUDENCIA DEL CONDUCTOR,CONDUCCION NO ATENTO CONDICIONES TRANSITO MOMENTO,LAS PARCELAS,CONSISTORIAL,CONSISTORIAL - LAS PARCELAS,0, , ,BIDIRECCIONAL,CONCRETO,BUENO,SECO,DESPEJADO,0,1,0,0,13,131,13122,Metropolitana de Santiago,Santiago,Peñalolén,Interseccion,"CONSISTORIAL & LAS PARCELAS, Peñalolén",-33.471674,-70.541564
-7865341.23921232,-3959015.56462289,4042,2023,1559852,2023/09/14 00:00:00+00,Septiembre,14,Jueves,1899/12/30 00:00:00+00,22:05:00,22,REGION METROPOLITANA,PEDRO AGUIRRE CERDA,VOLCADURA,VOLCADURA,URBANA,TRAMO DE VIA RECTA,IMPRUDENCIA DEL CONDUCTOR,CONDUCCION NO ATENTO CONDICIONES TRANSITO MOMENTO,JOSE JOAQUIN PRIETO VIAL,ALC CARLOS VALDOVINOS,ALC CARLOS VALDOVINOS - JOSE JOAQUIN PRIETO VIAL,0, , ,BIDIRECCIONAL,ASFALTO,BUENO,SECO,DESPEJADO,1,0,0,0,13,131,13121,Metropolitana de Santiago,Santiago,Pedro Aguirre Cerda,Interseccion,"ALC CARLOS VALDOVINOS & JOSE JOAQUIN PRIETO VIAL, Pedro Aguirre Cerda",-33.478688,-70.655563
-8030085.7922843,-4384315.2175676,4043,2023,1560885,2023/09/14 00:00:00+00,Septiembre,14,Jueves,1899/12/30 00:00:00+00,23:05:00,23,REGION ÑUBLE,CHILLAN,COLISION POR ALCANCE,COLISION,URBANA,CRUCE CON SEÑAL PARE,IMPRUDENCIA DEL CONDUCTOR,ADELANTAMIENTO SIN EL ESPACIO O TIEMPO SUFICIENTE,SEPULVEDA BUSTOS,BILBAO,BILBAO - SEPULVEDA BUSTOS,0, , ,BIDIRECCIONAL,ASFALTO,BUENO,SECO,DESPEJADO,0,1,0,0,16,161,16101,Ñuble,Diguillín,Chillán,Interseccion,"BILBAO & SEPULVEDA BUSTOS, Chillán",-36.605896,-72.135488
-7873427.19669117,-3963494.4022359,4044,2023,1559080,2023/09/15 00:00:00+00,Septiembre,15,Viernes,1899/12/30 00:00:00+00,01:10:00,1,REGION METROPOLITANA,MAIPU,VOLCADURA,VOLCADURA,URBANA,CRUCE CON SEMAFORO FUNCIONANDO,VELOCIDAD IMPRUDENTE,VELOCIDAD NO RAZONABLE NI PRUDENTE,CAMINO A MELIPILLA,ESQUINA BLANCA,CAMINO A MELIPILLA - ESQUINA BLANCA,0, , ,BIDIRECCIONAL CON BANDEJON,ASFALTO,BUENO,SECO,DESPEJADO,0,0,0,1,13,131,13119,Metropolitana de Santiago,Santiago,Maipú,Interseccion,"CAMINO A MELIPILLA & ESQUINA BLANCA, Maipú",-33.512241,-70.7282
-7877405.43951213,-3956633.98469462,4045,2023,1562531,2023/09/15 00:00:00+00,Septiembre,15,Viernes,1899/12/30 00:00:00+00,06:30:00,6,REGION METROPOLITANA,PUDAHUEL,VOLCADURA,VOLCADURA,URBANA,TRAMO DE VIA RECTA,IMPRUDENCIA DEL CONDUCTOR,CONDUCCION CAMBIAR SORPRESIVAMENTE PISTA CIRCULACION,AMERICO VESPUCIO,ARGOS,AMERICO VESPUCIO - ARGOS,0, , ,UNIDIRECCIONAL,MIXTO,BUENO,SECO,DESPEJADO,0,1,0,0,13,131,13124,Metropolitana de Santiago,Santiago,Pudahuel,Interseccion,"AMERICO VESPUCIO & ARGOS, Pudahuel",-33.460842,-70.763937
-7973784.17869261,-3900240.42532924,4046,2023,1560991,2023/09/15 00:00:00+00,Septiembre,15,Viernes,1899/12/30 00:00:00+00,07:30:00,7,REGION VALPARAISO,VALPARAISO,COLISION,COLISION,URBANA,TRAMO DE VIA RECTA,IMPRUDENCIA DEL CONDUCTOR,ADELANTAMIENTO SIN EL ESPACIO O TIEMPO SUFICIENTE,BLANCO,ALMIRANTE GOÑI,ALMIRANTE GOÑI - BLANCO,0, , ,UNIDIRECCIONAL,ASFALTO,BUENO,SECO,DESPEJADO,0,0,0,2,05,051,05101,Valparaíso,Valparaíso,Valparaíso,Interseccion,"ALMIRANTE GOÑI & BLANCO, Valparaíso",-33.037183,-71.629722
-7879883.40523235,-3962985.63411867,4047,2023,1563185,2023/09/15 00:00:00+00,Septiembre,15,Viernes,1899/12/30 00:00:00+00,09:15:00,9,REGION METROPOLITANA,MAIPU,COLISION LATERAL,COLISION,URBANA,CRUCE CON SEÑAL CEDA EL PASO,IMPRUDENCIA DEL CONDUCTOR,CONDUCCION CONTRA SENTIDO DEL TRANSITO,PANGAL,VICARIA,PANGAL - VICARIA,0, , ,BIDIRECCIONAL,ASFALTO,BUENO,SECO,DESPEJADO,0,0,0,1,13,131,13119,Metropolitana de Santiago,Santiago,Maipú,Interseccion,"PANGAL & VICARIA, Maipú",-33.50843,-70.786197
-7941851.08065108,-3501254.50645572,4048,2023,1560058,2023/09/15 00:00:00+00,Septiembre,15,Viernes,1899/12/30 00:00:00+00,09:40:00,9,REGION COQUIMBO,COQUIMBO,COLISION PERPENDICULAR,COLISION,URBANA,CRUCE CON SEÑAL PARE,DESOBEDIENCIA A SEÑALIZACION,SEÑALIZACION DESOBEDECER SEÑAL PARE,LAS VIOLETAS,LAS MARGARITAS,LAS MARGARITAS - LAS VIOLETAS,0, , ,BIDIRECCIONAL,ASFALTO,BUENO,SECO,DESPEJADO,0,1,0,0,04,041,04102,Coquimbo,Elqui,Coquimbo,Interseccion,"LAS MARGARITAS & LAS VIOLETAS, Coquimbo",-29.982142,-71.342862
-8027469.89557014,-4384228.96416802,4049,2023,1560895,2023/09/15 00:00:00+00,Septiembre,15,Viernes,1899/12/30 00:00:00+00,11:10:00,11,REGION ÑUBLE,CHILLAN,COLISION PERPENDICULAR,COLISION,URBANA,CRUCE CON SEÑAL PARE,DESOBEDIENCIA A SEÑALIZACION,SEÑALIZACION DESOBEDECER SEÑAL PARE,CONSTITUCION,BRASIL,BRASIL - CONSTITUCION,0, , ,BIDIRECCIONAL CON BANDEJON,CONCRETO,BUENO,SECO,DESPEJADO,0,1,0,0,16,161,16101,Ñuble,Diguillín,Chillán,Interseccion,"BRASIL & CONSTITUCION, Chillán",-36.605274,-72.111989
-7825947.69821887,-3172605.10800926,4050,2023,1562053,2023/09/15 00:00:00+00,Septiembre,15,Viernes,1899/12/30 00:00:00+00,12:15:00,12,REGION ATACAMA,COPIAPO,COLISION PERPENDICULAR,COLISION,URBANA,CRUCE CON SEÑAL CEDA EL PASO,DESOBEDIENCIA A SEÑALIZACION,SEÑALIZACION DESOBEDECER SEÑAL CEDA EL PASO,LEONIDAS PEREZ,JOSE JOAQUIN VALLEJOS,JOSE JOAQUIN VALLEJOS - LEONIDAS PEREZ,0, , ,BIDIRECCIONAL,ASFALTO,BUENO,SECO,DESPEJADO,0,1,0,0,03,031,03101,Atacama,Copiapó,Copiapó,Interseccion,"JOSE JOAQUIN VALLEJOS & LEONIDAS PEREZ, Copiapó",-27.392576,-70.301684
-7977866.8989411,-4221958.23360744,4051,2023,1560380,2023/09/15 00:00:00+00,Septiembre,15,Viernes,1899/12/30 00:00:00+00,13:30:00,13,REGION MAULE,TALCA,VOLCADURA,VOLCADURA,URBANA,TRAMO DE VIA RECTA,IMPRUDENCIA DEL CONDUCTOR,CONDUCCION NO ATENTO CONDICIONES TRANSITO MOMENTO,MONSEÑOR MANUEL LARRAIN,1 PONIENTE,1 PONIENTE - MONSEÑOR MANUEL LARRAIN,0, , ,BIDIRECCIONAL,CONCRETO,BUENO,SECO,DESPEJADO,0,0,0,1,07,071,07101,Maule,Talca,Talca,Interseccion,"1 PONIENTE & MONSEÑOR MANUEL LARRAIN, Talca",-35.426246,-71.666398
-8084797.27735957,-4683245.33424327,4052,2023,1559421,2023/09/15 00:00:00+00,Septiembre,15,Viernes,1899/12/30 00:00:00+00,14:45:00,14,REGION ARAUCANIA,TEMUCO,ATROPELLO,ATROPELLO,URBANA,TRAMO DE VIA RECTA,IMPRUDENCIA DEL CONDUCTOR,CONDUCCION NO ATENTO CONDICIONES TRANSITO MOMENTO,JAVIERA CARRERA,LERIDA,JAVIERA CARRERA - LERIDA,0, , ,BIDIRECCIONAL,CONCRETO,BUENO,MOJADO,LLUVIA,0,0,0,2,09,091,09101,La Araucanía,Cautín,Temuco,Interseccion,"JAVIERA CARRERA & LERIDA, Temuco",-38.73123,-72.62697
-7870829.67972664,-3942784.58031126,4053,2023,1559674,2023/09/15 00:00:00+00,Septiembre,15,Viernes,1899/12/30 00:00:00+00,15:30:00,15,REGION METROPOLITANA,QUILICURA,COLISION LATERAL,COLISION,URBANA,CRUCE CON SEMAFORO FUNCIONANDO,ALCOHOL EN CONDUCTOR,CONDUCCION BAJO LA INFLUENCIA DEL ALCOHOL,LO MARCOLETA,PDTE EDUARDO FREI MONTALVA,LO MARCOLETA - PDTE EDUARDO FREI MONTALVA,0, , ,UNIDIRECCIONAL,ASFALTO,BUENO,SECO,DESPEJADO,0,0,0,1,13,131,13125,Metropolitana de Santiago,Santiago,Quilicura,Interseccion,"LO MARCOLETA & PDTE EDUARDO FREI MONTALVA, Quilicura",-33.356988,-70.704866
-7857987.86326873,-3962901.12393552,4054,2023,1560588,2023/09/15 00:00:00+00,Septiembre,15,Viernes,1899/12/30 00:00:00+00,18:20:00,18,REGION METROPOLITANA,MACUL,COLISION FRONTAL,COLISION,URBANA,TRAMO DE VIA RECTA,IMPRUDENCIA DEL CONDUCTOR,ADELANTAMIENTO SIN EL ESPACIO O TIEMPO SUFICIENTE,AMERICO VESPUCIO,MACUL,AMERICO VESPUCIO - MACUL,0, , ,BIDIRECCIONAL CON BANDEJON,ASFALTO,BUENO,SECO,DESPEJADO,0,0,0,0,13,131,13118,Metropolitana de Santiago,Santiago,Macul,Interseccion,"AMERICO VESPUCIO & MACUL, Macul",-33.507797,-70.589506
-7959389.45540493,-3897097.06169922,4055,2023,1566078,2023/09/15 00:00:00+00,Septiembre,15,Viernes,1899/12/30 00:00:00+00,18:20:00,18,REGION VALPARAISO,VIÑA DEL MAR,COLISION,COLISION,URBANA,TRAMO DE VIA RECTA,IMPRUDENCIA DEL CONDUCTOR,CONDUCCION NO ATENTO CONDICIONES TRANSITO MOMENTO,CARLOS IBAÑEZ DEL CAMPO,LAS ORQUIDEAS,CARLOS IBAÑEZ DEL CAMPO - LAS ORQUIDEAS,0, , ,BIDIRECCIONAL,CONCRETO,BUENO,SECO,DESPEJADO,0,0,0,1,05,051,05109,Valparaíso,Valparaíso,Viña del Mar,Interseccion,"CARLOS IBAÑEZ DEL CAMPO & LAS ORQUIDEAS, Viña del Mar",-33.013508,-71.500412
-7857047.65884949,-3947559.61127884,4056,2023,1562910,2023/09/15 00:00:00+00,Septiembre,15,Viernes,1899/12/30 00:00:00+00,18:45:00,18,REGION METROPOLITANA,VITACURA,COLISION FRONTAL,COLISION,URBANA,CRUCE CON SEMAFORO FUNCIONANDO,IMPRUDENCIA DEL CONDUCTOR,CONDUCCION NO ATENTO CONDICIONES TRANSITO MOMENTO,LUIS PASTEUR,LUIS CARRERA,LUIS CARRERA - LUIS PASTEUR,0, , ,BIDIRECCIONAL,ASFALTO,BUENO,SECO,DESPEJADO,0,0,0,1,13,131,13132,Metropolitana de Santiago,Santiago,Vitacura,Interseccion,"LUIS CARRERA & LUIS PASTEUR, Vitacura",-33.392809,-70.58106
-7942044.64304846,-3497949.0259455,4057,2023,1560077,2023/09/15 00:00:00+00,Septiembre,15,Viernes,1899/12/30 00:00:00+00,22:45:00,22,REGION COQUIMBO,COQUIMBO,COLISION PERPENDICULAR,COLISION,URBANA,CRUCE CON SEÑAL PARE,IMPRUDENCIA DEL CONDUCTOR,CONDUCCION NO ATENTO CONDICIONES TRANSITO MOMENTO,MANUEL RODRIGUEZ,PORTALES,MANUEL RODRIGUEZ - PORTALES,0, , ,BIDIRECCIONAL,ASFALTO,BUENO,SECO,DESPEJADO,0,0,0,0,04,041,04102,Coquimbo,Elqui,Coquimbo,Interseccion,"MANUEL RODRIGUEZ & PORTALES, Coquimbo",-29.956418,-71.344601
-7877960.24970941,-3954245.24069963,4058,2023,1559642,2023/09/16 00:00:00+00,Septiembre,16,Sábado,1899/12/30 00:00:00+00,10:00:00,10,REGION METROPOLITANA,PUDAHUEL,COLISION LATERAL,COLISION,URBANA,TRAMO DE VIA RECTA,IMPRUDENCIA DEL CONDUCTOR,CONDUCCION NO ATENTO CONDICIONES TRANSITO MOMENTO,SERRANO,SAN PABLO,SAN PABLO - SERRANO,0, , ,BIDIRECCIONAL,ASFALTO,REGULAR,SECO,DESPEJADO,0,0,0,1,13,131,13124,Metropolitana de Santiago,Santiago,Pudahuel,Interseccion,"SAN PABLO & SERRANO, Pudahuel",-33.442938,-70.768921
-8123531.04639937,-5083421.50862372,4059,2023,1560706,2023/09/16 00:00:00+00,Septiembre,16,Sábado,1899/12/30 00:00:00+00,12:30:00,12,REGION LOS LAGOS,PUERTO MONTT,COLISION LATERAL,COLISION,URBANA,TRAMO DE VIA RECTA,IMPRUDENCIA DEL CONDUCTOR,CONDUCCION NO ATENTO CONDICIONES TRANSITO MOMENTO,LOS NOTROS,PRESIDENTE IBAÑEZ,LOS NOTROS - PRESIDENTE IBAÑEZ,0, , ,BIDIRECCIONAL,ASFALTO,REGULAR,HUMEDO,DESPEJADO,0,0,0,1,10,101,10101,Los Lagos,Llanquihue,Puerto Montt,Interseccion,"LOS NOTROS & PRESIDENTE IBAÑEZ, Puerto Montt",-41.480135,-72.974921
-7863795.06714494,-3959195.43280686,4060,2023,1559221,2023/09/16 00:00:00+00,Septiembre,16,Sábado,1899/12/30 00:00:00+00,13:30:00,13,REGION METROPOLITANA,SAN JOAQUIN,COLISION LATERAL,COLISION,URBANA,TRAMO DE VIA RECTA,VELOCIDAD IMPRUDENTE,VELOCIDAD NO RAZONABLE NI PRUDENTE,STA ROSA,ESQUILO,ESQUILO - STA ROSA,0, , ,BIDIRECCIONAL CON BANDEJON,ASFALTO,BUENO,SECO,DESPEJADO,0,0,0,1,13,131,13129,Metropolitana de Santiago,Santiago,San Joaquín,Interseccion,"ESQUILO & STA ROSA, San Joaquín",-33.480036,-70.641673
-7856038.54766545,-3947804.94110745,4061,2023,1562899,2023/09/16 00:00:00+00,Septiembre,16,Sábado,1899/12/30 00:00:00+00,14:30:00,14,REGION METROPOLITANA,VITACURA,COLISION PERPENDICULAR,COLISION,URBANA,CRUCE CON SEMAFORO FUNCIONANDO,IMPRUDENCIA DEL CONDUCTOR,CONDUCCION NO ATENTO CONDICIONES TRANSITO MOMENTO,MANQUEHUE NORTE,LAS HUALTATAS,LAS HUALTATAS - MANQUEHUE NORTE,0, , ,BIDIRECCIONAL CON BANDEJON,ASFALTO,BUENO,SECO,DESPEJADO,0,0,0,1,13,131,13132,Metropolitana de Santiago,Santiago,Vitacura,Interseccion,"LAS HUALTATAS & MANQUEHUE NORTE, Vitacura",-33.394649,-70.571995
-7807882.24808473,-2299104.3473283,4062,2023,1559420,2023/09/16 00:00:00+00,Septiembre,16,Sábado,1899/12/30 00:00:00+00,16:20:00,16,REGION TARAPACA,IQUIQUE,COLISION PERPENDICULAR,COLISION,URBANA,CRUCE CON SEMAFORO FUNCIONANDO,DESOBEDIENCIA A SEÑALIZACION,SEÑALIZACION DESOBEDECER LUZ ROJA DE SEMAFORO,BULNES,HEROES DE LA CONCEPCION,BULNES - HEROES DE LA CONCEPCION,0, , ,UNIDIRECCIONAL,ASFALTO,BUENO,SECO,DESPEJADO,0,1,0,0,01,011,01101,Tarapacá,Iquique,Iquique,Interseccion,"BULNES & HEROES DE LA CONCEPCION, Iquique",-20.219942,-70.1394
-7868324.54590583,-4039554.51270836,4063,2023,1584579,2023/09/16 00:00:00+00,Septiembre,16,Sábado,1899/12/30 00:00:00+00,18:05:00,18,REGION LIB.B.O'HIGGINS,GRANEROS,VOLCADURA,VOLCADURA,URBANA,TRAMO DE VIA RECTA,ALCOHOL EN CONDUCTOR,CONDUCCION EN ESTADO DE EBRIEDAD,RAFAEL LIRA,LA COMPAÑIA,LA COMPAÑIA - RAFAEL LIRA,0, , ,BIDIRECCIONAL,ASFALTO,BUENO,SECO,DESPEJADO,0,0,0,0,06,061,06106,Libertador General Bernardo O'Higgins,Cachapoal,Graneros,Interseccion,"LA COMPAÑIA & RAFAEL LIRA, Graneros",-34.08004,-70.682362
-7874123.67968669,-3963361.14051116,4064,2023,1560235,2023/09/16 00:00:00+00,Septiembre,16,Sábado,1899/12/30 00:00:00+00,19:45:00,19,REGION METROPOLITANA,MAIPU,VOLCADURA,VOLCADURA,URBANA,CRUCE CON SEMAFORO FUNCIONANDO,DESOBEDIENCIA A SEÑALIZACION,SEÑALIZACION DESOBEDECER LUZ ROJA DE SEMAFORO,ESQUINA BLANCA,LAS TORRES,ESQUINA BLANCA - LAS TORRES,0, , ,UNIDIRECCIONAL,ASFALTO,BUENO,SECO,DESPEJADO,0,1,0,0,13,131,13119,Metropolitana de Santiago,Santiago,Maipú,Interseccion,"ESQUINA BLANCA & LAS TORRES, Maipú",-33.511243,-70.734457
-7911835.99532786,-3819756.35223991,4065,2023,1562800,2023/09/16 00:00:00+00,Septiembre,16,Sábado,1899/12/30 00:00:00+00,23:50:00,23,REGION VALPARAISO,CABILDO,COLISION,COLISION,URBANA,TRAMO DE VIA RECTA,IMPRUDENCIA DEL CONDUCTOR,CONDUCCION NO ATENTO CONDICIONES TRANSITO MOMENTO,FERROCARRIL A IQUIQUE,IGNACIO DOMEYKO,FERROCARRIL A IQUIQUE - IGNACIO DOMEYKO,0, , ,UNIDIRECCIONAL,ASFALTO,BUENO,SECO,DESPEJADO,0,0,0,1,05,054,05402,Valparaíso,Petorca,Cabildo,Interseccion,"FERROCARRIL A IQUIQUE & IGNACIO DOMEYKO, Cabildo",-32.429001,-71.073232
-7890307.25103074,-7007593.33852579,4066,2023,1559622,2023/09/17 00:00:00+00,Septiembre,17,Domingo,1899/12/30 00:00:00+00,03:15:00,3,REGION MAGALLANES Y ANTARTICA CHILENA,PUNTA ARENAS,CHOQUE FRENTE/POSTERIOR,CHOQUE,URBANA,CRUCE CON SEMAFORO FUNCIONANDO,IMPRUDENCIA DEL CONDUCTOR,CONDUCCION NO ATENTO CONDICIONES TRANSITO MOMENTO,LOS FLAMENCOS,PRESIDENTE MANUEL BULNES,LOS FLAMENCOS - PRESIDENTE MANUEL BULNES,0, , ,BIDIRECCIONAL,CONCRETO,REGULAR,SECO,NUBLADO,0,0,0,0,12,121,12101,Magallanes y de la Antártica Chilena,Magallanes,Punta Arenas,Interseccion,"LOS FLAMENCOS & PRESIDENTE MANUEL BULNES, Punta Arenas",-53.132763,-70.879836
-7869314.95541542,-3959337.03909632,4067,2023,1559347,2023/09/17 00:00:00+00,Septiembre,17,Domingo,1899/12/30 00:00:00+00,07:00:00,7,REGION METROPOLITANA,CERRILLOS,VOLCADURA,VOLCADURA,URBANA,CRUCE CON SEÑAL PARE,VELOCIDAD IMPRUDENTE,VELOCIDAD NO RAZONABLE NI PRUDENTE,DEPARTAMENTAL,AVDA 5,AVDA 5 - DEPARTAMENTAL,0, , ,BIDIRECCIONAL CON BANDEJON,ASFALTO,BUENO,SECO,NUBLADO,0,1,0,0,13,131,13102,Metropolitana de Santiago,Santiago,Cerrillos,Interseccion,"AVDA 5 & DEPARTAMENTAL, Cerrillos",-33.481097,-70.691259
-7941185.15643652,-3496822.89778519,4068,2023,1560087,2023/09/17 00:00:00+00,Septiembre,17,Domingo,1899/12/30 00:00:00+00,07:45:00,7,REGION COQUIMBO,COQUIMBO,VOLCADURA,VOLCADURA,URBANA,TRAMO DE VIA RECTA,ALCOHOL EN CONDUCTOR,CONDUCCION EN ESTADO DE EBRIEDAD,ALDUNATE,GONZALEZ,ALDUNATE - GONZALEZ,0, , ,UNIDIRECCIONAL,ASFALTO,BUENO,SECO,DESPEJADO,0,1,0,0,04,041,04102,Coquimbo,Elqui,Coquimbo,Interseccion,"ALDUNATE & GONZALEZ, Coquimbo",-29.947653,-71.33688
-8128980.24679319,-4414733.82943524,4069,2023,1559673,2023/09/17 00:00:00+00,Septiembre,17,Domingo,1899/12/30 00:00:00+00,09:50:00,9,REGION BIO BIO,SANTA BARBARA,COLISION,COLISION,URBANA,CRUCE CON SEÑAL PARE,IMPRUDENCIA DEL CONDUCTOR,VIRAJES INDEBIDOS,ARTURO PRAT,ROZAS,ARTURO PRAT - ROZAS,0, , ,BIDIRECCIONAL,CONCRETO,BUENO,SECO,DESPEJADO,0,0,0,2,08,083,08311,Biobío,Biobío,Santa Bárbara,Interseccion,"ARTURO PRAT & ROZAS, Santa Bárbara",-36.824941,-73.023872
-7859872.27960888,-3974936.10053864,4070,2023,1559304,2023/09/17 00:00:00+00,Septiembre,17,Domingo,1899/12/30 00:00:00+00,10:30:00,10,REGION METROPOLITANA,LA PINTANA,COLISION PERPENDICULAR,COLISION,URBANA,CRUCE CON SEÑAL CEDA EL PASO,DESOBEDIENCIA A SEÑALIZACION,SEÑALIZACION DESOBEDECER SEÑAL CEDA EL PASO,DOCTOR AMADOR NEGHME,CALETERA ACCESO SUR,CALETERA ACCESO SUR - DOCTOR AMADOR NEGHME,0, , ,UNIDIRECCIONAL,ASFALTO,BUENO,HUMEDO,LLOVIZNA,0,1,0,0,13,131,13112,Metropolitana de Santiago,Santiago,La Pintana,Interseccion,"CALETERA ACCESO SUR & DOCTOR AMADOR NEGHME, La Pintana",-33.597895,-70.606434
-7859550.12100252,-3967090.66296064,4071,2023,1560175,2023/09/17 00:00:00+00,Septiembre,17,Domingo,1899/12/30 00:00:00+00,15:22:00,15,REGION METROPOLITANA,LA FLORIDA,COLISION LATERAL,COLISION,URBANA,CRUCE CON SEMAFORO FUNCIONANDO,IMPRUDENCIA DEL CONDUCTOR,CONDUCCION NO ATENTO CONDICIONES TRANSITO MOMENTO,STA RAQUEL,DR SOTERO DEL RIO,DR SOTERO DEL RIO - STA RAQUEL,0, , ,BIDIRECCIONAL,ASFALTO,REGULAR,HUMEDO,LLUVIA,0,0,0,0,13,131,13110,Metropolitana de Santiago,Santiago,La Florida,Interseccion,"DR SOTERO DEL RIO & STA RAQUEL, La Florida",-33.539172,-70.60354