X,Y,FID,Año,IdAccident,Fecha,Mes,Dia_mes,Dia_semana,Hora,Hora_texto,Hora_aprox,Región,Comuna,Tipo_Accid,Tipo__CONA,Zona,Ubicación,Causa__CON,Causa_Acci,Calle_Uno,Calle_Dos,Intersecci,Número,Ruta,Ubicaci_1,Calzada,Tipo_Calza,Estado_Cal,Condición,Estado_Atm,Fallecidos,Graves,Menos_Grav,Leves,CUT_REG,CUT_PROV,CUT_COM,REGION,PROVINCIA,COMUNA1,Tipo_direc,Direccion,Lat,Lon
-8056361.64491341,-4505838.16661467,4072,2023,1559651,2023/09/17 00:00:00+00,Septiembre,17,Domingo,1899/12/30 00:00:00+00,17:40:00,17,REGION BIO BIO,LOS ANGELES,VOLCADURA,VOLCADURA,URBANA,ROTONDA,IMPRUDENCIA DEL CONDUCTOR,CONDUCCION NO ATENTO CONDICIONES TRANSITO MOMENTO,LOS MISIONEROS,SAN CRISTIAN,LOS MISIONEROS - SAN CRISTIAN,0, , ,BIDIRECCIONAL,CONCRETO,BUENO,SECO,DESPEJADO,0,1,0,0,08,083,08301,Biobío,Biobío,Los Angeles,Interseccion,"LOS MISIONEROS & SAN CRISTIAN, Los Angeles",-37.477239,-72.371528
-8091517.56459805,-4508817.13403753,4073,2023,1561374,2023/09/17 00:00:00+00,Septiembre,17,Domingo,1899/12/30 00:00:00+00,22:00:00,22,REGION BIO BIO,NACIMIENTO,COLISION,COLISION,URBANA,CRUCE CON SEÑAL PARE,IMPRUDENCIA DEL CONDUCTOR,CONDUCCION NO ATENTO CONDICIONES TRANSITO MOMENTO,JULIO HEMMELMANN,SAN MARTIN,JULIO HEMMELMANN - SAN MARTIN,0, , ,BIDIRECCIONAL,ASFALTO,BUENO,SECO,DESPEJADO,0,0,0,2,08,083,08306,Biobío,Biobío,Nacimiento,Interseccion,"JULIO HEMMELMANN & SAN MARTIN, Nacimiento",-37.498473,-72.687339
-7855562.54552282,-3947448.68123539,4074,2023,1562907,2023/09/17 00:00:00+00,Septiembre,17,Domingo,1899/12/30 00:00:00+00,22:00:00,22,REGION METROPOLITANA,VITACURA,COLISION LATERAL,COLISION,URBANA,CRUCE CON SEÑAL CEDA EL PASO,DESOBEDIENCIA A SEÑALIZACION,SEÑALIZACION DESOBEDECER SEÑAL CEDA EL PASO,BLAISE CENDRARS,GUILLERMO APOLLINAIRE,BLAISE CENDRARS - GUILLERMO APOLLINAIRE,0, , ,BIDIRECCIONAL,ASFALTO,BUENO,SECO,DESPEJADO,0,0,0,1,13,131,13132,Metropolitana de Santiago,Santiago,Vitacura,Interseccion,"BLAISE CENDRARS & GUILLERMO APOLLINAIRE, Vitacura",-33.391977,-70.567719
-7875175.25288899,-3963218.86998466,4075,2023,1568378,2023/09/17 00:00:00+00,Septiembre,17,Domingo,1899/12/30 00:00:00+00,22:30:00,22,REGION METROPOLITANA,MAIPU,VOLCADURA,VOLCADURA,URBANA,CRUCE CON SEÑAL PARE,DESOBEDIENCIA A SEÑALIZACION,SEÑALIZACION DESOBEDECER SEÑAL PARE,5 DE ABRIL,MELCHOR,5 DE ABRIL - MELCHOR,0, , ,BIDIRECCIONAL CON BANDEJON,ASFALTO,BUENO,SECO,DESPEJADO,0,0,0,1,13,131,13119,Metropolitana de Santiago,Santiago,Maipú,Interseccion,"5 DE ABRIL & MELCHOR, Maipú",-33.510177,-70.743903
-8082782.76943347,-4688327.22058474,4076,2023,1560046,2023/09/18 00:00:00+00,Septiembre,18,Lunes,1899/12/30 00:00:00+00,00:25:00,0,REGION ARAUCANIA,PADRE LAS CASAS,COLISION LATERAL,COLISION,URBANA,CRUCE CON SEMAFORO FUNCIONANDO,ALCOHOL EN CONDUCTOR,CONDUCCION EN ESTADO DE EBRIEDAD,LONGITUDINAL SUR,GUIDO BECK DE RAMBERGA,GUIDO BECK DE RAMBERGA - LONGITUDINAL SUR,0, , ,BIDIRECCIONAL CON BANDEJON,ASFALTO,BUENO,HUMEDO,NUBLADO,0,1,0,2,09,091,09112,La Araucanía,Cautín,Padre Las Casas,Interseccion,"GUIDO BECK DE RAMBERGA & LONGITUDINAL SUR, Padre Las Casas",-38.766833,-72.608873
-7828695.92035607,-3168711.82014586,4077,2023,1562716,2023/09/18 00:00:00+00,Septiembre,18,Lunes,1899/12/30 00:00:00+00,04:00:00,4,REGION ATACAMA,COPIAPO,COLISION FRONTAL,COLISION,URBANA,CRUCE CON SEMAFORO FUNCIONANDO,ALCOHOL EN CONDUCTOR,CONDUCCION EN ESTADO DE EBRIEDAD,COLIPI,CIRCUNVALACION,CIRCUNVALACION - COLIPI,0, , ,BIDIRECCIONAL CON BANDEJON,ASFALTO,BUENO,SECO,DESPEJADO,0,1,0,1,03,031,03101,Atacama,Copiapó,Copiapó,Interseccion,"CIRCUNVALACION & COLIPI, Copiapó",-27.361519,-70.326372
-7877843.55343155,-3954767.22081813,4078,2023,1562551,2023/09/18 00:00:00+00,Septiembre,18,Lunes,1899/12/30 00:00:00+00,11:10:00,11,REGION METROPOLITANA,PUDAHUEL,VOLCADURA,VOLCADURA,URBANA,TRAMO DE VIA RECTA,VELOCIDAD IMPRUDENTE,VELOCIDAD NO RAZONABLE NI PRUDENTE,RUTA 68,SERRANO,RUTA 68 - SERRANO,0, , ,UNIDIRECCIONAL,MIXTO,BUENO,SECO,DESPEJADO,0,0,0,2,13,131,13124,Metropolitana de Santiago,Santiago,Pudahuel,Interseccion,"RUTA 68 & SERRANO, Pudahuel",-33.446851,-70.767873
-7966450.68437669,-3910259.53771708,4079,2023,1562097,2023/09/18 00:00:00+00,Septiembre,18,Lunes,1899/12/30 00:00:00+00,11:30:00,11,REGION VALPARAISO,VALPARAISO,COLISION LATERAL,COLISION,URBANA,CRUCE SIN SEÑALIZACION,IMPRUDENCIA DEL CONDUCTOR,CONDUCCION SIN MANTENER DISTANCIA RAZONABLE NI PRUDENTE,DECIMA,CENTRAL,CENTRAL - DECIMA,0, , ,UNIDIRECCIONAL,CONCRETO,BUENO,SECO,DESPEJADO,0,0,1,1,05,051,05101,Valparaíso,Valparaíso,Valparaíso,Interseccion,"CENTRAL & DECIMA, Valparaíso",-33.112602,-71.563844
-7968773.79970924,-4277782.44498911,4080,2023,1559878,2023/09/18 00:00:00+00,Septiembre,18,Lunes,1899/12/30 00:00:00+00,19:30:00,19,REGION MAULE,LINARES,COLISION LATERAL,COLISION,URBANA,OTROS NO CONSIDERADOS,VELOCIDAD IMPRUDENTE,VELOCIDAD NO RAZONABLE NI PRUDENTE,ACCESO A IANSA,JANUARIO ESPINOZA,ACCESO A IANSA - JANUARIO ESPINOZA,0, , ,BIDIRECCIONAL,ASFALTO,BUENO,SECO,DESPEJADO,0,1,0,0,07,074,07401,Maule,Linares,Linares,Interseccion,"ACCESO A IANSA & JANUARIO ESPINOZA, Linares",-35.833843,-71.584713
-7866409.95085173,-3967675.35638403,4081,2023,1559302,2023/09/18 00:00:00+00,Septiembre,18,Lunes,1899/12/30 00:00:00+00,20:30:00,20,REGION METROPOLITANA,EL BOSQUE,COLISION POR ALCANCE,COLISION,URBANA,TRAMO DE VIA RECTA,IMPRUDENCIA DEL CONDUCTOR,NO RESPETAR DERECHO PREFERENTE DE PASO A VEHICULO,LOS MORROS,PORTALES,LOS MORROS - PORTALES,0, , ,BIDIRECCIONAL CON BANDEJON,ASFALTO,BUENO,SECO,NUBLADO,0,1,0,1,13,131,13105,Metropolitana de Santiago,Santiago,El Bosque,Interseccion,"LOS MORROS & PORTALES, El Bosque",-33.54355,-70.665163
-7959404.73951535,-3894050.08613153,4082,2023,1562608,2023/09/18 00:00:00+00,Septiembre,18,Lunes,1899/12/30 00:00:00+00,21:30:00,21,REGION VALPARAISO,VIÑA DEL MAR,COLISION LATERAL,COLISION,URBANA,TRAMO DE VIA RECTA,IMPRUDENCIA DEL CONDUCTOR,CONDUCCION NO ATENTO CONDICIONES TRANSITO MOMENTO,CAMINO INTERNACIONAL,LOMAS DEL BOSQUE,CAMINO INTERNACIONAL - LOMAS DEL BOSQUE,0, , ,BIDIRECCIONAL,CONCRETO,BUENO,HUMEDO,DESPEJADO,0,1,0,0,05,051,05109,Valparaíso,Valparaíso,Viña del Mar,Interseccion,"CAMINO INTERNACIONAL & LOMAS DEL BOSQUE, Viña del Mar",-32.990553,-71.500549
-7973449.55229216,-3900520.98597349,4083,2023,1561011,2023/09/19 00:00:00+00,Septiembre,19,Martes,1899/12/30 00:00:00+00,02:45:00,2,REGION VALPARAISO,VALPARAISO,COLISION,COLISION,URBANA,CRUCE CON SEMAFORO FUNCIONANDO,ALCOHOL EN CONDUCTOR,CONDUCCION EN ESTADO DE EBRIEDAD,ERRAZURIZ,URRIOLA,ERRAZURIZ - URRIOLA,0, , ,BIDIRECCIONAL CON BANDEJON,ASFALTO,BUENO,SECO,DESPEJADO,0,0,1,0,05,051,05101,Valparaíso,Valparaíso,Valparaíso,Interseccion,"ERRAZURIZ & URRIOLA, Valparaíso",-33.039296,-71.626716
-7874344.59262617,-3860936.71826762,4084,2023,1561325,2023/09/19 00:00:00+00,Septiembre,19,Martes,1899/12/30 00:00:00+00,05:05:00,5,REGION VALPARAISO,SAN FELIPE,VOLCADURA,VOLCADURA,URBANA,TRAMO DE VIA RECTA,IMPRUDENCIA DEL CONDUCTOR,CONDUCCION NO ATENTO CONDICIONES TRANSITO MOMENTO,JUSTO ESTAY,PEDRO DE VALDIVIA,JUSTO ESTAY - PEDRO DE VALDIVIA,0, , ,BIDIRECCIONAL,ASFALTO,BUENO,SECO,NUBLADO,0,1,0,0,05,057,05701,Valparaíso,San Felipe de Aconcagua,San Felipe,Interseccion,"JUSTO ESTAY & PEDRO DE VALDIVIA, San Felipe",-32.740701,-70.736441
-7866924.14671165,-3955400.46965754,4085,2023,1562691,2023/09/19 00:00:00+00,Septiembre,19,Martes,1899/12/30 00:00:00+00,09:15:00,9,REGION METROPOLITANA,SANTIAGO,COLISION PERPENDICULAR,COLISION,URBANA,CRUCE CON SEMAFORO FUNCIONANDO,IMPRUDENCIA DEL CONDUCTOR,CONDUCCION NO ATENTO CONDICIONES TRANSITO MOMENTO,SAZIE,ESPAÑA,ESPAÑA - SAZIE,0, , ,UNIDIRECCIONAL,ADOQUIN,BUENO,SECO,DESPEJADO,0,0,0,1,13,131,13101,Metropolitana de Santiago,Santiago,Santiago,Interseccion,"ESPAÑA & SAZIE, Santiago",-33.451597,-70.669782
-7932201.17258066,-3498677.79679487,4086,2023,1561262,2023/09/19 00:00:00+00,Septiembre,19,Martes,1899/12/30 00:00:00+00,14:45:00,14,REGION COQUIMBO,COQUIMBO,OTRO TIPO,OTRO TIPO,URBANA,TRAMO DE VIA RECTA,OTRAS CAUSAS,OTRAS CAUSAS,LINARES,RENE SCHNEIDER,LINARES - RENE SCHNEIDER,0, , ,BIDIRECCIONAL CON BANDEJON,ASFALTO,REGULAR,SECO,DESPEJADO,0,0,0,1,04,041,04102,Coquimbo,Elqui,Coquimbo,Interseccion,"LINARES & RENE SCHNEIDER, Coquimbo",-29.96209,-71.256176
-7931476.7609164,-4161108.93931117,4087,2023,1560374,2023/09/19 00:00:00+00,Septiembre,19,Martes,1899/12/30 00:00:00+00,20:15:00,20,REGION MAULE,CURICO,COLISION LATERAL,COLISION,URBANA,CRUCE SIN SEÑALIZACION,IMPRUDENCIA DEL CONDUCTOR,CONDUCCION NO ATENTO CONDICIONES TRANSITO MOMENTO,CAMILO LICANTEN,PASAJE UNO,CAMILO LICANTEN - PASAJE UNO,0, , ,UNIDIRECCIONAL,CONCRETO,BUENO,SECO,DESPEJADO,0,1,0,0,07,073,07301,Maule,Curicó,Curicó,Interseccion,"CAMILO LICANTEN & PASAJE UNO, Curicó",-34.979598,-71.249668
-7957490.12219735,-4237216.39882047,4088,2023,1560854,2023/09/19 00:00:00+00,Septiembre,19,Martes,1899/12/30 00:00:00+00,21:00:00,21,REGION MAULE,SAN CLEMENTE,COLISION LATERAL,COLISION,URBANA,TRAMO DE VIA RECTA,ALCOHOL EN CONDUCTOR,CONDUCCION BAJO LA INFLUENCIA DEL ALCOHOL,PAULA MONTAL,LOS ESPINOS,LOS ESPINOS - PAULA MONTAL,0, , ,BIDIRECCIONAL,ASFALTO,REGULAR,SECO,DESPEJADO,0,0,1,0,07,071,07109,Maule,Talca,San Clemente,Interseccion,"LOS ESPINOS & PAULA MONTAL, San Clemente",-35.537859,-71.48335
-7973741.58791109,-3900226.88103116,4089,2023,1561015,2023/09/19 00:00:00+00,Septiembre,19,Martes,1899/12/30 00:00:00+00,22:30:00,22,REGION VALPARAISO,VALPARAISO,COLISION,COLISION,URBANA,CRUCE SIN SEÑALIZACION,IMPRUDENCIA DEL CONDUCTOR,CONDUCCION CAMBIAR SORPRESIVAMENTE PISTA CIRCULACION,BLANCO,GOÑI,BLANCO - GOÑI,0, , ,UNIDIRECCIONAL,ASFALTO,BUENO,SECO,DESPEJADO,0,0,0,0,05,051,05101,Valparaíso,Valparaíso,Valparaíso,Interseccion,"BLANCO & GOÑI, Valparaíso",-33.037081,-71.629339
-7855999.16282961,-3972558.79282756,4090,2023,1560968,2023/09/20 00:00:00+00,Septiembre,20,Miércoles,1899/12/30 00:00:00+00,00:24:00,0,REGION METROPOLITANA,PUENTE ALTO,VOLCADURA,VOLCADURA,URBANA,TRAMO DE VIA RECTA,IMPRUDENCIA DEL CONDUCTOR,CONDUCCION NO ATENTO CONDICIONES TRANSITO MOMENTO,EL PEÑON,TRONCAL SAN FRANCISCO,EL PEÑON - TRONCAL SAN FRANCISCO,0, , ,BIDIRECCIONAL,CONCRETO,BUENO,SECO,DESPEJADO,0,0,1,0,13,132,13201,Metropolitana de Santiago,Cordillera,Puente Alto,Interseccion,"EL PEÑON & TRONCAL SAN FRANCISCO, Puente Alto",-33.580105,-70.571641
-8131829.914438,-4413255.50480585,4091,2023,1559890,2023/09/20 00:00:00+00,Septiembre,20,Miércoles,1899/12/30 00:00:00+00,02:45:00,2,REGION BIO BIO,CONCEPCION,COLISION,COLISION,URBANA,CRUCE CON SEMAFORO FUNCIONANDO,DESOBEDIENCIA A SEÑALIZACION,SEÑALIZACION DESOBEDECER LUZ ROJA DE SEMAFORO,MANUEL RODRIGUEZ,ONGOLMO,MANUEL RODRIGUEZ - ONGOLMO,0, , ,BIDIRECCIONAL CON BANDEJON,CONCRETO,BUENO,SECO,NUBLADO,1,1,0,0,08,081,08101,Biobío,Concepción,Concepción,Interseccion,"MANUEL RODRIGUEZ & ONGOLMO, Concepción",-36.81431,-73.049471
-7835098.90619153,-2710578.15983431,4092,2023,1559791,2023/09/20 00:00:00+00,Septiembre,20,Miércoles,1899/12/30 00:00:00+00,03:10:00,3,REGION ANTOFAGASTA,ANTOFAGASTA,VOLCADURA,VOLCADURA,URBANA,TRAMO DE VIA RECTA,IMPRUDENCIA DEL CONDUCTOR,CONDUCCION NO ATENTO CONDICIONES TRANSITO MOMENTO,PADRE ALBERTO HURTADO,4 NORTE,4 NORTE - PADRE ALBERTO HURTADO,0, , ,BIDIRECCIONAL,ASFALTO,BUENO,SECO,DESPEJADO,1,1,0,0,02,021,02101,Antofagasta,Antofagasta,Antofagasta,Interseccion,"4 NORTE & PADRE ALBERTO HURTADO, Antofagasta",-23.648037,-70.383891
-7870639.43471688,-3976070.94644513,4093,2023,1567670,2023/09/20 00:00:00+00,Septiembre,20,Miércoles,1899/12/30 00:00:00+00,14:40:00,14,REGION METROPOLITANA,SAN BERNARDO,COLISION FRONTAL,COLISION,URBANA,CRUCE CON SEÑAL PARE,IMPRUDENCIA DEL CONDUCTOR,CONDUCCION NO ATENTO CONDICIONES TRANSITO MOMENTO,BARROS ARANA,ALFONSO DONOSO,ALFONSO DONOSO - BARROS ARANA,0, , ,UNIDIRECCIONAL,ASFALTO,BUENO,SECO,DESPEJADO,0,0,0,1,13,134,13401,Metropolitana de Santiago,Maipo,San Bernardo,Interseccion,"ALFONSO DONOSO & BARROS ARANA, San Bernardo",-33.606386,-70.703157
-7869540.60002325,-3972274.1752273,4094,2023,1560220,2023/09/20 00:00:00+00,Septiembre,20,Miércoles,1899/12/30 00:00:00+00,18:45:00,18,REGION METROPOLITANA,SAN BERNARDO,COLISION POR ALCANCE,COLISION,URBANA,CRUCE SIN SEÑALIZACION,IMPRUDENCIA DEL CONDUCTOR,CONDUCCION NO ATENTO CONDICIONES TRANSITO MOMENTO,GRAN AVDA JOSE MIGUEL CARRERA,SANDRO ESCALONA,GRAN AVDA JOSE MIGUEL CARRERA - SANDRO ESCALONA,0, , ,BIDIRECCIONAL CON BANDEJON,ASFALTO,REGULAR,SECO,DESPEJADO,0,0,1,0,13,134,13401,Metropolitana de Santiago,Maipo,San Bernardo,Interseccion,"GRAN AVDA JOSE MIGUEL CARRERA & SANDRO ESCALONA, San Bernardo",-33.577975,-70.693286
-7673664.70530054,-2566193.44422157,4095,2023,1559554,2023/09/20 00:00:00+00,Septiembre,20,Miércoles,1899/12/30 00:00:00+00,20:02:00,20,REGION ANTOFAGASTA,CALAMA,COLISION,COLISION,URBANA,CRUCE CON SEMAFORO FUNCIONANDO,IMPRUDENCIA DEL CONDUCTOR,CONDUCCION NO ATENTO CONDICIONES TRANSITO MOMENTO,VASCO DE GAMA,GRECIA,GRECIA - VASCO DE GAMA,0, , ,BIDIRECCIONAL,ASFALTO,BUENO,SECO,DESPEJADO,0,0,0,1,02,022,02201,Antofagasta,El Loa,Calama,Interseccion,"GRECIA & VASCO DE GAMA, Calama",-22.454598,-68.933703
-8150571.55258847,-4843599.17472574,4096,2023,1560003,2023/09/20 00:00:00+00,Septiembre,20,Miércoles,1899/12/30 00:00:00+00,20:20:00,20,REGION DE LOS RIOS,VALDIVIA,COLISION LATERAL,COLISION,URBANA,CRUCE CON SEMAFORO FUNCIONANDO,DESOBEDIENCIA A SEÑALIZACION,SEÑALIZACION DESOBEDECER LUZ ROJA DE SEMAFORO,RENE SCHNEIDER,CIRCUNVALACION SUR,CIRCUNVALACION SUR - RENE SCHNEIDER,0, , ,BIDIRECCIONAL,ASFALTO,BUENO,SECO,NUBLADO,0,0,0,1,14,141,14101,Los Ríos,Valdivia,Valdivia,Interseccion,"CIRCUNVALACION SUR & RENE SCHNEIDER, Valdivia",-39.846073,-73.21783
-7857749.08296098,-3972551.02958589,4097,2023,1560988,2023/09/20 00:00:00+00,Septiembre,20,Miércoles,1899/12/30 00:00:00+00,21:45:00,21,REGION METROPOLITANA,PUENTE ALTO,COLISION POR ALCANCE,COLISION,URBANA,TRAMO DE VIA RECTA,IMPRUDENCIA DEL CONDUCTOR,CONDUCCION NO ATENTO CONDICIONES TRANSITO MOMENTO,GABRIELA PONIENTE,COQUIMBO,COQUIMBO - GABRIELA PONIENTE,0, , ,BIDIRECCIONAL,CONCRETO,BUENO,SECO,DESPEJADO,0,0,1,0,13,132,13201,Metropolitana de Santiago,Cordillera,Puente Alto,Interseccion,"COQUIMBO & GABRIELA PONIENTE, Puente Alto",-33.580047,-70.587361
-7854932.36588543,-3947680.40890408,4098,2023,1562913,2023/09/20 00:00:00+00,Septiembre,20,Miércoles,1899/12/30 00:00:00+00,22:45:00,22,REGION METROPOLITANA,VITACURA,COLISION LATERAL,COLISION,URBANA,TRAMO DE VIA RECTA,IMPRUDENCIA DEL CONDUCTOR,CONDUCCION NO ATENTO CONDICIONES TRANSITO MOMENTO,GERONIMO DE ALDERETE,FERNANDO DE ARGUELLO,FERNANDO DE ARGUELLO - GERONIMO DE ALDERETE,0, , ,BIDIRECCIONAL,ASFALTO,BUENO,SECO,DESPEJADO,0,0,0,1,13,131,13132,Metropolitana de Santiago,Santiago,Vitacura,Interseccion,"FERNANDO DE ARGUELLO & GERONIMO DE ALDERETE, Vitacura",-33.393715,-70.562058
-8143065.501941,-4416487.33776649,4099,2023,1560120,2023/09/21 00:00:00+00,Septiembre,21,Jueves,1899/12/30 00:00:00+00,07:50:00,7,REGION BIO BIO,CONCEPCION,CHOQUE,CHOQUE,URBANA,ENLACE A DESNIVEL,IMPRUDENCIA DEL CONDUCTOR,CONDUCCION NO ATENTO CONDICIONES TRANSITO MOMENTO,JORGE ALESSANDRI RODRIGUEZ,COSTANERA,COSTANERA - JORGE ALESSANDRI RODRIGUEZ,0, , ,BIDIRECCIONAL CON BANDEJON,CONCRETO,BUENO,SECO,DESPEJADO,0,0,0,0,08,081,08101,Biobío,Concepción,Concepción,Interseccion,"COSTANERA & JORGE ALESSANDRI RODRIGUEZ, Concepción",-36.837549,-73.150402
-7857808.63888855,-3948429.48896029,4100,2023,1562916,2023/09/21 00:00:00+00,Septiembre,21,Jueves,1899/12/30 00:00:00+00,10:40:00,10,REGION METROPOLITANA,VITACURA,COLISION LATERAL,COLISION,URBANA,CRUCE CON SEMAFORO FUNCIONANDO,IMPRUDENCIA DEL CONDUCTOR,CONDUCCION NO ATENTO CONDICIONES TRANSITO MOMENTO,VITACURA,AMERICO VESPUCIO NORTE,AMERICO VESPUCIO NORTE - VITACURA,0, , ,BIDIRECCIONAL CON BANDEJON,ASFALTO,BUENO,SECO,DESPEJADO,0,1,0,0,13,131,13132,Metropolitana de Santiago,Santiago,Vitacura,Interseccion,"AMERICO VESPUCIO NORTE & VITACURA, Vitacura",-33.399333,-70.587896
-7870639.43471688,-3976070.94644513,4101,2023,1572589,2023/09/21 00:00:00+00,Septiembre,21,Jueves,1899/12/30 00:00:00+00,14:40:00,14,REGION METROPOLITANA,SAN BERNARDO,COLISION LATERAL,COLISION,URBANA,CRUCE CON SEÑAL PARE,DESOBEDIENCIA A SEÑALIZACION,SEÑALIZACION DESOBEDECER LUZ ROJA DE SEMAFORO,BARROS ARANA,ALFONSO DONOSO,ALFONSO DONOSO - BARROS ARANA,0, , ,UNIDIRECCIONAL,ASFALTO,BUENO,SECO,DESPEJADO,0,0,0,1,13,134,13401,Metropolitana de Santiago,Maipo,San Bernardo,Interseccion,"ALFONSO DONOSO & BARROS ARANA, San Bernardo",-33.606386,-70.703157
-7970416.81968907,-3900032.42623179,4102,2023,1562116,2023/09/21 00:00:00+00,Septiembre,21,Jueves,1899/12/30 00:00:00+00,14:40:00,14,REGION VALPARAISO,VALPARAISO,COLISION POR ALCANCE,COLISION,URBANA,TRAMO DE VIA CURVA HORIZONTAL,IMPRUDENCIA DEL CONDUCTOR,CONDUCCION NO ATENTO CONDICIONES TRANSITO MOMENTO,LOS PLACERES,ESPAÑA,ESPAÑA - LOS PLACERES,0, , ,UNIDIRECCIONAL,ASFALTO,BUENO,SECO,DESPEJADO,0,0,1,0,05,051,05101,Valparaíso,Valparaíso,Valparaíso,Interseccion,"ESPAÑA & LOS PLACERES, Valparaíso",-33.035617,-71.599472
-7876084.76575652,-3956535.90907151,4103,2023,1562553,2023/09/21 00:00:00+00,Septiembre,21,Jueves,1899/12/30 00:00:00+00,15:10:00,15,REGION METROPOLITANA,PUDAHUEL,COLISION PERPENDICULAR,COLISION,URBANA,TRAMO DE VIA RECTA,IMPRUDENCIA DEL CONDUCTOR,NO RESPETAR DERECHO PREFERENTE DE PASO A VEHICULO,LAGUNA SUR,LA ESTRELLA,LA ESTRELLA - LAGUNA SUR,0, , ,BIDIRECCIONAL CON BANDEJON,MIXTO,BUENO,SECO,DESPEJADO,0,1,0,0,13,131,13124,Metropolitana de Santiago,Santiago,Pudahuel,Interseccion,"LA ESTRELLA & LAGUNA SUR, Pudahuel",-33.460107,-70.752073
-7858822.42549121,-3951941.93104024,4104,2023,1560868,2023/09/21 00:00:00+00,Septiembre,21,Jueves,1899/12/30 00:00:00+00,16:28:00,16,REGION METROPOLITANA,PROVIDENCIA,COLISION LATERAL,COLISION,URBANA,TRAMO DE VIA RECTA,IMPRUDENCIA DEL CONDUCTOR,ADELANTAMIENTO SIN EL ESPACIO O TIEMPO SUFICIENTE,CARLOS ANTUNEZ,EL BOSQUE,CARLOS ANTUNEZ - EL BOSQUE,0, , ,UNIDIRECCIONAL,ASFALTO,BUENO,SECO,DESPEJADO,0,0,0,1,13,131,13123,Metropolitana de Santiago,Santiago,Providencia,Interseccion,"CARLOS ANTUNEZ & EL BOSQUE, Providencia",-33.425671,-70.597003
-7868523.97477358,-3966995.01101448,4105,2023,1560303,2023/09/21 00:00:00+00,Septiembre,21,Jueves,1899/12/30 00:00:00+00,16:50:00,16,REGION METROPOLITANA,SAN BERNARDO,COLISION PERPENDICULAR,COLISION,URBANA,CRUCE CON SEÑAL CEDA EL PASO,IMPRUDENCIA DEL CONDUCTOR,VIRAJES INDEBIDOS,PDTE JORGE ALESSANDRI RODRIGUEZ,LO ESPEJO,LO ESPEJO - PDTE JORGE ALESSANDRI RODRIGUEZ,0, , ,BIDIRECCIONAL,ASFALTO,BUENO,SECO,NUBLADO,0,0,0,1,13,134,13401,Metropolitana de Santiago,Maipo,San Bernardo,Interseccion,"LO ESPEJO & PDTE JORGE ALESSANDRI RODRIGUEZ, San Bernardo",-33.538456,-70.684153
-7858971.70492836,-3957120.38552869,4106,2023,1561594,2023/09/21 00:00:00+00,Septiembre,21,Jueves,1899/12/30 00:00:00+00,18:30:00,18,REGION METROPOLITANA,ÑUÑOA,COLISION,COLISION,URBANA,CRUCE CON SEMAFORO FUNCIONANDO,IMPRUDENCIA DEL CONDUCTOR,CONDUCCION NO ATENTO CONDICIONES TRANSITO MOMENTO,JOSE PEDRO ALESSANDRI,GRECIA,GRECIA - JOSE PEDRO ALESSANDRI,0, , ,BIDIRECCIONAL CON BANDEJON,CONCRETO,REGULAR,SECO,DESPEJADO,0,0,0,1,13,131,13120,Metropolitana de Santiago,Santiago,Ñuñoa,Interseccion,"GRECIA & JOSE PEDRO ALESSANDRI, Ñuñoa",-33.464487,-70.598344
-8054377.5975956,-4503743.54781247,4107,2023,1561692,2023/09/21 00:00:00+00,Septiembre,21,Jueves,1899/12/30 00:00:00+00,18:40:00,18,REGION BIO BIO,LOS ANGELES,COLISION,COLISION,URBANA,CRUCE CON SEMAFORO FUNCIONANDO,IMPRUDENCIA DEL CONDUCTOR,CONDUCCION NO ATENTO CONDICIONES TRANSITO MOMENTO,CRISTOBAL COLON,JANEQUEO,CRISTOBAL COLON - JANEQUEO,0, , ,UNIDIRECCIONAL,CONCRETO,BUENO,MOJADO,LLUVIA,0,0,0,1,08,083,08301,Biobío,Biobío,Los Angeles,Interseccion,"CRISTOBAL COLON & JANEQUEO, Los Angeles",-37.462305,-72.353705
-7673552.12786611,-2565335.68040229,4108,2023,1560036,2023/09/22 00:00:00+00,Septiembre,22,Viernes,1899/12/30 00:00:00+00,07:35:00,7,REGION ANTOFAGASTA,CALAMA,COLISION,COLISION,URBANA,CRUCE CON SEMAFORO FUNCIONANDO,IMPRUDENCIA DEL CONDUCTOR,CONDUCCION NO ATENTO CONDICIONES TRANSITO MOMENTO,GRECIA,DIEGO DE ALMAGRO,DIEGO DE ALMAGRO - GRECIA,0, , ,BIDIRECCIONAL CON BANDEJON,ASFALTO,BUENO,SECO,DESPEJADO,0,0,0,0,02,022,02201,Antofagasta,El Loa,Calama,Interseccion,"DIEGO DE ALMAGRO & GRECIA, Calama",-22.447477,-68.932692
-7876448.53102443,-3959071.17838673,4109,2023,1560254,2023/09/22 00:00:00+00,Septiembre,22,Viernes,1899/12/30 00:00:00+00,09:30:00,9,REGION METROPOLITANA,MAIPU,COLISION FRONTAL,COLISION,URBANA,CRUCE CON SEÑAL CEDA EL PASO,DESOBEDIENCIA A SEÑALIZACION,SEÑALIZACION DESOBEDECER SEÑAL CEDA EL PASO,STA ELENA,AMERICO VESPUCIO,AMERICO VESPUCIO - STA ELENA,0, , ,BIDIRECCIONAL,ASFALTO,BUENO,SECO,DESPEJADO,0,0,0,1,13,131,13119,Metropolitana de Santiago,Santiago,Maipú,Interseccion,"AMERICO VESPUCIO & STA ELENA, Maipú",-33.479105,-70.755341