X,Y,FID,Año,IdAccident,Fecha,Mes,Dia_mes,Dia_semana,Hora,Hora_texto,Hora_aprox,Región,Comuna,Tipo_Accid,Tipo__CONA,Zona,Ubicación,Causa__CON,Causa_Acci,Calle_Uno,Calle_Dos,Intersecci,Número,Ruta,Ubicaci_1,Calzada,Tipo_Calza,Estado_Cal,Condición,Estado_Atm,Fallecidos,Graves,Menos_Grav,Leves,CUT_REG,CUT_PROV,CUT_COM,REGION,PROVINCIA,COMUNA1,Tipo_direc,Direccion,Lat,Lon
-7869288.35005712,-3953051.57632879,4110,2023,1560574,2023/09/22 00:00:00+00,Septiembre,22,Viernes,1899/12/30 00:00:00+00,10:30:00,10,REGION METROPOLITANA,QUINTA NORMAL,COLISION POR ALCANCE,COLISION,URBANA,CRUCE CON SEÑAL PARE,IMPRUDENCIA DEL CONDUCTOR,CONDUCCION SIN MANTENER DISTANCIA RAZONABLE NI PRUDENTE,ALCERRECA,ANDES,ALCERRECA - ANDES,0, , ,UNIDIRECCIONAL,ASFALTO,REGULAR,SECO,DESPEJADO,0,0,0,0,13,131,13126,Metropolitana de Santiago,Santiago,Quinta Normal,Interseccion,"ALCERRECA & ANDES, Quinta Normal",-33.43399,-70.69102
-7869288.35005712,-3953051.57632879,4111,2023,1560638,2023/09/22 00:00:00+00,Septiembre,22,Viernes,1899/12/30 00:00:00+00,10:30:00,10,REGION METROPOLITANA,QUINTA NORMAL,COLISION PERPENDICULAR,COLISION,URBANA,CRUCE CON SEÑAL PARE,DESOBEDIENCIA A SEÑALIZACION,SEÑALIZACION DESOBEDECER SEÑAL PARE,ANDES,ALCERRECA,ALCERRECA - ANDES,0, , ,UNIDIRECCIONAL,ASFALTO,BUENO,SECO,NUBLADO,0,0,1,0,13,131,13126,Metropolitana de Santiago,Santiago,Quinta Normal,Interseccion,"ALCERRECA & ANDES, Quinta Normal",-33.43399,-70.69102
-7865052.26491277,-3953215.77131481,4112,2023,1560969,2023/09/22 00:00:00+00,Septiembre,22,Viernes,1899/12/30 00:00:00+00,10:45:00,10,REGION METROPOLITANA,SANTIAGO,ATROPELLO,ATROPELLO,URBANA,CRUCE CON SEMAFORO FUNCIONANDO,IMPRUDENCIA DEL PEATON,PEATON CRUZA CALZADA FORMA SORPRESIVA O DESCUIDADA,ROSAS,BANDERA,BANDERA - ROSAS,0, , ,UNIDIRECCIONAL,ASFALTO,BUENO,SECO,DESPEJADO,0,0,0,0,13,131,13101,Metropolitana de Santiago,Santiago,Santiago,Interseccion,"BANDERA & ROSAS, Santiago",-33.435221,-70.652967
-8081754.6226165,-4684369.06183179,4113,2023,1560933,2023/09/22 00:00:00+00,Septiembre,22,Viernes,1899/12/30 00:00:00+00,10:46:00,10,REGION ARAUCANIA,TEMUCO,COLISION LATERAL,COLISION,URBANA,TRAMO DE VIA RECTA,FALLAS MECANICAS,FALLAS MECANICAS FRENOS,CAUPOLICAN,ANTONIO VARAS,ANTONIO VARAS - CAUPOLICAN,0, , ,BIDIRECCIONAL,CONCRETO,BUENO,MOJADO,NUBLADO,0,0,0,1,09,091,09101,La Araucanía,Cautín,Temuco,Interseccion,"ANTONIO VARAS & CAUPOLICAN, Temuco",-38.739104,-72.599637
-7863523.44758741,-3965858.54704182,4114,2023,1561185,2023/09/22 00:00:00+00,Septiembre,22,Viernes,1899/12/30 00:00:00+00,14:45:00,14,REGION METROPOLITANA,SAN RAMON,COLISION,COLISION,URBANA,CRUCE CON SEÑAL CEDA EL PASO,DESOBEDIENCIA A SEÑALIZACION,SEÑALIZACION DESOBEDECER SEÑAL CEDA EL PASO,CARLOS DAVILA,EL PARRON,CARLOS DAVILA - EL PARRON,0, , ,BIDIRECCIONAL,ASFALTO,BUENO,SECO,DESPEJADO,0,0,0,1,13,131,13131,Metropolitana de Santiago,Santiago,San Ramón,Interseccion,"CARLOS DAVILA & EL PARRON, San Ramón",-33.529946,-70.639233
-7857217.53239244,-3950665.55030827,4115,2023,1561378,2023/09/22 00:00:00+00,Septiembre,22,Viernes,1899/12/30 00:00:00+00,15:20:00,15,REGION METROPOLITANA,LAS CONDES,COLISION POR ALCANCE,COLISION,URBANA,CRUCE CON SEÑAL CEDA EL PASO,IMPRUDENCIA DEL CONDUCTOR,CONDUCCION NO ATENTO CONDICIONES TRANSITO MOMENTO,CRUZ DEL SUR INT.,CRISTOBAL COLON,CRISTOBAL COLON - CRUZ DEL SUR INT.,0, , ,BIDIRECCIONAL,ASFALTO,BUENO,SECO,DESPEJADO,0,0,0,0,13,131,13114,Metropolitana de Santiago,Santiago,Las Condes,Interseccion,"CRISTOBAL COLON & CRUZ DEL SUR INT., Las Condes",-33.416101,-70.582586
-8124852.96535254,-5082011.81483269,4116,2023,1560757,2023/09/22 00:00:00+00,Septiembre,22,Viernes,1899/12/30 00:00:00+00,16:00:00,16,REGION LOS LAGOS,PUERTO MONTT,ATROPELLO,ATROPELLO,URBANA,CRUCE CON SEÑAL CEDA EL PASO,IMPRUDENCIA DEL CONDUCTOR,NO RESPETAR DERECHO PREFERENTE DE PASO A PEATON,DIEGO DE ALMAGRO NORTE,JORGE ALESSANDRI,DIEGO DE ALMAGRO NORTE - JORGE ALESSANDRI,0, , ,BIDIRECCIONAL,ASFALTO,REGULAR,MOJADO,LLOVIZNA,0,0,0,1,10,101,10101,Los Lagos,Llanquihue,Puerto Montt,Interseccion,"DIEGO DE ALMAGRO NORTE & JORGE ALESSANDRI, Puerto Montt",-41.470647,-72.986796
-8077247.67282775,-4680415.9229315,4117,2023,1560992,2023/09/22 00:00:00+00,Septiembre,22,Viernes,1899/12/30 00:00:00+00,16:20:00,16,REGION ARAUCANIA,TEMUCO,COLISION LATERAL,COLISION,URBANA,CRUCE CON SEMAFORO FUNCIONANDO,IMPRUDENCIA DEL CONDUCTOR,CONDUCCION NO ATENTO CONDICIONES TRANSITO MOMENTO,RUDECINDO ORTEGA,HUERFANOS,HUERFANOS - RUDECINDO ORTEGA,0, , ,BIDIRECCIONAL CON BANDEJON,CONCRETO,BUENO,HUMEDO,NUBLADO,0,0,0,1,09,091,09101,La Araucanía,Cautín,Temuco,Interseccion,"HUERFANOS & RUDECINDO ORTEGA, Temuco",-38.711399,-72.55915
-7931711.97905611,-3499552.21204787,4118,2023,1561842,2023/09/22 00:00:00+00,Septiembre,22,Viernes,1899/12/30 00:00:00+00,19:50:00,19,REGION COQUIMBO,COQUIMBO,COLISION PERPENDICULAR,COLISION,URBANA,CRUCE SIN SEÑALIZACION,IMPRUDENCIA DEL CONDUCTOR,CONDUCCION CONTRA SENTIDO DEL TRANSITO,RIO LA LAGUNA,PARQUE NACIONAL PAN DE AZUCAR,PARQUE NACIONAL PAN DE AZUCAR - RIO LA LAGUNA,0, , ,UNIDIRECCIONAL,ASFALTO,BUENO,SECO,DESPEJADO,0,0,1,0,04,041,04102,Coquimbo,Elqui,Coquimbo,Interseccion,"PARQUE NACIONAL PAN DE AZUCAR & RIO LA LAGUNA, Coquimbo",-29.968895,-71.251781
-7951627.12495896,-3901746.57846112,4119,2023,1562073,2023/09/22 00:00:00+00,Septiembre,22,Viernes,1899/12/30 00:00:00+00,21:15:00,21,REGION VALPARAISO,QUILPUE,CHOQUE POSTERIOR/POSTERIOR,CHOQUE,URBANA,TRAMO DE VIA RECTA,IMPRUDENCIA DEL CONDUCTOR,CONDUCCION NO ATENTO CONDICIONES TRANSITO MOMENTO,LOS CARRERA,PEYRONET,LOS CARRERA - PEYRONET,0, , ,BIDIRECCIONAL,ASFALTO,BUENO,SECO,DESPEJADO,0,0,0,1,05,058,05801,Valparaíso,Marga Marga,Quilpué,Interseccion,"LOS CARRERA & PEYRONET, Quilpué",-33.048525,-71.430682
-7864177.31604582,-3952900.87855003,4120,2023,1562534,2023/09/22 00:00:00+00,Septiembre,22,Viernes,1899/12/30 00:00:00+00,22:30:00,22,REGION METROPOLITANA,RECOLETA,COLISION LATERAL,COLISION,URBANA,CRUCE CON SEMAFORO FUNCIONANDO,IMPRUDENCIA DEL CONDUCTOR,CONDUCCION CAMBIAR SORPRESIVAMENTE PISTA CIRCULACION,BELLAVISTA,PATRONATO,BELLAVISTA - PATRONATO,0, , ,UNIDIRECCIONAL,ASFALTO,BUENO,SECO,DESPEJADO,0,0,0,0,13,131,13127,Metropolitana de Santiago,Santiago,Recoleta,Interseccion,"BELLAVISTA & PATRONATO, Recoleta",-33.43286,-70.645107
-7876987.09472089,-3961834.58645651,4121,2023,1530161,2023/04/27 00:00:00+00,Abril,27,Jueves,1899/12/30 00:00:00+00,14:30:00,14,REGION METROPOLITANA,MAIPU,ATROPELLO,ATROPELLO,URBANA,CRUCE CON SEÑAL CEDA EL PASO,DESOBEDIENCIA A SEÑALIZACION,SEÑALIZACION DESOBEDECER SEÑAL CEDA EL PASO,MANUEL RODRIGUEZ,CENTENARIO,CENTENARIO - MANUEL RODRIGUEZ,0, , ,UNIDIRECCIONAL,ASFALTO,BUENO,SECO,DESPEJADO,0,1,0,1,13,131,13119,Metropolitana de Santiago,Santiago,Maipú,Interseccion,"CENTENARIO & MANUEL RODRIGUEZ, Maipú",-33.499808,-70.760179
-7964400.83608561,-3896865.42229482,4122,2023,1561504,2023/09/23 00:00:00+00,Septiembre,23,Sábado,1899/12/30 00:00:00+00,00:05:00,0,REGION VALPARAISO,VIÑA DEL MAR,COLISION POR ALCANCE,COLISION,URBANA,TRAMO DE VIA RECTA,IMPRUDENCIA DEL CONDUCTOR,CONDUCCION NO ATENTO CONDICIONES TRANSITO MOMENTO,3 ORIENTE,12 NORTE,12 NORTE - 3 ORIENTE,0, , ,UNIDIRECCIONAL,CONCRETO,BUENO,SECO,DESPEJADO,0,0,0,1,05,051,05109,Valparaíso,Valparaíso,Viña del Mar,Interseccion,"12 NORTE & 3 ORIENTE, Viña del Mar",-33.011763,-71.54543
-7969253.0301505,-4279396.50316664,4123,2023,1562738,2023/09/23 00:00:00+00,Septiembre,23,Sábado,1899/12/30 00:00:00+00,00:10:00,0,REGION MAULE,LINARES,COLISION LATERAL,COLISION,URBANA,CRUCE CON SEÑAL PARE,IMPRUDENCIA DEL CONDUCTOR,NO RESPETAR DERECHO PREFERENTE DE PASO A VEHICULO,JANUARIO ESPINOZA,KURT MOLLER,JANUARIO ESPINOZA - KURT MOLLER,0, , ,BIDIRECCIONAL,CONCRETO,BUENO,SECO,DESPEJADO,0,1,0,1,07,074,07401,Maule,Linares,Linares,Interseccion,"JANUARIO ESPINOZA & KURT MOLLER, Linares",-35.845597,-71.589018
-7876681.0774407,-3963516.60718538,4124,2023,1560257,2023/09/23 00:00:00+00,Septiembre,23,Sábado,1899/12/30 00:00:00+00,07:40:00,7,REGION METROPOLITANA,MAIPU,VOLCADURA,VOLCADURA,URBANA,TRAMO DE VIA RECTA,IMPRUDENCIA DEL CONDUCTOR,CONDUCCION NO ATENTO CONDICIONES TRANSITO MOMENTO,LOS PAJARITOS,LA COLONIA,LA COLONIA - LOS PAJARITOS,0, , ,BIDIRECCIONAL CON BANDEJON,ASFALTO,BUENO,SECO,DESPEJADO,0,0,0,0,13,131,13119,Metropolitana de Santiago,Santiago,Maipú,Interseccion,"LA COLONIA & LOS PAJARITOS, Maipú",-33.512407,-70.75743
-8053904.71240984,-4504138.76393327,4125,2023,1562326,2023/09/23 00:00:00+00,Septiembre,23,Sábado,1899/12/30 00:00:00+00,12:51:00,12,REGION BIO BIO,LOS ANGELES,CHOQUE FRENTE/POSTERIOR,CHOQUE,URBANA,TRAMO DE VIA RECTA,IMPRUDENCIA DEL CONDUCTOR,CONDUCCION NO ATENTO CONDICIONES TRANSITO MOMENTO,CRISTOBAL COLON,ALMAGRO,ALMAGRO - CRISTOBAL COLON,0, , ,UNIDIRECCIONAL,CONCRETO,BUENO,SECO,DESPEJADO,0,0,0,0,08,083,08301,Biobío,Biobío,Los Angeles,Interseccion,"ALMAGRO & CRISTOBAL COLON, Los Angeles",-37.465123,-72.349457
-7934927.33126158,-4127000.80529709,4126,2023,1561399,2023/09/23 00:00:00+00,Septiembre,23,Sábado,1899/12/30 00:00:00+00,13:30:00,13,REGION LIB.B.O'HIGGINS,CHEPICA,COLISION POR ALCANCE,COLISION,URBANA,TRAMO DE VIA RECTA,IMPRUDENCIA DEL CONDUCTOR,CONDUCCION CAMBIAR SORPRESIVAMENTE PISTA CIRCULACION,18 DE SEPTIEMBRE,BERNARDO O'HIGGINS,18 DE SEPTIEMBRE - BERNARDO O'HIGGINS,0, , ,BIDIRECCIONAL,ASFALTO,BUENO,SECO,DESPEJADO,0,0,1,0,06,063,06302,Libertador General Bernardo O'Higgins,Colchagua,Chépica,Interseccion,"18 DE SEPTIEMBRE & BERNARDO O'HIGGINS, Chépica",-34.728164,-71.280665
-7827650.64154739,-2093556.52285075,4127,2023,1561689,2023/09/23 00:00:00+00,Septiembre,23,Sábado,1899/12/30 00:00:00+00,13:40:00,13,REGION ARICA Y PARINACOTA,ARICA,ATROPELLO,ATROPELLO,URBANA,CRUCE CON SEMAFORO FUNCIONANDO,IMPRUDENCIA DEL CONDUCTOR,NO RESPETAR DERECHO PREFERENTE DE PASO A PEATON,MANUEL BAQUEDANO,MAIPU,MAIPU - MANUEL BAQUEDANO,0, , ,UNIDIRECCIONAL,ASFALTO,BUENO,SECO,DESPEJADO,0,0,0,2,15,151,15101,Arica y Parinacota,Arica,Arica,Interseccion,"MAIPU & MANUEL BAQUEDANO, Arica",-18.477849,-70.316982
-7878208.34152521,-3960161.1807745,4128,2023,1560375,2023/09/23 00:00:00+00,Septiembre,23,Sábado,1899/12/30 00:00:00+00,14:30:00,14,REGION METROPOLITANA,MAIPU,VOLCADURA,VOLCADURA,URBANA,CRUCE CON SEÑAL PARE,IMPRUDENCIA DEL CONDUCTOR,CONDUCCION NO ATENTO CONDICIONES TRANSITO MOMENTO,EL ROSAL,HOLANDA,EL ROSAL - HOLANDA,0, , ,BIDIRECCIONAL,ASFALTO,BUENO,SECO,DESPEJADO,0,0,0,1,13,131,13119,Metropolitana de Santiago,Santiago,Maipú,Interseccion,"EL ROSAL & HOLANDA, Maipú",-33.487272,-70.77115
-8024742.79068469,-4386979.15379524,4129,2023,1561026,2023/09/23 00:00:00+00,Septiembre,23,Sábado,1899/12/30 00:00:00+00,15:10:00,15,REGION ÑUBLE,CHILLAN,COLISION LATERAL,COLISION,URBANA,TRAMO DE VIA RECTA,IMPRUDENCIA DEL CONDUCTOR,ADELANTAMIENTO SIN EL ESPACIO O TIEMPO SUFICIENTE,ALONSO DE ERCILLA,LOS PUELCHES,ALONSO DE ERCILLA - LOS PUELCHES,0, , ,BIDIRECCIONAL,ASFALTO,BUENO,SECO,NUBLADO,0,0,0,0,16,161,16101,Ñuble,Diguillín,Chillán,Interseccion,"ALONSO DE ERCILLA & LOS PUELCHES, Chillán",-36.625104,-72.087491
-7872585.04336998,-3862654.01531609,4130,2023,1562090,2023/09/23 00:00:00+00,Septiembre,23,Sábado,1899/12/30 00:00:00+00,18:55:00,18,REGION VALPARAISO,SAN FELIPE,VOLCADURA,VOLCADURA,URBANA,TRAMO DE VIA RECTA,IMPRUDENCIA DEL CONDUCTOR,ADELANTAMIENTO SIN EL ESPACIO O TIEMPO SUFICIENTE,YUNGAY,FREIRE,FREIRE - YUNGAY,0, , ,BIDIRECCIONAL CON BANDEJON,CONCRETO,BUENO,SECO,DESPEJADO,0,0,0,1,05,057,05701,Valparaíso,San Felipe de Aconcagua,San Felipe,Interseccion,"FREIRE & YUNGAY, San Felipe",-32.753676,-70.720635
-7855952.72033805,-3948221.34704824,4131,2023,1562922,2023/09/23 00:00:00+00,Septiembre,23,Sábado,1899/12/30 00:00:00+00,19:45:00,19,REGION METROPOLITANA,VITACURA,COLISION POR ALCANCE,COLISION,URBANA,TRAMO DE VIA RECTA,IMPRUDENCIA DEL CONDUCTOR,CONDUCCION SIN MANTENER DISTANCIA RAZONABLE NI PRUDENTE,MANQUEHUE NORTE,PDTE KENNEDY,MANQUEHUE NORTE - PDTE KENNEDY,0, , ,BIDIRECCIONAL CON BANDEJON,ASFALTO,BUENO,SECO,DESPEJADO,0,1,0,0,13,131,13132,Metropolitana de Santiago,Santiago,Vitacura,Interseccion,"MANQUEHUE NORTE & PDTE KENNEDY, Vitacura",-33.397772,-70.571224
-7834307.22421465,-2704672.5684535,4132,2023,1561956,2023/09/23 00:00:00+00,Septiembre,23,Sábado,1899/12/30 00:00:00+00,19:50:00,19,REGION ANTOFAGASTA,ANTOFAGASTA,COLISION PERPENDICULAR,COLISION,URBANA,CRUCE CON SEÑAL PARE,IMPRUDENCIA DEL CONDUCTOR,CONDUCCION NO ATENTO CONDICIONES TRANSITO MOMENTO,JUVENAL MORLA,LOS LEONES,JUVENAL MORLA - LOS LEONES,0, , ,BIDIRECCIONAL,ASFALTO,BUENO,SECO,DESPEJADO,0,0,0,1,02,021,02101,Antofagasta,Antofagasta,Antofagasta,Interseccion,"JUVENAL MORLA & LOS LEONES, Antofagasta",-23.599432,-70.376779
-7865203.92662042,-3963921.42879601,4133,2023,1560769,2023/09/23 00:00:00+00,Septiembre,23,Sábado,1899/12/30 00:00:00+00,21:00:00,21,REGION METROPOLITANA,LO ESPEJO,CHOQUE LADO/FRENTE,CHOQUE,URBANA,CRUCE CON SEMAFORO FUNCIONANDO,IMPRUDENCIA DEL CONDUCTOR,CONDUCCION NO ATENTO CONDICIONES TRANSITO MOMENTO,LO OVALLE,LO OVALLE,LO OVALLE - LO OVALLE,0, , ,BIDIRECCIONAL,ASFALTO,REGULAR,SECO,DESPEJADO,1,0,0,0,13,131,13116,Metropolitana de Santiago,Santiago,Lo Espejo,Interseccion,"LO OVALLE & LO OVALLE, Lo Espejo",-33.515439,-70.654329
-7962063.6834432,-3898905.17268098,4134,2023,1567886,2023/09/23 00:00:00+00,Septiembre,23,Sábado,1899/12/30 00:00:00+00,21:30:00,21,REGION VALPARAISO,VIÑA DEL MAR,COLISION,COLISION,URBANA,TRAMO DE VIA RECTA,IMPRUDENCIA DEL CONDUCTOR,CONDUCCION NO ATENTO CONDICIONES TRANSITO MOMENTO,LUSITANIA,CALLE TRES,CALLE TRES - LUSITANIA,0, , ,BIDIRECCIONAL,CONCRETO,BUENO,SECO,DESPEJADO,0,0,0,0,05,051,05109,Valparaíso,Valparaíso,Viña del Mar,Interseccion,"CALLE TRES & LUSITANIA, Viña del Mar",-33.027127,-71.524435
-7861474.61235936,-3956175.66773511,4135,2023,1561372,2023/09/23 00:00:00+00,Septiembre,23,Sábado,1899/12/30 00:00:00+00,21:40:00,21,REGION METROPOLITANA,ÑUÑOA,COLISION POR ALCANCE,COLISION,URBANA,CRUCE CON SEÑAL PARE,DESOBEDIENCIA A SEÑALIZACION,SEÑALIZACION DESOBEDECER SEÑAL PARE,SALVADOR,CRESCENTE ERRAZURIZ,CRESCENTE ERRAZURIZ - SALVADOR,0, , ,BIDIRECCIONAL,CONCRETO,BUENO,SECO,DESPEJADO,0,0,0,0,13,131,13120,Metropolitana de Santiago,Santiago,Ñuñoa,Interseccion,"CRESCENTE ERRAZURIZ & SALVADOR, Ñuñoa",-33.457407,-70.620828
-8123560.76870341,-5083242.4625063,4136,2023,1560749,2023/09/23 00:00:00+00,Septiembre,23,Sábado,1899/12/30 00:00:00+00,23:00:00,23,REGION LOS LAGOS,PUERTO MONTT,COLISION POR ALCANCE,COLISION,URBANA,CRUCE SIN SEÑALIZACION,IMPRUDENCIA DEL CONDUCTOR,CONDUCCION NO ATENTO CONDICIONES TRANSITO MOMENTO,VOLCAN CASABLANCA,PRESIDENTE IBAÑEZ,PRESIDENTE IBAÑEZ - VOLCAN CASABLANCA,0, , ,BIDIRECCIONAL,ASFALTO,REGULAR,SECO,DESPEJADO,0,1,0,0,10,101,10101,Los Lagos,Llanquihue,Puerto Montt,Interseccion,"PRESIDENTE IBAÑEZ & VOLCAN CASABLANCA, Puerto Montt",-41.47893,-72.975188
-8040565.96574503,-4762674.78037182,4137,2023,1561431,2023/09/23 00:00:00+00,Septiembre,23,Sábado,1899/12/30 00:00:00+00,23:40:00,23,REGION ARAUCANIA,VILLARRICA,COLISION FRONTAL,COLISION,URBANA,CRUCE CON SEÑAL PARE,IMPRUDENCIA DEL CONDUCTOR,CONDUCCION NO ATENTO CONDICIONES TRANSITO MOMENTO,SATURNINO EPULEF,PEDRO MONTT,PEDRO MONTT - SATURNINO EPULEF,0, , ,BIDIRECCIONAL,ASFALTO,BUENO,SECO,DESPEJADO,0,0,0,0,09,091,09120,La Araucanía,Cautín,Villarrica,Interseccion,"PEDRO MONTT & SATURNINO EPULEF, Villarrica",-39.285673,-72.229633
-7901922.77197807,-4108238.60826203,4138,2023,1563935,2023/09/24 00:00:00+00,Septiembre,24,Domingo,1899/12/30 00:00:00+00,09:10:00,9,REGION LIB.B.O'HIGGINS,SAN FERNANDO,COLISION LATERAL,COLISION,URBANA,CRUCE CON SEÑAL PARE,DESOBEDIENCIA A SEÑALIZACION,SEÑALIZACION DESOBEDECER SEÑAL PARE,RANCAGUA,QUECHEREGUAS,QUECHEREGUAS - RANCAGUA,0, , ,UNIDIRECCIONAL,ASFALTO,BUENO,SECO,DESPEJADO,0,1,0,0,06,063,06301,Libertador General Bernardo O'Higgins,Colchagua,San Fernando,Interseccion,"QUECHEREGUAS & RANCAGUA, San Fernando",-34.589528,-70.98418
-7871065.12040514,-4026896.94918941,4139,2023,1584984,2023/09/24 00:00:00+00,Septiembre,24,Domingo,1899/12/30 00:00:00+00,11:10:00,11,REGION LIB.B.O'HIGGINS,MOSTAZAL,COLISION FRONTAL,COLISION,URBANA,TRAMO DE VIA RECTA,IMPRUDENCIA DEL CONDUCTOR,CONDUCCION SIN MANTENER DISTANCIA RAZONABLE NI PRUDENTE,CARLOS CONDELL,JOSE MIGUEL CARRERA,CARLOS CONDELL - JOSE MIGUEL CARRERA,0, , ,BIDIRECCIONAL,ASFALTO,BUENO,SECO,DESPEJADO,0,0,0,1,06,061,06110,Libertador General Bernardo O'Higgins,Cachapoal,Mostazal,Interseccion,"CARLOS CONDELL & JOSE MIGUEL CARRERA, Mostazal",-33.985811,-70.706981
-7864394.74524185,-3953595.29999662,4140,2023,1561750,2023/09/24 00:00:00+00,Septiembre,24,Domingo,1899/12/30 00:00:00+00,11:50:00,11,REGION METROPOLITANA,SANTIAGO,ATROPELLO,ATROPELLO,URBANA,TRAMO DE VIA RECTA,IMPRUDENCIA DEL PEATON,PEATON CRUZA CALZADA FUERA PASO PEATONES,MAC IVER,MERCED,MAC IVER - MERCED,0, , ,UNIDIRECCIONAL,ASFALTO,BUENO,SECO,DESPEJADO,0,1,0,1,13,131,13101,Metropolitana de Santiago,Santiago,Santiago,Interseccion,"MAC IVER & MERCED, Santiago",-33.438066,-70.64706
-7869970.73853568,-3953023.5637796,4141,2023,1560589,2023/09/24 00:00:00+00,Septiembre,24,Domingo,1899/12/30 00:00:00+00,17:30:00,17,REGION METROPOLITANA,QUINTA NORMAL,COLISION LATERAL,COLISION,URBANA,CRUCE CON SEÑAL PARE,IMPRUDENCIA DEL CONDUCTOR,CONDUCCION NO ATENTO CONDICIONES TRANSITO MOMENTO,ANDES,ANTONIO EBNER,ANDES - ANTONIO EBNER,0, , ,UNIDIRECCIONAL,ASFALTO,REGULAR,SECO,DESPEJADO,0,0,0,1,13,131,13126,Metropolitana de Santiago,Santiago,Quinta Normal,Interseccion,"ANDES & ANTONIO EBNER, Quinta Normal",-33.43378,-70.69715
-7865975.48201111,-3972239.56889981,4142,2023,1561100,2023/09/24 00:00:00+00,Septiembre,24,Domingo,1899/12/30 00:00:00+00,18:40:00,18,REGION METROPOLITANA,EL BOSQUE,COLISION LATERAL,COLISION,URBANA,CRUCE CON SEÑAL CEDA EL PASO,IMPRUDENCIA DEL CONDUCTOR,NO RESPETAR DERECHO PREFERENTE DE PASO A VEHICULO,SAN FRANCISCO,NVA IMPERIAL,NVA IMPERIAL - SAN FRANCISCO,0, , ,BIDIRECCIONAL CON BANDEJON,ASFALTO,BUENO,SECO,DESPEJADO,0,0,0,0,13,131,13105,Metropolitana de Santiago,Santiago,El Bosque,Interseccion,"NVA IMPERIAL & SAN FRANCISCO, El Bosque",-33.577716,-70.66126
-7923265.27877822,-4172781.54672694,4143,2023,1561283,2023/09/24 00:00:00+00,Septiembre,24,Domingo,1899/12/30 00:00:00+00,21:30:00,21,REGION MAULE,CURICO,COLISION FRONTAL,COLISION,URBANA,CRUCE SIN SEÑALIZACION,IMPRUDENCIA DEL CONDUCTOR,CONDUCCION NO ATENTO CONDICIONES TRANSITO MOMENTO,ARAUCARIA,EL QUILLAY,ARAUCARIA - EL QUILLAY,0, , ,BIDIRECCIONAL,ASFALTO,BUENO,SECO,DESPEJADO,0,0,0,1,07,073,07301,Maule,Curicó,Curicó,Interseccion,"ARAUCARIA & EL QUILLAY, Curicó",-35.065468,-71.175903
-7861818.68977345,-3958097.18209876,4144,2023,1561994,2023/09/24 00:00:00+00,Septiembre,24,Domingo,1899/12/30 00:00:00+00,23:20:00,23,REGION METROPOLITANA,SAN JOAQUIN,VOLCADURA,VOLCADURA,URBANA,TRAMO DE VIA RECTA,ALCOHOL EN CONDUCTOR,CONDUCCION BAJO LA INFLUENCIA DEL ALCOHOL,VICUÑA MACKENNA,CELIA SOLAR,CELIA SOLAR - VICUÑA MACKENNA,0, , ,BIDIRECCIONAL CON BANDEJON,ASFALTO,BUENO,SECO,DESPEJADO,0,1,0,1,13,131,13129,Metropolitana de Santiago,Santiago,San Joaquín,Interseccion,"CELIA SOLAR & VICUÑA MACKENNA, San Joaquín",-33.471807,-70.623919
-7866919.47129304,-3969559.29693674,4145,2023,1561104,2023/09/25 00:00:00+00,Septiembre,25,Lunes,1899/12/30 00:00:00+00,06:55:00,6,REGION METROPOLITANA,EL BOSQUE,COLISION LATERAL,COLISION,URBANA,CRUCE CON SEÑAL PARE,DESOBEDIENCIA A SEÑALIZACION,SEÑALIZACION DESOBEDECER SEÑAL PARE,JORGE LUCO,LOS MORROS,JORGE LUCO - LOS MORROS,0, , ,BIDIRECCIONAL,CONCRETO,BUENO,SECO,DESPEJADO,0,0,0,1,13,131,13105,Metropolitana de Santiago,Santiago,El Bosque,Interseccion,"JORGE LUCO & LOS MORROS, El Bosque",-33.557654,-70.66974
-7872960.55741941,-4053151.11719479,4146,2023,1560720,2023/09/25 00:00:00+00,Septiembre,25,Lunes,1899/12/30 00:00:00+00,10:45:00,10,REGION LIB.B.O'HIGGINS,RANCAGUA,COLISION PERPENDICULAR,COLISION,URBANA,TRAMO DE VIA RECTA,IMPRUDENCIA DEL CONDUCTOR,VIRAJES INDEBIDOS,EINSTEIN,PASAJE INTERIOR,EINSTEIN - PASAJE INTERIOR,0, , ,BIDIRECCIONAL,CONCRETO,BUENO,SECO,DESPEJADO,1,1,0,0,06,061,06101,Libertador General Bernardo O'Higgins,Cachapoal,Rancagua,Interseccion,"EINSTEIN & PASAJE INTERIOR, Rancagua",-34.181143,-70.724008
-7870067.58649267,-3952468.79587669,4147,2023,1562229,2023/09/25 00:00:00+00,Septiembre,25,Lunes,1899/12/30 00:00:00+00,11:20:00,11,REGION METROPOLITANA,QUINTA NORMAL,CHOQUE POSTERIOR/LADO,CHOQUE,URBANA,TRAMO DE VIA RECTA,IMPRUDENCIA DEL CONDUCTOR,CONDUCCION NO ATENTO CONDICIONES TRANSITO MOMENTO,MAPOCHO,STA FE,MAPOCHO - STA FE,0, , ,BIDIRECCIONAL,ASFALTO,REGULAR,SECO,DESPEJADO,0,0,0,0,13,131,13126,Metropolitana de Santiago,Santiago,Quinta Normal,Interseccion,"MAPOCHO & STA FE, Quinta Normal",-33.429621,-70.69802