X,Y,FID,Año,IdAccident,Fecha,Mes,Dia_mes,Dia_semana,Hora,Hora_texto,Hora_aprox,Región,Comuna,Tipo_Accid,Tipo__CONA,Zona,Ubicación,Causa__CON,Causa_Acci,Calle_Uno,Calle_Dos,Intersecci,Número,Ruta,Ubicaci_1,Calzada,Tipo_Calza,Estado_Cal,Condición,Estado_Atm,Fallecidos,Graves,Menos_Grav,Leves,CUT_REG,CUT_PROV,CUT_COM,REGION,PROVINCIA,COMUNA1,Tipo_direc,Direccion,Lat,Lon
-7673670.87243373,-2566385.73471181,4148,2023,1560855,2023/09/25 00:00:00+00,Septiembre,25,Lunes,1899/12/30 00:00:00+00,13:00:00,13,REGION ANTOFAGASTA,CALAMA,COLISION,COLISION,URBANA,CRUCE CON SEMAFORO FUNCIONANDO,DESOBEDIENCIA A SEÑALIZACION,SEÑALIZACION DESOBEDECER LUZ ROJA DE SEMAFORO,GRECIA,HURTADO DE MENDOZA,GRECIA - HURTADO DE MENDOZA,0, , ,BIDIRECCIONAL CON BANDEJON,ASFALTO,BUENO,SECO,DESPEJADO,0,1,0,1,02,022,02201,Antofagasta,El Loa,Calama,Interseccion,"GRECIA & HURTADO DE MENDOZA, Calama",-22.456195,-68.933758
-8139847.5894429,-4952093.433566,4149,2023,1564792,2023/09/25 00:00:00+00,Septiembre,25,Lunes,1899/12/30 00:00:00+00,14:30:00,14,REGION LOS LAGOS,OSORNO,COLISION,COLISION,URBANA,TRAMO DE VIA RECTA,IMPRUDENCIA DEL CONDUCTOR,CONDUCCION NO ATENTO CONDICIONES TRANSITO MOMENTO,SANTIAGO ROSAS,18 DE SEPTIEMBRE,18 DE SEPTIEMBRE - SANTIAGO ROSAS,0, , ,UNIDIRECCIONAL,CONCRETO,BUENO,SECO,DESPEJADO,0,1,1,0,10,103,10301,Los Lagos,Osorno,Osorno,Interseccion,"18 DE SEPTIEMBRE & SANTIAGO ROSAS, Osorno",-40.590272,-73.121495
-8153690.39076202,-4839131.84597966,4150,2023,1561054,2023/09/25 00:00:00+00,Septiembre,25,Lunes,1899/12/30 00:00:00+00,15:25:00,15,REGION DE LOS RIOS,VALDIVIA,COLISION POR ALCANCE,COLISION,URBANA,CRUCE CON SEMAFORO FUNCIONANDO,IMPRUDENCIA DEL CONDUCTOR,CONDUCCION NO ATENTO CONDICIONES TRANSITO MOMENTO,CAMILO HENRIQUEZ,ARAUCO,ARAUCO - CAMILO HENRIQUEZ,0, , ,UNIDIRECCIONAL,CONCRETO,BUENO,SECO,DESPEJADO,0,0,0,1,14,141,14101,Los Ríos,Valdivia,Valdivia,Interseccion,"ARAUCO & CAMILO HENRIQUEZ, Valdivia",-39.815255,-73.245847
-7865863.38328388,-4053369.90560028,4151,2023,1561916,2023/09/25 00:00:00+00,Septiembre,25,Lunes,1899/12/30 00:00:00+00,17:40:00,17,REGION LIB.B.O'HIGGINS,MACHALI,COLISION POR ALCANCE,COLISION,URBANA,TRAMO DE VIA RECTA,IMPRUDENCIA DEL CONDUCTOR,CONDUCCION NO ATENTO CONDICIONES TRANSITO MOMENTO,SAN JUAN,LAS ROSAS,LAS ROSAS - SAN JUAN,0, , ,BIDIRECCIONAL CON BANDEJON,CONCRETO,BUENO,SECO,DESPEJADO,0,0,1,1,06,061,06108,Libertador General Bernardo O'Higgins,Cachapoal,Machalí,Interseccion,"LAS ROSAS & SAN JUAN, Machalí",-34.182769,-70.660253
-7858268.94498298,-3960701.53994177,4152,2023,1561709,2023/09/25 00:00:00+00,Septiembre,25,Lunes,1899/12/30 00:00:00+00,18:30:00,18,REGION METROPOLITANA,MACUL,COLISION LATERAL,COLISION,URBANA,TRAMO DE VIA RECTA,IMPRUDENCIA DEL CONDUCTOR,CONDUCCION NO ATENTO CONDICIONES TRANSITO MOMENTO,ARTURO GONZALVEZ,VICTOR DOMINGO SILVA,ARTURO GONZALVEZ - VICTOR DOMINGO SILVA,0, , ,BIDIRECCIONAL,ASFALTO,BUENO,SECO,DESPEJADO,0,0,1,1,13,131,13118,Metropolitana de Santiago,Santiago,Macul,Interseccion,"ARTURO GONZALVEZ & VICTOR DOMINGO SILVA, Macul",-33.49132,-70.592031
-7856373.95329121,-3957337.09438768,4153,2023,1561882,2023/09/25 00:00:00+00,Septiembre,25,Lunes,1899/12/30 00:00:00+00,18:30:00,18,REGION METROPOLITANA,PEÑALOLEN,COLISION LATERAL,COLISION,URBANA,TRAMO DE VIA RECTA,IMPRUDENCIA DEL CONDUCTOR,CONDUCCION NO ATENTO CONDICIONES TRANSITO MOMENTO,AMERICO VESPUCIO,NVA 1,AMERICO VESPUCIO - NVA 1,0, , ,UNIDIRECCIONAL,CONCRETO,BUENO,SECO,DESPEJADO,0,0,0,0,13,131,13122,Metropolitana de Santiago,Santiago,Peñalolén,Interseccion,"AMERICO VESPUCIO & NVA 1, Peñalolén",-33.466111,-70.575008
-7876651.18694404,-3959075.65907667,4154,2023,1561529,2023/09/25 00:00:00+00,Septiembre,25,Lunes,1899/12/30 00:00:00+00,18:50:00,18,REGION METROPOLITANA,MAIPU,VOLCADURA,VOLCADURA,URBANA,TRAMO DE VIA RECTA,IMPRUDENCIA DEL CONDUCTOR,CONDUCCION NO ATENTO CONDICIONES TRANSITO MOMENTO,EL ROSAL,FLOR DEL NOTRO,EL ROSAL - FLOR DEL NOTRO,0, , ,BIDIRECCIONAL,ASFALTO,BUENO,SECO,DESPEJADO,0,0,0,1,13,131,13119,Metropolitana de Santiago,Santiago,Maipú,Interseccion,"EL ROSAL & FLOR DEL NOTRO, Maipú",-33.479139,-70.757161
-7853945.51859955,-3951227.16717251,4155,2023,1561384,2023/09/25 00:00:00+00,Septiembre,25,Lunes,1899/12/30 00:00:00+00,19:20:00,19,REGION METROPOLITANA,LAS CONDES,COLISION LATERAL,COLISION,URBANA,CRUCE CON SEMAFORO FUNCIONANDO,IMPRUDENCIA DEL CONDUCTOR,CONDUCCION NO ATENTO CONDICIONES TRANSITO MOMENTO,MARTIN ALONSO PINZON,TOMAS MORO,MARTIN ALONSO PINZON - TOMAS MORO,0, , ,BIDIRECCIONAL,ASFALTO,BUENO,SECO,DESPEJADO,0,0,0,0,13,131,13114,Metropolitana de Santiago,Santiago,Las Condes,Interseccion,"MARTIN ALONSO PINZON & TOMAS MORO, Las Condes",-33.420312,-70.553193
-7878425.89913939,-3966234.47135475,4156,2023,1563232,2023/09/25 00:00:00+00,Septiembre,25,Lunes,1899/12/30 00:00:00+00,20:30:00,20,REGION METROPOLITANA,MAIPU,CHOQUE FRENTE/POSTERIOR,CHOQUE,URBANA,TRAMO DE VIA RECTA,IMPRUDENCIA DEL CONDUCTOR,CONDUCCION NO ATENTO CONDICIONES TRANSITO MOMENTO,3 PONIENTE,MIGUEL RUBIO,3 PONIENTE - MIGUEL RUBIO,0, , ,UNIDIRECCIONAL,ASFALTO,BUENO,SECO,DESPEJADO,0,0,1,0,13,131,13119,Metropolitana de Santiago,Santiago,Maipú,Interseccion,"3 PONIENTE & MIGUEL RUBIO, Maipú",-33.532761,-70.773104
-7947265.71639867,-3901411.32690514,4157,2023,1563484,2023/09/25 00:00:00+00,Septiembre,25,Lunes,1899/12/30 00:00:00+00,20:45:00,20,REGION VALPARAISO,VILLA ALEMANA,COLISION,COLISION,URBANA,TRAMO DE VIA RECTA,IMPRUDENCIA DEL CONDUCTOR,CONDUCCION SIN MANTENER DISTANCIA RAZONABLE NI PRUDENTE,VALPARAISO,QUITO,QUITO - VALPARAISO,0, , ,BIDIRECCIONAL,ASFALTO,BUENO,SECO,DESPEJADO,0,0,1,0,05,058,05804,Valparaíso,Marga Marga,Villa Alemana,Interseccion,"QUITO & VALPARAISO, Villa Alemana",-33.046,-71.391503
-7870900.47892279,-3956171.66485776,4158,2023,1561207,2023/09/25 00:00:00+00,Septiembre,25,Lunes,1899/12/30 00:00:00+00,21:45:00,21,REGION METROPOLITANA,ESTACION CENTRAL,VOLCADURA,VOLCADURA,URBANA,CRUCE CON SEMAFORO FUNCIONANDO,IMPRUDENCIA DEL CONDUCTOR,CONDUCCION NO ATENTO CONDICIONES TRANSITO MOMENTO,LIBER BERNARDO O'HIGGINS,LAS REJAS NORTE,LAS REJAS NORTE - LIBER BERNARDO O'HIGGINS,0, , ,BIDIRECCIONAL CON BANDEJON,ASFALTO,BUENO,SECO,DESPEJADO,0,0,0,1,13,131,13106,Metropolitana de Santiago,Santiago,Estación Central,Interseccion,"LAS REJAS NORTE & LIBER BERNARDO O'HIGGINS, Estación Central",-33.457377,-70.705502
-7879303.3193213,-3950696.89134605,4159,2023,1560856,2023/09/25 00:00:00+00,Septiembre,25,Lunes,1899/12/30 00:00:00+00,22:45:00,22,REGION METROPOLITANA,CERRO NAVIA,COLISION,COLISION,URBANA,TRAMO DE VIA RECTA,IMPRUDENCIA DEL CONDUCTOR,CONDUCCION SIN MANTENER DISTANCIA RAZONABLE NI PRUDENTE,COST SUR,AMERICO VESPUCIO,AMERICO VESPUCIO - COST SUR,0, , ,BIDIRECCIONAL,ASFALTO,BUENO,SECO,DESPEJADO,1,0,0,0,13,131,13103,Metropolitana de Santiago,Santiago,Cerro Navia,Interseccion,"AMERICO VESPUCIO & COST SUR, Cerro Navia",-33.416336,-70.780986
-7852158.79624452,-3945889.1465493,4160,2023,1563839,2023/09/25 00:00:00+00,Septiembre,25,Lunes,1899/12/30 00:00:00+00,23:40:00,23,REGION METROPOLITANA,VITACURA,CHOQUE FRONTAL,CHOQUE,URBANA,TRAMO DE VIA RECTA,ALCOHOL EN CONDUCTOR,CONDUCCION EN ESTADO DE EBRIEDAD,TABANCURA,LAS CONDES,LAS CONDES - TABANCURA,0, , ,BIDIRECCIONAL CON BANDEJON,ASFALTO,BUENO,SECO,DESPEJADO,0,1,0,0,13,131,13132,Metropolitana de Santiago,Santiago,Vitacura,Interseccion,"LAS CONDES & TABANCURA, Vitacura",-33.380279,-70.537143
-8138836.8084665,-4400576.56950228,4161,2023,1562941,2023/09/26 00:00:00+00,Septiembre,26,Martes,1899/12/30 00:00:00+00,08:45:00,8,REGION BIO BIO,TALCAHUANO,COLISION LATERAL,COLISION,URBANA,CRUCE CON SEÑAL CEDA EL PASO,DESOBEDIENCIA A SEÑALIZACION,SEÑALIZACION DESOBEDECER SEÑAL CEDA EL PASO,THOMPSON,DAVID FUENTES,DAVID FUENTES - THOMPSON,0, , ,BIDIRECCIONAL,CONCRETO,BUENO,SECO,DESPEJADO,0,1,0,1,08,081,08110,Biobío,Concepción,Talcahuano,Interseccion,"DAVID FUENTES & THOMPSON, Talcahuano",-36.723072,-73.112415
-7858386.0530873,-3957645.21760706,4162,2023,1561650,2023/09/26 00:00:00+00,Septiembre,26,Martes,1899/12/30 00:00:00+00,16:40:00,16,REGION METROPOLITANA,ÑUÑOA,COLISION,COLISION,URBANA,TRAMO DE VIA RECTA,IMPRUDENCIA DEL CONDUCTOR,CONDUCCION NO ATENTO CONDICIONES TRANSITO MOMENTO,QUILLAGUA,CAP IGNACIO CARRERA PINTO,CAP IGNACIO CARRERA PINTO - QUILLAGUA,0, , ,BIDIRECCIONAL,CONCRETO,BUENO,SECO,DESPEJADO,0,1,0,0,13,131,13120,Metropolitana de Santiago,Santiago,Ñuñoa,Interseccion,"CAP IGNACIO CARRERA PINTO & QUILLAGUA, Ñuñoa",-33.46842,-70.593083
-7866546.82073714,-3969280.79558848,4163,2023,1561562,2023/09/26 00:00:00+00,Septiembre,26,Martes,1899/12/30 00:00:00+00,17:35:00,17,REGION METROPOLITANA,EL BOSQUE,CHOQUE FRENTE/POSTERIOR,CHOQUE,URBANA,CRUCE CON SEÑAL PARE,IMPRUDENCIA DEL CONDUCTOR,CONDUCCION SIN MANTENER DISTANCIA RAZONABLE NI PRUDENTE,BAQUEDANO,ALEJANDRO GUZMAN,ALEJANDRO GUZMAN - BAQUEDANO,0, , ,BIDIRECCIONAL,CONCRETO,BUENO,SECO,DESPEJADO,0,0,0,0,13,131,13105,Metropolitana de Santiago,Santiago,El Bosque,Interseccion,"ALEJANDRO GUZMAN & BAQUEDANO, El Bosque",-33.555569,-70.666392
-8057054.16346563,-4504415.90097504,4164,2023,1563346,2023/09/26 00:00:00+00,Septiembre,26,Martes,1899/12/30 00:00:00+00,18:15:00,18,REGION BIO BIO,LOS ANGELES,COLISION,COLISION,URBANA,TRAMO DE VIA RECTA,IMPRUDENCIA DEL CONDUCTOR,CONDUCCION NO ATENTO CONDICIONES TRANSITO MOMENTO,GALVARINO,LOS PEDERNALES,GALVARINO - LOS PEDERNALES,0, , ,BIDIRECCIONAL,CONCRETO,BUENO,SECO,DESPEJADO,0,0,0,0,08,083,08301,Biobío,Biobío,Los Angeles,Interseccion,"GALVARINO & LOS PEDERNALES, Los Angeles",-37.467099,-72.377749
-8083868.1344687,-4681865.40560123,4165,2023,1561739,2023/09/26 00:00:00+00,Septiembre,26,Martes,1899/12/30 00:00:00+00,20:00:00,20,REGION ARAUCANIA,TEMUCO,COLISION POR ALCANCE,COLISION,URBANA,TRAMO DE VIA RECTA,IMPRUDENCIA DEL CONDUCTOR,ADELANTAMIENTO SIN EL ESPACIO O TIEMPO SUFICIENTE,PEDRO DE VALDIVIA,LAS INDUSTRIAS,LAS INDUSTRIAS - PEDRO DE VALDIVIA,0, , ,BIDIRECCIONAL,CONCRETO,BUENO,SECO,DESPEJADO,0,0,0,1,09,091,09101,La Araucanía,Cautín,Temuco,Interseccion,"LAS INDUSTRIAS & PEDRO DE VALDIVIA, Temuco",-38.721559,-72.618623
-7935381.06940586,-4180382.60766259,4166,2023,1561421,2023/09/26 00:00:00+00,Septiembre,26,Martes,1899/12/30 00:00:00+00,20:15:00,20,REGION MAULE,MOLINA,COLISION PERPENDICULAR,COLISION,URBANA,TRAMO DE VIA RECTA,IMPRUDENCIA DEL CONDUCTOR,NO RESPETAR DERECHO PREFERENTE DE PASO A VEHICULO,QUECHEREGUAS,CASTILLO,CASTILLO - QUECHEREGUAS,0, , ,BIDIRECCIONAL,ASFALTO,BUENO,SECO,DESPEJADO,0,1,0,0,07,073,07304,Maule,Curicó,Molina,Interseccion,"CASTILLO & QUECHEREGUAS, Molina",-35.121337,-71.284741
-7872451.56688114,-3992733.6417935,4167,2023,1566360,2023/09/26 00:00:00+00,Septiembre,26,Martes,1899/12/30 00:00:00+00,20:30:00,20,REGION METROPOLITANA,BUIN,COLISION POR ALCANCE,COLISION,URBANA,CRUCE CON SEMAFORO FUNCIONANDO,IMPRUDENCIA DEL CONDUCTOR,CONDUCCION SIN MANTENER DISTANCIA RAZONABLE NI PRUDENTE,CAMINO EL ARPA,VICTOR TRONCOSO MUÑOZ,CAMINO EL ARPA - VICTOR TRONCOSO MUÑOZ,0, , ,BIDIRECCIONAL,ASFALTO,BUENO,SECO,DESPEJADO,0,0,0,1,13,134,13402,Metropolitana de Santiago,Maipo,Buin,Interseccion,"CAMINO EL ARPA & VICTOR TRONCOSO MUÑOZ, Buin",-33.730961,-70.719436
-7869822.01569598,-3971881.35274582,4168,2023,1561450,2023/09/27 00:00:00+00,Septiembre,27,Miércoles,1899/12/30 00:00:00+00,07:20:00,7,REGION METROPOLITANA,EL BOSQUE,COLISION POR ALCANCE,COLISION,URBANA,CRUCE CON SEMAFORO FUNCIONANDO,IMPRUDENCIA DEL CONDUCTOR,CONDUCCION SIN MANTENER DISTANCIA RAZONABLE NI PRUDENTE,LO BLANCO,LO BLANCO,LO BLANCO - LO BLANCO,0, , ,BIDIRECCIONAL CON BANDEJON,ASFALTO,REGULAR,SECO,DESPEJADO,0,0,0,0,13,131,13105,Metropolitana de Santiago,Santiago,El Bosque,Interseccion,"LO BLANCO & LO BLANCO, El Bosque",-33.575035,-70.695814
-7857580.42283387,-3870356.94284395,4169,2023,1561481,2023/09/27 00:00:00+00,Septiembre,27,Miércoles,1899/12/30 00:00:00+00,07:20:00,7,REGION VALPARAISO,SAN ESTEBAN,VOLCADURA,VOLCADURA,URBANA,ROTONDA,DESOBEDIENCIA A SEÑALIZACION,SEÑALIZACION DESOBEDECER SEÑAL PARE,TOCORNAL,ALESSANDRI,ALESSANDRI - TOCORNAL,0, , ,BIDIRECCIONAL,ASFALTO,BUENO,SECO,DESPEJADO,0,1,0,0,05,053,05304,Valparaíso,Los Andes,San Esteban,Interseccion,"ALESSANDRI & TOCORNAL, San Esteban",-32.811852,-70.585846
-8133645.20137437,-4412194.34144357,4170,2023,1561844,2023/09/27 00:00:00+00,Septiembre,27,Miércoles,1899/12/30 00:00:00+00,09:00:00,9,REGION BIO BIO,CONCEPCION,COLISION,COLISION,URBANA,TRAMO DE VIA RECTA,VELOCIDAD IMPRUDENTE,VELOCIDAD NO RAZONABLE NI PRUDENTE,VALENCIA,ANIBAL PINTO,ANIBAL PINTO - VALENCIA,0, , ,BIDIRECCIONAL,CONCRETO,BUENO,SECO,DESPEJADO,0,0,0,0,08,081,08101,Biobío,Concepción,Concepción,Interseccion,"ANIBAL PINTO & VALENCIA, Concepción",-36.806678,-73.065778
-7861573.35274769,-3951663.96948102,4171,2023,1561944,2023/09/27 00:00:00+00,Septiembre,27,Miércoles,1899/12/30 00:00:00+00,09:15:00,9,REGION METROPOLITANA,PROVIDENCIA,COLISION LATERAL,COLISION,URBANA,TRAMO DE VIA RECTA,IMPRUDENCIA DEL CONDUCTOR,CONDUCCION CAMBIAR SORPRESIVAMENTE PISTA CIRCULACION,COST NORTE,STA MARIA,COST NORTE - STA MARIA,0, , ,UNIDIRECCIONAL,ASFALTO,BUENO,SECO,DESPEJADO,0,0,0,0,13,131,13123,Metropolitana de Santiago,Santiago,Providencia,Interseccion,"COST NORTE & STA MARIA, Providencia",-33.423587,-70.621715
-7960984.45205625,-3895168.7621272,4172,2023,1563597,2023/09/27 00:00:00+00,Septiembre,27,Miércoles,1899/12/30 00:00:00+00,11:10:00,11,REGION VALPARAISO,VIÑA DEL MAR,COLISION,COLISION,URBANA,TRAMO DE VIA RECTA,IMPRUDENCIA DEL CONDUCTOR,CONDUCCION NO ATENTO CONDICIONES TRANSITO MOMENTO,ALESSANDRI,INDICO,ALESSANDRI - INDICO,0, , ,BIDIRECCIONAL,CONCRETO,BUENO,SECO,DESPEJADO,0,0,0,2,05,051,05109,Valparaíso,Valparaíso,Viña del Mar,Interseccion,"ALESSANDRI & INDICO, Viña del Mar",-32.998981,-71.51474
-7837158.83990603,-2712479.94636025,4173,2023,1563105,2023/09/27 00:00:00+00,Septiembre,27,Miércoles,1899/12/30 00:00:00+00,14:40:00,14,REGION ANTOFAGASTA,ANTOFAGASTA,COLISION,COLISION,URBANA,CRUCE CON SEMAFORO FUNCIONANDO,FALLAS MECANICAS,FALLAS MECANICAS FRENOS,ANGAMOS,AVELINO CONTARDO,ANGAMOS - AVELINO CONTARDO,0, , ,BIDIRECCIONAL,ASFALTO,BUENO,SECO,DESPEJADO,0,0,0,1,02,021,02101,Antofagasta,Antofagasta,Antofagasta,Interseccion,"ANGAMOS & AVELINO CONTARDO, Antofagasta",-23.663686,-70.402396
-7833181.5058306,-3891728.09085848,4174,2023,1561473,2023/09/27 00:00:00+00,Septiembre,27,Miércoles,1899/12/30 00:00:00+00,16:20:00,16,REGION VALPARAISO,LOS ANDES,COLISION POR ALCANCE,COLISION,URBANA,TRAMO DE VIA RECTA,IMPRUDENCIA DEL CONDUCTOR,ADELANTAMIENTO SIN EL ESPACIO O TIEMPO SUFICIENTE,PORTEZUELO AMARILLO,GENERAL DEL CANTO,GENERAL DEL CANTO - PORTEZUELO AMARILLO,0, , ,BIDIRECCIONAL,ASFALTO,BUENO,SECO,DESPEJADO,0,1,0,0,05,053,05301,Valparaíso,Los Andes,Los Andes,Interseccion,"GENERAL DEL CANTO & PORTEZUELO AMARILLO, Los Andes",-32.973056,-70.366667
-7672635.90173198,-2567234.3734439,4175,2023,1561499,2023/09/27 00:00:00+00,Septiembre,27,Miércoles,1899/12/30 00:00:00+00,16:40:00,16,REGION ANTOFAGASTA,CALAMA,COLISION LATERAL,COLISION,URBANA,CRUCE CON SEMAFORO FUNCIONANDO,DESOBEDIENCIA A SEÑALIZACION,SEÑALIZACION DESOBEDECER LUZ ROJA DE SEMAFORO,VIVAR,VICUÑA MACKENNA,VICUÑA MACKENNA - VIVAR,0, , ,UNIDIRECCIONAL,ASFALTO,BUENO,SECO,DESPEJADO,0,0,0,0,02,022,02201,Antofagasta,El Loa,Calama,Interseccion,"VICUÑA MACKENNA & VIVAR, Calama",-22.46324,-68.924461
-7875142.53075845,-4051721.60781607,4176,2023,1561710,2023/09/27 00:00:00+00,Septiembre,27,Miércoles,1899/12/30 00:00:00+00,16:40:00,16,REGION LIB.B.O'HIGGINS,RANCAGUA,COLISION LATERAL,COLISION,URBANA,CRUCE CON SEMAFORO FUNCIONANDO,IMPRUDENCIA DEL CONDUCTOR,CONDUCCION CAMBIAR SORPRESIVAMENTE PISTA CIRCULACION,ALAMEDA,ASTORGA,ALAMEDA - ASTORGA,0, , ,BIDIRECCIONAL CON BANDEJON,CONCRETO,BUENO,SECO,DESPEJADO,0,0,0,1,06,061,06101,Libertador General Bernardo O'Higgins,Cachapoal,Rancagua,Interseccion,"ALAMEDA & ASTORGA, Rancagua",-34.170519,-70.743609
-7875826.58902937,-3960089.14303917,4177,2023,1562401,2023/09/27 00:00:00+00,Septiembre,27,Miércoles,1899/12/30 00:00:00+00,17:30:00,17,REGION METROPOLITANA,MAIPU,VOLCADURA,VOLCADURA,URBANA,OTROS NO CONSIDERADOS,IMPRUDENCIA DEL CONDUCTOR,CONDUCCION CAMBIAR SORPRESIVAMENTE PISTA CIRCULACION,LOS PAJARITOS,AMERICO VESPUCIO,AMERICO VESPUCIO - LOS PAJARITOS,0, , ,BIDIRECCIONAL CON BANDEJON,ASFALTO,BUENO,SECO,DESPEJADO,0,0,0,1,13,131,13119,Metropolitana de Santiago,Santiago,Maipú,Interseccion,"AMERICO VESPUCIO & LOS PAJARITOS, Maipú",-33.486732,-70.749754
-7859030.4816195,-3958737.2595901,4178,2023,1561862,2023/09/27 00:00:00+00,Septiembre,27,Miércoles,1899/12/30 00:00:00+00,19:05:00,19,REGION METROPOLITANA,MACUL,COLISION LATERAL,COLISION,URBANA,CRUCE CON SEMAFORO FUNCIONANDO,IMPRUDENCIA DEL CONDUCTOR,CONDUCCION NO ATENTO CONDICIONES TRANSITO MOMENTO,LOS ESPINOS,MACUL,LOS ESPINOS - MACUL,0, , ,BIDIRECCIONAL,ASFALTO,BUENO,SECO,DESPEJADO,0,0,0,0,13,131,13118,Metropolitana de Santiago,Santiago,Macul,Interseccion,"LOS ESPINOS & MACUL, Macul",-33.476603,-70.598872
-8024133.76176169,-4384881.98350674,4179,2023,1561986,2023/09/27 00:00:00+00,Septiembre,27,Miércoles,1899/12/30 00:00:00+00,19:45:00,19,REGION ÑUBLE,CHILLAN,COLISION FRONTAL,COLISION,URBANA,CRUCE SIN SEÑALIZACION,IMPRUDENCIA DEL CONDUCTOR,NO RESPETAR DERECHO PREFERENTE DE PASO A VEHICULO,LAS ROSAS,LOS LINGUES,LAS ROSAS - LOS LINGUES,0, , ,BIDIRECCIONAL,CONCRETO,BUENO,SECO,DESPEJADO,0,0,0,0,16,161,16101,Ñuble,Diguillín,Chillán,Interseccion,"LAS ROSAS & LOS LINGUES, Chillán",-36.609983,-72.08202
-7875575.22961916,-3951210.09553899,4180,2023,1562887,2023/09/27 00:00:00+00,Septiembre,27,Miércoles,1899/12/30 00:00:00+00,20:00:00,20,REGION METROPOLITANA,CERRO NAVIA,CHOQUE POSTERIOR/FRENTE,CHOQUE,URBANA,TRAMO DE VIA RECTA,IMPRUDENCIA DEL CONDUCTOR,CONDUCCION NO ATENTO CONDICIONES TRANSITO MOMENTO,ROLANDO PETERSEN,COST SUR,COST SUR - ROLANDO PETERSEN,0, , ,BIDIRECCIONAL,CONCRETO,REGULAR,SECO,DESPEJADO,0,0,0,0,13,131,13103,Metropolitana de Santiago,Santiago,Cerro Navia,Interseccion,"COST SUR & ROLANDO PETERSEN, Cerro Navia",-33.420184,-70.747496
-7865661.27738275,-3954657.62390934,4181,2023,1571192,2023/09/27 00:00:00+00,Septiembre,27,Miércoles,1899/12/30 00:00:00+00,21:00:00,21,REGION METROPOLITANA,SANTIAGO,COLISION POR ALCANCE,COLISION,URBANA,TRAMO DE VIA RECTA,IMPRUDENCIA DEL CONDUCTOR,CONDUCCION SIN MANTENER DISTANCIA RAZONABLE NI PRUDENTE,DIECIOCHO,LIBER BERNARDO O'HIGGINS,DIECIOCHO - LIBER BERNARDO O'HIGGINS,0, , ,UNIDIRECCIONAL,ASFALTO,REGULAR,SECO,DESPEJADO,0,0,0,1,13,131,13101,Metropolitana de Santiago,Santiago,Santiago,Interseccion,"DIECIOCHO & LIBER BERNARDO O'HIGGINS, Santiago",-33.446029,-70.658437
-7971678.23652126,-3901362.81408518,4182,2023,1561891,2023/09/27 00:00:00+00,Septiembre,27,Miércoles,1899/12/30 00:00:00+00,21:15:00,21,REGION VALPARAISO,VALPARAISO,COLISION LATERAL,COLISION,URBANA,CRUCE CON SEÑAL CEDA EL PASO,DESOBEDIENCIA A SEÑALIZACION,SEÑALIZACION DESOBEDECER SEÑAL CEDA EL PASO,YUNGAY,SAN IGNACIO,SAN IGNACIO - YUNGAY,0, , ,UNIDIRECCIONAL,ASFALTO,BUENO,SECO,DESPEJADO,0,0,0,1,05,051,05101,Valparaíso,Valparaíso,Valparaíso,Interseccion,"SAN IGNACIO & YUNGAY, Valparaíso",-33.045635,-71.610804
-7875460.79312696,-4049477.19441756,4183,2023,1562104,2023/09/28 00:00:00+00,Septiembre,28,Jueves,1899/12/30 00:00:00+00,08:10:00,8,REGION LIB.B.O'HIGGINS,RANCAGUA,COLISION LATERAL,COLISION,URBANA,CRUCE CON SEÑAL PARE,VELOCIDAD IMPRUDENTE,VELOCIDAD NO RAZONABLE NI PRUDENTE,REPUBLICA DE CHILE,JUAN ANTONIO RIOS,JUAN ANTONIO RIOS - REPUBLICA DE CHILE,0, , ,BIDIRECCIONAL CON BANDEJON,CONCRETO,BUENO,SECO,DESPEJADO,0,0,1,0,06,061,06101,Libertador General Bernardo O'Higgins,Cachapoal,Rancagua,Interseccion,"JUAN ANTONIO RIOS & REPUBLICA DE CHILE, Rancagua",-34.153836,-70.746468
-7862210.99079095,-3955892.40086645,4184,2023,1564884,2023/09/28 00:00:00+00,Septiembre,28,Jueves,1899/12/30 00:00:00+00,08:25:00,8,REGION METROPOLITANA,ÑUÑOA,COLISION POR ALCANCE,COLISION,URBANA,CRUCE CON SEMAFORO FUNCIONANDO,IMPRUDENCIA DEL CONDUCTOR,CONDUCCION NO ATENTO CONDICIONES TRANSITO MOMENTO,SAN EUGENIO,MANUEL ANTONIO MATTA,MANUEL ANTONIO MATTA - SAN EUGENIO,0, , ,BIDIRECCIONAL,CONCRETO,BUENO,SECO,DESPEJADO,0,0,0,1,13,131,13120,Metropolitana de Santiago,Santiago,Ñuñoa,Interseccion,"MANUEL ANTONIO MATTA & SAN EUGENIO, Ñuñoa",-33.455284,-70.627443