X,Y,FID,Año,IdAccident,Fecha,Mes,Dia_mes,Dia_semana,Hora,Hora_texto,Hora_aprox,Región,Comuna,Tipo_Accid,Tipo__CONA,Zona,Ubicación,Causa__CON,Causa_Acci,Calle_Uno,Calle_Dos,Intersecci,Número,Ruta,Ubicaci_1,Calzada,Tipo_Calza,Estado_Cal,Condición,Estado_Atm,Fallecidos,Graves,Menos_Grav,Leves,CUT_REG,CUT_PROV,CUT_COM,REGION,PROVINCIA,COMUNA1,Tipo_direc,Direccion,Lat,Lon
-7874948.47857757,-4009477.27918013,4185,2023,1566363,2023/09/28 00:00:00+00,Septiembre,28,Jueves,1899/12/30 00:00:00+00,08:30:00,8,REGION METROPOLITANA,PAINE,CHOQUE POSTERIOR/FRENTE,CHOQUE,URBANA,CRUCE CON SEÑAL PARE,IMPRUDENCIA DEL CONDUCTOR,CONDUCCION NO ATENTO CONDICIONES TRANSITO MOMENTO,1 NORTE,EL ROMERO,1 NORTE - EL ROMERO,0, , ,BIDIRECCIONAL,ASFALTO,BUENO,SECO,DESPEJADO,0,0,0,0,13,134,13404,Metropolitana de Santiago,Maipo,Paine,Interseccion,"1 NORTE & EL ROMERO, Paine",-33.85596,-70.741866
-7874948.47857757,-4009477.27918013,4186,2023,1570537,2023/09/28 00:00:00+00,Septiembre,28,Jueves,1899/12/30 00:00:00+00,08:30:00,8,REGION METROPOLITANA,PAINE,COLISION POR ALCANCE,COLISION,URBANA,CRUCE CON SEÑAL PARE,IMPRUDENCIA DEL CONDUCTOR,CONDUCCION NO ATENTO CONDICIONES TRANSITO MOMENTO,1 NORTE,EL ROMERO,1 NORTE - EL ROMERO,0, , ,BIDIRECCIONAL,CONCRETO,BUENO,SECO,DESPEJADO,0,0,0,0,13,134,13404,Metropolitana de Santiago,Maipo,Paine,Interseccion,"1 NORTE & EL ROMERO, Paine",-33.85596,-70.741866
-7960406.91552851,-3895925.5698432,4187,2023,1563610,2023/09/28 00:00:00+00,Septiembre,28,Jueves,1899/12/30 00:00:00+00,09:00:00,9,REGION VALPARAISO,VIÑA DEL MAR,CHOQUE FRONTAL,CHOQUE,URBANA,TRAMO DE VIA RECTA,IMPRUDENCIA DEL CONDUCTOR,CONDUCCION NO ATENTO CONDICIONES TRANSITO MOMENTO,CARLOS IBAÑEZ DEL CAMPO,LAS AMAPOLAS,CARLOS IBAÑEZ DEL CAMPO - LAS AMAPOLAS,0, , ,BIDIRECCIONAL,ASFALTO,BUENO,SECO,DESPEJADO,0,0,0,0,05,051,05109,Valparaíso,Valparaíso,Viña del Mar,Interseccion,"CARLOS IBAÑEZ DEL CAMPO & LAS AMAPOLAS, Viña del Mar",-33.004683,-71.509552
-7931336.16445519,-3491971.03535054,4188,2023,1561820,2023/09/28 00:00:00+00,Septiembre,28,Jueves,1899/12/30 00:00:00+00,13:30:00,13,REGION COQUIMBO,LA SERENA,COLISION LATERAL,COLISION,URBANA,TRAMO DE VIA RECTA,IMPRUDENCIA DEL CONDUCTOR,CONDUCCION SIN MANTENER DISTANCIA RAZONABLE NI PRUDENTE,AMUNATEGUI,LARRAIN ALCALDE,AMUNATEGUI - LARRAIN ALCALDE,0, , ,BIDIRECCIONAL CON BANDEJON,ASFALTO,BUENO,SECO,DESPEJADO,0,0,0,0,04,041,04101,Coquimbo,Elqui,La Serena,Interseccion,"AMUNATEGUI & LARRAIN ALCALDE, La Serena",-29.90988,-71.248405
-7943005.67528877,-3902280.37914587,4189,2023,1563512,2023/09/28 00:00:00+00,Septiembre,28,Jueves,1899/12/30 00:00:00+00,14:00:00,14,REGION VALPARAISO,VILLA ALEMANA,COLISION,COLISION,URBANA,CRUCE CON SEÑAL PARE,DESOBEDIENCIA A SEÑALIZACION,SEÑALIZACION DESOBEDECER SEÑAL PARE,LUCUMILLO,LAS ACACIAS,LAS ACACIAS - LUCUMILLO,0, , ,BIDIRECCIONAL,ASFALTO,BUENO,SECO,DESPEJADO,0,0,0,1,05,058,05804,Valparaíso,Marga Marga,Villa Alemana,Interseccion,"LAS ACACIAS & LUCUMILLO, Villa Alemana",-33.052544,-71.353234
-7859223.06433857,-3953603.70416935,4190,2023,1562235,2023/09/28 00:00:00+00,Septiembre,28,Jueves,1899/12/30 00:00:00+00,14:40:00,14,REGION METROPOLITANA,PROVIDENCIA,COLISION POR ALCANCE,COLISION,URBANA,TRAMO DE VIA RECTA,IMPRUDENCIA DEL CONDUCTOR,CONDUCCION CAMBIAR SORPRESIVAMENTE PISTA CIRCULACION,LOS LEONES,MARIATEGUI,LOS LEONES - MARIATEGUI,0, , ,UNIDIRECCIONAL,ASFALTO,BUENO,SECO,DESPEJADO,0,0,0,1,13,131,13123,Metropolitana de Santiago,Santiago,Providencia,Interseccion,"LOS LEONES & MARIATEGUI, Providencia",-33.438129,-70.600602
-7932593.85199538,-3496518.67743238,4191,2023,1562609,2023/09/28 00:00:00+00,Septiembre,28,Jueves,1899/12/30 00:00:00+00,16:30:00,16,REGION COQUIMBO,LA SERENA,COLISION PERPENDICULAR,COLISION,URBANA,CRUCE CON SEÑAL PARE,DESOBEDIENCIA A SEÑALIZACION,SEÑALIZACION DESOBEDECER SEÑAL PARE,LARRAIN ALCALDE,LOS LUCUMOS,LARRAIN ALCALDE - LOS LUCUMOS,0, , ,UNIDIRECCIONAL,ASFALTO,BUENO,SECO,DESPEJADO,0,0,0,0,04,041,04101,Coquimbo,Elqui,La Serena,Interseccion,"LARRAIN ALCALDE & LOS LUCUMOS, La Serena",-29.945285,-71.259703
-8130999.58235618,-4421118.52926267,4192,2023,1562633,2023/09/28 00:00:00+00,Septiembre,28,Jueves,1899/12/30 00:00:00+00,17:15:00,17,REGION BIO BIO,CHIGUAYANTE,VOLCADURA,VOLCADURA,URBANA,TRAMO DE VIA RECTA,VELOCIDAD IMPRUDENTE,VELOCIDAD NO RAZONABLE NI PRUDENTE,CAMINO A CHIGUAYANTE,ZENON HERRERA,CAMINO A CHIGUAYANTE - ZENON HERRERA,0, , ,BIDIRECCIONAL CON BANDEJON,CONCRETO,BUENO,SECO,DESPEJADO,0,0,0,0,08,081,08103,Biobío,Concepción,Chiguayante,Interseccion,"CAMINO A CHIGUAYANTE & ZENON HERRERA, Chiguayante",-36.870838,-73.042012
-12180771.9554999,-3142028.04895324,4193,2023,1562036,2023/09/28 00:00:00+00,Septiembre,28,Jueves,1899/12/30 00:00:00+00,17:15:00,17,REGION VALPARAISO,ISLA DE PASCUA,COLISION FRONTAL,COLISION,URBANA,TRAMO DE VIA CURVA HORIZONTAL,IMPRUDENCIA DEL CONDUCTOR,CONDUCCION NO ATENTO CONDICIONES TRANSITO MOMENTO,PUKU RANGI UKA,ARA ROA RAKEI,ARA ROA RAKEI - PUKU RANGI UKA,0, , ,BIDIRECCIONAL,ASFALTO,REGULAR,SECO,DESPEJADO,0,0,0,1,05,052,05201,Valparaíso,Isla de Pascua,Isla de Pascua,Interseccion,"ARA ROA RAKEI & PUKU RANGI UKA, Isla de Pascua",-27.148427,-109.421736
-7880757.15191558,-3969522.02708288,4194,2023,1563246,2023/09/28 00:00:00+00,Septiembre,28,Jueves,1899/12/30 00:00:00+00,18:00:00,18,REGION METROPOLITANA,MAIPU,COLISION PERPENDICULAR,COLISION,URBANA,TRAMO DE VIA RECTA,IMPRUDENCIA DEL CONDUCTOR,CONDUCCION NO ATENTO CONDICIONES TRANSITO MOMENTO,LAGO DE COMO,ALCAZAR PONIENTE,ALCAZAR PONIENTE - LAGO DE COMO,0, , ,BIDIRECCIONAL,CONCRETO,REGULAR,SECO,DESPEJADO,0,0,0,0,13,131,13119,Metropolitana de Santiago,Santiago,Maipú,Interseccion,"ALCAZAR PONIENTE & LAGO DE COMO, Maipú",-33.557375,-70.794046
-8027003.57826774,-4386701.19034326,4195,2023,1562206,2023/09/28 00:00:00+00,Septiembre,28,Jueves,1899/12/30 00:00:00+00,18:50:00,18,REGION ÑUBLE,CHILLAN,COLISION PERPENDICULAR,COLISION,URBANA,CRUCE CON SEÑAL PARE,DESOBEDIENCIA A SEÑALIZACION,SEÑALIZACION DESOBEDECER SEÑAL PARE,MARATON,ALONSO DE ERCILLA,ALONSO DE ERCILLA - MARATON,0, , ,UNIDIRECCIONAL,ASFALTO,REGULAR,SECO,DESPEJADO,0,1,0,0,16,161,16101,Ñuble,Diguillín,Chillán,Interseccion,"ALONSO DE ERCILLA & MARATON, Chillán",-36.6231,-72.1078
-7862292.81057216,-3948351.3520215,4196,2023,1563539,2023/09/28 00:00:00+00,Septiembre,28,Jueves,1899/12/30 00:00:00+00,20:15:00,20,REGION METROPOLITANA,RECOLETA,COLISION LATERAL,COLISION,URBANA,OTROS NO CONSIDERADOS,IMPRUDENCIA DEL CONDUCTOR,VIRAJES INDEBIDOS,EL SALTO,STA MONICA,EL SALTO - STA MONICA,0, , ,BIDIRECCIONAL,CONCRETO,BUENO,SECO,DESPEJADO,0,1,0,0,13,131,13127,Metropolitana de Santiago,Santiago,Recoleta,Interseccion,"EL SALTO & STA MONICA, Recoleta",-33.398747,-70.628178
-7865661.27738275,-3954657.62390934,4197,2023,1562061,2023/09/28 00:00:00+00,Septiembre,28,Jueves,1899/12/30 00:00:00+00,21:00:00,21,REGION METROPOLITANA,SANTIAGO,COLISION FRONTAL,COLISION,URBANA,CRUCE CON SEMAFORO FUNCIONANDO,IMPRUDENCIA DEL CONDUCTOR,VIRAJES INDEBIDOS,DIECIOCHO,LIBER BERNARDO O'HIGGINS,DIECIOCHO - LIBER BERNARDO O'HIGGINS,0, , ,UNIDIRECCIONAL,ASFALTO,BUENO,SECO,DESPEJADO,0,0,0,1,13,131,13101,Metropolitana de Santiago,Santiago,Santiago,Interseccion,"DIECIOCHO & LIBER BERNARDO O'HIGGINS, Santiago",-33.446029,-70.658437
-7966798.32402562,-3900135.6551474,4198,2023,1561997,2023/09/29 00:00:00+00,Septiembre,29,Viernes,1899/12/30 00:00:00+00,00:30:00,0,REGION VALPARAISO,VIÑA DEL MAR,CHOQUE FRONTAL,CHOQUE,URBANA,TRAMO DE VIA RECTA,IMPRUDENCIA DEL CONDUCTOR,CONDUCCION NO ATENTO CONDICIONES TRANSITO MOMENTO,AGUA SANTA,PARADERO DOS,AGUA SANTA - PARADERO DOS,0, , ,BIDIRECCIONAL,CONCRETO,BUENO,SECO,DESPEJADO,0,1,0,0,05,051,05109,Valparaíso,Valparaíso,Viña del Mar,Interseccion,"AGUA SANTA & PARADERO DOS, Viña del Mar",-33.036394,-71.566967
-7941822.08196825,-3500991.29231413,4199,2023,1563280,2023/09/29 00:00:00+00,Septiembre,29,Viernes,1899/12/30 00:00:00+00,07:20:00,7,REGION COQUIMBO,COQUIMBO,COLISION PERPENDICULAR,COLISION,URBANA,OTROS NO CONSIDERADOS,IMPRUDENCIA DEL CONDUCTOR,CONDUCCION NO ATENTO CONDICIONES TRANSITO MOMENTO,LOS CLARINES,LAS AZUCENAS,LAS AZUCENAS - LOS CLARINES,0, , ,UNIDIRECCIONAL,ASFALTO,BUENO,SECO,DESPEJADO,0,0,0,1,04,041,04102,Coquimbo,Elqui,Coquimbo,Interseccion,"LAS AZUCENAS & LOS CLARINES, Coquimbo",-29.980093,-71.342602
-7869465.34804748,-3952089.05063127,4200,2023,1563004,2023/09/29 00:00:00+00,Septiembre,29,Viernes,1899/12/30 00:00:00+00,07:50:00,7,REGION METROPOLITANA,QUINTA NORMAL,COLISION LATERAL,COLISION,URBANA,CRUCE CON SEMAFORO FUNCIONANDO,DESOBEDIENCIA A SEÑALIZACION,SEÑALIZACION DESOBEDECER LUZ ROJA DE SEMAFORO,MENDOZA,SALVADOR GUTIERREZ,MENDOZA - SALVADOR GUTIERREZ,0, , ,BIDIRECCIONAL,ASFALTO,REGULAR,SECO,DESPEJADO,0,0,0,0,13,131,13126,Metropolitana de Santiago,Santiago,Quinta Normal,Interseccion,"MENDOZA & SALVADOR GUTIERREZ, Quinta Normal",-33.426774,-70.69261
-7902063.81377291,-3985865.92756848,4201,2023,1566364,2023/09/29 00:00:00+00,Septiembre,29,Viernes,1899/12/30 00:00:00+00,12:10:00,12,REGION METROPOLITANA,BUIN,COLISION POR ALCANCE,COLISION,URBANA,CRUCE CON SEÑAL CEDA EL PASO,IMPRUDENCIA DEL CONDUCTOR,CONDUCCION NO ATENTO CONDICIONES TRANSITO MOMENTO,MANUEL RODRIGUEZ,ANIBAL PINTO,ANIBAL PINTO - MANUEL RODRIGUEZ,0, , ,UNIDIRECCIONAL,ASFALTO,BUENO,SECO,DESPEJADO,0,0,2,0,13,134,13402,Metropolitana de Santiago,Maipo,Buin,Interseccion,"ANIBAL PINTO & MANUEL RODRIGUEZ, Buin",-33.679638,-70.985447
-7970432.5715306,-4279507.7410688,4202,2023,1563450,2023/09/29 00:00:00+00,Septiembre,29,Viernes,1899/12/30 00:00:00+00,13:30:00,13,REGION MAULE,LINARES,COLISION POR ALCANCE,COLISION,URBANA,TRAMO DE VIA RECTA,IMPRUDENCIA DEL CONDUCTOR,CONDUCCION SIN MANTENER DISTANCIA RAZONABLE NI PRUDENTE,JANUARIO ESPINOZA,EX IANSA,EX IANSA - JANUARIO ESPINOZA,0, , ,BIDIRECCIONAL,ASFALTO,BUENO,SECO,DESPEJADO,0,0,0,1,07,074,07401,Maule,Linares,Linares,Interseccion,"EX IANSA & JANUARIO ESPINOZA, Linares",-35.846407,-71.599614
-7856042.33252814,-3954535.80481481,4203,2023,1563010,2023/09/29 00:00:00+00,Septiembre,29,Viernes,1899/12/30 00:00:00+00,14:15:00,14,REGION METROPOLITANA,ÑUÑOA,COLISION,COLISION,URBANA,CRUCE CON SEMAFORO FUNCIONANDO,IMPRUDENCIA DEL CONDUCTOR,CONDUCCION NO ATENTO CONDICIONES TRANSITO MOMENTO,ECHEÑIQUE,OSSA,ECHEÑIQUE - OSSA,0, , ,UNIDIRECCIONAL,CONCRETO,BUENO,SECO,DESPEJADO,0,0,0,0,13,131,13120,Metropolitana de Santiago,Santiago,Ñuñoa,Interseccion,"ECHEÑIQUE & OSSA, Ñuñoa",-33.445116,-70.572029
-7869349.0191796,-3957085.55769791,4204,2023,1566512,2023/09/29 00:00:00+00,Septiembre,29,Viernes,1899/12/30 00:00:00+00,14:30:00,14,REGION METROPOLITANA,ESTACION CENTRAL,COLISION,COLISION,URBANA,TRAMO DE VIA RECTA,VELOCIDAD IMPRUDENTE,VELOCIDAD NO RAZONABLE NI PRUDENTE,HNOS EYRAUD,VETERANOS DEL 79,HNOS EYRAUD - VETERANOS DEL 79,0, , ,BIDIRECCIONAL,CONCRETO,BUENO,SECO,DESPEJADO,0,1,0,0,13,131,13106,Metropolitana de Santiago,Santiago,Estación Central,Interseccion,"HNOS EYRAUD & VETERANOS DEL 79, Estación Central",-33.464226,-70.691565
-8086238.23774718,-4683932.35822229,4205,2023,1569215,2023/09/29 00:00:00+00,Septiembre,29,Viernes,1899/12/30 00:00:00+00,15:10:00,15,REGION ARAUCANIA,TEMUCO,COLISION PERPENDICULAR,COLISION,URBANA,CRUCE CON SEÑAL CEDA EL PASO,DESOBEDIENCIA A SEÑALIZACION,SEÑALIZACION DESOBEDECER SEÑAL CEDA EL PASO,PABLO NERUDA,LOS CONQUISTADORES,LOS CONQUISTADORES - PABLO NERUDA,0, , ,BIDIRECCIONAL,CONCRETO,BUENO,SECO,DESPEJADO,0,0,0,0,09,091,09101,La Araucanía,Cautín,Temuco,Interseccion,"LOS CONQUISTADORES & PABLO NERUDA, Temuco",-38.736044,-72.639914
-8119852.82778458,-5082091.89203594,4206,2023,1564573,2023/09/29 00:00:00+00,Septiembre,29,Viernes,1899/12/30 00:00:00+00,15:45:00,15,REGION LOS LAGOS,PUERTO MONTT,COLISION PERPENDICULAR,COLISION,URBANA,CRUCE CON SEMAFORO FUNCIONANDO,IMPRUDENCIA DEL CONDUCTOR,VIRAJES INDEBIDOS,BENAVENTE,GUILLERMO GALLARDO,BENAVENTE - GUILLERMO GALLARDO,0, , ,BIDIRECCIONAL,CONCRETO,BUENO,SECO,DESPEJADO,0,0,1,0,10,101,10101,Los Lagos,Llanquihue,Puerto Montt,Interseccion,"BENAVENTE & GUILLERMO GALLARDO, Puerto Montt",-41.471186,-72.941879
-8018932.24722375,-4711930.25032547,4207,2023,1562486,2023/09/29 00:00:00+00,Septiembre,29,Viernes,1899/12/30 00:00:00+00,17:48:00,17,REGION ARAUCANIA,CUNCO,COLISION LATERAL,COLISION,URBANA,TRAMO DE VIA RECTA,IMPRUDENCIA DEL CONDUCTOR,NO RESPETAR DERECHO PREFERENTE DE PASO A VEHICULO,LLAIMA,GABRIELA MISTRAL,GABRIELA MISTRAL - LLAIMA,0, , ,BIDIRECCIONAL,ASFALTO,BUENO,SECO,DESPEJADO,0,1,0,0,09,091,09103,La Araucanía,Cautín,Cunco,Interseccion,"GABRIELA MISTRAL & LLAIMA, Cunco",-38.931961,-72.035294
-7868142.3158994,-3960315.25093353,4208,2023,1567662,2023/09/29 00:00:00+00,Septiembre,29,Viernes,1899/12/30 00:00:00+00,18:15:00,18,REGION METROPOLITANA,PEDRO AGUIRRE CERDA,CHOQUE POSTERIOR,CHOQUE,URBANA,TRAMO DE VIA RECTA,IMPRUDENCIA DEL CONDUCTOR,NO RESPETAR DERECHO PREFERENTE DE PASO A VEHICULO,30 DE OCTUBRE,YUNGAY,30 DE OCTUBRE - YUNGAY,0, , ,BIDIRECCIONAL,ASFALTO,BUENO,SECO,DESPEJADO,0,0,0,0,13,131,13121,Metropolitana de Santiago,Santiago,Pedro Aguirre Cerda,Interseccion,"30 DE OCTUBRE & YUNGAY, Pedro Aguirre Cerda",-33.488426,-70.680725
-7854688.79883958,-3968621.70948493,4209,2023,1563549,2023/09/29 00:00:00+00,Septiembre,29,Viernes,1899/12/30 00:00:00+00,18:20:00,18,REGION METROPOLITANA,PUENTE ALTO,COLISION LATERAL,COLISION,URBANA,TRAMO DE VIA RECTA,IMPRUDENCIA DEL CONDUCTOR,CONDUCCION NO ATENTO CONDICIONES TRANSITO MOMENTO,CAMILO HENRIQUEZ,LAGO TODOS LOS SANTOS,CAMILO HENRIQUEZ - LAGO TODOS LOS SANTOS,0, , ,BIDIRECCIONAL,CONCRETO,BUENO,SECO,DESPEJADO,0,0,1,0,13,132,13201,Metropolitana de Santiago,Cordillera,Puente Alto,Interseccion,"CAMILO HENRIQUEZ & LAGO TODOS LOS SANTOS, Puente Alto",-33.550635,-70.55987
-8054780.24020493,-4504824.18644697,4210,2023,1563386,2023/09/29 00:00:00+00,Septiembre,29,Viernes,1899/12/30 00:00:00+00,19:00:00,19,REGION BIO BIO,LOS ANGELES,COLISION FRONTAL,COLISION,URBANA,TRAMO DE VIA RECTA,IMPRUDENCIA DEL CONDUCTOR,CONDUCCION NO ATENTO CONDICIONES TRANSITO MOMENTO,ARTURO PRAT,LAUTARO,ARTURO PRAT - LAUTARO,0, , ,BIDIRECCIONAL,CONCRETO,BUENO,SECO,DESPEJADO,0,1,0,0,08,083,08301,Biobío,Biobío,Los Angeles,Interseccion,"ARTURO PRAT & LAUTARO, Los Angeles",-37.47001,-72.357322
-7869064.15817977,-3956390.90450334,4211,2023,1566674,2023/09/29 00:00:00+00,Septiembre,29,Viernes,1899/12/30 00:00:00+00,19:45:00,19,REGION METROPOLITANA,ESTACION CENTRAL,COLISION,COLISION,URBANA,TRAMO DE VIA RECTA,IMPRUDENCIA DEL CONDUCTOR,CONDUCCION NO ATENTO CONDICIONES TRANSITO MOMENTO,ARICA,PADRE ALBERTO HURTADO,ARICA - PADRE ALBERTO HURTADO,0, , ,BIDIRECCIONAL,ASFALTO,BUENO,SECO,DESPEJADO,0,1,0,0,13,131,13106,Metropolitana de Santiago,Santiago,Estación Central,Interseccion,"ARICA & PADRE ALBERTO HURTADO, Estación Central",-33.45902,-70.689006
-7866866.59453491,-3955039.30646465,4212,2023,1571196,2023/09/29 00:00:00+00,Septiembre,29,Viernes,1899/12/30 00:00:00+00,19:50:00,19,REGION METROPOLITANA,SANTIAGO,COLISION POR ALCANCE,COLISION,URBANA,TRAMO DE VIA RECTA,IMPRUDENCIA DEL CONDUCTOR,CONDUCCION SIN MANTENER DISTANCIA RAZONABLE NI PRUDENTE,PDTE BALMACEDA,PDTE ERRAZURIZ,PDTE BALMACEDA - PDTE ERRAZURIZ,0, , ,UNIDIRECCIONAL,ASFALTO,REGULAR,SECO,DESPEJADO,0,1,0,0,13,131,13101,Metropolitana de Santiago,Santiago,Santiago,Interseccion,"PDTE BALMACEDA & PDTE ERRAZURIZ, Santiago",-33.44889,-70.669265
-7875074.50620061,-3990456.25932924,4213,2023,1566365,2023/09/29 00:00:00+00,Septiembre,29,Viernes,1899/12/30 00:00:00+00,20:15:00,20,REGION METROPOLITANA,BUIN,COLISION FRONTAL,COLISION,URBANA,CRUCE CON SEÑAL PARE,IMPRUDENCIA DEL CONDUCTOR,CONDUCCION NO ATENTO CONDICIONES TRANSITO MOMENTO,RIVERA RIO MAIPO,BAJOS DE MATTE,BAJOS DE MATTE - RIVERA RIO MAIPO,0, , ,BIDIRECCIONAL,ASFALTO,BUENO,SECO,DESPEJADO,0,1,0,0,13,134,13402,Metropolitana de Santiago,Maipo,Buin,Interseccion,"BAJOS DE MATTE & RIVERA RIO MAIPO, Buin",-33.713945,-70.742998
-8137594.95255052,-4416638.29711105,4214,2023,1562346,2023/09/29 00:00:00+00,Septiembre,29,Viernes,1899/12/30 00:00:00+00,22:00:00,22,REGION BIO BIO,SAN PEDRO DE LA PAZ,ATROPELLO,ATROPELLO,URBANA,TRAMO DE VIA RECTA,IMPRUDENCIA DEL CONDUCTOR,NO RESPETAR DERECHO PREFERENTE DE PASO A PEATON,PEDRO AGUIRRE CERDA,LOS CANELOS,LOS CANELOS - PEDRO AGUIRRE CERDA,0, , ,BIDIRECCIONAL,CONCRETO,BUENO,SECO,NUBLADO,0,1,0,0,08,081,08108,Biobío,Concepción,San Pedro de la Paz,Interseccion,"LOS CANELOS & PEDRO AGUIRRE CERDA, San Pedro de la Paz",-36.838634,-73.101259
-7874511.89467776,-3944077.42107655,4215,2023,1562867,2023/09/29 00:00:00+00,Septiembre,29,Viernes,1899/12/30 00:00:00+00,23:00:00,23,REGION METROPOLITANA,QUILICURA,COLISION LATERAL,COLISION,URBANA,CRUCE CON SEMAFORO FUNCIONANDO,IMPRUDENCIA DEL CONDUCTOR,CONDUCCION NO ATENTO CONDICIONES TRANSITO MOMENTO,GRAL SAN MARTIN,SAN LUIS,GRAL SAN MARTIN - SAN LUIS,0, , ,BIDIRECCIONAL,ASFALTO,BUENO,SECO,DESPEJADO,0,0,0,1,13,131,13125,Metropolitana de Santiago,Santiago,Quilicura,Interseccion,"GRAL SAN MARTIN & SAN LUIS, Quilicura",-33.366688,-70.737944
-8132273.07733085,-4412584.20101496,4216,2023,1562421,2023/09/30 00:00:00+00,Septiembre,30,Sábado,1899/12/30 00:00:00+00,03:10:00,3,REGION BIO BIO,CONCEPCION,COLISION,COLISION,URBANA,CRUCE SIN SEÑALIZACION,IMPRUDENCIA DEL CONDUCTOR,CONDUCCION NO ATENTO CONDICIONES TRANSITO MOMENTO,JUAN DE DIOS RIVERA,OROMPELLO,JUAN DE DIOS RIVERA - OROMPELLO,0, , ,UNIDIRECCIONAL,CONCRETO,BUENO,SECO,DESPEJADO,0,0,0,1,08,081,08101,Biobío,Concepción,Concepción,Interseccion,"JUAN DE DIOS RIVERA & OROMPELLO, Concepción",-36.809482,-73.053452
-8142712.73049694,-4949757.03140083,4217,2023,1562537,2023/09/30 00:00:00+00,Septiembre,30,Sábado,1899/12/30 00:00:00+00,03:52:00,3,REGION LOS LAGOS,OSORNO,VOLCADURA,VOLCADURA,URBANA,TRAMO DE VIA RECTA,VELOCIDAD IMPRUDENTE,VELOCIDAD NO RAZONABLE NI PRUDENTE,REPUBLICA,EJERCITO,EJERCITO - REPUBLICA,0, , ,BIDIRECCIONAL,CONCRETO,BUENO,SECO,DESPEJADO,0,0,0,1,10,103,10301,Los Lagos,Osorno,Osorno,Interseccion,"EJERCITO & REPUBLICA, Osorno",-40.574332,-73.147233
-7976959.67849811,-4221813.67225891,4218,2023,1562099,2023/09/30 00:00:00+00,Septiembre,30,Sábado,1899/12/30 00:00:00+00,11:30:00,11,REGION MAULE,TALCA,COLISION LATERAL,COLISION,URBANA,TRAMO DE VIA RECTA,IMPRUDENCIA DEL CONDUCTOR,CONDUCCION NO ATENTO CONDICIONES TRANSITO MOMENTO,6 ORIENTE,2 NORTE,2 NORTE - 6 ORIENTE,0, , ,UNIDIRECCIONAL,CONCRETO,BUENO,SECO,DESPEJADO,0,0,0,1,07,071,07101,Maule,Talca,Talca,Interseccion,"2 NORTE & 6 ORIENTE, Talca",-35.425188,-71.658248
-7829355.93366151,-3169015.28947738,4219,2023,1563109,2023/09/30 00:00:00+00,Septiembre,30,Sábado,1899/12/30 00:00:00+00,12:30:00,12,REGION ATACAMA,COPIAPO,CHOQUE FRENTE/POSTERIOR,CHOQUE,URBANA,TRAMO DE VIA RECTA,VELOCIDAD IMPRUDENTE,VELOCIDAD NO RAZONABLE NI PRUDENTE,RODRIGUEZ,MAIPU,MAIPU - RODRIGUEZ,0, , ,UNIDIRECCIONAL,ASFALTO,BUENO,SECO,DESPEJADO,0,0,0,0,03,031,03101,Atacama,Copiapó,Copiapó,Interseccion,"MAIPU & RODRIGUEZ, Copiapó",-27.36394,-70.332301
-8085149.53314949,-4684560.30392968,4220,2023,1562402,2023/09/30 00:00:00+00,Septiembre,30,Sábado,1899/12/30 00:00:00+00,13:35:00,13,REGION ARAUCANIA,TEMUCO,COLISION LATERAL,COLISION,URBANA,TRAMO DE VIA RECTA,IMPRUDENCIA DEL CONDUCTOR,CONDUCCION NO ATENTO CONDICIONES TRANSITO MOMENTO,JAVIERA CARRERA,LAGO PALENA,JAVIERA CARRERA - LAGO PALENA,0, , ,BIDIRECCIONAL CON BANDEJON,CONCRETO,BUENO,SECO,DESPEJADO,0,0,0,0,09,091,09101,La Araucanía,Cautín,Temuco,Interseccion,"JAVIERA CARRERA & LAGO PALENA, Temuco",-38.740444,-72.630134
-7962863.29136783,-3899484.08219948,4221,2023,1563411,2023/09/30 00:00:00+00,Septiembre,30,Sábado,1899/12/30 00:00:00+00,15:00:00,15,REGION VALPARAISO,VIÑA DEL MAR,COLISION POR ALCANCE,COLISION,URBANA,CRUCE SIN SEÑALIZACION,IMPRUDENCIA DEL PASAJERO,IMPRUDENCIA DEL PASAJERO,1 NORTE,MIRAFLORES,1 NORTE - MIRAFLORES,0, , ,BIDIRECCIONAL,ASFALTO,BUENO,SECO,DESPEJADO,0,0,0,0,05,051,05109,Valparaíso,Valparaíso,Viña del Mar,Interseccion,"1 NORTE & MIRAFLORES, Viña del Mar",-33.031487,-71.531618
-7873736.34295074,-3954323.68428731,4222,2023,1584112,2023/09/30 00:00:00+00,Septiembre,30,Sábado,1899/12/30 00:00:00+00,20:30:00,20,REGION METROPOLITANA,LO PRADO,COLISION PERPENDICULAR,COLISION,URBANA,CRUCE CON SEÑAL PARE,DESOBEDIENCIA A SEÑALIZACION,SEÑALIZACION DESOBEDECER SEÑAL PARE,LAS TORRES,LAS AMAPOLAS,LAS AMAPOLAS - LAS TORRES,0, , ,BIDIRECCIONAL,ASFALTO,BUENO,SECO,DESPEJADO,0,1,0,0,13,131,13117,Metropolitana de Santiago,Santiago,Lo Prado,Interseccion,"LAS AMAPOLAS & LAS TORRES, Lo Prado",-33.443526,-70.730977
-8078987.77665057,-4683450.72151208,4223,2023,1562613,2023/09/30 00:00:00+00,Septiembre,30,Sábado,1899/12/30 00:00:00+00,20:48:00,20,REGION ARAUCANIA,TEMUCO,ATROPELLO,ATROPELLO,URBANA,TRAMO DE VIA RECTA,IMPRUDENCIA DEL PEATON,IMPRUDENCIA DEL PEATON,COSTANERA,BARROS ARANA,BARROS ARANA - COSTANERA,0, , ,BIDIRECCIONAL,CONCRETO,BUENO,SECO,DESPEJADO,0,2,0,1,09,091,09101,La Araucanía,Cautín,Temuco,Interseccion,"BARROS ARANA & COSTANERA, Temuco",-38.732669,-72.574782