X,Y,FID,Año,IdAccident,Fecha,Mes,Dia_mes,Dia_semana,Hora,Hora_texto,Hora_aprox,Región,Comuna,Tipo_Accid,Tipo__CONA,Zona,Ubicación,Causa__CON,Causa_Acci,Calle_Uno,Calle_Dos,Intersecci,Número,Ruta,Ubicaci_1,Calzada,Tipo_Calza,Estado_Cal,Condición,Estado_Atm,Fallecidos,Graves,Menos_Grav,Leves,CUT_REG,CUT_PROV,CUT_COM,REGION,PROVINCIA,COMUNA1,Tipo_direc,Direccion,Lat,Lon
-7670913.12131472,-2569059.19149647,4224,2023,1562187,2023/09/30 00:00:00+00,Septiembre,30,Sábado,1899/12/30 00:00:00+00,21:00:00,21,REGION ANTOFAGASTA,CALAMA,VOLCADURA,VOLCADURA,URBANA,TRAMO DE VIA RECTA,IMPRUDENCIA DEL CONDUCTOR,CONDUCCION NO ATENTO CONDICIONES TRANSITO MOMENTO,PEUCO,LLAYLE,LLAYLE - PEUCO,0, , ,BIDIRECCIONAL,ASFALTO,BUENO,SECO,DESPEJADO,0,0,0,1,02,022,02201,Antofagasta,El Loa,Calama,Interseccion,"LLAYLE & PEUCO, Calama",-22.478388,-68.908985
-7870948.34630383,-3964459.52169799,4225,2023,1562246,2023/09/30 00:00:00+00,Septiembre,30,Sábado,1899/12/30 00:00:00+00,22:20:00,22,REGION METROPOLITANA,CERRILLOS,CHOQUE FRENTE/LADO,CHOQUE,URBANA,CRUCE CON SEÑAL CEDA EL PASO,IMPRUDENCIA DEL CONDUCTOR,CONDUCCION NO ATENTO CONDICIONES TRANSITO MOMENTO,GRAL VELASQUEZ,AMERICO VESPUCIO,AMERICO VESPUCIO - GRAL VELASQUEZ,0, , ,BIDIRECCIONAL,ASFALTO,BUENO,SECO,NUBLADO,0,0,0,3,13,131,13102,Metropolitana de Santiago,Santiago,Cerrillos,Interseccion,"AMERICO VESPUCIO & GRAL VELASQUEZ, Cerrillos",-33.519469,-70.705932
-7865319.0309739,-3953708.82354374,4226,2023,1562464,2023/09/30 00:00:00+00,Septiembre,30,Sábado,1899/12/30 00:00:00+00,23:40:00,23,REGION METROPOLITANA,SANTIAGO,CHOQUE POSTERIOR/FRENTE,CHOQUE,URBANA,CRUCE CON SEMAFORO FUNCIONANDO,IMPRUDENCIA DEL CONDUCTOR,CONDUCCION NO ATENTO CONDICIONES TRANSITO MOMENTO,LIBER BERNARDO O'HIGGINS,TEATINOS,LIBER BERNARDO O'HIGGINS - TEATINOS,0, , ,BIDIRECCIONAL CON BANDEJON,CONCRETO,REGULAR,SECO,NEBLINA,0,1,0,0,13,131,13101,Metropolitana de Santiago,Santiago,Santiago,Interseccion,"LIBER BERNARDO O'HIGGINS & TEATINOS, Santiago",-33.438917,-70.655363
-7826723.62843215,-3171445.50301208,4227,2023,1563883,2023/10/01 00:00:00+00,Octubre,1,Domingo,1899/12/30 00:00:00+00,00:00:00,0,REGION ATACAMA,COPIAPO,COLISION LATERAL,COLISION,URBANA,CRUCE CON SEMAFORO FUNCIONANDO,IMPRUDENCIA DEL CONDUCTOR,CONDUCCION NO ATENTO CONDICIONES TRANSITO MOMENTO,LOS CARRERA,DIEGO DE ALMAGRO,DIEGO DE ALMAGRO - LOS CARRERA,0, , ,BIDIRECCIONAL,ASFALTO,BUENO,SECO,DESPEJADO,0,1,0,0,03,031,03101,Atacama,Copiapó,Copiapó,Interseccion,"DIEGO DE ALMAGRO & LOS CARRERA, Copiapó",-27.383327,-70.308655
-7862419.6035167,-3972155.12455199,4228,2023,1562212,2023/10/01 00:00:00+00,Octubre,1,Domingo,1899/12/30 00:00:00+00,07:15:00,7,REGION METROPOLITANA,LA PINTANA,COLISION POR ALCANCE,COLISION,URBANA,TRAMO DE VIA RECTA,IMPRUDENCIA DEL CONDUCTOR,CONDUCCION SIN MANTENER DISTANCIA RAZONABLE NI PRUDENTE,STA ROSA,LO MARTINEZ,LO MARTINEZ - STA ROSA,0, , ,BIDIRECCIONAL,CONCRETO,BUENO,SECO,DESPEJADO,0,0,0,0,13,131,13112,Metropolitana de Santiago,Santiago,La Pintana,Interseccion,"LO MARTINEZ & STA ROSA, La Pintana",-33.577084,-70.629317
-7883685.96767383,-3132146.16598556,4229,2023,1564305,2023/10/01 00:00:00+00,Octubre,1,Domingo,1899/12/30 00:00:00+00,08:40:00,8,REGION ATACAMA,CALDERA,OTRO TIPO,OTRO TIPO,URBANA,TRAMO DE VIA RECTA,ALCOHOL EN CONDUCTOR,CONDUCCION EN ESTADO DE EBRIEDAD,BATALLON DE ATACAMA,COUSIÑO,BATALLON DE ATACAMA - COUSIÑO,0, , ,BIDIRECCIONAL,ASFALTO,BUENO,SECO,DESPEJADO,0,0,0,0,03,031,03102,Atacama,Copiapó,Caldera,Interseccion,"BATALLON DE ATACAMA & COUSIÑO, Caldera",-27.069409,-70.820356
-8138274.19976003,-4950194.36822181,4230,2023,1564974,2023/10/01 00:00:00+00,Octubre,1,Domingo,1899/12/30 00:00:00+00,13:47:00,13,REGION LOS LAGOS,OSORNO,COLISION,COLISION,URBANA,TRAMO DE VIA RECTA,IMPRUDENCIA DEL CONDUCTOR,CONDUCCION NO ATENTO CONDICIONES TRANSITO MOMENTO,JULIO BUSCHMANN,18 DE SEPTIEMBRE,18 DE SEPTIEMBRE - JULIO BUSCHMANN,0, , ,UNIDIRECCIONAL,CONCRETO,REGULAR,SECO,DESPEJADO,0,0,0,0,10,103,10301,Los Lagos,Osorno,Osorno,Interseccion,"18 DE SEPTIEMBRE & JULIO BUSCHMANN, Osorno",-40.577316,-73.107361
-8141137.22574374,-4949797.04163316,4231,2023,1564975,2023/10/01 00:00:00+00,Octubre,1,Domingo,1899/12/30 00:00:00+00,14:30:00,14,REGION LOS LAGOS,OSORNO,COLISION,COLISION,URBANA,CRUCE CON SEMAFORO FUNCIONANDO,IMPRUDENCIA DEL CONDUCTOR,CONDUCCION NO ATENTO CONDICIONES TRANSITO MOMENTO,LORD COCHRANE,JUAN MACKENNA,JUAN MACKENNA - LORD COCHRANE,0, , ,UNIDIRECCIONAL,CONCRETO,BUENO,SECO,DESPEJADO,0,1,0,1,10,103,10301,Los Lagos,Osorno,Osorno,Interseccion,"JUAN MACKENNA & LORD COCHRANE, Osorno",-40.574605,-73.13308
-7874177.16813429,-3962348.41854792,4232,2023,1562251,2023/10/01 00:00:00+00,Octubre,1,Domingo,1899/12/30 00:00:00+00,15:10:00,15,REGION METROPOLITANA,CERRILLOS,COLISION PERPENDICULAR,COLISION,URBANA,CRUCE CON SEMAFORO FUNCIONANDO,IMPRUDENCIA DEL CONDUCTOR,CONDUCCION NO ATENTO CONDICIONES TRANSITO MOMENTO,AMERICO VESPUCIO,LAS TORRES,AMERICO VESPUCIO - LAS TORRES,0, , ,BIDIRECCIONAL CON BANDEJON,ASFALTO,BUENO,SECO,NUBLADO,0,0,0,0,13,131,13102,Metropolitana de Santiago,Santiago,Cerrillos,Interseccion,"AMERICO VESPUCIO & LAS TORRES, Cerrillos",-33.503657,-70.734937
-7866215.37556943,-3970812.11492845,4233,2023,1562681,2023/10/01 00:00:00+00,Octubre,1,Domingo,1899/12/30 00:00:00+00,16:30:00,16,REGION METROPOLITANA,EL BOSQUE,COLISION LATERAL,COLISION,URBANA,CRUCE CON SEÑAL PARE,DESOBEDIENCIA A SEÑALIZACION,SEÑALIZACION DESOBEDECER SEÑAL PARE,PORTALES,LOS MIMBRES,LOS MIMBRES - PORTALES,0, , ,UNIDIRECCIONAL,CONCRETO,BUENO,SECO,DESPEJADO,0,0,0,3,13,131,13105,Metropolitana de Santiago,Santiago,El Bosque,Interseccion,"LOS MIMBRES & PORTALES, El Bosque",-33.567032,-70.663415
-7825024.69269435,-2088871.6659727,4234,2023,1562870,2023/10/01 00:00:00+00,Octubre,1,Domingo,1899/12/30 00:00:00+00,19:30:00,19,REGION ARICA Y PARINACOTA,ARICA,COLISION LATERAL,COLISION,URBANA,TRAMO DE VIA RECTA,IMPRUDENCIA DEL CONDUCTOR,CONDUCCION SIN MANTENER DISTANCIA RAZONABLE NI PRUDENTE,AMADOR NEGHME,EL ROBLE,AMADOR NEGHME - EL ROBLE,0, , ,BIDIRECCIONAL,ASFALTO,BUENO,SECO,DESPEJADO,0,0,0,2,15,151,15101,Arica y Parinacota,Arica,Arica,Interseccion,"AMADOR NEGHME & EL ROBLE, Arica",-18.437929,-70.293393
-7932365.9809866,-3499642.54816158,4235,2023,1563291,2023/10/01 00:00:00+00,Octubre,1,Domingo,1899/12/30 00:00:00+00,20:15:00,20,REGION COQUIMBO,COQUIMBO,COLISION POR ALCANCE,COLISION,URBANA,TRAMO DE VIA RECTA,IMPRUDENCIA DEL CONDUCTOR,CONDUCCION NO ATENTO CONDICIONES TRANSITO MOMENTO,PARQUE NACIONAL LOS FLAMENCOS,PARQUE NACIONAL HORNOPIREN,PARQUE NACIONAL HORNOPIREN - PARQUE NACIONAL LOS FLAMENCOS,0, , ,BIDIRECCIONAL,ASFALTO,BUENO,SECO,DESPEJADO,0,0,0,0,04,041,04102,Coquimbo,Elqui,Coquimbo,Interseccion,"PARQUE NACIONAL HORNOPIREN & PARQUE NACIONAL LOS FLAMENCOS, Coquimbo",-29.969598,-71.257656
-7878505.02503345,-3967926.48260655,4236,2023,1564747,2023/10/01 00:00:00+00,Octubre,1,Domingo,1899/12/30 00:00:00+00,22:20:00,22,REGION METROPOLITANA,MAIPU,VOLCADURA,VOLCADURA,URBANA,TRAMO DE VIA RECTA,IMPRUDENCIA DEL CONDUCTOR,CONDUCCION NO ATENTO CONDICIONES TRANSITO MOMENTO,CAMINO A MELIPILLA,4 PONIENTE,4 PONIENTE - CAMINO A MELIPILLA,0, , ,BIDIRECCIONAL CON BANDEJON,ASFALTO,BUENO,SECO,DESPEJADO,0,1,0,0,13,131,13119,Metropolitana de Santiago,Santiago,Maipú,Interseccion,"4 PONIENTE & CAMINO A MELIPILLA, Maipú",-33.54543,-70.773815
-7867199.12811781,-3957085.79788949,4237,2023,1563573,2023/10/01 00:00:00+00,Octubre,1,Domingo,1899/12/30 00:00:00+00,23:15:00,23,REGION METROPOLITANA,SANTIAGO,COLISION PERPENDICULAR,COLISION,URBANA,CRUCE CON SEÑAL PARE,IMPRUDENCIA DEL CONDUCTOR,CONDUCCION NO ATENTO CONDICIONES TRANSITO MOMENTO,GAY,BASCUÑAN GUERRERO,BASCUÑAN GUERRERO - GAY,0, , ,UNIDIRECCIONAL,CONCRETO,BUENO,SECO,DESPEJADO,0,0,0,0,13,131,13101,Metropolitana de Santiago,Santiago,Santiago,Interseccion,"BASCUÑAN GUERRERO & GAY, Santiago",-33.464228,-70.672252
-7863223.77551819,-3964355.90682319,4238,2023,1562271,2023/10/01 00:00:00+00,Octubre,1,Domingo,1899/12/30 00:00:00+00,23:30:00,23,REGION METROPOLITANA,SAN JOAQUIN,COLISION PERPENDICULAR,COLISION,URBANA,CRUCE CON SEMAFORO FUNCIONANDO,DESOBEDIENCIA A SEÑALIZACION,SEÑALIZACION DESOBEDECER LUZ ROJA DE SEMAFORO,STA ROSA,LO OVALLE,LO OVALLE - STA ROSA,0, , ,BIDIRECCIONAL CON BANDEJON,ASFALTO,BUENO,SECO,DESPEJADO,1,0,0,0,13,131,13129,Metropolitana de Santiago,Santiago,San Joaquín,Interseccion,"LO OVALLE & STA ROSA, San Joaquín",-33.518693,-70.636541
-8028205.71738202,-4385762.90853713,4239,2023,1562676,2023/10/02 00:00:00+00,Octubre,2,Lunes,1899/12/30 00:00:00+00,00:10:00,0,REGION ÑUBLE,CHILLAN,VOLCADURA,VOLCADURA,URBANA,TRAMO DE VIA CURVA HORIZONTAL,VELOCIDAD IMPRUDENTE,VELOCIDAD NO RAZONABLE NI PRUDENTE,LOS CORREGIDORES,LOS FRANCISCANOS,LOS CORREGIDORES - LOS FRANCISCANOS,0, , ,BIDIRECCIONAL,CONCRETO,REGULAR,GRAVILLA,DESPEJADO,0,0,0,1,16,161,16101,Ñuble,Diguillín,Chillán,Interseccion,"LOS CORREGIDORES & LOS FRANCISCANOS, Chillán",-36.616335,-72.118599
-7673662.92425548,-2565935.85997304,4240,2023,1562471,2023/10/02 00:00:00+00,Octubre,2,Lunes,1899/12/30 00:00:00+00,03:49:00,3,REGION ANTOFAGASTA,CALAMA,COLISION,COLISION,URBANA,CRUCE CON SEÑAL PARE,ALCOHOL EN CONDUCTOR,CONDUCCION EN ESTADO DE EBRIEDAD,GRECIA,ALONSO DE ERCILLA,ALONSO DE ERCILLA - GRECIA,0, , ,BIDIRECCIONAL,ASFALTO,BUENO,SECO,DESPEJADO,0,0,0,0,02,022,02201,Antofagasta,El Loa,Calama,Interseccion,"ALONSO DE ERCILLA & GRECIA, Calama",-22.45246,-68.933687
-7875109.80282815,-4049558.57913629,4241,2023,1562965,2023/10/02 00:00:00+00,Octubre,2,Lunes,1899/12/30 00:00:00+00,09:00:00,9,REGION LIB.B.O'HIGGINS,RANCAGUA,COLISION LATERAL,COLISION,URBANA,CRUCE CON SEMAFORO FUNCIONANDO,IMPRUDENCIA DEL CONDUCTOR,CONDUCCION NO ATENTO CONDICIONES TRANSITO MOMENTO,ESPAÑA,REPUBLICA DE CHILE,ESPAÑA - REPUBLICA DE CHILE,0, , ,BIDIRECCIONAL,ASFALTO,BUENO,SECO,DESPEJADO,0,0,0,1,06,061,06101,Libertador General Bernardo O'Higgins,Cachapoal,Rancagua,Interseccion,"ESPAÑA & REPUBLICA DE CHILE, Rancagua",-34.154441,-70.743315
-7965607.11641854,-3898063.24268352,4242,2023,1563541,2023/10/02 00:00:00+00,Octubre,2,Lunes,1899/12/30 00:00:00+00,11:20:00,11,REGION VALPARAISO,VIÑA DEL MAR,COLISION POR ALCANCE,COLISION,URBANA,TRAMO DE VIA RECTA,IMPRUDENCIA DEL CONDUCTOR,CONDUCCION NO ATENTO CONDICIONES TRANSITO MOMENTO,4 PONIENTE,2 NORTE,2 NORTE - 4 PONIENTE,0, , ,UNIDIRECCIONAL,CONCRETO,BUENO,SECO,DESPEJADO,0,0,0,0,05,051,05109,Valparaíso,Valparaíso,Viña del Mar,Interseccion,"2 NORTE & 4 PONIENTE, Viña del Mar",-33.020786,-71.556266
-7872764.52379612,-3955971.25590199,4243,2023,1563474,2023/10/02 00:00:00+00,Octubre,2,Lunes,1899/12/30 00:00:00+00,13:50:00,13,REGION METROPOLITANA,LO PRADO,COLISION PERPENDICULAR,COLISION,URBANA,CRUCE CON SEÑAL CEDA EL PASO,DESOBEDIENCIA A SEÑALIZACION,SEÑALIZACION DESOBEDECER SEÑAL CEDA EL PASO,NEPTUNO,GRAL OSCAR BONILLA,GRAL OSCAR BONILLA - NEPTUNO,0, , ,BIDIRECCIONAL CON BANDEJON,ASFALTO,BUENO,SECO,NUBLADO,0,0,0,0,13,131,13117,Metropolitana de Santiago,Santiago,Lo Prado,Interseccion,"GRAL OSCAR BONILLA & NEPTUNO, Lo Prado",-33.455875,-70.722247
-7975703.54933061,-4217799.85765793,4244,2023,1563360,2023/10/02 00:00:00+00,Octubre,2,Lunes,1899/12/30 00:00:00+00,14:00:00,14,REGION MAULE,TALCA,ATROPELLO,ATROPELLO,URBANA,CRUCE SIN SEÑALIZACION,IMPRUDENCIA DEL PEATON,PEATON CRUZA CALZADA FORMA SORPRESIVA O DESCUIDADA,5 1/2 ORIENTE B,23 NORTE,23 NORTE - 5 1/2 ORIENTE B,0, , ,BIDIRECCIONAL,ASFALTO,BUENO,SECO,DESPEJADO,0,0,0,2,07,071,07101,Maule,Talca,Talca,Interseccion,"23 NORTE & 5 1/2 ORIENTE B, Talca",-35.395801,-71.646964
-7852158.79624452,-3945889.1465493,4245,2023,1571445,2023/10/02 00:00:00+00,Octubre,2,Lunes,1899/12/30 00:00:00+00,14:00:00,14,REGION METROPOLITANA,VITACURA,COLISION LATERAL,COLISION,URBANA,TRAMO DE VIA RECTA,IMPRUDENCIA DEL CONDUCTOR,ADELANTAMIENTO SIN EFECTUAR LA SEÑAL RESPECTIVA,COST NORTE,TABANCURA,COST NORTE - TABANCURA,0, , ,BIDIRECCIONAL,ASFALTO,BUENO,SECO,DESPEJADO,0,0,0,1,13,131,13132,Metropolitana de Santiago,Santiago,Vitacura,Interseccion,"COST NORTE & TABANCURA, Vitacura",-33.380279,-70.537143
-7862730.2962155,-3954222.69493691,4246,2023,1566636,2023/10/02 00:00:00+00,Octubre,2,Lunes,1899/12/30 00:00:00+00,14:30:00,14,REGION METROPOLITANA,PROVIDENCIA,COLISION FRONTAL,COLISION,URBANA,CRUCE CON SEMAFORO FUNCIONANDO,DESOBEDIENCIA A SEÑALIZACION,SEÑALIZACION DESOBEDECER SEÑAL PARE,FRANCISCO BILBAO,RAMON CARNICER,FRANCISCO BILBAO - RAMON CARNICER,0, , ,BIDIRECCIONAL,ASFALTO,BUENO,SECO,DESPEJADO,0,1,0,0,13,131,13123,Metropolitana de Santiago,Santiago,Providencia,Interseccion,"FRANCISCO BILBAO & RAMON CARNICER, Providencia",-33.442769,-70.632108
-7873513.8041233,-3862382.53790752,4247,2023,1564194,2023/10/02 00:00:00+00,Octubre,2,Lunes,1899/12/30 00:00:00+00,16:15:00,16,REGION VALPARAISO,SAN FELIPE,COLISION,COLISION,URBANA,CRUCE CON SEÑAL PARE,DESOBEDIENCIA A SEÑALIZACION,SEÑALIZACION DESOBEDECER SEÑAL PARE,FREIRE,NAVARRO,FREIRE - NAVARRO,0, , ,UNIDIRECCIONAL,CONCRETO,BUENO,SECO,DESPEJADO,0,1,0,0,05,057,05701,Valparaíso,San Felipe de Aconcagua,San Felipe,Interseccion,"FREIRE & NAVARRO, San Felipe",-32.751625,-70.728978
-7930411.09943104,-3499984.10923324,4248,2023,1563599,2023/10/02 00:00:00+00,Octubre,2,Lunes,1899/12/30 00:00:00+00,18:45:00,18,REGION COQUIMBO,COQUIMBO,COLISION PERPENDICULAR,COLISION,URBANA,CRUCE SIN SEÑALIZACION,IMPRUDENCIA DEL CONDUCTOR,"ADELANTAMIENTO EN CRUCE, CURVA, CUESTA, PUENTE",PRESIDENTE ARTURO ALESSANDRI,PARQUE NACIONAL HORNOPIREN,PARQUE NACIONAL HORNOPIREN - PRESIDENTE ARTURO ALESSANDRI,0, , ,BIDIRECCIONAL,ASFALTO,BUENO,SECO,DESPEJADO,0,0,1,0,04,041,04102,Coquimbo,Elqui,Coquimbo,Interseccion,"PARQUE NACIONAL HORNOPIREN & PRESIDENTE ARTURO ALESSANDRI, Coquimbo",-29.972256,-71.240095
-7859406.40753991,-3964560.73403241,4249,2023,1564079,2023/10/02 00:00:00+00,Octubre,2,Lunes,1899/12/30 00:00:00+00,19:30:00,19,REGION METROPOLITANA,LA FLORIDA,ATROPELLO,ATROPELLO,URBANA,CRUCE CON SEMAFORO FUNCIONANDO,IMPRUDENCIA DEL PEATON,IMPRUDENCIA DEL PEATON,VICUÑA MACKENNA,EL CABILDO,EL CABILDO - VICUÑA MACKENNA,0, , ,BIDIRECCIONAL CON BANDEJON,ASFALTO,BUENO,SECO,DESPEJADO,0,0,0,3,13,131,13110,Metropolitana de Santiago,Santiago,La Florida,Interseccion,"EL CABILDO & VICUÑA MACKENNA, La Florida",-33.520227,-70.602249
-8014474.65859002,-4147796.51441639,4250,2023,1563818,2023/10/02 00:00:00+00,Octubre,2,Lunes,1899/12/30 00:00:00+00,21:40:00,21,REGION MAULE,CURICO,COLISION FRONTAL,COLISION,URBANA,CRUCE SIN SEÑALIZACION,IMPRUDENCIA DEL CONDUCTOR,CONDUCCION NO ATENTO CONDICIONES TRANSITO MOMENTO,LICANTEN,LA QUIRIGUA,LA QUIRIGUA - LICANTEN,0, , ,BIDIRECCIONAL,ASFALTO,BUENO,SECO,DESPEJADO,0,0,2,0,07,073,07301,Maule,Curicó,Curicó,Interseccion,"LA QUIRIGUA & LICANTEN, Curicó",-34.881555,-71.995251
-7975446.5153203,-4221897.41085343,4251,2023,1563409,2023/10/02 00:00:00+00,Octubre,2,Lunes,1899/12/30 00:00:00+00,22:30:00,22,REGION MAULE,TALCA,COLISION,COLISION,URBANA,CRUCE CON SEMAFORO FUNCIONANDO,DESOBEDIENCIA A SEÑALIZACION,SEÑALIZACION DESOBEDECER LUZ ROJA DE SEMAFORO,14 ORIENTE,2 NORTE,14 ORIENTE - 2 NORTE,0, , ,UNIDIRECCIONAL,CONCRETO,BUENO,SECO,DESPEJADO,0,0,0,2,07,071,07101,Maule,Talca,Talca,Interseccion,"14 ORIENTE & 2 NORTE, Talca",-35.425801,-71.644655
-7878708.72549723,-3955005.97356469,4252,2023,1564570,2023/10/03 00:00:00+00,Octubre,3,Martes,1899/12/30 00:00:00+00,06:44:00,6,REGION METROPOLITANA,PUDAHUEL,COLISION LATERAL,COLISION,URBANA,TRAMO DE VIA RECTA,IMPRUDENCIA DEL CONDUCTOR,CONDUCCION NO ATENTO CONDICIONES TRANSITO MOMENTO,CLAUDIO ARRAU,AMERICO VESPUCIO,AMERICO VESPUCIO - CLAUDIO ARRAU,0, , ,BIDIRECCIONAL,MIXTO,BUENO,SECO,DESPEJADO,0,0,0,1,13,131,13124,Metropolitana de Santiago,Santiago,Pudahuel,Interseccion,"AMERICO VESPUCIO & CLAUDIO ARRAU, Pudahuel",-33.44864,-70.775645
-8081204.25905402,-4683561.46027496,4253,2023,1563322,2023/10/03 00:00:00+00,Octubre,3,Martes,1899/12/30 00:00:00+00,07:00:00,7,REGION ARAUCANIA,TEMUCO,COLISION PERPENDICULAR,COLISION,URBANA,CRUCE CON SEÑAL PARE,DESOBEDIENCIA A SEÑALIZACION,SEÑALIZACION DESOBEDECER SEÑAL PARE,LAS HERAS,MIRAFLORES,LAS HERAS - MIRAFLORES,0, , ,UNIDIRECCIONAL,CONCRETO,BUENO,SECO,DESPEJADO,0,0,0,1,09,091,09101,La Araucanía,Cautín,Temuco,Interseccion,"LAS HERAS & MIRAFLORES, Temuco",-38.733445,-72.594693
-7866216.60002817,-3966845.99215029,4254,2023,1563495,2023/10/03 00:00:00+00,Octubre,3,Martes,1899/12/30 00:00:00+00,07:55:00,7,REGION METROPOLITANA,LA CISTERNA,VOLCADURA,VOLCADURA,URBANA,CRUCE CON SEÑAL PARE,DESOBEDIENCIA A SEÑALIZACION,SEÑALIZACION DESOBEDECER SEÑAL PARE,AMERICO VESPUCIO,GASTON DESPOUY,AMERICO VESPUCIO - GASTON DESPOUY,0, , ,UNIDIRECCIONAL,CONCRETO,BUENO,SECO,DESPEJADO,0,0,0,0,13,131,13109,Metropolitana de Santiago,Santiago,La Cisterna,Interseccion,"AMERICO VESPUCIO & GASTON DESPOUY, La Cisterna",-33.53734,-70.663426
-7866216.60002817,-3966845.99215029,4255,2023,1565263,2023/10/03 00:00:00+00,Octubre,3,Martes,1899/12/30 00:00:00+00,07:55:00,7,REGION METROPOLITANA,LA CISTERNA,VOLCADURA,VOLCADURA,URBANA,TRAMO DE VIA RECTA,IMPRUDENCIA DEL CONDUCTOR,CONDUCCION NO ATENTO CONDICIONES TRANSITO MOMENTO,AMERICO VESPUCIO,GASTON DESPOUY,AMERICO VESPUCIO - GASTON DESPOUY,0, , ,UNIDIRECCIONAL,ASFALTO,BUENO,MOJADO,LLOVIZNA,0,0,0,0,13,131,13109,Metropolitana de Santiago,Santiago,La Cisterna,Interseccion,"AMERICO VESPUCIO & GASTON DESPOUY, La Cisterna",-33.53734,-70.663426
-7931324.80984487,-4160651.36500754,4256,2023,1563758,2023/10/03 00:00:00+00,Octubre,3,Martes,1899/12/30 00:00:00+00,08:10:00,8,REGION MAULE,CURICO,CHOQUE FRONTAL,CHOQUE,URBANA,CRUCE CON SEMAFORO FUNCIONANDO,VELOCIDAD IMPRUDENTE,VELOCIDAD NO RAZONABLE NI PRUDENTE,BALMACEDA,COLON,BALMACEDA - COLON,0, , ,BIDIRECCIONAL CON BANDEJON,CONCRETO,BUENO,SECO,NUBLADO,0,0,0,1,07,073,07301,Maule,Curicó,Curicó,Interseccion,"BALMACEDA & COLON, Curicó",-34.97623,-71.248303
-7941074.33781665,-3497711.58916247,4257,2023,1563604,2023/10/03 00:00:00+00,Octubre,3,Martes,1899/12/30 00:00:00+00,11:10:00,11,REGION COQUIMBO,COQUIMBO,COLISION PERPENDICULAR,COLISION,URBANA,CRUCE SIN SEÑALIZACION,IMPRUDENCIA DEL CONDUCTOR,CONDUCIR VEHICULO EN RETROCESO,COSTANERA,BILBAO,BILBAO - COSTANERA,0, , ,BIDIRECCIONAL CON BANDEJON,ASFALTO,BUENO,SECO,DESPEJADO,0,0,0,1,04,041,04102,Coquimbo,Elqui,Coquimbo,Interseccion,"BILBAO & COSTANERA, Coquimbo",-29.95457,-71.335884
-7865470.31416189,-3953727.09947148,4258,2023,1564104,2023/10/03 00:00:00+00,Octubre,3,Martes,1899/12/30 00:00:00+00,13:30:00,13,REGION METROPOLITANA,SANTIAGO,COLISION LATERAL,COLISION,URBANA,CRUCE CON SEMAFORO FUNCIONANDO,IMPRUDENCIA DEL CONDUCTOR,CONDUCCION NO ATENTO CONDICIONES TRANSITO MOMENTO,LIBER BERNARDO O'HIGGINS,AMUNATEGUI,AMUNATEGUI - LIBER BERNARDO O'HIGGINS,0, , ,UNIDIRECCIONAL,ASFALTO,REGULAR,SECO,DESPEJADO,0,0,0,0,13,131,13101,Metropolitana de Santiago,Santiago,Santiago,Interseccion,"AMUNATEGUI & LIBER BERNARDO O'HIGGINS, Santiago",-33.439054,-70.656722
-7859012.89313995,-3964889.34642021,4259,2023,1564074,2023/10/03 00:00:00+00,Octubre,3,Martes,1899/12/30 00:00:00+00,13:45:00,13,REGION METROPOLITANA,LA FLORIDA,ATROPELLO,ATROPELLO,URBANA,CRUCE CON SEMAFORO FUNCIONANDO,DESOBEDIENCIA A SEÑALIZACION,SEÑALIZACION DESOBEDECER LUZ INTERMITENTE SEMAFORO,VICUÑA MACKENNA,VERDI,VERDI - VICUÑA MACKENNA,0, , ,BIDIRECCIONAL,ASFALTO,BUENO,SECO,DESPEJADO,0,0,0,0,13,131,13110,Metropolitana de Santiago,Santiago,La Florida,Interseccion,"VERDI & VICUÑA MACKENNA, La Florida",-33.522688,-70.598714
-7931083.02391086,-4161391.12852653,4260,2023,1563755,2023/10/03 00:00:00+00,Octubre,3,Martes,1899/12/30 00:00:00+00,14:10:00,14,REGION MAULE,CURICO,CHOQUE FRENTE/POSTERIOR,CHOQUE,URBANA,TRAMO DE VIA RECTA,VELOCIDAD IMPRUDENTE,VELOCIDAD NO RAZONABLE NI PRUDENTE,CAMILO HENRIQUEZ,MAIPU,CAMILO HENRIQUEZ - MAIPU,0, , ,BIDIRECCIONAL,ASFALTO,BUENO,SECO,DESPEJADO,0,0,0,0,07,073,07301,Maule,Curicó,Curicó,Interseccion,"CAMILO HENRIQUEZ & MAIPU, Curicó",-34.981675,-71.246131
-8054074.14067483,-4504971.8800387,4261,2023,1566302,2023/10/03 00:00:00+00,Octubre,3,Martes,1899/12/30 00:00:00+00,15:10:00,15,REGION BIO BIO,LOS ANGELES,COLISION,COLISION,URBANA,CRUCE CON SEMAFORO FUNCIONANDO,IMPRUDENCIA DEL CONDUCTOR,CONDUCCION NO ATENTO CONDICIONES TRANSITO MOMENTO,CRISTOBAL COLON,CAUPOLICAN,CAUPOLICAN - CRISTOBAL COLON,0, , ,UNIDIRECCIONAL,CONCRETO,BUENO,SECO,DESPEJADO,0,0,0,1,08,083,08301,Biobío,Biobío,Los Angeles,Interseccion,"CAUPOLICAN & CRISTOBAL COLON, Los Angeles",-37.471063,-72.350979