X,Y,FID,Año,IdAccident,Fecha,Mes,Dia_mes,Dia_semana,Hora,Hora_texto,Hora_aprox,Región,Comuna,Tipo_Accid,Tipo__CONA,Zona,Ubicación,Causa__CON,Causa_Acci,Calle_Uno,Calle_Dos,Intersecci,Número,Ruta,Ubicaci_1,Calzada,Tipo_Calza,Estado_Cal,Condición,Estado_Atm,Fallecidos,Graves,Menos_Grav,Leves,CUT_REG,CUT_PROV,CUT_COM,REGION,PROVINCIA,COMUNA1,Tipo_direc,Direccion,Lat,Lon
-7876681.85667713,-3963263.46737144,4262,2023,1562803,2023/10/03 00:00:00+00,Octubre,3,Martes,1899/12/30 00:00:00+00,16:20:00,16,REGION METROPOLITANA,MAIPU,ATROPELLO,ATROPELLO,URBANA,CRUCE CON SEMAFORO FUNCIONANDO,IMPRUDENCIA DEL PEATON,PEATON CRUZA CALZADA FORMA SORPRESIVA O DESCUIDADA,5 DE ABRIL,LOS PAJARITOS,5 DE ABRIL - LOS PAJARITOS,0, , ,BIDIRECCIONAL CON BANDEJON,ASFALTO,BUENO,SECO,DESPEJADO,0,1,0,0,13,131,13119,Metropolitana de Santiago,Santiago,Maipú,Interseccion,"5 DE ABRIL & LOS PAJARITOS, Maipú",-33.510511,-70.757437
-7672442.96269035,-2566612.42916041,4263,2023,1562821,2023/10/03 00:00:00+00,Octubre,3,Martes,1899/12/30 00:00:00+00,17:00:00,17,REGION ANTOFAGASTA,CALAMA,COLISION LATERAL,COLISION,URBANA,CRUCE CON SEMAFORO FUNCIONANDO,ALCOHOL EN CONDUCTOR,CONDUCCION EN ESTADO DE EBRIEDAD,BALMACEDA,ANTOFAGASTA,ANTOFAGASTA - BALMACEDA,0, , ,BIDIRECCIONAL CON BANDEJON,ASFALTO,BUENO,SECO,DESPEJADO,0,0,0,1,02,022,02201,Antofagasta,El Loa,Calama,Interseccion,"ANTOFAGASTA & BALMACEDA, Calama",-22.458077,-68.922728
-8025597.72437398,-4384800.44057051,4264,2023,1563633,2023/10/03 00:00:00+00,Octubre,3,Martes,1899/12/30 00:00:00+00,17:00:00,17,REGION ÑUBLE,CHILLAN,COLISION PERPENDICULAR,COLISION,URBANA,CRUCE CON SEÑAL PARE,DESOBEDIENCIA A SEÑALIZACION,SEÑALIZACION DESOBEDECER SEÑAL PARE,CONSTITUCION,YERBAS BUENAS,CONSTITUCION - YERBAS BUENAS,0, , ,UNIDIRECCIONAL,CONCRETO,BUENO,SECO,DESPEJADO,0,0,0,0,16,161,16101,Ñuble,Diguillín,Chillán,Interseccion,"CONSTITUCION & YERBAS BUENAS, Chillán",-36.609395,-72.095171
-8002063.55950589,-4641669.12774362,4265,2023,1564744,2023/10/03 00:00:00+00,Octubre,3,Martes,1899/12/30 00:00:00+00,17:40:00,17,REGION ARAUCANIA,CURACAUTIN,CHOQUE FRENTE/POSTERIOR,CHOQUE,URBANA,TRAMO DE VIA RECTA,IMPRUDENCIA DEL CONDUCTOR,CONDUCCION NO ATENTO CONDICIONES TRANSITO MOMENTO,ARTURO PRAT,ARAUCO,ARAUCO - ARTURO PRAT,0, , ,UNIDIRECCIONAL,CONCRETO,BUENO,SECO,DESPEJADO,0,0,1,0,09,092,09203,La Araucanía,Malleco,Curacautín,Interseccion,"ARAUCO & ARTURO PRAT, Curacautín",-38.439284,-71.88376
-7927029.21327847,-4162577.57014187,4266,2023,1576168,2023/10/03 00:00:00+00,Octubre,3,Martes,1899/12/30 00:00:00+00,18:15:00,18,REGION MAULE,CURICO,COLISION POR ALCANCE,COLISION,URBANA,TRAMO DE VIA RECTA,IMPRUDENCIA DEL CONDUCTOR,CONDUCCION NO ATENTO CONDICIONES TRANSITO MOMENTO,MANUEL LABRA LILLO,CAMINO ZAPALLAR,CAMINO ZAPALLAR - MANUEL LABRA LILLO,0, , ,BIDIRECCIONAL,ASFALTO,BUENO,SECO,DESPEJADO,0,0,0,0,07,073,07301,Maule,Curicó,Curicó,Interseccion,"CAMINO ZAPALLAR & MANUEL LABRA LILLO, Curicó",-34.990407,-71.209715
-7872030.7773469,-4050350.96169994,4267,2023,1563274,2023/10/03 00:00:00+00,Octubre,3,Martes,1899/12/30 00:00:00+00,19:00:00,19,REGION LIB.B.O'HIGGINS,RANCAGUA,COLISION POR ALCANCE,COLISION,URBANA,TRAMO DE VIA RECTA,IMPRUDENCIA DEL CONDUCTOR,CONDUCCION NO ATENTO CONDICIONES TRANSITO MOMENTO,REPUBLICA DE CHILE,CONSTANZA,CONSTANZA - REPUBLICA DE CHILE,0, , ,BIDIRECCIONAL CON BANDEJON,CONCRETO,BUENO,SECO,DESPEJADO,0,0,1,0,06,061,06101,Libertador General Bernardo O'Higgins,Cachapoal,Rancagua,Interseccion,"CONSTANZA & REPUBLICA DE CHILE, Rancagua",-34.160331,-70.715656
-7970510.94041872,-4277453.18134432,4268,2023,1565995,2023/10/03 00:00:00+00,Octubre,3,Martes,1899/12/30 00:00:00+00,19:30:00,19,REGION MAULE,LINARES,IMPACTO CON ANIMAL,OTRO TIPO,URBANA,TRAMO DE VIA RECTA,DEFICIENCIAS VIALES,ANIMALES SUELTOS VIA PUBLICA,CORONEL DE ARTILLERIA,RIOS DEL SUR,CORONEL DE ARTILLERIA - RIOS DEL SUR,0, , ,BIDIRECCIONAL,ASFALTO,BUENO,SECO,NUBLADO,0,0,0,1,07,074,07401,Maule,Linares,Linares,Interseccion,"CORONEL DE ARTILLERIA & RIOS DEL SUR, Linares",-35.831445,-71.600318
-7856326.75382711,-3957812.29348226,4269,2023,1564859,2023/10/03 00:00:00+00,Octubre,3,Martes,1899/12/30 00:00:00+00,22:00:00,22,REGION METROPOLITANA,PEÑALOLEN,COLISION FRONTAL,COLISION,URBANA,TRAMO DE VIA RECTA,IMPRUDENCIA DEL CONDUCTOR,CONDUCCION NO ATENTO CONDICIONES TRANSITO MOMENTO,GRECIA,PENINSULA,GRECIA - PENINSULA,0, , ,BIDIRECCIONAL CON BANDEJON,CONCRETO,BUENO,SECO,DESPEJADO,0,0,0,0,13,131,13122,Metropolitana de Santiago,Santiago,Peñalolén,Interseccion,"GRECIA & PENINSULA, Peñalolén",-33.469672,-70.574584
-7859104.39776139,-3966171.70516536,4270,2023,1564131,2023/10/03 00:00:00+00,Octubre,3,Martes,1899/12/30 00:00:00+00,23:40:00,23,REGION METROPOLITANA,LA FLORIDA,COLISION LATERAL,COLISION,URBANA,CRUCE CON SEMAFORO FUNCIONANDO,IMPRUDENCIA DEL CONDUCTOR,CONDUCCION NO ATENTO CONDICIONES TRANSITO MOMENTO,MANUTARA,STA JULIA,MANUTARA - STA JULIA,0, , ,UNIDIRECCIONAL,ASFALTO,BUENO,SECO,DESPEJADO,0,0,0,0,13,131,13110,Metropolitana de Santiago,Santiago,La Florida,Interseccion,"MANUTARA & STA JULIA, La Florida",-33.532291,-70.599536
-7862021.7476566,-3956267.20057525,4271,2023,1564901,2023/10/04 00:00:00+00,Octubre,4,Miércoles,1899/12/30 00:00:00+00,01:40:00,1,REGION METROPOLITANA,ÑUÑOA,COLISION POR ALCANCE,COLISION,URBANA,CRUCE CON SEÑAL CEDA EL PASO,IMPRUDENCIA DEL CONDUCTOR,CONDUCCION NO ATENTO CONDICIONES TRANSITO MOMENTO,PANAMA,SEMINARIO,PANAMA - SEMINARIO,0, , ,BIDIRECCIONAL,CONCRETO,BUENO,SECO,DESPEJADO,0,0,0,2,13,131,13120,Metropolitana de Santiago,Santiago,Ñuñoa,Interseccion,"PANAMA & SEMINARIO, Ñuñoa",-33.458093,-70.625743
-7863126.87190146,-3953060.2602328,4272,2023,1564412,2023/10/04 00:00:00+00,Octubre,4,Miércoles,1899/12/30 00:00:00+00,06:20:00,6,REGION METROPOLITANA,PROVIDENCIA,CHOQUE POSTERIOR/POSTERIOR,CHOQUE,URBANA,TRAMO DE VIA RECTA,IMPRUDENCIA DEL CONDUCTOR,CONDUCCION NO ATENTO CONDICIONES TRANSITO MOMENTO,COST NORTE,PIO NONO,COST NORTE - PIO NONO,0, , ,UNIDIRECCIONAL,ASFALTO,BUENO,SECO,DESPEJADO,0,0,0,1,13,131,13123,Metropolitana de Santiago,Santiago,Providencia,Interseccion,"COST NORTE & PIO NONO, Providencia",-33.434055,-70.635671
-7872468.98173567,-3954507.97550065,4273,2023,1563479,2023/10/04 00:00:00+00,Octubre,4,Miércoles,1899/12/30 00:00:00+00,09:40:00,9,REGION METROPOLITANA,LO PRADO,COLISION FRONTAL,COLISION,URBANA,CRUCE CON SEMAFORO FUNCIONANDO,IMPRUDENCIA DEL CONDUCTOR,CONDUCCION CONTRA SENTIDO DEL TRANSITO,SAN GERMAN,PORTALES,PORTALES - SAN GERMAN,0, , ,UNIDIRECCIONAL,ASFALTO,BUENO,SECO,NUBLADO,0,0,0,0,13,131,13117,Metropolitana de Santiago,Santiago,Lo Prado,Interseccion,"PORTALES & SAN GERMAN, Lo Prado",-33.444907,-70.719592
-7872428.50960897,-3945004.48983579,4274,2023,1563081,2023/10/04 00:00:00+00,Octubre,4,Miércoles,1899/12/30 00:00:00+00,11:07:00,11,REGION METROPOLITANA,QUILICURA,COLISION POR ALCANCE,COLISION,URBANA,CRUCE CON SEÑAL PARE,IMPRUDENCIA DEL CONDUCTOR,CONDUCCION NO ATENTO CONDICIONES TRANSITO MOMENTO,ALC JUAN LARENAS,AMERICO VESPUCIO,ALC JUAN LARENAS - AMERICO VESPUCIO,0, , ,UNIDIRECCIONAL,ASFALTO,BUENO,SECO,DESPEJADO,0,0,0,1,13,131,13125,Metropolitana de Santiago,Santiago,Quilicura,Interseccion,"ALC JUAN LARENAS & AMERICO VESPUCIO, Quilicura",-33.373643,-70.719229
-7931217.25299739,-3494921.47251738,4275,2023,1564255,2023/10/04 00:00:00+00,Octubre,4,Miércoles,1899/12/30 00:00:00+00,16:00:00,16,REGION COQUIMBO,LA SERENA,COLISION LATERAL,COLISION,URBANA,TRAMO DE VIA RECTA,IMPRUDENCIA DEL CONDUCTOR,CONDUCCION SIN MANTENER DISTANCIA RAZONABLE NI PRUDENTE,GABRIELA MISTRAL,LOS PERALES,GABRIELA MISTRAL - LOS PERALES,0, , ,BIDIRECCIONAL CON BANDEJON,ASFALTO,BUENO,SECO,DESPEJADO,0,0,0,0,04,041,04101,Coquimbo,Elqui,La Serena,Interseccion,"GABRIELA MISTRAL & LOS PERALES, La Serena",-29.932852,-71.247337
-8129898.07593912,-4412784.55885106,4276,2023,1563478,2023/10/04 00:00:00+00,Octubre,4,Miércoles,1899/12/30 00:00:00+00,17:55:00,17,REGION BIO BIO,CONCEPCION,COLISION,COLISION,URBANA,CRUCE CON SEÑAL CEDA EL PASO,IMPRUDENCIA DEL CONDUCTOR,CONDUCCION NO ATENTO CONDICIONES TRANSITO MOMENTO,DIEGO DE ORO,SANTA MARIA,DIEGO DE ORO - SANTA MARIA,0, , ,UNIDIRECCIONAL,CONCRETO,BUENO,SECO,DESPEJADO,0,1,0,0,08,081,08101,Biobío,Concepción,Concepción,Interseccion,"DIEGO DE ORO & SANTA MARIA, Concepción",-36.810923,-73.032117
-7964101.38678896,-3888146.91514396,4277,2023,1563485,2023/10/04 00:00:00+00,Octubre,4,Miércoles,1899/12/30 00:00:00+00,18:20:00,18,REGION VALPARAISO,CONCON,COLISION,COLISION,URBANA,TRAMO DE VIA RECTA,IMPRUDENCIA DEL CONDUCTOR,CONDUCCION NO ATENTO CONDICIONES TRANSITO MOMENTO,BOSQUES DE MONTEMAR,LAS BELLOTAS,BOSQUES DE MONTEMAR - LAS BELLOTAS,0, , ,BIDIRECCIONAL,ASFALTO,BUENO,SECO,DESPEJADO,0,0,1,0,05,051,05103,Valparaíso,Valparaíso,Concón,Interseccion,"BOSQUES DE MONTEMAR & LAS BELLOTAS, Concón",-32.946063,-71.54274
-7971109.61661795,-3970983.65662586,4278,2023,1570952,2023/10/04 00:00:00+00,Octubre,4,Miércoles,1899/12/30 00:00:00+00,18:30:00,18,REGION VALPARAISO,SAN ANTONIO,COLISION POR ALCANCE,COLISION,URBANA,CRUCE SIN SEÑALIZACION,IMPRUDENCIA DEL CONDUCTOR,CONDUCCION NO ATENTO CONDICIONES TRANSITO MOMENTO,MANUEL BULNES,NUEVA BRUSELAS,MANUEL BULNES - NUEVA BRUSELAS,0, , ,BIDIRECCIONAL,ASFALTO,BUENO,SECO,DESPEJADO,0,0,0,0,05,056,05601,Valparaíso,San Antonio,San Antonio,Interseccion,"MANUEL BULNES & NUEVA BRUSELAS, San Antonio",-33.568316,-71.605696
-8017767.84535006,-4083584.12366014,4279,2023,1565181,2023/10/04 00:00:00+00,Octubre,4,Miércoles,1899/12/30 00:00:00+00,19:07:00,19,REGION LIB.B.O'HIGGINS,PICHILEMU,COLISION,COLISION,URBANA,TRAMO DE VIA RECTA,IMPRUDENCIA DEL CONDUCTOR,CONDUCCION NO ATENTO CONDICIONES TRANSITO MOMENTO,COMERCIO,LOS CALETONES,COMERCIO - LOS CALETONES,0, , ,BIDIRECCIONAL,ASFALTO,BUENO,SECO,DESPEJADO,0,0,0,1,06,062,06201,Libertador General Bernardo O'Higgins,Cardenal Caro,Pichilemu,Interseccion,"COMERCIO & LOS CALETONES, Pichilemu",-34.407001,-72.024834
-7865945.98234605,-3945741.66574623,4280,2023,1562886,2023/10/04 00:00:00+00,Octubre,4,Miércoles,1899/12/30 00:00:00+00,19:10:00,19,REGION METROPOLITANA,CONCHALI,COLISION,COLISION,URBANA,TRAMO DE VIA RECTA,IMPRUDENCIA DEL CONDUCTOR,CONDUCCION NO ATENTO CONDICIONES TRANSITO MOMENTO,CAUQUENES,GRAL GAMBINO,CAUQUENES - GRAL GAMBINO,0, , ,BIDIRECCIONAL CON BANDEJON,CONCRETO,REGULAR,SECO,DESPEJADO,0,1,0,0,13,131,13104,Metropolitana de Santiago,Santiago,Conchalí,Interseccion,"CAUQUENES & GRAL GAMBINO, Conchalí",-33.379173,-70.660995
-7875575.22961916,-3951210.09553899,4281,2023,1566314,2023/10/04 00:00:00+00,Octubre,4,Miércoles,1899/12/30 00:00:00+00,20:00:00,20,REGION METROPOLITANA,CERRO NAVIA,COLISION,COLISION,URBANA,CRUCE CON SEMAFORO FUNCIONANDO,IMPRUDENCIA DEL CONDUCTOR,CONDUCCION CAMBIAR SORPRESIVAMENTE PISTA CIRCULACION,COST SUR,ROLANDO PETERSEN,COST SUR - ROLANDO PETERSEN,0, , ,BIDIRECCIONAL,ASFALTO,BUENO,SECO,DESPEJADO,0,0,0,0,13,131,13103,Metropolitana de Santiago,Santiago,Cerro Navia,Interseccion,"COST SUR & ROLANDO PETERSEN, Cerro Navia",-33.420184,-70.747496
-7940228.47673264,-3499711.16808059,4282,2023,1563617,2023/10/04 00:00:00+00,Octubre,4,Miércoles,1899/12/30 00:00:00+00,20:20:00,20,REGION COQUIMBO,COQUIMBO,COLISION PERPENDICULAR,COLISION,URBANA,CRUCE CON SEÑAL PARE,DESOBEDIENCIA A SEÑALIZACION,SEÑALIZACION DESOBEDECER SEÑAL PARE,CHINA,MANUEL JESUS RIVERA,CHINA - MANUEL JESUS RIVERA,0, , ,BIDIRECCIONAL,CONCRETO,BUENO,SECO,DESPEJADO,0,0,1,1,04,041,04102,Coquimbo,Elqui,Coquimbo,Interseccion,"CHINA & MANUEL JESUS RIVERA, Coquimbo",-29.970132,-71.328286
-7962474.9310269,-3865638.33584965,4283,2023,1563535,2023/10/04 00:00:00+00,Octubre,4,Miércoles,1899/12/30 00:00:00+00,20:40:00,20,REGION VALPARAISO,QUINTERO,COLISION,COLISION,URBANA,CRUCE CON SEÑAL PARE,DESOBEDIENCIA A SEÑALIZACION,SEÑALIZACION DESOBEDECER SEÑAL PARE,LAZO,ARTURO PRAT,ARTURO PRAT - LAZO,0, , ,BIDIRECCIONAL,ASFALTO,BUENO,SECO,DESPEJADO,0,0,0,1,05,051,05107,Valparaíso,Valparaíso,Quintero,Interseccion,"ARTURO PRAT & LAZO, Quintero",-32.776219,-71.528129
-8054153.25544807,-4506109.86377525,4284,2023,1566579,2023/10/04 00:00:00+00,Octubre,4,Miércoles,1899/12/30 00:00:00+00,21:20:00,21,REGION BIO BIO,LOS ANGELES,COLISION LATERAL,COLISION,URBANA,TRAMO DE VIA RECTA,IMPRUDENCIA DEL CONDUCTOR,VIRAJES INDEBIDOS,SAN MARTIN,PATRICIO LYNCH,PATRICIO LYNCH - SAN MARTIN,0, , ,UNIDIRECCIONAL,CONCRETO,REGULAR,SECO,DESPEJADO,0,1,0,0,08,083,08301,Biobío,Biobío,Los Angeles,Interseccion,"PATRICIO LYNCH & SAN MARTIN, Los Angeles",-37.479176,-72.35169
-7874490.75513985,-3956914.08887238,4285,2023,1564559,2023/10/05 00:00:00+00,Octubre,5,Jueves,1899/12/30 00:00:00+00,01:10:00,1,REGION METROPOLITANA,PUDAHUEL,COLISION POR ALCANCE,COLISION,URBANA,TRAMO DE VIA RECTA,IMPRUDENCIA DEL CONDUCTOR,CONDUCCION SIN MANTENER DISTANCIA RAZONABLE NI PRUDENTE,TTE CRUZ,LAGUNA SUR,LAGUNA SUR - TTE CRUZ,0, , ,BIDIRECCIONAL CON BANDEJON,MIXTO,BUENO,SECO,DESPEJADO,0,1,0,0,13,131,13124,Metropolitana de Santiago,Santiago,Pudahuel,Interseccion,"LAGUNA SUR & TTE CRUZ, Pudahuel",-33.462941,-70.737754
-7856255.95463097,-3956840.96519695,4286,2023,1564242,2023/10/05 00:00:00+00,Octubre,5,Jueves,1899/12/30 00:00:00+00,06:40:00,6,REGION METROPOLITANA,PEÑALOLEN,COLISION FRONTAL,COLISION,URBANA,CRUCE CON SEMAFORO FUNCIONANDO,IMPRUDENCIA DEL CONDUCTOR,CONDUCCION NO ATENTO CONDICIONES TRANSITO MOMENTO,AMERICO VESPUCIO,ORIENTAL,AMERICO VESPUCIO - ORIENTAL,0, , ,BIDIRECCIONAL CON BANDEJON,CONCRETO,BUENO,SECO,NUBLADO,0,0,0,0,13,131,13122,Metropolitana de Santiago,Santiago,Peñalolén,Interseccion,"AMERICO VESPUCIO & ORIENTAL, Peñalolén",-33.462393,-70.573948
-7870202.39439602,-3953764.05161791,4287,2023,1564192,2023/10/05 00:00:00+00,Octubre,5,Jueves,1899/12/30 00:00:00+00,06:50:00,6,REGION METROPOLITANA,QUINTA NORMAL,ATROPELLO,ATROPELLO,URBANA,CRUCE CON SEMAFORO FUNCIONANDO,IMPRUDENCIA DEL CONDUCTOR,NO RESPETAR DERECHO PREFERENTE DE PASO A PEATON,CATTAN,SAN PABLO,CATTAN - SAN PABLO,0, , ,UNIDIRECCIONAL,ASFALTO,REGULAR,SECO,DESPEJADO,0,1,0,1,13,131,13126,Metropolitana de Santiago,Santiago,Quinta Normal,Interseccion,"CATTAN & SAN PABLO, Quinta Normal",-33.439331,-70.699231
-7873725.84552276,-3993037.93668967,4288,2023,1570541,2023/10/05 00:00:00+00,Octubre,5,Jueves,1899/12/30 00:00:00+00,07:54:00,7,REGION METROPOLITANA,BUIN,COLISION FRONTAL,COLISION,URBANA,CRUCE CON SEMAFORO FUNCIONANDO,DESOBEDIENCIA A SEÑALIZACION,SEÑALIZACION DESOBEDECER LUZ ROJA DE SEMAFORO,LATERAL PONIENTE,BERNARDINO BRAVO,BERNARDINO BRAVO - LATERAL PONIENTE,0, , ,UNIDIRECCIONAL,CONCRETO,BUENO,SECO,NUBLADO,0,0,0,0,13,134,13402,Metropolitana de Santiago,Maipo,Buin,Interseccion,"BERNARDINO BRAVO & LATERAL PONIENTE, Buin",-33.733235,-70.730883
-7826110.9593952,-2094965.05190996,4289,2023,1563766,2023/10/05 00:00:00+00,Octubre,5,Jueves,1899/12/30 00:00:00+00,08:00:00,8,REGION ARICA Y PARINACOTA,ARICA,VOLCADURA,VOLCADURA,URBANA,CRUCE CON SEMAFORO FUNCIONANDO,DESOBEDIENCIA A SEÑALIZACION,SEÑALIZACION DESOBEDECER LUZ ROJA DE SEMAFORO,LUIS VALENTE ROSSI,SIMON BOLIVAR,LUIS VALENTE ROSSI - SIMON BOLIVAR,0, , ,UNIDIRECCIONAL,ASFALTO,BUENO,SECO,DESPEJADO,0,0,0,1,15,151,15101,Arica y Parinacota,Arica,Arica,Interseccion,"LUIS VALENTE ROSSI & SIMON BOLIVAR, Arica",-18.48985,-70.303151
-7824524.11109684,-2089774.2422402,4290,2023,1563641,2023/10/05 00:00:00+00,Octubre,5,Jueves,1899/12/30 00:00:00+00,08:20:00,8,REGION ARICA Y PARINACOTA,ARICA,COLISION LATERAL,COLISION,URBANA,TRAMO DE VIA RECTA,IMPRUDENCIA DEL CONDUCTOR,CONDUCCION SIN MANTENER DISTANCIA RAZONABLE NI PRUDENTE,CANCHA RAYADA,COMANDANTE RIVEROS,CANCHA RAYADA - COMANDANTE RIVEROS,0, , ,BIDIRECCIONAL,ASFALTO,BUENO,SECO,DESPEJADO,0,1,0,1,15,151,15101,Arica y Parinacota,Arica,Arica,Interseccion,"CANCHA RAYADA & COMANDANTE RIVEROS, Arica",-18.445621,-70.288896
-8132716.46286268,-4415007.65699912,4291,2023,1564128,2023/10/05 00:00:00+00,Octubre,5,Jueves,1899/12/30 00:00:00+00,13:40:00,13,REGION BIO BIO,CONCEPCION,CHOQUE POSTERIOR,CHOQUE,URBANA,CRUCE CON SEMAFORO FUNCIONANDO,IMPRUDENCIA DEL CONDUCTOR,CONDUCCION NO ATENTO CONDICIONES TRANSITO MOMENTO,MAIPU,SALAS,MAIPU - SALAS,0, , ,UNIDIRECCIONAL,CONCRETO,BUENO,SECO,DESPEJADO,0,0,0,1,08,081,08101,Biobío,Concepción,Concepción,Interseccion,"MAIPU & SALAS, Concepción",-36.82691,-73.057435
-7932987.36646213,-3879985.00908468,4292,2023,1563676,2023/10/05 00:00:00+00,Octubre,5,Jueves,1899/12/30 00:00:00+00,13:40:00,13,REGION VALPARAISO,QUILLOTA,COLISION,COLISION,URBANA,TRAMO DE VIA CURVA HORIZONTAL,IMPRUDENCIA DEL CONDUCTOR,CONDUCCION NO ATENTO CONDICIONES TRANSITO MOMENTO,AGUSTIN AVEZON,EL SAUCE,AGUSTIN AVEZON - EL SAUCE,0, , ,BIDIRECCIONAL,ASFALTO,BUENO,SECO,DESPEJADO,0,0,0,0,05,055,05501,Valparaíso,Quillota,Quillota,Interseccion,"AGUSTIN AVEZON & EL SAUCE, Quillota",-32.884513,-71.263238
-7861022.98918521,-3965743.70226787,4293,2023,1565519,2023/10/05 00:00:00+00,Octubre,5,Jueves,1899/12/30 00:00:00+00,13:50:00,13,REGION METROPOLITANA,LA GRANJA,COLISION LATERAL,COLISION,URBANA,CRUCE CON SEÑAL PARE,DESOBEDIENCIA A SEÑALIZACION,SEÑALIZACION DESOBEDECER SEÑAL PARE,COMBARBALA,CORONEL,COMBARBALA - CORONEL,0, , ,BIDIRECCIONAL,ASFALTO,BUENO,SECO,DESPEJADO,0,0,0,0,13,131,13111,Metropolitana de Santiago,Santiago,La Granja,Interseccion,"COMBARBALA & CORONEL, La Granja",-33.529086,-70.616771
-8153009.67207582,-4840552.80102572,4294,2023,1565717,2023/10/05 00:00:00+00,Octubre,5,Jueves,1899/12/30 00:00:00+00,15:00:00,15,REGION DE LOS RIOS,VALDIVIA,COLISION LATERAL,COLISION,URBANA,CRUCE CON SEÑAL PARE,DESOBEDIENCIA A SEÑALIZACION,SEÑALIZACION DESOBEDECER SEÑAL PARE,ANIBAL PINTO,TORIBIO MEDINA,ANIBAL PINTO - TORIBIO MEDINA,0, , ,BIDIRECCIONAL,ASFALTO,BUENO,HUMEDO,LLUVIA,0,1,0,0,14,141,14101,Los Ríos,Valdivia,Valdivia,Interseccion,"ANIBAL PINTO & TORIBIO MEDINA, Valdivia",-39.825059,-73.239732
-7859036.96041386,-3960950.15191056,4295,2023,1563896,2023/10/05 00:00:00+00,Octubre,5,Jueves,1899/12/30 00:00:00+00,15:10:00,15,REGION METROPOLITANA,MACUL,COLISION LATERAL,COLISION,URBANA,TRAMO DE VIA RECTA,IMPRUDENCIA DEL CONDUCTOR,CONDUCCION NO ATENTO CONDICIONES TRANSITO MOMENTO,VICTOR DOMINGO SILVA,DIEGO DUBLE URRUTIA,DIEGO DUBLE URRUTIA - VICTOR DOMINGO SILVA,0, , ,BIDIRECCIONAL,ASFALTO,BUENO,SECO,DESPEJADO,0,0,0,1,13,131,13118,Metropolitana de Santiago,Santiago,Macul,Interseccion,"DIEGO DUBLE URRUTIA & VICTOR DOMINGO SILVA, Macul",-33.493183,-70.59893
-7976262.92981637,-3901259.36181881,4296,2023,1568421,2023/10/05 00:00:00+00,Octubre,5,Jueves,1899/12/30 00:00:00+00,17:30:00,17,REGION VALPARAISO,VALPARAISO,COLISION,COLISION,URBANA,CRUCE CON SEMAFORO FUNCIONANDO,IMPRUDENCIA DEL CONDUCTOR,CONDUCCION NO ATENTO CONDICIONES TRANSITO MOMENTO,SANTA MARIA,JOSE SEREY,JOSE SEREY - SANTA MARIA,0, , ,BIDIRECCIONAL,ASFALTO,BUENO,SECO,DESPEJADO,0,1,0,0,05,051,05101,Valparaíso,Valparaíso,Valparaíso,Interseccion,"JOSE SEREY & SANTA MARIA, Valparaíso",-33.044856,-71.651989
-7877940.43484004,-3962344.28003242,4297,2023,1568924,2023/10/05 00:00:00+00,Octubre,5,Jueves,1899/12/30 00:00:00+00,17:45:00,17,REGION METROPOLITANA,MAIPU,COLISION POR ALCANCE,COLISION,URBANA,CRUCE CON SEÑAL PARE,IMPRUDENCIA DEL CONDUCTOR,CONDUCCION NO ATENTO CONDICIONES TRANSITO MOMENTO,DE LA VICTORIA,CHILE,CHILE - DE LA VICTORIA,0, , ,BIDIRECCIONAL,ASFALTO,BUENO,SECO,DESPEJADO,0,0,0,1,13,131,13119,Metropolitana de Santiago,Santiago,Maipú,Interseccion,"CHILE & DE LA VICTORIA, Maipú",-33.503626,-70.768743
-7836181.28784215,-2701933.9579579,4298,2023,1565089,2023/10/05 00:00:00+00,Octubre,5,Jueves,1899/12/30 00:00:00+00,18:30:00,18,REGION ANTOFAGASTA,ANTOFAGASTA,COLISION,COLISION,URBANA,TRAMO DE VIA RECTA,IMPRUDENCIA DEL CONDUCTOR,CONDUCCION NO ATENTO CONDICIONES TRANSITO MOMENTO,EDMUNDO PEREZ ZUJOVIC,CHACULLATA,CHACULLATA - EDMUNDO PEREZ ZUJOVIC,0, , ,BIDIRECCIONAL,ASFALTO,BUENO,SECO,DESPEJADO,0,0,1,0,02,021,02101,Antofagasta,Antofagasta,Antofagasta,Interseccion,"CHACULLATA & EDMUNDO PEREZ ZUJOVIC, Antofagasta",-23.576886,-70.393614
-7858640.08416529,-3953329.8379985,4299,2023,1564400,2023/10/05 00:00:00+00,Octubre,5,Jueves,1899/12/30 00:00:00+00,20:15:00,20,REGION METROPOLITANA,PROVIDENCIA,COLISION FRONTAL,COLISION,URBANA,CRUCE CON SEMAFORO FUNCIONANDO,DESOBEDIENCIA A SEÑALIZACION,SEÑALIZACION DESOBEDECER SEÑAL PARE,HERNANDO DE AGUIRRE,FRANCISCO BILBAO,FRANCISCO BILBAO - HERNANDO DE AGUIRRE,0, , ,BIDIRECCIONAL,ASFALTO,REGULAR,SECO,DESPEJADO,0,0,0,0,13,131,13123,Metropolitana de Santiago,Santiago,Providencia,Interseccion,"FRANCISCO BILBAO & HERNANDO DE AGUIRRE, Providencia",-33.436076,-70.595365