X,Y,FID,Año,IdAccident,Fecha,Mes,Dia_mes,Dia_semana,Hora,Hora_texto,Hora_aprox,Región,Comuna,Tipo_Accid,Tipo__CONA,Zona,Ubicación,Causa__CON,Causa_Acci,Calle_Uno,Calle_Dos,Intersecci,Número,Ruta,Ubicaci_1,Calzada,Tipo_Calza,Estado_Cal,Condición,Estado_Atm,Fallecidos,Graves,Menos_Grav,Leves,CUT_REG,CUT_PROV,CUT_COM,REGION,PROVINCIA,COMUNA1,Tipo_direc,Direccion,Lat,Lon
-7859295.08804911,-3958175.81195216,4300,2023,1564910,2023/10/05 00:00:00+00,Octubre,5,Jueves,1899/12/30 00:00:00+00,20:20:00,20,REGION METROPOLITANA,ÑUÑOA,COLISION POR ALCANCE,COLISION,URBANA,TRAMO DE VIA RECTA,IMPRUDENCIA DEL CONDUCTOR,CONDUCCION NO ATENTO CONDICIONES TRANSITO MOMENTO,ZAÑARTU,EXEQUIEL FERNANDEZ,EXEQUIEL FERNANDEZ - ZAÑARTU,0, , ,BIDIRECCIONAL,CONCRETO,BUENO,SECO,DESPEJADO,0,0,0,1,13,131,13120,Metropolitana de Santiago,Santiago,Ñuñoa,Interseccion,"EXEQUIEL FERNANDEZ & ZAÑARTU, Ñuñoa",-33.472396,-70.601249
-7825420.04386591,-2094614.31595402,4301,2023,1563784,2023/10/05 00:00:00+00,Octubre,5,Jueves,1899/12/30 00:00:00+00,20:55:00,20,REGION ARICA Y PARINACOTA,ARICA,VOLCADURA,VOLCADURA,URBANA,CRUCE CON SEMAFORO FUNCIONANDO,DESOBEDIENCIA A SEÑALIZACION,SEÑALIZACION DESOBEDECER LUZ ROJA DE SEMAFORO,18 DE SEPTIEMBRE,TUCAPEL,18 DE SEPTIEMBRE - TUCAPEL,0, , ,BIDIRECCIONAL CON BANDEJON,ASFALTO,BUENO,SECO,DESPEJADO,0,0,0,1,15,151,15101,Arica y Parinacota,Arica,Arica,Interseccion,"18 DE SEPTIEMBRE & TUCAPEL, Arica",-18.486861,-70.296944
-7932367.88459442,-3495333.12241275,4302,2023,1565950,2023/10/05 00:00:00+00,Octubre,5,Jueves,1899/12/30 00:00:00+00,21:15:00,21,REGION COQUIMBO,LA SERENA,COLISION FRONTAL,COLISION,URBANA,CRUCE CON SEÑAL PARE,DESOBEDIENCIA A SEÑALIZACION,SEÑALIZACION DESOBEDECER SEÑAL PARE,LARRAIN ALCALDE,LAS LOMAS,LARRAIN ALCALDE - LAS LOMAS,0, , ,BIDIRECCIONAL,ASFALTO,BUENO,SECO,DESPEJADO,0,1,0,0,04,041,04101,Coquimbo,Elqui,La Serena,Interseccion,"LARRAIN ALCALDE & LAS LOMAS, La Serena",-29.936056,-71.257673
-7949086.14631777,-3901488.93695106,4303,2023,1563690,2023/10/05 00:00:00+00,Octubre,5,Jueves,1899/12/30 00:00:00+00,23:15:00,23,REGION VALPARAISO,QUILPUE,COLISION PERPENDICULAR,COLISION,URBANA,CRUCE CON SEÑAL PARE,DESOBEDIENCIA A SEÑALIZACION,SEÑALIZACION DESOBEDECER SEÑAL PARE,PERU,FREIRE,FREIRE - PERU,0, , ,BIDIRECCIONAL,ASFALTO,BUENO,SECO,DESPEJADO,0,0,0,1,05,058,05801,Valparaíso,Marga Marga,Quilpué,Interseccion,"FREIRE & PERU, Quilpué",-33.046585,-71.407856
-8026299.48244394,-4383435.38232751,4304,2023,1564537,2023/10/05 00:00:00+00,Octubre,5,Jueves,1899/12/30 00:00:00+00,23:40:00,23,REGION ÑUBLE,CHILLAN,ATROPELLO,ATROPELLO,URBANA,CRUCE CON SEMAFORO FUNCIONANDO,IMPRUDENCIA DEL PEATON,PEATON PERMANECE SOBRE LA CALZADA,FRANCIA,ECUADOR,ECUADOR - FRANCIA,0, , ,BIDIRECCIONAL,CONCRETO,BUENO,SECO,DESPEJADO,0,1,0,1,16,161,16101,Ñuble,Diguillín,Chillán,Interseccion,"ECUADOR & FRANCIA, Chillán",-36.599551,-72.101475
-7967371.10741147,-3898653.42248629,4305,2023,1564179,2023/10/06 00:00:00+00,Octubre,6,Viernes,1899/12/30 00:00:00+00,08:00:00,8,REGION VALPARAISO,VIÑA DEL MAR,COLISION POR ALCANCE,COLISION,URBANA,TRAMO DE VIA RECTA,IMPRUDENCIA DEL CONDUCTOR,CONDUCCION NO ATENTO CONDICIONES TRANSITO MOMENTO,ESPAÑA,CAPUCHINO,CAPUCHINO - ESPAÑA,0, , ,BIDIRECCIONAL,CONCRETO,BUENO,SECO,DESPEJADO,0,0,0,0,05,051,05109,Valparaíso,Valparaíso,Viña del Mar,Interseccion,"CAPUCHINO & ESPAÑA, Viña del Mar",-33.025231,-71.572112
-7913103.81296397,-3534298.41448026,4306,2023,1564304,2023/10/06 00:00:00+00,Octubre,6,Viernes,1899/12/30 00:00:00+00,09:00:00,9,REGION COQUIMBO,ANDACOLLO,COLISION LATERAL,COLISION,URBANA,CRUCE SIN SEÑALIZACION,IMPRUDENCIA DEL CONDUCTOR,CONDUCCION NO ATENTO CONDICIONES TRANSITO MOMENTO,BELTRAN AMENABAR,RIOS,BELTRAN AMENABAR - RIOS,0, , ,BIDIRECCIONAL,ASFALTO,BUENO,SECO,DESPEJADO,0,1,0,0,04,041,04103,Coquimbo,Elqui,Andacollo,Interseccion,"BELTRAN AMENABAR & RIOS, Andacollo",-30.238924,-71.084621
-7836182.76832459,-2710228.28318026,4307,2023,1565091,2023/10/06 00:00:00+00,Octubre,6,Viernes,1899/12/30 00:00:00+00,10:30:00,10,REGION ANTOFAGASTA,ANTOFAGASTA,VOLCADURA,VOLCADURA,URBANA,TRAMO DE VIA RECTA,IMPRUDENCIA DEL CONDUCTOR,CONDUCCION NO ATENTO CONDICIONES TRANSITO MOMENTO,ARGENTINA,ALMIRANTE JUAN JOSE LATORRE,ALMIRANTE JUAN JOSE LATORRE - ARGENTINA,0, , ,BIDIRECCIONAL,ASFALTO,REGULAR,SECO,DESPEJADO,0,0,1,0,02,021,02101,Antofagasta,Antofagasta,Antofagasta,Interseccion,"ALMIRANTE JUAN JOSE LATORRE & ARGENTINA, Antofagasta",-23.645158,-70.393627
-7855404.36048187,-3957097.03348326,4308,2023,1564260,2023/10/06 00:00:00+00,Octubre,6,Viernes,1899/12/30 00:00:00+00,12:10:00,12,REGION METROPOLITANA,PEÑALOLEN,COLISION FRONTAL,COLISION,URBANA,CRUCE CON SEMAFORO FUNCIONANDO,IMPRUDENCIA DEL CONDUCTOR,CONDUCCION NO ATENTO CONDICIONES TRANSITO MOMENTO,ORIENTAL,LOS MOLINEROS,LOS MOLINEROS - ORIENTAL,0, , ,BIDIRECCIONAL,CONCRETO,BUENO,SECO,DESPEJADO,0,0,0,1,13,131,13122,Metropolitana de Santiago,Santiago,Peñalolén,Interseccion,"LOS MOLINEROS & ORIENTAL, Peñalolén",-33.464312,-70.566298
-7951251.4216664,-3900908.40113624,4309,2023,1564169,2023/10/06 00:00:00+00,Octubre,6,Viernes,1899/12/30 00:00:00+00,12:30:00,12,REGION VALPARAISO,QUILPUE,COLISION PERPENDICULAR,COLISION,URBANA,CRUCE CON SEMAFORO FUNCIONANDO,IMPRUDENCIA DEL CONDUCTOR,VIRAJES INDEBIDOS,FREIRE,LO GAMBOA,FREIRE - LO GAMBOA,0, , ,BIDIRECCIONAL,ASFALTO,BUENO,SECO,DESPEJADO,0,0,0,1,05,058,05801,Valparaíso,Marga Marga,Quilpué,Interseccion,"FREIRE & LO GAMBOA, Quilpué",-33.042213,-71.427307
-7975420.79785739,-4219416.02496942,4310,2023,1564065,2023/10/06 00:00:00+00,Octubre,6,Viernes,1899/12/30 00:00:00+00,13:35:00,13,REGION MAULE,TALCA,COLISION LATERAL,COLISION,URBANA,CRUCE SIN SEÑALIZACION,IMPRUDENCIA DEL CONDUCTOR,NO RESPETAR DERECHO PREFERENTE DE PASO A VEHICULO,19 NORTE,10 ORIENTE,10 ORIENTE - 19 NORTE,0, , ,BIDIRECCIONAL,ASFALTO,BUENO,SECO,DESPEJADO,0,1,0,0,07,071,07101,Maule,Talca,Talca,Interseccion,"10 ORIENTE & 19 NORTE, Talca",-35.407635,-71.644424
-7868081.42418247,-3923179.44015263,4311,2023,1566313,2023/10/06 00:00:00+00,Octubre,6,Viernes,1899/12/30 00:00:00+00,17:00:00,17,REGION METROPOLITANA,COLINA,COLISION PERPENDICULAR,COLISION,URBANA,CRUCE SIN SEÑALIZACION,IMPRUDENCIA DEL CONDUCTOR,CONDUCCION NO ATENTO CONDICIONES TRANSITO MOMENTO,GRAL SAN MARTIN,SAN ALBERTO,GRAL SAN MARTIN - SAN ALBERTO,0, , ,BIDIRECCIONAL,ASFALTO,BUENO,SECO,DESPEJADO,0,0,1,1,13,133,13301,Metropolitana de Santiago,Chacabuco,Colina,Interseccion,"GRAL SAN MARTIN & SAN ALBERTO, Colina",-33.209761,-70.680178
-7856461.56173046,-3972891.3611119,4312,2023,1564711,2023/10/06 00:00:00+00,Octubre,6,Viernes,1899/12/30 00:00:00+00,18:30:00,18,REGION METROPOLITANA,PUENTE ALTO,COLISION FRONTAL,COLISION,URBANA,TRAMO DE VIA RECTA,IMPRUDENCIA DEL CONDUCTOR,CONDUCCION NO ATENTO CONDICIONES TRANSITO MOMENTO,MAESTRO PALOMO,MIGUEL COVARRUBIAS,MAESTRO PALOMO - MIGUEL COVARRUBIAS,0, , ,BIDIRECCIONAL,CONCRETO,BUENO,SECO,DESPEJADO,0,0,0,0,13,132,13201,Metropolitana de Santiago,Cordillera,Puente Alto,Interseccion,"MAESTRO PALOMO & MIGUEL COVARRUBIAS, Puente Alto",-33.582594,-70.575795
-7975812.30850651,-4222274.87596888,4313,2023,1563915,2023/10/06 00:00:00+00,Octubre,6,Viernes,1899/12/30 00:00:00+00,19:04:00,19,REGION MAULE,TALCA,COLISION LATERAL,COLISION,URBANA,TRAMO DE VIA RECTA,IMPRUDENCIA DEL CONDUCTOR,CONDUCCION CAMBIAR SORPRESIVAMENTE PISTA CIRCULACION,12 ORIENTE,1 SUR,1 SUR - 12 ORIENTE,0, , ,UNIDIRECCIONAL,CONCRETO,BUENO,SECO,DESPEJADO,0,0,0,1,07,071,07101,Maule,Talca,Talca,Interseccion,"1 SUR & 12 ORIENTE, Talca",-35.428564,-71.647941
-7859547.89461271,-3950353.07853026,4314,2023,1569306,2023/10/06 00:00:00+00,Octubre,6,Viernes,1899/12/30 00:00:00+00,19:15:00,19,REGION METROPOLITANA,LAS CONDES,COLISION,COLISION,URBANA,CRUCE CON SEMAFORO FUNCIONANDO,IMPRUDENCIA DEL CONDUCTOR,CONDUCCION NO ATENTO CONDICIONES TRANSITO MOMENTO,VITACURA,ISIDORA GOYENECHEA,ISIDORA GOYENECHEA - VITACURA,0, , ,BIDIRECCIONAL,ASFALTO,BUENO,SECO,DESPEJADO,0,0,0,1,13,131,13114,Metropolitana de Santiago,Santiago,Las Condes,Interseccion,"ISIDORA GOYENECHEA & VITACURA, Las Condes",-33.413758,-70.60352
-7975780.73867741,-4221899.47546404,4315,2023,1563907,2023/10/06 00:00:00+00,Octubre,6,Viernes,1899/12/30 00:00:00+00,19:30:00,19,REGION MAULE,TALCA,COLISION LATERAL,COLISION,URBANA,TRAMO DE VIA RECTA,IMPRUDENCIA DEL CONDUCTOR,CONDUCCION NO ATENTO CONDICIONES TRANSITO MOMENTO,2 NORTE,12 ORIENTE,12 ORIENTE - 2 NORTE,0, , ,UNIDIRECCIONAL,TIERRA,REGULAR, ,DESPEJADO,0,0,0,1,07,071,07101,Maule,Talca,Talca,Interseccion,"12 ORIENTE & 2 NORTE, Talca",-35.425816,-71.647657
-7847668.4351527,-3944795.87621191,4316,2023,1564951,2023/10/06 00:00:00+00,Octubre,6,Viernes,1899/12/30 00:00:00+00,19:30:00,19,REGION METROPOLITANA,LAS CONDES,COLISION LATERAL,COLISION,URBANA,CRUCE CON SEMAFORO FUNCIONANDO,IMPRUDENCIA DEL CONDUCTOR,CONDUCCION NO ATENTO CONDICIONES TRANSITO MOMENTO,LAS CONDES,QUINCHAMALI,LAS CONDES - QUINCHAMALI,0, , ,BIDIRECCIONAL,ASFALTO,BUENO,SECO,DESPEJADO,0,0,0,1,13,131,13114,Metropolitana de Santiago,Santiago,Las Condes,Interseccion,"LAS CONDES & QUINCHAMALI, Las Condes",-33.372078,-70.496805
-7853882.54087781,-3950399.69830437,4317,2023,1569307,2023/10/06 00:00:00+00,Octubre,6,Viernes,1899/12/30 00:00:00+00,19:30:00,19,REGION METROPOLITANA,LAS CONDES,COLISION FRONTAL,COLISION,URBANA,TRAMO DE VIA RECTA,IMPRUDENCIA DEL CONDUCTOR,CONDUCCION NO ATENTO CONDICIONES TRANSITO MOMENTO,TOMAS MORO,MERCEDES MARIN,MERCEDES MARIN - TOMAS MORO,0, , ,BIDIRECCIONAL,ASFALTO,BUENO,SECO,DESPEJADO,0,0,0,1,13,131,13114,Metropolitana de Santiago,Santiago,Las Condes,Interseccion,"MERCEDES MARIN & TOMAS MORO, Las Condes",-33.414108,-70.552627
-7858688.39682429,-3965652.49496467,4318,2023,1566606,2023/10/06 00:00:00+00,Octubre,6,Viernes,1899/12/30 00:00:00+00,20:40:00,20,REGION METROPOLITANA,LA FLORIDA,COLISION LATERAL,COLISION,URBANA,CRUCE CON SEMAFORO FUNCIONANDO,IMPRUDENCIA DEL CONDUCTOR,CONDUCCION NO ATENTO CONDICIONES TRANSITO MOMENTO,VICUÑA MACKENNA PONIENTE,GERONIMO DE ALDERETE,GERONIMO DE ALDERETE - VICUÑA MACKENNA PONIENTE,0, , ,BIDIRECCIONAL,ASFALTO,BUENO,SECO,DESPEJADO,0,0,0,1,13,131,13110,Metropolitana de Santiago,Santiago,La Florida,Interseccion,"GERONIMO DE ALDERETE & VICUÑA MACKENNA PONIENTE, La Florida",-33.528403,-70.595799
-7957955.43766887,-4237293.14458061,4319,2023,1564044,2023/10/06 00:00:00+00,Octubre,6,Viernes,1899/12/30 00:00:00+00,21:15:00,21,REGION MAULE,SAN CLEMENTE,COLISION FRONTAL,COLISION,URBANA,TRAMO DE VIA RECTA,IMPRUDENCIA DEL CONDUCTOR,CONDUCCION NO ATENTO CONDICIONES TRANSITO MOMENTO,HUAMACHUCO,PASAJE DOCE,HUAMACHUCO - PASAJE DOCE,0, , ,BIDIRECCIONAL,ASFALTO,BUENO,SECO,DESPEJADO,0,0,0,1,07,071,07109,Maule,Talca,San Clemente,Interseccion,"HUAMACHUCO & PASAJE DOCE, San Clemente",-35.53842,-71.48753
-8128947.51888516,-4429251.26428474,4320,2023,1565457,2023/10/06 00:00:00+00,Octubre,6,Viernes,1899/12/30 00:00:00+00,22:10:00,22,REGION BIO BIO,CHIGUAYANTE,CHOQUE FRENTE/LADO,CHOQUE,URBANA,TRAMO DE VIA RECTA,VELOCIDAD IMPRUDENTE,VELOCIDAD NO RAZONABLE NI PRUDENTE,LOS HEROES,SANTA ELENA,LOS HEROES - SANTA ELENA,0, , ,BIDIRECCIONAL,CONCRETO,BUENO,SECO,DESPEJADO,0,0,0,0,08,081,08103,Biobío,Concepción,Chiguayante,Interseccion,"LOS HEROES & SANTA ELENA, Chiguayante",-36.929261,-73.023578
-7970574.39250621,-4279568.71644346,4321,2023,1566124,2023/10/07 00:00:00+00,Octubre,7,Sábado,1899/12/30 00:00:00+00,03:00:00,3,REGION MAULE,LINARES,VOLCADURA,VOLCADURA,URBANA,CRUCE CON SEÑAL PARE,VELOCIDAD IMPRUDENTE,VELOCIDAD NO RAZONABLE NI PRUDENTE,MAIPU,FREIRE,FREIRE - MAIPU,0, , ,UNIDIRECCIONAL,ASFALTO,BUENO,SECO,DESPEJADO,0,1,0,0,07,074,07401,Maule,Linares,Linares,Interseccion,"FREIRE & MAIPU, Linares",-35.846851,-71.600888
-8080232.32857991,-4683334.56129676,4322,2023,1564060,2023/10/07 00:00:00+00,Octubre,7,Sábado,1899/12/30 00:00:00+00,07:30:00,7,REGION ARAUCANIA,TEMUCO,COLISION,COLISION,URBANA,TRAMO DE VIA RECTA,IMPRUDENCIA DEL CONDUCTOR,CONDUCCION NO ATENTO CONDICIONES TRANSITO MOMENTO,CAUPOLICAN,GENERAL ALDUNATE,CAUPOLICAN - GENERAL ALDUNATE,0, , ,BIDIRECCIONAL CON BANDEJON,CONCRETO,BUENO,SECO,DESPEJADO,0,0,0,1,09,091,09101,La Araucanía,Cautín,Temuco,Interseccion,"CAUPOLICAN & GENERAL ALDUNATE, Temuco",-38.731855,-72.585962
-7873532.18300463,-3942897.59816108,4323,2023,1563791,2023/10/07 00:00:00+00,Octubre,7,Sábado,1899/12/30 00:00:00+00,07:50:00,7,REGION METROPOLITANA,QUILICURA,COLISION LATERAL,COLISION,URBANA,CRUCE CON SEMAFORO FUNCIONANDO,DESOBEDIENCIA A SEÑALIZACION,SEÑALIZACION DESOBEDECER LUZ ROJA DE SEMAFORO,LIBER BERNARDO O'HIGGINS,LO MARCOLETA,LIBER BERNARDO O'HIGGINS - LO MARCOLETA,0, , ,BIDIRECCIONAL CON BANDEJON,ASFALTO,BUENO,SECO,DESPEJADO,0,0,0,1,13,131,13125,Metropolitana de Santiago,Santiago,Quilicura,Interseccion,"LIBER BERNARDO O'HIGGINS & LO MARCOLETA, Quilicura",-33.357836,-70.729143
-7894674.64861303,-3980198.68646624,4324,2023,1564912,2023/10/07 00:00:00+00,Octubre,7,Sábado,1899/12/30 00:00:00+00,09:30:00,9,REGION METROPOLITANA,PEÑAFLOR,COLISION POR ALCANCE,COLISION,URBANA,TRAMO DE VIA RECTA,IMPRUDENCIA DEL CONDUCTOR,CONDUCCION NO ATENTO CONDICIONES TRANSITO MOMENTO,PEÑAFLOR,EL ROSARIO,EL ROSARIO - PEÑAFLOR,0, , ,BIDIRECCIONAL,CONCRETO,BUENO,SECO,DESPEJADO,0,0,0,1,13,136,13605,Metropolitana de Santiago,Talagante,Peñaflor,Interseccion,"EL ROSARIO & PEÑAFLOR, Peñaflor",-33.637263,-70.919069
-7888979.43214456,-3975208.073801,4325,2023,1564317,2023/10/07 00:00:00+00,Octubre,7,Sábado,1899/12/30 00:00:00+00,11:30:00,11,REGION METROPOLITANA,PEÑAFLOR,COLISION FRONTAL,COLISION,URBANA,TRAMO DE VIA RECTA,DESOBEDIENCIA A SEÑALIZACION,SEÑALIZACION DESOBEDECER SEÑAL PARE,LOS OLMOS,MIRAFLORES,LOS OLMOS - MIRAFLORES,0, , ,BIDIRECCIONAL,ASFALTO,BUENO,SECO,DESPEJADO,0,0,1,0,13,136,13605,Metropolitana de Santiago,Talagante,Peñaflor,Interseccion,"LOS OLMOS & MIRAFLORES, Peñaflor",-33.59993,-70.867908
-7865970.85112029,-3962383.84964125,4326,2023,1565607,2023/10/07 00:00:00+00,Octubre,7,Sábado,1899/12/30 00:00:00+00,14:30:00,14,REGION METROPOLITANA,SAN MIGUEL,COLISION LATERAL,COLISION,URBANA,CRUCE CON SEÑAL PARE,IMPRUDENCIA DEL CONDUCTOR,CONDUCCION NO ATENTO CONDICIONES TRANSITO MOMENTO,TERCERA TRANSVERSAL,SEGUNDA AVENIDA,SEGUNDA AVENIDA - TERCERA TRANSVERSAL,0, , ,UNIDIRECCIONAL,ASFALTO,BUENO,SECO,DESPEJADO,0,0,0,0,13,131,13130,Metropolitana de Santiago,Santiago,San Miguel,Interseccion,"SEGUNDA AVENIDA & TERCERA TRANSVERSAL, San Miguel",-33.503922,-70.661218
-7927599.25316208,-3493198.6421272,4327,2023,1567735,2023/10/07 00:00:00+00,Octubre,7,Sábado,1899/12/30 00:00:00+00,17:00:00,17,REGION COQUIMBO,LA SERENA,COLISION PERPENDICULAR,COLISION,URBANA,CRUCE SIN SEÑALIZACION,ALCOHOL EN CONDUCTOR,CONDUCCION EN ESTADO DE EBRIEDAD,ARAUCO,LOS CARDENALES,ARAUCO - LOS CARDENALES,0, , ,BIDIRECCIONAL,ASFALTO,BUENO,SECO,DESPEJADO,0,0,0,1,04,041,04101,Coquimbo,Elqui,La Serena,Interseccion,"ARAUCO & LOS CARDENALES, La Serena",-29.919439,-71.214836
-7941366.33998408,-3497986.5176515,4328,2023,1564594,2023/10/07 00:00:00+00,Octubre,7,Sábado,1899/12/30 00:00:00+00,18:40:00,18,REGION COQUIMBO,COQUIMBO,COLISION LATERAL,COLISION,URBANA,CRUCE CON SEMAFORO FUNCIONANDO,IMPRUDENCIA DEL CONDUCTOR,"ADELANTAMIENTO EN CRUCE, CURVA, CUESTA, PUENTE",ALCALDE,MELGAREJO,ALCALDE - MELGAREJO,0, , ,UNIDIRECCIONAL,ASFALTO,BUENO,SECO,DESPEJADO,0,0,0,0,04,041,04102,Coquimbo,Elqui,Coquimbo,Interseccion,"ALCALDE & MELGAREJO, Coquimbo",-29.95671,-71.338508
-7865236.54323122,-3954159.59371616,4329,2023,1564377,2023/10/07 00:00:00+00,Octubre,7,Sábado,1899/12/30 00:00:00+00,19:40:00,19,REGION METROPOLITANA,SANTIAGO,CHOQUE FRONTAL,CHOQUE,URBANA,CRUCE CON SEMAFORO FUNCIONANDO,IMPRUDENCIA DEL CONDUCTOR,CONDUCCION NO ATENTO CONDICIONES TRANSITO MOMENTO,TEATINOS,MONEDA,MONEDA - TEATINOS,0, , ,UNIDIRECCIONAL,ASFALTO,BUENO,SECO,DESPEJADO,0,0,0,0,13,131,13101,Metropolitana de Santiago,Santiago,Santiago,Interseccion,"MONEDA & TEATINOS, Santiago",-33.442296,-70.654622
-7972307.08042494,-3901816.54102354,4330,2023,1568426,2023/10/07 00:00:00+00,Octubre,7,Sábado,1899/12/30 00:00:00+00,20:40:00,20,REGION VALPARAISO,VALPARAISO,COLISION,COLISION,URBANA,CRUCE CON SEÑAL PARE,IMPRUDENCIA DEL CONDUCTOR,CONDUCCION NO ATENTO CONDICIONES TRANSITO MOMENTO,COLON,RODRIGUEZ,COLON - RODRIGUEZ,0, , ,BIDIRECCIONAL,ASFALTO,BUENO,SECO,DESPEJADO,0,0,0,1,05,051,05101,Valparaíso,Valparaíso,Valparaíso,Interseccion,"COLON & RODRIGUEZ, Valparaíso",-33.049052,-71.616453
-7882434.84796133,-3971876.00831452,4331,2023,1567304,2023/10/07 00:00:00+00,Octubre,7,Sábado,1899/12/30 00:00:00+00,20:45:00,20,REGION METROPOLITANA,PADRE HURTADO,COLISION LATERAL,COLISION,URBANA,CRUCE CON SEÑAL PARE,DESOBEDIENCIA A SEÑALIZACION,SEÑALIZACION DESOBEDECER SEÑAL PARE,LOS SILOS,EL ROBLE,EL ROBLE - LOS SILOS,0, , ,BIDIRECCIONAL,ASFALTO,BUENO,SECO,DESPEJADO,0,1,0,1,13,136,13604,Metropolitana de Santiago,Talagante,Padre Hurtado,Interseccion,"EL ROBLE & LOS SILOS, Padre Hurtado",-33.574995,-70.809117
-8130520.12932046,-4410450.29789906,4332,2023,1563865,2023/10/07 00:00:00+00,Octubre,7,Sábado,1899/12/30 00:00:00+00,21:00:00,21,REGION BIO BIO,CONCEPCION,COLISION,COLISION,URBANA,CRUCE CON SEÑAL PARE,IMPRUDENCIA DEL CONDUCTOR,CONDUCCION NO ATENTO CONDICIONES TRANSITO MOMENTO,PADRE JUAN VASCONES,CAREMAVIDA,CAREMAVIDA - PADRE JUAN VASCONES,0, , ,BIDIRECCIONAL,CONCRETO,BUENO,SECO,DESPEJADO,0,1,0,1,08,081,08101,Biobío,Concepción,Concepción,Interseccion,"CAREMAVIDA & PADRE JUAN VASCONES, Concepción",-36.794133,-73.037705
-7857365.25335672,-3955489.59478027,4333,2023,1564622,2023/10/07 00:00:00+00,Octubre,7,Sábado,1899/12/30 00:00:00+00,21:50:00,21,REGION METROPOLITANA,ÑUÑOA,COLISION LATERAL,COLISION,URBANA,TRAMO DE VIA RECTA,IMPRUDENCIA DEL CONDUCTOR,CONDUCCION NO ATENTO CONDICIONES TRANSITO MOMENTO,PDTE BATTLE Y ORDOÑEZ,ORTUZAR,ORTUZAR - PDTE BATTLE Y ORDOÑEZ,0, , ,BIDIRECCIONAL,CONCRETO,BUENO,SECO,DESPEJADO,0,0,0,0,13,131,13120,Metropolitana de Santiago,Santiago,Ñuñoa,Interseccion,"ORTUZAR & PDTE BATTLE Y ORDOÑEZ, Ñuñoa",-33.452265,-70.583913
-7965063.09811156,-3898159.0990098,4334,2023,1564225,2023/10/07 00:00:00+00,Octubre,7,Sábado,1899/12/30 00:00:00+00,22:25:00,22,REGION VALPARAISO,VIÑA DEL MAR,CHOQUE FRONTAL,CHOQUE,URBANA,TRAMO DE VIA RECTA,VELOCIDAD IMPRUDENTE,VELOCIDAD NO RAZONABLE NI PRUDENTE,2 NORTE,LIBERTAD,2 NORTE - LIBERTAD,0, , ,UNIDIRECCIONAL,CONCRETO,BUENO,SECO,DESPEJADO,0,0,1,0,05,051,05109,Valparaíso,Valparaíso,Viña del Mar,Interseccion,"2 NORTE & LIBERTAD, Viña del Mar",-33.021508,-71.551379
-7838006.9497328,-2715627.27479534,4335,2023,1565102,2023/10/07 00:00:00+00,Octubre,7,Sábado,1899/12/30 00:00:00+00,22:30:00,22,REGION ANTOFAGASTA,ANTOFAGASTA,CHOQUE FRENTE/LADO,CHOQUE,URBANA,TRAMO DE VIA RECTA,IMPRUDENCIA DEL CONDUCTOR,CONDUCCION NO ATENTO CONDICIONES TRANSITO MOMENTO,ARGENTINA,HUAPE,ARGENTINA - HUAPE,0, , ,BIDIRECCIONAL,ASFALTO,BUENO,SECO,DESPEJADO,0,0,0,0,02,021,02101,Antofagasta,Antofagasta,Antofagasta,Interseccion,"ARGENTINA & HUAPE, Antofagasta",-23.689579,-70.410014
-7862519.79105841,-3970639.37349421,4336,2023,1563970,2023/10/08 00:00:00+00,Octubre,8,Domingo,1899/12/30 00:00:00+00,03:00:00,3,REGION METROPOLITANA,LA PINTANA,VOLCADURA,VOLCADURA,URBANA,CRUCE CON SEMAFORO FUNCIONANDO,IMPRUDENCIA DEL CONDUCTOR,CONDUCCION NO ATENTO CONDICIONES TRANSITO MOMENTO,STA ROSA,OBSERVATORIO,OBSERVATORIO - STA ROSA,0, , ,BIDIRECCIONAL CON BANDEJON,ASFALTO,BUENO,SECO,DESPEJADO,1,1,0,0,13,131,13112,Metropolitana de Santiago,Santiago,La Pintana,Interseccion,"OBSERVATORIO & STA ROSA, La Pintana",-33.565739,-70.630217
-7856502.97258104,-3945657.0147724,4337,2023,1564146,2023/10/08 00:00:00+00,Octubre,8,Domingo,1899/12/30 00:00:00+00,03:45:00,3,REGION METROPOLITANA,VITACURA,COLISION POR ALCANCE,COLISION,URBANA,CRUCE CON SEMAFORO FUNCIONANDO,ALCOHOL EN CONDUCTOR,CONDUCCION EN ESTADO DE EBRIEDAD,STA MARIA,CAROLINA RABAT,CAROLINA RABAT - STA MARIA,0, , ,BIDIRECCIONAL CON BANDEJON,ASFALTO,BUENO,SECO,DESPEJADO,0,0,0,0,13,131,13132,Metropolitana de Santiago,Santiago,Vitacura,Interseccion,"CAROLINA RABAT & STA MARIA, Vitacura",-33.378538,-70.576167
-7867270.01636955,-3971403.57037331,4338,2023,1563829,2023/10/08 00:00:00+00,Octubre,8,Domingo,1899/12/30 00:00:00+00,08:40:00,8,REGION METROPOLITANA,EL BOSQUE,COLISION LATERAL,COLISION,URBANA,CRUCE CON SEMAFORO FUNCIONANDO,IMPRUDENCIA DEL CONDUCTOR,NO RESPETAR DERECHO PREFERENTE DE PASO A VEHICULO,LOS MORROS,LO MARTINEZ,LO MARTINEZ - LOS MORROS,0, , ,BIDIRECCIONAL CON BANDEJON,CONCRETO,BUENO,SECO,DESPEJADO,0,0,0,0,13,131,13105,Metropolitana de Santiago,Santiago,El Bosque,Interseccion,"LO MARTINEZ & LOS MORROS, El Bosque",-33.571459,-70.672889