X,Y,FID,Año,IdAccident,Fecha,Mes,Dia_mes,Dia_semana,Hora,Hora_texto,Hora_aprox,Región,Comuna,Tipo_Accid,Tipo__CONA,Zona,Ubicación,Causa__CON,Causa_Acci,Calle_Uno,Calle_Dos,Intersecci,Número,Ruta,Ubicaci_1,Calzada,Tipo_Calza,Estado_Cal,Condición,Estado_Atm,Fallecidos,Graves,Menos_Grav,Leves,CUT_REG,CUT_PROV,CUT_COM,REGION,PROVINCIA,COMUNA1,Tipo_direc,Direccion,Lat,Lon
-8025742.32839252,-4385306.76560784,4339,2023,1566049,2023/10/08 00:00:00+00,Octubre,8,Domingo,1899/12/30 00:00:00+00,08:40:00,8,REGION ÑUBLE,CHILLAN,COLISION PERPENDICULAR,COLISION,URBANA,CRUCE CON SEÑAL PARE,DESOBEDIENCIA A SEÑALIZACION,SEÑALIZACION DESOBEDECER SEÑAL PARE,ARTURO PRAT,YERBAS BUENAS,ARTURO PRAT - YERBAS BUENAS,0, , ,UNIDIRECCIONAL,CONCRETO,BUENO,SECO,DESPEJADO,0,0,0,1,16,161,16101,Ñuble,Diguillín,Chillán,Interseccion,"ARTURO PRAT & YERBAS BUENAS, Chillán",-36.613046,-72.09647
-8014464.43946077,-4082029.34990592,4340,2023,1565225,2023/10/08 00:00:00+00,Octubre,8,Domingo,1899/12/30 00:00:00+00,10:30:00,10,REGION LIB.B.O'HIGGINS,PICHILEMU,COLISION,COLISION,URBANA,TRAMO DE VIA RECTA,DESOBEDIENCIA A SEÑALIZACION,SEÑALIZACION DESOBEDECER SEÑAL PARE,LA CONCEPCION,JOSE MARIA CARO,JOSE MARIA CARO - LA CONCEPCION,0, , ,BIDIRECCIONAL,ASFALTO,BUENO,SECO,DESPEJADO,0,1,0,0,06,062,06201,Libertador General Bernardo O'Higgins,Cardenal Caro,Pichilemu,Interseccion,"JOSE MARIA CARO & LA CONCEPCION, Pichilemu",-34.395477,-71.995159
-7835657.93042153,-2709192.51543804,4341,2023,1564626,2023/10/08 00:00:00+00,Octubre,8,Domingo,1899/12/30 00:00:00+00,20:40:00,20,REGION ANTOFAGASTA,ANTOFAGASTA,CHOQUE POSTERIOR/FRENTE,CHOQUE,URBANA,CRUCE CON SEMAFORO FUNCIONANDO,IMPRUDENCIA DEL CONDUCTOR,CONDUCCION NO ATENTO CONDICIONES TRANSITO MOMENTO,ANTONIO RENDIC,MONTEVIDEO,ANTONIO RENDIC - MONTEVIDEO,0, , ,BIDIRECCIONAL,ASFALTO,BUENO,SECO,DESPEJADO,0,0,0,0,02,021,02101,Antofagasta,Antofagasta,Antofagasta,Interseccion,"ANTONIO RENDIC & MONTEVIDEO, Antofagasta",-23.636634,-70.388913
-7963222.16320904,-3895824.64798486,4342,2023,1565090,2023/10/08 00:00:00+00,Octubre,8,Domingo,1899/12/30 00:00:00+00,21:00:00,21,REGION VALPARAISO,VIÑA DEL MAR,COLISION,COLISION,URBANA,TRAMO DE VIA RECTA,IMPRUDENCIA DEL CONDUCTOR,CONDUCCION NO ATENTO CONDICIONES TRANSITO MOMENTO,24 NORTE,CAMINO VIEJO SANTA INES,24 NORTE - CAMINO VIEJO SANTA INES,0, , ,BIDIRECCIONAL,ASFALTO,BUENO,SECO,DESPEJADO,0,1,0,0,05,051,05109,Valparaíso,Valparaíso,Viña del Mar,Interseccion,"24 NORTE & CAMINO VIEJO SANTA INES, Viña del Mar",-33.003923,-71.534842
-7925364.09644651,-3578539.50088717,4343,2023,1563810,2023/10/08 00:00:00+00,Octubre,8,Domingo,1899/12/30 00:00:00+00,22:55:00,22,REGION COQUIMBO,OVALLE,COLISION,COLISION,URBANA,CRUCE SIN SEÑALIZACION,VELOCIDAD IMPRUDENTE,"VELOCIDAD NO REDUCIR CRUCE DE CALLES, CUMBRE, CURVA, ETC.",IGOR STRAVINSKI,ALCADE ALBERTO GALLARDO,ALCADE ALBERTO GALLARDO - IGOR STRAVINSKI,0, , ,BIDIRECCIONAL,ASFALTO,BUENO,SECO,DESPEJADO,0,0,0,1,04,043,04301,Coquimbo,Limarí,Ovalle,Interseccion,"ALCADE ALBERTO GALLARDO & IGOR STRAVINSKI, Ovalle",-30.581671,-71.194757
-8135302.97123126,-4908719.16529101,4344,2023,1564004,2023/10/09 00:00:00+00,Octubre,9,Lunes,1899/12/30 00:00:00+00,00:35:00,0,REGION DE LOS RIOS,LA UNION,COLISION,COLISION,URBANA,CRUCE CON SEÑAL PARE,DESOBEDIENCIA A SEÑALIZACION,SEÑALIZACION DESOBEDECER SEÑAL PARE,ESMERALDA,ANGAMOS,ANGAMOS - ESMERALDA,0, , ,UNIDIRECCIONAL,CONCRETO,BUENO,HUMEDO,DESPEJADO,0,2,0,0,14,142,14201,Los Ríos,Ranco,La Unión,Interseccion,"ANGAMOS & ESMERALDA, La Unión",-40.293734,-73.08067
-7875629.88743348,-4050344.34127792,4345,2023,1564578,2023/10/09 00:00:00+00,Octubre,9,Lunes,1899/12/30 00:00:00+00,09:00:00,9,REGION LIB.B.O'HIGGINS,RANCAGUA,COLISION LATERAL,COLISION,URBANA,CRUCE SIN SEÑALIZACION,IMPRUDENCIA DEL CONDUCTOR,ADELANTAMIENTO SIN EL ESPACIO O TIEMPO SUFICIENTE,SANTA MARIA,PEDRO MATUS,PEDRO MATUS - SANTA MARIA,0, , ,BIDIRECCIONAL,CONCRETO,REGULAR,SECO,DESPEJADO,1,0,0,0,06,061,06101,Libertador General Bernardo O'Higgins,Cachapoal,Rancagua,Interseccion,"PEDRO MATUS & SANTA MARIA, Rancagua",-34.160282,-70.747987
-7854574.80768101,-3969765.81952737,4346,2023,1564746,2023/10/09 00:00:00+00,Octubre,9,Lunes,1899/12/30 00:00:00+00,10:30:00,10,REGION METROPOLITANA,PUENTE ALTO,COLISION LATERAL,COLISION,URBANA,TRAMO DE VIA RECTA,IMPRUDENCIA DEL CONDUCTOR,CONDUCCION NO ATENTO CONDICIONES TRANSITO MOMENTO,CAMILO HENRIQUEZ,DIEGO PORTALES,CAMILO HENRIQUEZ - DIEGO PORTALES,0, , ,BIDIRECCIONAL,CONCRETO,BUENO,SECO,DESPEJADO,0,0,0,0,13,132,13201,Metropolitana de Santiago,Cordillera,Puente Alto,Interseccion,"CAMILO HENRIQUEZ & DIEGO PORTALES, Puente Alto",-33.5592,-70.558846
-7869307.27437055,-3945053.67785957,4347,2023,1564834,2023/10/09 00:00:00+00,Octubre,9,Lunes,1899/12/30 00:00:00+00,11:00:00,11,REGION METROPOLITANA,CONCHALI,COLISION FRONTAL,COLISION,URBANA,CRUCE CON SEMAFORO FUNCIONANDO,VELOCIDAD IMPRUDENTE,VELOCIDAD NO RAZONABLE NI PRUDENTE,JULIO MONTT SALAMANCA,CARD JOSE MARIA CARO,CARD JOSE MARIA CARO - JULIO MONTT SALAMANCA,0, , ,BIDIRECCIONAL CON BANDEJON,ASFALTO,REGULAR,SECO,DESPEJADO,0,1,0,0,13,131,13104,Metropolitana de Santiago,Santiago,Conchalí,Interseccion,"CARD JOSE MARIA CARO & JULIO MONTT SALAMANCA, Conchalí",-33.374012,-70.69119
-7859709.64183283,-3955744.96607434,4348,2023,1570944,2023/10/09 00:00:00+00,Octubre,9,Lunes,1899/12/30 00:00:00+00,13:30:00,13,REGION METROPOLITANA,ÑUÑOA,COLISION LATERAL,COLISION,URBANA,CRUCE CON SEMAFORO FUNCIONANDO,IMPRUDENCIA DEL CONDUCTOR,VIRAJES INDEBIDOS,PEDRO DE VALDIVIA,IRARRAZAVAL,IRARRAZAVAL - PEDRO DE VALDIVIA,0, , ,BIDIRECCIONAL CON BANDEJON,CONCRETO,BUENO,SECO,DESPEJADO,0,0,0,1,13,131,13120,Metropolitana de Santiago,Santiago,Ñuñoa,Interseccion,"IRARRAZAVAL & PEDRO DE VALDIVIA, Ñuñoa",-33.454179,-70.604973
-7866113.51817969,-3954776.47960588,4349,2023,1582353,2023/10/09 00:00:00+00,Octubre,9,Lunes,1899/12/30 00:00:00+00,13:30:00,13,REGION METROPOLITANA,SANTIAGO,COLISION POR ALCANCE,COLISION,URBANA,TRAMO DE VIA RECTA,IMPRUDENCIA DEL CONDUCTOR,CONDUCCION NO ATENTO CONDICIONES TRANSITO MOMENTO,LIBER BERNARDO O'HIGGINS,CIENFUEGOS,CIENFUEGOS - LIBER BERNARDO O'HIGGINS,0, , ,BIDIRECCIONAL CON BANDEJON,CONCRETO,REGULAR,SECO,DESPEJADO,0,0,0,2,13,131,13101,Metropolitana de Santiago,Santiago,Santiago,Interseccion,"CIENFUEGOS & LIBER BERNARDO O'HIGGINS, Santiago",-33.44692,-70.6625
-8078780.94505894,-4275221.91947079,4350,2023,1564730,2023/10/09 00:00:00+00,Octubre,9,Lunes,1899/12/30 00:00:00+00,14:00:00,14,REGION MAULE,PELLUHUE,COLISION,COLISION,URBANA,TRAMO DE VIA RECTA,IMPRUDENCIA DEL CONDUCTOR,CONDUCCION NO ATENTO CONDICIONES TRANSITO MOMENTO,ABDON FUENTEALBA,ARTURO APARICIO,ABDON FUENTEALBA - ARTURO APARICIO,0, , ,BIDIRECCIONAL,CONCRETO,BUENO,SECO,DESPEJADO,0,1,0,1,07,072,07203,Maule,Cauquenes,Pelluhue,Interseccion,"ABDON FUENTEALBA & ARTURO APARICIO, Pelluhue",-35.815193,-72.572924
-7673807.76200042,-2566626.78737545,4351,2023,1564631,2023/10/09 00:00:00+00,Octubre,9,Lunes,1899/12/30 00:00:00+00,15:30:00,15,REGION ANTOFAGASTA,CALAMA,COLISION,COLISION,URBANA,CRUCE CON SEÑAL PARE,DESOBEDIENCIA A SEÑALIZACION,SEÑALIZACION DESOBEDECER SEÑAL PARE,BRASILIA,TARAPACA,BRASILIA - TARAPACA,0, , ,BIDIRECCIONAL,ASFALTO,BUENO,SECO,DESPEJADO,0,1,0,1,02,022,02201,Antofagasta,El Loa,Calama,Interseccion,"BRASILIA & TARAPACA, Calama",-22.458196,-68.934988
-7861274.0758404,-3960086.98749407,4352,2023,1564843,2023/10/09 00:00:00+00,Octubre,9,Lunes,1899/12/30 00:00:00+00,16:50:00,16,REGION METROPOLITANA,SAN JOAQUIN,COLISION POR ALCANCE,COLISION,URBANA,CRUCE CON SEMAFORO FUNCIONANDO,ALCOHOL EN CONDUCTOR,CONDUCCION EN ESTADO DE EBRIEDAD,VICUÑA MACKENNA,ALC CARLOS VALDOVINOS,ALC CARLOS VALDOVINOS - VICUÑA MACKENNA,0, , ,BIDIRECCIONAL CON BANDEJON,ASFALTO,BUENO,SECO,DESPEJADO,0,0,0,0,13,131,13129,Metropolitana de Santiago,Santiago,San Joaquín,Interseccion,"ALC CARLOS VALDOVINOS & VICUÑA MACKENNA, San Joaquín",-33.486716,-70.619027
-8135049.38543124,-4907748.8113075,4353,2023,1564138,2023/10/10 00:00:00+00,Octubre,10,Martes,1899/12/30 00:00:00+00,06:50:00,6,REGION DE LOS RIOS,LA UNION,COLISION,COLISION,URBANA,TRAMO DE VIA RECTA,IMPRUDENCIA DEL CONDUCTOR,CONDUCCION NO ATENTO CONDICIONES TRANSITO MOMENTO,ARTURO PRAT,LAUTARO,ARTURO PRAT - LAUTARO,0, , ,BIDIRECCIONAL,CONCRETO,BUENO,MOJADO,LLOVIZNA,0,0,0,1,14,142,14201,Los Ríos,Ranco,La Unión,Interseccion,"ARTURO PRAT & LAUTARO, La Unión",-40.287085,-73.078392
-7868868.78689632,-3959933.64637496,4354,2023,1564111,2023/10/10 00:00:00+00,Octubre,10,Martes,1899/12/30 00:00:00+00,07:40:00,7,REGION METROPOLITANA,CERRILLOS,COLISION LATERAL,COLISION,URBANA,CRUCE CON SEMAFORO FUNCIONANDO,IMPRUDENCIA DEL CONDUCTOR,ADELANTAMIENTO SIN EL ESPACIO O TIEMPO SUFICIENTE,DEPARTAMENTAL,GRAL VELASQUEZ,DEPARTAMENTAL - GRAL VELASQUEZ,0, , ,BIDIRECCIONAL,ASFALTO,BUENO,SECO,NUBLADO,0,0,0,1,13,131,13102,Metropolitana de Santiago,Santiago,Cerrillos,Interseccion,"DEPARTAMENTAL & GRAL VELASQUEZ, Cerrillos",-33.485567,-70.687251
-7860530.62307743,-3959994.91047623,4355,2023,1564168,2023/10/10 00:00:00+00,Octubre,10,Martes,1899/12/30 00:00:00+00,07:45:00,7,REGION METROPOLITANA,MACUL,COLISION LATERAL,COLISION,URBANA,TRAMO DE VIA RECTA,IMPRUDENCIA DEL CONDUCTOR,NO RESPETAR DERECHO PREFERENTE DE PASO A VEHICULO,QUILIN,MARATHON,MARATHON - QUILIN,0, , ,BIDIRECCIONAL,ASFALTO,BUENO,SECO,DESPEJADO,0,1,0,0,13,131,13118,Metropolitana de Santiago,Santiago,Macul,Interseccion,"MARATHON & QUILIN, Macul",-33.486026,-70.612348
-7872697.39817657,-4051951.28064753,4356,2023,1564325,2023/10/10 00:00:00+00,Octubre,10,Martes,1899/12/30 00:00:00+00,07:50:00,7,REGION LIB.B.O'HIGGINS,RANCAGUA,CHOQUE FRENTE/POSTERIOR,CHOQUE,URBANA,TRAMO DE VIA RECTA,IMPRUDENCIA DEL CONDUCTOR,CONDUCCION NO ATENTO CONDICIONES TRANSITO MOMENTO,LA COMPAÑIA,AYUDANTE FLORES,AYUDANTE FLORES - LA COMPAÑIA,0, , ,BIDIRECCIONAL,CONCRETO,BUENO,SECO,DESPEJADO,0,0,0,1,06,061,06101,Libertador General Bernardo O'Higgins,Cachapoal,Rancagua,Interseccion,"AYUDANTE FLORES & LA COMPAÑIA, Rancagua",-34.172226,-70.721644
-7941912.12840454,-3499138.46031847,4357,2023,1564615,2023/10/10 00:00:00+00,Octubre,10,Martes,1899/12/30 00:00:00+00,09:05:00,9,REGION COQUIMBO,COQUIMBO,ATROPELLO,ATROPELLO,URBANA,CRUCE CON SEÑAL PARE,IMPRUDENCIA DEL CONDUCTOR,CONDUCCION NO ATENTO CONDICIONES TRANSITO MOMENTO,GUACOLDA,PEDRO LAGOS,GUACOLDA - PEDRO LAGOS,0, , ,UNIDIRECCIONAL,ASFALTO,BUENO,SECO,DESPEJADO,0,0,0,1,04,041,04102,Coquimbo,Elqui,Coquimbo,Interseccion,"GUACOLDA & PEDRO LAGOS, Coquimbo",-29.965675,-71.343411
-7851859.34681429,-3958802.46775487,4358,2023,1564294,2023/10/10 00:00:00+00,Octubre,10,Martes,1899/12/30 00:00:00+00,10:00:00,10,REGION METROPOLITANA,PEÑALOLEN,COLISION FRONTAL,COLISION,URBANA,CRUCE CON SEÑAL CEDA EL PASO,VELOCIDAD IMPRUDENTE,VELOCIDAD MAYOR QUE MAXIMA PERMITIDA,RIO CLARO,SALOMON CORVALAN,RIO CLARO - SALOMON CORVALAN,0, , ,BIDIRECCIONAL,CONCRETO,BUENO,SECO,NUBLADO,0,0,0,1,13,131,13122,Metropolitana de Santiago,Santiago,Peñalolén,Interseccion,"RIO CLARO & SALOMON CORVALAN, Peñalolén",-33.477092,-70.534453
-7872194.59026716,-3954317.94774843,4359,2023,1565463,2023/10/10 00:00:00+00,Octubre,10,Martes,1899/12/30 00:00:00+00,11:30:00,11,REGION METROPOLITANA,LO PRADO,VOLCADURA,VOLCADURA,URBANA,CRUCE CON SEÑAL CEDA EL PASO,FALLAS MECANICAS,FALLAS MECANICAS FRENOS,SAN PABLO,STA OLGA,SAN PABLO - STA OLGA,0, , ,BIDIRECCIONAL,ASFALTO,BUENO,SECO,DESPEJADO,0,1,0,0,13,131,13117,Metropolitana de Santiago,Santiago,Lo Prado,Interseccion,"SAN PABLO & STA OLGA, Lo Prado",-33.443483,-70.717127
-7927466.6098551,-3492960.11984499,4360,2023,1566083,2023/10/10 00:00:00+00,Octubre,10,Martes,1899/12/30 00:00:00+00,14:50:00,14,REGION COQUIMBO,LA SERENA,COLISION PERPENDICULAR,COLISION,URBANA,CRUCE CON SEÑAL PARE,DESOBEDIENCIA A SEÑALIZACION,SEÑALIZACION DESOBEDECER SEÑAL PARE,18 DE SEPTIEMBRE,LOS ROBLES,18 DE SEPTIEMBRE - LOS ROBLES,0, , ,UNIDIRECCIONAL,CONCRETO,BUENO,SECO,DESPEJADO,0,1,0,0,04,041,04101,Coquimbo,Elqui,La Serena,Interseccion,"18 DE SEPTIEMBRE & LOS ROBLES, La Serena",-29.917582,-71.213644
-7873397.99849043,-3949378.32210504,4361,2023,1565921,2023/10/10 00:00:00+00,Octubre,10,Martes,1899/12/30 00:00:00+00,16:00:00,16,REGION METROPOLITANA,RENCA,VOLCADURA,VOLCADURA,URBANA,ACERA O BERMA,IMPRUDENCIA DEL CONDUCTOR,CONDUCCION NO ATENTO CONDICIONES TRANSITO MOMENTO,PTO MONTT,LAS MARGARITAS,LAS MARGARITAS - PTO MONTT,0, , ,BIDIRECCIONAL,CONCRETO,REGULAR,OTROS,DESPEJADO,0,0,0,1,13,131,13128,Metropolitana de Santiago,Santiago,Renca,Interseccion,"LAS MARGARITAS & PTO MONTT, Renca",-33.406449,-70.727938
-7866542.76614732,-3954881.07597568,4362,2023,1582312,2023/10/10 00:00:00+00,Octubre,10,Martes,1899/12/30 00:00:00+00,16:30:00,16,REGION METROPOLITANA,SANTIAGO,COLISION POR ALCANCE,COLISION,URBANA,TRAMO DE VIA RECTA,IMPRUDENCIA DEL CONDUCTOR,CONDUCCION NO ATENTO CONDICIONES TRANSITO MOMENTO,LIBER BERNARDO O'HIGGINS,ECHAURREN,ECHAURREN - LIBER BERNARDO O'HIGGINS,0, , ,UNIDIRECCIONAL,ASFALTO,REGULAR,SECO,DESPEJADO,0,1,0,0,13,131,13101,Metropolitana de Santiago,Santiago,Santiago,Interseccion,"ECHAURREN & LIBER BERNARDO O'HIGGINS, Santiago",-33.447704,-70.666356
-7882670.17736487,-3970669.16553605,4363,2023,1565383,2023/10/10 00:00:00+00,Octubre,10,Martes,1899/12/30 00:00:00+00,17:30:00,17,REGION METROPOLITANA,PADRE HURTADO,CHOQUE POSTERIOR/FRENTE,CHOQUE,URBANA,TRAMO DE VIA RECTA,IMPRUDENCIA DEL CONDUCTOR,CONDUCCION NO ATENTO CONDICIONES TRANSITO MOMENTO,CAMINO SAN ALBERTO HURTADO,EL MANZANO,CAMINO SAN ALBERTO HURTADO - EL MANZANO,0, , ,BIDIRECCIONAL CON BANDEJON,ASFALTO,BUENO,SECO,DESPEJADO,0,0,0,1,13,136,13604,Metropolitana de Santiago,Talagante,Padre Hurtado,Interseccion,"CAMINO SAN ALBERTO HURTADO & EL MANZANO, Padre Hurtado",-33.565962,-70.811231
-7825213.06750328,-2087783.52599626,4364,2023,1564450,2023/10/10 00:00:00+00,Octubre,10,Martes,1899/12/30 00:00:00+00,17:40:00,17,REGION ARICA Y PARINACOTA,ARICA,COLISION LATERAL,COLISION,URBANA,TRAMO DE VIA RECTA,IMPRUDENCIA DEL CONDUCTOR,CONDUCCION NO ATENTO CONDICIONES TRANSITO MOMENTO,ALCALDE SANTIAGO ARATA,DIAGUITAS,ALCALDE SANTIAGO ARATA - DIAGUITAS,0, , ,BIDIRECCIONAL CON BANDEJON,ASFALTO,BUENO,SECO,DESPEJADO,0,1,0,0,15,151,15101,Arica y Parinacota,Arica,Arica,Interseccion,"ALCALDE SANTIAGO ARATA & DIAGUITAS, Arica",-18.428656,-70.295085
-7940783.15941344,-3503068.66066197,4365,2023,1564628,2023/10/10 00:00:00+00,Octubre,10,Martes,1899/12/30 00:00:00+00,18:00:00,18,REGION COQUIMBO,COQUIMBO,COLISION PERPENDICULAR,COLISION,URBANA,CRUCE CON SEÑAL PARE,DESOBEDIENCIA A SEÑALIZACION,SEÑALIZACION DESOBEDECER SEÑAL PARE,ENRIQUE FERNANDEZ,PORTUGAL SUR,ENRIQUE FERNANDEZ - PORTUGAL SUR,0, , ,UNIDIRECCIONAL,CONCRETO,BUENO,SECO,DESPEJADO,0,0,0,1,04,041,04102,Coquimbo,Elqui,Coquimbo,Interseccion,"ENRIQUE FERNANDEZ & PORTUGAL SUR, Coquimbo",-29.996257,-71.333269
-7859645.13218792,-3958121.51032113,4366,2023,1564164,2023/10/10 00:00:00+00,Octubre,10,Martes,1899/12/30 00:00:00+00,18:56:00,18,REGION METROPOLITANA,MACUL,COLISION LATERAL,COLISION,URBANA,CRUCE CON SEÑAL CEDA EL PASO,IMPRUDENCIA DEL CONDUCTOR,CONDUCCION NO ATENTO CONDICIONES TRANSITO MOMENTO,LOS 3 ANTONIOS,LOS PLATANOS,LOS 3 ANTONIOS - LOS PLATANOS,0, , ,BIDIRECCIONAL,ASFALTO,BUENO,SECO,DESPEJADO,0,2,0,0,13,131,13118,Metropolitana de Santiago,Santiago,Macul,Interseccion,"LOS 3 ANTONIOS & LOS PLATANOS, Macul",-33.471989,-70.604394
-7866446.02949869,-3950592.06600351,4367,2023,1568591,2023/10/10 00:00:00+00,Octubre,10,Martes,1899/12/30 00:00:00+00,19:00:00,19,REGION METROPOLITANA,INDEPENDENCIA,COLISION LATERAL,COLISION,URBANA,CRUCE CON SEÑAL PARE,IMPRUDENCIA DEL CONDUCTOR,VIRAJES INDEBIDOS,DOMINGO SANTA MARIA,CAP BYNON,CAP BYNON - DOMINGO SANTA MARIA,0, , ,BIDIRECCIONAL,CONCRETO,BUENO,SECO,DESPEJADO,0,0,0,1,13,131,13108,Metropolitana de Santiago,Santiago,Independencia,Interseccion,"CAP BYNON & DOMINGO SANTA MARIA, Independencia",-33.41555,-70.665487
-8010791.56418153,-4359926.12350056,4368,2023,1566391,2023/10/10 00:00:00+00,Octubre,10,Martes,1899/12/30 00:00:00+00,19:20:00,19,REGION ÑUBLE,SAN CARLOS,COLISION LATERAL,COLISION,URBANA,TRAMO DE VIA RECTA,IMPRUDENCIA DEL CONDUCTOR,CONDUCCION NO ATENTO CONDICIONES TRANSITO MOMENTO,CHACABUCO,GAZMURI,CHACABUCO - GAZMURI,0, , ,UNIDIRECCIONAL,CONCRETO,BUENO,SECO,DESPEJADO,0,0,0,1,16,163,16301,Ñuble,Punilla,San Carlos,Interseccion,"CHACABUCO & GAZMURI, San Carlos",-36.429819,-71.962165
-7969615.49764466,-4280536.2239157,4369,2023,1566138,2023/10/10 00:00:00+00,Octubre,10,Martes,1899/12/30 00:00:00+00,22:00:00,22,REGION MAULE,LINARES,COLISION LATERAL,COLISION,URBANA,CRUCE CON SEÑAL PARE,DESOBEDIENCIA A SEÑALIZACION,SEÑALIZACION DESOBEDECER SEÑAL PARE,RENGO,JANUARIO ESPINOZA,JANUARIO ESPINOZA - RENGO,0, , ,UNIDIRECCIONAL,ASFALTO,BUENO,SECO,DESPEJADO,0,1,0,0,07,074,07401,Maule,Linares,Linares,Interseccion,"JANUARIO ESPINOZA & RENGO, Linares",-35.853896,-71.592274
-7862107.35234503,-3957511.10493276,4370,2023,1564386,2023/10/10 00:00:00+00,Octubre,10,Martes,1899/12/30 00:00:00+00,22:00:00,22,REGION METROPOLITANA,SANTIAGO,ATROPELLO,ATROPELLO,URBANA,TRAMO DE VIA RECTA,IMPRUDENCIA DEL PEATON,IMPRUDENCIA DEL PEATON,VICUÑA MACKENNA,ÑUBLE,ÑUBLE - VICUÑA MACKENNA,0, , ,BIDIRECCIONAL CON BANDEJON,ASFALTO,BUENO,SECO,DESPEJADO,0,1,0,0,13,131,13101,Metropolitana de Santiago,Santiago,Santiago,Interseccion,"ÑUBLE & VICUÑA MACKENNA, Santiago",-33.467415,-70.626512
-7972405.82076874,-4219373.00239971,4371,2023,1564624,2023/10/11 00:00:00+00,Octubre,11,Miércoles,1899/12/30 00:00:00+00,05:20:00,5,REGION MAULE,TALCA,COLISION LATERAL,COLISION,URBANA,CRUCE CON SEÑAL PARE,DESOBEDIENCIA A SEÑALIZACION,SEÑALIZACION DESOBEDECER SEÑAL PARE,25 ORIENTE,24 1/2 NORTE,24 1/2 NORTE - 25 ORIENTE,0, , ,BIDIRECCIONAL,ASFALTO,BUENO,SECO,DESPEJADO,0,1,0,0,07,071,07101,Maule,Talca,Talca,Interseccion,"24 1/2 NORTE & 25 ORIENTE, Talca",-35.40732,-71.61734
-7856865.20620408,-3951654.89983046,4372,2023,1565955,2023/10/11 00:00:00+00,Octubre,11,Miércoles,1899/12/30 00:00:00+00,07:10:00,7,REGION METROPOLITANA,LAS CONDES,COLISION FRONTAL,COLISION,URBANA,TRAMO DE VIA RECTA,IMPRUDENCIA DEL CONDUCTOR,ADELANTAMIENTO SIN EFECTUAR LA SEÑAL RESPECTIVA,CRISTOBAL COLON,AMERICO VESPUCIO,AMERICO VESPUCIO - CRISTOBAL COLON,0, , ,BIDIRECCIONAL,ASFALTO,BUENO,SECO,DESPEJADO,0,0,0,0,13,131,13114,Metropolitana de Santiago,Santiago,Las Condes,Interseccion,"AMERICO VESPUCIO & CRISTOBAL COLON, Las Condes",-33.423519,-70.579421
-7861468.15582889,-3966903.15277059,4373,2023,1565632,2023/10/11 00:00:00+00,Octubre,11,Miércoles,1899/12/30 00:00:00+00,08:45:00,8,REGION METROPOLITANA,LA GRANJA,COLISION LATERAL,COLISION,URBANA,CRUCE CON SEÑAL PARE,DESOBEDIENCIA A SEÑALIZACION,SEÑALIZACION DESOBEDECER SEÑAL PARE,OSORNO,INCA DE ORO,INCA DE ORO - OSORNO,0, , ,BIDIRECCIONAL,ASFALTO,BUENO,SECO,DESPEJADO,0,0,0,1,13,131,13111,Metropolitana de Santiago,Santiago,La Granja,Interseccion,"INCA DE ORO & OSORNO, La Granja",-33.537768,-70.62077
-7848127.85069121,-3946964.97465737,4374,2023,1564953,2023/10/11 00:00:00+00,Octubre,11,Miércoles,1899/12/30 00:00:00+00,09:40:00,9,REGION METROPOLITANA,LAS CONDES,COLISION POR ALCANCE,COLISION,URBANA,CRUCE CON SEÑAL CEDA EL PASO,IMPRUDENCIA DEL CONDUCTOR,CONDUCCION NO ATENTO CONDICIONES TRANSITO MOMENTO,SAN FRANCISCO DE ASIS,STA VERONICA,SAN FRANCISCO DE ASIS - STA VERONICA,0, , ,BIDIRECCIONAL,ASFALTO,BUENO,SECO,DESPEJADO,0,0,0,1,13,131,13114,Metropolitana de Santiago,Santiago,Las Condes,Interseccion,"SAN FRANCISCO DE ASIS & STA VERONICA, Las Condes",-33.388349,-70.500932
-7960991.68795673,-3895206.37841645,4375,2023,1565244,2023/10/11 00:00:00+00,Octubre,11,Miércoles,1899/12/30 00:00:00+00,10:38:00,10,REGION VALPARAISO,VIÑA DEL MAR,CHOQUE FRENTE/POSTERIOR,CHOQUE,URBANA,TRAMO DE VIA RECTA,IMPRUDENCIA DEL CONDUCTOR,CONDUCCION NO ATENTO CONDICIONES TRANSITO MOMENTO,ALESSANDRI,GOMEZ CARREÑO,ALESSANDRI - GOMEZ CARREÑO,0, , ,BIDIRECCIONAL,CONCRETO,BUENO,SECO,DESPEJADO,0,0,0,2,05,051,05109,Valparaíso,Valparaíso,Viña del Mar,Interseccion,"ALESSANDRI & GOMEZ CARREÑO, Viña del Mar",-32.999265,-71.514805
-7866357.641823,-3966866.69280953,4376,2023,1564820,2023/10/11 00:00:00+00,Octubre,11,Miércoles,1899/12/30 00:00:00+00,13:25:00,13,REGION METROPOLITANA,LA CISTERNA,CHOQUE FRENTE/POSTERIOR,CHOQUE,URBANA,CRUCE CON SEMAFORO FUNCIONANDO,IMPRUDENCIA DEL CONDUCTOR,CONDUCCION SIN MANTENER DISTANCIA RAZONABLE NI PRUDENTE,GRAN AVDA JOSE MIGUEL CARRERA,AMERICO VESPUCIO,AMERICO VESPUCIO - GRAN AVDA JOSE MIGUEL CARRERA,0, , ,BIDIRECCIONAL CON BANDEJON,CONCRETO,BUENO,SECO,DESPEJADO,0,0,0,0,13,131,13109,Metropolitana de Santiago,Santiago,La Cisterna,Interseccion,"AMERICO VESPUCIO & GRAN AVDA JOSE MIGUEL CARRERA, La Cisterna",-33.537495,-70.664693