X,Y,FID,Año,IdAccident,Fecha,Mes,Dia_mes,Dia_semana,Hora,Hora_texto,Hora_aprox,Región,Comuna,Tipo_Accid,Tipo__CONA,Zona,Ubicación,Causa__CON,Causa_Acci,Calle_Uno,Calle_Dos,Intersecci,Número,Ruta,Ubicaci_1,Calzada,Tipo_Calza,Estado_Cal,Condición,Estado_Atm,Fallecidos,Graves,Menos_Grav,Leves,CUT_REG,CUT_PROV,CUT_COM,REGION,PROVINCIA,COMUNA1,Tipo_direc,Direccion,Lat,Lon
-7861386.61431302,-3956685.65914266,4377,2023,1570945,2023/10/11 00:00:00+00,Octubre,11,Miércoles,1899/12/30 00:00:00+00,13:55:00,13,REGION METROPOLITANA,ÑUÑOA,VOLCADURA,VOLCADURA,URBANA,TRAMO DE VIA CURVA HORIZONTAL,VELOCIDAD IMPRUDENTE,"VELOCIDAD NO REDUCIR CRUCE DE CALLES, CUMBRE, CURVA, ETC.",GRECIA,OBPO ORREGO,GRECIA - OBPO ORREGO,0, , ,BIDIRECCIONAL CON BANDEJON,CONCRETO,REGULAR,SECO,DESPEJADO,0,0,0,1,13,131,13120,Metropolitana de Santiago,Santiago,Ñuñoa,Interseccion,"GRECIA & OBPO ORREGO, Ñuñoa",-33.461229,-70.620038
-7867318.10638957,-3954878.27427488,4378,2023,1582376,2023/10/11 00:00:00+00,Octubre,11,Miércoles,1899/12/30 00:00:00+00,14:30:00,14,REGION METROPOLITANA,SANTIAGO,COLISION POR ALCANCE,COLISION,URBANA,TRAMO DE VIA RECTA,VELOCIDAD IMPRUDENTE,VELOCIDAD NO RAZONABLE NI PRUDENTE,ROMERO,LIBERTAD,LIBERTAD - ROMERO,0, , ,UNIDIRECCIONAL,ASFALTO,BUENO,SECO,DESPEJADO,0,1,0,0,13,131,13101,Metropolitana de Santiago,Santiago,Santiago,Interseccion,"LIBERTAD & ROMERO, Santiago",-33.447683,-70.673321
-8084246.61511577,-4686571.18891955,4379,2023,1564515,2023/10/11 00:00:00+00,Octubre,11,Miércoles,1899/12/30 00:00:00+00,17:20:00,17,REGION ARAUCANIA,TEMUCO,CHOQUE POSTERIOR,CHOQUE,URBANA,TRAMO DE VIA RECTA,IMPRUDENCIA DEL CONDUCTOR,CONDUCCION SIN MANTENER DISTANCIA RAZONABLE NI PRUDENTE,MANUEL RECABARREN,VENECIA,MANUEL RECABARREN - VENECIA,0, , ,BIDIRECCIONAL CON BANDEJON,CONCRETO,BUENO,SECO,DESPEJADO,0,0,0,1,09,091,09101,La Araucanía,Cautín,Temuco,Interseccion,"MANUEL RECABARREN & VENECIA, Temuco",-38.754532,-72.622023
-7874936.81233946,-3964445.50158967,4380,2023,1564769,2023/10/11 00:00:00+00,Octubre,11,Miércoles,1899/12/30 00:00:00+00,17:30:00,17,REGION METROPOLITANA,MAIPU,VOLCADURA,VOLCADURA,URBANA,TRAMO DE VIA RECTA,IMPRUDENCIA DEL CONDUCTOR,CONDUCCION NO ATENTO CONDICIONES TRANSITO MOMENTO,CAMINO A MELIPILLA,CHANARCILLO,CAMINO A MELIPILLA - CHANARCILLO,0, , ,BIDIRECCIONAL CON BANDEJON,ASFALTO,BUENO,SECO,DESPEJADO,0,0,0,0,13,131,13119,Metropolitana de Santiago,Santiago,Maipú,Interseccion,"CAMINO A MELIPILLA & CHANARCILLO, Maipú",-33.519364,-70.741761
-8132939.21316376,-4415300.26671423,4381,2023,1565496,2023/10/11 00:00:00+00,Octubre,11,Miércoles,1899/12/30 00:00:00+00,18:40:00,18,REGION BIO BIO,CONCEPCION,ATROPELLO,ATROPELLO,URBANA,CRUCE CON SEMAFORO FUNCIONANDO,IMPRUDENCIA DEL CONDUCTOR,NO RESPETAR DERECHO PREFERENTE DE PASO A PEATON,ARTURO PRAT,FREIRE,ARTURO PRAT - FREIRE,0, , ,UNIDIRECCIONAL,CONCRETO,BUENO,SECO,DESPEJADO,0,0,0,2,08,081,08101,Biobío,Concepción,Concepción,Interseccion,"ARTURO PRAT & FREIRE, Concepción",-36.829014,-73.059436
-7823284.31254316,-2097312.18556284,4382,2023,1564821,2023/10/11 00:00:00+00,Octubre,11,Miércoles,1899/12/30 00:00:00+00,19:01:00,19,REGION ARICA Y PARINACOTA,ARICA,COLISION PERPENDICULAR,COLISION,URBANA,CRUCE CON SEÑAL PARE,DESOBEDIENCIA A SEÑALIZACION,SEÑALIZACION DESOBEDECER SEÑAL PARE,SANTIAGO FLORES,MANUEL CASTILLO IBACETA,MANUEL CASTILLO IBACETA - SANTIAGO FLORES,0, , ,BIDIRECCIONAL CON BANDEJON,ASFALTO,BUENO,SECO,DESPEJADO,0,1,0,0,15,151,15101,Arica y Parinacota,Arica,Arica,Interseccion,"MANUEL CASTILLO IBACETA & SANTIAGO FLORES, Arica",-18.509845,-70.277759
-7972216.68898728,-3902008.6480776,4383,2023,1564695,2023/10/11 00:00:00+00,Octubre,11,Miércoles,1899/12/30 00:00:00+00,20:10:00,20,REGION VALPARAISO,VALPARAISO,COLISION LATERAL,COLISION,URBANA,TRAMO DE VIA RECTA,VELOCIDAD IMPRUDENTE,VELOCIDAD NO RAZONABLE NI PRUDENTE,LATORRE,BAQUEDANO,BAQUEDANO - LATORRE,0, , ,UNIDIRECCIONAL,CONCRETO,BUENO,SECO,DESPEJADO,0,1,0,0,05,051,05101,Valparaíso,Valparaíso,Valparaíso,Interseccion,"BAQUEDANO & LATORRE, Valparaíso",-33.050498,-71.615641
-7835086.03764727,-2706049.33945677,4384,2023,1579047,2023/10/11 00:00:00+00,Octubre,11,Miércoles,1899/12/30 00:00:00+00,21:00:00,21,REGION ANTOFAGASTA,ANTOFAGASTA,COLISION POR ALCANCE,COLISION,URBANA,CRUCE CON SEÑAL CEDA EL PASO,IMPRUDENCIA DEL CONDUCTOR,CONDUCCION NO ATENTO CONDICIONES TRANSITO MOMENTO,ANTONIO RENDIC,SAN MIGUEL,ANTONIO RENDIC - SAN MIGUEL,0, , ,BIDIRECCIONAL,ASFALTO,BUENO,SECO,DESPEJADO,0,0,0,0,02,021,02101,Antofagasta,Antofagasta,Antofagasta,Interseccion,"ANTONIO RENDIC & SAN MIGUEL, Antofagasta",-23.610765,-70.383775
-7957490.12219735,-4237216.39882047,4385,2023,1566029,2023/10/11 00:00:00+00,Octubre,11,Miércoles,1899/12/30 00:00:00+00,21:15:00,21,REGION MAULE,SAN CLEMENTE,COLISION LATERAL,COLISION,URBANA,TRAMO DE VIA RECTA,IMPRUDENCIA DEL CONDUCTOR,CONDUCCION NO ATENTO CONDICIONES TRANSITO MOMENTO,PAULA MONTAL,LOS ESPINOS,LOS ESPINOS - PAULA MONTAL,0, , ,BIDIRECCIONAL,CONCRETO,BUENO,SECO,DESPEJADO,0,1,0,0,07,071,07109,Maule,Talca,San Clemente,Interseccion,"LOS ESPINOS & PAULA MONTAL, San Clemente",-35.537859,-71.48335
-7859070.3339972,-3961215.98909431,4386,2023,1564375,2023/10/11 00:00:00+00,Octubre,11,Miércoles,1899/12/30 00:00:00+00,21:40:00,21,REGION METROPOLITANA,MACUL,COLISION LATERAL,COLISION,URBANA,TRAMO DE VIA RECTA,IMPRUDENCIA DEL CONDUCTOR,CONDUCCION NO ATENTO CONDICIONES TRANSITO MOMENTO,LUIS DURAND,MACUL,LUIS DURAND - MACUL,0, , ,BIDIRECCIONAL,ASFALTO,BUENO,SECO,DESPEJADO,0,0,0,1,13,131,13118,Metropolitana de Santiago,Santiago,Macul,Interseccion,"LUIS DURAND & MACUL, Macul",-33.495174,-70.59923
-7976032.38713981,-4222424.7440137,4387,2023,1564484,2023/10/11 00:00:00+00,Octubre,11,Miércoles,1899/12/30 00:00:00+00,22:05:00,22,REGION MAULE,TALCA,COLISION LATERAL,COLISION,URBANA,TRAMO DE VIA RECTA,IMPRUDENCIA DEL CONDUCTOR,CONDUCCION NO ATENTO CONDICIONES TRANSITO MOMENTO,13 ORIENTE,MONSEÑOR MANUEL LARRAIN,13 ORIENTE - MONSEÑOR MANUEL LARRAIN,0, , ,BIDIRECCIONAL,CONCRETO,BUENO,SECO,DESPEJADO,0,0,1,0,07,071,07101,Maule,Talca,Talca,Interseccion,"13 ORIENTE & MONSEÑOR MANUEL LARRAIN, Talca",-35.429661,-71.649918
-8082148.35965544,-4684008.5659359,4388,2023,1564734,2023/10/11 00:00:00+00,Octubre,11,Miércoles,1899/12/30 00:00:00+00,22:50:00,22,REGION ARAUCANIA,TEMUCO,COLISION PERPENDICULAR,COLISION,URBANA,TRAMO DE VIA RECTA,IMPRUDENCIA DEL CONDUCTOR,CONDUCCION NO ATENTO CONDICIONES TRANSITO MOMENTO,ALEMANIA,THIERS,ALEMANIA - THIERS,0, , ,BIDIRECCIONAL,ASFALTO,BUENO,SECO,DESPEJADO,0,1,0,0,09,091,09101,La Araucanía,Cautín,Temuco,Interseccion,"ALEMANIA & THIERS, Temuco",-38.736578,-72.603174
-7859845.44050191,-3874819.69704854,4389,2023,1564686,2023/10/12 00:00:00+00,Octubre,12,Jueves,1899/12/30 00:00:00+00,00:15:00,0,REGION VALPARAISO,LOS ANDES,OTRO TIPO,OTRO TIPO,URBANA,TRAMO DE VIA RECTA,ALCOHOL EN CONDUCTOR,CONDUCCION EN ESTADO DE EBRIEDAD,BEJARES,ARTURO PRAT,ARTURO PRAT - BEJARES,0, , ,BIDIRECCIONAL,CONCRETO,BUENO,SECO,DESPEJADO,0,1,0,0,05,053,05301,Valparaíso,Los Andes,Los Andes,Interseccion,"ARTURO PRAT & BEJARES, Los Andes",-32.845539,-70.606193
-7861474.61235936,-3956175.66773511,4390,2023,1565700,2023/10/12 00:00:00+00,Octubre,12,Jueves,1899/12/30 00:00:00+00,07:30:00,7,REGION METROPOLITANA,ÑUÑOA,COLISION LATERAL,COLISION,URBANA,TRAMO DE VIA RECTA,IMPRUDENCIA DEL CONDUCTOR,CONDUCCION NO ATENTO CONDICIONES TRANSITO MOMENTO,CRESCENTE ERRAZURIZ,SALVADOR,CRESCENTE ERRAZURIZ - SALVADOR,0, , ,BIDIRECCIONAL,CONCRETO,BUENO,SECO,DESPEJADO,0,0,0,0,13,131,13120,Metropolitana de Santiago,Santiago,Ñuñoa,Interseccion,"CRESCENTE ERRAZURIZ & SALVADOR, Ñuñoa",-33.457407,-70.620828
-7861474.61235936,-3956175.66773511,4391,2023,1567025,2023/10/12 00:00:00+00,Octubre,12,Jueves,1899/12/30 00:00:00+00,07:30:00,7,REGION METROPOLITANA,ÑUÑOA,COLISION LATERAL,COLISION,URBANA,TRAMO DE VIA RECTA,IMPRUDENCIA DEL CONDUCTOR,CONDUCCION NO ATENTO CONDICIONES TRANSITO MOMENTO,SALVADOR,CRESCENTE ERRAZURIZ,CRESCENTE ERRAZURIZ - SALVADOR,0, , ,BIDIRECCIONAL,CONCRETO,BUENO,SECO,DESPEJADO,0,0,0,0,13,131,13120,Metropolitana de Santiago,Santiago,Ñuñoa,Interseccion,"CRESCENTE ERRAZURIZ & SALVADOR, Ñuñoa",-33.457407,-70.620828
-7858913.48483467,-3954029.65697946,4392,2023,1565388,2023/10/12 00:00:00+00,Octubre,12,Jueves,1899/12/30 00:00:00+00,08:20:00,8,REGION METROPOLITANA,PROVIDENCIA,COLISION LATERAL,COLISION,URBANA,TRAMO DE VIA RECTA,IMPRUDENCIA DEL CONDUCTOR,ADELANTAMIENTO SIN EL ESPACIO O TIEMPO SUFICIENTE,DIEGO DE ALMAGRO,HOLANDA,DIEGO DE ALMAGRO - HOLANDA,0, , ,UNIDIRECCIONAL,ASFALTO,BUENO,SECO,DESPEJADO,0,0,0,1,13,131,13123,Metropolitana de Santiago,Santiago,Providencia,Interseccion,"DIEGO DE ALMAGRO & HOLANDA, Providencia",-33.441322,-70.597821
-7863830.28125135,-3958708.30804353,4393,2023,1566686,2023/10/12 00:00:00+00,Octubre,12,Jueves,1899/12/30 00:00:00+00,08:20:00,8,REGION METROPOLITANA,SANTIAGO,COLISION LATERAL,COLISION,URBANA,CRUCE SIN SEÑALIZACION,IMPRUDENCIA DEL CONDUCTOR,CONDUCCION NO ATENTO CONDICIONES TRANSITO MOMENTO,STA ROSA,CENTENARIO,CENTENARIO - STA ROSA,0, , ,UNIDIRECCIONAL,ASFALTO,BUENO,SECO,DESPEJADO,0,0,0,0,13,131,13101,Metropolitana de Santiago,Santiago,Santiago,Interseccion,"CENTENARIO & STA ROSA, Santiago",-33.476386,-70.641989
-7868633.34617329,-3973093.93462565,4394,2023,1568239,2023/10/12 00:00:00+00,Octubre,12,Jueves,1899/12/30 00:00:00+00,09:40:00,9,REGION METROPOLITANA,SAN BERNARDO,COLISION LATERAL,COLISION,URBANA,CRUCE SIN SEÑALIZACION,IMPRUDENCIA DEL CONDUCTOR,CONDUCCION NO ATENTO CONDICIONES TRANSITO MOMENTO,PEDRO SANCHO DE LA HOZ,ANTONIO ZAPATA,ANTONIO ZAPATA - PEDRO SANCHO DE LA HOZ,0, , ,BIDIRECCIONAL,ASFALTO,BUENO,SECO,DESPEJADO,0,0,0,0,13,134,13401,Metropolitana de Santiago,Maipo,San Bernardo,Interseccion,"ANTONIO ZAPATA & PEDRO SANCHO DE LA HOZ, San Bernardo",-33.58411,-70.685136
-7860399.60000337,-3951534.99442282,4395,2023,1565399,2023/10/12 00:00:00+00,Octubre,12,Jueves,1899/12/30 00:00:00+00,11:00:00,11,REGION METROPOLITANA,PROVIDENCIA,COLISION POR ALCANCE,COLISION,URBANA,TRAMO DE VIA RECTA,IMPRUDENCIA DEL CONDUCTOR,CONDUCCION CAMBIAR SORPRESIVAMENTE PISTA CIRCULACION,GUARDIA VIEJA,PROVIDENCIA,GUARDIA VIEJA - PROVIDENCIA,0, , ,UNIDIRECCIONAL,ASFALTO,BUENO,SECO,DESPEJADO,0,0,0,0,13,131,13123,Metropolitana de Santiago,Santiago,Providencia,Interseccion,"GUARDIA VIEJA & PROVIDENCIA, Providencia",-33.42262,-70.611171
-7932914.15161077,-3495869.81827324,4396,2023,1566453,2023/10/12 00:00:00+00,Octubre,12,Jueves,1899/12/30 00:00:00+00,12:40:00,12,REGION COQUIMBO,LA SERENA,CHOQUE FRENTE/POSTERIOR,CHOQUE,URBANA,TRAMO DE VIA RECTA,IMPRUDENCIA DEL CONDUCTOR,CONDUCCION NO ATENTO CONDICIONES TRANSITO MOMENTO,JOSE MANUEL BALMACEDA,ANDROMEDA,ANDROMEDA - JOSE MANUEL BALMACEDA,0, , ,BIDIRECCIONAL CON BANDEJON,ASFALTO,BUENO,SECO,DESPEJADO,0,1,0,4,04,041,04101,Coquimbo,Elqui,La Serena,Interseccion,"ANDROMEDA & JOSE MANUEL BALMACEDA, La Serena",-29.940234,-71.26258
-7858813.20815944,-3873068.68390615,4397,2023,1578259,2023/10/12 00:00:00+00,Octubre,12,Jueves,1899/12/30 00:00:00+00,13:00:00,13,REGION VALPARAISO,LOS ANDES,COLISION POR ALCANCE,COLISION,URBANA,TRAMO DE VIA RECTA,IMPRUDENCIA DEL CONDUCTOR,CONDUCCION SIN MANTENER DISTANCIA RAZONABLE NI PRUDENTE,MAIPU,MANUEL RODRIGUEZ,MAIPU - MANUEL RODRIGUEZ,0, , ,BIDIRECCIONAL,ASFALTO,BUENO,SECO,DESPEJADO,0,0,0,0,05,053,05301,Valparaíso,Los Andes,Los Andes,Interseccion,"MAIPU & MANUEL RODRIGUEZ, Los Andes",-32.832323,-70.59692
-7858212.28336217,-3973701.67652209,4398,2023,1565503,2023/10/12 00:00:00+00,Octubre,12,Jueves,1899/12/30 00:00:00+00,18:30:00,18,REGION METROPOLITANA,PUENTE ALTO,COLISION LATERAL,COLISION,URBANA,TRAMO DE VIA RECTA,IMPRUDENCIA DEL CONDUCTOR,CONDUCCION NO ATENTO CONDICIONES TRANSITO MOMENTO,JUAN DE DIOS MALEBRAN,ARQTO EUGENIO CERDA,ARQTO EUGENIO CERDA - JUAN DE DIOS MALEBRAN,0, , ,BIDIRECCIONAL,CONCRETO,BUENO,SECO,DESPEJADO,0,0,0,1,13,132,13201,Metropolitana de Santiago,Cordillera,Puente Alto,Interseccion,"ARQTO EUGENIO CERDA & JUAN DE DIOS MALEBRAN, Puente Alto",-33.588658,-70.591522
-7861359.84193095,-3951840.16219028,4399,2023,1565400,2023/10/12 00:00:00+00,Octubre,12,Jueves,1899/12/30 00:00:00+00,18:45:00,18,REGION METROPOLITANA,PROVIDENCIA,COLISION POR ALCANCE,COLISION,URBANA,TRAMO DE VIA RECTA,IMPRUDENCIA DEL CONDUCTOR,CONDUCCION NO ATENTO CONDICIONES TRANSITO MOMENTO,COST NORTE,LOS CONQUISTADORES,COST NORTE - LOS CONQUISTADORES,0, , ,UNIDIRECCIONAL,ASFALTO,REGULAR,SECO,DESPEJADO,0,0,0,1,13,131,13123,Metropolitana de Santiago,Santiago,Providencia,Interseccion,"COST NORTE & LOS CONQUISTADORES, Providencia",-33.424908,-70.619797
-7861359.84193095,-3951840.16219028,4400,2023,1566640,2023/10/12 00:00:00+00,Octubre,12,Jueves,1899/12/30 00:00:00+00,18:45:00,18,REGION METROPOLITANA,PROVIDENCIA,COLISION LATERAL,COLISION,URBANA,TRAMO DE VIA RECTA,IMPRUDENCIA DEL CONDUCTOR,ADELANTAMIENTO SIN EL ESPACIO O TIEMPO SUFICIENTE,COST NORTE,LOS CONQUISTADORES,COST NORTE - LOS CONQUISTADORES,0, , ,UNIDIRECCIONAL,ASFALTO,REGULAR,SECO,DESPEJADO,0,1,0,0,13,131,13123,Metropolitana de Santiago,Santiago,Providencia,Interseccion,"COST NORTE & LOS CONQUISTADORES, Providencia",-33.424908,-70.619797
-7856908.06420804,-3976065.19909329,4401,2023,1565455,2023/10/12 00:00:00+00,Octubre,12,Jueves,1899/12/30 00:00:00+00,19:30:00,19,REGION METROPOLITANA,PUENTE ALTO,COLISION FRONTAL,COLISION,URBANA,CRUCE CON SEÑAL CEDA EL PASO,IMPRUDENCIA DEL CONDUCTOR,CONDUCCION NO ATENTO CONDICIONES TRANSITO MOMENTO,ERNESTO ALVEAR,TOCORNAL GREZ,ERNESTO ALVEAR - TOCORNAL GREZ,0, , ,BIDIRECCIONAL CON BANDEJON,ASFALTO,BUENO,SECO,DESPEJADO,0,1,0,0,13,132,13201,Metropolitana de Santiago,Cordillera,Puente Alto,Interseccion,"ERNESTO ALVEAR & TOCORNAL GREZ, Puente Alto",-33.606343,-70.579806
-7855610.86889076,-3968217.91877962,4402,2023,1568344,2023/10/12 00:00:00+00,Octubre,12,Jueves,1899/12/30 00:00:00+00,20:00:00,20,REGION METROPOLITANA,LA FLORIDA,COLISION LATERAL,COLISION,URBANA,TRAMO DE VIA RECTA,IMPRUDENCIA DEL CONDUCTOR,CONDUCCION NO ATENTO CONDICIONES TRANSITO MOMENTO,LA FLORIDA,TRINIDAD ORIENTE,LA FLORIDA - TRINIDAD ORIENTE,0, , ,BIDIRECCIONAL,ASFALTO,BUENO,SECO,DESPEJADO,0,0,0,1,13,131,13110,Metropolitana de Santiago,Santiago,La Florida,Interseccion,"LA FLORIDA & TRINIDAD ORIENTE, La Florida",-33.547612,-70.568153
-8131372.17990173,-4414845.15373063,4403,2023,1565638,2023/10/12 00:00:00+00,Octubre,12,Jueves,1899/12/30 00:00:00+00,22:00:00,22,REGION BIO BIO,CONCEPCION,COLISION PERPENDICULAR,COLISION,URBANA,CRUCE CON SEMAFORO FUNCIONANDO,VELOCIDAD IMPRUDENTE,VELOCIDAD MAYOR QUE MAXIMA PERMITIDA,DIAGONAL PEDRO AGUIRRE CERDA,O'HIGGINS,DIAGONAL PEDRO AGUIRRE CERDA - O'HIGGINS,0, , ,UNIDIRECCIONAL,CONCRETO,BUENO,SECO,DESPEJADO,0,0,0,1,08,081,08101,Biobío,Concepción,Concepción,Interseccion,"DIAGONAL PEDRO AGUIRRE CERDA & O'HIGGINS, Concepción",-36.825742,-73.045359
-8132691.63861624,-4412993.40207826,4404,2023,1551264,2023/08/05 00:00:00+00,Agosto,5,Sábado,1899/12/30 00:00:00+00,15:29:00,15,REGION BIO BIO,CONCEPCION,COLISION,COLISION,URBANA,TRAMO DE VIA RECTA,IMPRUDENCIA DEL CONDUCTOR,CONDUCCION SIN MANTENER DISTANCIA RAZONABLE NI PRUDENTE,EJERCITO,COLO COLO,COLO COLO - EJERCITO,0, , ,BIDIRECCIONAL,CONCRETO,BUENO,SECO,DESPEJADO,0,1,0,0,08,081,08101,Biobío,Concepción,Concepción,Interseccion,"COLO COLO & EJERCITO, Concepción",-36.812425,-73.057212
-7827247.7428587,-2093469.51634612,4405,2023,1536647,2023/05/26 00:00:00+00,Mayo,26,Viernes,1899/12/30 00:00:00+00,12:10:00,12,REGION ARICA Y PARINACOTA,ARICA,COLISION POR ALCANCE,COLISION,URBANA,OTROS NO CONSIDERADOS,IMPRUDENCIA DEL CONDUCTOR,CONDUCCION NO ATENTO CONDICIONES TRANSITO MOMENTO,DOCTOR JUAN NOE,GENERAL PEDRO LAGOS MARCHANT,DOCTOR JUAN NOE - GENERAL PEDRO LAGOS MARCHANT,0, , ,UNIDIRECCIONAL,ASFALTO,BUENO,SECO,DESPEJADO,0,0,0,2,15,151,15101,Arica y Parinacota,Arica,Arica,Interseccion,"DOCTOR JUAN NOE & GENERAL PEDRO LAGOS MARCHANT, Arica",-18.477108,-70.313363
-7837301.36229462,-3972741.83848588,4406,2023,1555518,2023/08/05 00:00:00+00,Agosto,5,Sábado,1899/12/30 00:00:00+00,17:45:00,17,REGION METROPOLITANA,SAN JOSE DE MAIPO,VOLCADURA,VOLCADURA,URBANA,CRUCE CON SEÑAL PARE,VELOCIDAD IMPRUDENTE,VELOCIDAD NO RAZONABLE NI PRUDENTE,CAMINO AL VOLCAN,AVENIDA DOCE,AVENIDA DOCE - CAMINO AL VOLCAN,0, , ,BIDIRECCIONAL,ASFALTO,REGULAR,SECO,NUBLADO,0,1,0,1,13,132,13203,Metropolitana de Santiago,Cordillera,San José de Maipo,Interseccion,"AVENIDA DOCE & CAMINO AL VOLCAN, San José de Maipo",-33.581475,-70.403676
-7867095.57872747,-3944682.97315864,4407,2023,1535696,2023/05/26 00:00:00+00,Mayo,26,Viernes,1899/12/30 00:00:00+00,14:00:00,14,REGION METROPOLITANA,CONCHALI,CHOQUE POSTERIOR/FRENTE,CHOQUE,URBANA,CRUCE CON SEMAFORO FUNCIONANDO,IMPRUDENCIA DEL CONDUCTOR,CONDUCCION NO ATENTO CONDICIONES TRANSITO MOMENTO,AMERICO VESPUCIO,PEDRO FONTOVA,AMERICO VESPUCIO - PEDRO FONTOVA,0, , ,UNIDIRECCIONAL,ASFALTO,BUENO,SECO,DESPEJADO,0,1,0,0,13,131,13104,Metropolitana de Santiago,Santiago,Conchalí,Interseccion,"AMERICO VESPUCIO & PEDRO FONTOVA, Conchalí",-33.371231,-70.671322
-7875238.599479,-4052277.16288731,4408,2023,1528178,2023/04/27 00:00:00+00,Abril,27,Jueves,1899/12/30 00:00:00+00,14:40:00,14,REGION LIB.B.O'HIGGINS,RANCAGUA,COLISION POR ALCANCE,COLISION,URBANA,CRUCE CON SEMAFORO FUNCIONANDO,IMPRUDENCIA DEL CONDUCTOR,CONDUCCION NO ATENTO CONDICIONES TRANSITO MOMENTO,MILLAN,ESTADO,ESTADO - MILLAN,0, , ,BIDIRECCIONAL CON BANDEJON,CONCRETO,BUENO,SECO,DESPEJADO,0,0,0,0,06,061,06101,Libertador General Bernardo O'Higgins,Cachapoal,Rancagua,Interseccion,"ESTADO & MILLAN, Rancagua",-34.174648,-70.744472
-8138852.45508885,-4416554.07457989,4409,2023,1552115,2023/08/05 00:00:00+00,Agosto,5,Sábado,1899/12/30 00:00:00+00,21:00:00,21,REGION BIO BIO,SAN PEDRO DE LA PAZ,VOLCADURA,VOLCADURA,URBANA,TRAMO DE VIA RECTA,IMPRUDENCIA DEL CONDUCTOR,CONDUCCION NO ATENTO CONDICIONES TRANSITO MOMENTO,PEDRO AGUIRRE CERDA,LOS BATROS,LOS BATROS - PEDRO AGUIRRE CERDA,0, , ,BIDIRECCIONAL,CONCRETO,BUENO,SECO,DESPEJADO,0,0,0,1,08,081,08108,Biobío,Concepción,San Pedro de la Paz,Interseccion,"LOS BATROS & PEDRO AGUIRRE CERDA, San Pedro de la Paz",-36.838029,-73.112556
-7855391.0439991,-3949639.24841492,4410,2023,1541390,2023/05/26 00:00:00+00,Mayo,26,Viernes,1899/12/30 00:00:00+00,15:18:00,15,REGION METROPOLITANA,LAS CONDES,COLISION LATERAL,COLISION,URBANA,CRUCE CON SEMAFORO FUNCIONANDO,IMPRUDENCIA DEL CONDUCTOR,CONDUCCION NO ATENTO CONDICIONES TRANSITO MOMENTO,ALONSO DE CORDOVA,APOQUINDO,ALONSO DE CORDOVA - APOQUINDO,0, , ,BIDIRECCIONAL CON BANDEJON,CONCRETO,BUENO,SECO,DESPEJADO,0,0,0,1,13,131,13114,Metropolitana de Santiago,Santiago,Las Condes,Interseccion,"ALONSO DE CORDOVA & APOQUINDO, Las Condes",-33.408405,-70.566178
-7930632.95920958,-3496733.22397223,4411,2023,1542391,2023/06/29 00:00:00+00,Junio,29,Jueves,1899/12/30 00:00:00+00,10:00:00,10,REGION COQUIMBO,LA SERENA,COLISION POR ALCANCE,COLISION,URBANA,TRAMO DE VIA RECTA,IMPRUDENCIA DEL CONDUCTOR,CONDUCCION SIN MANTENER DISTANCIA RAZONABLE NI PRUDENTE,GUILLERMO ULRIKSEN,LOS ARRAYANES,GUILLERMO ULRIKSEN - LOS ARRAYANES,0, , ,BIDIRECCIONAL CON BANDEJON,ASFALTO,BUENO,SECO,NUBLADO,0,0,0,1,04,041,04101,Coquimbo,Elqui,La Serena,Interseccion,"GUILLERMO ULRIKSEN & LOS ARRAYANES, La Serena",-29.946955,-71.242088
-7866076.11483079,-3945130.32630082,4412,2023,1528596,2023/04/27 00:00:00+00,Abril,27,Jueves,1899/12/30 00:00:00+00,15:20:00,15,REGION METROPOLITANA,CONCHALI,COLISION,COLISION,URBANA,TRAMO DE VIA RECTA,IMPRUDENCIA DEL CONDUCTOR,CONDUCCION NO ATENTO CONDICIONES TRANSITO MOMENTO,AMERICO VESPUCIO,GRAL GAMBINO,AMERICO VESPUCIO - GRAL GAMBINO,0, , ,UNIDIRECCIONAL,CONCRETO,BUENO,SECO,DESPEJADO,0,0,0,0,13,131,13104,Metropolitana de Santiago,Santiago,Conchalí,Interseccion,"AMERICO VESPUCIO & GRAL GAMBINO, Conchalí",-33.374587,-70.662164
-8087788.80693444,-4680639.55885855,4413,2023,1533862,2023/05/26 00:00:00+00,Mayo,26,Viernes,1899/12/30 00:00:00+00,15:30:00,15,REGION ARAUCANIA,TEMUCO,ATROPELLO,ATROPELLO,URBANA,TRAMO DE VIA RECTA,VELOCIDAD IMPRUDENTE,VELOCIDAD MAYOR QUE MAXIMA PERMITIDA,LOS CREADORES,LOS COMPOSITORES,LOS COMPOSITORES - LOS CREADORES,0, , ,BIDIRECCIONAL,CONCRETO,BUENO,MOJADO,LLUVIA,0,1,0,1,09,091,09101,La Araucanía,Cautín,Temuco,Interseccion,"LOS COMPOSITORES & LOS CREADORES, Temuco",-38.712967,-72.653843
-7865515.50987515,-3945392.66775751,4414,2023,1541952,2023/06/29 00:00:00+00,Junio,29,Jueves,1899/12/30 00:00:00+00,12:31:00,12,REGION METROPOLITANA,RECOLETA,COLISION LATERAL,COLISION,URBANA,CRUCE CON SEMAFORO FUNCIONANDO,IMPRUDENCIA DEL CONDUCTOR,CONDUCCION CAMBIAR SORPRESIVAMENTE PISTA CIRCULACION,EL GUANACO,AMERICO VESPUCIO,AMERICO VESPUCIO - EL GUANACO,0, , ,UNIDIRECCIONAL,ASFALTO,BUENO,SECO,DESPEJADO,0,0,0,0,13,131,13127,Metropolitana de Santiago,Santiago,Recoleta,Interseccion,"AMERICO VESPUCIO & EL GUANACO, Recoleta",-33.376555,-70.657128