X,Y,FID,Año,IdAccident,Fecha,Mes,Dia_mes,Dia_semana,Hora,Hora_texto,Hora_aprox,Región,Comuna,Tipo_Accid,Tipo__CONA,Zona,Ubicación,Causa__CON,Causa_Acci,Calle_Uno,Calle_Dos,Intersecci,Número,Ruta,Ubicaci_1,Calzada,Tipo_Calza,Estado_Cal,Condición,Estado_Atm,Fallecidos,Graves,Menos_Grav,Leves,CUT_REG,CUT_PROV,CUT_COM,REGION,PROVINCIA,COMUNA1,Tipo_direc,Direccion,Lat,Lon
-7868978.43659475,-3973798.82732803,4415,2023,1529182,2023/04/27 00:00:00+00,Abril,27,Jueves,1899/12/30 00:00:00+00,18:10:00,18,REGION METROPOLITANA,SAN BERNARDO,COLISION LATERAL,COLISION,URBANA,CRUCE CON SEÑAL PARE,DESOBEDIENCIA A SEÑALIZACION,SEÑALIZACION DESOBEDECER SEÑAL PARE,PEDRO SANCHO DE LA HOZ,BALMACEDA,BALMACEDA - PEDRO SANCHO DE LA HOZ,0, , ,BIDIRECCIONAL CON BANDEJON,ASFALTO,BUENO,SECO,DESPEJADO,0,0,0,0,13,134,13401,Metropolitana de Santiago,Maipo,San Bernardo,Interseccion,"BALMACEDA & PEDRO SANCHO DE LA HOZ, San Bernardo",-33.589385,-70.688236
-7855116.26568423,-3972539.67201283,4416,2023,1535391,2023/05/26 00:00:00+00,Mayo,26,Viernes,1899/12/30 00:00:00+00,17:20:00,17,REGION METROPOLITANA,PUENTE ALTO,COLISION LATERAL,COLISION,URBANA,TRAMO DE VIA RECTA,IMPRUDENCIA DEL CONDUCTOR,CONDUCCION NO ATENTO CONDICIONES TRANSITO MOMENTO,MEXICO,EL PEÑON,EL PEÑON - MEXICO,0, , ,BIDIRECCIONAL,CONCRETO,BUENO,SECO,DESPEJADO,0,0,0,2,13,132,13201,Metropolitana de Santiago,Cordillera,Puente Alto,Interseccion,"EL PEÑON & MEXICO, Puente Alto",-33.579962,-70.56371
-7829021.97518913,-3169521.69245642,4417,2023,1543394,2023/06/29 00:00:00+00,Junio,29,Jueves,1899/12/30 00:00:00+00,15:50:00,15,REGION ATACAMA,COPIAPO,COLISION PERPENDICULAR,COLISION,URBANA,CRUCE CON SEMAFORO FUNCIONANDO,DESOBEDIENCIA A SEÑALIZACION,SEÑALIZACION DESOBEDECER LUZ ROJA DE SEMAFORO,LOS CARRERA,SALAS,LOS CARRERA - SALAS,0, , ,UNIDIRECCIONAL,ASFALTO,BUENO,SECO,DESPEJADO,0,0,0,1,03,031,03101,Atacama,Copiapó,Copiapó,Interseccion,"LOS CARRERA & SALAS, Copiapó",-27.36798,-70.329301
-7928294.47069989,-4158266.93043677,4418,2023,1529199,2023/04/27 00:00:00+00,Abril,27,Jueves,1899/12/30 00:00:00+00,18:20:00,18,REGION MAULE,CURICO,COLISION LATERAL,COLISION,URBANA,CRUCE CON SEÑAL PARE,IMPRUDENCIA DEL CONDUCTOR,NO RESPETAR DERECHO PREFERENTE DE PASO A VEHICULO,AMSTERDAM,MONTEVIDEO,AMSTERDAM - MONTEVIDEO,0, , ,BIDIRECCIONAL CON BANDEJON,ASFALTO,BUENO,SECO,DESPEJADO,0,1,0,0,07,073,07301,Maule,Curicó,Curicó,Interseccion,"AMSTERDAM & MONTEVIDEO, Curicó",-34.958677,-71.221081
-7869949.69915192,-3957671.77343548,4419,2023,1551374,2023/08/05 00:00:00+00,Agosto,5,Sábado,1899/12/30 00:00:00+00,21:00:00,21,REGION METROPOLITANA,ESTACION CENTRAL,COLISION,COLISION,URBANA,TRAMO DE VIA RECTA,IMPRUDENCIA DEL CONDUCTOR,CONDUCCION SIN MANTENER DISTANCIA RAZONABLE NI PRUDENTE,JUANA WEBER DE AMUNATEGUI,CAP GALVEZ,CAP GALVEZ - JUANA WEBER DE AMUNATEGUI,0, , ,BIDIRECCIONAL,ASFALTO,BUENO,SECO,DESPEJADO,0,0,0,0,13,131,13106,Metropolitana de Santiago,Santiago,Estación Central,Interseccion,"CAP GALVEZ & JUANA WEBER DE AMUNATEGUI, Estación Central",-33.468619,-70.696961
-8132118.23191916,-4413404.28747512,4420,2023,1535601,2023/05/26 00:00:00+00,Mayo,26,Viernes,1899/12/30 00:00:00+00,18:30:00,18,REGION BIO BIO,CONCEPCION,COLISION POR ALCANCE,COLISION,URBANA,TRAMO DE VIA RECTA,IMPRUDENCIA DEL CONDUCTOR,CONDUCCION SIN MANTENER DISTANCIA RAZONABLE NI PRUDENTE,MANUEL RODRIGUEZ,TUCAPEL,MANUEL RODRIGUEZ - TUCAPEL,0, , ,BIDIRECCIONAL CON BANDEJON,CONCRETO,BUENO,SECO,DESPEJADO,0,0,0,1,08,081,08101,Biobío,Concepción,Concepción,Interseccion,"MANUEL RODRIGUEZ & TUCAPEL, Concepción",-36.81538,-73.052061
-7859040.38905418,-3961276.19208752,4421,2023,1527011,2023/04/27 00:00:00+00,Abril,27,Jueves,1899/12/30 00:00:00+00,18:55:00,18,REGION METROPOLITANA,MACUL,COLISION FRONTAL,COLISION,URBANA,CRUCE CON SEMAFORO FUNCIONANDO,DESOBEDIENCIA A SEÑALIZACION,SEÑALIZACION DESOBEDECER LUZ ROJA DE SEMAFORO,JOSE PEDRO ALESSANDRI,DEPARTAMENTAL,DEPARTAMENTAL - JOSE PEDRO ALESSANDRI,0, , ,BIDIRECCIONAL CON BANDEJON,CONCRETO,BUENO,SECO,NUBLADO,0,1,0,0,13,131,13118,Metropolitana de Santiago,Santiago,Macul,Interseccion,"DEPARTAMENTAL & JOSE PEDRO ALESSANDRI, Macul",-33.495625,-70.598961
-8144692.88159917,-4948840.06506856,4422,2023,1552074,2023/08/06 00:00:00+00,Agosto,6,Domingo,1899/12/30 00:00:00+00,05:00:00,5,REGION LOS LAGOS,OSORNO,CHOQUE FRONTAL,CHOQUE,URBANA,CRUCE CON SEMAFORO FUNCIONANDO,ALCOHOL EN CONDUCTOR,CONDUCCION EN ESTADO DE EBRIEDAD,PEDRO MONTT,LA MISION,LA MISION - PEDRO MONTT,0, , ,UNIDIRECCIONAL,CONCRETO,BUENO,SECO,DESPEJADO,0,1,0,0,10,103,10301,Los Lagos,Osorno,Osorno,Interseccion,"LA MISION & PEDRO MONTT, Osorno",-40.568075,-73.165021
-7929998.04849385,-3822096.54875865,4423,2023,1534198,2023/05/26 00:00:00+00,Mayo,26,Viernes,1899/12/30 00:00:00+00,19:25:00,19,REGION VALPARAISO,LA LIGUA,ATROPELLO,ATROPELLO,URBANA,TRAMO DE VIA RECTA,IMPRUDENCIA DEL CONDUCTOR,CONDUCCION NO ATENTO CONDICIONES TRANSITO MOMENTO,SANTA TERESA,GOENECHEA,GOENECHEA - SANTA TERESA,0, , ,UNIDIRECCIONAL,ASFALTO,BUENO,SECO,DESPEJADO,0,0,0,2,05,054,05401,Valparaíso,Petorca,La Ligua,Interseccion,"GOENECHEA & SANTA TERESA, La Ligua",-32.446743,-71.236384
-7866580.28080459,-3966964.05318211,4424,2023,1533925,2023/05/26 00:00:00+00,Mayo,26,Viernes,1899/12/30 00:00:00+00,20:10:00,20,REGION METROPOLITANA,LA CISTERNA,COLISION POR ALCANCE,COLISION,URBANA,CRUCE SIN SEÑALIZACION,IMPRUDENCIA DEL CONDUCTOR,CONDUCCION SIN MANTENER DISTANCIA RAZONABLE NI PRUDENTE,OSSA,ALC ISMAEL LLONA,ALC ISMAEL LLONA - OSSA,0, , ,BIDIRECCIONAL,CONCRETO,BUENO,SECO,DESPEJADO,0,0,0,0,13,131,13109,Metropolitana de Santiago,Santiago,La Cisterna,Interseccion,"ALC ISMAEL LLONA & OSSA, La Cisterna",-33.538224,-70.666693
-7931029.31227882,-3879919.86945328,4425,2023,1533693,2023/05/26 00:00:00+00,Mayo,26,Viernes,1899/12/30 00:00:00+00,21:15:00,21,REGION VALPARAISO,QUILLOTA,COLISION,COLISION,URBANA,CRUCE CON SEÑAL PARE,DESOBEDIENCIA A SEÑALIZACION,SEÑALIZACION DESOBEDECER SEÑAL PARE,RAMON FREIRE,ESMERALDA,ESMERALDA - RAMON FREIRE,0, , ,UNIDIRECCIONAL,ASFALTO,BUENO,SECO,DESPEJADO,0,1,0,0,05,055,05501,Valparaíso,Quillota,Quillota,Interseccion,"ESMERALDA & RAMON FREIRE, Quillota",-32.884022,-71.245649
-7931518.21626138,-3491980.68019229,4426,2023,1534323,2023/05/26 00:00:00+00,Mayo,26,Viernes,1899/12/30 00:00:00+00,21:30:00,21,REGION COQUIMBO,LA SERENA,VOLCADURA,VOLCADURA,URBANA,TRAMO DE VIA RECTA,FALLAS MECANICAS,FALLAS MECANICAS NEUMATICOS,AMUNATEGUI,JOSE MANUEL BALMACEDA,AMUNATEGUI - JOSE MANUEL BALMACEDA,0, , ,BIDIRECCIONAL CON BANDEJON,CONCRETO,BUENO,SECO,DESPEJADO,0,0,0,1,04,041,04101,Coquimbo,Elqui,La Serena,Interseccion,"AMUNATEGUI & JOSE MANUEL BALMACEDA, La Serena",-29.909955,-71.25004
-7950977.2195412,-3903447.91180059,4427,2023,1533524,2023/05/26 00:00:00+00,Mayo,26,Viernes,1899/12/30 00:00:00+00,22:20:00,22,REGION VALPARAISO,QUILPUE,COLISION PERPENDICULAR,COLISION,URBANA,TRAMO DE VIA RECTA,VELOCIDAD IMPRUDENTE,VELOCIDAD NO RAZONABLE NI PRUDENTE,MARGA MARGA,CALLE VEINTIUNO,CALLE VEINTIUNO - MARGA MARGA,0, , ,BIDIRECCIONAL,CONCRETO,BUENO,SECO,DESPEJADO,0,1,0,0,05,058,05801,Valparaíso,Marga Marga,Quilpué,Interseccion,"CALLE VEINTIUNO & MARGA MARGA, Quilpué",-33.061334,-71.424844
-7849061.93253845,-3943555.06935275,4428,2023,1534177,2023/05/27 00:00:00+00,Mayo,27,Sábado,1899/12/30 00:00:00+00,01:42:00,1,REGION METROPOLITANA,LO BARNECHEA,VOLCADURA,VOLCADURA,URBANA,TRAMO DE VIA RECTA,ALCOHOL EN CONDUCTOR,CONDUCCION BAJO LA INFLUENCIA DEL ALCOHOL,RAUL LABBE,RAUL LABBE INT,RAUL LABBE - RAUL LABBE INT,0, , ,BIDIRECCIONAL,CONCRETO,BUENO,GRAVILLA,DESPEJADO,0,0,0,0,13,131,13115,Metropolitana de Santiago,Santiago,Lo Barnechea,Interseccion,"RAUL LABBE & RAUL LABBE INT, Lo Barnechea",-33.362769,-70.509323
-7936342.2019005,-4178863.85662417,4429,2023,1533734,2023/05/27 00:00:00+00,Mayo,27,Sábado,1899/12/30 00:00:00+00,03:30:00,3,REGION MAULE,MOLINA,CHOQUE FRONTAL,CHOQUE,URBANA,TRAMO DE VIA RECTA,ALCOHOL EN CONDUCTOR,CONDUCCION EN ESTADO DE EBRIEDAD,CALLE DOS,CALLE TRES,CALLE DOS - CALLE TRES,0, , ,BIDIRECCIONAL,ASFALTO,BUENO,SECO,DESPEJADO,0,1,0,0,07,073,07304,Maule,Curicó,Molina,Interseccion,"CALLE DOS & CALLE TRES, Molina",-35.110177,-71.293375
-7862952.93519709,-3967486.39424888,4430,2023,1533697,2023/05/27 00:00:00+00,Mayo,27,Sábado,1899/12/30 00:00:00+00,08:30:00,8,REGION METROPOLITANA,SAN RAMON,COLISION,COLISION,URBANA,CRUCE CON SEÑAL CEDA EL PASO,DESOBEDIENCIA A SEÑALIZACION,SEÑALIZACION DESOBEDECER SEÑAL CEDA EL PASO,STA ROSA,AMERICO VESPUCIO,AMERICO VESPUCIO - STA ROSA,0, , ,BIDIRECCIONAL CON BANDEJON,ASFALTO,BUENO,SECO,NUBLADO,0,0,0,0,13,131,13131,Metropolitana de Santiago,Santiago,San Ramón,Interseccion,"AMERICO VESPUCIO & STA ROSA, San Ramón",-33.542135,-70.634108
-7930001.55500215,-3493093.22964606,4431,2023,1543238,2023/06/29 00:00:00+00,Junio,29,Jueves,1899/12/30 00:00:00+00,17:30:00,17,REGION COQUIMBO,LA SERENA,COLISION LATERAL,COLISION,URBANA,TRAMO DE VIA RECTA,IMPRUDENCIA DEL CONDUCTOR,CONDUCCION SIN MANTENER DISTANCIA RAZONABLE NI PRUDENTE,RAUL BITRAN,VALLE CHOAPA,RAUL BITRAN - VALLE CHOAPA,0, , ,BIDIRECCIONAL,ASFALTO,BUENO,SECO,DESPEJADO,0,1,0,0,04,041,04101,Coquimbo,Elqui,La Serena,Interseccion,"RAUL BITRAN & VALLE CHOAPA, La Serena",-29.918618,-71.236416
-7857832.92320207,-3965625.266506,4432,2023,1534395,2023/05/27 00:00:00+00,Mayo,27,Sábado,1899/12/30 00:00:00+00,10:00:00,10,REGION METROPOLITANA,LA FLORIDA,COLISION PERPENDICULAR,COLISION,URBANA,CRUCE CON SEMAFORO FUNCIONANDO,DESOBEDIENCIA A SEÑALIZACION,SEÑALIZACION DESOBEDECER LUZ ROJA DE SEMAFORO,GERONIMO DE ALDERETE,COLOMBIA,COLOMBIA - GERONIMO DE ALDERETE,0, , ,BIDIRECCIONAL,ASFALTO,REGULAR,SECO,NUBLADO,0,1,0,2,13,131,13110,Metropolitana de Santiago,Santiago,La Florida,Interseccion,"COLOMBIA & GERONIMO DE ALDERETE, La Florida",-33.528199,-70.588114
-7864766.9975634,-3959877.58795128,4433,2023,1534441,2023/05/27 00:00:00+00,Mayo,27,Sábado,1899/12/30 00:00:00+00,10:00:00,10,REGION METROPOLITANA,SAN MIGUEL,COLISION LATERAL,COLISION,URBANA,CRUCE CON SEÑAL CEDA EL PASO,DESOBEDIENCIA A SEÑALIZACION,SEÑALIZACION DESOBEDECER SEÑAL CEDA EL PASO,EUCLIDES,LLANO SUBERCASEAUX,EUCLIDES - LLANO SUBERCASEAUX,0, , ,UNIDIRECCIONAL,ASFALTO,BUENO,SECO,DESPEJADO,0,1,0,0,13,131,13130,Metropolitana de Santiago,Santiago,San Miguel,Interseccion,"EUCLIDES & LLANO SUBERCASEAUX, San Miguel",-33.485147,-70.650404
-7856303.15409506,-3949481.85624319,4434,2023,1541218,2023/05/27 00:00:00+00,Mayo,27,Sábado,1899/12/30 00:00:00+00,10:00:00,10,REGION METROPOLITANA,LAS CONDES,COLISION,COLISION,URBANA,CRUCE CON SEÑAL CEDA EL PASO,IMPRUDENCIA DEL CONDUCTOR,CONDUCCION SIN MANTENER DISTANCIA RAZONABLE NI PRUDENTE,LOS MILITARES,FLOR DE AZUCENA,FLOR DE AZUCENA - LOS MILITARES,0, , ,BIDIRECCIONAL,ASFALTO,BUENO,SECO,DESPEJADO,0,0,0,1,13,131,13114,Metropolitana de Santiago,Santiago,Las Condes,Interseccion,"FLOR DE AZUCENA & LOS MILITARES, Las Condes",-33.407225,-70.574372
-8153390.38473434,-4840549.17736151,4435,2023,1534220,2023/05/27 00:00:00+00,Mayo,27,Sábado,1899/12/30 00:00:00+00,13:00:00,13,REGION DE LOS RIOS,VALDIVIA,COLISION LATERAL,COLISION,URBANA,CRUCE SIN SEÑALIZACION,IMPRUDENCIA DEL CONDUCTOR,CONDUCCION NO ATENTO CONDICIONES TRANSITO MOMENTO,CLEMENTE ESCOBAR,TORIBIO MEDINA,CLEMENTE ESCOBAR - TORIBIO MEDINA,0, , ,BIDIRECCIONAL,CONCRETO,BUENO,SECO,DESPEJADO,0,0,0,0,14,141,14101,Los Ríos,Valdivia,Valdivia,Interseccion,"CLEMENTE ESCOBAR & TORIBIO MEDINA, Valdivia",-39.825034,-73.243152
-7865191.57015694,-3954449.35522479,4436,2023,1533611,2023/05/27 00:00:00+00,Mayo,27,Sábado,1899/12/30 00:00:00+00,15:40:00,15,REGION METROPOLITANA,SANTIAGO,COLISION POR ALCANCE,COLISION,URBANA,CRUCE CON SEMAFORO FUNCIONANDO,IMPRUDENCIA DEL CONDUCTOR,CONDUCCION SIN MANTENER DISTANCIA RAZONABLE NI PRUDENTE,TEATINOS,LIBER BERNARDO O'HIGGINS,LIBER BERNARDO O'HIGGINS - TEATINOS,0, , ,BIDIRECCIONAL CON BANDEJON,ASFALTO,BUENO,SECO,DESPEJADO,0,1,0,0,13,131,13101,Metropolitana de Santiago,Santiago,Santiago,Interseccion,"LIBER BERNARDO O'HIGGINS & TEATINOS, Santiago",-33.444468,-70.654218
-7834708.3974401,-2700374.24205635,4437,2023,1535078,2023/05/27 00:00:00+00,Mayo,27,Sábado,1899/12/30 00:00:00+00,15:45:00,15,REGION ANTOFAGASTA,ANTOFAGASTA,COLISION POR ALCANCE,COLISION,URBANA,OTROS NO CONSIDERADOS,IMPRUDENCIA DEL CONDUCTOR,CONDUCCION SIN MANTENER DISTANCIA RAZONABLE NI PRUDENTE,PIRITA,CAPARROSA,CAPARROSA - PIRITA,0, , ,BIDIRECCIONAL,ASFALTO,BUENO,SECO,DESPEJADO,0,0,2,0,02,021,02101,Antofagasta,Antofagasta,Antofagasta,Interseccion,"CAPARROSA & PIRITA, Antofagasta",-23.564044,-70.380383
-7932512.15466562,-3491422.38045905,4438,2023,1534182,2023/05/27 00:00:00+00,Mayo,27,Sábado,1899/12/30 00:00:00+00,16:20:00,16,REGION COQUIMBO,LA SERENA,COLISION PERPENDICULAR,COLISION,URBANA,CRUCE CON SEMAFORO FUNCIONANDO,DESOBEDIENCIA A SEÑALIZACION,SEÑALIZACION DESOBEDECER LUZ ROJA DE SEMAFORO,LIBERTAD,FRANCISCO DE AGUIRRE,FRANCISCO DE AGUIRRE - LIBERTAD,0, , ,BIDIRECCIONAL CON BANDEJON,ASFALTO,BUENO,SECO,DESPEJADO,0,1,0,0,04,041,04101,Coquimbo,Elqui,La Serena,Interseccion,"FRANCISCO DE AGUIRRE & LIBERTAD, La Serena",-29.905608,-71.258969
-7861673.87424788,-3965818.7518362,4439,2023,1533948,2023/05/27 00:00:00+00,Mayo,27,Sábado,1899/12/30 00:00:00+00,16:30:00,16,REGION METROPOLITANA,LA GRANJA,COLISION LATERAL,COLISION,URBANA,CRUCE CON SEMAFORO FUNCIONANDO,IMPRUDENCIA DEL CONDUCTOR,CONDUCCION NO ATENTO CONDICIONES TRANSITO MOMENTO,COMBARBALA,LA SERENA,COMBARBALA - LA SERENA,0, , ,BIDIRECCIONAL CON BANDEJON,ASFALTO,BUENO,SECO,DESPEJADO,0,0,0,0,13,131,13111,Metropolitana de Santiago,Santiago,La Granja,Interseccion,"COMBARBALA & LA SERENA, La Granja",-33.529648,-70.622618
-7961130.83722003,-3895302.71579409,4440,2023,1535652,2023/05/27 00:00:00+00,Mayo,27,Sábado,1899/12/30 00:00:00+00,18:00:00,18,REGION VALPARAISO,VIÑA DEL MAR,CHOQUE POSTERIOR/POSTERIOR,CHOQUE,URBANA,OTROS NO CONSIDERADOS,ALCOHOL EN CONDUCTOR,CONDUCCION BAJO LA INFLUENCIA DEL ALCOHOL,ALESSANDRI,CARIBE,ALESSANDRI - CARIBE,0, , ,BIDIRECCIONAL,ASFALTO,BUENO,SECO,DESPEJADO,0,0,0,1,05,051,05109,Valparaíso,Valparaíso,Viña del Mar,Interseccion,"ALESSANDRI & CARIBE, Viña del Mar",-32.999991,-71.516055
-7864176.4477204,-3948010.67550579,4441,2023,1535226,2023/05/28 00:00:00+00,Mayo,28,Domingo,1899/12/30 00:00:00+00,01:25:00,1,REGION METROPOLITANA,RECOLETA,COLISION LATERAL,COLISION,URBANA,CRUCE CON SEMAFORO FUNCIONANDO,DESOBEDIENCIA A SEÑALIZACION,SEÑALIZACION DESOBEDECER LUZ ROJA DE SEMAFORO,DORSAL,RUBEN DARIO,DORSAL - RUBEN DARIO,0, , ,UNIDIRECCIONAL,ASFALTO,BUENO,SECO,DESPEJADO,0,1,0,0,13,131,13127,Metropolitana de Santiago,Santiago,Recoleta,Interseccion,"DORSAL & RUBEN DARIO, Recoleta",-33.396192,-70.645099
-7856071.8099293,-3947225.30441544,4442,2023,1534115,2023/05/28 00:00:00+00,Mayo,28,Domingo,1899/12/30 00:00:00+00,02:00:00,2,REGION METROPOLITANA,VITACURA,CHOQUE FRONTAL,CHOQUE,URBANA,ROTONDA,ALCOHOL EN CONDUCTOR,CONDUCCION EN ESTADO DE EBRIEDAD,PEREZ ZUJOVIC,VITACURA,PEREZ ZUJOVIC - VITACURA,0, , ,UNIDIRECCIONAL,ASFALTO,BUENO,SECO,DESPEJADO,0,0,0,0,13,131,13132,Metropolitana de Santiago,Santiago,Vitacura,Interseccion,"PEREZ ZUJOVIC & VITACURA, Vitacura",-33.390302,-70.572294
-7862464.24263251,-3955926.55797322,4443,2023,1535277,2023/05/28 00:00:00+00,Mayo,28,Domingo,1899/12/30 00:00:00+00,09:00:00,9,REGION METROPOLITANA,SANTIAGO,VOLCADURA,VOLCADURA,URBANA,OTROS NO CONSIDERADOS,ALCOHOL EN CONDUCTOR,CONDUCCION EN ESTADO DE EBRIEDAD,MANUEL ANTONIO MATTA,VICUÑA MACKENNA,MANUEL ANTONIO MATTA - VICUÑA MACKENNA,0, , ,BIDIRECCIONAL,ASFALTO,BUENO,SECO,DESPEJADO,0,1,0,0,13,131,13101,Metropolitana de Santiago,Santiago,Santiago,Interseccion,"MANUEL ANTONIO MATTA & VICUÑA MACKENNA, Santiago",-33.45554,-70.629718
-7868306.95742628,-3977409.355532,4444,2023,1533626,2023/05/28 00:00:00+00,Mayo,28,Domingo,1899/12/30 00:00:00+00,11:35:00,11,REGION METROPOLITANA,SAN BERNARDO,COLISION FRONTAL,COLISION,URBANA,CRUCE CON SEMAFORO FUNCIONANDO,IMPRUDENCIA DEL CONDUCTOR,CONDUCCION NO ATENTO CONDICIONES TRANSITO MOMENTO,PADRE HURTADO,ALMTE RIVEROS,ALMTE RIVEROS - PADRE HURTADO,0, , ,BIDIRECCIONAL,ASFALTO,BUENO,SECO,DESPEJADO,0,1,0,1,13,134,13401,Metropolitana de Santiago,Maipo,San Bernardo,Interseccion,"ALMTE RIVEROS & PADRE HURTADO, San Bernardo",-33.616399,-70.682204
-8123505.55423598,-5061225.84207637,4445,2023,1534111,2023/05/28 00:00:00+00,Mayo,28,Domingo,1899/12/30 00:00:00+00,12:15:00,12,REGION LOS LAGOS,PUERTO VARAS,COLISION POR ALCANCE,COLISION,URBANA,CRUCE CON SEÑAL CEDA EL PASO,IMPRUDENCIA DEL CONDUCTOR,CONDUCCION NO ATENTO CONDICIONES TRANSITO MOMENTO,NICANOR GARCIA,PASAJE TRES,NICANOR GARCIA - PASAJE TRES,0, , ,BIDIRECCIONAL,ASFALTO,BUENO,HUMEDO,NUBLADO,0,0,0,0,10,101,10109,Los Lagos,Llanquihue,Puerto Varas,Interseccion,"NICANOR GARCIA & PASAJE TRES, Puerto Varas",-41.330585,-72.974692
-7872531.19814342,-3925057.59931911,4446,2023,1534474,2023/05/28 00:00:00+00,Mayo,28,Domingo,1899/12/30 00:00:00+00,12:50:00,12,REGION METROPOLITANA,COLINA,COLISION FRONTAL,COLISION,URBANA,CRUCE CON SEÑAL PARE,VELOCIDAD IMPRUDENTE,VELOCIDAD NO RAZONABLE NI PRUDENTE,STA ELENA SUR,SAN MIGUEL,SAN MIGUEL - STA ELENA SUR,0, , ,BIDIRECCIONAL,ASFALTO,BUENO,SECO,NUBLADO,0,1,0,0,13,133,13301,Metropolitana de Santiago,Chacabuco,Colina,Interseccion,"SAN MIGUEL & STA ELENA SUR, Colina",-33.223876,-70.720151
-8129002.16554527,-4413778.4226457,4447,2023,1534901,2023/05/28 00:00:00+00,Mayo,28,Domingo,1899/12/30 00:00:00+00,12:55:00,12,REGION BIO BIO,CONCEPCION,COLISION LATERAL,COLISION,URBANA,CRUCE CON SEMAFORO FUNCIONANDO,IMPRUDENCIA DEL CONDUCTOR,VIRAJES INDEBIDOS,GENERAL NOVOA,TEGUALDA,GENERAL NOVOA - TEGUALDA,0, , ,UNIDIRECCIONAL,CONCRETO,BUENO,SECO,DESPEJADO,0,0,1,0,08,081,08101,Biobío,Concepción,Concepción,Interseccion,"GENERAL NOVOA & TEGUALDA, Concepción",-36.818071,-73.024069
-8122688.69181253,-4799126.20538302,4448,2023,1533633,2023/05/28 00:00:00+00,Mayo,28,Domingo,1899/12/30 00:00:00+00,13:00:00,13,REGION DE LOS RIOS,MARIQUINA,COLISION,COLISION,URBANA,TRAMO DE VIA RECTA,DESOBEDIENCIA A SEÑALIZACION,SEÑALIZACION DESOBEDECER SEÑAL PARE,MARIQUINA,COLON,COLON - MARIQUINA,0, , ,BIDIRECCIONAL,CONCRETO,REGULAR,HUMEDO,NUBLADO,0,0,0,2,14,141,14106,Los Ríos,Valdivia,Mariquina,Interseccion,"COLON & MARIQUINA, Mariquina",-39.538659,-72.967354
-7827082.81190115,-3171761.76983359,4449,2023,1535439,2023/05/28 00:00:00+00,Mayo,28,Domingo,1899/12/30 00:00:00+00,15:00:00,15,REGION ATACAMA,COPIAPO,COLISION POR ALCANCE,COLISION,URBANA,CRUCE SIN SEÑALIZACION,IMPRUDENCIA DEL CONDUCTOR,VIRAJES INDEBIDOS,LEONIDAS PEREZ,DIEGO DE ALMAGRO,DIEGO DE ALMAGRO - LEONIDAS PEREZ,0, , ,BIDIRECCIONAL CON BANDEJON,ASFALTO,BUENO,SECO,DESPEJADO,0,1,0,0,03,031,03101,Atacama,Copiapó,Copiapó,Interseccion,"DIEGO DE ALMAGRO & LEONIDAS PEREZ, Copiapó",-27.385849,-70.311881
-8129627.90359062,-4413081.69591018,4450,2023,1534874,2023/05/28 00:00:00+00,Mayo,28,Domingo,1899/12/30 00:00:00+00,19:30:00,19,REGION BIO BIO,CONCEPCION,ATROPELLO,ATROPELLO,URBANA,CRUCE CON SEMAFORO FUNCIONANDO,DESOBEDIENCIA A SEÑALIZACION,SEÑALIZACION DESOBEDECER LUZ ROJA DE SEMAFORO,JUAN BOSCO,PERELLO PUIG,JUAN BOSCO - PERELLO PUIG,0, , ,BIDIRECCIONAL,CONCRETO,BUENO,HUMEDO,NUBLADO,0,0,0,2,08,081,08101,Biobío,Concepción,Concepción,Interseccion,"JUAN BOSCO & PERELLO PUIG, Concepción",-36.81306,-73.02969
-7853048.84010121,-3959089.86317664,4451,2023,1535568,2023/05/29 00:00:00+00,Mayo,29,Lunes,1899/12/30 00:00:00+00,08:30:00,8,REGION METROPOLITANA,PEÑALOLEN,COLISION FRONTAL,COLISION,URBANA,CRUCE SIN SEÑALIZACION,IMPRUDENCIA DEL CONDUCTOR,CONDUCCION NO ATENTO CONDICIONES TRANSITO MOMENTO,CONSISTORIAL,ANTUPIREN,ANTUPIREN - CONSISTORIAL,0, , ,BIDIRECCIONAL,CONCRETO,BUENO,SECO,NUBLADO,0,0,0,1,13,131,13122,Metropolitana de Santiago,Santiago,Peñalolén,Interseccion,"ANTUPIREN & CONSISTORIAL, Peñalolén",-33.479245,-70.545138
-7935969.28163974,-4178864.26486263,4452,2023,1534099,2023/05/29 00:00:00+00,Mayo,29,Lunes,1899/12/30 00:00:00+00,09:28:00,9,REGION MAULE,MOLINA,COLISION PERPENDICULAR,COLISION,URBANA,TRAMO DE VIA RECTA,IMPRUDENCIA DEL CONDUCTOR,CONDUCCION NO ATENTO CONDICIONES TRANSITO MOMENTO,IGUALDAD,LUIS CRUZ MARTINEZ,IGUALDAD - LUIS CRUZ MARTINEZ,0, , ,BIDIRECCIONAL,ASFALTO,BUENO,SECO,DESPEJADO,0,0,0,1,07,073,07304,Maule,Curicó,Molina,Interseccion,"IGUALDAD & LUIS CRUZ MARTINEZ, Molina",-35.11018,-71.290025