X,Y,FID,Año,IdAccident,Fecha,Mes,Dia_mes,Dia_semana,Hora,Hora_texto,Hora_aprox,Región,Comuna,Tipo_Accid,Tipo__CONA,Zona,Ubicación,Causa__CON,Causa_Acci,Calle_Uno,Calle_Dos,Intersecci,Número,Ruta,Ubicaci_1,Calzada,Tipo_Calza,Estado_Cal,Condición,Estado_Atm,Fallecidos,Graves,Menos_Grav,Leves,CUT_REG,CUT_PROV,CUT_COM,REGION,PROVINCIA,COMUNA1,Tipo_direc,Direccion,Lat,Lon
-7870009.14376001,-3952747.84387682,4453,2023,1535772,2023/05/29 00:00:00+00,Mayo,29,Lunes,1899/12/30 00:00:00+00,10:00:00,10,REGION METROPOLITANA,QUINTA NORMAL,CHOQUE POSTERIOR/POSTERIOR,CHOQUE,URBANA,CRUCE CON SEMAFORO FUNCIONANDO,IMPRUDENCIA DEL CONDUCTOR,CONDUCCION NO ATENTO CONDICIONES TRANSITO MOMENTO,JOSE JOAQUIN PEREZ,ANTONIO EBNER,ANTONIO EBNER - JOSE JOAQUIN PEREZ,0, , ,BIDIRECCIONAL,ASFALTO,REGULAR,SECO,DESPEJADO,0,1,0,0,13,131,13126,Metropolitana de Santiago,Santiago,Quinta Normal,Interseccion,"ANTONIO EBNER & JOSE JOAQUIN PEREZ, Quinta Normal",-33.431713,-70.697495
-8027347.1102052,-4384449.0364621,4454,2023,1534548,2023/05/29 00:00:00+00,Mayo,29,Lunes,1899/12/30 00:00:00+00,12:45:00,12,REGION ÑUBLE,CHILLAN,COLISION PERPENDICULAR,COLISION,URBANA,CRUCE CON SEÑAL PARE,DESOBEDIENCIA A SEÑALIZACION,SEÑALIZACION DESOBEDECER SEÑAL PARE,ROSAS,EL ROBLE,EL ROBLE - ROSAS,0, , ,UNIDIRECCIONAL,CONCRETO,BUENO,MOJADO,NUBLADO,0,0,1,0,16,161,16101,Ñuble,Diguillín,Chillán,Interseccion,"EL ROBLE & ROSAS, Chillán",-36.606861,-72.110886
-8140573.50384236,-4949873.98484649,4455,2023,1534167,2023/05/29 00:00:00+00,Mayo,29,Lunes,1899/12/30 00:00:00+00,13:30:00,13,REGION LOS LAGOS,OSORNO,COLISION,COLISION,URBANA,CRUCE CON SEMAFORO FUNCIONANDO,IMPRUDENCIA DEL CONDUCTOR,CONDUCCION NO ATENTO CONDICIONES TRANSITO MOMENTO,JUAN MACKENNA,COLON,COLON - JUAN MACKENNA,0, , ,UNIDIRECCIONAL,CONCRETO,REGULAR,HUMEDO,NUBLADO,0,1,0,0,10,103,10301,Los Lagos,Osorno,Osorno,Interseccion,"COLON & JUAN MACKENNA, Osorno",-40.57513,-73.128016
-7879118.84071682,-3992949.20340721,4456,2023,1542277,2023/05/29 00:00:00+00,Mayo,29,Lunes,1899/12/30 00:00:00+00,18:20:00,18,REGION METROPOLITANA,BUIN,COLISION LATERAL,COLISION,URBANA,CRUCE CON SEÑAL PARE,IMPRUDENCIA DEL CONDUCTOR,CONDUCCION NO ATENTO CONDICIONES TRANSITO MOMENTO,CLEMENTE DIAZ,FELIPE DE NERY,CLEMENTE DIAZ - FELIPE DE NERY,0, , ,BIDIRECCIONAL,ASFALTO,BUENO,SECO,DESPEJADO,0,0,0,1,13,134,13402,Metropolitana de Santiago,Maipo,Buin,Interseccion,"CLEMENTE DIAZ & FELIPE DE NERY, Buin",-33.732572,-70.779329
-7891127.78699738,-3932510.01900468,4457,2023,1535449,2023/05/29 00:00:00+00,Mayo,29,Lunes,1899/12/30 00:00:00+00,20:30:00,20,REGION METROPOLITANA,LAMPA,CHOQUE,CHOQUE,URBANA,TRAMO DE VIA RECTA,VELOCIDAD IMPRUDENTE,VELOCIDAD NO RAZONABLE NI PRUDENTE,VIÑA DEL MAR,CARLOS RUIZ VIERA,CARLOS RUIZ VIERA - VIÑA DEL MAR,0, , ,BIDIRECCIONAL,ASFALTO,BUENO,SECO,DESPEJADO,0,0,0,1,13,133,13302,Metropolitana de Santiago,Chacabuco,Lampa,Interseccion,"CARLOS RUIZ VIERA & VIÑA DEL MAR, Lampa",-33.279861,-70.887207
-7859775.20901291,-3972876.79626685,4458,2023,1534204,2023/05/29 00:00:00+00,Mayo,29,Lunes,1899/12/30 00:00:00+00,21:50:00,21,REGION METROPOLITANA,PUENTE ALTO,COLISION LATERAL,COLISION,URBANA,TRAMO DE VIA RECTA,IMPRUDENCIA DEL CONDUCTOR,NO RESPETAR DERECHO PREFERENTE DE PASO A VEHICULO,GABRIELA PONIENTE,LOS CIPRESES,GABRIELA PONIENTE - LOS CIPRESES,0, , ,BIDIRECCIONAL,CONCRETO,BUENO,SECO,DESPEJADO,1,0,0,0,13,132,13201,Metropolitana de Santiago,Cordillera,Puente Alto,Interseccion,"GABRIELA PONIENTE & LOS CIPRESES, Puente Alto",-33.582485,-70.605562
-7859380.24745957,-3963065.07158432,4459,2023,1538509,2023/05/30 00:00:00+00,Mayo,30,Martes,1899/12/30 00:00:00+00,07:30:00,7,REGION METROPOLITANA,LA FLORIDA,COLISION LATERAL,COLISION,URBANA,CRUCE CON SEMAFORO FUNCIONANDO,IMPRUDENCIA DEL CONDUCTOR,VIRAJES INDEBIDOS,FROILAN ROA,DEPARTAMENTAL,DEPARTAMENTAL - FROILAN ROA,0, , ,BIDIRECCIONAL,CONCRETO,BUENO,SECO,DESPEJADO,0,0,0,0,13,131,13110,Metropolitana de Santiago,Santiago,La Florida,Interseccion,"DEPARTAMENTAL & FROILAN ROA, La Florida",-33.509025,-70.602014
-8026242.26422568,-4383846.10176599,4460,2023,1534569,2023/05/30 00:00:00+00,Mayo,30,Martes,1899/12/30 00:00:00+00,08:15:00,8,REGION ÑUBLE,CHILLAN,COLISION LATERAL,COLISION,URBANA,CRUCE CON SEÑAL PARE,IMPRUDENCIA DEL CONDUCTOR,NO RESPETAR DERECHO PREFERENTE DE PASO A VEHICULO,ARGENTINA,GAMERO,ARGENTINA - GAMERO,0, , ,BIDIRECCIONAL CON BANDEJON,CONCRETO,BUENO,HUMEDO,NUBLADO,0,0,0,1,16,161,16101,Ñuble,Diguillín,Chillán,Interseccion,"ARGENTINA & GAMERO, Chillán",-36.602513,-72.100961
-7925095.02606078,-3867123.14582053,4461,2023,1534404,2023/05/30 00:00:00+00,Mayo,30,Martes,1899/12/30 00:00:00+00,08:40:00,8,REGION VALPARAISO,CALERA,COLISION LATERAL,COLISION,URBANA,CRUCE CON SEMAFORO FUNCIONANDO,IMPRUDENCIA DEL CONDUCTOR,CONDUCCION SIN MANTENER DISTANCIA RAZONABLE NI PRUDENTE,DIEGO LILLO,CARRERA,CARRERA - DIEGO LILLO,0, , ,UNIDIRECCIONAL,ASFALTO,BUENO,SECO,NUBLADO,0,0,0,0,05,055,05502,Valparaíso,Quillota,Calera,Interseccion,"CARRERA & DIEGO LILLO, Calera",-32.787433,-71.19234
-7870034.85856238,-3955312.54599507,4462,2023,1538025,2023/05/30 00:00:00+00,Mayo,30,Martes,1899/12/30 00:00:00+00,10:20:00,10,REGION METROPOLITANA,ESTACION CENTRAL,COLISION LATERAL,COLISION,URBANA,CRUCE CON SEÑAL CEDA EL PASO,DESOBEDIENCIA A SEÑALIZACION,SEÑALIZACION DESOBEDECER SEÑAL CEDA EL PASO,EMBAJADOR QUINTANA,BLANCO GARCES,BLANCO GARCES - EMBAJADOR QUINTANA,0, , ,BIDIRECCIONAL,ASFALTO,BUENO,SECO,DESPEJADO,0,0,0,1,13,131,13106,Metropolitana de Santiago,Santiago,Estación Central,Interseccion,"BLANCO GARCES & EMBAJADOR QUINTANA, Estación Central",-33.450938,-70.697726
-7973442.19399589,-4223187.39504767,4463,2023,1534790,2023/05/30 00:00:00+00,Mayo,30,Martes,1899/12/30 00:00:00+00,14:15:00,14,REGION MAULE,TALCA,COLISION LATERAL,COLISION,URBANA,CRUCE SIN SEÑALIZACION,IMPRUDENCIA DEL CONDUCTOR,NO RESPETAR DERECHO PREFERENTE DE PASO A VEHICULO,SAN MIGUEL,25 ORIENTE,25 ORIENTE - SAN MIGUEL,0, , ,BIDIRECCIONAL CON BANDEJON,CONCRETO,BUENO,SECO,DESPEJADO,0,0,0,1,07,071,07101,Maule,Talca,Talca,Interseccion,"25 ORIENTE & SAN MIGUEL, Talca",-35.435243,-71.62665
-8120278.51351737,-4463523.35179005,4464,2023,1534808,2023/05/30 00:00:00+00,Mayo,30,Martes,1899/12/30 00:00:00+00,14:50:00,14,REGION BIO BIO,SANTA JUANA,COLISION,COLISION,URBANA,TRAMO DE VIA RECTA,IMPRUDENCIA DEL CONDUCTOR,ADELANTAMIENTO SIN EFECTUAR LA SEÑAL RESPECTIVA,VALDIVIA,LOS ALERCES,LOS ALERCES - VALDIVIA,0, , ,BIDIRECCIONAL CON BANDEJON,CONCRETO,BUENO,SECO,DESPEJADO,0,0,0,1,08,081,08109,Biobío,Concepción,Santa Juana,Interseccion,"LOS ALERCES & VALDIVIA, Santa Juana",-37.174969,-72.945703
-7857358.12890931,-3953273.1446421,4465,2023,1537519,2023/05/30 00:00:00+00,Mayo,30,Martes,1899/12/30 00:00:00+00,15:17:00,15,REGION METROPOLITANA,ÑUÑOA,COLISION,COLISION,URBANA,TRAMO DE VIA RECTA,IMPRUDENCIA DEL CONDUCTOR,CONDUCCION SIN MANTENER DISTANCIA RAZONABLE NI PRUDENTE,ELIECER PARADA,DIEGO DE ALMAGRO,DIEGO DE ALMAGRO - ELIECER PARADA,0, , ,BIDIRECCIONAL CON BANDEJON,CONCRETO,BUENO,SECO,DESPEJADO,0,0,1,0,13,131,13120,Metropolitana de Santiago,Santiago,Ñuñoa,Interseccion,"DIEGO DE ALMAGRO & ELIECER PARADA, Ñuñoa",-33.435651,-70.583849
-7865616.58797279,-3947166.42772779,4466,2023,1535098,2023/05/30 00:00:00+00,Mayo,30,Martes,1899/12/30 00:00:00+00,16:10:00,16,REGION METROPOLITANA,CONCHALI,COLISION POR ALCANCE,COLISION,URBANA,TRAMO DE VIA RECTA,IMPRUDENCIA DEL CONDUCTOR,CONDUCCION SIN MANTENER DISTANCIA RAZONABLE NI PRUDENTE,CUREPTO,CACIQUE DE ARAUCO,CACIQUE DE ARAUCO - CUREPTO,0, , ,UNIDIRECCIONAL,CONCRETO,BUENO,SECO,DESPEJADO,0,0,0,0,13,131,13104,Metropolitana de Santiago,Santiago,Conchalí,Interseccion,"CACIQUE DE ARAUCO & CUREPTO, Conchalí",-33.38986,-70.658036
-7858336.18195542,-3951336.79966883,4467,2023,1541462,2023/05/30 00:00:00+00,Mayo,30,Martes,1899/12/30 00:00:00+00,18:20:00,18,REGION METROPOLITANA,LAS CONDES,COLISION,COLISION,URBANA,CRUCE SIN SEÑALIZACION,IMPRUDENCIA DEL CONDUCTOR,CONDUCCION SIN MANTENER DISTANCIA RAZONABLE NI PRUDENTE,PDTE ERRAZURIZ,ENRIQUE FOSTER SUR,ENRIQUE FOSTER SUR - PDTE ERRAZURIZ,0, , ,BIDIRECCIONAL CON BANDEJON,ASFALTO,BUENO,SECO,NUBLADO,0,0,0,1,13,131,13114,Metropolitana de Santiago,Santiago,Las Condes,Interseccion,"ENRIQUE FOSTER SUR & PDTE ERRAZURIZ, Las Condes",-33.421134,-70.592635
-7858821.86889375,-3954813.96875728,4468,2023,1537515,2023/05/30 00:00:00+00,Mayo,30,Martes,1899/12/30 00:00:00+00,19:40:00,19,REGION METROPOLITANA,ÑUÑOA,COLISION,COLISION,URBANA,CRUCE CON SEÑAL PARE,IMPRUDENCIA DEL CONDUCTOR,CONDUCCION NO ATENTO CONDICIONES TRANSITO MOMENTO,HOLANDA,CHILE ESPAÑA,CHILE ESPAÑA - HOLANDA,0, , ,BIDIRECCIONAL CON BANDEJON,CONCRETO,BUENO,SECO,DESPEJADO,0,0,0,1,13,131,13120,Metropolitana de Santiago,Santiago,Ñuñoa,Interseccion,"CHILE ESPAÑA & HOLANDA, Ñuñoa",-33.447201,-70.596998
-7858897.13576408,-3950306.08406425,4469,2023,1544527,2023/05/30 00:00:00+00,Mayo,30,Martes,1899/12/30 00:00:00+00,20:45:00,20,REGION METROPOLITANA,LAS CONDES,COLISION LATERAL,COLISION,URBANA,TRAMO DE VIA RECTA,IMPRUDENCIA DEL CONDUCTOR,CONDUCCION NO ATENTO CONDICIONES TRANSITO MOMENTO,AUGUSTO LEGUIA NORTE,GLAMIS,AUGUSTO LEGUIA NORTE - GLAMIS,0, , ,UNIDIRECCIONAL,ASFALTO,BUENO,SECO,DESPEJADO,0,0,1,0,13,131,13114,Metropolitana de Santiago,Santiago,Las Condes,Interseccion,"AUGUSTO LEGUIA NORTE & GLAMIS, Las Condes",-33.413406,-70.597674
-7873785.21219607,-3957644.01657779,4470,2023,1537866,2023/05/31 00:00:00+00,Mayo,31,Miércoles,1899/12/30 00:00:00+00,08:40:00,8,REGION METROPOLITANA,ESTACION CENTRAL,COLISION LATERAL,COLISION,URBANA,CRUCE CON SEMAFORO FUNCIONANDO,DESOBEDIENCIA A SEÑALIZACION,SEÑALIZACION DESOBEDECER LUZ ROJA DE SEMAFORO,LOS PAJARITOS,LAS TORRES,LAS TORRES - LOS PAJARITOS,0, , ,BIDIRECCIONAL,ASFALTO,BUENO,SECO,DESPEJADO,0,0,0,1,13,131,13106,Metropolitana de Santiago,Santiago,Estación Central,Interseccion,"LAS TORRES & LOS PAJARITOS, Estación Central",-33.468411,-70.731416
-7862244.38663819,-3974560.82806761,4471,2023,1534760,2023/05/31 00:00:00+00,Mayo,31,Miércoles,1899/12/30 00:00:00+00,10:15:00,10,REGION METROPOLITANA,LA PINTANA,COLISION PERPENDICULAR,COLISION,URBANA,CRUCE CON SEMAFORO FUNCIONANDO,DESOBEDIENCIA A SEÑALIZACION,SEÑALIZACION DESOBEDECER LUZ ROJA DE SEMAFORO,STA ROSA,EL OMBU,EL OMBU - STA ROSA,0, , ,BIDIRECCIONAL CON BANDEJON,ASFALTO,BUENO,SECO,DESPEJADO,0,1,0,0,13,131,13112,Metropolitana de Santiago,Santiago,La Pintana,Interseccion,"EL OMBU & STA ROSA, La Pintana",-33.595087,-70.627743
-7858761.75640212,-3872931.28759128,4472,2023,1535344,2023/05/31 00:00:00+00,Mayo,31,Miércoles,1899/12/30 00:00:00+00,13:00:00,13,REGION VALPARAISO,LOS ANDES,COLISION POR ALCANCE,COLISION,URBANA,CRUCE CON SEMAFORO FUNCIONANDO,IMPRUDENCIA DEL CONDUCTOR,CONDUCCION NO ATENTO CONDICIONES TRANSITO MOMENTO,MAIPU,3 CARRERA,3 CARRERA - MAIPU,0, , ,UNIDIRECCIONAL,ASFALTO,BUENO,SECO,DESPEJADO,0,0,0,0,05,053,05301,Valparaíso,Los Andes,Los Andes,Interseccion,"3 CARRERA & MAIPU, Los Andes",-32.831286,-70.596458
-7836396.40158163,-2711522.35866436,4473,2023,1535032,2023/05/31 00:00:00+00,Mayo,31,Miércoles,1899/12/30 00:00:00+00,13:50:00,13,REGION ANTOFAGASTA,ANTOFAGASTA,COLISION,COLISION,URBANA,CRUCE CON SEÑAL PARE,IMPRUDENCIA DEL CONDUCTOR,CONDUCCION NO ATENTO CONDICIONES TRANSITO MOMENTO,ARGENTINA,TENIENTE MANUEL ORELLA,ARGENTINA - TENIENTE MANUEL ORELLA,0, , ,BIDIRECCIONAL,ASFALTO,BUENO,SECO,DESPEJADO,0,0,0,0,02,021,02101,Antofagasta,Antofagasta,Antofagasta,Interseccion,"ARGENTINA & TENIENTE MANUEL ORELLA, Antofagasta",-23.655806,-70.395547
-7855485.73507417,-3958343.33589219,4474,2023,1535575,2023/05/31 00:00:00+00,Mayo,31,Miércoles,1899/12/30 00:00:00+00,14:30:00,14,REGION METROPOLITANA,PEÑALOLEN,COLISION FRONTAL,COLISION,URBANA,CRUCE CON SEÑAL CEDA EL PASO,DESOBEDIENCIA A SEÑALIZACION,SEÑALIZACION DESOBEDECER SEÑAL CEDA EL PASO,LLANURA,CRNEL ALEJANDRO SEPULVEDA,CRNEL ALEJANDRO SEPULVEDA - LLANURA,0, , ,BIDIRECCIONAL,CONCRETO,BUENO,SECO,NUBLADO,0,0,0,1,13,131,13122,Metropolitana de Santiago,Santiago,Peñalolén,Interseccion,"CRNEL ALEJANDRO SEPULVEDA & LLANURA, Peñalolén",-33.473651,-70.567029
-8169768.93273424,-4532741.04573896,4475,2023,1536284,2023/05/31 00:00:00+00,Mayo,31,Miércoles,1899/12/30 00:00:00+00,14:45:00,14,REGION BIO BIO,LOS ALAMOS,COLISION FRONTAL,COLISION,URBANA,CRUCE CON SEÑAL CEDA EL PASO,DESOBEDIENCIA A SEÑALIZACION,SEÑALIZACION DESOBEDECER SEÑAL CEDA EL PASO,LOS PEUMOS,DIEGO DE ALMAGRO,DIEGO DE ALMAGRO - LOS PEUMOS,0, , ,UNIDIRECCIONAL,ASFALTO,BUENO,HUMEDO,DESPEJADO,0,0,0,1,08,082,08206,Biobío,Arauco,Los Alamos,Interseccion,"DIEGO DE ALMAGRO & LOS PEUMOS, Los Alamos",-37.668783,-73.390283
-8138522.10826602,-4410456.27535867,4476,2023,1536508,2023/05/31 00:00:00+00,Mayo,31,Miércoles,1899/12/30 00:00:00+00,19:00:00,19,REGION BIO BIO,HUALPEN,COLISION,COLISION,URBANA,TRAMO DE VIA RECTA,IMPRUDENCIA DEL CONDUCTOR,CONDUCCION NO ATENTO CONDICIONES TRANSITO MOMENTO,AVENIDA UNO,CALLE DOS,AVENIDA UNO - CALLE DOS,0, , ,BIDIRECCIONAL,CONCRETO,BUENO,MOJADO,NUBLADO,0,0,0,0,08,081,08112,Biobío,Concepción,Hualpén,Interseccion,"AVENIDA UNO & CALLE DOS, Hualpén",-36.794176,-73.109588
-7673391.20442135,-2566566.68041396,4477,2023,1534844,2023/05/31 00:00:00+00,Mayo,31,Miércoles,1899/12/30 00:00:00+00,19:15:00,19,REGION ANTOFAGASTA,CALAMA,COLISION,COLISION,URBANA,CRUCE CON SEÑAL PARE,DESOBEDIENCIA A SEÑALIZACION,SEÑALIZACION DESOBEDECER SEÑAL PARE,TARAPACA,ANIBAL PINTO,ANIBAL PINTO - TARAPACA,0, , ,UNIDIRECCIONAL,ASFALTO,BUENO,SECO,DESPEJADO,0,0,0,1,02,022,02201,Antofagasta,El Loa,Calama,Interseccion,"ANIBAL PINTO & TARAPACA, Calama",-22.457697,-68.931246
-7872766.63886645,-3953664.93475484,4478,2023,1535451,2023/05/31 00:00:00+00,Mayo,31,Miércoles,1899/12/30 00:00:00+00,20:00:00,20,REGION METROPOLITANA,LO PRADO,VOLCADURA,VOLCADURA,URBANA,CRUCE CON SEMAFORO FUNCIONANDO,VELOCIDAD IMPRUDENTE,VELOCIDAD NO RAZONABLE NI PRUDENTE,NEPTUNO,9 DE JULIO,9 DE JULIO - NEPTUNO,0, , ,BIDIRECCIONAL,ASFALTO,BUENO,SECO,DESPEJADO,0,0,0,1,13,131,13117,Metropolitana de Santiago,Santiago,Lo Prado,Interseccion,"9 DE JULIO & NEPTUNO, Lo Prado",-33.438588,-70.722266
-7876284.89137297,-3954537.67255999,4479,2023,1536560,2023/05/31 00:00:00+00,Mayo,31,Miércoles,1899/12/30 00:00:00+00,20:15:00,20,REGION METROPOLITANA,PUDAHUEL,COLISION LATERAL,COLISION,URBANA,TRAMO DE VIA RECTA,IMPRUDENCIA DEL CONDUCTOR,CONDUCCION NO ATENTO CONDICIONES TRANSITO MOMENTO,LA ESTRELLA,LUCERO,LA ESTRELLA - LUCERO,0, , ,BIDIRECCIONAL,ASFALTO,REGULAR,SECO,DESPEJADO,0,1,0,0,13,131,13124,Metropolitana de Santiago,Santiago,Pudahuel,Interseccion,"LA ESTRELLA & LUCERO, Pudahuel",-33.44513,-70.753871
-7876303.8156864,-3943445.24388099,4480,2023,1535171,2023/05/31 00:00:00+00,Mayo,31,Miércoles,1899/12/30 00:00:00+00,22:00:00,22,REGION METROPOLITANA,QUILICURA,COLISION FRONTAL,COLISION,URBANA,CRUCE CON SEMAFORO FUNCIONANDO,IMPRUDENCIA DEL CONDUCTOR,NO RESPETAR DERECHO PREFERENTE DE PASO A VEHICULO,LO MARCOLETA,SAN LUIS,LO MARCOLETA - SAN LUIS,0, , ,BIDIRECCIONAL,ASFALTO,BUENO,SECO,DESPEJADO,0,0,0,2,13,131,13125,Metropolitana de Santiago,Santiago,Quilicura,Interseccion,"LO MARCOLETA & SAN LUIS, Quilicura",-33.361945,-70.754041
-7866994.94590779,-3969903.28066166,4481,2023,1539528,2023/05/31 00:00:00+00,Mayo,31,Miércoles,1899/12/30 00:00:00+00,22:02:00,22,REGION METROPOLITANA,EL BOSQUE,CHOQUE FRENTE/POSTERIOR,CHOQUE,URBANA,TRAMO DE VIA RECTA,IMPRUDENCIA DEL CONDUCTOR,CONDUCCION NO ATENTO CONDICIONES TRANSITO MOMENTO,LOS MORROS,OBSERVATORIO,LOS MORROS - OBSERVATORIO,0, , ,BIDIRECCIONAL CON BANDEJON,ASFALTO,BUENO,SECO,DESPEJADO,0,0,0,1,13,131,13105,Metropolitana de Santiago,Santiago,El Bosque,Interseccion,"LOS MORROS & OBSERVATORIO, El Bosque",-33.560229,-70.670418
-7878399.1824616,-3963439.97039044,4482,2023,1535095,2023/06/01 00:00:00+00,Junio,1,Jueves,1899/12/30 00:00:00+00,03:30:00,3,REGION METROPOLITANA,MAIPU,VOLCADURA,VOLCADURA,URBANA,TRAMO DE VIA RECTA,ALCOHOL EN CONDUCTOR,CONDUCCION EN ESTADO DE EBRIEDAD,JOSE MANUEL BORGOÑO,EL CID,EL CID - JOSE MANUEL BORGOÑO,0, , ,BIDIRECCIONAL,ASFALTO,BUENO,SECO,DESPEJADO,1,1,0,0,13,131,13119,Metropolitana de Santiago,Santiago,Maipú,Interseccion,"EL CID & JOSE MANUEL BORGOÑO, Maipú",-33.511833,-70.772864
-8138562.73988017,-4409413.73865924,4483,2023,1536486,2023/06/01 00:00:00+00,Junio,1,Jueves,1899/12/30 00:00:00+00,07:30:00,7,REGION BIO BIO,HUALPEN,COLISION,COLISION,URBANA,CRUCE CON SEÑAL PARE,IMPRUDENCIA DEL CONDUCTOR,CONDUCCION NO ATENTO CONDICIONES TRANSITO MOMENTO,CAMINO A DESEMBOCADURA,COSTANERA,CAMINO A DESEMBOCADURA - COSTANERA,0, , ,BIDIRECCIONAL CON BANDEJON,CONCRETO,BUENO,MOJADO,NEBLINA,0,1,0,0,08,081,08112,Biobío,Concepción,Hualpén,Interseccion,"CAMINO A DESEMBOCADURA & COSTANERA, Hualpén",-36.786676,-73.109953
-7824900.79407884,-2092864.50733865,4484,2023,1534889,2023/06/01 00:00:00+00,Junio,1,Jueves,1899/12/30 00:00:00+00,07:40:00,7,REGION ARICA Y PARINACOTA,ARICA,COLISION,COLISION,URBANA,TRAMO DE VIA CURVA HORIZONTAL,DESOBEDIENCIA A SEÑALIZACION,SEÑALIZACION DESOBEDECER SEÑAL PARE,CHAPIQUIÑA,LOA,CHAPIQUIÑA - LOA,0, , ,BIDIRECCIONAL,ASFALTO,BUENO,SECO,DESPEJADO,0,0,0,1,15,151,15101,Arica y Parinacota,Arica,Arica,Interseccion,"CHAPIQUIÑA & LOA, Arica",-18.471953,-70.29228
-7859025.69488139,-3953377.9942205,4485,2023,1535839,2023/06/01 00:00:00+00,Junio,1,Jueves,1899/12/30 00:00:00+00,07:45:00,7,REGION METROPOLITANA,PROVIDENCIA,COLISION LATERAL,COLISION,URBANA,CRUCE CON SEMAFORO FUNCIONANDO,DESOBEDIENCIA A SEÑALIZACION,SEÑALIZACION DESOBEDECER LUZ ROJA DE SEMAFORO,FRANCISCO BILBAO,HOLANDA,FRANCISCO BILBAO - HOLANDA,0, , ,BIDIRECCIONAL,ASFALTO,BUENO,SECO,DESPEJADO,0,1,0,0,13,131,13123,Metropolitana de Santiago,Santiago,Providencia,Interseccion,"FRANCISCO BILBAO & HOLANDA, Providencia",-33.436437,-70.598829
-7859025.69488139,-3953377.9942205,4486,2023,1541687,2023/06/01 00:00:00+00,Junio,1,Jueves,1899/12/30 00:00:00+00,07:45:00,7,REGION METROPOLITANA,PROVIDENCIA,COLISION FRONTAL,COLISION,URBANA,CRUCE CON SEMAFORO FUNCIONANDO,DESOBEDIENCIA A SEÑALIZACION,SEÑALIZACION DESOBEDECER LUZ ROJA DE SEMAFORO,FRANCISCO BILBAO,HOLANDA,FRANCISCO BILBAO - HOLANDA,0, , ,BIDIRECCIONAL,ASFALTO,REGULAR,HUMEDO,DESPEJADO,0,0,0,0,13,131,13123,Metropolitana de Santiago,Santiago,Providencia,Interseccion,"FRANCISCO BILBAO & HOLANDA, Providencia",-33.436437,-70.598829
-7872778.68009539,-3961067.68213374,4487,2023,1536303,2023/06/01 00:00:00+00,Junio,1,Jueves,1899/12/30 00:00:00+00,08:15:00,8,REGION METROPOLITANA,CERRILLOS,COLISION LATERAL,COLISION,URBANA,CRUCE SIN SEÑALIZACION,IMPRUDENCIA DEL CONDUCTOR,CONDUCCION NO ATENTO CONDICIONES TRANSITO MOMENTO,LO ERRAZURIZ,DIVINA COMEDIA,DIVINA COMEDIA - LO ERRAZURIZ,0, , ,BIDIRECCIONAL,ASFALTO,BUENO,SECO,NUBLADO,0,0,0,1,13,131,13102,Metropolitana de Santiago,Santiago,Cerrillos,Interseccion,"DIVINA COMEDIA & LO ERRAZURIZ, Cerrillos",-33.494063,-70.722374
-7860798.96620179,-3946405.69527939,4488,2023,1536154,2023/06/01 00:00:00+00,Junio,1,Jueves,1899/12/30 00:00:00+00,08:40:00,8,REGION METROPOLITANA,HUECHURABA,COLISION,COLISION,URBANA,TRAMO DE VIA RECTA,IMPRUDENCIA DEL CONDUCTOR,CONDUCCION NO ATENTO CONDICIONES TRANSITO MOMENTO,DEL PARQUE,RINCONADA EL SALTO,DEL PARQUE - RINCONADA EL SALTO,0, , ,BIDIRECCIONAL,ASFALTO,BUENO,SECO,DESPEJADO,0,0,0,1,13,131,13107,Metropolitana de Santiago,Santiago,Huechuraba,Interseccion,"DEL PARQUE & RINCONADA EL SALTO, Huechuraba",-33.384154,-70.614759
-7863674.49920859,-3955133.74956445,4489,2023,1535320,2023/06/01 00:00:00+00,Junio,1,Jueves,1899/12/30 00:00:00+00,09:20:00,9,REGION METROPOLITANA,SANTIAGO,VOLCADURA,VOLCADURA,URBANA,TRAMO DE VIA RECTA,VELOCIDAD IMPRUDENTE,VELOCIDAD NO RAZONABLE NI PRUDENTE,CARMEN,STA ISABEL,CARMEN - STA ISABEL,0, , ,UNIDIRECCIONAL,ASFALTO,REGULAR,MOJADO,DESPEJADO,0,1,0,0,13,131,13101,Metropolitana de Santiago,Santiago,Santiago,Interseccion,"CARMEN & STA ISABEL, Santiago",-33.449598,-70.64059
-7867191.31354521,-3956236.64511144,4490,2023,1537943,2023/06/01 00:00:00+00,Junio,1,Jueves,1899/12/30 00:00:00+00,10:10:00,10,REGION METROPOLITANA,SANTIAGO,COLISION PERPENDICULAR,COLISION,URBANA,CRUCE CON SEÑAL CEDA EL PASO,DESOBEDIENCIA A SEÑALIZACION,SEÑALIZACION DESOBEDECER SEÑAL CEDA EL PASO,ABATE MOLINA,GAY,ABATE MOLINA - GAY,0, , ,UNIDIRECCIONAL,ASFALTO,BUENO,SECO,DESPEJADO,0,1,0,0,13,131,13101,Metropolitana de Santiago,Santiago,Santiago,Interseccion,"ABATE MOLINA & GAY, Santiago",-33.457864,-70.672182
-8081204.3147249,-4683561.41763461,4491,2023,1535175,2023/06/01 00:00:00+00,Junio,1,Jueves,1899/12/30 00:00:00+00,14:40:00,14,REGION ARAUCANIA,TEMUCO,COLISION LATERAL,COLISION,URBANA,TRAMO DE VIA RECTA,IMPRUDENCIA DEL CONDUCTOR,CONDUCCION NO ATENTO CONDICIONES TRANSITO MOMENTO,MIRAFLORES,LAS HERAS,LAS HERAS - MIRAFLORES,0, , ,UNIDIRECCIONAL,CONCRETO,BUENO,SECO,NUBLADO,0,0,0,0,09,091,09101,La Araucanía,Cautín,Temuco,Interseccion,"LAS HERAS & MIRAFLORES, Temuco",-38.733445,-72.594694