X,Y,FID,Año,IdAccident,Fecha,Mes,Dia_mes,Dia_semana,Hora,Hora_texto,Hora_aprox,Región,Comuna,Tipo_Accid,Tipo__CONA,Zona,Ubicación,Causa__CON,Causa_Acci,Calle_Uno,Calle_Dos,Intersecci,Número,Ruta,Ubicaci_1,Calzada,Tipo_Calza,Estado_Cal,Condición,Estado_Atm,Fallecidos,Graves,Menos_Grav,Leves,CUT_REG,CUT_PROV,CUT_COM,REGION,PROVINCIA,COMUNA1,Tipo_direc,Direccion,Lat,Lon
-7951795.1283456,-3901506.90517725,4492,2023,1538624,2023/06/01 00:00:00+00,Junio,1,Jueves,1899/12/30 00:00:00+00,15:00:00,15,REGION VALPARAISO,QUILPUE,COLISION LATERAL,COLISION,URBANA,TRAMO DE VIA RECTA,IMPRUDENCIA DEL CONDUCTOR,VIRAJES INDEBIDOS,CUMMING,SAN MARTIN,CUMMING - SAN MARTIN,0, , ,BIDIRECCIONAL,CONCRETO,BUENO,SECO,DESPEJADO,0,0,1,0,05,058,05801,Valparaíso,Marga Marga,Quilpué,Interseccion,"CUMMING & SAN MARTIN, Quilpué",-33.04672,-71.432191
-8153321.47796954,-4839439.67338434,4493,2023,1535656,2023/06/01 00:00:00+00,Junio,1,Jueves,1899/12/30 00:00:00+00,15:15:00,15,REGION DE LOS RIOS,VALDIVIA,VOLCADURA,VOLCADURA,URBANA,PUENTE,IMPRUDENCIA DEL CONDUCTOR,CONDUCCION NO ATENTO CONDICIONES TRANSITO MOMENTO,PEDRO AGUIRRE CERDA,ESPAÑA,ESPAÑA - PEDRO AGUIRRE CERDA,0, , ,BIDIRECCIONAL CON BANDEJON,CONCRETO,BUENO,MOJADO,LLOVIZNA,0,0,0,1,14,141,14101,Los Ríos,Valdivia,Valdivia,Interseccion,"ESPAÑA & PEDRO AGUIRRE CERDA, Valdivia",-39.817379,-73.242533
-7869893.92808703,-3953485.85954887,4494,2023,1537124,2023/06/01 00:00:00+00,Junio,1,Jueves,1899/12/30 00:00:00+00,15:30:00,15,REGION METROPOLITANA,QUINTA NORMAL,CHOQUE LATERAL,CHOQUE,URBANA,CRUCE CON SEÑAL CEDA EL PASO,DESOBEDIENCIA A SEÑALIZACION,SEÑALIZACION DESOBEDECER SEÑAL CEDA EL PASO,ANTONIO EBNER,EDISON,ANTONIO EBNER - EDISON,0, , ,UNIDIRECCIONAL,ASFALTO,BUENO,SECO,DESPEJADO,0,0,0,1,13,131,13126,Metropolitana de Santiago,Santiago,Quinta Normal,Interseccion,"ANTONIO EBNER & EDISON, Quinta Normal",-33.437246,-70.69646
-8025630.78629615,-4383848.87513257,4495,2023,1536945,2023/06/01 00:00:00+00,Junio,1,Jueves,1899/12/30 00:00:00+00,16:40:00,16,REGION ÑUBLE,CHILLAN,COLISION LATERAL,COLISION,URBANA,TRAMO DE VIA RECTA,IMPRUDENCIA DEL CONDUCTOR,CONDUCCION CAMBIAR SORPRESIVAMENTE PISTA CIRCULACION,ITATA,NAHUELTORO,ITATA - NAHUELTORO,0, , ,UNIDIRECCIONAL,CONCRETO,BUENO,HUMEDO,NUBLADO,0,0,0,0,16,161,16101,Ñuble,Diguillín,Chillán,Interseccion,"ITATA & NAHUELTORO, Chillán",-36.602533,-72.095468
-7871777.45389352,-3863660.30970321,4496,2023,1536786,2023/06/01 00:00:00+00,Junio,1,Jueves,1899/12/30 00:00:00+00,17:30:00,17,REGION VALPARAISO,SAN FELIPE,CHOQUE POSTERIOR,CHOQUE,URBANA,CRUCE CON SEMAFORO FUNCIONANDO,IMPRUDENCIA DEL CONDUCTOR,CONDUCCION NO ATENTO CONDICIONES TRANSITO MOMENTO,MICHIMALONGO,CAMILO LEIVA,CAMILO LEIVA - MICHIMALONGO,0, , ,BIDIRECCIONAL,CONCRETO,BUENO,SECO,DESPEJADO,0,1,0,0,05,057,05701,Valparaíso,San Felipe de Aconcagua,San Felipe,Interseccion,"CAMILO LEIVA & MICHIMALONGO, San Felipe",-32.761278,-70.71338
-7870955.39282759,-3952833.82723089,4497,2023,1536354,2023/06/01 00:00:00+00,Junio,1,Jueves,1899/12/30 00:00:00+00,18:00:00,18,REGION METROPOLITANA,QUINTA NORMAL,COLISION LATERAL,COLISION,URBANA,TRAMO DE VIA RECTA,IMPRUDENCIA DEL CONDUCTOR,CONDUCCION NO ATENTO CONDICIONES TRANSITO MOMENTO,JOSE JOAQUIN PEREZ,ING LLOYD,ING LLOYD - JOSE JOAQUIN PEREZ,0, , ,BIDIRECCIONAL,ASFALTO,REGULAR,SECO,DESPEJADO,0,0,0,1,13,131,13126,Metropolitana de Santiago,Santiago,Quinta Normal,Interseccion,"ING LLOYD & JOSE JOAQUIN PEREZ, Quinta Normal",-33.432358,-70.705995
-7880522.93570696,-3968715.07743715,4498,2023,1543824,2023/06/01 00:00:00+00,Junio,1,Jueves,1899/12/30 00:00:00+00,18:30:00,18,REGION METROPOLITANA,MAIPU,COLISION POR ALCANCE,COLISION,URBANA,OTROS NO CONSIDERADOS,IMPRUDENCIA DEL CONDUCTOR,CONDUCCION NO ATENTO CONDICIONES TRANSITO MOMENTO,CAMINO A MELIPILLA,CAMINO LOS TALAVERAS,CAMINO A MELIPILLA - CAMINO LOS TALAVERAS,0, , ,BIDIRECCIONAL CON BANDEJON,CONCRETO,BUENO,SECO,DESPEJADO,0,0,0,0,13,131,13119,Metropolitana de Santiago,Santiago,Maipú,Interseccion,"CAMINO A MELIPILLA & CAMINO LOS TALAVERAS, Maipú",-33.551334,-70.791942
-7863008.48357847,-3966598.52203556,4499,2023,1535778,2023/06/01 00:00:00+00,Junio,1,Jueves,1899/12/30 00:00:00+00,20:45:00,20,REGION METROPOLITANA,SAN RAMON,COLISION,COLISION,URBANA,CRUCE CON SEÑAL PARE,ALCOHOL EN CONDUCTOR,CONDUCCION BAJO LA INFLUENCIA DEL ALCOHOL,PARAGUAY,STA ROSA,PARAGUAY - STA ROSA,0, , ,BIDIRECCIONAL,ASFALTO,BUENO,SECO,DESPEJADO,0,0,1,0,13,131,13131,Metropolitana de Santiago,Santiago,San Ramón,Interseccion,"PARAGUAY & STA ROSA, San Ramón",-33.535487,-70.634607
-8085754.70557571,-4684591.16793133,4500,2023,1535165,2023/06/01 00:00:00+00,Junio,1,Jueves,1899/12/30 00:00:00+00,22:10:00,22,REGION ARAUCANIA,TEMUCO,COLISION,COLISION,URBANA,TRAMO DE VIA RECTA,IMPRUDENCIA DEL CONDUCTOR,CONDUCCION SIN MANTENER DISTANCIA RAZONABLE NI PRUDENTE,INES DE SUAREZ,PAULA JARAQUEMADA,INES DE SUAREZ - PAULA JARAQUEMADA,0, , ,BIDIRECCIONAL CON BANDEJON,CONCRETO,BUENO,SECO,NUBLADO,0,0,0,2,09,091,09101,La Araucanía,Cautín,Temuco,Interseccion,"INES DE SUAREZ & PAULA JARAQUEMADA, Temuco",-38.74066,-72.63557
-7876208.52620228,-3953382.12952868,4501,2023,1536561,2023/06/02 00:00:00+00,Junio,2,Viernes,1899/12/30 00:00:00+00,12:50:00,12,REGION METROPOLITANA,PUDAHUEL,COLISION POR ALCANCE,COLISION,URBANA,TRAMO DE VIA RECTA,IMPRUDENCIA DEL CONDUCTOR,CONDUCCION NO ATENTO CONDICIONES TRANSITO MOMENTO,SAN FRANCISCO,DIAG NORTE,DIAG NORTE - SAN FRANCISCO,0, , ,BIDIRECCIONAL,ASFALTO,REGULAR,SECO,DESPEJADO,0,0,0,0,13,131,13124,Metropolitana de Santiago,Santiago,Pudahuel,Interseccion,"DIAG NORTE & SAN FRANCISCO, Pudahuel",-33.436468,-70.753185
-7860455.37110165,-3950621.00622759,4502,2023,1541804,2023/06/02 00:00:00+00,Junio,2,Viernes,1899/12/30 00:00:00+00,13:00:00,13,REGION METROPOLITANA,PROVIDENCIA,COLISION FRONTAL,COLISION,URBANA,TRAMO DE VIA RECTA,IMPRUDENCIA DEL CONDUCTOR,CONDUCCION NO ATENTO CONDICIONES TRANSITO MOMENTO,EL CERRO,LOS CONQUISTADORES,EL CERRO - LOS CONQUISTADORES,0, , ,UNIDIRECCIONAL,ASFALTO,REGULAR,SECO,DESPEJADO,0,1,0,0,13,131,13123,Metropolitana de Santiago,Santiago,Providencia,Interseccion,"EL CERRO & LOS CONQUISTADORES, Providencia",-33.415767,-70.611672
-7861657.8442412,-3951481.7775686,4503,2023,1543318,2023/06/02 00:00:00+00,Junio,2,Viernes,1899/12/30 00:00:00+00,13:00:00,13,REGION METROPOLITANA,PROVIDENCIA,COLISION FRONTAL,COLISION,URBANA,TUNEL,IMPRUDENCIA DEL CONDUCTOR,CONDUCCION NO ATENTO CONDICIONES TRANSITO MOMENTO,LOS CONQUISTADORES,CAMINO DEL CERRO,CAMINO DEL CERRO - LOS CONQUISTADORES,0, , ,UNIDIRECCIONAL,CONCRETO,BUENO,SECO,DESPEJADO,0,1,0,0,13,131,13123,Metropolitana de Santiago,Santiago,Providencia,Interseccion,"CAMINO DEL CERRO & LOS CONQUISTADORES, Providencia",-33.422221,-70.622474
-8063786.6660256,-4654165.1519682,4504,2023,1540787,2023/06/02 00:00:00+00,Junio,2,Viernes,1899/12/30 00:00:00+00,13:14:00,13,REGION ARAUCANIA,LAUTARO,COLISION LATERAL,COLISION,URBANA,CRUCE SIN SEÑALIZACION,IMPRUDENCIA DEL CONDUCTOR,CONDUCCION NO ATENTO CONDICIONES TRANSITO MOMENTO,BRASIL,ESCALA,BRASIL - ESCALA,0, , ,UNIDIRECCIONAL,ASFALTO,BUENO,HUMEDO,DESPEJADO,0,0,0,1,09,091,09108,La Araucanía,Cautín,Lautaro,Interseccion,"BRASIL & ESCALA, Lautaro",-38.527155,-72.438228
-8150675.85895134,-4840799.06833533,4505,2023,1536012,2023/06/02 00:00:00+00,Junio,2,Viernes,1899/12/30 00:00:00+00,15:00:00,15,REGION DE LOS RIOS,VALDIVIA,VOLCADURA,VOLCADURA,URBANA,TRAMO DE VIA CURVA HORIZONTAL,IMPRUDENCIA DEL CONDUCTOR,CONDUCCION NO ATENTO CONDICIONES TRANSITO MOMENTO,DON BOSCO,PATRICIO LYNCH,DON BOSCO - PATRICIO LYNCH,0, , ,BIDIRECCIONAL,CONCRETO,BUENO,HUMEDO,NUBLADO,0,0,0,1,14,141,14101,Los Ríos,Valdivia,Valdivia,Interseccion,"DON BOSCO & PATRICIO LYNCH, Valdivia",-39.826758,-73.218767
-7964350.96504279,-3891670.80758472,4506,2023,1543157,2023/06/02 00:00:00+00,Junio,2,Viernes,1899/12/30 00:00:00+00,15:20:00,15,REGION VALPARAISO,VIÑA DEL MAR,COLISION LATERAL,COLISION,URBANA,ROTONDA,IMPRUDENCIA DEL CONDUCTOR,CONDUCCION NO ATENTO CONDICIONES TRANSITO MOMENTO,IGNACIO CARRERA PINTO,BALMACEDA,BALMACEDA - IGNACIO CARRERA PINTO,0, , ,BIDIRECCIONAL,CONCRETO,BUENO,SECO,DESPEJADO,0,1,0,1,05,051,05109,Valparaíso,Valparaíso,Viña del Mar,Interseccion,"BALMACEDA & IGNACIO CARRERA PINTO, Viña del Mar",-32.972624,-71.544982
-7881592.27073552,-3970874.9064007,4507,2023,1537859,2023/06/02 00:00:00+00,Junio,2,Viernes,1899/12/30 00:00:00+00,15:30:00,15,REGION METROPOLITANA,PADRE HURTADO,COLISION LATERAL,COLISION,URBANA,TRAMO DE VIA RECTA,IMPRUDENCIA DEL CONDUCTOR,CONDUCCION NO ATENTO CONDICIONES TRANSITO MOMENTO,PRIMERA TRANSVERSAL,MARIE CURIE,MARIE CURIE - PRIMERA TRANSVERSAL,0, , ,BIDIRECCIONAL,CONCRETO,BUENO,SECO,DESPEJADO,0,0,0,1,13,136,13604,Metropolitana de Santiago,Talagante,Padre Hurtado,Interseccion,"MARIE CURIE & PRIMERA TRANSVERSAL, Padre Hurtado",-33.567502,-70.801548
-7971495.78386472,-3901901.05975201,4508,2023,1535534,2023/06/02 00:00:00+00,Junio,2,Viernes,1899/12/30 00:00:00+00,16:30:00,16,REGION VALPARAISO,VALPARAISO,COLISION,COLISION,URBANA,CRUCE CON SEÑAL CEDA EL PASO,DESOBEDIENCIA A SEÑALIZACION,SEÑALIZACION DESOBEDECER SEÑAL CEDA EL PASO,MORRIS,INDEPENDENCIA,INDEPENDENCIA - MORRIS,0, , ,UNIDIRECCIONAL,ASFALTO,BUENO,SECO,DESPEJADO,0,1,0,0,05,051,05101,Valparaíso,Valparaíso,Valparaíso,Interseccion,"INDEPENDENCIA & MORRIS, Valparaíso",-33.049688,-71.609165
-8063264.67783472,-4573256.56541975,4509,2023,1536060,2023/06/02 00:00:00+00,Junio,2,Viernes,1899/12/30 00:00:00+00,18:20:00,18,REGION ARAUCANIA,COLLIPULLI,COLISION LATERAL,COLISION,URBANA,CRUCE CON SEÑAL PARE,DESOBEDIENCIA A SEÑALIZACION,SEÑALIZACION DESOBEDECER SEÑAL PARE,SAAVEDRA NORTE,BULNES,BULNES - SAAVEDRA NORTE,0, , ,UNIDIRECCIONAL,CONCRETO,BUENO,HUMEDO,NUBLADO,0,0,1,2,09,092,09202,La Araucanía,Malleco,Collipulli,Interseccion,"BULNES & SAAVEDRA NORTE, Collipulli",-37.956316,-72.433539
-7920688.67777753,-3981824.01321433,4510,2023,1535330,2023/06/02 00:00:00+00,Junio,2,Viernes,1899/12/30 00:00:00+00,18:30:00,18,REGION METROPOLITANA,MELIPILLA,COLISION POR ALCANCE,COLISION,URBANA,CRUCE CON SEÑAL PARE,IMPRUDENCIA DEL CONDUCTOR,CONDUCCION NO ATENTO CONDICIONES TRANSITO MOMENTO,PARDO,BERNARDO O'HIGGINS,BERNARDO O'HIGGINS - PARDO,0, , ,UNIDIRECCIONAL,ASFALTO,REGULAR,HUMEDO,DESPEJADO,0,0,0,1,13,135,13501,Metropolitana de Santiago,Melipilla,Melipilla,Interseccion,"BERNARDO O'HIGGINS & PARDO, Melipilla",-33.649418,-71.152757
-7865564.82440957,-3947981.0751276,4511,2023,1535997,2023/06/02 00:00:00+00,Junio,2,Viernes,1899/12/30 00:00:00+00,18:40:00,18,REGION METROPOLITANA,RECOLETA,COLISION LATERAL,COLISION,URBANA,CRUCE CON SEMAFORO FUNCIONANDO,IMPRUDENCIA DEL CONDUCTOR,CONDUCCION CAMBIAR SORPRESIVAMENTE PISTA CIRCULACION,DORSAL,EL GUANACO,DORSAL - EL GUANACO,0, , ,BIDIRECCIONAL,ASFALTO,BUENO,SECO,DESPEJADO,0,0,1,0,13,131,13127,Metropolitana de Santiago,Santiago,Recoleta,Interseccion,"DORSAL & EL GUANACO, Recoleta",-33.39597,-70.657571
-7858976.38034697,-3961380.58028247,4512,2023,1536737,2023/06/02 00:00:00+00,Junio,2,Viernes,1899/12/30 00:00:00+00,19:30:00,19,REGION METROPOLITANA,MACUL,COLISION POR ALCANCE,COLISION,URBANA,CRUCE CON SEMAFORO FUNCIONANDO,IMPRUDENCIA DEL CONDUCTOR,VIRAJES INDEBIDOS,MACUL,LOS CISNES,LOS CISNES - MACUL,0, , ,BIDIRECCIONAL,CONCRETO,BUENO,SECO,DESPEJADO,0,0,0,1,13,131,13118,Metropolitana de Santiago,Santiago,Macul,Interseccion,"LOS CISNES & MACUL, Macul",-33.496407,-70.598386
-7941273.63305648,-3499696.72444907,4513,2023,1536731,2023/06/02 00:00:00+00,Junio,2,Viernes,1899/12/30 00:00:00+00,21:20:00,21,REGION COQUIMBO,COQUIMBO,COLISION PERPENDICULAR,COLISION,URBANA,CRUCE CON SEMAFORO FUNCIONANDO,ALCOHOL EN CONDUCTOR,CONDUCCION EN ESTADO DE EBRIEDAD,DARIO SALAS,PRESIDENTE ARTURO ALESSANDRI,DARIO SALAS - PRESIDENTE ARTURO ALESSANDRI,0, , ,UNIDIRECCIONAL,ASFALTO,REGULAR,SECO,DESPEJADO,0,0,0,0,04,041,04102,Coquimbo,Elqui,Coquimbo,Interseccion,"DARIO SALAS & PRESIDENTE ARTURO ALESSANDRI, Coquimbo",-29.97002,-71.337675
-7857468.55784418,-3975742.55003103,4514,2023,1535891,2023/06/02 00:00:00+00,Junio,2,Viernes,1899/12/30 00:00:00+00,21:30:00,21,REGION METROPOLITANA,PUENTE ALTO,COLISION POR ALCANCE,COLISION,URBANA,CRUCE SIN SEÑALIZACION,VELOCIDAD IMPRUDENTE,VELOCIDAD NO RAZONABLE NI PRUDENTE,DOMINGO TOCORNAL,LA ARAUCARIA,DOMINGO TOCORNAL - LA ARAUCARIA,0, , ,BIDIRECCIONAL CON BANDEJON,ASFALTO,BUENO,HUMEDO,NUBLADO,0,0,0,1,13,132,13201,Metropolitana de Santiago,Cordillera,Puente Alto,Interseccion,"DOMINGO TOCORNAL & LA ARAUCARIA, Puente Alto",-33.603929,-70.584841
-7876407.34281284,-3955873.98809291,4515,2023,1538691,2023/06/02 00:00:00+00,Junio,2,Viernes,1899/12/30 00:00:00+00,23:10:00,23,REGION METROPOLITANA,PUDAHUEL,COLISION PERPENDICULAR,COLISION,URBANA,CRUCE CON SEÑAL PARE,DESOBEDIENCIA A SEÑALIZACION,SEÑALIZACION DESOBEDECER SEÑAL PARE,LA TRAVESIA,OCEANIA,LA TRAVESIA - OCEANIA,0, , ,BIDIRECCIONAL CON BANDEJON,ASFALTO,BUENO,SECO,DESPEJADO,0,0,0,0,13,131,13124,Metropolitana de Santiago,Santiago,Pudahuel,Interseccion,"LA TRAVESIA & OCEANIA, Pudahuel",-33.455146,-70.754971
-7876407.34281284,-3955873.98809291,4516,2023,1541435,2023/06/02 00:00:00+00,Junio,2,Viernes,1899/12/30 00:00:00+00,23:10:00,23,REGION METROPOLITANA,PUDAHUEL,COLISION PERPENDICULAR,COLISION,URBANA,TRAMO DE VIA RECTA,DESOBEDIENCIA A SEÑALIZACION,SEÑALIZACION DESOBEDECER SEÑAL PARE,LA TRAVESIA,OCEANIA,LA TRAVESIA - OCEANIA,0, , ,BIDIRECCIONAL CON BANDEJON,ASFALTO,BUENO,SECO,DESPEJADO,0,0,0,0,13,131,13124,Metropolitana de Santiago,Santiago,Pudahuel,Interseccion,"LA TRAVESIA & OCEANIA, Pudahuel",-33.455146,-70.754971
-7864609.36922009,-3954297.26955045,4517,2023,1557099,2023/06/03 00:00:00+00,Junio,3,Sábado,1899/12/30 00:00:00+00,01:45:00,1,REGION METROPOLITANA,SANTIAGO,CHOQUE LADO/FRENTE,CHOQUE,URBANA,CRUCE CON SEMAFORO FUNCIONANDO,IMPRUDENCIA DEL CONDUCTOR,CONDUCCION CAMBIAR SORPRESIVAMENTE PISTA CIRCULACION,LIBER BERNARDO O'HIGGINS,ESTADO,ESTADO - LIBER BERNARDO O'HIGGINS,0, , ,BIDIRECCIONAL CON BANDEJON,ASFALTO,BUENO,SECO,DESPEJADO,0,1,0,0,13,131,13101,Metropolitana de Santiago,Santiago,Santiago,Interseccion,"ESTADO & LIBER BERNARDO O'HIGGINS, Santiago",-33.443328,-70.648988
-7860940.16748406,-3968371.26269997,4518,2023,1538848,2023/06/03 00:00:00+00,Junio,3,Sábado,1899/12/30 00:00:00+00,14:45:00,14,REGION METROPOLITANA,LA GRANJA,COLISION LATERAL,COLISION,URBANA,TRAMO DE VIA RECTA,IMPRUDENCIA DEL CONDUCTOR,ADELANTAMIENTO SIN EL ESPACIO O TIEMPO SUFICIENTE,LAS UVAS Y EL VIENTO,SOCOS,LAS UVAS Y EL VIENTO - SOCOS,0, , ,BIDIRECCIONAL,ASFALTO,BUENO,SECO,DESPEJADO,0,0,0,1,13,131,13111,Metropolitana de Santiago,Santiago,La Granja,Interseccion,"LAS UVAS Y EL VIENTO & SOCOS, La Granja",-33.54876,-70.616027
-7826309.10804428,-2092154.53562404,4519,2023,1535668,2023/06/03 00:00:00+00,Junio,3,Sábado,1899/12/30 00:00:00+00,15:35:00,15,REGION ARICA Y PARINACOTA,ARICA,COLISION,COLISION,URBANA,TRAMO DE VIA RECTA,DESOBEDIENCIA A SEÑALIZACION,SEÑALIZACION DESOBEDECER SEÑAL CEDA EL PASO,LUIS BERETTA PORCEL,BRASIL,BRASIL - LUIS BERETTA PORCEL,0, , ,BIDIRECCIONAL CON BANDEJON,ASFALTO,BUENO,SECO,DESPEJADO,1,0,0,2,15,151,15101,Arica y Parinacota,Arica,Arica,Interseccion,"BRASIL & LUIS BERETTA PORCEL, Arica",-18.465904,-70.304931
-7874989.02118064,-3958898.74589355,4520,2023,1535473,2023/06/03 00:00:00+00,Junio,3,Sábado,1899/12/30 00:00:00+00,16:00:00,16,REGION METROPOLITANA,MAIPU,COLISION FRONTAL,COLISION,URBANA,CRUCE CON SEMAFORO FUNCIONANDO,IMPRUDENCIA DEL CONDUCTOR,CONDUCCION NO ATENTO CONDICIONES TRANSITO MOMENTO,LOS PAJARITOS,LOS PINTORES,LOS PAJARITOS - LOS PINTORES,0, , ,BIDIRECCIONAL CON BANDEJON,ASFALTO,BUENO,SECO,DESPEJADO,0,0,0,0,13,131,13119,Metropolitana de Santiago,Santiago,Maipú,Interseccion,"LOS PAJARITOS & LOS PINTORES, Maipú",-33.477813,-70.74223
-7863691.76265749,-3946297.84468208,4521,2023,1535703,2023/06/03 00:00:00+00,Junio,3,Sábado,1899/12/30 00:00:00+00,16:10:00,16,REGION METROPOLITANA,HUECHURABA,COLISION,COLISION,URBANA,CRUCE CON SEMAFORO FUNCIONANDO,IMPRUDENCIA DEL CONDUCTOR,CONDUCCION NO ATENTO CONDICIONES TRANSITO MOMENTO,AMERICO VESPUCIO,RECOLETA,AMERICO VESPUCIO - RECOLETA,0, , ,BIDIRECCIONAL,ASFALTO,BUENO,SECO,DESPEJADO,0,0,0,0,13,131,13107,Metropolitana de Santiago,Santiago,Huechuraba,Interseccion,"AMERICO VESPUCIO & RECOLETA, Huechuraba",-33.383345,-70.640745
-8139610.43862985,-4416297.95299422,4522,2023,1543687,2023/06/03 00:00:00+00,Junio,3,Sábado,1899/12/30 00:00:00+00,16:20:00,16,REGION BIO BIO,SAN PEDRO DE LA PAZ,CHOQUE FRENTE/POSTERIOR,CHOQUE,URBANA,TRAMO DE VIA RECTA,ALCOHOL EN CONDUCTOR,CONDUCCION BAJO LA INFLUENCIA DEL ALCOHOL,LAS TORCAZAS,DIAGONAL BIO BIO,DIAGONAL BIO BIO - LAS TORCAZAS,0, , ,BIDIRECCIONAL,ASFALTO,BUENO,SECO,DESPEJADO,0,0,0,0,08,081,08108,Biobío,Concepción,San Pedro de la Paz,Interseccion,"DIAGONAL BIO BIO & LAS TORCAZAS, San Pedro de la Paz",-36.836187,-73.119365
-7966120.66659202,-3898151.2791157,4523,2023,1535598,2023/06/03 00:00:00+00,Junio,3,Sábado,1899/12/30 00:00:00+00,19:25:00,19,REGION VALPARAISO,VIÑA DEL MAR,COLISION POR ALCANCE,COLISION,URBANA,TRAMO DE VIA RECTA,IMPRUDENCIA DEL CONDUCTOR,CONDUCCION SIN MANTENER DISTANCIA RAZONABLE NI PRUDENTE,LA MARINA,VON SCHROEDERS,LA MARINA - VON SCHROEDERS,0, , ,UNIDIRECCIONAL,CONCRETO,BUENO,SECO,DESPEJADO,0,0,0,0,05,051,05109,Valparaíso,Valparaíso,Viña del Mar,Interseccion,"LA MARINA & VON SCHROEDERS, Viña del Mar",-33.021449,-71.560879
-7875097.78032315,-3960886.9472333,4524,2023,1543981,2023/06/03 00:00:00+00,Junio,3,Sábado,1899/12/30 00:00:00+00,20:00:00,20,REGION METROPOLITANA,MAIPU,COLISION FRONTAL,COLISION,URBANA,CRUCE CON SEÑAL CEDA EL PASO,IMPRUDENCIA DEL CONDUCTOR,CONDUCCION NO ATENTO CONDICIONES TRANSITO MOMENTO,PRIMO DE RIVERA,SEGUNDA TRANSVERSAL,PRIMO DE RIVERA - SEGUNDA TRANSVERSAL,0, , ,BIDIRECCIONAL,ASFALTO,BUENO,SECO,DESPEJADO,0,0,0,1,13,131,13119,Metropolitana de Santiago,Santiago,Maipú,Interseccion,"PRIMO DE RIVERA & SEGUNDA TRANSVERSAL, Maipú",-33.492709,-70.743207
-7875358.15661211,-4007298.7127063,4525,2023,1537385,2023/06/03 00:00:00+00,Junio,3,Sábado,1899/12/30 00:00:00+00,20:30:00,20,REGION METROPOLITANA,PAINE,COLISION POR ALCANCE,COLISION,URBANA,TRAMO DE VIA RECTA,IMPRUDENCIA DEL CONDUCTOR,CONDUCCION NO ATENTO CONDICIONES TRANSITO MOMENTO,RINCON DE PAINE,GENERAL BAQUEDANO,GENERAL BAQUEDANO - RINCON DE PAINE,0, , ,BIDIRECCIONAL,ASFALTO,BUENO,SECO,DESPEJADO,0,0,0,1,13,134,13404,Metropolitana de Santiago,Maipo,Paine,Interseccion,"GENERAL BAQUEDANO & RINCON DE PAINE, Paine",-33.839706,-70.745546
-7876786.2743595,-3954273.25620562,4526,2023,1536565,2023/06/03 00:00:00+00,Junio,3,Sábado,1899/12/30 00:00:00+00,21:00:00,21,REGION METROPOLITANA,PUDAHUEL,COLISION,COLISION,URBANA,TRAMO DE VIA RECTA,ALCOHOL EN CONDUCTOR,CONDUCCION EN ESTADO DE EBRIEDAD,SAN PABLO,STA VICTORIA,SAN PABLO - STA VICTORIA,0, , ,BIDIRECCIONAL,ASFALTO,REGULAR,SECO,DESPEJADO,0,0,0,1,13,131,13124,Metropolitana de Santiago,Santiago,Pudahuel,Interseccion,"SAN PABLO & STA VICTORIA, Pudahuel",-33.443148,-70.758375
-7873713.18849666,-4052578.69979775,4527,2023,1535957,2023/06/04 00:00:00+00,Junio,4,Domingo,1899/12/30 00:00:00+00,04:40:00,4,REGION LIB.B.O'HIGGINS,RANCAGUA,VOLCADURA,VOLCADURA,URBANA,CRUCE CON SEÑAL CEDA EL PASO,ALCOHOL EN CONDUCTOR,CONDUCCION BAJO LA INFLUENCIA DEL ALCOHOL,DIEGO DE ALMAGRO,PAULA JARAQUEMADA,DIEGO DE ALMAGRO - PAULA JARAQUEMADA,0, , ,BIDIRECCIONAL,CONCRETO,BUENO,SECO,NUBLADO,0,1,0,0,06,061,06101,Libertador General Bernardo O'Higgins,Cachapoal,Rancagua,Interseccion,"DIEGO DE ALMAGRO & PAULA JARAQUEMADA, Rancagua",-34.176889,-70.730769
-7860645.61611142,-3963019.54517165,4528,2023,1537747,2023/06/04 00:00:00+00,Junio,4,Domingo,1899/12/30 00:00:00+00,11:30:00,11,REGION METROPOLITANA,SAN JOAQUIN,COLISION LATERAL,COLISION,URBANA,CRUCE CON SEMAFORO FUNCIONANDO,IMPRUDENCIA DEL PASAJERO,IMPRUDENCIA DEL PASAJERO,VICUÑA MACKENNA,DEPARTAMENTAL,DEPARTAMENTAL - VICUÑA MACKENNA,0, , ,UNIDIRECCIONAL,ASFALTO,BUENO,SECO,DESPEJADO,0,0,1,0,13,131,13129,Metropolitana de Santiago,Santiago,San Joaquín,Interseccion,"DEPARTAMENTAL & VICUÑA MACKENNA, San Joaquín",-33.508684,-70.613381
-7875229.05992184,-3961661.05175072,4529,2023,1535476,2023/06/04 00:00:00+00,Junio,4,Domingo,1899/12/30 00:00:00+00,16:00:00,16,REGION METROPOLITANA,MAIPU,VOLCADURA,VOLCADURA,URBANA,CRUCE CON SEMAFORO FUNCIONANDO,IMPRUDENCIA DEL CONDUCTOR,CONDUCCION NO ATENTO CONDICIONES TRANSITO MOMENTO,AMERICO VESPUCIO,SEGUNDA TRANSVERSAL,AMERICO VESPUCIO - SEGUNDA TRANSVERSAL,0, , ,BIDIRECCIONAL CON BANDEJON,ASFALTO,BUENO,SECO,DESPEJADO,0,0,0,1,13,131,13119,Metropolitana de Santiago,Santiago,Maipú,Interseccion,"AMERICO VESPUCIO & SEGUNDA TRANSVERSAL, Maipú",-33.498508,-70.744386