X,Y,FID,Año,IdAccident,Fecha,Mes,Dia_mes,Dia_semana,Hora,Hora_texto,Hora_aprox,Región,Comuna,Tipo_Accid,Tipo__CONA,Zona,Ubicación,Causa__CON,Causa_Acci,Calle_Uno,Calle_Dos,Intersecci,Número,Ruta,Ubicaci_1,Calzada,Tipo_Calza,Estado_Cal,Condición,Estado_Atm,Fallecidos,Graves,Menos_Grav,Leves,CUT_REG,CUT_PROV,CUT_COM,REGION,PROVINCIA,COMUNA1,Tipo_direc,Direccion,Lat,Lon
-8108678.57726535,-4576588.72312115,4530,2023,1535800,2023/06/04 00:00:00+00,Junio,4,Domingo,1899/12/30 00:00:00+00,19:20:00,19,REGION ARAUCANIA,LOS SAUCES,COLISION LATERAL,COLISION,URBANA,CRUCE CON SEÑAL PARE,DESOBEDIENCIA A SEÑALIZACION,SEÑALIZACION DESOBEDECER SEÑAL PARE,ANIBAL PINTO,LOS CANELOS,ANIBAL PINTO - LOS CANELOS,0, , ,BIDIRECCIONAL,CONCRETO,REGULAR,SECO,DESPEJADO,0,0,0,1,09,092,09206,La Araucanía,Malleco,Los Sauces,Interseccion,"ANIBAL PINTO & LOS CANELOS, Los Sauces",-37.979914,-72.841499
-8124328.98450937,-5082794.93606547,4531,2023,1536271,2023/06/04 00:00:00+00,Junio,4,Domingo,1899/12/30 00:00:00+00,19:30:00,19,REGION LOS LAGOS,PUERTO MONTT,CHOQUE FRONTAL,CHOQUE,URBANA,TRAMO DE VIA RECTA,VELOCIDAD IMPRUDENTE,VELOCIDAD NO RAZONABLE NI PRUDENTE,LA CRUZ,CALLE B,CALLE B - LA CRUZ,0, , ,BIDIRECCIONAL,CONCRETO,BUENO,MOJADO,LLUVIA,0,0,0,1,10,101,10101,Los Lagos,Llanquihue,Puerto Montt,Interseccion,"CALLE B & LA CRUZ, Puerto Montt",-41.475918,-72.982089
-7864714.34349991,-3953479.64319174,4532,2023,1538855,2023/06/04 00:00:00+00,Junio,4,Domingo,1899/12/30 00:00:00+00,21:38:00,21,REGION METROPOLITANA,SANTIAGO,VOLCADURA,VOLCADURA,URBANA,TRAMO DE VIA RECTA,DEFICIENCIAS VIALES,ANIMALES SUELTOS VIA PUBLICA,MONJITAS,21 DE MAYO,21 DE MAYO - MONJITAS,0, , ,UNIDIRECCIONAL,CONCRETO,BUENO,HUMEDO,DESPEJADO,0,0,0,0,13,131,13101,Metropolitana de Santiago,Santiago,Santiago,Interseccion,"21 DE MAYO & MONJITAS, Santiago",-33.437199,-70.649931
-8080329.84448724,-4685263.93457329,4533,2023,1535622,2023/06/04 00:00:00+00,Junio,4,Domingo,1899/12/30 00:00:00+00,23:00:00,23,REGION ARAUCANIA,TEMUCO,COLISION PERPENDICULAR,COLISION,URBANA,CRUCE CON SEÑAL PARE,IMPRUDENCIA DEL CONDUCTOR,CONDUCCION NO ATENTO CONDICIONES TRANSITO MOMENTO,GENERAL CRUZ,LEON GALLO,GENERAL CRUZ - LEON GALLO,0, , ,UNIDIRECCIONAL,CONCRETO,BUENO,SECO,DESPEJADO,0,0,0,1,09,091,09101,La Araucanía,Cautín,Temuco,Interseccion,"GENERAL CRUZ & LEON GALLO, Temuco",-38.745374,-72.586838
-7859298.53895333,-3958364.64855981,4534,2023,1536213,2023/06/05 00:00:00+00,Junio,5,Lunes,1899/12/30 00:00:00+00,03:00:00,3,REGION METROPOLITANA,ÑUÑOA,COLISION POR ALCANCE,COLISION,URBANA,CRUCE CON SEMAFORO FUNCIONANDO,ALCOHOL EN CONDUCTOR,CONDUCCION EN ESTADO DE EBRIEDAD,RODRIGO DE ARAYA,EXEQUIEL FERNANDEZ,EXEQUIEL FERNANDEZ - RODRIGO DE ARAYA,0, , ,BIDIRECCIONAL,CONCRETO,BUENO,SECO,DESPEJADO,0,1,0,0,13,131,13120,Metropolitana de Santiago,Santiago,Ñuñoa,Interseccion,"EXEQUIEL FERNANDEZ & RODRIGO DE ARAYA, Ñuñoa",-33.473811,-70.60128
-7873778.05430829,-3862619.20338622,4535,2023,1536835,2023/06/05 00:00:00+00,Junio,5,Lunes,1899/12/30 00:00:00+00,07:50:00,7,REGION VALPARAISO,SAN FELIPE,COLISION,COLISION,URBANA,CRUCE CON SEMAFORO FUNCIONANDO,DESOBEDIENCIA A SEÑALIZACION,SEÑALIZACION DESOBEDECER LUZ ROJA DE SEMAFORO,MAIPU,BERNARDO O'HIGGINS,BERNARDO O'HIGGINS - MAIPU,0, , ,BIDIRECCIONAL CON BANDEJON,ASFALTO,BUENO,SECO,DESPEJADO,0,0,0,1,05,057,05701,Valparaíso,San Felipe de Aconcagua,San Felipe,Interseccion,"BERNARDO O'HIGGINS & MAIPU, San Felipe",-32.753413,-70.731352
-7859156.38396359,-3950870.40193883,4536,2023,1544497,2023/06/05 00:00:00+00,Junio,5,Lunes,1899/12/30 00:00:00+00,10:05:00,10,REGION METROPOLITANA,LAS CONDES,COLISION LATERAL,COLISION,URBANA,TRAMO DE VIA RECTA,IMPRUDENCIA DEL CONDUCTOR,CONDUCCION SIN MANTENER DISTANCIA RAZONABLE NI PRUDENTE,APOQUINDO,EL BOSQUE NORTE,APOQUINDO - EL BOSQUE NORTE,0, , ,BIDIRECCIONAL,ASFALTO,BUENO,SECO,DESPEJADO,0,0,0,0,13,131,13114,Metropolitana de Santiago,Santiago,Las Condes,Interseccion,"APOQUINDO & EL BOSQUE NORTE, Las Condes",-33.417637,-70.600003
-7872868.94150075,-3861166.0755324,4537,2023,1536825,2023/06/05 00:00:00+00,Junio,5,Lunes,1899/12/30 00:00:00+00,10:45:00,10,REGION VALPARAISO,SAN FELIPE,COLISION,COLISION,URBANA,CRUCE CON SEÑAL PARE,IMPRUDENCIA DEL CONDUCTOR,CONDUCCION NO ATENTO CONDICIONES TRANSITO MOMENTO,HERMANOS CARRERA,LUIS GUAJARDO GALDAMES,HERMANOS CARRERA - LUIS GUAJARDO GALDAMES,0, , ,BIDIRECCIONAL,CONCRETO,BUENO,SECO,DESPEJADO,0,0,0,1,05,057,05701,Valparaíso,San Felipe de Aconcagua,San Felipe,Interseccion,"HERMANOS CARRERA & LUIS GUAJARDO GALDAMES, San Felipe",-32.742434,-70.723185
-7866392.59622104,-3973979.90168402,4538,2023,1536606,2023/06/05 00:00:00+00,Junio,5,Lunes,1899/12/30 00:00:00+00,12:00:00,12,REGION METROPOLITANA,SAN BERNARDO,COLISION PERPENDICULAR,COLISION,URBANA,CRUCE CON SEÑAL PARE,IMPRUDENCIA DEL CONDUCTOR,CONDUCCION NO ATENTO CONDICIONES TRANSITO MOMENTO,STA TERESA,SAN FRANCISCO,SAN FRANCISCO - STA TERESA,0, , ,BIDIRECCIONAL CON BANDEJON,ASFALTO,BUENO,SECO,DESPEJADO,0,0,0,0,13,134,13401,Metropolitana de Santiago,Maipo,San Bernardo,Interseccion,"SAN FRANCISCO & STA TERESA, San Bernardo",-33.59074,-70.665007
-8080003.01042887,-4684559.16218935,4539,2023,1536103,2023/06/05 00:00:00+00,Junio,5,Lunes,1899/12/30 00:00:00+00,14:00:00,14,REGION ARAUCANIA,TEMUCO,CHOQUE POSTERIOR,CHOQUE,URBANA,TRAMO DE VIA RECTA,IMPRUDENCIA DEL CONDUCTOR,CONDUCCION SIN MANTENER DISTANCIA RAZONABLE NI PRUDENTE,BARROS ARANA,CLARO SOLAR,BARROS ARANA - CLARO SOLAR,0, , ,BIDIRECCIONAL,CONCRETO,BUENO,SECO,NUBLADO,0,0,0,1,09,091,09101,La Araucanía,Cautín,Temuco,Interseccion,"BARROS ARANA & CLARO SOLAR, Temuco",-38.740436,-72.583902
-8084188.75634288,-4683246.19253227,4540,2023,1535947,2023/06/05 00:00:00+00,Junio,5,Lunes,1899/12/30 00:00:00+00,15:50:00,15,REGION ARAUCANIA,TEMUCO,COLISION PERPENDICULAR,COLISION,URBANA,TRAMO DE VIA RECTA,IMPRUDENCIA DEL CONDUCTOR,CONDUCCION NO ATENTO CONDICIONES TRANSITO MOMENTO,ALEMANIA,ANDES,ALEMANIA - ANDES,0, , ,BIDIRECCIONAL CON BANDEJON,ASFALTO,BUENO,SECO,DESPEJADO,0,2,0,0,09,091,09101,La Araucanía,Cautín,Temuco,Interseccion,"ALEMANIA & ANDES, Temuco",-38.731236,-72.621503
-8055804.82479819,-4504423.47461777,4541,2023,1535953,2023/06/05 00:00:00+00,Junio,5,Lunes,1899/12/30 00:00:00+00,18:10:00,18,REGION BIO BIO,LOS ANGELES,CHOQUE FRENTE/LADO,CHOQUE,URBANA,TRAMO DE VIA RECTA,DESOBEDIENCIA A SEÑALIZACION,SEÑALIZACION DESOBEDECER SEÑAL CEDA EL PASO,LAS AZALEAS,COSTANERA QUILQUE NORTE,COSTANERA QUILQUE NORTE - LAS AZALEAS,0, , ,BIDIRECCIONAL,CONCRETO,BUENO,SECO,NUBLADO,0,0,0,1,08,083,08301,Biobío,Biobío,Los Angeles,Interseccion,"COSTANERA QUILQUE NORTE & LAS AZALEAS, Los Angeles",-37.467153,-72.366526
-7864349.10425062,-3968827.68099384,4542,2023,1536250,2023/06/05 00:00:00+00,Junio,5,Lunes,1899/12/30 00:00:00+00,18:15:00,18,REGION METROPOLITANA,SAN RAMON,COLISION,COLISION,URBANA,CRUCE CON SEÑAL PARE,IMPRUDENCIA DEL CONDUCTOR,CONDUCCION NO ATENTO CONDICIONES TRANSITO MOMENTO,LA BANDERA,JUAN WILLIAMS,JUAN WILLIAMS - LA BANDERA,0, , ,BIDIRECCIONAL,ASFALTO,REGULAR,SECO,DESPEJADO,0,0,0,0,13,131,13131,Metropolitana de Santiago,Santiago,San Ramón,Interseccion,"JUAN WILLIAMS & LA BANDERA, San Ramón",-33.552177,-70.64665
-7928868.32264153,-3491964.07476015,4543,2023,1536435,2023/06/05 00:00:00+00,Junio,5,Lunes,1899/12/30 00:00:00+00,18:50:00,18,REGION COQUIMBO,LA SERENA,COLISION POR ALCANCE,COLISION,URBANA,TRAMO DE VIA RECTA,IMPRUDENCIA DEL CONDUCTOR,CONDUCCION SIN MANTENER DISTANCIA RAZONABLE NI PRUDENTE,COLO COLO,BAQUEDANO,BAQUEDANO - COLO COLO,0, , ,BIDIRECCIONAL,ASFALTO,BUENO,SECO,DESPEJADO,0,0,0,0,04,041,04101,Coquimbo,Elqui,La Serena,Interseccion,"BAQUEDANO & COLO COLO, La Serena",-29.909826,-71.226236
-7858965.86065509,-3955843.50034029,4544,2023,1536220,2023/06/05 00:00:00+00,Junio,5,Lunes,1899/12/30 00:00:00+00,19:30:00,19,REGION METROPOLITANA,ÑUÑOA,ATROPELLO,ATROPELLO,URBANA,TRAMO DE VIA RECTA,IMPRUDENCIA DEL PEATON,IMPRUDENCIA DEL PEATON,IRARRAZAVAL,ITALIA,IRARRAZAVAL - ITALIA,0, , ,UNIDIRECCIONAL,CONCRETO,BUENO,SECO,DESPEJADO,0,0,0,0,13,131,13120,Metropolitana de Santiago,Santiago,Ñuñoa,Interseccion,"IRARRAZAVAL & ITALIA, Ñuñoa",-33.454918,-70.598292
-7860208.57579056,-3952711.82869954,4545,2023,1537708,2023/06/05 00:00:00+00,Junio,5,Lunes,1899/12/30 00:00:00+00,20:50:00,20,REGION METROPOLITANA,PROVIDENCIA,COLISION POR ALCANCE,COLISION,URBANA,TRAMO DE VIA RECTA,IMPRUDENCIA DEL CONDUCTOR,CONDUCCION CAMBIAR SORPRESIVAMENTE PISTA CIRCULACION,SUECIA,DIEGO DE ALMAGRO,DIEGO DE ALMAGRO - SUECIA,0, , ,UNIDIRECCIONAL,ASFALTO,REGULAR,SECO,DESPEJADO,0,0,0,0,13,131,13123,Metropolitana de Santiago,Santiago,Providencia,Interseccion,"DIEGO DE ALMAGRO & SUECIA, Providencia",-33.431443,-70.609455
-7866444.47102582,-3973172.23906161,4546,2023,1539538,2023/06/05 00:00:00+00,Junio,5,Lunes,1899/12/30 00:00:00+00,21:50:00,21,REGION METROPOLITANA,EL BOSQUE,COLISION LATERAL,COLISION,URBANA,CRUCE SIN SEÑALIZACION,IMPRUDENCIA DEL CONDUCTOR,NO RESPETAR DERECHO PREFERENTE DE PASO A VEHICULO,LO BLANCO,GRAL SILVA,GRAL SILVA - LO BLANCO,0, , ,BIDIRECCIONAL CON BANDEJON,CONCRETO,BUENO,SECO,DESPEJADO,0,1,0,0,13,131,13105,Metropolitana de Santiago,Santiago,El Bosque,Interseccion,"GRAL SILVA & LO BLANCO, El Bosque",-33.584696,-70.665473
-8080778.35068225,-4689255.99547751,4547,2023,1536722,2023/06/06 00:00:00+00,Junio,6,Martes,1899/12/30 00:00:00+00,06:00:00,6,REGION ARAUCANIA,PADRE LAS CASAS,COLISION POR ALCANCE,COLISION,URBANA,TRAMO DE VIA RECTA,ALCOHOL EN CONDUCTOR,CONDUCCION EN ESTADO DE EBRIEDAD,LAS TAGUAS,LOS CONDORES,LAS TAGUAS - LOS CONDORES,0, , ,BIDIRECCIONAL,CONCRETO,BUENO,MOJADO,LLUVIA,0,0,0,1,09,091,09112,La Araucanía,Cautín,Padre Las Casas,Interseccion,"LAS TAGUAS & LOS CONDORES, Padre Las Casas",-38.773338,-72.590867
-7932344.93047089,-3493954.09744747,4548,2023,1536521,2023/06/06 00:00:00+00,Junio,6,Martes,1899/12/30 00:00:00+00,08:15:00,8,REGION COQUIMBO,LA SERENA,COLISION FRONTAL,COLISION,URBANA,CRUCE SIN SEÑALIZACION,IMPRUDENCIA DEL CONDUCTOR,CONDUCCION NO ATENTO CONDICIONES TRANSITO MOMENTO,JOSE MANUEL BALMACEDA,JORGE MONTT,JORGE MONTT - JOSE MANUEL BALMACEDA,0, , ,BIDIRECCIONAL CON BANDEJON,ASFALTO,BUENO,SECO,NUBLADO,0,0,0,0,04,041,04101,Coquimbo,Elqui,La Serena,Interseccion,"JORGE MONTT & JOSE MANUEL BALMACEDA, La Serena",-29.925321,-71.257467
-7924860.80991895,-3866798.56101299,4549,2023,1536282,2023/06/06 00:00:00+00,Junio,6,Martes,1899/12/30 00:00:00+00,13:40:00,13,REGION VALPARAISO,CALERA,VOLCADURA,VOLCADURA,URBANA,TRAMO DE VIA RECTA,VELOCIDAD IMPRUDENTE,VELOCIDAD NO RAZONABLE NI PRUDENTE,JOSE JOAQUIN PEREZ,JOSEFINA,JOSE JOAQUIN PEREZ - JOSEFINA,0, , ,UNIDIRECCIONAL,ASFALTO,REGULAR,SECO,NUBLADO,0,0,0,1,05,055,05502,Valparaíso,Quillota,Calera,Interseccion,"JOSE JOAQUIN PEREZ & JOSEFINA, Calera",-32.784982,-71.190236
-7875440.42171581,-4053184.35435238,4550,2023,1536602,2023/06/06 00:00:00+00,Junio,6,Martes,1899/12/30 00:00:00+00,14:00:00,14,REGION LIB.B.O'HIGGINS,RANCAGUA,COLISION FRONTAL,COLISION,URBANA,CRUCE CON SEÑAL CEDA EL PASO,IMPRUDENCIA DEL CONDUCTOR,"ADELANTAMIENTO EN CRUCE, CURVA, CUESTA, PUENTE",CACHAPOAL,CHAÑARCILLO,CACHAPOAL - CHAÑARCILLO,0, , ,BIDIRECCIONAL,CONCRETO,BUENO,SECO,NUBLADO,0,0,0,1,06,061,06101,Libertador General Bernardo O'Higgins,Cachapoal,Rancagua,Interseccion,"CACHAPOAL & CHAÑARCILLO, Rancagua",-34.18139,-70.746285
-7872898.77510202,-3861921.74208875,4551,2023,1537925,2023/06/06 00:00:00+00,Junio,6,Martes,1899/12/30 00:00:00+00,15:40:00,15,REGION VALPARAISO,SAN FELIPE,COLISION,COLISION,URBANA,TRAMO DE VIA RECTA,IMPRUDENCIA DEL CONDUCTOR,CONDUCCION NO ATENTO CONDICIONES TRANSITO MOMENTO,COIMAS,CARLOS CONDELL,CARLOS CONDELL - COIMAS,0, , ,UNIDIRECCIONAL,CONCRETO,BUENO,SECO,DESPEJADO,0,0,0,1,05,057,05701,Valparaíso,San Felipe de Aconcagua,San Felipe,Interseccion,"CARLOS CONDELL & COIMAS, San Felipe",-32.748143,-70.723453
-8139118.22416149,-4416713.08412239,4552,2023,1541495,2023/06/06 00:00:00+00,Junio,6,Martes,1899/12/30 00:00:00+00,16:00:00,16,REGION BIO BIO,SAN PEDRO DE LA PAZ,CHOQUE FRENTE/LADO,CHOQUE,URBANA,TRAMO DE VIA RECTA,VELOCIDAD IMPRUDENTE,VELOCIDAD NO RAZONABLE NI PRUDENTE,LOS AVELLANOS,ANTONIO DE LAS PEÑAS,ANTONIO DE LAS PEÑAS - LOS AVELLANOS,0, , ,BIDIRECCIONAL,CONCRETO,REGULAR,SECO,NUBLADO,0,0,0,0,08,081,08108,Biobío,Concepción,San Pedro de la Paz,Interseccion,"ANTONIO DE LAS PEÑAS & LOS AVELLANOS, San Pedro de la Paz",-36.839172,-73.114943
-7930906.08152459,-3494241.18618045,4553,2023,1536153,2023/06/06 00:00:00+00,Junio,6,Martes,1899/12/30 00:00:00+00,16:40:00,16,REGION COQUIMBO,LA SERENA,COLISION PERPENDICULAR,COLISION,URBANA,CRUCE CON SEÑAL PARE,DESOBEDIENCIA A SEÑALIZACION,SEÑALIZACION DESOBEDECER SEÑAL PARE,GABRIELA MISTRAL,ENRIQUE MOLINA GARMENDIA,ENRIQUE MOLINA GARMENDIA - GABRIELA MISTRAL,0, , ,BIDIRECCIONAL CON BANDEJON,ASFALTO,BUENO,SECO,DESPEJADO,0,0,0,1,04,041,04101,Coquimbo,Elqui,La Serena,Interseccion,"ENRIQUE MOLINA GARMENDIA & GABRIELA MISTRAL, La Serena",-29.927556,-71.244541
-7860895.19440978,-3961998.11848337,4554,2023,1538113,2023/06/06 00:00:00+00,Junio,6,Martes,1899/12/30 00:00:00+00,17:11:00,17,REGION METROPOLITANA,SAN JOAQUIN,COLISION PERPENDICULAR,COLISION,URBANA,TRAMO DE VIA RECTA,IMPRUDENCIA DEL CONDUCTOR,CONDUCCION NO ATENTO CONDICIONES TRANSITO MOMENTO,VICUÑA MACKENNA,CAP PRAT,CAP PRAT - VICUÑA MACKENNA,0, , ,BIDIRECCIONAL CON BANDEJON,ASFALTO,BUENO,SECO,DESPEJADO,0,0,0,1,13,131,13129,Metropolitana de Santiago,Santiago,San Joaquín,Interseccion,"CAP PRAT & VICUÑA MACKENNA, San Joaquín",-33.501033,-70.615623
-7874336.46632561,-4003066.77418615,4555,2023,1538836,2023/06/06 00:00:00+00,Junio,6,Martes,1899/12/30 00:00:00+00,17:30:00,17,REGION METROPOLITANA,PAINE,COLISION LATERAL,COLISION,URBANA,TRAMO DE VIA RECTA,IMPRUDENCIA DEL CONDUCTOR,CONDUCCION NO ATENTO CONDICIONES TRANSITO MOMENTO,CALETERA PONIENTE,DIEGO PORTALES,CALETERA PONIENTE - DIEGO PORTALES,0, , ,BIDIRECCIONAL,ASFALTO,BUENO,SECO,DESPEJADO,0,0,0,1,13,134,13404,Metropolitana de Santiago,Maipo,Paine,Interseccion,"CALETERA PONIENTE & DIEGO PORTALES, Paine",-33.808124,-70.736368
-7855174.5970974,-3952150.40658879,4556,2023,1536995,2023/06/06 00:00:00+00,Junio,6,Martes,1899/12/30 00:00:00+00,18:00:00,18,REGION METROPOLITANA,LAS CONDES,COLISION LATERAL,COLISION,URBANA,CRUCE CON SEMAFORO FUNCIONANDO,IMPRUDENCIA DEL CONDUCTOR,CONDUCCION NO ATENTO CONDICIONES TRANSITO MOMENTO,MANQUEHUE SUR,LATADIA,LATADIA - MANQUEHUE SUR,0, , ,BIDIRECCIONAL,ASFALTO,BUENO,SECO,DESPEJADO,0,1,0,1,13,131,13114,Metropolitana de Santiago,Santiago,Las Condes,Interseccion,"LATADIA & MANQUEHUE SUR, Las Condes",-33.427234,-70.564234
-7932004.08134429,-3495271.16709669,4557,2023,1536155,2023/06/06 00:00:00+00,Junio,6,Martes,1899/12/30 00:00:00+00,18:45:00,18,REGION COQUIMBO,LA SERENA,COLISION FRONTAL,COLISION,URBANA,CRUCE CON SEÑAL PARE,VELOCIDAD IMPRUDENTE,"VELOCIDAD NO REDUCIR CRUCE DE CALLES, CUMBRE, CURVA, ETC.",4 ESQUINAS,LIDIA URRUTIA,4 ESQUINAS - LIDIA URRUTIA,0, , ,BIDIRECCIONAL,ASFALTO,BUENO,SECO,NUBLADO,0,0,0,0,04,041,04101,Coquimbo,Elqui,La Serena,Interseccion,"4 ESQUINAS & LIDIA URRUTIA, La Serena",-29.935574,-71.254405
-8028738.93776519,-4386762.21954797,4558,2023,1539079,2023/06/06 00:00:00+00,Junio,6,Martes,1899/12/30 00:00:00+00,20:45:00,20,REGION ÑUBLE,CHILLAN VIEJO,COLISION PERPENDICULAR,COLISION,URBANA,CRUCE CON SEÑAL PARE,IMPRUDENCIA DEL CONDUCTOR,CONDUCCION NO ATENTO CONDICIONES TRANSITO MOMENTO,GACITUA,BAQUEDANO,BAQUEDANO - GACITUA,0, , ,BIDIRECCIONAL,ASFALTO,BUENO,MOJADO,LLUVIA,0,0,1,1,16,161,16103,Ñuble,Diguillín,Chillán Viejo,Interseccion,"BAQUEDANO & GACITUA, Chillán Viejo",-36.62354,-72.123389
-7807988.62488994,-2301421.69954407,4559,2023,1536582,2023/06/06 00:00:00+00,Junio,6,Martes,1899/12/30 00:00:00+00,22:00:00,22,REGION TARAPACA,IQUIQUE,COLISION,COLISION,URBANA,TRAMO DE VIA RECTA,IMPRUDENCIA DEL CONDUCTOR,CONDUCCION NO ATENTO CONDICIONES TRANSITO MOMENTO,TADEO HAENKE,GENARO GALLO,GENARO GALLO - TADEO HAENKE,0, , ,BIDIRECCIONAL CON BANDEJON,ASFALTO,BUENO,SECO,DESPEJADO,0,0,1,0,01,011,01101,Tarapacá,Iquique,Iquique,Interseccion,"GENARO GALLO & TADEO HAENKE, Iquique",-20.239475,-70.140355
-7901998.24659283,-4107351.86285467,4560,2023,1539650,2023/06/06 00:00:00+00,Junio,6,Martes,1899/12/30 00:00:00+00,23:30:00,23,REGION LIB.B.O'HIGGINS,SAN FERNANDO,COLISION LATERAL,COLISION,URBANA,CRUCE CON SEMAFORO FUNCIONANDO,IMPRUDENCIA DEL CONDUCTOR,CONDUCCION NO ATENTO CONDICIONES TRANSITO MOMENTO,MANSO DE VELASCO,CHILLAN,CHILLAN - MANSO DE VELASCO,0, , ,BIDIRECCIONAL,ASFALTO,BUENO,SECO,DESPEJADO,0,1,0,0,06,063,06301,Libertador General Bernardo O'Higgins,Colchagua,San Fernando,Interseccion,"CHILLAN & MANSO DE VELASCO, San Fernando",-34.58297,-70.984858
-7861271.12033019,-3966100.25896078,4561,2023,1538880,2023/06/07 00:00:00+00,Junio,7,Miércoles,1899/12/30 00:00:00+00,05:15:00,5,REGION METROPOLITANA,LA GRANJA,COLISION LATERAL,COLISION,URBANA,CRUCE SIN SEÑALIZACION,IMPRUDENCIA DEL CONDUCTOR,CONDUCCION NO ATENTO CONDICIONES TRANSITO MOMENTO,TOME,LOTA,LOTA - TOME,0, , ,BIDIRECCIONAL,ASFALTO,BUENO,SECO,DESPEJADO,0,2,0,1,13,131,13111,Metropolitana de Santiago,Santiago,La Granja,Interseccion,"LOTA & TOME, La Granja",-33.531756,-70.619
-7860622.45052538,-3959617.8143958,4562,2023,1537344,2023/06/07 00:00:00+00,Junio,7,Miércoles,1899/12/30 00:00:00+00,07:00:00,7,REGION METROPOLITANA,MACUL,COLISION POR ALCANCE,COLISION,URBANA,TRAMO DE VIA RECTA,IMPRUDENCIA DEL CONDUCTOR,CONDUCCION CAMBIAR SORPRESIVAMENTE PISTA CIRCULACION,MARATHON,LOS PLATANOS,LOS PLATANOS - MARATHON,0, , ,BIDIRECCIONAL CON BANDEJON,CONCRETO,BUENO,SECO,DESPEJADO,0,0,0,1,13,131,13118,Metropolitana de Santiago,Santiago,Macul,Interseccion,"LOS PLATANOS & MARATHON, Macul",-33.483201,-70.613173
-7853262.25369151,-3948474.6711564,4563,2023,1544539,2023/06/07 00:00:00+00,Junio,7,Miércoles,1899/12/30 00:00:00+00,07:50:00,7,REGION METROPOLITANA,LAS CONDES,COLISION,COLISION,URBANA,TRAMO DE VIA RECTA,IMPRUDENCIA DEL CONDUCTOR,CONDUCCION SIN MANTENER DISTANCIA RAZONABLE NI PRUDENTE,CHESTERTON,LAURA DE NOVES,CHESTERTON - LAURA DE NOVES,0, , ,BIDIRECCIONAL,ASFALTO,BUENO,SECO,DESPEJADO,0,1,0,0,13,131,13114,Metropolitana de Santiago,Santiago,Las Condes,Interseccion,"CHESTERTON & LAURA DE NOVES, Las Condes",-33.399672,-70.547055
-8139810.29741348,-4949789.42062394,4564,2023,1536326,2023/06/07 00:00:00+00,Junio,7,Miércoles,1899/12/30 00:00:00+00,14:00:00,14,REGION LOS LAGOS,OSORNO,COLISION,COLISION,URBANA,CRUCE CON SEÑAL CEDA EL PASO,DESOBEDIENCIA A SEÑALIZACION,SEÑALIZACION DESOBEDECER SEÑAL CEDA EL PASO,PATRICIO LYNCH,ANDRES BELLO,ANDRES BELLO - PATRICIO LYNCH,0, , ,UNIDIRECCIONAL,CONCRETO,REGULAR,HUMEDO,NUBLADO,0,0,0,1,10,103,10301,Los Lagos,Osorno,Osorno,Interseccion,"ANDRES BELLO & PATRICIO LYNCH, Osorno",-40.574553,-73.12116
-7863533.68898056,-3953752.4456964,4565,2023,1536741,2023/06/07 00:00:00+00,Junio,7,Miércoles,1899/12/30 00:00:00+00,15:15:00,15,REGION METROPOLITANA,SANTIAGO,COLISION LATERAL,COLISION,URBANA,CRUCE CON SEMAFORO FUNCIONANDO,IMPRUDENCIA DEL CONDUCTOR,CONDUCCION SIN MANTENER DISTANCIA RAZONABLE NI PRUDENTE,LIBER BERNARDO O'HIGGINS,JAIME EYZAGUIRRE,JAIME EYZAGUIRRE - LIBER BERNARDO O'HIGGINS,0, , ,BIDIRECCIONAL CON BANDEJON,ASFALTO,BUENO,SECO,DESPEJADO,0,0,0,0,13,131,13101,Metropolitana de Santiago,Santiago,Santiago,Interseccion,"JAIME EYZAGUIRRE & LIBER BERNARDO O'HIGGINS, Santiago",-33.439244,-70.639325
-7872627.94595739,-3862799.32646454,4566,2023,1538254,2023/06/07 00:00:00+00,Junio,7,Miércoles,1899/12/30 00:00:00+00,15:55:00,15,REGION VALPARAISO,SAN FELIPE,COLISION,COLISION,URBANA,TRAMO DE VIA RECTA,IMPRUDENCIA DEL CONDUCTOR,CONDUCCION NO ATENTO CONDICIONES TRANSITO MOMENTO,YUNGAY,MARIA EUFRASIA,MARIA EUFRASIA - YUNGAY,0, , ,BIDIRECCIONAL CON BANDEJON,CONCRETO,BUENO,SECO,DESPEJADO,0,0,0,1,05,057,05701,Valparaíso,San Felipe de Aconcagua,San Felipe,Interseccion,"MARIA EUFRASIA & YUNGAY, San Felipe",-32.754774,-70.72102
-7860256.88844957,-3951426.56038081,4567,2023,1537724,2023/06/07 00:00:00+00,Junio,7,Miércoles,1899/12/30 00:00:00+00,16:40:00,16,REGION METROPOLITANA,PROVIDENCIA,COLISION POR ALCANCE,COLISION,URBANA,CRUCE CON SEMAFORO FUNCIONANDO,IMPRUDENCIA DEL CONDUCTOR,CONDUCCION CAMBIAR SORPRESIVAMENTE PISTA CIRCULACION,PROVIDENCIA,RICARDO LYON,PROVIDENCIA - RICARDO LYON,0, , ,UNIDIRECCIONAL,ASFALTO,REGULAR,HUMEDO,DESPEJADO,0,0,0,0,13,131,13123,Metropolitana de Santiago,Santiago,Providencia,Interseccion,"PROVIDENCIA & RICARDO LYON, Providencia",-33.421807,-70.609889