X,Y,FID,Año,IdAccident,Fecha,Mes,Dia_mes,Dia_semana,Hora,Hora_texto,Hora_aprox,Región,Comuna,Tipo_Accid,Tipo__CONA,Zona,Ubicación,Causa__CON,Causa_Acci,Calle_Uno,Calle_Dos,Intersecci,Número,Ruta,Ubicaci_1,Calzada,Tipo_Calza,Estado_Cal,Condición,Estado_Atm,Fallecidos,Graves,Menos_Grav,Leves,CUT_REG,CUT_PROV,CUT_COM,REGION,PROVINCIA,COMUNA1,Tipo_direc,Direccion,Lat,Lon
-7976768.65425191,-4221419.56059092,4568,2023,1536529,2023/06/07 00:00:00+00,Junio,7,Miércoles,1899/12/30 00:00:00+00,18:00:00,18,REGION MAULE,TALCA,COLISION LATERAL,COLISION,URBANA,TRAMO DE VIA RECTA,IMPRUDENCIA DEL CONDUCTOR,ADELANTAMIENTO SIN EL ESPACIO O TIEMPO SUFICIENTE,BERNARDO O'HIGGINS,7 ORIENTE,7 ORIENTE - BERNARDO O'HIGGINS,0, , ,BIDIRECCIONAL,CONCRETO,BUENO,SECO,DESPEJADO,0,0,0,0,07,071,07101,Maule,Talca,Talca,Interseccion,"7 ORIENTE & BERNARDO O'HIGGINS, Talca",-35.422303,-71.656532
-7868354.93612682,-3862171.30335138,4569,2023,1538270,2023/06/07 00:00:00+00,Junio,7,Miércoles,1899/12/30 00:00:00+00,18:00:00,18,REGION VALPARAISO,SANTA MARIA,COLISION,COLISION,URBANA,CRUCE CON SEÑAL PARE,IMPRUDENCIA DEL CONDUCTOR,CONDUCCION NO ATENTO CONDICIONES TRANSITO MOMENTO,GUILLISASTI,PIEDRA DEL LEON,GUILLISASTI - PIEDRA DEL LEON,0, , ,BIDIRECCIONAL,ASFALTO,REGULAR,SECO,DESPEJADO,0,1,0,1,05,057,05706,Valparaíso,San Felipe de Aconcagua,Santa María,Interseccion,"GUILLISASTI & PIEDRA DEL LEON, Santa María",-32.750029,-70.682635
-7868354.93612682,-3862171.30335138,4570,2023,1538285,2023/06/07 00:00:00+00,Junio,7,Miércoles,1899/12/30 00:00:00+00,18:30:00,18,REGION VALPARAISO,SANTA MARIA,COLISION,COLISION,URBANA,TRAMO DE VIA CURVA HORIZONTAL,IMPRUDENCIA DEL CONDUCTOR,CONDUCCION NO ATENTO CONDICIONES TRANSITO MOMENTO,GUILLISASTI,PIEDRA DEL LEON,GUILLISASTI - PIEDRA DEL LEON,0, , ,BIDIRECCIONAL,ASFALTO,BUENO,SECO,DESPEJADO,0,0,0,1,05,057,05706,Valparaíso,San Felipe de Aconcagua,Santa María,Interseccion,"GUILLISASTI & PIEDRA DEL LEON, Santa María",-32.750029,-70.682635
-7867532.06245087,-3951313.45933022,4571,2023,1536774,2023/06/08 00:00:00+00,Junio,8,Jueves,1899/12/30 00:00:00+00,02:25:00,2,REGION METROPOLITANA,RENCA,VOLCADURA,VOLCADURA,URBANA,TRAMO DE VIA CURVA HORIZONTAL,OTRAS CAUSAS,HECHO DELICTUAL,JORGE HIRMAS,PDTE EDUARDO FREI MONTALVA,JORGE HIRMAS - PDTE EDUARDO FREI MONTALVA,0, , ,UNIDIRECCIONAL,ASFALTO,BUENO,SECO,DESPEJADO,1,0,0,1,13,131,13128,Metropolitana de Santiago,Santiago,Renca,Interseccion,"JORGE HIRMAS & PDTE EDUARDO FREI MONTALVA, Renca",-33.420959,-70.675243
-7962784.6997962,-3899886.01625343,4572,2023,1543138,2023/06/08 00:00:00+00,Junio,8,Jueves,1899/12/30 00:00:00+00,07:50:00,7,REGION VALPARAISO,VIÑA DEL MAR,COLISION,COLISION,URBANA,TRAMO DE VIA RECTA,IMPRUDENCIA DEL CONDUCTOR,CONDUCCION NO ATENTO CONDICIONES TRANSITO MOMENTO,LIMACHE,BENEDICTINO ORIENTE,BENEDICTINO ORIENTE - LIMACHE,0, , ,BIDIRECCIONAL,ASFALTO,BUENO,SECO,DESPEJADO,0,1,0,1,05,051,05109,Valparaíso,Valparaíso,Viña del Mar,Interseccion,"BENEDICTINO ORIENTE & LIMACHE, Viña del Mar",-33.034514,-71.530912
-7868357.27383612,-3922409.23632222,4573,2023,1537464,2023/06/08 00:00:00+00,Junio,8,Jueves,1899/12/30 00:00:00+00,08:20:00,8,REGION METROPOLITANA,COLINA,COLISION PERPENDICULAR,COLISION,URBANA,CRUCE SIN SEÑALIZACION,IMPRUDENCIA DEL CONDUCTOR,NO RESPETAR DERECHO PREFERENTE DE PASO A VEHICULO,INMACULADA CONCEPCION,NUEVA COLINA,INMACULADA CONCEPCION - NUEVA COLINA,0, , ,BIDIRECCIONAL,ASFALTO,BUENO,SECO,DESPEJADO,0,0,1,0,13,133,13301,Metropolitana de Santiago,Chacabuco,Colina,Interseccion,"INMACULADA CONCEPCION & NUEVA COLINA, Colina",-33.203972,-70.682656
-7862856.86647654,-3968211.64745134,4574,2023,1538893,2023/06/08 00:00:00+00,Junio,8,Jueves,1899/12/30 00:00:00+00,08:35:00,8,REGION METROPOLITANA,LA GRANJA,COLISION LATERAL,COLISION,URBANA,CRUCE CON SEMAFORO APAGADO,IMPRUDENCIA DEL CONDUCTOR,NO RESPETAR DERECHO PREFERENTE DE PASO A VEHICULO,STA ROSA,VICUÑA MACKENNA,STA ROSA - VICUÑA MACKENNA,0, , ,BIDIRECCIONAL,ASFALTO,BUENO,SECO,DESPEJADO,0,0,0,1,13,131,13111,Metropolitana de Santiago,Santiago,La Granja,Interseccion,"STA ROSA & VICUÑA MACKENNA, La Granja",-33.547565,-70.633245
-7867311.10962561,-3952742.91660712,4575,2023,1538256,2023/06/08 00:00:00+00,Junio,8,Jueves,1899/12/30 00:00:00+00,08:45:00,8,REGION METROPOLITANA,SANTIAGO,COLISION,COLISION,URBANA,TRAMO DE VIA RECTA,IMPRUDENCIA DEL CONDUCTOR,CONDUCCION CAMBIAR SORPRESIVAMENTE PISTA CIRCULACION,CUETO,CASTILLO,CASTILLO - CUETO,0, , ,UNIDIRECCIONAL,CONCRETO,BUENO,SECO,DESPEJADO,0,0,0,0,13,131,13101,Metropolitana de Santiago,Santiago,Santiago,Interseccion,"CASTILLO & CUETO, Santiago",-33.431676,-70.673258
-7867311.10962561,-3952742.91660712,4576,2023,1538334,2023/06/08 00:00:00+00,Junio,8,Jueves,1899/12/30 00:00:00+00,08:45:00,8,REGION METROPOLITANA,SANTIAGO,COLISION LATERAL,COLISION,URBANA,CRUCE SIN SEÑALIZACION,IMPRUDENCIA DEL CONDUCTOR,CONDUCCION NO ATENTO CONDICIONES TRANSITO MOMENTO,CUETO,CASTILLO,CASTILLO - CUETO,0, , ,UNIDIRECCIONAL,CONCRETO,BUENO,SECO,DESPEJADO,0,0,0,0,13,131,13101,Metropolitana de Santiago,Santiago,Santiago,Interseccion,"CASTILLO & CUETO, Santiago",-33.431676,-70.673258
-7862464.24263251,-3955926.55797322,4577,2023,1537351,2023/06/08 00:00:00+00,Junio,8,Jueves,1899/12/30 00:00:00+00,11:30:00,11,REGION METROPOLITANA,ÑUÑOA,CHOQUE FRENTE/POSTERIOR,CHOQUE,URBANA,CRUCE CON SEMAFORO FUNCIONANDO,IMPRUDENCIA DEL CONDUCTOR,CONDUCCION NO ATENTO CONDICIONES TRANSITO MOMENTO,VICUÑA MACKENNA,MANUEL ANTONIO MATTA,MANUEL ANTONIO MATTA - VICUÑA MACKENNA,0, , ,BIDIRECCIONAL CON BANDEJON,CONCRETO,BUENO,SECO,DESPEJADO,0,1,0,0,13,131,13120,Metropolitana de Santiago,Santiago,Ñuñoa,Interseccion,"MANUEL ANTONIO MATTA & VICUÑA MACKENNA, Ñuñoa",-33.45554,-70.629718
-7853391.81545235,-3947153.89513814,4578,2023,1536747,2023/06/08 00:00:00+00,Junio,8,Jueves,1899/12/30 00:00:00+00,12:30:00,12,REGION METROPOLITANA,LAS CONDES,COLISION LATERAL,COLISION,URBANA,CRUCE CON SEMAFORO FUNCIONANDO,IMPRUDENCIA DEL CONDUCTOR,CONDUCCION NO ATENTO CONDICIONES TRANSITO MOMENTO,PDTE KENNEDY,PADRE HURTADO NORTE,PADRE HURTADO NORTE - PDTE KENNEDY,0, , ,BIDIRECCIONAL CON BANDEJON,ASFALTO,REGULAR,SECO,NUBLADO,1,0,0,0,13,131,13114,Metropolitana de Santiago,Santiago,Las Condes,Interseccion,"PADRE HURTADO NORTE & PDTE KENNEDY, Las Condes",-33.389766,-70.548219
-7854451.79964368,-3951891.37995316,4579,2023,1536997,2023/06/08 00:00:00+00,Junio,8,Jueves,1899/12/30 00:00:00+00,12:40:00,12,REGION METROPOLITANA,LAS CONDES,COLISION FRONTAL,COLISION,URBANA,CRUCE CON SEÑAL PARE,IMPRUDENCIA DEL CONDUCTOR,CONDUCCION NO ATENTO CONDICIONES TRANSITO MOMENTO,ALEJANDRO FLEMING,VICHATO,ALEJANDRO FLEMING - VICHATO,0, , ,BIDIRECCIONAL,ASFALTO,BUENO,SECO,NUBLADO,0,0,0,1,13,131,13114,Metropolitana de Santiago,Santiago,Las Condes,Interseccion,"ALEJANDRO FLEMING & VICHATO, Las Condes",-33.425292,-70.557741
-7888779.99214485,-3975251.91087826,4580,2023,1538391,2023/06/08 00:00:00+00,Junio,8,Jueves,1899/12/30 00:00:00+00,18:25:00,18,REGION METROPOLITANA,PEÑAFLOR,CHOQUE FRENTE/POSTERIOR,CHOQUE,URBANA,TRAMO DE VIA RECTA,IMPRUDENCIA DEL CONDUCTOR,CONDUCCION NO ATENTO CONDICIONES TRANSITO MOMENTO,MIRAFLORES,LINEA FERREA,LINEA FERREA - MIRAFLORES,0, , ,BIDIRECCIONAL,CONCRETO,BUENO,SECO,DESPEJADO,0,0,0,0,13,136,13605,Metropolitana de Santiago,Talagante,Peñaflor,Interseccion,"LINEA FERREA & MIRAFLORES, Peñaflor",-33.600258,-70.866116
-7875499.86632389,-4048711.26526208,4581,2023,1536643,2023/06/08 00:00:00+00,Junio,8,Jueves,1899/12/30 00:00:00+00,19:15:00,19,REGION LIB.B.O'HIGGINS,RANCAGUA,COLISION POR ALCANCE,COLISION,URBANA,CRUCE CON SEMAFORO FUNCIONANDO,IMPRUDENCIA DEL CONDUCTOR,CONDUCCION NO ATENTO CONDICIONES TRANSITO MOMENTO,ALAMEDA,VIÑA DEL MAR,ALAMEDA - VIÑA DEL MAR,0, , ,BIDIRECCIONAL CON BANDEJON,CONCRETO,BUENO,SECO,NUBLADO,0,0,0,1,06,061,06101,Libertador General Bernardo O'Higgins,Cachapoal,Rancagua,Interseccion,"ALAMEDA & VIÑA DEL MAR, Rancagua",-34.148142,-70.746819
-7854112.38651625,-3971292.27771306,4582,2023,1539880,2023/06/08 00:00:00+00,Junio,8,Jueves,1899/12/30 00:00:00+00,22:00:00,22,REGION METROPOLITANA,PUENTE ALTO,COLISION FRONTAL,COLISION,URBANA,TRAMO DE VIA RECTA,IMPRUDENCIA DEL CONDUCTOR,CONDUCCION NO ATENTO CONDICIONES TRANSITO MOMENTO,CAMILO HENRIQUEZ,EL PERAL,CAMILO HENRIQUEZ - EL PERAL,0, , ,BIDIRECCIONAL,CONCRETO,BUENO,SECO,DESPEJADO,0,0,0,0,13,132,13201,Metropolitana de Santiago,Cordillera,Puente Alto,Interseccion,"CAMILO HENRIQUEZ & EL PERAL, Puente Alto",-33.570626,-70.554692
-7920065.98989735,-3868367.62266085,4583,2023,1536853,2023/06/09 00:00:00+00,Junio,9,Viernes,1899/12/30 00:00:00+00,07:45:00,7,REGION VALPARAISO,HIJUELAS,COLISION LATERAL,COLISION,URBANA,CRUCE CON SEÑAL PARE,DESOBEDIENCIA A SEÑALIZACION,SEÑALIZACION DESOBEDECER SEÑAL PARE,MANUEL RODRIGUEZ,COPIAPO,COPIAPO - MANUEL RODRIGUEZ,0, , ,BIDIRECCIONAL,ASFALTO,BUENO,MOJADO,LLOVIZNA,0,0,0,0,05,055,05503,Valparaíso,Quillota,Hijuelas,Interseccion,"COPIAPO & MANUEL RODRIGUEZ, Hijuelas",-32.796831,-71.147163
-8139767.54410551,-4415475.17873725,4584,2023,1543708,2023/06/09 00:00:00+00,Junio,9,Viernes,1899/12/30 00:00:00+00,08:10:00,8,REGION BIO BIO,SAN PEDRO DE LA PAZ,COLISION POR ALCANCE,COLISION,URBANA,TRAMO DE VIA RECTA,IMPRUDENCIA DEL CONDUCTOR,CONDUCCION SIN MANTENER DISTANCIA RAZONABLE NI PRUDENTE,DIAGONAL BIO BIO,LAS TORRES,DIAGONAL BIO BIO - LAS TORRES,0, , ,BIDIRECCIONAL,ASFALTO,BUENO,SECO,DESPEJADO,0,0,0,1,08,081,08108,Biobío,Concepción,San Pedro de la Paz,Interseccion,"DIAGONAL BIO BIO & LAS TORRES, San Pedro de la Paz",-36.830272,-73.120776
-7856609.39401424,-3975600.47503606,4585,2023,1539913,2023/06/09 00:00:00+00,Junio,9,Viernes,1899/12/30 00:00:00+00,08:10:00,8,REGION METROPOLITANA,PUENTE ALTO,COLISION LATERAL,COLISION,URBANA,TRAMO DE VIA RECTA,IMPRUDENCIA DEL CONDUCTOR,CONDUCCION NO ATENTO CONDICIONES TRANSITO MOMENTO,COQUIMBO,LAS LILAS,COQUIMBO - LAS LILAS,0, , ,BIDIRECCIONAL,CONCRETO,BUENO,SECO,DESPEJADO,0,0,0,0,13,132,13201,Metropolitana de Santiago,Cordillera,Puente Alto,Interseccion,"COQUIMBO & LAS LILAS, Puente Alto",-33.602866,-70.577123
-7931591.50901412,-3496796.86930518,4586,2023,1536723,2023/06/09 00:00:00+00,Junio,9,Viernes,1899/12/30 00:00:00+00,09:15:00,9,REGION COQUIMBO,LA SERENA,COLISION PERPENDICULAR,COLISION,URBANA,CRUCE CON SEÑAL PARE,DESOBEDIENCIA A SEÑALIZACION,SEÑALIZACION DESOBEDECER SEÑAL PARE,ENRIQUE LIHN,LOS PLATANOS,ENRIQUE LIHN - LOS PLATANOS,0, , ,BIDIRECCIONAL,ASFALTO,BUENO,SECO,DESPEJADO,0,1,0,0,04,041,04101,Coquimbo,Elqui,La Serena,Interseccion,"ENRIQUE LIHN & LOS PLATANOS, La Serena",-29.94745,-71.250699
-8024591.28485772,-4386321.98416417,4587,2023,1537255,2023/06/09 00:00:00+00,Junio,9,Viernes,1899/12/30 00:00:00+00,09:45:00,9,REGION ÑUBLE,CHILLAN,COLISION PERPENDICULAR,COLISION,URBANA,CRUCE CON SEMAFORO FUNCIONANDO,DESOBEDIENCIA A SEÑALIZACION,SEÑALIZACION DESOBEDECER LUZ INTERMITENTE SEMAFORO,LOS PUELCHES,ESMERALDA,ESMERALDA - LOS PUELCHES,0, , ,UNIDIRECCIONAL,CONCRETO,BUENO,HUMEDO,NUBLADO,0,1,0,0,16,161,16101,Ñuble,Diguillín,Chillán,Interseccion,"ESMERALDA & LOS PUELCHES, Chillán",-36.620366,-72.08613
-7824888.15929437,-2094822.8833811,4588,2023,1539758,2023/06/09 00:00:00+00,Junio,9,Viernes,1899/12/30 00:00:00+00,12:20:00,12,REGION ARICA Y PARINACOTA,ARICA,COLISION POR ALCANCE,COLISION,URBANA,OTROS NO CONSIDERADOS,IMPRUDENCIA DEL CONDUCTOR,CONDUCCION SIN MANTENER DISTANCIA RAZONABLE NI PRUDENTE,18 DE SEPTIEMBRE,FRANCISCO ANTONIO ENCINA,18 DE SEPTIEMBRE - FRANCISCO ANTONIO ENCINA,0, , ,BIDIRECCIONAL,ASFALTO,BUENO,SECO,DESPEJADO,0,0,0,1,15,151,15101,Arica y Parinacota,Arica,Arica,Interseccion,"18 DE SEPTIEMBRE & FRANCISCO ANTONIO ENCINA, Arica",-18.488638,-70.292166
-7972868.90989497,-3901013.33770296,4589,2023,1538028,2023/06/09 00:00:00+00,Junio,9,Viernes,1899/12/30 00:00:00+00,12:50:00,12,REGION VALPARAISO,VALPARAISO,COLISION,COLISION,URBANA,TRAMO DE VIA RECTA,IMPRUDENCIA DEL CONDUCTOR,ADELANTAMIENTO SIN EL ESPACIO O TIEMPO SUFICIENTE,ERRAZURIZ,PUDETO,ERRAZURIZ - PUDETO,0, , ,BIDIRECCIONAL CON BANDEJON,ASFALTO,BUENO,HUMEDO,NUBLADO,0,1,0,0,05,051,05101,Valparaíso,Valparaíso,Valparaíso,Interseccion,"ERRAZURIZ & PUDETO, Valparaíso",-33.043003,-71.6215
-7866043.45369219,-3954258.52804544,4590,2023,1538138,2023/06/09 00:00:00+00,Junio,9,Viernes,1899/12/30 00:00:00+00,13:25:00,13,REGION METROPOLITANA,SANTIAGO,COLISION,COLISION,URBANA,TRAMO DE VIA RECTA,IMPRUDENCIA DEL CONDUCTOR,CONDUCCION NO ATENTO CONDICIONES TRANSITO MOMENTO,MONEDA,LIBERTAD,LIBERTAD - MONEDA,0, , ,UNIDIRECCIONAL,CONCRETO,BUENO,SECO,DESPEJADO,0,0,0,0,13,131,13101,Metropolitana de Santiago,Santiago,Santiago,Interseccion,"LIBERTAD & MONEDA, Santiago",-33.443038,-70.661871
-7866043.45369219,-3954258.52804544,4591,2023,1540268,2023/06/09 00:00:00+00,Junio,9,Viernes,1899/12/30 00:00:00+00,13:25:00,13,REGION METROPOLITANA,SANTIAGO,COLISION,COLISION,URBANA,CRUCE CON SEÑAL CEDA EL PASO,DESOBEDIENCIA A SEÑALIZACION,SEÑALIZACION DESOBEDECER SEÑAL CEDA EL PASO,MONEDA,LIBERTAD,LIBERTAD - MONEDA,0, , ,UNIDIRECCIONAL,ASFALTO,BUENO,SECO,DESPEJADO,0,0,0,0,13,131,13101,Metropolitana de Santiago,Santiago,Santiago,Interseccion,"LIBERTAD & MONEDA, Santiago",-33.443038,-70.661871
-7854457.14297924,-3960053.63889552,4592,2023,1539781,2023/06/09 00:00:00+00,Junio,9,Viernes,1899/12/30 00:00:00+00,15:30:00,15,REGION METROPOLITANA,PEÑALOLEN,COLISION FRONTAL,COLISION,URBANA,CRUCE CON SEÑAL CEDA EL PASO,IMPRUDENCIA DEL CONDUCTOR,CONDUCCION NO ATENTO CONDICIONES TRANSITO MOMENTO,LOS PRESIDENTES,MARIANO SANCHEZ FONTECILLA,LOS PRESIDENTES - MARIANO SANCHEZ FONTECILLA,0, , ,BIDIRECCIONAL CON BANDEJON,CONCRETO,BUENO,SECO,NUBLADO,0,0,0,0,13,131,13122,Metropolitana de Santiago,Santiago,Peñalolén,Interseccion,"LOS PRESIDENTES & MARIANO SANCHEZ FONTECILLA, Peñalolén",-33.486466,-70.557789
-7853159.0463971,-3971685.74817367,4593,2023,1576483,2023/06/09 00:00:00+00,Junio,9,Viernes,1899/12/30 00:00:00+00,17:10:00,17,REGION METROPOLITANA,PUENTE ALTO,COLISION LATERAL,COLISION,URBANA,TRAMO DE VIA RECTA,IMPRUDENCIA DEL CONDUCTOR,CONDUCCION NO ATENTO CONDICIONES TRANSITO MOMENTO,EL PERAL,CERRO LOMA LARGA,CERRO LOMA LARGA - EL PERAL,0, , ,BIDIRECCIONAL,CONCRETO,BUENO,SECO,DESPEJADO,0,0,0,0,13,132,13201,Metropolitana de Santiago,Cordillera,Puente Alto,Interseccion,"CERRO LOMA LARGA & EL PERAL, Puente Alto",-33.573571,-70.546128
-7857149.96146153,-3972453.35482314,4594,2023,1540249,2023/06/09 00:00:00+00,Junio,9,Viernes,1899/12/30 00:00:00+00,18:00:00,18,REGION METROPOLITANA,PUENTE ALTO,ATROPELLO,ATROPELLO,URBANA,TRAMO DE VIA RECTA,IMPRUDENCIA DEL CONDUCTOR,CONDUCCION NO ATENTO CONDICIONES TRANSITO MOMENTO,GABRIELA PONIENTE,CONCHA Y TORO,CONCHA Y TORO - GABRIELA PONIENTE,0, , ,BIDIRECCIONAL,CONCRETO,BUENO,SECO,DESPEJADO,0,0,0,1,13,132,13201,Metropolitana de Santiago,Cordillera,Puente Alto,Interseccion,"CONCHA Y TORO & GABRIELA PONIENTE, Puente Alto",-33.579316,-70.581979
-7929867.52639089,-4163231.71601715,4595,2023,1538196,2023/06/09 00:00:00+00,Junio,9,Viernes,1899/12/30 00:00:00+00,19:30:00,19,REGION MAULE,CURICO,COLISION PERPENDICULAR,COLISION,URBANA,CRUCE SIN SEÑALIZACION,IMPRUDENCIA DEL CONDUCTOR,NO RESPETAR DERECHO PREFERENTE DE PASO A VEHICULO,PASAJE TREINTA Y SEIS,CIRCUNVALACION DOCTOR OSORIO,CIRCUNVALACION DOCTOR OSORIO - PASAJE TREINTA Y SEIS,0, , ,UNIDIRECCIONAL,ASFALTO,REGULAR,SECO,NUBLADO,0,0,1,0,07,073,07301,Maule,Curicó,Curicó,Interseccion,"CIRCUNVALACION DOCTOR OSORIO & PASAJE TREINTA Y SEIS, Curicó",-34.995221,-71.235212
-7863486.15555799,-3972826.95523903,4596,2023,1537065,2023/06/09 00:00:00+00,Junio,9,Viernes,1899/12/30 00:00:00+00,20:10:00,20,REGION METROPOLITANA,LA PINTANA,COLISION FRONTAL,COLISION,URBANA,CRUCE SIN SEÑALIZACION,IMPRUDENCIA DEL CONDUCTOR,CONDUCCION CONTRA SENTIDO DEL TRANSITO,PORTO ALEGRE,BALDOMERO LILLO,BALDOMERO LILLO - PORTO ALEGRE,0, , ,BIDIRECCIONAL,ASFALTO,BUENO,HUMEDO,LLUVIA,0,0,0,1,13,131,13112,Metropolitana de Santiago,Santiago,La Pintana,Interseccion,"BALDOMERO LILLO & PORTO ALEGRE, La Pintana",-33.582112,-70.638898
-7858113.09769587,-3963201.78540914,4597,2023,1539832,2023/06/09 00:00:00+00,Junio,9,Viernes,1899/12/30 00:00:00+00,20:30:00,20,REGION METROPOLITANA,PEÑALOLEN,COLISION FRONTAL,COLISION,URBANA,CRUCE CON SEMAFORO FUNCIONANDO,DESOBEDIENCIA A SEÑALIZACION,SEÑALIZACION DESOBEDECER LUZ ROJA DE SEMAFORO,DEPARTAMENTAL,AMERICO VESPUCIO,AMERICO VESPUCIO - DEPARTAMENTAL,0, , ,BIDIRECCIONAL CON BANDEJON,CONCRETO,BUENO,SECO,NUBLADO,0,1,0,0,13,131,13122,Metropolitana de Santiago,Santiago,Peñalolén,Interseccion,"AMERICO VESPUCIO & DEPARTAMENTAL, Peñalolén",-33.510049,-70.590631
-7834944.72861886,-2709599.79794755,4598,2023,1538188,2023/06/09 00:00:00+00,Junio,9,Viernes,1899/12/30 00:00:00+00,20:43:00,20,REGION ANTOFAGASTA,ANTOFAGASTA,COLISION LATERAL,COLISION,URBANA,CRUCE CON SEÑAL CEDA EL PASO,DESOBEDIENCIA A SEÑALIZACION,SEÑALIZACION DESOBEDECER SEÑAL CEDA EL PASO,BUENOS AIRES,PADRE HURTADO,BUENOS AIRES - PADRE HURTADO,0, , ,BIDIRECCIONAL CON BANDEJON,ASFALTO,BUENO,SECO,DESPEJADO,0,0,0,1,02,021,02101,Antofagasta,Antofagasta,Antofagasta,Interseccion,"BUENOS AIRES & PADRE HURTADO, Antofagasta",-23.639986,-70.382506
-7674766.33411338,-2566862.39900916,4599,2023,1537023,2023/06/09 00:00:00+00,Junio,9,Viernes,1899/12/30 00:00:00+00,21:20:00,21,REGION ANTOFAGASTA,CALAMA,COLISION,COLISION,URBANA,CRUCE CON SEÑAL PARE,DESOBEDIENCIA A SEÑALIZACION,SEÑALIZACION DESOBEDECER SEÑAL PARE,COLO COLO,TOCOPILLA,COLO COLO - TOCOPILLA,0, , ,BIDIRECCIONAL,ASFALTO,BUENO,SECO,DESPEJADO,0,1,0,0,02,022,02201,Antofagasta,El Loa,Calama,Interseccion,"COLO COLO & TOCOPILLA, Calama",-22.460152,-68.943599
-7865555.70364747,-3952771.70297971,4600,2023,1538145,2023/06/09 00:00:00+00,Junio,9,Viernes,1899/12/30 00:00:00+00,22:45:00,22,REGION METROPOLITANA,SANTIAGO,COLISION,COLISION,URBANA,TRAMO DE VIA RECTA,IMPRUDENCIA DEL CONDUCTOR,CONDUCCION NO ATENTO CONDICIONES TRANSITO MOMENTO,PDTE BALMACEDA,AMUNATEGUI,AMUNATEGUI - PDTE BALMACEDA,0, , ,UNIDIRECCIONAL,CONCRETO,BUENO,SECO,DESPEJADO,0,0,0,1,13,131,13101,Metropolitana de Santiago,Santiago,Santiago,Interseccion,"AMUNATEGUI & PDTE BALMACEDA, Santiago",-33.431892,-70.657489
-7869466.3499229,-3959597.56716813,4601,2023,1537496,2023/06/10 00:00:00+00,Junio,10,Sábado,1899/12/30 00:00:00+00,08:02:00,8,REGION METROPOLITANA,CERRILLOS,COLISION PERPENDICULAR,COLISION,URBANA,CRUCE CON SEÑAL CEDA EL PASO,IMPRUDENCIA DEL CONDUCTOR,CONDUCCION NO ATENTO CONDICIONES TRANSITO MOMENTO,AVDA 7,MARTIN DE SOLIER,AVDA 7 - MARTIN DE SOLIER,0, , ,BIDIRECCIONAL,ASFALTO,BUENO,SECO,DESPEJADO,0,0,0,1,13,131,13102,Metropolitana de Santiago,Santiago,Cerrillos,Interseccion,"AVDA 7 & MARTIN DE SOLIER, Cerrillos",-33.483049,-70.692619
-7825306.24185028,-2092638.68388241,4602,2023,1536937,2023/06/10 00:00:00+00,Junio,10,Sábado,1899/12/30 00:00:00+00,08:30:00,8,REGION ARICA Y PARINACOTA,ARICA,COLISION,COLISION,URBANA,TRAMO DE VIA RECTA,IMPRUDENCIA DEL CONDUCTOR,CONDUCCION NO ATENTO CONDICIONES TRANSITO MOMENTO,ALEJANDRO AZOLAS,COLO COLO,ALEJANDRO AZOLAS - COLO COLO,0, , ,BIDIRECCIONAL,ASFALTO,BUENO,SECO,NUBLADO,0,1,0,0,15,151,15101,Arica y Parinacota,Arica,Arica,Interseccion,"ALEJANDRO AZOLAS & COLO COLO, Arica",-18.470029,-70.295922
-7866030.031801,-3969810.80953474,4603,2023,1539605,2023/06/10 00:00:00+00,Junio,10,Sábado,1899/12/30 00:00:00+00,12:00:00,12,REGION METROPOLITANA,EL BOSQUE,COLISION LATERAL,COLISION,URBANA,CRUCE CON SEÑAL PARE,DESOBEDIENCIA A SEÑALIZACION,SEÑALIZACION DESOBEDECER SEÑAL PARE,JORGE LUCO,JULIO COVARRUBIAS,JORGE LUCO - JULIO COVARRUBIAS,0, , ,BIDIRECCIONAL,CONCRETO,BUENO,SECO,DESPEJADO,0,0,0,0,13,131,13105,Metropolitana de Santiago,Santiago,El Bosque,Interseccion,"JORGE LUCO & JULIO COVARRUBIAS, El Bosque",-33.559537,-70.66175
-7960941.69434002,-3885948.80831038,4604,2023,1538202,2023/06/10 00:00:00+00,Junio,10,Sábado,1899/12/30 00:00:00+00,15:30:00,15,REGION VALPARAISO,CONCON,COLISION,COLISION,URBANA,TRAMO DE VIA RECTA,IMPRUDENCIA DEL CONDUCTOR,CONDUCCION NO ATENTO CONDICIONES TRANSITO MOMENTO,PASAJE TRES,CHAÑARCILLO,CHAÑARCILLO - PASAJE TRES,0, , ,BIDIRECCIONAL,ASFALTO,BUENO,SECO,DESPEJADO,0,0,1,0,05,051,05103,Valparaíso,Valparaíso,Concón,Interseccion,"CHAÑARCILLO & PASAJE TRES, Concón",-32.929491,-71.514356
-7870842.2588291,-3957117.71672569,4605,2023,1540593,2023/06/10 00:00:00+00,Junio,10,Sábado,1899/12/30 00:00:00+00,16:30:00,16,REGION METROPOLITANA,ESTACION CENTRAL,COLISION LATERAL,COLISION,URBANA,CRUCE CON SEMAFORO FUNCIONANDO,DESOBEDIENCIA A SEÑALIZACION,SEÑALIZACION DESOBEDECER LUZ ROJA DE SEMAFORO,GRAL VELASQUEZ,ECUADOR,ECUADOR - GRAL VELASQUEZ,0, , ,BIDIRECCIONAL,ASFALTO,BUENO,SECO,DESPEJADO,0,0,0,0,13,131,13106,Metropolitana de Santiago,Santiago,Estación Central,Interseccion,"ECUADOR & GRAL VELASQUEZ, Estación Central",-33.464467,-70.704979