X,Y,FID,Año,IdAccident,Fecha,Mes,Dia_mes,Dia_semana,Hora,Hora_texto,Hora_aprox,Región,Comuna,Tipo_Accid,Tipo__CONA,Zona,Ubicación,Causa__CON,Causa_Acci,Calle_Uno,Calle_Dos,Intersecci,Número,Ruta,Ubicaci_1,Calzada,Tipo_Calza,Estado_Cal,Condición,Estado_Atm,Fallecidos,Graves,Menos_Grav,Leves,CUT_REG,CUT_PROV,CUT_COM,REGION,PROVINCIA,COMUNA1,Tipo_direc,Direccion,Lat,Lon
-7836771.48151844,-2713045.41561914,4606,2023,1537919,2023/06/10 00:00:00+00,Junio,10,Sábado,1899/12/30 00:00:00+00,18:30:00,18,REGION ANTOFAGASTA,ANTOFAGASTA,VOLCADURA,VOLCADURA,URBANA,CRUCE CON SEMAFORO FUNCIONANDO,IMPRUDENCIA DEL CONDUCTOR,CONDUCCION NO ATENTO CONDICIONES TRANSITO MOMENTO,BORGOÑO,ARGENTINA,ARGENTINA - BORGOÑO,0, , ,UNIDIRECCIONAL,ASFALTO,BUENO,SECO,DESPEJADO,0,0,0,1,02,021,02101,Antofagasta,Antofagasta,Antofagasta,Interseccion,"ARGENTINA & BORGOÑO, Antofagasta",-23.668338,-70.398916
-7975425.13931753,-4221894.68205603,4607,2023,1537175,2023/06/10 00:00:00+00,Junio,10,Sábado,1899/12/30 00:00:00+00,18:30:00,18,REGION MAULE,TALCA,CHOQUE POSTERIOR/POSTERIOR,CHOQUE,URBANA,TRAMO DE VIA RECTA,IMPRUDENCIA DEL CONDUCTOR,CONDUCCION NO ATENTO CONDICIONES TRANSITO MOMENTO,2 NORTE,14 1/2 ORIENTE,14 1/2 ORIENTE - 2 NORTE,0, , ,BIDIRECCIONAL,CONCRETO,BUENO,SECO,DESPEJADO,0,0,0,0,07,071,07101,Maule,Talca,Talca,Interseccion,"14 1/2 ORIENTE & 2 NORTE, Talca",-35.425781,-71.644463
-7876884.01287241,-3994469.82358205,4608,2023,1542632,2023/06/10 00:00:00+00,Junio,10,Sábado,1899/12/30 00:00:00+00,19:00:00,19,REGION METROPOLITANA,BUIN,COLISION LATERAL,COLISION,URBANA,CRUCE SIN SEÑALIZACION,IMPRUDENCIA DEL CONDUCTOR,CONDUCCION NO ATENTO CONDICIONES TRANSITO MOMENTO,VILLASECA,GENERAL RAFAEL GUALDAPALMA,GENERAL RAFAEL GUALDAPALMA - VILLASECA,0, , ,BIDIRECCIONAL,ASFALTO,BUENO,SECO,DESPEJADO,0,1,0,0,13,134,13402,Metropolitana de Santiago,Maipo,Buin,Interseccion,"GENERAL RAFAEL GUALDAPALMA & VILLASECA, Buin",-33.743931,-70.759253
-7969968.59189298,-4282837.57718472,4609,2023,1537442,2023/06/10 00:00:00+00,Junio,10,Sábado,1899/12/30 00:00:00+00,19:30:00,19,REGION MAULE,LINARES,COLISION LATERAL,COLISION,URBANA,CRUCE CON SEÑAL PARE,DESOBEDIENCIA A SEÑALIZACION,SEÑALIZACION DESOBEDECER SEÑAL PARE,BALMACEDA,PRESIDENTE CARLOS IBAÑEZ DEL CAMPO,BALMACEDA - PRESIDENTE CARLOS IBAÑEZ DEL CAMPO,0, , ,BIDIRECCIONAL,ASFALTO,BUENO,SECO,DESPEJADO,0,0,0,1,07,074,07401,Maule,Linares,Linares,Interseccion,"BALMACEDA & PRESIDENTE CARLOS IBAÑEZ DEL CAMPO, Linares",-35.87065,-71.595446
-7858913.48483467,-3954029.65697946,4610,2023,1539040,2023/06/10 00:00:00+00,Junio,10,Sábado,1899/12/30 00:00:00+00,20:00:00,20,REGION METROPOLITANA,PROVIDENCIA,COLISION LATERAL,COLISION,URBANA,CRUCE CON SEMAFORO FUNCIONANDO,IMPRUDENCIA DEL CONDUCTOR,CONDUCCION NO ATENTO CONDICIONES TRANSITO MOMENTO,HOLANDA,DIEGO DE ALMAGRO,DIEGO DE ALMAGRO - HOLANDA,0, , ,UNIDIRECCIONAL,ASFALTO,REGULAR,SECO,DESPEJADO,0,0,0,1,13,131,13123,Metropolitana de Santiago,Santiago,Providencia,Interseccion,"DIEGO DE ALMAGRO & HOLANDA, Providencia",-33.441322,-70.597821
-8130827.70506239,-4411740.82091953,4611,2023,1537660,2023/06/10 00:00:00+00,Junio,10,Sábado,1899/12/30 00:00:00+00,20:20:00,20,REGION BIO BIO,CONCEPCION,CHOQUE POSTERIOR,CHOQUE,URBANA,TRAMO DE VIA RECTA,IMPRUDENCIA DEL CONDUCTOR,CONDUCCION NO ATENTO CONDICIONES TRANSITO MOMENTO,ALONSO DE RIBERA,LAGUNA LO GALINDO,ALONSO DE RIBERA - LAGUNA LO GALINDO,0, , ,BIDIRECCIONAL,CONCRETO,BUENO,SECO,DESPEJADO,0,0,0,1,08,081,08101,Biobío,Concepción,Concepción,Interseccion,"ALONSO DE RIBERA & LAGUNA LO GALINDO, Concepción",-36.803416,-73.040468
-7856392.76628515,-3962747.7255142,4612,2023,1539871,2023/06/10 00:00:00+00,Junio,10,Sábado,1899/12/30 00:00:00+00,23:30:00,23,REGION METROPOLITANA,PEÑALOLEN,COLISION FRONTAL,COLISION,URBANA,CRUCE CON SEMAFORO FUNCIONANDO,ALCOHOL EN CONDUCTOR,CONDUCCION EN ESTADO DE EBRIEDAD,LOS CEREZOS,SAN LUIS DE MACUL,LOS CEREZOS - SAN LUIS DE MACUL,0, , ,BIDIRECCIONAL,CONCRETO,BUENO,SECO,NUBLADO,0,0,0,1,13,131,13122,Metropolitana de Santiago,Santiago,Peñalolén,Interseccion,"LOS CEREZOS & SAN LUIS DE MACUL, Peñalolén",-33.506648,-70.575177
-7867113.35645015,-3923626.75119387,4613,2023,1539775,2023/06/11 00:00:00+00,Junio,11,Domingo,1899/12/30 00:00:00+00,13:00:00,13,REGION METROPOLITANA,COLINA,COLISION PERPENDICULAR,COLISION,URBANA,CRUCE CON SEÑAL PARE,ALCOHOL EN CONDUCTOR,CONDUCCION EN ESTADO DE EBRIEDAD,CALETERA GRAL SAN MARTIN,STA ELENA SUR,CALETERA GRAL SAN MARTIN - STA ELENA SUR,0, , ,BIDIRECCIONAL,ASFALTO,BUENO,SECO,DESPEJADO,0,0,1,2,13,133,13301,Metropolitana de Santiago,Chacabuco,Colina,Interseccion,"CALETERA GRAL SAN MARTIN & STA ELENA SUR, Colina",-33.213123,-70.671482
-7860430.76949419,-3978012.5124948,4614,2023,1537679,2023/06/11 00:00:00+00,Junio,11,Domingo,1899/12/30 00:00:00+00,14:20:00,14,REGION METROPOLITANA,PUENTE ALTO,COLISION FRONTAL,COLISION,URBANA,TRAMO DE VIA RECTA,IMPRUDENCIA DEL CONDUCTOR,CONDUCIR VEHICULO EN RETROCESO,SGTO MENADIER,ESTACION VALDIVIA,ESTACION VALDIVIA - SGTO MENADIER,0, , ,BIDIRECCIONAL CON BANDEJON,ASFALTO,BUENO,SECO,DESPEJADO,0,0,0,1,13,132,13201,Metropolitana de Santiago,Cordillera,Puente Alto,Interseccion,"ESTACION VALDIVIA & SGTO MENADIER, Puente Alto",-33.620911,-70.611451
-7879017.45091347,-4051283.6682047,4615,2023,1537483,2023/06/11 00:00:00+00,Junio,11,Domingo,1899/12/30 00:00:00+00,16:50:00,16,REGION LIB.B.O'HIGGINS,RANCAGUA,COLISION LATERAL,COLISION,URBANA,CRUCE CON SEMAFORO FUNCIONANDO,IMPRUDENCIA DEL CONDUCTOR,CONDUCCION SIN MANTENER DISTANCIA RAZONABLE NI PRUDENTE,SALVADOR ALLENDE,ORO NEGRO,ORO NEGRO - SALVADOR ALLENDE,0, , ,BIDIRECCIONAL,CONCRETO,BUENO,SECO,NUBLADO,0,1,0,0,06,061,06101,Libertador General Bernardo O'Higgins,Cachapoal,Rancagua,Interseccion,"ORO NEGRO & SALVADOR ALLENDE, Rancagua",-34.167264,-70.778418
-7853768.4092897,-3972430.23902908,4616,2023,1540556,2023/06/11 00:00:00+00,Junio,11,Domingo,1899/12/30 00:00:00+00,18:56:00,18,REGION METROPOLITANA,PUENTE ALTO,COLISION LATERAL,COLISION,URBANA,TRAMO DE VIA RECTA,IMPRUDENCIA DEL CONDUCTOR,CONDUCCION NO ATENTO CONDICIONES TRANSITO MOMENTO,CAMILO HENRIQUEZ,EL PEÑON,CAMILO HENRIQUEZ - EL PEÑON,0, , ,BIDIRECCIONAL,CONCRETO,BUENO,SECO,DESPEJADO,0,1,1,0,13,132,13201,Metropolitana de Santiago,Cordillera,Puente Alto,Interseccion,"CAMILO HENRIQUEZ & EL PEÑON, Puente Alto",-33.579143,-70.551602
-7872941.96706444,-3862067.79864134,4617,2023,1538609,2023/06/11 00:00:00+00,Junio,11,Domingo,1899/12/30 00:00:00+00,20:15:00,20,REGION VALPARAISO,SAN FELIPE,CHOQUE,CHOQUE,URBANA,TRAMO DE VIA RECTA,IMPRUDENCIA DEL CONDUCTOR,CONDUCIR VEHICULO EN RETROCESO,SAN MARTIN,COMBATE LAS COIMAS,COMBATE LAS COIMAS - SAN MARTIN,0, , ,UNIDIRECCIONAL,CONCRETO,REGULAR,SECO,DESPEJADO,0,0,0,0,05,057,05701,Valparaíso,San Felipe de Aconcagua,San Felipe,Interseccion,"COMBATE LAS COIMAS & SAN MARTIN, San Felipe",-32.749247,-70.723841
-7855574.34538884,-3976846.73159297,4618,2023,1539256,2023/06/11 00:00:00+00,Junio,11,Domingo,1899/12/30 00:00:00+00,20:50:00,20,REGION METROPOLITANA,PUENTE ALTO,COLISION,COLISION,URBANA,TRAMO DE VIA RECTA,IMPRUDENCIA DEL CONDUCTOR,CONDUCCION NO ATENTO CONDICIONES TRANSITO MOMENTO,EYZAGUIRRE,EYZAGUIRRE,EYZAGUIRRE - EYZAGUIRRE,0, , ,UNIDIRECCIONAL,ASFALTO,BUENO,SECO,DESPEJADO,0,0,0,0,13,132,13201,Metropolitana de Santiago,Cordillera,Puente Alto,Interseccion,"EYZAGUIRRE & EYZAGUIRRE, Puente Alto",-33.61219,-70.567825
-7859283.95606664,-3973645.48454892,4619,2023,1540537,2023/06/11 00:00:00+00,Junio,11,Domingo,1899/12/30 00:00:00+00,23:10:00,23,REGION METROPOLITANA,PUENTE ALTO,COLISION LATERAL,COLISION,URBANA,TRAMO DE VIA RECTA,IMPRUDENCIA DEL CONDUCTOR,CONDUCCION NO ATENTO CONDICIONES TRANSITO MOMENTO,LUIS MATTE LARRAIN,CRETA,CRETA - LUIS MATTE LARRAIN,0, , ,BIDIRECCIONAL,CONCRETO,BUENO,SECO,DESPEJADO,0,0,0,0,13,132,13201,Metropolitana de Santiago,Cordillera,Puente Alto,Interseccion,"CRETA & LUIS MATTE LARRAIN, Puente Alto",-33.588238,-70.601149
-7931091.37287267,-4159566.87500213,4620,2023,1538272,2023/06/12 00:00:00+00,Junio,12,Lunes,1899/12/30 00:00:00+00,08:00:00,8,REGION MAULE,CURICO,COLISION LATERAL,COLISION,URBANA,OTROS NO CONSIDERADOS,IMPRUDENCIA DEL CONDUCTOR,CONDUCCION NO ATENTO CONDICIONES TRANSITO MOMENTO,CIRCUNVALACION NORTE,ALTAS CUMBRES,ALTAS CUMBRES - CIRCUNVALACION NORTE,0, , ,BIDIRECCIONAL,CONCRETO,BUENO,HUMEDO,DESPEJADO,0,0,0,1,07,073,07301,Maule,Curicó,Curicó,Interseccion,"ALTAS CUMBRES & CIRCUNVALACION NORTE, Curicó",-34.968247,-71.246206
-7854434.43380312,-3971917.5613331,4621,2023,1540651,2023/06/12 00:00:00+00,Junio,12,Lunes,1899/12/30 00:00:00+00,09:14:00,9,REGION METROPOLITANA,PUENTE ALTO,COLISION LATERAL,COLISION,URBANA,TRAMO DE VIA RECTA,IMPRUDENCIA DEL CONDUCTOR,CONDUCCION NO ATENTO CONDICIONES TRANSITO MOMENTO,GABRIELA ORIENTE,OSCAR CASTRO,GABRIELA ORIENTE - OSCAR CASTRO,0, , ,BIDIRECCIONAL,CONCRETO,BUENO,SECO,DESPEJADO,0,1,0,0,13,132,13201,Metropolitana de Santiago,Cordillera,Puente Alto,Interseccion,"GABRIELA ORIENTE & OSCAR CASTRO, Puente Alto",-33.575306,-70.557585
-7866330.94740911,-3970429.05455534,4622,2023,1539755,2023/06/12 00:00:00+00,Junio,12,Lunes,1899/12/30 00:00:00+00,10:30:00,10,REGION METROPOLITANA,EL BOSQUE,COLISION LATERAL,COLISION,URBANA,CRUCE SIN SEÑALIZACION,IMPRUDENCIA DEL CONDUCTOR,CONDUCCION NO ATENTO CONDICIONES TRANSITO MOMENTO,LOS SAUCES,LOS MORROS,LOS MORROS - LOS SAUCES,0, , ,BIDIRECCIONAL CON BANDEJON,CONCRETO,BUENO,SECO,DESPEJADO,0,0,0,1,13,131,13105,Metropolitana de Santiago,Santiago,El Bosque,Interseccion,"LOS MORROS & LOS SAUCES, El Bosque",-33.564165,-70.664453
-7859872.27960888,-3974936.10053864,4623,2023,1538189,2023/06/12 00:00:00+00,Junio,12,Lunes,1899/12/30 00:00:00+00,12:15:00,12,REGION METROPOLITANA,LA PINTANA,COLISION,COLISION,URBANA,CRUCE CON SEÑAL CEDA EL PASO,IMPRUDENCIA DEL CONDUCTOR,ADELANTAMIENTO POR LA BERMA,CALETERA ACCESO SUR,DOCTOR AMADOR NEGHME,CALETERA ACCESO SUR - DOCTOR AMADOR NEGHME,0, , ,UNIDIRECCIONAL,ASFALTO,BUENO,SECO,DESPEJADO,0,1,0,0,13,131,13112,Metropolitana de Santiago,Santiago,La Pintana,Interseccion,"CALETERA ACCESO SUR & DOCTOR AMADOR NEGHME, La Pintana",-33.597895,-70.606434
-7675245.78716023,-2565339.17330285,4624,2023,1537854,2023/06/12 00:00:00+00,Junio,12,Lunes,1899/12/30 00:00:00+00,13:30:00,13,REGION ANTOFAGASTA,CALAMA,VOLCADURA,VOLCADURA,URBANA,TRAMO DE VIA RECTA,VELOCIDAD IMPRUDENTE,VELOCIDAD NO RAZONABLE NI PRUDENTE,MANUEL MONTT,RUPANCO,MANUEL MONTT - RUPANCO,0, , ,BIDIRECCIONAL,ASFALTO,BUENO,SECO,DESPEJADO,0,0,1,1,02,022,02201,Antofagasta,El Loa,Calama,Interseccion,"MANUEL MONTT & RUPANCO, Calama",-22.447506,-68.947906
-7849311.06555885,-3944631.65395239,4625,2023,1544650,2023/06/12 00:00:00+00,Junio,12,Lunes,1899/12/30 00:00:00+00,14:00:00,14,REGION METROPOLITANA,LO BARNECHEA,COLISION,COLISION,URBANA,TRAMO DE VIA RECTA,IMPRUDENCIA DEL CONDUCTOR,CONDUCCION SIN MANTENER DISTANCIA RAZONABLE NI PRUDENTE,LAS CONDES,LA DEHESA,LA DEHESA - LAS CONDES,0, , ,BIDIRECCIONAL CON BANDEJON,ASFALTO,BUENO,SECO,DESPEJADO,0,0,0,0,13,131,13115,Metropolitana de Santiago,Santiago,Lo Barnechea,Interseccion,"LA DEHESA & LAS CONDES, Lo Barnechea",-33.370846,-70.511561
-7863269.33319791,-3945120.24949461,4626,2023,1542184,2023/06/12 00:00:00+00,Junio,12,Lunes,1899/12/30 00:00:00+00,16:30:00,16,REGION METROPOLITANA,HUECHURABA,COLISION,COLISION,URBANA,TRAMO DE VIA RECTA,IMPRUDENCIA DEL CONDUCTOR,CONDUCCION NO ATENTO CONDICIONES TRANSITO MOMENTO,RECOLETA,GUILLERMO SUBIABRE,GUILLERMO SUBIABRE - RECOLETA,0, , ,BIDIRECCIONAL,ASFALTO,BUENO,SECO,DESPEJADO,0,0,0,0,13,131,13107,Metropolitana de Santiago,Santiago,Huechuraba,Interseccion,"GUILLERMO SUBIABRE & RECOLETA, Huechuraba",-33.374511,-70.63695
-7854360.07238327,-3973513.79159137,4627,2023,1540622,2023/06/12 00:00:00+00,Junio,12,Lunes,1899/12/30 00:00:00+00,17:10:00,17,REGION METROPOLITANA,PUENTE ALTO,ATROPELLO,ATROPELLO,URBANA,TRAMO DE VIA RECTA,ALCOHOL EN CONDUCTOR,CONDUCCION EN ESTADO DE EBRIEDAD,LAS NIEVES ORIENTE,ANGEL PIMENTEL,ANGEL PIMENTEL - LAS NIEVES ORIENTE,0, , ,BIDIRECCIONAL,CONCRETO,BUENO,SECO,DESPEJADO,0,0,0,1,13,132,13201,Metropolitana de Santiago,Cordillera,Puente Alto,Interseccion,"ANGEL PIMENTEL & LAS NIEVES ORIENTE, Puente Alto",-33.587252,-70.556917
-7858705.87398435,-3964517.60518515,4628,2023,1539657,2023/06/12 00:00:00+00,Junio,12,Lunes,1899/12/30 00:00:00+00,18:45:00,18,REGION METROPOLITANA,LA FLORIDA,COLISION LATERAL,COLISION,URBANA,CRUCE CON SEMAFORO FUNCIONANDO,IMPRUDENCIA DEL CONDUCTOR,CONDUCCION CAMBIAR SORPRESIVAMENTE PISTA CIRCULACION,AMERICO VESPUCIO,JULIO VILDOSOLA,AMERICO VESPUCIO - JULIO VILDOSOLA,0, , ,UNIDIRECCIONAL,ASFALTO,BUENO,SECO,DESPEJADO,0,0,0,1,13,131,13110,Metropolitana de Santiago,Santiago,La Florida,Interseccion,"AMERICO VESPUCIO & JULIO VILDOSOLA, La Florida",-33.519904,-70.595956
-7867957.19158621,-3973991.7950432,4629,2023,1537918,2023/06/12 00:00:00+00,Junio,12,Lunes,1899/12/30 00:00:00+00,19:20:00,19,REGION METROPOLITANA,SAN BERNARDO,COLISION LATERAL,COLISION,URBANA,CRUCE CON SEÑAL CEDA EL PASO,DESOBEDIENCIA A SEÑALIZACION,SEÑALIZACION DESOBEDECER SEÑAL CEDA EL PASO,PADRE HURTADO,STA MARTA,PADRE HURTADO - STA MARTA,0, , ,BIDIRECCIONAL,ASFALTO,REGULAR,SECO,DESPEJADO,0,0,0,0,13,134,13401,Metropolitana de Santiago,Maipo,San Bernardo,Interseccion,"PADRE HURTADO & STA MARTA, San Bernardo",-33.590829,-70.679062
-7870185.47383342,-3973327.29944902,4630,2023,1539410,2023/06/12 00:00:00+00,Junio,12,Lunes,1899/12/30 00:00:00+00,19:20:00,19,REGION METROPOLITANA,SAN BERNARDO,COLISION LATERAL,COLISION,URBANA,CRUCE CON SEÑAL PARE,DESOBEDIENCIA A SEÑALIZACION,SEÑALIZACION DESOBEDECER SEÑAL PARE,SAN JOSE,BULNES,BULNES - SAN JOSE,0, , ,UNIDIRECCIONAL,ASFALTO,BUENO,SECO,DESPEJADO,0,0,0,0,13,134,13401,Metropolitana de Santiago,Maipo,San Bernardo,Interseccion,"BULNES & SAN JOSE, San Bernardo",-33.585856,-70.699079
-7956269.82682959,-3900717.78608007,4631,2023,1538312,2023/06/12 00:00:00+00,Junio,12,Lunes,1899/12/30 00:00:00+00,19:45:00,19,REGION VALPARAISO,QUILPUE,CHOQUE POSTERIOR/FRENTE,CHOQUE,URBANA,CRUCE CON SEMAFORO FUNCIONANDO,IMPRUDENCIA DEL CONDUCTOR,ADELANTAMIENTO SIN EL ESPACIO O TIEMPO SUFICIENTE,LOS CARRERA,CALLE TRES,CALLE TRES - LOS CARRERA,0, , ,BIDIRECCIONAL,ASFALTO,BUENO,SECO,DESPEJADO,0,0,0,0,05,058,05801,Valparaíso,Marga Marga,Quilpué,Interseccion,"CALLE TRES & LOS CARRERA, Quilpué",-33.040778,-71.472388
-7865501.03834135,-3944917.44483726,4632,2023,1539240,2023/06/12 00:00:00+00,Junio,12,Lunes,1899/12/30 00:00:00+00,20:20:00,20,REGION METROPOLITANA,HUECHURABA,COLISION,COLISION,URBANA,TRAMO DE VIA RECTA,IMPRUDENCIA DEL CONDUCTOR,CONDUCCION NO ATENTO CONDICIONES TRANSITO MOMENTO,CAMINO PUNTA MOCHA,JOSE JOAQUIN AGUIRRE LUCO,CAMINO PUNTA MOCHA - JOSE JOAQUIN AGUIRRE LUCO,0, , ,BIDIRECCIONAL CON BANDEJON,ASFALTO,BUENO,SECO,DESPEJADO,0,0,0,1,13,131,13107,Metropolitana de Santiago,Santiago,Huechuraba,Interseccion,"CAMINO PUNTA MOCHA & JOSE JOAQUIN AGUIRRE LUCO, Huechuraba",-33.37299,-70.656998
-7964433.66425911,-3897564.16473108,4633,2023,1538561,2023/06/12 00:00:00+00,Junio,12,Lunes,1899/12/30 00:00:00+00,22:00:00,22,REGION VALPARAISO,VIÑA DEL MAR,CHOQUE FRENTE/POSTERIOR,CHOQUE,URBANA,TRAMO DE VIA RECTA,IMPRUDENCIA DEL CONDUCTOR,CONDUCCION NO ATENTO CONDICIONES TRANSITO MOMENTO,7 NORTE,QUILLOTA,7 NORTE - QUILLOTA,0, , ,UNIDIRECCIONAL,CONCRETO,BUENO,SECO,DESPEJADO,0,0,0,0,05,051,05109,Valparaíso,Valparaíso,Viña del Mar,Interseccion,"7 NORTE & QUILLOTA, Viña del Mar",-33.017027,-71.545725
-7828640.42758991,-3168711.74491544,4634,2023,1541276,2023/06/12 00:00:00+00,Junio,12,Lunes,1899/12/30 00:00:00+00,22:20:00,22,REGION ATACAMA,COPIAPO,COLISION POR ALCANCE,COLISION,URBANA,CRUCE SIN SEÑALIZACION,IMPRUDENCIA DEL CONDUCTOR,CONDUCCION SIN MANTENER DISTANCIA RAZONABLE NI PRUDENTE,RIVERA MEDINA,MIGUEL GALLO,MIGUEL GALLO - RIVERA MEDINA,0, , ,BIDIRECCIONAL,ASFALTO,BUENO,SECO,DESPEJADO,0,0,0,2,03,031,03101,Atacama,Copiapó,Copiapó,Interseccion,"MIGUEL GALLO & RIVERA MEDINA, Copiapó",-27.361518,-70.325873
-7927569.72504376,-3868098.71509365,4635,2023,1537787,2023/06/12 00:00:00+00,Junio,12,Lunes,1899/12/30 00:00:00+00,22:30:00,22,REGION VALPARAISO,CALERA,COLISION LATERAL,COLISION,URBANA,CRUCE SIN SEÑALIZACION,IMPRUDENCIA DEL CONDUCTOR,CONDUCCION CAMBIAR SORPRESIVAMENTE PISTA CIRCULACION,ALCALDE DOCTOR ALONSO ZUMAETA,LIBERTAD,ALCALDE DOCTOR ALONSO ZUMAETA - LIBERTAD,0, , ,BIDIRECCIONAL,ASFALTO,BUENO,SECO,DESPEJADO,0,0,0,1,05,055,05502,Valparaíso,Quillota,Calera,Interseccion,"ALCALDE DOCTOR ALONSO ZUMAETA & LIBERTAD, Calera",-32.7948,-71.21457
-7963801.93735873,-3895725.39909744,4636,2023,1548305,2023/06/13 00:00:00+00,Junio,13,Martes,1899/12/30 00:00:00+00,00:10:00,0,REGION VALPARAISO,VIÑA DEL MAR,COLISION,COLISION,URBANA,CRUCE CON SEÑAL PARE,DESOBEDIENCIA A SEÑALIZACION,SEÑALIZACION DESOBEDECER SEÑAL PARE,CALLE SIETE,23 NORTE,23 NORTE - CALLE SIETE,0, , ,BIDIRECCIONAL,CONCRETO,BUENO,SECO,DESPEJADO,0,1,0,0,05,051,05109,Valparaíso,Valparaíso,Viña del Mar,Interseccion,"23 NORTE & CALLE SIETE, Viña del Mar",-33.003175,-71.54005
-7875277.11602281,-3990129.66683648,4637,2023,1542644,2023/06/13 00:00:00+00,Junio,13,Martes,1899/12/30 00:00:00+00,07:15:00,7,REGION METROPOLITANA,BUIN,CHOQUE FRENTE/POSTERIOR,CHOQUE,URBANA,CRUCE CON SEÑAL PARE,IMPRUDENCIA DEL CONDUCTOR,CONDUCCION NO ATENTO CONDICIONES TRANSITO MOMENTO,BAJOS DE MATTE,CARLOS NUÑEZ VEGA,BAJOS DE MATTE - CARLOS NUÑEZ VEGA,0, , ,BIDIRECCIONAL,ASFALTO,REGULAR,SECO,DESPEJADO,0,0,0,0,13,134,13402,Metropolitana de Santiago,Maipo,Buin,Interseccion,"BAJOS DE MATTE & CARLOS NUÑEZ VEGA, Buin",-33.711505,-70.744818
-7870382.06405416,-3971612.93174518,4638,2023,1539428,2023/06/13 00:00:00+00,Junio,13,Martes,1899/12/30 00:00:00+00,07:40:00,7,REGION METROPOLITANA,SAN BERNARDO,COLISION LATERAL,COLISION,URBANA,OTROS NO CONSIDERADOS,IMPRUDENCIA DEL CONDUCTOR,VIRAJES INDEBIDOS,OCHAGAVIA,LO BLANCO,LO BLANCO - OCHAGAVIA,0, , ,UNIDIRECCIONAL,ASFALTO,BUENO,SECO,DESPEJADO,0,0,0,1,13,134,13401,Metropolitana de Santiago,Maipo,San Bernardo,Interseccion,"LO BLANCO & OCHAGAVIA, San Bernardo",-33.573026,-70.700845
-7965764.9563468,-3898150.12410849,4639,2023,1538517,2023/06/13 00:00:00+00,Junio,13,Martes,1899/12/30 00:00:00+00,11:15:00,11,REGION VALPARAISO,VIÑA DEL MAR,COLISION POR ALCANCE,COLISION,URBANA,TRAMO DE VIA RECTA,IMPRUDENCIA DEL CONDUCTOR,VIRAJES INDEBIDOS,1 NORTE,5 PONIENTE,1 NORTE - 5 PONIENTE,0, , ,BIDIRECCIONAL,CONCRETO,BUENO,SECO,DESPEJADO,0,0,1,1,05,051,05109,Valparaíso,Valparaíso,Viña del Mar,Interseccion,"1 NORTE & 5 PONIENTE, Viña del Mar",-33.02144,-71.557684
-7848606.48450452,-3943407.11677219,4640,2023,1541281,2023/06/13 00:00:00+00,Junio,13,Martes,1899/12/30 00:00:00+00,12:00:00,12,REGION METROPOLITANA,LO BARNECHEA,ATROPELLO,ATROPELLO,URBANA,CRUCE CON SEMAFORO FUNCIONANDO,ALCOHOL EN PEATON,EBRIEDAD DEL PEATON,LO BARNECHEA,RAUL LABBE,LO BARNECHEA - RAUL LABBE,0, , ,BIDIRECCIONAL,CONCRETO,BUENO,SECO,DESPEJADO,0,0,0,1,13,131,13115,Metropolitana de Santiago,Santiago,Lo Barnechea,Interseccion,"LO BARNECHEA & RAUL LABBE, Lo Barnechea",-33.361659,-70.505232
-7865885.23030168,-3954108.21124656,4641,2023,1541339,2023/06/13 00:00:00+00,Junio,13,Martes,1899/12/30 00:00:00+00,13:10:00,13,REGION METROPOLITANA,SANTIAGO,COLISION,COLISION,URBANA,TRAMO DE VIA RECTA,DROGAS Y/O FATIGA EN CONDUCTOR,CONDUCCION BAJO INFLUENCIA DE DROGAS O ESTUPEFACIENTES,MANUEL RODRIGUEZ,AGUSTINAS,AGUSTINAS - MANUEL RODRIGUEZ,0, , ,UNIDIRECCIONAL,ASFALTO,BUENO,SECO,DESPEJADO,0,0,0,1,13,131,13101,Metropolitana de Santiago,Santiago,Santiago,Interseccion,"AGUSTINAS & MANUEL RODRIGUEZ, Santiago",-33.441911,-70.660449
-7860992.37632524,-3969403.93988212,4642,2023,1538973,2023/06/13 00:00:00+00,Junio,13,Martes,1899/12/30 00:00:00+00,14:00:00,14,REGION METROPOLITANA,LA GRANJA,COLISION LATERAL,COLISION,URBANA,CRUCE CON SEMAFORO FUNCIONANDO,DESOBEDIENCIA A SEÑALIZACION,SEÑALIZACION DESOBEDECER LUZ ROJA DE SEMAFORO,LA SERENA,STO TOMAS,LA SERENA - STO TOMAS,0, , ,BIDIRECCIONAL CON BANDEJON,ASFALTO,BUENO,SECO,DESPEJADO,0,0,0,0,13,131,13111,Metropolitana de Santiago,Santiago,La Granja,Interseccion,"LA SERENA & STO TOMAS, La Granja",-33.556491,-70.616496
-7929785.77334572,-3489154.70711041,4643,2023,1548858,2023/06/13 00:00:00+00,Junio,13,Martes,1899/12/30 00:00:00+00,16:15:00,16,REGION COQUIMBO,LA SERENA,COLISION PERPENDICULAR,COLISION,URBANA,CRUCE CON SEÑAL PARE,DESOBEDIENCIA A SEÑALIZACION,SEÑALIZACION DESOBEDECER SEÑAL PARE,LA ESTRELLA,SANTO DOMINGO,LA ESTRELLA - SANTO DOMINGO,0, , ,BIDIRECCIONAL,ASFALTO,BUENO,SECO,DESPEJADO,0,0,0,1,04,041,04101,Coquimbo,Elqui,La Serena,Interseccion,"LA ESTRELLA & SANTO DOMINGO, La Serena",-29.887948,-71.234478