X,Y,FID,Año,IdAccident,Fecha,Mes,Dia_mes,Dia_semana,Hora,Hora_texto,Hora_aprox,Región,Comuna,Tipo_Accid,Tipo__CONA,Zona,Ubicación,Causa__CON,Causa_Acci,Calle_Uno,Calle_Dos,Intersecci,Número,Ruta,Ubicaci_1,Calzada,Tipo_Calza,Estado_Cal,Condición,Estado_Atm,Fallecidos,Graves,Menos_Grav,Leves,CUT_REG,CUT_PROV,CUT_COM,REGION,PROVINCIA,COMUNA1,Tipo_direc,Direccion,Lat,Lon
-7942072.46176695,-3498062.42670713,4644,2023,1538526,2023/06/13 00:00:00+00,Junio,13,Martes,1899/12/30 00:00:00+00,21:30:00,21,REGION COQUIMBO,COQUIMBO,CHOQUE FRENTE/POSTERIOR,CHOQUE,URBANA,CRUCE CON SEMAFORO FUNCIONANDO,IMPRUDENCIA DEL CONDUCTOR,CONDUCCION NO ATENTO CONDICIONES TRANSITO MOMENTO,MANUEL RODRIGUEZ,HENRIQUEZ,HENRIQUEZ - MANUEL RODRIGUEZ,0, , ,UNIDIRECCIONAL,ASFALTO,BUENO,SECO,DESPEJADO,0,0,1,0,04,041,04102,Coquimbo,Elqui,Coquimbo,Interseccion,"HENRIQUEZ & MANUEL RODRIGUEZ, Coquimbo",-29.957301,-71.344851
-7864348.62557681,-3953910.06044076,4645,2023,1538936,2023/06/14 00:00:00+00,Junio,14,Miércoles,1899/12/30 00:00:00+00,02:15:00,2,REGION METROPOLITANA,SANTIAGO,COLISION LATERAL,COLISION,URBANA,CRUCE CON SEMAFORO FUNCIONANDO,ALCOHOL EN CONDUCTOR,CONDUCCION EN ESTADO DE EBRIEDAD,AGUSTINAS,MAC IVER,AGUSTINAS - MAC IVER,0, , ,UNIDIRECCIONAL,ASFALTO,REGULAR,SECO,DESPEJADO,0,0,0,1,13,131,13101,Metropolitana de Santiago,Santiago,Santiago,Interseccion,"AGUSTINAS & MAC IVER, Santiago",-33.440426,-70.646646
-7980142.19143154,-3946076.54303287,4646,2023,1541324,2023/06/14 00:00:00+00,Junio,14,Miércoles,1899/12/30 00:00:00+00,07:30:00,7,REGION VALPARAISO,EL QUISCO,COLISION LATERAL,COLISION,URBANA,TRAMO DE VIA RECTA,IMPRUDENCIA DEL CONDUCTOR,CONDUCCION NO ATENTO CONDICIONES TRANSITO MOMENTO,ISIDORO DUBOURNAIS,PEÑABLANCA,ISIDORO DUBOURNAIS - PEÑABLANCA,0, , ,BIDIRECCIONAL,CONCRETO,BUENO,SECO,DESPEJADO,0,1,0,0,05,056,05604,Valparaíso,San Antonio,El Quisco,Interseccion,"ISIDORO DUBOURNAIS & PEÑABLANCA, El Quisco",-33.381685,-71.686837
-7809049.62208864,-2297661.21801699,4647,2023,1538296,2023/06/14 00:00:00+00,Junio,14,Miércoles,1899/12/30 00:00:00+00,08:40:00,8,REGION TARAPACA,IQUIQUE,COLISION FRONTAL,COLISION,URBANA,CRUCE CON SEÑAL CEDA EL PASO,DESOBEDIENCIA A SEÑALIZACION,SEÑALIZACION DESOBEDECER SEÑAL CEDA EL PASO,ARTURO PRAT,OBISPO LABBE,ARTURO PRAT - OBISPO LABBE,0, , ,BIDIRECCIONAL CON BANDEJON,ASFALTO,BUENO,SECO,DESPEJADO,0,0,0,1,01,011,01101,Tarapacá,Iquique,Iquique,Interseccion,"ARTURO PRAT & OBISPO LABBE, Iquique",-20.207777,-70.149886
-7868161.01757385,-3944139.00112802,4648,2023,1538925,2023/06/14 00:00:00+00,Junio,14,Miércoles,1899/12/30 00:00:00+00,13:40:00,13,REGION METROPOLITANA,HUECHURABA,COLISION LATERAL,COLISION,URBANA,TRAMO DE VIA RECTA,IMPRUDENCIA DEL CONDUCTOR,ADELANTAMIENTO SIN EL ESPACIO O TIEMPO SUFICIENTE,LOS LIBERTADORES,AMERICO VESPUCIO,AMERICO VESPUCIO - LOS LIBERTADORES,0, , ,BIDIRECCIONAL,CONCRETO,BUENO,SECO,DESPEJADO,0,0,0,1,13,131,13107,Metropolitana de Santiago,Santiago,Huechuraba,Interseccion,"AMERICO VESPUCIO & LOS LIBERTADORES, Huechuraba",-33.36715,-70.680893
-7980032.54172197,-4223492.45922033,4649,2023,1540741,2023/06/14 00:00:00+00,Junio,14,Miércoles,1899/12/30 00:00:00+00,14:00:00,14,REGION MAULE,TALCA,COLISION LATERAL,COLISION,URBANA,TRAMO DE VIA RECTA,IMPRUDENCIA DEL CONDUCTOR,CONDUCCION NO ATENTO CONDICIONES TRANSITO MOMENTO,19 SUR,12 PONIENTE,12 PONIENTE - 19 SUR,0, , ,UNIDIRECCIONAL,CONCRETO,BUENO,SECO,DESPEJADO,0,0,0,0,07,071,07101,Maule,Talca,Talca,Interseccion,"12 PONIENTE & 19 SUR, Talca",-35.437476,-71.685852
-7867086.22789025,-3964930.4737,4650,2023,1539474,2023/06/14 00:00:00+00,Junio,14,Miércoles,1899/12/30 00:00:00+00,14:15:00,14,REGION METROPOLITANA,LA CISTERNA,COLISION POR ALCANCE,COLISION,URBANA,CRUCE CON SEÑAL PARE,IMPRUDENCIA DEL CONDUCTOR,"ADELANTAMIENTO EN CRUCE, CURVA, CUESTA, PUENTE",EL PARRON,CHILE ESPAÑA,CHILE ESPAÑA - EL PARRON,0, , ,BIDIRECCIONAL,CONCRETO,BUENO,SECO,DESPEJADO,0,0,0,1,13,131,13109,Metropolitana de Santiago,Santiago,La Cisterna,Interseccion,"CHILE ESPAÑA & EL PARRON, La Cisterna",-33.522996,-70.671238
-7852801.04291471,-3958039.15755996,4651,2023,1539892,2023/06/14 00:00:00+00,Junio,14,Miércoles,1899/12/30 00:00:00+00,14:20:00,14,REGION METROPOLITANA,PEÑALOLEN,COLISION FRONTAL,COLISION,URBANA,CRUCE CON SEÑAL PARE,IMPRUDENCIA DEL CONDUCTOR,CONDUCCION NO ATENTO CONDICIONES TRANSITO MOMENTO,PSJE 11,LAS PARCELAS,LAS PARCELAS - PSJE 11,0, , ,BIDIRECCIONAL,CONCRETO,BUENO,SECO,NUBLADO,0,0,0,0,13,131,13122,Metropolitana de Santiago,Santiago,Peñalolén,Interseccion,"LAS PARCELAS & PSJE 11, Peñalolén",-33.471372,-70.542912
-8053763.33665653,-4504292.61894411,4652,2023,1538630,2023/06/14 00:00:00+00,Junio,14,Miércoles,1899/12/30 00:00:00+00,14:40:00,14,REGION BIO BIO,LOS ANGELES,COLISION POR ALCANCE,COLISION,URBANA,CRUCE CON SEMAFORO FUNCIONANDO,IMPRUDENCIA DEL CONDUCTOR,CONDUCCION NO ATENTO CONDICIONES TRANSITO MOMENTO,TUCAPEL,VILLAGRAN,TUCAPEL - VILLAGRAN,0, , ,UNIDIRECCIONAL,CONCRETO,BUENO,SECO,DESPEJADO,0,0,0,0,08,083,08301,Biobío,Biobío,Los Angeles,Interseccion,"TUCAPEL & VILLAGRAN, Los Angeles",-37.46622,-72.348187
-7876908.50316039,-4050329.9466374,4653,2023,1538166,2023/06/14 00:00:00+00,Junio,14,Miércoles,1899/12/30 00:00:00+00,15:00:00,15,REGION LIB.B.O'HIGGINS,RANCAGUA,COLISION PERPENDICULAR,COLISION,URBANA,CRUCE CON SEÑAL PARE,DESOBEDIENCIA A SEÑALIZACION,SEÑALIZACION DESOBEDECER SEÑAL PARE,CIRCUNVALACION PONIENTE,ALAMEDA,ALAMEDA - CIRCUNVALACION PONIENTE,0, , ,BIDIRECCIONAL CON BANDEJON,CONCRETO,BUENO,SECO,NUBLADO,0,0,1,2,06,061,06101,Libertador General Bernardo O'Higgins,Cachapoal,Rancagua,Interseccion,"ALAMEDA & CIRCUNVALACION PONIENTE, Rancagua",-34.160175,-70.759473
-8053252.38019379,-4504626.14284482,4654,2023,1538627,2023/06/14 00:00:00+00,Junio,14,Miércoles,1899/12/30 00:00:00+00,17:15:00,17,REGION BIO BIO,LOS ANGELES,COLISION LATERAL,COLISION,URBANA,CRUCE CON SEÑAL CEDA EL PASO,IMPRUDENCIA DEL CONDUCTOR,CONDUCCION NO ATENTO CONDICIONES TRANSITO MOMENTO,COLO COLO,HERIBERTO BRITO,COLO COLO - HERIBERTO BRITO,0, , ,UNIDIRECCIONAL,CONCRETO,BUENO,SECO,DESPEJADO,0,0,0,1,08,083,08301,Biobío,Biobío,Los Angeles,Interseccion,"COLO COLO & HERIBERTO BRITO, Los Angeles",-37.468598,-72.343597
-7873555.5600977,-3996507.95832262,4655,2023,1542646,2023/06/14 00:00:00+00,Junio,14,Miércoles,1899/12/30 00:00:00+00,17:20:00,17,REGION METROPOLITANA,BUIN,VOLCADURA,VOLCADURA,URBANA,CRUCE CON SEÑAL PARE,VELOCIDAD IMPRUDENTE,VELOCIDAD NO RAZONABLE NI PRUDENTE,TENIENTE MERINO,PASO INFERIOR LINDEROS,PASO INFERIOR LINDEROS - TENIENTE MERINO,0, , ,UNIDIRECCIONAL,ASFALTO,BUENO,SECO,DESPEJADO,0,0,0,0,13,134,13402,Metropolitana de Santiago,Maipo,Buin,Interseccion,"PASO INFERIOR LINDEROS & TENIENTE MERINO, Buin",-33.759154,-70.729353
-7868093.22400396,-3953297.55610035,4656,2023,1538748,2023/06/14 00:00:00+00,Junio,14,Miércoles,1899/12/30 00:00:00+00,19:10:00,19,REGION METROPOLITANA,QUINTA NORMAL,COLISION LATERAL,COLISION,URBANA,CRUCE CON SEMAFORO FUNCIONANDO,IMPRUDENCIA DEL CONDUCTOR,CONDUCCION NO ATENTO CONDICIONES TRANSITO MOMENTO,SAN PABLO,MATUCANA,MATUCANA - SAN PABLO,0, , ,UNIDIRECCIONAL,ASFALTO,REGULAR,SECO,DESPEJADO,0,0,0,1,13,131,13126,Metropolitana de Santiago,Santiago,Quinta Normal,Interseccion,"MATUCANA & SAN PABLO, Quinta Normal",-33.435834,-70.680284
-7858593.28545136,-3951370.23645303,4657,2023,1545161,2023/06/14 00:00:00+00,Junio,14,Miércoles,1899/12/30 00:00:00+00,20:30:00,20,REGION METROPOLITANA,LAS CONDES,COLISION LATERAL,COLISION,URBANA,TRAMO DE VIA RECTA,IMPRUDENCIA DEL CONDUCTOR,CONDUCCION NO ATENTO CONDICIONES TRANSITO MOMENTO,PDTE ERRAZURIZ,UNAMUNO,PDTE ERRAZURIZ - UNAMUNO,0, , ,BIDIRECCIONAL,ASFALTO,BUENO,SECO,DESPEJADO,0,0,0,0,13,131,13114,Metropolitana de Santiago,Santiago,Las Condes,Interseccion,"PDTE ERRAZURIZ & UNAMUNO, Las Condes",-33.421385,-70.594945
-7871162.76989586,-3957315.05862095,4658,2023,1538954,2023/06/15 00:00:00+00,Junio,15,Jueves,1899/12/30 00:00:00+00,06:30:00,6,REGION METROPOLITANA,ESTACION CENTRAL,ATROPELLO,ATROPELLO,URBANA,TRAMO DE VIA RECTA,IMPRUDENCIA DEL PEATON,IMPRUDENCIA DEL PEATON,5 DE ABRIL,AEROPUERTO,5 DE ABRIL - AEROPUERTO,0, , ,BIDIRECCIONAL,ASFALTO,REGULAR,SECO,DESPEJADO,0,2,0,0,13,131,13106,Metropolitana de Santiago,Santiago,Estación Central,Interseccion,"5 DE ABRIL & AEROPUERTO, Estación Central",-33.465946,-70.707858
-7859162.61785507,-3970166.85260678,4659,2023,1539923,2023/06/15 00:00:00+00,Junio,15,Jueves,1899/12/30 00:00:00+00,08:25:00,8,REGION METROPOLITANA,LA FLORIDA,COLISION LATERAL,COLISION,URBANA,CRUCE CON SEMAFORO FUNCIONANDO,IMPRUDENCIA DEL CONDUCTOR,NO RESPETAR DERECHO PREFERENTE DE PASO A VEHICULO,STA RAQUEL,MARIA ELENA,MARIA ELENA - STA RAQUEL,0, , ,BIDIRECCIONAL,ASFALTO,BUENO,SECO,DESPEJADO,0,0,1,0,13,131,13110,Metropolitana de Santiago,Santiago,La Florida,Interseccion,"MARIA ELENA & STA RAQUEL, La Florida",-33.562202,-70.600059
-7857793.87792407,-3978391.29303089,4660,2023,1538781,2023/06/15 00:00:00+00,Junio,15,Jueves,1899/12/30 00:00:00+00,11:00:00,11,REGION METROPOLITANA,PUENTE ALTO,CHOQUE POSTERIOR/FRENTE,CHOQUE,URBANA,CRUCE CON SEMAFORO FUNCIONANDO,IMPRUDENCIA DEL CONDUCTOR,CONDUCIR VEHICULO EN RETROCESO,LA COLONIA,SAN PEDRO,LA COLONIA - SAN PEDRO,0, , ,BIDIRECCIONAL,ASFALTO,BUENO,OTROS,DESPEJADO,0,0,0,0,13,132,13201,Metropolitana de Santiago,Cordillera,Puente Alto,Interseccion,"LA COLONIA & SAN PEDRO, Puente Alto",-33.623744,-70.587763
-7975691.63823415,-4223750.55715439,4661,2023,1538458,2023/06/15 00:00:00+00,Junio,15,Jueves,1899/12/30 00:00:00+00,11:25:00,11,REGION MAULE,TALCA,COLISION POR ALCANCE,COLISION,URBANA,TRAMO DE VIA RECTA,IMPRUDENCIA DEL CONDUCTOR,CONDUCCION NO ATENTO CONDICIONES TRANSITO MOMENTO,14 ORIENTE,11 SUR,11 SUR - 14 ORIENTE,0, , ,UNIDIRECCIONAL,CONCRETO,BUENO,SECO,DESPEJADO,0,0,0,0,07,071,07101,Maule,Talca,Talca,Interseccion,"11 SUR & 14 ORIENTE, Talca",-35.439365,-71.646857
-7867427.756088,-3960641.87386495,4662,2023,1539697,2023/06/15 00:00:00+00,Junio,15,Jueves,1899/12/30 00:00:00+00,12:40:00,12,REGION METROPOLITANA,PEDRO AGUIRRE CERDA,ATROPELLO,ATROPELLO,URBANA,TRAMO DE VIA RECTA,IMPRUDENCIA DEL CONDUCTOR,CONDUCCION NO ATENTO CONDICIONES TRANSITO MOMENTO,ISABEL RIQUELME,ALC FLORES,ALC FLORES - ISABEL RIQUELME,0, , ,BIDIRECCIONAL,ASFALTO,BUENO,SECO,DESPEJADO,1,0,0,1,13,131,13121,Metropolitana de Santiago,Santiago,Pedro Aguirre Cerda,Interseccion,"ALC FLORES & ISABEL RIQUELME, Pedro Aguirre Cerda",-33.490873,-70.674306
-7865800.59909107,-3951679.17449935,4663,2023,1539926,2023/06/15 00:00:00+00,Junio,15,Jueves,1899/12/30 00:00:00+00,14:00:00,14,REGION METROPOLITANA,INDEPENDENCIA,COLISION PERPENDICULAR,COLISION,URBANA,CRUCE CON SEÑAL PARE,DESOBEDIENCIA A SEÑALIZACION,SEÑALIZACION DESOBEDECER SEÑAL PARE,ESCANILLA,RETIRO,ESCANILLA - RETIRO,0, , ,UNIDIRECCIONAL,ASFALTO,BUENO,SECO,DESPEJADO,0,0,0,1,13,131,13108,Metropolitana de Santiago,Santiago,Independencia,Interseccion,"ESCANILLA & RETIRO, Independencia",-33.423701,-70.659689
-7860860.46272865,-3956626.66745286,4664,2023,1539826,2023/06/15 00:00:00+00,Junio,15,Jueves,1899/12/30 00:00:00+00,14:30:00,14,REGION METROPOLITANA,ÑUÑOA,COLISION POR ALCANCE,COLISION,URBANA,TRAMO DE VIA RECTA,IMPRUDENCIA DEL CONDUCTOR,CONDUCCION SIN MANTENER DISTANCIA RAZONABLE NI PRUDENTE,REP DE ISRAEL,GRAL PEDRO PABLO DARTNELL,GRAL PEDRO PABLO DARTNELL - REP DE ISRAEL,0, , ,UNIDIRECCIONAL,CONCRETO,BUENO,SECO,DESPEJADO,0,0,1,0,13,131,13120,Metropolitana de Santiago,Santiago,Ñuñoa,Interseccion,"GRAL PEDRO PABLO DARTNELL & REP DE ISRAEL, Ñuñoa",-33.460787,-70.615311
-7930005.89648455,-3486405.92932446,4665,2023,1540900,2023/06/15 00:00:00+00,Junio,15,Jueves,1899/12/30 00:00:00+00,15:40:00,15,REGION COQUIMBO,LA SERENA,COLISION PERPENDICULAR,COLISION,URBANA,CRUCE CON SEÑAL PARE,IMPRUDENCIA DEL CONDUCTOR,NO RESPETAR DERECHO PREFERENTE DE PASO A VEHICULO,CIRCUNVALACION MONJITAS ORIENTE,FEDERICO GARCIA LORCA,CIRCUNVALACION MONJITAS ORIENTE - FEDERICO GARCIA LORCA,0, , ,BIDIRECCIONAL,ASFALTO,BUENO,SECO,DESPEJADO,0,0,0,3,04,041,04101,Coquimbo,Elqui,La Serena,Interseccion,"CIRCUNVALACION MONJITAS ORIENTE & FEDERICO GARCIA LORCA, La Serena",-29.866537,-71.236455
-7866613.30736055,-3955311.36252579,4666,2023,1539324,2023/06/15 00:00:00+00,Junio,15,Jueves,1899/12/30 00:00:00+00,15:50:00,15,REGION METROPOLITANA,SANTIAGO,COLISION LATERAL,COLISION,URBANA,CRUCE CON SEMAFORO FUNCIONANDO,IMPRUDENCIA DEL CONDUCTOR,CONDUCCION NO ATENTO CONDICIONES TRANSITO MOMENTO,SAZIE,MANUEL MONTT,MANUEL MONTT - SAZIE,0, , ,UNIDIRECCIONAL,ASFALTO,BUENO,SECO,DESPEJADO,0,1,0,0,13,131,13101,Metropolitana de Santiago,Santiago,Santiago,Interseccion,"MANUEL MONTT & SAZIE, Santiago",-33.450929,-70.66699
-7874509.4568143,-3942636.64587468,4667,2023,1538362,2023/06/15 00:00:00+00,Junio,15,Jueves,1899/12/30 00:00:00+00,16:10:00,16,REGION METROPOLITANA,QUILICURA,COLISION POR ALCANCE,COLISION,URBANA,CRUCE CON SEÑAL CEDA EL PASO,IMPRUDENCIA DEL CONDUCTOR,CONDUCCION NO ATENTO CONDICIONES TRANSITO MOMENTO,RIGOBERTO JARA,STA LUISA,RIGOBERTO JARA - STA LUISA,0, , ,UNIDIRECCIONAL,ASFALTO,BUENO,SECO,DESPEJADO,0,0,0,1,13,131,13125,Metropolitana de Santiago,Santiago,Quilicura,Interseccion,"RIGOBERTO JARA & STA LUISA, Quilicura",-33.355878,-70.737922
-7877167.65493496,-3968812.31982708,4668,2023,1544259,2023/06/15 00:00:00+00,Junio,15,Jueves,1899/12/30 00:00:00+00,17:00:00,17,REGION METROPOLITANA,MAIPU,COLISION LATERAL,COLISION,URBANA,TRAMO DE VIA RECTA,IMPRUDENCIA DEL CONDUCTOR,CONDUCCION NO ATENTO CONDICIONES TRANSITO MOMENTO,TOQUI AILLAVILU,SAN CEFERINO,SAN CEFERINO - TOQUI AILLAVILU,0, , ,BIDIRECCIONAL,CONCRETO,REGULAR,SECO,DESPEJADO,0,0,0,0,13,131,13119,Metropolitana de Santiago,Santiago,Maipú,Interseccion,"SAN CEFERINO & TOQUI AILLAVILU, Maipú",-33.552062,-70.761801
-7875008.61341102,-3967581.35574947,4669,2023,1544262,2023/06/15 00:00:00+00,Junio,15,Jueves,1899/12/30 00:00:00+00,18:30:00,18,REGION METROPOLITANA,MAIPU,COLISION POR ALCANCE,COLISION,URBANA,TRAMO DE VIA RECTA,ALCOHOL EN CONDUCTOR,CONDUCCION EN ESTADO DE EBRIEDAD,STA MARIA,CAMINO A LONQUEN,CAMINO A LONQUEN - STA MARIA,0, , ,BIDIRECCIONAL,CONCRETO,REGULAR,SECO,DESPEJADO,0,0,0,2,13,131,13119,Metropolitana de Santiago,Santiago,Maipú,Interseccion,"CAMINO A LONQUEN & STA MARIA, Maipú",-33.542846,-70.742406
-7854784.31096268,-3958400.01406237,4670,2023,1539897,2023/06/15 00:00:00+00,Junio,15,Jueves,1899/12/30 00:00:00+00,20:22:00,20,REGION METROPOLITANA,PEÑALOLEN,COLISION FRONTAL,COLISION,URBANA,CRUCE CON SEÑAL PARE,DESOBEDIENCIA A SEÑALIZACION,SEÑALIZACION DESOBEDECER SEÑAL PARE,CUENCAS,EL CONTINENTE,CUENCAS - EL CONTINENTE,0, , ,BIDIRECCIONAL,CONCRETO,BUENO,SECO,DESPEJADO,0,1,0,0,13,131,13122,Metropolitana de Santiago,Santiago,Peñalolén,Interseccion,"CUENCAS & EL CONTINENTE, Peñalolén",-33.474076,-70.560728
-8153388.49230299,-4840219.42943723,4671,2023,1538970,2023/06/15 00:00:00+00,Junio,15,Jueves,1899/12/30 00:00:00+00,21:10:00,21,REGION DE LOS RIOS,VALDIVIA,COLISION LATERAL,COLISION,URBANA,CRUCE CON SEÑAL PARE,DESOBEDIENCIA A SEÑALIZACION,SEÑALIZACION DESOBEDECER SEÑAL PARE,BAQUEDANO,CLEMENTE ESCOBAR,BAQUEDANO - CLEMENTE ESCOBAR,0, , ,BIDIRECCIONAL,CONCRETO,BUENO,SECO,DESPEJADO,0,0,0,0,14,141,14101,Los Ríos,Valdivia,Valdivia,Interseccion,"BAQUEDANO & CLEMENTE ESCOBAR, Valdivia",-39.822759,-73.243135
-7867095.57872747,-3944682.97315864,4672,2023,1540661,2023/06/15 00:00:00+00,Junio,15,Jueves,1899/12/30 00:00:00+00,22:50:00,22,REGION METROPOLITANA,HUECHURABA,COLISION,COLISION,URBANA,CRUCE CON SEMAFORO FUNCIONANDO,IMPRUDENCIA DEL CONDUCTOR,CONDUCCION NO ATENTO CONDICIONES TRANSITO MOMENTO,AMERICO VESPUCIO,PEDRO FONTOVA,AMERICO VESPUCIO - PEDRO FONTOVA,0, , ,BIDIRECCIONAL CON BANDEJON,ASFALTO,BUENO,SECO,DESPEJADO,0,0,0,2,13,131,13107,Metropolitana de Santiago,Santiago,Huechuraba,Interseccion,"AMERICO VESPUCIO & PEDRO FONTOVA, Huechuraba",-33.371231,-70.671322
-7971779.48168719,-3901211.51388288,4673,2023,1539139,2023/06/15 00:00:00+00,Junio,15,Jueves,1899/12/30 00:00:00+00,23:42:00,23,REGION VALPARAISO,VALPARAISO,COLISION,COLISION,URBANA,CRUCE CON SEMAFORO FUNCIONANDO,DESOBEDIENCIA A SEÑALIZACION,SEÑALIZACION DESOBEDECER LUZ ROJA DE SEMAFORO,ERRAZURIZ,FRANCIA,ERRAZURIZ - FRANCIA,0, , ,BIDIRECCIONAL CON BANDEJON,ASFALTO,BUENO,SECO,DESPEJADO,0,0,0,0,05,051,05101,Valparaíso,Valparaíso,Valparaíso,Interseccion,"ERRAZURIZ & FRANCIA, Valparaíso",-33.044496,-71.611714
-8153453.45753406,-4840814.17103934,4674,2023,1539275,2023/06/16 00:00:00+00,Junio,16,Viernes,1899/12/30 00:00:00+00,02:55:00,2,REGION DE LOS RIOS,VALDIVIA,ATROPELLO,ATROPELLO,URBANA,CRUCE CON SEÑAL PARE,IMPRUDENCIA DEL CONDUCTOR,CONDUCCION NO ATENTO CONDICIONES TRANSITO MOMENTO,CLEMENTE ESCOBAR,BULNES,BULNES - CLEMENTE ESCOBAR,0, , ,BIDIRECCIONAL,CONCRETO,BUENO,SECO,DESPEJADO,0,0,0,1,14,141,14101,Los Ríos,Valdivia,Valdivia,Interseccion,"BULNES & CLEMENTE ESCOBAR, Valdivia",-39.826862,-73.243719
-7875581.90878861,-3964016.89506237,4675,2023,1540189,2023/06/16 00:00:00+00,Junio,16,Viernes,1899/12/30 00:00:00+00,07:05:00,7,REGION METROPOLITANA,MAIPU,VOLCADURA,VOLCADURA,URBANA,TRAMO DE VIA RECTA,IMPRUDENCIA DEL CONDUCTOR,CONDUCCION NO ATENTO CONDICIONES TRANSITO MOMENTO,4 ALAMOS,SEGUNDA TRANSVERSAL,4 ALAMOS - SEGUNDA TRANSVERSAL,0, , ,UNIDIRECCIONAL,ASFALTO,BUENO,SECO,DESPEJADO,0,1,0,0,13,131,13119,Metropolitana de Santiago,Santiago,Maipú,Interseccion,"4 ALAMOS & SEGUNDA TRANSVERSAL, Maipú",-33.516154,-70.747556
-7877941.63705715,-3962597.13290075,4676,2023,1540208,2023/06/16 00:00:00+00,Junio,16,Viernes,1899/12/30 00:00:00+00,07:05:00,7,REGION METROPOLITANA,MAIPU,COLISION LATERAL,COLISION,URBANA,TRAMO DE VIA RECTA,IMPRUDENCIA DEL CONDUCTOR,CONDUCCION NO ATENTO CONDICIONES TRANSITO MOMENTO,LIBERTAD,DE LA VICTORIA,DE LA VICTORIA - LIBERTAD,0, , ,BIDIRECCIONAL,ASFALTO,BUENO,SECO,DESPEJADO,0,1,0,0,13,131,13119,Metropolitana de Santiago,Santiago,Maipú,Interseccion,"DE LA VICTORIA & LIBERTAD, Maipú",-33.50552,-70.768754
-7904106.1479427,-3655992.2127358,4677,2023,1538763,2023/06/16 00:00:00+00,Junio,16,Viernes,1899/12/30 00:00:00+00,08:30:00,8,REGION COQUIMBO,COMBARBALA,COLISION,COLISION,URBANA,CRUCE CON SEÑAL CEDA EL PASO,DESOBEDIENCIA A SEÑALIZACION,SEÑALIZACION DESOBEDECER SEÑAL CEDA EL PASO,PONIENTE,COMERCIO,COMERCIO - PONIENTE,0, , ,BIDIRECCIONAL,CONCRETO,REGULAR,SECO,DESPEJADO,0,1,0,0,04,043,04302,Coquimbo,Limarí,Combarbalá,Interseccion,"COMERCIO & PONIENTE, Combarbalá",-31.178805,-71.003794
-7870948.37972194,-3966170.54348661,4678,2023,1538899,2023/06/16 00:00:00+00,Junio,16,Viernes,1899/12/30 00:00:00+00,08:30:00,8,REGION METROPOLITANA,CERRILLOS,COLISION PERPENDICULAR,COLISION,URBANA,CRUCE CON SEÑAL CEDA EL PASO,IMPRUDENCIA DEL CONDUCTOR,CONDUCCION NO ATENTO CONDICIONES TRANSITO MOMENTO,GRAL VELASQUEZ,VISTA ALEGRE,GRAL VELASQUEZ - VISTA ALEGRE,0, , ,BIDIRECCIONAL,ASFALTO,BUENO,SECO,NUBLADO,0,0,0,2,13,131,13102,Metropolitana de Santiago,Santiago,Cerrillos,Interseccion,"GRAL VELASQUEZ & VISTA ALEGRE, Cerrillos",-33.532282,-70.705932
-7876809.97427909,-3945003.46340764,4679,2023,1538852,2023/06/16 00:00:00+00,Junio,16,Viernes,1899/12/30 00:00:00+00,10:45:00,10,REGION METROPOLITANA,QUILICURA,COLISION LATERAL,COLISION,URBANA,TRAMO DE VIA RECTA,IMPRUDENCIA DEL CONDUCTOR,CONDUCCION CAMBIAR SORPRESIVAMENTE PISTA CIRCULACION,CAMINO LO ECHEVERS,ANTILLANCA,ANTILLANCA - CAMINO LO ECHEVERS,0, , ,BIDIRECCIONAL,ASFALTO,BUENO,SECO,DESPEJADO,0,1,0,0,13,131,13125,Metropolitana de Santiago,Santiago,Quilicura,Interseccion,"ANTILLANCA & CAMINO LO ECHEVERS, Quilicura",-33.373635,-70.758588
-7855952.72033805,-3948221.34704824,4680,2023,1545420,2023/06/16 00:00:00+00,Junio,16,Viernes,1899/12/30 00:00:00+00,10:45:00,10,REGION METROPOLITANA,VITACURA,COLISION,COLISION,URBANA,ROTONDA,IMPRUDENCIA DEL CONDUCTOR,CONDUCCION SIN MANTENER DISTANCIA RAZONABLE NI PRUDENTE,PDTE KENNEDY,MANQUEHUE NORTE,MANQUEHUE NORTE - PDTE KENNEDY,0, , ,UNIDIRECCIONAL,ASFALTO,BUENO,SECO,DESPEJADO,0,1,0,0,13,131,13132,Metropolitana de Santiago,Santiago,Vitacura,Interseccion,"MANQUEHUE NORTE & PDTE KENNEDY, Vitacura",-33.397772,-70.571224
-7970432.5715306,-4279507.7410688,4681,2023,1539586,2023/06/16 00:00:00+00,Junio,16,Viernes,1899/12/30 00:00:00+00,11:00:00,11,REGION MAULE,LINARES,COLISION POR ALCANCE,COLISION,URBANA,TRAMO DE VIA RECTA,OTRAS CAUSAS,HECHO DELICTUAL,PRESIDENTE CARLOS IBAÑEZ DEL CAMPO,LAUTARO,LAUTARO - PRESIDENTE CARLOS IBAÑEZ DEL CAMPO,0, , ,BIDIRECCIONAL CON BANDEJON,ASFALTO,BUENO,SECO,DESPEJADO,0,0,0,1,07,074,07401,Maule,Linares,Linares,Interseccion,"LAUTARO & PRESIDENTE CARLOS IBAÑEZ DEL CAMPO, Linares",-35.846407,-71.599614