X,Y,FID,Año,IdAccident,Fecha,Mes,Dia_mes,Dia_semana,Hora,Hora_texto,Hora_aprox,Región,Comuna,Tipo_Accid,Tipo__CONA,Zona,Ubicación,Causa__CON,Causa_Acci,Calle_Uno,Calle_Dos,Intersecci,Número,Ruta,Ubicaci_1,Calzada,Tipo_Calza,Estado_Cal,Condición,Estado_Atm,Fallecidos,Graves,Menos_Grav,Leves,CUT_REG,CUT_PROV,CUT_COM,REGION,PROVINCIA,COMUNA1,Tipo_direc,Direccion,Lat,Lon
-7941753.10838949,-3501718.7844904,4682,2023,1539019,2023/06/16 00:00:00+00,Junio,16,Viernes,1899/12/30 00:00:00+00,12:40:00,12,REGION COQUIMBO,COQUIMBO,COLISION PERPENDICULAR,COLISION,URBANA,CRUCE SIN SEÑALIZACION,IMPRUDENCIA DEL CONDUCTOR,CONDUCCION NO ATENTO CONDICIONES TRANSITO MOMENTO,CACTUS,LOS ARRAYANES,CACTUS - LOS ARRAYANES,0, , ,BIDIRECCIONAL,CONCRETO,BUENO,SECO,DESPEJADO,0,0,0,0,04,041,04102,Coquimbo,Elqui,Coquimbo,Interseccion,"CACTUS & LOS ARRAYANES, Coquimbo",-29.985754,-71.341982
-7858278.85241766,-3946713.3965538,4683,2023,1540602,2023/06/16 00:00:00+00,Junio,16,Viernes,1899/12/30 00:00:00+00,12:55:00,12,REGION METROPOLITANA,VITACURA,COLISION LATERAL,COLISION,URBANA,CRUCE CON SEMAFORO FUNCIONANDO,IMPRUDENCIA DEL CONDUCTOR,CONDUCCION NO ATENTO CONDICIONES TRANSITO MOMENTO,LUIS CARRERA,COST MONS ESCRIVA DE BALAGUER,COST MONS ESCRIVA DE BALAGUER - LUIS CARRERA,0, , ,BIDIRECCIONAL,ASFALTO,BUENO,SECO,DESPEJADO,0,0,0,0,13,131,13132,Metropolitana de Santiago,Santiago,Vitacura,Interseccion,"COST MONS ESCRIVA DE BALAGUER & LUIS CARRERA, Vitacura",-33.386462,-70.59212
-7867070.30920306,-3953042.50559115,4684,2023,1539236,2023/06/16 00:00:00+00,Junio,16,Viernes,1899/12/30 00:00:00+00,13:10:00,13,REGION METROPOLITANA,SANTIAGO,COLISION,COLISION,URBANA,CRUCE CON SEÑAL PARE,IMPRUDENCIA DEL CONDUCTOR,CONDUCCION SIN MANTENER DISTANCIA RAZONABLE NI PRUDENTE,MARTINEZ DE ROZAS,GRAL BULNES,GRAL BULNES - MARTINEZ DE ROZAS,0, , ,UNIDIRECCIONAL,CONCRETO,BUENO,SECO,DESPEJADO,1,0,0,0,13,131,13101,Metropolitana de Santiago,Santiago,Santiago,Interseccion,"GRAL BULNES & MARTINEZ DE ROZAS, Santiago",-33.433922,-70.671095
-8141492.33494163,-4424367.5076923,4685,2023,1547746,2023/06/16 00:00:00+00,Junio,16,Viernes,1899/12/30 00:00:00+00,14:05:00,14,REGION BIO BIO,SAN PEDRO DE LA PAZ,COLISION POR ALCANCE,COLISION,URBANA,TRAMO DE VIA RECTA,IMPRUDENCIA DEL CONDUCTOR,CONDUCCION NO ATENTO CONDICIONES TRANSITO MOMENTO,PROGRESO,BENJAMIN SUBERCASEAUX,BENJAMIN SUBERCASEAUX - PROGRESO,0, , ,UNIDIRECCIONAL,ASFALTO,BUENO,SECO,DESPEJADO,0,0,0,1,08,081,08108,Biobío,Concepción,San Pedro de la Paz,Interseccion,"BENJAMIN SUBERCASEAUX & PROGRESO, San Pedro de la Paz",-36.894183,-73.13627
-7860433.34104122,-3960660.21424981,4686,2023,1539000,2023/06/16 00:00:00+00,Junio,16,Viernes,1899/12/30 00:00:00+00,14:54:00,14,REGION METROPOLITANA,MACUL,COLISION POR ALCANCE,COLISION,URBANA,CRUCE CON SEMAFORO FUNCIONANDO,IMPRUDENCIA DEL CONDUCTOR,CONDUCCION CAMBIAR SORPRESIVAMENTE PISTA CIRCULACION,ESC AGRICOLA,MARATHON,ESC AGRICOLA - MARATHON,0, , ,BIDIRECCIONAL,CONCRETO,BUENO,SECO,DESPEJADO,1,0,0,0,13,131,13118,Metropolitana de Santiago,Santiago,Macul,Interseccion,"ESC AGRICOLA & MARATHON, Macul",-33.49101,-70.611474
-7963365.45354627,-3891616.01901831,4687,2023,1548707,2023/06/16 00:00:00+00,Junio,16,Viernes,1899/12/30 00:00:00+00,15:00:00,15,REGION VALPARAISO,VIÑA DEL MAR,CHOQUE FRONTAL,CHOQUE,URBANA,TRAMO DE VIA CURVA HORIZONTAL,IMPRUDENCIA DEL CONDUCTOR,CONDUCCION NO ATENTO CONDICIONES TRANSITO MOMENTO,GASTON HAMMEL NIETO,BALMACEDA,BALMACEDA - GASTON HAMMEL NIETO,0, , ,BIDIRECCIONAL,CONCRETO,BUENO,SECO,DESPEJADO,0,0,1,0,05,051,05109,Valparaíso,Valparaíso,Viña del Mar,Interseccion,"BALMACEDA & GASTON HAMMEL NIETO, Viña del Mar",-32.972211,-71.536129
-8141775.42038446,-4949185.62102505,4688,2023,1538956,2023/06/16 00:00:00+00,Junio,16,Viernes,1899/12/30 00:00:00+00,15:40:00,15,REGION LOS LAGOS,OSORNO,COLISION,COLISION,URBANA,CRUCE CON SEÑAL PARE,DESOBEDIENCIA A SEÑALIZACION,SEÑALIZACION DESOBEDECER SEÑAL PARE,MANUEL BULNES,MANUEL BAQUEDANO,MANUEL BAQUEDANO - MANUEL BULNES,0, , ,UNIDIRECCIONAL,CONCRETO,REGULAR,HUMEDO,NUBLADO,0,0,0,2,10,103,10301,Los Lagos,Osorno,Osorno,Interseccion,"MANUEL BAQUEDANO & MANUEL BULNES, Osorno",-40.570433,-73.138813
-7932094.58413483,-3501152.24542122,4689,2023,1539018,2023/06/16 00:00:00+00,Junio,16,Viernes,1899/12/30 00:00:00+00,17:00:00,17,REGION COQUIMBO,COQUIMBO,COLISION PERPENDICULAR,COLISION,URBANA,CRUCE SIN SEÑALIZACION,IMPRUDENCIA DEL CONDUCTOR,CONDUCCION NO ATENTO CONDICIONES TRANSITO MOMENTO,FUNDICION NORTE,FEDERICO SILVA,FEDERICO SILVA - FUNDICION NORTE,0, , ,BIDIRECCIONAL,ASFALTO,BUENO,SECO,NUBLADO,0,1,0,0,04,041,04102,Coquimbo,Elqui,Coquimbo,Interseccion,"FEDERICO SILVA & FUNDICION NORTE, Coquimbo",-29.981346,-71.255218
-7850079.22570507,-3944683.46635731,4690,2023,1541283,2023/06/16 00:00:00+00,Junio,16,Viernes,1899/12/30 00:00:00+00,17:00:00,17,REGION METROPOLITANA,LO BARNECHEA,CHOQUE FRENTE/POSTERIOR,CHOQUE,URBANA,CRUCE CON SEÑAL CEDA EL PASO,IMPRUDENCIA DEL CONDUCTOR,CONDUCCION NO ATENTO CONDICIONES TRANSITO MOMENTO,SAN FRANCISCO DE ASIS,COST MONS ESCRIVA DE BALAGUER,COST MONS ESCRIVA DE BALAGUER - SAN FRANCISCO DE ASIS,0, , ,BIDIRECCIONAL,CONCRETO,BUENO,SECO,DESPEJADO,0,0,0,0,13,131,13115,Metropolitana de Santiago,Santiago,Lo Barnechea,Interseccion,"COST MONS ESCRIVA DE BALAGUER & SAN FRANCISCO DE ASIS, Lo Barnechea",-33.371235,-70.518462
-7862855.86460112,-3962807.40246479,4691,2023,1541318,2023/06/16 00:00:00+00,Junio,16,Viernes,1899/12/30 00:00:00+00,18:20:00,18,REGION METROPOLITANA,SAN JOAQUIN,COLISION LATERAL,COLISION,URBANA,TRAMO DE VIA RECTA,IMPRUDENCIA DEL CONDUCTOR,CONDUCCION NO ATENTO CONDICIONES TRANSITO MOMENTO,DEPARTAMENTAL,JUAN PLANAS,DEPARTAMENTAL - JUAN PLANAS,0, , ,BIDIRECCIONAL,CONCRETO,BUENO,SECO,DESPEJADO,0,0,0,0,13,131,13129,Metropolitana de Santiago,Santiago,San Joaquín,Interseccion,"DEPARTAMENTAL & JUAN PLANAS, San Joaquín",-33.507095,-70.633236
-7861460.02950606,-3965483.56972459,4692,2023,1539065,2023/06/16 00:00:00+00,Junio,16,Viernes,1899/12/30 00:00:00+00,18:28:00,18,REGION METROPOLITANA,LA GRANJA,COLISION LATERAL,COLISION,URBANA,CRUCE CON SEÑAL PARE,DESOBEDIENCIA A SEÑALIZACION,SEÑALIZACION DESOBEDECER SEÑAL PARE,LINARES,PARRAL,LINARES - PARRAL,0, , ,BIDIRECCIONAL,ASFALTO,BUENO,SECO,DESPEJADO,0,0,0,0,13,131,13111,Metropolitana de Santiago,Santiago,La Granja,Interseccion,"LINARES & PARRAL, La Granja",-33.527138,-70.620697
-7854457.14297924,-3960053.63889552,4693,2023,1539900,2023/06/16 00:00:00+00,Junio,16,Viernes,1899/12/30 00:00:00+00,18:50:00,18,REGION METROPOLITANA,PEÑALOLEN,COLISION LATERAL,COLISION,URBANA,CRUCE CON SEMAFORO FUNCIONANDO,IMPRUDENCIA DEL CONDUCTOR,CONDUCCION NO ATENTO CONDICIONES TRANSITO MOMENTO,MARIANO SANCHEZ FONTECILLA,LOS PRESIDENTES,LOS PRESIDENTES - MARIANO SANCHEZ FONTECILLA,0, , ,BIDIRECCIONAL,CONCRETO,BUENO,SECO,DESPEJADO,0,0,0,0,13,131,13122,Metropolitana de Santiago,Santiago,Peñalolén,Interseccion,"LOS PRESIDENTES & MARIANO SANCHEZ FONTECILLA, Peñalolén",-33.486466,-70.557789
-7880708.50529811,-3969958.98695209,4694,2023,1542892,2023/06/16 00:00:00+00,Junio,16,Viernes,1899/12/30 00:00:00+00,19:00:00,19,REGION METROPOLITANA,PADRE HURTADO,ATROPELLO,ATROPELLO,URBANA,CRUCE CON SEÑAL CEDA EL PASO,IMPRUDENCIA DEL CONDUCTOR,NO RESPETAR DERECHO PREFERENTE DE PASO A PEATON,PRIMERA AVENIDA,PRIMERA TRANSVERSAL,PRIMERA AVENIDA - PRIMERA TRANSVERSAL,0, , ,BIDIRECCIONAL,ASFALTO,BUENO,SECO,DESPEJADO,0,1,0,0,13,136,13604,Metropolitana de Santiago,Talagante,Padre Hurtado,Interseccion,"PRIMERA AVENIDA & PRIMERA TRANSVERSAL, Padre Hurtado",-33.560646,-70.793609
-7970628.23774391,-3902247.68083851,4695,2023,1539151,2023/06/16 00:00:00+00,Junio,16,Viernes,1899/12/30 00:00:00+00,19:50:00,19,REGION VALPARAISO,VALPARAISO,COLISION,COLISION,URBANA,TRAMO DE VIA RECTA,VELOCIDAD IMPRUDENTE,VELOCIDAD MAYOR QUE MAXIMA PERMITIDA,ERRAZURIZ,JUANA ROSS,ERRAZURIZ - JUANA ROSS,0, , ,BIDIRECCIONAL CON BANDEJON,ASFALTO,BUENO,SECO,DESPEJADO,0,0,0,0,05,051,05101,Valparaíso,Valparaíso,Valparaíso,Interseccion,"ERRAZURIZ & JUANA ROSS, Valparaíso",-33.052298,-71.601372
-8144252.61294629,-4950654.00324688,4696,2023,1538940,2023/06/16 00:00:00+00,Junio,16,Viernes,1899/12/30 00:00:00+00,20:20:00,20,REGION LOS LAGOS,OSORNO,CHOQUE FRENTE/POSTERIOR,CHOQUE,URBANA,CRUCE CON SEÑAL CEDA EL PASO,IMPRUDENCIA DEL CONDUCTOR,CONDUCCION NO ATENTO CONDICIONES TRANSITO MOMENTO,REAL,VERACRUZ,REAL - VERACRUZ,0, , ,BIDIRECCIONAL,CONCRETO,BUENO,HUMEDO,NUBLADO,0,0,0,1,10,103,10301,Los Lagos,Osorno,Osorno,Interseccion,"REAL & VERACRUZ, Osorno",-40.580452,-73.161066
-7940935.878634,-3501767.7001707,4697,2023,1539021,2023/06/16 00:00:00+00,Junio,16,Viernes,1899/12/30 00:00:00+00,23:08:00,23,REGION COQUIMBO,COQUIMBO,COLISION PERPENDICULAR,COLISION,URBANA,CRUCE CON SEMAFORO FUNCIONANDO,ALCOHOL EN CONDUCTOR,CONDUCCION EN ESTADO DE EBRIEDAD,LOS ALAMOS,LOS CLARINES,LOS ALAMOS - LOS CLARINES,0, , ,BIDIRECCIONAL,ASFALTO,BUENO,SECO,DESPEJADO,0,1,0,0,04,041,04102,Coquimbo,Elqui,Coquimbo,Interseccion,"LOS ALAMOS & LOS CLARINES, Coquimbo",-29.986135,-71.334641
-8082735.2360109,-4685197.28023244,4698,2023,1538992,2023/06/16 00:00:00+00,Junio,16,Viernes,1899/12/30 00:00:00+00,23:40:00,23,REGION ARAUCANIA,TEMUCO,COLISION PERPENDICULAR,COLISION,URBANA,TRAMO DE VIA RECTA,IMPRUDENCIA DEL CONDUCTOR,CONDUCCION NO ATENTO CONDICIONES TRANSITO MOMENTO,CAUPOLICAN,LAS AGUILAS,CAUPOLICAN - LAS AGUILAS,0, , ,BIDIRECCIONAL CON BANDEJON,ASFALTO,BUENO,SECO,DESPEJADO,0,0,0,1,09,091,09101,La Araucanía,Cautín,Temuco,Interseccion,"CAUPOLICAN & LAS AGUILAS, Temuco",-38.744907,-72.608446
-8139388.91975612,-4401384.34307399,4699,2023,1540339,2023/06/17 00:00:00+00,Junio,17,Sábado,1899/12/30 00:00:00+00,00:51:00,0,REGION BIO BIO,TALCAHUANO,COLISION LATERAL,COLISION,URBANA,TRAMO DE VIA RECTA,VELOCIDAD IMPRUDENTE,"VELOCIDAD NO REDUCIR CRUCE DE CALLES, CUMBRE, CURVA, ETC.",LA MARINA,JUAN ANTONIO RIOS,JUAN ANTONIO RIOS - LA MARINA,0, , ,BIDIRECCIONAL,CONCRETO,BUENO,SECO,DESPEJADO,0,1,0,1,08,081,08110,Biobío,Concepción,Talcahuano,Interseccion,"JUAN ANTONIO RIOS & LA MARINA, Talcahuano",-36.728888,-73.117375
-7870829.67972664,-3942784.58031126,4700,2023,1538913,2023/06/17 00:00:00+00,Junio,17,Sábado,1899/12/30 00:00:00+00,07:30:00,7,REGION METROPOLITANA,QUILICURA,COLISION POR ALCANCE,COLISION,URBANA,TRAMO DE VIA RECTA,ALCOHOL EN CONDUCTOR,CONDUCCION EN ESTADO DE EBRIEDAD,PDTE EDUARDO FREI MONTALVA,LO MARCOLETA,LO MARCOLETA - PDTE EDUARDO FREI MONTALVA,0, , ,UNIDIRECCIONAL,ASFALTO,BUENO,SECO,DESPEJADO,0,0,0,1,13,131,13125,Metropolitana de Santiago,Santiago,Quilicura,Interseccion,"LO MARCOLETA & PDTE EDUARDO FREI MONTALVA, Quilicura",-33.356988,-70.704866
-7863858.09624063,-3950672.17858881,4701,2023,1539296,2023/06/17 00:00:00+00,Junio,17,Sábado,1899/12/30 00:00:00+00,10:24:00,10,REGION METROPOLITANA,RECOLETA,COLISION LATERAL,COLISION,URBANA,CRUCE CON SEMAFORO FUNCIONANDO,IMPRUDENCIA DEL CONDUCTOR,VIRAJES INDEBIDOS,RECOLETA,EL SALTO CHICO,EL SALTO CHICO - RECOLETA,0, , ,BIDIRECCIONAL,ASFALTO,BUENO,SECO,DESPEJADO,0,0,0,0,13,131,13127,Metropolitana de Santiago,Santiago,Recoleta,Interseccion,"EL SALTO CHICO & RECOLETA, Recoleta",-33.416151,-70.642239
-7865661.56104707,-3954654.40723209,4702,2023,1539336,2023/06/17 00:00:00+00,Junio,17,Sábado,1899/12/30 00:00:00+00,11:35:00,11,REGION METROPOLITANA,SANTIAGO,COLISION LATERAL,COLISION,URBANA,CRUCE CON SEMAFORO FUNCIONANDO,IMPRUDENCIA DEL CONDUCTOR,CONDUCCION NO ATENTO CONDICIONES TRANSITO MOMENTO,LIBER BERNARDO O'HIGGINS,TUCAPEL JIMENEZ,LIBER BERNARDO O'HIGGINS - TUCAPEL JIMENEZ,0, , ,BIDIRECCIONAL CON BANDEJON,ASFALTO,BUENO,SECO,DESPEJADO,0,0,0,0,13,131,13101,Metropolitana de Santiago,Santiago,Santiago,Interseccion,"LIBER BERNARDO O'HIGGINS & TUCAPEL JIMENEZ, Santiago",-33.446005,-70.65844
-7865661.56104707,-3954654.40723209,4703,2023,1540047,2023/06/17 00:00:00+00,Junio,17,Sábado,1899/12/30 00:00:00+00,11:35:00,11,REGION METROPOLITANA,SANTIAGO,COLISION,COLISION,URBANA,TRAMO DE VIA RECTA,IMPRUDENCIA DEL CONDUCTOR,ADELANTAMIENTO SIN EL ESPACIO O TIEMPO SUFICIENTE,LIBER BERNARDO O'HIGGINS,TUCAPEL JIMENEZ,LIBER BERNARDO O'HIGGINS - TUCAPEL JIMENEZ,0, , ,UNIDIRECCIONAL,CONCRETO,BUENO,SECO,DESPEJADO,0,0,0,0,13,131,13101,Metropolitana de Santiago,Santiago,Santiago,Interseccion,"LIBER BERNARDO O'HIGGINS & TUCAPEL JIMENEZ, Santiago",-33.446005,-70.65844
-7871594.55594788,-3950697.29140443,4704,2023,1539248,2023/06/17 00:00:00+00,Junio,17,Sábado,1899/12/30 00:00:00+00,14:28:00,14,REGION METROPOLITANA,QUINTA NORMAL,COLISION,COLISION,URBANA,CRUCE CON SEMAFORO FUNCIONANDO,IMPRUDENCIA DEL CONDUCTOR,CONDUCCION NO ATENTO CONDICIONES TRANSITO MOMENTO,SAMUEL IZQUIERDO,CARRASCAL,CARRASCAL - SAMUEL IZQUIERDO,0, , ,BIDIRECCIONAL,CONCRETO,REGULAR,SECO,DESPEJADO,0,0,0,0,13,131,13126,Metropolitana de Santiago,Santiago,Quinta Normal,Interseccion,"CARRASCAL & SAMUEL IZQUIERDO, Quinta Normal",-33.416339,-70.711737
-7874120.79597754,-3862514.42401566,4705,2023,1539271,2023/06/17 00:00:00+00,Junio,17,Sábado,1899/12/30 00:00:00+00,18:00:00,18,REGION VALPARAISO,SAN FELIPE,COLISION LATERAL,COLISION,URBANA,TRAMO DE VIA RECTA,ALCOHOL EN CONDUCTOR,CONDUCCION EN ESTADO DE EBRIEDAD,DIEGO DE ALMAGRO,TACNA NORTE,DIEGO DE ALMAGRO - TACNA NORTE,0, , ,BIDIRECCIONAL,ASFALTO,BUENO,SECO,DESPEJADO,0,0,0,1,05,057,05701,Valparaíso,San Felipe de Aconcagua,San Felipe,Interseccion,"DIEGO DE ALMAGRO & TACNA NORTE, San Felipe",-32.752621,-70.734431
-8120452.99548686,-5081827.3508521,4706,2023,1542670,2023/06/17 00:00:00+00,Junio,17,Sábado,1899/12/30 00:00:00+00,21:10:00,21,REGION LOS LAGOS,PUERTO MONTT,COLISION FRONTAL,COLISION,URBANA,CRUCE CON SEÑAL PARE,DESOBEDIENCIA A SEÑALIZACION,SEÑALIZACION DESOBEDECER SEÑAL PARE,SANTA MARIA,ARTURO PRAT,ARTURO PRAT - SANTA MARIA,0, , ,BIDIRECCIONAL,CONCRETO,BUENO,HUMEDO,NUBLADO,0,0,0,1,10,101,10101,Los Lagos,Llanquihue,Puerto Montt,Interseccion,"ARTURO PRAT & SANTA MARIA, Puerto Montt",-41.469405,-72.94727
-8081591.98484045,-4684247.61068181,4707,2023,1540663,2023/06/17 00:00:00+00,Junio,17,Sábado,1899/12/30 00:00:00+00,21:40:00,21,REGION ARAUCANIA,TEMUCO,COLISION PERPENDICULAR,COLISION,URBANA,CRUCE CON SEMAFORO FUNCIONANDO,DESOBEDIENCIA A SEÑALIZACION,SEÑALIZACION DESOBEDECER LUZ ROJA DE SEMAFORO,CLARO SOLAR,CAUPOLICAN,CAUPOLICAN - CLARO SOLAR,0, , ,UNIDIRECCIONAL,CONCRETO,BUENO,SECO,NUBLADO,0,0,0,1,09,091,09101,La Araucanía,Cautín,Temuco,Interseccion,"CAUPOLICAN & CLARO SOLAR, Temuco",-38.738253,-72.598176
-7863231.01128509,-3968377.94121037,4708,2023,1540204,2023/06/17 00:00:00+00,Junio,17,Sábado,1899/12/30 00:00:00+00,22:30:00,22,REGION METROPOLITANA,SAN RAMON,COLISION FRONTAL,COLISION,URBANA,CRUCE CON SEÑAL PARE,DESOBEDIENCIA A SEÑALIZACION,SEÑALIZACION DESOBEDECER SEÑAL PARE,PEDRO AGUIRRE CERDA,ALPATACAL,ALPATACAL - PEDRO AGUIRRE CERDA,0, , ,BIDIRECCIONAL,ASFALTO,REGULAR,SECO,NUBLADO,0,0,0,1,13,131,13131,Metropolitana de Santiago,Santiago,San Ramón,Interseccion,"ALPATACAL & PEDRO AGUIRRE CERDA, San Ramón",-33.54881,-70.636606
-7837977.09384536,-2715135.80364911,4709,2023,1538797,2023/06/18 00:00:00+00,Junio,18,Domingo,1899/12/30 00:00:00+00,08:40:00,8,REGION ANTOFAGASTA,ANTOFAGASTA,CHOQUE FRONTAL,CHOQUE,URBANA,TRAMO DE VIA RECTA,VELOCIDAD IMPRUDENTE,VELOCIDAD NO RAZONABLE NI PRUDENTE,ARGENTINA,TRUMAO,ARGENTINA - TRUMAO,0, , ,UNIDIRECCIONAL,ASFALTO,BUENO,SECO,DESPEJADO,1,0,0,0,02,021,02101,Antofagasta,Antofagasta,Antofagasta,Interseccion,"ARGENTINA & TRUMAO, Antofagasta",-23.685536,-70.409746
-7930877.30543622,-4161875.49988403,4710,2023,1541017,2023/06/18 00:00:00+00,Junio,18,Domingo,1899/12/30 00:00:00+00,09:00:00,9,REGION MAULE,CURICO,VOLCADURA,VOLCADURA,URBANA,CRUCE CON SEMAFORO FUNCIONANDO,VELOCIDAD IMPRUDENTE,VELOCIDAD NO RAZONABLE NI PRUDENTE,CAMILO HENRIQUEZ,LIBERTADOR BERNARDO O'HIGGINS,CAMILO HENRIQUEZ - LIBERTADOR BERNARDO O'HIGGINS,0, , ,BIDIRECCIONAL,CONCRETO,BUENO,HUMEDO,DESPEJADO,0,0,0,1,07,073,07301,Maule,Curicó,Curicó,Interseccion,"CAMILO HENRIQUEZ & LIBERTADOR BERNARDO O'HIGGINS, Curicó",-34.98524,-71.244283
-7951405.7327668,-3901981.42224753,4711,2023,1541192,2023/06/18 00:00:00+00,Junio,18,Domingo,1899/12/30 00:00:00+00,12:30:00,12,REGION VALPARAISO,QUILPUE,COLISION FRONTAL,COLISION,URBANA,CRUCE CON SEMAFORO FUNCIONANDO,IMPRUDENCIA DEL CONDUCTOR,VIRAJES INDEBIDOS,RECOLETA,MARGA MARGA,MARGA MARGA - RECOLETA,0, , ,BIDIRECCIONAL,CONCRETO,BUENO,SECO,NUBLADO,0,0,0,0,05,058,05801,Valparaíso,Marga Marga,Quilpué,Interseccion,"MARGA MARGA & RECOLETA, Quilpué",-33.050293,-71.428693
-7872402.846726,-3861850.46837889,4712,2023,1539507,2023/06/18 00:00:00+00,Junio,18,Domingo,1899/12/30 00:00:00+00,13:45:00,13,REGION VALPARAISO,SAN FELIPE,VOLCADURA,VOLCADURA,URBANA,TRAMO DE VIA RECTA,IMPRUDENCIA DEL CONDUCTOR,CONDUCCION NO ATENTO CONDICIONES TRANSITO MOMENTO,CHACABUCO,YUNGAY,CHACABUCO - YUNGAY,0, , ,BIDIRECCIONAL,ASFALTO,BUENO,SECO,DESPEJADO,0,0,0,0,05,057,05701,Valparaíso,San Felipe de Aconcagua,San Felipe,Interseccion,"CHACABUCO & YUNGAY, San Felipe",-32.747605,-70.718998
-7930205.38100092,-3489221.35746661,4713,2023,1540923,2023/06/18 00:00:00+00,Junio,18,Domingo,1899/12/30 00:00:00+00,16:30:00,16,REGION COQUIMBO,LA SERENA,COLISION LATERAL,COLISION,URBANA,TRAMO DE VIA RECTA,IMPRUDENCIA DEL CONDUCTOR,CONDUCCION NO ATENTO CONDICIONES TRANSITO MOMENTO,ISLON,COLOMBIA,COLOMBIA - ISLON,0, , ,BIDIRECCIONAL,CONCRETO,BUENO,SECO,DESPEJADO,0,0,0,0,04,041,04101,Coquimbo,Elqui,La Serena,Interseccion,"COLOMBIA & ISLON, La Serena",-29.888467,-71.238247
-7927313.07803566,-4159960.28418831,4714,2023,1541117,2023/06/18 00:00:00+00,Junio,18,Domingo,1899/12/30 00:00:00+00,18:15:00,18,REGION MAULE,CURICO,COLISION LATERAL,COLISION,URBANA,CRUCE SIN SEÑALIZACION,IMPRUDENCIA DEL CONDUCTOR,NO RESPETAR DERECHO PREFERENTE DE PASO A VEHICULO,CIRCUNVALACION DOCTOR OSORIO,PASAJE CUARENTA Y CINCO,CIRCUNVALACION DOCTOR OSORIO - PASAJE CUARENTA Y CINCO,0, , ,BIDIRECCIONAL,ASFALTO,BUENO,SECO,NUBLADO,0,0,0,2,07,073,07301,Maule,Curicó,Curicó,Interseccion,"CIRCUNVALACION DOCTOR OSORIO & PASAJE CUARENTA Y CINCO, Curicó",-34.971143,-71.212265
-7836650.52180427,-2712231.74171023,4715,2023,1542437,2023/06/18 00:00:00+00,Junio,18,Domingo,1899/12/30 00:00:00+00,18:45:00,18,REGION ANTOFAGASTA,ANTOFAGASTA,COLISION,COLISION,URBANA,TRAMO DE VIA RECTA,IMPRUDENCIA DEL CONDUCTOR,CONDUCCION SIN MANTENER DISTANCIA RAZONABLE NI PRUDENTE,MATIAS ROJAS,ANTONINO TORO,ANTONINO TORO - MATIAS ROJAS,0, , ,UNIDIRECCIONAL,ASFALTO,BUENO,SECO,DESPEJADO,0,0,0,1,02,021,02101,Antofagasta,Antofagasta,Antofagasta,Interseccion,"ANTONINO TORO & MATIAS ROJAS, Antofagasta",-23.661643,-70.397829
-7970918.24730359,-3900862.148112,4716,2023,1540559,2023/06/18 00:00:00+00,Junio,18,Domingo,1899/12/30 00:00:00+00,19:30:00,19,REGION VALPARAISO,VALPARAISO,ATROPELLO,ATROPELLO,URBANA,OTROS NO CONSIDERADOS,IMPRUDENCIA DEL CONDUCTOR,NO RESPETAR DERECHO PREFERENTE DE PASO A PEATON,DIEGO PORTALES,ACEVEDO,ACEVEDO - DIEGO PORTALES,0, , ,BIDIRECCIONAL,ASFALTO,BUENO,SECO,DESPEJADO,0,0,1,1,05,051,05101,Valparaíso,Valparaíso,Valparaíso,Interseccion,"ACEVEDO & DIEGO PORTALES, Valparaíso",-33.041865,-71.603977
-7864284.76158494,-3968452.874362,4717,2023,1540258,2023/06/18 00:00:00+00,Junio,18,Domingo,1899/12/30 00:00:00+00,22:30:00,22,REGION METROPOLITANA,SAN RAMON,COLISION,COLISION,URBANA,CRUCE CON SEÑAL CEDA EL PASO,DESOBEDIENCIA A SEÑALIZACION,SEÑALIZACION DESOBEDECER SEÑAL CEDA EL PASO,URUGUAY,ANIBAL ZAÑARTU,ANIBAL ZAÑARTU - URUGUAY,0, , ,BIDIRECCIONAL,ASFALTO,BUENO,SECO,NUBLADO,0,1,0,1,13,131,13131,Metropolitana de Santiago,Santiago,San Ramón,Interseccion,"ANIBAL ZAÑARTU & URUGUAY, San Ramón",-33.549371,-70.646072
-7867902.64503572,-3966232.46817322,4718,2023,1539490,2023/06/19 00:00:00+00,Junio,19,Lunes,1899/12/30 00:00:00+00,07:40:00,7,REGION METROPOLITANA,LA CISTERNA,COLISION POR ALCANCE,COLISION,URBANA,CRUCE CON SEÑAL PARE,IMPRUDENCIA DEL CONDUCTOR,CONDUCCION SIN MANTENER DISTANCIA RAZONABLE NI PRUDENTE,AMERICO VESPUCIO,LETRAS,AMERICO VESPUCIO - LETRAS,0, , ,UNIDIRECCIONAL,CONCRETO,BUENO,SECO,DESPEJADO,0,0,0,0,13,131,13109,Metropolitana de Santiago,Santiago,La Cisterna,Interseccion,"AMERICO VESPUCIO & LETRAS, La Cisterna",-33.532746,-70.678572
-7874322.90530732,-4050382.1463254,4719,2023,1539618,2023/06/19 00:00:00+00,Junio,19,Lunes,1899/12/30 00:00:00+00,08:00:00,8,REGION LIB.B.O'HIGGINS,RANCAGUA,COLISION PERPENDICULAR,COLISION,URBANA,CRUCE CON SEÑAL PARE,DESOBEDIENCIA A SEÑALIZACION,SEÑALIZACION DESOBEDECER SEÑAL PARE,MADRID,GRECIA,GRECIA - MADRID,0, , ,BIDIRECCIONAL,CONCRETO,BUENO,SECO,NUBLADO,0,1,0,0,06,061,06101,Libertador General Bernardo O'Higgins,Cachapoal,Rancagua,Interseccion,"GRECIA & MADRID, Rancagua",-34.160563,-70.736246