X,Y,FID,Año,IdAccident,Fecha,Mes,Dia_mes,Dia_semana,Hora,Hora_texto,Hora_aprox,Región,Comuna,Tipo_Accid,Tipo__CONA,Zona,Ubicación,Causa__CON,Causa_Acci,Calle_Uno,Calle_Dos,Intersecci,Número,Ruta,Ubicaci_1,Calzada,Tipo_Calza,Estado_Cal,Condición,Estado_Atm,Fallecidos,Graves,Menos_Grav,Leves,CUT_REG,CUT_PROV,CUT_COM,REGION,PROVINCIA,COMUNA1,Tipo_direc,Direccion,Lat,Lon
-7930858.58153126,-3491737.79348752,4720,2023,1539202,2023/06/19 00:00:00+00,Junio,19,Lunes,1899/12/30 00:00:00+00,09:20:00,9,REGION COQUIMBO,LA SERENA,VOLCADURA,VOLCADURA,URBANA,TRAMO DE VIA RECTA,VELOCIDAD IMPRUDENTE,"VELOCIDAD NO REDUCIR CRUCE DE CALLES, CUMBRE, CURVA, ETC.",JUAN DE DIOS PENI,ESMERALDA,ESMERALDA - JUAN DE DIOS PENI,0, , ,UNIDIRECCIONAL,ASFALTO,BUENO,SECO,DESPEJADO,0,1,0,0,04,041,04101,Coquimbo,Elqui,La Serena,Interseccion,"ESMERALDA & JUAN DE DIOS PENI, La Serena",-29.908064,-71.244115
-7876293.01769579,-3969305.49027765,4721,2023,1542912,2023/06/19 00:00:00+00,Junio,19,Lunes,1899/12/30 00:00:00+00,09:45:00,9,REGION METROPOLITANA,MAIPU,COLISION,COLISION,URBANA,TRAMO DE VIA RECTA,IMPRUDENCIA DEL CONDUCTOR,ADELANTAMIENTO SIN EL ESPACIO O TIEMPO SUFICIENTE,RINCONADA DE CHENA,CAMINO LONQUEN,CAMINO LONQUEN - RINCONADA DE CHENA,0, , ,BIDIRECCIONAL,ASFALTO,BUENO,SECO,DESPEJADO,0,0,0,0,13,131,13119,Metropolitana de Santiago,Santiago,Maipú,Interseccion,"CAMINO LONQUEN & RINCONADA DE CHENA, Maipú",-33.555754,-70.753944
-7826737.39871995,-2092426.89995657,4722,2023,1539078,2023/06/19 00:00:00+00,Junio,19,Lunes,1899/12/30 00:00:00+00,11:00:00,11,REGION ARICA Y PARINACOTA,ARICA,COLISION,COLISION,URBANA,TRAMO DE VIA RECTA,IMPRUDENCIA DEL CONDUCTOR,CONDUCCION CAMBIAR SORPRESIVAMENTE PISTA CIRCULACION,LUIS BERETTA PORCEL,DIEGO PORTALES,DIEGO PORTALES - LUIS BERETTA PORCEL,0, , ,BIDIRECCIONAL CON BANDEJON,ASFALTO,BUENO,SECO,NUBLADO,0,1,0,0,15,151,15101,Arica y Parinacota,Arica,Arica,Interseccion,"DIEGO PORTALES & LUIS BERETTA PORCEL, Arica",-18.468225,-70.308778
-7865704.30773154,-3950152.77028388,4723,2023,1540364,2023/06/19 00:00:00+00,Junio,19,Lunes,1899/12/30 00:00:00+00,12:30:00,12,REGION METROPOLITANA,INDEPENDENCIA,COLISION LATERAL,COLISION,URBANA,TRAMO DE VIA RECTA,IMPRUDENCIA DEL CONDUCTOR,NO RESPETAR DERECHO PREFERENTE DE PASO A VEHICULO,INDEPENDENCIA,INGLATERRA,INDEPENDENCIA - INGLATERRA,0, , ,BIDIRECCIONAL,CONCRETO,BUENO,SECO,DESPEJADO,0,0,0,1,13,131,13108,Metropolitana de Santiago,Santiago,Independencia,Interseccion,"INDEPENDENCIA & INGLATERRA, Independencia",-33.412256,-70.658824
-7971041.15513111,-4277952.57312663,4724,2023,1539633,2023/06/19 00:00:00+00,Junio,19,Lunes,1899/12/30 00:00:00+00,13:55:00,13,REGION MAULE,LINARES,COLISION PERPENDICULAR,COLISION,URBANA,CRUCE CON SEÑAL PARE,DESOBEDIENCIA A SEÑALIZACION,SEÑALIZACION DESOBEDECER SEÑAL PARE,BANDERA,CHORRILLOS,BANDERA - CHORRILLOS,0, , ,UNIDIRECCIONAL,ASFALTO,BUENO,SECO,NUBLADO,0,0,0,1,07,074,07401,Maule,Linares,Linares,Interseccion,"BANDERA & CHORRILLOS, Linares",-35.835082,-71.605081
-7855116.26568423,-3972539.67201283,4725,2023,1541775,2023/06/19 00:00:00+00,Junio,19,Lunes,1899/12/30 00:00:00+00,15:25:00,15,REGION METROPOLITANA,PUENTE ALTO,COLISION LATERAL,COLISION,URBANA,TRAMO DE VIA RECTA,IMPRUDENCIA DEL CONDUCTOR,CONDUCCION NO ATENTO CONDICIONES TRANSITO MOMENTO,EL PEÑON,MEXICO,EL PEÑON - MEXICO,0, , ,BIDIRECCIONAL,CONCRETO,BUENO,SECO,DESPEJADO,0,0,0,0,13,132,13201,Metropolitana de Santiago,Cordillera,Puente Alto,Interseccion,"EL PEÑON & MEXICO, Puente Alto",-33.579962,-70.56371
-7925598.20127999,-4116732.76269056,4726,2023,1541741,2023/06/19 00:00:00+00,Junio,19,Lunes,1899/12/30 00:00:00+00,15:50:00,15,REGION LIB.B.O'HIGGINS,NANCAGUA,COLISION LATERAL,COLISION,URBANA,CRUCE REGULADO POR CARABINERO,IMPRUDENCIA DEL CONDUCTOR,CONDUCCION NO ATENTO CONDICIONES TRANSITO MOMENTO,LAS TINAJAS,LA OBRA,LA OBRA - LAS TINAJAS,0, , ,BIDIRECCIONAL,ASFALTO,BUENO,SECO,DESPEJADO,0,0,0,1,06,063,06305,Libertador General Bernardo O'Higgins,Colchagua,Nancagua,Interseccion,"LA OBRA & LAS TINAJAS, Nancagua",-34.652321,-71.19686
-7975797.9482922,-4222132.25048197,4727,2023,1540649,2023/06/19 00:00:00+00,Junio,19,Lunes,1899/12/30 00:00:00+00,16:20:00,16,REGION MAULE,TALCA,COLISION LATERAL,COLISION,URBANA,TRAMO DE VIA RECTA,IMPRUDENCIA DEL CONDUCTOR,CONDUCCION CAMBIAR SORPRESIVAMENTE PISTA CIRCULACION,12 ORIENTE,1 NORTE,1 NORTE - 12 ORIENTE,0, , ,UNIDIRECCIONAL,CONCRETO,BUENO,SECO,DESPEJADO,0,0,0,0,07,071,07101,Maule,Talca,Talca,Interseccion,"1 NORTE & 12 ORIENTE, Talca",-35.42752,-71.647812
-7941197.73548332,-3503199.18937267,4728,2023,1539730,2023/06/19 00:00:00+00,Junio,19,Lunes,1899/12/30 00:00:00+00,17:45:00,17,REGION COQUIMBO,COQUIMBO,COLISION PERPENDICULAR,COLISION,URBANA,CRUCE SIN SEÑALIZACION,IMPRUDENCIA DEL CONDUCTOR,CONDUCCION NO ATENTO CONDICIONES TRANSITO MOMENTO,EL SAUCE,RAMON RODRIGUEZ,EL SAUCE - RAMON RODRIGUEZ,0, , ,BIDIRECCIONAL,ASFALTO,BUENO,SECO,DESPEJADO,0,0,0,0,04,041,04102,Coquimbo,Elqui,Coquimbo,Interseccion,"EL SAUCE & RAMON RODRIGUEZ, Coquimbo",-29.997272,-71.336993
-7971917.47321666,-3901907.28857398,4729,2023,1539668,2023/06/19 00:00:00+00,Junio,19,Lunes,1899/12/30 00:00:00+00,18:35:00,18,REGION VALPARAISO,VALPARAISO,COLISION,COLISION,URBANA,CRUCE CON SEMAFORO FUNCIONANDO,IMPRUDENCIA DEL CONDUCTOR,CONDUCCION NO ATENTO CONDICIONES TRANSITO MOMENTO,FRANCIA,COLON,COLON - FRANCIA,0, , ,BIDIRECCIONAL,ASFALTO,BUENO,SECO,DESPEJADO,0,0,0,1,05,051,05101,Valparaíso,Valparaíso,Valparaíso,Interseccion,"COLON & FRANCIA, Valparaíso",-33.049735,-71.612953
-7944648.97365639,-4115069.62463591,4730,2023,1539431,2023/06/19 00:00:00+00,Junio,19,Lunes,1899/12/30 00:00:00+00,18:50:00,18,REGION LIB.B.O'HIGGINS,SANTA CRUZ,CHOQUE FRENTE/POSTERIOR,CHOQUE,URBANA,CRUCE CON SEÑAL CEDA EL PASO,IMPRUDENCIA DEL CONDUCTOR,CONDUCCION NO ATENTO CONDICIONES TRANSITO MOMENTO,21 DE MAYO,CLAUDIO CANCINO,21 DE MAYO - CLAUDIO CANCINO,0, , ,UNIDIRECCIONAL,ASFALTO,BUENO,SECO,DESPEJADO,0,0,0,0,06,063,06310,Libertador General Bernardo O'Higgins,Colchagua,Santa Cruz,Interseccion,"21 DE MAYO & CLAUDIO CANCINO, Santa Cruz",-34.64003,-71.367996
-8138759.78764628,-4402287.08358802,4731,2023,1540348,2023/06/19 00:00:00+00,Junio,19,Lunes,1899/12/30 00:00:00+00,19:10:00,19,REGION BIO BIO,TALCAHUANO,COLISION LATERAL,COLISION,URBANA,CRUCE CON SEÑAL PARE,DESOBEDIENCIA A SEÑALIZACION,SEÑALIZACION DESOBEDECER SEÑAL PARE,ALTO HORNO,GRAN BRETAÑA,ALTO HORNO - GRAN BRETAÑA,0, , ,BIDIRECCIONAL,CONCRETO,BUENO,SECO,DESPEJADO,0,0,0,2,08,081,08110,Biobío,Concepción,Talcahuano,Interseccion,"ALTO HORNO & GRAN BRETAÑA, Talcahuano",-36.735387,-73.111723
-8135987.36346066,-4409503.80980241,4732,2023,1539754,2023/06/19 00:00:00+00,Junio,19,Lunes,1899/12/30 00:00:00+00,19:20:00,19,REGION BIO BIO,HUALPEN,CHOQUE,CHOQUE,URBANA,CRUCE CON SEMAFORO FUNCIONANDO,IMPRUDENCIA DEL CONDUCTOR,CONDUCCION NO ATENTO CONDICIONES TRANSITO MOMENTO,CRISTOBAL COLON,CAMPANARIO,CAMPANARIO - CRISTOBAL COLON,0, , ,BIDIRECCIONAL,CONCRETO,BUENO,HUMEDO,DESPEJADO,0,0,0,0,08,081,08112,Biobío,Concepción,Hualpén,Interseccion,"CAMPANARIO & CRISTOBAL COLON, Hualpén",-36.787324,-73.086818
-7862952.93519709,-3967486.39424888,4733,2023,1540430,2023/06/19 00:00:00+00,Junio,19,Lunes,1899/12/30 00:00:00+00,21:15:00,21,REGION METROPOLITANA,LA GRANJA,COLISION LATERAL,COLISION,URBANA,CRUCE CON SEMAFORO FUNCIONANDO,OTRAS CAUSAS,HECHO DELICTUAL,AMERICO VESPUCIO,STA ROSA,AMERICO VESPUCIO - STA ROSA,0, , ,UNIDIRECCIONAL,ASFALTO,BUENO,SECO,DESPEJADO,0,0,0,1,13,131,13111,Metropolitana de Santiago,Santiago,La Granja,Interseccion,"AMERICO VESPUCIO & STA ROSA, La Granja",-33.542135,-70.634108
-7857247.80017312,-3967921.25355048,4734,2023,1540978,2023/06/20 00:00:00+00,Junio,20,Martes,1899/12/30 00:00:00+00,04:46:00,4,REGION METROPOLITANA,LA FLORIDA,COLISION FRONTAL,COLISION,URBANA,TRAMO DE VIA RECTA,VELOCIDAD IMPRUDENTE,VELOCIDAD NO RAZONABLE NI PRUDENTE,PERU,CALI,CALI - PERU,0, , ,UNIDIRECCIONAL,ASFALTO,BUENO,SECO,DESPEJADO,0,1,0,0,13,131,13110,Metropolitana de Santiago,Santiago,La Florida,Interseccion,"CALI & PERU, La Florida",-33.545391,-70.582858
-7858601.04015633,-3964219.22043691,4735,2023,1542563,2023/06/20 00:00:00+00,Junio,20,Martes,1899/12/30 00:00:00+00,07:10:00,7,REGION METROPOLITANA,LA FLORIDA,VOLCADURA,VOLCADURA,URBANA,CRUCE CON SEMAFORO FUNCIONANDO,VELOCIDAD IMPRUDENTE,VELOCIDAD NO RAZONABLE NI PRUDENTE,FROILAN ROA,AMERICO VESPUCIO,AMERICO VESPUCIO - FROILAN ROA,0, , ,BIDIRECCIONAL CON BANDEJON,ASFALTO,BUENO,SECO,DESPEJADO,0,0,0,1,13,131,13110,Metropolitana de Santiago,Santiago,La Florida,Interseccion,"AMERICO VESPUCIO & FROILAN ROA, La Florida",-33.517669,-70.595014
-7857528.22509124,-3953502.85449934,4736,2023,1539989,2023/06/20 00:00:00+00,Junio,20,Martes,1899/12/30 00:00:00+00,07:20:00,7,REGION METROPOLITANA,ÑUÑOA,COLISION,COLISION,URBANA,CRUCE CON SEMAFORO FUNCIONANDO,IMPRUDENCIA DEL CONDUCTOR,ADELANTAMIENTO SIN EL ESPACIO O TIEMPO SUFICIENTE,AMAPOLAS,ELIECER PARADA,AMAPOLAS - ELIECER PARADA,0, , ,BIDIRECCIONAL,CONCRETO,BUENO,SECO,NUBLADO,0,1,0,0,13,131,13120,Metropolitana de Santiago,Santiago,Ñuñoa,Interseccion,"AMAPOLAS & ELIECER PARADA, Ñuñoa",-33.437373,-70.585377
-7807986.98852682,-2298994.46032769,4737,2023,1539451,2023/06/20 00:00:00+00,Junio,20,Martes,1899/12/30 00:00:00+00,07:30:00,7,REGION TARAPACA,IQUIQUE,CHOQUE FRONTAL,CHOQUE,URBANA,CRUCE CON SEÑAL CEDA EL PASO,DESOBEDIENCIA A SEÑALIZACION,SEÑALIZACION DESOBEDECER SEÑAL CEDA EL PASO,BERNARDO O'HIGGINS,OSCAR BONILLA,BERNARDO O'HIGGINS - OSCAR BONILLA,0, , ,UNIDIRECCIONAL,ASFALTO,BUENO,SECO,DESPEJADO,0,0,0,0,01,011,01101,Tarapacá,Iquique,Iquique,Interseccion,"BERNARDO O'HIGGINS & OSCAR BONILLA, Iquique",-20.219016,-70.14034
-7948220.50366007,-3901921.7381538,4738,2023,1542236,2023/06/20 00:00:00+00,Junio,20,Martes,1899/12/30 00:00:00+00,08:05:00,8,REGION VALPARAISO,QUILPUE,COLISION PERPENDICULAR,COLISION,URBANA,CRUCE CON SEÑAL PARE,DESOBEDIENCIA A SEÑALIZACION,SEÑALIZACION DESOBEDECER SEÑAL PARE,GREGORIA,MADRID,GREGORIA - MADRID,0, , ,BIDIRECCIONAL,CONCRETO,BUENO,SECO,DESPEJADO,0,0,0,1,05,058,05801,Valparaíso,Marga Marga,Quilpué,Interseccion,"GREGORIA & MADRID, Quilpué",-33.049844,-71.40008
-8128156.7052003,-4431592.72214342,4739,2023,1543164,2023/06/20 00:00:00+00,Junio,20,Martes,1899/12/30 00:00:00+00,10:20:00,10,REGION BIO BIO,CHIGUAYANTE,ATROPELLO,ATROPELLO,URBANA,CRUCE CON SEMAFORO FUNCIONANDO,IMPRUDENCIA DEL CONDUCTOR,NO RESPETAR DERECHO PREFERENTE DE PASO A PEATON,MANUEL RODRIGUEZ,ESPERANZA,ESPERANZA - MANUEL RODRIGUEZ,0, , ,BIDIRECCIONAL CON BANDEJON,CONCRETO,BUENO,SECO,DESPEJADO,0,0,0,1,08,081,08103,Biobío,Concepción,Chiguayante,Interseccion,"ESPERANZA & MANUEL RODRIGUEZ, Chiguayante",-36.946073,-73.016474
-7862358.82307473,-3973289.29583127,4740,2023,1539438,2023/06/20 00:00:00+00,Junio,20,Martes,1899/12/30 00:00:00+00,12:15:00,12,REGION METROPOLITANA,LA PINTANA,COLISION,COLISION,URBANA,CRUCE CON SEMAFORO FUNCIONANDO,DESOBEDIENCIA A SEÑALIZACION,SEÑALIZACION DESOBEDECER LUZ ROJA DE SEMAFORO,STA ROSA,GABRIELA,GABRIELA - STA ROSA,0, , ,BIDIRECCIONAL CON BANDEJON,ASFALTO,BUENO,SECO,DESPEJADO,0,0,1,0,13,131,13112,Metropolitana de Santiago,Santiago,La Pintana,Interseccion,"GABRIELA & STA ROSA, La Pintana",-33.585572,-70.628771
-7866277.38047014,-3954487.37695566,4741,2023,1539526,2023/06/20 00:00:00+00,Junio,20,Martes,1899/12/30 00:00:00+00,13:20:00,13,REGION METROPOLITANA,SANTIAGO,COLISION PERPENDICULAR,COLISION,URBANA,CRUCE CON SEÑAL PARE,DESOBEDIENCIA A SEÑALIZACION,SEÑALIZACION DESOBEDECER SEÑAL PARE,LIBER BERNARDO O'HIGGINS,JOSE TORIBIO MEDINA,JOSE TORIBIO MEDINA - LIBER BERNARDO O'HIGGINS,0, , ,UNIDIRECCIONAL,CONCRETO,BUENO,SECO,DESPEJADO,0,0,0,1,13,131,13101,Metropolitana de Santiago,Santiago,Santiago,Interseccion,"JOSE TORIBIO MEDINA & LIBER BERNARDO O'HIGGINS, Santiago",-33.444753,-70.663972
-7866277.38047014,-3954487.37695566,4742,2023,1540601,2023/06/20 00:00:00+00,Junio,20,Martes,1899/12/30 00:00:00+00,13:20:00,13,REGION METROPOLITANA,SANTIAGO,COLISION,COLISION,URBANA,CRUCE CON SEÑAL PARE,DESOBEDIENCIA A SEÑALIZACION,SEÑALIZACION DESOBEDECER SEÑAL PARE,LIBER BERNARDO O'HIGGINS,JOSE TORIBIO MEDINA,JOSE TORIBIO MEDINA - LIBER BERNARDO O'HIGGINS,0, , ,UNIDIRECCIONAL,CONCRETO,BUENO,SECO,DESPEJADO,0,0,0,1,13,131,13101,Metropolitana de Santiago,Santiago,Santiago,Interseccion,"JOSE TORIBIO MEDINA & LIBER BERNARDO O'HIGGINS, Santiago",-33.444753,-70.663972
-7874844.19452312,-3953376.92704444,4743,2023,1540038,2023/06/20 00:00:00+00,Junio,20,Martes,1899/12/30 00:00:00+00,13:40:00,13,REGION METROPOLITANA,PUDAHUEL,COLISION LATERAL,COLISION,URBANA,TRAMO DE VIA RECTA,IMPRUDENCIA DEL CONDUCTOR,CONDUCCION NO ATENTO CONDICIONES TRANSITO MOMENTO,SAN FRANCISCO,TTE CRUZ,SAN FRANCISCO - TTE CRUZ,0, , ,BIDIRECCIONAL,ASFALTO,REGULAR,SECO,DESPEJADO,0,0,0,0,13,131,13124,Metropolitana de Santiago,Santiago,Pudahuel,Interseccion,"SAN FRANCISCO & TTE CRUZ, Pudahuel",-33.436429,-70.740929
-8131897.2627522,-4415922.92361875,4744,2023,1539820,2023/06/20 00:00:00+00,Junio,20,Martes,1899/12/30 00:00:00+00,14:50:00,14,REGION BIO BIO,CONCEPCION,COLISION PERPENDICULAR,COLISION,URBANA,CRUCE SIN SEÑALIZACION,IMPRUDENCIA DEL CONDUCTOR,NO RESPETAR DERECHO PREFERENTE DE PASO A VEHICULO,CICLOVIA VICTOR LAMAS,HOSPICIO,CICLOVIA VICTOR LAMAS - HOSPICIO,0, , ,BIDIRECCIONAL,CONCRETO,BUENO,SECO,NUBLADO,0,0,0,0,08,081,08101,Biobío,Concepción,Concepción,Interseccion,"CICLOVIA VICTOR LAMAS & HOSPICIO, Concepción",-36.833491,-73.050076
-7853839.31980534,-3957774.39427016,4745,2023,1540440,2023/06/20 00:00:00+00,Junio,20,Martes,1899/12/30 00:00:00+00,15:40:00,15,REGION METROPOLITANA,PEÑALOLEN,COLISION FRONTAL,COLISION,URBANA,CRUCE CON SEMAFORO FUNCIONANDO,IMPRUDENCIA DEL CONDUCTOR,CONDUCCION CONTRA SENTIDO DEL TRANSITO,TOBALABA,ORIENTAL,ORIENTAL - TOBALABA,0, , ,BIDIRECCIONAL,CONCRETO,BUENO,SECO,NUBLADO,0,1,0,1,13,131,13122,Metropolitana de Santiago,Santiago,Peñalolén,Interseccion,"ORIENTAL & TOBALABA, Peñalolén",-33.469388,-70.552239
-8152642.20643671,-4839165.03407,4746,2023,1539683,2023/06/20 00:00:00+00,Junio,20,Martes,1899/12/30 00:00:00+00,17:21:00,17,REGION DE LOS RIOS,VALDIVIA,COLISION LATERAL,COLISION,URBANA,CRUCE CON SEÑAL CEDA EL PASO,IMPRUDENCIA DEL CONDUCTOR,CONDUCCION NO ATENTO CONDICIONES TRANSITO MOMENTO,CARLOS ANDWANTER,ANFION MUÑOZ,ANFION MUÑOZ - CARLOS ANDWANTER,0, , ,BIDIRECCIONAL CON BANDEJON,CONCRETO,BUENO,HUMEDO,LLOVIZNA,0,0,0,1,14,141,14101,Los Ríos,Valdivia,Valdivia,Interseccion,"ANFION MUÑOZ & CARLOS ANDWANTER, Valdivia",-39.815484,-73.236431
-7856601.71296937,-3957875.81497543,4747,2023,1544327,2023/06/20 00:00:00+00,Junio,20,Martes,1899/12/30 00:00:00+00,17:38:00,17,REGION METROPOLITANA,MACUL,COLISION POR ALCANCE,COLISION,URBANA,OTROS NO CONSIDERADOS,IMPRUDENCIA DEL CONDUCTOR,CONDUCCION SIN MANTENER DISTANCIA RAZONABLE NI PRUDENTE,GRECIA,AMERICO VESPUCIO,AMERICO VESPUCIO - GRECIA,0, , ,UNIDIRECCIONAL,ASFALTO,BUENO,SECO,DESPEJADO,0,0,0,0,13,131,13118,Metropolitana de Santiago,Santiago,Macul,Interseccion,"AMERICO VESPUCIO & GRECIA, Macul",-33.470148,-70.577054
-7862193.19079324,-3952993.23696337,4748,2023,1541689,2023/06/20 00:00:00+00,Junio,20,Martes,1899/12/30 00:00:00+00,19:00:00,19,REGION METROPOLITANA,PROVIDENCIA,COLISION LATERAL,COLISION,URBANA,CRUCE CON SEMAFORO FUNCIONANDO,IMPRUDENCIA DEL CONDUCTOR,CONDUCCION NO ATENTO CONDICIONES TRANSITO MOMENTO,STA MARIA,ARZ CASANOVA,ARZ CASANOVA - STA MARIA,0, , ,UNIDIRECCIONAL,ASFALTO,REGULAR,HUMEDO,DESPEJADO,0,0,0,0,13,131,13123,Metropolitana de Santiago,Santiago,Providencia,Interseccion,"ARZ CASANOVA & STA MARIA, Providencia",-33.433553,-70.627283
-7968805.637117,-4280203.07256879,4749,2023,1539639,2023/06/20 00:00:00+00,Junio,20,Martes,1899/12/30 00:00:00+00,21:15:00,21,REGION MAULE,LINARES,COLISION POR ALCANCE,COLISION,URBANA,CRUCE CON SEÑAL PARE,IMPRUDENCIA DEL CONDUCTOR,CONDUCCION SIN MANTENER DISTANCIA RAZONABLE NI PRUDENTE,ARTURO PRAT,VALENTIN LETELIER,ARTURO PRAT - VALENTIN LETELIER,0, , ,UNIDIRECCIONAL,ASFALTO,BUENO,SECO,NUBLADO,0,0,0,1,07,074,07401,Maule,Linares,Linares,Interseccion,"ARTURO PRAT & VALENTIN LETELIER, Linares",-35.85147,-71.584999
-8082929.71116132,-4682899.18626801,4750,2023,1539648,2023/06/20 00:00:00+00,Junio,20,Martes,1899/12/30 00:00:00+00,21:40:00,21,REGION ARAUCANIA,TEMUCO,COLISION LATERAL,COLISION,URBANA,ROTONDA,IMPRUDENCIA DEL CONDUCTOR,CONDUCCION NO ATENTO CONDICIONES TRANSITO MOMENTO,PEDRO DE VALDIVIA,HOCHSTETTER,HOCHSTETTER - PEDRO DE VALDIVIA,0, , ,BIDIRECCIONAL,CONCRETO,BUENO,MOJADO,LLOVIZNA,0,0,0,0,09,091,09101,La Araucanía,Cautín,Temuco,Interseccion,"HOCHSTETTER & PEDRO DE VALDIVIA, Temuco",-38.728804,-72.610193
-7951405.7327668,-3901981.42224753,4751,2023,1542844,2023/06/21 00:00:00+00,Junio,21,Miércoles,1899/12/30 00:00:00+00,00:15:00,0,REGION VALPARAISO,QUILPUE,CHOQUE FRONTAL,CHOQUE,URBANA,TRAMO DE VIA RECTA,ALCOHOL EN CONDUCTOR,CONDUCCION EN ESTADO DE EBRIEDAD,MARGA MARGA,RECOLETA,MARGA MARGA - RECOLETA,0, , ,BIDIRECCIONAL,CONCRETO,BUENO,SECO,DESPEJADO,0,0,0,0,05,058,05801,Valparaíso,Marga Marga,Quilpué,Interseccion,"MARGA MARGA & RECOLETA, Quilpué",-33.050293,-71.428693
-7861131.30304975,-3951573.0065427,4752,2023,1539827,2023/06/21 00:00:00+00,Junio,21,Miércoles,1899/12/30 00:00:00+00,09:15:00,9,REGION METROPOLITANA,PROVIDENCIA,COLISION FRONTAL,COLISION,URBANA,CRUCE CON SEMAFORO FUNCIONANDO,IMPRUDENCIA DEL CONDUCTOR,VIRAJES INDEBIDOS,ANDRES BELLO,LA CONCEPCION,ANDRES BELLO - LA CONCEPCION,0, , ,UNIDIRECCIONAL,ASFALTO,REGULAR,SECO,DESPEJADO,0,0,1,0,13,131,13123,Metropolitana de Santiago,Santiago,Providencia,Interseccion,"ANDRES BELLO & LA CONCEPCION, Providencia",-33.422905,-70.617744
-7863210.19454032,-3958955.46682459,4753,2023,1540399,2023/06/21 00:00:00+00,Junio,21,Miércoles,1899/12/30 00:00:00+00,10:10:00,10,REGION METROPOLITANA,SAN JOAQUIN,COLISION PERPENDICULAR,COLISION,URBANA,CRUCE CON SEMAFORO FUNCIONANDO,DESOBEDIENCIA A SEÑALIZACION,SEÑALIZACION DESOBEDECER LUZ ROJA DE SEMAFORO,CARMEN,SILVA,CARMEN - SILVA,0, , ,UNIDIRECCIONAL,ASFALTO,BUENO,SECO,DESPEJADO,0,0,0,1,13,131,13129,Metropolitana de Santiago,Santiago,San Joaquín,Interseccion,"CARMEN & SILVA, San Joaquín",-33.478238,-70.636419
-8053915.84435892,-4505020.55065245,4754,2023,1540925,2023/06/21 00:00:00+00,Junio,21,Miércoles,1899/12/30 00:00:00+00,16:22:00,16,REGION BIO BIO,LOS ANGELES,COLISION LATERAL,COLISION,URBANA,CRUCE CON SEMAFORO FUNCIONANDO,IMPRUDENCIA DEL CONDUCTOR,CONDUCCION NO ATENTO CONDICIONES TRANSITO MOMENTO,CAUPOLICAN,ALMAGRO,ALMAGRO - CAUPOLICAN,0, , ,UNIDIRECCIONAL,CONCRETO,BUENO,MOJADO,LLOVIZNA,0,0,0,1,08,083,08301,Biobío,Biobío,Los Angeles,Interseccion,"ALMAGRO & CAUPOLICAN, Los Angeles",-37.47141,-72.349557
-7951407.4025703,-3901804.65474898,4755,2023,1542228,2023/06/21 00:00:00+00,Junio,21,Miércoles,1899/12/30 00:00:00+00,17:00:00,17,REGION VALPARAISO,QUILPUE,COLISION PERPENDICULAR,COLISION,URBANA,TRAMO DE VIA RECTA,IMPRUDENCIA DEL CONDUCTOR,CONDUCCION NO ATENTO CONDICIONES TRANSITO MOMENTO,LOS CARRERA,VALENCIA,LOS CARRERA - VALENCIA,0, , ,BIDIRECCIONAL,CONCRETO,BUENO,SECO,DESPEJADO,0,0,0,0,05,058,05801,Valparaíso,Marga Marga,Quilpué,Interseccion,"LOS CARRERA & VALENCIA, Quilpué",-33.048962,-71.428708
-8132256.93600469,-4413478.40148734,4756,2023,1543045,2023/06/21 00:00:00+00,Junio,21,Miércoles,1899/12/30 00:00:00+00,19:30:00,19,REGION BIO BIO,CONCEPCION,ATROPELLO,ATROPELLO,URBANA,TRAMO DE VIA RECTA,IMPRUDENCIA DEL CONDUCTOR,NO RESPETAR DERECHO PREFERENTE DE PASO A PEATON,MANUEL RODRIGUEZ,CASTELLON,CASTELLON - MANUEL RODRIGUEZ,0, , ,BIDIRECCIONAL,CONCRETO,BUENO,SECO,DESPEJADO,0,0,0,1,08,081,08101,Biobío,Concepción,Concepción,Interseccion,"CASTELLON & MANUEL RODRIGUEZ, Concepción",-36.815913,-73.053307
-7973182.06277679,-3900871.92189891,4757,2023,1539916,2023/06/22 00:00:00+00,Junio,22,Jueves,1899/12/30 00:00:00+00,00:20:00,0,REGION VALPARAISO,VALPARAISO,COLISION,COLISION,URBANA,CRUCE CON SEMAFORO FUNCIONANDO,IMPRUDENCIA DEL CONDUCTOR,CONDUCCION NO ATENTO CONDICIONES TRANSITO MOMENTO,BLANCO,ALMIRANTE MARTINEZ,ALMIRANTE MARTINEZ - BLANCO,0, , ,BIDIRECCIONAL CON BANDEJON,ASFALTO,BUENO,HUMEDO,LLOVIZNA,0,2,0,1,05,051,05101,Valparaíso,Valparaíso,Valparaíso,Interseccion,"ALMIRANTE MARTINEZ & BLANCO, Valparaíso",-33.041939,-71.624313
-7952621.8425551,-3901714.71825758,4758,2023,1542852,2023/06/22 00:00:00+00,Junio,22,Jueves,1899/12/30 00:00:00+00,08:50:00,8,REGION VALPARAISO,QUILPUE,COLISION POR ALCANCE,COLISION,URBANA,TRAMO DE VIA RECTA,IMPRUDENCIA DEL CONDUCTOR,CONDUCCION CAMBIAR SORPRESIVAMENTE PISTA CIRCULACION,LOS CARRERA,THOMPSON,LOS CARRERA - THOMPSON,0, , ,BIDIRECCIONAL,CONCRETO,BUENO,SECO,DESPEJADO,0,0,0,0,05,058,05801,Valparaíso,Marga Marga,Quilpué,Interseccion,"LOS CARRERA & THOMPSON, Quilpué",-33.048285,-71.439617