X,Y,FID,Año,IdAccident,Fecha,Mes,Dia_mes,Dia_semana,Hora,Hora_texto,Hora_aprox,Región,Comuna,Tipo_Accid,Tipo__CONA,Zona,Ubicación,Causa__CON,Causa_Acci,Calle_Uno,Calle_Dos,Intersecci,Número,Ruta,Ubicaci_1,Calzada,Tipo_Calza,Estado_Cal,Condición,Estado_Atm,Fallecidos,Graves,Menos_Grav,Leves,CUT_REG,CUT_PROV,CUT_COM,REGION,PROVINCIA,COMUNA1,Tipo_direc,Direccion,Lat,Lon
-8053963.04386755,-4503045.71498943,4759,2023,1541023,2023/06/22 00:00:00+00,Junio,22,Jueves,1899/12/30 00:00:00+00,12:50:00,12,REGION BIO BIO,LOS ANGELES,COLISION FRONTAL,COLISION,URBANA,CRUCE CON SEÑAL CEDA EL PASO,IMPRUDENCIA DEL CONDUCTOR,CONDUCCION NO ATENTO CONDICIONES TRANSITO MOMENTO,ESMERALDA,CHORRILLOS,CHORRILLOS - ESMERALDA,0, , ,BIDIRECCIONAL,CONCRETO,BUENO,MOJADO,LLUVIA,0,0,0,1,08,083,08301,Biobío,Biobío,Los Angeles,Interseccion,"CHORRILLOS & ESMERALDA, Los Angeles",-37.457329,-72.349981
-7860805.35958071,-3951466.43943447,4760,2023,1541668,2023/06/22 00:00:00+00,Junio,22,Jueves,1899/12/30 00:00:00+00,14:30:00,14,REGION METROPOLITANA,PROVIDENCIA,COLISION POR ALCANCE,COLISION,URBANA,CRUCE CON SEMAFORO FUNCIONANDO,IMPRUDENCIA DEL CONDUCTOR,CONDUCCION NO ATENTO CONDICIONES TRANSITO MOMENTO,FRANCISCO NOGUERA,ANDRES BELLO,ANDRES BELLO - FRANCISCO NOGUERA,0, , ,UNIDIRECCIONAL,ASFALTO,REGULAR,HUMEDO,DESPEJADO,0,0,0,0,13,131,13123,Metropolitana de Santiago,Santiago,Providencia,Interseccion,"ANDRES BELLO & FRANCISCO NOGUERA, Providencia",-33.422106,-70.614816
-7935145.03874519,-4179667.87079254,4761,2023,1539753,2023/06/22 00:00:00+00,Junio,22,Jueves,1899/12/30 00:00:00+00,16:30:00,16,REGION MAULE,MOLINA,COLISION PERPENDICULAR,COLISION,URBANA,TRAMO DE VIA RECTA,IMPRUDENCIA DEL CONDUCTOR,CONDUCCION NO ATENTO CONDICIONES TRANSITO MOMENTO,QUECHEREGUAS,CALLE UNO,CALLE UNO - QUECHEREGUAS,0, , ,BIDIRECCIONAL,ASFALTO,BUENO,MOJADO,LLUVIA,0,0,0,1,07,073,07304,Maule,Curicó,Molina,Interseccion,"CALLE UNO & QUECHEREGUAS, Molina",-35.116085,-71.282621
-8080329.84448724,-4685263.93457329,4762,2023,1540713,2023/06/22 00:00:00+00,Junio,22,Jueves,1899/12/30 00:00:00+00,21:30:00,21,REGION ARAUCANIA,TEMUCO,VOLCADURA,VOLCADURA,URBANA,TRAMO DE VIA RECTA,DESOBEDIENCIA A SEÑALIZACION,SEÑALIZACION DESOBEDECER SEÑAL PARE,LEON GALLO,GENERAL CRUZ,GENERAL CRUZ - LEON GALLO,0, , ,UNIDIRECCIONAL,CONCRETO,BUENO,SECO,NUBLADO,0,0,0,1,09,091,09101,La Araucanía,Cautín,Temuco,Interseccion,"GENERAL CRUZ & LEON GALLO, Temuco",-38.745374,-72.586838
-7879709.74682671,-3960001.05025155,4763,2023,1540950,2023/06/23 00:00:00+00,Junio,23,Viernes,1899/12/30 00:00:00+00,07:10:00,7,REGION METROPOLITANA,MAIPU,VOLCADURA,VOLCADURA,URBANA,TRAMO DE VIA RECTA,IMPRUDENCIA DEL CONDUCTOR,CONDUCIR VEHICULO EN RETROCESO,CAMINO LA FARFANA,CAMINO LAS ENCINAS,CAMINO LA FARFANA - CAMINO LAS ENCINAS,0, , ,BIDIRECCIONAL CON BANDEJON,ASFALTO,REGULAR,MOJADO,LLUVIA,0,0,0,1,13,131,13119,Metropolitana de Santiago,Santiago,Maipú,Interseccion,"CAMINO LA FARFANA & CAMINO LAS ENCINAS, Maipú",-33.486072,-70.784637
-8083904.61315339,-4686374.68840494,4764,2023,1541019,2023/06/23 00:00:00+00,Junio,23,Viernes,1899/12/30 00:00:00+00,07:35:00,7,REGION ARAUCANIA,TEMUCO,ATROPELLO,ATROPELLO,URBANA,TRAMO DE VIA RECTA,IMPRUDENCIA DEL CONDUCTOR,NO RESPETAR DERECHO PREFERENTE DE PASO A PEATON,MANUEL RECABARREN,FRANCISCO SALAZAR,FRANCISCO SALAZAR - MANUEL RECABARREN,0, , ,BIDIRECCIONAL CON BANDEJON,CONCRETO,BUENO,SECO,NUBLADO,0,1,0,0,09,091,09101,La Araucanía,Cautín,Temuco,Interseccion,"FRANCISCO SALAZAR & MANUEL RECABARREN, Temuco",-38.753156,-72.618951
-7970861.93072867,-3968199.89341827,4765,2023,1540609,2023/06/23 00:00:00+00,Junio,23,Viernes,1899/12/30 00:00:00+00,13:40:00,13,REGION VALPARAISO,CARTAGENA,VOLCADURA,VOLCADURA,URBANA,CRUCE CON SEÑAL PARE,VELOCIDAD IMPRUDENTE,VELOCIDAD NO RAZONABLE NI PRUDENTE,CARTAGENA,CONDELL,CARTAGENA - CONDELL,0, , ,UNIDIRECCIONAL,ASFALTO,BUENO,HUMEDO,LLOVIZNA,0,1,0,0,05,056,05603,Valparaíso,San Antonio,Cartagena,Interseccion,"CARTAGENA & CONDELL, Cartagena",-33.547477,-71.603471
-7879710.41474366,-3966493.68597677,4766,2023,1544273,2023/06/23 00:00:00+00,Junio,23,Viernes,1899/12/30 00:00:00+00,14:00:00,14,REGION METROPOLITANA,MAIPU,COLISION LATERAL,COLISION,URBANA,CRUCE CON SEÑAL PARE,IMPRUDENCIA DEL CONDUCTOR,CONDUCCION NO ATENTO CONDICIONES TRANSITO MOMENTO,PDTE GABRIEL GONZALEZ VIDELA,CERRO BLANCO,CERRO BLANCO - PDTE GABRIEL GONZALEZ VIDELA,0, , ,BIDIRECCIONAL CON BANDEJON,ASFALTO,BUENO,MOJADO,LLUVIA,0,0,0,0,13,131,13119,Metropolitana de Santiago,Santiago,Maipú,Interseccion,"CERRO BLANCO & PDTE GABRIEL GONZALEZ VIDELA, Maipú",-33.534702,-70.784643
-7941015.61675185,-3498165.51086689,4767,2023,1540455,2023/06/23 00:00:00+00,Junio,23,Viernes,1899/12/30 00:00:00+00,19:40:00,19,REGION COQUIMBO,COQUIMBO,COLISION FRONTAL,COLISION,URBANA,CRUCE CON SEMAFORO FUNCIONANDO,DESOBEDIENCIA A SEÑALIZACION,SEÑALIZACION DESOBEDECER LUZ ROJA DE SEMAFORO,COSTANERA,DIEGO PORTALES,COSTANERA - DIEGO PORTALES,0, , ,BIDIRECCIONAL CON BANDEJON,ASFALTO,BUENO,SECO,DESPEJADO,1,0,0,2,04,041,04102,Coquimbo,Elqui,Coquimbo,Interseccion,"COSTANERA & DIEGO PORTALES, Coquimbo",-29.958103,-71.335357
-7858121.2240187,-3977703.57775598,4768,2023,1541960,2023/06/23 00:00:00+00,Junio,23,Viernes,1899/12/30 00:00:00+00,19:45:00,19,REGION METROPOLITANA,PUENTE ALTO,COLISION LATERAL,COLISION,URBANA,TRAMO DE VIA RECTA,IMPRUDENCIA DEL CONDUCTOR,CONDUCCION NO ATENTO CONDICIONES TRANSITO MOMENTO,EJERCITO LIBERTADOR,SAGASCA,EJERCITO LIBERTADOR - SAGASCA,0, , ,BIDIRECCIONAL,CONCRETO,BUENO,SECO,DESPEJADO,0,0,0,0,13,132,13201,Metropolitana de Santiago,Cordillera,Puente Alto,Interseccion,"EJERCITO LIBERTADOR & SAGASCA, Puente Alto",-33.6186,-70.590704
-8128654.97124109,-4430084.05770115,4769,2023,1543220,2023/06/23 00:00:00+00,Junio,23,Viernes,1899/12/30 00:00:00+00,22:50:00,22,REGION BIO BIO,CHIGUAYANTE,CHOQUE POSTERIOR/FRENTE,CHOQUE,URBANA,CRUCE CON SEMAFORO FUNCIONANDO,IMPRUDENCIA DEL CONDUCTOR,CONDUCCION NO ATENTO CONDICIONES TRANSITO MOMENTO,PROGRESO,MANUEL RODRIGUEZ,MANUEL RODRIGUEZ - PROGRESO,0, , ,BIDIRECCIONAL,CONCRETO,REGULAR,MOJADO,LLUVIA,0,0,0,0,08,081,08103,Biobío,Concepción,Chiguayante,Interseccion,"MANUEL RODRIGUEZ & PROGRESO, Chiguayante",-36.935241,-73.02095
-8083897.52281427,-4684614.82287501,4770,2023,1540517,2023/06/24 00:00:00+00,Junio,24,Sábado,1899/12/30 00:00:00+00,00:00:00,0,REGION ARAUCANIA,TEMUCO,COLISION LATERAL,COLISION,URBANA,TRAMO DE VIA RECTA,IMPRUDENCIA DEL CONDUCTOR,CONDUCCION NO ATENTO CONDICIONES TRANSITO MOMENTO,PABLO NERUDA,HOCHSTETTER,HOCHSTETTER - PABLO NERUDA,0, , ,BIDIRECCIONAL,CONCRETO,BUENO,MOJADO,LLUVIA,0,0,0,2,09,091,09101,La Araucanía,Cautín,Temuco,Interseccion,"HOCHSTETTER & PABLO NERUDA, Temuco",-38.740826,-72.618887
-7972472.94641056,-3901325.51023344,4771,2023,1540317,2023/06/24 00:00:00+00,Junio,24,Sábado,1899/12/30 00:00:00+00,01:36:00,1,REGION VALPARAISO,VALPARAISO,COLISION,COLISION,URBANA,CRUCE CON SEÑAL CEDA EL PASO,ALCOHOL EN CONDUCTOR,CONDUCCION BAJO LA INFLUENCIA DEL ALCOHOL,YUNGAY,CARRERA,CARRERA - YUNGAY,0, , ,UNIDIRECCIONAL,ASFALTO,BUENO,MOJADO,LLUVIA,0,1,0,0,05,051,05101,Valparaíso,Valparaíso,Valparaíso,Interseccion,"CARRERA & YUNGAY, Valparaíso",-33.045354,-71.617943
-7874823.9343758,-3958254.68255604,4772,2023,1540962,2023/06/24 00:00:00+00,Junio,24,Sábado,1899/12/30 00:00:00+00,11:50:00,11,REGION METROPOLITANA,MAIPU,COLISION LATERAL,COLISION,URBANA,TRAMO DE VIA RECTA,IMPRUDENCIA DEL CONDUCTOR,ADELANTAMIENTO SIN EL ESPACIO O TIEMPO SUFICIENTE,ARQTO HECTOR MARDONES,AVES DEL PARAISO,ARQTO HECTOR MARDONES - AVES DEL PARAISO,0, , ,BIDIRECCIONAL,ASFALTO,BUENO,HUMEDO,DESPEJADO,0,0,0,0,13,131,13119,Metropolitana de Santiago,Santiago,Maipú,Interseccion,"ARQTO HECTOR MARDONES & AVES DEL PARAISO, Maipú",-33.472987,-70.740747
-7973830.26497293,-4221441.96378742,4773,2023,1542470,2023/06/24 00:00:00+00,Junio,24,Sábado,1899/12/30 00:00:00+00,15:00:00,15,REGION MAULE,TALCA,COLISION LATERAL,COLISION,URBANA,CRUCE CON SEÑAL CEDA EL PASO,DESOBEDIENCIA A SEÑALIZACION,SEÑALIZACION DESOBEDECER SEÑAL CEDA EL PASO,23 ORIENTE,10 NORTE,10 NORTE - 23 ORIENTE,0, , ,BIDIRECCIONAL,ASFALTO,BUENO,MOJADO,LLUVIA,0,0,1,0,07,071,07101,Maule,Talca,Talca,Interseccion,"10 NORTE & 23 ORIENTE, Talca",-35.422467,-71.630136
-7932204.55660413,-3495125.52307135,4774,2023,1540115,2023/06/24 00:00:00+00,Junio,24,Sábado,1899/12/30 00:00:00+00,21:30:00,21,REGION COQUIMBO,LA SERENA,CHOQUE POSTERIOR/FRENTE,CHOQUE,URBANA,CRUCE CON SEMAFORO FUNCIONANDO,IMPRUDENCIA DEL CONDUCTOR,CONDUCCION NO ATENTO CONDICIONES TRANSITO MOMENTO,4 ESQUINAS,EL SANTO,4 ESQUINAS - EL SANTO,0, , ,BIDIRECCIONAL,ASFALTO,REGULAR,SECO,DESPEJADO,0,0,0,1,04,041,04101,Coquimbo,Elqui,La Serena,Interseccion,"4 ESQUINAS & EL SANTO, La Serena",-29.93444,-71.256206
-7872894.55609331,-3954414.98902394,4775,2023,1540750,2023/06/25 00:00:00+00,Junio,25,Domingo,1899/12/30 00:00:00+00,05:45:00,5,REGION METROPOLITANA,LO PRADO,VOLCADURA,VOLCADURA,URBANA,CRUCE CON SEMAFORO FUNCIONANDO,ALCOHOL EN CONDUCTOR,CONDUCCION EN ESTADO DE EBRIEDAD,LIBER BERNARDO O'HIGGINS,GRAL OSCAR BONILLA,GRAL OSCAR BONILLA - LIBER BERNARDO O'HIGGINS,0, , ,BIDIRECCIONAL CON BANDEJON,ASFALTO,BUENO,MOJADO,NUBLADO,0,0,0,2,13,131,13117,Metropolitana de Santiago,Santiago,Lo Prado,Interseccion,"GRAL OSCAR BONILLA & LIBER BERNARDO O'HIGGINS, Lo Prado",-33.44421,-70.723415
-7959734.20069144,-3894465.83592874,4776,2023,1548606,2023/06/25 00:00:00+00,Junio,25,Domingo,1899/12/30 00:00:00+00,12:30:00,12,REGION VALPARAISO,VIÑA DEL MAR,ATROPELLO,ATROPELLO,URBANA,ROTONDA,IMPRUDENCIA DEL CONDUCTOR,CONDUCCION NO ATENTO CONDICIONES TRANSITO MOMENTO,CAMINO INTERNACIONAL,ROTONDA GLORIAS NAVALES,CAMINO INTERNACIONAL - ROTONDA GLORIAS NAVALES,0, , ,BIDIRECCIONAL,ASFALTO,BUENO,SECO,DESPEJADO,0,0,2,2,05,051,05109,Valparaíso,Valparaíso,Viña del Mar,Interseccion,"CAMINO INTERNACIONAL & ROTONDA GLORIAS NAVALES, Viña del Mar",-32.993685,-71.503509
-8098908.51092544,-4689042.10563418,4777,2023,1540525,2023/06/25 00:00:00+00,Junio,25,Domingo,1899/12/30 00:00:00+00,20:30:00,20,REGION ARAUCANIA,TEMUCO,COLISION PERPENDICULAR,COLISION,URBANA,TRAMO DE VIA RECTA,IMPRUDENCIA DEL CONDUCTOR,CONDUCCION NO ATENTO CONDICIONES TRANSITO MOMENTO,ROSA FRANCIA,AGUA MARINA,AGUA MARINA - ROSA FRANCIA,0, , ,BIDIRECCIONAL,CONCRETO,REGULAR,HUMEDO,NUBLADO,0,2,0,0,09,091,09101,La Araucanía,Cautín,Temuco,Interseccion,"AGUA MARINA & ROSA FRANCIA, Temuco",-38.77184,-72.753733
-7866338.83998327,-3943526.20017395,4778,2023,1541751,2023/06/25 00:00:00+00,Junio,25,Domingo,1899/12/30 00:00:00+00,21:00:00,21,REGION METROPOLITANA,HUECHURABA,COLISION,COLISION,URBANA,TRAMO DE VIA RECTA,IMPRUDENCIA DEL CONDUCTOR,CONDUCCION NO ATENTO CONDICIONES TRANSITO MOMENTO,EL SAUCE,STA ROSA DE HUECHURABA,EL SAUCE - STA ROSA DE HUECHURABA,0, , ,BIDIRECCIONAL,ASFALTO,BUENO,SECO,DESPEJADO,0,1,0,0,13,131,13107,Metropolitana de Santiago,Santiago,Huechuraba,Interseccion,"EL SAUCE & STA ROSA DE HUECHURABA, Huechuraba",-33.362552,-70.664524
-7808054.27002706,-2301980.38472088,4779,2023,1542368,2023/06/25 00:00:00+00,Junio,25,Domingo,1899/12/30 00:00:00+00,21:00:00,21,REGION TARAPACA,IQUIQUE,COLISION POR ALCANCE,COLISION,URBANA,ROTONDA,IMPRUDENCIA DEL CONDUCTOR,CONDUCCION SIN MANTENER DISTANCIA RAZONABLE NI PRUDENTE,ARTURO PRAT,TADEO HAENKE,ARTURO PRAT - TADEO HAENKE,0, , ,BIDIRECCIONAL,ASFALTO,BUENO,SECO,DESPEJADO,0,0,0,0,01,011,01101,Tarapacá,Iquique,Iquique,Interseccion,"ARTURO PRAT & TADEO HAENKE, Iquique",-20.244184,-70.140945
-7924486.7875173,-3867033.20965529,4780,2023,1540292,2023/06/26 00:00:00+00,Junio,26,Lunes,1899/12/30 00:00:00+00,02:50:00,2,REGION VALPARAISO,CALERA,VOLCADURA,VOLCADURA,URBANA,TRAMO DE VIA RECTA,VELOCIDAD IMPRUDENTE,VELOCIDAD NO RAZONABLE NI PRUDENTE,GONZALO LIZASOAIN,LAS HERAS,GONZALO LIZASOAIN - LAS HERAS,0, , ,BIDIRECCIONAL,CONCRETO,REGULAR,SECO,DESPEJADO,0,1,0,0,05,055,05502,Valparaíso,Quillota,Calera,Interseccion,"GONZALO LIZASOAIN & LAS HERAS, Calera",-32.786754,-71.186876
-7864755.46907203,-3971894.59490778,4781,2023,1540892,2023/06/26 00:00:00+00,Junio,26,Lunes,1899/12/30 00:00:00+00,11:30:00,11,REGION METROPOLITANA,LA PINTANA,COLISION,COLISION,URBANA,CRUCE CON SEÑAL PARE,IMPRUDENCIA DEL CONDUCTOR,CONDUCCION NO ATENTO CONDICIONES TRANSITO MOMENTO,LO MARTINEZ,JOSE TORIBIO MEDINA,JOSE TORIBIO MEDINA - LO MARTINEZ,0, , ,BIDIRECCIONAL,ASFALTO,BUENO,SECO,DESPEJADO,0,0,0,1,13,131,13112,Metropolitana de Santiago,Santiago,La Pintana,Interseccion,"JOSE TORIBIO MEDINA & LO MARTINEZ, La Pintana",-33.575134,-70.6503
-7863530.4641217,-3945883.41941197,4782,2023,1542054,2023/06/26 00:00:00+00,Junio,26,Lunes,1899/12/30 00:00:00+00,13:30:00,13,REGION METROPOLITANA,HUECHURABA,COLISION,COLISION,URBANA,CRUCE CON SEMAFORO FUNCIONANDO,IMPRUDENCIA DEL CONDUCTOR,CONDUCCION NO ATENTO CONDICIONES TRANSITO MOMENTO,RECOLETA,LAS TORRES,LAS TORRES - RECOLETA,0, , ,BIDIRECCIONAL CON BANDEJON,ASFALTO,BUENO,SECO,DESPEJADO,0,0,0,0,13,131,13107,Metropolitana de Santiago,Santiago,Huechuraba,Interseccion,"LAS TORRES & RECOLETA, Huechuraba",-33.380236,-70.639296
-7866699.41492364,-3955337.42872403,4783,2023,1540971,2023/06/26 00:00:00+00,Junio,26,Lunes,1899/12/30 00:00:00+00,13:50:00,13,REGION METROPOLITANA,SANTIAGO,COLISION,COLISION,URBANA,CRUCE CON SEÑAL CEDA EL PASO,IMPRUDENCIA DEL CONDUCTOR,CONDUCCION NO ATENTO CONDICIONES TRANSITO MOMENTO,REPUBLICA,SAZIE,REPUBLICA - SAZIE,0, , ,UNIDIRECCIONAL,CONCRETO,BUENO,SECO,DESPEJADO,0,0,0,1,13,131,13101,Metropolitana de Santiago,Santiago,Santiago,Interseccion,"REPUBLICA & SAZIE, Santiago",-33.451124,-70.667763
-7869238.56798083,-3964809.72282041,4784,2023,1544343,2023/06/26 00:00:00+00,Junio,26,Lunes,1899/12/30 00:00:00+00,14:20:00,14,REGION METROPOLITANA,EL BOSQUE,COLISION POR ALCANCE,COLISION,URBANA,TRAMO DE VIA RECTA,IMPRUDENCIA DEL CONDUCTOR,CONDUCCION SIN MANTENER DISTANCIA RAZONABLE NI PRUDENTE,LO ESPEJO,GUAYACAN,GUAYACAN - LO ESPEJO,0, , ,UNIDIRECCIONAL,CONCRETO,BUENO,SECO,DESPEJADO,0,0,0,1,13,131,13105,Metropolitana de Santiago,Santiago,El Bosque,Interseccion,"GUAYACAN & LO ESPEJO, El Bosque",-33.522092,-70.690573
-7869631.77068621,-3949675.08510433,4785,2023,1540150,2023/06/26 00:00:00+00,Junio,26,Lunes,1899/12/30 00:00:00+00,19:20:00,19,REGION METROPOLITANA,RENCA,COLISION,COLISION,URBANA,TRAMO DE VIA RECTA,IMPRUDENCIA DEL CONDUCTOR,CONDUCCION NO ATENTO CONDICIONES TRANSITO MOMENTO,APOSTOL SANTIAGO,DOMINGO SANTA MARIA,APOSTOL SANTIAGO - DOMINGO SANTA MARIA,0, , ,UNIDIRECCIONAL,ASFALTO,BUENO,SECO,NUBLADO,0,0,0,0,13,131,13128,Metropolitana de Santiago,Santiago,Renca,Interseccion,"APOSTOL SANTIAGO & DOMINGO SANTA MARIA, Renca",-33.408674,-70.694105
-7869631.77068621,-3949675.08510433,4786,2023,1541871,2023/06/26 00:00:00+00,Junio,26,Lunes,1899/12/30 00:00:00+00,19:20:00,19,REGION METROPOLITANA,RENCA,COLISION,COLISION,URBANA,TRAMO DE VIA RECTA,IMPRUDENCIA DEL CONDUCTOR,CONDUCCION NO ATENTO CONDICIONES TRANSITO MOMENTO,APOSTOL SANTIAGO,DOMINGO SANTA MARIA,APOSTOL SANTIAGO - DOMINGO SANTA MARIA,0, , ,UNIDIRECCIONAL,ASFALTO,BUENO,SECO,DESPEJADO,0,0,0,0,13,131,13128,Metropolitana de Santiago,Santiago,Renca,Interseccion,"APOSTOL SANTIAGO & DOMINGO SANTA MARIA, Renca",-33.408674,-70.694105
-7854667.87077531,-3971461.55521003,4787,2023,1542159,2023/06/26 00:00:00+00,Junio,26,Lunes,1899/12/30 00:00:00+00,20:00:00,20,REGION METROPOLITANA,PUENTE ALTO,COLISION LATERAL,COLISION,URBANA,TRAMO DE VIA RECTA,IMPRUDENCIA DEL CONDUCTOR,CONDUCCION NO ATENTO CONDICIONES TRANSITO MOMENTO,EL PERAL,NEVADO 3 CRUCES,EL PERAL - NEVADO 3 CRUCES,0, , ,BIDIRECCIONAL,CONCRETO,BUENO,SECO,DESPEJADO,0,0,0,0,13,132,13201,Metropolitana de Santiago,Cordillera,Puente Alto,Interseccion,"EL PERAL & NEVADO 3 CRUCES, Puente Alto",-33.571893,-70.559682
-8121629.04157967,-4915128.46807278,4788,2023,1542782,2023/06/26 00:00:00+00,Junio,26,Lunes,1899/12/30 00:00:00+00,20:45:00,20,REGION DE LOS RIOS,RIO BUENO,COLISION LATERAL,COLISION,URBANA,CRUCE CON SEÑAL CEDA EL PASO,IMPRUDENCIA DEL CONDUCTOR,NO RESPETAR DERECHO PREFERENTE DE PASO A VEHICULO,ARTURO PRAT,BALMACEDA,ARTURO PRAT - BALMACEDA,0, , ,BIDIRECCIONAL,CONCRETO,REGULAR,MOJADO,LLUVIA,0,0,0,1,14,142,14204,Los Ríos,Ranco,Río Bueno,Interseccion,"ARTURO PRAT & BALMACEDA, Río Bueno",-40.337635,-72.957835
-7856650.02562838,-3952193.62271925,4789,2023,1545756,2023/06/27 00:00:00+00,Junio,27,Martes,1899/12/30 00:00:00+00,07:37:00,7,REGION METROPOLITANA,LAS CONDES,COLISION FRONTAL,COLISION,URBANA,TRAMO DE VIA RECTA,IMPRUDENCIA DEL CONDUCTOR,CONDUCCION NO ATENTO CONDICIONES TRANSITO MOMENTO,FELIPE II,STA ADRIANA,FELIPE II - STA ADRIANA,0, , ,BIDIRECCIONAL,ASFALTO,BUENO,SECO,DESPEJADO,0,1,0,1,13,131,13114,Metropolitana de Santiago,Santiago,Las Condes,Interseccion,"FELIPE II & STA ADRIANA, Las Condes",-33.427558,-70.577488
-8092426.04292902,-4550369.03637257,4790,2023,1541258,2023/06/27 00:00:00+00,Junio,27,Martes,1899/12/30 00:00:00+00,07:45:00,7,REGION ARAUCANIA,ANGOL,COLISION LATERAL,COLISION,URBANA,CRUCE CON SEÑAL PARE,DESOBEDIENCIA A SEÑALIZACION,SEÑALIZACION DESOBEDECER SEÑAL PARE,LOS CONFINES,RAUL SILVA HENRIQUEZ,LOS CONFINES - RAUL SILVA HENRIQUEZ,0, , ,BIDIRECCIONAL,CONCRETO,BUENO,MOJADO,NUBLADO,0,0,0,1,09,092,09201,La Araucanía,Malleco,Angol,Interseccion,"LOS CONFINES & RAUL SILVA HENRIQUEZ, Angol",-37.794024,-72.6955
-7808406.67413906,-2301275.54099973,4791,2023,1542400,2023/06/27 00:00:00+00,Junio,27,Martes,1899/12/30 00:00:00+00,08:00:00,8,REGION TARAPACA,IQUIQUE,CHOQUE POSTERIOR/POSTERIOR,CHOQUE,URBANA,TRAMO DE VIA RECTA,IMPRUDENCIA DEL CONDUCTOR,CONDUCCION NO ATENTO CONDICIONES TRANSITO MOMENTO,TADEO HAENKE,HEROES DE LA CONCEPCION,HEROES DE LA CONCEPCION - TADEO HAENKE,0, , ,BIDIRECCIONAL CON BANDEJON,ASFALTO,BUENO,SECO,DESPEJADO,0,0,0,0,01,011,01101,Tarapacá,Iquique,Iquique,Interseccion,"HEROES DE LA CONCEPCION & TADEO HAENKE, Iquique",-20.238243,-70.144111
-7931356.50248163,-3491280.68398171,4792,2023,1540866,2023/06/27 00:00:00+00,Junio,27,Martes,1899/12/30 00:00:00+00,11:00:00,11,REGION COQUIMBO,LA SERENA,CHOQUE LADO/LADO,CHOQUE,URBANA,TRAMO DE VIA RECTA,OTRAS CAUSAS,HECHO DELICTUAL,EDUARDO DE LA BARRA,LIBERTADOR BERNARDO O'HIGGINS,EDUARDO DE LA BARRA - LIBERTADOR BERNARDO O'HIGGINS,0, , ,UNIDIRECCIONAL,ASFALTO,BUENO,SECO,DESPEJADO,0,0,0,0,04,041,04101,Coquimbo,Elqui,La Serena,Interseccion,"EDUARDO DE LA BARRA & LIBERTADOR BERNARDO O'HIGGINS, La Serena",-29.904505,-71.248588
-7868954.25800135,-3963947.46497222,4793,2023,1541264,2023/06/27 00:00:00+00,Junio,27,Martes,1899/12/30 00:00:00+00,14:15:00,14,REGION METROPOLITANA,SAN JOAQUIN,COLISION LATERAL,COLISION,URBANA,CRUCE CON SEMAFORO FUNCIONANDO,IMPRUDENCIA DEL CONDUCTOR,CONDUCCION NO ATENTO CONDICIONES TRANSITO MOMENTO,SAN JUAN,PDTE SALVADOR ALLENDE,PDTE SALVADOR ALLENDE - SAN JUAN,0, , ,BIDIRECCIONAL,ASFALTO,BUENO,SECO,DESPEJADO,0,0,1,0,13,131,13129,Metropolitana de Santiago,Santiago,San Joaquín,Interseccion,"PDTE SALVADOR ALLENDE & SAN JUAN, San Joaquín",-33.515634,-70.688019
-7827760.16878325,-3171080.00042609,4794,2023,1543391,2023/06/27 00:00:00+00,Junio,27,Martes,1899/12/30 00:00:00+00,15:45:00,15,REGION ATACAMA,COPIAPO,COLISION PERPENDICULAR,COLISION,URBANA,TRAMO DE VIA RECTA,IMPRUDENCIA DEL CONDUCTOR,CONDUCCION NO ATENTO CONDICIONES TRANSITO MOMENTO,COPAYAPU,CACHIYUYO,CACHIYUYO - COPAYAPU,0, , ,BIDIRECCIONAL CON BANDEJON,ASFALTO,BUENO,SECO,DESPEJADO,0,0,0,1,03,031,03101,Atacama,Copiapó,Copiapó,Interseccion,"CACHIYUYO & COPAYAPU, Copiapó",-27.380411,-70.317966
-8078996.23696527,-4275082.03460028,4795,2023,1542699,2023/06/27 00:00:00+00,Junio,27,Martes,1899/12/30 00:00:00+00,18:55:00,18,REGION MAULE,PELLUHUE,COLISION,COLISION,URBANA,TRAMO DE VIA RECTA,IMPRUDENCIA DEL CONDUCTOR,CONDUCCION CONTRA SENTIDO DEL TRANSITO,COSTANERA,RIQUELME,COSTANERA - RIQUELME,0, , ,UNIDIRECCIONAL,ASFALTO,BUENO,SECO,DESPEJADO,0,0,0,1,07,072,07203,Maule,Cauquenes,Pelluhue,Interseccion,"COSTANERA & RIQUELME, Pelluhue",-35.814174,-72.574858
-8120967.02456792,-4383110.50637908,4796,2023,1541669,2023/06/27 00:00:00+00,Junio,27,Martes,1899/12/30 00:00:00+00,21:30:00,21,REGION BIO BIO,TOME,CHOQUE FRENTE/POSTERIOR,CHOQUE,URBANA,TRAMO DE VIA RECTA,IMPRUDENCIA DEL CONDUCTOR,CONDUCCION NO ATENTO CONDICIONES TRANSITO MOMENTO,VICENTE PALACIOS,RANCHO BLANCO,RANCHO BLANCO - VICENTE PALACIOS,0, , ,BIDIRECCIONAL,CONCRETO,BUENO,HUMEDO,NUBLADO,0,0,0,1,08,081,08111,Biobío,Concepción,Tomé,Interseccion,"RANCHO BLANCO & VICENTE PALACIOS, Tomé",-36.597208,-72.951888