X,Y,FID,Año,IdAccident,Fecha,Mes,Dia_mes,Dia_semana,Hora,Hora_texto,Hora_aprox,Región,Comuna,Tipo_Accid,Tipo__CONA,Zona,Ubicación,Causa__CON,Causa_Acci,Calle_Uno,Calle_Dos,Intersecci,Número,Ruta,Ubicaci_1,Calzada,Tipo_Calza,Estado_Cal,Condición,Estado_Atm,Fallecidos,Graves,Menos_Grav,Leves,CUT_REG,CUT_PROV,CUT_COM,REGION,PROVINCIA,COMUNA1,Tipo_direc,Direccion,Lat,Lon
-7874034.2988185,-3954462.55879698,4797,2023,1541075,2023/06/28 00:00:00+00,Junio,28,Miércoles,1899/12/30 00:00:00+00,06:00:00,6,REGION METROPOLITANA,LO PRADO,COLISION PERPENDICULAR,COLISION,URBANA,CRUCE CON SEMAFORO FUNCIONANDO,DESOBEDIENCIA A SEÑALIZACION,SEÑALIZACION DESOBEDECER LUZ ROJA DE SEMAFORO,SAN PABLO,TUPUNGATO,SAN PABLO - TUPUNGATO,0, , ,BIDIRECCIONAL,ASFALTO,BUENO,SECO,NUBLADO,0,0,0,1,13,131,13117,Metropolitana de Santiago,Santiago,Lo Prado,Interseccion,"SAN PABLO & TUPUNGATO, Lo Prado",-33.444567,-70.733654
-8142712.73049694,-4949757.03140083,4798,2023,1542700,2023/06/28 00:00:00+00,Junio,28,Miércoles,1899/12/30 00:00:00+00,07:48:00,7,REGION LOS LAGOS,OSORNO,COLISION LATERAL,COLISION,URBANA,TRAMO DE VIA RECTA,IMPRUDENCIA DEL CONDUCTOR,CONDUCCION NO ATENTO CONDICIONES TRANSITO MOMENTO,REPUBLICA,EJERCITO,EJERCITO - REPUBLICA,0, , ,UNIDIRECCIONAL,CONCRETO,REGULAR,HUMEDO,NEBLINA,0,0,0,1,10,103,10301,Los Lagos,Osorno,Osorno,Interseccion,"EJERCITO & REPUBLICA, Osorno",-40.574332,-73.147233
-7873725.84552276,-3993037.93668967,4799,2023,1543306,2023/06/28 00:00:00+00,Junio,28,Miércoles,1899/12/30 00:00:00+00,09:40:00,9,REGION METROPOLITANA,BUIN,COLISION POR ALCANCE,COLISION,URBANA,CRUCE CON SEMAFORO FUNCIONANDO,IMPRUDENCIA DEL CONDUCTOR,CONDUCCION SIN MANTENER DISTANCIA RAZONABLE NI PRUDENTE,LATERAL PONIENTE,BERNARDINO BRAVO,BERNARDINO BRAVO - LATERAL PONIENTE,0, , ,UNIDIRECCIONAL,ASFALTO,BUENO,SECO,DESPEJADO,0,0,0,0,13,134,13402,Metropolitana de Santiago,Maipo,Buin,Interseccion,"BERNARDINO BRAVO & LATERAL PONIENTE, Buin",-33.733235,-70.730883
-8132652.34283599,-4414788.76126625,4800,2023,1541091,2023/06/28 00:00:00+00,Junio,28,Miércoles,1899/12/30 00:00:00+00,10:43:00,10,REGION BIO BIO,CONCEPCION,COLISION LATERAL,COLISION,URBANA,TRAMO DE VIA RECTA,IMPRUDENCIA DEL CONDUCTOR,CONDUCCION CAMBIAR SORPRESIVAMENTE PISTA CIRCULACION,LOS CARRERA,ANGOL,ANGOL - LOS CARRERA,0, , ,BIDIRECCIONAL CON BANDEJON,CONCRETO,BUENO,SECO,DESPEJADO,0,0,0,1,08,081,08101,Biobío,Concepción,Concepción,Interseccion,"ANGOL & LOS CARRERA, Concepción",-36.825336,-73.056859
-7937261.94583073,-3499951.41788125,4801,2023,1542588,2023/06/28 00:00:00+00,Junio,28,Miércoles,1899/12/30 00:00:00+00,12:00:00,12,REGION COQUIMBO,COQUIMBO,COLISION PERPENDICULAR,COLISION,URBANA,CRUCE CON SEÑAL PARE,DESOBEDIENCIA A SEÑALIZACION,SEÑALIZACION DESOBEDECER SEÑAL PARE,EL ROSARIO,LA CANTERA,EL ROSARIO - LA CANTERA,0, , ,BIDIRECCIONAL,TIERRA,REGULAR, ,DESPEJADO,0,0,0,1,04,041,04102,Coquimbo,Elqui,Coquimbo,Interseccion,"EL ROSARIO & LA CANTERA, Coquimbo",-29.972002,-71.301637
-7877356.67543032,-3963513.2693353,4802,2023,1543320,2023/06/28 00:00:00+00,Junio,28,Miércoles,1899/12/30 00:00:00+00,12:15:00,12,REGION METROPOLITANA,MAIPU,COLISION POR ALCANCE,COLISION,URBANA,TRAMO DE VIA RECTA,IMPRUDENCIA DEL CONDUCTOR,CONDUCCION NO ATENTO CONDICIONES TRANSITO MOMENTO,DEL PONTIFICE,EL CARMEN,DEL PONTIFICE - EL CARMEN,0, , ,UNIDIRECCIONAL,ASFALTO,BUENO,SECO,DESPEJADO,0,1,0,0,13,131,13119,Metropolitana de Santiago,Santiago,Maipú,Interseccion,"DEL PONTIFICE & EL CARMEN, Maipú",-33.512382,-70.763499
-7867805.97518992,-3965236.07534123,4803,2023,1541763,2023/06/28 00:00:00+00,Junio,28,Miércoles,1899/12/30 00:00:00+00,13:00:00,13,REGION METROPOLITANA,LA CISTERNA,COLISION LATERAL,COLISION,URBANA,TRAMO DE VIA RECTA,IMPRUDENCIA DEL CONDUCTOR,CONDUCCION CONTRA SENTIDO DEL TRANSITO,JOSE JOAQUIN PRIETO VIAL,AUGUSTO BIAUT,AUGUSTO BIAUT - JOSE JOAQUIN PRIETO VIAL,0, , ,UNIDIRECCIONAL,CONCRETO,BUENO,SECO,DESPEJADO,0,0,0,1,13,131,13109,Metropolitana de Santiago,Santiago,La Cisterna,Interseccion,"AUGUSTO BIAUT & JOSE JOAQUIN PRIETO VIAL, La Cisterna",-33.525285,-70.677704
-7867805.97518992,-3965236.07534123,4804,2023,1542208,2023/06/28 00:00:00+00,Junio,28,Miércoles,1899/12/30 00:00:00+00,13:00:00,13,REGION METROPOLITANA,LA CISTERNA,COLISION LATERAL,COLISION,URBANA,TRAMO DE VIA RECTA,IMPRUDENCIA DEL CONDUCTOR,CONDUCCION NO ATENTO CONDICIONES TRANSITO MOMENTO,JOSE JOAQUIN PRIETO VIAL,AUGUSTO BIAUT,AUGUSTO BIAUT - JOSE JOAQUIN PRIETO VIAL,0, , ,BIDIRECCIONAL,CONCRETO,BUENO,SECO,DESPEJADO,0,0,0,0,13,131,13109,Metropolitana de Santiago,Santiago,La Cisterna,Interseccion,"AUGUSTO BIAUT & JOSE JOAQUIN PRIETO VIAL, La Cisterna",-33.525285,-70.677704
-7975619.97900588,-4221793.88432001,4805,2023,1540881,2023/06/28 00:00:00+00,Junio,28,Miércoles,1899/12/30 00:00:00+00,15:10:00,15,REGION MAULE,TALCA,COLISION,COLISION,URBANA,TRAMO DE VIA RECTA,IMPRUDENCIA DEL CONDUCTOR,CONDUCCION NO ATENTO CONDICIONES TRANSITO MOMENTO,2 NORTE,13 ORIENTE,13 ORIENTE - 2 NORTE,0, , ,UNIDIRECCIONAL,CONCRETO,BUENO,SECO,NUBLADO,0,0,0,0,07,071,07101,Maule,Talca,Talca,Interseccion,"13 ORIENTE & 2 NORTE, Talca",-35.425043,-71.646213
-8126935.19642782,-4415915.55217476,4806,2023,1541602,2023/06/28 00:00:00+00,Junio,28,Miércoles,1899/12/30 00:00:00+00,15:45:00,15,REGION BIO BIO,CONCEPCION,COLISION POR ALCANCE,COLISION,URBANA,TRAMO DE VIA RECTA,IMPRUDENCIA DEL CONDUCTOR,CONDUCCION NO ATENTO CONDICIONES TRANSITO MOMENTO,EL VERGEL,CAMINO NONGUEN,CAMINO NONGUEN - EL VERGEL,0, , ,BIDIRECCIONAL,CONCRETO,BUENO,SECO,DESPEJADO,0,0,0,0,08,081,08101,Biobío,Concepción,Concepción,Interseccion,"CAMINO NONGUEN & EL VERGEL, Concepción",-36.833438,-73.005501
-7880485.64367754,-3971089.60224147,4807,2023,1543032,2023/06/28 00:00:00+00,Junio,28,Miércoles,1899/12/30 00:00:00+00,17:10:00,17,REGION METROPOLITANA,PADRE HURTADO,COLISION,COLISION,URBANA,TRAMO DE VIA RECTA,IMPRUDENCIA DEL CONDUCTOR,CONDUCCION SIN MANTENER DISTANCIA RAZONABLE NI PRUDENTE,EL TREBOL,FERNANDO MUÑOZ ROJAS,EL TREBOL - FERNANDO MUÑOZ ROJAS,0, , ,BIDIRECCIONAL,CONCRETO,BUENO,SECO,DESPEJADO,0,1,0,1,13,136,13604,Metropolitana de Santiago,Talagante,Padre Hurtado,Interseccion,"EL TREBOL & FERNANDO MUÑOZ ROJAS, Padre Hurtado",-33.569109,-70.791607
-7860790.9993664,-3966552.7145404,4808,2023,1541556,2023/06/28 00:00:00+00,Junio,28,Miércoles,1899/12/30 00:00:00+00,18:15:00,18,REGION METROPOLITANA,LA GRANJA,COLISION LATERAL,COLISION,URBANA,CRUCE CON SEÑAL PARE,DESOBEDIENCIA A SEÑALIZACION,SEÑALIZACION DESOBEDECER SEÑAL PARE,PADRE JUAN MEYER,ANGOL,ANGOL - PADRE JUAN MEYER,0, , ,BIDIRECCIONAL,ASFALTO,BUENO,SECO,DESPEJADO,0,1,0,0,13,131,13111,Metropolitana de Santiago,Santiago,La Granja,Interseccion,"ANGOL & PADRE JUAN MEYER, La Granja",-33.535144,-70.614687
-8077247.67282775,-4680415.9229315,4809,2023,1541350,2023/06/28 00:00:00+00,Junio,28,Miércoles,1899/12/30 00:00:00+00,19:00:00,19,REGION ARAUCANIA,TEMUCO,COLISION,COLISION,URBANA,TRAMO DE VIA RECTA,IMPRUDENCIA DEL CONDUCTOR,CONDUCCION NO ATENTO CONDICIONES TRANSITO MOMENTO,HUERFANOS,RUDECINDO ORTEGA,HUERFANOS - RUDECINDO ORTEGA,0, , ,BIDIRECCIONAL CON BANDEJON,CONCRETO,BUENO,SECO,NUBLADO,0,0,0,1,09,091,09101,La Araucanía,Cautín,Temuco,Interseccion,"HUERFANOS & RUDECINDO ORTEGA, Temuco",-38.711399,-72.55915
-8142445.56373016,-4418079.90399653,4810,2023,1548981,2023/06/28 00:00:00+00,Junio,28,Miércoles,1899/12/30 00:00:00+00,19:15:00,19,REGION BIO BIO,SAN PEDRO DE LA PAZ,COLISION LATERAL,COLISION,URBANA,TRAMO DE VIA RECTA,DESOBEDIENCIA A SEÑALIZACION,SEÑALIZACION DESOBEDECER SEÑAL PARE,MICHIMALONCO,LONCOMILLA,LONCOMILLA - MICHIMALONCO,0, , ,BIDIRECCIONAL,CONCRETO,REGULAR,SECO,DESPEJADO,0,0,0,0,08,081,08108,Biobío,Concepción,San Pedro de la Paz,Interseccion,"LONCOMILLA & MICHIMALONCO, San Pedro de la Paz",-36.848998,-73.144833
-7876113.68199612,-4051046.87839836,4811,2023,1541388,2023/06/28 00:00:00+00,Junio,28,Miércoles,1899/12/30 00:00:00+00,20:00:00,20,REGION LIB.B.O'HIGGINS,RANCAGUA,COLISION LATERAL,COLISION,URBANA,CRUCE CON SEÑAL CEDA EL PASO,IMPRUDENCIA DEL CONDUCTOR,ADELANTAMIENTO SIN EL ESPACIO O TIEMPO SUFICIENTE,KOKE,NUEVA KOKE,KOKE - NUEVA KOKE,0, , ,BIDIRECCIONAL,CONCRETO,BUENO,SECO,DESPEJADO,0,1,0,0,06,061,06101,Libertador General Bernardo O'Higgins,Cachapoal,Rancagua,Interseccion,"KOKE & NUEVA KOKE, Rancagua",-34.165504,-70.752333
-7926855.77756748,-3986484.24366886,4812,2023,1542387,2023/06/28 00:00:00+00,Junio,28,Miércoles,1899/12/30 00:00:00+00,20:40:00,20,REGION METROPOLITANA,MELIPILLA,COLISION LATERAL,COLISION,URBANA,CRUCE CON SEÑAL PARE,DESOBEDIENCIA A SEÑALIZACION,SEÑALIZACION DESOBEDECER SEÑAL PARE,UGALDE,ALCALDE,ALCALDE - UGALDE,0, , ,UNIDIRECCIONAL,ASFALTO,BUENO,SECO,DESPEJADO,0,1,0,0,13,135,13501,Metropolitana de Santiago,Melipilla,Melipilla,Interseccion,"ALCALDE & UGALDE, Melipilla",-33.68426,-71.208157
-7863742.89169961,-3948576.35059636,4813,2023,1541949,2023/06/28 00:00:00+00,Junio,28,Miércoles,1899/12/30 00:00:00+00,21:10:00,21,REGION METROPOLITANA,RECOLETA,COLISION LATERAL,COLISION,URBANA,CRUCE CON SEÑAL PARE,IMPRUDENCIA DEL CONDUCTOR,CONDUCCION NO ATENTO CONDICIONES TRANSITO MOMENTO,RECOLETA,RAQUEL,RAQUEL - RECOLETA,0, , ,BIDIRECCIONAL,ASFALTO,BUENO,SECO,DESPEJADO,0,0,0,0,13,131,13127,Metropolitana de Santiago,Santiago,Recoleta,Interseccion,"RAQUEL & RECOLETA, Recoleta",-33.400434,-70.641204
-7835660.60197799,-2706826.88041786,4814,2023,1543463,2023/06/28 00:00:00+00,Junio,28,Miércoles,1899/12/30 00:00:00+00,21:30:00,21,REGION ANTOFAGASTA,ANTOFAGASTA,COLISION PERPENDICULAR,COLISION,URBANA,CRUCE CON SEMAFORO FUNCIONANDO,DESOBEDIENCIA A SEÑALIZACION,SEÑALIZACION DESOBEDECER LUZ ROJA DE SEMAFORO,VICTOR JARA,PEDRO AGUIRRE CERDA,PEDRO AGUIRRE CERDA - VICTOR JARA,0, , ,BIDIRECCIONAL CON BANDEJON,ASFALTO,BUENO,SECO,DESPEJADO,0,1,0,0,02,021,02101,Antofagasta,Antofagasta,Antofagasta,Interseccion,"PEDRO AGUIRRE CERDA & VICTOR JARA, Antofagasta",-23.617165,-70.388937
-8142377.77014914,-4951128.31765047,4815,2023,1542264,2023/06/28 00:00:00+00,Junio,28,Miércoles,1899/12/30 00:00:00+00,22:35:00,22,REGION LOS LAGOS,OSORNO,ATROPELLO,ATROPELLO,URBANA,TRAMO DE VIA RECTA,ALCOHOL EN PEATON,EBRIEDAD DEL PEATON,FELIZARDO ASENJO,ALMIRANTE LATORRE,ALMIRANTE LATORRE - FELIZARDO ASENJO,0, , ,UNIDIRECCIONAL,CONCRETO,REGULAR,MOJADO,LLOVIZNA,0,1,0,1,10,103,10301,Los Lagos,Osorno,Osorno,Interseccion,"ALMIRANTE LATORRE & FELIZARDO ASENJO, Osorno",-40.583688,-73.144224
-7865939.74845457,-3946395.29872447,4816,2023,1542922,2023/06/28 00:00:00+00,Junio,28,Miércoles,1899/12/30 00:00:00+00,23:30:00,23,REGION METROPOLITANA,CONCHALI,COLISION,COLISION,URBANA,TRAMO DE VIA RECTA,IMPRUDENCIA DEL CONDUCTOR,VIRAJES INDEBIDOS,GRAL GAMBINO,DIEGO SILVA HENRIQUEZ,DIEGO SILVA HENRIQUEZ - GRAL GAMBINO,0, , ,UNIDIRECCIONAL,CONCRETO,BUENO,HUMEDO,NUBLADO,0,0,0,0,13,131,13104,Metropolitana de Santiago,Santiago,Conchalí,Interseccion,"DIEGO SILVA HENRIQUEZ & GRAL GAMBINO, Conchalí",-33.384076,-70.660939
-7878674.69820132,-3961949.12538027,4817,2023,1529786,2023/04/27 00:00:00+00,Abril,27,Jueves,1899/12/30 00:00:00+00,19:05:00,19,REGION METROPOLITANA,MAIPU,COLISION LATERAL,COLISION,URBANA,TRAMO DE VIA RECTA,IMPRUDENCIA DEL CONDUCTOR,CONDUCCION NO ATENTO CONDICIONES TRANSITO MOMENTO,EL OLIMPO,ALCIBIADES,ALCIBIADES - EL OLIMPO,0, , ,BIDIRECCIONAL,ASFALTO,BUENO,SECO,DESPEJADO,0,1,0,0,13,131,13119,Metropolitana de Santiago,Santiago,Maipú,Interseccion,"ALCIBIADES & EL OLIMPO, Maipú",-33.500666,-70.775339
-7860056.84732461,-3953352.91560897,4818,2023,1550655,2023/08/06 00:00:00+00,Agosto,6,Domingo,1899/12/30 00:00:00+00,08:30:00,8,REGION METROPOLITANA,PROVIDENCIA,CHOQUE POSTERIOR/POSTERIOR,CHOQUE,URBANA,CRUCE CON SEMAFORO FUNCIONANDO,IMPRUDENCIA DEL CONDUCTOR,CONDUCCION NO ATENTO CONDICIONES TRANSITO MOMENTO,RICARDO LYON,POCURO,POCURO - RICARDO LYON,0, , ,BIDIRECCIONAL,ASFALTO,BUENO,SECO,DESPEJADO,0,0,0,0,13,131,13123,Metropolitana de Santiago,Santiago,Providencia,Interseccion,"POCURO & RICARDO LYON, Providencia",-33.436249,-70.608092
-8218461.97049422,-5141152.20454668,4819,2023,1543158,2023/06/29 00:00:00+00,Junio,29,Jueves,1899/12/30 00:00:00+00,22:35:00,22,REGION LOS LAGOS,ANCUD,COLISION POR ALCANCE,COLISION,URBANA,CRUCE CON SEÑAL PARE,IMPRUDENCIA DEL CONDUCTOR,CONDUCCION NO ATENTO CONDICIONES TRANSITO MOMENTO,1 DE MAYO,CAICUMEO,1 DE MAYO - CAICUMEO,0, , ,BIDIRECCIONAL,ASFALTO,REGULAR,MOJADO,NUBLADO,0,1,0,0,10,102,10202,Los Lagos,Chiloé,Ancud,Interseccion,"1 DE MAYO & CAICUMEO, Ancud",-41.8675,-73.8277
-8083409.62893364,-4684773.76944504,4820,2023,1541719,2023/06/30 00:00:00+00,Junio,30,Viernes,1899/12/30 00:00:00+00,07:35:00,7,REGION ARAUCANIA,TEMUCO,COLISION PERPENDICULAR,COLISION,URBANA,CRUCE CON SEÑAL PARE,DESOBEDIENCIA A SEÑALIZACION,SEÑALIZACION DESOBEDECER SEÑAL PARE,PABLO NERUDA,SANTA TERESA,PABLO NERUDA - SANTA TERESA,0, , ,BIDIRECCIONAL CON BANDEJON,CONCRETO,REGULAR,MOJADO,NUBLADO,0,0,0,1,09,091,09101,La Araucanía,Cautín,Temuco,Interseccion,"PABLO NERUDA & SANTA TERESA, Temuco",-38.74194,-72.614504
-8132791.93747744,-4415585.65238142,4821,2023,1528967,2023/04/27 00:00:00+00,Abril,27,Jueves,1899/12/30 00:00:00+00,19:10:00,19,REGION BIO BIO,CONCEPCION,COLISION LATERAL,COLISION,URBANA,TRAMO DE VIA RECTA,IMPRUDENCIA DEL CONDUCTOR,ADELANTAMIENTO SIN EL ESPACIO O TIEMPO SUFICIENTE,ARTURO PRAT,O'HIGGINS,ARTURO PRAT - O'HIGGINS,0, , ,UNIDIRECCIONAL,CONCRETO,BUENO,SECO,DESPEJADO,0,0,0,0,08,081,08101,Biobío,Concepción,Concepción,Interseccion,"ARTURO PRAT & O'HIGGINS, Concepción",-36.831066,-73.058113
-8121325.78503399,-4386747.83611688,4822,2023,1549823,2023/08/06 00:00:00+00,Agosto,6,Domingo,1899/12/30 00:00:00+00,11:30:00,11,REGION BIO BIO,TOME,COLISION POR ALCANCE,COLISION,URBANA,TRAMO DE VIA RECTA,IMPRUDENCIA DEL CONDUCTOR,CONDUCCION NO ATENTO CONDICIONES TRANSITO MOMENTO,MALDONADO,LOS SUSPIROS,LOS SUSPIROS - MALDONADO,0, , ,BIDIRECCIONAL,CONCRETO,BUENO,SECO,DESPEJADO,0,0,0,1,08,081,08111,Biobío,Concepción,Tomé,Interseccion,"LOS SUSPIROS & MALDONADO, Tomé",-36.623436,-72.955111
-7950323.70734969,-3901591.63419534,4823,2023,1526803,2023/04/27 00:00:00+00,Abril,27,Jueves,1899/12/30 00:00:00+00,19:10:00,19,REGION VALPARAISO,QUILPUE,COLISION PERPENDICULAR,COLISION,URBANA,TRAMO DE VIA RECTA,IMPRUDENCIA DEL CONDUCTOR,CONDUCCION NO ATENTO CONDICIONES TRANSITO MOMENTO,V CENTENARIO,BADEN POWELL,BADEN POWELL - V CENTENARIO,0, , ,BIDIRECCIONAL,CONCRETO,BUENO,SECO,DESPEJADO,0,0,1,0,05,058,05801,Valparaíso,Marga Marga,Quilpué,Interseccion,"BADEN POWELL & V CENTENARIO, Quilpué",-33.047358,-71.418973
-7962859.06123831,-3887517.62983595,4824,2023,1528985,2023/04/27 00:00:00+00,Abril,27,Jueves,1899/12/30 00:00:00+00,20:45:00,20,REGION VALPARAISO,CONCON,VOLCADURA,VOLCADURA,URBANA,TRAMO DE VIA RECTA,IMPRUDENCIA DEL CONDUCTOR,CONDUCCION NO ATENTO CONDICIONES TRANSITO MOMENTO,BLANCA ESTELA,SAINT MARGARET,BLANCA ESTELA - SAINT MARGARET,0, , ,BIDIRECCIONAL,ASFALTO,BUENO,SECO,DESPEJADO,0,1,0,1,05,051,05103,Valparaíso,Valparaíso,Concón,Interseccion,"BLANCA ESTELA & SAINT MARGARET, Concón",-32.941319,-71.53158
-8051883.92969347,-4506875.53231443,4825,2023,1528229,2023/04/27 00:00:00+00,Abril,27,Jueves,1899/12/30 00:00:00+00,22:00:00,22,REGION BIO BIO,LOS ANGELES,COLISION LATERAL,COLISION,URBANA,CRUCE CON SEMAFORO FUNCIONANDO,IMPRUDENCIA DEL CONDUCTOR,CONDUCCION NO ATENTO CONDICIONES TRANSITO MOMENTO,FRANCISCO ENCINA,PALO VERDE,FRANCISCO ENCINA - PALO VERDE,0, , ,BIDIRECCIONAL CON BANDEJON,ASFALTO,BUENO,SECO,DESPEJADO,0,0,0,0,08,083,08301,Biobío,Biobío,Los Angeles,Interseccion,"FRANCISCO ENCINA & PALO VERDE, Los Angeles",-37.484634,-72.331304
-7879892.31768229,-3962686.5889474,4826,2023,1526791,2023/04/28 00:00:00+00,Abril,28,Viernes,1899/12/30 00:00:00+00,00:40:00,0,REGION METROPOLITANA,MAIPU,COLISION POR ALCANCE,COLISION,URBANA,TRAMO DE VIA RECTA,IMPRUDENCIA DEL CONDUCTOR,CONDUCCION SIN MANTENER DISTANCIA RAZONABLE NI PRUDENTE,CAMINO A RINCONADA,PANGAL,CAMINO A RINCONADA - PANGAL,0, , ,BIDIRECCIONAL CON BANDEJON,ASFALTO,BUENO,SECO,DESPEJADO,1,1,0,0,13,131,13119,Metropolitana de Santiago,Santiago,Maipú,Interseccion,"CAMINO A RINCONADA & PANGAL, Maipú",-33.50619,-70.786277
-7874103.91990934,-3951046.18246358,4827,2023,1529346,2023/04/28 00:00:00+00,Abril,28,Viernes,1899/12/30 00:00:00+00,09:20:00,9,REGION METROPOLITANA,CERRO NAVIA,COLISION LATERAL,COLISION,URBANA,TRAMO DE VIA RECTA,IMPRUDENCIA DEL CONDUCTOR,CONDUCCION NO ATENTO CONDICIONES TRANSITO MOMENTO,JORGE GILES,SALVADOR GUTIERREZ,JORGE GILES - SALVADOR GUTIERREZ,0, , ,BIDIRECCIONAL,ASFALTO,BUENO,SECO,DESPEJADO,0,0,0,0,13,131,13103,Metropolitana de Santiago,Santiago,Cerro Navia,Interseccion,"JORGE GILES & SALVADOR GUTIERREZ, Cerro Navia",-33.418955,-70.734279
-7865334.28373676,-3951439.73088323,4828,2023,1527842,2023/04/28 00:00:00+00,Abril,28,Viernes,1899/12/30 00:00:00+00,11:40:00,11,REGION METROPOLITANA,INDEPENDENCIA,ATROPELLO,ATROPELLO,URBANA,CRUCE CON SEMAFORO FUNCIONANDO,IMPRUDENCIA DEL PEATON,IMPRUDENCIA DEL PEATON,INDEPENDENCIA,COLON,COLON - INDEPENDENCIA,0, , ,BIDIRECCIONAL,CONCRETO,BUENO,SECO,NUBLADO,0,1,0,1,13,131,13108,Metropolitana de Santiago,Santiago,Independencia,Interseccion,"COLON & INDEPENDENCIA, Independencia",-33.421906,-70.6555
-7869197.62466099,-3990475.09535416,4829,2023,1536758,2023/04/28 00:00:00+00,Abril,28,Viernes,1899/12/30 00:00:00+00,13:15:00,13,REGION METROPOLITANA,BUIN,COLISION POR ALCANCE,COLISION,URBANA,CRUCE CON SEMAFORO FUNCIONANDO,IMPRUDENCIA DEL CONDUCTOR,CONDUCCION SIN MANTENER DISTANCIA RAZONABLE NI PRUDENTE,CAMINO ESTACION,CAMINO EL ARPA,CAMINO EL ARPA - CAMINO ESTACION,0, , ,BIDIRECCIONAL,ASFALTO,BUENO,SECO,DESPEJADO,0,0,0,0,13,134,13402,Metropolitana de Santiago,Maipo,Buin,Interseccion,"CAMINO EL ARPA & CAMINO ESTACION, Buin",-33.714086,-70.690205
-8121359.42577297,-4385777.33238923,4830,2023,1549905,2023/08/06 00:00:00+00,Agosto,6,Domingo,1899/12/30 00:00:00+00,14:45:00,14,REGION BIO BIO,TOME,COLISION POR ALCANCE,COLISION,URBANA,CRUCE CON SEÑAL PARE,IMPRUDENCIA DEL CONDUCTOR,CONDUCCION SIN MANTENER DISTANCIA RAZONABLE NI PRUDENTE,NOGUEIRA,O'HIGGINS,NOGUEIRA - O'HIGGINS,0, , ,UNIDIRECCIONAL,CONCRETO,BUENO,SECO,DESPEJADO,0,0,0,1,08,081,08111,Biobío,Concepción,Tomé,Interseccion,"NOGUEIRA & O'HIGGINS, Tomé",-36.616439,-72.955413
-7863904.16024592,-3948112.41071547,4831,2023,1552391,2023/08/06 00:00:00+00,Agosto,6,Domingo,1899/12/30 00:00:00+00,15:50:00,15,REGION METROPOLITANA,RECOLETA,COLISION LATERAL,COLISION,URBANA,CRUCE CON SEÑAL PARE,IMPRUDENCIA DEL CONDUCTOR,ADELANTAMIENTO SIN EL ESPACIO O TIEMPO SUFICIENTE,DORSAL,RECOLETA,DORSAL - RECOLETA,0, , ,BIDIRECCIONAL,ASFALTO,BUENO,SECO,NUBLADO,0,0,0,1,13,131,13127,Metropolitana de Santiago,Santiago,Recoleta,Interseccion,"DORSAL & RECOLETA, Recoleta",-33.396955,-70.642653
-7874782.63484471,-3941487.4861151,4832,2023,1541980,2023/06/30 00:00:00+00,Junio,30,Viernes,1899/12/30 00:00:00+00,08:00:00,8,REGION METROPOLITANA,QUILICURA,COLISION POR ALCANCE,COLISION,URBANA,CRUCE CON SEÑAL PARE,IMPRUDENCIA DEL CONDUCTOR,CONDUCCION NO ATENTO CONDICIONES TRANSITO MOMENTO,STA LUISA,CALLE DOS,CALLE DOS - STA LUISA,0, , ,BIDIRECCIONAL,ASFALTO,BUENO,SECO,DESPEJADO,0,0,0,1,13,131,13125,Metropolitana de Santiago,Santiago,Quilicura,Interseccion,"CALLE DOS & STA LUISA, Quilicura",-33.347255,-70.740376
-7876326.97014049,-3943366.07422237,4833,2023,1542123,2023/06/30 00:00:00+00,Junio,30,Viernes,1899/12/30 00:00:00+00,08:30:00,8,REGION METROPOLITANA,QUILICURA,COLISION FRONTAL,COLISION,URBANA,TRAMO DE VIA RECTA,IMPRUDENCIA DEL CONDUCTOR,CONDUCCION NO ATENTO CONDICIONES TRANSITO MOMENTO,SAN LUIS,LOS DOMINICOS,LOS DOMINICOS - SAN LUIS,0, , ,UNIDIRECCIONAL,ASFALTO,BUENO,SECO,DESPEJADO,0,0,0,1,13,131,13125,Metropolitana de Santiago,Santiago,Quilicura,Interseccion,"LOS DOMINICOS & SAN LUIS, Quilicura",-33.361351,-70.754249
-7870539.80382828,-3974169.93228814,4834,2023,1543284,2023/06/30 00:00:00+00,Junio,30,Viernes,1899/12/30 00:00:00+00,08:45:00,8,REGION METROPOLITANA,SANTIAGO,COLISION POR ALCANCE,COLISION,URBANA,CRUCE CON SEMAFORO FUNCIONANDO,IMPRUDENCIA DEL CONDUCTOR,CONDUCCION NO ATENTO CONDICIONES TRANSITO MOMENTO,VICTORIA SUBERCASEAUX,LIBER BERNARDO O'HIGGINS,LIBER BERNARDO O'HIGGINS - VICTORIA SUBERCASEAUX,0, , ,UNIDIRECCIONAL,ASFALTO,BUENO,SECO,DESPEJADO,0,0,0,1,13,131,13101,Metropolitana de Santiago,Santiago,Santiago,Interseccion,"LIBER BERNARDO O'HIGGINS & VICTORIA SUBERCASEAUX, Santiago",-33.592162,-70.702262
-7963101.86016855,-3887619.87336622,4835,2023,1543962,2023/06/30 00:00:00+00,Junio,30,Viernes,1899/12/30 00:00:00+00,19:20:00,19,REGION VALPARAISO,CONCON,COLISION,COLISION,URBANA,TRAMO DE VIA RECTA,IMPRUDENCIA DEL CONDUCTOR,CONDUCCION NO ATENTO CONDICIONES TRANSITO MOMENTO,BOSQUES DE MONTEMAR,BLANCA ESTELA,BLANCA ESTELA - BOSQUES DE MONTEMAR,0, , ,BIDIRECCIONAL,ASFALTO,BUENO,SECO,DESPEJADO,0,0,0,1,05,051,05103,Valparaíso,Valparaíso,Concón,Interseccion,"BLANCA ESTELA & BOSQUES DE MONTEMAR, Concón",-32.94209,-71.533761