X,Y,FID,Año,IdAccident,Fecha,Mes,Dia_mes,Dia_semana,Hora,Hora_texto,Hora_aprox,Región,Comuna,Tipo_Accid,Tipo__CONA,Zona,Ubicación,Causa__CON,Causa_Acci,Calle_Uno,Calle_Dos,Intersecci,Número,Ruta,Ubicaci_1,Calzada,Tipo_Calza,Estado_Cal,Condición,Estado_Atm,Fallecidos,Graves,Menos_Grav,Leves,CUT_REG,CUT_PROV,CUT_COM,REGION,PROVINCIA,COMUNA1,Tipo_direc,Direccion,Lat,Lon
-7858113.09769587,-3963201.78540914,4836,2023,1542915,2023/06/30 00:00:00+00,Junio,30,Viernes,1899/12/30 00:00:00+00,21:15:00,21,REGION METROPOLITANA,LA FLORIDA,COLISION LATERAL,COLISION,URBANA,CRUCE CON SEMAFORO FUNCIONANDO,DESOBEDIENCIA A SEÑALIZACION,SEÑALIZACION DESOBEDECER LUZ ROJA DE SEMAFORO,AMERICO VESPUCIO,DEPARTAMENTAL,AMERICO VESPUCIO - DEPARTAMENTAL,0, , ,BIDIRECCIONAL CON BANDEJON,ASFALTO,BUENO,SECO,DESPEJADO,0,1,0,1,13,131,13110,Metropolitana de Santiago,Santiago,La Florida,Interseccion,"AMERICO VESPUCIO & DEPARTAMENTAL, La Florida",-33.510049,-70.590631
-7932205.90361449,-4163571.98494918,4837,2023,1543437,2023/06/30 00:00:00+00,Junio,30,Viernes,1899/12/30 00:00:00+00,21:25:00,21,REGION MAULE,CURICO,ATROPELLO,ATROPELLO,URBANA,CRUCE SIN SEÑALIZACION,IMPRUDENCIA DEL CONDUCTOR,CONDUCCION NO ATENTO CONDICIONES TRANSITO MOMENTO,PARINACOTA,VICTORIA,PARINACOTA - VICTORIA,0, , ,UNIDIRECCIONAL,ASFALTO,BUENO,SECO,NUBLADO,0,0,0,1,07,073,07301,Maule,Curicó,Curicó,Interseccion,"PARINACOTA & VICTORIA, Curicó",-34.997725,-71.256218
-7874530.60751756,-3959527.62975272,4838,2023,1526624,2023/04/28 00:00:00+00,Abril,28,Viernes,1899/12/30 00:00:00+00,13:45:00,13,REGION METROPOLITANA,MAIPU,COLISION LATERAL,COLISION,URBANA,TRAMO DE VIA RECTA,IMPRUDENCIA DEL CONDUCTOR,CONDUCCION NO ATENTO CONDICIONES TRANSITO MOMENTO,SIMON BOLIVAR,STA ROSA,SIMON BOLIVAR - STA ROSA,0, , ,BIDIRECCIONAL,ASFALTO,BUENO,SECO,DESPEJADO,0,0,0,1,13,131,13119,Metropolitana de Santiago,Santiago,Maipú,Interseccion,"SIMON BOLIVAR & STA ROSA, Maipú",-33.482525,-70.738112
-7873341.82667537,-3955287.19635304,4839,2023,1541700,2023/06/30 00:00:00+00,Junio,30,Viernes,1899/12/30 00:00:00+00,21:30:00,21,REGION METROPOLITANA,LO PRADO,VOLCADURA,VOLCADURA,URBANA,CRUCE SIN SEÑALIZACION,ALCOHOL EN CONDUCTOR,CONDUCCION BAJO LA INFLUENCIA DEL ALCOHOL,DORSAL,HUANUCO,DORSAL - HUANUCO,0, , ,BIDIRECCIONAL,ASFALTO,BUENO,SECO,DESPEJADO,0,0,0,1,13,131,13117,Metropolitana de Santiago,Santiago,Lo Prado,Interseccion,"DORSAL & HUANUCO, Lo Prado",-33.450748,-70.727433
-7850853.17446481,-3959106.27912411,4840,2023,1552118,2023/08/06 00:00:00+00,Agosto,6,Domingo,1899/12/30 00:00:00+00,17:15:00,17,REGION METROPOLITANA,PEÑALOLEN,COLISION FRONTAL,COLISION,URBANA,CRUCE CON SEÑAL PARE,IMPRUDENCIA DEL CONDUCTOR,CONDUCCION NO ATENTO CONDICIONES TRANSITO MOMENTO,ALVARO CASANOVA,GRECIA,ALVARO CASANOVA - GRECIA,0, , ,BIDIRECCIONAL CON BANDEJON,CONCRETO,BUENO,SECO,DESPEJADO,0,1,0,0,13,131,13122,Metropolitana de Santiago,Santiago,Peñalolén,Interseccion,"ALVARO CASANOVA & GRECIA, Peñalolén",-33.479368,-70.525414
-7870115.78783218,-3965014.59813758,4841,2023,1552950,2023/08/06 00:00:00+00,Agosto,6,Domingo,1899/12/30 00:00:00+00,20:50:00,20,REGION METROPOLITANA,LO ESPEJO,VOLCADURA,VOLCADURA,URBANA,TRAMO DE VIA RECTA,IMPRUDENCIA DEL CONDUCTOR,CONDUCCION NO ATENTO CONDICIONES TRANSITO MOMENTO,AMERICO VESPUCIO,CENTRAL CARD SILVA HENRIQUEZ,AMERICO VESPUCIO - CENTRAL CARD SILVA HENRIQUEZ,0, , ,UNIDIRECCIONAL,ASFALTO,BUENO,SECO,DESPEJADO,0,0,0,1,13,131,13116,Metropolitana de Santiago,Santiago,Lo Espejo,Interseccion,"AMERICO VESPUCIO & CENTRAL CARD SILVA HENRIQUEZ, Lo Espejo",-33.523626,-70.698453
-7862937.79570182,-3954102.49609264,4842,2023,1526879,2023/04/28 00:00:00+00,Abril,28,Viernes,1899/12/30 00:00:00+00,13:45:00,13,REGION METROPOLITANA,PROVIDENCIA,COLISION FRONTAL,COLISION,URBANA,TRAMO DE VIA RECTA,IMPRUDENCIA DEL CONDUCTOR,CONDUCCION CAMBIAR SORPRESIVAMENTE PISTA CIRCULACION,RANCAGUA,VICUÑA MACKENNA,RANCAGUA - VICUÑA MACKENNA,0, , ,UNIDIRECCIONAL,ASFALTO,BUENO,SECO,DESPEJADO,0,0,0,0,13,131,13123,Metropolitana de Santiago,Santiago,Providencia,Interseccion,"RANCAGUA & VICUÑA MACKENNA, Providencia",-33.441868,-70.633972
-7878036.28093275,-3947739.98828984,4843,2023,1551091,2023/08/06 00:00:00+00,Agosto,6,Domingo,1899/12/30 00:00:00+00,23:20:00,23,REGION METROPOLITANA,PUDAHUEL,VOLCADURA,VOLCADURA,URBANA,TRAMO DE VIA RECTA,VELOCIDAD IMPRUDENTE,VELOCIDAD NO RAZONABLE NI PRUDENTE,AMERICO VESPUCIO,MIRAFLORES,AMERICO VESPUCIO - MIRAFLORES,0, , ,BIDIRECCIONAL,ASFALTO,REGULAR,SECO,DESPEJADO,0,0,0,2,13,131,13124,Metropolitana de Santiago,Santiago,Pudahuel,Interseccion,"AMERICO VESPUCIO & MIRAFLORES, Pudahuel",-33.394162,-70.769604
-7673578.88913849,-2566199.41863445,4844,2023,1550003,2023/08/07 00:00:00+00,Agosto,7,Lunes,1899/12/30 00:00:00+00,00:30:00,0,REGION ANTOFAGASTA,CALAMA,COLISION,COLISION,URBANA,CRUCE CON SEÑAL PARE,ALCOHOL EN CONDUCTOR,CONDUCCION EN ESTADO DE EBRIEDAD,VASCO DE GAMA,MEXICO,MEXICO - VASCO DE GAMA,0, , ,BIDIRECCIONAL,ASFALTO,BUENO,SECO,DESPEJADO,0,1,0,0,02,022,02201,Antofagasta,El Loa,Calama,Interseccion,"MEXICO & VASCO DE GAMA, Calama",-22.454648,-68.932932
-7875362.38675276,-4051130.56150449,4845,2023,1527926,2023/04/28 00:00:00+00,Abril,28,Viernes,1899/12/30 00:00:00+00,18:40:00,18,REGION LIB.B.O'HIGGINS,RANCAGUA,COLISION PERPENDICULAR,COLISION,URBANA,CRUCE CON SEÑAL PARE,DESOBEDIENCIA A SEÑALIZACION,SEÑALIZACION DESOBEDECER SEÑAL PARE,CACERES,SAN MARTIN,CACERES - SAN MARTIN,0, , ,UNIDIRECCIONAL,CONCRETO,BUENO,SECO,DESPEJADO,0,0,1,0,06,061,06101,Libertador General Bernardo O'Higgins,Cachapoal,Rancagua,Interseccion,"CACERES & SAN MARTIN, Rancagua",-34.166126,-70.745584
-7860402.38302404,-3951218.36460833,4846,2023,1551163,2023/08/07 00:00:00+00,Agosto,7,Lunes,1899/12/30 00:00:00+00,01:25:00,1,REGION METROPOLITANA,PROVIDENCIA,COLISION FRONTAL,COLISION,URBANA,CRUCE CON SEMAFORO APAGADO,DESOBEDIENCIA A SEÑALIZACION,SEÑALIZACION DESOBEDECER LUZ ROJA DE SEMAFORO,ANDRES BELLO,NVA DE LYON,ANDRES BELLO - NVA DE LYON,0, , ,UNIDIRECCIONAL,ASFALTO,BUENO,SECO,DESPEJADO,0,1,0,0,13,131,13123,Metropolitana de Santiago,Santiago,Providencia,Interseccion,"ANDRES BELLO & NVA DE LYON, Providencia",-33.420246,-70.611196
-8132368.47813446,-4414657.48161447,4847,2023,1541979,2023/06/30 00:00:00+00,Junio,30,Viernes,1899/12/30 00:00:00+00,23:45:00,23,REGION BIO BIO,CONCEPCION,COLISION PERPENDICULAR,COLISION,URBANA,CRUCE CON SEMAFORO FUNCIONANDO,DESOBEDIENCIA A SEÑALIZACION,SEÑALIZACION DESOBEDECER LUZ ROJA DE SEMAFORO,LOS CARRERA,RENGO,LOS CARRERA - RENGO,0, , ,UNIDIRECCIONAL,CONCRETO,BUENO,SECO,DESPEJADO,0,1,0,1,08,081,08101,Biobío,Concepción,Concepción,Interseccion,"LOS CARRERA & RENGO, Concepción",-36.824392,-73.054309
-7862387.09822539,-3962821.02006717,4848,2023,1527910,2023/04/28 00:00:00+00,Abril,28,Viernes,1899/12/30 00:00:00+00,18:50:00,18,REGION METROPOLITANA,SAN JOAQUIN,ATROPELLO,ATROPELLO,URBANA,CRUCE CON SEMAFORO FUNCIONANDO,IMPRUDENCIA DEL CONDUCTOR,CONDUCCION NO ATENTO CONDICIONES TRANSITO MOMENTO,DEPARTAMENTAL,BENOZZO GOZZOLI,BENOZZO GOZZOLI - DEPARTAMENTAL,0, , ,BIDIRECCIONAL,ASFALTO,BUENO,SECO,NUBLADO,0,1,1,0,13,131,13129,Metropolitana de Santiago,Santiago,San Joaquín,Interseccion,"BENOZZO GOZZOLI & DEPARTAMENTAL, San Joaquín",-33.507197,-70.629025
-7856181.14793316,-3974373.99825173,4849,2023,1551948,2023/08/07 00:00:00+00,Agosto,7,Lunes,1899/12/30 00:00:00+00,07:19:00,7,REGION METROPOLITANA,PUENTE ALTO,COLISION LATERAL,COLISION,URBANA,TRAMO DE VIA RECTA,IMPRUDENCIA DEL CONDUCTOR,CONDUCCION NO ATENTO CONDICIONES TRANSITO MOMENTO,NEMESIO VICUÑA,LAS NIEVES ORIENTE,LAS NIEVES ORIENTE - NEMESIO VICUÑA,0, , ,BIDIRECCIONAL,CONCRETO,BUENO,SECO,DESPEJADO,0,0,0,1,13,132,13201,Metropolitana de Santiago,Cordillera,Puente Alto,Interseccion,"LAS NIEVES ORIENTE & NEMESIO VICUÑA, Puente Alto",-33.593689,-70.573276
-7875727.62600205,-3994529.66512048,4850,2023,1536773,2023/04/28 00:00:00+00,Abril,28,Viernes,1899/12/30 00:00:00+00,19:30:00,19,REGION METROPOLITANA,BUIN,COLISION LATERAL,COLISION,URBANA,CRUCE CON SEÑAL PARE,DESOBEDIENCIA A SEÑALIZACION,SEÑALIZACION DESOBEDECER SEÑAL PARE,LATERAL PONIENTE,VILLASECA,LATERAL PONIENTE - VILLASECA,0, , ,BIDIRECCIONAL,ASFALTO,BUENO,SECO,DESPEJADO,0,0,0,1,13,134,13402,Metropolitana de Santiago,Maipo,Buin,Interseccion,"LATERAL PONIENTE & VILLASECA, Buin",-33.744378,-70.748865
-7871743.96896842,-3954058.33898787,4851,2023,1527016,2023/04/28 00:00:00+00,Abril,28,Viernes,1899/12/30 00:00:00+00,19:50:00,19,REGION METROPOLITANA,LO PRADO,COLISION PERPENDICULAR,COLISION,URBANA,CRUCE CON SEÑAL CEDA EL PASO,DESOBEDIENCIA A SEÑALIZACION,SEÑALIZACION DESOBEDECER SEÑAL CEDA EL PASO,LOS COPIHUES,NECOCHEA,LOS COPIHUES - NECOCHEA,0, , ,BIDIRECCIONAL,ASFALTO,BUENO,SECO,NUBLADO,0,0,0,1,13,131,13117,Metropolitana de Santiago,Santiago,Lo Prado,Interseccion,"LOS COPIHUES & NECOCHEA, Lo Prado",-33.441537,-70.713079
-7857841.58945783,-3955700.53586738,4852,2023,1528026,2023/04/28 00:00:00+00,Abril,28,Viernes,1899/12/30 00:00:00+00,20:25:00,20,REGION METROPOLITANA,ÑUÑOA,COLISION,COLISION,URBANA,TRAMO DE VIA RECTA,IMPRUDENCIA DEL CONDUCTOR,CONDUCCION NO ATENTO CONDICIONES TRANSITO MOMENTO,AUGUSTO VILLANUEVA,NICANOR MARAMBIO,AUGUSTO VILLANUEVA - NICANOR MARAMBIO,0, , ,BIDIRECCIONAL,CONCRETO,BUENO,SECO,DESPEJADO,0,1,0,0,13,131,13120,Metropolitana de Santiago,Santiago,Ñuñoa,Interseccion,"AUGUSTO VILLANUEVA & NICANOR MARAMBIO, Ñuñoa",-33.453846,-70.588192
-7866646.18194314,-3972688.25667623,4853,2023,1529609,2023/04/28 00:00:00+00,Abril,28,Viernes,1899/12/30 00:00:00+00,21:00:00,21,REGION METROPOLITANA,EL BOSQUE,COLISION POR ALCANCE,COLISION,URBANA,TRAMO DE VIA RECTA,IMPRUDENCIA DEL CONDUCTOR,CONDUCCION NO ATENTO CONDICIONES TRANSITO MOMENTO,BAHIA DE CAMPECHE,VECINAL SUR,BAHIA DE CAMPECHE - VECINAL SUR,0, , ,BIDIRECCIONAL,ASFALTO,REGULAR,SECO,DESPEJADO,0,0,0,0,13,131,13105,Metropolitana de Santiago,Santiago,El Bosque,Interseccion,"BAHIA DE CAMPECHE & VECINAL SUR, El Bosque",-33.581074,-70.667285
-7830554.06531865,-3169074.70311628,4854,2023,1527691,2023/04/29 00:00:00+00,Abril,29,Sábado,1899/12/30 00:00:00+00,01:30:00,1,REGION ATACAMA,COPIAPO,COLISION PERPENDICULAR,COLISION,URBANA,CRUCE CON SEMAFORO FUNCIONANDO,ALCOHOL EN CONDUCTOR,CONDUCCION EN ESTADO DE EBRIEDAD,ALAMEDA MANUEL ANTONIO MATTA,COPAYAPU,ALAMEDA MANUEL ANTONIO MATTA - COPAYAPU,0, , ,BIDIRECCIONAL,ASFALTO,BUENO,SECO,DESPEJADO,0,1,0,0,03,031,03101,Atacama,Copiapó,Copiapó,Interseccion,"ALAMEDA MANUEL ANTONIO MATTA & COPAYAPU, Copiapó",-27.364414,-70.343064
-7877963.26166973,-3955781.09888583,4855,2023,1550300,2023/08/07 00:00:00+00,Agosto,7,Lunes,1899/12/30 00:00:00+00,07:50:00,7,REGION METROPOLITANA,PUDAHUEL,COLISION POR ALCANCE,COLISION,URBANA,TRAMO DE VIA RECTA,IMPRUDENCIA DEL CONDUCTOR,CONDUCCION SIN MANTENER DISTANCIA RAZONABLE NI PRUDENTE,AMERICO VESPUCIO,LA TRAVESIA,AMERICO VESPUCIO - LA TRAVESIA,0, , ,BIDIRECCIONAL CON BANDEJON,ASFALTO,BUENO,SECO,DESPEJADO,0,0,0,0,13,131,13124,Metropolitana de Santiago,Santiago,Pudahuel,Interseccion,"AMERICO VESPUCIO & LA TRAVESIA, Pudahuel",-33.45445,-70.768948
-7864595.67692273,-3973104.75824468,4856,2023,1527098,2023/04/29 00:00:00+00,Abril,29,Sábado,1899/12/30 00:00:00+00,02:00:00,2,REGION METROPOLITANA,LA PINTANA,COLISION PERPENDICULAR,COLISION,URBANA,CRUCE CON SEÑAL PARE,DESOBEDIENCIA A SEÑALIZACION,SEÑALIZACION DESOBEDECER SEÑAL PARE,JULIO BARRENECHEA,JOHN KENNEDY,JOHN KENNEDY - JULIO BARRENECHEA,0, , ,BIDIRECCIONAL,ASFALTO,BUENO,SECO,NUBLADO,0,0,0,0,13,131,13112,Metropolitana de Santiago,Santiago,La Pintana,Interseccion,"JOHN KENNEDY & JULIO BARRENECHEA, La Pintana",-33.584191,-70.648865
-8009610.35306473,-4762289.1958804,4857,2023,1550073,2023/08/07 00:00:00+00,Agosto,7,Lunes,1899/12/30 00:00:00+00,11:00:00,11,REGION ARAUCANIA,PUCON,COLISION LATERAL,COLISION,URBANA,TRAMO DE VIA RECTA,ALCOHOL EN CONDUCTOR,CONDUCCION BAJO LA INFLUENCIA DEL ALCOHOL,CAMINO INTERNACIONAL,EL TRIUNFO,CAMINO INTERNACIONAL - EL TRIUNFO,0, , ,BIDIRECCIONAL,ASFALTO,BUENO,SECO,DESPEJADO,0,1,0,1,09,091,09115,La Araucanía,Cautín,Pucón,Interseccion,"CAMINO INTERNACIONAL & EL TRIUNFO, Pucón",-39.282992,-71.951554
-7863683.05740651,-3951317.11390398,4858,2023,1552057,2023/08/07 00:00:00+00,Agosto,7,Lunes,1899/12/30 00:00:00+00,13:45:00,13,REGION METROPOLITANA,RECOLETA,COLISION POR ALCANCE,COLISION,URBANA,TRAMO DE VIA RECTA,IMPRUDENCIA DEL CONDUCTOR,CONDUCCION CAMBIAR SORPRESIVAMENTE PISTA CIRCULACION,PERU,SAN CRISTOBAL,PERU - SAN CRISTOBAL,0, , ,BIDIRECCIONAL,ASFALTO,REGULAR,SECO,DESPEJADO,0,0,0,1,13,131,13127,Metropolitana de Santiago,Santiago,Recoleta,Interseccion,"PERU & SAN CRISTOBAL, Recoleta",-33.420986,-70.640667
-8119833.2355542,-5082188.1638407,4859,2023,1527635,2023/04/29 00:00:00+00,Abril,29,Sábado,1899/12/30 00:00:00+00,02:45:00,2,REGION LOS LAGOS,PUERTO MONTT,COLISION PERPENDICULAR,COLISION,URBANA,CRUCE CON SEMAFORO FUNCIONANDO,IMPRUDENCIA DEL CONDUCTOR,NO RESPETAR DERECHO PREFERENTE DE PASO A VEHICULO,GUILLERMO GALLARDO,URMENETA,GUILLERMO GALLARDO - URMENETA,0, , ,BIDIRECCIONAL,CONCRETO,BUENO,SECO,DESPEJADO,0,1,0,0,10,101,10101,Los Lagos,Llanquihue,Puerto Montt,Interseccion,"GUILLERMO GALLARDO & URMENETA, Puerto Montt",-41.471834,-72.941703
-7931698.18656007,-3494374.15529648,4860,2023,1527116,2023/04/29 00:00:00+00,Abril,29,Sábado,1899/12/30 00:00:00+00,05:30:00,5,REGION COQUIMBO,LA SERENA,CHOQUE FRONTAL,CHOQUE,URBANA,TRAMO DE VIA RECTA,ALCOHOL EN CONDUCTOR,CONDUCCION BAJO LA INFLUENCIA DEL ALCOHOL,GABRIEL GONZALEZ VIDELA,SEMINARIO,GABRIEL GONZALEZ VIDELA - SEMINARIO,0, , ,UNIDIRECCIONAL,ASFALTO,BUENO,SECO,DESPEJADO,0,0,0,1,04,041,04101,Coquimbo,Elqui,La Serena,Interseccion,"GABRIEL GONZALEZ VIDELA & SEMINARIO, La Serena",-29.928591,-71.251657
-7857352.89689325,-3961096.25147895,4861,2023,1530005,2023/04/29 00:00:00+00,Abril,29,Sábado,1899/12/30 00:00:00+00,05:50:00,5,REGION METROPOLITANA,MACUL,COLISION POR ALCANCE,COLISION,URBANA,TRAMO DE VIA RECTA,VELOCIDAD IMPRUDENTE,VELOCIDAD NO RAZONABLE NI PRUDENTE,AMERICO VESPUCIO,SAN SEBASTIAN APOSTOL,AMERICO VESPUCIO - SAN SEBASTIAN APOSTOL,0, , ,UNIDIRECCIONAL,CONCRETO,BUENO,SECO,DESPEJADO,0,1,0,0,13,131,13118,Metropolitana de Santiago,Santiago,Macul,Interseccion,"AMERICO VESPUCIO & SAN SEBASTIAN APOSTOL, Macul",-33.494277,-70.583802
-7975446.5153203,-4221897.41085343,4862,2023,1527072,2023/04/29 00:00:00+00,Abril,29,Sábado,1899/12/30 00:00:00+00,07:10:00,7,REGION MAULE,TALCA,COLISION,COLISION,URBANA,TRAMO DE VIA RECTA,DESOBEDIENCIA A SEÑALIZACION,SEÑALIZACION DESOBEDECER LUZ ROJA DE SEMAFORO,14 ORIENTE,2 NORTE,14 ORIENTE - 2 NORTE,0, , ,UNIDIRECCIONAL,CONCRETO,BUENO,MOJADO,LLUVIA,0,0,0,2,07,071,07101,Maule,Talca,Talca,Interseccion,"14 ORIENTE & 2 NORTE, Talca",-35.425801,-71.644655
-7866206.13599603,-3959690.72873359,4863,2023,1548584,2023/06/30 00:00:00+00,Junio,30,Viernes,1899/12/30 00:00:00+00,23:50:00,23,REGION METROPOLITANA,PEDRO AGUIRRE CERDA,COLISION LATERAL,COLISION,URBANA,TRAMO DE VIA RECTA,IMPRUDENCIA DEL CONDUCTOR,CONDUCCION NO ATENTO CONDICIONES TRANSITO MOMENTO,BEAUCHEFF,LAGO RANCO,BEAUCHEFF - LAGO RANCO,0, , ,BIDIRECCIONAL,ASFALTO,BUENO,SECO,DESPEJADO,0,1,0,0,13,131,13121,Metropolitana de Santiago,Santiago,Pedro Aguirre Cerda,Interseccion,"BEAUCHEFF & LAGO RANCO, Pedro Aguirre Cerda",-33.483747,-70.663332
-7867902.64503572,-3966232.46817322,4864,2023,1526730,2023/04/29 00:00:00+00,Abril,29,Sábado,1899/12/30 00:00:00+00,07:20:00,7,REGION METROPOLITANA,LA CISTERNA,COLISION POR ALCANCE,COLISION,URBANA,CRUCE CON SEÑAL PARE,IMPRUDENCIA DEL CONDUCTOR,CONDUCCION CAMBIAR SORPRESIVAMENTE PISTA CIRCULACION,AMERICO VESPUCIO,LETRAS,AMERICO VESPUCIO - LETRAS,0, , ,UNIDIRECCIONAL,CONCRETO,BUENO,SECO,DESPEJADO,0,0,0,1,13,131,13109,Metropolitana de Santiago,Santiago,La Cisterna,Interseccion,"AMERICO VESPUCIO & LETRAS, La Cisterna",-33.532746,-70.678572
-7870272.63699471,-3944242.9683258,4865,2023,1526943,2023/04/29 00:00:00+00,Abril,29,Sábado,1899/12/30 00:00:00+00,08:30:00,8,REGION METROPOLITANA,QUILICURA,COLISION LATERAL,COLISION,URBANA,TRAMO DE VIA RECTA,ALCOHOL EN CONDUCTOR,CONDUCCION BAJO LA INFLUENCIA DEL ALCOHOL,PDTE EDUARDO FREI MONTALVA,AMERICO VESPUCIO,AMERICO VESPUCIO - PDTE EDUARDO FREI MONTALVA,0, , ,UNIDIRECCIONAL,ASFALTO,BUENO,HUMEDO,LLOVIZNA,0,0,0,1,13,131,13125,Metropolitana de Santiago,Santiago,Quilicura,Interseccion,"AMERICO VESPUCIO & PDTE EDUARDO FREI MONTALVA, Quilicura",-33.36793,-70.699862
-7946295.33320981,-3902635.04692172,4866,2023,1546193,2023/07/01 00:00:00+00,Julio,1,Sábado,1899/12/30 00:00:00+00,00:40:00,0,REGION VALPARAISO,VILLA ALEMANA,COLISION,COLISION,URBANA,CRUCE SIN SEÑALIZACION,IMPRUDENCIA DEL CONDUCTOR,CONDUCCION NO ATENTO CONDICIONES TRANSITO MOMENTO,HUANHUALI,GANDARILLA,GANDARILLA - HUANHUALI,0, , ,BIDIRECCIONAL,ASFALTO,BUENO,SECO,DESPEJADO,0,1,0,0,05,058,05804,Valparaíso,Marga Marga,Villa Alemana,Interseccion,"GANDARILLA & HUANHUALI, Villa Alemana",-33.055214,-71.382785
-7869307.27437055,-3945053.67785957,4867,2023,1551067,2023/08/07 00:00:00+00,Agosto,7,Lunes,1899/12/30 00:00:00+00,15:20:00,15,REGION METROPOLITANA,CONCHALI,COLISION,COLISION,URBANA,CRUCE CON SEMAFORO FUNCIONANDO,IMPRUDENCIA DEL CONDUCTOR,CONDUCCION SIN MANTENER DISTANCIA RAZONABLE NI PRUDENTE,JULIO MONTT SALAMANCA,CARD JOSE MARIA CARO,CARD JOSE MARIA CARO - JULIO MONTT SALAMANCA,0, , ,BIDIRECCIONAL CON BANDEJON,CONCRETO,BUENO,SECO,DESPEJADO,0,0,0,0,13,131,13104,Metropolitana de Santiago,Santiago,Conchalí,Interseccion,"CARD JOSE MARIA CARO & JULIO MONTT SALAMANCA, Conchalí",-33.374012,-70.69119
-7961299.53085431,-3885782.86623461,4868,2023,1529385,2023/04/29 00:00:00+00,Abril,29,Sábado,1899/12/30 00:00:00+00,12:10:00,12,REGION VALPARAISO,CONCON,COLISION,COLISION,URBANA,TRAMO DE VIA RECTA,IMPRUDENCIA DEL CONDUCTOR,CONDUCCION NO ATENTO CONDICIONES TRANSITO MOMENTO,RIO DE ORO,CLARENCIA,CLARENCIA - RIO DE ORO,0, , ,BIDIRECCIONAL,ASFALTO,BUENO,SECO,DESPEJADO,0,0,0,0,05,051,05103,Valparaíso,Valparaíso,Concón,Interseccion,"CLARENCIA & RIO DE ORO, Concón",-32.92824,-71.517571
-7855380.87211384,-3968544.37093771,4869,2023,1542556,2023/07/01 00:00:00+00,Julio,1,Sábado,1899/12/30 00:00:00+00,05:00:00,5,REGION METROPOLITANA,PUENTE ALTO,COLISION LATERAL,COLISION,URBANA,TRAMO DE VIA RECTA,ALCOHOL EN CONDUCTOR,CONDUCCION EN ESTADO DE EBRIEDAD,CAMILO HENRIQUEZ,LAGO YELCHO,CAMILO HENRIQUEZ - LAGO YELCHO,0, , ,BIDIRECCIONAL,CONCRETO,BUENO,SECO,DESPEJADO,0,0,0,1,13,132,13201,Metropolitana de Santiago,Cordillera,Puente Alto,Interseccion,"CAMILO HENRIQUEZ & LAGO YELCHO, Puente Alto",-33.550056,-70.566087
-7878669.3548435,-3320506.32605152,4870,2023,1528147,2023/04/29 00:00:00+00,Abril,29,Sábado,1899/12/30 00:00:00+00,13:00:00,13,REGION ATACAMA,VALLENAR,COLISION LATERAL,COLISION,URBANA,CRUCE SIN SEÑALIZACION,IMPRUDENCIA DEL CONDUCTOR,CONDUCCION NO ATENTO CONDICIONES TRANSITO MOMENTO,CARLOS DITTBORN,ESCUELA,CARLOS DITTBORN - ESCUELA,0, , ,BIDIRECCIONAL,ASFALTO,BUENO,SECO,DESPEJADO,0,0,0,1,03,033,03301,Atacama,Huasco,Vallenar,Interseccion,"CARLOS DITTBORN & ESCUELA, Vallenar",-28.565871,-70.775291
-7835907.64228102,-2710771.65204161,4871,2023,1550533,2023/08/07 00:00:00+00,Agosto,7,Lunes,1899/12/30 00:00:00+00,15:30:00,15,REGION ANTOFAGASTA,ANTOFAGASTA,COLISION,COLISION,URBANA,CRUCE CON SEÑAL CEDA EL PASO,DESOBEDIENCIA A SEÑALIZACION,SEÑALIZACION DESOBEDECER SEÑAL CEDA EL PASO,TENIENTE IGNACIO SERRANO,ESMERALDA,ESMERALDA - TENIENTE IGNACIO SERRANO,0, , ,UNIDIRECCIONAL,ASFALTO,BUENO,SECO,NUBLADO,0,2,0,0,02,021,02101,Antofagasta,Antofagasta,Antofagasta,Interseccion,"ESMERALDA & TENIENTE IGNACIO SERRANO, Antofagasta",-23.649629,-70.391156
-7861296.70154917,-3955947.46590825,4872,2023,1527987,2023/04/29 00:00:00+00,Abril,29,Sábado,1899/12/30 00:00:00+00,13:30:00,13,REGION METROPOLITANA,ÑUÑOA,COLISION POR ALCANCE,COLISION,URBANA,TRAMO DE VIA RECTA,DESOBEDIENCIA A SEÑALIZACION,SEÑALIZACION DESOBEDECER SEÑAL PARE,JOSE DOMINGO CAÑAS,OBPO ORREGO,JOSE DOMINGO CAÑAS - OBPO ORREGO,0, , ,BIDIRECCIONAL,ASFALTO,BUENO,HUMEDO,DESPEJADO,0,0,0,1,13,131,13120,Metropolitana de Santiago,Santiago,Ñuñoa,Interseccion,"JOSE DOMINGO CAÑAS & OBPO ORREGO, Ñuñoa",-33.455697,-70.61923
-7866991.96254544,-3880130.97189096,4873,2023,1557237,2023/08/07 00:00:00+00,Agosto,7,Lunes,1899/12/30 00:00:00+00,15:30:00,15,REGION VALPARAISO,CALLE LARGA,CHOQUE POSTERIOR/FRENTE,CHOQUE,URBANA,TRAMO DE VIA RECTA,IMPRUDENCIA DEL CONDUCTOR,CONDUCIR VEHICULO EN RETROCESO,LAS TINAJAS,LA PAMPILLA,LA PAMPILLA - LAS TINAJAS,0, , ,BIDIRECCIONAL,ASFALTO,BUENO,HUMEDO,LLUVIA,0,0,0,0,05,053,05302,Valparaíso,Los Andes,Calle Larga,Interseccion,"LA PAMPILLA & LAS TINAJAS, Calle Larga",-32.885614,-70.670391