X,Y,FID,Año,IdAccident,Fecha,Mes,Dia_mes,Dia_semana,Hora,Hora_texto,Hora_aprox,Región,Comuna,Tipo_Accid,Tipo__CONA,Zona,Ubicación,Causa__CON,Causa_Acci,Calle_Uno,Calle_Dos,Intersecci,Número,Ruta,Ubicaci_1,Calzada,Tipo_Calza,Estado_Cal,Condición,Estado_Atm,Fallecidos,Graves,Menos_Grav,Leves,CUT_REG,CUT_PROV,CUT_COM,REGION,PROVINCIA,COMUNA1,Tipo_direc,Direccion,Lat,Lon
-7973578.46028476,-4222651.25765865,4874,2023,1542785,2023/07/01 00:00:00+00,Julio,1,Sábado,1899/12/30 00:00:00+00,07:35:00,7,REGION MAULE,TALCA,COLISION LATERAL,COLISION,URBANA,CRUCE CON SEMAFORO FUNCIONANDO,DESOBEDIENCIA A SEÑALIZACION,SEÑALIZACION DESOBEDECER LUZ ROJA DE SEMAFORO,30 ORIENTE,2 NORTE,2 NORTE - 30 ORIENTE,0, , ,BIDIRECCIONAL CON BANDEJON,ASFALTO,REGULAR,SECO,NEBLINA,0,1,0,0,07,071,07101,Maule,Talca,Talca,Interseccion,"2 NORTE & 30 ORIENTE, Talca",-35.431319,-71.627874
-8172661.23574403,-5035375.82514506,4875,2023,1529383,2023/04/29 00:00:00+00,Abril,29,Sábado,1899/12/30 00:00:00+00,16:00:00,16,REGION LOS LAGOS,FRESIA,CHOQUE FRENTE/LADO,CHOQUE,URBANA,CRUCE CON SEÑAL PARE,ALCOHOL EN CONDUCTOR,CONDUCCION EN ESTADO DE EBRIEDAD,O'HIGGINS,AMERICA,AMERICA - O'HIGGINS,0, , ,BIDIRECCIONAL,ASFALTO,BUENO,SECO,NUBLADO,0,1,0,0,10,101,10104,Los Lagos,Llanquihue,Fresia,Interseccion,"AMERICA & O'HIGGINS, Fresia",-41.155979,-73.416265
-7880876.59772921,-3970125.17230385,4876,2023,1555065,2023/08/07 00:00:00+00,Agosto,7,Lunes,1899/12/30 00:00:00+00,20:00:00,20,REGION METROPOLITANA,PADRE HURTADO,CHOQUE FRONTAL,CHOQUE,URBANA,TRAMO DE VIA RECTA,IMPRUDENCIA DEL CONDUCTOR,CONDUCCION NO ATENTO CONDICIONES TRANSITO MOMENTO,PRIMERA TRANSVERSAL,SEGUNDA AVENIDA,PRIMERA TRANSVERSAL - SEGUNDA AVENIDA,0, , ,BIDIRECCIONAL,ASFALTO,BUENO,SECO,DESPEJADO,0,0,0,1,13,136,13604,Metropolitana de Santiago,Talagante,Padre Hurtado,Interseccion,"PRIMERA TRANSVERSAL & SEGUNDA AVENIDA, Padre Hurtado",-33.56189,-70.795119
-7869515.77577681,-3953642.52352257,4877,2023,1541733,2023/07/01 00:00:00+00,Julio,1,Sábado,1899/12/30 00:00:00+00,10:30:00,10,REGION METROPOLITANA,QUINTA NORMAL,COLISION PERPENDICULAR,COLISION,URBANA,CRUCE CON SEÑAL PARE,DESOBEDIENCIA A SEÑALIZACION,SEÑALIZACION DESOBEDECER SEÑAL PARE,SAN PABLO,DIAZ SAGREDO,DIAZ SAGREDO - SAN PABLO,0, , ,UNIDIRECCIONAL,ASFALTO,BUENO,SECO,DESPEJADO,0,1,0,0,13,131,13126,Metropolitana de Santiago,Santiago,Quinta Normal,Interseccion,"DIAZ SAGREDO & SAN PABLO, Quinta Normal",-33.43842,-70.693063
-7866395.49044987,-3950345.74361326,4878,2023,1527924,2023/04/29 00:00:00+00,Abril,29,Sábado,1899/12/30 00:00:00+00,17:00:00,17,REGION METROPOLITANA,INDEPENDENCIA,ATROPELLO,ATROPELLO,URBANA,CRUCE CON SEÑAL PARE,IMPRUDENCIA DEL CONDUCTOR,NO RESPETAR DERECHO PREFERENTE DE PASO A PEATON,FERMIN VIVACETA,PADRE LAS CASAS,FERMIN VIVACETA - PADRE LAS CASAS,0, , ,BIDIRECCIONAL,ASFALTO,REGULAR,HUMEDO,NUBLADO,0,0,0,1,13,131,13108,Metropolitana de Santiago,Santiago,Independencia,Interseccion,"FERMIN VIVACETA & PADRE LAS CASAS, Independencia",-33.413703,-70.665033
-7858982.25061334,-3957007.18441333,4879,2023,1552955,2023/08/07 00:00:00+00,Agosto,7,Lunes,1899/12/30 00:00:00+00,22:48:00,22,REGION METROPOLITANA,ÑUÑOA,COLISION POR ALCANCE,COLISION,URBANA,CRUCE CON SEMAFORO FUNCIONANDO,IMPRUDENCIA DEL CONDUCTOR,CONDUCCION SIN MANTENER DISTANCIA RAZONABLE NI PRUDENTE,JOSE PEDRO ALESSANDRI,ALC EDUARDO CASTILLO VELASCO,ALC EDUARDO CASTILLO VELASCO - JOSE PEDRO ALESSANDRI,0, , ,UNIDIRECCIONAL,CONCRETO,BUENO,SECO,DESPEJADO,0,0,0,1,13,131,13120,Metropolitana de Santiago,Santiago,Ñuñoa,Interseccion,"ALC EDUARDO CASTILLO VELASCO & JOSE PEDRO ALESSANDRI, Ñuñoa",-33.463639,-70.598439
-7866551.20417586,-3922152.95434221,4880,2023,1527392,2023/04/29 00:00:00+00,Abril,29,Sábado,1899/12/30 00:00:00+00,17:10:00,17,REGION METROPOLITANA,COLINA,COLISION PERPENDICULAR,COLISION,URBANA,CRUCE CON SEMAFORO FUNCIONANDO,IMPRUDENCIA DEL CONDUCTOR,NO RESPETAR DERECHO PREFERENTE DE PASO A VEHICULO,CALETERA GRAL SAN MARTIN,SAN JOSE,CALETERA GRAL SAN MARTIN - SAN JOSE,0, , ,BIDIRECCIONAL,ASFALTO,BUENO,MOJADO,LLOVIZNA,0,0,0,1,13,133,13301,Metropolitana de Santiago,Chacabuco,Colina,Interseccion,"CALETERA GRAL SAN MARTIN & SAN JOSE, Colina",-33.202046,-70.666432
-7974901.09073646,-4222166.88346882,4881,2023,1550321,2023/08/08 00:00:00+00,Agosto,8,Martes,1899/12/30 00:00:00+00,07:05:00,7,REGION MAULE,TALCA,COLISION POR ALCANCE,COLISION,URBANA,TRAMO DE VIA RECTA,IMPRUDENCIA DEL CONDUCTOR,CONDUCCION NO ATENTO CONDICIONES TRANSITO MOMENTO,2 NORTE,18 ORIENTE,18 ORIENTE - 2 NORTE,0, , ,BIDIRECCIONAL,CONCRETO,BUENO,SECO,DESPEJADO,0,0,0,0,07,071,07101,Maule,Talca,Talca,Interseccion,"18 ORIENTE & 2 NORTE, Talca",-35.427774,-71.639755
-7970432.57147494,-4279507.74109627,4882,2023,1527647,2023/04/29 00:00:00+00,Abril,29,Sábado,1899/12/30 00:00:00+00,17:30:00,17,REGION MAULE,LINARES,VOLCADURA,VOLCADURA,URBANA,CRUCE CON SEÑAL PARE,VELOCIDAD IMPRUDENTE,VELOCIDAD NO RAZONABLE NI PRUDENTE,VALENTIN LETELIER,CRUCE FERROVIARIO,CRUCE FERROVIARIO - VALENTIN LETELIER,0, , ,UNIDIRECCIONAL,ASFALTO,BUENO,MOJADO,LLUVIA,0,0,1,0,07,074,07401,Maule,Linares,Linares,Interseccion,"CRUCE FERROVIARIO & VALENTIN LETELIER, Linares",-35.846407,-71.599614
-7860208.57579056,-3952711.82869954,4883,2023,1526908,2023/04/29 00:00:00+00,Abril,29,Sábado,1899/12/30 00:00:00+00,18:00:00,18,REGION METROPOLITANA,PROVIDENCIA,VOLCADURA,VOLCADURA,URBANA,TRAMO DE VIA RECTA,IMPRUDENCIA DEL CONDUCTOR,CONDUCCION NO ATENTO CONDICIONES TRANSITO MOMENTO,ELIECER PARADA,SAGRADO CORAZON,ELIECER PARADA - SAGRADO CORAZON,0, , ,UNIDIRECCIONAL,CONCRETO,REGULAR,HUMEDO,DESPEJADO,0,0,0,1,13,131,13123,Metropolitana de Santiago,Santiago,Providencia,Interseccion,"ELIECER PARADA & SAGRADO CORAZON, Providencia",-33.431443,-70.609455
-7868246.73358177,-3966101.06022417,4884,2023,1550637,2023/08/08 00:00:00+00,Agosto,8,Martes,1899/12/30 00:00:00+00,07:10:00,7,REGION METROPOLITANA,LA CISTERNA,COLISION POR ALCANCE,COLISION,URBANA,CRUCE CON SEÑAL CEDA EL PASO,IMPRUDENCIA DEL CONDUCTOR,CONDUCCION CAMBIAR SORPRESIVAMENTE PISTA CIRCULACION,JOSE JOAQUIN PRIETO VIAL,AMERICO VESPUCIO,AMERICO VESPUCIO - JOSE JOAQUIN PRIETO VIAL,0, , ,UNIDIRECCIONAL,CONCRETO,BUENO,SECO,DESPEJADO,0,1,0,0,13,131,13109,Metropolitana de Santiago,Santiago,La Cisterna,Interseccion,"AMERICO VESPUCIO & JOSE JOAQUIN PRIETO VIAL, La Cisterna",-33.531762,-70.681663
-7864912.93747149,-3952872.16379411,4885,2023,1543434,2023/07/01 00:00:00+00,Julio,1,Sábado,1899/12/30 00:00:00+00,13:55:00,13,REGION METROPOLITANA,SANTIAGO,VOLCADURA,VOLCADURA,URBANA,TRAMO DE VIA RECTA,DROGAS Y/O FATIGA EN CONDUCTOR,CONDUCCION BAJO INFLUENCIA DE DROGAS O ESTUPEFACIENTES,CARD JOSE MARIA CARO,GRAL MACKENNA,CARD JOSE MARIA CARO - GRAL MACKENNA,0, , ,BIDIRECCIONAL CON BANDEJON,ASFALTO,REGULAR,SECO,DESPEJADO,0,0,0,0,13,131,13101,Metropolitana de Santiago,Santiago,Santiago,Interseccion,"CARD JOSE MARIA CARO & GRAL MACKENNA, Santiago",-33.432645,-70.651715
-7976133.35652283,-4222915.02051852,4886,2023,1527105,2023/04/29 00:00:00+00,Abril,29,Sábado,1899/12/30 00:00:00+00,18:30:00,18,REGION MAULE,TALCA,COLISION,COLISION,URBANA,TRAMO DE VIA RECTA,ALCOHOL EN CONDUCTOR,CONDUCCION BAJO LA INFLUENCIA DEL ALCOHOL,PRESIDENTE SALVADOR ALLENDE,5 SUR,5 SUR - PRESIDENTE SALVADOR ALLENDE,0, , ,BIDIRECCIONAL,CONCRETO,BUENO,SECO,LLUVIA,0,1,0,0,07,071,07101,Maule,Talca,Talca,Interseccion,"5 SUR & PRESIDENTE SALVADOR ALLENDE, Talca",-35.43325,-71.650825
-7868246.73358177,-3966101.06022417,4887,2023,1552089,2023/08/08 00:00:00+00,Agosto,8,Martes,1899/12/30 00:00:00+00,07:10:00,7,REGION METROPOLITANA,LA CISTERNA,COLISION LATERAL,COLISION,URBANA,TRAMO DE VIA RECTA,VELOCIDAD IMPRUDENTE,VELOCIDAD NO RAZONABLE NI PRUDENTE,JOSE JOAQUIN PRIETO VIAL,AMERICO VESPUCIO,AMERICO VESPUCIO - JOSE JOAQUIN PRIETO VIAL,0, , ,BIDIRECCIONAL,CONCRETO,BUENO,SECO,DESPEJADO,0,1,0,0,13,131,13109,Metropolitana de Santiago,Santiago,La Cisterna,Interseccion,"AMERICO VESPUCIO & JOSE JOAQUIN PRIETO VIAL, La Cisterna",-33.531762,-70.681663
-7859975.02749888,-3953644.65792378,4888,2023,1526914,2023/04/29 00:00:00+00,Abril,29,Sábado,1899/12/30 00:00:00+00,20:30:00,20,REGION METROPOLITANA,PROVIDENCIA,CHOQUE POSTERIOR/POSTERIOR,CHOQUE,URBANA,CRUCE CON SEMAFORO FUNCIONANDO,IMPRUDENCIA DEL CONDUCTOR,CONDUCCION NO ATENTO CONDICIONES TRANSITO MOMENTO,PEDRO DE VALDIVIA,FRANCISCO BILBAO,FRANCISCO BILBAO - PEDRO DE VALDIVIA,0, , ,BIDIRECCIONAL,ASFALTO,REGULAR,HUMEDO,DESPEJADO,0,0,0,1,13,131,13123,Metropolitana de Santiago,Santiago,Providencia,Interseccion,"FRANCISCO BILBAO & PEDRO DE VALDIVIA, Providencia",-33.438436,-70.607357
-7868246.73358177,-3966101.06022417,4889,2023,1550639,2023/08/08 00:00:00+00,Agosto,8,Martes,1899/12/30 00:00:00+00,07:20:00,7,REGION METROPOLITANA,LA CISTERNA,COLISION POR ALCANCE,COLISION,URBANA,CRUCE CON SEÑAL CEDA EL PASO,IMPRUDENCIA DEL CONDUCTOR,CONDUCCION SIN MANTENER DISTANCIA RAZONABLE NI PRUDENTE,JOSE JOAQUIN PRIETO VIAL,AMERICO VESPUCIO,AMERICO VESPUCIO - JOSE JOAQUIN PRIETO VIAL,0, , ,UNIDIRECCIONAL,CONCRETO,BUENO,SECO,DESPEJADO,0,0,0,0,13,131,13109,Metropolitana de Santiago,Santiago,La Cisterna,Interseccion,"AMERICO VESPUCIO & JOSE JOAQUIN PRIETO VIAL, La Cisterna",-33.531762,-70.681663
-7929951.12737301,-3489279.264536,4890,2023,1527576,2023/04/29 00:00:00+00,Abril,29,Sábado,1899/12/30 00:00:00+00,20:40:00,20,REGION COQUIMBO,LA SERENA,ATROPELLO,ATROPELLO,URBANA,TRAMO DE VIA RECTA,IMPRUDENCIA DEL CONDUCTOR,CONDUCCION NO ATENTO CONDICIONES TRANSITO MOMENTO,ISLON,SANTO DOMINGO,ISLON - SANTO DOMINGO,0, , ,BIDIRECCIONAL,ASFALTO,BUENO,SECO,DESPEJADO,0,1,0,1,04,041,04101,Coquimbo,Elqui,La Serena,Interseccion,"ISLON & SANTO DOMINGO, La Serena",-29.888918,-71.235963
-7876322.85131933,-4049811.07717157,4891,2023,1550403,2023/08/08 00:00:00+00,Agosto,8,Martes,1899/12/30 00:00:00+00,07:30:00,7,REGION LIB.B.O'HIGGINS,RANCAGUA,COLISION LATERAL,COLISION,URBANA,CRUCE CON SEÑAL CEDA EL PASO,IMPRUDENCIA DEL CONDUCTOR,ADELANTAMIENTO SIN EL ESPACIO O TIEMPO SUFICIENTE,ISLA NAVARINO,YARTOU,ISLA NAVARINO - YARTOU,0, , ,BIDIRECCIONAL CON BANDEJON,CONCRETO,BUENO,SECO,DESPEJADO,0,0,0,0,06,061,06101,Libertador General Bernardo O'Higgins,Cachapoal,Rancagua,Interseccion,"ISLA NAVARINO & YARTOU, Rancagua",-34.156318,-70.754212
-8024603.35192392,-4387227.87080296,4892,2023,1527163,2023/04/29 00:00:00+00,Abril,29,Sábado,1899/12/30 00:00:00+00,21:55:00,21,REGION ÑUBLE,CHILLAN,COLISION PERPENDICULAR,COLISION,URBANA,CRUCE CON SEÑAL CEDA EL PASO,DESOBEDIENCIA A SEÑALIZACION,SEÑALIZACION DESOBEDECER SEÑAL CEDA EL PASO,LAUTARO,DIAGONAL LAS TERMAS,DIAGONAL LAS TERMAS - LAUTARO,0, , ,UNIDIRECCIONAL,CONCRETO,BUENO,SECO,NEBLINA,0,0,0,0,16,161,16101,Ñuble,Diguillín,Chillán,Interseccion,"DIAGONAL LAS TERMAS & LAUTARO, Chillán",-36.626897,-72.086238
-8130956.83567171,-4414626.19168224,4893,2023,1551592,2023/08/08 00:00:00+00,Agosto,8,Martes,1899/12/30 00:00:00+00,08:15:00,8,REGION BIO BIO,CONCEPCION,COLISION PERPENDICULAR,COLISION,URBANA,CRUCE CON SEMAFORO FUNCIONANDO,IMPRUDENCIA DEL CONDUCTOR,CONDUCCION NO ATENTO CONDICIONES TRANSITO MOMENTO,PAICAVI,O'HIGGINS,O'HIGGINS - PAICAVI,0, , ,UNIDIRECCIONAL,CONCRETO,BUENO,SECO,DESPEJADO,0,0,0,1,08,081,08101,Biobío,Concepción,Concepción,Interseccion,"O'HIGGINS & PAICAVI, Concepción",-36.824167,-73.041628
-7929378.38849269,-3492957.47410189,4894,2023,1542793,2023/07/01 00:00:00+00,Julio,1,Sábado,1899/12/30 00:00:00+00,14:00:00,14,REGION COQUIMBO,LA SERENA,COLISION PERPENDICULAR,COLISION,URBANA,CRUCE CON SEÑAL PARE,DESOBEDIENCIA A SEÑALIZACION,SEÑALIZACION DESOBEDECER SEÑAL PARE,PEHUEN,TIACA,PEHUEN - TIACA,0, , ,BIDIRECCIONAL,ASFALTO,BUENO,SECO,NUBLADO,0,0,1,0,04,041,04101,Coquimbo,Elqui,La Serena,Interseccion,"PEHUEN & TIACA, La Serena",-29.917561,-71.230818
-7859269.9298442,-3953467.23716711,4895,2023,1526950,2023/04/29 00:00:00+00,Abril,29,Sábado,1899/12/30 00:00:00+00,22:20:00,22,REGION METROPOLITANA,PROVIDENCIA,COLISION FRONTAL,COLISION,URBANA,CRUCE CON SEMAFORO APAGADO,IMPRUDENCIA DEL CONDUCTOR,CONDUCCION NO ATENTO CONDICIONES TRANSITO MOMENTO,LOS LEONES,FRANCISCO BILBAO,FRANCISCO BILBAO - LOS LEONES,0, , ,BIDIRECCIONAL,CONCRETO,REGULAR,HUMEDO,NUBLADO,0,1,0,0,13,131,13123,Metropolitana de Santiago,Santiago,Providencia,Interseccion,"FRANCISCO BILBAO & LOS LEONES, Providencia",-33.437106,-70.601023
-7867673.54952367,-3971877.47803288,4896,2023,1527276,2023/04/29 00:00:00+00,Abril,29,Sábado,1899/12/30 00:00:00+00,23:10:00,23,REGION METROPOLITANA,EL BOSQUE,VOLCADURA,VOLCADURA,URBANA,TRAMO DE VIA RECTA,VELOCIDAD IMPRUDENTE,VELOCIDAD NO RAZONABLE NI PRUDENTE,LOS MORROS,LAS ROSAS,LAS ROSAS - LOS MORROS,0, , ,BIDIRECCIONAL CON BANDEJON,ASFALTO,BUENO,SECO,NUBLADO,0,1,0,0,13,131,13105,Metropolitana de Santiago,Santiago,El Bosque,Interseccion,"LAS ROSAS & LOS MORROS, El Bosque",-33.575006,-70.676514
-7855835.72355322,-3972093.92950912,4897,2023,1542610,2023/07/01 00:00:00+00,Julio,1,Sábado,1899/12/30 00:00:00+00,15:00:00,15,REGION METROPOLITANA,PUENTE ALTO,COLISION LATERAL,COLISION,URBANA,TRAMO DE VIA RECTA,IMPRUDENCIA DEL CONDUCTOR,CONDUCCION NO ATENTO CONDICIONES TRANSITO MOMENTO,GABRIELA ORIENTE,NONATO COO,GABRIELA ORIENTE - NONATO COO,0, , ,BIDIRECCIONAL,CONCRETO,BUENO,SECO,DESPEJADO,0,0,0,0,13,132,13201,Metropolitana de Santiago,Cordillera,Puente Alto,Interseccion,"GABRIELA ORIENTE & NONATO COO, Puente Alto",-33.576626,-70.570173
-7864884.88495981,-3960684.98824753,4898,2023,1527412,2023/04/30 00:00:00+00,Abril,30,Domingo,1899/12/30 00:00:00+00,00:40:00,0,REGION METROPOLITANA,SAN MIGUEL,COLISION POR ALCANCE,COLISION,URBANA,TRAMO DE VIA RECTA,ALCOHOL EN CONDUCTOR,CONDUCCION EN ESTADO DE EBRIEDAD,GRAN AVDA JOSE MIGUEL CARRERA,BRIGADIER DE LA CRUZ,BRIGADIER DE LA CRUZ - GRAN AVDA JOSE MIGUEL CARRERA,0, , ,BIDIRECCIONAL,ASFALTO,BUENO,SECO,LLUVIA,0,0,0,1,13,131,13130,Metropolitana de Santiago,Santiago,San Miguel,Interseccion,"BRIGADIER DE LA CRUZ & GRAN AVDA JOSE MIGUEL CARRERA, San Miguel",-33.491196,-70.651463
-7859411.97351445,-3967024.01903282,4899,2023,1543043,2023/07/01 00:00:00+00,Julio,1,Sábado,1899/12/30 00:00:00+00,15:00:00,15,REGION METROPOLITANA,LA FLORIDA,COLISION LATERAL,COLISION,URBANA,CRUCE SIN SEÑALIZACION,IMPRUDENCIA DEL CONDUCTOR,CONDUCCION SIN MANTENER DISTANCIA RAZONABLE NI PRUDENTE,ITAHUE,CHILLAN,CHILLAN - ITAHUE,0, , ,UNIDIRECCIONAL,ASFALTO,BUENO,SECO,DESPEJADO,0,0,0,1,13,131,13110,Metropolitana de Santiago,Santiago,La Florida,Interseccion,"CHILLAN & ITAHUE, La Florida",-33.538673,-70.602299
-8082782.76943347,-4688327.22058474,4900,2023,1527619,2023/04/30 00:00:00+00,Abril,30,Domingo,1899/12/30 00:00:00+00,05:00:00,5,REGION ARAUCANIA,PADRE LAS CASAS,COLISION PERPENDICULAR,COLISION,URBANA,TRAMO DE VIA RECTA,ALCOHOL EN CONDUCTOR,CONDUCCION EN ESTADO DE EBRIEDAD,LONGITUDINAL SUR,GUIDO BECK DE RAMBERGA,GUIDO BECK DE RAMBERGA - LONGITUDINAL SUR,0, , ,BIDIRECCIONAL,CONCRETO,BUENO,MOJADO,LLOVIZNA,0,1,1,1,09,091,09112,La Araucanía,Cautín,Padre Las Casas,Interseccion,"GUIDO BECK DE RAMBERGA & LONGITUDINAL SUR, Padre Las Casas",-38.766833,-72.608873
-7673906.72506113,-2567729.10728697,4901,2023,1541609,2023/07/01 00:00:00+00,Julio,1,Sábado,1899/12/30 00:00:00+00,20:00:00,20,REGION ANTOFAGASTA,CALAMA,COLISION,COLISION,URBANA,CRUCE CON SEÑAL PARE,IMPRUDENCIA DEL CONDUCTOR,CONDUCCION NO ATENTO CONDICIONES TRANSITO MOMENTO,BRASILIA,PAULA JARAQUEMADA,BRASILIA - PAULA JARAQUEMADA,0, , ,BIDIRECCIONAL,ASFALTO,BUENO,SECO,DESPEJADO,0,0,0,1,02,022,02201,Antofagasta,El Loa,Calama,Interseccion,"BRASILIA & PAULA JARAQUEMADA, Calama",-22.467347,-68.935877
-7865942.9767198,-3952957.53446757,4902,2023,1556273,2023/08/08 00:00:00+00,Agosto,8,Martes,1899/12/30 00:00:00+00,12:30:00,12,REGION METROPOLITANA,SANTIAGO,COLISION,COLISION,URBANA,TRAMO DE VIA RECTA,IMPRUDENCIA DEL CONDUCTOR,CONDUCCION SIN MANTENER DISTANCIA RAZONABLE NI PRUDENTE,MANUEL RODRIGUEZ,GRAL MACKENNA,GRAL MACKENNA - MANUEL RODRIGUEZ,0, , ,UNIDIRECCIONAL,CONCRETO,BUENO,SECO,DESPEJADO,0,0,0,1,13,131,13101,Metropolitana de Santiago,Santiago,Santiago,Interseccion,"GRAL MACKENNA & MANUEL RODRIGUEZ, Santiago",-33.433285,-70.660968
-8029552.79454011,-4384218.70262518,4903,2023,1527184,2023/04/30 00:00:00+00,Abril,30,Domingo,1899/12/30 00:00:00+00,11:00:00,11,REGION ÑUBLE,CHILLAN,COLISION PERPENDICULAR,COLISION,URBANA,CRUCE CON SEÑAL PARE,ALCOHOL EN CONDUCTOR,CONDUCCION EN ESTADO DE EBRIEDAD,4 ESTACIONES,SEPULVEDA BUSTOS,4 ESTACIONES - SEPULVEDA BUSTOS,0, , ,BIDIRECCIONAL,CONCRETO,BUENO,SECO,LLUVIA,0,1,0,0,16,161,16101,Ñuble,Diguillín,Chillán,Interseccion,"4 ESTACIONES & SEPULVEDA BUSTOS, Chillán",-36.6052,-72.1307
-7803281.99230254,-2305508.29515185,4904,2023,1551391,2023/08/08 00:00:00+00,Agosto,8,Martes,1899/12/30 00:00:00+00,13:00:00,13,REGION TARAPACA,ALTO HOSPICIO,COLISION,COLISION,URBANA,CRUCE CON SEMAFORO FUNCIONANDO,IMPRUDENCIA DEL CONDUCTOR,CONDUCCION NO ATENTO CONDICIONES TRANSITO MOMENTO,LOS CONDORES,EL SALITRE,EL SALITRE - LOS CONDORES,0, , ,UNIDIRECCIONAL,ASFALTO,BUENO,SECO,DESPEJADO,0,0,1,1,01,011,01107,Tarapacá,Iquique,Alto Hospicio,Interseccion,"EL SALITRE & LOS CONDORES, Alto Hospicio",-20.273915,-70.098075
-7858504.71966448,-3946934.17704453,4905,2023,1527437,2023/04/30 00:00:00+00,Abril,30,Domingo,1899/12/30 00:00:00+00,12:00:00,12,REGION METROPOLITANA,VITACURA,VOLCADURA,VOLCADURA,URBANA,TRAMO DE VIA RECTA,VELOCIDAD IMPRUDENTE,VELOCIDAD NO RAZONABLE NI PRUDENTE,COST MONS ESCRIVA DE BALAGUER,MANUELA CAÑAS,COST MONS ESCRIVA DE BALAGUER - MANUELA CAÑAS,0, , ,BIDIRECCIONAL,ASFALTO,BUENO,SECO,NUBLADO,0,0,0,0,13,131,13132,Metropolitana de Santiago,Santiago,Vitacura,Interseccion,"COST MONS ESCRIVA DE BALAGUER & MANUELA CAÑAS, Vitacura",-33.388118,-70.594149
-7893640.0452656,-3982763.21036342,4906,2023,1555614,2023/08/08 00:00:00+00,Agosto,8,Martes,1899/12/30 00:00:00+00,14:30:00,14,REGION METROPOLITANA,TALAGANTE,CHOQUE POSTERIOR/LADO,CHOQUE,URBANA,TRAMO DE VIA RECTA,IMPRUDENCIA DEL CONDUCTOR,CONDUCCION NO ATENTO CONDICIONES TRANSITO MOMENTO,BERNARDO O'HIGGINS,LAS HIGUERAS,BERNARDO O'HIGGINS - LAS HIGUERAS,0, , ,BIDIRECCIONAL,ASFALTO,BUENO,SECO,DESPEJADO,0,1,0,0,13,136,13601,Metropolitana de Santiago,Talagante,Talagante,Interseccion,"BERNARDO O'HIGGINS & LAS HIGUERAS, Talagante",-33.656441,-70.909775
-8128754.82482433,-4429852.45658542,4907,2023,1528052,2023/04/30 00:00:00+00,Abril,30,Domingo,1899/12/30 00:00:00+00,13:30:00,13,REGION BIO BIO,CHIGUAYANTE,COLISION PERPENDICULAR,COLISION,URBANA,CRUCE CON SEMAFORO FUNCIONANDO,IMPRUDENCIA DEL CONDUCTOR,CONDUCCION NO ATENTO CONDICIONES TRANSITO MOMENTO,MANUEL RODRIGUEZ,LIBERTAD,LIBERTAD - MANUEL RODRIGUEZ,0, , ,BIDIRECCIONAL CON BANDEJON,CONCRETO,BUENO,HUMEDO,NUBLADO,0,0,1,0,08,081,08103,Biobío,Concepción,Chiguayante,Interseccion,"LIBERTAD & MANUEL RODRIGUEZ, Chiguayante",-36.933578,-73.021847
-7870382.04186819,-3971612.93171846,4908,2023,1550420,2023/08/08 00:00:00+00,Agosto,8,Martes,1899/12/30 00:00:00+00,17:45:00,17,REGION METROPOLITANA,SAN BERNARDO,COLISION FRONTAL,COLISION,URBANA,CRUCE CON SEÑAL PARE,VELOCIDAD IMPRUDENTE,VELOCIDAD NO RAZONABLE NI PRUDENTE,AMERICA,LO BLANCO,AMERICA - LO BLANCO,0, , ,BIDIRECCIONAL,ASFALTO,REGULAR,SECO,DESPEJADO,0,0,0,0,13,134,13401,Metropolitana de Santiago,Maipo,San Bernardo,Interseccion,"AMERICA & LO BLANCO, San Bernardo",-33.573026,-70.700845
-7942279.42696423,-3496970.00017383,4909,2023,1527827,2023/04/30 00:00:00+00,Abril,30,Domingo,1899/12/30 00:00:00+00,17:00:00,17,REGION COQUIMBO,COQUIMBO,COLISION PERPENDICULAR,COLISION,URBANA,CRUCE SIN SEÑALIZACION,IMPRUDENCIA DEL CONDUCTOR,CONDUCCION NO ATENTO CONDICIONES TRANSITO MOMENTO,ALONSO DE ERCILLA,BULNES,ALONSO DE ERCILLA - BULNES,0, , ,UNIDIRECCIONAL,ASFALTO,BUENO,SECO,DESPEJADO,0,0,0,0,04,041,04102,Coquimbo,Elqui,Coquimbo,Interseccion,"ALONSO DE ERCILLA & BULNES, Coquimbo",-29.948798,-71.34671
-8025986.78599431,-4384862.29109753,4910,2023,1550787,2023/08/08 00:00:00+00,Agosto,8,Martes,1899/12/30 00:00:00+00,18:30:00,18,REGION ÑUBLE,CHILLAN,ATROPELLO,ATROPELLO,URBANA,CRUCE CON SEMAFORO FUNCIONANDO,IMPRUDENCIA DEL PEATON,PEATON CRUZA CALZADA FORMA SORPRESIVA O DESCUIDADA,SARGENTO ALDEA,EL ROBLE,EL ROBLE - SARGENTO ALDEA,0, , ,UNIDIRECCIONAL,ASFALTO,BUENO,SECO,NUBLADO,0,0,0,0,16,161,16101,Ñuble,Diguillín,Chillán,Interseccion,"EL ROBLE & SARGENTO ALDEA, Chillán",-36.609841,-72.098666