X,Y,FID,Año,IdAccident,Fecha,Mes,Dia_mes,Dia_semana,Hora,Hora_texto,Hora_aprox,Región,Comuna,Tipo_Accid,Tipo__CONA,Zona,Ubicación,Causa__CON,Causa_Acci,Calle_Uno,Calle_Dos,Intersecci,Número,Ruta,Ubicaci_1,Calzada,Tipo_Calza,Estado_Cal,Condición,Estado_Atm,Fallecidos,Graves,Menos_Grav,Leves,CUT_REG,CUT_PROV,CUT_COM,REGION,PROVINCIA,COMUNA1,Tipo_direc,Direccion,Lat,Lon
-7858960.57297928,-3972392.02458099,4911,2023,1529711,2023/04/30 00:00:00+00,Abril,30,Domingo,1899/12/30 00:00:00+00,18:30:00,18,REGION METROPOLITANA,PUENTE ALTO,COLISION LATERAL,COLISION,URBANA,TRAMO DE VIA RECTA,IMPRUDENCIA DEL CONDUCTOR,CONDUCCION NO ATENTO CONDICIONES TRANSITO MOMENTO,EJERCITO LIBERTADOR,PORVENIR,EJERCITO LIBERTADOR - PORVENIR,0, , ,BIDIRECCIONAL,CONCRETO,BUENO,SECO,DESPEJADO,0,1,0,1,13,132,13201,Metropolitana de Santiago,Cordillera,Puente Alto,Interseccion,"EJERCITO LIBERTADOR & PORVENIR, Puente Alto",-33.578857,-70.598244
-7931596.5406885,-3499093.98773937,4912,2023,1542801,2023/07/01 00:00:00+00,Julio,1,Sábado,1899/12/30 00:00:00+00,21:30:00,21,REGION COQUIMBO,COQUIMBO,COLISION PERPENDICULAR,COLISION,URBANA,CRUCE SIN SEÑALIZACION,IMPRUDENCIA DEL CONDUCTOR,"ADELANTAMIENTO EN CRUCE, CURVA, CUESTA, PUENTE",CABO EXEQUIEL AROCA,MALLECO,CABO EXEQUIEL AROCA - MALLECO,0, , ,BIDIRECCIONAL,ASFALTO,BUENO,SECO,DESPEJADO,0,0,1,0,04,041,04102,Coquimbo,Elqui,Coquimbo,Interseccion,"CABO EXEQUIEL AROCA & MALLECO, Coquimbo",-29.965329,-71.250744
-7872493.35108615,-3954363.08680874,4913,2023,1527830,2023/04/30 00:00:00+00,Abril,30,Domingo,1899/12/30 00:00:00+00,18:49:00,18,REGION METROPOLITANA,LO PRADO,CHOQUE FRENTE/POSTERIOR,CHOQUE,URBANA,CRUCE CON SEMAFORO FUNCIONANDO,ALCOHOL EN CONDUCTOR,CONDUCCION EN ESTADO DE EBRIEDAD,SAN PABLO,SAN GERMAN,SAN GERMAN - SAN PABLO,0, , ,BIDIRECCIONAL,ASFALTO,BUENO,HUMEDO,NUBLADO,0,0,0,1,13,131,13117,Metropolitana de Santiago,Santiago,Lo Prado,Interseccion,"SAN GERMAN & SAN PABLO, Lo Prado",-33.443821,-70.719811
-7874941.26506343,-4051051.31812145,4914,2023,1542268,2023/07/01 00:00:00+00,Julio,1,Sábado,1899/12/30 00:00:00+00,21:30:00,21,REGION LIB.B.O'HIGGINS,RANCAGUA,COLISION LATERAL,COLISION,URBANA,CRUCE CON SEÑAL PARE,IMPRUDENCIA DEL CONDUCTOR,CONDUCCION CAMBIAR SORPRESIVAMENTE PISTA CIRCULACION,PROVINCIAL,EL LIBERTADOR,EL LIBERTADOR - PROVINCIAL,0, , ,BIDIRECCIONAL CON BANDEJON,CONCRETO,BUENO,SECO,DESPEJADO,0,1,0,0,06,061,06101,Libertador General Bernardo O'Higgins,Cachapoal,Rancagua,Interseccion,"EL LIBERTADOR & PROVINCIAL, Rancagua",-34.165537,-70.741801
-7862899.613161,-3949347.03801505,4915,2023,1527703,2023/04/30 00:00:00+00,Abril,30,Domingo,1899/12/30 00:00:00+00,19:30:00,19,REGION METROPOLITANA,RECOLETA,COLISION LATERAL,COLISION,URBANA,TRAMO DE VIA RECTA,DESOBEDIENCIA A SEÑALIZACION,SEÑALIZACION DESOBEDECER LUZ ROJA DE SEMAFORO,EL SALTO,EINSTEIN,EINSTEIN - EL SALTO,0, , ,BIDIRECCIONAL,ASFALTO,BUENO,SECO,DESPEJADO,0,1,0,0,13,131,13127,Metropolitana de Santiago,Santiago,Recoleta,Interseccion,"EINSTEIN & EL SALTO, Recoleta",-33.406214,-70.633629
-7862449.99373769,-3962814.34476988,4916,2023,1542760,2023/07/02 00:00:00+00,Julio,2,Domingo,1899/12/30 00:00:00+00,00:20:00,0,REGION METROPOLITANA,SAN JOAQUIN,VOLCADURA,VOLCADURA,URBANA,TRAMO DE VIA RECTA,ALCOHOL EN CONDUCTOR,CONDUCCION EN ESTADO DE EBRIEDAD,DEPARTAMENTAL,PINTOR MURILLO,DEPARTAMENTAL - PINTOR MURILLO,0, , ,BIDIRECCIONAL CON BANDEJON,ASFALTO,BUENO,SECO,DESPEJADO,0,0,0,1,13,131,13129,Metropolitana de Santiago,Santiago,San Joaquín,Interseccion,"DEPARTAMENTAL & PINTOR MURILLO, San Joaquín",-33.507147,-70.62959
-8123041.90850116,-5061027.63949034,4917,2023,1552232,2023/08/08 00:00:00+00,Agosto,8,Martes,1899/12/30 00:00:00+00,18:45:00,18,REGION LOS LAGOS,PUERTO VARAS,COLISION POR ALCANCE,COLISION,URBANA,CRUCE CON SEÑAL PARE,DROGAS Y/O FATIGA EN CONDUCTOR,"CONDICIONES FISICAS DEFICIENTES (CANSANCIO, SUEÑO)",COLON,FEDERICO ERRAZURIZ,COLON - FEDERICO ERRAZURIZ,0, , ,BIDIRECCIONAL,CONCRETO,BUENO,MOJADO,LLUVIA,0,0,0,1,10,101,10109,Los Lagos,Llanquihue,Puerto Varas,Interseccion,"COLON & FEDERICO ERRAZURIZ, Puerto Varas",-41.329248,-72.970527
-7927631.0065125,-4161363.95540182,4918,2023,1529293,2023/05/01 00:00:00+00,Mayo,1,Lunes,1899/12/30 00:00:00+00,07:30:00,7,REGION MAULE,CURICO,CHOQUE FRENTE/LADO,CHOQUE,URBANA,CRUCE SIN SEÑALIZACION,ALCOHOL EN CONDUCTOR,CONDUCCION EN ESTADO DE EBRIEDAD,RIO ELQUI,RIO CISNES,RIO CISNES - RIO ELQUI,0, , ,BIDIRECCIONAL,ASFALTO,BUENO,HUMEDO,NUBLADO,0,0,0,1,07,073,07301,Maule,Curicó,Curicó,Interseccion,"RIO CISNES & RIO ELQUI, Curicó",-34.981475,-71.215121
-7867941.05026005,-3945518.90836873,4919,2023,1542776,2023/07/02 00:00:00+00,Julio,2,Domingo,1899/12/30 00:00:00+00,02:00:00,2,REGION METROPOLITANA,CONCHALI,VOLCADURA,VOLCADURA,URBANA,TRAMO DE VIA RECTA,IMPRUDENCIA DEL CONDUCTOR,CONDUCCION NO ATENTO CONDICIONES TRANSITO MOMENTO,TUPUNGATO,LA CORUÑA,LA CORUÑA - TUPUNGATO,0, , ,UNIDIRECCIONAL,CONCRETO,BUENO,SECO,NUBLADO,0,0,0,1,13,131,13104,Metropolitana de Santiago,Santiago,Conchalí,Interseccion,"LA CORUÑA & TUPUNGATO, Conchalí",-33.377502,-70.678917
-7835651.4293744,-2709456.5181423,4920,2023,1554229,2023/08/08 00:00:00+00,Agosto,8,Martes,1899/12/30 00:00:00+00,19:00:00,19,REGION ANTOFAGASTA,ANTOFAGASTA,COLISION PERPENDICULAR,COLISION,URBANA,CRUCE SIN SEÑALIZACION,IMPRUDENCIA DEL CONDUCTOR,CONDUCCION NO ATENTO CONDICIONES TRANSITO MOMENTO,ANTONIO RENDIC,LIMA,ANTONIO RENDIC - LIMA,0, , ,BIDIRECCIONAL CON BANDEJON,ASFALTO,BUENO,SECO,DESPEJADO,0,1,0,0,02,021,02101,Antofagasta,Antofagasta,Antofagasta,Interseccion,"ANTONIO RENDIC & LIMA, Antofagasta",-23.638807,-70.388854
-7860650.18021054,-3958448.32484822,4921,2023,1552993,2023/08/08 00:00:00+00,Agosto,8,Martes,1899/12/30 00:00:00+00,19:00:00,19,REGION METROPOLITANA,MACUL,COLISION LATERAL,COLISION,URBANA,TRAMO DE VIA RECTA,VELOCIDAD IMPRUDENTE,VELOCIDAD NO RAZONABLE NI PRUDENTE,MARATHON,RODRIGO DE ARAYA,MARATHON - RODRIGO DE ARAYA,0, , ,BIDIRECCIONAL CON BANDEJON,CONCRETO,BUENO,SECO,DESPEJADO,0,1,0,0,13,131,13118,Metropolitana de Santiago,Santiago,Macul,Interseccion,"MARATHON & RODRIGO DE ARAYA, Macul",-33.474438,-70.613422
-7872771.87088251,-3955420.21588302,4922,2023,1541758,2023/07/02 00:00:00+00,Julio,2,Domingo,1899/12/30 00:00:00+00,04:20:00,4,REGION METROPOLITANA,LO PRADO,COLISION PERPENDICULAR,COLISION,URBANA,CRUCE CON SEMAFORO FUNCIONANDO,DESOBEDIENCIA A SEÑALIZACION,SEÑALIZACION DESOBEDECER LUZ ROJA DE SEMAFORO,NEPTUNO,DORSAL,DORSAL - NEPTUNO,0, , ,BIDIRECCIONAL,ASFALTO,BUENO,SECO,NUBLADO,0,1,0,0,13,131,13117,Metropolitana de Santiago,Santiago,Lo Prado,Interseccion,"DORSAL & NEPTUNO, Lo Prado",-33.451745,-70.722313
-7827395.14098533,-2093651.31138721,4923,2023,1530090,2023/05/01 00:00:00+00,Mayo,1,Lunes,1899/12/30 00:00:00+00,09:20:00,9,REGION ARICA Y PARINACOTA,ARICA,ATROPELLO,ATROPELLO,URBANA,OTROS NO CONSIDERADOS,IMPRUDENCIA DEL PEATON,PEATON CRUZA CALZADA FUERA PASO PEATONES,GENERAL PEDRO LAGOS MARCHANT,BERNARDO O'HIGGINS,BERNARDO O'HIGGINS - GENERAL PEDRO LAGOS MARCHANT,0, , ,UNIDIRECCIONAL,ASFALTO,BUENO,SECO,DESPEJADO,0,1,0,1,15,151,15101,Arica y Parinacota,Arica,Arica,Interseccion,"BERNARDO O'HIGGINS & GENERAL PEDRO LAGOS MARCHANT, Arica",-18.478657,-70.314687
-7863107.33533082,-3948960.59445886,4924,2023,1542707,2023/07/02 00:00:00+00,Julio,2,Domingo,1899/12/30 00:00:00+00,16:05:00,16,REGION METROPOLITANA,RECOLETA,VOLCADURA,VOLCADURA,URBANA,CRUCE CON SEMAFORO FUNCIONANDO,DESOBEDIENCIA A SEÑALIZACION,SEÑALIZACION DESOBEDECER INDICACION CARABINERO SERVICIO,JUSTICIA SOCIAL,HERMANA KAROLINE MAYER,HERMANA KAROLINE MAYER - JUSTICIA SOCIAL,0, , ,BIDIRECCIONAL,ASFALTO,BUENO,SECO,NUBLADO,0,0,0,0,13,131,13127,Metropolitana de Santiago,Santiago,Recoleta,Interseccion,"HERMANA KAROLINE MAYER & JUSTICIA SOCIAL, Recoleta",-33.403316,-70.635495
-7858953.22589289,-3964907.64002982,4925,2023,1533271,2023/05/01 00:00:00+00,Mayo,1,Lunes,1899/12/30 00:00:00+00,16:20:00,16,REGION METROPOLITANA,LA FLORIDA,COLISION LATERAL,COLISION,URBANA,CRUCE CON SEMAFORO FUNCIONANDO,IMPRUDENCIA DEL CONDUCTOR,CONDUCCION CAMBIAR SORPRESIVAMENTE PISTA CIRCULACION,VICUÑA MACKENNA ORIENTE,AMERICO VESPUCIO,AMERICO VESPUCIO - VICUÑA MACKENNA ORIENTE,0, , ,BIDIRECCIONAL CON BANDEJON,CONCRETO,BUENO,SECO,DESPEJADO,0,1,0,0,13,131,13110,Metropolitana de Santiago,Santiago,La Florida,Interseccion,"AMERICO VESPUCIO & VICUÑA MACKENNA ORIENTE, La Florida",-33.522825,-70.598178
-8081435.13567793,-4687780.13256609,4926,2023,1544969,2023/07/02 00:00:00+00,Julio,2,Domingo,1899/12/30 00:00:00+00,17:00:00,17,REGION ARAUCANIA,PADRE LAS CASAS,COLISION LATERAL,COLISION,URBANA,TRAMO DE VIA RECTA,IMPRUDENCIA DEL CONDUCTOR,NO RESPETAR DERECHO PREFERENTE DE PASO A VEHICULO,MAQUEHUE,CORVALAN,CORVALAN - MAQUEHUE,0, , ,UNIDIRECCIONAL,CONCRETO,BUENO,SECO,DESPEJADO,0,0,0,0,09,091,09112,La Araucanía,Cautín,Padre Las Casas,Interseccion,"CORVALAN & MAQUEHUE, Padre Las Casas",-38.763001,-72.596767
-7851135.14673499,-3961289.2739324,4927,2023,1552134,2023/08/08 00:00:00+00,Agosto,8,Martes,1899/12/30 00:00:00+00,19:30:00,19,REGION METROPOLITANA,PEÑALOLEN,COLISION FRONTAL,COLISION,URBANA,CRUCE CON SEÑAL CEDA EL PASO,IMPRUDENCIA DEL CONDUCTOR,CONDUCCION NO ATENTO CONDICIONES TRANSITO MOMENTO,LOS PRESIDENTES,CAMINO LAS PIRCAS,CAMINO LAS PIRCAS - LOS PRESIDENTES,0, , ,BIDIRECCIONAL,CONCRETO,BUENO,SECO,NUBLADO,0,0,0,0,13,131,13122,Metropolitana de Santiago,Santiago,Peñalolén,Interseccion,"CAMINO LAS PIRCAS & LOS PRESIDENTES, Peñalolén",-33.495723,-70.527947
-7941545.83157556,-3499522.52853712,4928,2023,1528511,2023/05/01 00:00:00+00,Mayo,1,Lunes,1899/12/30 00:00:00+00,16:45:00,16,REGION COQUIMBO,LA SERENA,CHOQUE LATERAL,CHOQUE,URBANA,TRAMO DE VIA RECTA,IMPRUDENCIA DEL CONDUCTOR,CONDUCCION NO ATENTO CONDICIONES TRANSITO MOMENTO,18 DE SEPTIEMBRE,CARDENAL JOSE MARIA CARO,18 DE SEPTIEMBRE - CARDENAL JOSE MARIA CARO,0, , ,UNIDIRECCIONAL,ASFALTO,BUENO,SECO,DESPEJADO,0,0,1,0,04,041,04101,Coquimbo,Elqui,La Serena,Interseccion,"18 DE SEPTIEMBRE & CARDENAL JOSE MARIA CARO, La Serena",-29.968664,-71.34012
-7859739.0301784,-3974060.88468493,4929,2023,1552895,2023/08/08 00:00:00+00,Agosto,8,Martes,1899/12/30 00:00:00+00,19:30:00,19,REGION METROPOLITANA,PUENTE ALTO,COLISION LATERAL,COLISION,URBANA,TRAMO DE VIA RECTA,IMPRUDENCIA DEL CONDUCTOR,CONDUCCION NO ATENTO CONDICIONES TRANSITO MOMENTO,CANAL JARDIN ALTO,CANAL MONTINO,CANAL JARDIN ALTO - CANAL MONTINO,0, , ,BIDIRECCIONAL,CONCRETO,BUENO,SECO,DESPEJADO,0,0,0,0,13,132,13201,Metropolitana de Santiago,Cordillera,Puente Alto,Interseccion,"CANAL JARDIN ALTO & CANAL MONTINO, Puente Alto",-33.591346,-70.605237
-7931813.60261925,-3881381.69161167,4930,2023,1551046,2023/08/08 00:00:00+00,Agosto,8,Martes,1899/12/30 00:00:00+00,19:30:00,19,REGION VALPARAISO,QUILLOTA,OTRO TIPO,OTRO TIPO,URBANA,TRAMO DE VIA RECTA,VELOCIDAD IMPRUDENTE,VELOCIDAD NO RAZONABLE NI PRUDENTE,JUAN BAUTISTA ALBERDI,HERMANO DE LA FUENTE,HERMANO DE LA FUENTE - JUAN BAUTISTA ALBERDI,0, , ,BIDIRECCIONAL,ASFALTO,BUENO,SECO,DESPEJADO,0,0,1,0,05,055,05501,Valparaíso,Quillota,Quillota,Interseccion,"HERMANO DE LA FUENTE & JUAN BAUTISTA ALBERDI, Quillota",-32.895049,-71.252694
-8137189.94793083,-4411288.98797019,4931,2023,1528131,2023/05/01 00:00:00+00,Mayo,1,Lunes,1899/12/30 00:00:00+00,19:30:00,19,REGION BIO BIO,HUALPEN,COLISION,COLISION,URBANA,CRUCE CON SEMAFORO FUNCIONANDO,ALCOHOL EN CONDUCTOR,CONDUCCION EN ESTADO DE EBRIEDAD,ÑIPAS,PILPILCO,ÑIPAS - PILPILCO,0, , ,BIDIRECCIONAL,CONCRETO,BUENO,SECO,DESPEJADO,0,1,0,0,08,081,08112,Biobío,Concepción,Hualpén,Interseccion,"ÑIPAS & PILPILCO, Hualpén",-36.800166,-73.097621
-7872316.57416517,-3963683.63443553,4932,2023,1527934,2023/05/01 00:00:00+00,Mayo,1,Lunes,1899/12/30 00:00:00+00,19:45:00,19,REGION METROPOLITANA,CERRILLOS,COLISION POR ALCANCE,COLISION,URBANA,CRUCE CON SEÑAL CEDA EL PASO,IMPRUDENCIA DEL CONDUCTOR,CONDUCCION NO ATENTO CONDICIONES TRANSITO MOMENTO,CAMINO A LONQUEN,AMERICO VESPUCIO,AMERICO VESPUCIO - CAMINO A LONQUEN,0, , ,BIDIRECCIONAL,ASFALTO,BUENO,SECO,NUBLADO,0,0,0,1,13,131,13102,Metropolitana de Santiago,Santiago,Cerrillos,Interseccion,"AMERICO VESPUCIO & CAMINO A LONQUEN, Cerrillos",-33.513658,-70.718223
-7869318.1398319,-3953591.47305854,4933,2023,1550799,2023/08/08 00:00:00+00,Agosto,8,Martes,1899/12/30 00:00:00+00,22:15:00,22,REGION METROPOLITANA,QUINTA NORMAL,COLISION LATERAL,COLISION,URBANA,TRAMO DE VIA RECTA,IMPRUDENCIA DEL CONDUCTOR,CONDUCCION CAMBIAR SORPRESIVAMENTE PISTA CIRCULACION,SAN PABLO,PATRIA NUEVA,PATRIA NUEVA - SAN PABLO,0, , ,BIDIRECCIONAL,ASFALTO,REGULAR,SECO,DESPEJADO,0,0,0,0,13,131,13126,Metropolitana de Santiago,Santiago,Quinta Normal,Interseccion,"PATRIA NUEVA & SAN PABLO, Quinta Normal",-33.438037,-70.691288
-8077240.06066738,-4683154.18734749,4934,2023,1528646,2023/05/01 00:00:00+00,Mayo,1,Lunes,1899/12/30 00:00:00+00,20:10:00,20,REGION ARAUCANIA,TEMUCO,COLISION,COLISION,URBANA,TRAMO DE VIA RECTA,IMPRUDENCIA DEL CONDUCTOR,CONDUCCION NO ATENTO CONDICIONES TRANSITO MOMENTO,COSTANERA,MELINKA,COSTANERA - MELINKA,0, , ,BIDIRECCIONAL,CONCRETO,BUENO,SECO,DESPEJADO,0,1,1,1,09,091,09101,La Araucanía,Cautín,Temuco,Interseccion,"COSTANERA & MELINKA, Temuco",-38.730591,-72.559082
-7836398.18273801,-2709406.90346518,4935,2023,1550544,2023/08/08 00:00:00+00,Agosto,8,Martes,1899/12/30 00:00:00+00,22:40:00,22,REGION ANTOFAGASTA,ANTOFAGASTA,COLISION,COLISION,URBANA,TRAMO DE VIA RECTA,IMPRUDENCIA DEL CONDUCTOR,CONDUCCION NO ATENTO CONDICIONES TRANSITO MOMENTO,IQUIQUE,ZENTENO,IQUIQUE - ZENTENO,0, , ,BIDIRECCIONAL,ASFALTO,BUENO,SECO,DESPEJADO,0,0,0,1,02,021,02101,Antofagasta,Antofagasta,Antofagasta,Interseccion,"IQUIQUE & ZENTENO, Antofagasta",-23.638399,-70.395563
-8079622.07516477,-4688948.72655127,4936,2023,1542360,2023/07/02 00:00:00+00,Julio,2,Domingo,1899/12/30 00:00:00+00,17:55:00,17,REGION ARAUCANIA,TEMUCO,COLISION PERPENDICULAR,COLISION,URBANA,TRAMO DE VIA RECTA,IMPRUDENCIA DEL CONDUCTOR,CONDUCCION NO ATENTO CONDICIONES TRANSITO MOMENTO,LAS ENCINAS,CORDOVA,CORDOVA - LAS ENCINAS,0, , ,BIDIRECCIONAL CON BANDEJON,CONCRETO,BUENO,HUMEDO,NUBLADO,0,0,0,1,09,091,09101,La Araucanía,Cautín,Temuco,Interseccion,"CORDOVA & LAS ENCINAS, Temuco",-38.771186,-72.58048
-8026337.66508495,-4415795.94141378,4937,2023,1527577,2023/05/01 00:00:00+00,Mayo,1,Lunes,1899/12/30 00:00:00+00,22:30:00,22,REGION ÑUBLE,CHILLAN,COLISION POR ALCANCE,COLISION,URBANA,TRAMO DE VIA RECTA,IMPRUDENCIA DEL CONDUCTOR,"ADELANTAMIENTO EN CRUCE, CURVA, CUESTA, PUENTE",SAN GABRIEL,VALLE LA MOCHA,SAN GABRIEL - VALLE LA MOCHA,0, , ,BIDIRECCIONAL,CONCRETO,BUENO,SECO,LLUVIA,0,0,0,1,16,161,16101,Ñuble,Diguillín,Chillán,Interseccion,"SAN GABRIEL & VALLE LA MOCHA, Chillán",-36.832578,-72.101818
-7863883.67745962,-3952980.74472826,4938,2023,1552399,2023/08/08 00:00:00+00,Agosto,8,Martes,1899/12/30 00:00:00+00,23:30:00,23,REGION METROPOLITANA,RECOLETA,COLISION LATERAL,COLISION,URBANA,CRUCE CON SEMAFORO FUNCIONANDO,OTRAS CAUSAS,HECHO DELICTUAL,BELLAVISTA,LORETO,BELLAVISTA - LORETO,0, , ,UNIDIRECCIONAL,ASFALTO,BUENO,SECO,NUBLADO,0,0,0,1,13,131,13127,Metropolitana de Santiago,Santiago,Recoleta,Interseccion,"BELLAVISTA & LORETO, Recoleta",-33.433459,-70.642469
-7871091.05789102,-3952846.01915129,4939,2023,1529731,2023/05/02 00:00:00+00,Mayo,2,Martes,1899/12/30 00:00:00+00,00:12:00,0,REGION METROPOLITANA,QUINTA NORMAL,COLISION POR ALCANCE,COLISION,URBANA,CRUCE CON SEMAFORO FUNCIONANDO,IMPRUDENCIA DEL CONDUCTOR,CONDUCCION SIN MANTENER DISTANCIA RAZONABLE NI PRUDENTE,JOSE JOAQUIN PEREZ,SERGIO VALDOVINOS,JOSE JOAQUIN PEREZ - SERGIO VALDOVINOS,0, , ,UNIDIRECCIONAL,ASFALTO,REGULAR,SECO,DESPEJADO,0,0,0,0,13,131,13126,Metropolitana de Santiago,Santiago,Quinta Normal,Interseccion,"JOSE JOAQUIN PEREZ & SERGIO VALDOVINOS, Quinta Normal",-33.432449,-70.707214
-7947638.09122732,-3902708.32190984,4940,2023,1544835,2023/07/02 00:00:00+00,Julio,2,Domingo,1899/12/30 00:00:00+00,18:40:00,18,REGION VALPARAISO,VILLA ALEMANA,CHOQUE POSTERIOR/FRENTE,CHOQUE,URBANA,TRAMO DE VIA RECTA,IMPRUDENCIA DEL CONDUCTOR,CONDUCCION NO ATENTO CONDICIONES TRANSITO MOMENTO,ALCALDE ALEJANDRO PERALTA,ALNILAM,ALCALDE ALEJANDRO PERALTA - ALNILAM,0, , ,BIDIRECCIONAL,CONCRETO,BUENO,OTROS,DESPEJADO,0,0,0,1,05,058,05804,Valparaíso,Marga Marga,Villa Alemana,Interseccion,"ALCALDE ALEJANDRO PERALTA & ALNILAM, Villa Alemana",-33.055766,-71.394848
-7871610.25755093,-3964090.43801865,4941,2023,1550684,2023/08/09 00:00:00+00,Agosto,9,Miércoles,1899/12/30 00:00:00+00,08:00:00,8,REGION METROPOLITANA,CERRILLOS,COLISION PERPENDICULAR,COLISION,URBANA,CRUCE CON SEÑAL PARE,IMPRUDENCIA DEL CONDUCTOR,CONDUCCION CONTRA SENTIDO DEL TRANSITO,AEROPUERTO,AMERICO VESPUCIO,AEROPUERTO - AMERICO VESPUCIO,0, , ,BIDIRECCIONAL,ASFALTO,BUENO,SECO,NUBLADO,0,0,0,0,13,131,13102,Metropolitana de Santiago,Santiago,Cerrillos,Interseccion,"AEROPUERTO & AMERICO VESPUCIO, Cerrillos",-33.516705,-70.711878
-7877305.69110354,-3979438.45195047,4942,2023,1536925,2023/05/02 00:00:00+00,Mayo,2,Martes,1899/12/30 00:00:00+00,07:30:00,7,REGION METROPOLITANA,CALERA DE TANGO,COLISION LATERAL,COLISION,URBANA,OTROS NO CONSIDERADOS,DESOBEDIENCIA A SEÑALIZACION,SEÑALIZACION DESOBEDECER SEÑAL PARE,LOS ALAMOS,LOS ATACAMEÑOS,LOS ALAMOS - LOS ATACAMEÑOS,0, , ,BIDIRECCIONAL,CONCRETO,BUENO,SECO,DESPEJADO,0,0,1,0,13,134,13403,Metropolitana de Santiago,Maipo,Calera de Tango,Interseccion,"LOS ALAMOS & LOS ATACAMEÑOS, Calera de Tango",-33.631577,-70.763041
-7932398.68663073,-3499458.24016619,4943,2023,1551871,2023/08/09 00:00:00+00,Agosto,9,Miércoles,1899/12/30 00:00:00+00,14:45:00,14,REGION COQUIMBO,COQUIMBO,COLISION LATERAL,COLISION,URBANA,CRUCE CON SEÑAL PARE,IMPRUDENCIA DEL CONDUCTOR,CONDUCCION NO ATENTO CONDICIONES TRANSITO MOMENTO,PARQUE NACIONAL LAUCA,PARQUE NACIONAL PAN DE AZUCAR,PARQUE NACIONAL LAUCA - PARQUE NACIONAL PAN DE AZUCAR,0, , ,BIDIRECCIONAL,ASFALTO,BUENO,SECO,DESPEJADO,0,0,1,0,04,041,04102,Coquimbo,Elqui,Coquimbo,Interseccion,"PARQUE NACIONAL LAUCA & PARQUE NACIONAL PAN DE AZUCAR, Coquimbo",-29.968164,-71.25795
-8152418.67692147,-4842065.72351454,4944,2023,1543174,2023/07/02 00:00:00+00,Julio,2,Domingo,1899/12/30 00:00:00+00,20:40:00,20,REGION DE LOS RIOS,VALDIVIA,COLISION PERPENDICULAR,COLISION,URBANA,CRUCE CON SEÑAL CEDA EL PASO,DESOBEDIENCIA A SEÑALIZACION,SEÑALIZACION DESOBEDECER SEÑAL CEDA EL PASO,ESTOCOLMO,PEDRO MONTT,ESTOCOLMO - PEDRO MONTT,0, , ,BIDIRECCIONAL,CONCRETO,REGULAR,SECO,DESPEJADO,0,0,0,0,14,141,14101,Los Ríos,Valdivia,Valdivia,Interseccion,"ESTOCOLMO & PEDRO MONTT, Valdivia",-39.835496,-73.234423
-7931664.89088924,-3488759.52324463,4945,2023,1529567,2023/05/02 00:00:00+00,Mayo,2,Martes,1899/12/30 00:00:00+00,07:47:00,7,REGION COQUIMBO,LA SERENA,COLISION LATERAL,COLISION,URBANA,CRUCE CON SEÑAL PARE,DESOBEDIENCIA A SEÑALIZACION,SEÑALIZACION DESOBEDECER SEÑAL PARE,EL BRILLADOR,MARTA COLVIN,EL BRILLADOR - MARTA COLVIN,0, , ,BIDIRECCIONAL,ASFALTO,BUENO,SECO,NUBLADO,0,0,1,0,04,041,04101,Coquimbo,Elqui,La Serena,Interseccion,"EL BRILLADOR & MARTA COLVIN, La Serena",-29.88487,-71.251358
-7865380.03405486,-3951257.84282725,4946,2023,1552230,2023/08/09 00:00:00+00,Agosto,9,Miércoles,1899/12/30 00:00:00+00,15:20:00,15,REGION METROPOLITANA,INDEPENDENCIA,COLISION PERPENDICULAR,COLISION,URBANA,CRUCE CON SEMAFORO FUNCIONANDO,DESOBEDIENCIA A SEÑALIZACION,SEÑALIZACION DESOBEDECER LUZ ROJA DE SEMAFORO,INDEPENDENCIA,GAMERO,GAMERO - INDEPENDENCIA,0, , ,BIDIRECCIONAL,CONCRETO,BUENO,SECO,DESPEJADO,0,0,0,0,13,131,13108,Metropolitana de Santiago,Santiago,Independencia,Interseccion,"GAMERO & INDEPENDENCIA, Independencia",-33.420542,-70.655911
-7855900.73413585,-3964851.82458166,4947,2023,1543335,2023/07/02 00:00:00+00,Julio,2,Domingo,1899/12/30 00:00:00+00,21:30:00,21,REGION METROPOLITANA,LA FLORIDA,CHOQUE FRONTAL,CHOQUE,URBANA,TRAMO DE VIA RECTA,IMPRUDENCIA DEL CONDUCTOR,CONDUCCION NO ATENTO CONDICIONES TRANSITO MOMENTO,WALKER MARTINEZ,STA BEATRIZ,STA BEATRIZ - WALKER MARTINEZ,0, , ,BIDIRECCIONAL,ASFALTO,BUENO,SECO,DESPEJADO,0,0,0,0,13,131,13110,Metropolitana de Santiago,Santiago,La Florida,Interseccion,"STA BEATRIZ & WALKER MARTINEZ, La Florida",-33.522407,-70.570757
-8015643.31286827,-4082191.2393032,4948,2023,1530228,2023/05/02 00:00:00+00,Mayo,2,Martes,1899/12/30 00:00:00+00,08:10:00,8,REGION LIB.B.O'HIGGINS,PICHILEMU,COLISION,COLISION,URBANA,TRAMO DE VIA RECTA,IMPRUDENCIA DEL CONDUCTOR,CONDUCCION NO ATENTO CONDICIONES TRANSITO MOMENTO,HERNANDO DE MAGALLANES,SEBASTIAN ELCANO,HERNANDO DE MAGALLANES - SEBASTIAN ELCANO,0, , ,BIDIRECCIONAL,CONCRETO,BUENO,SECO,DESPEJADO,0,1,1,0,06,062,06201,Libertador General Bernardo O'Higgins,Cardenal Caro,Pichilemu,Interseccion,"HERNANDO DE MAGALLANES & SEBASTIAN ELCANO, Pichilemu",-34.396677,-72.005749