X,Y,FID,Año,IdAccident,Fecha,Mes,Dia_mes,Dia_semana,Hora,Hora_texto,Hora_aprox,Región,Comuna,Tipo_Accid,Tipo__CONA,Zona,Ubicación,Causa__CON,Causa_Acci,Calle_Uno,Calle_Dos,Intersecci,Número,Ruta,Ubicaci_1,Calzada,Tipo_Calza,Estado_Cal,Condición,Estado_Atm,Fallecidos,Graves,Menos_Grav,Leves,CUT_REG,CUT_PROV,CUT_COM,REGION,PROVINCIA,COMUNA1,Tipo_direc,Direccion,Lat,Lon
-8024642.93710145,-4386221.4288315,4949,2023,1550793,2023/08/09 00:00:00+00,Agosto,9,Miércoles,1899/12/30 00:00:00+00,15:45:00,15,REGION ÑUBLE,CHILLAN,COLISION PERPENDICULAR,COLISION,URBANA,CRUCE SIN SEÑALIZACION,IMPRUDENCIA DEL CONDUCTOR,NO RESPETAR DERECHO PREFERENTE DE PASO A VEHICULO,CHAÑARCILLO,PUNITAQUI,CHAÑARCILLO - PUNITAQUI,0, , ,UNIDIRECCIONAL,ASFALTO,BUENO,SECO,NUBLADO,0,1,0,0,16,161,16101,Ñuble,Diguillín,Chillán,Interseccion,"CHAÑARCILLO & PUNITAQUI, Chillán",-36.619641,-72.086594
-7970343.87207128,-3900107.477671,4950,2023,1528485,2023/05/02 00:00:00+00,Mayo,2,Martes,1899/12/30 00:00:00+00,11:30:00,11,REGION VALPARAISO,VALPARAISO,CHOQUE FRONTAL,CHOQUE,URBANA,TRAMO DE VIA CURVA HORIZONTAL,VELOCIDAD IMPRUDENTE,VELOCIDAD NO RAZONABLE NI PRUDENTE,ESPAÑA,YOLANDA,ESPAÑA - YOLANDA,0, , ,BIDIRECCIONAL,CONCRETO,BUENO,SECO,DESPEJADO,0,0,0,0,05,051,05101,Valparaíso,Valparaíso,Valparaíso,Interseccion,"ESPAÑA & YOLANDA, Valparaíso",-33.036182,-71.598817
-7864912.93747149,-3952872.16379411,4951,2023,1551879,2023/08/09 00:00:00+00,Agosto,9,Miércoles,1899/12/30 00:00:00+00,16:05:00,16,REGION METROPOLITANA,SANTIAGO,COLISION FRONTAL,COLISION,URBANA,CRUCE CON SEMAFORO FUNCIONANDO,DESOBEDIENCIA A SEÑALIZACION,SEÑALIZACION DESOBEDECER LUZ ROJA DE SEMAFORO,CARD JOSE MARIA CARO,GRAL MACKENNA,CARD JOSE MARIA CARO - GRAL MACKENNA,0, , ,UNIDIRECCIONAL,ASFALTO,REGULAR,SECO,NUBLADO,0,0,0,1,13,131,13101,Metropolitana de Santiago,Santiago,Santiago,Interseccion,"CARD JOSE MARIA CARO & GRAL MACKENNA, Santiago",-33.432645,-70.651715
-7937856.59228665,-4067934.81762844,4952,2023,1551283,2023/08/09 00:00:00+00,Agosto,9,Miércoles,1899/12/30 00:00:00+00,17:10:00,17,REGION LIB.B.O'HIGGINS,LAS CABRAS,COLISION,COLISION,URBANA,CRUCE CON SEÑAL CEDA EL PASO,IMPRUDENCIA DEL CONDUCTOR,NO RESPETAR DERECHO PREFERENTE DE PASO A VEHICULO,ARTURO PRAT,JOHN KENNEDY,ARTURO PRAT - JOHN KENNEDY,0, , ,BIDIRECCIONAL,ASFALTO,BUENO,SECO,DESPEJADO,0,1,0,1,06,061,06107,Libertador General Bernardo O'Higgins,Cachapoal,Las Cabras,Interseccion,"ARTURO PRAT & JOHN KENNEDY, Las Cabras",-34.290936,-71.306979
-7975161.08948537,-4223035.16658524,4953,2023,1528214,2023/05/02 00:00:00+00,Mayo,2,Martes,1899/12/30 00:00:00+00,15:35:00,15,REGION MAULE,TALCA,COLISION LATERAL,COLISION,URBANA,TRAMO DE VIA RECTA,IMPRUDENCIA DEL CONDUCTOR,CONDUCCION CONTRA SENTIDO DEL TRANSITO,18 ORIENTE,5 SUR,18 ORIENTE - 5 SUR,0, , ,BIDIRECCIONAL,CONCRETO,BUENO,HUMEDO,DESPEJADO,0,1,0,1,07,071,07101,Maule,Talca,Talca,Interseccion,"18 ORIENTE & 5 SUR, Talca",-35.434129,-71.642091
-7673903.35204717,-2564891.07317982,4954,2023,1541636,2023/07/02 00:00:00+00,Julio,2,Domingo,1899/12/30 00:00:00+00,23:30:00,23,REGION ANTOFAGASTA,CALAMA,COLISION,COLISION,URBANA,CRUCE CON SEÑAL PARE,DESOBEDIENCIA A SEÑALIZACION,SEÑALIZACION DESOBEDECER SEÑAL PARE,HAMBURGO,CAPITAN ARTURO PRAT,CAPITAN ARTURO PRAT - HAMBURGO,0, , ,BIDIRECCIONAL CON BANDEJON,ASFALTO,BUENO,SECO,DESPEJADO,0,0,2,0,02,022,02201,Antofagasta,El Loa,Calama,Interseccion,"CAPITAN ARTURO PRAT & HAMBURGO, Calama",-22.443786,-68.935847
-7868733.97899297,-3968345.61725595,4955,2023,1552131,2023/08/09 00:00:00+00,Agosto,9,Miércoles,1899/12/30 00:00:00+00,17:30:00,17,REGION METROPOLITANA,EL BOSQUE,COLISION LATERAL,COLISION,URBANA,CRUCE CON SEÑAL PARE,IMPRUDENCIA DEL CONDUCTOR,NO RESPETAR DERECHO PREFERENTE DE PASO A VEHICULO,CAMILO HENRIQUEZ,COLO COLO,CAMILO HENRIQUEZ - COLO COLO,0, , ,BIDIRECCIONAL,CONCRETO,BUENO,SECO,DESPEJADO,0,0,0,1,13,131,13105,Metropolitana de Santiago,Santiago,El Bosque,Interseccion,"CAMILO HENRIQUEZ & COLO COLO, El Bosque",-33.548568,-70.68604
-7874231.04676783,-4051943.74585361,4956,2023,1527970,2023/05/02 00:00:00+00,Mayo,2,Martes,1899/12/30 00:00:00+00,17:50:00,17,REGION LIB.B.O'HIGGINS,RANCAGUA,VOLCADURA,VOLCADURA,URBANA,CRUCE CON SEMAFORO FUNCIONANDO,VELOCIDAD IMPRUDENTE,VELOCIDAD NO RAZONABLE NI PRUDENTE,O'CARROL,RAMON FREIRE,O'CARROL - RAMON FREIRE,0, , ,UNIDIRECCIONAL,CONCRETO,BUENO,SECO,DESPEJADO,0,0,1,0,06,061,06101,Libertador General Bernardo O'Higgins,Cachapoal,Rancagua,Interseccion,"O'CARROL & RAMON FREIRE, Rancagua",-34.17217,-70.735421
-7876073.27297644,-3953399.07096795,4957,2023,1542333,2023/07/03 00:00:00+00,Julio,3,Lunes,1899/12/30 00:00:00+00,01:00:00,1,REGION METROPOLITANA,PUDAHUEL,COLISION,COLISION,URBANA,TRAMO DE VIA RECTA,IMPRUDENCIA DEL CONDUCTOR,CONDUCCION NO ATENTO CONDICIONES TRANSITO MOMENTO,SAN FRANCISCO,LA ESTRELLA,LA ESTRELLA - SAN FRANCISCO,0, , ,BIDIRECCIONAL,ASFALTO,REGULAR,SECO,DESPEJADO,0,0,0,2,13,131,13124,Metropolitana de Santiago,Santiago,Pudahuel,Interseccion,"LA ESTRELLA & SAN FRANCISCO, Pudahuel",-33.436595,-70.75197
-8153328.82505593,-4839442.86185356,4958,2023,1543182,2023/07/03 00:00:00+00,Julio,3,Lunes,1899/12/30 00:00:00+00,01:10:00,1,REGION DE LOS RIOS,VALDIVIA,COLISION POR ALCANCE,COLISION,URBANA,CRUCE CON SEÑAL PARE,DESOBEDIENCIA A SEÑALIZACION,SEÑALIZACION DESOBEDECER SEÑAL CEDA EL PASO,ALEMANIA,ISMAEL VALDES,ALEMANIA - ISMAEL VALDES,0, , ,BIDIRECCIONAL,CONCRETO,BUENO,MOJADO,LLUVIA,0,0,0,2,14,141,14101,Los Ríos,Valdivia,Valdivia,Interseccion,"ALEMANIA & ISMAEL VALDES, Valdivia",-39.817401,-73.242599
-7874847.64542733,-3990169.14462054,4959,2023,1536811,2023/05/02 00:00:00+00,Mayo,2,Martes,1899/12/30 00:00:00+00,18:25:00,18,REGION METROPOLITANA,BUIN,VOLCADURA,VOLCADURA,URBANA,CRUCE SIN SEÑALIZACION,VELOCIDAD IMPRUDENTE,VELOCIDAD NO RAZONABLE NI PRUDENTE,LA COORDINADORA,LOS ROBLES UNIDOS,LA COORDINADORA - LOS ROBLES UNIDOS,0, , ,BIDIRECCIONAL,ASFALTO,BUENO,SECO,DESPEJADO,0,0,1,0,13,134,13402,Metropolitana de Santiago,Maipo,Buin,Interseccion,"LA COORDINADORA & LOS ROBLES UNIDOS, Buin",-33.7118,-70.74096
-7857637.20687273,-3973429.60516908,4960,2023,1542789,2023/07/03 00:00:00+00,Julio,3,Lunes,1899/12/30 00:00:00+00,07:00:00,7,REGION METROPOLITANA,PUENTE ALTO,CHOQUE FRONTAL,CHOQUE,URBANA,TRAMO DE VIA RECTA,IMPRUDENCIA DEL CONDUCTOR,CONDUCCION NO ATENTO CONDICIONES TRANSITO MOMENTO,LUIS MATTE LARRAIN,COQUIMBO,COQUIMBO - LUIS MATTE LARRAIN,0, , ,BIDIRECCIONAL,CONCRETO,BUENO,SECO,DESPEJADO,0,0,0,1,13,132,13201,Metropolitana de Santiago,Cordillera,Puente Alto,Interseccion,"COQUIMBO & LUIS MATTE LARRAIN, Puente Alto",-33.586622,-70.586356
-7957696.50849989,-3894919.83954383,4961,2023,1551688,2023/08/09 00:00:00+00,Agosto,9,Miércoles,1899/12/30 00:00:00+00,18:45:00,18,REGION VALPARAISO,VIÑA DEL MAR,COLISION LATERAL,COLISION,URBANA,TRAMO DE VIA RECTA,IMPRUDENCIA DEL CONDUCTOR,CONDUCCION NO ATENTO CONDICIONES TRANSITO MOMENTO,OCTAVA,CALLE DIEZ,CALLE DIEZ - OCTAVA,0, , ,BIDIRECCIONAL,CONCRETO,BUENO,HUMEDO,DESPEJADO,0,1,0,0,05,051,05109,Valparaíso,Valparaíso,Viña del Mar,Interseccion,"CALLE DIEZ & OCTAVA, Viña del Mar",-32.997106,-71.485204
-8053769.34790904,-4504484.48505598,4962,2023,1528346,2023/05/02 00:00:00+00,Mayo,2,Martes,1899/12/30 00:00:00+00,18:50:00,18,REGION BIO BIO,LOS ANGELES,COLISION FRONTAL,COLISION,URBANA,CRUCE CON SEMAFORO FUNCIONANDO,IMPRUDENCIA DEL CONDUCTOR,CONDUCCION NO ATENTO CONDICIONES TRANSITO MOMENTO,VILLAGRAN,RENGO,RENGO - VILLAGRAN,0, , ,UNIDIRECCIONAL,CONCRETO,REGULAR,SECO,DESPEJADO,0,0,0,2,08,083,08301,Biobío,Biobío,Los Angeles,Interseccion,"RENGO & VILLAGRAN, Los Angeles",-37.467588,-72.348241
-8026102.16869104,-4386733.06432292,4963,2023,1542124,2023/07/03 00:00:00+00,Julio,3,Lunes,1899/12/30 00:00:00+00,11:15:00,11,REGION ÑUBLE,CHILLAN,COLISION LATERAL,COLISION,URBANA,CRUCE CON SEÑAL PARE,IMPRUDENCIA DEL CONDUCTOR,"ADELANTAMIENTO EN CRUCE, CURVA, CUESTA, PUENTE",ALONSO DE ERCILLA,CUSTODIO OYARZUN,ALONSO DE ERCILLA - CUSTODIO OYARZUN,0, , ,BIDIRECCIONAL,CONCRETO,BUENO,SECO,DESPEJADO,0,0,1,0,16,161,16101,Ñuble,Diguillín,Chillán,Interseccion,"ALONSO DE ERCILLA & CUSTODIO OYARZUN, Chillán",-36.62333,-72.099703
-7974947.69711257,-4223562.48048935,4964,2023,1551484,2023/08/09 00:00:00+00,Agosto,9,Miércoles,1899/12/30 00:00:00+00,20:00:00,20,REGION MAULE,TALCA,COLISION LATERAL,COLISION,URBANA,CRUCE CON SEMAFORO FUNCIONANDO,DESOBEDIENCIA A SEÑALIZACION,SEÑALIZACION DESOBEDECER LUZ ROJA DE SEMAFORO,20 ORIENTE,8 SUR,20 ORIENTE - 8 SUR,0, , ,BIDIRECCIONAL,ASFALTO,BUENO,SECO,DESPEJADO,0,1,0,0,07,071,07101,Maule,Talca,Talca,Interseccion,"20 ORIENTE & 8 SUR, Talca",-35.437988,-71.640174
-8083999.82537065,-4686886.32362757,4965,2023,1528733,2023/05/02 00:00:00+00,Mayo,2,Martes,1899/12/30 00:00:00+00,19:10:00,19,REGION ARAUCANIA,TEMUCO,COLISION,COLISION,URBANA,TRAMO DE VIA RECTA,IMPRUDENCIA DEL CONDUCTOR,CONDUCCION NO ATENTO CONDICIONES TRANSITO MOMENTO,FLORENCIA,BERGAMO,BERGAMO - FLORENCIA,0, , ,UNIDIRECCIONAL,CONCRETO,BUENO,SECO,DESPEJADO,0,1,0,0,09,091,09101,La Araucanía,Cautín,Temuco,Interseccion,"BERGAMO & FLORENCIA, Temuco",-38.75674,-72.619806
-8084097.45261974,-4682900.47053279,4966,2023,1528722,2023/05/02 00:00:00+00,Mayo,2,Martes,1899/12/30 00:00:00+00,19:20:00,19,REGION ARAUCANIA,TEMUCO,COLISION LATERAL,COLISION,URBANA,CRUCE CON SEMAFORO FUNCIONANDO,IMPRUDENCIA DEL CONDUCTOR,CONDUCCION NO ATENTO CONDICIONES TRANSITO MOMENTO,ANDES,GABRIELA MISTRAL,ANDES - GABRIELA MISTRAL,0, , ,BIDIRECCIONAL,CONCRETO,BUENO,SECO,DESPEJADO,0,0,0,0,09,091,09101,La Araucanía,Cautín,Temuco,Interseccion,"ANDES & GABRIELA MISTRAL, Temuco",-38.728813,-72.620683
-7861663.29889625,-3952187.75385256,4967,2023,1551156,2023/08/09 00:00:00+00,Agosto,9,Miércoles,1899/12/30 00:00:00+00,22:50:00,22,REGION METROPOLITANA,PROVIDENCIA,CHOQUE POSTERIOR/POSTERIOR,CHOQUE,URBANA,CRUCE CON SEMAFORO FUNCIONANDO,IMPRUDENCIA DEL CONDUCTOR,CONDUCCION NO ATENTO CONDICIONES TRANSITO MOMENTO,ANDRES BELLO,MANUEL MONTT,ANDRES BELLO - MANUEL MONTT,0, , ,UNIDIRECCIONAL,ASFALTO,BUENO,SECO,DESPEJADO,0,0,0,0,13,131,13123,Metropolitana de Santiago,Santiago,Providencia,Interseccion,"ANDRES BELLO & MANUEL MONTT, Providencia",-33.427514,-70.622523
-7859012.89313995,-3964889.34642021,4968,2023,1528739,2023/05/02 00:00:00+00,Mayo,2,Martes,1899/12/30 00:00:00+00,19:30:00,19,REGION METROPOLITANA,LA FLORIDA,VOLCADURA,VOLCADURA,URBANA,TRAMO DE VIA RECTA,IMPRUDENCIA DEL CONDUCTOR,CONDUCCION NO ATENTO CONDICIONES TRANSITO MOMENTO,COLOMBIA,CALBUCO,CALBUCO - COLOMBIA,0, , ,BIDIRECCIONAL,CONCRETO,BUENO,SECO,DESPEJADO,0,0,0,1,13,131,13110,Metropolitana de Santiago,Santiago,La Florida,Interseccion,"CALBUCO & COLOMBIA, La Florida",-33.522688,-70.598714
-7878006.49191494,-4053224.03734496,4969,2023,1528565,2023/05/02 00:00:00+00,Mayo,2,Martes,1899/12/30 00:00:00+00,21:10:00,21,REGION LIB.B.O'HIGGINS,RANCAGUA,COLISION PERPENDICULAR,COLISION,URBANA,CRUCE CON SEÑAL PARE,DESOBEDIENCIA A SEÑALIZACION,SEÑALIZACION DESOBEDECER SEÑAL PARE,FLORENCIA,PROVINCIAL,FLORENCIA - PROVINCIAL,0, , ,BIDIRECCIONAL,CONCRETO,BUENO,SECO,DESPEJADO,0,1,0,1,06,061,06101,Libertador General Bernardo O'Higgins,Cachapoal,Rancagua,Interseccion,"FLORENCIA & PROVINCIAL, Rancagua",-34.181685,-70.769336
-7870633.79081869,-3863023.13392201,4970,2023,1551998,2023/08/10 00:00:00+00,Agosto,10,Jueves,1899/12/30 00:00:00+00,07:30:00,7,REGION VALPARAISO,SAN FELIPE,COLISION,COLISION,URBANA,TRAMO DE VIA RECTA,IMPRUDENCIA DEL CONDUCTOR,ADELANTAMIENTO SIN EL ESPACIO O TIEMPO SUFICIENTE,TOCORNAL,CHARCAN TAPIA,CHARCAN TAPIA - TOCORNAL,0, , ,BIDIRECCIONAL,CONCRETO,BUENO,SECO,DESPEJADO,0,0,0,1,05,057,05701,Valparaíso,San Felipe de Aconcagua,San Felipe,Interseccion,"CHARCAN TAPIA & TOCORNAL, San Felipe",-32.756465,-70.703106
-7856786.28068511,-3974455.78603883,4971,2023,1530604,2023/05/02 00:00:00+00,Mayo,2,Martes,1899/12/30 00:00:00+00,22:00:00,22,REGION METROPOLITANA,PUENTE ALTO,CHOQUE FRENTE/POSTERIOR,CHOQUE,URBANA,TRAMO DE VIA RECTA,IMPRUDENCIA DEL CONDUCTOR,CONDUCCION NO ATENTO CONDICIONES TRANSITO MOMENTO,CONCHA Y TORO,LAS NIEVES ORIENTE,CONCHA Y TORO - LAS NIEVES ORIENTE,0, , ,BIDIRECCIONAL,CONCRETO,BUENO,SECO,DESPEJADO,0,0,0,0,13,132,13201,Metropolitana de Santiago,Cordillera,Puente Alto,Interseccion,"CONCHA Y TORO & LAS NIEVES ORIENTE, Puente Alto",-33.594301,-70.578712
-7854693.80821667,-3975737.73843152,4972,2023,1542173,2023/07/03 00:00:00+00,Julio,3,Lunes,1899/12/30 00:00:00+00,13:58:00,13,REGION METROPOLITANA,PUENTE ALTO,COLISION PERPENDICULAR,COLISION,URBANA,CRUCE CON SEÑAL CEDA EL PASO,IMPRUDENCIA DEL CONDUCTOR,CONDUCCION NO ATENTO CONDICIONES TRANSITO MOMENTO,EDUARDO CORDERO,CALLE 1,CALLE 1 - EDUARDO CORDERO,0, , ,BIDIRECCIONAL,ASFALTO,BUENO,SECO,NUBLADO,0,0,0,0,13,132,13201,Metropolitana de Santiago,Cordillera,Puente Alto,Interseccion,"CALLE 1 & EDUARDO CORDERO, Puente Alto",-33.603893,-70.559915
-7925573.68871698,-3580925.99152827,4973,2023,1551570,2023/08/10 00:00:00+00,Agosto,10,Jueves,1899/12/30 00:00:00+00,16:45:00,16,REGION COQUIMBO,OVALLE,COLISION,COLISION,URBANA,CRUCE CON SEÑAL PARE,DESOBEDIENCIA A SEÑALIZACION,SEÑALIZACION DESOBEDECER SEÑAL PARE,MAESTRANZA,TOCOPILLA,MAESTRANZA - TOCOPILLA,0, , ,UNIDIRECCIONAL,ASFALTO,REGULAR,SECO,DESPEJADO,0,1,0,0,04,043,04301,Coquimbo,Limarí,Ovalle,Interseccion,"MAESTRANZA & TOCOPILLA, Ovalle",-30.600126,-71.19664
-7863369.38141215,-3954258.04777967,4974,2023,1552440,2023/08/10 00:00:00+00,Agosto,10,Jueves,1899/12/30 00:00:00+00,21:55:00,21,REGION METROPOLITANA,SANTIAGO,COLISION POR ALCANCE,COLISION,URBANA,CRUCE CON SEMAFORO FUNCIONANDO,IMPRUDENCIA DEL CONDUCTOR,CONDUCCION NO ATENTO CONDICIONES TRANSITO MOMENTO,DIAG PARAGUAY,PORTUGAL,DIAG PARAGUAY - PORTUGAL,0, , ,UNIDIRECCIONAL,ASFALTO,BUENO,SECO,NUBLADO,0,0,0,1,13,131,13101,Metropolitana de Santiago,Santiago,Santiago,Interseccion,"DIAG PARAGUAY & PORTUGAL, Santiago",-33.443034,-70.637849
-8142816.25765677,-4416054.9142114,4975,2023,1549457,2023/07/03 00:00:00+00,Julio,3,Lunes,1899/12/30 00:00:00+00,14:30:00,14,REGION BIO BIO,SAN PEDRO DE LA PAZ,COLISION,COLISION,URBANA,CRUCE CON SEÑAL CEDA EL PASO,IMPRUDENCIA DEL CONDUCTOR,NO RESPETAR DERECHO PREFERENTE DE PASO A VEHICULO,CALLE UNO,MAITENCILLO,CALLE UNO - MAITENCILLO,0, , ,BIDIRECCIONAL,ASFALTO,BUENO,SECO,DESPEJADO,0,0,1,0,08,081,08108,Biobío,Concepción,San Pedro de la Paz,Interseccion,"CALLE UNO & MAITENCILLO, San Pedro de la Paz",-36.83444,-73.148163
-7860305.08978908,-3951134.20709768,4976,2023,1534566,2023/05/02 00:00:00+00,Mayo,2,Martes,1899/12/30 00:00:00+00,23:00:00,23,REGION METROPOLITANA,PROVIDENCIA,COLISION FRONTAL,COLISION,URBANA,CRUCE SIN SEÑALIZACION,IMPRUDENCIA DEL CONDUCTOR,CONDUCCION NO ATENTO CONDICIONES TRANSITO MOMENTO,ANDRES BELLO,STA MAGDALENA,ANDRES BELLO - STA MAGDALENA,0, , ,UNIDIRECCIONAL,ASFALTO,REGULAR,SECO,DESPEJADO,0,0,0,0,13,131,13123,Metropolitana de Santiago,Santiago,Providencia,Interseccion,"ANDRES BELLO & STA MAGDALENA, Providencia",-33.419615,-70.610322
-7876448.53102443,-3959071.17838673,4977,2023,1543646,2023/07/03 00:00:00+00,Julio,3,Lunes,1899/12/30 00:00:00+00,16:15:00,16,REGION METROPOLITANA,MAIPU,COLISION,COLISION,URBANA,TRAMO DE VIA RECTA,ALCOHOL EN CONDUCTOR,CONDUCCION BAJO LA INFLUENCIA DEL ALCOHOL,STA ELENA,AMERICO VESPUCIO,AMERICO VESPUCIO - STA ELENA,0, , ,BIDIRECCIONAL,ASFALTO,BUENO,SECO,DESPEJADO,0,0,0,0,13,131,13119,Metropolitana de Santiago,Santiago,Maipú,Interseccion,"AMERICO VESPUCIO & STA ELENA, Maipú",-33.479105,-70.755341
-7862278.89568034,-3948328.68433867,4978,2023,1529619,2023/05/03 00:00:00+00,Mayo,3,Miércoles,1899/12/30 00:00:00+00,07:25:00,7,REGION METROPOLITANA,RECOLETA,COLISION LATERAL,COLISION,URBANA,CRUCE CON SEÑAL PARE,IMPRUDENCIA DEL CONDUCTOR,ADELANTAMIENTO SIN EL ESPACIO O TIEMPO SUFICIENTE,EL SALTO,DUQUE DE KENT,DUQUE DE KENT - EL SALTO,0, , ,BIDIRECCIONAL,ASFALTO,BUENO,SECO,DESPEJADO,0,1,0,0,13,131,13127,Metropolitana de Santiago,Santiago,Recoleta,Interseccion,"DUQUE DE KENT & EL SALTO, Recoleta",-33.398577,-70.628053
-7979592.91880006,-4223632.11019265,4979,2023,1542414,2023/07/03 00:00:00+00,Julio,3,Lunes,1899/12/30 00:00:00+00,18:00:00,18,REGION MAULE,TALCA,ATROPELLO,ATROPELLO,URBANA,TRAMO DE VIA RECTA,IMPRUDENCIA DEL PEATON,IMPRUDENCIA DEL PEATON,IGNACIO CARRERA PINTO,21 SUR,21 SUR - IGNACIO CARRERA PINTO,0, , ,BIDIRECCIONAL,CONCRETO,BUENO,HUMEDO,NUBLADO,0,0,0,2,07,071,07101,Maule,Talca,Talca,Interseccion,"21 SUR & IGNACIO CARRERA PINTO, Talca",-35.438498,-71.681903
-8081578.84912941,-4688074.51712025,4980,2023,1528271,2023/05/03 00:00:00+00,Mayo,3,Miércoles,1899/12/30 00:00:00+00,08:50:00,8,REGION ARAUCANIA,PADRE LAS CASAS,VOLCADURA,VOLCADURA,URBANA,TRAMO DE VIA RECTA,VELOCIDAD IMPRUDENTE,VELOCIDAD NO RAZONABLE NI PRUDENTE,MANQUEHUE,TOMAS GUEVARA,MANQUEHUE - TOMAS GUEVARA,0, , ,BIDIRECCIONAL,ASFALTO,BUENO,HUMEDO,DESPEJADO,0,0,0,1,09,091,09112,La Araucanía,Cautín,Padre Las Casas,Interseccion,"MANQUEHUE & TOMAS GUEVARA, Padre Las Casas",-38.765063,-72.598058
-7995040.52415123,-4321217.54048186,4981,2023,1533156,2023/05/03 00:00:00+00,Mayo,3,Miércoles,1899/12/30 00:00:00+00,10:20:00,10,REGION MAULE,PARRAL,COLISION PERPENDICULAR,COLISION,URBANA,CRUCE CON SEÑAL PARE,DESOBEDIENCIA A SEÑALIZACION,SEÑALIZACION DESOBEDECER SEÑAL PARE,O'HIGGINS,2 SUR,2 SUR - O'HIGGINS,0, , ,BIDIRECCIONAL,ASFALTO,BUENO,SECO,DESPEJADO,0,0,0,1,07,074,07404,Maule,Linares,Parral,Interseccion,"2 SUR & O'HIGGINS, Parral",-36.149541,-71.820671
-7861735.2112873,-3962872.82050526,4982,2023,1551115,2023/08/10 00:00:00+00,Agosto,10,Jueves,1899/12/30 00:00:00+00,22:55:00,22,REGION METROPOLITANA,SAN JOAQUIN,COLISION LATERAL,COLISION,URBANA,TRAMO DE VIA RECTA,IMPRUDENCIA DEL CONDUCTOR,CONDUCCION NO ATENTO CONDICIONES TRANSITO MOMENTO,DEPARTAMENTAL,VECINAL,DEPARTAMENTAL - VECINAL,0, , ,BIDIRECCIONAL CON BANDEJON,CONCRETO,REGULAR,SECO,DESPEJADO,1,0,0,0,13,131,13129,Metropolitana de Santiago,Santiago,San Joaquín,Interseccion,"DEPARTAMENTAL & VECINAL, San Joaquín",-33.507585,-70.623169
-7870539.80382828,-3974169.93228814,4983,2023,1530502,2023/05/03 00:00:00+00,Mayo,3,Miércoles,1899/12/30 00:00:00+00,13:40:00,13,REGION METROPOLITANA,SANTIAGO,COLISION POR ALCANCE,COLISION,URBANA,CRUCE CON SEMAFORO FUNCIONANDO,IMPRUDENCIA DEL CONDUCTOR,CONDUCCION NO ATENTO CONDICIONES TRANSITO MOMENTO,LIBER BERNARDO O'HIGGINS,VICTORIA SUBERCASEAUX,LIBER BERNARDO O'HIGGINS - VICTORIA SUBERCASEAUX,0, , ,BIDIRECCIONAL CON BANDEJON,ASFALTO,BUENO,SECO,DESPEJADO,0,0,0,0,13,131,13101,Metropolitana de Santiago,Santiago,Santiago,Interseccion,"LIBER BERNARDO O'HIGGINS & VICTORIA SUBERCASEAUX, Santiago",-33.592162,-70.702262
-7871833.89285309,-3970042.07932875,4984,2023,1528013,2023/05/03 00:00:00+00,Mayo,3,Miércoles,1899/12/30 00:00:00+00,15:30:00,15,REGION METROPOLITANA,SAN BERNARDO,COLISION LATERAL,COLISION,URBANA,TRAMO DE VIA RECTA,IMPRUDENCIA DEL CONDUCTOR,CONDUCCION CAMBIAR SORPRESIVAMENTE PISTA CIRCULACION,EL NOCEDAL,EL CIRUELILLO,EL CIRUELILLO - EL NOCEDAL,0, , ,BIDIRECCIONAL,ASFALTO,BUENO,SECO,DESPEJADO,0,0,0,1,13,134,13401,Metropolitana de Santiago,Maipo,San Bernardo,Interseccion,"EL CIRUELILLO & EL NOCEDAL, San Bernardo",-33.561268,-70.713887
-7964548.67967945,-3887516.43609625,4985,2023,1553976,2023/08/10 00:00:00+00,Agosto,10,Jueves,1899/12/30 00:00:00+00,23:00:00,23,REGION VALPARAISO,CONCON,CHOQUE FRENTE/POSTERIOR,CHOQUE,URBANA,CRUCE CON SEMAFORO FUNCIONANDO,ALCOHOL EN CONDUCTOR,CONDUCCION EN ESTADO DE EBRIEDAD,BLANCA ESTELA,CONCON REÑACA,BLANCA ESTELA - CONCON REÑACA,0, , ,BIDIRECCIONAL,ASFALTO,BUENO,SECO,DESPEJADO,0,0,0,2,05,051,05103,Valparaíso,Valparaíso,Concón,Interseccion,"BLANCA ESTELA & CONCON REÑACA, Concón",-32.94131,-71.546758
-7857448.40901635,-3959683.6548348,4986,2023,1530017,2023/05/03 00:00:00+00,Mayo,3,Miércoles,1899/12/30 00:00:00+00,17:00:00,17,REGION METROPOLITANA,MACUL,COLISION POR ALCANCE,COLISION,URBANA,TRAMO DE VIA RECTA,IMPRUDENCIA DEL CONDUCTOR,CONDUCCION CAMBIAR SORPRESIVAMENTE PISTA CIRCULACION,RAMON CRUZ MONTT,LOS PLATANOS,LOS PLATANOS - RAMON CRUZ MONTT,0, , ,BIDIRECCIONAL,CONCRETO,BUENO,SECO,DESPEJADO,0,0,0,1,13,131,13118,Metropolitana de Santiago,Santiago,Macul,Interseccion,"LOS PLATANOS & RAMON CRUZ MONTT, Macul",-33.483694,-70.58466
-7856670.17445621,-3976406.03537938,4987,2023,1551231,2023/08/10 00:00:00+00,Agosto,10,Jueves,1899/12/30 00:00:00+00,23:15:00,23,REGION METROPOLITANA,PUENTE ALTO,COLISION PERPENDICULAR,COLISION,URBANA,CRUCE CON SEMAFORO FUNCIONANDO,IMPRUDENCIA DEL CONDUCTOR,NO RESPETAR DERECHO PREFERENTE DE PASO A PEATON,EYZAGUIRRE,DOMINGO TOCORNAL,DOMINGO TOCORNAL - EYZAGUIRRE,0, , ,BIDIRECCIONAL,ASFALTO,REGULAR,SECO,DESPEJADO,0,0,1,0,13,132,13201,Metropolitana de Santiago,Cordillera,Puente Alto,Interseccion,"DOMINGO TOCORNAL & EYZAGUIRRE, Puente Alto",-33.608893,-70.577669