X,Y,FID,Año,IdAccident,Fecha,Mes,Dia_mes,Dia_semana,Hora,Hora_texto,Hora_aprox,Región,Comuna,Tipo_Accid,Tipo__CONA,Zona,Ubicación,Causa__CON,Causa_Acci,Calle_Uno,Calle_Dos,Intersecci,Número,Ruta,Ubicaci_1,Calzada,Tipo_Calza,Estado_Cal,Condición,Estado_Atm,Fallecidos,Graves,Menos_Grav,Leves,CUT_REG,CUT_PROV,CUT_COM,REGION,PROVINCIA,COMUNA1,Tipo_direc,Direccion,Lat,Lon
-7857133.3748574,-3967157.04016096,4988,2023,1543336,2023/07/03 00:00:00+00,Julio,3,Lunes,1899/12/30 00:00:00+00,18:15:00,18,REGION METROPOLITANA,LA FLORIDA,COLISION POR ALCANCE,COLISION,URBANA,TRAMO DE VIA RECTA,IMPRUDENCIA DEL CONDUCTOR,CONDUCCION SIN MANTENER DISTANCIA RAZONABLE NI PRUDENTE,ENRIQUE OLIVARES,URUGUAY,ENRIQUE OLIVARES - URUGUAY,0, , ,BIDIRECCIONAL,ASFALTO,BUENO,SECO,DESPEJADO,0,1,0,0,13,131,13110,Metropolitana de Santiago,Santiago,La Florida,Interseccion,"ENRIQUE OLIVARES & URUGUAY, La Florida",-33.539669,-70.58183
-7857395.97753618,-3955856.24247658,4989,2023,1530358,2023/05/03 00:00:00+00,Mayo,3,Miércoles,1899/12/30 00:00:00+00,18:00:00,18,REGION METROPOLITANA,ÑUÑOA,COLISION,COLISION,URBANA,TRAMO DE VIA RECTA,IMPRUDENCIA DEL CONDUCTOR,CONDUCCION NO ATENTO CONDICIONES TRANSITO MOMENTO,IRARRAZAVAL,ORTUZAR,IRARRAZAVAL - ORTUZAR,0, , ,BIDIRECCIONAL CON BANDEJON,CONCRETO,BUENO,SECO,DESPEJADO,0,1,0,0,13,131,13120,Metropolitana de Santiago,Santiago,Ñuñoa,Interseccion,"IRARRAZAVAL & ORTUZAR, Ñuñoa",-33.455013,-70.584189
-7867612.43512323,-3922485.46946204,4990,2023,1542891,2023/07/03 00:00:00+00,Julio,3,Lunes,1899/12/30 00:00:00+00,18:20:00,18,REGION METROPOLITANA,COLINA,COLISION LATERAL,COLISION,URBANA,CRUCE CON SEMAFORO FUNCIONANDO,IMPRUDENCIA DEL CONDUCTOR,CONDUCCION SIN MANTENER DISTANCIA RAZONABLE NI PRUDENTE,CALETERA GRAL SAN MARTIN,SAN LUIS,CALETERA GRAL SAN MARTIN - SAN LUIS,0, , ,UNIDIRECCIONAL,ASFALTO,BUENO,SECO,DESPEJADO,0,0,0,1,13,133,13301,Metropolitana de Santiago,Chacabuco,Colina,Interseccion,"CALETERA GRAL SAN MARTIN & SAN LUIS, Colina",-33.204545,-70.675965
-7857395.97753618,-3955856.24247658,4991,2023,1530370,2023/05/03 00:00:00+00,Mayo,3,Miércoles,1899/12/30 00:00:00+00,18:00:00,18,REGION METROPOLITANA,ÑUÑOA,COLISION,COLISION,URBANA,TRAMO DE VIA RECTA,IMPRUDENCIA DEL CONDUCTOR,CONDUCCION CAMBIAR SORPRESIVAMENTE PISTA CIRCULACION,IRARRAZAVAL,ORTUZAR,IRARRAZAVAL - ORTUZAR,0, , ,BIDIRECCIONAL CON BANDEJON,CONCRETO,BUENO,SECO,DESPEJADO,0,1,0,0,13,131,13120,Metropolitana de Santiago,Santiago,Ñuñoa,Interseccion,"IRARRAZAVAL & ORTUZAR, Ñuñoa",-33.455013,-70.584189
-8056270.80818665,-4504869.34988856,4992,2023,1542725,2023/07/03 00:00:00+00,Julio,3,Lunes,1899/12/30 00:00:00+00,18:50:00,18,REGION BIO BIO,LOS ANGELES,CHOQUE LADO/POSTERIOR,CHOQUE,URBANA,TRAMO DE VIA RECTA,ALCOHOL EN CONDUCTOR,CONDUCCION EN ESTADO DE EBRIEDAD,PADRE HURTADO,ÑUBLE,ÑUBLE - PADRE HURTADO,0, , ,BIDIRECCIONAL,CONCRETO,BUENO,SECO,NUBLADO,0,0,0,0,08,083,08301,Biobío,Biobío,Los Angeles,Interseccion,"ÑUBLE & PADRE HURTADO, Los Angeles",-37.470332,-72.370712
-7961062.80996827,-3895147.60469333,4993,2023,1551697,2023/08/11 00:00:00+00,Agosto,11,Viernes,1899/12/30 00:00:00+00,07:05:00,7,REGION VALPARAISO,VIÑA DEL MAR,COLISION,COLISION,URBANA,TRAMO DE VIA RECTA,IMPRUDENCIA DEL CONDUCTOR,CONDUCCION NO ATENTO CONDICIONES TRANSITO MOMENTO,GOMEZ CARREÑO,ALMIRANTE GOMEZ CARREÑO,ALMIRANTE GOMEZ CARREÑO - GOMEZ CARREÑO,0, , ,BIDIRECCIONAL,CONCRETO,BUENO,SECO,DESPEJADO,0,0,0,1,05,051,05109,Valparaíso,Valparaíso,Viña del Mar,Interseccion,"ALMIRANTE GOMEZ CARREÑO & GOMEZ CARREÑO, Viña del Mar",-32.998822,-71.515444
-7966444.89578543,-3901667.46603026,4994,2023,1544551,2023/07/03 00:00:00+00,Julio,3,Lunes,1899/12/30 00:00:00+00,19:50:00,19,REGION VALPARAISO,VIÑA DEL MAR,COLISION LATERAL,COLISION,URBANA,TRAMO DE VIA RECTA,IMPRUDENCIA DEL CONDUCTOR,CONDUCCION NO ATENTO CONDICIONES TRANSITO MOMENTO,CONCEPCION,AGUA SANTA,AGUA SANTA - CONCEPCION,0, , ,UNIDIRECCIONAL,CONCRETO,BUENO,SECO,DESPEJADO,0,1,0,1,05,051,05109,Valparaíso,Valparaíso,Viña del Mar,Interseccion,"AGUA SANTA & CONCEPCION, Viña del Mar",-33.047929,-71.563792
-8022934.85077906,-4386680.24623518,4995,2023,1529096,2023/05/03 00:00:00+00,Mayo,3,Miércoles,1899/12/30 00:00:00+00,18:50:00,18,REGION ÑUBLE,CHILLAN,COLISION FRONTAL,COLISION,URBANA,CRUCE CON SEÑAL CEDA EL PASO,IMPRUDENCIA DEL CONDUCTOR,NO RESPETAR DERECHO PREFERENTE DE PASO A VEHICULO,ESMERALDA,VALLE ANDINO,ESMERALDA - VALLE ANDINO,0, , ,BIDIRECCIONAL,CONCRETO,BUENO,SECO,NUBLADO,0,1,0,0,16,161,16101,Ñuble,Diguillín,Chillán,Interseccion,"ESMERALDA & VALLE ANDINO, Chillán",-36.622949,-72.07125
-7869042.84605212,-3943821.2138389,4996,2023,1553014,2023/08/11 00:00:00+00,Agosto,11,Viernes,1899/12/30 00:00:00+00,07:45:00,7,REGION METROPOLITANA,HUECHURABA,COLISION,COLISION,URBANA,TRAMO DE VIA RECTA,IMPRUDENCIA DEL CONDUCTOR,CONDUCCION NO ATENTO CONDICIONES TRANSITO MOMENTO,GRAL SAN MARTIN,MALAQUITA,GRAL SAN MARTIN - MALAQUITA,0, , ,BIDIRECCIONAL,ASFALTO,BUENO,SECO,DESPEJADO,0,0,0,0,13,131,13107,Metropolitana de Santiago,Santiago,Huechuraba,Interseccion,"GRAL SAN MARTIN & MALAQUITA, Huechuraba",-33.364766,-70.688815
-7868490.79043338,-3953047.2543882,4997,2023,1549763,2023/07/03 00:00:00+00,Julio,3,Lunes,1899/12/30 00:00:00+00,21:00:00,21,REGION METROPOLITANA,QUINTA NORMAL,VOLCADURA,VOLCADURA,URBANA,TRAMO DE VIA RECTA,VELOCIDAD IMPRUDENTE,VELOCIDAD NO RAZONABLE NI PRUDENTE,ANDES,RIVAS VICUÑA,ANDES - RIVAS VICUÑA,0, , ,UNIDIRECCIONAL,ASFALTO,REGULAR,SECO,DESPEJADO,0,1,0,1,13,131,13126,Metropolitana de Santiago,Santiago,Quinta Normal,Interseccion,"ANDES & RIVAS VICUÑA, Quinta Normal",-33.433958,-70.683855
-7859281.58508394,-3874405.67611845,4998,2023,1551262,2023/08/11 00:00:00+00,Agosto,11,Viernes,1899/12/30 00:00:00+00,07:45:00,7,REGION VALPARAISO,LOS ANDES,COLISION PERPENDICULAR,COLISION,URBANA,CRUCE CON SEÑAL PARE,DESOBEDIENCIA A SEÑALIZACION,SEÑALIZACION DESOBEDECER SEÑAL PARE,PERU,EDUARDO FREI,EDUARDO FREI - PERU,0, , ,BIDIRECCIONAL,ASFALTO,BUENO,SECO,DESPEJADO,0,1,0,0,05,053,05301,Valparaíso,Los Andes,Los Andes,Interseccion,"EDUARDO FREI & PERU, Los Andes",-32.842414,-70.601128
-7854430.53762094,-3972291.27800664,4999,2023,1530859,2023/05/03 00:00:00+00,Mayo,3,Miércoles,1899/12/30 00:00:00+00,19:00:00,19,REGION METROPOLITANA,PUENTE ALTO,COLISION LATERAL,COLISION,URBANA,TRAMO DE VIA RECTA,IMPRUDENCIA DEL CONDUCTOR,CONDUCCION NO ATENTO CONDICIONES TRANSITO MOMENTO,PABLO NERUDA,MARCELA PAZ,MARCELA PAZ - PABLO NERUDA,0, , ,BIDIRECCIONAL,CONCRETO,BUENO,SECO,DESPEJADO,0,0,1,1,13,132,13201,Metropolitana de Santiago,Cordillera,Puente Alto,Interseccion,"MARCELA PAZ & PABLO NERUDA, Puente Alto",-33.578103,-70.55755
-7868183.50411099,-3975053.17522016,5000,2023,1544174,2023/07/04 00:00:00+00,Julio,4,Martes,1899/12/30 00:00:00+00,09:10:00,9,REGION METROPOLITANA,SAN BERNARDO,COLISION LATERAL,COLISION,URBANA,TRAMO DE VIA RECTA,IMPRUDENCIA DEL CONDUCTOR,CONDUCCION NO ATENTO CONDICIONES TRANSITO MOMENTO,PADRE HURTADO,CONDELL,CONDELL - PADRE HURTADO,0, , ,UNIDIRECCIONAL,CONCRETO,BUENO,SECO,DESPEJADO,0,0,0,1,13,134,13401,Metropolitana de Santiago,Maipo,San Bernardo,Interseccion,"CONDELL & PADRE HURTADO, San Bernardo",-33.598771,-70.681095
-7865118.21061251,-3969769.02559932,5001,2023,1528284,2023/05/03 00:00:00+00,Mayo,3,Miércoles,1899/12/30 00:00:00+00,22:20:00,22,REGION METROPOLITANA,LA PINTANA,COLISION,COLISION,URBANA,CRUCE SIN SEÑALIZACION,OTRAS CAUSAS,HECHO DELICTUAL,JUAN BAUTISTA,STA GENOVEVA,JUAN BAUTISTA - STA GENOVEVA,0, , ,BIDIRECCIONAL,ASFALTO,BUENO,SECO,DESPEJADO,0,0,0,0,13,131,13112,Metropolitana de Santiago,Santiago,La Pintana,Interseccion,"JUAN BAUTISTA & STA GENOVEVA, La Pintana",-33.559224,-70.653559
-7931562.14298811,-3496315.43970016,5002,2023,1543007,2023/07/04 00:00:00+00,Julio,4,Martes,1899/12/30 00:00:00+00,18:30:00,18,REGION COQUIMBO,LA SERENA,COLISION PERPENDICULAR,COLISION,URBANA,CRUCE CON SEÑAL PARE,VELOCIDAD IMPRUDENTE,"VELOCIDAD NO REDUCIR CRUCE DE CALLES, CUMBRE, CURVA, ETC.",LOS ARRAYANES,ALBERTO ARENAS CARVAJAL,ALBERTO ARENAS CARVAJAL - LOS ARRAYANES,0, , ,BIDIRECCIONAL,ASFALTO,BUENO,SECO,DESPEJADO,0,0,0,2,04,041,04101,Coquimbo,Elqui,La Serena,Interseccion,"ALBERTO ARENAS CARVAJAL & LOS ARRAYANES, La Serena",-29.943703,-71.250435
-7857180.12904353,-3955621.68267694,5003,2023,1553211,2023/08/11 00:00:00+00,Agosto,11,Viernes,1899/12/30 00:00:00+00,08:05:00,8,REGION METROPOLITANA,ÑUÑOA,COLISION,COLISION,URBANA,TRAMO DE VIA RECTA,IMPRUDENCIA DEL CONDUCTOR,CONDUCCION NO ATENTO CONDICIONES TRANSITO MOMENTO,LIC DE LAS PEÑAS,PDTE BATTLE Y ORDOÑEZ,LIC DE LAS PEÑAS - PDTE BATTLE Y ORDOÑEZ,0, , ,UNIDIRECCIONAL,CONCRETO,BUENO,SECO,DESPEJADO,0,0,0,0,13,131,13120,Metropolitana de Santiago,Santiago,Ñuñoa,Interseccion,"LIC DE LAS PEÑAS & PDTE BATTLE Y ORDOÑEZ, Ñuñoa",-33.453255,-70.58225
-7874115.83109486,-4051181.95561484,5004,2023,1528172,2023/05/04 00:00:00+00,Mayo,4,Jueves,1899/12/30 00:00:00+00,03:52:00,3,REGION LIB.B.O'HIGGINS,RANCAGUA,CHOQUE FRONTAL,CHOQUE,URBANA,TRAMO DE VIA RECTA,IMPRUDENCIA DEL CONDUCTOR,CONDUCCION NO ATENTO CONDICIONES TRANSITO MOMENTO,LIBERTADOR BERNARDO O'HIGGINS,ROTONDA,LIBERTADOR BERNARDO O'HIGGINS - ROTONDA,0, , ,BIDIRECCIONAL CON BANDEJON,CONCRETO,BUENO,SECO,DESPEJADO,0,1,0,0,06,061,06101,Libertador General Bernardo O'Higgins,Cachapoal,Rancagua,Interseccion,"LIBERTADOR BERNARDO O'HIGGINS & ROTONDA, Rancagua",-34.166508,-70.734386
-7860044.04558317,-3966578.35600143,5005,2023,1547106,2023/07/04 00:00:00+00,Julio,4,Martes,1899/12/30 00:00:00+00,19:00:00,19,REGION METROPOLITANA,LA FLORIDA,ATROPELLO,ATROPELLO,URBANA,CRUCE SIN SEÑALIZACION,VELOCIDAD IMPRUDENTE,VELOCIDAD NO RAZONABLE NI PRUDENTE,AMERICO VESPUCIO,EL ABANICO,AMERICO VESPUCIO - EL ABANICO,0, , ,BIDIRECCIONAL,ASFALTO,BUENO,SECO,DESPEJADO,0,1,0,1,13,131,13110,Metropolitana de Santiago,Santiago,La Florida,Interseccion,"AMERICO VESPUCIO & EL ABANICO, La Florida",-33.535336,-70.607977
-7975383.4278932,-3900192.80738137,5006,2023,1529573,2023/05/04 00:00:00+00,Mayo,4,Jueves,1899/12/30 00:00:00+00,07:10:00,7,REGION VALPARAISO,VALPARAISO,CHOQUE FRENTE/LADO,CHOQUE,URBANA,CRUCE SIN SEÑALIZACION,IMPRUDENCIA DEL CONDUCTOR,CONDUCCION SIN MANTENER DISTANCIA RAZONABLE NI PRUDENTE,LEVARTE,PORVENIR,LEVARTE - PORVENIR,0, , ,BIDIRECCIONAL,ASFALTO,BUENO,SECO,DESPEJADO,0,0,0,0,05,051,05101,Valparaíso,Valparaíso,Valparaíso,Interseccion,"LEVARTE & PORVENIR, Valparaíso",-33.036824,-71.644088
-7854731.21156557,-3948257.74827879,5007,2023,1548393,2023/07/04 00:00:00+00,Julio,4,Martes,1899/12/30 00:00:00+00,19:00:00,19,REGION METROPOLITANA,LAS CONDES,OTRO TIPO,OTRO TIPO,URBANA,TRAMO DE VIA RECTA,CAUSAS NO DETERMINADAS,CAUSAS NO DETERMINADAS,GERONIMO DE ALDERETE,CIRCULO POLAR,CIRCULO POLAR - GERONIMO DE ALDERETE,0, , ,BIDIRECCIONAL,ASFALTO,BUENO,SECO,DESPEJADO,0,0,0,1,13,131,13114,Metropolitana de Santiago,Santiago,Las Condes,Interseccion,"CIRCULO POLAR & GERONIMO DE ALDERETE, Las Condes",-33.398045,-70.560251
-7862334.33278675,-3961345.20566066,5008,2023,1530476,2023/05/04 00:00:00+00,Mayo,4,Jueves,1899/12/30 00:00:00+00,07:50:00,7,REGION METROPOLITANA,SAN JOAQUIN,COLISION LATERAL,COLISION,URBANA,TRAMO DE VIA RECTA,IMPRUDENCIA DEL CONDUCTOR,CONDUCCION NO ATENTO CONDICIONES TRANSITO MOMENTO,PDTE SALVADOR ALLENDE,LAS INDUSTRIAS,LAS INDUSTRIAS - PDTE SALVADOR ALLENDE,0, , ,BIDIRECCIONAL CON BANDEJON,ASFALTO,BUENO,SECO,DESPEJADO,0,0,1,0,13,131,13129,Metropolitana de Santiago,Santiago,San Joaquín,Interseccion,"LAS INDUSTRIAS & PDTE SALVADOR ALLENDE, San Joaquín",-33.496142,-70.628551
-7867301.92053561,-3961861.43224925,5009,2023,1549731,2023/07/04 00:00:00+00,Julio,4,Martes,1899/12/30 00:00:00+00,20:15:00,20,REGION METROPOLITANA,PEDRO AGUIRRE CERDA,COLISION FRONTAL,COLISION,URBANA,TRAMO DE VIA RECTA,IMPRUDENCIA DEL CONDUCTOR,CONDUCCION NO ATENTO CONDICIONES TRANSITO MOMENTO,CLUB HIPICO,VECINAL,CLUB HIPICO - VECINAL,0, , ,BIDIRECCIONAL,ASFALTO,BUENO,SECO,DESPEJADO,0,0,0,1,13,131,13121,Metropolitana de Santiago,Santiago,Pedro Aguirre Cerda,Interseccion,"CLUB HIPICO & VECINAL, Pedro Aguirre Cerda",-33.500009,-70.673176
-7877344.09632786,-3964314.78158933,5010,2023,1554076,2023/08/11 00:00:00+00,Agosto,11,Viernes,1899/12/30 00:00:00+00,08:25:00,8,REGION METROPOLITANA,MAIPU,VOLCADURA,VOLCADURA,URBANA,TRAMO DE VIA RECTA,IMPRUDENCIA DEL CONDUCTOR,ADELANTAMIENTO SIN EL ESPACIO O TIEMPO SUFICIENTE,EL CARMEN,CAÑETE,CAÑETE - EL CARMEN,0, , ,BIDIRECCIONAL,ASFALTO,BUENO,SECO,DESPEJADO,0,0,0,1,13,131,13119,Metropolitana de Santiago,Santiago,Maipú,Interseccion,"CAÑETE & EL CARMEN, Maipú",-33.518385,-70.763386
-7824233.67860102,-2094059.08547211,5011,2023,1528461,2023/05/04 00:00:00+00,Mayo,4,Jueves,1899/12/30 00:00:00+00,08:25:00,8,REGION ARICA Y PARINACOTA,ARICA,ATROPELLO,ATROPELLO,URBANA,CRUCE CON SEÑAL CEDA EL PASO,IMPRUDENCIA DEL CONDUCTOR,CONDUCCION SIN MANTENER DISTANCIA RAZONABLE NI PRUDENTE,BALMACEDA,LOS FAISANES,BALMACEDA - LOS FAISANES,0, , ,BIDIRECCIONAL CON BANDEJON,ASFALTO,BUENO,SECO,DESPEJADO,0,1,0,2,15,151,15101,Arica y Parinacota,Arica,Arica,Interseccion,"BALMACEDA & LOS FAISANES, Arica",-18.482131,-70.286287
-8156287.58579059,-4837647.19061191,5012,2023,1543236,2023/07/04 00:00:00+00,Julio,4,Martes,1899/12/30 00:00:00+00,21:00:00,21,REGION DE LOS RIOS,VALDIVIA,CHOQUE FRENTE/POSTERIOR,CHOQUE,URBANA,TRAMO DE VIA RECTA,IMPRUDENCIA DEL CONDUCTOR,CONDUCCION NO ATENTO CONDICIONES TRANSITO MOMENTO,BALMACEDA,VILLA CAMINO DE LUNA,BALMACEDA - VILLA CAMINO DE LUNA,0, , ,BIDIRECCIONAL,CONCRETO,BUENO,HUMEDO,LLOVIZNA,0,0,0,0,14,141,14101,Los Ríos,Valdivia,Valdivia,Interseccion,"BALMACEDA & VILLA CAMINO DE LUNA, Valdivia",-39.80501,-73.269178
-7864317.04423727,-3964974.40532771,5013,2023,1551812,2023/08/11 00:00:00+00,Agosto,11,Viernes,1899/12/30 00:00:00+00,09:34:00,9,REGION METROPOLITANA,SAN RAMON,COLISION FRONTAL,COLISION,URBANA,OTROS NO CONSIDERADOS,IMPRUDENCIA DEL CONDUCTOR,CONDUCCION NO ATENTO CONDICIONES TRANSITO MOMENTO,SAN FRANCISCO,STA ANA,SAN FRANCISCO - STA ANA,0, , ,BIDIRECCIONAL,ASFALTO,BUENO,SECO,DESPEJADO,0,0,0,0,13,131,13131,Metropolitana de Santiago,Santiago,San Ramón,Interseccion,"SAN FRANCISCO & STA ANA, San Ramón",-33.523325,-70.646362
-7855972.75784639,-3971618.00883904,5014,2023,1543235,2023/07/04 00:00:00+00,Julio,4,Martes,1899/12/30 00:00:00+00,23:15:00,23,REGION METROPOLITANA,PUENTE ALTO,COLISION LATERAL,COLISION,URBANA,TRAMO DE VIA RECTA,IMPRUDENCIA DEL CONDUCTOR,CONDUCCION NO ATENTO CONDICIONES TRANSITO MOMENTO,EL LABRADOR,NONATO COO,EL LABRADOR - NONATO COO,0, , ,BIDIRECCIONAL,CONCRETO,BUENO,SECO,DESPEJADO,0,0,0,0,13,132,13201,Metropolitana de Santiago,Cordillera,Puente Alto,Interseccion,"EL LABRADOR & NONATO COO, Puente Alto",-33.573064,-70.571404
-8149590.15995764,-4843302.09273168,5015,2023,1551940,2023/08/11 00:00:00+00,Agosto,11,Viernes,1899/12/30 00:00:00+00,09:36:00,9,REGION DE LOS RIOS,VALDIVIA,COLISION PERPENDICULAR,COLISION,URBANA,TRAMO DE VIA RECTA,IMPRUDENCIA DEL CONDUCTOR,CONDUCCION NO ATENTO CONDICIONES TRANSITO MOMENTO,REINA SOFIA,REINA SOFIA CUATRO,REINA SOFIA - REINA SOFIA CUATRO,0, , ,BIDIRECCIONAL,CONCRETO,BUENO,SECO,DESPEJADO,0,0,0,1,14,141,14101,Los Ríos,Valdivia,Valdivia,Interseccion,"REINA SOFIA & REINA SOFIA CUATRO, Valdivia",-39.844024,-73.209014
-7868081.20149896,-3922376.90723558,5016,2023,1552299,2023/08/11 00:00:00+00,Agosto,11,Viernes,1899/12/30 00:00:00+00,11:00:00,11,REGION METROPOLITANA,COLINA,CHOQUE FRENTE/POSTERIOR,CHOQUE,URBANA,CRUCE CON SEMAFORO FUNCIONANDO,IMPRUDENCIA DEL CONDUCTOR,CONDUCCION NO ATENTO CONDICIONES TRANSITO MOMENTO,INMACULADA CONCEPCION,ACONCAGUA,ACONCAGUA - INMACULADA CONCEPCION,0, , ,BIDIRECCIONAL,ASFALTO,BUENO,SECO,DESPEJADO,0,0,0,0,13,133,13301,Metropolitana de Santiago,Chacabuco,Colina,Interseccion,"ACONCAGUA & INMACULADA CONCEPCION, Colina",-33.203729,-70.680176
-7862912.63754142,-3965956.56662446,5017,2023,1553835,2023/08/11 00:00:00+00,Agosto,11,Viernes,1899/12/30 00:00:00+00,11:30:00,11,REGION METROPOLITANA,LA GRANJA,CHOQUE FRENTE/LADO,CHOQUE,URBANA,CRUCE SIN SEÑALIZACION,IMPRUDENCIA DEL CONDUCTOR,CONDUCCION NO ATENTO CONDICIONES TRANSITO MOMENTO,COMBARBALA,HUASCO,COMBARBALA - HUASCO,0, , ,BIDIRECCIONAL CON BANDEJON,ASFALTO,BUENO,SECO,DESPEJADO,0,1,0,0,13,131,13111,Metropolitana de Santiago,Santiago,La Granja,Interseccion,"COMBARBALA & HUASCO, La Granja",-33.53068,-70.633746
-7860496.78195223,-3951291.98626025,5018,2023,1551961,2023/08/11 00:00:00+00,Agosto,11,Viernes,1899/12/30 00:00:00+00,13:50:00,13,REGION METROPOLITANA,PROVIDENCIA,COLISION FRONTAL,COLISION,URBANA,TRAMO DE VIA RECTA,IMPRUDENCIA DEL CONDUCTOR,CONDUCCION NO ATENTO CONDICIONES TRANSITO MOMENTO,ANDRES BELLO,ANDRES DE FUENZALIDA,ANDRES BELLO - ANDRES DE FUENZALIDA,0, , ,UNIDIRECCIONAL,ASFALTO,REGULAR,SECO,DESPEJADO,0,0,0,0,13,131,13123,Metropolitana de Santiago,Santiago,Providencia,Interseccion,"ANDRES BELLO & ANDRES DE FUENZALIDA, Providencia",-33.420798,-70.612044
-7863167.12206823,-3944827.33619705,5019,2023,1553572,2023/08/11 00:00:00+00,Agosto,11,Viernes,1899/12/30 00:00:00+00,14:15:00,14,REGION METROPOLITANA,HUECHURABA,COLISION,COLISION,URBANA,TRAMO DE VIA RECTA,IMPRUDENCIA DEL CONDUCTOR,CONDUCCION NO ATENTO CONDICIONES TRANSITO MOMENTO,RECOLETA,PARGUA,PARGUA - RECOLETA,0, , ,BIDIRECCIONAL,ASFALTO,BUENO,SECO,DESPEJADO,0,0,0,0,13,131,13107,Metropolitana de Santiago,Santiago,Huechuraba,Interseccion,"PARGUA & RECOLETA, Huechuraba",-33.372314,-70.636032
-7872335.75456909,-3965447.66169158,5020,2023,1551469,2023/08/11 00:00:00+00,Agosto,11,Viernes,1899/12/30 00:00:00+00,17:20:00,17,REGION METROPOLITANA,CERRILLOS,ATROPELLO,ATROPELLO,URBANA,CRUCE CON SEÑAL PARE,OTRAS CAUSAS,HECHO DELICTUAL,LO ESPEJO,AEROPUERTO,AEROPUERTO - LO ESPEJO,0, , ,BIDIRECCIONAL,ASFALTO,BUENO,SECO,NUBLADO,0,0,0,1,13,131,13102,Metropolitana de Santiago,Santiago,Cerrillos,Interseccion,"AEROPUERTO & LO ESPEJO, Cerrillos",-33.526869,-70.718395
-8084161.17627112,-4682914.79526162,5021,2023,1551349,2023/08/11 00:00:00+00,Agosto,11,Viernes,1899/12/30 00:00:00+00,20:00:00,20,REGION ARAUCANIA,TEMUCO,COLISION LATERAL,COLISION,URBANA,TRAMO DE VIA RECTA,IMPRUDENCIA DEL CONDUCTOR,ADELANTAMIENTO SOBREPASANDO LINEA CONTINUA,GABRIELA MISTRAL,CARLOS PEZOA VELIZ,CARLOS PEZOA VELIZ - GABRIELA MISTRAL,0, , ,BIDIRECCIONAL CON BANDEJON,CONCRETO,BUENO,SECO,DESPEJADO,0,0,0,1,09,091,09101,La Araucanía,Cautín,Temuco,Interseccion,"CARLOS PEZOA VELIZ & GABRIELA MISTRAL, Temuco",-38.728913,-72.621255
-7857267.06956584,-3971508.58460044,5022,2023,1543244,2023/07/05 00:00:00+00,Julio,5,Miércoles,1899/12/30 00:00:00+00,07:50:00,7,REGION METROPOLITANA,PUENTE ALTO,COLISION LATERAL,COLISION,URBANA,TRAMO DE VIA RECTA,IMPRUDENCIA DEL CONDUCTOR,CONDUCCION NO ATENTO CONDICIONES TRANSITO MOMENTO,CONCHA Y TORO,PARQUE EL ARRAYAN,CONCHA Y TORO - PARQUE EL ARRAYAN,0, , ,BIDIRECCIONAL,CONCRETO,BUENO,SECO,DESPEJADO,0,0,0,0,13,132,13201,Metropolitana de Santiago,Cordillera,Puente Alto,Interseccion,"CONCHA Y TORO & PARQUE EL ARRAYAN, Puente Alto",-33.572245,-70.583031
-7856609.39401424,-3975600.47503606,5023,2023,1528276,2023/05/04 00:00:00+00,Mayo,4,Jueves,1899/12/30 00:00:00+00,09:15:00,9,REGION METROPOLITANA,PUENTE ALTO,COLISION PERPENDICULAR,COLISION,URBANA,CRUCE CON SEMAFORO FUNCIONANDO,IMPRUDENCIA DEL CONDUCTOR,CONDUCCION NO ATENTO CONDICIONES TRANSITO MOMENTO,CONCHA Y TORO,DOMINGO TOCORNAL,CONCHA Y TORO - DOMINGO TOCORNAL,0, , ,BIDIRECCIONAL CON BANDEJON,ASFALTO,BUENO,SECO,DESPEJADO,0,1,0,0,13,132,13201,Metropolitana de Santiago,Cordillera,Puente Alto,Interseccion,"CONCHA Y TORO & DOMINGO TOCORNAL, Puente Alto",-33.602866,-70.577123
-7857267.06956584,-3971508.58460044,5024,2023,1543519,2023/07/05 00:00:00+00,Julio,5,Miércoles,1899/12/30 00:00:00+00,07:50:00,7,REGION METROPOLITANA,PUENTE ALTO,COLISION LATERAL,COLISION,URBANA,TRAMO DE VIA RECTA,IMPRUDENCIA DEL CONDUCTOR,CONDUCCION CAMBIAR SORPRESIVAMENTE PISTA CIRCULACION,CONCHA Y TORO,PARQUE EL ARRAYAN,CONCHA Y TORO - PARQUE EL ARRAYAN,0, , ,BIDIRECCIONAL,CONCRETO,BUENO,SECO,DESPEJADO,0,0,0,0,13,132,13201,Metropolitana de Santiago,Cordillera,Puente Alto,Interseccion,"CONCHA Y TORO & PARQUE EL ARRAYAN, Puente Alto",-33.572245,-70.583031
-7964457.87628175,-3892525.36281149,5025,2023,1530403,2023/05/04 00:00:00+00,Mayo,4,Jueves,1899/12/30 00:00:00+00,09:15:00,9,REGION VALPARAISO,VIÑA DEL MAR,VOLCADURA,VOLCADURA,URBANA,TRAMO DE VIA RECTA,IMPRUDENCIA DEL CONDUCTOR,CONDUCCION NO ATENTO CONDICIONES TRANSITO MOMENTO,BORGOÑO,JARDIN DEL MAR,BORGOÑO - JARDIN DEL MAR,0, , ,BIDIRECCIONAL,MIXTO,BUENO,SECO,DESPEJADO,0,0,0,1,05,051,05109,Valparaíso,Valparaíso,Viña del Mar,Interseccion,"BORGOÑO & JARDIN DEL MAR, Viña del Mar",-32.979064,-71.545942