X,Y,FID,Año,IdAccident,Fecha,Mes,Dia_mes,Dia_semana,Hora,Hora_texto,Hora_aprox,Región,Comuna,Tipo_Accid,Tipo__CONA,Zona,Ubicación,Causa__CON,Causa_Acci,Calle_Uno,Calle_Dos,Intersecci,Número,Ruta,Ubicaci_1,Calzada,Tipo_Calza,Estado_Cal,Condición,Estado_Atm,Fallecidos,Graves,Menos_Grav,Leves,CUT_REG,CUT_PROV,CUT_COM,REGION,PROVINCIA,COMUNA1,Tipo_direc,Direccion,Lat,Lon
-7874727.75433575,-4047167.59193964,5026,2023,1542762,2023/07/05 00:00:00+00,Julio,5,Miércoles,1899/12/30 00:00:00+00,08:15:00,8,REGION LIB.B.O'HIGGINS,RANCAGUA,COLISION FRONTAL,COLISION,URBANA,CRUCE CON SEMAFORO FUNCIONANDO,IMPRUDENCIA DEL CONDUCTOR,NO RESPETAR DERECHO PREFERENTE DE PASO A VEHICULO,SAMUEL ROMAN ROJAS,NELSON PEREIRA,NELSON PEREIRA - SAMUEL ROMAN ROJAS,0, , ,BIDIRECCIONAL CON BANDEJON,CONCRETO,BUENO,SECO,DESPEJADO,0,1,0,0,06,061,06101,Libertador General Bernardo O'Higgins,Cachapoal,Rancagua,Interseccion,"NELSON PEREIRA & SAMUEL ROMAN ROJAS, Rancagua",-34.136665,-70.739883
-7871073.80336995,-3953489.64806,5027,2023,1531239,2023/05/04 00:00:00+00,Mayo,4,Jueves,1899/12/30 00:00:00+00,09:50:00,9,REGION METROPOLITANA,QUINTA NORMAL,COLISION POR ALCANCE,COLISION,URBANA,CRUCE CON SEÑAL PARE,IMPRUDENCIA DEL CONDUCTOR,CONDUCCION NO ATENTO CONDICIONES TRANSITO MOMENTO,LEONOR DE LA CORTE,SERGIO VALDOVINOS,LEONOR DE LA CORTE - SERGIO VALDOVINOS,0, , ,BIDIRECCIONAL,ASFALTO,BUENO,SECO,DESPEJADO,0,0,0,1,13,131,13126,Metropolitana de Santiago,Santiago,Quinta Normal,Interseccion,"LEONOR DE LA CORTE & SERGIO VALDOVINOS, Quinta Normal",-33.437274,-70.707059
-7856817.11618406,-3962689.11690749,5028,2023,1543232,2023/07/05 00:00:00+00,Julio,5,Miércoles,1899/12/30 00:00:00+00,10:45:00,10,REGION METROPOLITANA,PEÑALOLEN,COLISION FRONTAL,COLISION,URBANA,CRUCE CON SEÑAL CEDA EL PASO,IMPRUDENCIA DEL CONDUCTOR,CONDUCCION NO ATENTO CONDICIONES TRANSITO MOMENTO,SAN LUIS DE MACUL,NEVADO 3 CRUCES,NEVADO 3 CRUCES - SAN LUIS DE MACUL,0, , ,BIDIRECCIONAL,CONCRETO,BUENO,SECO,NUBLADO,0,0,0,1,13,131,13122,Metropolitana de Santiago,Santiago,Peñalolén,Interseccion,"NEVADO 3 CRUCES & SAN LUIS DE MACUL, Peñalolén",-33.506209,-70.578989
-7865477.36120886,-3974909.99824565,5029,2023,1555579,2023/08/11 00:00:00+00,Agosto,11,Viernes,1899/12/30 00:00:00+00,21:20:00,21,REGION METROPOLITANA,LA PINTANA,COLISION LATERAL,COLISION,URBANA,TRAMO DE VIA RECTA,IMPRUDENCIA DEL CONDUCTOR,CONDUCCION CAMBIAR SORPRESIVAMENTE PISTA CIRCULACION,PAICAVI,MICHIMALONGO,MICHIMALONGO - PAICAVI,0, , ,BIDIRECCIONAL,ASFALTO,BUENO,SECO,DESPEJADO,0,1,0,0,13,131,13112,Metropolitana de Santiago,Santiago,La Pintana,Interseccion,"MICHIMALONGO & PAICAVI, La Pintana",-33.5977,-70.656785
-7864397.52822912,-3962560.81983346,5030,2023,1529090,2023/05/04 00:00:00+00,Mayo,4,Jueves,1899/12/30 00:00:00+00,11:40:00,11,REGION METROPOLITANA,SAN MIGUEL,COLISION POR ALCANCE,COLISION,URBANA,TRAMO DE VIA RECTA,IMPRUDENCIA DEL CONDUCTOR,CONDUCCION NO ATENTO CONDICIONES TRANSITO MOMENTO,DEPARTAMENTAL,FRANKFORT,DEPARTAMENTAL - FRANKFORT,0, , ,BIDIRECCIONAL,ASFALTO,BUENO,SECO,DESPEJADO,0,0,0,0,13,131,13130,Metropolitana de Santiago,Santiago,San Miguel,Interseccion,"DEPARTAMENTAL & FRANKFORT, San Miguel",-33.505248,-70.647085
-7835587.88819792,-2706468.83679621,5031,2023,1545578,2023/07/05 00:00:00+00,Julio,5,Miércoles,1899/12/30 00:00:00+00,10:50:00,10,REGION ANTOFAGASTA,ANTOFAGASTA,COLISION PERPENDICULAR,COLISION,URBANA,CRUCE CON SEÑAL PARE,DESOBEDIENCIA A SEÑALIZACION,SEÑALIZACION DESOBEDECER SEÑAL PARE,COBIJA,PEDRO AGUIRRE CERDA,COBIJA - PEDRO AGUIRRE CERDA,0, , ,BIDIRECCIONAL CON BANDEJON,ASFALTO,BUENO,SECO,DESPEJADO,0,0,0,1,02,021,02101,Antofagasta,Antofagasta,Antofagasta,Interseccion,"COBIJA & PEDRO AGUIRRE CERDA, Antofagasta",-23.614218,-70.388284
-7862506.44385147,-3961322.57930839,5032,2023,1530744,2023/05/04 00:00:00+00,Mayo,4,Jueves,1899/12/30 00:00:00+00,13:20:00,13,REGION METROPOLITANA,SAN JOAQUIN,COLISION PERPENDICULAR,COLISION,URBANA,CRUCE CON SEÑAL PARE,IMPRUDENCIA DEL CONDUCTOR,CONDUCCION NO ATENTO CONDICIONES TRANSITO MOMENTO,CAP PRAT,CANADA,CANADA - CAP PRAT,0, , ,BIDIRECCIONAL,ASFALTO,BUENO,SECO,DESPEJADO,0,1,0,0,13,131,13129,Metropolitana de Santiago,Santiago,San Joaquín,Interseccion,"CANADA & CAP PRAT, San Joaquín",-33.495973,-70.630097
-7827399.44909415,-2093349.49429123,5033,2023,1549488,2023/07/05 00:00:00+00,Julio,5,Miércoles,1899/12/30 00:00:00+00,13:20:00,13,REGION ARICA Y PARINACOTA,ARICA,COLISION LATERAL,COLISION,URBANA,CRUCE CON SEÑAL CEDA EL PASO,DESOBEDIENCIA A SEÑALIZACION,SEÑALIZACION DESOBEDECER SEÑAL CEDA EL PASO,MANUEL BAQUEDANO,DOCTOR JUAN NOE,DOCTOR JUAN NOE - MANUEL BAQUEDANO,0, , ,UNIDIRECCIONAL,ASFALTO,BUENO,SECO,DESPEJADO,0,0,0,1,15,151,15101,Arica y Parinacota,Arica,Arica,Interseccion,"DOCTOR JUAN NOE & MANUEL BAQUEDANO, Arica",-18.476085,-70.314726
-7868914.31656805,-3973654.63818668,5034,2023,1531672,2023/05/04 00:00:00+00,Mayo,4,Jueves,1899/12/30 00:00:00+00,13:30:00,13,REGION METROPOLITANA,SAN BERNARDO,COLISION LATERAL,COLISION,URBANA,CRUCE CON SEÑAL CEDA EL PASO,DESOBEDIENCIA A SEÑALIZACION,SEÑALIZACION DESOBEDECER SEÑAL CEDA EL PASO,PEDRO SANCHO DE LA HOZ,RODRIGO DE QUIROGA,PEDRO SANCHO DE LA HOZ - RODRIGO DE QUIROGA,0, , ,BIDIRECCIONAL,ASFALTO,REGULAR,SECO,DESPEJADO,0,0,0,0,13,134,13401,Metropolitana de Santiago,Maipo,San Bernardo,Interseccion,"PEDRO SANCHO DE LA HOZ & RODRIGO DE QUIROGA, San Bernardo",-33.588306,-70.68766
-7867337.69861995,-3947637.34293961,5035,2023,1530980,2023/05/04 00:00:00+00,Mayo,4,Jueves,1899/12/30 00:00:00+00,14:53:00,14,REGION METROPOLITANA,CONCHALI,COLISION FRONTAL,COLISION,URBANA,TRAMO DE VIA RECTA,IMPRUDENCIA DEL CONDUCTOR,ADELANTAMIENTO SIN EL ESPACIO O TIEMPO SUFICIENTE,TTE PONCE,INDEPENDENCIA,INDEPENDENCIA - TTE PONCE,0, , ,UNIDIRECCIONAL,CONCRETO,BUENO,SECO,DESPEJADO,0,0,0,1,13,131,13104,Metropolitana de Santiago,Santiago,Conchalí,Interseccion,"INDEPENDENCIA & TTE PONCE, Conchalí",-33.393392,-70.673497
-7863345.89299959,-3960785.63359313,5036,2023,1543104,2023/07/05 00:00:00+00,Julio,5,Miércoles,1899/12/30 00:00:00+00,14:00:00,14,REGION METROPOLITANA,SAN JOAQUIN,COLISION PERPENDICULAR,COLISION,URBANA,CRUCE CON SEÑAL PARE,IMPRUDENCIA DEL CONDUCTOR,CONDUCCION CONTRA SENTIDO DEL TRANSITO,ALVAREZ DE TOLEDO,CABILDO,ALVAREZ DE TOLEDO - CABILDO,0, , ,UNIDIRECCIONAL,ASFALTO,BUENO,SECO,DESPEJADO,0,0,0,1,13,131,13129,Metropolitana de Santiago,Santiago,San Joaquín,Interseccion,"ALVAREZ DE TOLEDO & CABILDO, San Joaquín",-33.49195,-70.637638
-7957028.25763005,-4237039.10584093,5037,2023,1552187,2023/08/11 00:00:00+00,Agosto,11,Viernes,1899/12/30 00:00:00+00,23:30:00,23,REGION MAULE,SAN CLEMENTE,COLISION FRONTAL,COLISION,URBANA,TRAMO DE VIA RECTA,IMPRUDENCIA DEL CONDUCTOR,CONDUCCION NO ATENTO CONDICIONES TRANSITO MOMENTO,CALLE DOS,PASAJE DOS,CALLE DOS - PASAJE DOS,0, , ,BIDIRECCIONAL,ASFALTO,BUENO,SECO,DESPEJADO,0,1,0,0,07,071,07109,Maule,Talca,San Clemente,Interseccion,"CALLE DOS & PASAJE DOS, San Clemente",-35.536563,-71.479201
-8142458.81074957,-4416274.67061826,5038,2023,1529101,2023/05/04 00:00:00+00,Mayo,4,Jueves,1899/12/30 00:00:00+00,17:50:00,17,REGION BIO BIO,SAN PEDRO DE LA PAZ,COLISION PERPENDICULAR,COLISION,URBANA,OTROS NO CONSIDERADOS,IMPRUDENCIA DEL CONDUCTOR,NO RESPETAR DERECHO PREFERENTE DE PASO A VEHICULO,O'CARROL,DANIEL BELMAR,DANIEL BELMAR - O'CARROL,0, , ,UNIDIRECCIONAL,CONCRETO,BUENO,SECO,DESPEJADO,0,0,0,1,08,081,08108,Biobío,Concepción,San Pedro de la Paz,Interseccion,"DANIEL BELMAR & O'CARROL, San Pedro de la Paz",-36.83602,-73.144952
-7867071.26648389,-3973813.15291838,5039,2023,1543055,2023/07/05 00:00:00+00,Julio,5,Miércoles,1899/12/30 00:00:00+00,14:10:00,14,REGION METROPOLITANA,SAN BERNARDO,COLISION LATERAL,COLISION,URBANA,CRUCE CON SEÑAL CEDA EL PASO,DESOBEDIENCIA A SEÑALIZACION,SEÑALIZACION DESOBEDECER SEÑAL CEDA EL PASO,STA MERCEDES,STA TERESA,STA MERCEDES - STA TERESA,0, , ,BIDIRECCIONAL,ASFALTO,BUENO,SECO,DESPEJADO,0,0,0,0,13,134,13401,Metropolitana de Santiago,Maipo,San Bernardo,Interseccion,"STA MERCEDES & STA TERESA, San Bernardo",-33.589492,-70.671104
-7873489.414034,-3861751.17536755,5040,2023,1531423,2023/05/04 00:00:00+00,Mayo,4,Jueves,1899/12/30 00:00:00+00,19:00:00,19,REGION VALPARAISO,SAN FELIPE,COLISION,COLISION,URBANA,TRAMO DE VIA RECTA,IMPRUDENCIA DEL CONDUCTOR,NO RESPETAR DERECHO PREFERENTE DE PASO A VEHICULO,MAIPU,CARLOS CONDELL,CARLOS CONDELL - MAIPU,0, , ,BIDIRECCIONAL CON BANDEJON,ASFALTO,BUENO,SECO,DESPEJADO,0,0,0,1,05,057,05701,Valparaíso,San Felipe de Aconcagua,San Felipe,Interseccion,"CARLOS CONDELL & MAIPU, San Felipe",-32.746855,-70.728759
-7978420.74681478,-4225235.45542715,5041,2023,1542763,2023/07/05 00:00:00+00,Julio,5,Miércoles,1899/12/30 00:00:00+00,18:00:00,18,REGION MAULE,TALCA,COLISION POR ALCANCE,COLISION,URBANA,CRUCE CON SEÑAL PARE,IMPRUDENCIA DEL CONDUCTOR,CONDUCCION NO ATENTO CONDICIONES TRANSITO MOMENTO,25 SUR,1 ORIENTE,1 ORIENTE - 25 SUR,0, , ,BIDIRECCIONAL,CONCRETO,BUENO,HUMEDO,NUBLADO,0,0,0,1,07,071,07101,Maule,Talca,Talca,Interseccion,"1 ORIENTE & 25 SUR, Talca",-35.450232,-71.671373
-7858260.59602117,-3976570.30870357,5042,2023,1528699,2023/05/04 00:00:00+00,Mayo,4,Jueves,1899/12/30 00:00:00+00,19:45:00,19,REGION METROPOLITANA,PUENTE ALTO,COLISION PERPENDICULAR,COLISION,URBANA,CRUCE CON SEMAFORO FUNCIONANDO,DESOBEDIENCIA A SEÑALIZACION,SEÑALIZACION DESOBEDECER LUZ ROJA DE SEMAFORO,DOMINGO TOCORNAL,EJERCITO LIBERTADOR,DOMINGO TOCORNAL - EJERCITO LIBERTADOR,0, , ,BIDIRECCIONAL,ASFALTO,BUENO,SECO,DESPEJADO,0,0,0,1,13,132,13201,Metropolitana de Santiago,Cordillera,Puente Alto,Interseccion,"DOMINGO TOCORNAL & EJERCITO LIBERTADOR, Puente Alto",-33.610122,-70.591956
-7859316.33518844,-3965255.35767928,5043,2023,1545796,2023/07/06 00:00:00+00,Julio,6,Jueves,1899/12/30 00:00:00+00,08:30:00,8,REGION METROPOLITANA,LA FLORIDA,CHOQUE FRENTE/POSTERIOR,CHOQUE,URBANA,CRUCE CON SEÑAL CEDA EL PASO,IMPRUDENCIA DEL CONDUCTOR,CONDUCCION SIN MANTENER DISTANCIA RAZONABLE NI PRUDENTE,EL BLANCO,AMERICO VESPUCIO,AMERICO VESPUCIO - EL BLANCO,0, , ,BIDIRECCIONAL CON BANDEJON,CONCRETO,BUENO,SECO,DESPEJADO,0,0,0,1,13,131,13110,Metropolitana de Santiago,Santiago,La Florida,Interseccion,"AMERICO VESPUCIO & EL BLANCO, La Florida",-33.525429,-70.60144
-7872030.7773469,-4050350.96169994,5044,2023,1528617,2023/05/04 00:00:00+00,Mayo,4,Jueves,1899/12/30 00:00:00+00,22:00:00,22,REGION LIB.B.O'HIGGINS,RANCAGUA,COLISION PERPENDICULAR,COLISION,URBANA,CRUCE CON SEÑAL CEDA EL PASO,DESOBEDIENCIA A SEÑALIZACION,SEÑALIZACION DESOBEDECER SEÑAL CEDA EL PASO,REPUBLICA DE CHILE,CONSTANZA,CONSTANZA - REPUBLICA DE CHILE,0, , ,BIDIRECCIONAL CON BANDEJON,CONCRETO,BUENO,SECO,DESPEJADO,0,1,0,0,06,061,06101,Libertador General Bernardo O'Higgins,Cachapoal,Rancagua,Interseccion,"CONSTANZA & REPUBLICA DE CHILE, Rancagua",-34.160331,-70.715656
-7859316.33518844,-3965255.35767928,5045,2023,1547237,2023/07/06 00:00:00+00,Julio,6,Jueves,1899/12/30 00:00:00+00,08:30:00,8,REGION METROPOLITANA,LA FLORIDA,CHOQUE FRENTE/POSTERIOR,CHOQUE,URBANA,CRUCE CON SEÑAL CEDA EL PASO,IMPRUDENCIA DEL CONDUCTOR,CONDUCCION NO ATENTO CONDICIONES TRANSITO MOMENTO,AMERICO VESPUCIO,EL BLANCO,AMERICO VESPUCIO - EL BLANCO,0, , ,BIDIRECCIONAL,ASFALTO,BUENO,SECO,DESPEJADO,0,0,0,1,13,131,13110,Metropolitana de Santiago,Santiago,La Florida,Interseccion,"AMERICO VESPUCIO & EL BLANCO, La Florida",-33.525429,-70.60144
-7854360.07238327,-3973513.79159137,5046,2023,1554115,2023/08/12 00:00:00+00,Agosto,12,Sábado,1899/12/30 00:00:00+00,15:30:00,15,REGION METROPOLITANA,PUENTE ALTO,COLISION LATERAL,COLISION,URBANA,TRAMO DE VIA RECTA,IMPRUDENCIA DEL CONDUCTOR,CONDUCCION NO ATENTO CONDICIONES TRANSITO MOMENTO,ANGEL PIMENTEL,LAS NIEVES ORIENTE,ANGEL PIMENTEL - LAS NIEVES ORIENTE,0, , ,BIDIRECCIONAL,CONCRETO,BUENO,SECO,DESPEJADO,0,0,0,1,13,132,13201,Metropolitana de Santiago,Cordillera,Puente Alto,Interseccion,"ANGEL PIMENTEL & LAS NIEVES ORIENTE, Puente Alto",-33.587252,-70.556917
-7853391.81545235,-3947153.89513814,5047,2023,1532367,2023/05/04 00:00:00+00,Mayo,4,Jueves,1899/12/30 00:00:00+00,23:00:00,23,REGION METROPOLITANA,LAS CONDES,COLISION LATERAL,COLISION,URBANA,CRUCE CON SEMAFORO FUNCIONANDO,IMPRUDENCIA DEL CONDUCTOR,CONDUCCION NO ATENTO CONDICIONES TRANSITO MOMENTO,PADRE HURTADO NORTE,PDTE KENNEDY,PADRE HURTADO NORTE - PDTE KENNEDY,0, , ,BIDIRECCIONAL CON BANDEJON,ASFALTO,BUENO,SECO,DESPEJADO,0,0,0,1,13,131,13114,Metropolitana de Santiago,Santiago,Las Condes,Interseccion,"PADRE HURTADO NORTE & PDTE KENNEDY, Las Condes",-33.389766,-70.548219
-7971578.79488693,-3901877.35367287,5048,2023,1528959,2023/05/04 00:00:00+00,Mayo,4,Jueves,1899/12/30 00:00:00+00,23:30:00,23,REGION VALPARAISO,VALPARAISO,COLISION,COLISION,URBANA,CRUCE SIN SEÑALIZACION,IMPRUDENCIA DEL CONDUCTOR,CONDUCCION NO ATENTO CONDICIONES TRANSITO MOMENTO,INDEPENDENCIA,SIMON BOLIVAR,INDEPENDENCIA - SIMON BOLIVAR,0, , ,BIDIRECCIONAL,ASFALTO,BUENO,SECO,DESPEJADO,0,0,0,0,05,051,05101,Valparaíso,Valparaíso,Valparaíso,Interseccion,"INDEPENDENCIA & SIMON BOLIVAR, Valparaíso",-33.049509,-71.609911
-7862952.93519709,-3967486.39424888,5049,2023,1528797,2023/05/05 00:00:00+00,Mayo,5,Viernes,1899/12/30 00:00:00+00,07:40:00,7,REGION METROPOLITANA,LA GRANJA,COLISION LATERAL,COLISION,URBANA,CRUCE CON SEMAFORO FUNCIONANDO,IMPRUDENCIA DEL CONDUCTOR,CONDUCCION CAMBIAR SORPRESIVAMENTE PISTA CIRCULACION,STA ROSA,AMERICO VESPUCIO,AMERICO VESPUCIO - STA ROSA,0, , ,BIDIRECCIONAL CON BANDEJON,ASFALTO,BUENO,SECO,DESPEJADO,0,0,0,0,13,131,13111,Metropolitana de Santiago,Santiago,La Granja,Interseccion,"AMERICO VESPUCIO & STA ROSA, La Granja",-33.542135,-70.634108
-7871364.5698799,-3976037.13067195,5050,2023,1528615,2023/05/05 00:00:00+00,Mayo,5,Viernes,1899/12/30 00:00:00+00,07:50:00,7,REGION METROPOLITANA,SAN BERNARDO,COLISION LATERAL,COLISION,URBANA,CRUCE SIN SEÑALIZACION,IMPRUDENCIA DEL CONDUCTOR,CONDUCCION NO ATENTO CONDICIONES TRANSITO MOMENTO,EUCALIPTUS,GERARDO BESOAIN,EUCALIPTUS - GERARDO BESOAIN,0, , ,BIDIRECCIONAL CON BANDEJON,ASFALTO,BUENO,SECO,DESPEJADO,0,0,0,0,13,134,13401,Metropolitana de Santiago,Maipo,San Bernardo,Interseccion,"EUCALIPTUS & GERARDO BESOAIN, San Bernardo",-33.606133,-70.709671
-7834952.2983999,-2705500.22762645,5051,2023,1551983,2023/08/12 00:00:00+00,Agosto,12,Sábado,1899/12/30 00:00:00+00,16:15:00,16,REGION ANTOFAGASTA,ANTOFAGASTA,COLISION PERPENDICULAR,COLISION,URBANA,CRUCE CON SEÑAL PARE,DESOBEDIENCIA A SEÑALIZACION,SEÑALIZACION DESOBEDECER SEÑAL PARE,MERCED,EL ROBLE,EL ROBLE - MERCED,0, , ,BIDIRECCIONAL,ASFALTO,BUENO,SECO,DESPEJADO,0,0,0,1,02,021,02101,Antofagasta,Antofagasta,Antofagasta,Interseccion,"EL ROBLE & MERCED, Antofagasta",-23.606245,-70.382574
-8055209.59948092,-4505714.86787218,5052,2023,1530457,2023/05/05 00:00:00+00,Mayo,5,Viernes,1899/12/30 00:00:00+00,08:32:00,8,REGION BIO BIO,LOS ANGELES,COLISION LATERAL,COLISION,URBANA,CRUCE CON SEÑAL PARE,IMPRUDENCIA DEL CONDUCTOR,CONDUCCION NO ATENTO CONDICIONES TRANSITO MOMENTO,PATRICIO LYNCH,CAMILO HENRIQUEZ,CAMILO HENRIQUEZ - PATRICIO LYNCH,0, , ,UNIDIRECCIONAL,CONCRETO,BUENO,SECO,DESPEJADO,0,0,0,1,08,083,08301,Biobío,Biobío,Los Angeles,Interseccion,"CAMILO HENRIQUEZ & PATRICIO LYNCH, Los Angeles",-37.47636,-72.361179
-8027044.76643481,-4385288.32058838,5053,2023,1529109,2023/05/05 00:00:00+00,Mayo,5,Viernes,1899/12/30 00:00:00+00,10:30:00,10,REGION ÑUBLE,CHILLAN,COLISION PERPENDICULAR,COLISION,URBANA,CRUCE CON SEÑAL PARE,DESOBEDIENCIA A SEÑALIZACION,SEÑALIZACION DESOBEDECER SEÑAL PARE,PUREN,CARRERA,CARRERA - PUREN,0, , ,UNIDIRECCIONAL,CONCRETO,BUENO,SECO,NUBLADO,0,0,1,0,16,161,16101,Ñuble,Diguillín,Chillán,Interseccion,"CARRERA & PUREN, Chillán",-36.612913,-72.10817
-7932928.21127359,-4172148.59789552,5054,2023,1551771,2023/08/12 00:00:00+00,Agosto,12,Sábado,1899/12/30 00:00:00+00,19:30:00,19,REGION MAULE,MOLINA,IMPACTO CON ANIMAL,OTRO TIPO,URBANA,TRAMO DE VIA RECTA,DEFICIENCIAS VIALES,ANIMALES SUELTOS VIA PUBLICA,7 DE ABRIL,CALLE DOS,7 DE ABRIL - CALLE DOS,0, , ,BIDIRECCIONAL,ASFALTO,BUENO,SECO,DESPEJADO,0,0,0,1,07,073,07304,Maule,Curicó,Molina,Interseccion,"7 DE ABRIL & CALLE DOS, Molina",-35.060814,-71.262707
-7941415.75463925,-3502257.26550376,5055,2023,1529256,2023/05/05 00:00:00+00,Mayo,5,Viernes,1899/12/30 00:00:00+00,11:40:00,11,REGION COQUIMBO,COQUIMBO,COLISION PERPENDICULAR,COLISION,URBANA,CRUCE SIN SEÑALIZACION,IMPRUDENCIA DEL CONDUCTOR,VIRAJES INDEBIDOS,LAS VERTIENTES,EL SAUCE,EL SAUCE - LAS VERTIENTES,0, , ,BIDIRECCIONAL,CONCRETO,REGULAR,SECO,DESPEJADO,0,0,0,1,04,041,04102,Coquimbo,Elqui,Coquimbo,Interseccion,"EL SAUCE & LAS VERTIENTES, Coquimbo",-29.989944,-71.338951
-7931359.1742162,-3491493.61453811,5056,2023,1543218,2023/07/06 00:00:00+00,Julio,6,Jueves,1899/12/30 00:00:00+00,09:00:00,9,REGION COQUIMBO,LA SERENA,COLISION POR ALCANCE,COLISION,URBANA,CRUCE CON SEMAFORO FUNCIONANDO,IMPRUDENCIA DEL CONDUCTOR,CONDUCCION SIN MANTENER DISTANCIA RAZONABLE NI PRUDENTE,FRANCISCO DE AGUIRRE,CIENFUEGOS,CIENFUEGOS - FRANCISCO DE AGUIRRE,0, , ,BIDIRECCIONAL CON BANDEJON,ASFALTO,BUENO,SECO,DESPEJADO,0,0,0,0,04,041,04101,Coquimbo,Elqui,La Serena,Interseccion,"CIENFUEGOS & FRANCISCO DE AGUIRRE, La Serena",-29.906163,-71.248612
-7836605.13680335,-2695344.18848412,5057,2023,1531858,2023/05/05 00:00:00+00,Mayo,5,Viernes,1899/12/30 00:00:00+00,15:00:00,15,REGION ANTOFAGASTA,ANTOFAGASTA,IMPACTO CON ANIMAL,OTRO TIPO,URBANA,CRUCE CON SEÑAL CEDA EL PASO,IMPRUDENCIA DEL CONDUCTOR,CONDUCCION NO ATENTO CONDICIONES TRANSITO MOMENTO,PEDRO AGUIRRE CERDA,GLADYS MARIN,GLADYS MARIN - PEDRO AGUIRRE CERDA,0, , ,BIDIRECCIONAL CON BANDEJON,ASFALTO,BUENO,SECO,DESPEJADO,0,1,0,0,02,021,02101,Antofagasta,Antofagasta,Antofagasta,Interseccion,"GLADYS MARIN & PEDRO AGUIRRE CERDA, Antofagasta",-23.52262,-70.397422
-7866273.59560745,-3950780.11206915,5058,2023,1543754,2023/07/06 00:00:00+00,Julio,6,Jueves,1899/12/30 00:00:00+00,10:30:00,10,REGION METROPOLITANA,INDEPENDENCIA,ATROPELLO,ATROPELLO,URBANA,CRUCE CON SEÑAL PARE,IMPRUDENCIA DEL CONDUCTOR,NO RESPETAR DERECHO PREFERENTE DE PASO A PEATON,FERMIN VIVACETA,NVA ANDRES BELLO,FERMIN VIVACETA - NVA ANDRES BELLO,0, , ,BIDIRECCIONAL,ASFALTO,REGULAR,SECO,DESPEJADO,0,0,0,1,13,131,13108,Metropolitana de Santiago,Santiago,Independencia,Interseccion,"FERMIN VIVACETA & NVA ANDRES BELLO, Independencia",-33.41696,-70.663938
-7834076.41433791,-2704375.50594567,5059,2023,1529078,2023/05/05 00:00:00+00,Mayo,5,Viernes,1899/12/30 00:00:00+00,16:30:00,16,REGION ANTOFAGASTA,ANTOFAGASTA,COLISION PERPENDICULAR,COLISION,URBANA,CRUCE CON SEÑAL PARE,DESOBEDIENCIA A SEÑALIZACION,SEÑALIZACION DESOBEDECER SEÑAL PARE,MATEO DE TORO Y ZAMBRANO,LUIS CRUZ MARTINEZ,LUIS CRUZ MARTINEZ - MATEO DE TORO Y ZAMBRANO,0, , ,BIDIRECCIONAL,ASFALTO,BUENO,SECO,DESPEJADO,0,0,0,0,02,021,02101,Antofagasta,Antofagasta,Antofagasta,Interseccion,"LUIS CRUZ MARTINEZ & MATEO DE TORO Y ZAMBRANO, Antofagasta",-23.596987,-70.374706
-7971169.07232458,-3902175.40476784,5060,2023,1550404,2023/07/06 00:00:00+00,Julio,6,Jueves,1899/12/30 00:00:00+00,12:30:00,12,REGION VALPARAISO,VALPARAISO,COLISION,COLISION,URBANA,CRUCE CON SEÑAL PARE,IMPRUDENCIA DEL CONDUCTOR,CONDUCCION CAMBIAR SORPRESIVAMENTE PISTA CIRCULACION,HONTANEDA,VAN BUREN,HONTANEDA - VAN BUREN,0, , ,BIDIRECCIONAL,ASFALTO,BUENO,SECO,DESPEJADO,0,0,0,2,05,051,05101,Valparaíso,Valparaíso,Valparaíso,Interseccion,"HONTANEDA & VAN BUREN, Valparaíso",-33.051754,-71.60623
-7932193.21319254,-3498610.62156572,5061,2023,1551913,2023/08/12 00:00:00+00,Agosto,12,Sábado,1899/12/30 00:00:00+00,19:40:00,19,REGION COQUIMBO,COQUIMBO,COLISION PERPENDICULAR,COLISION,URBANA,CRUCE CON SEMAFORO FUNCIONANDO,DESOBEDIENCIA A SEÑALIZACION,SEÑALIZACION DESOBEDECER LUZ ROJA DE SEMAFORO,RENE SCHNEIDER,TALCA,RENE SCHNEIDER - TALCA,0, , ,BIDIRECCIONAL,ASFALTO,BUENO,SECO,DESPEJADO,0,0,0,1,04,041,04102,Coquimbo,Elqui,Coquimbo,Interseccion,"RENE SCHNEIDER & TALCA, Coquimbo",-29.961567,-71.256104
-7869289.57457152,-3953206.71372132,5062,2023,1529751,2023/05/05 00:00:00+00,Mayo,5,Viernes,1899/12/30 00:00:00+00,18:30:00,18,REGION METROPOLITANA,QUINTA NORMAL,COLISION LATERAL,COLISION,URBANA,TRAMO DE VIA RECTA,IMPRUDENCIA DEL CONDUCTOR,CONDUCCION NO ATENTO CONDICIONES TRANSITO MOMENTO,MARTINEZ DE ROZAS,ALCERRECA,ALCERRECA - MARTINEZ DE ROZAS,0, , ,UNIDIRECCIONAL,ASFALTO,REGULAR,SECO,DESPEJADO,0,0,1,0,13,131,13126,Metropolitana de Santiago,Santiago,Quinta Normal,Interseccion,"ALCERRECA & MARTINEZ DE ROZAS, Quinta Normal",-33.435153,-70.691031