X,Y,FID,Año,IdAccident,Fecha,Mes,Dia_mes,Dia_semana,Hora,Hora_texto,Hora_aprox,Región,Comuna,Tipo_Accid,Tipo__CONA,Zona,Ubicación,Causa__CON,Causa_Acci,Calle_Uno,Calle_Dos,Intersecci,Número,Ruta,Ubicaci_1,Calzada,Tipo_Calza,Estado_Cal,Condición,Estado_Atm,Fallecidos,Graves,Menos_Grav,Leves,CUT_REG,CUT_PROV,CUT_COM,REGION,PROVINCIA,COMUNA1,Tipo_direc,Direccion,Lat,Lon
-7972967.761536,-3960677.64680453,5063,2023,1543758,2023/07/06 00:00:00+00,Julio,6,Jueves,1899/12/30 00:00:00+00,12:55:00,12,REGION VALPARAISO,EL TABO,COLISION LATERAL,COLISION,URBANA,TRAMO DE VIA RECTA,IMPRUDENCIA DEL CONDUCTOR,ADELANTAMIENTO SIN EL ESPACIO O TIEMPO SUFICIENTE,LAS SALINAS,ENRIQUE LAGOS,ENRIQUE LAGOS - LAS SALINAS,0, , ,BIDIRECCIONAL,ASFALTO,BUENO,SECO,DESPEJADO,0,0,0,1,05,056,05605,Valparaíso,San Antonio,El Tabo,Interseccion,"ENRIQUE LAGOS & LAS SALINAS, El Tabo",-33.491141,-71.622388
-7928233.77932464,-3492361.29683796,5064,2023,1551329,2023/08/12 00:00:00+00,Agosto,12,Sábado,1899/12/30 00:00:00+00,20:30:00,20,REGION COQUIMBO,LA SERENA,COLISION FRONTAL,COLISION,URBANA,CRUCE CON SEÑAL PARE,IMPRUDENCIA DEL CONDUCTOR,CONDUCCION NO ATENTO CONDICIONES TRANSITO MOMENTO,VALPARAISO,PEDRO AGUIRRE CERDA,PEDRO AGUIRRE CERDA - VALPARAISO,0, , ,BIDIRECCIONAL,ASFALTO,BUENO,SECO,DESPEJADO,0,0,0,1,04,041,04101,Coquimbo,Elqui,La Serena,Interseccion,"PEDRO AGUIRRE CERDA & VALPARAISO, La Serena",-29.912919,-71.220536
-7861887.6076702,-3949219.02215867,5065,2023,1544016,2023/07/06 00:00:00+00,Julio,6,Jueves,1899/12/30 00:00:00+00,13:00:00,13,REGION METROPOLITANA,RECOLETA,COLISION LATERAL,COLISION,URBANA,CRUCE CON SEÑAL PARE,IMPRUDENCIA DEL CONDUCTOR,CONDUCCION NO ATENTO CONDICIONES TRANSITO MOMENTO,REINA DE CHILE,LIRCAY,LIRCAY - REINA DE CHILE,0, , ,BIDIRECCIONAL,ASFALTO,BUENO,SECO,NUBLADO,0,0,1,0,13,131,13127,Metropolitana de Santiago,Santiago,Recoleta,Interseccion,"LIRCAY & REINA DE CHILE, Recoleta",-33.405254,-70.624538
-7858009.11354726,-3950571.12256858,5066,2023,1552441,2023/08/12 00:00:00+00,Agosto,12,Sábado,1899/12/30 00:00:00+00,23:30:00,23,REGION METROPOLITANA,LAS CONDES,COLISION POR ALCANCE,COLISION,URBANA,TRAMO DE VIA RECTA,IMPRUDENCIA DEL CONDUCTOR,CONDUCCION SIN MANTENER DISTANCIA RAZONABLE NI PRUDENTE,APOQUINDO,ALCANTARA,ALCANTARA - APOQUINDO,0, , ,BIDIRECCIONAL,ASFALTO,BUENO,MOJADO,LLOVIZNA,0,1,0,0,13,131,13114,Metropolitana de Santiago,Santiago,Las Condes,Interseccion,"ALCANTARA & APOQUINDO, Las Condes",-33.415393,-70.589697
-7869289.57457152,-3953206.71372132,5067,2023,1531282,2023/05/05 00:00:00+00,Mayo,5,Viernes,1899/12/30 00:00:00+00,18:30:00,18,REGION METROPOLITANA,QUINTA NORMAL,COLISION LATERAL,COLISION,URBANA,TRAMO DE VIA RECTA,DESOBEDIENCIA A SEÑALIZACION,SEÑALIZACION DESOBEDECER SEÑAL PARE,MARTINEZ DE ROZAS,ALCERRECA,ALCERRECA - MARTINEZ DE ROZAS,0, , ,UNIDIRECCIONAL,ASFALTO,REGULAR,SECO,DESPEJADO,0,0,1,0,13,131,13126,Metropolitana de Santiago,Santiago,Quinta Normal,Interseccion,"ALCERRECA & MARTINEZ DE ROZAS, Quinta Normal",-33.435153,-70.691031
-7857647.00298792,-3968983.0302902,5068,2023,1556723,2023/08/13 00:00:00+00,Agosto,13,Domingo,1899/12/30 00:00:00+00,00:20:00,0,REGION METROPOLITANA,LA FLORIDA,COLISION LATERAL,COLISION,URBANA,CRUCE CON SEMAFORO FUNCIONANDO,IMPRUDENCIA DEL CONDUCTOR,CONDUCCION NO ATENTO CONDICIONES TRANSITO MOMENTO,VICUÑA MACKENNA,SAN JOSE DE LA ESTRELLA,SAN JOSE DE LA ESTRELLA - VICUÑA MACKENNA,0, , ,BIDIRECCIONAL,ASFALTO,BUENO,SECO,DESPEJADO,0,2,0,1,13,131,13110,Metropolitana de Santiago,Santiago,La Florida,Interseccion,"SAN JOSE DE LA ESTRELLA & VICUÑA MACKENNA, La Florida",-33.55334,-70.586444
-7941463.10299316,-3498113.81399236,5069,2023,1543575,2023/07/06 00:00:00+00,Julio,6,Jueves,1899/12/30 00:00:00+00,15:00:00,15,REGION COQUIMBO,COQUIMBO,CHOQUE POSTERIOR/LADO,CHOQUE,URBANA,TRAMO DE VIA RECTA,IMPRUDENCIA DEL CONDUCTOR,CONDUCCION NO ATENTO CONDICIONES TRANSITO MOMENTO,JUAN ANTONIO RIOS,JOSE SANTIAGO ALDUNATE,JOSE SANTIAGO ALDUNATE - JUAN ANTONIO RIOS,0, , ,UNIDIRECCIONAL,ADOQUIN,BUENO,SECO,DESPEJADO,0,0,0,0,04,041,04102,Coquimbo,Elqui,Coquimbo,Interseccion,"JOSE SANTIAGO ALDUNATE & JUAN ANTONIO RIOS, Coquimbo",-29.957701,-71.339377
-7870372.70761756,-3973582.87172712,5070,2023,1529841,2023/05/05 00:00:00+00,Mayo,5,Viernes,1899/12/30 00:00:00+00,19:00:00,19,REGION METROPOLITANA,SAN BERNARDO,COLISION FRONTAL,COLISION,URBANA,CRUCE CON SEÑAL CEDA EL PASO,IMPRUDENCIA DEL CONDUCTOR,CONDUCCION NO ATENTO CONDICIONES TRANSITO MOMENTO,FREIRE,12 DE FEBRERO,12 DE FEBRERO - FREIRE,0, , ,UNIDIRECCIONAL,ASFALTO,BUENO,SECO,DESPEJADO,0,0,0,0,13,134,13401,Metropolitana de Santiago,Maipo,San Bernardo,Interseccion,"12 DE FEBRERO & FREIRE, San Bernardo",-33.587769,-70.700761
-7835714.03542263,-2708021.38510541,5071,2023,1551943,2023/08/13 00:00:00+00,Agosto,13,Domingo,1899/12/30 00:00:00+00,04:30:00,4,REGION ANTOFAGASTA,ANTOFAGASTA,VOLCADURA,VOLCADURA,URBANA,CRUCE SIN SEÑALIZACION,VELOCIDAD IMPRUDENTE,VELOCIDAD NO RAZONABLE NI PRUDENTE,ANTONIO RENDIC,MAGALLANES,ANTONIO RENDIC - MAGALLANES,0, , ,BIDIRECCIONAL CON BANDEJON,ASFALTO,BUENO,SECO,DESPEJADO,0,0,0,1,02,021,02101,Antofagasta,Antofagasta,Antofagasta,Interseccion,"ANTONIO RENDIC & MAGALLANES, Antofagasta",-23.626996,-70.389417
-7941460.05989677,-3498076.98396031,5072,2023,1543582,2023/07/06 00:00:00+00,Julio,6,Jueves,1899/12/30 00:00:00+00,15:30:00,15,REGION COQUIMBO,COQUIMBO,CHOQUE POSTERIOR/LADO,CHOQUE,URBANA,TRAMO DE VIA RECTA,IMPRUDENCIA DEL CONDUCTOR,CONDUCCION NO ATENTO CONDICIONES TRANSITO MOMENTO,ALDUNATE,PORTALES,ALDUNATE - PORTALES,0, , ,UNIDIRECCIONAL,ASFALTO,BUENO,SECO,DESPEJADO,0,0,0,0,04,041,04102,Coquimbo,Elqui,Coquimbo,Interseccion,"ALDUNATE & PORTALES, Coquimbo",-29.957414,-71.33935
-7852861.93467617,-3962024.55081599,5073,2023,1552304,2023/08/13 00:00:00+00,Agosto,13,Domingo,1899/12/30 00:00:00+00,07:10:00,7,REGION METROPOLITANA,PEÑALOLEN,COLISION FRONTAL,COLISION,URBANA,CRUCE CON SEMAFORO FUNCIONANDO,ALCOHOL EN CONDUCTOR,CONDUCCION EN ESTADO DE EBRIEDAD,LAS PERDICES,QUILIN,LAS PERDICES - QUILIN,0, , ,BIDIRECCIONAL,CONCRETO,BUENO,SECO,NUBLADO,0,1,0,0,13,131,13122,Metropolitana de Santiago,Santiago,Peñalolén,Interseccion,"LAS PERDICES & QUILIN, Peñalolén",-33.501231,-70.543459
-7857365.25335672,-3955489.59478027,5074,2023,1543773,2023/07/06 00:00:00+00,Julio,6,Jueves,1899/12/30 00:00:00+00,16:50:00,16,REGION METROPOLITANA,ÑUÑOA,COLISION,COLISION,URBANA,CRUCE CON SEÑAL PARE,DESOBEDIENCIA A SEÑALIZACION,SEÑALIZACION DESOBEDECER SEÑAL PARE,PDTE BATTLE Y ORDOÑEZ,ORTUZAR,ORTUZAR - PDTE BATTLE Y ORDOÑEZ,0, , ,BIDIRECCIONAL CON BANDEJON,CONCRETO,BUENO,SECO,NUBLADO,0,1,0,0,13,131,13120,Metropolitana de Santiago,Santiago,Ñuñoa,Interseccion,"ORTUZAR & PDTE BATTLE Y ORDOÑEZ, Ñuñoa",-33.452265,-70.583913
-8127408.08159132,-4415817.77730727,5075,2023,1529893,2023/05/05 00:00:00+00,Mayo,5,Viernes,1899/12/30 00:00:00+00,19:10:00,19,REGION BIO BIO,CONCEPCION,CHOQUE,CHOQUE,URBANA,CRUCE SIN SEÑALIZACION,IMPRUDENCIA DEL CONDUCTOR,CONDUCCION NO ATENTO CONDICIONES TRANSITO MOMENTO,SANTIAGO AMENGUAL,ELEUTERIO RAMIREZ,ELEUTERIO RAMIREZ - SANTIAGO AMENGUAL,0, , ,UNIDIRECCIONAL,CONCRETO,BUENO,SECO,DESPEJADO,0,0,0,0,08,081,08101,Biobío,Concepción,Concepción,Interseccion,"ELEUTERIO RAMIREZ & SANTIAGO AMENGUAL, Concepción",-36.832735,-73.009749
-8027401.10012484,-4384615.16848648,5076,2023,1544059,2023/07/06 00:00:00+00,Julio,6,Jueves,1899/12/30 00:00:00+00,18:30:00,18,REGION ÑUBLE,CHILLAN,COLISION PERPENDICULAR,COLISION,URBANA,CRUCE CON SEÑAL PARE,DESOBEDIENCIA A SEÑALIZACION,SEÑALIZACION DESOBEDECER SEÑAL PARE,ROSAS,MAIPON,MAIPON - ROSAS,0, , ,UNIDIRECCIONAL,ASFALTO,BUENO,SECO,NUBLADO,0,0,0,1,16,161,16101,Ñuble,Diguillín,Chillán,Interseccion,"MAIPON & ROSAS, Chillán",-36.608059,-72.111371
-7874176.05493938,-4003036.36219784,5077,2023,1529883,2023/05/05 00:00:00+00,Mayo,5,Viernes,1899/12/30 00:00:00+00,20:30:00,20,REGION METROPOLITANA,PAINE,COLISION FRONTAL,COLISION,URBANA,CRUCE CON SEÑAL PARE,IMPRUDENCIA DEL CONDUCTOR,CONDUCCION NO ATENTO CONDICIONES TRANSITO MOMENTO,18 DE SEPTIEMBRE,BUIN,18 DE SEPTIEMBRE - BUIN,0, , ,BIDIRECCIONAL,ASFALTO,BUENO,SECO,DESPEJADO,0,0,0,1,13,134,13404,Metropolitana de Santiago,Maipo,Paine,Interseccion,"18 DE SEPTIEMBRE & BUIN, Paine",-33.807897,-70.734927
-7875234.70329682,-3993221.65640786,5078,2023,1545398,2023/07/06 00:00:00+00,Julio,6,Jueves,1899/12/30 00:00:00+00,19:30:00,19,REGION METROPOLITANA,BUIN,VOLCADURA,VOLCADURA,URBANA,CRUCE SIN SEÑALIZACION,DEFICIENCIAS VIALES,ANIMALES SUELTOS VIA PUBLICA,BULNES,MAIPU,BULNES - MAIPU,0, , ,UNIDIRECCIONAL,CONCRETO,BUENO,SECO,NUBLADO,0,0,0,1,13,134,13402,Metropolitana de Santiago,Maipo,Buin,Interseccion,"BULNES & MAIPU, Buin",-33.734607,-70.744437
-7880522.93570696,-3968715.07743715,5079,2023,1532969,2023/05/05 00:00:00+00,Mayo,5,Viernes,1899/12/30 00:00:00+00,20:50:00,20,REGION METROPOLITANA,MAIPU,COLISION POR ALCANCE,COLISION,URBANA,TRAMO DE VIA RECTA,IMPRUDENCIA DEL CONDUCTOR,VIRAJES INDEBIDOS,CAMINO A MELIPILLA,CAMINO LOS TALAVERAS,CAMINO A MELIPILLA - CAMINO LOS TALAVERAS,0, , ,BIDIRECCIONAL CON BANDEJON,CONCRETO,REGULAR,SECO,DESPEJADO,0,0,0,1,13,131,13119,Metropolitana de Santiago,Santiago,Maipú,Interseccion,"CAMINO A MELIPILLA & CAMINO LOS TALAVERAS, Maipú",-33.551334,-70.791942
-7858888.41572988,-3874587.35745239,5080,2023,1542983,2023/07/06 00:00:00+00,Julio,6,Jueves,1899/12/30 00:00:00+00,19:40:00,19,REGION VALPARAISO,LOS ANDES,COLISION LATERAL,COLISION,URBANA,CRUCE CON SEÑAL PARE,IMPRUDENCIA DEL CONDUCTOR,CONDUCCION NO ATENTO CONDICIONES TRANSITO MOMENTO,ARTURO PRAT,CHACAY,ARTURO PRAT - CHACAY,0, , ,BIDIRECCIONAL,ASFALTO,BUENO,SECO,DESPEJADO,0,0,0,0,05,053,05301,Valparaíso,Los Andes,Los Andes,Interseccion,"ARTURO PRAT & CHACAY, Los Andes",-32.843785,-70.597596
-7972559.50837981,-3901094.70327838,5081,2023,1555348,2023/08/13 00:00:00+00,Agosto,13,Domingo,1899/12/30 00:00:00+00,09:00:00,9,REGION VALPARAISO,VALPARAISO,CHOQUE FRENTE/POSTERIOR,CHOQUE,URBANA,CRUCE CON SEMAFORO FUNCIONANDO,IMPRUDENCIA DEL CONDUCTOR,CONDUCCION NO ATENTO CONDICIONES TRANSITO MOMENTO,ERRAZURIZ,EDWARDS,EDWARDS - ERRAZURIZ,0, , ,BIDIRECCIONAL CON BANDEJON,ASFALTO,BUENO,SECO,DESPEJADO,0,0,0,1,05,051,05101,Valparaíso,Valparaíso,Valparaíso,Interseccion,"EDWARDS & ERRAZURIZ, Valparaíso",-33.043616,-71.618721
-7880522.93570696,-3968715.07743715,5082,2023,1535941,2023/05/05 00:00:00+00,Mayo,5,Viernes,1899/12/30 00:00:00+00,20:50:00,20,REGION METROPOLITANA,MAIPU,COLISION LATERAL,COLISION,URBANA,TRAMO DE VIA RECTA,IMPRUDENCIA DEL CONDUCTOR,CONDUCCION NO ATENTO CONDICIONES TRANSITO MOMENTO,CAMINO A MELIPILLA,CAMINO LOS TALAVERAS,CAMINO A MELIPILLA - CAMINO LOS TALAVERAS,0, , ,UNIDIRECCIONAL,CONCRETO,BUENO,SECO,DESPEJADO,0,0,0,1,13,131,13119,Metropolitana de Santiago,Santiago,Maipú,Interseccion,"CAMINO A MELIPILLA & CAMINO LOS TALAVERAS, Maipú",-33.551334,-70.791942
-8171303.21591339,-4552063.6497581,5083,2023,1551483,2023/08/13 00:00:00+00,Agosto,13,Domingo,1899/12/30 00:00:00+00,11:00:00,11,REGION BIO BIO,ARAUCO,CHOQUE,CHOQUE,URBANA,TRAMO DE VIA RECTA,IMPRUDENCIA DEL CONDUCTOR,CONDUCCION NO ATENTO CONDICIONES TRANSITO MOMENTO,IGNACIO CARRERA PINTO,ARTURO PEREZ CANTO,ARTURO PEREZ CANTO - IGNACIO CARRERA PINTO,0, , ,UNIDIRECCIONAL,CONCRETO,BUENO,SECO,DESPEJADO,0,1,0,0,08,082,08202,Biobío,Arauco,Arauco,Interseccion,"ARTURO PEREZ CANTO & IGNACIO CARRERA PINTO, Arauco",-37.806053,-73.404066
-8053769.34790904,-4504484.48505598,5084,2023,1543366,2023/07/07 00:00:00+00,Julio,7,Viernes,1899/12/30 00:00:00+00,00:23:00,0,REGION BIO BIO,LOS ANGELES,CHOQUE LATERAL,CHOQUE,URBANA,CRUCE CON SEMAFORO FUNCIONANDO,IMPRUDENCIA DEL CONDUCTOR,CONDUCCION NO ATENTO CONDICIONES TRANSITO MOMENTO,VILLAGRAN,RENGO,RENGO - VILLAGRAN,0, , ,UNIDIRECCIONAL,CONCRETO,REGULAR,HUMEDO,NEBLINA,0,1,0,0,08,083,08301,Biobío,Biobío,Los Angeles,Interseccion,"RENGO & VILLAGRAN, Los Angeles",-37.467588,-72.348241
-7866897.20739488,-3948253.08144797,5085,2023,1543589,2023/07/07 00:00:00+00,Julio,7,Viernes,1899/12/30 00:00:00+00,00:45:00,0,REGION METROPOLITANA,CONCHALI,COLISION,COLISION,URBANA,TRAMO DE VIA RECTA,IMPRUDENCIA DEL CONDUCTOR,CONDUCCION NO ATENTO CONDICIONES TRANSITO MOMENTO,DORSAL,INDEPENDENCIA,DORSAL - INDEPENDENCIA,0, , ,BIDIRECCIONAL,CONCRETO,BUENO,SECO,DESPEJADO,0,0,0,1,13,131,13104,Metropolitana de Santiago,Santiago,Conchalí,Interseccion,"DORSAL & INDEPENDENCIA, Conchalí",-33.39801,-70.66954
-7852316.80312976,-3976846.0632511,5086,2023,1528744,2023/05/05 00:00:00+00,Mayo,5,Viernes,1899/12/30 00:00:00+00,23:30:00,23,REGION METROPOLITANA,PUENTE ALTO,COLISION POR ALCANCE,COLISION,URBANA,CRUCE CON SEMAFORO FUNCIONANDO,IMPRUDENCIA DEL CONDUCTOR,CONDUCCION SIN MANTENER DISTANCIA RAZONABLE NI PRUDENTE,EYZAGUIRRE,LOMAS DE EYZAGUIRRE,EYZAGUIRRE - LOMAS DE EYZAGUIRRE,0, , ,BIDIRECCIONAL,ASFALTO,BUENO,SECO,DESPEJADO,0,1,0,0,13,132,13201,Metropolitana de Santiago,Cordillera,Puente Alto,Interseccion,"EYZAGUIRRE & LOMAS DE EYZAGUIRRE, Puente Alto",-33.612185,-70.538562
-7859944.08068044,-3955266.9166794,5087,2023,1543903,2023/07/07 00:00:00+00,Julio,7,Viernes,1899/12/30 00:00:00+00,07:20:00,7,REGION METROPOLITANA,ÑUÑOA,COLISION POR ALCANCE,COLISION,URBANA,CRUCE CON SEÑAL PARE,IMPRUDENCIA DEL CONDUCTOR,CONDUCCION SIN MANTENER DISTANCIA RAZONABLE NI PRUDENTE,MARCHANT PEREIRA,SIMON BOLIVAR,MARCHANT PEREIRA - SIMON BOLIVAR,0, , ,UNIDIRECCIONAL,CONCRETO,BUENO,SECO,DESPEJADO,0,0,0,1,13,131,13120,Metropolitana de Santiago,Santiago,Ñuñoa,Interseccion,"MARCHANT PEREIRA & SIMON BOLIVAR, Ñuñoa",-33.450596,-70.607079
-7854840.43824994,-3953967.3438936,5088,2023,1552605,2023/08/13 00:00:00+00,Agosto,13,Domingo,1899/12/30 00:00:00+00,14:00:00,14,REGION METROPOLITANA,LA REINA,COLISION LATERAL,COLISION,URBANA,CRUCE SIN SEÑALIZACION,IMPRUDENCIA DEL CONDUCTOR,CONDUCCION SIN MANTENER DISTANCIA RAZONABLE NI PRUDENTE,MONS EDWARDS,LA CAÑADA,LA CAÑADA - MONS EDWARDS,0, , ,BIDIRECCIONAL,CONCRETO,REGULAR,SECO,DESPEJADO,0,0,0,1,13,131,13113,Metropolitana de Santiago,Santiago,La Reina,Interseccion,"LA CAÑADA & MONS EDWARDS, La Reina",-33.440855,-70.561232
-7834817.21216442,-2708229.08687221,5089,2023,1531649,2023/05/06 00:00:00+00,Mayo,6,Sábado,1899/12/30 00:00:00+00,03:45:00,3,REGION ANTOFAGASTA,ANTOFAGASTA,COLISION PERPENDICULAR,COLISION,URBANA,CRUCE CON SEMAFORO FUNCIONANDO,DESOBEDIENCIA A SEÑALIZACION,SEÑALIZACION DESOBEDECER LUZ ROJA DE SEMAFORO,SARMIENTO,SALVADOR ALLENDE,SALVADOR ALLENDE - SARMIENTO,0, , ,BIDIRECCIONAL CON BANDEJON,ASFALTO,BUENO,SECO,DESPEJADO,0,1,0,1,02,021,02101,Antofagasta,Antofagasta,Antofagasta,Interseccion,"SALVADOR ALLENDE & SARMIENTO, Antofagasta",-23.628706,-70.38136
-7853753.38115844,-3971042.17375604,5090,2023,1554241,2023/08/13 00:00:00+00,Agosto,13,Domingo,1899/12/30 00:00:00+00,14:45:00,14,REGION METROPOLITANA,PUENTE ALTO,COLISION POR ALCANCE,COLISION,URBANA,TRAMO DE VIA RECTA,IMPRUDENCIA DEL CONDUCTOR,CONDUCCION NO ATENTO CONDICIONES TRANSITO MOMENTO,SANCHEZ FONTECILLA,CERRO GRANITO,CERRO GRANITO - SANCHEZ FONTECILLA,0, , ,BIDIRECCIONAL,CONCRETO,BUENO,SECO,DESPEJADO,0,0,0,0,13,132,13201,Metropolitana de Santiago,Cordillera,Puente Alto,Interseccion,"CERRO GRANITO & SANCHEZ FONTECILLA, Puente Alto",-33.568754,-70.551467
-7947265.71639867,-3901411.32690514,5091,2023,1546195,2023/07/07 00:00:00+00,Julio,7,Viernes,1899/12/30 00:00:00+00,12:20:00,12,REGION VALPARAISO,VILLA ALEMANA,COLISION,COLISION,URBANA,TRAMO DE VIA RECTA,IMPRUDENCIA DEL CONDUCTOR,CONDUCCION NO ATENTO CONDICIONES TRANSITO MOMENTO,VALPARAISO,QUITO,QUITO - VALPARAISO,0, , ,BIDIRECCIONAL,CONCRETO,BUENO,SECO,DESPEJADO,0,0,0,1,05,058,05804,Valparaíso,Marga Marga,Villa Alemana,Interseccion,"QUITO & VALPARAISO, Villa Alemana",-33.046,-71.391503
-7856042.33252814,-3954535.80481481,5092,2023,1531042,2023/05/06 00:00:00+00,Mayo,6,Sábado,1899/12/30 00:00:00+00,07:00:00,7,REGION METROPOLITANA,ÑUÑOA,COLISION,COLISION,URBANA,TRAMO DE VIA RECTA,IMPRUDENCIA DEL CONDUCTOR,CONDUCCION NO ATENTO CONDICIONES TRANSITO MOMENTO,OSSA,ECHEÑIQUE,ECHEÑIQUE - OSSA,0, , ,BIDIRECCIONAL CON BANDEJON,CONCRETO,BUENO,SECO,DESPEJADO,0,0,0,0,13,131,13120,Metropolitana de Santiago,Santiago,Ñuñoa,Interseccion,"ECHEÑIQUE & OSSA, Ñuñoa",-33.445116,-70.572029
-7868660.90887921,-3953166.88203075,5093,2023,1553143,2023/08/13 00:00:00+00,Agosto,13,Domingo,1899/12/30 00:00:00+00,16:00:00,16,REGION METROPOLITANA,SANTIAGO,COLISION,COLISION,URBANA,CRUCE CON SEÑAL PARE,DESOBEDIENCIA A SEÑALIZACION,SEÑALIZACION DESOBEDECER SEÑAL PARE,CUETO,MARTINEZ DE ROZAS,CUETO - MARTINEZ DE ROZAS,0, , ,UNIDIRECCIONAL,CONCRETO,BUENO,SECO,DESPEJADO,0,0,0,0,13,131,13101,Metropolitana de Santiago,Santiago,Santiago,Interseccion,"CUETO & MARTINEZ DE ROZAS, Santiago",-33.434854,-70.685384
-8010837.4945923,-4358228.83175968,5094,2023,1546806,2023/07/07 00:00:00+00,Julio,7,Viernes,1899/12/30 00:00:00+00,12:40:00,12,REGION ÑUBLE,SAN CARLOS,COLISION LATERAL,COLISION,URBANA,TRAMO DE VIA RECTA,ALCOHOL EN CONDUCTOR,CONDUCCION EN ESTADO DE EBRIEDAD,ANDEQUIN,TOMAS YAVAR,ANDEQUIN - TOMAS YAVAR,0, , ,BIDIRECCIONAL,CONCRETO,BUENO,SECO,DESPEJADO,0,0,0,1,16,163,16301,Ñuble,Punilla,San Carlos,Interseccion,"ANDEQUIN & TOMAS YAVAR, San Carlos",-36.417551,-71.962578
-7836493.21624296,-2708212.18530148,5095,2023,1528693,2023/05/06 00:00:00+00,Mayo,6,Sábado,1899/12/30 00:00:00+00,10:15:00,10,REGION ANTOFAGASTA,ANTOFAGASTA,CHOQUE FRENTE/POSTERIOR,CHOQUE,URBANA,TRAMO DE VIA RECTA,IMPRUDENCIA DEL CONDUCTOR,CONDUCCION NO ATENTO CONDICIONES TRANSITO MOMENTO,EDMUNDO PEREZ ZUJOVIC,SALVADOR ALLENDE,EDMUNDO PEREZ ZUJOVIC - SALVADOR ALLENDE,0, , ,BIDIRECCIONAL,ASFALTO,BUENO,SECO,DESPEJADO,0,0,0,0,02,021,02101,Antofagasta,Antofagasta,Antofagasta,Interseccion,"EDMUNDO PEREZ ZUJOVIC & SALVADOR ALLENDE, Antofagasta",-23.628566,-70.396416
-8041697.19441047,-4760996.78288576,5096,2023,1552104,2023/08/13 00:00:00+00,Agosto,13,Domingo,1899/12/30 00:00:00+00,17:14:00,17,REGION ARAUCANIA,VILLARRICA,COLISION LATERAL,COLISION,URBANA,TRAMO DE VIA RECTA,IMPRUDENCIA DEL CONDUCTOR,NO RESPETAR DERECHO PREFERENTE DE PASO A PEATON,PEDRO DE VALDIVIA,ISABEL RIQUELME,ISABEL RIQUELME - PEDRO DE VALDIVIA,0, , ,BIDIRECCIONAL,ASFALTO,REGULAR,HUMEDO,NUBLADO,0,0,1,0,09,091,09120,La Araucanía,Cautín,Villarrica,Interseccion,"ISABEL RIQUELME & PEDRO DE VALDIVIA, Villarrica",-39.274005,-72.239795
-7867802.5688135,-3973300.65414272,5097,2023,1529844,2023/05/06 00:00:00+00,Mayo,6,Sábado,1899/12/30 00:00:00+00,11:40:00,11,REGION METROPOLITANA,SAN BERNARDO,COLISION LATERAL,COLISION,URBANA,CRUCE CON SEMAFORO FUNCIONANDO,DESOBEDIENCIA A SEÑALIZACION,SEÑALIZACION DESOBEDECER LUZ ROJA DE SEMAFORO,PADRE HURTADO,CALDERON DE LA BARCA,CALDERON DE LA BARCA - PADRE HURTADO,0, , ,BIDIRECCIONAL CON BANDEJON,ASFALTO,BUENO,SECO,DESPEJADO,0,1,0,1,13,134,13401,Metropolitana de Santiago,Maipo,San Bernardo,Interseccion,"CALDERON DE LA BARCA & PADRE HURTADO, San Bernardo",-33.585657,-70.677673
-8149935.80697655,-4843916.41997909,5098,2023,1552350,2023/08/13 00:00:00+00,Agosto,13,Domingo,1899/12/30 00:00:00+00,19:20:00,19,REGION DE LOS RIOS,VALDIVIA,VOLCADURA,VOLCADURA,URBANA,CRUCE CON SEÑAL PARE,ALCOHOL EN CONDUCTOR,CONDUCCION EN ESTADO DE EBRIEDAD,ALBERTO BLEST GANA,CIRCUNVALACION SUR,ALBERTO BLEST GANA - CIRCUNVALACION SUR,0, , ,BIDIRECCIONAL,CONCRETO,REGULAR,HUMEDO,NUBLADO,0,1,0,0,14,141,14101,Los Ríos,Valdivia,Valdivia,Interseccion,"ALBERTO BLEST GANA & CIRCUNVALACION SUR, Valdivia",-39.848261,-73.212119
-7868173.93063479,-3961415.82152281,5099,2023,1566315,2023/08/13 00:00:00+00,Agosto,13,Domingo,1899/12/30 00:00:00+00,19:40:00,19,REGION METROPOLITANA,PEDRO AGUIRRE CERDA,COLISION LATERAL,COLISION,URBANA,TRAMO DE VIA RECTA,IMPRUDENCIA DEL CONDUCTOR,CONDUCCION NO ATENTO CONDICIONES TRANSITO MOMENTO,PASEO GROHNERT,PAULINA VERDUGO,PASEO GROHNERT - PAULINA VERDUGO,0, , ,BIDIRECCIONAL,ASFALTO,REGULAR,SECO,DESPEJADO,0,0,0,1,13,131,13121,Metropolitana de Santiago,Santiago,Pedro Aguirre Cerda,Interseccion,"PASEO GROHNERT & PAULINA VERDUGO, Pedro Aguirre Cerda",-33.496671,-70.681009
-7856443.75061194,-3955712.14374282,5100,2023,1531053,2023/05/06 00:00:00+00,Mayo,6,Sábado,1899/12/30 00:00:00+00,12:00:00,12,REGION METROPOLITANA,ÑUÑOA,COLISION,COLISION,URBANA,TRAMO DE VIA RECTA,IMPRUDENCIA DEL CONDUCTOR,CONDUCCION NO ATENTO CONDICIONES TRANSITO MOMENTO,IRARRAZAVAL,FRANCISCO DE VILLAGRA,FRANCISCO DE VILLAGRA - IRARRAZAVAL,0, , ,BIDIRECCIONAL CON BANDEJON,CONCRETO,BUENO,SECO,DESPEJADO,0,0,0,0,13,131,13120,Metropolitana de Santiago,Santiago,Ñuñoa,Interseccion,"FRANCISCO DE VILLAGRA & IRARRAZAVAL, Ñuñoa",-33.453933,-70.575635
-8063605.98339349,-4654569.69129582,5101,2023,1551548,2023/08/13 00:00:00+00,Agosto,13,Domingo,1899/12/30 00:00:00+00,22:55:00,22,REGION ARAUCANIA,TEMUCO,COLISION PERPENDICULAR,COLISION,URBANA,CRUCE CON SEMAFORO FUNCIONANDO,ALCOHOL EN CONDUCTOR,CONDUCCION EN ESTADO DE EBRIEDAD,SAN MARTIN,JAVIERA CARRERA,JAVIERA CARRERA - SAN MARTIN,0, , ,UNIDIRECCIONAL,CONCRETO,BUENO,SECO,DESPEJADO,0,0,0,1,09,091,09101,La Araucanía,Cautín,Temuco,Interseccion,"JAVIERA CARRERA & SAN MARTIN, Temuco",-38.529998,-72.436605