X,Y,FID,Año,IdAccident,Fecha,Mes,Dia_mes,Dia_semana,Hora,Hora_texto,Hora_aprox,Región,Comuna,Tipo_Accid,Tipo__CONA,Zona,Ubicación,Causa__CON,Causa_Acci,Calle_Uno,Calle_Dos,Intersecci,Número,Ruta,Ubicaci_1,Calzada,Tipo_Calza,Estado_Cal,Condición,Estado_Atm,Fallecidos,Graves,Menos_Grav,Leves,CUT_REG,CUT_PROV,CUT_COM,REGION,PROVINCIA,COMUNA1,Tipo_direc,Direccion,Lat,Lon
-7941537.25993024,-3496752.62333234,5102,2023,1529265,2023/05/06 00:00:00+00,Mayo,6,Sábado,1899/12/30 00:00:00+00,13:00:00,13,REGION COQUIMBO,COQUIMBO,CHOQUE FRENTE/LADO,CHOQUE,URBANA,TRAMO DE VIA RECTA,IMPRUDENCIA DEL CONDUCTOR,ADELANTAMIENTO SIN EL ESPACIO O TIEMPO SUFICIENTE,GONZALEZ,ALMIRANTE LATORRE,ALMIRANTE LATORRE - GONZALEZ,0, , ,UNIDIRECCIONAL,ASFALTO,BUENO,SECO,DESPEJADO,0,0,0,1,04,041,04102,Coquimbo,Elqui,Coquimbo,Interseccion,"ALMIRANTE LATORRE & GONZALEZ, Coquimbo",-29.947106,-71.340043
-7854105.15074935,-3971786.35584869,5103,2023,1544082,2023/07/07 00:00:00+00,Julio,7,Viernes,1899/12/30 00:00:00+00,13:45:00,13,REGION METROPOLITANA,PUENTE ALTO,COLISION LATERAL,COLISION,URBANA,TRAMO DE VIA RECTA,IMPRUDENCIA DEL CONDUCTOR,CONDUCCION NO ATENTO CONDICIONES TRANSITO MOMENTO,GABRIELA ORIENTE,CAMILO HENRIQUEZ,CAMILO HENRIQUEZ - GABRIELA ORIENTE,0, , ,BIDIRECCIONAL,CONCRETO,BUENO,SECO,DESPEJADO,0,0,1,0,13,132,13201,Metropolitana de Santiago,Cordillera,Puente Alto,Interseccion,"CAMILO HENRIQUEZ & GABRIELA ORIENTE, Puente Alto",-33.574324,-70.554627
-7875640.35152127,-3994020.68731404,5104,2023,1555838,2023/08/13 00:00:00+00,Agosto,13,Domingo,1899/12/30 00:00:00+00,23:10:00,23,REGION METROPOLITANA,BUIN,COLISION LATERAL,COLISION,URBANA,TRAMO DE VIA RECTA,IMPRUDENCIA DEL CONDUCTOR,ADELANTAMIENTO SIN EL ESPACIO O TIEMPO SUFICIENTE,BERNARDO O'HIGGINS,MARIA VARGAS CALDERON,BERNARDO O'HIGGINS - MARIA VARGAS CALDERON,0, , ,BIDIRECCIONAL,CONCRETO,BUENO,SECO,NUBLADO,0,0,0,0,13,134,13402,Metropolitana de Santiago,Maipo,Buin,Interseccion,"BERNARDO O'HIGGINS & MARIA VARGAS CALDERON, Buin",-33.740576,-70.748081
-7958380.94525708,-4236910.03691339,5105,2023,1552200,2023/08/14 00:00:00+00,Agosto,14,Lunes,1899/12/30 00:00:00+00,07:50:00,7,REGION MAULE,SAN CLEMENTE,CHOQUE FRENTE/LADO,CHOQUE,URBANA,TRAMO DE VIA RECTA,IMPRUDENCIA DEL CONDUCTOR,CONDUCCION NO ATENTO CONDICIONES TRANSITO MOMENTO,HUAMACHUCO,CALLE CUATRO,CALLE CUATRO - HUAMACHUCO,0, , ,BIDIRECCIONAL,ASFALTO,BUENO,SECO,DESPEJADO,0,0,0,1,07,071,07109,Maule,Talca,San Clemente,Interseccion,"CALLE CUATRO & HUAMACHUCO, San Clemente",-35.53562,-71.491352
-7868586.59198716,-3946128.80185683,5106,2023,1543759,2023/07/07 00:00:00+00,Julio,7,Viernes,1899/12/30 00:00:00+00,18:15:00,18,REGION METROPOLITANA,CONCHALI,COLISION POR ALCANCE,COLISION,URBANA,OTROS NO CONSIDERADOS,IMPRUDENCIA DEL CONDUCTOR,CONDUCCION SIN MANTENER DISTANCIA RAZONABLE NI PRUDENTE,ABRAHAM LINCOLN,QUILICURA,ABRAHAM LINCOLN - QUILICURA,0, , ,UNIDIRECCIONAL,CONCRETO,BUENO,SECO,NUBLADO,0,0,0,1,13,131,13104,Metropolitana de Santiago,Santiago,Conchalí,Interseccion,"ABRAHAM LINCOLN & QUILICURA, Conchalí",-33.382077,-70.684716
-7854457.14297924,-3960053.63889552,5107,2023,1544359,2023/07/07 00:00:00+00,Julio,7,Viernes,1899/12/30 00:00:00+00,19:15:00,19,REGION METROPOLITANA,PEÑALOLEN,COLISION FRONTAL,COLISION,URBANA,CRUCE CON SEMAFORO FUNCIONANDO,DESOBEDIENCIA A SEÑALIZACION,SEÑALIZACION DESOBEDECER LUZ ROJA DE SEMAFORO,LOS PRESIDENTES,MARIANO SANCHEZ FONTECILLA,LOS PRESIDENTES - MARIANO SANCHEZ FONTECILLA,0, , ,BIDIRECCIONAL,CONCRETO,BUENO,SECO,NUBLADO,0,0,0,0,13,131,13122,Metropolitana de Santiago,Santiago,Peñalolén,Interseccion,"LOS PRESIDENTES & MARIANO SANCHEZ FONTECILLA, Peñalolén",-33.486466,-70.557789
-8084588.59425765,-4686669.3430434,5108,2023,1529106,2023/05/06 00:00:00+00,Mayo,6,Sábado,1899/12/30 00:00:00+00,14:00:00,14,REGION ARAUCANIA,TEMUCO,COLISION PERPENDICULAR,COLISION,URBANA,TRAMO DE VIA RECTA,DESOBEDIENCIA A SEÑALIZACION,SEÑALIZACION DESOBEDECER SEÑAL PARE,DANTE,IMPERIAL,DANTE - IMPERIAL,0, , ,UNIDIRECCIONAL,CONCRETO,BUENO,SECO,DESPEJADO,0,0,0,1,09,091,09101,La Araucanía,Cautín,Temuco,Interseccion,"DANTE & IMPERIAL, Temuco",-38.75522,-72.625095
-7674805.15123095,-2566221.3288604,5109,2023,1551904,2023/08/14 00:00:00+00,Agosto,14,Lunes,1899/12/30 00:00:00+00,12:20:00,12,REGION ANTOFAGASTA,CALAMA,ATROPELLO,ATROPELLO,URBANA,CRUCE CON SEÑAL PARE,DESOBEDIENCIA A SEÑALIZACION,SEÑALIZACION DESOBEDECER SEÑAL PARE,COLO COLO,VASCO DE GAMA,COLO COLO - VASCO DE GAMA,0, , ,BIDIRECCIONAL,ASFALTO,BUENO,SECO,DESPEJADO,0,1,0,0,02,022,02201,Antofagasta,El Loa,Calama,Interseccion,"COLO COLO & VASCO DE GAMA, Calama",-22.45483,-68.943948
-7871414.55233127,-3977141.6078077,5110,2023,1544236,2023/07/07 00:00:00+00,Julio,7,Viernes,1899/12/30 00:00:00+00,20:30:00,20,REGION METROPOLITANA,SAN BERNARDO,COLISION LATERAL,COLISION,URBANA,TRAMO DE VIA RECTA,IMPRUDENCIA DEL CONDUCTOR,CONDUCCION NO ATENTO CONDICIONES TRANSITO MOMENTO,GRAL URRUTIA,RAUL BRAÑEZ,GRAL URRUTIA - RAUL BRAÑEZ,0, , ,UNIDIRECCIONAL,CONCRETO,BUENO,SECO,DESPEJADO,0,0,0,0,13,134,13401,Metropolitana de Santiago,Maipo,San Bernardo,Interseccion,"GRAL URRUTIA & RAUL BRAÑEZ, San Bernardo",-33.614396,-70.71012
-7870759.21207334,-3953946.83007491,5111,2023,1529758,2023/05/06 00:00:00+00,Mayo,6,Sábado,1899/12/30 00:00:00+00,14:30:00,14,REGION METROPOLITANA,QUINTA NORMAL,COLISION PERPENDICULAR,COLISION,URBANA,TRAMO DE VIA RECTA,IMPRUDENCIA DEL CONDUCTOR,CONDUCCION NO ATENTO CONDICIONES TRANSITO MOMENTO,SAN PABLO,ERNESTO SAMIT,ERNESTO SAMIT - SAN PABLO,0, , ,BIDIRECCIONAL,MIXTO,REGULAR,SECO,DESPEJADO,0,0,1,0,13,131,13126,Metropolitana de Santiago,Santiago,Quinta Normal,Interseccion,"ERNESTO SAMIT & SAN PABLO, Quinta Normal",-33.440701,-70.704233
-7853792.02383837,-3949643.98700185,5112,2023,1560674,2023/08/14 00:00:00+00,Agosto,14,Lunes,1899/12/30 00:00:00+00,14:00:00,14,REGION METROPOLITANA,LAS CONDES,COLISION,COLISION,URBANA,CRUCE CON SEÑAL CEDA EL PASO,IMPRUDENCIA DEL CONDUCTOR,CONDUCCION NO ATENTO CONDICIONES TRANSITO MOMENTO,TOMAS MORO,APOQUINDO,APOQUINDO - TOMAS MORO,0, , ,BIDIRECCIONAL,ASFALTO,REGULAR,SECO,DESPEJADO,0,0,0,1,13,131,13114,Metropolitana de Santiago,Santiago,Las Condes,Interseccion,"APOQUINDO & TOMAS MORO, Las Condes",-33.408441,-70.551814
-7857949.5693639,-3967660.95839689,5113,2023,1530973,2023/05/06 00:00:00+00,Mayo,6,Sábado,1899/12/30 00:00:00+00,15:00:00,15,REGION METROPOLITANA,LA FLORIDA,COLISION LATERAL,COLISION,URBANA,CRUCE CON SEMAFORO FUNCIONANDO,VELOCIDAD IMPRUDENTE,VELOCIDAD NO RAZONABLE NI PRUDENTE,STA AMALIA,VICUÑA MACKENNA,STA AMALIA - VICUÑA MACKENNA,0, , ,UNIDIRECCIONAL,ASFALTO,BUENO,SECO,DESPEJADO,0,1,0,1,13,131,13110,Metropolitana de Santiago,Santiago,La Florida,Interseccion,"STA AMALIA & VICUÑA MACKENNA, La Florida",-33.543442,-70.589162
-7860208.1305126,-3951031.91186623,5114,2023,1528521,2023/05/06 00:00:00+00,Mayo,6,Sábado,1899/12/30 00:00:00+00,16:10:00,16,REGION METROPOLITANA,PROVIDENCIA,COLISION FRONTAL,COLISION,URBANA,CRUCE CON SEMAFORO FUNCIONANDO,DESOBEDIENCIA A SEÑALIZACION,SEÑALIZACION DESOBEDECER LUZ ROJA DE SEMAFORO,ANDRES BELLO,SUECIA,ANDRES BELLO - SUECIA,0, , ,UNIDIRECCIONAL,ASFALTO,REGULAR,HUMEDO,DESPEJADO,0,1,0,1,13,131,13123,Metropolitana de Santiago,Santiago,Providencia,Interseccion,"ANDRES BELLO & SUECIA, Providencia",-33.418848,-70.609451
-8149871.35299138,-4835456.18837203,5115,2023,1552404,2023/08/14 00:00:00+00,Agosto,14,Lunes,1899/12/30 00:00:00+00,15:15:00,15,REGION DE LOS RIOS,VALDIVIA,COLISION PERPENDICULAR,COLISION,URBANA,CRUCE CON SEÑAL PARE,IMPRUDENCIA DEL CONDUCTOR,CONDUCCION NO ATENTO CONDICIONES TRANSITO MOMENTO,PEDRO AGUIRRE CERDA,CRUCE SANTA ELVIRA,CRUCE SANTA ELVIRA - PEDRO AGUIRRE CERDA,0, , ,BIDIRECCIONAL,ASFALTO,BUENO,MOJADO,LLOVIZNA,0,1,0,0,14,141,14101,Los Ríos,Valdivia,Valdivia,Interseccion,"CRUCE SANTA ELVIRA & PEDRO AGUIRRE CERDA, Valdivia",-39.789888,-73.21154
-8025779.28646347,-4384177.24019609,5116,2023,1529120,2023/05/06 00:00:00+00,Mayo,6,Sábado,1899/12/30 00:00:00+00,16:30:00,16,REGION ÑUBLE,CHILLAN,COLISION PERPENDICULAR,COLISION,URBANA,CRUCE CON SEÑAL CEDA EL PASO,DESOBEDIENCIA A SEÑALIZACION,SEÑALIZACION DESOBEDECER SEÑAL CEDA EL PASO,VEGA DE SALDIAS,SARGENTO ALDEA,SARGENTO ALDEA - VEGA DE SALDIAS,0, , ,UNIDIRECCIONAL,CONCRETO,BUENO,SECO,NUBLADO,0,0,0,1,16,161,16101,Ñuble,Diguillín,Chillán,Interseccion,"SARGENTO ALDEA & VEGA DE SALDIAS, Chillán",-36.604901,-72.096802
-7862952.93519709,-3967486.39424888,5117,2023,1554458,2023/08/14 00:00:00+00,Agosto,14,Lunes,1899/12/30 00:00:00+00,16:45:00,16,REGION METROPOLITANA,LA GRANJA,ATROPELLO,ATROPELLO,URBANA,CRUCE CON SEMAFORO FUNCIONANDO,IMPRUDENCIA DEL CONDUCTOR,CONDUCCION NO ATENTO CONDICIONES TRANSITO MOMENTO,AMERICO VESPUCIO,STA ROSA,AMERICO VESPUCIO - STA ROSA,0, , ,BIDIRECCIONAL CON BANDEJON,ASFALTO,BUENO,SECO,NUBLADO,0,1,0,0,13,131,13111,Metropolitana de Santiago,Santiago,La Granja,Interseccion,"AMERICO VESPUCIO & STA ROSA, La Granja",-33.542135,-70.634108
-7970531.31186327,-4278868.06985311,5118,2023,1529211,2023/05/06 00:00:00+00,Mayo,6,Sábado,1899/12/30 00:00:00+00,17:15:00,17,REGION MAULE,LINARES,COLISION LATERAL,COLISION,URBANA,CRUCE CON SEÑAL CEDA EL PASO,DESOBEDIENCIA A SEÑALIZACION,SEÑALIZACION DESOBEDECER SEÑAL CEDA EL PASO,SAN MARTIN,MARIO DUEÑAS,MARIO DUEÑAS - SAN MARTIN,0, , ,UNIDIRECCIONAL,ASFALTO,BUENO,SECO,DESPEJADO,0,0,0,1,07,074,07401,Maule,Linares,Linares,Interseccion,"MARIO DUEÑAS & SAN MARTIN, Linares",-35.841749,-71.600501
-7940007.17355155,-3499513.53348051,5119,2023,1552276,2023/08/14 00:00:00+00,Agosto,14,Lunes,1899/12/30 00:00:00+00,17:25:00,17,REGION COQUIMBO,COQUIMBO,COLISION PERPENDICULAR,COLISION,URBANA,CRUCE CON SEÑAL PARE,IMPRUDENCIA DEL CONDUCTOR,"ADELANTAMIENTO EN CRUCE, CURVA, CUESTA, PUENTE",SANTA ESTER,SANTA ROSA,SANTA ESTER - SANTA ROSA,0, , ,BIDIRECCIONAL,CONCRETO,BUENO,SECO,DESPEJADO,0,0,0,1,04,041,04102,Coquimbo,Elqui,Coquimbo,Interseccion,"SANTA ESTER & SANTA ROSA, Coquimbo",-29.968594,-71.326298
-7931453.94042079,-3879442.05575874,5120,2023,1529355,2023/05/06 00:00:00+00,Mayo,6,Sábado,1899/12/30 00:00:00+00,18:30:00,18,REGION VALPARAISO,QUILLOTA,COLISION,COLISION,URBANA,CRUCE CON SEMAFORO FUNCIONANDO,DESOBEDIENCIA A SEÑALIZACION,SEÑALIZACION DESOBEDECER LUZ ROJA DE SEMAFORO,BERNARDO O'HIGGINS,HERMANO DE LA FUENTE,BERNARDO O'HIGGINS - HERMANO DE LA FUENTE,0, , ,UNIDIRECCIONAL,ASFALTO,BUENO,SECO,DESPEJADO,0,0,0,1,05,055,05501,Valparaíso,Quillota,Quillota,Interseccion,"BERNARDO O'HIGGINS & HERMANO DE LA FUENTE, Quillota",-32.880417,-71.249463
-8119222.15827464,-5082262.24043485,5121,2023,1530108,2023/05/06 00:00:00+00,Mayo,6,Sábado,1899/12/30 00:00:00+00,19:00:00,19,REGION LOS LAGOS,PUERTO MONTT,COLISION PERPENDICULAR,COLISION,URBANA,TRAMO DE VIA RECTA,IMPRUDENCIA DEL CONDUCTOR,CONDUCCION NO ATENTO CONDICIONES TRANSITO MOMENTO,EGAÑA,19 DE JUNIO,19 DE JUNIO - EGAÑA,0, , ,UNIDIRECCIONAL,CONCRETO,BUENO,MOJADO,LLOVIZNA,0,1,0,0,10,101,10101,Los Lagos,Llanquihue,Puerto Montt,Interseccion,"19 DE JUNIO & EGAÑA, Puerto Montt",-41.472333,-72.936214
-7969717.12107422,-4282078.06567552,5122,2023,1544326,2023/07/07 00:00:00+00,Julio,7,Viernes,1899/12/30 00:00:00+00,21:45:00,21,REGION MAULE,LINARES,CHOQUE POSTERIOR/FRENTE,CHOQUE,URBANA,CRUCE CON SEÑAL PARE,OTRAS CAUSAS,HECHO DELICTUAL,CAUPOLICAN,PRESIDENTE CARLOS IBAÑEZ DEL CAMPO,CAUPOLICAN - PRESIDENTE CARLOS IBAÑEZ DEL CAMPO,0, , ,UNIDIRECCIONAL,ASFALTO,BUENO,MOJADO,LLUVIA,0,0,0,2,07,074,07401,Maule,Linares,Linares,Interseccion,"CAUPOLICAN & PRESIDENTE CARLOS IBAÑEZ DEL CAMPO, Linares",-35.865121,-71.593187
-7873127.26951108,-3862799.80298424,5123,2023,1544110,2023/07/07 00:00:00+00,Julio,7,Viernes,1899/12/30 00:00:00+00,22:20:00,22,REGION VALPARAISO,SAN FELIPE,COLISION,COLISION,URBANA,CRUCE CON SEÑAL PARE,DESOBEDIENCIA A SEÑALIZACION,SEÑALIZACION DESOBEDECER SEÑAL PARE,YUNGAY,BERNARDO O'HIGGINS,BERNARDO O'HIGGINS - YUNGAY,0, , ,BIDIRECCIONAL CON BANDEJON,CONCRETO,BUENO,SECO,DESPEJADO,0,0,0,1,05,057,05701,Valparaíso,San Felipe de Aconcagua,San Felipe,Interseccion,"BERNARDO O'HIGGINS & YUNGAY, San Felipe",-32.754777,-70.725506
-7806426.5675535,-2305355.33989782,5124,2023,1543727,2023/07/08 00:00:00+00,Julio,8,Sábado,1899/12/30 00:00:00+00,03:25:00,3,REGION TARAPACA,IQUIQUE,COLISION LATERAL,COLISION,URBANA,TRAMO DE VIA RECTA,ALCOHOL EN CONDUCTOR,CONDUCCION EN ESTADO DE EBRIEDAD,LA TIRANA,4 SUR,4 SUR - LA TIRANA,0, , ,BIDIRECCIONAL CON BANDEJON,ASFALTO,BUENO,SECO,DESPEJADO,0,0,0,0,01,011,01101,Tarapacá,Iquique,Iquique,Interseccion,"4 SUR & LA TIRANA, Iquique",-20.272626,-70.126323
-7862572.66781654,-3969840.36093047,5125,2023,1528604,2023/05/06 00:00:00+00,Mayo,6,Sábado,1899/12/30 00:00:00+00,19:30:00,19,REGION METROPOLITANA,LA PINTANA,CHOQUE FRENTE/POSTERIOR,CHOQUE,URBANA,CRUCE CON SEMAFORO FUNCIONANDO,ALCOHOL EN CONDUCTOR,CONDUCCION EN ESTADO DE EBRIEDAD,STA ROSA,STO TOMAS,STA ROSA - STO TOMAS,0, , ,BIDIRECCIONAL CON BANDEJON,ASFALTO,BUENO,SECO,DESPEJADO,0,1,0,1,13,131,13112,Metropolitana de Santiago,Santiago,La Pintana,Interseccion,"STA ROSA & STO TOMAS, La Pintana",-33.559758,-70.630692
-7932292.17621986,-3499652.82832332,5126,2023,1543765,2023/07/08 00:00:00+00,Julio,8,Sábado,1899/12/30 00:00:00+00,10:11:00,10,REGION COQUIMBO,COQUIMBO,COLISION PERPENDICULAR,COLISION,URBANA,CRUCE CON SEÑAL PARE,IMPRUDENCIA DEL CONDUCTOR,CONDUCCION NO ATENTO CONDICIONES TRANSITO MOMENTO,RESERVA NACIONAL LOS FLAMENCOS,RENE SCHNEIDER,RENE SCHNEIDER - RESERVA NACIONAL LOS FLAMENCOS,0, , ,BIDIRECCIONAL,ASFALTO,BUENO,SECO,DESPEJADO,0,0,0,1,04,041,04102,Coquimbo,Elqui,Coquimbo,Interseccion,"RENE SCHNEIDER & RESERVA NACIONAL LOS FLAMENCOS, Coquimbo",-29.969678,-71.256993
-7874490.75513985,-3956914.08887238,5127,2023,1532707,2023/05/06 00:00:00+00,Mayo,6,Sábado,1899/12/30 00:00:00+00,19:30:00,19,REGION METROPOLITANA,PUDAHUEL,COLISION PERPENDICULAR,COLISION,URBANA,TRAMO DE VIA RECTA,DESOBEDIENCIA A SEÑALIZACION,SEÑALIZACION DESOBEDECER LUZ ROJA DE SEMAFORO,LAGUNA SUR,CAMINO LUIS CRUZ MARTINEZ,CAMINO LUIS CRUZ MARTINEZ - LAGUNA SUR,0, , ,BIDIRECCIONAL CON BANDEJON,ASFALTO,REGULAR,SECO,DESPEJADO,0,0,0,0,13,131,13124,Metropolitana de Santiago,Santiago,Pudahuel,Interseccion,"CAMINO LUIS CRUZ MARTINEZ & LAGUNA SUR, Pudahuel",-33.462941,-70.737754
-8153912.69578514,-4844470.60847767,5128,2023,1543925,2023/07/08 00:00:00+00,Julio,8,Sábado,1899/12/30 00:00:00+00,10:35:00,10,REGION DE LOS RIOS,VALDIVIA,VOLCADURA,VOLCADURA,URBANA,CRUCE CON SEÑAL PARE,VELOCIDAD IMPRUDENTE,VELOCIDAD NO RAZONABLE NI PRUDENTE,CIRCUNVALACION NUEVA REGION,INTENDENTE LUIS DAMANN ASENJO,CIRCUNVALACION NUEVA REGION - INTENDENTE LUIS DAMANN ASENJO,0, , ,BIDIRECCIONAL CON BANDEJON,CONCRETO,REGULAR,MOJADO,LLUVIA,0,0,0,1,14,141,14101,Los Ríos,Valdivia,Valdivia,Interseccion,"CIRCUNVALACION NUEVA REGION & INTENDENTE LUIS DAMANN ASENJO, Valdivia",-39.852083,-73.247844
-7674626.07159951,-2566971.65357264,5129,2023,1528506,2023/05/06 00:00:00+00,Mayo,6,Sábado,1899/12/30 00:00:00+00,20:20:00,20,REGION ANTOFAGASTA,CALAMA,COLISION,COLISION,URBANA,CRUCE CON SEÑAL PARE,DESOBEDIENCIA A SEÑALIZACION,SEÑALIZACION DESOBEDECER SEÑAL PARE,ANTOFAGASTA,QUETENA,ANTOFAGASTA - QUETENA,0, , ,BIDIRECCIONAL,ASFALTO,BUENO,SECO,DESPEJADO,0,0,0,1,02,022,02201,Antofagasta,El Loa,Calama,Interseccion,"ANTOFAGASTA & QUETENA, Calama",-22.461059,-68.942339
-8131047.6723762,-4413412.21333921,5130,2023,1529735,2023/05/06 00:00:00+00,Mayo,6,Sábado,1899/12/30 00:00:00+00,22:05:00,22,REGION BIO BIO,CONCEPCION,COLISION,COLISION,URBANA,CRUCE CON SEÑAL CEDA EL PASO,DESOBEDIENCIA A SEÑALIZACION,SEÑALIZACION DESOBEDECER SEÑAL CEDA EL PASO,GALVARINO,MANUEL BULNES,GALVARINO - MANUEL BULNES,0, , ,UNIDIRECCIONAL,CONCRETO,BUENO,SECO,DESPEJADO,0,1,0,0,08,081,08101,Biobío,Concepción,Concepción,Interseccion,"GALVARINO & MANUEL BULNES, Concepción",-36.815437,-73.042444
-7877700.36321507,-3321559.30875152,5131,2023,1555820,2023/08/14 00:00:00+00,Agosto,14,Lunes,1899/12/30 00:00:00+00,18:00:00,18,REGION ATACAMA,VALLENAR,COLISION LATERAL,COLISION,URBANA,CRUCE CON SEÑAL PARE,DESOBEDIENCIA A SEÑALIZACION,SEÑALIZACION DESOBEDECER SEÑAL PARE,ATACAMA,FAEZ,ATACAMA - FAEZ,0, , ,BIDIRECCIONAL,ASFALTO,BUENO,SECO,DESPEJADO,0,0,1,0,03,033,03301,Atacama,Huasco,Vallenar,Interseccion,"ATACAMA & FAEZ, Vallenar",-28.574178,-70.766586
-8053857.40162625,-4503489.42809148,5132,2023,1530593,2023/05/06 00:00:00+00,Mayo,6,Sábado,1899/12/30 00:00:00+00,22:45:00,22,REGION BIO BIO,LOS ANGELES,COLISION LATERAL,COLISION,URBANA,CRUCE CON SEMAFORO FUNCIONANDO,IMPRUDENCIA DEL CONDUCTOR,CONDUCCION NO ATENTO CONDICIONES TRANSITO MOMENTO,OROMPELLO,ALMAGRO,ALMAGRO - OROMPELLO,0, , ,BIDIRECCIONAL,CONCRETO,BUENO,SECO,NUBLADO,0,0,0,1,08,083,08301,Biobío,Biobío,Los Angeles,Interseccion,"ALMAGRO & OROMPELLO, Los Angeles",-37.460493,-72.349032
-7951827.46669107,-3901740.65536515,5133,2023,1528469,2023/05/07 00:00:00+00,Mayo,7,Domingo,1899/12/30 00:00:00+00,05:00:00,5,REGION VALPARAISO,QUILPUE,COLISION LATERAL,COLISION,URBANA,TRAMO DE VIA RECTA,IMPRUDENCIA DEL CONDUCTOR,VIRAJES INDEBIDOS,LOS CARRERA,SAN MARTIN,LOS CARRERA - SAN MARTIN,0, , ,BIDIRECCIONAL,CONCRETO,BUENO,SECO,DESPEJADO,0,0,0,0,05,058,05801,Valparaíso,Marga Marga,Quilpué,Interseccion,"LOS CARRERA & SAN MARTIN, Quilpué",-33.04848,-71.432482
-8132643.99387417,-4415508.04674927,5134,2023,1530198,2023/05/07 00:00:00+00,Mayo,7,Domingo,1899/12/30 00:00:00+00,05:45:00,5,REGION BIO BIO,CONCEPCION,COLISION PERPENDICULAR,COLISION,URBANA,TRAMO DE VIA RECTA,DESOBEDIENCIA A SEÑALIZACION,SEÑALIZACION DESOBEDECER LUZ ROJA DE SEMAFORO,O'HIGGINS,SERRANO,O'HIGGINS - SERRANO,0, , ,UNIDIRECCIONAL,CONCRETO,BUENO,SECO,DESPEJADO,0,0,0,1,08,081,08101,Biobío,Concepción,Concepción,Interseccion,"O'HIGGINS & SERRANO, Concepción",-36.830508,-73.056784
-7856314.17472465,-3975565.99237574,5135,2023,1551651,2023/08/14 00:00:00+00,Agosto,14,Lunes,1899/12/30 00:00:00+00,18:45:00,18,REGION METROPOLITANA,PUENTE ALTO,COLISION PERPENDICULAR,COLISION,URBANA,CRUCE CON SEMAFORO FUNCIONANDO,IMPRUDENCIA DEL CONDUCTOR,NO RESPETAR DERECHO PREFERENTE DE PASO A VEHICULO,DOMINGO TOCORNAL,STA ELENA,DOMINGO TOCORNAL - STA ELENA,0, , ,BIDIRECCIONAL CON BANDEJON,ASFALTO,BUENO,SECO,DESPEJADO,0,0,1,0,13,132,13201,Metropolitana de Santiago,Cordillera,Puente Alto,Interseccion,"DOMINGO TOCORNAL & STA ELENA, Puente Alto",-33.602608,-70.574471
-7873029.13022574,-3950586.86477275,5136,2023,1531545,2023/05/07 00:00:00+00,Mayo,7,Domingo,1899/12/30 00:00:00+00,07:30:00,7,REGION METROPOLITANA,CERRO NAVIA,OTRO TIPO,OTRO TIPO,URBANA,CRUCE CON SEÑAL PARE,DESOBEDIENCIA A SEÑALIZACION,SEÑALIZACION DESOBEDECER SEÑAL PARE,PADRE LAS CASAS,COST SUR,COST SUR - PADRE LAS CASAS,0, , ,BIDIRECCIONAL,ASFALTO,BUENO,SECO,DESPEJADO,0,0,0,1,13,131,13103,Metropolitana de Santiago,Santiago,Cerro Navia,Interseccion,"COST SUR & PADRE LAS CASAS, Cerro Navia",-33.415511,-70.724624
-8081680.48383563,-4688527.3890441,5137,2023,1552374,2023/08/14 00:00:00+00,Agosto,14,Lunes,1899/12/30 00:00:00+00,22:00:00,22,REGION ARAUCANIA,PADRE LAS CASAS,COLISION POR ALCANCE,COLISION,URBANA,TRAMO DE VIA RECTA,IMPRUDENCIA DEL CONDUCTOR,CONDUCCION SIN MANTENER DISTANCIA RAZONABLE NI PRUDENTE,VILLA ALEGRE,ARTURO BARNET,ARTURO BARNET - VILLA ALEGRE,0, , ,BIDIRECCIONAL,ASFALTO,BUENO,MOJADO,DESPEJADO,0,0,0,1,09,091,09112,La Araucanía,Cautín,Padre Las Casas,Interseccion,"ARTURO BARNET & VILLA ALEGRE, Padre Las Casas",-38.768235,-72.598971
-7836433.97193204,-2710945.81152262,5138,2023,1528719,2023/05/07 00:00:00+00,Mayo,7,Domingo,1899/12/30 00:00:00+00,09:15:00,9,REGION ANTOFAGASTA,ANTOFAGASTA,COLISION,COLISION,URBANA,CRUCE CON SEMAFORO FUNCIONANDO,IMPRUDENCIA DEL CONDUCTOR,CONDUCCION NO ATENTO CONDICIONES TRANSITO MOMENTO,GENERAL MANUEL BAQUEDANO,JOSE SANTOS OSSA,GENERAL MANUEL BAQUEDANO - JOSE SANTOS OSSA,0, , ,UNIDIRECCIONAL,ASFALTO,BUENO,SECO,DESPEJADO,0,0,0,2,02,021,02101,Antofagasta,Antofagasta,Antofagasta,Interseccion,"GENERAL MANUEL BAQUEDANO & JOSE SANTOS OSSA, Antofagasta",-23.651062,-70.395884
-7876400.66364339,-3962636.91678143,5139,2023,1554086,2023/08/15 00:00:00+00,Agosto,15,Martes,1899/12/30 00:00:00+00,11:30:00,11,REGION METROPOLITANA,MAIPU,VOLCADURA,VOLCADURA,URBANA,CRUCE CON SEÑAL CEDA EL PASO,IMPRUDENCIA DEL CONDUCTOR,CONDUCCION SIN MANTENER DISTANCIA RAZONABLE NI PRUDENTE,MAIPU,BAILEN,BAILEN - MAIPU,0, , ,UNIDIRECCIONAL,ASFALTO,REGULAR,SECO,DESPEJADO,0,0,0,1,13,131,13119,Metropolitana de Santiago,Santiago,Maipú,Interseccion,"BAILEN & MAIPU, Maipú",-33.505818,-70.754911