X,Y,FID,Año,IdAccident,Fecha,Mes,Dia_mes,Dia_semana,Hora,Hora_texto,Hora_aprox,Región,Comuna,Tipo_Accid,Tipo__CONA,Zona,Ubicación,Causa__CON,Causa_Acci,Calle_Uno,Calle_Dos,Intersecci,Número,Ruta,Ubicaci_1,Calzada,Tipo_Calza,Estado_Cal,Condición,Estado_Atm,Fallecidos,Graves,Menos_Grav,Leves,CUT_REG,CUT_PROV,CUT_COM,REGION,PROVINCIA,COMUNA1,Tipo_direc,Direccion,Lat,Lon
-7865656.31789906,-3962773.79909698,5140,2023,1555279,2023/08/15 00:00:00+00,Agosto,15,Martes,1899/12/30 00:00:00+00,12:15:00,12,REGION METROPOLITANA,SAN MIGUEL,CHOQUE LATERAL,CHOQUE,URBANA,CRUCE CON SEÑAL CEDA EL PASO,IMPRUDENCIA DEL CONDUCTOR,CONDUCCION NO ATENTO CONDICIONES TRANSITO MOMENTO,PRIMERA TRANSVERSAL,CUARTA AVENIDA,CUARTA AVENIDA - PRIMERA TRANSVERSAL,0, , ,UNIDIRECCIONAL,ASFALTO,BUENO,SECO,DESPEJADO,0,0,1,0,13,131,13130,Metropolitana de Santiago,Santiago,San Miguel,Interseccion,"CUARTA AVENIDA & PRIMERA TRANSVERSAL, San Miguel",-33.506843,-70.658393
-8144777.92969013,-4947405.36137234,5141,2023,1543680,2023/07/08 00:00:00+00,Julio,8,Sábado,1899/12/30 00:00:00+00,13:00:00,13,REGION LOS LAGOS,OSORNO,COLISION LATERAL,COLISION,URBANA,CRUCE CON SEÑAL PARE,ALCOHOL EN CONDUCTOR,CONDUCCION BAJO LA INFLUENCIA DEL ALCOHOL,LA MISION,1 DE MAYO,1 DE MAYO - LA MISION,0, , ,BIDIRECCIONAL,CONCRETO,REGULAR,MOJADO,DESPEJADO,0,0,0,0,10,103,10301,Los Lagos,Osorno,Osorno,Interseccion,"1 DE MAYO & LA MISION, Osorno",-40.558284,-73.165785
-7875221.79023589,-3991823.45260596,5142,2023,1537512,2023/05/07 00:00:00+00,Mayo,7,Domingo,1899/12/30 00:00:00+00,12:00:00,12,REGION METROPOLITANA,BUIN,COLISION LATERAL,COLISION,URBANA,CRUCE SIN SEÑALIZACION,IMPRUDENCIA DEL CONDUCTOR,CONDUCCION NO ATENTO CONDICIONES TRANSITO MOMENTO,POTRERILLO SALINAS,PASAJE CATORCE,PASAJE CATORCE - POTRERILLO SALINAS,0, , ,BIDIRECCIONAL,ASFALTO,BUENO,SECO,DESPEJADO,0,0,0,0,13,134,13402,Metropolitana de Santiago,Maipo,Buin,Interseccion,"PASAJE CATORCE & POTRERILLO SALINAS, Buin",-33.724161,-70.744321
-7872771.87088251,-3955420.21588302,5143,2023,1546743,2023/07/08 00:00:00+00,Julio,8,Sábado,1899/12/30 00:00:00+00,13:00:00,13,REGION METROPOLITANA,LO PRADO,COLISION LATERAL,COLISION,URBANA,CRUCE CON SEMAFORO FUNCIONANDO,IMPRUDENCIA DEL CONDUCTOR,CONDUCCION CAMBIAR SORPRESIVAMENTE PISTA CIRCULACION,NEPTUNO,DORSAL,DORSAL - NEPTUNO,0, , ,BIDIRECCIONAL CON BANDEJON,ASFALTO,BUENO,SECO,DESPEJADO,0,0,1,0,13,131,13117,Metropolitana de Santiago,Santiago,Lo Prado,Interseccion,"DORSAL & NEPTUNO, Lo Prado",-33.451745,-70.722313
-7867955.31028682,-3953498.45904782,5144,2023,1536058,2023/05/07 00:00:00+00,Mayo,7,Domingo,1899/12/30 00:00:00+00,15:00:00,15,REGION METROPOLITANA,SANTIAGO,COLISION,COLISION,URBANA,CRUCE CON SEÑAL PARE,DESOBEDIENCIA A SEÑALIZACION,SEÑALIZACION DESOBEDECER SEÑAL PARE,ROSAS,CHACABUCO,CHACABUCO - ROSAS,0, , ,UNIDIRECCIONAL,CONCRETO,BUENO,SECO,DESPEJADO,0,1,0,0,13,131,13101,Metropolitana de Santiago,Santiago,Santiago,Interseccion,"CHACABUCO & ROSAS, Santiago",-33.43734,-70.679045
-8031313.08967029,-4384721.25577661,5145,2023,1544079,2023/07/08 00:00:00+00,Julio,8,Sábado,1899/12/30 00:00:00+00,16:25:00,16,REGION ÑUBLE,CHILLAN,VOLCADURA,VOLCADURA,URBANA,TRAMO DE VIA RECTA,VELOCIDAD IMPRUDENTE,VELOCIDAD NO RAZONABLE NI PRUDENTE,HOLANDA,ZAÑARTU,HOLANDA - ZAÑARTU,0, , ,UNIDIRECCIONAL,ASFALTO,BUENO,MOJADO,NUBLADO,0,1,0,0,16,161,16101,Ñuble,Diguillín,Chillán,Interseccion,"HOLANDA & ZAÑARTU, Chillán",-36.608824,-72.146513
-7927391.00163469,-4162105.12510513,5146,2023,1553934,2023/08/15 00:00:00+00,Agosto,15,Martes,1899/12/30 00:00:00+00,15:20:00,15,REGION MAULE,CURICO,COLISION LATERAL,COLISION,URBANA,CRUCE CON SEMAFORO FUNCIONANDO,IMPRUDENCIA DEL CONDUCTOR,CONDUCCION NO ATENTO CONDICIONES TRANSITO MOMENTO,MANUEL LABRA LILLO,CALLE DE SERVICIO RUTA 5 SUR,CALLE DE SERVICIO RUTA 5 SUR - MANUEL LABRA LILLO,0, , ,BIDIRECCIONAL,ASFALTO,REGULAR,HUMEDO,LLOVIZNA,0,0,0,0,07,073,07301,Maule,Curicó,Curicó,Interseccion,"CALLE DE SERVICIO RUTA 5 SUR & MANUEL LABRA LILLO, Curicó",-34.98693,-71.212965
-7857259.61115996,-3965613.23464892,5147,2023,1530253,2023/05/07 00:00:00+00,Mayo,7,Domingo,1899/12/30 00:00:00+00,15:15:00,15,REGION METROPOLITANA,LA FLORIDA,COLISION FRONTAL,COLISION,URBANA,CRUCE SIN SEÑALIZACION,IMPRUDENCIA DEL CONDUCTOR,CONDUCCION CONTRA SENTIDO DEL TRANSITO,ASTURIAS,GERONIMO DE ALDERETE,ASTURIAS - GERONIMO DE ALDERETE,0, , ,BIDIRECCIONAL,CONCRETO,BUENO,SECO,DESPEJADO,0,0,1,0,13,131,13110,Metropolitana de Santiago,Santiago,La Florida,Interseccion,"ASTURIAS & GERONIMO DE ALDERETE, La Florida",-33.528109,-70.582964
-7836367.31388775,-2712372.03236064,5148,2023,1545712,2023/07/08 00:00:00+00,Julio,8,Sábado,1899/12/30 00:00:00+00,18:30:00,18,REGION ANTOFAGASTA,ANTOFAGASTA,COLISION,COLISION,URBANA,TRAMO DE VIA RECTA,DESOBEDIENCIA A SEÑALIZACION,SEÑALIZACION DESOBEDECER SEÑAL CEDA EL PASO,EDUARDO LEFORT,ANTONINO TORO,ANTONINO TORO - EDUARDO LEFORT,0, , ,UNIDIRECCIONAL,ASFALTO,BUENO,SECO,DESPEJADO,0,0,0,0,02,021,02101,Antofagasta,Antofagasta,Antofagasta,Interseccion,"ANTONINO TORO & EDUARDO LEFORT, Antofagasta",-23.662798,-70.395285
-7971246.65092225,-3901776.10126032,5149,2023,1529043,2023/05/07 00:00:00+00,Mayo,7,Domingo,1899/12/30 00:00:00+00,16:45:00,16,REGION VALPARAISO,VALPARAISO,COLISION,COLISION,URBANA,TRAMO DE VIA RECTA,IMPRUDENCIA DEL CONDUCTOR,CONDUCCION NO ATENTO CONDICIONES TRANSITO MOMENTO,VICTORIA,RETAMO,RETAMO - VICTORIA,0, , ,BIDIRECCIONAL,ADOQUIN,BUENO,SECO,DESPEJADO,0,0,0,0,05,051,05101,Valparaíso,Valparaíso,Valparaíso,Interseccion,"RETAMO & VICTORIA, Valparaíso",-33.048747,-71.606927
-7836470.58496822,-2709624.6604386,5150,2023,1545714,2023/07/08 00:00:00+00,Julio,8,Sábado,1899/12/30 00:00:00+00,18:57:00,18,REGION ANTOFAGASTA,ANTOFAGASTA,COLISION,COLISION,URBANA,TRAMO DE VIA RECTA,IMPRUDENCIA DEL CONDUCTOR,CONDUCCION NO ATENTO CONDICIONES TRANSITO MOMENTO,SEPTIMO DE LINEA,EL CORREGIDOR,EL CORREGIDOR - SEPTIMO DE LINEA,0, , ,UNIDIRECCIONAL,ASFALTO,BUENO,SECO,DESPEJADO,0,0,1,0,02,021,02101,Antofagasta,Antofagasta,Antofagasta,Interseccion,"EL CORREGIDOR & SEPTIMO DE LINEA, Antofagasta",-23.640191,-70.396213
-7858260.59602117,-3976570.30870357,5151,2023,1528563,2023/05/07 00:00:00+00,Mayo,7,Domingo,1899/12/30 00:00:00+00,17:00:00,17,REGION METROPOLITANA,PUENTE ALTO,COLISION PERPENDICULAR,COLISION,URBANA,CRUCE CON SEMAFORO FUNCIONANDO,DESOBEDIENCIA A SEÑALIZACION,SEÑALIZACION DESOBEDECER LUZ ROJA DE SEMAFORO,EJERCITO LIBERTADOR,DOMINGO TOCORNAL,DOMINGO TOCORNAL - EJERCITO LIBERTADOR,0, , ,BIDIRECCIONAL CON BANDEJON,ASFALTO,BUENO,SECO,DESPEJADO,0,0,0,0,13,132,13201,Metropolitana de Santiago,Cordillera,Puente Alto,Interseccion,"DOMINGO TOCORNAL & EJERCITO LIBERTADOR, Puente Alto",-33.610122,-70.591956
-7875309.44320294,-3959118.89139227,5152,2023,1543999,2023/07/08 00:00:00+00,Julio,8,Sábado,1899/12/30 00:00:00+00,20:00:00,20,REGION METROPOLITANA,MAIPU,VOLCADURA,VOLCADURA,URBANA,CRUCE CON SEMAFORO FUNCIONANDO,IMPRUDENCIA DEL CONDUCTOR,CONDUCCION NO ATENTO CONDICIONES TRANSITO MOMENTO,STA ELENA,SUR,STA ELENA - SUR,0, , ,BIDIRECCIONAL,ASFALTO,BUENO,SECO,DESPEJADO,0,0,0,0,13,131,13119,Metropolitana de Santiago,Santiago,Maipú,Interseccion,"STA ELENA & SUR, Maipú",-33.479462,-70.745108
-7881651.15874615,-3970932.35418059,5153,2023,1551925,2023/08/15 00:00:00+00,Agosto,15,Martes,1899/12/30 00:00:00+00,19:50:00,19,REGION METROPOLITANA,PADRE HURTADO,COLISION,COLISION,URBANA,TRAMO DE VIA RECTA,IMPRUDENCIA DEL CONDUCTOR,CONDUCCION CONTRA SENTIDO DEL TRANSITO,LUIS PASTEUR,PRIMERA TRANSVERSAL,LUIS PASTEUR - PRIMERA TRANSVERSAL,0, , ,BIDIRECCIONAL,ASFALTO,REGULAR,SECO,DESPEJADO,0,0,0,0,13,136,13604,Metropolitana de Santiago,Talagante,Padre Hurtado,Interseccion,"LUIS PASTEUR & PRIMERA TRANSVERSAL, Padre Hurtado",-33.567932,-70.802077
-7858260.59602117,-3976570.30870357,5154,2023,1528807,2023/05/07 00:00:00+00,Mayo,7,Domingo,1899/12/30 00:00:00+00,17:00:00,17,REGION METROPOLITANA,PUENTE ALTO,COLISION PERPENDICULAR,COLISION,URBANA,CRUCE CON SEMAFORO FUNCIONANDO,DESOBEDIENCIA A SEÑALIZACION,SEÑALIZACION DESOBEDECER LUZ ROJA DE SEMAFORO,EJERCITO LIBERTADOR,DOMINGO TOCORNAL,DOMINGO TOCORNAL - EJERCITO LIBERTADOR,0, , ,BIDIRECCIONAL CON BANDEJON,ASFALTO,BUENO,SECO,DESPEJADO,0,0,0,0,13,132,13201,Metropolitana de Santiago,Cordillera,Puente Alto,Interseccion,"DOMINGO TOCORNAL & EJERCITO LIBERTADOR, Puente Alto",-33.610122,-70.591956
-7931383.69785549,-4162232.8476727,5155,2023,1545260,2023/07/08 00:00:00+00,Julio,8,Sábado,1899/12/30 00:00:00+00,22:30:00,22,REGION MAULE,CURICO,COLISION POR ALCANCE,COLISION,URBANA,CRUCE CON SEMAFORO FUNCIONANDO,IMPRUDENCIA DEL CONDUCTOR,CONDUCCION SIN MANTENER DISTANCIA RAZONABLE NI PRUDENTE,BALMACEDA,LAUTARO,BALMACEDA - LAUTARO,0, , ,BIDIRECCIONAL,ASFALTO,BUENO,HUMEDO,NUBLADO,0,0,0,0,07,073,07301,Maule,Curicó,Curicó,Interseccion,"BALMACEDA & LAUTARO, Curicó",-34.98787,-71.248832
-7882051.68627402,-3962880.16336965,5156,2023,1554091,2023/08/15 00:00:00+00,Agosto,15,Martes,1899/12/30 00:00:00+00,20:00:00,20,REGION METROPOLITANA,MAIPU,VOLCADURA,VOLCADURA,URBANA,TRAMO DE VIA RECTA,VELOCIDAD IMPRUDENTE,VELOCIDAD NO RAZONABLE NI PRUDENTE,CAMINO A RINCONADA,CAMINO EL TREBAL,CAMINO A RINCONADA - CAMINO EL TREBAL,0, , ,BIDIRECCIONAL CON BANDEJON,ASFALTO,BUENO,HUMEDO,DESPEJADO,0,0,0,1,13,131,13119,Metropolitana de Santiago,Santiago,Maipú,Interseccion,"CAMINO A RINCONADA & CAMINO EL TREBAL, Maipú",-33.50764,-70.805675
-7878020.7919722,-3963073.98049677,5157,2023,1543993,2023/07/08 00:00:00+00,Julio,8,Sábado,1899/12/30 00:00:00+00,23:15:00,23,REGION METROPOLITANA,MAIPU,VOLCADURA,VOLCADURA,URBANA,CRUCE CON SEMAFORO FUNCIONANDO,IMPRUDENCIA DEL CONDUCTOR,CONDUCCION NO ATENTO CONDICIONES TRANSITO MOMENTO,CAMINO A RINCONADA,DE LA VICTORIA,CAMINO A RINCONADA - DE LA VICTORIA,0, , ,BIDIRECCIONAL CON BANDEJON,ASFALTO,BUENO,SECO,DESPEJADO,0,1,0,0,13,131,13119,Metropolitana de Santiago,Santiago,Maipú,Interseccion,"CAMINO A RINCONADA & DE LA VICTORIA, Maipú",-33.509092,-70.769465
-8131906.1014975,-4412789.88423434,5158,2023,1552205,2023/08/15 00:00:00+00,Agosto,15,Martes,1899/12/30 00:00:00+00,20:30:00,20,REGION BIO BIO,CONCEPCION,COLISION POR ALCANCE,COLISION,URBANA,CRUCE CON SEMAFORO FUNCIONANDO,IMPRUDENCIA DEL CONDUCTOR,CONDUCCION NO ATENTO CONDICIONES TRANSITO MOMENTO,PAICAVI,CARRERA,CARRERA - PAICAVI,0, , ,BIDIRECCIONAL CON BANDEJON,CONCRETO,BUENO,MOJADO,LLUVIA,0,0,0,1,08,081,08101,Biobío,Concepción,Concepción,Interseccion,"CARRERA & PAICAVI, Concepción",-36.810961,-73.050155
-8128870.81973374,-4413839.24537393,5159,2023,1530204,2023/05/07 00:00:00+00,Mayo,7,Domingo,1899/12/30 00:00:00+00,18:45:00,18,REGION BIO BIO,CONCEPCION,COLISION PERPENDICULAR,COLISION,URBANA,TRAMO DE VIA RECTA,DESOBEDIENCIA A SEÑALIZACION,SEÑALIZACION DESOBEDECER LUZ ROJA DE SEMAFORO,GENERAL NOVOA,VILLARRICA,GENERAL NOVOA - VILLARRICA,0, , ,UNIDIRECCIONAL,CONCRETO,BUENO,SECO,DESPEJADO,0,0,0,1,08,081,08101,Biobío,Concepción,Concepción,Interseccion,"GENERAL NOVOA & VILLARRICA, Concepción",-36.818508,-73.022889
-7966327.3535685,-3898603.03599579,5160,2023,1553678,2023/08/16 00:00:00+00,Agosto,16,Miércoles,1899/12/30 00:00:00+00,08:45:00,8,REGION VALPARAISO,VIÑA DEL MAR,COLISION POR ALCANCE,COLISION,URBANA,TRAMO DE VIA RECTA,IMPRUDENCIA DEL CONDUCTOR,CONDUCCION NO ATENTO CONDICIONES TRANSITO MOMENTO,AGUA SANTA,ALVAREZ,AGUA SANTA - ALVAREZ,0, , ,BIDIRECCIONAL,CONCRETO,BUENO,SECO,DESPEJADO,0,0,0,1,05,051,05109,Valparaíso,Valparaíso,Viña del Mar,Interseccion,"AGUA SANTA & ALVAREZ, Viña del Mar",-33.024851,-71.562736
-7874467.71200526,-4051444.58045871,5161,2023,1543547,2023/07/08 00:00:00+00,Julio,8,Sábado,1899/12/30 00:00:00+00,23:45:00,23,REGION LIB.B.O'HIGGINS,RANCAGUA,COLISION PERPENDICULAR,COLISION,URBANA,CRUCE CON SEMAFORO FUNCIONANDO,ALCOHOL EN CONDUCTOR,CONDUCCION EN ESTADO DE EBRIEDAD,MUJICA,ALMARZA,ALMARZA - MUJICA,0, , ,UNIDIRECCIONAL,CONCRETO,BUENO,SECO,DESPEJADO,0,0,0,1,06,061,06101,Libertador General Bernardo O'Higgins,Cachapoal,Rancagua,Interseccion,"ALMARZA & MUJICA, Rancagua",-34.16846,-70.737547
-7862388.10006741,-3968436.31158248,5162,2023,1530957,2023/05/07 00:00:00+00,Mayo,7,Domingo,1899/12/30 00:00:00+00,19:15:00,19,REGION METROPOLITANA,LA GRANJA,COLISION LATERAL,COLISION,URBANA,CRUCE CON SEÑAL PARE,IMPRUDENCIA DEL CONDUCTOR,VIRAJES INDEBIDOS,LA SERENA,LAS UVAS Y EL VIENTO,LA SERENA - LAS UVAS Y EL VIENTO,0, , ,BIDIRECCIONAL CON BANDEJON,ASFALTO,BUENO,HUMEDO,NUBLADO,0,0,0,1,13,131,13111,Metropolitana de Santiago,Santiago,La Granja,Interseccion,"LA SERENA & LAS UVAS Y EL VIENTO, La Granja",-33.549247,-70.629034
-7966327.3535685,-3898603.03599579,5163,2023,1553825,2023/08/16 00:00:00+00,Agosto,16,Miércoles,1899/12/30 00:00:00+00,08:45:00,8,REGION VALPARAISO,VIÑA DEL MAR,COLISION POR ALCANCE,COLISION,URBANA,TRAMO DE VIA RECTA,IMPRUDENCIA DEL CONDUCTOR,CONDUCCION NO ATENTO CONDICIONES TRANSITO MOMENTO,AGUA SANTA,ALVAREZ,AGUA SANTA - ALVAREZ,0, , ,BIDIRECCIONAL,CONCRETO,BUENO,SECO,DESPEJADO,0,0,0,2,05,051,05109,Valparaíso,Valparaíso,Viña del Mar,Interseccion,"AGUA SANTA & ALVAREZ, Viña del Mar",-33.024851,-71.562736
-8023085.68874474,-4387053.91668168,5164,2023,1544093,2023/07/09 00:00:00+00,Julio,9,Domingo,1899/12/30 00:00:00+00,12:30:00,12,REGION ÑUBLE,CHILLAN,COLISION PERPENDICULAR,COLISION,URBANA,CRUCE CON SEÑAL PARE,DESOBEDIENCIA A SEÑALIZACION,SEÑALIZACION DESOBEDECER SEÑAL PARE,SALTOS DEL ITATA,ALONSO DE ERCILLA,ALONSO DE ERCILLA - SALTOS DEL ITATA,0, , ,UNIDIRECCIONAL,ASFALTO,BUENO,HUMEDO,NUBLADO,0,0,0,0,16,161,16101,Ñuble,Diguillín,Chillán,Interseccion,"ALONSO DE ERCILLA & SALTOS DEL ITATA, Chillán",-36.625643,-72.072605
-7860264.56949443,-3968087.96384781,5165,2023,1547198,2023/07/09 00:00:00+00,Julio,9,Domingo,1899/12/30 00:00:00+00,14:30:00,14,REGION METROPOLITANA,LA FLORIDA,COLISION POR ALCANCE,COLISION,URBANA,CRUCE CON SEÑAL PARE,IMPRUDENCIA DEL CONDUCTOR,ADELANTAMIENTO SIN EL ESPACIO O TIEMPO SUFICIENTE,TRINIDAD,CALLE 3,CALLE 3 - TRINIDAD,0, , ,BIDIRECCIONAL,ASFALTO,REGULAR,SECO,DESPEJADO,0,0,0,1,13,131,13110,Metropolitana de Santiago,Santiago,La Florida,Interseccion,"CALLE 3 & TRINIDAD, La Florida",-33.546639,-70.609958
-7869212.54148389,-3974200.26794969,5166,2023,1552309,2023/08/16 00:00:00+00,Agosto,16,Miércoles,1899/12/30 00:00:00+00,09:30:00,9,REGION METROPOLITANA,SAN BERNARDO,COLISION LATERAL,COLISION,URBANA,TRAMO DE VIA RECTA,IMPRUDENCIA DEL CONDUCTOR,CONDUCCION NO ATENTO CONDICIONES TRANSITO MOMENTO,LEONORA LATORRE,PEDRO SANCHO DE LA HOZ,LEONORA LATORRE - PEDRO SANCHO DE LA HOZ,0, , ,BIDIRECCIONAL,CONCRETO,BUENO,SECO,DESPEJADO,0,0,0,1,13,134,13401,Metropolitana de Santiago,Maipo,San Bernardo,Interseccion,"LEONORA LATORRE & PEDRO SANCHO DE LA HOZ, San Bernardo",-33.592389,-70.690339
-7869434.1208709,-3954689.87252599,5167,2023,1529763,2023/05/07 00:00:00+00,Mayo,7,Domingo,1899/12/30 00:00:00+00,23:20:00,23,REGION METROPOLITANA,QUINTA NORMAL,COLISION PERPENDICULAR,COLISION,URBANA,OTROS NO CONSIDERADOS,IMPRUDENCIA DEL CONDUCTOR,ADELANTAMIENTO SIN EFECTUAR LA SEÑAL RESPECTIVA,APOSTOL SANTIAGO,ALBERTO EDWARDS,ALBERTO EDWARDS - APOSTOL SANTIAGO,0, , ,UNIDIRECCIONAL,ASFALTO,REGULAR,SECO,DESPEJADO,0,0,0,1,13,131,13126,Metropolitana de Santiago,Santiago,Quinta Normal,Interseccion,"ALBERTO EDWARDS & APOSTOL SANTIAGO, Quinta Normal",-33.446271,-70.692329
-7868905.52232828,-3958952.26375284,5168,2023,1551795,2023/08/16 00:00:00+00,Agosto,16,Miércoles,1899/12/30 00:00:00+00,10:50:00,10,REGION METROPOLITANA,CERRILLOS,COLISION PERPENDICULAR,COLISION,URBANA,CRUCE CON SEÑAL CEDA EL PASO,IMPRUDENCIA DEL CONDUCTOR,CONDUCCION NO ATENTO CONDICIONES TRANSITO MOMENTO,AVDA 1,ALC CARLOS VALDOVINOS,ALC CARLOS VALDOVINOS - AVDA 1,0, , ,UNIDIRECCIONAL,ASFALTO,BUENO,SECO,NUBLADO,0,0,0,1,13,131,13102,Metropolitana de Santiago,Santiago,Cerrillos,Interseccion,"ALC CARLOS VALDOVINOS & AVDA 1, Cerrillos",-33.478214,-70.687581
-8133155.06163414,-4414876.3745912,5169,2023,1547493,2023/07/09 00:00:00+00,Julio,9,Domingo,1899/12/30 00:00:00+00,15:00:00,15,REGION BIO BIO,CONCEPCION,VOLCADURA,VOLCADURA,URBANA,CRUCE CON SEMAFORO FUNCIONANDO,VELOCIDAD IMPRUDENTE,VELOCIDAD NO RAZONABLE NI PRUDENTE,ARTURO PRAT,HERAS,ARTURO PRAT - HERAS,0, , ,UNIDIRECCIONAL,CONCRETO,BUENO,SECO,DESPEJADO,0,1,0,0,08,081,08101,Biobío,Concepción,Concepción,Interseccion,"ARTURO PRAT & HERAS, Concepción",-36.825966,-73.061375
-7835886.72535983,-2701908.09956187,5170,2023,1529510,2023/05/07 00:00:00+00,Mayo,7,Domingo,1899/12/30 00:00:00+00,23:40:00,23,REGION ANTOFAGASTA,ANTOFAGASTA,COLISION LATERAL,COLISION,URBANA,CRUCE CON SEMAFORO FUNCIONANDO,IMPRUDENCIA DEL CONDUCTOR,CONDUCCION NO ATENTO CONDICIONES TRANSITO MOMENTO,PEDRO AGUIRRE CERDA,ARTURO PEREZ CANTO,ARTURO PEREZ CANTO - PEDRO AGUIRRE CERDA,0, , ,BIDIRECCIONAL CON BANDEJON,ASFALTO,BUENO,SECO,DESPEJADO,0,0,0,1,02,021,02101,Antofagasta,Antofagasta,Antofagasta,Interseccion,"ARTURO PEREZ CANTO & PEDRO AGUIRRE CERDA, Antofagasta",-23.576673,-70.390968
-8153215.0217156,-4839053.83588125,5171,2023,1552744,2023/08/16 00:00:00+00,Agosto,16,Miércoles,1899/12/30 00:00:00+00,12:00:00,12,REGION DE LOS RIOS,VALDIVIA,COLISION LATERAL,COLISION,URBANA,CRUCE CON SEÑAL PARE,IMPRUDENCIA DEL CONDUCTOR,CONDUCCION NO ATENTO CONDICIONES TRANSITO MOMENTO,RAMON PICARTE,WALTER SCHMIDT,RAMON PICARTE - WALTER SCHMIDT,0, , ,BIDIRECCIONAL,CONCRETO,BUENO,HUMEDO,DESPEJADO,0,0,0,1,14,141,14101,Los Ríos,Valdivia,Valdivia,Interseccion,"RAMON PICARTE & WALTER SCHMIDT, Valdivia",-39.814717,-73.241577
-7674448.31661435,-2566212.92136951,5172,2023,1544599,2023/07/09 00:00:00+00,Julio,9,Domingo,1899/12/30 00:00:00+00,16:30:00,16,REGION ANTOFAGASTA,CALAMA,COLISION LATERAL,COLISION,URBANA,TRAMO DE VIA RECTA,IMPRUDENCIA DEL CONDUCTOR,CONDUCCION SIN MANTENER DISTANCIA RAZONABLE NI PRUDENTE,VASCO DE GAMA,MUNICH,MUNICH - VASCO DE GAMA,0, , ,BIDIRECCIONAL,ASFALTO,BUENO,SECO,DESPEJADO,0,0,0,0,02,022,02201,Antofagasta,El Loa,Calama,Interseccion,"MUNICH & VASCO DE GAMA, Calama",-22.45476,-68.940742
-7859144.47277807,-3955804.87374064,5173,2023,1557136,2023/08/16 00:00:00+00,Agosto,16,Miércoles,1899/12/30 00:00:00+00,12:30:00,12,REGION METROPOLITANA,ÑUÑOA,COLISION,COLISION,URBANA,OTROS NO CONSIDERADOS,IMPRUDENCIA DEL CONDUCTOR,CONDUCIR VEHICULO EN RETROCESO,SUECIA,IRARRAZAVAL,IRARRAZAVAL - SUECIA,0, , ,BIDIRECCIONAL CON BANDEJON,CONCRETO,BUENO,SECO,DESPEJADO,0,0,0,0,13,131,13120,Metropolitana de Santiago,Santiago,Ñuñoa,Interseccion,"IRARRAZAVAL & SUECIA, Ñuñoa",-33.454628,-70.599896
-7949308.13964631,-3902846.04096603,5174,2023,1543540,2023/07/09 00:00:00+00,Julio,9,Domingo,1899/12/30 00:00:00+00,18:40:00,18,REGION VALPARAISO,QUILPUE,COLISION PERPENDICULAR,COLISION,URBANA,TRAMO DE VIA RECTA,DESOBEDIENCIA A SEÑALIZACION,SEÑALIZACION DESOBEDECER SEÑAL CEDA EL PASO,LEÑADORES,ALBA,ALBA - LEÑADORES,0, , ,BIDIRECCIONAL,CONCRETO,BUENO,SECO,DESPEJADO,0,0,0,0,05,058,05801,Valparaíso,Marga Marga,Quilpué,Interseccion,"ALBA & LEÑADORES, Quilpué",-33.056803,-71.40985
-7863126.25964426,-3965506.1374595,5175,2023,1530359,2023/05/08 00:00:00+00,Mayo,8,Lunes,1899/12/30 00:00:00+00,08:40:00,8,REGION METROPOLITANA,SAN RAMON,COLISION POR ALCANCE,COLISION,URBANA,CRUCE CON SEMAFORO FUNCIONANDO,ALCOHOL EN CONDUCTOR,CONDUCCION BAJO LA INFLUENCIA DEL ALCOHOL,STA ROSA,LOS TILOS,LOS TILOS - STA ROSA,0, , ,BIDIRECCIONAL CON BANDEJON,ASFALTO,BUENO,SECO,DESPEJADO,0,0,0,4,13,131,13131,Metropolitana de Santiago,Santiago,San Ramón,Interseccion,"LOS TILOS & STA ROSA, San Ramón",-33.527307,-70.635665
-8051424.62547446,-4500771.20896132,5176,2023,1543881,2023/07/10 00:00:00+00,Julio,10,Lunes,1899/12/30 00:00:00+00,00:30:00,0,REGION BIO BIO,LOS ANGELES,CHOQUE POSTERIOR/FRENTE,CHOQUE,URBANA,CRUCE CON SEMAFORO FUNCIONANDO,ALCOHOL EN CONDUCTOR,CONDUCCION EN ESTADO DE EBRIEDAD,SOR VICENTA,LAS INDUSTRIAS,LAS INDUSTRIAS - SOR VICENTA,0, , ,BIDIRECCIONAL CON BANDEJON,ASFALTO,BUENO,SECO,DESPEJADO,0,0,0,1,08,083,08301,Biobío,Biobío,Los Angeles,Interseccion,"LAS INDUSTRIAS & SOR VICENTA, Los Angeles",-37.441108,-72.327178
-7894674.64861303,-3980198.68646624,5177,2023,1551928,2023/08/16 00:00:00+00,Agosto,16,Miércoles,1899/12/30 00:00:00+00,13:20:00,13,REGION METROPOLITANA,PEÑAFLOR,COLISION,COLISION,URBANA,TRAMO DE VIA RECTA,IMPRUDENCIA DEL CONDUCTOR,CONDUCCION NO ATENTO CONDICIONES TRANSITO MOMENTO,PEÑAFLOR,EL ROSARIO,EL ROSARIO - PEÑAFLOR,0, , ,BIDIRECCIONAL,ASFALTO,REGULAR,SECO,DESPEJADO,0,0,0,0,13,136,13605,Metropolitana de Santiago,Talagante,Peñaflor,Interseccion,"EL ROSARIO & PEÑAFLOR, Peñaflor",-33.637263,-70.919069