X,Y,FID,Año,IdAccident,Fecha,Mes,Dia_mes,Dia_semana,Hora,Hora_texto,Hora_aprox,Región,Comuna,Tipo_Accid,Tipo__CONA,Zona,Ubicación,Causa__CON,Causa_Acci,Calle_Uno,Calle_Dos,Intersecci,Número,Ruta,Ubicaci_1,Calzada,Tipo_Calza,Estado_Cal,Condición,Estado_Atm,Fallecidos,Graves,Menos_Grav,Leves,CUT_REG,CUT_PROV,CUT_COM,REGION,PROVINCIA,COMUNA1,Tipo_direc,Direccion,Lat,Lon
-7871001.16473054,-3952258.68745552,5216,2023,1555997,2023/08/18 00:00:00+00,Agosto,18,Viernes,1899/12/30 00:00:00+00,10:40:00,10,REGION METROPOLITANA,QUINTA NORMAL,COLISION LATERAL,COLISION,URBANA,CRUCE CON SEÑAL PARE,IMPRUDENCIA DEL CONDUCTOR,"ADELANTAMIENTO EN CRUCE, CURVA, CUESTA, PUENTE",MAPOCHO,SERGIO VALDOVINOS,MAPOCHO - SERGIO VALDOVINOS,0, , ,BIDIRECCIONAL,ASFALTO,BUENO,SECO,DESPEJADO,0,0,0,0,13,131,13126,Metropolitana de Santiago,Santiago,Quinta Normal,Interseccion,"MAPOCHO & SERGIO VALDOVINOS, Quinta Normal",-33.428046,-70.706406
-7873739.2372575,-3958658.51915263,5217,2023,1544007,2023/07/11 00:00:00+00,Julio,11,Martes,1899/12/30 00:00:00+00,16:40:00,16,REGION METROPOLITANA,MAIPU,VOLCADURA,VOLCADURA,URBANA,CRUCE CON SEÑAL CEDA EL PASO,IMPRUDENCIA DEL CONDUCTOR,VIRAJES INDEBIDOS,SUR DE CHILE,LAS TORRES,LAS TORRES - SUR DE CHILE,0, , ,BIDIRECCIONAL,ASFALTO,BUENO,SECO,DESPEJADO,0,0,0,1,13,131,13119,Metropolitana de Santiago,Santiago,Maipú,Interseccion,"LAS TORRES & SUR DE CHILE, Maipú",-33.476013,-70.731003
-7858889.80717899,-3952370.62380106,5218,2023,1529825,2023/05/08 00:00:00+00,Mayo,8,Lunes,1899/12/30 00:00:00+00,22:40:00,22,REGION METROPOLITANA,PROVIDENCIA,COLISION FRONTAL,COLISION,URBANA,CRUCE CON SEMAFORO FUNCIONANDO,IMPRUDENCIA DEL CONDUCTOR,CONDUCCION NO ATENTO CONDICIONES TRANSITO MOMENTO,HERNANDO DE AGUIRRE,ELIODORO YAÑEZ,ELIODORO YAÑEZ - HERNANDO DE AGUIRRE,0, , ,UNIDIRECCIONAL,ASFALTO,REGULAR,HUMEDO,DESPEJADO,0,2,0,0,13,131,13123,Metropolitana de Santiago,Santiago,Providencia,Interseccion,"ELIODORO YAÑEZ & HERNANDO DE AGUIRRE, Providencia",-33.428885,-70.597608
-7866821.06486318,-3953173.09821992,5219,2023,1556283,2023/08/18 00:00:00+00,Agosto,18,Viernes,1899/12/30 00:00:00+00,14:00:00,14,REGION METROPOLITANA,SANTIAGO,COLISION,COLISION,URBANA,CRUCE CON SEMAFORO FUNCIONANDO,IMPRUDENCIA DEL CONDUCTOR,CONDUCCION NO ATENTO CONDICIONES TRANSITO MOMENTO,SAN PABLO,RICARDO CUMMING,RICARDO CUMMING - SAN PABLO,0, , ,UNIDIRECCIONAL,CONCRETO,BUENO,SECO,DESPEJADO,0,0,0,1,13,131,13101,Metropolitana de Santiago,Santiago,Santiago,Interseccion,"RICARDO CUMMING & SAN PABLO, Santiago",-33.434901,-70.668856
-7942020.82062177,-3499046.32892618,5220,2023,1545078,2023/07/11 00:00:00+00,Julio,11,Martes,1899/12/30 00:00:00+00,17:35:00,17,REGION COQUIMBO,COQUIMBO,COLISION PERPENDICULAR,COLISION,URBANA,CRUCE CON SEÑAL PARE,IMPRUDENCIA DEL CONDUCTOR,CONDUCCION NO ATENTO CONDICIONES TRANSITO MOMENTO,PEDRO AGUIRRE CERDA,GUACOLDA,GUACOLDA - PEDRO AGUIRRE CERDA,0, , ,UNIDIRECCIONAL,ASFALTO,BUENO,SECO,NUBLADO,0,0,0,1,04,041,04102,Coquimbo,Elqui,Coquimbo,Interseccion,"GUACOLDA & PEDRO AGUIRRE CERDA, Coquimbo",-29.964958,-71.344387
-7926842.65299951,-3868108.13071434,5221,2023,1552575,2023/08/18 00:00:00+00,Agosto,18,Viernes,1899/12/30 00:00:00+00,16:25:00,16,REGION VALPARAISO,CALERA,COLISION LATERAL,COLISION,URBANA,TRAMO DE VIA RECTA,IMPRUDENCIA DEL CONDUCTOR,CONDUCCION NO ATENTO CONDICIONES TRANSITO MOMENTO,CARRERA,18 DE SEPTIEMBRE,18 DE SEPTIEMBRE - CARRERA,0, , ,BIDIRECCIONAL,ASFALTO,BUENO,SECO,NUBLADO,0,0,0,1,05,055,05502,Valparaíso,Quillota,Calera,Interseccion,"18 DE SEPTIEMBRE & CARRERA, Calera",-32.794872,-71.208039
-7866283.63610232,-3953148.69577481,5222,2023,1547061,2023/07/11 00:00:00+00,Julio,11,Martes,1899/12/30 00:00:00+00,18:20:00,18,REGION METROPOLITANA,SANTIAGO,COLISION LATERAL,COLISION,URBANA,CRUCE SIN SEÑALIZACION,IMPRUDENCIA DEL CONDUCTOR,CONDUCCION CAMBIAR SORPRESIVAMENTE PISTA CIRCULACION,SAN PABLO,BARTOLOME VIVAR,BARTOLOME VIVAR - SAN PABLO,0, , ,UNIDIRECCIONAL,ASFALTO,BUENO,MOJADO,LLUVIA,0,0,0,1,13,131,13101,Metropolitana de Santiago,Santiago,Santiago,Interseccion,"BARTOLOME VIVAR & SAN PABLO, Santiago",-33.434718,-70.664028
-7866283.63610232,-3953148.69577481,5223,2023,1550587,2023/07/11 00:00:00+00,Julio,11,Martes,1899/12/30 00:00:00+00,18:20:00,18,REGION METROPOLITANA,SANTIAGO,COLISION,COLISION,URBANA,OTROS NO CONSIDERADOS,IMPRUDENCIA DEL CONDUCTOR,CONDUCCION SIN MANTENER DISTANCIA RAZONABLE NI PRUDENTE,SAN PABLO,BARTOLOME VIVAR,BARTOLOME VIVAR - SAN PABLO,0, , ,UNIDIRECCIONAL,CONCRETO,BUENO,SECO,DESPEJADO,0,0,0,1,13,131,13101,Metropolitana de Santiago,Santiago,Santiago,Interseccion,"BARTOLOME VIVAR & SAN PABLO, Santiago",-33.434718,-70.664028
-7872319.46847193,-3954338.49257526,5224,2023,1531192,2023/05/09 00:00:00+00,Mayo,9,Martes,1899/12/30 00:00:00+00,05:35:00,5,REGION METROPOLITANA,LO PRADO,COLISION POR ALCANCE,COLISION,URBANA,TRAMO DE VIA RECTA,IMPRUDENCIA DEL CONDUCTOR,CONDUCCION NO ATENTO CONDICIONES TRANSITO MOMENTO,SAN PABLO,STA NORA,SAN PABLO - STA NORA,0, , ,BIDIRECCIONAL CON BANDEJON,ASFALTO,BUENO,SECO,DESPEJADO,0,1,0,0,13,131,13117,Metropolitana de Santiago,Santiago,Lo Prado,Interseccion,"SAN PABLO & STA NORA, Lo Prado",-33.443637,-70.718249
-7930531.213195,-4159454.12562406,5225,2023,1545490,2023/07/11 00:00:00+00,Julio,11,Martes,1899/12/30 00:00:00+00,19:00:00,19,REGION MAULE,CURICO,COLISION LATERAL,COLISION,URBANA,OTROS NO CONSIDERADOS,IMPRUDENCIA DEL CONDUCTOR,NO RESPETAR DERECHO PREFERENTE DE PASO A VEHICULO,CIRCUNVALACION NORTE,ISLA DIEGO RAMIREZ,CIRCUNVALACION NORTE - ISLA DIEGO RAMIREZ,0, , ,BIDIRECCIONAL,CONCRETO,BUENO,MOJADO,LLUVIA,0,0,0,0,07,073,07301,Maule,Curicó,Curicó,Interseccion,"CIRCUNVALACION NORTE & ISLA DIEGO RAMIREZ, Curicó",-34.967417,-71.241174
-7862365.73601511,-3953454.9378741,5226,2023,1529829,2023/05/09 00:00:00+00,Mayo,9,Martes,1899/12/30 00:00:00+00,07:18:00,7,REGION METROPOLITANA,PROVIDENCIA,COLISION LATERAL,COLISION,URBANA,TRAMO DE VIA RECTA,IMPRUDENCIA DEL CONDUCTOR,CONDUCCION NO ATENTO CONDICIONES TRANSITO MOMENTO,PROVIDENCIA,OBPO DONOSO,OBPO DONOSO - PROVIDENCIA,0, , ,UNIDIRECCIONAL,ASFALTO,BUENO,SECO,DESPEJADO,0,0,0,1,13,131,13123,Metropolitana de Santiago,Santiago,Providencia,Interseccion,"OBPO DONOSO & PROVIDENCIA, Providencia",-33.437014,-70.628833
-7853668.33306748,-3947543.21169832,5227,2023,1548907,2023/07/11 00:00:00+00,Julio,11,Martes,1899/12/30 00:00:00+00,19:00:00,19,REGION METROPOLITANA,LAS CONDES,COLISION FRONTAL,COLISION,URBANA,CRUCE CON SEÑAL CEDA EL PASO,VELOCIDAD IMPRUDENTE,VELOCIDAD NO RAZONABLE NI PRUDENTE,ROSARIO ROSALES,HNOS CABOT,HNOS CABOT - ROSARIO ROSALES,0, , ,BIDIRECCIONAL,ASFALTO,BUENO,SECO,NUBLADO,0,0,0,0,13,131,13114,Metropolitana de Santiago,Santiago,Las Condes,Interseccion,"HNOS CABOT & ROSARIO ROSALES, Las Condes",-33.392686,-70.550703
-7870573.42225884,-3951660.76842707,5228,2023,1532849,2023/05/09 00:00:00+00,Mayo,9,Martes,1899/12/30 00:00:00+00,07:30:00,7,REGION METROPOLITANA,QUINTA NORMAL,COLISION PERPENDICULAR,COLISION,URBANA,CRUCE CON SEÑAL PARE,DESOBEDIENCIA A SEÑALIZACION,SEÑALIZACION DESOBEDECER SEÑAL PARE,RADAL,NVA EXTREMADURA,NVA EXTREMADURA - RADAL,0, , ,UNIDIRECCIONAL,ASFALTO,BUENO,SECO,DESPEJADO,0,0,0,0,13,131,13126,Metropolitana de Santiago,Santiago,Quinta Normal,Interseccion,"NVA EXTREMADURA & RADAL, Quinta Normal",-33.423563,-70.702564
-7931956.10264376,-3494906.73881808,5229,2023,1529170,2023/05/09 00:00:00+00,Mayo,9,Martes,1899/12/30 00:00:00+00,08:00:00,8,REGION COQUIMBO,LA SERENA,COLISION PERPENDICULAR,COLISION,URBANA,CRUCE CON SEÑAL CEDA EL PASO,DESOBEDIENCIA A SEÑALIZACION,SEÑALIZACION DESOBEDECER SEÑAL CEDA EL PASO,FRANCISCO CORNELLY,GABRIEL GONZALEZ VIDELA,FRANCISCO CORNELLY - GABRIEL GONZALEZ VIDELA,0, , ,UNIDIRECCIONAL,ASFALTO,BUENO,SECO,NUBLADO,0,0,0,1,04,041,04101,Coquimbo,Elqui,La Serena,Interseccion,"FRANCISCO CORNELLY & GABRIEL GONZALEZ VIDELA, La Serena",-29.932737,-71.253974
-7855917.76601794,-3970927.94538734,5230,2023,1555147,2023/08/18 00:00:00+00,Agosto,18,Viernes,1899/12/30 00:00:00+00,17:40:00,17,REGION METROPOLITANA,PUENTE ALTO,COLISION LATERAL,COLISION,URBANA,TRAMO DE VIA RECTA,IMPRUDENCIA DEL CONDUCTOR,CONDUCCION NO ATENTO CONDICIONES TRANSITO MOMENTO,LOS TOROS,JOSEFA PORTALES,JOSEFA PORTALES - LOS TOROS,0, , ,BIDIRECCIONAL,CONCRETO,BUENO,SECO,DESPEJADO,0,0,0,0,13,132,13201,Metropolitana de Santiago,Cordillera,Puente Alto,Interseccion,"JOSEFA PORTALES & LOS TOROS, Puente Alto",-33.567899,-70.57091
-7868951.60859747,-3943701.54936141,5231,2023,1530621,2023/05/09 00:00:00+00,Mayo,9,Martes,1899/12/30 00:00:00+00,08:20:00,8,REGION METROPOLITANA,HUECHURABA,COLISION,COLISION,URBANA,TRAMO DE VIA RECTA,IMPRUDENCIA DEL CONDUCTOR,CONDUCCION NO ATENTO CONDICIONES TRANSITO MOMENTO,CALLE 1,REAL AUDIENCIA,CALLE 1 - REAL AUDIENCIA,0, , ,BIDIRECCIONAL,ASFALTO,BUENO,SECO,DESPEJADO,0,0,0,1,13,131,13107,Metropolitana de Santiago,Santiago,Huechuraba,Interseccion,"CALLE 1 & REAL AUDIENCIA, Huechuraba",-33.363868,-70.687995
-7856478.25965408,-3972566.66296946,5232,2023,1555156,2023/08/18 00:00:00+00,Agosto,18,Viernes,1899/12/30 00:00:00+00,18:00:00,18,REGION METROPOLITANA,PUENTE ALTO,COLISION POR ALCANCE,COLISION,URBANA,TRAMO DE VIA RECTA,IMPRUDENCIA DEL CONDUCTOR,CONDUCCION NO ATENTO CONDICIONES TRANSITO MOMENTO,EL PEÑON,NEMESIO VICUÑA,EL PEÑON - NEMESIO VICUÑA,0, , ,BIDIRECCIONAL,CONCRETO,BUENO,SECO,DESPEJADO,0,0,0,0,13,132,13201,Metropolitana de Santiago,Cordillera,Puente Alto,Interseccion,"EL PEÑON & NEMESIO VICUÑA, Puente Alto",-33.580164,-70.575945
-7861667.5290369,-3966266.12166902,5233,2023,1531011,2023/05/09 00:00:00+00,Mayo,9,Martes,1899/12/30 00:00:00+00,08:55:00,8,REGION METROPOLITANA,LA GRANJA,COLISION LATERAL,COLISION,URBANA,CRUCE SIN SEÑALIZACION,IMPRUDENCIA DEL CONDUCTOR,CONDUCCION NO ATENTO CONDICIONES TRANSITO MOMENTO,LA SERENA,5 NORTE,5 NORTE - LA SERENA,0, , ,BIDIRECCIONAL,ASFALTO,BUENO,SECO,DESPEJADO,0,0,0,1,13,131,13111,Metropolitana de Santiago,Santiago,La Granja,Interseccion,"5 NORTE & LA SERENA, La Granja",-33.532998,-70.622561
-7913570.13031091,-3534237.46765011,5234,2023,1552786,2023/08/18 00:00:00+00,Agosto,18,Viernes,1899/12/30 00:00:00+00,18:30:00,18,REGION COQUIMBO,ANDACOLLO,VOLCADURA,VOLCADURA,URBANA,OTROS NO CONSIDERADOS,IMPRUDENCIA DEL CONDUCTOR,CONDUCCION NO ATENTO CONDICIONES TRANSITO MOMENTO,MATADERO,RIOS,MATADERO - RIOS,0, , ,BIDIRECCIONAL,TIERRA,MALO, ,DESPEJADO,0,0,1,0,04,041,04103,Coquimbo,Elqui,Andacollo,Interseccion,"MATADERO & RIOS, Andacollo",-30.238451,-71.08881
-8056188.65440245,-4505567.3040817,5235,2023,1544658,2023/07/11 00:00:00+00,Julio,11,Martes,1899/12/30 00:00:00+00,19:30:00,19,REGION BIO BIO,LOS ANGELES,COLISION LATERAL,COLISION,URBANA,TRAMO DE VIA RECTA,IMPRUDENCIA DEL CONDUCTOR,CONDUCCION NO ATENTO CONDICIONES TRANSITO MOMENTO,PADRE HURTADO,BAQUEDANO,BAQUEDANO - PADRE HURTADO,0, , ,BIDIRECCIONAL,CONCRETO,REGULAR,MOJADO,LLUVIA,0,0,0,1,08,083,08301,Biobío,Biobío,Los Angeles,Interseccion,"BAQUEDANO & PADRE HURTADO, Los Angeles",-37.475308,-72.369974
-7868985.1157642,-3957089.69433133,5236,2023,1532110,2023/05/09 00:00:00+00,Mayo,9,Martes,1899/12/30 00:00:00+00,11:30:00,11,REGION METROPOLITANA,ESTACION CENTRAL,COLISION,COLISION,URBANA,CRUCE CON SEMAFORO FUNCIONANDO,DESOBEDIENCIA A SEÑALIZACION,SEÑALIZACION DESOBEDECER LUZ ROJA DE SEMAFORO,PADRE ALBERTO HURTADO,IQUIQUE,IQUIQUE - PADRE ALBERTO HURTADO,0, , ,BIDIRECCIONAL,ASFALTO,BUENO,SECO,DESPEJADO,0,0,0,0,13,131,13106,Metropolitana de Santiago,Santiago,Estación Central,Interseccion,"IQUIQUE & PADRE ALBERTO HURTADO, Estación Central",-33.464257,-70.688296
-7892116.97199257,-3994603.02832693,5237,2023,1555665,2023/08/18 00:00:00+00,Agosto,18,Viernes,1899/12/30 00:00:00+00,18:48:00,18,REGION METROPOLITANA,ISLA DE MAIPO,COLISION PERPENDICULAR,COLISION,URBANA,CRUCE CON SEÑAL CEDA EL PASO,DESOBEDIENCIA A SEÑALIZACION,SEÑALIZACION DESOBEDECER SEÑAL CEDA EL PASO,LAS DALIAS,LO GUERRA,LAS DALIAS - LO GUERRA,0, , ,BIDIRECCIONAL,ASFALTO,BUENO,SECO,DESPEJADO,0,0,0,0,13,136,13603,Metropolitana de Santiago,Talagante,Isla de Maipo,Interseccion,"LAS DALIAS & LO GUERRA, Isla de Maipo",-33.744926,-70.896093
-8051352.71308341,-4504372.14197234,5238,2023,1530699,2023/05/09 00:00:00+00,Mayo,9,Martes,1899/12/30 00:00:00+00,14:00:00,14,REGION BIO BIO,LOS ANGELES,VOLCADURA,VOLCADURA,URBANA,TRAMO DE VIA RECTA,DESOBEDIENCIA A SEÑALIZACION,SEÑALIZACION DESOBEDECER SEÑAL PARE,LOS CARRERA,LAS INDUSTRIAS,LAS INDUSTRIAS - LOS CARRERA,0, , ,BIDIRECCIONAL CON BANDEJON,CONCRETO,BUENO,SECO,DESPEJADO,0,0,0,2,08,083,08301,Biobío,Biobío,Los Angeles,Interseccion,"LAS INDUSTRIAS & LOS CARRERA, Los Angeles",-37.466787,-72.326532
-7834411.18556502,-2705373.73741673,5239,2023,1553087,2023/08/18 00:00:00+00,Agosto,18,Viernes,1899/12/30 00:00:00+00,19:05:00,19,REGION ANTOFAGASTA,ANTOFAGASTA,COLISION PERPENDICULAR,COLISION,URBANA,CRUCE CON SEÑAL CEDA EL PASO,IMPRUDENCIA DEL CONDUCTOR,CONDUCCION NO ATENTO CONDICIONES TRANSITO MOMENTO,LOS LEONES,SAN DIEGO,LOS LEONES - SAN DIEGO,0, , ,BIDIRECCIONAL,ASFALTO,BUENO,SECO,DESPEJADO,0,0,0,1,02,021,02101,Antofagasta,Antofagasta,Antofagasta,Interseccion,"LOS LEONES & SAN DIEGO, Antofagasta",-23.605204,-70.377713
-7869046.00757019,-3873183.20179666,5240,2023,1529488,2023/05/09 00:00:00+00,Mayo,9,Martes,1899/12/30 00:00:00+00,14:50:00,14,REGION VALPARAISO,RINCONADA,VOLCADURA,VOLCADURA,URBANA,TRAMO DE VIA RECTA,VELOCIDAD IMPRUDENTE,VELOCIDAD NO RAZONABLE NI PRUDENTE,CARRETERA GENERAL SAN MARTIN,PERFECTO DE LA FUENTE,CARRETERA GENERAL SAN MARTIN - PERFECTO DE LA FUENTE,0, , ,BIDIRECCIONAL,ASFALTO,BUENO,SECO,DESPEJADO,0,0,0,1,05,053,05303,Valparaíso,Los Andes,Rinconada,Interseccion,"CARRETERA GENERAL SAN MARTIN & PERFECTO DE LA FUENTE, Rinconada",-32.833187,-70.688843
-7868783.62748586,-3963091.37284876,5241,2023,1529438,2023/05/09 00:00:00+00,Mayo,9,Martes,1899/12/30 00:00:00+00,15:35:00,15,REGION METROPOLITANA,LO ESPEJO,VOLCADURA,VOLCADURA,URBANA,CRUCE CON SEÑAL PARE,VELOCIDAD IMPRUDENTE,VELOCIDAD NO RAZONABLE NI PRUDENTE,BUENAVENTURA,OBISPO JAVIER VASQUEZ,BUENAVENTURA - OBISPO JAVIER VASQUEZ,0, , ,UNIDIRECCIONAL,CONCRETO,REGULAR,GRAVILLA,DESPEJADO,0,0,1,0,13,131,13116,Metropolitana de Santiago,Santiago,Lo Espejo,Interseccion,"BUENAVENTURA & OBISPO JAVIER VASQUEZ, Lo Espejo",-33.509222,-70.686486
-7873738.23538209,-3957922.92252656,5242,2023,1554141,2023/08/18 00:00:00+00,Agosto,18,Viernes,1899/12/30 00:00:00+00,19:30:00,19,REGION METROPOLITANA,MAIPU,VOLCADURA,VOLCADURA,URBANA,CRUCE CON SEÑAL CEDA EL PASO,VELOCIDAD IMPRUDENTE,VELOCIDAD NO RAZONABLE NI PRUDENTE,STA CORINA,LAS TORRES,LAS TORRES - STA CORINA,0, , ,BIDIRECCIONAL,ASFALTO,BUENO,SECO,DESPEJADO,0,0,0,1,13,131,13119,Metropolitana de Santiago,Santiago,Maipú,Interseccion,"LAS TORRES & STA CORINA, Maipú",-33.470501,-70.730994
-7874547.19412168,-3956278.54215835,5243,2023,1547528,2023/07/11 00:00:00+00,Julio,11,Martes,1899/12/30 00:00:00+00,20:55:00,20,REGION METROPOLITANA,PUDAHUEL,ATROPELLO,ATROPELLO,URBANA,CRUCE CON SEÑAL CEDA EL PASO,IMPRUDENCIA DEL CONDUCTOR,NO RESPETAR DERECHO PREFERENTE DE PASO A PEATON,LA TRAVESIA,CAMINO LUIS CRUZ MARTINEZ,CAMINO LUIS CRUZ MARTINEZ - LA TRAVESIA,0, , ,BIDIRECCIONAL CON BANDEJON,MIXTO,BUENO,SECO,DESPEJADO,0,0,0,0,13,131,13124,Metropolitana de Santiago,Santiago,Pudahuel,Interseccion,"CAMINO LUIS CRUZ MARTINEZ & LA TRAVESIA, Pudahuel",-33.458178,-70.738261
-7973844.30379674,-4223372.75943104,5244,2023,1529593,2023/05/09 00:00:00+00,Mayo,9,Martes,1899/12/30 00:00:00+00,17:25:00,17,REGION MAULE,TALCA,CHOQUE LADO/POSTERIOR,CHOQUE,URBANA,CRUCE CON SEÑAL PARE,DESOBEDIENCIA A SEÑALIZACION,SEÑALIZACION DESOBEDECER SEÑAL PARE,30 ORIENTE,4 SUR,30 ORIENTE - 4 SUR,0, , ,BIDIRECCIONAL CON BANDEJON,CONCRETO,BUENO,SECO,DESPEJADO,0,0,0,0,07,071,07101,Maule,Talca,Talca,Interseccion,"30 ORIENTE & 4 SUR, Talca",-35.4366,-71.630262
-8149873.4680617,-4842615.45979459,5245,2023,1553116,2023/08/18 00:00:00+00,Agosto,18,Viernes,1899/12/30 00:00:00+00,19:35:00,19,REGION DE LOS RIOS,VALDIVIA,COLISION FRONTAL,COLISION,URBANA,TRAMO DE VIA RECTA,IMPRUDENCIA DEL CONDUCTOR,CONDUCCION NO ATENTO CONDICIONES TRANSITO MOMENTO,RUBEN DARIO,ALONSO DE ZURITA,ALONSO DE ZURITA - RUBEN DARIO,0, , ,BIDIRECCIONAL,CONCRETO,BUENO,SECO,LLOVIZNA,0,0,0,1,14,141,14101,Los Ríos,Valdivia,Valdivia,Interseccion,"ALONSO DE ZURITA & RUBEN DARIO, Valdivia",-39.839288,-73.211559
-7872319.46847193,-3954338.49257526,5246,2023,1532840,2023/05/09 00:00:00+00,Mayo,9,Martes,1899/12/30 00:00:00+00,17:40:00,17,REGION METROPOLITANA,LO PRADO,COLISION LATERAL,COLISION,URBANA,CRUCE CON SEÑAL PARE,IMPRUDENCIA DEL CONDUCTOR,VIRAJES INDEBIDOS,SAN PABLO,STA NORA,SAN PABLO - STA NORA,0, , ,BIDIRECCIONAL,ASFALTO,BUENO,SECO,DESPEJADO,0,0,0,1,13,131,13117,Metropolitana de Santiago,Santiago,Lo Prado,Interseccion,"SAN PABLO & STA NORA, Lo Prado",-33.443637,-70.718249
-7867113.389846,-3923626.76449942,5247,2023,1554480,2023/08/18 00:00:00+00,Agosto,18,Viernes,1899/12/30 00:00:00+00,20:20:00,20,REGION METROPOLITANA,COLINA,COLISION LATERAL,COLISION,URBANA,TRAMO DE VIA RECTA,IMPRUDENCIA DEL CONDUCTOR,NO RESPETAR DERECHO PREFERENTE DE PASO A VEHICULO,STA CECILIA,CALETERA GRAL SAN MARTIN,CALETERA GRAL SAN MARTIN - STA CECILIA,0, , ,BIDIRECCIONAL,ASFALTO,BUENO,SECO,NUBLADO,0,1,0,0,13,133,13301,Metropolitana de Santiago,Chacabuco,Colina,Interseccion,"CALETERA GRAL SAN MARTIN & STA CECILIA, Colina",-33.213123,-70.671482
-7931217.25299739,-3494921.47251738,5248,2023,1553358,2023/08/18 00:00:00+00,Agosto,18,Viernes,1899/12/30 00:00:00+00,20:25:00,20,REGION COQUIMBO,LA SERENA,COLISION PERPENDICULAR,COLISION,URBANA,CRUCE CON SEÑAL PARE,DESOBEDIENCIA A SEÑALIZACION,SEÑALIZACION DESOBEDECER SEÑAL PARE,LOS PERALES,GABRIELA MISTRAL,GABRIELA MISTRAL - LOS PERALES,0, , ,BIDIRECCIONAL,ASFALTO,BUENO,SECO,DESPEJADO,0,1,0,1,04,041,04101,Coquimbo,Elqui,La Serena,Interseccion,"GABRIELA MISTRAL & LOS PERALES, La Serena",-29.932852,-71.247337
-7824181.91502666,-2094011.19731479,5249,2023,1529478,2023/05/09 00:00:00+00,Mayo,9,Martes,1899/12/30 00:00:00+00,18:15:00,18,REGION ARICA Y PARINACOTA,ARICA,COLISION,COLISION,URBANA,TRAMO DE VIA RECTA,DESOBEDIENCIA A SEÑALIZACION,SEÑALIZACION DESOBEDECER SEÑAL PARE,BALMACEDA,JOAQUIN ARACENA,BALMACEDA - JOAQUIN ARACENA,0, , ,BIDIRECCIONAL CON BANDEJON,ASFALTO,BUENO,SECO,DESPEJADO,0,0,0,1,15,151,15101,Arica y Parinacota,Arica,Arica,Interseccion,"BALMACEDA & JOAQUIN ARACENA, Arica",-18.481723,-70.285822
-7874868.94084592,-3958699.34400065,5250,2023,1554154,2023/08/18 00:00:00+00,Agosto,18,Viernes,1899/12/30 00:00:00+00,20:58:00,20,REGION METROPOLITANA,MAIPU,VOLCADURA,VOLCADURA,URBANA,TRAMO DE VIA RECTA,IMPRUDENCIA DEL CONDUCTOR,CONDUCCION CAMBIAR SORPRESIVAMENTE PISTA CIRCULACION,LOS PAJARITOS,PABLO BURCHARD,LOS PAJARITOS - PABLO BURCHARD,0, , ,BIDIRECCIONAL CON BANDEJON,ASFALTO,REGULAR,SECO,DESPEJADO,0,0,0,1,13,131,13119,Metropolitana de Santiago,Santiago,Maipú,Interseccion,"LOS PAJARITOS & PABLO BURCHARD, Maipú",-33.476319,-70.741151
-7857711.67961207,-3949413.58014916,5251,2023,1534504,2023/05/09 00:00:00+00,Mayo,9,Martes,1899/12/30 00:00:00+00,18:45:00,18,REGION METROPOLITANA,LAS CONDES,COLISION LATERAL,COLISION,URBANA,TRAMO DE VIA RECTA,IMPRUDENCIA DEL CONDUCTOR,CONDUCCION SIN MANTENER DISTANCIA RAZONABLE NI PRUDENTE,CERRO COLORADO,AMERICO VESPUCIO NORTE,AMERICO VESPUCIO NORTE - CERRO COLORADO,0, , ,BIDIRECCIONAL CON BANDEJON,ASFALTO,BUENO,SECO,DESPEJADO,0,0,0,1,13,131,13114,Metropolitana de Santiago,Santiago,Las Condes,Interseccion,"AMERICO VESPUCIO NORTE & CERRO COLORADO, Las Condes",-33.406713,-70.587025
-7872284.49182113,-3951417.75782511,5252,2023,1562201,2023/08/18 00:00:00+00,Agosto,18,Viernes,1899/12/30 00:00:00+00,23:20:00,23,REGION METROPOLITANA,QUINTA NORMAL,COLISION FRONTAL,COLISION,URBANA,CRUCE CON SEMAFORO FUNCIONANDO,IMPRUDENCIA DEL CONDUCTOR,CONDUCCION NO ATENTO CONDICIONES TRANSITO MOMENTO,SALVADOR GUTIERREZ,NEPTUNO,NEPTUNO - SALVADOR GUTIERREZ,0, , ,BIDIRECCIONAL,CONCRETO,REGULAR,SECO,DESPEJADO,0,0,1,0,13,131,13126,Metropolitana de Santiago,Santiago,Quinta Normal,Interseccion,"NEPTUNO & SALVADOR GUTIERREZ, Quinta Normal",-33.421741,-70.717935
-7876403.89190862,-3945119.12893171,5253,2023,1544178,2023/07/11 00:00:00+00,Julio,11,Martes,1899/12/30 00:00:00+00,23:06:00,23,REGION METROPOLITANA,QUILICURA,COLISION LATERAL,COLISION,URBANA,CRUCE CON SEÑAL PARE,IMPRUDENCIA DEL CONDUCTOR,CONDUCCION NO ATENTO CONDICIONES TRANSITO MOMENTO,OJOS DEL SALADO,CAMINO LO ECHEVERS,CAMINO LO ECHEVERS - OJOS DEL SALADO,0, , ,BIDIRECCIONAL,ASFALTO,BUENO,SECO,DESPEJADO,0,0,0,1,13,131,13125,Metropolitana de Santiago,Santiago,Quilicura,Interseccion,"CAMINO LO ECHEVERS & OJOS DEL SALADO, Quilicura",-33.374503,-70.75494