X,Y,FID,Año,IdAccident,Fecha,Mes,Dia_mes,Dia_semana,Hora,Hora_texto,Hora_aprox,Región,Comuna,Tipo_Accid,Tipo__CONA,Zona,Ubicación,Causa__CON,Causa_Acci,Calle_Uno,Calle_Dos,Intersecci,Número,Ruta,Ubicaci_1,Calzada,Tipo_Calza,Estado_Cal,Condición,Estado_Atm,Fallecidos,Graves,Menos_Grav,Leves,CUT_REG,CUT_PROV,CUT_COM,REGION,PROVINCIA,COMUNA1,Tipo_direc,Direccion,Lat,Lon
-7969468.32204569,-4277904.51407699,5254,2023,1529940,2023/05/09 00:00:00+00,Mayo,9,Martes,1899/12/30 00:00:00+00,18:48:00,18,REGION MAULE,LINARES,COLISION FRONTAL,COLISION,URBANA,CRUCE CON SEÑAL PARE,DROGAS Y/O FATIGA EN CONDUCTOR,"CONDICIONES FISICAS DEFICIENTES (CANSANCIO, SUEÑO)",EL BOSQUE,MANUEL RODRIGUEZ,EL BOSQUE - MANUEL RODRIGUEZ,0, , ,BIDIRECCIONAL,ASFALTO,BUENO,SECO,DESPEJADO,0,0,0,1,07,074,07401,Maule,Linares,Linares,Interseccion,"EL BOSQUE & MANUEL RODRIGUEZ, Linares",-35.834732,-71.590952
-7964322.40043919,-3898149.28764574,5255,2023,1555790,2023/08/19 00:00:00+00,Agosto,19,Sábado,1899/12/30 00:00:00+00,02:25:00,2,REGION VALPARAISO,VIÑA DEL MAR,COLISION POR ALCANCE,COLISION,URBANA,TRAMO DE VIA RECTA,IMPRUDENCIA DEL CONDUCTOR,CONDUCCION CAMBIAR SORPRESIVAMENTE PISTA CIRCULACION,3 NORTE,5 ORIENTE,3 NORTE - 5 ORIENTE,0, , ,UNIDIRECCIONAL,CONCRETO,BUENO,SECO,DESPEJADO,0,2,0,0,05,051,05109,Valparaíso,Valparaíso,Viña del Mar,Interseccion,"3 NORTE & 5 ORIENTE, Viña del Mar",-33.021434,-71.544725
-7966798.32402562,-3900135.6551474,5256,2023,1544974,2023/07/12 00:00:00+00,Julio,12,Miércoles,1899/12/30 00:00:00+00,12:30:00,12,REGION VALPARAISO,VIÑA DEL MAR,ATROPELLO,ATROPELLO,URBANA,TRAMO DE VIA RECTA,IMPRUDENCIA DEL PEATON,PEATON CRUZA CALZADA FORMA SORPRESIVA O DESCUIDADA,AGUA SANTA,VILLA ESPERANZA,AGUA SANTA - VILLA ESPERANZA,0, , ,BIDIRECCIONAL,CONCRETO,BUENO,SECO,DESPEJADO,0,0,0,1,05,051,05109,Valparaíso,Valparaíso,Viña del Mar,Interseccion,"AGUA SANTA & VILLA ESPERANZA, Viña del Mar",-33.036394,-71.566967
-8040933.98798159,-4540672.42226049,5257,2023,1534027,2023/05/09 00:00:00+00,Mayo,9,Martes,1899/12/30 00:00:00+00,19:00:00,19,REGION BIO BIO,MULCHEN,COLISION,COLISION,URBANA,CRUCE SIN SEÑALIZACION,IMPRUDENCIA DEL CONDUCTOR,CONDUCCION NO ATENTO CONDICIONES TRANSITO MOMENTO,BERNARDO O'HIGGINS,UNZUETA,BERNARDO O'HIGGINS - UNZUETA,0, , ,BIDIRECCIONAL,CONCRETO,BUENO,SECO,DESPEJADO,0,0,1,1,08,083,08305,Biobío,Biobío,Mulchén,Interseccion,"BERNARDO O'HIGGINS & UNZUETA, Mulchén",-37.725159,-72.232939
-7970432.57147494,-4279507.74109627,5258,2023,1529937,2023/05/09 00:00:00+00,Mayo,9,Martes,1899/12/30 00:00:00+00,19:00:00,19,REGION MAULE,LINARES,COLISION LATERAL,COLISION,URBANA,CRUCE CON SEÑAL PARE,DESOBEDIENCIA A SEÑALIZACION,SEÑALIZACION DESOBEDECER SEÑAL PARE,CIRCUNVALACION NORTE,REAL,CIRCUNVALACION NORTE - REAL,0, , ,BIDIRECCIONAL,ASFALTO,BUENO,SECO,DESPEJADO,0,0,0,2,07,074,07401,Maule,Linares,Linares,Interseccion,"CIRCUNVALACION NORTE & REAL, Linares",-35.846407,-71.599614
-7932868.92251279,-3495783.46537812,5259,2023,1552857,2023/08/19 00:00:00+00,Agosto,19,Sábado,1899/12/30 00:00:00+00,08:50:00,8,REGION COQUIMBO,COQUIMBO,VOLCADURA,VOLCADURA,URBANA,CRUCE CON SEMAFORO FUNCIONANDO,DROGAS Y/O FATIGA EN CONDUCTOR,"CONDICIONES FISICAS DEFICIENTES (CANSANCIO, SUEÑO)",BALMACEDA,SAN RAMON,BALMACEDA - SAN RAMON,0, , ,BIDIRECCIONAL CON BANDEJON,ASFALTO,BUENO,SECO,DESPEJADO,0,0,0,1,04,041,04102,Coquimbo,Elqui,Coquimbo,Interseccion,"BALMACEDA & SAN RAMON, Coquimbo",-29.939562,-71.262174
-7860665.33073758,-3871979.53304612,5260,2023,1529594,2023/05/09 00:00:00+00,Mayo,9,Martes,1899/12/30 00:00:00+00,19:30:00,19,REGION VALPARAISO,LOS ANDES,COLISION LATERAL,COLISION,URBANA,CRUCE CON SEÑAL CEDA EL PASO,IMPRUDENCIA DEL CONDUCTOR,CONDUCCION NO ATENTO CONDICIONES TRANSITO MOMENTO,SAN RAFAEL,LAS INDUSTRIAS,LAS INDUSTRIAS - SAN RAFAEL,0, , ,BIDIRECCIONAL,ASFALTO,BUENO,SECO,DESPEJADO,0,1,0,0,05,053,05301,Valparaíso,Los Andes,Los Andes,Interseccion,"LAS INDUSTRIAS & SAN RAFAEL, Los Andes",-32.824101,-70.613558
-7861591.94310265,-3955910.81366929,5261,2023,1556799,2023/08/19 00:00:00+00,Agosto,19,Sábado,1899/12/30 00:00:00+00,12:00:00,12,REGION METROPOLITANA,ÑUÑOA,COLISION POR ALCANCE,COLISION,URBANA,CRUCE CON SEÑAL PARE,IMPRUDENCIA DEL CONDUCTOR,CONDUCCION SIN MANTENER DISTANCIA RAZONABLE NI PRUDENTE,JOSE DOMINGO CAÑAS,FERNANDEZ CONCHA,FERNANDEZ CONCHA - JOSE DOMINGO CAÑAS,0, , ,BIDIRECCIONAL,ASFALTO,BUENO,MOJADO,LLUVIA,0,0,1,1,13,131,13120,Metropolitana de Santiago,Santiago,Ñuñoa,Interseccion,"FERNANDEZ CONCHA & JOSE DOMINGO CAÑAS, Ñuñoa",-33.455422,-70.621882
-7838195.35799323,-2713871.21343155,5262,2023,1529376,2023/05/09 00:00:00+00,Mayo,9,Martes,1899/12/30 00:00:00+00,19:55:00,19,REGION ANTOFAGASTA,ANTOFAGASTA,COLISION,COLISION,URBANA,CRUCE CON SEÑAL PARE,IMPRUDENCIA DEL CONDUCTOR,CONDUCCION NO ATENTO CONDICIONES TRANSITO MOMENTO,LA MINERIA,REPUBLICA DE CROACIA,LA MINERIA - REPUBLICA DE CROACIA,0, , ,UNIDIRECCIONAL,ASFALTO,BUENO,SECO,DESPEJADO,0,0,1,0,02,021,02101,Antofagasta,Antofagasta,Antofagasta,Interseccion,"LA MINERIA & REPUBLICA DE CROACIA, Antofagasta",-23.675132,-70.411707
-8026703.57219552,-4385389.69924629,5263,2023,1553308,2023/08/19 00:00:00+00,Agosto,19,Sábado,1899/12/30 00:00:00+00,14:00:00,14,REGION ÑUBLE,CHILLAN,COLISION PERPENDICULAR,COLISION,URBANA,TRAMO DE VIA RECTA,IMPRUDENCIA DEL CONDUCTOR,NO RESPETAR DERECHO PREFERENTE DE PASO A VEHICULO,ARGENTINA,PUREN,ARGENTINA - PUREN,0, , ,BIDIRECCIONAL CON BANDEJON,CONCRETO,BUENO,MOJADO,NUBLADO,0,1,0,0,16,161,16101,Ñuble,Diguillín,Chillán,Interseccion,"ARGENTINA & PUREN, Chillán",-36.613644,-72.105105
-7937848.7999223,-3499791.14796152,5264,2023,1544617,2023/07/12 00:00:00+00,Julio,12,Miércoles,1899/12/30 00:00:00+00,14:10:00,14,REGION COQUIMBO,LA SERENA,CHOQUE FRONTAL,CHOQUE,URBANA,CRUCE CON SEÑAL PARE,ALCOHOL EN CONDUCTOR,CONDUCCION EN ESTADO DE EBRIEDAD,ARAUCO,CARDENAL JOSE MARIA CARO,ARAUCO - CARDENAL JOSE MARIA CARO,0, , ,BIDIRECCIONAL,CONCRETO,BUENO,HUMEDO,DESPEJADO,0,0,1,0,04,041,04101,Coquimbo,Elqui,La Serena,Interseccion,"ARAUCO & CARDENAL JOSE MARIA CARO, La Serena",-29.970754,-71.306909
-7859076.90184716,-3963424.61638987,5265,2023,1533664,2023/05/09 00:00:00+00,Mayo,9,Martes,1899/12/30 00:00:00+00,20:00:00,20,REGION METROPOLITANA,LA FLORIDA,COLISION FRONTAL,COLISION,URBANA,CRUCE CON SEÑAL PARE,IMPRUDENCIA DEL CONDUCTOR,CONDUCCION CONTRA SENTIDO DEL TRANSITO,MIRADOR AZUL,MIRAFLORES,MIRADOR AZUL - MIRAFLORES,0, , ,UNIDIRECCIONAL,CONCRETO,REGULAR,SECO,DESPEJADO,0,1,0,0,13,131,13110,Metropolitana de Santiago,Santiago,La Florida,Interseccion,"MIRADOR AZUL & MIRAFLORES, La Florida",-33.511718,-70.599289
-7836070.79209333,-2710778.26300776,5266,2023,1553468,2023/08/19 00:00:00+00,Agosto,19,Sábado,1899/12/30 00:00:00+00,17:30:00,17,REGION ANTOFAGASTA,ANTOFAGASTA,COLISION,COLISION,URBANA,TRAMO DE VIA RECTA,IMPRUDENCIA DEL CONDUCTOR,CONDUCCION NO ATENTO CONDICIONES TRANSITO MOMENTO,14 DE FEBRERO,SIMON BOLIVAR,14 DE FEBRERO - SIMON BOLIVAR,0, , ,UNIDIRECCIONAL,ASFALTO,BUENO,SECO,DESPEJADO,0,0,0,0,02,021,02101,Antofagasta,Antofagasta,Antofagasta,Interseccion,"14 DE FEBRERO & SIMON BOLIVAR, Antofagasta",-23.649684,-70.392622
-7824014.82444872,-2096314.30524857,5267,2023,1530078,2023/05/09 00:00:00+00,Mayo,9,Martes,1899/12/30 00:00:00+00,20:45:00,20,REGION ARICA Y PARINACOTA,ARICA,COLISION LATERAL,COLISION,URBANA,ROTONDA,IMPRUDENCIA DEL CONDUCTOR,CONDUCCION NO ATENTO CONDICIONES TRANSITO MOMENTO,18 DE SEPTIEMBRE,ROTONDA MANUEL CASTILLO IBACETA,18 DE SEPTIEMBRE - ROTONDA MANUEL CASTILLO IBACETA,0, , ,UNIDIRECCIONAL,ASFALTO,BUENO,SECO,DESPEJADO,0,0,0,0,15,151,15101,Arica y Parinacota,Arica,Arica,Interseccion,"18 DE SEPTIEMBRE & ROTONDA MANUEL CASTILLO IBACETA, Arica",-18.501344,-70.284321
-7826186.37828342,-3173214.54356432,5268,2023,1553519,2023/08/19 00:00:00+00,Agosto,19,Sábado,1899/12/30 00:00:00+00,18:50:00,18,REGION ATACAMA,COPIAPO,COLISION POR ALCANCE,COLISION,URBANA,TRAMO DE VIA RECTA,ALCOHOL EN CONDUCTOR,CONDUCCION EN ESTADO DE EBRIEDAD,COPAYAPU,PEDRO LEON GALLO,COPAYAPU - PEDRO LEON GALLO,0, , ,BIDIRECCIONAL CON BANDEJON,ASFALTO,BUENO,SECO,DESPEJADO,0,1,0,2,03,031,03101,Atacama,Copiapó,Copiapó,Interseccion,"COPAYAPU & PEDRO LEON GALLO, Copiapó",-27.397437,-70.303828
-7858889.55114415,-3972734.22210374,5269,2023,1555293,2023/08/19 00:00:00+00,Agosto,19,Sábado,1899/12/30 00:00:00+00,20:06:00,20,REGION METROPOLITANA,PUENTE ALTO,COLISION LATERAL,COLISION,URBANA,TRAMO DE VIA RECTA,IMPRUDENCIA DEL CONDUCTOR,CONDUCCION NO ATENTO CONDICIONES TRANSITO MOMENTO,EJERCITO LIBERTADOR,GABRIELA PONIENTE,EJERCITO LIBERTADOR - GABRIELA PONIENTE,0, , ,BIDIRECCIONAL,CONCRETO,BUENO,SECO,DESPEJADO,0,0,0,0,13,132,13201,Metropolitana de Santiago,Cordillera,Puente Alto,Interseccion,"EJERCITO LIBERTADOR & GABRIELA PONIENTE, Puente Alto",-33.581418,-70.597606
-7836354.70132264,-2708355.39301356,5270,2023,1545727,2023/07/12 00:00:00+00,Julio,12,Miércoles,1899/12/30 00:00:00+00,18:00:00,18,REGION ANTOFAGASTA,ANTOFAGASTA,COLISION,COLISION,URBANA,TRAMO DE VIA RECTA,IMPRUDENCIA DEL CONDUCTOR,CONDUCCION NO ATENTO CONDICIONES TRANSITO MOMENTO,TACNA,BELLAVISTA,BELLAVISTA - TACNA,0, , ,UNIDIRECCIONAL,ASFALTO,BUENO,SECO,DESPEJADO,0,0,0,0,02,021,02101,Antofagasta,Antofagasta,Antofagasta,Interseccion,"BELLAVISTA & TACNA, Antofagasta",-23.629745,-70.395172
-8144859.08159892,-4951279.44055467,5271,2023,1535478,2023/05/10 00:00:00+00,Mayo,10,Miércoles,1899/12/30 00:00:00+00,07:30:00,7,REGION LOS LAGOS,OSORNO,OTRO TIPO,OTRO TIPO,URBANA,CRUCE CON SEÑAL CEDA EL PASO,CAUSAS NO DETERMINADAS,CAUSAS NO DETERMINADAS,LOS ANDES,EL SALVADOR,EL SALVADOR - LOS ANDES,0, , ,BIDIRECCIONAL,ASFALTO,BUENO,HUMEDO,LLOVIZNA,0,0,0,1,10,103,10301,Los Lagos,Osorno,Osorno,Interseccion,"EL SALVADOR & LOS ANDES, Osorno",-40.584719,-73.166514
-8091517.56459805,-4508817.13403753,5272,2023,1554775,2023/08/19 00:00:00+00,Agosto,19,Sábado,1899/12/30 00:00:00+00,20:50:00,20,REGION BIO BIO,NACIMIENTO,COLISION FRONTAL,COLISION,URBANA,TRAMO DE VIA RECTA,ALCOHOL EN CONDUCTOR,CONDUCCION EN ESTADO DE EBRIEDAD,JULIO HEMMELMANN,SAN MARTIN,JULIO HEMMELMANN - SAN MARTIN,0, , ,BIDIRECCIONAL,ASFALTO,BUENO,SECO,NUBLADO,0,1,0,0,08,083,08306,Biobío,Biobío,Nacimiento,Interseccion,"JULIO HEMMELMANN & SAN MARTIN, Nacimiento",-37.498473,-72.687339
-7864743.5091731,-3951368.67595203,5273,2023,1544211,2023/07/12 00:00:00+00,Julio,12,Miércoles,1899/12/30 00:00:00+00,22:00:00,22,REGION METROPOLITANA,INDEPENDENCIA,ATROPELLO,ATROPELLO,URBANA,CRUCE CON SEMAFORO FUNCIONANDO,DESOBEDIENCIA A SEÑALIZACION,SEÑALIZACION DESOBEDECER LUZ INTERMITENTE SEMAFORO,INDEPENDENCIA,SANTOS DUMONT,INDEPENDENCIA - SANTOS DUMONT,0, , ,BIDIRECCIONAL,CONCRETO,BUENO,HUMEDO,DESPEJADO,1,0,0,1,13,131,13108,Metropolitana de Santiago,Santiago,Independencia,Interseccion,"INDEPENDENCIA & SANTOS DUMONT, Independencia",-33.421373,-70.650193
-7977583.44609943,-4226317.4518861,5274,2023,1530571,2023/05/10 00:00:00+00,Mayo,10,Miércoles,1899/12/30 00:00:00+00,07:50:00,7,REGION MAULE,MAULE,VOLCADURA,VOLCADURA,URBANA,CRUCE CON SEÑAL PARE,VELOCIDAD IMPRUDENTE,VELOCIDAD NO RAZONABLE NI PRUDENTE,28 SUR,9 ORIENTE,28 SUR - 9 ORIENTE,0, , ,BIDIRECCIONAL,ASFALTO,BUENO,SECO,DESPEJADO,0,1,0,0,07,071,07105,Maule,Talca,Maule,Interseccion,"28 SUR & 9 ORIENTE, Maule",-35.45815,-71.663851
-7869819.78930616,-3965112.20995938,5275,2023,1545137,2023/07/13 00:00:00+00,Julio,13,Jueves,1899/12/30 00:00:00+00,07:00:00,7,REGION METROPOLITANA,LO ESPEJO,COLISION POR ALCANCE,COLISION,URBANA,TRAMO DE VIA RECTA,IMPRUDENCIA DEL CONDUCTOR,CONDUCCION NO ATENTO CONDICIONES TRANSITO MOMENTO,AMERICO VESPUCIO,DIAG LAS TORRES,AMERICO VESPUCIO - DIAG LAS TORRES,0, , ,UNIDIRECCIONAL,ASFALTO,BUENO,SECO,DESPEJADO,1,0,0,1,13,131,13116,Metropolitana de Santiago,Santiago,Lo Espejo,Interseccion,"AMERICO VESPUCIO & DIAG LAS TORRES, Lo Espejo",-33.524357,-70.695794
-7866985.03847311,-3958951.86336893,5276,2023,1530042,2023/05/10 00:00:00+00,Mayo,10,Miércoles,1899/12/30 00:00:00+00,08:30:00,8,REGION METROPOLITANA,PEDRO AGUIRRE CERDA,COLISION LATERAL,COLISION,URBANA,TRAMO DE VIA RECTA,IMPRUDENCIA DEL CONDUCTOR,CONDUCCION NO ATENTO CONDICIONES TRANSITO MOMENTO,FRANCISCO PIZARRO,MARILUAN,FRANCISCO PIZARRO - MARILUAN,0, , ,BIDIRECCIONAL,ASFALTO,BUENO,SECO,DESPEJADO,0,0,0,1,13,131,13121,Metropolitana de Santiago,Santiago,Pedro Aguirre Cerda,Interseccion,"FRANCISCO PIZARRO & MARILUAN, Pedro Aguirre Cerda",-33.478211,-70.670329
-7965815.11694274,-3902629.40229015,5277,2023,1545510,2023/07/13 00:00:00+00,Julio,13,Jueves,1899/12/30 00:00:00+00,09:00:00,9,REGION VALPARAISO,VIÑA DEL MAR,CHOQUE FRONTAL,CHOQUE,URBANA,TRAMO DE VIA RECTA,IMPRUDENCIA DEL CONDUCTOR,CONDUCCION NO ATENTO CONDICIONES TRANSITO MOMENTO,VARIANTE AGUA SANTA,MATTA,MATTA - VARIANTE AGUA SANTA,0, , ,BIDIRECCIONAL,CONCRETO,BUENO,SECO,DESPEJADO,0,0,0,1,05,051,05109,Valparaíso,Valparaíso,Viña del Mar,Interseccion,"MATTA & VARIANTE AGUA SANTA, Viña del Mar",-33.055172,-71.558135
-8139306.41418006,-4416523.5821808,5278,2023,1556399,2023/08/19 00:00:00+00,Agosto,19,Sábado,1899/12/30 00:00:00+00,21:06:00,21,REGION BIO BIO,SAN PEDRO DE LA PAZ,COLISION,COLISION,URBANA,TRAMO DE VIA RECTA,IMPRUDENCIA DEL CONDUCTOR,CONDUCCION NO ATENTO CONDICIONES TRANSITO MOMENTO,PEDRO AGUIRRE CERDA,LOS NARANJOS,LOS NARANJOS - PEDRO AGUIRRE CERDA,0, , ,BIDIRECCIONAL,ASFALTO,BUENO,SECO,DESPEJADO,0,0,0,0,08,081,08108,Biobío,Concepción,San Pedro de la Paz,Interseccion,"LOS NARANJOS & PEDRO AGUIRRE CERDA, San Pedro de la Paz",-36.83781,-73.116634
-8139165.86888128,-4416550.9023515,5279,2023,1529802,2023/05/10 00:00:00+00,Mayo,10,Miércoles,1899/12/30 00:00:00+00,08:50:00,8,REGION BIO BIO,SAN PEDRO DE LA PAZ,ATROPELLO,ATROPELLO,URBANA,CRUCE CON SEMAFORO FUNCIONANDO,IMPRUDENCIA DEL PEATON,IMPRUDENCIA DEL PEATON,PEDRO AGUIRRE CERDA,LOS AVELLANOS,LOS AVELLANOS - PEDRO AGUIRRE CERDA,0, , ,BIDIRECCIONAL,CONCRETO,BUENO,SECO,DESPEJADO,0,0,1,1,08,081,08108,Biobío,Concepción,San Pedro de la Paz,Interseccion,"LOS AVELLANOS & PEDRO AGUIRRE CERDA, San Pedro de la Paz",-36.838006,-73.115371
-7856712.36454322,-3974944.78754608,5280,2023,1544899,2023/07/13 00:00:00+00,Julio,13,Jueves,1899/12/30 00:00:00+00,11:10:00,11,REGION METROPOLITANA,PUENTE ALTO,COLISION LATERAL,COLISION,URBANA,CRUCE CON SEMAFORO FUNCIONANDO,IMPRUDENCIA DEL CONDUCTOR,CONDUCCION CAMBIAR SORPRESIVAMENTE PISTA CIRCULACION,CONCHA Y TORO,SAN CARLOS,CONCHA Y TORO - SAN CARLOS,0, , ,BIDIRECCIONAL CON BANDEJON,ASFALTO,BUENO,SECO,DESPEJADO,0,1,0,0,13,132,13201,Metropolitana de Santiago,Cordillera,Puente Alto,Interseccion,"CONCHA Y TORO & SAN CARLOS, Puente Alto",-33.59796,-70.578048
-7897978.14360244,-3874454.34239777,5281,2023,1553909,2023/08/19 00:00:00+00,Agosto,19,Sábado,1899/12/30 00:00:00+00,22:10:00,22,REGION VALPARAISO,LLAY LLAY,COLISION POR ALCANCE,COLISION,URBANA,CRUCE CON SEÑAL PARE,ALCOHOL EN CONDUCTOR,CONDUCCION EN ESTADO DE EBRIEDAD,ANTONIO VARAS,ALCIDES VARGAS,ALCIDES VARGAS - ANTONIO VARAS,0, , ,BIDIRECCIONAL,ASFALTO,BUENO,MOJADO,NUBLADO,0,0,0,1,05,057,05703,Valparaíso,San Felipe de Aconcagua,Llaillay,Interseccion,"ALCIDES VARGAS & ANTONIO VARAS, Llaillay",-32.842781,-70.948745
-7853526.65658457,-3949007.05928089,5282,2023,1534645,2023/05/10 00:00:00+00,Mayo,10,Miércoles,1899/12/30 00:00:00+00,09:05:00,9,REGION METROPOLITANA,LAS CONDES,COLISION LATERAL,COLISION,URBANA,CRUCE CON SEMAFORO FUNCIONANDO,IMPRUDENCIA DEL CONDUCTOR,CONDUCCION SIN MANTENER DISTANCIA RAZONABLE NI PRUDENTE,CHESTERTON,LORENZO DE MEDICIS,CHESTERTON - LORENZO DE MEDICIS,0, , ,BIDIRECCIONAL,ASFALTO,BUENO,SECO,DESPEJADO,0,0,1,0,13,131,13114,Metropolitana de Santiago,Santiago,Las Condes,Interseccion,"CHESTERTON & LORENZO DE MEDICIS, Las Condes",-33.403664,-70.54943
-7823645.22150879,-3175291.64261843,5283,2023,1553524,2023/08/19 00:00:00+00,Agosto,19,Sábado,1899/12/30 00:00:00+00,22:40:00,22,REGION ATACAMA,COPIAPO,COLISION LATERAL,COLISION,URBANA,CRUCE CON SEMAFORO FUNCIONANDO,IMPRUDENCIA DEL CONDUCTOR,CONDUCCION NO ATENTO CONDICIONES TRANSITO MOMENTO,LOS CARRERA,COPAYAPU,COPAYAPU - LOS CARRERA,0, , ,BIDIRECCIONAL CON BANDEJON,ASFALTO,BUENO,SECO,DESPEJADO,0,0,0,0,03,031,03101,Atacama,Copiapó,Copiapó,Interseccion,"COPAYAPU & LOS CARRERA, Copiapó",-27.414001,-70.281001
-7875715.15821909,-3962084.89151904,5284,2023,1530911,2023/05/10 00:00:00+00,Mayo,10,Miércoles,1899/12/30 00:00:00+00,13:40:00,13,REGION METROPOLITANA,MAIPU,COLISION FRONTAL,COLISION,URBANA,CRUCE CON SEÑAL PARE,VELOCIDAD IMPRUDENTE,VELOCIDAD NO RAZONABLE NI PRUDENTE,PDTE KENNEDY,GRAL MANUEL BAQUEDANO,GRAL MANUEL BAQUEDANO - PDTE KENNEDY,0, , ,BIDIRECCIONAL,CONCRETO,REGULAR,SECO,NUBLADO,0,0,0,1,13,131,13119,Metropolitana de Santiago,Santiago,Maipú,Interseccion,"GRAL MANUEL BAQUEDANO & PDTE KENNEDY, Maipú",-33.501683,-70.748753
-7673664.70530054,-2566193.44422157,5285,2023,1552838,2023/08/19 00:00:00+00,Agosto,19,Sábado,1899/12/30 00:00:00+00,23:39:00,23,REGION ANTOFAGASTA,CALAMA,COLISION,COLISION,URBANA,CRUCE CON SEMAFORO FUNCIONANDO,ALCOHOL EN CONDUCTOR,CONDUCCION EN ESTADO DE EBRIEDAD,VASCO DE GAMA,GRECIA,GRECIA - VASCO DE GAMA,0, , ,BIDIRECCIONAL,ASFALTO,BUENO,SECO,DESPEJADO,0,1,0,0,02,022,02201,Antofagasta,El Loa,Calama,Interseccion,"GRECIA & VASCO DE GAMA, Calama",-22.454598,-68.933703
-8082264.13192586,-4684730.71225227,5286,2023,1545042,2023/07/13 00:00:00+00,Julio,13,Jueves,1899/12/30 00:00:00+00,13:50:00,13,REGION ARAUCANIA,TEMUCO,COLISION POR ALCANCE,COLISION,URBANA,TRAMO DE VIA RECTA,IMPRUDENCIA DEL CONDUCTOR,CONDUCCION NO ATENTO CONDICIONES TRANSITO MOMENTO,BERNARDO O'HIGGINS,CAUPOLICAN,BERNARDO O'HIGGINS - CAUPOLICAN,0, , ,UNIDIRECCIONAL,CONCRETO,BUENO,SECO,DESPEJADO,0,1,0,0,09,091,09101,La Araucanía,Cautín,Temuco,Interseccion,"BERNARDO O'HIGGINS & CAUPOLICAN, Temuco",-38.741638,-72.604214
-8082600.24545453,-4683911.92366316,5287,2023,1530222,2023/05/10 00:00:00+00,Mayo,10,Miércoles,1899/12/30 00:00:00+00,16:15:00,16,REGION ARAUCANIA,TEMUCO,COLISION PERPENDICULAR,COLISION,URBANA,TRAMO DE VIA RECTA,IMPRUDENCIA DEL CONDUCTOR,CONDUCCION SIN MANTENER DISTANCIA RAZONABLE NI PRUDENTE,18 DE SEPTIEMBRE,ALEMANIA,18 DE SEPTIEMBRE - ALEMANIA,0, , ,UNIDIRECCIONAL,ASFALTO,BUENO,SECO,DESPEJADO,0,0,0,0,09,091,09101,La Araucanía,Cautín,Temuco,Interseccion,"18 DE SEPTIEMBRE & ALEMANIA, Temuco",-38.735901,-72.607233
-8092999.33835114,-4478365.32428959,5288,2023,1554254,2023/08/20 00:00:00+00,Agosto,20,Domingo,1899/12/30 00:00:00+00,10:25:00,10,REGION BIO BIO,LAJA,COLISION,COLISION,URBANA,CRUCE CON SEÑAL CEDA EL PASO,DESOBEDIENCIA A SEÑALIZACION,SEÑALIZACION DESOBEDECER SEÑAL CEDA EL PASO,LOS TILOS,LOS MANZANOS,LOS MANZANOS - LOS TILOS,0, , ,BIDIRECCIONAL,ASFALTO,BUENO,MOJADO,LLOVIZNA,0,0,0,0,08,083,08304,Biobío,Biobío,Laja,Interseccion,"LOS MANZANOS & LOS TILOS, Laja",-37.281129,-72.70065
-7948220.50366007,-3901921.7381538,5289,2023,1530271,2023/05/10 00:00:00+00,Mayo,10,Miércoles,1899/12/30 00:00:00+00,17:40:00,17,REGION VALPARAISO,QUILPUE,COLISION PERPENDICULAR,COLISION,URBANA,CRUCE CON SEÑAL PARE,DESOBEDIENCIA A SEÑALIZACION,SEÑALIZACION DESOBEDECER SEÑAL PARE,MADRID,GREGORIA,GREGORIA - MADRID,0, , ,BIDIRECCIONAL,CONCRETO,BUENO,SECO,DESPEJADO,0,0,0,2,05,058,05801,Valparaíso,Marga Marga,Quilpué,Interseccion,"GREGORIA & MADRID, Quilpué",-33.049844,-71.40008
-7877050.10155268,-4050106.49489005,5290,2023,1545886,2023/07/13 00:00:00+00,Julio,13,Jueves,1899/12/30 00:00:00+00,14:10:00,14,REGION LIB.B.O'HIGGINS,RANCAGUA,COLISION PERPENDICULAR,COLISION,URBANA,CRUCE CON SEÑAL CEDA EL PASO,DESOBEDIENCIA A SEÑALIZACION,SEÑALIZACION DESOBEDECER SEÑAL CEDA EL PASO,PUNITAQUI,EL PALQUI,EL PALQUI - PUNITAQUI,0, , ,BIDIRECCIONAL,CONCRETO,BUENO,SECO,DESPEJADO,0,0,0,1,06,061,06101,Libertador General Bernardo O'Higgins,Cachapoal,Rancagua,Interseccion,"EL PALQUI & PUNITAQUI, Rancagua",-34.158514,-70.760745
-7951890.15067407,-3902015.59416756,5291,2023,1553103,2023/08/20 00:00:00+00,Agosto,20,Domingo,1899/12/30 00:00:00+00,13:40:00,13,REGION VALPARAISO,QUILPUE,COLISION PERPENDICULAR,COLISION,URBANA,CRUCE CON SEMAFORO FUNCIONANDO,DESOBEDIENCIA A SEÑALIZACION,SEÑALIZACION DESOBEDECER LUZ ROJA DE SEMAFORO,COVADONGA,SAN MARTIN,COVADONGA - SAN MARTIN,0, , ,BIDIRECCIONAL,ASFALTO,BUENO,SECO,DESPEJADO,0,0,0,0,05,058,05801,Valparaíso,Marga Marga,Quilpué,Interseccion,"COVADONGA & SAN MARTIN, Quilpué",-33.05055,-71.433045
-7855169.8103593,-3951587.81131242,5292,2023,1530639,2023/05/10 00:00:00+00,Mayo,10,Miércoles,1899/12/30 00:00:00+00,17:50:00,17,REGION METROPOLITANA,LAS CONDES,COLISION LATERAL,COLISION,URBANA,CRUCE CON SEÑAL CEDA EL PASO,IMPRUDENCIA DEL CONDUCTOR,CONDUCCION NO ATENTO CONDICIONES TRANSITO MOMENTO,ROBERTO PERAGALLO,MANQUEHUE SUR,MANQUEHUE SUR - ROBERTO PERAGALLO,0, , ,BIDIRECCIONAL,ASFALTO,BUENO,SECO,DESPEJADO,0,0,0,0,13,131,13114,Metropolitana de Santiago,Santiago,Las Condes,Interseccion,"MANQUEHUE SUR & ROBERTO PERAGALLO, Las Condes",-33.423016,-70.564191