X,Y,FID,Año,IdAccident,Fecha,Mes,Dia_mes,Dia_semana,Hora,Hora_texto,Hora_aprox,Región,Comuna,Tipo_Accid,Tipo__CONA,Zona,Ubicación,Causa__CON,Causa_Acci,Calle_Uno,Calle_Dos,Intersecci,Número,Ruta,Ubicaci_1,Calzada,Tipo_Calza,Estado_Cal,Condición,Estado_Atm,Fallecidos,Graves,Menos_Grav,Leves,CUT_REG,CUT_PROV,CUT_COM,REGION,PROVINCIA,COMUNA1,Tipo_direc,Direccion,Lat,Lon
-8083506.34612363,-4683561.74568566,5293,2023,1544468,2023/07/13 00:00:00+00,Julio,13,Jueves,1899/12/30 00:00:00+00,15:40:00,15,REGION ARAUCANIA,TEMUCO,CHOQUE POSTERIOR,CHOQUE,URBANA,TRAMO DE VIA RECTA,IMPRUDENCIA DEL CONDUCTOR,CONDUCCION NO ATENTO CONDICIONES TRANSITO MOMENTO,ALEMANIA,TORREMOLINOS,ALEMANIA - TORREMOLINOS,0, , ,BIDIRECCIONAL CON BANDEJON,CONCRETO,BUENO,SECO,NUBLADO,0,0,0,1,09,091,09101,La Araucanía,Cautín,Temuco,Interseccion,"ALEMANIA & TORREMOLINOS, Temuco",-38.733447,-72.615373
-7861977.33117978,-3968384.35258399,5294,2023,1531022,2023/05/10 00:00:00+00,Mayo,10,Miércoles,1899/12/30 00:00:00+00,18:20:00,18,REGION METROPOLITANA,LA GRANJA,ATROPELLO,ATROPELLO,URBANA,TRAMO DE VIA RECTA,IMPRUDENCIA DEL PEATON,PEATON CRUZA CALZADA FORMA SORPRESIVA O DESCUIDADA,JOAQUIN EDWARDS BELLO,VASCO NUÑEZ DE BALBOA,JOAQUIN EDWARDS BELLO - VASCO NUÑEZ DE BALBOA,0, , ,BIDIRECCIONAL CON BANDEJON,ASFALTO,BUENO,SECO,DESPEJADO,0,1,0,0,13,131,13111,Metropolitana de Santiago,Santiago,La Granja,Interseccion,"JOAQUIN EDWARDS BELLO & VASCO NUÑEZ DE BALBOA, La Granja",-33.548858,-70.625344
-8151662.28137526,-4840620.02833852,5295,2023,1553719,2023/08/20 00:00:00+00,Agosto,20,Domingo,1899/12/30 00:00:00+00,15:40:00,15,REGION DE LOS RIOS,VALDIVIA,COLISION LATERAL,COLISION,URBANA,CRUCE SIN SEÑALIZACION,IMPRUDENCIA DEL CONDUCTOR,CONDUCCION NO ATENTO CONDICIONES TRANSITO MOMENTO,ERRAZURIZ,GALVEZ,ERRAZURIZ - GALVEZ,0, , ,BIDIRECCIONAL,CONCRETO,MALO,MOJADO,LLUVIA,0,1,0,0,14,141,14101,Los Ríos,Valdivia,Valdivia,Interseccion,"ERRAZURIZ & GALVEZ, Valdivia",-39.825523,-73.227628
-8024585.4962442,-4384366.66486218,5296,2023,1530223,2023/05/10 00:00:00+00,Mayo,10,Miércoles,1899/12/30 00:00:00+00,18:30:00,18,REGION ÑUBLE,CHILLAN,COLISION PERPENDICULAR,COLISION,URBANA,CRUCE CON SEÑAL PARE,DESOBEDIENCIA A SEÑALIZACION,SEÑALIZACION DESOBEDECER SEÑAL PARE,MANUEL MONTT,COIHUECO,COIHUECO - MANUEL MONTT,0, , ,UNIDIRECCIONAL,CONCRETO,BUENO,SECO,DESPEJADO,0,0,0,3,16,161,16101,Ñuble,Diguillín,Chillán,Interseccion,"COIHUECO & MANUEL MONTT, Chillán",-36.606267,-72.086078
-7828044.11145295,-3171079.96286714,5297,2023,1553526,2023/08/20 00:00:00+00,Agosto,20,Domingo,1899/12/30 00:00:00+00,16:30:00,16,REGION ATACAMA,COPIAPO,VOLCADURA,VOLCADURA,URBANA,CRUCE CON SEÑAL PARE,ALCOHOL EN CONDUCTOR,CONDUCCION EN ESTADO DE EBRIEDAD,LUIS FLORES,LOS AROMOS,LOS AROMOS - LUIS FLORES,0, , ,UNIDIRECCIONAL,ASFALTO,BUENO,SECO,DESPEJADO,0,0,0,1,03,031,03101,Atacama,Copiapó,Copiapó,Interseccion,"LOS AROMOS & LUIS FLORES, Copiapó",-27.380411,-70.320517
-7866097.93345098,-3967283.65205613,5298,2023,1530393,2023/05/10 00:00:00+00,Mayo,10,Miércoles,1899/12/30 00:00:00+00,19:10:00,19,REGION METROPOLITANA,LA CISTERNA,COLISION PERPENDICULAR,COLISION,URBANA,CRUCE CON SEÑAL CEDA EL PASO,DESOBEDIENCIA A SEÑALIZACION,SEÑALIZACION DESOBEDECER SEÑAL CEDA EL PASO,GARIBALDI,GOYCOLEA,GARIBALDI - GOYCOLEA,0, , ,BIDIRECCIONAL,CONCRETO,BUENO,SECO,DESPEJADO,0,0,1,0,13,131,13109,Metropolitana de Santiago,Santiago,La Cisterna,Interseccion,"GARIBALDI & GOYCOLEA, La Cisterna",-33.540617,-70.66236
-7863000.80257813,-3966837.04413489,5299,2023,1560702,2023/08/20 00:00:00+00,Agosto,20,Domingo,1899/12/30 00:00:00+00,18:00:00,18,REGION METROPOLITANA,LA GRANJA,COLISION POR ALCANCE,COLISION,URBANA,CRUCE CON SEMAFORO FUNCIONANDO,IMPRUDENCIA DEL CONDUCTOR,CONDUCCION NO ATENTO CONDICIONES TRANSITO MOMENTO,SAN GREGORIO,STA ROSA,SAN GREGORIO - STA ROSA,0, , ,BIDIRECCIONAL CON BANDEJON,ASFALTO,BUENO,SECO,DESPEJADO,0,0,1,0,13,131,13111,Metropolitana de Santiago,Santiago,La Granja,Interseccion,"SAN GREGORIO & STA ROSA, La Granja",-33.537273,-70.634538
-8153328.82505593,-4839442.86185356,5300,2023,1529971,2023/05/10 00:00:00+00,Mayo,10,Miércoles,1899/12/30 00:00:00+00,20:30:00,20,REGION DE LOS RIOS,VALDIVIA,CHOQUE FRENTE/POSTERIOR,CHOQUE,URBANA,CRUCE CON SEÑAL PARE,IMPRUDENCIA DEL CONDUCTOR,CONDUCCION NO ATENTO CONDICIONES TRANSITO MOMENTO,FRANCIA,CARLOS KRAHMER,CARLOS KRAHMER - FRANCIA,0, , ,BIDIRECCIONAL CON BANDEJON,CONCRETO,BUENO,SECO,DESPEJADO,0,0,0,0,14,141,14101,Los Ríos,Valdivia,Valdivia,Interseccion,"CARLOS KRAHMER & FRANCIA, Valdivia",-39.817401,-73.242599
-7858971.70492836,-3957120.38552869,5301,2023,1558221,2023/08/20 00:00:00+00,Agosto,20,Domingo,1899/12/30 00:00:00+00,19:30:00,19,REGION METROPOLITANA,ÑUÑOA,COLISION,COLISION,URBANA,CRUCE CON SEMAFORO FUNCIONANDO,IMPRUDENCIA DEL CONDUCTOR,CONDUCCION NO ATENTO CONDICIONES TRANSITO MOMENTO,JOSE PEDRO ALESSANDRI,GRECIA,GRECIA - JOSE PEDRO ALESSANDRI,0, , ,BIDIRECCIONAL CON BANDEJON,CONCRETO,BUENO,SECO,NUBLADO,0,0,0,2,13,131,13120,Metropolitana de Santiago,Santiago,Ñuñoa,Interseccion,"GRECIA & JOSE PEDRO ALESSANDRI, Ñuñoa",-33.464487,-70.598344
-8056401.71990783,-4504264.00763175,5302,2023,1544666,2023/07/13 00:00:00+00,Julio,13,Jueves,1899/12/30 00:00:00+00,18:00:00,18,REGION BIO BIO,LOS ANGELES,COLISION LATERAL,COLISION,URBANA,CRUCE CON SEMAFORO FUNCIONANDO,IMPRUDENCIA DEL CONDUCTOR,"ADELANTAMIENTO EN CRUCE, CURVA, CUESTA, PUENTE",PADRE HURTADO,GALVARINO,GALVARINO - PADRE HURTADO,0, , ,BIDIRECCIONAL,CONCRETO,BUENO,SECO,DESPEJADO,0,0,0,1,08,083,08301,Biobío,Biobío,Los Angeles,Interseccion,"GALVARINO & PADRE HURTADO, Los Angeles",-37.466016,-72.371888
-7965765.50754526,-3902006.8105277,5303,2023,1531583,2023/05/10 00:00:00+00,Mayo,10,Miércoles,1899/12/30 00:00:00+00,20:30:00,20,REGION VALPARAISO,VIÑA DEL MAR,COLISION POR ALCANCE,COLISION,URBANA,TRAMO DE VIA RECTA,IMPRUDENCIA DEL CONDUCTOR,CONDUCCION NO ATENTO CONDICIONES TRANSITO MOMENTO,CHILE SUR,ALEJANDRO NAVARRETE,ALEJANDRO NAVARRETE - CHILE SUR,0, , ,UNIDIRECCIONAL,CONCRETO,BUENO,SECO,DESPEJADO,0,0,0,0,05,051,05109,Valparaíso,Valparaíso,Viña del Mar,Interseccion,"ALEJANDRO NAVARRETE & CHILE SUR, Viña del Mar",-33.050484,-71.557689
-7858547.80030742,-3967797.19238935,5304,2023,1547608,2023/07/13 00:00:00+00,Julio,13,Jueves,1899/12/30 00:00:00+00,18:45:00,18,REGION METROPOLITANA,LA FLORIDA,COLISION LATERAL,COLISION,URBANA,CRUCE CON SEÑAL CEDA EL PASO,IMPRUDENCIA DEL CONDUCTOR,CONDUCCION CAMBIAR SORPRESIVAMENTE PISTA CIRCULACION,MANUTARA,SAN GUILLERMO,MANUTARA - SAN GUILLERMO,0, , ,BIDIRECCIONAL,ASFALTO,REGULAR,SECO,NUBLADO,0,0,0,1,13,131,13110,Metropolitana de Santiago,Santiago,La Florida,Interseccion,"MANUTARA & SAN GUILLERMO, La Florida",-33.544462,-70.594536
-7857231.66996777,-3962633.31217785,5305,2023,1530828,2023/05/10 00:00:00+00,Mayo,10,Miércoles,1899/12/30 00:00:00+00,20:35:00,20,REGION METROPOLITANA,PEÑALOLEN,COLISION FRONTAL,COLISION,URBANA,CRUCE CON SEÑAL CEDA EL PASO,DESOBEDIENCIA A SEÑALIZACION,SEÑALIZACION DESOBEDECER SEÑAL CEDA EL PASO,CALLE 400,SAN LUIS DE MACUL,CALLE 400 - SAN LUIS DE MACUL,0, , ,BIDIRECCIONAL,CONCRETO,BUENO,SECO,DESPEJADO,0,1,0,0,13,131,13122,Metropolitana de Santiago,Santiago,Peñalolén,Interseccion,"CALLE 400 & SAN LUIS DE MACUL, Peñalolén",-33.505791,-70.582713
-7858536.99120713,-3872276.865219,5306,2023,1545198,2023/07/13 00:00:00+00,Julio,13,Jueves,1899/12/30 00:00:00+00,21:40:00,21,REGION VALPARAISO,LOS ANDES,COLISION POR ALCANCE,COLISION,URBANA,TRAMO DE VIA RECTA,VELOCIDAD IMPRUDENTE,VELOCIDAD NO RAZONABLE NI PRUDENTE,EL MIRADOR,HERMANOS CLARK,EL MIRADOR - HERMANOS CLARK,0, , ,BIDIRECCIONAL,ASFALTO,BUENO,SECO,DESPEJADO,0,0,0,0,05,053,05301,Valparaíso,Los Andes,Los Andes,Interseccion,"EL MIRADOR & HERMANOS CLARK, Los Andes",-32.826346,-70.594439
-7862290.36158789,-3973697.93482929,5307,2023,1530152,2023/05/10 00:00:00+00,Mayo,10,Miércoles,1899/12/30 00:00:00+00,21:00:00,21,REGION METROPOLITANA,LA PINTANA,COLISION PERPENDICULAR,COLISION,URBANA,CRUCE CON SEMAFORO FUNCIONANDO,DESOBEDIENCIA A SEÑALIZACION,SEÑALIZACION DESOBEDECER LUZ ROJA DE SEMAFORO,STA ROSA,LO BLANCO,LO BLANCO - STA ROSA,0, , ,BIDIRECCIONAL CON BANDEJON,ASFALTO,BUENO,SECO,DESPEJADO,0,0,0,2,13,131,13112,Metropolitana de Santiago,Santiago,La Pintana,Interseccion,"LO BLANCO & STA ROSA, La Pintana",-33.58863,-70.628156
-8144986.09717131,-4434893.95227379,5308,2023,1545289,2023/07/13 00:00:00+00,Julio,13,Jueves,1899/12/30 00:00:00+00,22:20:00,22,REGION BIO BIO,CORONEL,COLISION,COLISION,URBANA,TRAMO DE VIA RECTA,ALCOHOL EN CONDUCTOR,CONDUCCION BAJO LA INFLUENCIA DEL ALCOHOL,MANUEL MONTT,PARQUE INDUSTRIAL,MANUEL MONTT - PARQUE INDUSTRIAL,0, , ,BIDIRECCIONAL CON BANDEJON,ASFALTO,BUENO,SECO,DESPEJADO,0,0,0,0,08,081,08102,Biobío,Concepción,Coronel,Interseccion,"MANUEL MONTT & PARQUE INDUSTRIAL, Coronel",-36.96977,-73.167655
-7807485.99514738,-2298173.72744836,5309,2023,1552499,2023/08/20 00:00:00+00,Agosto,20,Domingo,1899/12/30 00:00:00+00,20:30:00,20,REGION TARAPACA,IQUIQUE,COLISION PERPENDICULAR,COLISION,URBANA,CRUCE CON SEÑAL CEDA EL PASO,DESOBEDIENCIA A SEÑALIZACION,SEÑALIZACION DESOBEDECER SEÑAL CEDA EL PASO,SOTOMAYOR,EDUARDO LLANOS,EDUARDO LLANOS - SOTOMAYOR,0, , ,UNIDIRECCIONAL,ASFALTO,BUENO,SECO,DESPEJADO,0,1,0,0,01,011,01101,Tarapacá,Iquique,Iquique,Interseccion,"EDUARDO LLANOS & SOTOMAYOR, Iquique",-20.212097,-70.13584
-7971896.11103977,-3901582.7231558,5310,2023,1537363,2023/05/10 00:00:00+00,Mayo,10,Miércoles,1899/12/30 00:00:00+00,21:30:00,21,REGION VALPARAISO,VALPARAISO,COLISION LATERAL,COLISION,URBANA,TRAMO DE VIA RECTA,IMPRUDENCIA DEL CONDUCTOR,VIRAJES INDEBIDOS,FRANCIA,PEDRO MONTT,FRANCIA - PEDRO MONTT,0, , ,BIDIRECCIONAL,ASFALTO,BUENO,SECO,DESPEJADO,0,0,0,0,05,051,05101,Valparaíso,Valparaíso,Valparaíso,Interseccion,"FRANCIA & PEDRO MONTT, Valparaíso",-33.047291,-71.612761
-7922627.6406793,-3895929.0210655,5311,2023,1545046,2023/07/13 00:00:00+00,Julio,13,Jueves,1899/12/30 00:00:00+00,22:45:00,22,REGION VALPARAISO,OLMUE,COLISION FRONTAL,COLISION,URBANA,TRAMO DE VIA RECTA,DESOBEDIENCIA A SEÑALIZACION,SEÑALIZACION DESOBEDECER SEÑAL PARE,LAUTARO,BAQUEDANO,BAQUEDANO - LAUTARO,0, , ,BIDIRECCIONAL,ASFALTO,BUENO,SECO,NUBLADO,0,0,0,1,05,058,05803,Valparaíso,Marga Marga,Olmué,Interseccion,"BAQUEDANO & LAUTARO, Olmué",-33.004709,-71.170175
-8153321.47796954,-4839439.67338434,5312,2023,1530199,2023/05/10 00:00:00+00,Mayo,10,Miércoles,1899/12/30 00:00:00+00,23:20:00,23,REGION DE LOS RIOS,VALDIVIA,COLISION LATERAL,COLISION,URBANA,CRUCE CON SEÑAL PARE,IMPRUDENCIA DEL CONDUCTOR,CONDUCCION NO ATENTO CONDICIONES TRANSITO MOMENTO,LOS ENCINOS,SAELZER,LOS ENCINOS - SAELZER,0, , ,BIDIRECCIONAL,ASFALTO,BUENO,SECO,DESPEJADO,0,0,0,0,14,141,14101,Los Ríos,Valdivia,Valdivia,Interseccion,"LOS ENCINOS & SAELZER, Valdivia",-39.817379,-73.242533
-7963843.90482902,-3900595.64211399,5313,2023,1550620,2023/07/13 00:00:00+00,Julio,13,Jueves,1899/12/30 00:00:00+00,23:00:00,23,REGION VALPARAISO,VIÑA DEL MAR,COLISION FRONTAL,COLISION,URBANA,TRAMO DE VIA RECTA,IMPRUDENCIA DEL CONDUCTOR,CONDUCCION NO ATENTO CONDICIONES TRANSITO MOMENTO,BLANCA VERGARA,LA PAZ,BLANCA VERGARA - LA PAZ,0, , ,BIDIRECCIONAL,CONCRETO,BUENO,SECO,DESPEJADO,0,0,0,0,05,051,05109,Valparaíso,Valparaíso,Viña del Mar,Interseccion,"BLANCA VERGARA & LA PAZ, Viña del Mar",-33.039858,-71.540427
-7872062.00875362,-3945036.48201799,5314,2023,1531812,2023/05/11 00:00:00+00,Mayo,11,Jueves,1899/12/30 00:00:00+00,07:45:00,7,REGION METROPOLITANA,QUILICURA,COLISION POR ALCANCE,COLISION,URBANA,CRUCE CON SEMAFORO FUNCIONANDO,IMPRUDENCIA DEL CONDUCTOR,ADELANTAMIENTO SIN EL ESPACIO O TIEMPO SUFICIENTE,AMERICO VESPUCIO,FILOMENA GARATE,AMERICO VESPUCIO - FILOMENA GARATE,0, , ,UNIDIRECCIONAL,ASFALTO,BUENO,SECO,DESPEJADO,0,0,0,1,13,131,13125,Metropolitana de Santiago,Santiago,Quilicura,Interseccion,"AMERICO VESPUCIO & FILOMENA GARATE, Quilicura",-33.373883,-70.715936
-7869156.99305798,-3947171.22744657,5315,2023,1531656,2023/05/11 00:00:00+00,Mayo,11,Jueves,1899/12/30 00:00:00+00,08:30:00,8,REGION METROPOLITANA,CONCHALI,COLISION,COLISION,URBANA,TRAMO DE VIA RECTA,IMPRUDENCIA DEL CONDUCTOR,CONDUCCION SIN MANTENER DISTANCIA RAZONABLE NI PRUDENTE,PDTE EDUARDO FREI MONTALVA,LOS ZAPADORES,LOS ZAPADORES - PDTE EDUARDO FREI MONTALVA,0, , ,UNIDIRECCIONAL,CONCRETO,BUENO,SECO,DESPEJADO,0,1,0,0,13,131,13104,Metropolitana de Santiago,Santiago,Conchalí,Interseccion,"LOS ZAPADORES & PDTE EDUARDO FREI MONTALVA, Conchalí",-33.389896,-70.68984
-7876670.83604755,-3965249.8827548,5316,2023,1544747,2023/07/14 00:00:00+00,Julio,14,Viernes,1899/12/30 00:00:00+00,07:05:00,7,REGION METROPOLITANA,MAIPU,VOLCADURA,VOLCADURA,URBANA,TRAMO DE VIA RECTA,IMPRUDENCIA DEL CONDUCTOR,CONDUCCION NO ATENTO CONDICIONES TRANSITO MOMENTO,LOS PAJARITOS,NVA SAN MARTIN,LOS PAJARITOS - NVA SAN MARTIN,0, , ,BIDIRECCIONAL CON BANDEJON,ASFALTO,BUENO,SECO,DESPEJADO,0,1,0,1,13,131,13119,Metropolitana de Santiago,Santiago,Maipú,Interseccion,"LOS PAJARITOS & NVA SAN MARTIN, Maipú",-33.525388,-70.757338
-7932081.39278631,-3493338.96767699,5317,2023,1530169,2023/05/11 00:00:00+00,Mayo,11,Jueves,1899/12/30 00:00:00+00,08:45:00,8,REGION COQUIMBO,LA SERENA,COLISION POR ALCANCE,COLISION,URBANA,TRAMO DE VIA RECTA,VELOCIDAD IMPRUDENTE,VELOCIDAD NO RAZONABLE NI PRUDENTE,JOSE MANUEL BALMACEDA,LAS HIGUERAS,JOSE MANUEL BALMACEDA - LAS HIGUERAS,0, , ,BIDIRECCIONAL CON BANDEJON,ASFALTO,BUENO,SECO,NUBLADO,0,0,0,1,04,041,04101,Coquimbo,Elqui,La Serena,Interseccion,"JOSE MANUEL BALMACEDA & LAS HIGUERAS, La Serena",-29.920531,-71.2551
-8109196.76952839,-4664492.44976266,5318,2023,1545552,2023/07/14 00:00:00+00,Julio,14,Viernes,1899/12/30 00:00:00+00,08:50:00,8,REGION ARAUCANIA,CHOLCHOL,COLISION,COLISION,URBANA,TRAMO DE VIA RECTA,DESOBEDIENCIA A SEÑALIZACION,SEÑALIZACION DESOBEDECER SEÑAL PARE,LASTARRIA,BALMACEDA,BALMACEDA - LASTARRIA,0, , ,BIDIRECCIONAL,ASFALTO,BUENO,HUMEDO,DESPEJADO,0,0,0,1,09,091,09121,La Araucanía,Cautín,Cholchol,Interseccion,"BALMACEDA & LASTARRIA, Cholchol",-38.599695,-72.846154
-7836215.15125351,-2710788.26459709,5319,2023,1553554,2023/08/20 00:00:00+00,Agosto,20,Domingo,1899/12/30 00:00:00+00,20:35:00,20,REGION ANTOFAGASTA,ANTOFAGASTA,COLISION,COLISION,URBANA,CRUCE CON SEMAFORO FUNCIONANDO,IMPRUDENCIA DEL CONDUCTOR,CONDUCCION NO ATENTO CONDICIONES TRANSITO MOMENTO,GENERAL MANUEL BAQUEDANO,JOSE MANUEL BALMACEDA,GENERAL MANUEL BAQUEDANO - JOSE MANUEL BALMACEDA,0, , ,UNIDIRECCIONAL,ASFALTO,BUENO,SECO,DESPEJADO,0,0,0,2,02,021,02101,Antofagasta,Antofagasta,Antofagasta,Interseccion,"GENERAL MANUEL BAQUEDANO & JOSE MANUEL BALMACEDA, Antofagasta",-23.649766,-70.393918
-8152262.39667946,-4842387.85563598,5320,2023,1530201,2023/05/11 00:00:00+00,Mayo,11,Jueves,1899/12/30 00:00:00+00,08:50:00,8,REGION DE LOS RIOS,VALDIVIA,VOLCADURA,VOLCADURA,URBANA,CRUCE CON SEMAFORO FUNCIONANDO,IMPRUDENCIA DEL CONDUCTOR,CONDUCCION NO ATENTO CONDICIONES TRANSITO MOMENTO,PEDRO MONTT,FRANCIA,FRANCIA - PEDRO MONTT,0, , ,BIDIRECCIONAL CON BANDEJON,CONCRETO,BUENO,MOJADO,LLOVIZNA,0,1,0,0,14,141,14101,Los Ríos,Valdivia,Valdivia,Interseccion,"FRANCIA & PEDRO MONTT, Valdivia",-39.837718,-73.233019
-7931268.60465623,-3498042.13882267,5321,2023,1553472,2023/08/21 00:00:00+00,Agosto,21,Lunes,1899/12/30 00:00:00+00,00:40:00,0,REGION COQUIMBO,COQUIMBO,COLISION PERPENDICULAR,COLISION,URBANA,CRUCE CON SEÑAL PARE,IMPRUDENCIA DEL CONDUCTOR,CONDUCCION NO ATENTO CONDICIONES TRANSITO MOMENTO,TARAPACA,LUIS TORRES ARAYA,LUIS TORRES ARAYA - TARAPACA,0, , ,BIDIRECCIONAL,ASFALTO,BUENO,SECO,DESPEJADO,0,0,0,2,04,041,04102,Coquimbo,Elqui,Coquimbo,Interseccion,"LUIS TORRES ARAYA & TARAPACA, Coquimbo",-29.957143,-71.247798
-7797799.64095323,-3047050.03996861,5322,2023,1545407,2023/07/14 00:00:00+00,Julio,14,Viernes,1899/12/30 00:00:00+00,09:00:00,9,REGION ATACAMA,DIEGO DE ALMAGRO,CHOQUE FRENTE/POSTERIOR,CHOQUE,URBANA,TRAMO DE VIA RECTA,DROGAS Y/O FATIGA EN CONDUCTOR,CONDUCCION BAJO INFLUENCIA DE DROGAS O ESTUPEFACIENTES,MEXICO,ALMIRANTE LATORRE,ALMIRANTE LATORRE - MEXICO,0, , ,UNIDIRECCIONAL,TIERRA,REGULAR, ,DESPEJADO,0,0,0,0,03,032,03202,Atacama,Chañaral,Diego de Almagro,Interseccion,"ALMIRANTE LATORRE & MEXICO, Diego de Almagro",-26.386662,-70.048826
-7972085.4655938,-3901121.47561986,5323,2023,1530870,2023/05/11 00:00:00+00,Mayo,11,Jueves,1899/12/30 00:00:00+00,10:30:00,10,REGION VALPARAISO,VALPARAISO,COLISION,COLISION,URBANA,TRAMO DE VIA RECTA,IMPRUDENCIA DEL CONDUCTOR,CONDUCCION NO ATENTO CONDICIONES TRANSITO MOMENTO,ERRAZURIZ,FREIRE,ERRAZURIZ - FREIRE,0, , ,BIDIRECCIONAL CON BANDEJON,ASFALTO,BUENO,SECO,DESPEJADO,0,0,0,0,05,051,05101,Valparaíso,Valparaíso,Valparaíso,Interseccion,"ERRAZURIZ & FREIRE, Valparaíso",-33.043818,-71.614462
-7952215.24809272,-3903901.06875581,5324,2023,1553531,2023/08/21 00:00:00+00,Agosto,21,Lunes,1899/12/30 00:00:00+00,08:30:00,8,REGION VALPARAISO,QUILPUE,CHOQUE POSTERIOR/FRENTE,CHOQUE,URBANA,CRUCE SIN SEÑALIZACION,IMPRUDENCIA DEL CONDUCTOR,CONDUCIR VEHICULO EN RETROCESO,CALLE UNO,LAS MALAQUITAS,CALLE UNO - LAS MALAQUITAS,0, , ,BIDIRECCIONAL,ASFALTO,BUENO,SECO,DESPEJADO,0,0,0,0,05,058,05801,Valparaíso,Marga Marga,Quilpué,Interseccion,"CALLE UNO & LAS MALAQUITAS, Quilpué",-33.064746,-71.435965
-8116066.7405832,-5080329.0104756,5325,2023,1532323,2023/05/11 00:00:00+00,Mayo,11,Jueves,1899/12/30 00:00:00+00,11:40:00,11,REGION LOS LAGOS,PUERTO MONTT,COLISION PERPENDICULAR,COLISION,URBANA,TRAMO DE VIA RECTA,IMPRUDENCIA DEL CONDUCTOR,CONDUCCION NO ATENTO CONDICIONES TRANSITO MOMENTO,MARCELO FOURCADE,EL CHAGUAL,EL CHAGUAL - MARCELO FOURCADE,0, , ,BIDIRECCIONAL,CONCRETO,BUENO,SECO,DESPEJADO,0,1,0,0,10,101,10101,Los Lagos,Llanquihue,Puerto Montt,Interseccion,"EL CHAGUAL & MARCELO FOURCADE, Puerto Montt",-41.459319,-72.907868
-7864583.76573721,-3952956.0671538,5326,2023,1553712,2023/08/21 00:00:00+00,Agosto,21,Lunes,1899/12/30 00:00:00+00,10:15:00,10,REGION METROPOLITANA,SANTIAGO,OTRO TIPO,OTRO TIPO,URBANA,TRAMO DE VIA RECTA,IMPRUDENCIA DEL CONDUCTOR,CONDUCCION CAMBIAR SORPRESIVAMENTE PISTA CIRCULACION,CARD JOSE MARIA CARO,SAN ANTONIO,CARD JOSE MARIA CARO - SAN ANTONIO,0, , ,UNIDIRECCIONAL,ASFALTO,BUENO,SECO,DESPEJADO,0,0,0,1,13,131,13101,Metropolitana de Santiago,Santiago,Santiago,Interseccion,"CARD JOSE MARIA CARO & SAN ANTONIO, Santiago",-33.433274,-70.648758
-7853963.4410487,-3949130.47867225,5327,2023,1549137,2023/07/14 00:00:00+00,Julio,14,Viernes,1899/12/30 00:00:00+00,11:36:00,11,REGION METROPOLITANA,LAS CONDES,COLISION,COLISION,URBANA,CRUCE CON SEÑAL PARE,IMPRUDENCIA DEL CONDUCTOR,CONDUCCION SIN MANTENER DISTANCIA RAZONABLE NI PRUDENTE,LEONARDO DA VINCI,MIGUEL ANGEL BUONAROTTI,LEONARDO DA VINCI - MIGUEL ANGEL BUONAROTTI,0, , ,BIDIRECCIONAL,CONCRETO,BUENO,SECO,DESPEJADO,0,0,0,1,13,131,13114,Metropolitana de Santiago,Santiago,Las Condes,Interseccion,"LEONARDO DA VINCI & MIGUEL ANGEL BUONAROTTI, Las Condes",-33.40459,-70.553354
-7822364.40175614,-3174655.33108033,5328,2023,1531110,2023/05/11 00:00:00+00,Mayo,11,Jueves,1899/12/30 00:00:00+00,14:15:00,14,REGION ATACAMA,COPIAPO,COLISION POR ALCANCE,COLISION,URBANA,CRUCE SIN SEÑALIZACION,IMPRUDENCIA DEL CONDUCTOR,CONDUCCION SIN MANTENER DISTANCIA RAZONABLE NI PRUDENTE,JUAN SERAPIO LOIS,CHONCHI,CHONCHI - JUAN SERAPIO LOIS,0, , ,UNIDIRECCIONAL,ASFALTO,BUENO,SECO,DESPEJADO,0,0,0,1,03,031,03101,Atacama,Copiapó,Copiapó,Interseccion,"CHONCHI & JUAN SERAPIO LOIS, Copiapó",-27.408927,-70.269495
-7861514.68737604,-3955391.53049898,5329,2023,1556800,2023/08/21 00:00:00+00,Agosto,21,Lunes,1899/12/30 00:00:00+00,11:30:00,11,REGION METROPOLITANA,ÑUÑOA,COLISION POR ALCANCE,COLISION,URBANA,CRUCE CON SEÑAL CEDA EL PASO,DESOBEDIENCIA A SEÑALIZACION,SEÑALIZACION DESOBEDECER SEÑAL CEDA EL PASO,COLO COLO,SALVADOR,COLO COLO - SALVADOR,0, , ,UNIDIRECCIONAL,CONCRETO,BUENO,SECO,DESPEJADO,0,1,0,1,13,131,13120,Metropolitana de Santiago,Santiago,Ñuñoa,Interseccion,"COLO COLO & SALVADOR, Ñuñoa",-33.45153,-70.621188
-7866407.76895631,-3967210.75669056,5330,2023,1546087,2023/07/14 00:00:00+00,Julio,14,Viernes,1899/12/30 00:00:00+00,13:20:00,13,REGION METROPOLITANA,LA CISTERNA,COLISION POR ALCANCE,COLISION,URBANA,CRUCE CON SEMAFORO FUNCIONANDO,IMPRUDENCIA DEL CONDUCTOR,CONDUCCION SIN MANTENER DISTANCIA RAZONABLE NI PRUDENTE,GRAN AVDA JOSE MIGUEL CARRERA,GOYCOLEA,GOYCOLEA - GRAN AVDA JOSE MIGUEL CARRERA,0, , ,BIDIRECCIONAL CON BANDEJON,CONCRETO,BUENO,SECO,DESPEJADO,0,0,0,1,13,131,13109,Metropolitana de Santiago,Santiago,La Cisterna,Interseccion,"GOYCOLEA & GRAN AVDA JOSE MIGUEL CARRERA, La Cisterna",-33.540071,-70.665143