X,Y,FID,Año,IdAccident,Fecha,Mes,Dia_mes,Dia_semana,Hora,Hora_texto,Hora_aprox,Región,Comuna,Tipo_Accid,Tipo__CONA,Zona,Ubicación,Causa__CON,Causa_Acci,Calle_Uno,Calle_Dos,Intersecci,Número,Ruta,Ubicaci_1,Calzada,Tipo_Calza,Estado_Cal,Condición,Estado_Atm,Fallecidos,Graves,Menos_Grav,Leves,CUT_REG,CUT_PROV,CUT_COM,REGION,PROVINCIA,COMUNA1,Tipo_direc,Direccion,Lat,Lon
-7869529.6461631,-3975135.86325835,5331,2023,1531406,2023/05/11 00:00:00+00,Mayo,11,Jueves,1899/12/30 00:00:00+00,15:10:00,15,REGION METROPOLITANA,SAN BERNARDO,COLISION FRONTAL,COLISION,URBANA,CRUCE CON SEÑAL PARE,DESOBEDIENCIA A SEÑALIZACION,SEÑALIZACION DESOBEDECER SEÑAL PARE,ENRIQUE MAC IVER,SAN JOSE,ENRIQUE MAC IVER - SAN JOSE,0, , ,BIDIRECCIONAL,ASFALTO,BUENO,SECO,DESPEJADO,0,1,0,0,13,134,13401,Metropolitana de Santiago,Maipo,San Bernardo,Interseccion,"ENRIQUE MAC IVER & SAN JOSE, San Bernardo",-33.59939,-70.693188
-7858688.39682429,-3965652.49496467,5332,2023,1557039,2023/08/21 00:00:00+00,Agosto,21,Lunes,1899/12/30 00:00:00+00,14:15:00,14,REGION METROPOLITANA,LA FLORIDA,COLISION LATERAL,COLISION,URBANA,CRUCE CON SEMAFORO FUNCIONANDO,DESOBEDIENCIA A SEÑALIZACION,SEÑALIZACION DESOBEDECER SEÑAL PARE,GERONIMO DE ALDERETE,VICUÑA MACKENNA PONIENTE,GERONIMO DE ALDERETE - VICUÑA MACKENNA PONIENTE,0, , ,BIDIRECCIONAL CON BANDEJON,ASFALTO,BUENO,HUMEDO,DESPEJADO,0,2,0,1,13,131,13110,Metropolitana de Santiago,Santiago,La Florida,Interseccion,"GERONIMO DE ALDERETE & VICUÑA MACKENNA PONIENTE, La Florida",-33.528403,-70.595799
-7857617.94860082,-3983040.8518783,5333,2023,1531215,2023/05/11 00:00:00+00,Mayo,11,Jueves,1899/12/30 00:00:00+00,16:30:00,16,REGION METROPOLITANA,PIRQUE,COLISION POR ALCANCE,COLISION,URBANA,CRUCE CON SEÑAL CEDA EL PASO,IMPRUDENCIA DEL CONDUCTOR,CONDUCCION SIN MANTENER DISTANCIA RAZONABLE NI PRUDENTE,ALCALDE HERNAN PRIETO,CARLOS VIAL INFANTE,ALCALDE HERNAN PRIETO - CARLOS VIAL INFANTE,0, , ,BIDIRECCIONAL,ASFALTO,BUENO,SECO,DESPEJADO,0,0,0,1,13,132,13202,Metropolitana de Santiago,Cordillera,Pirque,Interseccion,"ALCALDE HERNAN PRIETO & CARLOS VIAL INFANTE, Pirque",-33.658517,-70.586183
-8022931.3999305,-4387057.66177509,5334,2023,1553321,2023/08/21 00:00:00+00,Agosto,21,Lunes,1899/12/30 00:00:00+00,15:00:00,15,REGION ÑUBLE,CHILLAN,COLISION PERPENDICULAR,COLISION,URBANA,CRUCE CON SEMAFORO FUNCIONANDO,DESOBEDIENCIA A SEÑALIZACION,SEÑALIZACION DESOBEDECER LUZ ROJA DE SEMAFORO,ALONSO DE ERCILLA,CIRCUNVALACION,ALONSO DE ERCILLA - CIRCUNVALACION,0, , ,BIDIRECCIONAL,ASFALTO,BUENO,MOJADO,NUBLADO,0,1,0,0,16,161,16101,Ñuble,Diguillín,Chillán,Interseccion,"ALONSO DE ERCILLA & CIRCUNVALACION, Chillán",-36.62567,-72.071219
-8027469.89557014,-4384228.96416802,5335,2023,1531771,2023/05/11 00:00:00+00,Mayo,11,Jueves,1899/12/30 00:00:00+00,18:00:00,18,REGION ÑUBLE,CHILLAN,ATROPELLO,ATROPELLO,URBANA,CRUCE CON SEMAFORO FUNCIONANDO,IMPRUDENCIA DEL CONDUCTOR,NO RESPETAR DERECHO PREFERENTE DE PASO A PEATON,BRASIL,CONSTITUCION,BRASIL - CONSTITUCION,0, , ,BIDIRECCIONAL CON BANDEJON,CONCRETO,BUENO,SECO,DESPEJADO,0,1,0,0,16,161,16101,Ñuble,Diguillín,Chillán,Interseccion,"BRASIL & CONSTITUCION, Chillán",-36.605274,-72.111989
-7872178.76065783,-4051534.0518738,5336,2023,1530423,2023/05/11 00:00:00+00,Mayo,11,Jueves,1899/12/30 00:00:00+00,18:35:00,18,REGION LIB.B.O'HIGGINS,RANCAGUA,COLISION POR ALCANCE,COLISION,URBANA,TRAMO DE VIA RECTA,IMPRUDENCIA DEL CONDUCTOR,CONDUCIR VEHICULO EN RETROCESO,LIBERTADOR BERNARDO O'HIGGINS,HONDURAS,HONDURAS - LIBERTADOR BERNARDO O'HIGGINS,0, , ,BIDIRECCIONAL CON BANDEJON,CONCRETO,BUENO,SECO,DESPEJADO,0,0,0,1,06,061,06101,Libertador General Bernardo O'Higgins,Cachapoal,Rancagua,Interseccion,"HONDURAS & LIBERTADOR BERNARDO O'HIGGINS, Rancagua",-34.169125,-70.716985
-7856126.56399045,-3949896.89375387,5337,2023,1561225,2023/08/21 00:00:00+00,Agosto,21,Lunes,1899/12/30 00:00:00+00,17:00:00,17,REGION METROPOLITANA,LAS CONDES,CHOQUE LADO/LADO,CHOQUE,URBANA,TRAMO DE VIA RECTA,DESOBEDIENCIA A SEÑALIZACION,SEÑALIZACION DESOBEDECER SEÑAL CEDA EL PASO,APOQUINDO,FLOR DE AZUCENA,APOQUINDO - FLOR DE AZUCENA,0, , ,BIDIRECCIONAL CON BANDEJON,ASFALTO,BUENO,MOJADO,LLOVIZNA,0,0,0,0,13,131,13114,Metropolitana de Santiago,Santiago,Las Condes,Interseccion,"APOQUINDO & FLOR DE AZUCENA, Las Condes",-33.410337,-70.572786
-8053176.90557904,-4507305.23800866,5338,2023,1544924,2023/07/14 00:00:00+00,Julio,14,Viernes,1899/12/30 00:00:00+00,17:50:00,17,REGION BIO BIO,LOS ANGELES,CHOQUE FRENTE/POSTERIOR,CHOQUE,URBANA,OTROS NO CONSIDERADOS,IMPRUDENCIA DEL CONDUCTOR,CONDUCCION NO ATENTO CONDICIONES TRANSITO MOMENTO,LOS CARRERA,FRANCISCO ENCINA,FRANCISCO ENCINA - LOS CARRERA,0, , ,BIDIRECCIONAL,ASFALTO,BUENO,SECO,DESPEJADO,0,0,0,0,08,083,08301,Biobío,Biobío,Los Angeles,Interseccion,"FRANCISCO ENCINA & LOS CARRERA, Los Angeles",-37.487697,-72.342919
-7854707.38919454,-3948470.55776128,5339,2023,1534904,2023/05/11 00:00:00+00,Mayo,11,Jueves,1899/12/30 00:00:00+00,19:05:00,19,REGION METROPOLITANA,LAS CONDES,COLISION,COLISION,URBANA,CRUCE CON SEÑAL CEDA EL PASO,IMPRUDENCIA DEL CONDUCTOR,CONDUCCION SIN MANTENER DISTANCIA RAZONABLE NI PRUDENTE,GERONIMO DE ALDERETE,GASPAR DE LAS CASAS,GASPAR DE LAS CASAS - GERONIMO DE ALDERETE,0, , ,BIDIRECCIONAL,ASFALTO,BUENO,SECO,DESPEJADO,0,0,0,1,13,131,13114,Metropolitana de Santiago,Santiago,Las Condes,Interseccion,"GASPAR DE LAS CASAS & GERONIMO DE ALDERETE, Las Condes",-33.399641,-70.560037
-7861184.06848839,-3969236.82985665,5340,2023,1554547,2023/08/21 00:00:00+00,Agosto,21,Lunes,1899/12/30 00:00:00+00,17:30:00,17,REGION METROPOLITANA,LA GRANJA,COLISION LATERAL,COLISION,URBANA,CRUCE CON SEMAFORO FUNCIONANDO,IMPRUDENCIA DEL CONDUCTOR,CONDUCCION NO ATENTO CONDICIONES TRANSITO MOMENTO,LA SERENA,SAN JOSE DE LA ESTRELLA,LA SERENA - SAN JOSE DE LA ESTRELLA,0, , ,BIDIRECCIONAL CON BANDEJON,ASFALTO,BUENO,SECO,NUBLADO,0,0,0,0,13,131,13111,Metropolitana de Santiago,Santiago,La Granja,Interseccion,"LA SERENA & SAN JOSE DE LA ESTRELLA, La Granja",-33.55524,-70.618218
-7856645.28488748,-3949332.95345458,5341,2023,1534900,2023/05/11 00:00:00+00,Mayo,11,Jueves,1899/12/30 00:00:00+00,19:33:00,19,REGION METROPOLITANA,LAS CONDES,COLISION,COLISION,URBANA,TRAMO DE VIA RECTA,IMPRUDENCIA DEL CONDUCTOR,CONDUCCION SIN MANTENER DISTANCIA RAZONABLE NI PRUDENTE,ALONSO DE CORDOVA,PIO XI,ALONSO DE CORDOVA - PIO XI,0, , ,BIDIRECCIONAL CON BANDEJON,ADOQUIN,BUENO,SECO,DESPEJADO,0,0,0,1,13,131,13114,Metropolitana de Santiago,Santiago,Las Condes,Interseccion,"ALONSO DE CORDOVA & PIO XI, Las Condes",-33.406108,-70.577445
-7848790.5356199,-3943974.62822426,5342,2023,1554856,2023/08/21 00:00:00+00,Agosto,21,Lunes,1899/12/30 00:00:00+00,18:01:00,18,REGION METROPOLITANA,LO BARNECHEA,COLISION LATERAL,COLISION,URBANA,CRUCE CON SEÑAL CEDA EL PASO,DESOBEDIENCIA A SEÑALIZACION,SEÑALIZACION DESOBEDECER SEÑAL CEDA EL PASO,COST MONS ESCRIVA DE BALAGUER,LA CABAÑA,COST MONS ESCRIVA DE BALAGUER - LA CABAÑA,0, , ,BIDIRECCIONAL,ASFALTO,BUENO,SECO,DESPEJADO,0,0,0,1,13,131,13115,Metropolitana de Santiago,Santiago,Lo Barnechea,Interseccion,"COST MONS ESCRIVA DE BALAGUER & LA CABAÑA, Lo Barnechea",-33.365917,-70.506885
-7868059.49419825,-3973166.7604063,5343,2023,1531414,2023/05/11 00:00:00+00,Mayo,11,Jueves,1899/12/30 00:00:00+00,19:50:00,19,REGION METROPOLITANA,SAN BERNARDO,COLISION LATERAL,COLISION,URBANA,CRUCE CON SEÑAL CEDA EL PASO,VELOCIDAD IMPRUDENTE,VELOCIDAD MAYOR QUE MAXIMA PERMITIDA,CALDERON DE LA BARCA,MARTIN DE SOLIS,CALDERON DE LA BARCA - MARTIN DE SOLIS,0, , ,BIDIRECCIONAL,ASFALTO,REGULAR,SECO,DESPEJADO,0,1,0,0,13,134,13401,Metropolitana de Santiago,Maipo,San Bernardo,Interseccion,"CALDERON DE LA BARCA & MARTIN DE SOLIS, San Bernardo",-33.584655,-70.679981
-7856461.56173046,-3972891.3611119,5344,2023,1555779,2023/08/22 00:00:00+00,Agosto,22,Martes,1899/12/30 00:00:00+00,08:00:00,8,REGION METROPOLITANA,PUENTE ALTO,CHOQUE FRENTE/LADO,CHOQUE,URBANA,TRAMO DE VIA RECTA,IMPRUDENCIA DEL CONDUCTOR,CONDUCCION NO ATENTO CONDICIONES TRANSITO MOMENTO,MAESTRO PALOMO,MIGUEL COVARRUBIAS,MAESTRO PALOMO - MIGUEL COVARRUBIAS,0, , ,BIDIRECCIONAL,CONCRETO,BUENO,SECO,DESPEJADO,0,0,0,0,13,132,13201,Metropolitana de Santiago,Cordillera,Puente Alto,Interseccion,"MAESTRO PALOMO & MIGUEL COVARRUBIAS, Puente Alto",-33.582594,-70.575795
-7875440.90187017,-3959037.87772167,5345,2023,1533460,2023/05/11 00:00:00+00,Mayo,11,Jueves,1899/12/30 00:00:00+00,20:00:00,20,REGION METROPOLITANA,MAIPU,CHOQUE FRENTE/LADO,CHOQUE,URBANA,CRUCE CON SEÑAL PARE,IMPRUDENCIA DEL CONDUCTOR,CONDUCCION CAMBIAR SORPRESIVAMENTE PISTA CIRCULACION,REBECA MATTE,MONVOISIN,MONVOISIN - REBECA MATTE,0, , ,BIDIRECCIONAL,ASFALTO,BUENO,SECO,DESPEJADO,0,0,0,0,13,131,13119,Metropolitana de Santiago,Santiago,Maipú,Interseccion,"MONVOISIN & REBECA MATTE, Maipú",-33.478855,-70.746289
-7854417.51324052,-3958895.94321946,5346,2023,1555539,2023/08/22 00:00:00+00,Agosto,22,Martes,1899/12/30 00:00:00+00,08:20:00,8,REGION METROPOLITANA,PEÑALOLEN,COLISION FRONTAL,COLISION,URBANA,CRUCE CON SEMAFORO FUNCIONANDO,IMPRUDENCIA DEL CONDUCTOR,CONDUCCION NO ATENTO CONDICIONES TRANSITO MOMENTO,CRNEL ALEJANDRO SEPULVEDA,TOBALABA,CRNEL ALEJANDRO SEPULVEDA - TOBALABA,0, , ,BIDIRECCIONAL,CONCRETO,BUENO,MOJADO,DESPEJADO,0,1,0,0,13,131,13122,Metropolitana de Santiago,Santiago,Peñalolén,Interseccion,"CRNEL ALEJANDRO SEPULVEDA & TOBALABA, Peñalolén",-33.477792,-70.557433
-7855666.96320518,-3972863.43403986,5347,2023,1532218,2023/05/11 00:00:00+00,Mayo,11,Jueves,1899/12/30 00:00:00+00,20:04:00,20,REGION METROPOLITANA,PUENTE ALTO,COLISION FRONTAL,COLISION,URBANA,TRAMO DE VIA RECTA,IMPRUDENCIA DEL CONDUCTOR,CONDUCCION NO ATENTO CONDICIONES TRANSITO MOMENTO,NONATO COO,MAESTRO PALOMO,MAESTRO PALOMO - NONATO COO,0, , ,BIDIRECCIONAL,CONCRETO,BUENO,SECO,DESPEJADO,0,0,0,1,13,132,13201,Metropolitana de Santiago,Cordillera,Puente Alto,Interseccion,"MAESTRO PALOMO & NONATO COO, Puente Alto",-33.582385,-70.568657
-8120458.51713398,-5082220.25465614,5348,2023,1555593,2023/08/22 00:00:00+00,Agosto,22,Martes,1899/12/30 00:00:00+00,09:10:00,9,REGION LOS LAGOS,PUERTO MONTT,COLISION LATERAL,COLISION,URBANA,CRUCE CON SEÑAL CEDA EL PASO,IMPRUDENCIA DEL CONDUCTOR,CONDUCCION NO ATENTO CONDICIONES TRANSITO MOMENTO,BENAVENTE,ANIBAL PINTO,ANIBAL PINTO - BENAVENTE,0, , ,UNIDIRECCIONAL,CONCRETO,BUENO,HUMEDO,NUBLADO,0,0,0,0,10,101,10101,Los Lagos,Llanquihue,Puerto Montt,Interseccion,"ANIBAL PINTO & BENAVENTE, Puerto Montt",-41.47205,-72.94732
-7852980.48993387,-3948524.82747157,5349,2023,1545032,2023/07/14 00:00:00+00,Julio,14,Viernes,1899/12/30 00:00:00+00,19:20:00,19,REGION METROPOLITANA,LAS CONDES,ATROPELLO,ATROPELLO,URBANA,CRUCE SIN SEÑALIZACION,IMPRUDENCIA DEL CONDUCTOR,CONDUCCION NO ATENTO CONDICIONES TRANSITO MOMENTO,PADRE HURTADO CENTRAL,ATACAMEÑOS,ATACAMEÑOS - PADRE HURTADO CENTRAL,0, , ,BIDIRECCIONAL,ASFALTO,BUENO,SECO,NUBLADO,0,1,0,1,13,131,13114,Metropolitana de Santiago,Santiago,Las Condes,Interseccion,"ATACAMEÑOS & PADRE HURTADO CENTRAL, Las Condes",-33.400048,-70.544524
-7854731.21156557,-3948257.74827879,5350,2023,1534907,2023/05/11 00:00:00+00,Mayo,11,Jueves,1899/12/30 00:00:00+00,20:05:00,20,REGION METROPOLITANA,LAS CONDES,CHOQUE LADO/LADO,CHOQUE,URBANA,TRAMO DE VIA RECTA,VELOCIDAD IMPRUDENTE,VELOCIDAD NO RAZONABLE NI PRUDENTE,CIRCULO POLAR,GERONIMO DE ALDERETE,CIRCULO POLAR - GERONIMO DE ALDERETE,0, , ,BIDIRECCIONAL CON BANDEJON,ASFALTO,BUENO,SECO,DESPEJADO,0,1,0,0,13,131,13114,Metropolitana de Santiago,Santiago,Las Condes,Interseccion,"CIRCULO POLAR & GERONIMO DE ALDERETE, Las Condes",-33.398045,-70.560251
-7869685.09272231,-3953822.21480218,5351,2023,1556022,2023/08/22 00:00:00+00,Agosto,22,Martes,1899/12/30 00:00:00+00,12:05:00,12,REGION METROPOLITANA,QUINTA NORMAL,COLISION LATERAL,COLISION,URBANA,CRUCE CON SEÑAL PARE,DESOBEDIENCIA A SEÑALIZACION,SEÑALIZACION DESOBEDECER SEÑAL PARE,STO DOMINGO,CRUCHAGA MONTT,CRUCHAGA MONTT - STO DOMINGO,0, , ,UNIDIRECCIONAL,ASFALTO,REGULAR,SECO,DESPEJADO,0,0,0,1,13,131,13126,Metropolitana de Santiago,Santiago,Quinta Normal,Interseccion,"CRUCHAGA MONTT & STO DOMINGO, Quinta Normal",-33.439767,-70.694584
-7856870.32690065,-3947856.80769826,5352,2023,1530543,2023/05/11 00:00:00+00,Mayo,11,Jueves,1899/12/30 00:00:00+00,20:20:00,20,REGION METROPOLITANA,VITACURA,COLISION PERPENDICULAR,COLISION,URBANA,TRAMO DE VIA RECTA,IMPRUDENCIA DEL CONDUCTOR,CONDUCCION NO ATENTO CONDICIONES TRANSITO MOMENTO,VITACURA,LOS GOMEROS,LOS GOMEROS - VITACURA,0, , ,BIDIRECCIONAL,ASFALTO,BUENO,SECO,DESPEJADO,0,0,0,0,13,131,13132,Metropolitana de Santiago,Santiago,Vitacura,Interseccion,"LOS GOMEROS & VITACURA, Vitacura",-33.395038,-70.579467
-7969847.3872314,-3900416.42575835,5353,2023,1545532,2023/07/14 00:00:00+00,Julio,14,Viernes,1899/12/30 00:00:00+00,20:30:00,20,REGION VALPARAISO,VALPARAISO,COLISION FRONTAL,COLISION,URBANA,CRUCE CON SEÑAL PARE,DESOBEDIENCIA A SEÑALIZACION,SEÑALIZACION DESOBEDECER SEÑAL PARE,AMALIA PAZ,SAN LUIS,AMALIA PAZ - SAN LUIS,0, , ,UNIDIRECCIONAL,ASFALTO,BUENO,SECO,DESPEJADO,0,1,0,1,05,051,05101,Valparaíso,Valparaíso,Valparaíso,Interseccion,"AMALIA PAZ & SAN LUIS, Valparaíso",-33.038508,-71.594357
-7871594.55594788,-3950697.29140443,5354,2023,1531370,2023/05/11 00:00:00+00,Mayo,11,Jueves,1899/12/30 00:00:00+00,20:50:00,20,REGION METROPOLITANA,QUINTA NORMAL,COLISION LATERAL,COLISION,URBANA,CRUCE CON SEMAFORO FUNCIONANDO,IMPRUDENCIA DEL CONDUCTOR,CONDUCCION CAMBIAR SORPRESIVAMENTE PISTA CIRCULACION,CARRASCAL,SAMUEL IZQUIERDO,CARRASCAL - SAMUEL IZQUIERDO,0, , ,BIDIRECCIONAL,ASFALTO,BUENO,SECO,DESPEJADO,0,0,0,1,13,131,13126,Metropolitana de Santiago,Santiago,Quinta Normal,Interseccion,"CARRASCAL & SAMUEL IZQUIERDO, Quinta Normal",-33.416339,-70.711737
-7857711.67961207,-3949413.58014916,5355,2023,1560633,2023/07/14 00:00:00+00,Julio,14,Viernes,1899/12/30 00:00:00+00,21:00:00,21,REGION METROPOLITANA,LAS CONDES,VOLCADURA,VOLCADURA,URBANA,TRAMO DE VIA RECTA,VELOCIDAD IMPRUDENTE,VELOCIDAD NO RAZONABLE NI PRUDENTE,CERRO COLORADO,AMERICO VESPUCIO NORTE,AMERICO VESPUCIO NORTE - CERRO COLORADO,0, , ,UNIDIRECCIONAL,ASFALTO,BUENO,MOJADO,LLUVIA,0,0,0,1,13,131,13114,Metropolitana de Santiago,Santiago,Las Condes,Interseccion,"AMERICO VESPUCIO NORTE & CERRO COLORADO, Las Condes",-33.406713,-70.587025
-7859366.34365517,-3873339.17557024,5356,2023,1530912,2023/05/11 00:00:00+00,Mayo,11,Jueves,1899/12/30 00:00:00+00,20:50:00,20,REGION VALPARAISO,LOS ANDES,COLISION POR ALCANCE,COLISION,URBANA,CRUCE CON SEÑAL PARE,IMPRUDENCIA DEL CONDUCTOR,CONDUCCION NO ATENTO CONDICIONES TRANSITO MOMENTO,LAS HERAS,YERBAS BUENAS,LAS HERAS - YERBAS BUENAS,0, , ,UNIDIRECCIONAL,ASFALTO,BUENO,SECO,DESPEJADO,0,1,0,0,05,053,05301,Valparaíso,Los Andes,Los Andes,Interseccion,"LAS HERAS & YERBAS BUENAS, Los Andes",-32.834364,-70.601889
-7875108.35567477,-3944782.54639632,5357,2023,1545307,2023/07/14 00:00:00+00,Julio,14,Viernes,1899/12/30 00:00:00+00,21:30:00,21,REGION METROPOLITANA,QUILICURA,COLISION LATERAL,COLISION,URBANA,TRAMO DE VIA RECTA,IMPRUDENCIA DEL CONDUCTOR,CONDUCCION CAMBIAR SORPRESIVAMENTE PISTA CIRCULACION,AMERICO VESPUCIO,COLO COLO,AMERICO VESPUCIO - COLO COLO,0, , ,UNIDIRECCIONAL,ASFALTO,BUENO,SECO,NUBLADO,0,0,0,0,13,131,13125,Metropolitana de Santiago,Santiago,Quilicura,Interseccion,"AMERICO VESPUCIO & COLO COLO, Quilicura",-33.371978,-70.743302
-7856113.57700224,-3954044.7317006,5358,2023,1531139,2023/05/12 00:00:00+00,Mayo,12,Viernes,1899/12/30 00:00:00+00,02:40:00,2,REGION METROPOLITANA,ÑUÑOA,COLISION,COLISION,URBANA,CRUCE CON SEMAFORO FUNCIONANDO,IMPRUDENCIA DEL CONDUCTOR,CONDUCCION NO ATENTO CONDICIONES TRANSITO MOMENTO,OSSA,EMILIA TELLEZ,EMILIA TELLEZ - OSSA,0, , ,BIDIRECCIONAL CON BANDEJON,CONCRETO,BUENO,SECO,DESPEJADO,0,0,0,0,13,131,13120,Metropolitana de Santiago,Santiago,Ñuñoa,Interseccion,"EMILIA TELLEZ & OSSA, Ñuñoa",-33.441435,-70.572669
-7945103.60251244,-3903508.8257803,5359,2023,1554530,2023/07/14 00:00:00+00,Julio,14,Viernes,1899/12/30 00:00:00+00,21:30:00,21,REGION VALPARAISO,QUILPUE,COLISION PERPENDICULAR,COLISION,URBANA,CRUCE SIN SEÑALIZACION,IMPRUDENCIA DEL CONDUCTOR,CONDUCCION NO ATENTO CONDICIONES TRANSITO MOMENTO,FREIRE,MANUEL ANTONIO MATTA,FREIRE - MANUEL ANTONIO MATTA,0, , ,BIDIRECCIONAL,ASFALTO,BUENO,SECO,DESPEJADO,0,0,0,0,05,058,05801,Valparaíso,Marga Marga,Quilpué,Interseccion,"FREIRE & MANUEL ANTONIO MATTA, Quilpué",-33.061793,-71.37208
-7870776.69164902,-3954651.07193941,5360,2023,1556007,2023/08/22 00:00:00+00,Agosto,22,Martes,1899/12/30 00:00:00+00,14:40:00,14,REGION METROPOLITANA,QUINTA NORMAL,COLISION LATERAL,COLISION,URBANA,CRUCE CON SEÑAL PARE,IMPRUDENCIA DEL CONDUCTOR,CONDUCCION SIN MANTENER DISTANCIA RAZONABLE NI PRUDENTE,NVA IMPERIAL,ERNESTO SAMIT,ERNESTO SAMIT - NVA IMPERIAL,0, , ,UNIDIRECCIONAL,ASFALTO,REGULAR,HUMEDO,NUBLADO,0,1,0,0,13,131,13126,Metropolitana de Santiago,Santiago,Quinta Normal,Interseccion,"ERNESTO SAMIT & NVA IMPERIAL, Quinta Normal",-33.44598,-70.70439
-7874580.03337147,-3993000.38996139,5361,2023,1537617,2023/05/12 00:00:00+00,Mayo,12,Viernes,1899/12/30 00:00:00+00,07:30:00,7,REGION METROPOLITANA,BUIN,VOLCADURA,VOLCADURA,URBANA,CRUCE CON SEÑAL CEDA EL PASO,DESOBEDIENCIA A SEÑALIZACION,SEÑALIZACION DESOBEDECER SEÑAL CEDA EL PASO,JOSE MANUEL BALMACEDA,ANIBAL PINTO,ANIBAL PINTO - JOSE MANUEL BALMACEDA,0, , ,UNIDIRECCIONAL,ASFALTO,BUENO,SECO,DESPEJADO,0,1,0,2,13,134,13402,Metropolitana de Santiago,Maipo,Buin,Interseccion,"ANIBAL PINTO & JOSE MANUEL BALMACEDA, Buin",-33.732954,-70.738556
-7884848.47716071,-3970808.50781154,5362,2023,1534153,2023/05/12 00:00:00+00,Mayo,12,Viernes,1899/12/30 00:00:00+00,07:50:00,7,REGION METROPOLITANA,PADRE HURTADO,COLISION LATERAL,COLISION,URBANA,TRAMO DE VIA RECTA,IMPRUDENCIA DEL CONDUCTOR,ADELANTAMIENTO SIN EFECTUAR LA SEÑAL RESPECTIVA,SANTA HERMINIA,LAS COMPUERTAS,LAS COMPUERTAS - SANTA HERMINIA,0, , ,BIDIRECCIONAL CON BANDEJON,ASFALTO,BUENO,HUMEDO,NUBLADO,0,0,0,1,13,136,13604,Metropolitana de Santiago,Talagante,Padre Hurtado,Interseccion,"LAS COMPUERTAS & SANTA HERMINIA, Padre Hurtado",-33.567005,-70.830799
-7856584.56976779,-3977260.30897657,5363,2023,1554824,2023/08/22 00:00:00+00,Agosto,22,Martes,1899/12/30 00:00:00+00,15:50:00,15,REGION METROPOLITANA,PUENTE ALTO,COLISION PERPENDICULAR,COLISION,URBANA,CRUCE CON SEÑAL CEDA EL PASO,DESOBEDIENCIA A SEÑALIZACION,SEÑALIZACION DESOBEDECER SEÑAL CEDA EL PASO,GENARO SALINAS,ANDRES BELLO,ANDRES BELLO - GENARO SALINAS,0, , ,BIDIRECCIONAL,ASFALTO,BUENO,MOJADO,LLUVIA,0,0,0,0,13,132,13201,Metropolitana de Santiago,Cordillera,Puente Alto,Interseccion,"ANDRES BELLO & GENARO SALINAS, Puente Alto",-33.615284,-70.5769
-7853935.83380385,-3962374.58468021,5364,2023,1530793,2023/05/12 00:00:00+00,Mayo,12,Viernes,1899/12/30 00:00:00+00,10:00:00,10,REGION METROPOLITANA,PEÑALOLEN,COLISION FRONTAL,COLISION,URBANA,TRAMO DE VIA RECTA,IMPRUDENCIA DEL CONDUCTOR,CONDUCCION NO ATENTO CONDICIONES TRANSITO MOMENTO,CONSISTORIAL,AMIGOS DE PEÑALOLEN,AMIGOS DE PEÑALOLEN - CONSISTORIAL,0, , ,BIDIRECCIONAL,CONCRETO,BUENO,SECO,DESPEJADO,0,0,0,0,13,131,13122,Metropolitana de Santiago,Santiago,Peñalolén,Interseccion,"AMIGOS DE PEÑALOLEN & CONSISTORIAL, Peñalolén",-33.503853,-70.553106
-8025742.32839252,-4385306.76560784,5365,2023,1553956,2023/08/22 00:00:00+00,Agosto,22,Martes,1899/12/30 00:00:00+00,18:00:00,18,REGION ÑUBLE,CHILLAN,COLISION PERPENDICULAR,COLISION,URBANA,TRAMO DE VIA RECTA,IMPRUDENCIA DEL CONDUCTOR,CONDUCCION SIN MANTENER DISTANCIA RAZONABLE NI PRUDENTE,ARTURO PRAT,YERBAS BUENAS,ARTURO PRAT - YERBAS BUENAS,0, , ,UNIDIRECCIONAL,ASFALTO,BUENO,MOJADO,LLUVIA,0,0,1,0,16,161,16101,Ñuble,Diguillín,Chillán,Interseccion,"ARTURO PRAT & YERBAS BUENAS, Chillán",-36.613046,-72.09647
-7863450.8673128,-3945672.74515616,5366,2023,1545299,2023/07/14 00:00:00+00,Julio,14,Viernes,1899/12/30 00:00:00+00,22:30:00,22,REGION METROPOLITANA,HUECHURABA,COLISION,COLISION,URBANA,TRAMO DE VIA RECTA,IMPRUDENCIA DEL CONDUCTOR,CONDUCCION NO ATENTO CONDICIONES TRANSITO MOMENTO,PDTE SALVADOR ALLENDE,RECOLETA,PDTE SALVADOR ALLENDE - RECOLETA,0, , ,BIDIRECCIONAL CON BANDEJON,ASFALTO,BUENO,SECO,DESPEJADO,0,0,0,0,13,131,13107,Metropolitana de Santiago,Santiago,Huechuraba,Interseccion,"PDTE SALVADOR ALLENDE & RECOLETA, Huechuraba",-33.378656,-70.638581
-7828988.45684592,-3168522.31645924,5367,2023,1530287,2023/05/12 00:00:00+00,Mayo,12,Viernes,1899/12/30 00:00:00+00,10:50:00,10,REGION ATACAMA,COPIAPO,COLISION POR ALCANCE,COLISION,URBANA,TRAMO DE VIA RECTA,IMPRUDENCIA DEL CONDUCTOR,CONDUCCION SIN MANTENER DISTANCIA RAZONABLE NI PRUDENTE,CIRCUNVALACION,MAIPU,CIRCUNVALACION - MAIPU,0, , ,BIDIRECCIONAL CON BANDEJON,ASFALTO,BUENO,SECO,DESPEJADO,0,0,0,2,03,031,03101,Atacama,Copiapó,Copiapó,Interseccion,"CIRCUNVALACION & MAIPU, Copiapó",-27.360007,-70.329