X,Y,FID,Año,IdAccident,Fecha,Mes,Dia_mes,Dia_semana,Hora,Hora_texto,Hora_aprox,Región,Comuna,Tipo_Accid,Tipo__CONA,Zona,Ubicación,Causa__CON,Causa_Acci,Calle_Uno,Calle_Dos,Intersecci,Número,Ruta,Ubicaci_1,Calzada,Tipo_Calza,Estado_Cal,Condición,Estado_Atm,Fallecidos,Graves,Menos_Grav,Leves,CUT_REG,CUT_PROV,CUT_COM,REGION,PROVINCIA,COMUNA1,Tipo_direc,Direccion,Lat,Lon
-8057124.18336968,-4504078.8774975,5368,2023,1553663,2023/08/22 00:00:00+00,Agosto,22,Martes,1899/12/30 00:00:00+00,21:00:00,21,REGION BIO BIO,LOS ANGELES,COLISION FRONTAL,COLISION,URBANA,TRAMO DE VIA RECTA,IMPRUDENCIA DEL CONDUCTOR,CONDUCCION NO ATENTO CONDICIONES TRANSITO MOMENTO,BOMBERO FRANCISCO RIOSECO,RODOLFO REBOLLEDO,BOMBERO FRANCISCO RIOSECO - RODOLFO REBOLLEDO,0, , ,BIDIRECCIONAL,ASFALTO,BUENO,SECO,NUBLADO,0,0,0,1,08,083,08301,Biobío,Biobío,Los Angeles,Interseccion,"BOMBERO FRANCISCO RIOSECO & RODOLFO REBOLLEDO, Los Angeles",-37.464696,-72.378378
-7861169.81959356,-3952630.46148931,5369,2023,1546477,2023/07/15 00:00:00+00,Julio,15,Sábado,1899/12/30 00:00:00+00,01:40:00,1,REGION METROPOLITANA,PROVIDENCIA,COLISION LATERAL,COLISION,URBANA,CRUCE CON SEMAFORO FUNCIONANDO,DESOBEDIENCIA A SEÑALIZACION,SEÑALIZACION DESOBEDECER LUZ ROJA DE SEMAFORO,DR MANUEL BARROS BORGOÑO,SUECIA,DR MANUEL BARROS BORGOÑO - SUECIA,0, , ,UNIDIRECCIONAL,ASFALTO,BUENO,SECO,DESPEJADO,0,0,0,1,13,131,13123,Metropolitana de Santiago,Santiago,Providencia,Interseccion,"DR MANUEL BARROS BORGOÑO & SUECIA, Providencia",-33.430833,-70.61809
-7970432.57147494,-4279507.74109627,5370,2023,1554588,2023/08/22 00:00:00+00,Agosto,22,Martes,1899/12/30 00:00:00+00,22:50:00,22,REGION MAULE,LINARES,COLISION LATERAL,COLISION,URBANA,CRUCE CON SEÑAL PARE,DESOBEDIENCIA A SEÑALIZACION,SEÑALIZACION DESOBEDECER SEÑAL PARE,JANUARIO ESPINOZA,VALENTIN LETELIER,JANUARIO ESPINOZA - VALENTIN LETELIER,0, , ,UNIDIRECCIONAL,ASFALTO,BUENO,MOJADO,LLUVIA,0,0,0,1,07,074,07401,Maule,Linares,Linares,Interseccion,"JANUARIO ESPINOZA & VALENTIN LETELIER, Linares",-35.846407,-71.599614
-7931336.16445519,-3491971.03535054,5371,2023,1545612,2023/07/15 00:00:00+00,Julio,15,Sábado,1899/12/30 00:00:00+00,04:40:00,4,REGION COQUIMBO,LA SERENA,COLISION PERPENDICULAR,COLISION,URBANA,CRUCE CON SEMAFORO FUNCIONANDO,ALCOHOL EN CONDUCTOR,CONDUCCION EN ESTADO DE EBRIEDAD,AMUNATEGUI,LARRAIN ALCALDE,AMUNATEGUI - LARRAIN ALCALDE,0, , ,BIDIRECCIONAL CON BANDEJON,CONCRETO,BUENO,SECO,DESPEJADO,0,0,0,1,04,041,04101,Coquimbo,Elqui,La Serena,Interseccion,"AMUNATEGUI & LARRAIN ALCALDE, La Serena",-29.90988,-71.248405
-7863126.92758347,-3953060.24692014,5372,2023,1532663,2023/05/12 00:00:00+00,Mayo,12,Viernes,1899/12/30 00:00:00+00,11:36:00,11,REGION METROPOLITANA,PROVIDENCIA,COLISION LATERAL,COLISION,URBANA,TRAMO DE VIA RECTA,IMPRUDENCIA DEL CONDUCTOR,CONDUCCION CAMBIAR SORPRESIVAMENTE PISTA CIRCULACION,PROVIDENCIA,PIO NONO,PIO NONO - PROVIDENCIA,0, , ,UNIDIRECCIONAL,ASFALTO,BUENO,SECO,DESPEJADO,0,1,0,0,13,131,13123,Metropolitana de Santiago,Santiago,Providencia,Interseccion,"PIO NONO & PROVIDENCIA, Providencia",-33.434055,-70.635671
-7866055.18676652,-3945080.73803401,5373,2023,1545244,2023/07/15 00:00:00+00,Julio,15,Sábado,1899/12/30 00:00:00+00,11:30:00,11,REGION METROPOLITANA,HUECHURABA,COLISION,COLISION,URBANA,CRUCE CON SEMAFORO FUNCIONANDO,IMPRUDENCIA DEL CONDUCTOR,CONDUCCION NO ATENTO CONDICIONES TRANSITO MOMENTO,AMERICO VESPUCIO,GUANACO NORTE,AMERICO VESPUCIO - GUANACO NORTE,0, , ,BIDIRECCIONAL,ASFALTO,BUENO,SECO,DESPEJADO,0,1,0,0,13,131,13107,Metropolitana de Santiago,Santiago,Huechuraba,Interseccion,"AMERICO VESPUCIO & GUANACO NORTE, Huechuraba",-33.374215,-70.661976
-8053621.73826424,-4506796.27086413,5374,2023,1553741,2023/08/23 00:00:00+00,Agosto,23,Miércoles,1899/12/30 00:00:00+00,11:40:00,11,REGION BIO BIO,LOS ANGELES,COLISION LATERAL,COLISION,URBANA,CRUCE CON SEMAFORO FUNCIONANDO,IMPRUDENCIA DEL CONDUCTOR,CONDUCCION NO ATENTO CONDICIONES TRANSITO MOMENTO,LOS CARRERA,LAS QUINTAS,LAS QUINTAS - LOS CARRERA,0, , ,BIDIRECCIONAL CON BANDEJON,CONCRETO,REGULAR,HUMEDO,LLOVIZNA,0,0,0,2,08,083,08301,Biobío,Biobío,Los Angeles,Interseccion,"LAS QUINTAS & LOS CARRERA, Los Angeles",-37.484069,-72.346915
-7834637.93213563,-2705176.95791887,5375,2023,1531245,2023/05/12 00:00:00+00,Mayo,12,Viernes,1899/12/30 00:00:00+00,13:30:00,13,REGION ANTOFAGASTA,ANTOFAGASTA,CHOQUE FRENTE/LADO,CHOQUE,URBANA,CRUCE CON SEMAFORO FUNCIONANDO,DESOBEDIENCIA A SEÑALIZACION,SEÑALIZACION DESOBEDECER LUZ ROJA DE SEMAFORO,IRARRAZAVAL,BONILLA,BONILLA - IRARRAZAVAL,0, , ,BIDIRECCIONAL CON BANDEJON,ASFALTO,BUENO,SECO,DESPEJADO,0,0,0,0,02,021,02101,Antofagasta,Antofagasta,Antofagasta,Interseccion,"BONILLA & IRARRAZAVAL, Antofagasta",-23.603584,-70.37975
-7972930.45840803,-3901168.63278784,5376,2023,1550412,2023/07/15 00:00:00+00,Julio,15,Sábado,1899/12/30 00:00:00+00,17:55:00,17,REGION VALPARAISO,VALPARAISO,COLISION,COLISION,URBANA,CRUCE CON SEÑAL PARE,DESOBEDIENCIA A SEÑALIZACION,SEÑALIZACION DESOBEDECER SEÑAL PARE,BRASIL,PUDETO,BRASIL - PUDETO,0, , ,UNIDIRECCIONAL,ASFALTO,BUENO,SECO,DESPEJADO,0,1,0,0,05,051,05101,Valparaíso,Valparaíso,Valparaíso,Interseccion,"BRASIL & PUDETO, Valparaíso",-33.044173,-71.622053
-8054773.89501622,-4504684.77003752,5377,2023,1553720,2023/08/23 00:00:00+00,Agosto,23,Miércoles,1899/12/30 00:00:00+00,18:30:00,18,REGION BIO BIO,LOS ANGELES,COLISION,COLISION,URBANA,TRAMO DE VIA RECTA,IMPRUDENCIA DEL CONDUCTOR,CONDUCCION NO ATENTO CONDICIONES TRANSITO MOMENTO,ARTURO PRAT,ERCILLA,ARTURO PRAT - ERCILLA,0, , ,BIDIRECCIONAL,ASFALTO,BUENO,HUMEDO,NUBLADO,0,0,0,2,08,083,08301,Biobío,Biobío,Los Angeles,Interseccion,"ARTURO PRAT & ERCILLA, Los Angeles",-37.469016,-72.357265
-7873475.41006433,-3953910.12714233,5378,2023,1546844,2023/07/15 00:00:00+00,Julio,15,Sábado,1899/12/30 00:00:00+00,18:30:00,18,REGION METROPOLITANA,LO PRADO,COLISION PERPENDICULAR,COLISION,URBANA,CRUCE CON SEÑAL CEDA EL PASO,DESOBEDIENCIA A SEÑALIZACION,SEÑALIZACION DESOBEDECER SEÑAL CEDA EL PASO,LOS ARRAYANES,LOS JUNCOS,LOS ARRAYANES - LOS JUNCOS,0, , ,BIDIRECCIONAL,ASFALTO,BUENO,SECO,DESPEJADO,0,0,0,2,13,131,13117,Metropolitana de Santiago,Santiago,Lo Prado,Interseccion,"LOS ARRAYANES & LOS JUNCOS, Lo Prado",-33.440426,-70.728633
-8029545.00219802,-4387308.16989054,5379,2023,1556166,2023/08/23 00:00:00+00,Agosto,23,Miércoles,1899/12/30 00:00:00+00,22:00:00,22,REGION ÑUBLE,CHILLAN VIEJO,COLISION PERPENDICULAR,COLISION,URBANA,CRUCE CON SEÑAL CEDA EL PASO,DESOBEDIENCIA A SEÑALIZACION,SEÑALIZACION DESOBEDECER SEÑAL CEDA EL PASO,MARIANO EGAÑA,CONDE DEL MAULE,CONDE DEL MAULE - MARIANO EGAÑA,0, , ,BIDIRECCIONAL,ASFALTO,REGULAR,MOJADO,LLUVIA,0,0,0,1,16,161,16103,Ñuble,Diguillín,Chillán Viejo,Interseccion,"CONDE DEL MAULE & MARIANO EGAÑA, Chillán Viejo",-36.627476,-72.13063
-7969795.37870964,-4279944.18928029,5380,2023,1531871,2023/05/12 00:00:00+00,Mayo,12,Viernes,1899/12/30 00:00:00+00,13:50:00,13,REGION MAULE,LINARES,COLISION POR ALCANCE,COLISION,URBANA,CRUCE CON SEMAFORO FUNCIONANDO,IMPRUDENCIA DEL CONDUCTOR,CONDUCCION NO ATENTO CONDICIONES TRANSITO MOMENTO,VALENTIN LETELIER,YUMBEL,VALENTIN LETELIER - YUMBEL,0, , ,UNIDIRECCIONAL,ASFALTO,BUENO,SECO,DESPEJADO,0,0,0,0,07,074,07401,Maule,Linares,Linares,Interseccion,"VALENTIN LETELIER & YUMBEL, Linares",-35.849585,-71.59389
-7854324.22750723,-3958725.38176095,5381,2023,1555576,2023/08/24 00:00:00+00,Agosto,24,Jueves,1899/12/30 00:00:00+00,07:31:00,7,REGION METROPOLITANA,PEÑALOLEN,COLISION FRONTAL,COLISION,URBANA,CRUCE CON SEÑAL CEDA EL PASO,IMPRUDENCIA DEL CONDUCTOR,ADELANTAMIENTO SOBREPASANDO LINEA CONTINUA,TOBALABA,EL ARCHIPIELAGO,EL ARCHIPIELAGO - TOBALABA,0, , ,BIDIRECCIONAL,CONCRETO,BUENO,SECO,NUBLADO,0,0,0,1,13,131,13122,Metropolitana de Santiago,Santiago,Peñalolén,Interseccion,"EL ARCHIPIELAGO & TOBALABA, Peñalolén",-33.476514,-70.556595
-7836788.00133087,-2712358.94271196,5382,2023,1545753,2023/07/15 00:00:00+00,Julio,15,Sábado,1899/12/30 00:00:00+00,19:30:00,19,REGION ANTOFAGASTA,ANTOFAGASTA,COLISION,COLISION,URBANA,CRUCE CON SEÑAL CEDA EL PASO,DESOBEDIENCIA A SEÑALIZACION,SEÑALIZACION DESOBEDECER SEÑAL CEDA EL PASO,ANTONINO TORO,EDUARDO ORCHARD,ANTONINO TORO - EDUARDO ORCHARD,0, , ,UNIDIRECCIONAL,ASFALTO,BUENO,SECO,DESPEJADO,0,0,0,1,02,021,02101,Antofagasta,Antofagasta,Antofagasta,Interseccion,"ANTONINO TORO & EDUARDO ORCHARD, Antofagasta",-23.66269,-70.399064
-8056300.19653222,-4504500.89482064,5383,2023,1530889,2023/05/12 00:00:00+00,Mayo,12,Viernes,1899/12/30 00:00:00+00,14:35:00,14,REGION BIO BIO,LOS ANGELES,CHOQUE FRONTAL,CHOQUE,URBANA,TRAMO DE VIA RECTA,IMPRUDENCIA DEL CONDUCTOR,CONDUCCION NO ATENTO CONDICIONES TRANSITO MOMENTO,PADRE HURTADO,COSTANERA QUILQUE,COSTANERA QUILQUE - PADRE HURTADO,0, , ,UNIDIRECCIONAL,CONCRETO,BUENO,SECO,DESPEJADO,0,0,0,0,08,083,08301,Biobío,Biobío,Los Angeles,Interseccion,"COSTANERA QUILQUE & PADRE HURTADO, Los Angeles",-37.467705,-72.370976
-8091386.87551586,-4552630.27287934,5384,2023,1554371,2023/08/24 00:00:00+00,Agosto,24,Jueves,1899/12/30 00:00:00+00,07:50:00,7,REGION ARAUCANIA,ANGOL,CHOQUE POSTERIOR/FRENTE,CHOQUE,URBANA,CRUCE CON SEMAFORO FUNCIONANDO,IMPRUDENCIA DEL CONDUCTOR,CONDUCIR VEHICULO EN RETROCESO,ISABEL RIQUELME,BERNARDO O'HIGGINS,BERNARDO O'HIGGINS - ISABEL RIQUELME,0, , ,BIDIRECCIONAL,CONCRETO,BUENO,SECO,NUBLADO,0,0,0,0,09,092,09201,La Araucanía,Malleco,Angol,Interseccion,"BERNARDO O'HIGGINS & ISABEL RIQUELME, Angol",-37.810074,-72.686165
-7941935.00442632,-3502386.08935711,5385,2023,1545654,2023/07/15 00:00:00+00,Julio,15,Sábado,1899/12/30 00:00:00+00,20:45:00,20,REGION COQUIMBO,COQUIMBO,CHOQUE FRENTE/POSTERIOR,CHOQUE,URBANA,CRUCE CON SEMAFORO FUNCIONANDO,ALCOHOL EN CONDUCTOR,CONDUCCION EN ESTADO DE EBRIEDAD,HENRIQUEZ,FRANCISCO VARELA,FRANCISCO VARELA - HENRIQUEZ,0, , ,UNIDIRECCIONAL,ASFALTO,BUENO,SECO,DESPEJADO,0,0,0,1,04,041,04102,Coquimbo,Elqui,Coquimbo,Interseccion,"FRANCISCO VARELA & HENRIQUEZ, Coquimbo",-29.990946,-71.343616
-8127992.39764302,-4926300.87735413,5386,2023,1555796,2023/08/24 00:00:00+00,Agosto,24,Jueves,1899/12/30 00:00:00+00,07:50:00,7,REGION LOS LAGOS,OSORNO,COLISION FRONTAL,COLISION,URBANA,CRUCE CON SEÑAL CEDA EL PASO,IMPRUDENCIA DEL CONDUCTOR,CONDUCCION NO ATENTO CONDICIONES TRANSITO MOMENTO,BOLIVIA,PERU,BOLIVIA - PERU,0, , ,BIDIRECCIONAL,ASFALTO,BUENO,HUMEDO,NUBLADO,0,0,0,2,10,103,10301,Los Lagos,Osorno,Osorno,Interseccion,"BOLIVIA & PERU, Osorno",-40.414093,-73.014998
-7871610.25755093,-3964090.43801865,5387,2023,1544789,2023/07/15 00:00:00+00,Julio,15,Sábado,1899/12/30 00:00:00+00,22:30:00,22,REGION METROPOLITANA,CERRILLOS,COLISION PERPENDICULAR,COLISION,URBANA,CRUCE CON SEÑAL PARE,IMPRUDENCIA DEL CONDUCTOR,CONDUCCION CAMBIAR SORPRESIVAMENTE PISTA CIRCULACION,AMERICO VESPUCIO,AEROPUERTO,AEROPUERTO - AMERICO VESPUCIO,0, , ,BIDIRECCIONAL,ASFALTO,BUENO,SECO,NUBLADO,0,0,0,0,13,131,13102,Metropolitana de Santiago,Santiago,Cerrillos,Interseccion,"AEROPUERTO & AMERICO VESPUCIO, Cerrillos",-33.516705,-70.711878
-8152476.22907594,-4841763.6135399,5388,2023,1530685,2023/05/12 00:00:00+00,Mayo,12,Viernes,1899/12/30 00:00:00+00,18:05:00,18,REGION DE LOS RIOS,VALDIVIA,ATROPELLO,ATROPELLO,URBANA,CRUCE CON SEÑAL PARE,DESOBEDIENCIA A SEÑALIZACION,SEÑALIZACION DESOBEDECER SEÑAL PARE,PEDRO MONTT,JOSE MARIA MUÑOZ HERMOSILLA,JOSE MARIA MUÑOZ HERMOSILLA - PEDRO MONTT,0, , ,BIDIRECCIONAL CON BANDEJON,CONCRETO,BUENO,MOJADO,LLOVIZNA,0,0,0,2,14,141,14101,Los Ríos,Valdivia,Valdivia,Interseccion,"JOSE MARIA MUÑOZ HERMOSILLA & PEDRO MONTT, Valdivia",-39.833412,-73.23494
-7871610.25755093,-3964090.43801865,5389,2023,1548665,2023/07/15 00:00:00+00,Julio,15,Sábado,1899/12/30 00:00:00+00,22:30:00,22,REGION METROPOLITANA,CERRILLOS,COLISION,COLISION,URBANA,TRAMO DE VIA CURVA HORIZONTAL,IMPRUDENCIA DEL CONDUCTOR,CONDUCCION NO ATENTO CONDICIONES TRANSITO MOMENTO,AEROPUERTO,AMERICO VESPUCIO,AEROPUERTO - AMERICO VESPUCIO,0, , ,UNIDIRECCIONAL,ASFALTO,BUENO,SECO,DESPEJADO,0,0,0,1,13,131,13102,Metropolitana de Santiago,Santiago,Cerrillos,Interseccion,"AEROPUERTO & AMERICO VESPUCIO, Cerrillos",-33.516705,-70.711878
-7964331.37279015,-3897583.08283662,5390,2023,1555848,2023/08/24 00:00:00+00,Agosto,24,Jueves,1899/12/30 00:00:00+00,10:50:00,10,REGION VALPARAISO,VIÑA DEL MAR,COLISION LATERAL,COLISION,URBANA,TRAMO DE VIA RECTA,DESOBEDIENCIA A SEÑALIZACION,SEÑALIZACION DESOBEDECER SEÑAL CEDA EL PASO,4 ORIENTE,7 NORTE,4 ORIENTE - 7 NORTE,0, , ,UNIDIRECCIONAL,CONCRETO,BUENO,SECO,DESPEJADO,0,1,0,0,05,051,05109,Valparaíso,Valparaíso,Viña del Mar,Interseccion,"4 ORIENTE & 7 NORTE, Viña del Mar",-33.017169,-71.544806
-8152667.47596113,-4839223.58450772,5391,2023,1530662,2023/05/12 00:00:00+00,Mayo,12,Viernes,1899/12/30 00:00:00+00,18:30:00,18,REGION DE LOS RIOS,VALDIVIA,COLISION LATERAL,COLISION,URBANA,CRUCE CON SEMAFORO FUNCIONANDO,ALCOHOL EN CONDUCTOR,CONDUCCION EN ESTADO DE EBRIEDAD,RAMON PICARTE,ANFION MUÑOZ,ANFION MUÑOZ - RAMON PICARTE,0, , ,BIDIRECCIONAL CON BANDEJON,CONCRETO,REGULAR,MOJADO,LLUVIA,0,0,0,0,14,141,14101,Los Ríos,Valdivia,Valdivia,Interseccion,"ANFION MUÑOZ & RAMON PICARTE, Valdivia",-39.815888,-73.236658
-7869446.20109506,-3952752.91268854,5392,2023,1547215,2023/07/16 00:00:00+00,Julio,16,Domingo,1899/12/30 00:00:00+00,06:50:00,6,REGION METROPOLITANA,QUINTA NORMAL,CHOQUE FRENTE/POSTERIOR,CHOQUE,URBANA,CRUCE CON SEMAFORO FUNCIONANDO,IMPRUDENCIA DEL CONDUCTOR,VIRAJES INDEBIDOS,JOAQUIN WALKER MARTINEZ,MAPOCHO,JOAQUIN WALKER MARTINEZ - MAPOCHO,0, , ,UNIDIRECCIONAL,ASFALTO,REGULAR,SECO,NUBLADO,0,0,0,1,13,131,13126,Metropolitana de Santiago,Santiago,Quinta Normal,Interseccion,"JOAQUIN WALKER MARTINEZ & MAPOCHO, Quinta Normal",-33.431751,-70.692438
-7882534.51234597,-3132056.76874206,5393,2023,1554879,2023/08/24 00:00:00+00,Agosto,24,Jueves,1899/12/30 00:00:00+00,13:55:00,13,REGION ATACAMA,CALDERA,COLISION PERPENDICULAR,COLISION,URBANA,CRUCE CON SEÑAL PARE,DESOBEDIENCIA A SEÑALIZACION,SEÑALIZACION DESOBEDECER SEÑAL CEDA EL PASO,BATALLON DE ATACAMA,PAIPOTE,BATALLON DE ATACAMA - PAIPOTE,0, , ,BIDIRECCIONAL,ASFALTO,BUENO,SECO,DESPEJADO,0,0,0,1,03,031,03102,Atacama,Copiapó,Caldera,Interseccion,"BATALLON DE ATACAMA & PAIPOTE, Caldera",-27.068694,-70.810012
-8131765.34913334,-4413069.59891668,5394,2023,1545319,2023/07/16 00:00:00+00,Julio,16,Domingo,1899/12/30 00:00:00+00,08:20:00,8,REGION BIO BIO,CONCEPCION,VOLCADURA,VOLCADURA,URBANA,TRAMO DE VIA RECTA,VELOCIDAD IMPRUDENTE,VELOCIDAD NO RAZONABLE NI PRUDENTE,PAICAVI,BANDERA,BANDERA - PAICAVI,0, , ,BIDIRECCIONAL CON BANDEJON,CONCRETO,BUENO,HUMEDO,DESPEJADO,0,1,0,0,08,081,08101,Biobío,Concepción,Concepción,Interseccion,"BANDERA & PAICAVI, Concepción",-36.812973,-73.048891
-7975317.38205044,-4219534.71350175,5395,2023,1554333,2023/08/24 00:00:00+00,Agosto,24,Jueves,1899/12/30 00:00:00+00,14:30:00,14,REGION MAULE,TALCA,COLISION LATERAL,COLISION,URBANA,CRUCE CON SEMAFORO FUNCIONANDO,IMPRUDENCIA DEL CONDUCTOR,"ADELANTAMIENTO EN CRUCE, CURVA, CUESTA, PUENTE",19 NORTE,11 ORIENTE,11 ORIENTE - 19 NORTE,0, , ,BIDIRECCIONAL,ASFALTO,BUENO,SECO,DESPEJADO,0,0,0,0,07,071,07101,Maule,Talca,Talca,Interseccion,"11 ORIENTE & 19 NORTE, Talca",-35.408504,-71.643495
-7855700.69301089,-3948777.91168863,5396,2023,1534919,2023/05/12 00:00:00+00,Mayo,12,Viernes,1899/12/30 00:00:00+00,19:29:00,19,REGION METROPOLITANA,LAS CONDES,COLISION POR ALCANCE,COLISION,URBANA,CRUCE CON SEMAFORO FUNCIONANDO,IMPRUDENCIA DEL CONDUCTOR,CONDUCCION SIN MANTENER DISTANCIA RAZONABLE NI PRUDENTE,PDTE RIESCO,ESTOCOLMO,ESTOCOLMO - PDTE RIESCO,0, , ,UNIDIRECCIONAL,CONCRETO,BUENO,SECO,DESPEJADO,0,0,0,1,13,131,13114,Metropolitana de Santiago,Santiago,Las Condes,Interseccion,"ESTOCOLMO & PDTE RIESCO, Las Condes",-33.401946,-70.56896
-7869929.66164358,-3972901.24918232,5397,2023,1554904,2023/08/24 00:00:00+00,Agosto,24,Jueves,1899/12/30 00:00:00+00,15:00:00,15,REGION METROPOLITANA,SAN BERNARDO,COLISION FRONTAL,COLISION,URBANA,TRAMO DE VIA RECTA,IMPRUDENCIA DEL CONDUCTOR,CONDUCCION NO ATENTO CONDICIONES TRANSITO MOMENTO,STA MARTA,GRAN AVDA JOSE MIGUEL CARRERA,GRAN AVDA JOSE MIGUEL CARRERA - STA MARTA,0, , ,BIDIRECCIONAL CON BANDEJON,ASFALTO,BUENO,HUMEDO,NUBLADO,0,0,0,1,13,134,13401,Metropolitana de Santiago,Maipo,San Bernardo,Interseccion,"GRAN AVDA JOSE MIGUEL CARRERA & STA MARTA, San Bernardo",-33.582668,-70.696781
-7877641.98728523,-3976421.27300172,5398,2023,1552566,2023/07/16 00:00:00+00,Julio,16,Domingo,1899/12/30 00:00:00+00,15:00:00,15,REGION METROPOLITANA,CALERA DE TANGO,COLISION FRONTAL,COLISION,URBANA,TRAMO DE VIA RECTA,IMPRUDENCIA DEL CONDUCTOR,CONDUCCION NO ATENTO CONDICIONES TRANSITO MOMENTO,CAMINO LONQUEN,EL TANGUITO,CAMINO LONQUEN - EL TANGUITO,0, , ,BIDIRECCIONAL,ASFALTO,BUENO,SECO,DESPEJADO,0,2,0,0,13,134,13403,Metropolitana de Santiago,Maipo,Calera de Tango,Interseccion,"CAMINO LONQUEN & EL TANGUITO, Calera de Tango",-33.609007,-70.766062
-7856452.70065447,-3968196.52770082,5399,2023,1531149,2023/05/12 00:00:00+00,Mayo,12,Viernes,1899/12/30 00:00:00+00,20:00:00,20,REGION METROPOLITANA,LA FLORIDA,COLISION LATERAL,COLISION,URBANA,CRUCE CON SEMAFORO FUNCIONANDO,IMPRUDENCIA DEL CONDUCTOR,VIRAJES INDEBIDOS,TRINIDAD,EL PELICANO,EL PELICANO - TRINIDAD,0, , ,BIDIRECCIONAL,ASFALTO,BUENO,SECO,DESPEJADO,0,1,0,0,13,131,13110,Metropolitana de Santiago,Santiago,La Florida,Interseccion,"EL PELICANO & TRINIDAD, La Florida",-33.547452,-70.575715
-7976970.92176669,-4222008.75251172,5400,2023,1554260,2023/08/24 00:00:00+00,Agosto,24,Jueves,1899/12/30 00:00:00+00,15:44:00,15,REGION MAULE,TALCA,COLISION POR ALCANCE,COLISION,URBANA,TRAMO DE VIA RECTA,IMPRUDENCIA DEL CONDUCTOR,CONDUCCION NO ATENTO CONDICIONES TRANSITO MOMENTO,6 ORIENTE,1 NORTE,1 NORTE - 6 ORIENTE,0, , ,UNIDIRECCIONAL,CONCRETO,BUENO,HUMEDO,DESPEJADO,0,0,0,0,07,071,07101,Maule,Talca,Talca,Interseccion,"1 NORTE & 6 ORIENTE, Talca",-35.426616,-71.658349
-7882508.43014474,-3972890.29213182,5401,2023,1545020,2023/07/16 00:00:00+00,Julio,16,Domingo,1899/12/30 00:00:00+00,16:45:00,16,REGION METROPOLITANA,PADRE HURTADO,COLISION POR ALCANCE,COLISION,URBANA,CRUCE CON SEÑAL CEDA EL PASO,ALCOHOL EN CONDUCTOR,CONDUCCION EN ESTADO DE EBRIEDAD,SAN IGNACIO,LOS JESUITAS,LOS JESUITAS - SAN IGNACIO,0, , ,BIDIRECCIONAL,ASFALTO,BUENO,SECO,DESPEJADO,0,0,0,1,13,136,13604,Metropolitana de Santiago,Talagante,Padre Hurtado,Interseccion,"LOS JESUITAS & SAN IGNACIO, Padre Hurtado",-33.582586,-70.809778
-7858852.48175372,-3954552.6145323,5402,2023,1558240,2023/08/24 00:00:00+00,Agosto,24,Jueves,1899/12/30 00:00:00+00,16:25:00,16,REGION METROPOLITANA,ÑUÑOA,CHOQUE FRENTE/POSTERIOR,CHOQUE,URBANA,CRUCE CON SEMAFORO FUNCIONANDO,VELOCIDAD IMPRUDENTE,VELOCIDAD NO RAZONABLE NI PRUDENTE,JAIME GUZMAN ERRAZURIZ,HOLANDA,HOLANDA - JAIME GUZMAN ERRAZURIZ,0, , ,UNIDIRECCIONAL,ASFALTO,BUENO,SECO,DESPEJADO,0,0,0,0,13,131,13120,Metropolitana de Santiago,Santiago,Ñuñoa,Interseccion,"HOLANDA & JAIME GUZMAN ERRAZURIZ, Ñuñoa",-33.445242,-70.597273
-7857382.61919729,-3952750.77845176,5403,2023,1549142,2023/07/16 00:00:00+00,Julio,16,Domingo,1899/12/30 00:00:00+00,20:20:00,20,REGION METROPOLITANA,LAS CONDES,CHOQUE FRENTE/POSTERIOR,CHOQUE,URBANA,CRUCE CON SEMAFORO FUNCIONANDO,VELOCIDAD IMPRUDENTE,VELOCIDAD NO RAZONABLE NI PRUDENTE,FRANCISCO BILBAO,MARIANO SANCHEZ FONTECILLA,FRANCISCO BILBAO - MARIANO SANCHEZ FONTECILLA,0, , ,BIDIRECCIONAL CON BANDEJON,CONCRETO,BUENO,SECO,DESPEJADO,0,0,0,1,13,131,13114,Metropolitana de Santiago,Santiago,Las Condes,Interseccion,"FRANCISCO BILBAO & MARIANO SANCHEZ FONTECILLA, Las Condes",-33.431735,-70.584069
-8123010.85041889,-5083415.86230528,5404,2023,1546657,2023/07/16 00:00:00+00,Julio,16,Domingo,1899/12/30 00:00:00+00,21:20:00,21,REGION LOS LAGOS,PUERTO MONTT,COLISION LATERAL,COLISION,URBANA,CRUCE CON SEMAFORO FUNCIONANDO,DESOBEDIENCIA A SEÑALIZACION,SEÑALIZACION DESOBEDECER LUZ ROJA DE SEMAFORO,LOS NOTROS,CRUCERO,CRUCERO - LOS NOTROS,0, , ,BIDIRECCIONAL,ASFALTO,REGULAR,HUMEDO,DESPEJADO,0,0,1,0,10,101,10101,Los Lagos,Llanquihue,Puerto Montt,Interseccion,"CRUCERO & LOS NOTROS, Puerto Montt",-41.480097,-72.970248
-7959273.77221236,-3893383.55011954,5405,2023,1530495,2023/05/13 00:00:00+00,Mayo,13,Sábado,1899/12/30 00:00:00+00,01:30:00,1,REGION VALPARAISO,VIÑA DEL MAR,CHOQUE FRONTAL,CHOQUE,URBANA,TRAMO DE VIA RECTA,IMPRUDENCIA DEL CONDUCTOR,CONDUCCION NO ATENTO CONDICIONES TRANSITO MOMENTO,CAMINO INTERNACIONAL,CALETERA CAMINO INTERNACIONAL,CALETERA CAMINO INTERNACIONAL - CAMINO INTERNACIONAL,0, , ,BIDIRECCIONAL,CONCRETO,BUENO,SECO,DESPEJADO,0,0,0,1,05,051,05109,Valparaíso,Valparaíso,Viña del Mar,Interseccion,"CALETERA CAMINO INTERNACIONAL & CAMINO INTERNACIONAL, Viña del Mar",-32.985531,-71.499373