X,Y,FID,Año,IdAccident,Fecha,Mes,Dia_mes,Dia_semana,Hora,Hora_texto,Hora_aprox,Región,Comuna,Tipo_Accid,Tipo__CONA,Zona,Ubicación,Causa__CON,Causa_Acci,Calle_Uno,Calle_Dos,Intersecci,Número,Ruta,Ubicaci_1,Calzada,Tipo_Calza,Estado_Cal,Condición,Estado_Atm,Fallecidos,Graves,Menos_Grav,Leves,CUT_REG,CUT_PROV,CUT_COM,REGION,PROVINCIA,COMUNA1,Tipo_direc,Direccion,Lat,Lon
-7945783.94265672,-3902750.65092232,5406,2023,1554776,2023/08/24 00:00:00+00,Agosto,24,Jueves,1899/12/30 00:00:00+00,16:50:00,16,REGION VALPARAISO,VILLA ALEMANA,COLISION,COLISION,URBANA,TRAMO DE VIA RECTA,IMPRUDENCIA DEL CONDUCTOR,CONDUCCION SIN MANTENER DISTANCIA RAZONABLE NI PRUDENTE,SANTA MARGARITA,SAN ENRIQUE,SAN ENRIQUE - SANTA MARGARITA,0, , ,BIDIRECCIONAL,CONCRETO,BUENO,SECO,DESPEJADO,0,0,0,1,05,058,05804,Valparaíso,Marga Marga,Villa Alemana,Interseccion,"SAN ENRIQUE & SANTA MARGARITA, Villa Alemana",-33.056085,-71.378192
-7850363.70266379,-3946668.73434518,5407,2023,1546418,2023/07/17 00:00:00+00,Julio,17,Lunes,1899/12/30 00:00:00+00,06:55:00,6,REGION METROPOLITANA,LAS CONDES,COLISION LATERAL,COLISION,URBANA,CRUCE CON SEMAFORO FUNCIONANDO,IMPRUDENCIA DEL CONDUCTOR,CONDUCCION NO ATENTO CONDICIONES TRANSITO MOMENTO,CHARLES HAMILTON,CAMINO LA FUENTE,CAMINO LA FUENTE - CHARLES HAMILTON,0, , ,BIDIRECCIONAL,ASFALTO,BUENO,SECO,DESPEJADO,0,0,0,1,13,131,13114,Metropolitana de Santiago,Santiago,Las Condes,Interseccion,"CAMINO LA FUENTE & CHARLES HAMILTON, Las Condes",-33.386127,-70.521017
-7868694.17114306,-3967200.03195573,5408,2023,1531424,2023/05/13 00:00:00+00,Mayo,13,Sábado,1899/12/30 00:00:00+00,08:30:00,8,REGION METROPOLITANA,EL BOSQUE,COLISION LATERAL,COLISION,URBANA,CRUCE CON SEÑAL CEDA EL PASO,DESOBEDIENCIA A SEÑALIZACION,SEÑALIZACION DESOBEDECER SEÑAL CEDA EL PASO,JOSE JOAQUIN PRIETO VIAL,CAPRICORNIO,CAPRICORNIO - JOSE JOAQUIN PRIETO VIAL,0, , ,BIDIRECCIONAL,ASFALTO,BUENO,SECO,DESPEJADO,0,0,0,0,13,131,13105,Metropolitana de Santiago,Santiago,El Bosque,Interseccion,"CAPRICORNIO & JOSE JOAQUIN PRIETO VIAL, El Bosque",-33.539991,-70.685682
-7866222.16600271,-3946697.79809123,5409,2023,1555246,2023/08/24 00:00:00+00,Agosto,24,Jueves,1899/12/30 00:00:00+00,18:00:00,18,REGION METROPOLITANA,CONCHALI,VOLCADURA,VOLCADURA,URBANA,TRAMO DE VIA RECTA,IMPRUDENCIA DEL CONDUCTOR,CONDUCCION NO ATENTO CONDICIONES TRANSITO MOMENTO,TOLEDO,LOS ZAPADORES,LOS ZAPADORES - TOLEDO,0, , ,BIDIRECCIONAL,CONCRETO,REGULAR,SECO,DESPEJADO,0,0,0,0,13,131,13104,Metropolitana de Santiago,Santiago,Conchalí,Interseccion,"LOS ZAPADORES & TOLEDO, Conchalí",-33.386345,-70.663476
-7986263.42756901,-4255750.43190354,5410,2023,1530585,2023/05/13 00:00:00+00,Mayo,13,Sábado,1899/12/30 00:00:00+00,11:30:00,11,REGION MAULE,VILLA ALEGRE,COLISION POR ALCANCE,COLISION,URBANA,TRAMO DE VIA RECTA,IMPRUDENCIA DEL CONDUCTOR,CONDUCCION SIN MANTENER DISTANCIA RAZONABLE NI PRUDENTE,FRANCISCO ANTONIO ENCINA,PEDREGAL,FRANCISCO ANTONIO ENCINA - PEDREGAL,0, , ,BIDIRECCIONAL,ASFALTO,BUENO,SECO,DESPEJADO,0,0,1,0,07,074,07407,Maule,Linares,Villa Alegre,Interseccion,"FRANCISCO ANTONIO ENCINA & PEDREGAL, Villa Alegre",-35.673226,-71.741825
-7976595.32980475,-4219536.62564047,5411,2023,1554342,2023/08/24 00:00:00+00,Agosto,24,Jueves,1899/12/30 00:00:00+00,18:40:00,18,REGION MAULE,TALCA,COLISION LATERAL,COLISION,URBANA,CRUCE CON SEÑAL PARE,IMPRUDENCIA DEL CONDUCTOR,NO RESPETAR DERECHO PREFERENTE DE PASO A VEHICULO,5 1/2 ORIENTE,14 NORTE,14 NORTE - 5 1/2 ORIENTE,0, , ,BIDIRECCIONAL,ASFALTO,REGULAR,HUMEDO,NUBLADO,0,0,0,2,07,071,07101,Maule,Talca,Talca,Interseccion,"14 NORTE & 5 1/2 ORIENTE, Talca",-35.408518,-71.654975
-7864536.56627312,-3953132.81310478,5412,2023,1531922,2023/05/13 00:00:00+00,Mayo,13,Sábado,1899/12/30 00:00:00+00,12:50:00,12,REGION METROPOLITANA,SANTIAGO,COLISION POR ALCANCE,COLISION,URBANA,CRUCE CON SEMAFORO FUNCIONANDO,IMPRUDENCIA DEL CONDUCTOR,CONDUCCION SIN MANTENER DISTANCIA RAZONABLE NI PRUDENTE,SAN ANTONIO,ESMERALDA,ESMERALDA - SAN ANTONIO,0, , ,UNIDIRECCIONAL,ASFALTO,BUENO,HUMEDO,DESPEJADO,0,0,0,1,13,131,13101,Metropolitana de Santiago,Santiago,Santiago,Interseccion,"ESMERALDA & SAN ANTONIO, Santiago",-33.434599,-70.648334
-7848822.92959172,-3943955.59460032,5413,2023,1554884,2023/08/25 00:00:00+00,Agosto,25,Viernes,1899/12/30 00:00:00+00,06:15:00,6,REGION METROPOLITANA,LO BARNECHEA,VOLCADURA,VOLCADURA,URBANA,TRAMO DE VIA RECTA,VELOCIDAD IMPRUDENTE,VELOCIDAD NO RAZONABLE NI PRUDENTE,SIN NOMBRE,SAN JOSE DE LA SIERRA,SAN JOSE DE LA SIERRA - SIN NOMBRE,0, , ,BIDIRECCIONAL,ASFALTO,BUENO,SECO,DESPEJADO,0,0,0,0,13,131,13115,Metropolitana de Santiago,Santiago,Lo Barnechea,Interseccion,"SAN JOSE DE LA SIERRA & SIN NOMBRE, Lo Barnechea",-33.365774,-70.507176
-7870185.47383342,-3973327.24599799,5414,2023,1533099,2023/05/13 00:00:00+00,Mayo,13,Sábado,1899/12/30 00:00:00+00,13:29:00,13,REGION METROPOLITANA,SAN BERNARDO,COLISION FRONTAL,COLISION,URBANA,TRAMO DE VIA RECTA,IMPRUDENCIA DEL CONDUCTOR,CONDUCIR VEHICULO EN RETROCESO,OCHAGAVIA,LAS ACACIAS,LAS ACACIAS - OCHAGAVIA,0, , ,BIDIRECCIONAL,CONCRETO,BUENO,SECO,DESPEJADO,0,0,0,0,13,134,13401,Metropolitana de Santiago,Maipo,San Bernardo,Interseccion,"LAS ACACIAS & OCHAGAVIA, San Bernardo",-33.585856,-70.699079
-8139527.45903314,-4416438.94652905,5415,2023,1557051,2023/08/25 00:00:00+00,Agosto,25,Viernes,1899/12/30 00:00:00+00,07:15:00,7,REGION BIO BIO,SAN PEDRO DE LA PAZ,VOLCADURA,VOLCADURA,URBANA,TRAMO DE VIA RECTA,IMPRUDENCIA DEL CONDUCTOR,CONDUCCION NO ATENTO CONDICIONES TRANSITO MOMENTO,DIAGONAL BIO BIO,PEDRO AGUIRRE CERDA,DIAGONAL BIO BIO - PEDRO AGUIRRE CERDA,0, , ,BIDIRECCIONAL,ASFALTO,BUENO,SECO,DESPEJADO,0,2,0,0,08,081,08108,Biobío,Concepción,San Pedro de la Paz,Interseccion,"DIAGONAL BIO BIO & PEDRO AGUIRRE CERDA, San Pedro de la Paz",-36.837201,-73.118619
-7855791.36273614,-3945735.74682339,5416,2023,1533591,2023/05/13 00:00:00+00,Mayo,13,Sábado,1899/12/30 00:00:00+00,14:30:00,14,REGION METROPOLITANA,VITACURA,COLISION POR ALCANCE,COLISION,URBANA,ROTONDA,IMPRUDENCIA DEL CONDUCTOR,CONDUCCION CAMBIAR SORPRESIVAMENTE PISTA CIRCULACION,LUIS PASTEUR,INTEN CAROL URZUA,INTEN CAROL URZUA - LUIS PASTEUR,0, , ,UNIDIRECCIONAL,ASFALTO,BUENO,SECO,DESPEJADO,0,0,0,0,13,131,13132,Metropolitana de Santiago,Santiago,Vitacura,Interseccion,"INTEN CAROL URZUA & LUIS PASTEUR, Vitacura",-33.379129,-70.569774
-7859929.60914664,-3961160.05799138,5417,2023,1555011,2023/08/25 00:00:00+00,Agosto,25,Viernes,1899/12/30 00:00:00+00,10:50:00,10,REGION METROPOLITANA,MACUL,COLISION LATERAL,COLISION,URBANA,CRUCE CON SEÑAL PARE,DESOBEDIENCIA A SEÑALIZACION,SEÑALIZACION DESOBEDECER SEÑAL PARE,MONS CARLOS CASANUEVA,PEDRO DE VALDIVIA,MONS CARLOS CASANUEVA - PEDRO DE VALDIVIA,0, , ,BIDIRECCIONAL,CONCRETO,BUENO,SECO,DESPEJADO,0,0,0,2,13,131,13118,Metropolitana de Santiago,Santiago,Macul,Interseccion,"MONS CARLOS CASANUEVA & PEDRO DE VALDIVIA, Macul",-33.494755,-70.606949
-7859632.6087452,-3958386.00130313,5418,2023,1545419,2023/07/17 00:00:00+00,Julio,17,Lunes,1899/12/30 00:00:00+00,07:30:00,7,REGION METROPOLITANA,MACUL,COLISION LATERAL,COLISION,URBANA,CRUCE CON SEÑAL PARE,DESOBEDIENCIA A SEÑALIZACION,SEÑALIZACION DESOBEDECER SEÑAL PARE,RODRIGO DE ARAYA,LOS 3 ANTONIOS,LOS 3 ANTONIOS - RODRIGO DE ARAYA,0, , ,BIDIRECCIONAL,CONCRETO,BUENO,SECO,DESPEJADO,1,0,0,0,13,131,13118,Metropolitana de Santiago,Santiago,Macul,Interseccion,"LOS 3 ANTONIOS & RODRIGO DE ARAYA, Macul",-33.473971,-70.604281
-7854110.04880695,-3952615.78877455,5419,2023,1530446,2023/05/13 00:00:00+00,Mayo,13,Sábado,1899/12/30 00:00:00+00,17:30:00,17,REGION METROPOLITANA,LA REINA,COLISION LATERAL,COLISION,URBANA,ROTONDA,IMPRUDENCIA DEL CONDUCTOR,NO RESPETAR DERECHO PREFERENTE DE PASO A VEHICULO,FRANCISCO BILBAO,ALC MANUEL DE LA LASTRA,ALC MANUEL DE LA LASTRA - FRANCISCO BILBAO,0, , ,UNIDIRECCIONAL,CONCRETO,BUENO,SECO,DESPEJADO,0,0,0,0,13,131,13113,Metropolitana de Santiago,Santiago,La Reina,Interseccion,"ALC MANUEL DE LA LASTRA & FRANCISCO BILBAO, La Reina",-33.430723,-70.554671
-7931259.79926224,-4161398.19353923,5420,2023,1554594,2023/08/25 00:00:00+00,Agosto,25,Viernes,1899/12/30 00:00:00+00,14:00:00,14,REGION MAULE,CURICO,COLISION POR ALCANCE,COLISION,URBANA,CRUCE CON SEMAFORO FUNCIONANDO,IMPRUDENCIA DEL CONDUCTOR,CONDUCCION NO ATENTO CONDICIONES TRANSITO MOMENTO,BALMACEDA,CAMILO HENRIQUEZ,BALMACEDA - CAMILO HENRIQUEZ,0, , ,BIDIRECCIONAL,ASFALTO,BUENO,SECO,DESPEJADO,0,0,0,0,07,073,07301,Maule,Curicó,Curicó,Interseccion,"BALMACEDA & CAMILO HENRIQUEZ, Curicó",-34.981727,-71.247719
-7871280.96894232,-3952199.22482204,5421,2023,1534446,2023/05/13 00:00:00+00,Mayo,13,Sábado,1899/12/30 00:00:00+00,17:30:00,17,REGION METROPOLITANA,QUINTA NORMAL,COLISION LATERAL,COLISION,URBANA,CRUCE CON SEÑAL PARE,DESOBEDIENCIA A SEÑALIZACION,SEÑALIZACION DESOBEDECER SEÑAL PARE,MAPOCHO,MOLINA LAVIN,MAPOCHO - MOLINA LAVIN,0, , ,BIDIRECCIONAL,CONCRETO,REGULAR,SECO,DESPEJADO,0,0,0,0,13,131,13126,Metropolitana de Santiago,Santiago,Quinta Normal,Interseccion,"MAPOCHO & MOLINA LAVIN, Quinta Normal",-33.4276,-70.70892
-7931296.08941624,-4159931.34857749,5422,2023,1545544,2023/07/17 00:00:00+00,Julio,17,Lunes,1899/12/30 00:00:00+00,10:30:00,10,REGION MAULE,CURICO,COLISION PERPENDICULAR,COLISION,URBANA,CRUCE CON SEÑAL CEDA EL PASO,DESOBEDIENCIA A SEÑALIZACION,SEÑALIZACION DESOBEDECER SEÑAL CEDA EL PASO,APOLONIA,BALMACEDA,APOLONIA - BALMACEDA,0, , ,BIDIRECCIONAL,CONCRETO,BUENO,SECO,DESPEJADO,0,0,0,0,07,073,07301,Maule,Curicó,Curicó,Interseccion,"APOLONIA & BALMACEDA, Curicó",-34.97093,-71.248045
-7902515.96008187,-4107884.01006406,5423,2023,1546730,2023/07/17 00:00:00+00,Julio,17,Lunes,1899/12/30 00:00:00+00,10:50:00,10,REGION LIB.B.O'HIGGINS,SAN FERNANDO,COLISION LATERAL,COLISION,URBANA,CRUCE CON SEMAFORO FUNCIONANDO,IMPRUDENCIA DEL CONDUCTOR,CONDUCCION NO ATENTO CONDICIONES TRANSITO MOMENTO,MANUEL RODRIGUEZ,VALDIVIA,MANUEL RODRIGUEZ - VALDIVIA,0, , ,BIDIRECCIONAL,ASFALTO,BUENO,SECO,DESPEJADO,0,0,0,1,06,063,06301,Libertador General Bernardo O'Higgins,Colchagua,San Fernando,Interseccion,"MANUEL RODRIGUEZ & VALDIVIA, San Fernando",-34.586906,-70.989509
-8039436.29556359,-4369810.98300388,5424,2023,1535178,2023/05/13 00:00:00+00,Mayo,13,Sábado,1899/12/30 00:00:00+00,18:40:00,18,REGION ÑUBLE,SAN NICOLAS,COLISION LATERAL,COLISION,URBANA,TRAMO DE VIA RECTA,IMPRUDENCIA DEL CONDUCTOR,CONDUCCION NO ATENTO CONDICIONES TRANSITO MOMENTO,O'HIGGINS,MANUEL RODRIGUEZ,MANUEL RODRIGUEZ - O'HIGGINS,0, , ,UNIDIRECCIONAL,CONCRETO,BUENO,SECO,DESPEJADO,0,0,0,1,16,163,16305,Ñuble,Punilla,San Nicolás,Interseccion,"MANUEL RODRIGUEZ & O'HIGGINS, San Nicolás",-36.501231,-72.219485
-7874375.76210586,-4048994.01006498,5425,2023,1530605,2023/05/13 00:00:00+00,Mayo,13,Sábado,1899/12/30 00:00:00+00,19:45:00,19,REGION LIB.B.O'HIGGINS,RANCAGUA,COLISION POR ALCANCE,COLISION,URBANA,CRUCE CON SEMAFORO FUNCIONANDO,IMPRUDENCIA DEL CONDUCTOR,CONDUCCION NO ATENTO CONDICIONES TRANSITO MOMENTO,RECREO,LOS ALPES,LOS ALPES - RECREO,0, , ,BIDIRECCIONAL CON BANDEJON,CONCRETO,BUENO,SECO,DESPEJADO,0,0,0,1,06,061,06101,Libertador General Bernardo O'Higgins,Cachapoal,Rancagua,Interseccion,"LOS ALPES & RECREO, Rancagua",-34.150244,-70.736721
-7864765.7293561,-3952978.76466444,5426,2023,1547464,2023/07/17 00:00:00+00,Julio,17,Lunes,1899/12/30 00:00:00+00,11:30:00,11,REGION METROPOLITANA,SANTIAGO,VOLCADURA,VOLCADURA,URBANA,CRUCE CON SEMAFORO FUNCIONANDO,IMPRUDENCIA DEL CONDUCTOR,CONDUCCION NO ATENTO CONDICIONES TRANSITO MOMENTO,21 DE MAYO,ISMAEL VALDES VERGARA,21 DE MAYO - ISMAEL VALDES VERGARA,0, , ,UNIDIRECCIONAL,ASFALTO,REGULAR,SECO,DESPEJADO,0,0,0,1,13,131,13101,Metropolitana de Santiago,Santiago,Santiago,Interseccion,"21 DE MAYO & ISMAEL VALDES VERGARA, Santiago",-33.433444,-70.650393
-7874344.92660691,-3954480.83987725,5427,2023,1532912,2023/05/13 00:00:00+00,Mayo,13,Sábado,1899/12/30 00:00:00+00,19:50:00,19,REGION METROPOLITANA,LO PRADO,COLISION LATERAL,COLISION,URBANA,CRUCE CON SEMAFORO FUNCIONANDO,IMPRUDENCIA DEL CONDUCTOR,ADELANTAMIENTO SIN EL ESPACIO O TIEMPO SUFICIENTE,SAN PABLO,GABRIELA MISTRAL,GABRIELA MISTRAL - SAN PABLO,0, , ,BIDIRECCIONAL,ASFALTO,BUENO,SECO,NUBLADO,0,0,0,0,13,131,13117,Metropolitana de Santiago,Santiago,Lo Prado,Interseccion,"GABRIELA MISTRAL & SAN PABLO, Lo Prado",-33.444704,-70.736444
-8139517.41584434,-4399857.73585981,5428,2023,1549373,2023/07/17 00:00:00+00,Julio,17,Lunes,1899/12/30 00:00:00+00,12:30:00,12,REGION BIO BIO,TALCAHUANO,COLISION LATERAL,COLISION,URBANA,CRUCE SIN SEÑALIZACION,IMPRUDENCIA DEL CONDUCTOR,NO RESPETAR DERECHO PREFERENTE DE PASO A VEHICULO,LA UNION,VALDIVIA,LA UNION - VALDIVIA,0, , ,BIDIRECCIONAL,CONCRETO,BUENO,SECO,DESPEJADO,0,0,0,1,08,081,08110,Biobío,Concepción,Talcahuano,Interseccion,"LA UNION & VALDIVIA, Talcahuano",-36.717896,-73.118529
-7857097.97525933,-3957550.20428814,5429,2023,1558239,2023/08/25 00:00:00+00,Agosto,25,Viernes,1899/12/30 00:00:00+00,14:20:00,14,REGION METROPOLITANA,ÑUÑOA,COLISION,COLISION,URBANA,TRAMO DE VIA RECTA,IMPRUDENCIA DEL CONDUCTOR,CONDUCCION CAMBIAR SORPRESIVAMENTE PISTA CIRCULACION,GRECIA,PSJE 36,GRECIA - PSJE 36,0, , ,BIDIRECCIONAL CON BANDEJON,CONCRETO,BUENO,SECO,DESPEJADO,0,0,0,1,13,131,13120,Metropolitana de Santiago,Santiago,Ñuñoa,Interseccion,"GRECIA & PSJE 36, Ñuñoa",-33.467708,-70.581512
-7837977.09384536,-2715135.80364911,5430,2023,1530349,2023/05/13 00:00:00+00,Mayo,13,Sábado,1899/12/30 00:00:00+00,20:30:00,20,REGION ANTOFAGASTA,ANTOFAGASTA,COLISION,COLISION,URBANA,CRUCE CON SEMAFORO FUNCIONANDO,IMPRUDENCIA DEL CONDUCTOR,CONDUCCION NO ATENTO CONDICIONES TRANSITO MOMENTO,ARGENTINA,TRUMAO,ARGENTINA - TRUMAO,0, , ,BIDIRECCIONAL,ASFALTO,BUENO,SECO,DESPEJADO,0,1,0,0,02,021,02101,Antofagasta,Antofagasta,Antofagasta,Interseccion,"ARGENTINA & TRUMAO, Antofagasta",-23.685536,-70.409746
-7865918.51096664,-3953146.14088603,5431,2023,1554262,2023/08/25 00:00:00+00,Agosto,25,Viernes,1899/12/30 00:00:00+00,15:00:00,15,REGION METROPOLITANA,SANTIAGO,COLISION,COLISION,URBANA,TRAMO DE VIA RECTA,IMPRUDENCIA DEL CONDUCTOR,CONDUCCION CAMBIAR SORPRESIVAMENTE PISTA CIRCULACION,SAN PABLO,MANUEL RODRIGUEZ,MANUEL RODRIGUEZ - SAN PABLO,0, , ,UNIDIRECCIONAL,CONCRETO,BUENO,SECO,DESPEJADO,0,0,0,0,13,131,13101,Metropolitana de Santiago,Santiago,Santiago,Interseccion,"MANUEL RODRIGUEZ & SAN PABLO, Santiago",-33.434699,-70.660748
-7869856.74737711,-3953027.03199629,5432,2023,1532405,2023/05/13 00:00:00+00,Mayo,13,Sábado,1899/12/30 00:00:00+00,20:30:00,20,REGION METROPOLITANA,QUINTA NORMAL,COLISION LATERAL,COLISION,URBANA,CRUCE CON SEMAFORO FUNCIONANDO,IMPRUDENCIA DEL CONDUCTOR,CONDUCCION NO ATENTO CONDICIONES TRANSITO MOMENTO,ANDES,LADRILLERO,ANDES - LADRILLERO,0, , ,UNIDIRECCIONAL,ASFALTO,REGULAR,SECO,DESPEJADO,0,0,0,0,13,131,13126,Metropolitana de Santiago,Santiago,Quinta Normal,Interseccion,"ANDES & LADRILLERO, Quinta Normal",-33.433806,-70.696126
-7865918.51096664,-3953146.14088603,5433,2023,1554673,2023/08/25 00:00:00+00,Agosto,25,Viernes,1899/12/30 00:00:00+00,15:00:00,15,REGION METROPOLITANA,SANTIAGO,COLISION LATERAL,COLISION,URBANA,CRUCE CON SEMAFORO FUNCIONANDO,IMPRUDENCIA DEL CONDUCTOR,CONDUCCION CAMBIAR SORPRESIVAMENTE PISTA CIRCULACION,SAN PABLO,MANUEL RODRIGUEZ,MANUEL RODRIGUEZ - SAN PABLO,0, , ,BIDIRECCIONAL CON BANDEJON,ASFALTO,BUENO,SECO,NUBLADO,0,0,0,1,13,131,13101,Metropolitana de Santiago,Santiago,Santiago,Interseccion,"MANUEL RODRIGUEZ & SAN PABLO, Santiago",-33.434699,-70.660748
-7858058.55114538,-3978563.69617438,5434,2023,1530411,2023/05/13 00:00:00+00,Mayo,13,Sábado,1899/12/30 00:00:00+00,21:10:00,21,REGION METROPOLITANA,PUENTE ALTO,CHOQUE FRENTE/FRENTE,CHOQUE,URBANA,CRUCE CON SEÑAL PARE,IMPRUDENCIA DEL CONDUCTOR,CONDUCCION CONTRA SENTIDO DEL TRANSITO,EJERCITO LIBERTADOR,PATRIA NUEVA,EJERCITO LIBERTADOR - PATRIA NUEVA,0, , ,BIDIRECCIONAL CON BANDEJON,ASFALTO,BUENO,SECO,DESPEJADO,0,1,0,0,13,132,13201,Metropolitana de Santiago,Cordillera,Puente Alto,Interseccion,"EJERCITO LIBERTADOR & PATRIA NUEVA, Puente Alto",-33.625034,-70.590141
-7876488.56008843,-3954370.88063498,5435,2023,1554467,2023/08/25 00:00:00+00,Agosto,25,Viernes,1899/12/30 00:00:00+00,16:30:00,16,REGION METROPOLITANA,PUDAHUEL,VOLCADURA,VOLCADURA,URBANA,TRAMO DE VIA RECTA,VELOCIDAD IMPRUDENTE,VELOCIDAD NO RAZONABLE NI PRUDENTE,SAN PABLO,SAN LUIS,SAN LUIS - SAN PABLO,0, , ,BIDIRECCIONAL,ASFALTO,REGULAR,SECO,DESPEJADO,0,0,0,1,13,131,13124,Metropolitana de Santiago,Santiago,Pudahuel,Interseccion,"SAN LUIS & SAN PABLO, Pudahuel",-33.44388,-70.755701
-8080720.13058856,-4685027.720478,5436,2023,1545250,2023/07/17 00:00:00+00,Julio,17,Lunes,1899/12/30 00:00:00+00,15:00:00,15,REGION ARAUCANIA,TEMUCO,CHOQUE,CHOQUE,URBANA,TRAMO DE VIA RECTA,VELOCIDAD IMPRUDENTE,VELOCIDAD NO RAZONABLE NI PRUDENTE,BERNARDO O'HIGGINS,MANUEL BULNES,BERNARDO O'HIGGINS - MANUEL BULNES,0, , ,UNIDIRECCIONAL,CONCRETO,BUENO,SECO,DESPEJADO,0,0,1,0,09,091,09101,La Araucanía,Cautín,Temuco,Interseccion,"BERNARDO O'HIGGINS & MANUEL BULNES, Temuco",-38.743719,-72.590344
-7871412.5990193,-3961982.81965042,5437,2023,1530434,2023/05/13 00:00:00+00,Mayo,13,Sábado,1899/12/30 00:00:00+00,22:30:00,22,REGION METROPOLITANA,CERRILLOS,COLISION PERPENDICULAR,COLISION,URBANA,CRUCE CON SEMAFORO FUNCIONANDO,DESOBEDIENCIA A SEÑALIZACION,SEÑALIZACION DESOBEDECER LUZ ROJA DE SEMAFORO,PEDRO AGUIRRE CERDA,LO ERRAZURIZ,LO ERRAZURIZ - PEDRO AGUIRRE CERDA,0, , ,BIDIRECCIONAL CON BANDEJON,ASFALTO,BUENO,SECO,DESPEJADO,0,1,0,1,13,131,13102,Metropolitana de Santiago,Santiago,Cerrillos,Interseccion,"LO ERRAZURIZ & PEDRO AGUIRRE CERDA, Cerrillos",-33.500918,-70.710102
-7972957.85412359,-3901993.24227061,5438,2023,1554272,2023/08/25 00:00:00+00,Agosto,25,Viernes,1899/12/30 00:00:00+00,17:00:00,17,REGION VALPARAISO,VALPARAISO,COLISION LATERAL,COLISION,URBANA,TRAMO DE VIA RECTA,IMPRUDENCIA DEL CONDUCTOR,CONDUCCION NO ATENTO CONDICIONES TRANSITO MOMENTO,HECTOR CALVO,ALEJANDRO BELTRAN,ALEJANDRO BELTRAN - HECTOR CALVO,0, , ,UNIDIRECCIONAL,CONCRETO,BUENO,SECO,DESPEJADO,0,0,0,0,05,051,05101,Valparaíso,Valparaíso,Valparaíso,Interseccion,"ALEJANDRO BELTRAN & HECTOR CALVO, Valparaíso",-33.050382,-71.622299
-7854584.82643518,-3955485.45871897,5439,2023,1532741,2023/05/14 00:00:00+00,Mayo,14,Domingo,1899/12/30 00:00:00+00,00:00:00,0,REGION METROPOLITANA,LA REINA,COLISION LATERAL,COLISION,URBANA,TRAMO DE VIA RECTA,IMPRUDENCIA DEL CONDUCTOR,CONDUCCION NO ATENTO CONDICIONES TRANSITO MOMENTO,TOBALABA,LARRAIN,LARRAIN - TOBALABA,0, , ,BIDIRECCIONAL,CONCRETO,BUENO,SECO,DESPEJADO,0,0,0,1,13,131,13113,Metropolitana de Santiago,Santiago,La Reina,Interseccion,"LARRAIN & TOBALABA, La Reina",-33.452234,-70.558936
-7869895.9318824,-3876851.70788646,5440,2023,1554834,2023/08/25 00:00:00+00,Agosto,25,Viernes,1899/12/30 00:00:00+00,18:20:00,18,REGION VALPARAISO,RINCONADA,VOLCADURA,VOLCADURA,URBANA,TRAMO DE VIA RECTA,VELOCIDAD IMPRUDENTE,VELOCIDAD NO RAZONABLE NI PRUDENTE,LAS BANDURRIAS,CEMENTERIO,CEMENTERIO - LAS BANDURRIAS,0, , ,BIDIRECCIONAL,CONCRETO,BUENO,CON BARRO,DESPEJADO,0,1,0,0,05,053,05303,Valparaíso,Los Andes,Rinconada,Interseccion,"CEMENTERIO & LAS BANDURRIAS, Rinconada",-32.860873,-70.696478
-7851326.95021762,-3976578.19495137,5441,2023,1554212,2023/08/25 00:00:00+00,Agosto,25,Viernes,1899/12/30 00:00:00+00,18:30:00,18,REGION METROPOLITANA,PUENTE ALTO,COLISION PERPENDICULAR,COLISION,URBANA,CRUCE CON SEÑAL PARE,ALCOHOL EN CONDUCTOR,CONDUCCION BAJO LA INFLUENCIA DEL ALCOHOL,EL VOLCAN,EL MAITEN,EL MAITEN - EL VOLCAN,0, , ,BIDIRECCIONAL,ASFALTO,BUENO,SECO,NUBLADO,0,0,0,0,13,132,13201,Metropolitana de Santiago,Cordillera,Puente Alto,Interseccion,"EL MAITEN & EL VOLCAN, Puente Alto",-33.610181,-70.52967
-8138562.73988017,-4409413.73865924,5442,2023,1530668,2023/05/14 00:00:00+00,Mayo,14,Domingo,1899/12/30 00:00:00+00,08:00:00,8,REGION BIO BIO,HUALPEN,COLISION,COLISION,URBANA,ENLACE A DESNIVEL,IMPRUDENCIA DEL CONDUCTOR,CONDUCCION NO ATENTO CONDICIONES TRANSITO MOMENTO,CRISTOBAL COLON,JORGE ALESSANDRI RODRIGUEZ,CRISTOBAL COLON - JORGE ALESSANDRI RODRIGUEZ,0, , ,BIDIRECCIONAL,CONCRETO,BUENO,SECO,DESPEJADO,0,1,0,0,08,081,08112,Biobío,Concepción,Hualpén,Interseccion,"CRISTOBAL COLON & JORGE ALESSANDRI RODRIGUEZ, Hualpén",-36.786676,-73.109953
-7927233.18409277,-3867435.15980646,5443,2023,1554223,2023/08/25 00:00:00+00,Agosto,25,Viernes,1899/12/30 00:00:00+00,19:30:00,19,REGION VALPARAISO,CALERA,VOLCADURA,VOLCADURA,URBANA,CRUCE CON SEÑAL PARE,VELOCIDAD IMPRUDENTE,VELOCIDAD NO RAZONABLE NI PRUDENTE,CHAÑARAL,LAUTARO,CHAÑARAL - LAUTARO,0, , ,BIDIRECCIONAL,ASFALTO,BUENO,SECO,DESPEJADO,0,0,0,1,05,055,05502,Valparaíso,Quillota,Calera,Interseccion,"CHAÑARAL & LAUTARO, Calera",-32.78979,-71.211547