X,Y,FID,Año,IdAccident,Fecha,Mes,Dia_mes,Dia_semana,Hora,Hora_texto,Hora_aprox,Región,Comuna,Tipo_Accid,Tipo__CONA,Zona,Ubicación,Causa__CON,Causa_Acci,Calle_Uno,Calle_Dos,Intersecci,Número,Ruta,Ubicaci_1,Calzada,Tipo_Calza,Estado_Cal,Condición,Estado_Atm,Fallecidos,Graves,Menos_Grav,Leves,CUT_REG,CUT_PROV,CUT_COM,REGION,PROVINCIA,COMUNA1,Tipo_direc,Direccion,Lat,Lon
-7874051.93374054,-3862203.59912051,5444,2023,1532578,2023/05/14 00:00:00+00,Mayo,14,Domingo,1899/12/30 00:00:00+00,10:45:00,10,REGION VALPARAISO,SAN FELIPE,COLISION,COLISION,URBANA,CRUCE CON SEÑAL PARE,IMPRUDENCIA DEL CONDUCTOR,CONDUCCION NO ATENTO CONDICIONES TRANSITO MOMENTO,DIEGO DE ALMAGRO,MANUEL DE LIMA,DIEGO DE ALMAGRO - MANUEL DE LIMA,0, , ,BIDIRECCIONAL,CONCRETO,REGULAR,SECO,DESPEJADO,0,0,0,1,05,057,05701,Valparaíso,San Felipe de Aconcagua,San Felipe,Interseccion,"DIEGO DE ALMAGRO & MANUEL DE LIMA, San Felipe",-32.750273,-70.733812
-7931841.56610874,-3489788.04862175,5445,2023,1554844,2023/08/25 00:00:00+00,Agosto,25,Viernes,1899/12/30 00:00:00+00,21:00:00,21,REGION COQUIMBO,LA SERENA,COLISION LATERAL,COLISION,URBANA,TRAMO DE VIA RECTA,DESOBEDIENCIA A SEÑALIZACION,SEÑALIZACION DESOBEDECER SEÑAL PARE,BRILLADOR,ISLON,BRILLADOR - ISLON,0, , ,BIDIRECCIONAL,ASFALTO,BUENO,SECO,DESPEJADO,0,1,0,0,04,041,04101,Coquimbo,Elqui,La Serena,Interseccion,"BRILLADOR & ISLON, La Serena",-29.892881,-71.252945
-7973712.60031569,-3899005.81597105,5446,2023,1530614,2023/05/14 00:00:00+00,Mayo,14,Domingo,1899/12/30 00:00:00+00,12:18:00,12,REGION VALPARAISO,VALPARAISO,COLISION LATERAL,COLISION,URBANA,TRAMO DE VIA RECTA,IMPRUDENCIA DEL CONDUCTOR,CONDUCCION NO ATENTO CONDICIONES TRANSITO MOMENTO,ALTAMIRANO,MOLO DE ABRIGO,ALTAMIRANO - MOLO DE ABRIGO,0, , ,UNIDIRECCIONAL,ASFALTO,BUENO,MOJADO,NUBLADO,0,0,0,1,05,051,05101,Valparaíso,Valparaíso,Valparaíso,Interseccion,"ALTAMIRANO & MOLO DE ABRIGO, Valparaíso",-33.027885,-71.629079
-7874062.44221141,-3862054.45707116,5447,2023,1532581,2023/05/14 00:00:00+00,Mayo,14,Domingo,1899/12/30 00:00:00+00,12:30:00,12,REGION VALPARAISO,SAN FELIPE,COLISION,COLISION,URBANA,CRUCE CON SEÑAL PARE,IMPRUDENCIA DEL CONDUCTOR,CONDUCCION NO ATENTO CONDICIONES TRANSITO MOMENTO,DIEGO DE ALMAGRO,CHORRILLOS,CHORRILLOS - DIEGO DE ALMAGRO,0, , ,BIDIRECCIONAL,CONCRETO,REGULAR,SECO,DESPEJADO,0,0,0,1,05,057,05701,Valparaíso,San Felipe de Aconcagua,San Felipe,Interseccion,"CHORRILLOS & DIEGO DE ALMAGRO, San Felipe",-32.749146,-70.733906
-7807468.75174712,-2300383.57080244,5448,2023,1530529,2023/05/14 00:00:00+00,Mayo,14,Domingo,1899/12/30 00:00:00+00,13:30:00,13,REGION TARAPACA,IQUIQUE,CHOQUE POSTERIOR/POSTERIOR,CHOQUE,URBANA,TRAMO DE VIA RECTA,IMPRUDENCIA DEL CONDUCTOR,CONDUCCION NO ATENTO CONDICIONES TRANSITO MOMENTO,DIEGO PORTALES,SALVADOR ALLENDE,DIEGO PORTALES - SALVADOR ALLENDE,0, , ,BIDIRECCIONAL,ASFALTO,BUENO,SECO,DESPEJADO,0,0,0,1,01,011,01101,Tarapacá,Iquique,Iquique,Interseccion,"DIEGO PORTALES & SALVADOR ALLENDE, Iquique",-20.230725,-70.135685
-8131181.47840413,-4414205.38579901,5449,2023,1548128,2023/07/17 00:00:00+00,Julio,17,Lunes,1899/12/30 00:00:00+00,15:15:00,15,REGION BIO BIO,CONCEPCION,CHOQUE POSTERIOR,CHOQUE,URBANA,TRAMO DE VIA RECTA,IMPRUDENCIA DEL CONDUCTOR,CONDUCCION SIN MANTENER DISTANCIA RAZONABLE NI PRUDENTE,MAIPU,PAICAVI,MAIPU - PAICAVI,0, , ,UNIDIRECCIONAL,CONCRETO,BUENO,SECO,DESPEJADO,0,1,0,0,08,081,08101,Biobío,Concepción,Concepción,Interseccion,"MAIPU & PAICAVI, Concepción",-36.821141,-73.043646
-7976007.67422398,-4221540.45638919,5450,2023,1534450,2023/05/14 00:00:00+00,Mayo,14,Domingo,1899/12/30 00:00:00+00,20:39:00,20,REGION MAULE,TALCA,COLISION,COLISION,URBANA,TRAMO DE VIA RECTA,ALCOHOL EN CONDUCTOR,CONDUCCION BAJO LA INFLUENCIA DEL ALCOHOL,11 1/2 ORIENTE,10 NORTE,10 NORTE - 11 1/2 ORIENTE,0, , ,UNIDIRECCIONAL,CONCRETO,BUENO,SECO,DESPEJADO,0,1,0,1,07,071,07101,Maule,Talca,Talca,Interseccion,"10 NORTE & 11 1/2 ORIENTE, Talca",-35.423188,-71.649696
-7861211.45308312,-3951494.84834241,5451,2023,1545545,2023/07/17 00:00:00+00,Julio,17,Lunes,1899/12/30 00:00:00+00,15:30:00,15,REGION METROPOLITANA,LA FLORIDA,COLISION LATERAL,COLISION,URBANA,TRAMO DE VIA RECTA,IMPRUDENCIA DEL CONDUCTOR,CONDUCCION NO ATENTO CONDICIONES TRANSITO MOMENTO,WALKER MARTINEZ,LA FLORIDA,LA FLORIDA - WALKER MARTINEZ,0, , ,BIDIRECCIONAL,ASFALTO,BUENO,SECO,DESPEJADO,0,1,0,0,13,131,13110,Metropolitana de Santiago,Santiago,La Florida,Interseccion,"LA FLORIDA & WALKER MARTINEZ, La Florida",-33.422319,-70.618464
-7868246.73358177,-3966101.06022417,5452,2023,1530754,2023/05/15 00:00:00+00,Mayo,15,Lunes,1899/12/30 00:00:00+00,06:10:00,6,REGION METROPOLITANA,LA CISTERNA,VOLCADURA,VOLCADURA,URBANA,CRUCE SIN SEÑALIZACION,IMPRUDENCIA DEL CONDUCTOR,CARGA ESCURRE A LA CALZADA,JOSE JOAQUIN PRIETO VIAL,AMERICO VESPUCIO,AMERICO VESPUCIO - JOSE JOAQUIN PRIETO VIAL,0, , ,UNIDIRECCIONAL,ASFALTO,BUENO,SECO,DESPEJADO,0,0,0,1,13,131,13109,Metropolitana de Santiago,Santiago,La Cisterna,Interseccion,"AMERICO VESPUCIO & JOSE JOAQUIN PRIETO VIAL, La Cisterna",-33.531762,-70.681663
-7876448.53102443,-3959071.17838673,5453,2023,1548067,2023/07/17 00:00:00+00,Julio,17,Lunes,1899/12/30 00:00:00+00,16:15:00,16,REGION METROPOLITANA,MAIPU,COLISION,COLISION,URBANA,TRAMO DE VIA RECTA,DESOBEDIENCIA A SEÑALIZACION,SEÑALIZACION DESOBEDECER LUZ ROJA DE SEMAFORO,STA ELENA,AMERICO VESPUCIO,AMERICO VESPUCIO - STA ELENA,0, , ,BIDIRECCIONAL,ASFALTO,BUENO,SECO,DESPEJADO,0,0,0,0,13,131,13119,Metropolitana de Santiago,Santiago,Maipú,Interseccion,"AMERICO VESPUCIO & STA ELENA, Maipú",-33.479105,-70.755341
-7866369.88696699,-3958352.37075025,5454,2023,1555267,2023/08/26 00:00:00+00,Agosto,26,Sábado,1899/12/30 00:00:00+00,00:10:00,0,REGION METROPOLITANA,SANTIAGO,CHOQUE FRONTAL,CHOQUE,URBANA,CRUCE CON SEMAFORO FUNCIONANDO,IMPRUDENCIA DEL CONDUCTOR,CONDUCCION NO ATENTO CONDICIONES TRANSITO MOMENTO,CLUB HIPICO,PEDRO MONTT,CLUB HIPICO - PEDRO MONTT,0, , ,BIDIRECCIONAL CON BANDEJON,ASFALTO,BUENO,SECO,DESPEJADO,0,1,0,0,13,131,13101,Metropolitana de Santiago,Santiago,Santiago,Interseccion,"CLUB HIPICO & PEDRO MONTT, Santiago",-33.473719,-70.664803
-7868246.73358177,-3966101.06022417,5455,2023,1531469,2023/05/15 00:00:00+00,Mayo,15,Lunes,1899/12/30 00:00:00+00,06:10:00,6,REGION METROPOLITANA,LA CISTERNA,VOLCADURA,VOLCADURA,URBANA,CRUCE CON SEÑAL CEDA EL PASO,VELOCIDAD IMPRUDENTE,VELOCIDAD NO RAZONABLE NI PRUDENTE,JOSE JOAQUIN PRIETO VIAL,AMERICO VESPUCIO,AMERICO VESPUCIO - JOSE JOAQUIN PRIETO VIAL,0, , ,UNIDIRECCIONAL,CONCRETO,BUENO,SECO,DESPEJADO,0,0,0,0,13,131,13109,Metropolitana de Santiago,Santiago,La Cisterna,Interseccion,"AMERICO VESPUCIO & JOSE JOAQUIN PRIETO VIAL, La Cisterna",-33.531762,-70.681663
-7868093.22400396,-3953297.55610035,5456,2023,1555079,2023/08/26 00:00:00+00,Agosto,26,Sábado,1899/12/30 00:00:00+00,09:30:00,9,REGION METROPOLITANA,SANTIAGO,COLISION,COLISION,URBANA,CRUCE CON SEMAFORO FUNCIONANDO,IMPRUDENCIA DEL CONDUCTOR,CONDUCCION NO ATENTO CONDICIONES TRANSITO MOMENTO,MATUCANA,SAN PABLO,MATUCANA - SAN PABLO,0, , ,UNIDIRECCIONAL,CONCRETO,BUENO,SECO,DESPEJADO,0,0,0,1,13,131,13101,Metropolitana de Santiago,Santiago,Santiago,Interseccion,"MATUCANA & SAN PABLO, Santiago",-33.435834,-70.680284
-7887817.04512025,-3977450.16659303,5457,2023,1530941,2023/05/15 00:00:00+00,Mayo,15,Lunes,1899/12/30 00:00:00+00,07:30:00,7,REGION METROPOLITANA,PEÑAFLOR,COLISION,COLISION,URBANA,TRAMO DE VIA RECTA,IMPRUDENCIA DEL CONDUCTOR,NO RESPETAR DERECHO PREFERENTE DE PASO A VEHICULO,MANUEL CASTILLO,CALETERA AUTOPISTA EL SOL,CALETERA AUTOPISTA EL SOL - MANUEL CASTILLO,0, , ,UNIDIRECCIONAL,CONCRETO,BUENO,SECO,DESPEJADO,0,1,0,0,13,136,13605,Metropolitana de Santiago,Talagante,Peñaflor,Interseccion,"CALETERA AUTOPISTA EL SOL & MANUEL CASTILLO, Peñaflor",-33.616704,-70.857466
-7873618.78956847,-3979624.1606034,5458,2023,1554592,2023/08/26 00:00:00+00,Agosto,26,Sábado,1899/12/30 00:00:00+00,10:00:00,10,REGION METROPOLITANA,SAN BERNARDO,COLISION FRONTAL,COLISION,URBANA,CRUCE CON SEMAFORO FUNCIONANDO,DESOBEDIENCIA A SEÑALIZACION,SEÑALIZACION DESOBEDECER LUZ ROJA DE SEMAFORO,EL BARRANCON,CAMINO CALERA DE TANGO,CAMINO CALERA DE TANGO - EL BARRANCON,0, , ,BIDIRECCIONAL,ADOQUIN,BUENO,SECO,DESPEJADO,0,0,0,0,13,134,13401,Metropolitana de Santiago,Maipo,San Bernardo,Interseccion,"CAMINO CALERA DE TANGO & EL BARRANCON, San Bernardo",-33.632966,-70.729921
-7950388.21693894,-3904123.04458186,5459,2023,1545206,2023/07/17 00:00:00+00,Julio,17,Lunes,1899/12/30 00:00:00+00,16:30:00,16,REGION VALPARAISO,QUILPUE,COLISION FRONTAL,COLISION,URBANA,CRUCE CON SEÑAL CEDA EL PASO,IMPRUDENCIA DEL CONDUCTOR,VIRAJES INDEBIDOS,MARGA MARGA,PIEDRA LANCETA,MARGA MARGA - PIEDRA LANCETA,0, , ,BIDIRECCIONAL,ASFALTO,BUENO,SECO,DESPEJADO,0,0,1,0,05,058,05801,Valparaíso,Marga Marga,Quilpué,Interseccion,"MARGA MARGA & PIEDRA LANCETA, Quilpué",-33.066417,-71.419552
-8136902.40967498,-4409827.26600478,5460,2023,1530884,2023/05/15 00:00:00+00,Mayo,15,Lunes,1899/12/30 00:00:00+00,07:45:00,7,REGION BIO BIO,HUALPEN,CHOQUE FRENTE/LADO,CHOQUE,URBANA,CRUCE SIN SEÑALIZACION,IMPRUDENCIA DEL CONDUCTOR,NO RESPETAR DERECHO PREFERENTE DE PASO A VEHICULO,PATRIA VIEJA,GENOVA,GENOVA - PATRIA VIEJA,0, , ,BIDIRECCIONAL,CONCRETO,BUENO,SECO,DESPEJADO,0,0,0,0,08,081,08112,Biobío,Concepción,Hualpén,Interseccion,"GENOVA & PATRIA VIEJA, Hualpén",-36.789651,-73.095038
-7865939.74845457,-3946395.29872447,5461,2023,1555263,2023/08/26 00:00:00+00,Agosto,26,Sábado,1899/12/30 00:00:00+00,10:30:00,10,REGION METROPOLITANA,CONCHALI,COLISION,COLISION,URBANA,TRAMO DE VIA RECTA,IMPRUDENCIA DEL CONDUCTOR,CONDUCCION NO ATENTO CONDICIONES TRANSITO MOMENTO,GRAL GAMBINO,DIEGO SILVA HENRIQUEZ,DIEGO SILVA HENRIQUEZ - GRAL GAMBINO,0, , ,BIDIRECCIONAL,CONCRETO,REGULAR,SECO,DESPEJADO,0,0,0,0,13,131,13104,Metropolitana de Santiago,Santiago,Conchalí,Interseccion,"DIEGO SILVA HENRIQUEZ & GRAL GAMBINO, Conchalí",-33.384076,-70.660939
-7874805.01006236,-3991473.19213404,5462,2023,1549285,2023/07/17 00:00:00+00,Julio,17,Lunes,1899/12/30 00:00:00+00,17:00:00,17,REGION METROPOLITANA,BUIN,COLISION LATERAL,COLISION,URBANA,CRUCE CON SEÑAL PARE,IMPRUDENCIA DEL CONDUCTOR,CONDUCCION NO ATENTO CONDICIONES TRANSITO MOMENTO,BAJOS DE MATTE,EL OLMO,BAJOS DE MATTE - EL OLMO,0, , ,BIDIRECCIONAL,ASFALTO,BUENO,SECO,DESPEJADO,0,0,0,0,13,134,13402,Metropolitana de Santiago,Maipo,Buin,Interseccion,"BAJOS DE MATTE & EL OLMO, Buin",-33.721544,-70.740577
-7872865.37925478,-3954411.86725454,5463,2023,1532923,2023/05/15 00:00:00+00,Mayo,15,Lunes,1899/12/30 00:00:00+00,07:50:00,7,REGION METROPOLITANA,LO PRADO,CHOQUE LADO/LADO,CHOQUE,URBANA,CRUCE CON SEMAFORO FUNCIONANDO,IMPRUDENCIA DEL CONDUCTOR,CONDUCCION NO ATENTO CONDICIONES TRANSITO MOMENTO,SAN PABLO,NEPTUNO,NEPTUNO - SAN PABLO,0, , ,BIDIRECCIONAL,ASFALTO,BUENO,SECO,DESPEJADO,0,0,0,0,13,131,13117,Metropolitana de Santiago,Santiago,Lo Prado,Interseccion,"NEPTUNO & SAN PABLO, Lo Prado",-33.444187,-70.723153
-7978880.17348523,-4224904.76237201,5464,2023,1545361,2023/07/17 00:00:00+00,Julio,17,Lunes,1899/12/30 00:00:00+00,18:00:00,18,REGION MAULE,TALCA,COLISION LATERAL,COLISION,URBANA,TRAMO DE VIA RECTA,IMPRUDENCIA DEL CONDUCTOR,VIRAJES INDEBIDOS,1 1/2 PONIENTE,25 SUR,1 1/2 PONIENTE - 25 SUR,0, , ,BIDIRECCIONAL,CONCRETO,BUENO,SECO,DESPEJADO,0,0,0,1,07,071,07101,Maule,Talca,Talca,Interseccion,"1 1/2 PONIENTE & 25 SUR, Talca",-35.447812,-71.6755
-7976860.82679029,-4222660.82106352,5465,2023,1530897,2023/05/15 00:00:00+00,Mayo,15,Lunes,1899/12/30 00:00:00+00,08:00:00,8,REGION MAULE,TALCA,COLISION POR ALCANCE,COLISION,URBANA,CRUCE CON SEÑAL CEDA EL PASO,DESOBEDIENCIA A SEÑALIZACION,SEÑALIZACION DESOBEDECER SEÑAL CEDA EL PASO,7 ORIENTE,4 SUR,4 SUR - 7 ORIENTE,0, , ,UNIDIRECCIONAL,CONCRETO,BUENO,SECO,DESPEJADO,0,0,0,1,07,071,07101,Maule,Talca,Talca,Interseccion,"4 SUR & 7 ORIENTE, Talca",-35.431389,-71.65736
-7860895.19440978,-3961998.11848337,5466,2023,1531372,2023/05/15 00:00:00+00,Mayo,15,Lunes,1899/12/30 00:00:00+00,08:13:00,8,REGION METROPOLITANA,SAN JOAQUIN,COLISION PERPENDICULAR,COLISION,URBANA,CRUCE CON SEMAFORO FUNCIONANDO,DESOBEDIENCIA A SEÑALIZACION,SEÑALIZACION DESOBEDECER LUZ ROJA DE SEMAFORO,VICUÑA MACKENNA,CAP PRAT,CAP PRAT - VICUÑA MACKENNA,0, , ,BIDIRECCIONAL CON BANDEJON,ASFALTO,BUENO,SECO,DESPEJADO,0,1,0,1,13,131,13129,Metropolitana de Santiago,Santiago,San Joaquín,Interseccion,"CAP PRAT & VICUÑA MACKENNA, San Joaquín",-33.501033,-70.615623
-8140419.99433135,-4949143.56162744,5467,2023,1548083,2023/07/17 00:00:00+00,Julio,17,Lunes,1899/12/30 00:00:00+00,19:00:00,19,REGION LOS LAGOS,OSORNO,COLISION,COLISION,URBANA,TRAMO DE VIA RECTA,IMPRUDENCIA DEL CONDUCTOR,CONDUCCION SIN MANTENER DISTANCIA RAZONABLE NI PRUDENTE,GERMAN HUBE,PAUL HARRIS,GERMAN HUBE - PAUL HARRIS,0, , ,UNIDIRECCIONAL,CONCRETO,BUENO,SECO,DESPEJADO,0,1,0,0,10,103,10301,Los Lagos,Osorno,Osorno,Interseccion,"GERMAN HUBE & PAUL HARRIS, Osorno",-40.570146,-73.126637
-7931574.48826397,-3896407.74583153,5468,2023,1534999,2023/05/15 00:00:00+00,Mayo,15,Lunes,1899/12/30 00:00:00+00,09:10:00,9,REGION VALPARAISO,LIMACHE,COLISION LATERAL,COLISION,URBANA,CRUCE CON SEMAFORO FUNCIONANDO,IMPRUDENCIA DEL CONDUCTOR,NO RESPETAR DERECHO PREFERENTE DE PASO A VEHICULO,REPUBLICA,18 DE SEPTIEMBRE,18 DE SEPTIEMBRE - REPUBLICA,0, , ,BIDIRECCIONAL,ASFALTO,BUENO,SECO,DESPEJADO,0,0,0,0,05,058,05802,Valparaíso,Marga Marga,Limache,Interseccion,"18 DE SEPTIEMBRE & REPUBLICA, Limache",-33.008315,-71.250546
-7970376.29945008,-3974396.04898384,5469,2023,1550522,2023/07/17 00:00:00+00,Julio,17,Lunes,1899/12/30 00:00:00+00,20:40:00,20,REGION VALPARAISO,SAN ANTONIO,COLISION PERPENDICULAR,COLISION,URBANA,CRUCE SIN SEÑALIZACION,IMPRUDENCIA DEL CONDUCTOR,CONDUCCION NO ATENTO CONDICIONES TRANSITO MOMENTO,MANUEL MONTT,NAPOLES,MANUEL MONTT - NAPOLES,0, , ,BIDIRECCIONAL,ASFALTO,BUENO,SECO,DESPEJADO,0,0,0,0,05,056,05601,Valparaíso,San Antonio,San Antonio,Interseccion,"MANUEL MONTT & NAPOLES, San Antonio",-33.593854,-71.599108
-8053108.4440922,-4505148.32966354,5470,2023,1532558,2023/05/15 00:00:00+00,Mayo,15,Lunes,1899/12/30 00:00:00+00,11:05:00,11,REGION BIO BIO,LOS ANGELES,COLISION FRONTAL,COLISION,URBANA,TRAMO DE VIA RECTA,IMPRUDENCIA DEL CONDUCTOR,CONDUCCION NO ATENTO CONDICIONES TRANSITO MOMENTO,FRANCISCO DE AGUIRRE,RICARDO VICUÑA,FRANCISCO DE AGUIRRE - RICARDO VICUÑA,0, , ,UNIDIRECCIONAL,CONCRETO,BUENO,MOJADO,LLUVIA,0,0,0,0,08,083,08301,Biobío,Biobío,Los Angeles,Interseccion,"FRANCISCO DE AGUIRRE & RICARDO VICUÑA, Los Angeles",-37.472321,-72.342304
-7929324.86615944,-3488440.39615757,5471,2023,1545296,2023/07/17 00:00:00+00,Julio,17,Lunes,1899/12/30 00:00:00+00,20:41:00,20,REGION COQUIMBO,LA SERENA,COLISION PERPENDICULAR,COLISION,URBANA,CRUCE CON SEÑAL PARE,DESOBEDIENCIA A SEÑALIZACION,SEÑALIZACION DESOBEDECER SEÑAL PARE,ARGENTINA,VENEZUELA,ARGENTINA - VENEZUELA,0, , ,BIDIRECCIONAL,ASFALTO,BUENO,SECO,DESPEJADO,0,0,0,0,04,041,04101,Coquimbo,Elqui,La Serena,Interseccion,"ARGENTINA & VENEZUELA, La Serena",-29.882384,-71.230337
-7975731.60190908,-3900986.81795124,5472,2023,1531931,2023/05/15 00:00:00+00,Mayo,15,Lunes,1899/12/30 00:00:00+00,15:40:00,15,REGION VALPARAISO,VALPARAISO,COLISION POR ALCANCE,COLISION,URBANA,TRAMO DE VIA CURVA HORIZONTAL,IMPRUDENCIA DEL CONDUCTOR,VIRAJES INDEBIDOS,JOSE MARIA CARO,SANTA MARIA,JOSE MARIA CARO - SANTA MARIA,0, , ,BIDIRECCIONAL,CONCRETO,BUENO,SECO,DESPEJADO,0,0,0,1,05,051,05101,Valparaíso,Valparaíso,Valparaíso,Interseccion,"JOSE MARIA CARO & SANTA MARIA, Valparaíso",-33.042804,-71.647216
-7930854.68543814,-3879627.7919787,5473,2023,1554096,2023/08/26 00:00:00+00,Agosto,26,Sábado,1899/12/30 00:00:00+00,13:00:00,13,REGION VALPARAISO,QUILLOTA,COLISION,COLISION,URBANA,CRUCE CON SEÑAL PARE,DESOBEDIENCIA A SEÑALIZACION,SEÑALIZACION DESOBEDECER SEÑAL PARE,BLANCO ENCALADA,PUDETO,BLANCO ENCALADA - PUDETO,0, , ,UNIDIRECCIONAL,ASFALTO,BUENO,SECO,DESPEJADO,0,0,0,1,05,055,05501,Valparaíso,Quillota,Quillota,Interseccion,"BLANCO ENCALADA & PUDETO, Quillota",-32.881818,-71.24408
-7863369.38141215,-3954258.04777967,5474,2023,1531935,2023/05/15 00:00:00+00,Mayo,15,Lunes,1899/12/30 00:00:00+00,18:20:00,18,REGION METROPOLITANA,SANTIAGO,ATROPELLO,ATROPELLO,URBANA,CRUCE CON SEMAFORO FUNCIONANDO,ALCOHOL EN PEATON,EBRIEDAD DEL PEATON,PORTUGAL,DIAG PARAGUAY,DIAG PARAGUAY - PORTUGAL,0, , ,BIDIRECCIONAL,ASFALTO,BUENO,SECO,DESPEJADO,0,1,0,1,13,131,13101,Metropolitana de Santiago,Santiago,Santiago,Interseccion,"DIAG PARAGUAY & PORTUGAL, Santiago",-33.443034,-70.637849
-7932120.33233305,-3880809.76038224,5475,2023,1546151,2023/07/17 00:00:00+00,Julio,17,Lunes,1899/12/30 00:00:00+00,21:00:00,21,REGION VALPARAISO,QUILLOTA,COLISION,COLISION,URBANA,CRUCE CON SEÑAL PARE,DESOBEDIENCIA A SEÑALIZACION,SEÑALIZACION DESOBEDECER SEÑAL PARE,SALVADOR SAID,LORCA,LORCA - SALVADOR SAID,0, , ,BIDIRECCIONAL,ASFALTO,BUENO,SECO,DESPEJADO,0,1,0,0,05,055,05501,Valparaíso,Quillota,Quillota,Interseccion,"LORCA & SALVADOR SAID, Quillota",-32.890735,-71.255449
-7872877.1791208,-3963204.05508589,5476,2023,1531142,2023/05/15 00:00:00+00,Mayo,15,Lunes,1899/12/30 00:00:00+00,20:45:00,20,REGION METROPOLITANA,CERRILLOS,CHOQUE FRENTE/POSTERIOR,CHOQUE,URBANA,CRUCE CON SEÑAL CEDA EL PASO,IMPRUDENCIA DEL CONDUCTOR,CONDUCCION NO ATENTO CONDICIONES TRANSITO MOMENTO,CAMINO A MELIPILLA,AMERICO VESPUCIO,AMERICO VESPUCIO - CAMINO A MELIPILLA,0, , ,BIDIRECCIONAL,ASFALTO,BUENO,SECO,DESPEJADO,0,0,0,0,13,131,13102,Metropolitana de Santiago,Santiago,Cerrillos,Interseccion,"AMERICO VESPUCIO & CAMINO A MELIPILLA, Cerrillos",-33.510066,-70.723259
-7893558.12501856,-7011938.46390089,5477,2023,1554219,2023/08/26 00:00:00+00,Agosto,26,Sábado,1899/12/30 00:00:00+00,15:00:00,15,REGION MAGALLANES Y ANTARTICA CHILENA,PUNTA ARENAS,COLISION LATERAL,COLISION,URBANA,CRUCE CON SEÑAL CEDA EL PASO,DESOBEDIENCIA A SEÑALIZACION,SEÑALIZACION DESOBEDECER SEÑAL CEDA EL PASO,REPUBLICA,ESPAÑA,ESPAÑA - REPUBLICA,0, , ,BIDIRECCIONAL CON BANDEJON,CONCRETO,BUENO,SECO,NUBLADO,0,0,0,1,12,121,12101,Magallanes y de la Antártica Chilena,Magallanes,Punta Arenas,Interseccion,"ESPAÑA & REPUBLICA, Punta Arenas",-53.156175,-70.909039
-7863178.02320747,-3964349.63120985,5478,2023,1555124,2023/08/26 00:00:00+00,Agosto,26,Sábado,1899/12/30 00:00:00+00,15:55:00,15,REGION METROPOLITANA,SAN JOAQUIN,COLISION LATERAL,COLISION,URBANA,CRUCE CON SEMAFORO FUNCIONANDO,IMPRUDENCIA DEL CONDUCTOR,CONDUCCION NO ATENTO CONDICIONES TRANSITO MOMENTO,LO OVALLE,VILNA,LO OVALLE - VILNA,0, , ,BIDIRECCIONAL CON BANDEJON,ASFALTO,BUENO,SECO,DESPEJADO,0,0,0,1,13,131,13129,Metropolitana de Santiago,Santiago,San Joaquín,Interseccion,"LO OVALLE & VILNA, San Joaquín",-33.518646,-70.63613
-7870999.99854755,-3973010.55301225,5479,2023,1530762,2023/05/15 00:00:00+00,Mayo,15,Lunes,1899/12/30 00:00:00+00,21:15:00,21,REGION METROPOLITANA,SAN BERNARDO,COLISION POR ALCANCE,COLISION,URBANA,CRUCE CON SEÑAL PARE,IMPRUDENCIA DEL CONDUCTOR,CONDUCCION SIN MANTENER DISTANCIA RAZONABLE NI PRUDENTE,AMERICA,MONTEVIDEO,AMERICA - MONTEVIDEO,0, , ,BIDIRECCIONAL,CONCRETO,REGULAR,SECO,DESPEJADO,0,0,0,0,13,134,13401,Metropolitana de Santiago,Maipo,San Bernardo,Interseccion,"AMERICA & MONTEVIDEO, San Bernardo",-33.583486,-70.706396
-8119378.60679832,-4385902.98680606,5480,2023,1554339,2023/08/26 00:00:00+00,Agosto,26,Sábado,1899/12/30 00:00:00+00,16:00:00,16,REGION BIO BIO,TOME,ATROPELLO,ATROPELLO,URBANA,TRAMO DE VIA CURVA VERTICAL,IMPRUDENCIA DEL PEATON,PEATON CRUZA CALZADA FORMA SORPRESIVA O DESCUIDADA,LAS ORQUIDEAS,LOS NARANJOS,LAS ORQUIDEAS - LOS NARANJOS,0, , ,BIDIRECCIONAL,CONCRETO,BUENO,SECO,DESPEJADO,0,1,0,0,08,081,08111,Biobío,Concepción,Tomé,Interseccion,"LAS ORQUIDEAS & LOS NARANJOS, Tomé",-36.617345,-72.937619
-8123957.17747692,-5082880.96293991,5481,2023,1555200,2023/08/26 00:00:00+00,Agosto,26,Sábado,1899/12/30 00:00:00+00,17:00:00,17,REGION LOS LAGOS,PUERTO MONTT,COLISION LATERAL,COLISION,URBANA,CRUCE SIN SEÑALIZACION,IMPRUDENCIA DEL CONDUCTOR,CONDUCCION NO ATENTO CONDICIONES TRANSITO MOMENTO,VOLCAN APAGADO,PADRE NELSON AGUILAR,PADRE NELSON AGUILAR - VOLCAN APAGADO,0, , ,BIDIRECCIONAL,ASFALTO,REGULAR,HUMEDO,DESPEJADO,0,0,0,1,10,101,10101,Los Lagos,Llanquihue,Puerto Montt,Interseccion,"PADRE NELSON AGUILAR & VOLCAN APAGADO, Puerto Montt",-41.476497,-72.978749