X,Y,FID,Año,IdAccident,Fecha,Mes,Dia_mes,Dia_semana,Hora,Hora_texto,Hora_aprox,Región,Comuna,Tipo_Accid,Tipo__CONA,Zona,Ubicación,Causa__CON,Causa_Acci,Calle_Uno,Calle_Dos,Intersecci,Número,Ruta,Ubicaci_1,Calzada,Tipo_Calza,Estado_Cal,Condición,Estado_Atm,Fallecidos,Graves,Menos_Grav,Leves,CUT_REG,CUT_PROV,CUT_COM,REGION,PROVINCIA,COMUNA1,Tipo_direc,Direccion,Lat,Lon
-7866371.44543986,-3958698.5565962,5482,2023,1549619,2023/05/15 00:00:00+00,Mayo,15,Lunes,1899/12/30 00:00:00+00,23:15:00,23,REGION METROPOLITANA,PEDRO AGUIRRE CERDA,COLISION LATERAL,COLISION,URBANA,TRAMO DE VIA RECTA,IMPRUDENCIA DEL CONDUCTOR,CONDUCCION NO ATENTO CONDICIONES TRANSITO MOMENTO,ISABEL RIQUELME,CLUB HIPICO,CLUB HIPICO - ISABEL RIQUELME,0, , ,BIDIRECCIONAL,ASFALTO,BUENO,SECO,NUBLADO,0,1,0,0,13,131,13121,Metropolitana de Santiago,Santiago,Pedro Aguirre Cerda,Interseccion,"CLUB HIPICO & ISABEL RIQUELME, Pedro Aguirre Cerda",-33.476313,-70.664817
-8117522.91084227,-5081702.65473494,5483,2023,1556879,2023/08/26 00:00:00+00,Agosto,26,Sábado,1899/12/30 00:00:00+00,18:35:00,18,REGION LOS LAGOS,PUERTO MONTT,COLISION PERPENDICULAR,COLISION,URBANA,CRUCE CON SEMAFORO FUNCIONANDO,DESOBEDIENCIA A SEÑALIZACION,SEÑALIZACION DESOBEDECER LUZ ROJA DE SEMAFORO,SERRANO,LOS DEPORTISTAS (EX REGIMIENTO),LOS DEPORTISTAS (EX REGIMIENTO) - SERRANO,0, , ,BIDIRECCIONAL,CONCRETO,BUENO,SECO,DESPEJADO,0,0,0,4,10,101,10101,Los Lagos,Llanquihue,Puerto Montt,Interseccion,"LOS DEPORTISTAS (EX REGIMIENTO) & SERRANO, Puerto Montt",-41.468566,-72.920949
-7855041.5703059,-3955554.57116322,5484,2023,1533640,2023/05/16 00:00:00+00,Mayo,16,Martes,1899/12/30 00:00:00+00,01:39:00,1,REGION METROPOLITANA,LA REINA,COLISION LATERAL,COLISION,URBANA,OTROS NO CONSIDERADOS,IMPRUDENCIA DEL CONDUCTOR,CONDUCCION NO ATENTO CONDICIONES TRANSITO MOMENTO,LARRAIN,ALMTE GOMEZ CARREÑO,ALMTE GOMEZ CARREÑO - LARRAIN,0, , ,BIDIRECCIONAL,CONCRETO,BUENO,SECO,DESPEJADO,0,0,0,1,13,131,13113,Metropolitana de Santiago,Santiago,La Reina,Interseccion,"ALMTE GOMEZ CARREÑO & LARRAIN, La Reina",-33.452752,-70.563039
-8025715.61171473,-4384570.23771611,5485,2023,1554590,2023/08/26 00:00:00+00,Agosto,26,Sábado,1899/12/30 00:00:00+00,19:10:00,19,REGION ÑUBLE,CHILLAN,COLISION PERPENDICULAR,COLISION,URBANA,CRUCE CON SEÑAL PARE,DESOBEDIENCIA A SEÑALIZACION,SEÑALIZACION DESOBEDECER LUZ INTERMITENTE SEMAFORO,LIBERTAD,INDEPENDENCIA,INDEPENDENCIA - LIBERTAD,0, , ,UNIDIRECCIONAL,CONCRETO,BUENO,MOJADO,LLUVIA,0,0,0,1,16,161,16101,Ñuble,Diguillín,Chillán,Interseccion,"INDEPENDENCIA & LIBERTAD, Chillán",-36.607735,-72.09623
-7836182.76832459,-2710228.28318026,5486,2023,1555035,2023/08/26 00:00:00+00,Agosto,26,Sábado,1899/12/30 00:00:00+00,19:40:00,19,REGION ANTOFAGASTA,ANTOFAGASTA,CHOQUE FRENTE/POSTERIOR,CHOQUE,URBANA,CRUCE CON SEMAFORO FUNCIONANDO,ALCOHOL EN CONDUCTOR,CONDUCCION EN ESTADO DE EBRIEDAD,ARGENTINA,ALMIRANTE JUAN JOSE LATORRE,ALMIRANTE JUAN JOSE LATORRE - ARGENTINA,0, , ,BIDIRECCIONAL,ASFALTO,BUENO,SECO,DESPEJADO,0,0,0,0,02,021,02101,Antofagasta,Antofagasta,Antofagasta,Interseccion,"ALMIRANTE JUAN JOSE LATORRE & ARGENTINA, Antofagasta",-23.645158,-70.393627
-7850098.98491468,-3942231.50176082,5487,2023,1546948,2023/07/18 00:00:00+00,Julio,18,Martes,1899/12/30 00:00:00+00,08:30:00,8,REGION METROPOLITANA,LO BARNECHEA,COLISION LATERAL,COLISION,URBANA,TRAMO DE VIA RECTA,IMPRUDENCIA DEL CONDUCTOR,CONDUCCION SIN MANTENER DISTANCIA RAZONABLE NI PRUDENTE,LA DEHESA,EL RODEO,EL RODEO - LA DEHESA,0, , ,BIDIRECCIONAL,ASFALTO,BUENO,SECO,DESPEJADO,0,0,0,1,13,131,13115,Metropolitana de Santiago,Santiago,Lo Barnechea,Interseccion,"EL RODEO & LA DEHESA, Lo Barnechea",-33.352838,-70.518639
-7866409.95085173,-3967675.35638403,5488,2023,1545588,2023/07/18 00:00:00+00,Julio,18,Martes,1899/12/30 00:00:00+00,10:00:00,10,REGION METROPOLITANA,EL BOSQUE,COLISION LATERAL,COLISION,URBANA,CRUCE CON SEÑAL PARE,DESOBEDIENCIA A SEÑALIZACION,SEÑALIZACION DESOBEDECER SEÑAL PARE,CAP AVALOS,LOS MORROS,CAP AVALOS - LOS MORROS,0, , ,BIDIRECCIONAL CON BANDEJON,CONCRETO,BUENO,SECO,DESPEJADO,0,0,0,1,13,131,13105,Metropolitana de Santiago,Santiago,El Bosque,Interseccion,"CAP AVALOS & LOS MORROS, El Bosque",-33.54355,-70.665163
-7868803.33103573,-3956484.82748064,5489,2023,1532171,2023/05/16 00:00:00+00,Mayo,16,Martes,1899/12/30 00:00:00+00,04:00:00,4,REGION METROPOLITANA,ESTACION CENTRAL,COLISION LATERAL,COLISION,URBANA,TRAMO DE VIA RECTA,IMPRUDENCIA DEL CONDUCTOR,CONDUCCION NO ATENTO CONDICIONES TRANSITO MOMENTO,RUIZ TAGLE,BERNAL DEL MERCADO,BERNAL DEL MERCADO - RUIZ TAGLE,0, , ,UNIDIRECCIONAL,ASFALTO,BUENO,SECO,DESPEJADO,0,0,0,0,13,131,13106,Metropolitana de Santiago,Santiago,Estación Central,Interseccion,"BERNAL DEL MERCADO & RUIZ TAGLE, Estación Central",-33.459724,-70.686663
-7853839.31980534,-3957774.39427016,5490,2023,1546669,2023/07/18 00:00:00+00,Julio,18,Martes,1899/12/30 00:00:00+00,10:30:00,10,REGION METROPOLITANA,PEÑALOLEN,COLISION FRONTAL,COLISION,URBANA,CRUCE CON SEMAFORO FUNCIONANDO,IMPRUDENCIA DEL CONDUCTOR,CONDUCCION CONTRA SENTIDO DEL TRANSITO,TOBALABA,ORIENTAL,ORIENTAL - TOBALABA,0, , ,BIDIRECCIONAL,CONCRETO,BUENO,SECO,NUBLADO,0,0,0,1,13,131,13122,Metropolitana de Santiago,Santiago,Peñalolén,Interseccion,"ORIENTAL & TOBALABA, Peñalolén",-33.469388,-70.552239
-7866770.19185588,-3954946.98284729,5491,2023,1531711,2023/05/16 00:00:00+00,Mayo,16,Martes,1899/12/30 00:00:00+00,07:30:00,7,REGION METROPOLITANA,SANTIAGO,COLISION LATERAL,COLISION,URBANA,TRAMO DE VIA RECTA,IMPRUDENCIA DEL CONDUCTOR,CONDUCCION CAMBIAR SORPRESIVAMENTE PISTA CIRCULACION,LIBER BERNARDO O'HIGGINS,REPUBLICA,LIBER BERNARDO O'HIGGINS - REPUBLICA,0, , ,UNIDIRECCIONAL,CONCRETO,BUENO,SECO,DESPEJADO,0,0,0,0,13,131,13101,Metropolitana de Santiago,Santiago,Santiago,Interseccion,"LIBER BERNARDO O'HIGGINS & REPUBLICA, Santiago",-33.448198,-70.668399
-7965515.70086383,-3897515.64129413,5492,2023,1545567,2023/07/18 00:00:00+00,Julio,18,Martes,1899/12/30 00:00:00+00,16:15:00,16,REGION VALPARAISO,VIÑA DEL MAR,COLISION POR ALCANCE,COLISION,URBANA,TRAMO DE VIA RECTA,IMPRUDENCIA DEL CONDUCTOR,CONDUCCION NO ATENTO CONDICIONES TRANSITO MOMENTO,4 PONIENTE,6 NORTE,4 PONIENTE - 6 NORTE,0, , ,UNIDIRECCIONAL,CONCRETO,BUENO,SECO,DESPEJADO,0,1,0,0,05,051,05109,Valparaíso,Valparaíso,Viña del Mar,Interseccion,"4 PONIENTE & 6 NORTE, Viña del Mar",-33.016661,-71.555445
-7940889.82578292,-3503540.84569879,5493,2023,1531811,2023/05/16 00:00:00+00,Mayo,16,Martes,1899/12/30 00:00:00+00,08:00:00,8,REGION COQUIMBO,COQUIMBO,ATROPELLO,ATROPELLO,URBANA,CRUCE SIN SEÑALIZACION,IMPRUDENCIA DEL PEATON,PEATON CRUZA CAMINO O CARRETERA SIN ADOPTAR PRECAUCIONES,EL SAUCE,PORTUGAL SUR,EL SAUCE - PORTUGAL SUR,0, , ,BIDIRECCIONAL,ASFALTO,BUENO,SECO,NUBLADO,0,0,1,0,04,041,04102,Coquimbo,Elqui,Coquimbo,Interseccion,"EL SAUCE & PORTUGAL SUR, Coquimbo",-29.99993,-71.334227
-7858217.62669773,-3962609.14801251,5494,2023,1548656,2023/07/18 00:00:00+00,Julio,18,Martes,1899/12/30 00:00:00+00,17:10:00,17,REGION METROPOLITANA,MACUL,VOLCADURA,VOLCADURA,URBANA,TRAMO DE VIA RECTA,VELOCIDAD IMPRUDENTE,VELOCIDAD NO RAZONABLE NI PRUDENTE,MACUL,CAMILO ORTUZAR,CAMILO ORTUZAR - MACUL,0, , ,BIDIRECCIONAL,CONCRETO,BUENO,SECO,DESPEJADO,0,0,0,1,13,131,13118,Metropolitana de Santiago,Santiago,Macul,Interseccion,"CAMILO ORTUZAR & MACUL, Macul",-33.50561,-70.59157
-7674962.59036452,-2565810.592438,5495,2023,1554173,2023/08/26 00:00:00+00,Agosto,26,Sábado,1899/12/30 00:00:00+00,20:50:00,20,REGION ANTOFAGASTA,CALAMA,COLISION,COLISION,URBANA,CRUCE CON SEÑAL PARE,DESOBEDIENCIA A SEÑALIZACION,SEÑALIZACION DESOBEDECER SEÑAL PARE,ARAUCO,ALONSO DE ERCILLA,ALONSO DE ERCILLA - ARAUCO,0, , ,BIDIRECCIONAL,ASFALTO,BUENO,SECO,DESPEJADO,0,0,0,1,02,022,02201,Antofagasta,El Loa,Calama,Interseccion,"ALONSO DE ERCILLA & ARAUCO, Calama",-22.45142,-68.945362
-7860895.19440978,-3961998.11848337,5496,2023,1531375,2023/05/16 00:00:00+00,Mayo,16,Martes,1899/12/30 00:00:00+00,09:15:00,9,REGION METROPOLITANA,SAN JOAQUIN,COLISION PERPENDICULAR,COLISION,URBANA,CRUCE CON SEMAFORO FUNCIONANDO,DESOBEDIENCIA A SEÑALIZACION,SEÑALIZACION DESOBEDECER LUZ ROJA DE SEMAFORO,VICUÑA MACKENNA,CAP PRAT,CAP PRAT - VICUÑA MACKENNA,0, , ,BIDIRECCIONAL CON BANDEJON,ASFALTO,BUENO,SECO,DESPEJADO,0,0,1,1,13,131,13129,Metropolitana de Santiago,Santiago,San Joaquín,Interseccion,"CAP PRAT & VICUÑA MACKENNA, San Joaquín",-33.501033,-70.615623
-7860895.19440978,-3961998.11848337,5497,2023,1533295,2023/05/16 00:00:00+00,Mayo,16,Martes,1899/12/30 00:00:00+00,09:15:00,9,REGION METROPOLITANA,SAN JOAQUIN,COLISION PERPENDICULAR,COLISION,URBANA,CRUCE CON SEMAFORO FUNCIONANDO,DESOBEDIENCIA A SEÑALIZACION,SEÑALIZACION DESOBEDECER LUZ ROJA DE SEMAFORO,VICUÑA MACKENNA,CAP PRAT,CAP PRAT - VICUÑA MACKENNA,0, , ,BIDIRECCIONAL CON BANDEJON,ASFALTO,BUENO,SECO,DESPEJADO,0,0,1,1,13,131,13129,Metropolitana de Santiago,Santiago,San Joaquín,Interseccion,"CAP PRAT & VICUÑA MACKENNA, San Joaquín",-33.501033,-70.615623
-7966974.76547419,-3913079.96352828,5498,2023,1546850,2023/07/18 00:00:00+00,Julio,18,Martes,1899/12/30 00:00:00+00,17:10:00,17,REGION VALPARAISO,VALPARAISO,COLISION LATERAL,COLISION,URBANA,TRAMO DE VIA RECTA,IMPRUDENCIA DEL CONDUCTOR,CONDUCCION SIN MANTENER DISTANCIA RAZONABLE NI PRUDENTE,LOMAS DE LA LUZ,PUERTA DEL SOL,LOMAS DE LA LUZ - PUERTA DEL SOL,0, , ,BIDIRECCIONAL,CONCRETO,BUENO,SECO,DESPEJADO,0,0,0,0,05,051,05101,Valparaíso,Valparaíso,Valparaíso,Interseccion,"LOMAS DE LA LUZ & PUERTA DEL SOL, Valparaíso",-33.133821,-71.568552
-7940932.20513533,-3501104.09031864,5499,2023,1546074,2023/07/18 00:00:00+00,Julio,18,Martes,1899/12/30 00:00:00+00,19:30:00,19,REGION COQUIMBO,COQUIMBO,COLISION PERPENDICULAR,COLISION,URBANA,CRUCE SIN SEÑALIZACION,IMPRUDENCIA DEL CONDUCTOR,VIRAJES INDEBIDOS,CIRCUNVALACION SALVADOR ALLENDE,PRESIDENTE ARTURO ALESSANDRI,CIRCUNVALACION SALVADOR ALLENDE - PRESIDENTE ARTURO ALESSANDRI,0, , ,BIDIRECCIONAL CON BANDEJON,ASFALTO,BUENO,SECO,DESPEJADO,0,0,0,1,04,041,04102,Coquimbo,Elqui,Coquimbo,Interseccion,"CIRCUNVALACION SALVADOR ALLENDE & PRESIDENTE ARTURO ALESSANDRI, Coquimbo",-29.980971,-71.334608
-8149082.43176013,-4842216.63703384,5500,2023,1554739,2023/08/26 00:00:00+00,Agosto,26,Sábado,1899/12/30 00:00:00+00,21:30:00,21,REGION DE LOS RIOS,VALDIVIA,COLISION FRONTAL,COLISION,URBANA,CRUCE CON SEÑAL PARE,IMPRUDENCIA DEL CONDUCTOR,CONDUCCION NO ATENTO CONDICIONES TRANSITO MOMENTO,BALTAZAR MEJIAS,MARTINEZ DE ROZAS,BALTAZAR MEJIAS - MARTINEZ DE ROZAS,0, , ,BIDIRECCIONAL,CONCRETO,BUENO,SECO,DESPEJADO,0,0,0,1,14,141,14101,Los Ríos,Valdivia,Valdivia,Interseccion,"BALTAZAR MEJIAS & MARTINEZ DE ROZAS, Valdivia",-39.836537,-73.204453
-7871957.44631139,-3861406.39604339,5501,2023,1555492,2023/08/26 00:00:00+00,Agosto,26,Sábado,1899/12/30 00:00:00+00,23:18:00,23,REGION VALPARAISO,SAN FELIPE,CHOQUE LATERAL,CHOQUE,URBANA,CRUCE CON SEÑAL PARE,DESOBEDIENCIA A SEÑALIZACION,SEÑALIZACION DESOBEDECER SEÑAL PARE,HERMANOS CARRERA,GUILLERMO ECHEVERRIA,GUILLERMO ECHEVERRIA - HERMANOS CARRERA,0, , ,BIDIRECCIONAL,ASFALTO,BUENO,SECO,DESPEJADO,0,0,0,1,05,057,05701,Valparaíso,San Felipe de Aconcagua,San Felipe,Interseccion,"GUILLERMO ECHEVERRIA & HERMANOS CARRERA, San Felipe",-32.74425,-70.714997
-7861474.61235936,-3956175.66773511,5502,2023,1533143,2023/05/16 00:00:00+00,Mayo,16,Martes,1899/12/30 00:00:00+00,12:00:00,12,REGION METROPOLITANA,ÑUÑOA,COLISION POR ALCANCE,COLISION,URBANA,CRUCE CON SEÑAL PARE,IMPRUDENCIA DEL CONDUCTOR,CONDUCCION SIN MANTENER DISTANCIA RAZONABLE NI PRUDENTE,SALVADOR,CRESCENTE ERRAZURIZ,CRESCENTE ERRAZURIZ - SALVADOR,0, , ,BIDIRECCIONAL,CONCRETO,BUENO,SECO,DESPEJADO,0,0,0,1,13,131,13120,Metropolitana de Santiago,Santiago,Ñuñoa,Interseccion,"CRESCENTE ERRAZURIZ & SALVADOR, Ñuñoa",-33.457407,-70.620828
-7872877.1791208,-3963204.05508589,5503,2023,1554149,2023/08/27 00:00:00+00,Agosto,27,Domingo,1899/12/30 00:00:00+00,04:00:00,4,REGION METROPOLITANA,CERRILLOS,COLISION POR ALCANCE,COLISION,URBANA,CRUCE CON SEÑAL CEDA EL PASO,IMPRUDENCIA DEL CONDUCTOR,CONDUCCION NO ATENTO CONDICIONES TRANSITO MOMENTO,CAMINO A MELIPILLA,AMERICO VESPUCIO,AMERICO VESPUCIO - CAMINO A MELIPILLA,0, , ,BIDIRECCIONAL,ASFALTO,BUENO,SECO,NUBLADO,0,0,0,1,13,131,13102,Metropolitana de Santiago,Santiago,Cerrillos,Interseccion,"AMERICO VESPUCIO & CAMINO A MELIPILLA, Cerrillos",-33.510066,-70.723259
-7931576.02452861,-3489456.03025582,5504,2023,1531621,2023/05/16 00:00:00+00,Mayo,16,Martes,1899/12/30 00:00:00+00,12:40:00,12,REGION COQUIMBO,LA SERENA,VOLCADURA,VOLCADURA,URBANA,CRUCE CON SEÑAL PARE,IMPRUDENCIA DEL CONDUCTOR,CONDUCCION NO ATENTO CONDICIONES TRANSITO MOMENTO,ISLON,OSCAR QUIROZ MORGADO,ISLON - OSCAR QUIROZ MORGADO,0, , ,BIDIRECCIONAL,ASFALTO,BUENO,SECO,DESPEJADO,0,0,0,1,04,041,04101,Coquimbo,Elqui,La Serena,Interseccion,"ISLON & OSCAR QUIROZ MORGADO, La Serena",-29.890295,-71.25056
-7970772.8751583,-4280226.55777635,5505,2023,1554615,2023/08/27 00:00:00+00,Agosto,27,Domingo,1899/12/30 00:00:00+00,04:50:00,4,REGION MAULE,LINARES,VOLCADURA,VOLCADURA,URBANA,TRAMO DE VIA RECTA,VELOCIDAD IMPRUDENTE,VELOCIDAD NO RAZONABLE NI PRUDENTE,RENGO,FREIRE,FREIRE - RENGO,0, , ,UNIDIRECCIONAL,ASFALTO,BUENO,SECO,DESPEJADO,1,0,0,0,07,074,07401,Maule,Linares,Linares,Interseccion,"FREIRE & RENGO, Linares",-35.851641,-71.602671
-7978934.70890377,-4225483.48180617,5506,2023,1546317,2023/07/19 00:00:00+00,Julio,19,Miércoles,1899/12/30 00:00:00+00,12:25:00,12,REGION MAULE,MAULE,COLISION LATERAL,COLISION,URBANA,CRUCE CON SEÑAL CEDA EL PASO,DESOBEDIENCIA A SEÑALIZACION,SEÑALIZACION DESOBEDECER SEÑAL CEDA EL PASO,1 1/2 PONIENTE,33 SUR,1 1/2 PONIENTE - 33 SUR,0, , ,BIDIRECCIONAL,CONCRETO,BUENO,SECO,NUBLADO,0,0,0,0,07,071,07105,Maule,Talca,Maule,Interseccion,"1 1/2 PONIENTE & 33 SUR, Maule",-35.452047,-71.67599
-7963192.01781301,-3893038.0274371,5507,2023,1531319,2023/05/16 00:00:00+00,Mayo,16,Martes,1899/12/30 00:00:00+00,14:23:00,14,REGION VALPARAISO,VIÑA DEL MAR,COLISION LATERAL,COLISION,URBANA,CRUCE SIN SEÑALIZACION,IMPRUDENCIA DEL CONDUCTOR,CONDUCCION NO ATENTO CONDICIONES TRANSITO MOMENTO,ANABAENA,JARDIN DEL MAR,ANABAENA - JARDIN DEL MAR,0, , ,BIDIRECCIONAL,ASFALTO,BUENO,HUMEDO,NUBLADO,0,0,0,1,05,051,05109,Valparaíso,Valparaíso,Viña del Mar,Interseccion,"ANABAENA & JARDIN DEL MAR, Viña del Mar",-32.982927,-71.534571
-7861936.92220462,-3963616.4761062,5508,2023,1547136,2023/07/19 00:00:00+00,Julio,19,Miércoles,1899/12/30 00:00:00+00,16:00:00,16,REGION METROPOLITANA,SAN JOAQUIN,COLISION LATERAL,COLISION,URBANA,TRAMO DE VIA RECTA,IMPRUDENCIA DEL CONDUCTOR,CONDUCCION NO ATENTO CONDICIONES TRANSITO MOMENTO,LAS INDUSTRIAS,POMPEYA,LAS INDUSTRIAS - POMPEYA,0, , ,BIDIRECCIONAL CON BANDEJON,ASFALTO,BUENO,SECO,DESPEJADO,0,0,0,1,13,131,13129,Metropolitana de Santiago,Santiago,San Joaquín,Interseccion,"LAS INDUSTRIAS & POMPEYA, San Joaquín",-33.513155,-70.624981
-7963192.01781301,-3893038.0274371,5509,2023,1532116,2023/05/16 00:00:00+00,Mayo,16,Martes,1899/12/30 00:00:00+00,14:25:00,14,REGION VALPARAISO,VIÑA DEL MAR,COLISION LATERAL,COLISION,URBANA,CRUCE SIN SEÑALIZACION,IMPRUDENCIA DEL CONDUCTOR,CONDUCCION NO ATENTO CONDICIONES TRANSITO MOMENTO,ANABAENA,JARDIN DEL MAR,ANABAENA - JARDIN DEL MAR,0, , ,BIDIRECCIONAL,ASFALTO,BUENO,HUMEDO,NUBLADO,0,0,0,1,05,051,05109,Valparaíso,Valparaíso,Viña del Mar,Interseccion,"ANABAENA & JARDIN DEL MAR, Viña del Mar",-32.982927,-71.534571
-7861936.92220462,-3963616.4761062,5510,2023,1547141,2023/07/19 00:00:00+00,Julio,19,Miércoles,1899/12/30 00:00:00+00,16:00:00,16,REGION METROPOLITANA,SAN JOAQUIN,COLISION LATERAL,COLISION,URBANA,TRAMO DE VIA RECTA,IMPRUDENCIA DEL CONDUCTOR,CONDUCCION NO ATENTO CONDICIONES TRANSITO MOMENTO,LAS INDUSTRIAS,POMPEYA,LAS INDUSTRIAS - POMPEYA,0, , ,BIDIRECCIONAL,CONCRETO,BUENO,SECO,DESPEJADO,0,0,0,1,13,131,13129,Metropolitana de Santiago,Santiago,San Joaquín,Interseccion,"LAS INDUSTRIAS & POMPEYA, San Joaquín",-33.513155,-70.624981
-8136218.68534027,-4407550.35421848,5511,2023,1531202,2023/05/16 00:00:00+00,Mayo,16,Martes,1899/12/30 00:00:00+00,15:45:00,15,REGION BIO BIO,TALCAHUANO,COLISION,COLISION,URBANA,CRUCE SIN SEÑALIZACION,IMPRUDENCIA DEL CONDUCTOR,NO RESPETAR DERECHO PREFERENTE DE PASO A VEHICULO,2 PONIENTE,12 NORTE,12 NORTE - 2 PONIENTE,0, , ,BIDIRECCIONAL,CONCRETO,BUENO,SECO,DESPEJADO,0,0,0,1,08,081,08110,Biobío,Concepción,Talcahuano,Interseccion,"12 NORTE & 2 PONIENTE, Talcahuano",-36.773269,-73.088896
-7871033.08270022,-3974191.52804828,5512,2023,1546900,2023/07/19 00:00:00+00,Julio,19,Miércoles,1899/12/30 00:00:00+00,17:00:00,17,REGION METROPOLITANA,SAN BERNARDO,COLISION LATERAL,COLISION,URBANA,CRUCE CON SEMAFORO FUNCIONANDO,IMPRUDENCIA DEL CONDUCTOR,VIRAJES INDEBIDOS,FREIRE,ARTURO PRAT,ARTURO PRAT - FREIRE,0, , ,UNIDIRECCIONAL,ASFALTO,BUENO,SECO,DESPEJADO,0,0,0,1,13,134,13401,Metropolitana de Santiago,Maipo,San Bernardo,Interseccion,"ARTURO PRAT & FREIRE, San Bernardo",-33.592324,-70.706693
-7806645.57751968,-2302010.93678934,5513,2023,1554564,2023/08/27 00:00:00+00,Agosto,27,Domingo,1899/12/30 00:00:00+00,13:41:00,13,REGION TARAPACA,IQUIQUE,COLISION,COLISION,URBANA,TRAMO DE VIA RECTA,ALCOHOL EN CONDUCTOR,CONDUCCION EN ESTADO DE EBRIEDAD,MANUEL CASTRO RAMOS,LA TIRANA,LA TIRANA - MANUEL CASTRO RAMOS,0, , ,BIDIRECCIONAL,ASFALTO,BUENO,SECO,DESPEJADO,0,0,0,0,01,011,01101,Tarapacá,Iquique,Iquique,Interseccion,"LA TIRANA & MANUEL CASTRO RAMOS, Iquique",-20.244441,-70.12829
-7861220.02468391,-3953686.94582878,5514,2023,1532660,2023/05/16 00:00:00+00,Mayo,16,Martes,1899/12/30 00:00:00+00,18:10:00,18,REGION METROPOLITANA,PROVIDENCIA,COLISION LATERAL,COLISION,URBANA,TRAMO DE VIA RECTA,IMPRUDENCIA DEL CONDUCTOR,CONDUCCION NO ATENTO CONDICIONES TRANSITO MOMENTO,ARTURO CLARO,JOSE MIGUEL CLARO,ARTURO CLARO - JOSE MIGUEL CLARO,0, , ,UNIDIRECCIONAL,ASFALTO,REGULAR,SECO,DESPEJADO,0,1,0,0,13,131,13123,Metropolitana de Santiago,Santiago,Providencia,Interseccion,"ARTURO CLARO & JOSE MIGUEL CLARO, Providencia",-33.438753,-70.618541
-7874952.57820725,-3959651.23635988,5515,2023,1548801,2023/07/19 00:00:00+00,Julio,19,Miércoles,1899/12/30 00:00:00+00,17:13:00,17,REGION METROPOLITANA,MAIPU,VOLCADURA,VOLCADURA,URBANA,TRAMO DE VIA RECTA,VELOCIDAD IMPRUDENTE,VELOCIDAD NO RAZONABLE NI PRUDENTE,ISABEL RIQUELME,SEGUNDA TRANSVERSAL,ISABEL RIQUELME - SEGUNDA TRANSVERSAL,0, , ,BIDIRECCIONAL,ASFALTO,BUENO,SECO,DESPEJADO,0,0,0,1,13,131,13119,Metropolitana de Santiago,Santiago,Maipú,Interseccion,"ISABEL RIQUELME & SEGUNDA TRANSVERSAL, Maipú",-33.483451,-70.741903
-7973914.74094851,-4224077.77958653,5516,2023,1554670,2023/08/27 00:00:00+00,Agosto,27,Domingo,1899/12/30 00:00:00+00,15:30:00,15,REGION MAULE,TALCA,COLISION LATERAL,COLISION,URBANA,CRUCE CON SEÑAL CEDA EL PASO,DESOBEDIENCIA A SEÑALIZACION,SEÑALIZACION DESOBEDECER SEÑAL CEDA EL PASO,8 SUR,31 ORIENTE,31 ORIENTE - 8 SUR,0, , ,BIDIRECCIONAL,ASFALTO,BUENO,SECO,DESPEJADO,0,0,0,1,07,071,07101,Maule,Talca,Talca,Interseccion,"31 ORIENTE & 8 SUR, Talca",-35.44176,-71.630895
-7885296.70506813,-3951937.66281269,5517,2023,1546179,2023/07/19 00:00:00+00,Julio,19,Miércoles,1899/12/30 00:00:00+00,18:15:00,18,REGION METROPOLITANA,PUDAHUEL,COLISION FRONTAL,COLISION,URBANA,CRUCE CON SEÑAL PARE,DESOBEDIENCIA A SEÑALIZACION,SEÑALIZACION DESOBEDECER SEÑAL PARE,BILBAO,CAMINO A NOVICIADO,BILBAO - CAMINO A NOVICIADO,0, , ,BIDIRECCIONAL,ASFALTO,REGULAR,SECO,DESPEJADO,0,0,0,0,13,131,13124,Metropolitana de Santiago,Santiago,Pudahuel,Interseccion,"BILBAO & CAMINO A NOVICIADO, Pudahuel",-33.425639,-70.834825
-8121504.2523971,-4799210.64850403,5518,2023,1554361,2023/08/27 00:00:00+00,Agosto,27,Domingo,1899/12/30 00:00:00+00,16:00:00,16,REGION DE LOS RIOS,MARIQUINA,COLISION,COLISION,URBANA,TRAMO DE VIA RECTA,IMPRUDENCIA DEL CONDUCTOR,ADELANTAMIENTO SIN EL ESPACIO O TIEMPO SUFICIENTE,MARIQUINA,LOS JAZMINES,LOS JAZMINES - MARIQUINA,0, , ,UNIDIRECCIONAL,CONCRETO,REGULAR,HUMEDO,NUBLADO,0,1,0,1,14,141,14106,Los Ríos,Valdivia,Mariquina,Interseccion,"LOS JAZMINES & MARIQUINA, Mariquina",-39.539244,-72.956714
-7874992.36076537,-3950509.91350335,5519,2023,1534709,2023/05/16 00:00:00+00,Mayo,16,Martes,1899/12/30 00:00:00+00,19:30:00,19,REGION METROPOLITANA,CERRO NAVIA,COLISION,COLISION,URBANA,CRUCE SIN SEÑALIZACION,IMPRUDENCIA DEL CONDUCTOR,ADELANTAMIENTO SIN EL ESPACIO O TIEMPO SUFICIENTE,HUELEN,LA CAPILLA,HUELEN - LA CAPILLA,0, , ,BIDIRECCIONAL,ASFALTO,BUENO,SECO,DESPEJADO,0,0,0,0,13,131,13103,Metropolitana de Santiago,Santiago,Cerro Navia,Interseccion,"HUELEN & LA CAPILLA, Cerro Navia",-33.414934,-70.74226
-8118155.98478641,-5082044.64789116,5520,2023,1556906,2023/08/27 00:00:00+00,Agosto,27,Domingo,1899/12/30 00:00:00+00,19:30:00,19,REGION LOS LAGOS,PUERTO MONTT,CHOQUE FRENTE/POSTERIOR,CHOQUE,URBANA,CRUCE CON SEMAFORO FUNCIONANDO,ALCOHOL EN CONDUCTOR,CONDUCCION EN ESTADO DE EBRIEDAD,MARATHON,EGAÑA,EGAÑA - MARATHON,0, , ,BIDIRECCIONAL CON BANDEJON,CONCRETO,BUENO,MOJADO,NEBLINA,0,0,0,0,10,101,10101,Los Lagos,Llanquihue,Puerto Montt,Interseccion,"EGAÑA & MARATHON, Puerto Montt",-41.470868,-72.926636