X,Y,FID,Año,IdAccident,Fecha,Mes,Dia_mes,Dia_semana,Hora,Hora_texto,Hora_aprox,Región,Comuna,Tipo_Accid,Tipo__CONA,Zona,Ubicación,Causa__CON,Causa_Acci,Calle_Uno,Calle_Dos,Intersecci,Número,Ruta,Ubicaci_1,Calzada,Tipo_Calza,Estado_Cal,Condición,Estado_Atm,Fallecidos,Graves,Menos_Grav,Leves,CUT_REG,CUT_PROV,CUT_COM,REGION,PROVINCIA,COMUNA1,Tipo_direc,Direccion,Lat,Lon
-8061755.85345651,-4208410.86611402,5521,2023,1546652,2023/07/19 00:00:00+00,Julio,19,Miércoles,1899/12/30 00:00:00+00,19:52:00,19,REGION MAULE,CONSTITUCION,COLISION POR ALCANCE,COLISION,URBANA,TRAMO DE VIA RECTA,IMPRUDENCIA DEL CONDUCTOR,CONDUCCION SIN MANTENER DISTANCIA RAZONABLE NI PRUDENTE,ENRIQUE MAC IVER,SANTA MARIA,ENRIQUE MAC IVER - SANTA MARIA,0, , ,BIDIRECCIONAL,ASFALTO,BUENO,SECO,DESPEJADO,0,0,0,1,07,071,07102,Maule,Talca,Constitución,Interseccion,"ENRIQUE MAC IVER & SANTA MARIA, Constitución",-35.327018,-72.419985
-7970539.19330549,-3967456.47694354,5522,2023,1532719,2023/05/16 00:00:00+00,Mayo,16,Martes,1899/12/30 00:00:00+00,19:35:00,19,REGION VALPARAISO,CARTAGENA,COLISION LATERAL,COLISION,URBANA,TRAMO DE VIA RECTA,IMPRUDENCIA DEL CONDUCTOR,VIRAJES INDEBIDOS,IGNACIO CARRERA PINTO,CHILOE,CHILOE - IGNACIO CARRERA PINTO,0, , ,BIDIRECCIONAL,ASFALTO,REGULAR,SECO,DESPEJADO,0,0,0,1,05,056,05603,Valparaíso,San Antonio,Cartagena,Interseccion,"CHILOE & IGNACIO CARRERA PINTO, Cartagena",-33.541911,-71.600572
-8056994.38493247,-4504846.48763921,5523,2023,1555196,2023/08/27 00:00:00+00,Agosto,27,Domingo,1899/12/30 00:00:00+00,20:00:00,20,REGION BIO BIO,LOS ANGELES,COLISION LATERAL,COLISION,URBANA,TRAMO DE VIA RECTA,IMPRUDENCIA DEL CONDUCTOR,CONDUCCION NO ATENTO CONDICIONES TRANSITO MOMENTO,COSTANERA,PADRE HURTADO,COSTANERA - PADRE HURTADO,0, , ,BIDIRECCIONAL,CONCRETO,BUENO,SECO,DESPEJADO,0,0,0,0,08,083,08301,Biobío,Biobío,Los Angeles,Interseccion,"COSTANERA & PADRE HURTADO, Los Angeles",-37.470169,-72.377212
-7863067.81691159,-3953481.6441647,5524,2023,1546479,2023/07/19 00:00:00+00,Julio,19,Miércoles,1899/12/30 00:00:00+00,20:45:00,20,REGION METROPOLITANA,PROVIDENCIA,VOLCADURA,VOLCADURA,URBANA,TRAMO DE VIA RECTA,IMPRUDENCIA DEL CONDUCTOR,CONDUCCION NO ATENTO CONDICIONES TRANSITO MOMENTO,VICUÑA MACKENNA,PROVIDENCIA,PROVIDENCIA - VICUÑA MACKENNA,0, , ,BIDIRECCIONAL,ASFALTO,BUENO,SECO,DESPEJADO,0,0,0,1,13,131,13123,Metropolitana de Santiago,Santiago,Providencia,Interseccion,"PROVIDENCIA & VICUÑA MACKENNA, Providencia",-33.437214,-70.63514
-7965956.53714592,-3910843.22303409,5525,2023,1571198,2023/07/19 00:00:00+00,Julio,19,Miércoles,1899/12/30 00:00:00+00,21:15:00,21,REGION VALPARAISO,VALPARAISO,COLISION FRONTAL,COLISION,URBANA,CRUCE CON SEÑAL PARE,DESOBEDIENCIA A SEÑALIZACION,SEÑALIZACION DESOBEDECER SEÑAL PARE,PRIMERA DEL SUR,BERNARDO O'HIGGINS,BERNARDO O'HIGGINS - PRIMERA DEL SUR,0, , ,BIDIRECCIONAL,CONCRETO,BUENO,SECO,DESPEJADO,0,1,0,0,05,051,05101,Valparaíso,Valparaíso,Valparaíso,Interseccion,"BERNARDO O'HIGGINS & PRIMERA DEL SUR, Valparaíso",-33.116994,-71.559405
-7872755.05059651,-3863161.97662777,5526,2023,1555546,2023/08/28 00:00:00+00,Agosto,28,Lunes,1899/12/30 00:00:00+00,00:00:00,0,REGION VALPARAISO,SAN FELIPE,COLISION LATERAL,COLISION,URBANA,CRUCE CON SEÑAL CEDA EL PASO,IMPRUDENCIA DEL CONDUCTOR,CONDUCCION CAMBIAR SORPRESIVAMENTE PISTA CIRCULACION,12 DE FEBRERO,5 DE ABRIL,12 DE FEBRERO - 5 DE ABRIL,0, , ,BIDIRECCIONAL,ASFALTO,BUENO,SECO,DESPEJADO,0,1,0,0,05,057,05701,Valparaíso,San Felipe de Aconcagua,San Felipe,Interseccion,"12 DE FEBRERO & 5 DE ABRIL, San Felipe",-32.757513,-70.722162
-7835215.93636107,-2706350.97698382,5527,2023,1533437,2023/05/16 00:00:00+00,Mayo,16,Martes,1899/12/30 00:00:00+00,21:00:00,21,REGION ANTOFAGASTA,ANTOFAGASTA,COLISION PERPENDICULAR,COLISION,URBANA,CRUCE CON SEÑAL PARE,IMPRUDENCIA DEL CONDUCTOR,CONDUCCION NO ATENTO CONDICIONES TRANSITO MOMENTO,ISABEL RIQUELME,AZAPA,AZAPA - ISABEL RIQUELME,0, , ,BIDIRECCIONAL CON BANDEJON,ASFALTO,BUENO,SECO,DESPEJADO,0,0,0,1,02,021,02101,Antofagasta,Antofagasta,Antofagasta,Interseccion,"AZAPA & ISABEL RIQUELME, Antofagasta",-23.613248,-70.384942
-7930608.88089278,-3491465.07980072,5528,2023,1555423,2023/08/28 00:00:00+00,Agosto,28,Lunes,1899/12/30 00:00:00+00,07:35:00,7,REGION COQUIMBO,LA SERENA,COLISION PERPENDICULAR,COLISION,URBANA,CRUCE CON SEÑAL CEDA EL PASO,VELOCIDAD IMPRUDENTE,"VELOCIDAD NO REDUCIR CRUCE DE CALLES, CUMBRE, CURVA, ETC.",LAUTARO,CASTRO,CASTRO - LAUTARO,0, , ,BIDIRECCIONAL,ASFALTO,BUENO,SECO,DESPEJADO,0,1,0,0,04,041,04101,Coquimbo,Elqui,La Serena,Interseccion,"CASTRO & LAUTARO, La Serena",-29.90594,-71.241872
-8132992.08992189,-4411063.77380454,5529,2023,1546057,2023/07/20 00:00:00+00,Julio,20,Jueves,1899/12/30 00:00:00+00,03:15:00,3,REGION BIO BIO,CONCEPCION,VOLCADURA,VOLCADURA,URBANA,TRAMO DE VIA RECTA,ALCOHOL EN CONDUCTOR,CONDUCCION BAJO LA INFLUENCIA DEL ALCOHOL,ALONSO DE RIBERA,PAICAVI,ALONSO DE RIBERA - PAICAVI,0, , ,BIDIRECCIONAL CON BANDEJON,CONCRETO,BUENO,SECO,DESPEJADO,0,1,0,0,08,081,08101,Biobío,Concepción,Concepción,Interseccion,"ALONSO DE RIBERA & PAICAVI, Concepción",-36.798546,-73.059911
-7871459.19144708,-3953347.04615455,5530,2023,1534485,2023/05/16 00:00:00+00,Mayo,16,Martes,1899/12/30 00:00:00+00,21:05:00,21,REGION METROPOLITANA,QUINTA NORMAL,COLISION LATERAL,COLISION,URBANA,CRUCE CON SEÑAL CEDA EL PASO,IMPRUDENCIA DEL CONDUCTOR,NO RESPETAR DERECHO PREFERENTE DE PASO A VEHICULO,VICUÑA ROZAS,HOSTOS,HOSTOS - VICUÑA ROZAS,0, , ,BIDIRECCIONAL,CONCRETO,REGULAR,SECO,DESPEJADO,0,1,0,0,13,131,13126,Metropolitana de Santiago,Santiago,Quinta Normal,Interseccion,"HOSTOS & VICUÑA ROZAS, Quinta Normal",-33.436205,-70.710521
-7836685.765466,-2713133.04852867,5531,2023,1555050,2023/08/28 00:00:00+00,Agosto,28,Lunes,1899/12/30 00:00:00+00,08:30:00,8,REGION ANTOFAGASTA,ANTOFAGASTA,COLISION,COLISION,URBANA,CRUCE CON SEÑAL CEDA EL PASO,IMPRUDENCIA DEL CONDUCTOR,CONDUCCION NO ATENTO CONDICIONES TRANSITO MOMENTO,MANUEL BULNES,ANDRES SABELLA GALVEZ,ANDRES SABELLA GALVEZ - MANUEL BULNES,0, , ,BIDIRECCIONAL,ASFALTO,BUENO,SECO,DESPEJADO,0,0,0,1,02,021,02101,Antofagasta,Antofagasta,Antofagasta,Interseccion,"ANDRES SABELLA GALVEZ & MANUEL BULNES, Antofagasta",-23.669059,-70.398146
-7874482.74010312,-3955260.11228316,5532,2023,1547073,2023/07/20 00:00:00+00,Julio,20,Jueves,1899/12/30 00:00:00+00,10:45:00,10,REGION METROPOLITANA,LO PRADO,COLISION LATERAL,COLISION,URBANA,CRUCE CON SEÑAL PARE,IMPRUDENCIA DEL CONDUCTOR,CONDUCCION NO ATENTO CONDICIONES TRANSITO MOMENTO,CORONA SUECA,GABRIELA MISTRAL,CORONA SUECA - GABRIELA MISTRAL,0, , ,BIDIRECCIONAL,ASFALTO,BUENO,SECO,DESPEJADO,0,0,0,1,13,131,13117,Metropolitana de Santiago,Santiago,Lo Prado,Interseccion,"CORONA SUECA & GABRIELA MISTRAL, Lo Prado",-33.450545,-70.737682
-7874846.19827395,-3953374.65929562,5533,2023,1554676,2023/08/28 00:00:00+00,Agosto,28,Lunes,1899/12/30 00:00:00+00,10:15:00,10,REGION METROPOLITANA,LO PRADO,COLISION POR ALCANCE,COLISION,URBANA,CRUCE CON SEMAFORO FUNCIONANDO,IMPRUDENCIA DEL CONDUCTOR,CONDUCCION SIN MANTENER DISTANCIA RAZONABLE NI PRUDENTE,TTE CRUZ,SAN FRANCISCO,SAN FRANCISCO - TTE CRUZ,0, , ,BIDIRECCIONAL CON BANDEJON,ASFALTO,BUENO,SECO,NUBLADO,0,1,0,0,13,131,13117,Metropolitana de Santiago,Santiago,Lo Prado,Interseccion,"SAN FRANCISCO & TTE CRUZ, Lo Prado",-33.436412,-70.740947
-7837269.54719528,-2712004.01955249,5534,2023,1547086,2023/07/20 00:00:00+00,Julio,20,Jueves,1899/12/30 00:00:00+00,12:30:00,12,REGION ANTOFAGASTA,ANTOFAGASTA,ATROPELLO,ATROPELLO,URBANA,CRUCE CON SEMAFORO FUNCIONANDO,IMPRUDENCIA DEL CONDUCTOR,CONDUCCION NO ATENTO CONDICIONES TRANSITO MOMENTO,GRECIA,GRECIA,GRECIA - GRECIA,0, , ,BIDIRECCIONAL,ASFALTO,BUENO,SECO,DESPEJADO,0,1,0,1,02,021,02101,Antofagasta,Antofagasta,Antofagasta,Interseccion,"GRECIA & GRECIA, Antofagasta",-23.65977,-70.40339
-7671861.07351486,-2564267.30129547,5535,2023,1531806,2023/05/16 00:00:00+00,Mayo,16,Martes,1899/12/30 00:00:00+00,22:00:00,22,REGION ANTOFAGASTA,CALAMA,COLISION,COLISION,URBANA,CRUCE CON SEMAFORO FUNCIONANDO,DESOBEDIENCIA A SEÑALIZACION,SEÑALIZACION DESOBEDECER LUZ ROJA DE SEMAFORO,BALMACEDA,CENTRAL NORTE,BALMACEDA - CENTRAL NORTE,0, , ,BIDIRECCIONAL,ASFALTO,BUENO,SECO,DESPEJADO,0,1,0,0,02,022,02201,Antofagasta,El Loa,Calama,Interseccion,"BALMACEDA & CENTRAL NORTE, Calama",-22.438607,-68.917501
-7964796.09331465,-3898338.40332619,5536,2023,1548246,2023/07/20 00:00:00+00,Julio,20,Jueves,1899/12/30 00:00:00+00,13:10:00,13,REGION VALPARAISO,VIÑA DEL MAR,CHOQUE FRONTAL,CHOQUE,URBANA,TRAMO DE VIA RECTA,VELOCIDAD IMPRUDENTE,VELOCIDAD NO RAZONABLE NI PRUDENTE,2 ORIENTE,1 NORTE,1 NORTE - 2 ORIENTE,0, , ,UNIDIRECCIONAL,CONCRETO,BUENO,SECO,DESPEJADO,0,1,0,0,05,051,05109,Valparaíso,Valparaíso,Viña del Mar,Interseccion,"1 NORTE & 2 ORIENTE, Viña del Mar",-33.022858,-71.548981
-7865206.93224667,-3956536.86640299,5537,2023,1555261,2023/08/28 00:00:00+00,Agosto,28,Lunes,1899/12/30 00:00:00+00,11:20:00,11,REGION METROPOLITANA,SANTIAGO,COLISION FRONTAL,COLISION,URBANA,CRUCE SIN SEÑALIZACION,IMPRUDENCIA DEL CONDUCTOR,CONDUCCION NO ATENTO CONDICIONES TRANSITO MOMENTO,MANUEL ANTONIO MATTA,ALDUNATE,ALDUNATE - MANUEL ANTONIO MATTA,0, , ,BIDIRECCIONAL CON BANDEJON,CONCRETO,BUENO,HUMEDO,DESPEJADO,0,0,0,0,13,131,13101,Metropolitana de Santiago,Santiago,Santiago,Interseccion,"ALDUNATE & MANUEL ANTONIO MATTA, Santiago",-33.460114,-70.654356
-8084710.26641656,-4682576.69823374,5538,2023,1531492,2023/05/17 00:00:00+00,Mayo,17,Miércoles,1899/12/30 00:00:00+00,00:15:00,0,REGION ARAUCANIA,TEMUCO,COLISION LATERAL,COLISION,URBANA,TRAMO DE VIA RECTA,IMPRUDENCIA DEL CONDUCTOR,VIRAJES INDEBIDOS,JAVIERA CARRERA,LUIS DURAND,JAVIERA CARRERA - LUIS DURAND,0, , ,BIDIRECCIONAL CON BANDEJON,CONCRETO,REGULAR,MOJADO,DESPEJADO,0,0,0,1,09,091,09101,La Araucanía,Cautín,Temuco,Interseccion,"JAVIERA CARRERA & LUIS DURAND, Temuco",-38.726544,-72.626188
-7866815.16493016,-3968050.03091317,5539,2023,1547035,2023/07/20 00:00:00+00,Julio,20,Jueves,1899/12/30 00:00:00+00,14:20:00,14,REGION METROPOLITANA,EL BOSQUE,COLISION POR ALCANCE,COLISION,URBANA,TRAMO DE VIA RECTA,IMPRUDENCIA DEL CONDUCTOR,CONDUCCION NO ATENTO CONDICIONES TRANSITO MOMENTO,GRAN AVDA JOSE MIGUEL CARRERA,BALMACEDA,BALMACEDA - GRAN AVDA JOSE MIGUEL CARRERA,0, , ,BIDIRECCIONAL CON BANDEJON,MIXTO,REGULAR,SECO,DESPEJADO,0,0,0,0,13,131,13105,Metropolitana de Santiago,Santiago,El Bosque,Interseccion,"BALMACEDA & GRAN AVDA JOSE MIGUEL CARRERA, El Bosque",-33.546355,-70.668803
-7927143.8613111,-3867771.68013368,5540,2023,1554581,2023/08/28 00:00:00+00,Agosto,28,Lunes,1899/12/30 00:00:00+00,16:57:00,16,REGION VALPARAISO,CALERA,COLISION POR ALCANCE,COLISION,URBANA,TRAMO DE VIA RECTA,IMPRUDENCIA DEL CONDUCTOR,CONDUCCION SIN MANTENER DISTANCIA RAZONABLE NI PRUDENTE,ALCALDE DOCTOR ALONSO ZUMAETA,18 DE SEPTIEMBRE,18 DE SEPTIEMBRE - ALCALDE DOCTOR ALONSO ZUMAETA,0, , ,BIDIRECCIONAL,ASFALTO,BUENO,SECO,DESPEJADO,0,0,0,0,05,055,05502,Valparaíso,Quillota,Calera,Interseccion,"18 DE SEPTIEMBRE & ALCALDE DOCTOR ALONSO ZUMAETA, Calera",-32.792331,-71.210745
-7902645.91456674,-4106621.61483993,5541,2023,1546045,2023/07/20 00:00:00+00,Julio,20,Jueves,1899/12/30 00:00:00+00,15:20:00,15,REGION LIB.B.O'HIGGINS,SAN FERNANDO,COLISION LATERAL,COLISION,URBANA,CRUCE CON SEÑAL PARE,IMPRUDENCIA DEL CONDUCTOR,CONDUCCION NO ATENTO CONDICIONES TRANSITO MOMENTO,CARELMAPU,GUADALUPE,CARELMAPU - GUADALUPE,0, , ,UNIDIRECCIONAL,ASFALTO,BUENO,SECO,NUBLADO,1,0,0,0,06,063,06301,Libertador General Bernardo O'Higgins,Colchagua,San Fernando,Interseccion,"CARELMAPU & GUADALUPE, San Fernando",-34.577569,-70.990676
-7930642.85547892,-3491610.52802148,5542,2023,1555810,2023/08/28 00:00:00+00,Agosto,28,Lunes,1899/12/30 00:00:00+00,18:30:00,18,REGION COQUIMBO,LA SERENA,COLISION PERPENDICULAR,COLISION,URBANA,CRUCE CON SEÑAL PARE,DESOBEDIENCIA A SEÑALIZACION,SEÑALIZACION DESOBEDECER SEÑAL PARE,CASTRO,COLO COLO,CASTRO - COLO COLO,0, , ,UNIDIRECCIONAL,ASFALTO,BUENO,SECO,DESPEJADO,0,0,0,1,04,041,04101,Coquimbo,Elqui,La Serena,Interseccion,"CASTRO & COLO COLO, La Serena",-29.907073,-71.242177
-8117059.4878021,-5083045.88707604,5543,2023,1535188,2023/05/17 00:00:00+00,Mayo,17,Miércoles,1899/12/30 00:00:00+00,02:20:00,2,REGION LOS LAGOS,PUERTO MONTT,VOLCADURA,VOLCADURA,URBANA,CRUCE CON SEMAFORO FUNCIONANDO,VELOCIDAD IMPRUDENTE,VELOCIDAD NO RAZONABLE NI PRUDENTE,EGAÑA,JUAN SOLER MANFREDINI,EGAÑA - JUAN SOLER MANFREDINI,0, , ,BIDIRECCIONAL CON BANDEJON,CONCRETO,BUENO,SECO,DESPEJADO,0,0,1,0,10,101,10101,Los Lagos,Llanquihue,Puerto Montt,Interseccion,"EGAÑA & JUAN SOLER MANFREDINI, Puerto Montt",-41.477607,-72.916786
-7856633.88430221,-3974145.07571714,5544,2023,1556698,2023/08/28 00:00:00+00,Agosto,28,Lunes,1899/12/30 00:00:00+00,18:30:00,18,REGION METROPOLITANA,PUENTE ALTO,COLISION LATERAL,COLISION,URBANA,TRAMO DE VIA RECTA,ALCOHOL EN CONDUCTOR,CONDUCCION EN ESTADO DE EBRIEDAD,SAN HUGO,SAN JORGE,SAN HUGO - SAN JORGE,0, , ,BIDIRECCIONAL,CONCRETO,BUENO,SECO,DESPEJADO,0,0,0,1,13,132,13201,Metropolitana de Santiago,Cordillera,Puente Alto,Interseccion,"SAN HUGO & SAN JORGE, Puente Alto",-33.591976,-70.577343
-7860208.1305126,-3951031.91186623,5545,2023,1532639,2023/05/17 00:00:00+00,Mayo,17,Miércoles,1899/12/30 00:00:00+00,07:30:00,7,REGION METROPOLITANA,PROVIDENCIA,CHOQUE FRENTE/LADO,CHOQUE,URBANA,CRUCE CON SEMAFORO FUNCIONANDO,IMPRUDENCIA DEL CONDUCTOR,CONDUCCION CAMBIAR SORPRESIVAMENTE PISTA CIRCULACION,ANDRES BELLO,SUECIA,ANDRES BELLO - SUECIA,0, , ,UNIDIRECCIONAL,ASFALTO,BUENO,SECO,DESPEJADO,0,0,0,1,13,131,13123,Metropolitana de Santiago,Santiago,Providencia,Interseccion,"ANDRES BELLO & SUECIA, Providencia",-33.418848,-70.609451
-8119126.35406033,-5079629.33283519,5546,2023,1554888,2023/08/28 00:00:00+00,Agosto,28,Lunes,1899/12/30 00:00:00+00,18:45:00,18,REGION LOS LAGOS,PUERTO MONTT,COLISION POR ALCANCE,COLISION,URBANA,CRUCE CON SEMAFORO FUNCIONANDO,IMPRUDENCIA DEL CONDUCTOR,CONDUCCION NO ATENTO CONDICIONES TRANSITO MOMENTO,MONSEÑOR RAMON MUNITA,SARGENTO SILVA,MONSEÑOR RAMON MUNITA - SARGENTO SILVA,0, , ,BIDIRECCIONAL CON BANDEJON,CONCRETO,BUENO,SECO,DESPEJADO,0,0,0,0,10,101,10101,Los Lagos,Llanquihue,Puerto Montt,Interseccion,"MONSEÑOR RAMON MUNITA & SARGENTO SILVA, Puerto Montt",-41.454608,-72.935353
-7857893.03019452,-3962421.02311598,5547,2023,1546678,2023/07/20 00:00:00+00,Julio,20,Jueves,1899/12/30 00:00:00+00,18:10:00,18,REGION METROPOLITANA,PEÑALOLEN,COLISION FRONTAL,COLISION,URBANA,TRAMO DE VIA RECTA,IMPRUDENCIA DEL CONDUCTOR,CONDUCCION NO ATENTO CONDICIONES TRANSITO MOMENTO,AMERICO VESPUCIO,EL PARQUE,AMERICO VESPUCIO - EL PARQUE,0, , ,UNIDIRECCIONAL,CONCRETO,BUENO,SECO,NUBLADO,0,0,0,1,13,131,13122,Metropolitana de Santiago,Santiago,Peñalolén,Interseccion,"AMERICO VESPUCIO & EL PARQUE, Peñalolén",-33.504201,-70.588654
-7864619.61061325,-3950671.55176936,5548,2023,1535319,2023/05/17 00:00:00+00,Mayo,17,Miércoles,1899/12/30 00:00:00+00,07:30:00,7,REGION METROPOLITANA,RECOLETA,ATROPELLO,ATROPELLO,URBANA,CRUCE CON SEMAFORO FUNCIONANDO,DESOBEDIENCIA A SEÑALIZACION,SEÑALIZACION DESOBEDECER LUZ ROJA DE SEMAFORO,DOMEYKO,RECOLETA,DOMEYKO - RECOLETA,0, , ,BIDIRECCIONAL,ASFALTO,REGULAR,SECO,DESPEJADO,0,0,0,1,13,131,13127,Metropolitana de Santiago,Santiago,Recoleta,Interseccion,"DOMEYKO & RECOLETA, Recoleta",-33.416146,-70.64908
-7859012.89313995,-3964889.34642021,5549,2023,1547717,2023/07/20 00:00:00+00,Julio,20,Jueves,1899/12/30 00:00:00+00,18:30:00,18,REGION METROPOLITANA,LA FLORIDA,COLISION POR ALCANCE,COLISION,URBANA,CRUCE CON SEMAFORO FUNCIONANDO,IMPRUDENCIA DEL CONDUCTOR,CONDUCCION SIN MANTENER DISTANCIA RAZONABLE NI PRUDENTE,VICUÑA MACKENNA PONIENTE,ARAGON,ARAGON - VICUÑA MACKENNA PONIENTE,0, , ,BIDIRECCIONAL CON BANDEJON,ASFALTO,BUENO,SECO,NUBLADO,0,0,0,1,13,131,13110,Metropolitana de Santiago,Santiago,La Florida,Interseccion,"ARAGON & VICUÑA MACKENNA PONIENTE, La Florida",-33.522688,-70.598714
-7854871.69676295,-3947837.74103249,5550,2023,1540151,2023/05/17 00:00:00+00,Mayo,17,Miércoles,1899/12/30 00:00:00+00,07:30:00,7,REGION METROPOLITANA,LAS CONDES,COLISION POR ALCANCE,COLISION,URBANA,TRAMO DE VIA RECTA,IMPRUDENCIA DEL CONDUCTOR,CONDUCCION SIN MANTENER DISTANCIA RAZONABLE NI PRUDENTE,PDTE KENNEDY,GERONIMO DE ALDERETE,GERONIMO DE ALDERETE - PDTE KENNEDY,0, , ,BIDIRECCIONAL CON BANDEJON,ASFALTO,BUENO,SECO,NUBLADO,0,1,0,0,13,131,13114,Metropolitana de Santiago,Santiago,Las Condes,Interseccion,"GERONIMO DE ALDERETE & PDTE KENNEDY, Las Condes",-33.394895,-70.561513
-7866955.03431925,-3953182.38917458,5551,2023,1550095,2023/07/20 00:00:00+00,Julio,20,Jueves,1899/12/30 00:00:00+00,19:45:00,19,REGION METROPOLITANA,SANTIAGO,ATROPELLO,ATROPELLO,URBANA,TRAMO DE VIA RECTA,IMPRUDENCIA DEL CONDUCTOR,NO RESPETAR DERECHO PREFERENTE DE PASO A PEATON,SAN PABLO,CAUTIN,CAUTIN - SAN PABLO,0, , ,UNIDIRECCIONAL,CONCRETO,BUENO,SECO,DESPEJADO,0,1,0,0,13,131,13101,Metropolitana de Santiago,Santiago,Santiago,Interseccion,"CAUTIN & SAN PABLO, Santiago",-33.434971,-70.670059
-7864520.89245542,-3952785.15761279,5552,2023,1547340,2023/07/20 00:00:00+00,Julio,20,Jueves,1899/12/30 00:00:00+00,19:50:00,19,REGION METROPOLITANA,RECOLETA,ATROPELLO,ATROPELLO,URBANA,OTROS NO CONSIDERADOS,IMPRUDENCIA DEL CONDUCTOR,NO RESPETAR DERECHO PREFERENTE DE PASO A PEATON,RECOLETA,ARTESANOS,ARTESANOS - RECOLETA,0, , ,BIDIRECCIONAL,ASFALTO,BUENO,SECO,NUBLADO,0,1,0,0,13,131,13127,Metropolitana de Santiago,Santiago,Recoleta,Interseccion,"ARTESANOS & RECOLETA, Recoleta",-33.431993,-70.648193
-7671861.07351486,-2564267.30129547,5553,2023,1531847,2023/05/17 00:00:00+00,Mayo,17,Miércoles,1899/12/30 00:00:00+00,08:20:00,8,REGION ANTOFAGASTA,CALAMA,COLISION,COLISION,URBANA,CRUCE CON SEMAFORO FUNCIONANDO,IMPRUDENCIA DEL CONDUCTOR,CONDUCCION NO ATENTO CONDICIONES TRANSITO MOMENTO,BALMACEDA,CENTRAL NORTE,BALMACEDA - CENTRAL NORTE,0, , ,BIDIRECCIONAL CON BANDEJON,ASFALTO,BUENO,SECO,DESPEJADO,0,0,0,0,02,022,02201,Antofagasta,El Loa,Calama,Interseccion,"BALMACEDA & CENTRAL NORTE, Calama",-22.438607,-68.917501
-7870405.32979434,-4051235.09899746,5554,2023,1547439,2023/07/20 00:00:00+00,Julio,20,Jueves,1899/12/30 00:00:00+00,20:30:00,20,REGION LIB.B.O'HIGGINS,RANCAGUA,ATROPELLO,ATROPELLO,URBANA,TRAMO DE VIA RECTA,IMPRUDENCIA DEL PEATON,PEATON CRUZA CALZADA FORMA SORPRESIVA O DESCUIDADA,REPUBLICA DE CHILE,FREY JORGE,FREY JORGE - REPUBLICA DE CHILE,0, , ,BIDIRECCIONAL CON BANDEJON,CONCRETO,BUENO,SECO,DESPEJADO,0,0,1,0,06,061,06101,Libertador General Bernardo O'Higgins,Cachapoal,Rancagua,Interseccion,"FREY JORGE & REPUBLICA DE CHILE, Rancagua",-34.166903,-70.701054
-7875575.56292085,-3961056.66545497,5555,2023,1533375,2023/05/17 00:00:00+00,Mayo,17,Miércoles,1899/12/30 00:00:00+00,09:30:00,9,REGION METROPOLITANA,MAIPU,VOLCADURA,VOLCADURA,URBANA,TRAMO DE VIA RECTA,ALCOHOL EN CONDUCTOR,CONDUCCION EN ESTADO DE EBRIEDAD,AMERICO VESPUCIO,PRIMO DE RIVERA,AMERICO VESPUCIO - PRIMO DE RIVERA,0, , ,BIDIRECCIONAL CON BANDEJON,ASFALTO,BUENO,SECO,DESPEJADO,0,0,1,0,13,131,13119,Metropolitana de Santiago,Santiago,Maipú,Interseccion,"AMERICO VESPUCIO & PRIMO DE RIVERA, Maipú",-33.49398,-70.747499
-7965923.54203772,-3902857.47671459,5556,2023,1547614,2023/07/20 00:00:00+00,Julio,20,Jueves,1899/12/30 00:00:00+00,20:30:00,20,REGION VALPARAISO,VALPARAISO,COLISION,COLISION,URBANA,CRUCE SIN SEÑALIZACION,IMPRUDENCIA DEL CONDUCTOR,CONDUCCION NO ATENTO CONDICIONES TRANSITO MOMENTO,LOMAS DEL PARQUE,CABRITERIA NORTE,CABRITERIA NORTE - LOMAS DEL PARQUE,0, , ,BIDIRECCIONAL,CONCRETO,BUENO,SECO,DESPEJADO,0,0,0,1,05,051,05101,Valparaíso,Valparaíso,Valparaíso,Interseccion,"CABRITERIA NORTE & LOMAS DEL PARQUE, Valparaíso",-33.056889,-71.559109
-7874830.16826728,-4051676.9385477,5557,2023,1546028,2023/07/20 00:00:00+00,Julio,20,Jueves,1899/12/30 00:00:00+00,23:40:00,23,REGION LIB.B.O'HIGGINS,RANCAGUA,CHOQUE FRENTE/POSTERIOR,CHOQUE,URBANA,CRUCE CON SEMAFORO FUNCIONANDO,ALCOHOL EN CONDUCTOR,CONDUCCION EN ESTADO DE EBRIEDAD,ALAMEDA,ESTADO,ALAMEDA - ESTADO,0, , ,BIDIRECCIONAL CON BANDEJON,CONCRETO,BUENO,SECO,DESPEJADO,0,0,0,3,06,061,06101,Libertador General Bernardo O'Higgins,Cachapoal,Rancagua,Interseccion,"ALAMEDA & ESTADO, Rancagua",-34.170187,-70.740803
-7973725.73601561,-3900766.68103894,5558,2023,1554382,2023/08/28 00:00:00+00,Agosto,28,Lunes,1899/12/30 00:00:00+00,19:45:00,19,REGION VALPARAISO,VALPARAISO,CHOQUE POSTERIOR/FRENTE,CHOQUE,URBANA,TRAMO DE VIA RECTA,IMPRUDENCIA DEL CONDUCTOR,CONDUCCION NO ATENTO CONDICIONES TRANSITO MOMENTO,MIRAMAR,ALVARO BESA,ALVARO BESA - MIRAMAR,0, , ,UNIDIRECCIONAL,CONCRETO,BUENO,SECO,DESPEJADO,0,0,0,0,05,051,05101,Valparaíso,Valparaíso,Valparaíso,Interseccion,"ALVARO BESA & MIRAMAR, Valparaíso",-33.041146,-71.629197