X,Y,FID,Año,IdAccident,Fecha,Mes,Dia_mes,Dia_semana,Hora,Hora_texto,Hora_aprox,Región,Comuna,Tipo_Accid,Tipo__CONA,Zona,Ubicación,Causa__CON,Causa_Acci,Calle_Uno,Calle_Dos,Intersecci,Número,Ruta,Ubicaci_1,Calzada,Tipo_Calza,Estado_Cal,Condición,Estado_Atm,Fallecidos,Graves,Menos_Grav,Leves,CUT_REG,CUT_PROV,CUT_COM,REGION,PROVINCIA,COMUNA1,Tipo_direc,Direccion,Lat,Lon
-7867359.73987912,-3964815.77168437,5559,2023,1531682,2023/05/17 00:00:00+00,Mayo,17,Miércoles,1899/12/30 00:00:00+00,11:20:00,11,REGION METROPOLITANA,LA CISTERNA,COLISION POR ALCANCE,COLISION,URBANA,CRUCE CON SEÑAL CEDA EL PASO,IMPRUDENCIA DEL CONDUCTOR,CONDUCCION SIN MANTENER DISTANCIA RAZONABLE NI PRUDENTE,EL PARRON,PROGRESO,EL PARRON - PROGRESO,0, , ,BIDIRECCIONAL,CONCRETO,BUENO,SECO,DESPEJADO,0,0,0,1,13,131,13109,Metropolitana de Santiago,Santiago,La Cisterna,Interseccion,"EL PARRON & PROGRESO, La Cisterna",-33.522137,-70.673695
-7862816.60221672,-3954515.68655009,5560,2023,1555140,2023/08/28 00:00:00+00,Agosto,28,Lunes,1899/12/30 00:00:00+00,19:50:00,19,REGION METROPOLITANA,PROVIDENCIA,COLISION POR ALCANCE,COLISION,URBANA,TRAMO DE VIA CURVA HORIZONTAL,IMPRUDENCIA DEL CONDUCTOR,CONDUCCION NO ATENTO CONDICIONES TRANSITO MOMENTO,RAMON CARNICER,JOAQUIN DIAZ GARCES,JOAQUIN DIAZ GARCES - RAMON CARNICER,0, , ,BIDIRECCIONAL,ASFALTO,BUENO,SECO,DESPEJADO,0,0,0,0,13,131,13123,Metropolitana de Santiago,Santiago,Providencia,Interseccion,"JOAQUIN DIAZ GARCES & RAMON CARNICER, Providencia",-33.444965,-70.632883
-7863322.51590652,-3970519.67171605,5561,2023,1546233,2023/07/21 00:00:00+00,Julio,21,Viernes,1899/12/30 00:00:00+00,02:30:00,2,REGION METROPOLITANA,LA PINTANA,CHOQUE FRENTE/LADO,CHOQUE,URBANA,CRUCE SIN SEÑALIZACION,IMPRUDENCIA DEL CONDUCTOR,CONDUCCION NO ATENTO CONDICIONES TRANSITO MOMENTO,OBSERVATORIO,STA TERESA,OBSERVATORIO - STA TERESA,0, , ,BIDIRECCIONAL CON BANDEJON,ASFALTO,BUENO,SECO,NUBLADO,0,0,1,1,13,131,13112,Metropolitana de Santiago,Santiago,La Pintana,Interseccion,"OBSERVATORIO & STA TERESA, La Pintana",-33.564843,-70.637428
-7856420.19540768,-3949372.74803679,5562,2023,1540027,2023/05/17 00:00:00+00,Mayo,17,Miércoles,1899/12/30 00:00:00+00,12:14:00,12,REGION METROPOLITANA,LAS CONDES,CHOQUE FRENTE/POSTERIOR,CHOQUE,URBANA,CRUCE CON SEMAFORO FUNCIONANDO,IMPRUDENCIA DEL CONDUCTOR,CONDUCCION NO ATENTO CONDICIONES TRANSITO MOMENTO,ALONSO DE CORDOVA,CERRO EL PLOMO,ALONSO DE CORDOVA - CERRO EL PLOMO,0, , ,BIDIRECCIONAL CON BANDEJON,ASFALTO,BUENO,SECO,DESPEJADO,0,0,0,0,13,131,13114,Metropolitana de Santiago,Santiago,Las Condes,Interseccion,"ALONSO DE CORDOVA & CERRO EL PLOMO, Las Condes",-33.406407,-70.575423
-7862816.60221672,-3954515.68655009,5563,2023,1555235,2023/08/28 00:00:00+00,Agosto,28,Lunes,1899/12/30 00:00:00+00,19:50:00,19,REGION METROPOLITANA,PROVIDENCIA,COLISION POR ALCANCE,COLISION,URBANA,TRAMO DE VIA RECTA,IMPRUDENCIA DEL CONDUCTOR,CONDUCCION NO ATENTO CONDICIONES TRANSITO MOMENTO,RAMON CARNICER,JOAQUIN DIAZ GARCES,JOAQUIN DIAZ GARCES - RAMON CARNICER,0, , ,UNIDIRECCIONAL,ASFALTO,REGULAR,SECO,DESPEJADO,0,0,0,0,13,131,13123,Metropolitana de Santiago,Santiago,Providencia,Interseccion,"JOAQUIN DIAZ GARCES & RAMON CARNICER, Providencia",-33.444965,-70.632883
-7950388.21693894,-3904123.04458186,5564,2023,1546145,2023/07/21 00:00:00+00,Julio,21,Viernes,1899/12/30 00:00:00+00,07:36:00,7,REGION VALPARAISO,QUILPUE,COLISION PERPENDICULAR,COLISION,URBANA,CRUCE CON SEÑAL PARE,DESOBEDIENCIA A SEÑALIZACION,SEÑALIZACION DESOBEDECER SEÑAL PARE,MARGA MARGA,PIEDRA LANCETA,MARGA MARGA - PIEDRA LANCETA,0, , ,BIDIRECCIONAL,ASFALTO,BUENO,MOJADO,LLUVIA,0,1,0,0,05,058,05801,Valparaíso,Marga Marga,Quilpué,Interseccion,"MARGA MARGA & PIEDRA LANCETA, Quilpué",-33.066417,-71.419552
-7902253.50218522,-4108150.44440838,5565,2023,1533272,2023/05/17 00:00:00+00,Mayo,17,Miércoles,1899/12/30 00:00:00+00,13:10:00,13,REGION LIB.B.O'HIGGINS,SAN FERNANDO,ATROPELLO,ATROPELLO,URBANA,CRUCE CON SEÑAL PARE,IMPRUDENCIA DEL PEATON,PEATON CRUZA CALZADA FUERA PASO PEATONES,CHILLAN,QUECHEREGUAS,CHILLAN - QUECHEREGUAS,0, , ,UNIDIRECCIONAL,ASFALTO,BUENO,SECO,DESPEJADO,0,0,0,1,06,063,06301,Libertador General Bernardo O'Higgins,Colchagua,San Fernando,Interseccion,"CHILLAN & QUECHEREGUAS, San Fernando",-34.588876,-70.987151
-7874182.28883086,-3955048.91243246,5566,2023,1532927,2023/05/17 00:00:00+00,Mayo,17,Miércoles,1899/12/30 00:00:00+00,15:30:00,15,REGION METROPOLITANA,LO PRADO,COLISION PERPENDICULAR,COLISION,URBANA,CRUCE SIN SEÑALIZACION,IMPRUDENCIA DEL CONDUCTOR,NO RESPETAR DERECHO PREFERENTE DE PASO A VEHICULO,CORCOVADO,PARINACOTA,CORCOVADO - PARINACOTA,0, , ,UNIDIRECCIONAL,ASFALTO,BUENO,SECO,DESPEJADO,0,1,0,0,13,131,13117,Metropolitana de Santiago,Santiago,Lo Prado,Interseccion,"CORCOVADO & PARINACOTA, Lo Prado",-33.448962,-70.734983
-7933489.9071157,-3497782.38285967,5567,2023,1532415,2023/05/17 00:00:00+00,Mayo,17,Miércoles,1899/12/30 00:00:00+00,18:00:00,18,REGION COQUIMBO,COQUIMBO,ATROPELLO,ATROPELLO,URBANA,CRUCE CON SEMAFORO FUNCIONANDO,IMPRUDENCIA DEL PEATON,PEATON CRUZA CALZADA FORMA SORPRESIVA O DESCUIDADA,BALMACEDA,LOS LAGOS,BALMACEDA - LOS LAGOS,0, , ,BIDIRECCIONAL CON BANDEJON,ASFALTO,BUENO,SECO,NUBLADO,0,1,1,1,04,041,04102,Coquimbo,Elqui,Coquimbo,Interseccion,"BALMACEDA & LOS LAGOS, Coquimbo",-29.955121,-71.267752
-7932398.68663073,-3499458.24016619,5568,2023,1546300,2023/07/21 00:00:00+00,Julio,21,Viernes,1899/12/30 00:00:00+00,08:30:00,8,REGION COQUIMBO,COQUIMBO,COLISION PERPENDICULAR,COLISION,URBANA,CRUCE CON SEÑAL PARE,VELOCIDAD IMPRUDENTE,VELOCIDAD NO RAZONABLE NI PRUDENTE,PARQUE NACIONAL LAUCA,PARQUE NACIONAL PAN DE AZUCAR,PARQUE NACIONAL LAUCA - PARQUE NACIONAL PAN DE AZUCAR,0, , ,BIDIRECCIONAL,ASFALTO,BUENO,SECO,DESPEJADO,1,0,1,1,04,041,04102,Coquimbo,Elqui,Coquimbo,Interseccion,"PARQUE NACIONAL LAUCA & PARQUE NACIONAL PAN DE AZUCAR, Coquimbo",-29.968164,-71.25795
-7965063.09811156,-3898159.0990098,5569,2023,1532510,2023/05/17 00:00:00+00,Mayo,17,Miércoles,1899/12/30 00:00:00+00,19:30:00,19,REGION VALPARAISO,VIÑA DEL MAR,COLISION POR ALCANCE,COLISION,URBANA,TRAMO DE VIA RECTA,IMPRUDENCIA DEL CONDUCTOR,CONDUCCION NO ATENTO CONDICIONES TRANSITO MOMENTO,LIBERTAD,2 NORTE,2 NORTE - LIBERTAD,0, , ,BIDIRECCIONAL,CONCRETO,BUENO,SECO,DESPEJADO,0,0,0,0,05,051,05109,Valparaíso,Valparaíso,Viña del Mar,Interseccion,"2 NORTE & LIBERTAD, Viña del Mar",-33.021508,-71.551379
-7878202.30126285,-3965383.17327031,5570,2023,1549627,2023/07/21 00:00:00+00,Julio,21,Viernes,1899/12/30 00:00:00+00,09:00:00,9,REGION METROPOLITANA,MAIPU,COLISION LATERAL,COLISION,URBANA,CRUCE CON SEÑAL CEDA EL PASO,DESOBEDIENCIA A SEÑALIZACION,SEÑALIZACION DESOBEDECER SEÑAL CEDA EL PASO,MONTECASSINO,RIO EUFRATES,MONTECASSINO - RIO EUFRATES,0, , ,UNIDIRECCIONAL,ASFALTO,BUENO,SECO,DESPEJADO,0,0,0,1,13,131,13119,Metropolitana de Santiago,Santiago,Maipú,Interseccion,"MONTECASSINO & RIO EUFRATES, Maipú",-33.526386,-70.771095
-7875998.35500366,-3952503.07626767,5571,2023,1554783,2023/08/28 00:00:00+00,Agosto,28,Lunes,1899/12/30 00:00:00+00,22:30:00,22,REGION METROPOLITANA,PUDAHUEL,COLISION,COLISION,URBANA,CRUCE CON SEÑAL PARE,DESOBEDIENCIA A SEÑALIZACION,SEÑALIZACION DESOBEDECER SEÑAL PARE,PITRUFQUEN,DALCAHUE,DALCAHUE - PITRUFQUEN,0, , ,BIDIRECCIONAL,ASFALTO,REGULAR,SECO,DESPEJADO,0,0,0,1,13,131,13124,Metropolitana de Santiago,Santiago,Pudahuel,Interseccion,"DALCAHUE & PITRUFQUEN, Pudahuel",-33.429878,-70.751297
-7673606.70793489,-2565635.47248494,5572,2023,1531965,2023/05/17 00:00:00+00,Mayo,17,Miércoles,1899/12/30 00:00:00+00,22:15:00,22,REGION ANTOFAGASTA,CALAMA,COLISION,COLISION,URBANA,CRUCE CON SEÑAL PARE,IMPRUDENCIA DEL CONDUCTOR,CONDUCCION NO ATENTO CONDICIONES TRANSITO MOMENTO,GRECIA,HERNAN CORTES,GRECIA - HERNAN CORTES,0, , ,BIDIRECCIONAL CON BANDEJON,ASFALTO,BUENO,SECO,DESPEJADO,0,0,0,0,02,022,02201,Antofagasta,El Loa,Calama,Interseccion,"GRECIA & HERNAN CORTES, Calama",-22.449966,-68.933182
-8026408.7982173,-4387685.46896674,5573,2023,1547181,2023/07/21 00:00:00+00,Julio,21,Viernes,1899/12/30 00:00:00+00,13:00:00,13,REGION ÑUBLE,CHILLAN,COLISION PERPENDICULAR,COLISION,URBANA,CRUCE CON SEMAFORO FUNCIONANDO,DESOBEDIENCIA A SEÑALIZACION,SEÑALIZACION DESOBEDECER LUZ ROJA DE SEMAFORO,ARGENTINA,BULNES,ARGENTINA - BULNES,0, , ,BIDIRECCIONAL CON BANDEJON,ASFALTO,BUENO,SECO,DESPEJADO,0,0,0,0,16,161,16101,Ñuble,Diguillín,Chillán,Interseccion,"ARGENTINA & BULNES, Chillán",-36.630196,-72.102457
-7969844.35928559,-4282502.25368908,5574,2023,1532954,2023/05/17 00:00:00+00,Mayo,17,Miércoles,1899/12/30 00:00:00+00,23:20:00,23,REGION MAULE,LINARES,CHOQUE LADO/POSTERIOR,CHOQUE,URBANA,CRUCE CON SEMAFORO FUNCIONANDO,ALCOHOL EN CONDUCTOR,CONDUCCION EN ESTADO DE EBRIEDAD,ARTURO PRAT,PRESIDENTE CARLOS IBAÑEZ DEL CAMPO,ARTURO PRAT - PRESIDENTE CARLOS IBAÑEZ DEL CAMPO,0, , ,BIDIRECCIONAL,ASFALTO,BUENO,HUMEDO,NUBLADO,0,0,0,0,07,074,07401,Maule,Linares,Linares,Interseccion,"ARTURO PRAT & PRESIDENTE CARLOS IBAÑEZ DEL CAMPO, Linares",-35.868209,-71.59433
-8151090.52831808,-4841211.96716192,5575,2023,1546387,2023/07/21 00:00:00+00,Julio,21,Viernes,1899/12/30 00:00:00+00,20:00:00,20,REGION DE LOS RIOS,VALDIVIA,COLISION LATERAL,COLISION,URBANA,CRUCE CON SEMAFORO FUNCIONANDO,IMPRUDENCIA DEL CONDUCTOR,CONDUCCION NO ATENTO CONDICIONES TRANSITO MOMENTO,ERRAZURIZ,SIMPSON,ERRAZURIZ - SIMPSON,0, , ,BIDIRECCIONAL CON BANDEJON,CONCRETO,BUENO,SECO,NUBLADO,0,1,0,1,14,141,14101,Los Ríos,Valdivia,Valdivia,Interseccion,"ERRAZURIZ & SIMPSON, Valdivia",-39.829606,-73.222492
-7860686.02508658,-3968601.9406878,5576,2023,1548614,2023/07/21 00:00:00+00,Julio,21,Viernes,1899/12/30 00:00:00+00,21:00:00,21,REGION METROPOLITANA,LA FLORIDA,COLISION LATERAL,COLISION,URBANA,CRUCE CON SEÑAL PARE,DESOBEDIENCIA A SEÑALIZACION,SEÑALIZACION DESOBEDECER SEÑAL PARE,JOSE MIGUEL CARRERA,BAHIA CATALINA,BAHIA CATALINA - JOSE MIGUEL CARRERA,0, , ,BIDIRECCIONAL,ASFALTO,REGULAR,SECO,DESPEJADO,0,1,0,0,13,131,13110,Metropolitana de Santiago,Santiago,La Florida,Interseccion,"BAHIA CATALINA & JOSE MIGUEL CARRERA, La Florida",-33.550487,-70.613744
-7835810.76096157,-2702782.61001558,5577,2023,1531614,2023/05/18 00:00:00+00,Mayo,18,Jueves,1899/12/30 00:00:00+00,01:30:00,1,REGION ANTOFAGASTA,ANTOFAGASTA,COLISION LATERAL,COLISION,URBANA,CRUCE CON SEÑAL PARE,ALCOHOL EN CONDUCTOR,CONDUCCION EN ESTADO DE EBRIEDAD,PEDRO AGUIRRE CERDA,LOS TAMARUGOS,LOS TAMARUGOS - PEDRO AGUIRRE CERDA,0, , ,BIDIRECCIONAL CON BANDEJON,ASFALTO,BUENO,SECO,DESPEJADO,1,0,0,0,02,021,02101,Antofagasta,Antofagasta,Antofagasta,Interseccion,"LOS TAMARUGOS & PEDRO AGUIRRE CERDA, Antofagasta",-23.583873,-70.390286
-7961197.66236602,-3885163.7866045,5578,2023,1549440,2023/07/21 00:00:00+00,Julio,21,Viernes,1899/12/30 00:00:00+00,21:30:00,21,REGION VALPARAISO,CONCON,ATROPELLO,ATROPELLO,URBANA,CRUCE CON SEMAFORO FUNCIONANDO,IMPRUDENCIA DEL CONDUCTOR,CONDUCCION NO ATENTO CONDICIONES TRANSITO MOMENTO,CALLE SIETE,SAN AGUSTIN,CALLE SIETE - SAN AGUSTIN,0, , ,BIDIRECCIONAL,ASFALTO,MALO,MOJADO,LLUVIA,0,1,0,0,05,051,05103,Valparaíso,Valparaíso,Concón,Interseccion,"CALLE SIETE & SAN AGUSTIN, Concón",-32.923572,-71.516655
-7873667.39165815,-3965689.61878738,5579,2023,1531698,2023/05/18 00:00:00+00,Mayo,18,Jueves,1899/12/30 00:00:00+00,07:15:00,7,REGION METROPOLITANA,SAN BERNARDO,COLISION LATERAL,COLISION,URBANA,CRUCE CON SEÑAL PARE,IMPRUDENCIA DEL CONDUCTOR,CONDUCCION NO ATENTO CONDICIONES TRANSITO MOMENTO,CAMINO A LONQUEN,CHAÑARCILLO,CAMINO A LONQUEN - CHAÑARCILLO,0, , ,BIDIRECCIONAL,ASFALTO,BUENO,SECO,DESPEJADO,0,1,1,0,13,134,13401,Metropolitana de Santiago,Maipo,San Bernardo,Interseccion,"CAMINO A LONQUEN & CHAÑARCILLO, San Bernardo",-33.528681,-70.730358
-7862024.86460235,-3954387.85367193,5580,2023,1546457,2023/07/22 00:00:00+00,Julio,22,Sábado,1899/12/30 00:00:00+00,14:35:00,14,REGION METROPOLITANA,PROVIDENCIA,COLISION FRONTAL,COLISION,URBANA,TRAMO DE VIA RECTA,IMPRUDENCIA DEL CONDUCTOR,CONDUCCION NO ATENTO CONDICIONES TRANSITO MOMENTO,ITALIA,MARIN,ITALIA - MARIN,0, , ,UNIDIRECCIONAL,ASFALTO,BUENO,SECO,DESPEJADO,0,0,0,0,13,131,13123,Metropolitana de Santiago,Santiago,Providencia,Interseccion,"ITALIA & MARIN, Providencia",-33.444007,-70.625771
-7672442.96269035,-2566612.42916041,5581,2023,1531970,2023/05/18 00:00:00+00,Mayo,18,Jueves,1899/12/30 00:00:00+00,09:30:00,9,REGION ANTOFAGASTA,CALAMA,COLISION,COLISION,URBANA,CRUCE CON SEMAFORO FUNCIONANDO,DESOBEDIENCIA A SEÑALIZACION,SEÑALIZACION DESOBEDECER LUZ ROJA DE SEMAFORO,BALMACEDA,ANTOFAGASTA,ANTOFAGASTA - BALMACEDA,0, , ,BIDIRECCIONAL CON BANDEJON,ASFALTO,BUENO,SECO,DESPEJADO,1,0,0,0,02,022,02201,Antofagasta,El Loa,Calama,Interseccion,"ANTOFAGASTA & BALMACEDA, Calama",-22.458077,-68.922728
-7837903.04413122,-2714749.44480849,5582,2023,1532524,2023/05/18 00:00:00+00,Mayo,18,Jueves,1899/12/30 00:00:00+00,10:00:00,10,REGION ANTOFAGASTA,ANTOFAGASTA,VOLCADURA,VOLCADURA,URBANA,TRAMO DE VIA RECTA,VELOCIDAD IMPRUDENTE,VELOCIDAD NO RAZONABLE NI PRUDENTE,ARGENTINA,ALTOS DEL MAR,ALTOS DEL MAR - ARGENTINA,0, , ,BIDIRECCIONAL CON BANDEJON,ASFALTO,BUENO,SECO,DESPEJADO,0,0,0,1,02,021,02101,Antofagasta,Antofagasta,Antofagasta,Interseccion,"ALTOS DEL MAR & ARGENTINA, Antofagasta",-23.682357,-70.409081
-8127804.37901194,-4432794.29170228,5583,2023,1555582,2023/08/29 00:00:00+00,Agosto,29,Martes,1899/12/30 00:00:00+00,08:00:00,8,REGION BIO BIO,CHIGUAYANTE,COLISION LATERAL,COLISION,URBANA,TRAMO DE VIA RECTA,IMPRUDENCIA DEL CONDUCTOR,CONDUCCION NO ATENTO CONDICIONES TRANSITO MOMENTO,MANUEL RODRIGUEZ,LOS ANDES,LOS ANDES - MANUEL RODRIGUEZ,0, , ,BIDIRECCIONAL CON BANDEJON,CONCRETO,BUENO,SECO,DESPEJADO,0,0,1,0,08,081,08103,Biobío,Concepción,Chiguayante,Interseccion,"LOS ANDES & MANUEL RODRIGUEZ, Chiguayante",-36.954699,-73.013309
-7930343.862492,-4161156.62699717,5584,2023,1531737,2023/05/18 00:00:00+00,Mayo,18,Jueves,1899/12/30 00:00:00+00,13:15:00,13,REGION MAULE,CURICO,COLISION PERPENDICULAR,COLISION,URBANA,CRUCE CON SEÑAL CEDA EL PASO,DESOBEDIENCIA A SEÑALIZACION,SEÑALIZACION DESOBEDECER SEÑAL CEDA EL PASO,CARMEN,SARGENTO ALDEA,CARMEN - SARGENTO ALDEA,0, , ,UNIDIRECCIONAL,CONCRETO,BUENO,SECO,DESPEJADO,0,1,0,1,07,073,07301,Maule,Curicó,Curicó,Interseccion,"CARMEN & SARGENTO ALDEA, Curicó",-34.979949,-71.239491
-7836460.29904727,-2711809.60098811,5585,2023,1555055,2023/08/29 00:00:00+00,Agosto,29,Martes,1899/12/30 00:00:00+00,08:10:00,8,REGION ANTOFAGASTA,ANTOFAGASTA,ATROPELLO,ATROPELLO,URBANA,CRUCE CON SEMAFORO FUNCIONANDO,IMPRUDENCIA DEL CONDUCTOR,CONDUCCION NO ATENTO CONDICIONES TRANSITO MOMENTO,ARGENTINA,TENIENTE LUIS URIBE,ARGENTINA - TENIENTE LUIS URIBE,0, , ,BIDIRECCIONAL,ASFALTO,BUENO,SECO,DESPEJADO,0,0,0,1,02,021,02101,Antofagasta,Antofagasta,Antofagasta,Interseccion,"ARGENTINA & TENIENTE LUIS URIBE, Antofagasta",-23.65817,-70.396121
-7971605.65626892,-4219561.07370188,5586,2023,1531963,2023/05/18 00:00:00+00,Mayo,18,Jueves,1899/12/30 00:00:00+00,13:30:00,13,REGION MAULE,TALCA,CHOQUE POSTERIOR/FRENTE,CHOQUE,URBANA,CRUCE SIN SEÑALIZACION,IMPRUDENCIA DEL CONDUCTOR,CONDUCIR VEHICULO EN RETROCESO,30 ORIENTE,25 NORTE,25 NORTE - 30 ORIENTE,0, , ,BIDIRECCIONAL,CONCRETO,BUENO,SECO,DESPEJADO,0,0,0,0,07,071,07101,Maule,Talca,Talca,Interseccion,"25 NORTE & 30 ORIENTE, Talca",-35.408697,-71.610152
-7861412.384764,-3959907.61924067,5587,2023,1533297,2023/05/18 00:00:00+00,Mayo,18,Jueves,1899/12/30 00:00:00+00,15:00:00,15,REGION METROPOLITANA,SAN JOAQUIN,COLISION LATERAL,COLISION,URBANA,CRUCE CON SEMAFORO FUNCIONANDO,IMPRUDENCIA DEL CONDUCTOR,CONDUCCION NO ATENTO CONDICIONES TRANSITO MOMENTO,VICUÑA MACKENNA,ISABEL RIQUELME,ISABEL RIQUELME - VICUÑA MACKENNA,0, , ,BIDIRECCIONAL CON BANDEJON,ASFALTO,BUENO,SECO,DESPEJADO,0,0,1,0,13,131,13129,Metropolitana de Santiago,Santiago,San Joaquín,Interseccion,"ISABEL RIQUELME & VICUÑA MACKENNA, San Joaquín",-33.485372,-70.620269
-7855231.37003771,-3975812.18479329,5588,2023,1555117,2023/08/29 00:00:00+00,Agosto,29,Martes,1899/12/30 00:00:00+00,08:15:00,8,REGION METROPOLITANA,PUENTE ALTO,ATROPELLO,ATROPELLO,URBANA,CRUCE CON SEÑAL CEDA EL PASO,IMPRUDENCIA DEL CONDUCTOR,NO RESPETAR DERECHO PREFERENTE DE PASO A PEATON,EDUARDO CORDERO,NONATO COO,EDUARDO CORDERO - NONATO COO,0, , ,BIDIRECCIONAL CON BANDEJON,ASFALTO,BUENO,SECO,DESPEJADO,0,0,0,1,13,132,13201,Metropolitana de Santiago,Cordillera,Puente Alto,Interseccion,"EDUARDO CORDERO & NONATO COO, Puente Alto",-33.60445,-70.564744
-8119942.44004145,-5081636.84248687,5589,2023,1535216,2023/05/18 00:00:00+00,Mayo,18,Jueves,1899/12/30 00:00:00+00,15:30:00,15,REGION LOS LAGOS,PUERTO MONTT,COLISION PERPENDICULAR,COLISION,URBANA,TRAMO DE VIA RECTA,IMPRUDENCIA DEL CONDUCTOR,CONDUCCION NO ATENTO CONDICIONES TRANSITO MOMENTO,GUILLERMO GALLARDO,ALCALDE,ALCALDE - GUILLERMO GALLARDO,0, , ,BIDIRECCIONAL,CONCRETO,BUENO,HUMEDO,DESPEJADO,0,0,0,0,10,101,10101,Los Lagos,Llanquihue,Puerto Montt,Interseccion,"ALCALDE & GUILLERMO GALLARDO, Puerto Montt",-41.468123,-72.942684
-7836099.4791261,-2710645.42373795,5590,2023,1555058,2023/08/29 00:00:00+00,Agosto,29,Martes,1899/12/30 00:00:00+00,15:34:00,15,REGION ANTOFAGASTA,ANTOFAGASTA,COLISION,COLISION,URBANA,CRUCE CON SEÑAL PARE,IMPRUDENCIA DEL CONDUCTOR,CONDUCCION NO ATENTO CONDICIONES TRANSITO MOMENTO,JOSE SANTOS OSSA,ARGENTINA,ARGENTINA - JOSE SANTOS OSSA,0, , ,UNIDIRECCIONAL,ASFALTO,BUENO,SECO,DESPEJADO,0,1,0,1,02,021,02101,Antofagasta,Antofagasta,Antofagasta,Interseccion,"ARGENTINA & JOSE SANTOS OSSA, Antofagasta",-23.648591,-70.392879
-7964117.82867775,-3897984.2612858,5591,2023,1556276,2023/08/29 00:00:00+00,Agosto,29,Martes,1899/12/30 00:00:00+00,15:45:00,15,REGION VALPARAISO,VIÑA DEL MAR,CHOQUE FRENTE/POSTERIOR,CHOQUE,URBANA,TRAMO DE VIA RECTA,IMPRUDENCIA DEL CONDUCTOR,CONDUCCION NO ATENTO CONDICIONES TRANSITO MOMENTO,4 NORTE,6 ORIENTE,4 NORTE - 6 ORIENTE,0, , ,UNIDIRECCIONAL,CONCRETO,BUENO,SECO,DESPEJADO,0,0,0,0,05,051,05109,Valparaíso,Valparaíso,Viña del Mar,Interseccion,"4 NORTE & 6 ORIENTE, Viña del Mar",-33.020191,-71.542888
-7853839.31980534,-3957774.39427016,5592,2023,1546709,2023/07/22 00:00:00+00,Julio,22,Sábado,1899/12/30 00:00:00+00,15:40:00,15,REGION METROPOLITANA,PEÑALOLEN,COLISION FRONTAL,COLISION,URBANA,CRUCE CON SEMAFORO FUNCIONANDO,IMPRUDENCIA DEL CONDUCTOR,"ADELANTAMIENTO EN CRUCE, CURVA, CUESTA, PUENTE",TOBALABA,ORIENTAL,ORIENTAL - TOBALABA,0, , ,BIDIRECCIONAL,CONCRETO,BUENO,SECO,LLUVIA,0,0,0,0,13,131,13122,Metropolitana de Santiago,Santiago,Peñalolén,Interseccion,"ORIENTAL & TOBALABA, Peñalolén",-33.469388,-70.552239
-7979704.81714108,-4223722.68394978,5593,2023,1546604,2023/07/22 00:00:00+00,Julio,22,Sábado,1899/12/30 00:00:00+00,17:20:00,17,REGION MAULE,TALCA,VOLCADURA,VOLCADURA,URBANA,CRUCE CON SEÑAL PARE,VELOCIDAD IMPRUDENTE,VELOCIDAD NO RAZONABLE NI PRUDENTE,8 PONIENTE,19 SUR,19 SUR - 8 PONIENTE,0, , ,UNIDIRECCIONAL,CONCRETO,BUENO,HUMEDO,NUBLADO,0,0,0,2,07,071,07101,Maule,Talca,Talca,Interseccion,"19 SUR & 8 PONIENTE, Talca",-35.439161,-71.682908
-7868347.14381812,-3975862.03867645,5594,2023,1531674,2023/05/18 00:00:00+00,Mayo,18,Jueves,1899/12/30 00:00:00+00,16:20:00,16,REGION METROPOLITANA,SAN BERNARDO,CHOQUE LADO/LADO,CHOQUE,URBANA,TRAMO DE VIA RECTA,IMPRUDENCIA DEL CONDUCTOR,CONDUCCION NO ATENTO CONDICIONES TRANSITO MOMENTO,PADRE HURTADO,SAN JOSE,PADRE HURTADO - SAN JOSE,0, , ,BIDIRECCIONAL CON BANDEJON,ASFALTO,REGULAR,SECO,DESPEJADO,0,0,0,0,13,134,13401,Metropolitana de Santiago,Maipo,San Bernardo,Interseccion,"PADRE HURTADO & SAN JOSE, San Bernardo",-33.604823,-70.682565
-7865765.64477096,-3971386.20170015,5595,2023,1555170,2023/08/29 00:00:00+00,Agosto,29,Martes,1899/12/30 00:00:00+00,16:45:00,16,REGION METROPOLITANA,EL BOSQUE,COLISION LATERAL,COLISION,URBANA,CRUCE CON SEÑAL CEDA EL PASO,ALCOHOL EN CONDUCTOR,CONDUCCION BAJO LA INFLUENCIA DEL ALCOHOL,EL LIBERTADOR,SAN FRANCISCO,EL LIBERTADOR - SAN FRANCISCO,0, , ,BIDIRECCIONAL CON BANDEJON,ASFALTO,REGULAR,SECO,DESPEJADO,0,1,0,0,13,131,13105,Metropolitana de Santiago,Santiago,El Bosque,Interseccion,"EL LIBERTADOR & SAN FRANCISCO, El Bosque",-33.571329,-70.659375
-7957851.01997537,-3858038.83650351,5596,2023,1550367,2023/07/22 00:00:00+00,Julio,22,Sábado,1899/12/30 00:00:00+00,20:10:00,20,REGION VALPARAISO,PUCHUNCAVI,COLISION,COLISION,URBANA,TRAMO DE VIA RECTA,ALCOHOL EN CONDUCTOR,CONDUCCION BAJO LA INFLUENCIA DEL ALCOHOL,LA PONDEROSA,PRINCIPAL,LA PONDEROSA - PRINCIPAL,0, , ,BIDIRECCIONAL,ASFALTO,REGULAR,SECO,DESPEJADO,0,0,0,1,05,051,05105,Valparaíso,Valparaíso,Puchuncaví,Interseccion,"LA PONDEROSA & PRINCIPAL, Puchuncaví",-32.718802,-71.486592