X,Y,FID,Año,IdAccident,Fecha,Mes,Dia_mes,Dia_semana,Hora,Hora_texto,Hora_aprox,Región,Comuna,Tipo_Accid,Tipo__CONA,Zona,Ubicación,Causa__CON,Causa_Acci,Calle_Uno,Calle_Dos,Intersecci,Número,Ruta,Ubicaci_1,Calzada,Tipo_Calza,Estado_Cal,Condición,Estado_Atm,Fallecidos,Graves,Menos_Grav,Leves,CUT_REG,CUT_PROV,CUT_COM,REGION,PROVINCIA,COMUNA1,Tipo_direc,Direccion,Lat,Lon
-8152726.58661074,-4841055.1986394,5597,2023,1531877,2023/05/18 00:00:00+00,Mayo,18,Jueves,1899/12/30 00:00:00+00,17:45:00,17,REGION DE LOS RIOS,VALDIVIA,COLISION LATERAL,COLISION,URBANA,CRUCE CON SEÑAL PARE,IMPRUDENCIA DEL CONDUCTOR,CONDUCCION NO ATENTO CONDICIONES TRANSITO MOMENTO,CORONEL SANTIAGO BUERAS,CARLOS RUDLOFF,CARLOS RUDLOFF - CORONEL SANTIAGO BUERAS,0, , ,BIDIRECCIONAL,CONCRETO,BUENO,MOJADO,LLUVIA,0,0,0,0,14,141,14101,Los Ríos,Valdivia,Valdivia,Interseccion,"CARLOS RUDLOFF & CORONEL SANTIAGO BUERAS, Valdivia",-39.828525,-73.237189
-7865785.34832084,-3953619.1785351,5598,2023,1555151,2023/08/29 00:00:00+00,Agosto,29,Martes,1899/12/30 00:00:00+00,17:30:00,17,REGION METROPOLITANA,SANTIAGO,CHOQUE LADO/FRENTE,CHOQUE,URBANA,CRUCE CON SEMAFORO FUNCIONANDO,IMPRUDENCIA DEL CONDUCTOR,CONDUCCION NO ATENTO CONDICIONES TRANSITO MOMENTO,MANUEL RODRIGUEZ,CATEDRAL,CATEDRAL - MANUEL RODRIGUEZ,0, , ,UNIDIRECCIONAL,ASFALTO,BUENO,SECO,DESPEJADO,0,1,0,0,13,131,13101,Metropolitana de Santiago,Santiago,Santiago,Interseccion,"CATEDRAL & MANUEL RODRIGUEZ, Santiago",-33.438245,-70.659552
-7828345.65352263,-2093617.56728606,5599,2023,1558937,2023/07/22 00:00:00+00,Julio,22,Sábado,1899/12/30 00:00:00+00,21:30:00,21,REGION ARICA Y PARINACOTA,ARICA,COLISION LATERAL,COLISION,URBANA,OTROS NO CONSIDERADOS,IMPRUDENCIA DEL CONDUCTOR,CONDUCCION NO ATENTO CONDICIONES TRANSITO MOMENTO,COMANDANTE SAN MARTIN,CARLOS CONDELL,CARLOS CONDELL - COMANDANTE SAN MARTIN,0, , ,BIDIRECCIONAL CON BANDEJON,ASFALTO,BUENO,SECO,DESPEJADO,0,0,0,0,15,151,15101,Arica y Parinacota,Arica,Arica,Interseccion,"CARLOS CONDELL & COMANDANTE SAN MARTIN, Arica",-18.478369,-70.323225
-7865785.34832084,-3953619.1785351,5600,2023,1556429,2023/08/29 00:00:00+00,Agosto,29,Martes,1899/12/30 00:00:00+00,17:30:00,17,REGION METROPOLITANA,SANTIAGO,COLISION,COLISION,URBANA,CRUCE CON SEMAFORO FUNCIONANDO,IMPRUDENCIA DEL CONDUCTOR,CONDUCCION SIN MANTENER DISTANCIA RAZONABLE NI PRUDENTE,MANUEL RODRIGUEZ,CATEDRAL,CATEDRAL - MANUEL RODRIGUEZ,0, , ,UNIDIRECCIONAL,ASFALTO,BUENO,SECO,DESPEJADO,0,1,0,0,13,131,13101,Metropolitana de Santiago,Santiago,Santiago,Interseccion,"CATEDRAL & MANUEL RODRIGUEZ, Santiago",-33.438245,-70.659552
-7878681.04341229,-3965140.78594295,5601,2023,1549645,2023/07/22 00:00:00+00,Julio,22,Sábado,1899/12/30 00:00:00+00,22:55:00,22,REGION METROPOLITANA,MAIPU,COLISION LATERAL,COLISION,URBANA,CRUCE CON SEMAFORO FUNCIONANDO,IMPRUDENCIA DEL CONDUCTOR,CONDUCCION NO ATENTO CONDICIONES TRANSITO MOMENTO,NVA SAN MARTIN,EL OLIMPO,EL OLIMPO - NVA SAN MARTIN,0, , ,BIDIRECCIONAL CON BANDEJON,ASFALTO,BUENO,HUMEDO,DESPEJADO,0,1,0,0,13,131,13119,Metropolitana de Santiago,Santiago,Maipú,Interseccion,"EL OLIMPO & NVA SAN MARTIN, Maipú",-33.524571,-70.775396
-7867957.19158621,-3973991.7950432,5602,2023,1533657,2023/05/18 00:00:00+00,Mayo,18,Jueves,1899/12/30 00:00:00+00,18:30:00,18,REGION METROPOLITANA,SAN BERNARDO,CHOQUE POSTERIOR/FRENTE,CHOQUE,URBANA,CRUCE CON SEMAFORO FUNCIONANDO,IMPRUDENCIA DEL CONDUCTOR,CONDUCCION NO ATENTO CONDICIONES TRANSITO MOMENTO,PADRE HURTADO,STA MARTA,PADRE HURTADO - STA MARTA,0, , ,BIDIRECCIONAL CON BANDEJON,ASFALTO,BUENO,SECO,DESPEJADO,0,0,0,0,13,134,13401,Metropolitana de Santiago,Maipo,San Bernardo,Interseccion,"PADRE HURTADO & STA MARTA, San Bernardo",-33.590829,-70.679062
-7869664.83257498,-3971938.8055387,5603,2023,1546766,2023/07/23 00:00:00+00,Julio,23,Domingo,1899/12/30 00:00:00+00,01:20:00,1,REGION METROPOLITANA,EL BOSQUE,CHOQUE FRENTE/POSTERIOR,CHOQUE,URBANA,TRAMO DE VIA RECTA,IMPRUDENCIA DEL CONDUCTOR,CONDUCCION NO ATENTO CONDICIONES TRANSITO MOMENTO,LO BLANCO,VOLCAN VILLARRICA,LO BLANCO - VOLCAN VILLARRICA,0, , ,BIDIRECCIONAL,CONCRETO,BUENO,SECO,NUBLADO,0,0,0,0,13,131,13105,Metropolitana de Santiago,Santiago,El Bosque,Interseccion,"LO BLANCO & VOLCAN VILLARRICA, El Bosque",-33.575465,-70.694402
-8024178.28954688,-4385042.43626253,5604,2023,1555320,2023/08/29 00:00:00+00,Agosto,29,Martes,1899/12/30 00:00:00+00,18:45:00,18,REGION ÑUBLE,CHILLAN,COLISION PERPENDICULAR,COLISION,URBANA,CRUCE CON SEÑAL PARE,DESOBEDIENCIA A SEÑALIZACION,SEÑALIZACION DESOBEDECER SEÑAL PARE,LAS ROSAS,LOS PICUNCHES,LAS ROSAS - LOS PICUNCHES,0, , ,BIDIRECCIONAL,CONCRETO,BUENO,MOJADO,LLUVIA,0,1,0,0,16,161,16101,Ñuble,Diguillín,Chillán,Interseccion,"LAS ROSAS & LOS PICUNCHES, Chillán",-36.61114,-72.08242
-7893974.44901594,-7013405.20960864,5605,2023,1531830,2023/05/18 00:00:00+00,Mayo,18,Jueves,1899/12/30 00:00:00+00,22:05:00,22,REGION MAGALLANES Y ANTARTICA CHILENA,PUNTA ARENAS,COLISION LATERAL,COLISION,URBANA,CRUCE CON SEMAFORO FUNCIONANDO,DESOBEDIENCIA A SEÑALIZACION,SEÑALIZACION DESOBEDECER LUZ ROJA DE SEMAFORO,PRESIDENTE MANUEL BALMACEDA,CHILOE,CHILOE - PRESIDENTE MANUEL BALMACEDA,0, , ,UNIDIRECCIONAL,CONCRETO,BUENO,HUMEDO,NUBLADO,0,1,0,0,12,121,12101,Magallanes y de la Antártica Chilena,Magallanes,Punta Arenas,Interseccion,"CHILOE & PRESIDENTE MANUEL BALMACEDA, Punta Arenas",-53.164075,-70.912779
-7859038.16266436,-3963901.40100809,5606,2023,1548596,2023/07/23 00:00:00+00,Julio,23,Domingo,1899/12/30 00:00:00+00,11:50:00,11,REGION METROPOLITANA,LA FLORIDA,COLISION POR ALCANCE,COLISION,URBANA,CRUCE CON SEÑAL PARE,VELOCIDAD IMPRUDENTE,VELOCIDAD NO RAZONABLE NI PRUDENTE,FROILAN ROA,EL CANELO,EL CANELO - FROILAN ROA,0, , ,BIDIRECCIONAL CON BANDEJON,ASFALTO,REGULAR,SECO,DESPEJADO,0,0,1,1,13,131,13110,Metropolitana de Santiago,Santiago,La Florida,Interseccion,"EL CANELO & FROILAN ROA, La Florida",-33.515289,-70.598941
-8152171.65894913,-4843431.56659884,5607,2023,1555330,2023/08/29 00:00:00+00,Agosto,29,Martes,1899/12/30 00:00:00+00,18:50:00,18,REGION DE LOS RIOS,VALDIVIA,COLISION LATERAL,COLISION,URBANA,CRUCE CON SEMAFORO FUNCIONANDO,IMPRUDENCIA DEL CONDUCTOR,CONDUCCION NO ATENTO CONDICIONES TRANSITO MOMENTO,PEDRO MONTT,CIRCUNVALACION SUR,CIRCUNVALACION SUR - PEDRO MONTT,0, , ,BIDIRECCIONAL CON BANDEJON,CONCRETO,REGULAR,MOJADO,LLUVIA,0,0,0,1,14,141,14101,Los Ríos,Valdivia,Valdivia,Interseccion,"CIRCUNVALACION SUR & PEDRO MONTT, Valdivia",-39.844917,-73.232204
-8137509.84671813,-4416862.02654627,5608,2023,1550745,2023/07/23 00:00:00+00,Julio,23,Domingo,1899/12/30 00:00:00+00,14:30:00,14,REGION BIO BIO,SAN PEDRO DE LA PAZ,COLISION LATERAL,COLISION,URBANA,TRAMO DE VIA RECTA,IMPRUDENCIA DEL CONDUCTOR,CONDUCCION NO ATENTO CONDICIONES TRANSITO MOMENTO,LOS CANELOS,PINEDA Y BASCUÑAN,LOS CANELOS - PINEDA Y BASCUÑAN,0, , ,BIDIRECCIONAL,ASFALTO,BUENO,SECO,DESPEJADO,0,1,0,1,08,081,08108,Biobío,Concepción,San Pedro de la Paz,Interseccion,"LOS CANELOS & PINEDA Y BASCUÑAN, San Pedro de la Paz",-36.840243,-73.100495
-7828471.61157099,-3171859.15736756,5609,2023,1555217,2023/08/29 00:00:00+00,Agosto,29,Martes,1899/12/30 00:00:00+00,19:50:00,19,REGION ATACAMA,COPIAPO,COLISION PERPENDICULAR,COLISION,URBANA,CRUCE SIN SEÑALIZACION,IMPRUDENCIA DEL CONDUCTOR,CONDUCCION NO ATENTO CONDICIONES TRANSITO MOMENTO,COSTANERA SUR,SALITRERA CHILENA,COSTANERA SUR - SALITRERA CHILENA,0, , ,BIDIRECCIONAL,ASFALTO,BUENO,SECO,DESPEJADO,0,1,0,0,03,031,03101,Atacama,Copiapó,Copiapó,Interseccion,"COSTANERA SUR & SALITRERA CHILENA, Copiapó",-27.386626,-70.324357
-7856109.79213956,-3968206.3047197,5610,2023,1534417,2023/05/19 00:00:00+00,Mayo,19,Viernes,1899/12/30 00:00:00+00,07:00:00,7,REGION METROPOLITANA,LA FLORIDA,COLISION LATERAL,COLISION,URBANA,TRAMO DE VIA RECTA,IMPRUDENCIA DEL CONDUCTOR,CONDUCCION NO ATENTO CONDICIONES TRANSITO MOMENTO,TRINIDAD ORIENTE,MEXICO,MEXICO - TRINIDAD ORIENTE,0, , ,BIDIRECCIONAL,CONCRETO,BUENO,SECO,DESPEJADO,0,0,0,1,13,131,13110,Metropolitana de Santiago,Santiago,La Florida,Interseccion,"MEXICO & TRINIDAD ORIENTE, La Florida",-33.547525,-70.572635
-8083506.34612363,-4683561.74568566,5611,2023,1555191,2023/08/29 00:00:00+00,Agosto,29,Martes,1899/12/30 00:00:00+00,20:00:00,20,REGION ARAUCANIA,TEMUCO,COLISION LATERAL,COLISION,URBANA,TRAMO DE VIA RECTA,IMPRUDENCIA DEL CONDUCTOR,CONDUCCION NO ATENTO CONDICIONES TRANSITO MOMENTO,ALEMANIA,TORREMOLINOS,ALEMANIA - TORREMOLINOS,0, , ,BIDIRECCIONAL,CONCRETO,REGULAR,MOJADO,LLUVIA,0,0,0,1,09,091,09101,La Araucanía,Cautín,Temuco,Interseccion,"ALEMANIA & TORREMOLINOS, Temuco",-38.733447,-72.615373
-7976270.59385162,-4220095.62049104,5612,2023,1546659,2023/07/23 00:00:00+00,Julio,23,Domingo,1899/12/30 00:00:00+00,16:20:00,16,REGION MAULE,TALCA,COLISION LATERAL,COLISION,URBANA,CRUCE CON SEMAFORO FUNCIONANDO,DESOBEDIENCIA A SEÑALIZACION,SEÑALIZACION DESOBEDECER LUZ ROJA DE SEMAFORO,12 NORTE,LIRCAY,12 NORTE - LIRCAY,0, , ,BIDIRECCIONAL CON BANDEJON,ASFALTO,BUENO,SECO,NUBLADO,0,0,0,0,07,071,07101,Maule,Talca,Talca,Interseccion,"12 NORTE & LIRCAY, Talca",-35.412611,-71.652058
-7969419.47505313,-3899661.74420678,5613,2023,1532159,2023/05/19 00:00:00+00,Mayo,19,Viernes,1899/12/30 00:00:00+00,07:35:00,7,REGION VALPARAISO,VALPARAISO,COLISION,COLISION,URBANA,CRUCE CON SEMAFORO FUNCIONANDO,VELOCIDAD IMPRUDENTE,VELOCIDAD NO RAZONABLE NI PRUDENTE,ESPAÑA,PELLE,ESPAÑA - PELLE,0, , ,BIDIRECCIONAL CON BANDEJON,ASFALTO,BUENO,SECO,DESPEJADO,0,0,0,0,05,051,05101,Valparaíso,Valparaíso,Valparaíso,Interseccion,"ESPAÑA & PELLE, Valparaíso",-33.032825,-71.590513
-8030222.04734103,-4386509.92112294,5614,2023,1556373,2023/08/29 00:00:00+00,Agosto,29,Martes,1899/12/30 00:00:00+00,20:20:00,20,REGION ÑUBLE,CHILLAN VIEJO,COLISION FRONTAL,COLISION,URBANA,CRUCE CON SEMAFORO FUNCIONANDO,IMPRUDENCIA DEL CONDUCTOR,CONDUCCION NO ATENTO CONDICIONES TRANSITO MOMENTO,O'HIGGINS,LUIS ARELLANO,LUIS ARELLANO - O'HIGGINS,0, , ,BIDIRECCIONAL,ASFALTO,BUENO,SECO,NUBLADO,0,1,0,0,16,161,16103,Ñuble,Diguillín,Chillán Viejo,Interseccion,"LUIS ARELLANO & O'HIGGINS, Chillán Viejo",-36.621721,-72.136712
-7863271.64289923,-3959236.94022004,5615,2023,1546866,2023/07/23 00:00:00+00,Julio,23,Domingo,1899/12/30 00:00:00+00,17:00:00,17,REGION METROPOLITANA,SAN JOAQUIN,VOLCADURA,VOLCADURA,URBANA,TRAMO DE VIA RECTA,VELOCIDAD IMPRUDENTE,VELOCIDAD NO RAZONABLE NI PRUDENTE,RIVAS,PACIFICO,PACIFICO - RIVAS,0, , ,UNIDIRECCIONAL,ASFALTO,BUENO,GRAVILLA,DESPEJADO,0,1,0,0,13,131,13129,Metropolitana de Santiago,Santiago,San Joaquín,Interseccion,"PACIFICO & RIVAS, San Joaquín",-33.480347,-70.636971
-8025903.51901519,-4386790.37636601,5616,2023,1555340,2023/08/29 00:00:00+00,Agosto,29,Martes,1899/12/30 00:00:00+00,22:15:00,22,REGION ÑUBLE,CHILLAN,COLISION LATERAL,COLISION,URBANA,CRUCE CON SEMAFORO FUNCIONANDO,IMPRUDENCIA DEL CONDUCTOR,NO RESPETAR DERECHO PREFERENTE DE PASO A VEHICULO,ALONSO DE ERCILLA,BARROS ARANA,ALONSO DE ERCILLA - BARROS ARANA,0, , ,BIDIRECCIONAL,CONCRETO,BUENO,HUMEDO,NUBLADO,0,0,0,0,16,161,16101,Ñuble,Diguillín,Chillán,Interseccion,"ALONSO DE ERCILLA & BARROS ARANA, Chillán",-36.623743,-72.097918
-7940484.77865032,-3499029.22614528,5617,2023,1547056,2023/07/23 00:00:00+00,Julio,23,Domingo,1899/12/30 00:00:00+00,17:50:00,17,REGION COQUIMBO,COQUIMBO,CHOQUE FRENTE/POSTERIOR,CHOQUE,URBANA,CRUCE CON SEÑAL PARE,IMPRUDENCIA DEL CONDUCTOR,CONDUCCION NO ATENTO CONDICIONES TRANSITO MOMENTO,DOMEYKO,CHORRILLOS,CHORRILLOS - DOMEYKO,0, , ,UNIDIRECCIONAL,ASFALTO,BUENO,SECO,DESPEJADO,0,0,0,0,04,041,04102,Coquimbo,Elqui,Coquimbo,Interseccion,"CHORRILLOS & DOMEYKO, Coquimbo",-29.964825,-71.330588
-7887015.08841002,-3931618.96490777,5618,2023,1535415,2023/05/19 00:00:00+00,Mayo,19,Viernes,1899/12/30 00:00:00+00,11:40:00,11,REGION METROPOLITANA,LAMPA,COLISION,COLISION,URBANA,TRAMO DE VIA RECTA,IMPRUDENCIA DEL CONDUCTOR,CONDUCCION NO ATENTO CONDICIONES TRANSITO MOMENTO,CACIQUE COLIN,CAMINO LAMPA BATUCO,CACIQUE COLIN - CAMINO LAMPA BATUCO,0, , ,BIDIRECCIONAL,ASFALTO,BUENO,SECO,DESPEJADO,0,0,1,1,13,133,13302,Metropolitana de Santiago,Chacabuco,Lampa,Interseccion,"CACIQUE COLIN & CAMINO LAMPA BATUCO, Lampa",-33.273169,-70.850262
-7861745.34136097,-3970590.07651773,5619,2023,1546240,2023/07/23 00:00:00+00,Julio,23,Domingo,1899/12/30 00:00:00+00,18:30:00,18,REGION METROPOLITANA,LA PINTANA,COLISION PERPENDICULAR,COLISION,URBANA,CRUCE SIN SEÑALIZACION,IMPRUDENCIA DEL CONDUCTOR,CONDUCCION NO ATENTO CONDICIONES TRANSITO MOMENTO,OBSERVATORIO,JOSE DONOSO,JOSE DONOSO - OBSERVATORIO,0, , ,BIDIRECCIONAL CON BANDEJON,ASFALTO,BUENO,SECO,NUBLADO,0,0,0,1,13,131,13112,Metropolitana de Santiago,Santiago,La Pintana,Interseccion,"JOSE DONOSO & OBSERVATORIO, La Pintana",-33.56537,-70.62326
-7874540.51495223,-3944699.23539606,5620,2023,1556260,2023/08/30 00:00:00+00,Agosto,30,Miércoles,1899/12/30 00:00:00+00,06:50:00,6,REGION METROPOLITANA,QUILICURA,ATROPELLO,ATROPELLO,URBANA,CRUCE CON SEMAFORO FUNCIONANDO,IMPRUDENCIA DEL CONDUCTOR,NO RESPETAR DERECHO PREFERENTE DE PASO A VEHICULO,AMERICO VESPUCIO,GRAL SAN MARTIN,AMERICO VESPUCIO - GRAL SAN MARTIN,0, , ,UNIDIRECCIONAL,ASFALTO,BUENO,SECO,DESPEJADO,0,0,0,0,13,131,13125,Metropolitana de Santiago,Santiago,Quilicura,Interseccion,"AMERICO VESPUCIO & GRAL SAN MARTIN, Quilicura",-33.371353,-70.738201
-7869563.97711632,-3974819.02704627,5621,2023,1532958,2023/05/19 00:00:00+00,Mayo,19,Viernes,1899/12/30 00:00:00+00,12:50:00,12,REGION METROPOLITANA,SAN BERNARDO,COLISION FRONTAL,COLISION,URBANA,TRAMO DE VIA RECTA,IMPRUDENCIA DEL CONDUCTOR,CONDUCCION NO ATENTO CONDICIONES TRANSITO MOMENTO,ANTONIO VARAS,JOSE BESA,ANTONIO VARAS - JOSE BESA,0, , ,BIDIRECCIONAL,ASFALTO,MALO,SECO,DESPEJADO,0,0,0,0,13,134,13401,Metropolitana de Santiago,Maipo,San Bernardo,Interseccion,"ANTONIO VARAS & JOSE BESA, San Bernardo",-33.597019,-70.693496
-7836070.79209333,-2710778.26300776,5622,2023,1547111,2023/07/23 00:00:00+00,Julio,23,Domingo,1899/12/30 00:00:00+00,22:20:00,22,REGION ANTOFAGASTA,ANTOFAGASTA,COLISION,COLISION,URBANA,CRUCE CON SEÑAL PARE,IMPRUDENCIA DEL CONDUCTOR,CONDUCCION NO ATENTO CONDICIONES TRANSITO MOMENTO,14 DE FEBRERO,SIMON BOLIVAR,14 DE FEBRERO - SIMON BOLIVAR,0, , ,UNIDIRECCIONAL,ASFALTO,BUENO,SECO,DESPEJADO,0,0,0,0,02,021,02101,Antofagasta,Antofagasta,Antofagasta,Interseccion,"14 DE FEBRERO & SIMON BOLIVAR, Antofagasta",-23.649684,-70.392622
-7862401.34712021,-3960842.09681664,5623,2023,1555155,2023/08/30 00:00:00+00,Agosto,30,Miércoles,1899/12/30 00:00:00+00,07:50:00,7,REGION METROPOLITANA,SAN JOAQUIN,COLISION LATERAL,COLISION,URBANA,TRAMO DE VIA RECTA,IMPRUDENCIA DEL CONDUCTOR,CONDUCCION CAMBIAR SORPRESIVAMENTE PISTA CIRCULACION,LAS INDUSTRIAS,CASTELAR NORTE,CASTELAR NORTE - LAS INDUSTRIAS,0, , ,BIDIRECCIONAL CON BANDEJON,ASFALTO,BUENO,SECO,DESPEJADO,0,0,0,2,13,131,13129,Metropolitana de Santiago,Santiago,San Joaquín,Interseccion,"CASTELAR NORTE & LAS INDUSTRIAS, San Joaquín",-33.492373,-70.629153
-7857335.86501115,-3975377.0078448,5624,2023,1546843,2023/07/23 00:00:00+00,Julio,23,Domingo,1899/12/30 00:00:00+00,22:30:00,22,REGION METROPOLITANA,PUENTE ALTO,COLISION PERPENDICULAR,COLISION,URBANA,CRUCE CON SEÑAL CEDA EL PASO,IMPRUDENCIA DEL CONDUCTOR,CONDUCCION NO ATENTO CONDICIONES TRANSITO MOMENTO,INDEPENDENCIA,COQUIMBO,COQUIMBO - INDEPENDENCIA,0, , ,BIDIRECCIONAL,ASFALTO,BUENO,SECO,NUBLADO,0,0,0,2,13,132,13201,Metropolitana de Santiago,Cordillera,Puente Alto,Interseccion,"COQUIMBO & INDEPENDENCIA, Puente Alto",-33.601194,-70.583649
-7879105.31173627,-3963894.54719994,5625,2023,1562937,2023/08/30 00:00:00+00,Agosto,30,Miércoles,1899/12/30 00:00:00+00,08:10:00,8,REGION METROPOLITANA,MAIPU,COLISION LATERAL,COLISION,URBANA,CRUCE CON SEMAFORO FUNCIONANDO,IMPRUDENCIA DEL CONDUCTOR,CONDUCCION NO ATENTO CONDICIONES TRANSITO MOMENTO,PORTALES,3 PONIENTE,3 PONIENTE - PORTALES,0, , ,BIDIRECCIONAL CON BANDEJON,ASFALTO,BUENO,SECO,DESPEJADO,0,0,0,1,13,131,13119,Metropolitana de Santiago,Santiago,Maipú,Interseccion,"3 PONIENTE & PORTALES, Maipú",-33.515238,-70.779207
-7859193.11939555,-3964423.8705988,5626,2023,1533462,2023/05/19 00:00:00+00,Mayo,19,Viernes,1899/12/30 00:00:00+00,13:00:00,13,REGION METROPOLITANA,LA FLORIDA,CHOQUE FRENTE/POSTERIOR,CHOQUE,URBANA,CRUCE CON SEMAFORO FUNCIONANDO,IMPRUDENCIA DEL CONDUCTOR,CONDUCCION NO ATENTO CONDICIONES TRANSITO MOMENTO,VICUÑA MACKENNA ORIENTE,EL CABILDO,EL CABILDO - VICUÑA MACKENNA ORIENTE,0, , ,UNIDIRECCIONAL,CONCRETO,BUENO,SECO,DESPEJADO,0,1,0,0,13,131,13110,Metropolitana de Santiago,Santiago,La Florida,Interseccion,"EL CABILDO & VICUÑA MACKENNA ORIENTE, La Florida",-33.519202,-70.600333
-7968331.60526256,-3898813.28030392,5627,2023,1556443,2023/08/30 00:00:00+00,Agosto,30,Miércoles,1899/12/30 00:00:00+00,08:50:00,8,REGION VALPARAISO,VIÑA DEL MAR,CHOQUE FRONTAL,CHOQUE,URBANA,TRAMO DE VIA RECTA,IMPRUDENCIA DEL CONDUCTOR,CONDUCCION NO ATENTO CONDICIONES TRANSITO MOMENTO,CLUB DE YATES,ESPAÑA,CLUB DE YATES - ESPAÑA,0, , ,BIDIRECCIONAL,CONCRETO,BUENO,SECO,DESPEJADO,0,1,0,0,05,051,05109,Valparaíso,Valparaíso,Viña del Mar,Interseccion,"CLUB DE YATES & ESPAÑA, Viña del Mar",-33.026435,-71.580741
-7852064.99844158,-3958222.2534609,5628,2023,1546710,2023/07/24 00:00:00+00,Julio,24,Lunes,1899/12/30 00:00:00+00,08:40:00,8,REGION METROPOLITANA,PEÑALOLEN,COLISION FRONTAL,COLISION,URBANA,CRUCE CON SEMAFORO FUNCIONANDO,IMPRUDENCIA DEL CONDUCTOR,"ADELANTAMIENTO EN CRUCE, CURVA, CUESTA, PUENTE",LAS PARCELAS,JACARANDA,JACARANDA - LAS PARCELAS,0, , ,BIDIRECCIONAL,CONCRETO,BUENO,SECO,NUBLADO,0,0,0,1,13,131,13122,Metropolitana de Santiago,Santiago,Peñalolén,Interseccion,"JACARANDA & LAS PARCELAS, Peñalolén",-33.472744,-70.5363
-7861148.47964718,-3955775.07997829,5629,2023,1556807,2023/08/30 00:00:00+00,Agosto,30,Miércoles,1899/12/30 00:00:00+00,09:40:00,9,REGION METROPOLITANA,ÑUÑOA,COLISION POR ALCANCE,COLISION,URBANA,CRUCE CON SEMAFORO FUNCIONANDO,IMPRUDENCIA DEL CONDUCTOR,CONDUCCION SIN MANTENER DISTANCIA RAZONABLE NI PRUDENTE,DUBLE ALMEYDA,JOSE MANUEL INFANTE,DUBLE ALMEYDA - JOSE MANUEL INFANTE,0, , ,UNIDIRECCIONAL,CONCRETO,BUENO,SECO,DESPEJADO,0,0,0,0,13,131,13120,Metropolitana de Santiago,Santiago,Ñuñoa,Interseccion,"DUBLE ALMEYDA & JOSE MANUEL INFANTE, Ñuñoa",-33.454405,-70.617898
-7858197.58918939,-3954987.67452428,5630,2023,1532561,2023/05/19 00:00:00+00,Mayo,19,Viernes,1899/12/30 00:00:00+00,14:00:00,14,REGION METROPOLITANA,ÑUÑOA,COLISION,COLISION,URBANA,TRAMO DE VIA RECTA,IMPRUDENCIA DEL CONDUCTOR,CONDUCCION NO ATENTO CONDICIONES TRANSITO MOMENTO,PDTE BATTLE Y ORDOÑEZ,BROWN NORTE,BROWN NORTE - PDTE BATTLE Y ORDOÑEZ,0, , ,BIDIRECCIONAL CON BANDEJON,CONCRETO,BUENO,SECO,DESPEJADO,0,0,0,0,13,131,13120,Metropolitana de Santiago,Santiago,Ñuñoa,Interseccion,"BROWN NORTE & PDTE BATTLE Y ORDOÑEZ, Ñuñoa",-33.448503,-70.59139
-7859329.48577177,-3953134.81401778,5631,2023,1547634,2023/07/24 00:00:00+00,Julio,24,Lunes,1899/12/30 00:00:00+00,08:45:00,8,REGION METROPOLITANA,PROVIDENCIA,COLISION FRONTAL,COLISION,URBANA,CRUCE CON SEMAFORO FUNCIONANDO,IMPRUDENCIA DEL CONDUCTOR,CONDUCCION NO ATENTO CONDICIONES TRANSITO MOMENTO,LOS LEONES,POCURO,LOS LEONES - POCURO,0, , ,BIDIRECCIONAL,ASFALTO,BUENO,SECO,DESPEJADO,0,0,0,2,13,131,13123,Metropolitana de Santiago,Santiago,Providencia,Interseccion,"LOS LEONES & POCURO, Providencia",-33.434614,-70.601558
-7862102.34296794,-3958568.56886833,5632,2023,1533299,2023/05/19 00:00:00+00,Mayo,19,Viernes,1899/12/30 00:00:00+00,14:10:00,14,REGION METROPOLITANA,SAN JOAQUIN,VOLCADURA,VOLCADURA,URBANA,TRAMO DE VIA RECTA,VELOCIDAD IMPRUDENTE,VELOCIDAD NO RAZONABLE NI PRUDENTE,PINTOR CICARELLI,IGNACIO VALDIVIESO,IGNACIO VALDIVIESO - PINTOR CICARELLI,0, , ,UNIDIRECCIONAL,ASFALTO,BUENO,CON ACEITE,DESPEJADO,0,0,0,1,13,131,13129,Metropolitana de Santiago,Santiago,San Joaquín,Interseccion,"IGNACIO VALDIVIESO & PINTOR CICARELLI, San Joaquín",-33.475339,-70.626467
-7852237.76629129,-3949566.53516102,5633,2023,1547734,2023/07/24 00:00:00+00,Julio,24,Lunes,1899/12/30 00:00:00+00,09:10:00,9,REGION METROPOLITANA,LAS CONDES,COLISION LATERAL,COLISION,URBANA,CRUCE CON SEÑAL CEDA EL PASO,IMPRUDENCIA DEL CONDUCTOR,CONDUCCION NO ATENTO CONDICIONES TRANSITO MOMENTO,GRAL BLANCHE,VIEJOS ESTANDARTES,GRAL BLANCHE - VIEJOS ESTANDARTES,0, , ,BIDIRECCIONAL,ASFALTO,BUENO,SECO,NUBLADO,0,0,0,2,13,131,13114,Metropolitana de Santiago,Santiago,Las Condes,Interseccion,"GRAL BLANCHE & VIEJOS ESTANDARTES, Las Condes",-33.40786,-70.537852