X,Y,FID,Año,IdAccident,Fecha,Mes,Dia_mes,Dia_semana,Hora,Hora_texto,Hora_aprox,Región,Comuna,Tipo_Accid,Tipo__CONA,Zona,Ubicación,Causa__CON,Causa_Acci,Calle_Uno,Calle_Dos,Intersecci,Número,Ruta,Ubicaci_1,Calzada,Tipo_Calza,Estado_Cal,Condición,Estado_Atm,Fallecidos,Graves,Menos_Grav,Leves,CUT_REG,CUT_PROV,CUT_COM,REGION,PROVINCIA,COMUNA1,Tipo_direc,Direccion,Lat,Lon
-7872848.57001167,-3960566.19049251,5634,2023,1532163,2023/05/19 00:00:00+00,Mayo,19,Viernes,1899/12/30 00:00:00+00,17:00:00,17,REGION METROPOLITANA,CERRILLOS,COLISION LATERAL,COLISION,URBANA,CRUCE CON SEMAFORO FUNCIONANDO,DESOBEDIENCIA A SEÑALIZACION,SEÑALIZACION DESOBEDECER LUZ ROJA DE SEMAFORO,LO ERRAZURIZ,COST NORTE DEL FERROCARRIL,COST NORTE DEL FERROCARRIL - LO ERRAZURIZ,0, , ,BIDIRECCIONAL,ASFALTO,BUENO,SECO,DESPEJADO,0,0,0,0,13,131,13102,Metropolitana de Santiago,Santiago,Cerrillos,Interseccion,"COST NORTE DEL FERROCARRIL & LO ERRAZURIZ, Cerrillos",-33.490306,-70.723002
-7872848.57001167,-3960566.19049251,5635,2023,1532968,2023/05/19 00:00:00+00,Mayo,19,Viernes,1899/12/30 00:00:00+00,17:00:00,17,REGION METROPOLITANA,CERRILLOS,COLISION,COLISION,URBANA,CRUCE CON SEMAFORO FUNCIONANDO,DESOBEDIENCIA A SEÑALIZACION,SEÑALIZACION DESOBEDECER LUZ ROJA DE SEMAFORO,LO ERRAZURIZ,COST NORTE DEL FERROCARRIL,COST NORTE DEL FERROCARRIL - LO ERRAZURIZ,0, , ,BIDIRECCIONAL,ASFALTO,BUENO,SECO,DESPEJADO,0,0,0,0,13,131,13102,Metropolitana de Santiago,Santiago,Cerrillos,Interseccion,"COST NORTE DEL FERROCARRIL & LO ERRAZURIZ, Cerrillos",-33.490306,-70.723002
-7878000.85214671,-4053226.86694487,5636,2023,1546685,2023/07/24 00:00:00+00,Julio,24,Lunes,1899/12/30 00:00:00+00,17:00:00,17,REGION LIB.B.O'HIGGINS,RANCAGUA,COLISION PERPENDICULAR,COLISION,URBANA,CRUCE CON SEÑAL PARE,DESOBEDIENCIA A SEÑALIZACION,SEÑALIZACION DESOBEDECER SEÑAL PARE,FLORENCIA,PROVINCIAL,FLORENCIA - PROVINCIAL,0, , ,BIDIRECCIONAL,CONCRETO,BUENO,SECO,DESPEJADO,0,0,0,1,06,061,06101,Libertador General Bernardo O'Higgins,Cachapoal,Rancagua,Interseccion,"FLORENCIA & PROVINCIAL, Rancagua",-34.181706,-70.769286
-7859276.29731907,-3950577.58258211,5637,2023,1570221,2023/08/30 00:00:00+00,Agosto,30,Miércoles,1899/12/30 00:00:00+00,10:30:00,10,REGION METROPOLITANA,LAS CONDES,CHOQUE POSTERIOR/FRENTE,CHOQUE,URBANA,TRAMO DE VIA RECTA,IMPRUDENCIA DEL CONDUCTOR,CONDUCCION NO ATENTO CONDICIONES TRANSITO MOMENTO,EL BOSQUE NORTE,SAN SEBASTIAN,EL BOSQUE NORTE - SAN SEBASTIAN,0, , ,BIDIRECCIONAL,ASFALTO,BUENO,SECO,DESPEJADO,0,0,0,0,13,131,13114,Metropolitana de Santiago,Santiago,Las Condes,Interseccion,"EL BOSQUE NORTE & SAN SEBASTIAN, Las Condes",-33.415441,-70.60108
-7932036.03006041,-3495714.22420747,5638,2023,1532156,2023/05/19 00:00:00+00,Mayo,19,Viernes,1899/12/30 00:00:00+00,20:30:00,20,REGION COQUIMBO,LA SERENA,COLISION LATERAL,COLISION,URBANA,TRAMO DE VIA RECTA,IMPRUDENCIA DEL CONDUCTOR,CONDUCCION NO ATENTO CONDICIONES TRANSITO MOMENTO,JUAN CISTERNAS,LAS MESETAS,JUAN CISTERNAS - LAS MESETAS,0, , ,UNIDIRECCIONAL,ASFALTO,BUENO,SECO,DESPEJADO,0,1,0,0,04,041,04101,Coquimbo,Elqui,La Serena,Interseccion,"JUAN CISTERNAS & LAS MESETAS, La Serena",-29.939023,-71.254692
-7932102.71046879,-4202157.52178416,5639,2023,1547014,2023/07/24 00:00:00+00,Julio,24,Lunes,1899/12/30 00:00:00+00,17:10:00,17,REGION MAULE,TALCA,COLISION LATERAL,COLISION,URBANA,TRAMO DE VIA RECTA,IMPRUDENCIA DEL CONDUCTOR,CONDUCCION NO ATENTO CONDICIONES TRANSITO MOMENTO,BERNARDO O'HIGGINS,PUENTE RIO CLARO NUEVO,BERNARDO O'HIGGINS - PUENTE RIO CLARO NUEVO,0, , ,BIDIRECCIONAL,CONCRETO,BUENO,SECO,DESPEJADO,0,1,0,1,07,071,07101,Maule,Talca,Talca,Interseccion,"BERNARDO O'HIGGINS & PUENTE RIO CLARO NUEVO, Talca",-35.281174,-71.255291
-7850588.72388248,-3942306.53231697,5640,2023,1532122,2023/05/19 00:00:00+00,Mayo,19,Viernes,1899/12/30 00:00:00+00,21:00:00,21,REGION METROPOLITANA,LO BARNECHEA,COLISION LATERAL,COLISION,URBANA,CRUCE CON SEMAFORO FUNCIONANDO,IMPRUDENCIA DEL CONDUCTOR,NO RESPETAR DERECHO PREFERENTE DE PASO A VEHICULO,JOSE ALCALDE DELANO,CAMINO CENTRAL,CAMINO CENTRAL - JOSE ALCALDE DELANO,0, , ,BIDIRECCIONAL,CONCRETO,BUENO,SECO,DESPEJADO,0,1,0,0,13,131,13115,Metropolitana de Santiago,Santiago,Lo Barnechea,Interseccion,"CAMINO CENTRAL & JOSE ALCALDE DELANO, Lo Barnechea",-33.353401,-70.523038
-7864560.94519707,-3952865.89445011,5641,2023,1533207,2023/05/19 00:00:00+00,Mayo,19,Viernes,1899/12/30 00:00:00+00,22:00:00,22,REGION METROPOLITANA,RECOLETA,ATROPELLO,ATROPELLO,URBANA,CRUCE CON SEMAFORO FUNCIONANDO,IMPRUDENCIA DEL PEATON,PEATON CRUZA CAMINO O CARRETERA SIN ADOPTAR PRECAUCIONES,STA MARIA,RECOLETA,RECOLETA - STA MARIA,0, , ,UNIDIRECCIONAL,ASFALTO,BUENO,SECO,DESPEJADO,0,0,0,2,13,131,13127,Metropolitana de Santiago,Santiago,Recoleta,Interseccion,"RECOLETA & STA MARIA, Recoleta",-33.432598,-70.648553
-7867532.06245087,-3951313.45933022,5642,2023,1533552,2023/05/19 00:00:00+00,Mayo,19,Viernes,1899/12/30 00:00:00+00,22:30:00,22,REGION METROPOLITANA,RENCA,COLISION,COLISION,URBANA,TRAMO DE VIA RECTA,IMPRUDENCIA DEL CONDUCTOR,CONDUCCION NO ATENTO CONDICIONES TRANSITO MOMENTO,JORGE HIRMAS,PDTE EDUARDO FREI MONTALVA,JORGE HIRMAS - PDTE EDUARDO FREI MONTALVA,0, , ,UNIDIRECCIONAL,ASFALTO,BUENO,SECO,DESPEJADO,0,1,0,0,13,131,13128,Metropolitana de Santiago,Santiago,Renca,Interseccion,"JORGE HIRMAS & PDTE EDUARDO FREI MONTALVA, Renca",-33.420959,-70.675243
-7875391.55245935,-4051284.20636897,5643,2023,1546686,2023/07/24 00:00:00+00,Julio,24,Lunes,1899/12/30 00:00:00+00,18:15:00,18,REGION LIB.B.O'HIGGINS,RANCAGUA,COLISION LATERAL,COLISION,URBANA,CRUCE CON SEMAFORO FUNCIONANDO,IMPRUDENCIA DEL CONDUCTOR,NO RESPETAR DERECHO PREFERENTE DE PASO A VEHICULO,SAN MARTIN,MUJICA,MUJICA - SAN MARTIN,0, , ,BIDIRECCIONAL,CONCRETO,BUENO,SECO,DESPEJADO,0,0,0,1,06,061,06101,Libertador General Bernardo O'Higgins,Cachapoal,Rancagua,Interseccion,"MUJICA & SAN MARTIN, Rancagua",-34.167268,-70.745846
-7859642.18222141,-3958197.43125199,5644,2023,1549240,2023/07/24 00:00:00+00,Julio,24,Lunes,1899/12/30 00:00:00+00,18:30:00,18,REGION METROPOLITANA,ÑUÑOA,COLISION POR ALCANCE,COLISION,URBANA,CRUCE CON SEÑAL PARE,DESOBEDIENCIA A SEÑALIZACION,SEÑALIZACION DESOBEDECER SEÑAL PARE,ZAÑARTU,LOS 3 ANTONIOS,LOS 3 ANTONIOS - ZAÑARTU,0, , ,BIDIRECCIONAL,CONCRETO,BUENO,SECO,DESPEJADO,0,0,0,1,13,131,13120,Metropolitana de Santiago,Santiago,Ñuñoa,Interseccion,"LOS 3 ANTONIOS & ZAÑARTU, Ñuñoa",-33.472558,-70.604367
-7825626.50806982,-2094015.18799803,5645,2023,1534291,2023/05/19 00:00:00+00,Mayo,19,Viernes,1899/12/30 00:00:00+00,23:10:00,23,REGION ARICA Y PARINACOTA,ARICA,COLISION LATERAL,COLISION,URBANA,OTROS NO CONSIDERADOS,IMPRUDENCIA DEL CONDUCTOR,CONDUCCION NO ATENTO CONDICIONES TRANSITO MOMENTO,JUAN ANTONIO RIOS,ROJAS SALFATE,JUAN ANTONIO RIOS - ROJAS SALFATE,0, , ,BIDIRECCIONAL,ASFALTO,BUENO,SECO,DESPEJADO,0,0,0,1,15,151,15101,Arica y Parinacota,Arica,Arica,Interseccion,"JUAN ANTONIO RIOS & ROJAS SALFATE, Arica",-18.481757,-70.298799
-7867252.87316796,-3953437.75623719,5646,2023,1549415,2023/07/24 00:00:00+00,Julio,24,Lunes,1899/12/30 00:00:00+00,19:00:00,19,REGION METROPOLITANA,SANTIAGO,COLISION,COLISION,URBANA,CRUCE CON SEÑAL PARE,DESOBEDIENCIA A SEÑALIZACION,SEÑALIZACION DESOBEDECER SEÑAL PARE,CUETO,ESPERANZA,CUETO - ESPERANZA,0, , ,UNIDIRECCIONAL,CONCRETO,BUENO,SECO,DESPEJADO,0,0,0,0,13,131,13101,Metropolitana de Santiago,Santiago,Santiago,Interseccion,"CUETO & ESPERANZA, Santiago",-33.436885,-70.672735
-8136493.75582428,-4410697.60239979,5647,2023,1532079,2023/05/20 00:00:00+00,Mayo,20,Sábado,1899/12/30 00:00:00+00,04:50:00,4,REGION BIO BIO,HUALPEN,VOLCADURA,VOLCADURA,URBANA,CRUCE CON SEÑAL PARE,ALCOHOL EN CONDUCTOR,CONDUCCION EN ESTADO DE EBRIEDAD,CRISTOBAL COLON,RAMUNTCHO,CRISTOBAL COLON - RAMUNTCHO,0, , ,BIDIRECCIONAL CON BANDEJON,CONCRETO,BUENO,SECO,DESPEJADO,0,0,0,0,08,081,08112,Biobío,Concepción,Hualpén,Interseccion,"CRISTOBAL COLON & RAMUNTCHO, Hualpén",-36.795912,-73.091367
-8134479.31831888,-4412767.17854713,5648,2023,1555446,2023/08/30 00:00:00+00,Agosto,30,Miércoles,1899/12/30 00:00:00+00,13:03:00,13,REGION BIO BIO,CONCEPCION,VOLCADURA,VOLCADURA,URBANA,TRAMO DE VIA RECTA,VELOCIDAD IMPRUDENTE,VELOCIDAD NO RAZONABLE NI PRUDENTE,21 DE MAYO,DOCTOR CARLOS OLIVER,21 DE MAYO - DOCTOR CARLOS OLIVER,0, , ,BIDIRECCIONAL,CONCRETO,BUENO,SECO,DESPEJADO,0,0,0,1,08,081,08101,Biobío,Concepción,Concepción,Interseccion,"21 DE MAYO & DOCTOR CARLOS OLIVER, Concepción",-36.810798,-73.073271
-7859497.09952906,-3965565.64181728,5649,2023,1532395,2023/05/20 00:00:00+00,Mayo,20,Sábado,1899/12/30 00:00:00+00,06:25:00,6,REGION METROPOLITANA,LA GRANJA,VOLCADURA,VOLCADURA,URBANA,TRAMO DE VIA RECTA,VELOCIDAD IMPRUDENTE,VELOCIDAD NO RAZONABLE NI PRUDENTE,AMERICO VESPUCIO,LA SERENA,AMERICO VESPUCIO - LA SERENA,0, , ,UNIDIRECCIONAL,ASFALTO,BUENO,SECO,NUBLADO,0,0,1,0,13,131,13111,Metropolitana de Santiago,Santiago,La Granja,Interseccion,"AMERICO VESPUCIO & LA SERENA, La Granja",-33.527753,-70.603064
-7874958.07430654,-3322417.96308029,5650,2023,1558010,2023/08/30 00:00:00+00,Agosto,30,Miércoles,1899/12/30 00:00:00+00,14:50:00,14,REGION ATACAMA,VALLENAR,COLISION LATERAL,COLISION,URBANA,CRUCE CON SEÑAL CEDA EL PASO,IMPRUDENCIA DEL CONDUCTOR,CONDUCCION NO ATENTO CONDICIONES TRANSITO MOMENTO,HUASCO,NICOLAS NARANJO,HUASCO - NICOLAS NARANJO,0, , ,BIDIRECCIONAL,ASFALTO,BUENO,SECO,DESPEJADO,0,0,0,1,03,033,03301,Atacama,Huasco,Vallenar,Interseccion,"HUASCO & NICOLAS NARANJO, Vallenar",-28.580952,-70.741952
-7855912.75664085,-3955641.02901063,5651,2023,1558241,2023/08/30 00:00:00+00,Agosto,30,Miércoles,1899/12/30 00:00:00+00,15:00:00,15,REGION METROPOLITANA,ÑUÑOA,CHOQUE FRENTE/POSTERIOR,CHOQUE,URBANA,CRUCE CON SEMAFORO FUNCIONANDO,DESOBEDIENCIA A SEÑALIZACION,SEÑALIZACION DESOBEDECER LUZ ROJA DE SEMAFORO,AMERICO VESPUCIO,IRARRAZAVAL,AMERICO VESPUCIO - IRARRAZAVAL,0, , ,BIDIRECCIONAL CON BANDEJON,CONCRETO,BUENO,SECO,DESPEJADO,0,0,0,0,13,131,13120,Metropolitana de Santiago,Santiago,Ñuñoa,Interseccion,"AMERICO VESPUCIO & IRARRAZAVAL, Ñuñoa",-33.4534,-70.570865
-7872865.37925478,-3954411.86725454,5652,2023,1533133,2023/05/20 00:00:00+00,Mayo,20,Sábado,1899/12/30 00:00:00+00,09:30:00,9,REGION METROPOLITANA,LO PRADO,COLISION LATERAL,COLISION,URBANA,CRUCE CON SEMAFORO FUNCIONANDO,IMPRUDENCIA DEL CONDUCTOR,CONDUCCION CAMBIAR SORPRESIVAMENTE PISTA CIRCULACION,SAN PABLO,NEPTUNO,NEPTUNO - SAN PABLO,0, , ,BIDIRECCIONAL,ASFALTO,BUENO,SECO,NUBLADO,0,1,0,0,13,131,13117,Metropolitana de Santiago,Santiago,Lo Prado,Interseccion,"NEPTUNO & SAN PABLO, Lo Prado",-33.444187,-70.723153
-7854502.89528995,-3960466.88184547,5653,2023,1555734,2023/08/30 00:00:00+00,Agosto,30,Miércoles,1899/12/30 00:00:00+00,17:15:00,17,REGION METROPOLITANA,PEÑALOLEN,COLISION FRONTAL,COLISION,URBANA,CRUCE CON SEÑAL PARE,IMPRUDENCIA DEL CONDUCTOR,ADELANTAMIENTO SOBREPASANDO LINEA CONTINUA,MARIANO SANCHEZ FONTECILLA,VALLE DEL ACONCAGUA,MARIANO SANCHEZ FONTECILLA - VALLE DEL ACONCAGUA,0, , ,BIDIRECCIONAL,CONCRETO,BUENO,SECO,DESPEJADO,0,0,0,0,13,131,13122,Metropolitana de Santiago,Santiago,Peñalolén,Interseccion,"MARIANO SANCHEZ FONTECILLA & VALLE DEL ACONCAGUA, Peñalolén",-33.489562,-70.5582
-7865429.45990877,-3950873.60277431,5654,2023,1546956,2023/07/24 00:00:00+00,Julio,24,Lunes,1899/12/30 00:00:00+00,19:30:00,19,REGION METROPOLITANA,INDEPENDENCIA,ATROPELLO,ATROPELLO,URBANA,CRUCE CON SEMAFORO FUNCIONANDO,DESOBEDIENCIA A SEÑALIZACION,SEÑALIZACION DESOBEDECER LUZ ROJA DE SEMAFORO,INDEPENDENCIA,PROFE ALBERTO ZAÑARTU,INDEPENDENCIA - PROFE ALBERTO ZAÑARTU,0, , ,BIDIRECCIONAL,CONCRETO,BUENO,SECO,NUBLADO,0,0,1,1,13,131,13108,Metropolitana de Santiago,Santiago,Independencia,Interseccion,"INDEPENDENCIA & PROFE ALBERTO ZAÑARTU, Independencia",-33.417661,-70.656355
-7852321.1445899,-3974318.27063115,5655,2023,1532046,2023/05/20 00:00:00+00,Mayo,20,Sábado,1899/12/30 00:00:00+00,13:40:00,13,REGION METROPOLITANA,PUENTE ALTO,COLISION POR ALCANCE,COLISION,URBANA,CRUCE CON SEMAFORO FUNCIONANDO,DESOBEDIENCIA A SEÑALIZACION,SEÑALIZACION DESOBEDECER LUZ ROJA DE SEMAFORO,CAMILO HENRIQUEZ,PASO ALTO ORIENTE,CAMILO HENRIQUEZ - PASO ALTO ORIENTE,0, , ,BIDIRECCIONAL CON BANDEJON,ASFALTO,BUENO,SECO,DESPEJADO,0,0,0,1,13,132,13201,Metropolitana de Santiago,Cordillera,Puente Alto,Interseccion,"CAMILO HENRIQUEZ & PASO ALTO ORIENTE, Puente Alto",-33.593272,-70.538601
-7978146.78954793,-4221295.52420628,5656,2023,1555825,2023/08/30 00:00:00+00,Agosto,30,Miércoles,1899/12/30 00:00:00+00,18:00:00,18,REGION MAULE,TALCA,COLISION,COLISION,URBANA,TRAMO DE VIA RECTA,DESOBEDIENCIA A SEÑALIZACION,SEÑALIZACION DESOBEDECER LUZ ROJA DE SEMAFORO,3 PONIENTE,BERNARDO O'HIGGINS,3 PONIENTE - BERNARDO O'HIGGINS,0, , ,UNIDIRECCIONAL,CONCRETO,BUENO,SECO,DESPEJADO,0,0,0,1,07,071,07101,Maule,Talca,Talca,Interseccion,"3 PONIENTE & BERNARDO O'HIGGINS, Talca",-35.421395,-71.668912
-7976471.54253099,-4220731.50413798,5657,2023,1532135,2023/05/20 00:00:00+00,Mayo,20,Sábado,1899/12/30 00:00:00+00,14:20:00,14,REGION MAULE,TALCA,COLISION LATERAL,COLISION,URBANA,TRAMO DE VIA RECTA,IMPRUDENCIA DEL CONDUCTOR,CONDUCCION NO ATENTO CONDICIONES TRANSITO MOMENTO,8 NORTE,CANCHA RAYADA,8 NORTE - CANCHA RAYADA,0, , ,UNIDIRECCIONAL,CONCRETO,BUENO,MOJADO,LLUVIA,0,0,0,1,07,071,07101,Maule,Talca,Talca,Interseccion,"8 NORTE & CANCHA RAYADA, Talca",-35.417266,-71.653863
-7879185.98866706,-3962818.41672747,5658,2023,1557425,2023/08/30 00:00:00+00,Agosto,30,Miércoles,1899/12/30 00:00:00+00,18:30:00,18,REGION METROPOLITANA,MAIPU,VOLCADURA,VOLCADURA,URBANA,CRUCE CON SEMAFORO APAGADO,IMPRUDENCIA DEL CONDUCTOR,CONDUCCION NO ATENTO CONDICIONES TRANSITO MOMENTO,CAMINO A RINCONADA,PADRE ALBERTO HURTADO,CAMINO A RINCONADA - PADRE ALBERTO HURTADO,0, , ,BIDIRECCIONAL CON BANDEJON,ASFALTO,BUENO,SECO,DESPEJADO,0,1,0,0,13,131,13119,Metropolitana de Santiago,Santiago,Maipú,Interseccion,"CAMINO A RINCONADA & PADRE ALBERTO HURTADO, Maipú",-33.507178,-70.779932
-7857808.63888855,-3948429.48896029,5659,2023,1532482,2023/05/20 00:00:00+00,Mayo,20,Sábado,1899/12/30 00:00:00+00,16:30:00,16,REGION METROPOLITANA,VITACURA,COLISION LATERAL,COLISION,URBANA,CRUCE CON SEMAFORO FUNCIONANDO,DESOBEDIENCIA A SEÑALIZACION,SEÑALIZACION DESOBEDECER LUZ ROJA DE SEMAFORO,AMERICO VESPUCIO NORTE,VITACURA,AMERICO VESPUCIO NORTE - VITACURA,0, , ,BIDIRECCIONAL CON BANDEJON,ASFALTO,BUENO,SECO,DESPEJADO,0,1,0,2,13,131,13132,Metropolitana de Santiago,Santiago,Vitacura,Interseccion,"AMERICO VESPUCIO NORTE & VITACURA, Vitacura",-33.399333,-70.587896
-8052825.4699466,-4504023.47934272,5660,2023,1555259,2023/08/30 00:00:00+00,Agosto,30,Miércoles,1899/12/30 00:00:00+00,19:15:00,19,REGION BIO BIO,LOS ANGELES,COLISION LATERAL,COLISION,URBANA,CRUCE SIN SEÑALIZACION,IMPRUDENCIA DEL CONDUCTOR,CONDUCCION NO ATENTO CONDICIONES TRANSITO MOMENTO,COMANDANTE LUIS SOTO,MARCONI,COMANDANTE LUIS SOTO - MARCONI,0, , ,BIDIRECCIONAL,ASFALTO,BUENO,SECO,DESPEJADO,0,0,0,0,08,083,08301,Biobío,Biobío,Los Angeles,Interseccion,"COMANDANTE LUIS SOTO & MARCONI, Los Angeles",-37.464301,-72.339762
-8028771.88833446,-4386920.89736302,5661,2023,1549469,2023/07/24 00:00:00+00,Julio,24,Lunes,1899/12/30 00:00:00+00,20:40:00,20,REGION ÑUBLE,CHILLAN VIEJO,COLISION FRONTAL,COLISION,URBANA,CRUCE CON SEÑAL CEDA EL PASO,IMPRUDENCIA DEL CONDUCTOR,CONDUCCION NO ATENTO CONDICIONES TRANSITO MOMENTO,JUAN MARTINEZ DE ROZAS,BAQUEDANO,BAQUEDANO - JUAN MARTINEZ DE ROZAS,0, , ,BIDIRECCIONAL,ASFALTO,REGULAR,SECO,DESPEJADO,0,1,0,0,16,161,16103,Ñuble,Diguillín,Chillán Viejo,Interseccion,"BAQUEDANO & JUAN MARTINEZ DE ROZAS, Chillán Viejo",-36.624684,-72.123685
-7978839.08546118,-4222905.92030481,5662,2023,1531998,2023/05/20 00:00:00+00,Mayo,20,Sábado,1899/12/30 00:00:00+00,17:15:00,17,REGION MAULE,TALCA,COLISION LATERAL,COLISION,URBANA,CRUCE CON SEÑAL PARE,DESOBEDIENCIA A SEÑALIZACION,SEÑALIZACION DESOBEDECER SEÑAL PARE,6 PONIENTE,10 SUR,10 SUR - 6 PONIENTE,0, , ,UNIDIRECCIONAL,CONCRETO,BUENO,SECO,DESPEJADO,0,0,0,1,07,071,07101,Maule,Talca,Talca,Interseccion,"10 SUR & 6 PONIENTE, Talca",-35.433183,-71.675131
-7933205.66395018,-3490659.53178977,5663,2023,1556172,2023/08/30 00:00:00+00,Agosto,30,Miércoles,1899/12/30 00:00:00+00,19:50:00,19,REGION COQUIMBO,LA SERENA,COLISION PERPENDICULAR,COLISION,URBANA,CRUCE CON SEÑAL PARE,DESOBEDIENCIA A SEÑALIZACION,SEÑALIZACION DESOBEDECER SEÑAL PARE,CRUZ DEL MOLINO,MARCOS GALLO VERGARA,CRUZ DEL MOLINO - MARCOS GALLO VERGARA,0, , ,BIDIRECCIONAL CON BANDEJON,ASFALTO,BUENO,SECO,DESPEJADO,0,0,0,2,04,041,04101,Coquimbo,Elqui,La Serena,Interseccion,"CRUZ DEL MOLINO & MARCOS GALLO VERGARA, La Serena",-29.899667,-71.265199
-7902901.93821909,-4106891.07493907,5664,2023,1548844,2023/07/25 00:00:00+00,Julio,25,Martes,1899/12/30 00:00:00+00,08:05:00,8,REGION LIB.B.O'HIGGINS,SAN FERNANDO,COLISION LATERAL,COLISION,URBANA,CRUCE CON SEÑAL PARE,IMPRUDENCIA DEL CONDUCTOR,CONDUCCION NO ATENTO CONDICIONES TRANSITO MOMENTO,EL ROBLE,NEGRETE,EL ROBLE - NEGRETE,0, , ,UNIDIRECCIONAL,ASFALTO,BUENO,SECO,DESPEJADO,0,0,0,0,06,063,06301,Libertador General Bernardo O'Higgins,Colchagua,San Fernando,Interseccion,"EL ROBLE & NEGRETE, San Fernando",-34.579562,-70.992976
-7852908.35490383,-3955207.01179838,5665,2023,1555781,2023/08/30 00:00:00+00,Agosto,30,Miércoles,1899/12/30 00:00:00+00,19:50:00,19,REGION METROPOLITANA,LA REINA,OTRO TIPO,OTRO TIPO,URBANA,OTROS NO CONSIDERADOS,OTRAS CAUSAS,OTRAS CAUSAS,NVA VALENZUELA LLANOS,CARLOS OSSANDON,CARLOS OSSANDON - NVA VALENZUELA LLANOS,0, , ,BIDIRECCIONAL,CONCRETO,BUENO,SECO,DESPEJADO,0,0,0,0,13,131,13113,Metropolitana de Santiago,Santiago,La Reina,Interseccion,"CARLOS OSSANDON & NVA VALENZUELA LLANOS, La Reina",-33.450147,-70.543876
-7872894.54496137,-3954414.93566036,5666,2023,1547155,2023/07/25 00:00:00+00,Julio,25,Martes,1899/12/30 00:00:00+00,09:20:00,9,REGION METROPOLITANA,LO PRADO,COLISION PERPENDICULAR,COLISION,URBANA,CRUCE CON SEMAFORO FUNCIONANDO,IMPRUDENCIA DEL CONDUCTOR,NO RESPETAR DERECHO PREFERENTE DE PASO A VEHICULO,CORONA SUECA,TAURO,CORONA SUECA - TAURO,0, , ,BIDIRECCIONAL CON BANDEJON,ASFALTO,BUENO,SECO,DESPEJADO,0,1,0,0,13,131,13117,Metropolitana de Santiago,Santiago,Lo Prado,Interseccion,"CORONA SUECA & TAURO, Lo Prado",-33.44421,-70.723415
-7863031.97203555,-3966257.84183159,5667,2023,1532391,2023/05/20 00:00:00+00,Mayo,20,Sábado,1899/12/30 00:00:00+00,17:15:00,17,REGION METROPOLITANA,LA GRANJA,COLISION LATERAL,COLISION,URBANA,CRUCE CON SEMAFORO FUNCIONANDO,DESOBEDIENCIA A SEÑALIZACION,SEÑALIZACION DESOBEDECER LUZ ROJA DE SEMAFORO,TOME,STA ROSA,STA ROSA - TOME,0, , ,BIDIRECCIONAL CON BANDEJON,CONCRETO,BUENO,SECO,DESPEJADO,0,1,0,0,13,131,13111,Metropolitana de Santiago,Santiago,La Granja,Interseccion,"STA ROSA & TOME, La Granja",-33.532936,-70.634818
-7926910.80278065,-3492940.64933348,5668,2023,1546759,2023/07/25 00:00:00+00,Julio,25,Martes,1899/12/30 00:00:00+00,10:25:00,10,REGION COQUIMBO,LA SERENA,VOLCADURA,VOLCADURA,URBANA,TRAMO DE VIA RECTA,DEFICIENCIAS VIALES,ANIMALES SUELTOS VIA PUBLICA,LAS ORQUIDEAS,18 DE SEPTIEMBRE,18 DE SEPTIEMBRE - LAS ORQUIDEAS,0, , ,UNIDIRECCIONAL,CONCRETO,BUENO,SECO,DESPEJADO,0,0,0,1,04,041,04101,Coquimbo,Elqui,La Serena,Interseccion,"18 DE SEPTIEMBRE & LAS ORQUIDEAS, La Serena",-29.91743,-71.208651
-7865083.2562924,-3956696.05358545,5669,2023,1571200,2023/08/31 00:00:00+00,Agosto,31,Jueves,1899/12/30 00:00:00+00,07:30:00,7,REGION METROPOLITANA,SANTIAGO,ATROPELLO,ATROPELLO,URBANA,TRAMO DE VIA RECTA,IMPRUDENCIA DEL CONDUCTOR,NO RESPETAR DERECHO PREFERENTE DE PASO A PEATON,LORD COCHRANE,LIBER BERNARDO O'HIGGINS,LIBER BERNARDO O'HIGGINS - LORD COCHRANE,0, , ,UNIDIRECCIONAL,ASFALTO,BUENO,SECO,DESPEJADO,0,0,0,0,13,131,13101,Metropolitana de Santiago,Santiago,Santiago,Interseccion,"LIBER BERNARDO O'HIGGINS & LORD COCHRANE, Santiago",-33.461307,-70.653245
-8143058.15487687,-4950306.1970887,5670,2023,1536842,2023/05/20 00:00:00+00,Mayo,20,Sábado,1899/12/30 00:00:00+00,18:05:00,18,REGION LOS LAGOS,OSORNO,COLISION FRONTAL,COLISION,URBANA,CRUCE CON SEÑAL PARE,IMPRUDENCIA DEL CONDUCTOR,CONDUCCION NO ATENTO CONDICIONES TRANSITO MOMENTO,IQUIQUE,CONCEPCION,CONCEPCION - IQUIQUE,0, , ,UNIDIRECCIONAL,CONCRETO,BUENO,MOJADO,LLUVIA,0,0,0,1,10,103,10301,Los Lagos,Osorno,Osorno,Interseccion,"CONCEPCION & IQUIQUE, Osorno",-40.578079,-73.150336
-7865885.23030168,-3954108.21124656,5671,2023,1549426,2023/07/25 00:00:00+00,Julio,25,Martes,1899/12/30 00:00:00+00,11:20:00,11,REGION METROPOLITANA,SANTIAGO,COLISION,COLISION,URBANA,TRAMO DE VIA RECTA,IMPRUDENCIA DEL CONDUCTOR,CONDUCCION NO ATENTO CONDICIONES TRANSITO MOMENTO,MANUEL RODRIGUEZ,AGUSTINAS,AGUSTINAS - MANUEL RODRIGUEZ,0, , ,UNIDIRECCIONAL,CONCRETO,BUENO,SECO,DESPEJADO,0,0,0,0,13,131,13101,Metropolitana de Santiago,Santiago,Santiago,Interseccion,"AGUSTINAS & MANUEL RODRIGUEZ, Santiago",-33.441911,-70.660449