X,Y,FID,Año,IdAccident,Fecha,Mes,Dia_mes,Dia_semana,Hora,Hora_texto,Hora_aprox,Región,Comuna,Tipo_Accid,Tipo__CONA,Zona,Ubicación,Causa__CON,Causa_Acci,Calle_Uno,Calle_Dos,Intersecci,Número,Ruta,Ubicaci_1,Calzada,Tipo_Calza,Estado_Cal,Condición,Estado_Atm,Fallecidos,Graves,Menos_Grav,Leves,CUT_REG,CUT_PROV,CUT_COM,REGION,PROVINCIA,COMUNA1,Tipo_direc,Direccion,Lat,Lon
-7974535.26140481,-4221347.28719267,5672,2023,1555751,2023/08/31 00:00:00+00,Agosto,31,Jueves,1899/12/30 00:00:00+00,07:55:00,7,REGION MAULE,TALCA,COLISION POR ALCANCE,COLISION,URBANA,TRAMO DE VIA RECTA,IMPRUDENCIA DEL CONDUCTOR,NO RESPETAR DERECHO PREFERENTE DE PASO A VEHICULO,18 ORIENTE,7 NORTE,18 ORIENTE - 7 NORTE,0, , ,BIDIRECCIONAL,CONCRETO,BUENO,SECO,DESPEJADO,1,0,0,0,07,071,07101,Maule,Talca,Talca,Interseccion,"18 ORIENTE & 7 NORTE, Talca",-35.421774,-71.636469
-7868743.44114968,-3951830.82564334,5673,2023,1549071,2023/07/25 00:00:00+00,Julio,25,Martes,1899/12/30 00:00:00+00,11:30:00,11,REGION METROPOLITANA,QUINTA NORMAL,COLISION POR ALCANCE,COLISION,URBANA,TRAMO DE VIA RECTA,IMPRUDENCIA DEL CONDUCTOR,CONDUCCION NO ATENTO CONDICIONES TRANSITO MOMENTO,CARRASCAL,POETA PEDRO PRADO,CARRASCAL - POETA PEDRO PRADO,0, , ,BIDIRECCIONAL,ASFALTO,BUENO,SECO,DESPEJADO,0,0,0,1,13,131,13126,Metropolitana de Santiago,Santiago,Quinta Normal,Interseccion,"CARRASCAL & POETA PEDRO PRADO, Quinta Normal",-33.424838,-70.686125
-7862370.0663433,-3967561.45517339,5674,2023,1558088,2023/08/31 00:00:00+00,Agosto,31,Jueves,1899/12/30 00:00:00+00,08:15:00,8,REGION METROPOLITANA,LA GRANJA,COLISION LATERAL,COLISION,URBANA,TRAMO DE VIA RECTA,IMPRUDENCIA DEL CONDUCTOR,CONDUCCION NO ATENTO CONDICIONES TRANSITO MOMENTO,AMERICO VESPUCIO,TACORA,AMERICO VESPUCIO - TACORA,0, , ,UNIDIRECCIONAL,ASFALTO,BUENO,SECO,NUBLADO,0,0,0,1,13,131,13111,Metropolitana de Santiago,Santiago,La Granja,Interseccion,"AMERICO VESPUCIO & TACORA, La Granja",-33.542697,-70.628872
-7859767.31647214,-3963899.31145757,5675,2023,1533466,2023/05/20 00:00:00+00,Mayo,20,Sábado,1899/12/30 00:00:00+00,18:10:00,18,REGION METROPOLITANA,LA FLORIDA,COLISION LATERAL,COLISION,URBANA,CRUCE CON SEMAFORO FUNCIONANDO,IMPRUDENCIA DEL CONDUCTOR,CONDUCCION CAMBIAR SORPRESIVAMENTE PISTA CIRCULACION,VICUÑA MACKENNA PONIENTE,BARCELONA,BARCELONA - VICUÑA MACKENNA PONIENTE,0, , ,BIDIRECCIONAL CON BANDEJON,CONCRETO,BUENO,SECO,DESPEJADO,0,0,0,1,13,131,13110,Metropolitana de Santiago,Santiago,La Florida,Interseccion,"BARCELONA & VICUÑA MACKENNA PONIENTE, La Florida",-33.515273,-70.605491
-7929955.0124121,-3493737.22153041,5676,2023,1556187,2023/08/31 00:00:00+00,Agosto,31,Jueves,1899/12/30 00:00:00+00,09:50:00,9,REGION COQUIMBO,LA SERENA,COLISION PERPENDICULAR,COLISION,URBANA,CRUCE CON SEÑAL PARE,DESOBEDIENCIA A SEÑALIZACION,SEÑALIZACION DESOBEDECER SEÑAL PARE,GUILLERMO ULRIKSEN,SAN JOAQUIN,GUILLERMO ULRIKSEN - SAN JOAQUIN,0, , ,BIDIRECCIONAL CON BANDEJON,ASFALTO,BUENO,SECO,DESPEJADO,0,0,0,1,04,041,04101,Coquimbo,Elqui,La Serena,Interseccion,"GUILLERMO ULRIKSEN & SAN JOAQUIN, La Serena",-29.923632,-71.235998
-7868743.44114968,-3951830.82564334,5677,2023,1549773,2023/07/25 00:00:00+00,Julio,25,Martes,1899/12/30 00:00:00+00,11:30:00,11,REGION METROPOLITANA,QUINTA NORMAL,COLISION POR ALCANCE,COLISION,URBANA,TRAMO DE VIA RECTA,IMPRUDENCIA DEL CONDUCTOR,CONDUCCION NO ATENTO CONDICIONES TRANSITO MOMENTO,CARRASCAL,POETA PEDRO PRADO,CARRASCAL - POETA PEDRO PRADO,0, , ,BIDIRECCIONAL,ASFALTO,BUENO,SECO,DESPEJADO,0,0,0,1,13,131,13126,Metropolitana de Santiago,Santiago,Quinta Normal,Interseccion,"CARRASCAL & POETA PEDRO PRADO, Quinta Normal",-33.424838,-70.686125
-7673303.02820816,-2568698.50070018,5678,2023,1532450,2023/05/20 00:00:00+00,Mayo,20,Sábado,1899/12/30 00:00:00+00,18:15:00,18,REGION ANTOFAGASTA,CALAMA,COLISION,COLISION,URBANA,CRUCE CON SEMAFORO FUNCIONANDO,DESOBEDIENCIA A SEÑALIZACION,SEÑALIZACION DESOBEDECER LUZ ROJA DE SEMAFORO,GRECIA,TURI,GRECIA - TURI,0, , ,BIDIRECCIONAL CON BANDEJON,ASFALTO,BUENO,SECO,DESPEJADO,0,1,0,0,02,022,02201,Antofagasta,El Loa,Calama,Interseccion,"GRECIA & TURI, Calama",-22.475394,-68.930454
-7860683.19757151,-3954861.90435091,5679,2023,1564895,2023/08/31 00:00:00+00,Agosto,31,Jueves,1899/12/30 00:00:00+00,11:30:00,11,REGION METROPOLITANA,ÑUÑOA,VOLCADURA,VOLCADURA,URBANA,TRAMO DE VIA RECTA,IMPRUDENCIA DEL CONDUCTOR,CONDUCCION NO ATENTO CONDICIONES TRANSITO MOMENTO,MANUEL MONTT,RENGO,MANUEL MONTT - RENGO,0, , ,UNIDIRECCIONAL,CONCRETO,BUENO,SECO,DESPEJADO,0,1,0,0,13,131,13120,Metropolitana de Santiago,Santiago,Ñuñoa,Interseccion,"MANUEL MONTT & RENGO, Ñuñoa",-33.44756,-70.613719
-8133085.59829415,-4415011.13377835,5680,2023,1546863,2023/07/25 00:00:00+00,Julio,25,Martes,1899/12/30 00:00:00+00,12:40:00,12,REGION BIO BIO,CONCEPCION,COLISION,COLISION,URBANA,CRUCE CON SEMAFORO FUNCIONANDO,IMPRUDENCIA DEL CONDUCTOR,CONDUCCION SIN MANTENER DISTANCIA RAZONABLE NI PRUDENTE,ARTURO PRAT,LOS CARRERA,ARTURO PRAT - LOS CARRERA,0, , ,UNIDIRECCIONAL,CONCRETO,BUENO,HUMEDO,LLOVIZNA,0,0,0,0,08,081,08101,Biobío,Concepción,Concepción,Interseccion,"ARTURO PRAT & LOS CARRERA, Concepción",-36.826935,-73.060751
-7932349.22751455,-3495787.91025889,5681,2023,1556375,2023/08/31 00:00:00+00,Agosto,31,Jueves,1899/12/30 00:00:00+00,15:35:00,15,REGION COQUIMBO,LA SERENA,COLISION PERPENDICULAR,COLISION,URBANA,CRUCE CON SEÑAL CEDA EL PASO,DESOBEDIENCIA A SEÑALIZACION,SEÑALIZACION DESOBEDECER SEÑAL CEDA EL PASO,GABRIEL GONZALEZ VIDELA,LOS ARRAYANES,GABRIEL GONZALEZ VIDELA - LOS ARRAYANES,0, , ,UNIDIRECCIONAL,ASFALTO,BUENO,SECO,DESPEJADO,0,1,0,1,04,041,04101,Coquimbo,Elqui,La Serena,Interseccion,"GABRIEL GONZALEZ VIDELA & LOS ARRAYANES, La Serena",-29.939597,-71.257506
-7853918.2145222,-3951113.31034908,5682,2023,1547736,2023/07/25 00:00:00+00,Julio,25,Martes,1899/12/30 00:00:00+00,12:40:00,12,REGION METROPOLITANA,LAS CONDES,COLISION LATERAL,COLISION,URBANA,CRUCE CON SEÑAL CEDA EL PASO,IMPRUDENCIA DEL CONDUCTOR,CONDUCCION NO ATENTO CONDICIONES TRANSITO MOMENTO,TOMAS MORO,ATENAS,ATENAS - TOMAS MORO,0, , ,BIDIRECCIONAL,ASFALTO,BUENO,SECO,DESPEJADO,0,0,0,1,13,131,13114,Metropolitana de Santiago,Santiago,Las Condes,Interseccion,"ATENAS & TOMAS MORO, Las Condes",-33.419458,-70.552948
-7856522.24197376,-3965686.14687695,5683,2023,1532119,2023/05/20 00:00:00+00,Mayo,20,Sábado,1899/12/30 00:00:00+00,19:00:00,19,REGION METROPOLITANA,LA FLORIDA,COLISION LATERAL,COLISION,URBANA,TRAMO DE VIA RECTA,IMPRUDENCIA DEL CONDUCTOR,CONDUCCION NO ATENTO CONDICIONES TRANSITO MOMENTO,LA FLORIDA,GERONIMO DE ALDERETE,GERONIMO DE ALDERETE - LA FLORIDA,0, , ,BIDIRECCIONAL,ASFALTO,BUENO,SECO,DESPEJADO,0,0,0,1,13,131,13110,Metropolitana de Santiago,Santiago,La Florida,Interseccion,"GERONIMO DE ALDERETE & LA FLORIDA, La Florida",-33.528655,-70.57634
-7809603.78170142,-2298418.11903589,5684,2023,1547174,2023/07/25 00:00:00+00,Julio,25,Martes,1899/12/30 00:00:00+00,13:23:00,13,REGION TARAPACA,IQUIQUE,CHOQUE FRENTE/LADO,CHOQUE,URBANA,TRAMO DE VIA RECTA,IMPRUDENCIA DEL CONDUCTOR,CONDUCCION NO ATENTO CONDICIONES TRANSITO MOMENTO,ARTURO PRAT,GOROSTIAGA,ARTURO PRAT - GOROSTIAGA,0, , ,BIDIRECCIONAL CON BANDEJON,ASFALTO,BUENO,SECO,DESPEJADO,0,0,0,0,01,011,01101,Tarapacá,Iquique,Iquique,Interseccion,"ARTURO PRAT & GOROSTIAGA, Iquique",-20.214157,-70.154864
-7875101.67650532,-3993082.31025406,5685,2023,1556687,2023/08/31 00:00:00+00,Agosto,31,Jueves,1899/12/30 00:00:00+00,16:15:00,16,REGION METROPOLITANA,BUIN,VOLCADURA,VOLCADURA,URBANA,TRAMO DE VIA RECTA,VELOCIDAD IMPRUDENTE,VELOCIDAD NO RAZONABLE NI PRUDENTE,LOS LIRIOS,ARTURO PRAT,ARTURO PRAT - LOS LIRIOS,0, , ,BIDIRECCIONAL,CONCRETO,BUENO,SECO,DESPEJADO,0,0,0,1,13,134,13402,Metropolitana de Santiago,Maipo,Buin,Interseccion,"ARTURO PRAT & LOS LIRIOS, Buin",-33.733566,-70.743242
-7858621.04848783,-3874705.00402394,5686,2023,1532277,2023/05/20 00:00:00+00,Mayo,20,Sábado,1899/12/30 00:00:00+00,19:45:00,19,REGION VALPARAISO,LOS ANDES,COLISION POR ALCANCE,COLISION,URBANA,TRAMO DE VIA RECTA,IMPRUDENCIA DEL CONDUCTOR,CONDUCCION SIN MANTENER DISTANCIA RAZONABLE NI PRUDENTE,IGNACIO CARRERA PINTO,EMILIO SOTOMAYOR,EMILIO SOTOMAYOR - IGNACIO CARRERA PINTO,0, , ,BIDIRECCIONAL,CONCRETO,BUENO,SECO,DESPEJADO,0,0,0,0,05,053,05301,Valparaíso,Los Andes,Los Andes,Interseccion,"EMILIO SOTOMAYOR & IGNACIO CARRERA PINTO, Los Andes",-32.844673,-70.595194
-7935026.18291374,-4179221.0710213,5687,2023,1546708,2023/07/25 00:00:00+00,Julio,25,Martes,1899/12/30 00:00:00+00,14:30:00,14,REGION MAULE,MOLINA,COLISION PERPENDICULAR,COLISION,URBANA,CRUCE CON SEMAFORO FUNCIONANDO,IMPRUDENCIA DEL CONDUCTOR,CONDUCCION NO ATENTO CONDICIONES TRANSITO MOMENTO,YERBAS BUENAS,INDEPENDENCIA,INDEPENDENCIA - YERBAS BUENAS,0, , ,BIDIRECCIONAL,ASFALTO,BUENO,SECO,DESPEJADO,0,0,0,2,07,073,07304,Maule,Curicó,Molina,Interseccion,"INDEPENDENCIA & YERBAS BUENAS, Molina",-35.112802,-71.281553
-7944637.73038782,-4114696.3286065,5688,2023,1557185,2023/08/31 00:00:00+00,Agosto,31,Jueves,1899/12/30 00:00:00+00,19:30:00,19,REGION LIB.B.O'HIGGINS,SANTA CRUZ,COLISION LATERAL,COLISION,URBANA,CRUCE CON SEÑAL PARE,DESOBEDIENCIA A SEÑALIZACION,SEÑALIZACION DESOBEDECER SEÑAL PARE,NICOLAS PALACIOS,AVIADOR ACEVEDO,AVIADOR ACEVEDO - NICOLAS PALACIOS,0, , ,UNIDIRECCIONAL,ASFALTO,BUENO,SECO,DESPEJADO,0,1,0,0,06,063,06310,Libertador General Bernardo O'Higgins,Colchagua,Santa Cruz,Interseccion,"AVIADOR ACEVEDO & NICOLAS PALACIOS, Santa Cruz",-34.637271,-71.367895
-7952810.47345452,-3903519.18630901,5689,2023,1558049,2023/08/31 00:00:00+00,Agosto,31,Jueves,1899/12/30 00:00:00+00,21:00:00,21,REGION VALPARAISO,VIÑA DEL MAR,COLISION,COLISION,URBANA,TRAMO DE VIA RECTA,IMPRUDENCIA DEL CONDUCTOR,CONDUCCION SIN MANTENER DISTANCIA RAZONABLE NI PRUDENTE,ALESSANDRI,CUMMING,ALESSANDRI - CUMMING,0, , ,BIDIRECCIONAL,CONCRETO,BUENO,SECO,DESPEJADO,0,0,0,2,05,051,05109,Valparaíso,Valparaíso,Viña del Mar,Interseccion,"ALESSANDRI & CUMMING, Viña del Mar",-33.061871,-71.441312
-8133361.2252977,-4414451.66513694,5690,2023,1546862,2023/07/25 00:00:00+00,Julio,25,Martes,1899/12/30 00:00:00+00,14:45:00,14,REGION BIO BIO,CHIGUAYANTE,VOLCADURA,VOLCADURA,URBANA,TRAMO DE VIA RECTA,VELOCIDAD IMPRUDENTE,VELOCIDAD NO RAZONABLE NI PRUDENTE,ARTURO PRAT,GENERAL CRUZ,ARTURO PRAT - GENERAL CRUZ,0, , ,BIDIRECCIONAL,CONCRETO,BUENO,MOJADO,LLUVIA,0,0,0,1,08,081,08103,Biobío,Concepción,Chiguayante,Interseccion,"ARTURO PRAT & GENERAL CRUZ, Chiguayante",-36.822912,-73.063227
-8062444.58714605,-4572917.45083089,5691,2023,1532648,2023/05/20 00:00:00+00,Mayo,20,Sábado,1899/12/30 00:00:00+00,20:05:00,20,REGION ARAUCANIA,COLLIPULLI,COLISION LATERAL,COLISION,URBANA,CRUCE CON SEÑAL CEDA EL PASO,IMPRUDENCIA DEL CONDUCTOR,CONDUCCION NO ATENTO CONDICIONES TRANSITO MOMENTO,LAUTARO,CERRO,CERRO - LAUTARO,0, , ,BIDIRECCIONAL,CONCRETO,BUENO,SECO,DESPEJADO,0,1,0,0,09,092,09202,La Araucanía,Malleco,Collipulli,Interseccion,"CERRO & LAUTARO, Collipulli",-37.953914,-72.426172
-7976203.26255817,-4223636.46866479,5692,2023,1547089,2023/07/25 00:00:00+00,Julio,25,Martes,1899/12/30 00:00:00+00,15:00:00,15,REGION MAULE,TALCA,COLISION LATERAL,COLISION,URBANA,TRAMO DE VIA RECTA,IMPRUDENCIA DEL CONDUCTOR,CONDUCCION NO ATENTO CONDICIONES TRANSITO MOMENTO,PRESIDENTE SALVADOR ALLENDE,10 SUR,10 SUR - PRESIDENTE SALVADOR ALLENDE,0, , ,BIDIRECCIONAL,CONCRETO,BUENO,SECO,LLUVIA,0,0,1,0,07,071,07101,Maule,Talca,Talca,Interseccion,"10 SUR & PRESIDENTE SALVADOR ALLENDE, Talca",-35.43853,-71.651453
-7859836.43473284,-3956813.21034627,5693,2023,1556812,2023/09/01 00:00:00+00,Septiembre,1,Viernes,1899/12/30 00:00:00+00,01:40:00,1,REGION METROPOLITANA,ÑUÑOA,COLISION POR ALCANCE,COLISION,URBANA,CRUCE CON SEMAFORO FUNCIONANDO,IMPRUDENCIA DEL CONDUCTOR,CONDUCCION NO ATENTO CONDICIONES TRANSITO MOMENTO,PEDRO DE VALDIVIA,GRECIA,GRECIA - PEDRO DE VALDIVIA,0, , ,BIDIRECCIONAL CON BANDEJON,CONCRETO,BUENO,SECO,DESPEJADO,0,1,0,0,13,131,13120,Metropolitana de Santiago,Santiago,Ñuñoa,Interseccion,"GRECIA & PEDRO DE VALDIVIA, Ñuñoa",-33.462185,-70.606112
-7860161.82160443,-3952701.42433585,5694,2023,1532671,2023/05/21 00:00:00+00,Mayo,21,Domingo,1899/12/30 00:00:00+00,01:00:00,1,REGION METROPOLITANA,PROVIDENCIA,COLISION FRONTAL,COLISION,URBANA,CRUCE CON SEMAFORO FUNCIONANDO,DESOBEDIENCIA A SEÑALIZACION,SEÑALIZACION DESOBEDECER LUZ ROJA DE SEMAFORO,PROVIDENCIA,ELIODORO YAÑEZ,ELIODORO YAÑEZ - PROVIDENCIA,0, , ,UNIDIRECCIONAL,ASFALTO,BUENO,SECO,DESPEJADO,0,1,0,0,13,131,13123,Metropolitana de Santiago,Santiago,Providencia,Interseccion,"ELIODORO YAÑEZ & PROVIDENCIA, Providencia",-33.431365,-70.609035
-7859466.07478697,-3950043.94914681,5695,2023,1556520,2023/07/25 00:00:00+00,Julio,25,Martes,1899/12/30 00:00:00+00,15:40:00,15,REGION METROPOLITANA,LAS CONDES,COLISION LATERAL,COLISION,URBANA,CRUCE CON SEMAFORO FUNCIONANDO,IMPRUDENCIA DEL CONDUCTOR,CONDUCCION NO ATENTO CONDICIONES TRANSITO MOMENTO,ANDRES BELLO,PDTE RIESCO,ANDRES BELLO - PDTE RIESCO,0, , ,BIDIRECCIONAL CON BANDEJON,ASFALTO,BUENO,SECO,NUBLADO,0,0,0,1,13,131,13114,Metropolitana de Santiago,Santiago,Las Condes,Interseccion,"ANDRES BELLO & PDTE RIESCO, Las Condes",-33.41144,-70.602785
-7925206.6906754,-3895266.39999052,5696,2023,1555958,2023/09/01 00:00:00+00,Septiembre,1,Viernes,1899/12/30 00:00:00+00,08:10:00,8,REGION VALPARAISO,OLMUE,COLISION PERPENDICULAR,COLISION,URBANA,TRAMO DE VIA RECTA,IMPRUDENCIA DEL CONDUCTOR,CONDUCCION NO ATENTO CONDICIONES TRANSITO MOMENTO,ADOLFO EASTMAN COX,ESMERALDA,ADOLFO EASTMAN COX - ESMERALDA,0, , ,BIDIRECCIONAL,ASFALTO,BUENO,SECO,DESPEJADO,0,1,0,0,05,058,05803,Valparaíso,Marga Marga,Olmué,Interseccion,"ADOLFO EASTMAN COX & ESMERALDA, Olmué",-32.999717,-71.193343
-8133361.2252977,-4414451.66513694,5697,2023,1546861,2023/07/25 00:00:00+00,Julio,25,Martes,1899/12/30 00:00:00+00,17:30:00,17,REGION BIO BIO,CHIGUAYANTE,CHOQUE FRENTE/POSTERIOR,CHOQUE,URBANA,TRAMO DE VIA RECTA,IMPRUDENCIA DEL CONDUCTOR,CONDUCCION NO ATENTO CONDICIONES TRANSITO MOMENTO,ARTURO PRAT,GENERAL CRUZ,ARTURO PRAT - GENERAL CRUZ,0, , ,BIDIRECCIONAL,ASFALTO,BUENO,HUMEDO,LLOVIZNA,0,0,0,0,08,081,08103,Biobío,Concepción,Chiguayante,Interseccion,"ARTURO PRAT & GENERAL CRUZ, Chiguayante",-36.822912,-73.063227
-7873710.90069188,-3963422.26243647,5698,2023,1557776,2023/09/01 00:00:00+00,Septiembre,1,Viernes,1899/12/30 00:00:00+00,08:30:00,8,REGION METROPOLITANA,MAIPU,VOLCADURA,VOLCADURA,URBANA,TRAMO DE VIA RECTA,IMPRUDENCIA DEL CONDUCTOR,CONDUCCION NO ATENTO CONDICIONES TRANSITO MOMENTO,ESQUINA BLANCA,LOS TILOS,ESQUINA BLANCA - LOS TILOS,0, , ,BIDIRECCIONAL,ASFALTO,BUENO,SECO,DESPEJADO,0,0,1,1,13,131,13119,Metropolitana de Santiago,Santiago,Maipú,Interseccion,"ESQUINA BLANCA & LOS TILOS, Maipú",-33.5117,-70.730748
-7962576.75504306,-3867991.39739504,5699,2023,1560304,2023/09/01 00:00:00+00,Septiembre,1,Viernes,1899/12/30 00:00:00+00,12:40:00,12,REGION VALPARAISO,QUINTERO,COLISION,COLISION,URBANA,CRUCE CON SEÑAL PARE,DESOBEDIENCIA A SEÑALIZACION,SEÑALIZACION DESOBEDECER SEÑAL PARE,LUIS COUSIÑO,IGNACIO CARRERA PINTO,IGNACIO CARRERA PINTO - LUIS COUSIÑO,0, , ,BIDIRECCIONAL,CONCRETO,BUENO,SECO,NUBLADO,0,0,0,1,05,051,05107,Valparaíso,Valparaíso,Quintero,Interseccion,"IGNACIO CARRERA PINTO & LUIS COUSIÑO, Quintero",-32.79399,-71.529044
-7860667.88000958,-3957947.74414627,5700,2023,1533153,2023/05/21 00:00:00+00,Mayo,21,Domingo,1899/12/30 00:00:00+00,03:15:00,3,REGION METROPOLITANA,ÑUÑOA,CHOQUE POSTERIOR/POSTERIOR,CHOQUE,URBANA,CRUCE CON SEMAFORO FUNCIONANDO,ALCOHOL EN CONDUCTOR,CONDUCCION EN ESTADO DE EBRIEDAD,GUILLERMO MANN,MARATHON,GUILLERMO MANN - MARATHON,0, , ,BIDIRECCIONAL CON BANDEJON,ASFALTO,BUENO,OTROS,DESPEJADO,0,0,0,1,13,131,13120,Metropolitana de Santiago,Santiago,Ñuñoa,Interseccion,"GUILLERMO MANN & MARATHON, Ñuñoa",-33.470687,-70.613581
-7863742.52434529,-3954247.7754331,5701,2023,1556182,2023/09/01 00:00:00+00,Septiembre,1,Viernes,1899/12/30 00:00:00+00,12:45:00,12,REGION METROPOLITANA,SANTIAGO,CHOQUE LADO/LADO,CHOQUE,URBANA,TRAMO DE VIA RECTA,VELOCIDAD IMPRUDENTE,VELOCIDAD NO RAZONABLE NI PRUDENTE,DIAG PARAGUAY,LIRA,DIAG PARAGUAY - LIRA,0, , ,UNIDIRECCIONAL,ASFALTO,REGULAR,OTROS,NUBLADO,0,0,0,1,13,131,13101,Metropolitana de Santiago,Santiago,Santiago,Interseccion,"DIAG PARAGUAY & LIRA, Santiago",-33.442957,-70.641201
-8085279.66557857,-4775971.16015141,5702,2023,1561716,2023/09/01 00:00:00+00,Septiembre,1,Viernes,1899/12/30 00:00:00+00,14:25:00,14,REGION ARAUCANIA,LONCOCHE,VOLCADURA,VOLCADURA,URBANA,TRAMO DE VIA CURVA VERTICAL,VELOCIDAD IMPRUDENTE,VELOCIDAD NO RAZONABLE NI PRUDENTE,BOLIVIA,PARCELA MUNICIPAL,BOLIVIA - PARCELA MUNICIPAL,0, , ,BIDIRECCIONAL,ASFALTO,BUENO,SECO,DESPEJADO,0,0,1,0,09,091,09109,La Araucanía,Cautín,Loncoche,Interseccion,"BOLIVIA & PARCELA MUNICIPAL, Loncoche",-39.378061,-72.631303
-7866614.45588826,-3948077.20996519,5703,2023,1532195,2023/05/21 00:00:00+00,Mayo,21,Domingo,1899/12/30 00:00:00+00,05:45:00,5,REGION METROPOLITANA,CONCHALI,COLISION,COLISION,URBANA,TRAMO DE VIA RECTA,IMPRUDENCIA DEL CONDUCTOR,CONDUCCION SIN MANTENER DISTANCIA RAZONABLE NI PRUDENTE,LA PALMILLA,YUMBEL,LA PALMILLA - YUMBEL,0, , ,BIDIRECCIONAL,CONCRETO,BUENO,SECO,DESPEJADO,0,0,0,0,13,131,13104,Metropolitana de Santiago,Santiago,Conchalí,Interseccion,"LA PALMILLA & YUMBEL, Conchalí",-33.396691,-70.667
-7826494.32149099,-2092729.82984628,5704,2023,1555656,2023/09/01 00:00:00+00,Septiembre,1,Viernes,1899/12/30 00:00:00+00,15:00:00,15,REGION ARICA Y PARINACOTA,ARICA,COLISION,COLISION,URBANA,TRAMO DE VIA RECTA,IMPRUDENCIA DEL CONDUCTOR,CONDUCCION CONTRA SENTIDO DEL TRANSITO,DIEGO PORTALES,PEDRO DE VALDIVIA,DIEGO PORTALES - PEDRO DE VALDIVIA,0, , ,BIDIRECCIONAL CON BANDEJON,ASFALTO,BUENO,SECO,DESPEJADO,0,0,0,1,15,151,15101,Arica y Parinacota,Arica,Arica,Interseccion,"DIEGO PORTALES & PEDRO DE VALDIVIA, Arica",-18.470806,-70.306595
-7872566.01883561,-3861853.85674404,5705,2023,1558300,2023/09/01 00:00:00+00,Septiembre,1,Viernes,1899/12/30 00:00:00+00,18:05:00,18,REGION VALPARAISO,SAN FELIPE,COLISION,COLISION,URBANA,TRAMO DE VIA RECTA,IMPRUDENCIA DEL CONDUCTOR,CONDUCCION NO ATENTO CONDICIONES TRANSITO MOMENTO,CHACABUCO,TORO MAZOTE,CHACABUCO - TORO MAZOTE,0, , ,BIDIRECCIONAL CON BANDEJON,CONCRETO,BUENO,SECO,DESPEJADO,0,0,0,0,05,057,05701,Valparaíso,San Felipe de Aconcagua,San Felipe,Interseccion,"CHACABUCO & TORO MAZOTE, San Felipe",-32.747631,-70.720464
-7864700.76252204,-3954100.62840434,5706,2023,1547497,2023/07/25 00:00:00+00,Julio,25,Martes,1899/12/30 00:00:00+00,17:30:00,17,REGION METROPOLITANA,SANTIAGO,CHOQUE FRENTE/LADO,CHOQUE,URBANA,TRAMO DE VIA RECTA,IMPRUDENCIA DEL CONDUCTOR,CONDUCCION NO ATENTO CONDICIONES TRANSITO MOMENTO,MONEDA,MATIAS COUSIÑO,MATIAS COUSIÑO - MONEDA,0, , ,UNIDIRECCIONAL,ASFALTO,BUENO,SECO,DESPEJADO,0,0,0,0,13,131,13101,Metropolitana de Santiago,Santiago,Santiago,Interseccion,"MATIAS COUSIÑO & MONEDA, Santiago",-33.441854,-70.649809
-7859033.0863954,-3872836.94850419,5707,2023,1532358,2023/05/21 00:00:00+00,Mayo,21,Domingo,1899/12/30 00:00:00+00,10:00:00,10,REGION VALPARAISO,LOS ANDES,COLISION PERPENDICULAR,COLISION,URBANA,CRUCE CON SEÑAL PARE,DESOBEDIENCIA A SEÑALIZACION,SEÑALIZACION DESOBEDECER SEÑAL PARE,3 CARRERA,PAPUDO,3 CARRERA - PAPUDO,0, , ,UNIDIRECCIONAL,ASFALTO,BUENO,SECO,DESPEJADO,0,1,0,1,05,053,05301,Valparaíso,Los Andes,Los Andes,Interseccion,"3 CARRERA & PAPUDO, Los Andes",-32.830573,-70.598895
-7858121.19062285,-3977703.63122731,5708,2023,1550535,2023/07/25 00:00:00+00,Julio,25,Martes,1899/12/30 00:00:00+00,19:20:00,19,REGION METROPOLITANA,SANTIAGO,ATROPELLO,ATROPELLO,URBANA,OTROS NO CONSIDERADOS,IMPRUDENCIA DEL PEATON,PEATON CRUZA CALZADA FORMA SORPRESIVA O DESCUIDADA,EJERCITO LIBERTADOR,EXPOSICION,EJERCITO LIBERTADOR - EXPOSICION,0, , ,UNIDIRECCIONAL,CONCRETO,BUENO,SECO,DESPEJADO,0,0,0,2,13,131,13101,Metropolitana de Santiago,Santiago,Santiago,Interseccion,"EJERCITO LIBERTADOR & EXPOSICION, Santiago",-33.6186,-70.590704
-7863271.08630178,-3964130.92153899,5709,2023,1533899,2023/05/21 00:00:00+00,Mayo,21,Domingo,1899/12/30 00:00:00+00,16:20:00,16,REGION METROPOLITANA,SAN JOAQUIN,COLISION LATERAL,COLISION,URBANA,CRUCE CON SEMAFORO FUNCIONANDO,IMPRUDENCIA DEL CONDUCTOR,CONDUCCION NO ATENTO CONDICIONES TRANSITO MOMENTO,STA ROSA,SEBASTOPOL,SEBASTOPOL - STA ROSA,0, , ,BIDIRECCIONAL CON BANDEJON,CONCRETO,BUENO,SECO,NUBLADO,0,0,0,0,13,131,13129,Metropolitana de Santiago,Santiago,San Joaquín,Interseccion,"SEBASTOPOL & STA ROSA, San Joaquín",-33.517008,-70.636966
-7867819.15541763,-3955279.99172807,5710,2023,1553680,2023/07/25 00:00:00+00,Julio,25,Martes,1899/12/30 00:00:00+00,19:20:00,19,REGION METROPOLITANA,SANTIAGO,ATROPELLO,ATROPELLO,URBANA,TRAMO DE VIA RECTA,IMPRUDENCIA DEL PEATON,IMPRUDENCIA DEL PEATON,LIBER BERNARDO O'HIGGINS,EXPOSICION,EXPOSICION - LIBER BERNARDO O'HIGGINS,0, , ,BIDIRECCIONAL CON BANDEJON,ASFALTO,BUENO,SECO,DESPEJADO,0,0,0,2,13,131,13101,Metropolitana de Santiago,Santiago,Santiago,Interseccion,"EXPOSICION & LIBER BERNARDO O'HIGGINS, Santiago",-33.450694,-70.677822