X,Y,FID,Año,IdAccident,Fecha,Mes,Dia_mes,Dia_semana,Hora,Hora_texto,Hora_aprox,Región,Comuna,Tipo_Accid,Tipo__CONA,Zona,Ubicación,Causa__CON,Causa_Acci,Calle_Uno,Calle_Dos,Intersecci,Número,Ruta,Ubicaci_1,Calzada,Tipo_Calza,Estado_Cal,Condición,Estado_Atm,Fallecidos,Graves,Menos_Grav,Leves,CUT_REG,CUT_PROV,CUT_COM,REGION,PROVINCIA,COMUNA1,Tipo_direc,Direccion,Lat,Lon
-8094455.39727958,-4477522.98348462,5711,2023,1556569,2023/09/01 00:00:00+00,Septiembre,1,Viernes,1899/12/30 00:00:00+00,18:20:00,18,REGION BIO BIO,LAJA,VOLCADURA,VOLCADURA,URBANA,CRUCE CON SEÑAL PARE,DESOBEDIENCIA A SEÑALIZACION,SEÑALIZACION DESOBEDECER SEÑAL PARE,SAN MARTIN,CHACABUCO,CHACABUCO - SAN MARTIN,0, , ,BIDIRECCIONAL,ASFALTO,BUENO,SECO,NUBLADO,0,0,0,1,08,083,08304,Biobío,Biobío,Laja,Interseccion,"CHACABUCO & SAN MARTIN, Laja",-37.275108,-72.71373
-7942469.38258784,-3498328.26585123,5712,2023,1533465,2023/05/21 00:00:00+00,Mayo,21,Domingo,1899/12/30 00:00:00+00,18:15:00,18,REGION COQUIMBO,COQUIMBO,COLISION FRONTAL,COLISION,URBANA,OTROS NO CONSIDERADOS,IMPRUDENCIA DEL CONDUCTOR,CONDUCCION NO ATENTO CONDICIONES TRANSITO MOMENTO,ARTURO GODOY,BUEN PASTOR,ARTURO GODOY - BUEN PASTOR,0, , ,BIDIRECCIONAL,ASFALTO,BUENO,SECO,DESPEJADO,0,0,1,0,04,041,04102,Coquimbo,Elqui,Coquimbo,Interseccion,"ARTURO GODOY & BUEN PASTOR, Coquimbo",-29.95937,-71.348416
-7854856.89131521,-3951054.98495023,5713,2023,1556519,2023/07/25 00:00:00+00,Julio,25,Martes,1899/12/30 00:00:00+00,20:00:00,20,REGION METROPOLITANA,LAS CONDES,COLISION LATERAL,COLISION,URBANA,CRUCE CON SEÑAL PARE,IMPRUDENCIA DEL CONDUCTOR,CONDUCCION SIN MANTENER DISTANCIA RAZONABLE NI PRUDENTE,MONROE,HERNANDO DE MAGALLANES,HERNANDO DE MAGALLANES - MONROE,0, , ,BIDIRECCIONAL,ASFALTO,BUENO,SECO,NUBLADO,0,0,0,0,13,131,13114,Metropolitana de Santiago,Santiago,Las Condes,Interseccion,"HERNANDO DE MAGALLANES & MONROE, Las Condes",-33.419021,-70.56138
-8131948.58101519,-4414784.17201382,5714,2023,1532608,2023/05/21 00:00:00+00,Mayo,21,Domingo,1899/12/30 00:00:00+00,18:30:00,18,REGION BIO BIO,CONCEPCION,VOLCADURA,VOLCADURA,URBANA,CRUCE CON SEMAFORO FUNCIONANDO,VELOCIDAD IMPRUDENTE,VELOCIDAD NO RAZONABLE NI PRUDENTE,FREIRE,ANIBAL PINTO,ANIBAL PINTO - FREIRE,0, , ,UNIDIRECCIONAL,CONCRETO,BUENO,SECO,NUBLADO,0,0,0,0,08,081,08101,Biobío,Concepción,Concepción,Interseccion,"ANIBAL PINTO & FREIRE, Concepción",-36.825303,-73.050537
-7931161.09228089,-3489245.62454008,5715,2023,1548903,2023/07/25 00:00:00+00,Julio,25,Martes,1899/12/30 00:00:00+00,20:27:00,20,REGION COQUIMBO,LA SERENA,COLISION PERPENDICULAR,COLISION,URBANA,CRUCE CON SEÑAL PARE,DESOBEDIENCIA A SEÑALIZACION,SEÑALIZACION DESOBEDECER SEÑAL PARE,ISLON,DANIEL DE LA VEGA,DANIEL DE LA VEGA - ISLON,0, , ,BIDIRECCIONAL,ASFALTO,BUENO,SECO,DESPEJADO,0,0,0,1,04,041,04101,Coquimbo,Elqui,La Serena,Interseccion,"DANIEL DE LA VEGA & ISLON, La Serena",-29.888656,-71.246832
-7836409.0363661,-2710578.30571206,5716,2023,1532786,2023/05/21 00:00:00+00,Mayo,21,Domingo,1899/12/30 00:00:00+00,20:30:00,20,REGION ANTOFAGASTA,ANTOFAGASTA,CHOQUE POSTERIOR/FRENTE,CHOQUE,URBANA,TRAMO DE VIA RECTA,IMPRUDENCIA DEL CONDUCTOR,CONDUCCION NO ATENTO CONDICIONES TRANSITO MOMENTO,CARLOS CONDELL,JOSE ANTONIO DE SUCRE,CARLOS CONDELL - JOSE ANTONIO DE SUCRE,0, , ,UNIDIRECCIONAL,ASFALTO,BUENO,SECO,DESPEJADO,0,0,0,0,02,021,02101,Antofagasta,Antofagasta,Antofagasta,Interseccion,"CARLOS CONDELL & JOSE ANTONIO DE SUCRE, Antofagasta",-23.648038,-70.39566
-7856414.58490535,-3976863.4401523,5717,2023,1547000,2023/07/26 00:00:00+00,Julio,26,Miércoles,1899/12/30 00:00:00+00,06:45:00,6,REGION METROPOLITANA,PUENTE ALTO,CHOQUE FRENTE/POSTERIOR,CHOQUE,URBANA,CRUCE CON SEMAFORO FUNCIONANDO,IMPRUDENCIA DEL CONDUCTOR,ADELANTAMIENTO SIN EL ESPACIO O TIEMPO SUFICIENTE,CONCHA Y TORO,EYZAGUIRRE,CONCHA Y TORO - EYZAGUIRRE,0, , ,UNIDIRECCIONAL,ASFALTO,BUENO,SECO,NUBLADO,0,0,0,1,13,132,13201,Metropolitana de Santiago,Cordillera,Puente Alto,Interseccion,"CONCHA Y TORO & EYZAGUIRRE, Puente Alto",-33.612315,-70.575373
-7864827.67270827,-3973425.85920828,5718,2023,1532353,2023/05/21 00:00:00+00,Mayo,21,Domingo,1899/12/30 00:00:00+00,23:00:00,23,REGION METROPOLITANA,LA PINTANA,COLISION FRONTAL,COLISION,URBANA,CRUCE SIN SEÑALIZACION,IMPRUDENCIA DEL CONDUCTOR,CONDUCCION CONTRA SENTIDO DEL TRANSITO,LO BLANCO,PEDRO PRADO,LO BLANCO - PEDRO PRADO,0, , ,BIDIRECCIONAL CON BANDEJON,ASFALTO,BUENO,MOJADO,LLUVIA,0,1,0,0,13,131,13112,Metropolitana de Santiago,Santiago,La Pintana,Interseccion,"LO BLANCO & PEDRO PRADO, La Pintana",-33.586594,-70.650949
-7869688.03155686,-3962165.88472351,5719,2023,1549672,2023/07/26 00:00:00+00,Julio,26,Miércoles,1899/12/30 00:00:00+00,08:10:00,8,REGION METROPOLITANA,LO ESPEJO,COLISION LATERAL,COLISION,URBANA,OTROS NO CONSIDERADOS,IMPRUDENCIA DEL CONDUCTOR,CONDUCCION NO ATENTO CONDICIONES TRANSITO MOMENTO,GRAL VELASQUEZ,LO OVALLE,GRAL VELASQUEZ - LO OVALLE,0, , ,UNIDIRECCIONAL,ASFALTO,BUENO,SECO,DESPEJADO,0,0,1,0,13,131,13116,Metropolitana de Santiago,Santiago,Lo Espejo,Interseccion,"GRAL VELASQUEZ & LO OVALLE, Lo Espejo",-33.50229,-70.69461
-7867805.97518992,-3965236.07534123,5720,2023,1555904,2023/09/01 00:00:00+00,Septiembre,1,Viernes,1899/12/30 00:00:00+00,18:30:00,18,REGION METROPOLITANA,LA CISTERNA,COLISION POR ALCANCE,COLISION,URBANA,CRUCE CON SEÑAL CEDA EL PASO,IMPRUDENCIA DEL CONDUCTOR,CONDUCCION SIN MANTENER DISTANCIA RAZONABLE NI PRUDENTE,JOSE JOAQUIN PRIETO VIAL,LO ESPEJO,JOSE JOAQUIN PRIETO VIAL - LO ESPEJO,0, , ,UNIDIRECCIONAL,CONCRETO,BUENO,SECO,DESPEJADO,0,0,0,0,13,131,13109,Metropolitana de Santiago,Santiago,La Cisterna,Interseccion,"JOSE JOAQUIN PRIETO VIAL & LO ESPEJO, La Cisterna",-33.525285,-70.677704
-7868440.42949575,-3964199.55160034,5721,2023,1532442,2023/05/22 00:00:00+00,Mayo,22,Lunes,1899/12/30 00:00:00+00,08:00:00,8,REGION METROPOLITANA,LO ESPEJO,COLISION,COLISION,URBANA,TRAMO DE VIA RECTA,IMPRUDENCIA DEL CONDUCTOR,CONDUCCION NO ATENTO CONDICIONES TRANSITO MOMENTO,GUADALAJARA,MICHOACAN,GUADALAJARA - MICHOACAN,0, , ,BIDIRECCIONAL,ASFALTO,BUENO,SECO,DESPEJADO,0,1,0,0,13,131,13116,Metropolitana de Santiago,Santiago,Lo Espejo,Interseccion,"GUADALAJARA & MICHOACAN, Lo Espejo",-33.517522,-70.683403
-7871688.92700167,-3974637.79268907,5722,2023,1532765,2023/05/22 00:00:00+00,Mayo,22,Lunes,1899/12/30 00:00:00+00,08:30:00,8,REGION METROPOLITANA,SAN BERNARDO,COLISION LATERAL,COLISION,URBANA,CRUCE CON SEÑAL PARE,DESOBEDIENCIA A SEÑALIZACION,SEÑALIZACION DESOBEDECER SEÑAL PARE,SAN JOSE,COSTANERA,COSTANERA - SAN JOSE,0, , ,UNIDIRECCIONAL,ASFALTO,BUENO,SECO,DESPEJADO,0,0,0,0,13,134,13401,Metropolitana de Santiago,Maipo,San Bernardo,Interseccion,"COSTANERA & SAN JOSE, San Bernardo",-33.595663,-70.712585
-7966145.72467619,-3897889.56121346,5723,2023,1557541,2023/09/01 00:00:00+00,Septiembre,1,Viernes,1899/12/30 00:00:00+00,18:50:00,18,REGION VALPARAISO,VIÑA DEL MAR,INCENDIO,INCENDIO,URBANA,TRAMO DE VIA RECTA,FALLAS MECANICAS,FALLAS MECANICAS ELECTRICA,LOS HEROES,1 NORTE,1 NORTE - LOS HEROES,0, , ,UNIDIRECCIONAL,CONCRETO,BUENO,SECO,DESPEJADO,0,0,0,0,05,051,05109,Valparaíso,Valparaíso,Viña del Mar,Interseccion,"1 NORTE & LOS HEROES, Viña del Mar",-33.019478,-71.561105
-7855656.05389508,-3949207.95418752,5724,2023,1557020,2023/09/01 00:00:00+00,Septiembre,1,Viernes,1899/12/30 00:00:00+00,18:55:00,18,REGION METROPOLITANA,LAS CONDES,COLISION,COLISION,URBANA,TRAMO DE VIA RECTA,DESOBEDIENCIA A SEÑALIZACION,SEÑALIZACION DESOBEDECER SEÑAL PARE,MANQUEHUE NORTE,LOS MILITARES,LOS MILITARES - MANQUEHUE NORTE,0, , ,BIDIRECCIONAL,ASFALTO,BUENO,SECO,DESPEJADO,0,0,0,0,13,131,13114,Metropolitana de Santiago,Santiago,Las Condes,Interseccion,"LOS MILITARES & MANQUEHUE NORTE, Las Condes",-33.405171,-70.568559
-7859632.6087452,-3958386.00130313,5725,2023,1533160,2023/05/22 00:00:00+00,Mayo,22,Lunes,1899/12/30 00:00:00+00,08:30:00,8,REGION METROPOLITANA,ÑUÑOA,COLISION POR ALCANCE,COLISION,URBANA,CRUCE CON SEÑAL PARE,IMPRUDENCIA DEL CONDUCTOR,CONDUCCION SIN MANTENER DISTANCIA RAZONABLE NI PRUDENTE,RODRIGO DE ARAYA,LOS 3 ANTONIOS,LOS 3 ANTONIOS - RODRIGO DE ARAYA,0, , ,BIDIRECCIONAL,ASFALTO,BUENO,HUMEDO,LLUVIA,0,0,0,1,13,131,13120,Metropolitana de Santiago,Santiago,Ñuñoa,Interseccion,"LOS 3 ANTONIOS & RODRIGO DE ARAYA, Ñuñoa",-33.473971,-70.604281
-7862894.8264229,-3948409.35463377,5726,2023,1547590,2023/07/26 00:00:00+00,Julio,26,Miércoles,1899/12/30 00:00:00+00,11:00:00,11,REGION METROPOLITANA,RECOLETA,COLISION LATERAL,COLISION,URBANA,CRUCE CON SEMAFORO FUNCIONANDO,IMPRUDENCIA DEL CONDUCTOR,VIRAJES INDEBIDOS,STA ANA,DORSAL,DORSAL - STA ANA,0, , ,BIDIRECCIONAL,ASFALTO,BUENO,SECO,NUBLADO,0,0,0,0,13,131,13127,Metropolitana de Santiago,Santiago,Recoleta,Interseccion,"DORSAL & STA ANA, Recoleta",-33.399182,-70.633586
-7865926.93558117,-3874095.96799475,5727,2023,1556118,2023/09/01 00:00:00+00,Septiembre,1,Viernes,1899/12/30 00:00:00+00,19:15:00,19,REGION VALPARAISO,LOS ANDES,VOLCADURA,VOLCADURA,URBANA,TRAMO DE VIA RECTA,VELOCIDAD IMPRUDENTE,VELOCIDAD NO RAZONABLE NI PRUDENTE,TABOLANGO,PASO BASAURE,PASO BASAURE - TABOLANGO,0, , ,BIDIRECCIONAL,ASFALTO,BUENO,SECO,NUBLADO,0,1,0,0,05,053,05301,Valparaíso,Los Andes,Los Andes,Interseccion,"PASO BASAURE & TABOLANGO, Los Andes",-32.840076,-70.660824
-7964470.07694247,-3898970.49774016,5728,2023,1533211,2023/05/22 00:00:00+00,Mayo,22,Lunes,1899/12/30 00:00:00+00,08:40:00,8,REGION VALPARAISO,VIÑA DEL MAR,CHOQUE FRENTE/POSTERIOR,CHOQUE,URBANA,TRAMO DE VIA RECTA,VELOCIDAD IMPRUDENTE,VELOCIDAD NO RAZONABLE NI PRUDENTE,VIANA,5 ORIENTE,5 ORIENTE - VIANA,0, , ,UNIDIRECCIONAL,CONCRETO,BUENO,SECO,LLOVIZNA,0,1,0,0,05,051,05109,Valparaíso,Valparaíso,Viña del Mar,Interseccion,"5 ORIENTE & VIANA, Viña del Mar",-33.027619,-71.546052
-7849964.90331535,-3942767.61610719,5729,2023,1547814,2023/07/26 00:00:00+00,Julio,26,Miércoles,1899/12/30 00:00:00+00,11:00:00,11,REGION METROPOLITANA,LO BARNECHEA,COLISION LATERAL,COLISION,URBANA,TRAMO DE VIA RECTA,IMPRUDENCIA DEL CONDUCTOR,CONDUCCION SIN MANTENER DISTANCIA RAZONABLE NI PRUDENTE,LA DEHESA,ALBERTO LE BLANC,ALBERTO LE BLANC - LA DEHESA,0, , ,BIDIRECCIONAL CON BANDEJON,ASFALTO,BUENO,SECO,DESPEJADO,0,0,0,1,13,131,13115,Metropolitana de Santiago,Santiago,Lo Barnechea,Interseccion,"ALBERTO LE BLANC & LA DEHESA, Lo Barnechea",-33.356861,-70.517435
-8132101.64531503,-4414499.92035719,5730,2023,1535565,2023/05/22 00:00:00+00,Mayo,22,Lunes,1899/12/30 00:00:00+00,09:30:00,9,REGION BIO BIO,CONCEPCION,COLISION PERPENDICULAR,COLISION,URBANA,CRUCE CON SEMAFORO FUNCIONANDO,IMPRUDENCIA DEL CONDUCTOR,CONDUCCION NO ATENTO CONDICIONES TRANSITO MOMENTO,LOS CARRERA,ANIBAL PINTO,ANIBAL PINTO - LOS CARRERA,0, , ,BIDIRECCIONAL,CONCRETO,BUENO,MOJADO,LLOVIZNA,0,0,0,1,08,081,08101,Biobío,Concepción,Concepción,Interseccion,"ANIBAL PINTO & LOS CARRERA, Concepción",-36.823259,-73.051912
-7872851.13035996,-3961405.80979588,5731,2023,1532729,2023/05/22 00:00:00+00,Mayo,22,Lunes,1899/12/30 00:00:00+00,13:30:00,13,REGION METROPOLITANA,CERRILLOS,COLISION LATERAL,COLISION,URBANA,CRUCE CON SEÑAL PARE,DESOBEDIENCIA A SEÑALIZACION,SEÑALIZACION DESOBEDECER SEÑAL PARE,PEULLA,LINCOYAN,LINCOYAN - PEULLA,0, , ,BIDIRECCIONAL,ASFALTO,BUENO,SECO,NUBLADO,0,0,0,1,13,131,13102,Metropolitana de Santiago,Santiago,Cerrillos,Interseccion,"LINCOYAN & PEULLA, Cerrillos",-33.496596,-70.723025
-7855123.1883428,-3949845.34304531,5732,2023,1556522,2023/07/26 00:00:00+00,Julio,26,Miércoles,1899/12/30 00:00:00+00,15:15:00,15,REGION METROPOLITANA,LAS CONDES,CHOQUE POSTERIOR/FRENTE,CHOQUE,URBANA,CRUCE CON SEMAFORO FUNCIONANDO,VELOCIDAD IMPRUDENTE,VELOCIDAD NO RAZONABLE NI PRUDENTE,CUARTO CENTENARIO,MARIA TERESA,CUARTO CENTENARIO - MARIA TERESA,0, , ,BIDIRECCIONAL,ASFALTO,BUENO,SECO,DESPEJADO,0,0,0,1,13,131,13114,Metropolitana de Santiago,Santiago,Las Condes,Interseccion,"CUARTO CENTENARIO & MARIA TERESA, Las Condes",-33.409951,-70.563772
-7860348.61570998,-3977995.93595056,5733,2023,1534127,2023/05/22 00:00:00+00,Mayo,22,Lunes,1899/12/30 00:00:00+00,14:00:00,14,REGION METROPOLITANA,PUENTE ALTO,COLISION PERPENDICULAR,COLISION,URBANA,CRUCE CON SEÑAL PARE,DESOBEDIENCIA A SEÑALIZACION,SEÑALIZACION DESOBEDECER SEÑAL PARE,DEL ARQUITECTO,SGTO MENADIER,DEL ARQUITECTO - SGTO MENADIER,0, , ,BIDIRECCIONAL,ASFALTO,BUENO,SECO,DESPEJADO,0,1,0,0,13,132,13201,Metropolitana de Santiago,Cordillera,Puente Alto,Interseccion,"DEL ARQUITECTO & SGTO MENADIER, Puente Alto",-33.620787,-70.610713
-7875080.63712156,-4051337.75384172,5734,2023,1547019,2023/07/26 00:00:00+00,Julio,26,Miércoles,1899/12/30 00:00:00+00,15:30:00,15,REGION LIB.B.O'HIGGINS,RANCAGUA,COLISION PERPENDICULAR,COLISION,URBANA,CRUCE CON SEMAFORO FUNCIONANDO,DESOBEDIENCIA A SEÑALIZACION,SEÑALIZACION DESOBEDECER LUZ ROJA DE SEMAFORO,MUJICA,ASTORGA,ASTORGA - MUJICA,0, , ,UNIDIRECCIONAL,CONCRETO,BUENO,SECO,DESPEJADO,0,0,0,0,06,061,06101,Libertador General Bernardo O'Higgins,Cachapoal,Rancagua,Interseccion,"ASTORGA & MUJICA, Rancagua",-34.167666,-70.743053
-7856731.62281513,-3955767.64822776,5735,2023,1558281,2023/09/01 00:00:00+00,Septiembre,1,Viernes,1899/12/30 00:00:00+00,20:46:00,20,REGION METROPOLITANA,ÑUÑOA,COLISION,COLISION,URBANA,TRAMO DE VIA RECTA,IMPRUDENCIA DEL CONDUCTOR,CONDUCCION NO ATENTO CONDICIONES TRANSITO MOMENTO,IRARRAZAVAL,BREMEN,BREMEN - IRARRAZAVAL,0, , ,BIDIRECCIONAL CON BANDEJON,CONCRETO,BUENO,SECO,DESPEJADO,0,0,0,0,13,131,13120,Metropolitana de Santiago,Santiago,Ñuñoa,Interseccion,"BREMEN & IRARRAZAVAL, Ñuñoa",-33.454349,-70.578221
-7857808.63888855,-3948429.48896029,5736,2023,1534105,2023/05/22 00:00:00+00,Mayo,22,Lunes,1899/12/30 00:00:00+00,14:30:00,14,REGION METROPOLITANA,VITACURA,COLISION LATERAL,COLISION,URBANA,CRUCE CON SEMAFORO FUNCIONANDO,DESOBEDIENCIA A SEÑALIZACION,SEÑALIZACION DESOBEDECER LUZ ROJA DE SEMAFORO,AMERICO VESPUCIO NORTE,VITACURA,AMERICO VESPUCIO NORTE - VITACURA,0, , ,BIDIRECCIONAL CON BANDEJON,ASFALTO,BUENO,HUMEDO,NUBLADO,0,1,0,2,13,131,13132,Metropolitana de Santiago,Santiago,Vitacura,Interseccion,"AMERICO VESPUCIO NORTE & VITACURA, Vitacura",-33.399333,-70.587896
-7836605.13680335,-2695344.18848412,5737,2023,1547786,2023/07/26 00:00:00+00,Julio,26,Miércoles,1899/12/30 00:00:00+00,17:10:00,17,REGION ANTOFAGASTA,ANTOFAGASTA,COLISION LATERAL,COLISION,URBANA,CRUCE CON SEÑAL PARE,IMPRUDENCIA DEL CONDUCTOR,CONDUCCION NO ATENTO CONDICIONES TRANSITO MOMENTO,PEDRO AGUIRRE CERDA,GLADYS MARIN,GLADYS MARIN - PEDRO AGUIRRE CERDA,0, , ,BIDIRECCIONAL CON BANDEJON,ASFALTO,BUENO,SECO,DESPEJADO,0,0,0,2,02,021,02101,Antofagasta,Antofagasta,Antofagasta,Interseccion,"GLADYS MARIN & PEDRO AGUIRRE CERDA, Antofagasta",-23.52262,-70.397422
-7977272.26362826,-4218754.99832574,5738,2023,1532841,2023/05/22 00:00:00+00,Mayo,22,Lunes,1899/12/30 00:00:00+00,16:35:00,16,REGION MAULE,TALCA,COLISION LATERAL,COLISION,URBANA,CRUCE SIN SEÑALIZACION,ALCOHOL EN CONDUCTOR,CONDUCCION EN ESTADO DE EBRIEDAD,2 PONIENTE,17 NORTE,17 NORTE - 2 PONIENTE,0, , ,BIDIRECCIONAL,ASFALTO,BUENO,HUMEDO,NUBLADO,0,1,0,0,07,071,07101,Maule,Talca,Talca,Interseccion,"17 NORTE & 2 PONIENTE, Talca",-35.402795,-71.661056
-7859366.34365517,-3873339.17557024,5739,2023,1546971,2023/07/26 00:00:00+00,Julio,26,Miércoles,1899/12/30 00:00:00+00,18:00:00,18,REGION VALPARAISO,LOS ANDES,COLISION PERPENDICULAR,COLISION,URBANA,CRUCE CON SEÑAL PARE,DESOBEDIENCIA A SEÑALIZACION,SEÑALIZACION DESOBEDECER SEÑAL PARE,LAS HERAS,YERBAS BUENAS,LAS HERAS - YERBAS BUENAS,0, , ,UNIDIRECCIONAL,CONCRETO,BUENO,SECO,DESPEJADO,0,0,0,0,05,053,05301,Valparaíso,Los Andes,Los Andes,Interseccion,"LAS HERAS & YERBAS BUENAS, Los Andes",-32.834364,-70.601889
-8153762.41447257,-4839113.44040518,5740,2023,1532820,2023/05/22 00:00:00+00,Mayo,22,Lunes,1899/12/30 00:00:00+00,17:20:00,17,REGION DE LOS RIOS,VALDIVIA,COLISION LATERAL,COLISION,URBANA,CRUCE CON SEMAFORO FUNCIONANDO,IMPRUDENCIA DEL CONDUCTOR,CONDUCCION NO ATENTO CONDICIONES TRANSITO MOMENTO,VICENTE PEREZ ROSALES,ARAUCO,ARAUCO - VICENTE PEREZ ROSALES,0, , ,UNIDIRECCIONAL,CONCRETO,BUENO,MOJADO,LLOVIZNA,0,0,0,0,14,141,14101,Los Ríos,Valdivia,Valdivia,Interseccion,"ARAUCO & VICENTE PEREZ ROSALES, Valdivia",-39.815128,-73.246494
-7857991.8262426,-3953399.77797344,5741,2023,1547631,2023/07/26 00:00:00+00,Julio,26,Miércoles,1899/12/30 00:00:00+00,18:15:00,18,REGION METROPOLITANA,PROVIDENCIA,COLISION FRONTAL,COLISION,URBANA,CRUCE CON SEÑAL CEDA EL PASO,DESOBEDIENCIA A SEÑALIZACION,SEÑALIZACION DESOBEDECER SEÑAL CEDA EL PASO,DIEGO DE ALMAGRO,REP DE CUBA,DIEGO DE ALMAGRO - REP DE CUBA,0, , ,UNIDIRECCIONAL,ASFALTO,BUENO,SECO,DESPEJADO,0,0,0,2,13,131,13123,Metropolitana de Santiago,Santiago,Providencia,Interseccion,"DIEGO DE ALMAGRO & REP DE CUBA, Providencia",-33.4366,-70.589542
-7865447.28215924,-4052923.57311392,5742,2023,1533051,2023/05/22 00:00:00+00,Mayo,22,Lunes,1899/12/30 00:00:00+00,20:23:00,20,REGION LIB.B.O'HIGGINS,RANCAGUA,COLISION POR ALCANCE,COLISION,URBANA,CRUCE CON SEÑAL PARE,IMPRUDENCIA DEL CONDUCTOR,CONDUCIR VEHICULO EN RETROCESO,MACHALI,RANCAGUA,MACHALI - RANCAGUA,0, , ,BIDIRECCIONAL CON BANDEJON,CONCRETO,BUENO,SECO,NUBLADO,0,0,0,0,06,061,06101,Libertador General Bernardo O'Higgins,Cachapoal,Rancagua,Interseccion,"MACHALI & RANCAGUA, Rancagua",-34.179452,-70.656515
-7672723.4878962,-2565119.50598203,5743,2023,1549504,2023/07/26 00:00:00+00,Julio,26,Miércoles,1899/12/30 00:00:00+00,20:15:00,20,REGION ANTOFAGASTA,CALAMA,COLISION FRONTAL,COLISION,URBANA,TRAMO DE VIA RECTA,IMPRUDENCIA DEL CONDUCTOR,CONDUCCION NO ATENTO CONDICIONES TRANSITO MOMENTO,ARTURO PRAT,LATORRE,ARTURO PRAT - LATORRE,0, , ,UNIDIRECCIONAL,ASFALTO,BUENO,SECO,DESPEJADO,0,0,0,0,02,022,02201,Antofagasta,El Loa,Calama,Interseccion,"ARTURO PRAT & LATORRE, Calama",-22.445682,-68.925248
-7856084.96789311,-3956385.9541731,5744,2023,1558098,2023/09/01 00:00:00+00,Septiembre,1,Viernes,1899/12/30 00:00:00+00,21:30:00,21,REGION METROPOLITANA,ÑUÑOA,CHOQUE FRENTE/LADO,CHOQUE,URBANA,TRAMO DE VIA RECTA,IMPRUDENCIA DEL CONDUCTOR,CONDUCCION NO ATENTO CONDICIONES TRANSITO MOMENTO,AMERICO VESPUCIO,DIAG ORIENTE,AMERICO VESPUCIO - DIAG ORIENTE,0, , ,BIDIRECCIONAL,CONCRETO,BUENO,SECO,DESPEJADO,0,0,0,0,13,131,13120,Metropolitana de Santiago,Santiago,Ñuñoa,Interseccion,"AMERICO VESPUCIO & DIAG ORIENTE, Ñuñoa",-33.458983,-70.572412
-7874759.8143491,-3944642.31766486,5745,2023,1532785,2023/05/23 00:00:00+00,Mayo,23,Martes,1899/12/30 00:00:00+00,08:50:00,8,REGION METROPOLITANA,QUILICURA,COLISION POR ALCANCE,COLISION,URBANA,TRAMO DE VIA RECTA,IMPRUDENCIA DEL CONDUCTOR,CONDUCCION NO ATENTO CONDICIONES TRANSITO MOMENTO,INTEN SAAVEDRA,CAMILO HENRIQUEZ,CAMILO HENRIQUEZ - INTEN SAAVEDRA,0, , ,BIDIRECCIONAL,ASFALTO,BUENO,SECO,DESPEJADO,0,0,0,1,13,131,13125,Metropolitana de Santiago,Santiago,Quilicura,Interseccion,"CAMILO HENRIQUEZ & INTEN SAAVEDRA, Quilicura",-33.370926,-70.740171
-7859383.49372517,-3949806.94407573,5746,2023,1563526,2023/09/01 00:00:00+00,Septiembre,1,Viernes,1899/12/30 00:00:00+00,22:30:00,22,REGION METROPOLITANA,LAS CONDES,CHOQUE POSTERIOR/FRENTE,CHOQUE,URBANA,CRUCE CON SEMAFORO FUNCIONANDO,IMPRUDENCIA DEL CONDUCTOR,CONDUCCION NO ATENTO CONDICIONES TRANSITO MOMENTO,VITACURA,LUZ,LUZ - VITACURA,0, , ,BIDIRECCIONAL,ASFALTO,REGULAR,SECO,NUBLADO,0,0,0,0,13,131,13114,Metropolitana de Santiago,Santiago,Las Condes,Interseccion,"LUZ & VITACURA, Las Condes",-33.409663,-70.602043
-8138562.73988017,-4409413.73865924,5747,2023,1532603,2023/05/23 00:00:00+00,Mayo,23,Martes,1899/12/30 00:00:00+00,16:30:00,16,REGION BIO BIO,HUALPEN,CHOQUE FRENTE/POSTERIOR,CHOQUE,URBANA,CRUCE CON SEMAFORO FUNCIONANDO,IMPRUDENCIA DEL CONDUCTOR,CONDUCCION NO ATENTO CONDICIONES TRANSITO MOMENTO,GRAN BRETAÑA,LAS GOLONDRINAS,GRAN BRETAÑA - LAS GOLONDRINAS,0, , ,BIDIRECCIONAL,CONCRETO,BUENO,SECO,DESPEJADO,0,0,0,0,08,081,08112,Biobío,Concepción,Hualpén,Interseccion,"GRAN BRETAÑA & LAS GOLONDRINAS, Hualpén",-36.786676,-73.109953
-7941708.58065997,-3498480.94897101,5748,2023,1556289,2023/09/01 00:00:00+00,Septiembre,1,Viernes,1899/12/30 00:00:00+00,22:57:00,22,REGION COQUIMBO,COQUIMBO,CHOQUE FRENTE/FRENTE,CHOQUE,URBANA,TRAMO DE VIA RECTA,ALCOHOL EN CONDUCTOR,CONDUCCION EN ESTADO DE EBRIEDAD,PEDRO MONTT,BERNARDO OSSANDON,BERNARDO OSSANDON - PEDRO MONTT,0, , ,UNIDIRECCIONAL,ASFALTO,BUENO,SECO,DESPEJADO,0,0,0,0,04,041,04102,Coquimbo,Elqui,Coquimbo,Interseccion,"BERNARDO OSSANDON & PEDRO MONTT, Coquimbo",-29.960558,-71.341582