X,Y,FID,Año,IdAccident,Fecha,Mes,Dia_mes,Dia_semana,Hora,Hora_texto,Hora_aprox,Región,Comuna,Tipo_Accid,Tipo__CONA,Zona,Ubicación,Causa__CON,Causa_Acci,Calle_Uno,Calle_Dos,Intersecci,Número,Ruta,Ubicaci_1,Calzada,Tipo_Calza,Estado_Cal,Condición,Estado_Atm,Fallecidos,Graves,Menos_Grav,Leves,CUT_REG,CUT_PROV,CUT_COM,REGION,PROVINCIA,COMUNA1,Tipo_direc,Direccion,Lat,Lon
-7841909.20994363,-2644214.46289361,5749,2023,1535020,2023/05/23 00:00:00+00,Mayo,23,Martes,1899/12/30 00:00:00+00,17:53:00,17,REGION ANTOFAGASTA,MEJILLONES,COLISION LATERAL,COLISION,URBANA,CRUCE CON SEÑAL PARE,DESOBEDIENCIA A SEÑALIZACION,SEÑALIZACION DESOBEDECER SEÑAL PARE,IGNACIO RIQUELME,ONGOLMO,IGNACIO RIQUELME - ONGOLMO,0, , ,BIDIRECCIONAL,ASFALTO,BUENO,SECO,DESPEJADO,0,0,0,2,02,021,02102,Antofagasta,Antofagasta,Mejillones,Interseccion,"IGNACIO RIQUELME & ONGOLMO, Mejillones",-23.10081,-70.445069
-7875364.69596428,-3961468.71144426,5750,2023,1557782,2023/09/02 00:00:00+00,Septiembre,2,Sábado,1899/12/30 00:00:00+00,02:30:00,2,REGION METROPOLITANA,MAIPU,VOLCADURA,VOLCADURA,URBANA,CRUCE CON SEMAFORO FUNCIONANDO,IMPRUDENCIA DEL CONDUCTOR,CONDUCCION NO ATENTO CONDICIONES TRANSITO MOMENTO,RAFAEL RIESCO BERNALES,AMERICO VESPUCIO,AMERICO VESPUCIO - RAFAEL RIESCO BERNALES,0, , ,BIDIRECCIONAL,ASFALTO,BUENO,SECO,DESPEJADO,0,0,1,0,13,131,13119,Metropolitana de Santiago,Santiago,Maipú,Interseccion,"AMERICO VESPUCIO & RAFAEL RIESCO BERNALES, Maipú",-33.497067,-70.745605
-8082391.07780112,-4684870.89320459,5751,2023,1533228,2023/05/23 00:00:00+00,Mayo,23,Martes,1899/12/30 00:00:00+00,18:10:00,18,REGION ARAUCANIA,TEMUCO,COLISION LATERAL,COLISION,URBANA,TRAMO DE VIA RECTA,IMPRUDENCIA DEL CONDUCTOR,CONDUCCION NO ATENTO CONDICIONES TRANSITO MOMENTO,CAUPOLICAN,LEON GALLO,CAUPOLICAN - LEON GALLO,0, , ,BIDIRECCIONAL CON BANDEJON,CONCRETO,BUENO,MOJADO,LLUVIA,0,0,0,0,09,091,09101,La Araucanía,Cautín,Temuco,Interseccion,"CAUPOLICAN & LEON GALLO, Temuco",-38.74262,-72.605354
-7984653.52510429,-4244708.0033842,5752,2023,1556060,2023/09/02 00:00:00+00,Septiembre,2,Sábado,1899/12/30 00:00:00+00,04:30:00,4,REGION MAULE,SAN JAVIER,COLISION LATERAL,COLISION,URBANA,CRUCE CON SEMAFORO FUNCIONANDO,DESOBEDIENCIA A SEÑALIZACION,SEÑALIZACION DESOBEDECER LUZ ROJA DE SEMAFORO,CHORRILLOS,TORREBLANCA,CHORRILLOS - TORREBLANCA,0, , ,BIDIRECCIONAL,ASFALTO,BUENO,MOJADO,LLUVIA,0,0,0,1,07,074,07406,Maule,Linares,San Javier,Interseccion,"CHORRILLOS & TORREBLANCA, San Javier",-35.592603,-71.727363
-7975422.13369128,-4222732.95672803,5753,2023,1532732,2023/05/23 00:00:00+00,Mayo,23,Martes,1899/12/30 00:00:00+00,20:45:00,20,REGION MAULE,TALCA,CHOQUE FRENTE/POSTERIOR,CHOQUE,URBANA,TRAMO DE VIA RECTA,IMPRUDENCIA DEL CONDUCTOR,CONDUCCION NO ATENTO CONDICIONES TRANSITO MOMENTO,3 1/2 SUR,15 ORIENTE,15 ORIENTE - 3 1/2 SUR,0, , ,UNIDIRECCIONAL,CONCRETO,BUENO,MOJADO,LLUVIA,0,0,0,0,07,071,07101,Maule,Talca,Talca,Interseccion,"15 ORIENTE & 3 1/2 SUR, Talca",-35.431917,-71.644436
-8064167.81288579,-4572627.05221722,5754,2023,1533906,2023/05/23 00:00:00+00,Mayo,23,Martes,1899/12/30 00:00:00+00,22:30:00,22,REGION ARAUCANIA,COLLIPULLI,COLISION POR ALCANCE,COLISION,URBANA,TRAMO DE VIA RECTA,ALCOHOL EN CONDUCTOR,CONDUCCION BAJO LA INFLUENCIA DEL ALCOHOL,SAAVEDRA NORTE,LOS CANELOS,LOS CANELOS - SAAVEDRA NORTE,0, , ,UNIDIRECCIONAL,CONCRETO,BUENO,MOJADO,NUBLADO,0,1,0,2,09,092,09202,La Araucanía,Malleco,Collipulli,Interseccion,"LOS CANELOS & SAAVEDRA NORTE, Collipulli",-37.951857,-72.441652
-7856595.92434472,-3966668.90289303,5755,2023,1532926,2023/05/23 00:00:00+00,Mayo,23,Martes,1899/12/30 00:00:00+00,22:30:00,22,REGION METROPOLITANA,LA FLORIDA,COLISION LATERAL,COLISION,URBANA,CRUCE CON SEMAFORO FUNCIONANDO,IMPRUDENCIA DEL CONDUCTOR,CONDUCCION NO ATENTO CONDICIONES TRANSITO MOMENTO,MEXICO,ROJAS MAGALLANES,MEXICO - ROJAS MAGALLANES,0, , ,UNIDIRECCIONAL,ASFALTO,BUENO,SECO,DESPEJADO,0,0,0,1,13,131,13110,Metropolitana de Santiago,Santiago,La Florida,Interseccion,"MEXICO & ROJAS MAGALLANES, La Florida",-33.536014,-70.577002
-7855458.68443791,-3957264.3683635,5756,2023,1552066,2023/07/26 00:00:00+00,Julio,26,Miércoles,1899/12/30 00:00:00+00,20:15:00,20,REGION METROPOLITANA,PEÑALOLEN,COLISION FRONTAL,COLISION,URBANA,CRUCE SIN SEÑALIZACION,IMPRUDENCIA DEL CONDUCTOR,NO RESPETAR DERECHO PREFERENTE DE PASO A VEHICULO,LOS MOLINEROS,LOS GUINDOS,LOS GUINDOS - LOS MOLINEROS,0, , ,BIDIRECCIONAL CON BANDEJON,CONCRETO,BUENO,SECO,NUBLADO,0,0,0,1,13,131,13122,Metropolitana de Santiago,Santiago,Peñalolén,Interseccion,"LOS GUINDOS & LOS MOLINEROS, Peñalolén",-33.465566,-70.566786
-7827131.157956,-3172240.67821027,5757,2023,1533710,2023/05/24 00:00:00+00,Mayo,24,Miércoles,1899/12/30 00:00:00+00,00:55:00,0,REGION ATACAMA,COPIAPO,COLISION PERPENDICULAR,COLISION,URBANA,CRUCE CON SEMAFORO FUNCIONANDO,DESOBEDIENCIA A SEÑALIZACION,SEÑALIZACION DESOBEDECER LUZ ROJA DE SEMAFORO,COPAYAPU,FRANCISCO DE AGUIRRE,COPAYAPU - FRANCISCO DE AGUIRRE,0, , ,BIDIRECCIONAL CON BANDEJON,ASFALTO,BUENO,SECO,DESPEJADO,0,1,0,1,03,031,03101,Atacama,Copiapó,Copiapó,Interseccion,"COPAYAPU & FRANCISCO DE AGUIRRE, Copiapó",-27.389669,-70.312315
-7944235.2214064,-3901122.17940288,5758,2023,1548886,2023/07/26 00:00:00+00,Julio,26,Miércoles,1899/12/30 00:00:00+00,20:30:00,20,REGION VALPARAISO,VILLA ALEMANA,CHOQUE FRENTE/POSTERIOR,CHOQUE,URBANA,TRAMO DE VIA RECTA,IMPRUDENCIA DEL CONDUCTOR,CONDUCCION NO ATENTO CONDICIONES TRANSITO MOMENTO,BAQUEDANO,QUINTA,BAQUEDANO - QUINTA,0, , ,BIDIRECCIONAL,ASFALTO,BUENO,SECO,DESPEJADO,0,0,0,0,05,058,05804,Valparaíso,Marga Marga,Villa Alemana,Interseccion,"BAQUEDANO & QUINTA, Villa Alemana",-33.043823,-71.364279
-8143058.15487687,-4950306.1970887,5759,2023,1533742,2023/05/24 00:00:00+00,Mayo,24,Miércoles,1899/12/30 00:00:00+00,02:15:00,2,REGION LOS LAGOS,OSORNO,COLISION LATERAL,COLISION,URBANA,CRUCE CON SEÑAL PARE,IMPRUDENCIA DEL CONDUCTOR,NO RESPETAR DERECHO PREFERENTE DE PASO A VEHICULO,CONCEPCION,IQUIQUE,CONCEPCION - IQUIQUE,0, , ,UNIDIRECCIONAL,ASFALTO,REGULAR,MOJADO,LLUVIA,1,0,0,0,10,103,10301,Los Lagos,Osorno,Osorno,Interseccion,"CONCEPCION & IQUIQUE, Osorno",-40.578079,-73.150336
-7860298.18798065,-3950899.4762269,5760,2023,1551165,2023/07/26 00:00:00+00,Julio,26,Miércoles,1899/12/30 00:00:00+00,20:40:00,20,REGION METROPOLITANA,PROVIDENCIA,VOLCADURA,VOLCADURA,URBANA,TRAMO DE VIA RECTA,IMPRUDENCIA DEL CONDUCTOR,CONDUCCION NO ATENTO CONDICIONES TRANSITO MOMENTO,STA MARIA,SUECIA,STA MARIA - SUECIA,0, , ,UNIDIRECCIONAL,ASFALTO,BUENO,SECO,DESPEJADO,0,1,0,0,13,131,13123,Metropolitana de Santiago,Santiago,Providencia,Interseccion,"STA MARIA & SUECIA, Providencia",-33.417855,-70.61026
-7865728.44898838,-3950051.81782758,5761,2023,1556455,2023/09/02 00:00:00+00,Septiembre,2,Sábado,1899/12/30 00:00:00+00,11:00:00,11,REGION METROPOLITANA,INDEPENDENCIA,COLISION PERPENDICULAR,COLISION,URBANA,CRUCE CON SEÑAL CEDA EL PASO,DESOBEDIENCIA A SEÑALIZACION,SEÑALIZACION DESOBEDECER SEÑAL CEDA EL PASO,FRANCIA,INDEPENDENCIA,FRANCIA - INDEPENDENCIA,0, , ,UNIDIRECCIONAL,CONCRETO,BUENO,SECO,NUBLADO,0,0,0,0,13,131,13108,Metropolitana de Santiago,Santiago,Independencia,Interseccion,"FRANCIA & INDEPENDENCIA, Independencia",-33.411499,-70.659041
-7950201.81249614,-3904275.52484373,5762,2023,1533028,2023/05/24 00:00:00+00,Mayo,24,Miércoles,1899/12/30 00:00:00+00,07:55:00,7,REGION VALPARAISO,QUILPUE,COLISION FRONTAL,COLISION,URBANA,CRUCE SIN SEÑALIZACION,IMPRUDENCIA DEL CONDUCTOR,NO RESPETAR DERECHO PREFERENTE DE PASO A VEHICULO,MARGA MARGA,IRMA JHONSON MOLINA,IRMA JHONSON MOLINA - MARGA MARGA,0, , ,BIDIRECCIONAL,ASFALTO,BUENO,SECO,DESPEJADO,0,0,0,2,05,058,05801,Valparaíso,Marga Marga,Quilpué,Interseccion,"IRMA JHONSON MOLINA & MARGA MARGA, Quilpué",-33.067565,-71.417878
-8139664.46888054,-4952134.03967616,5763,2023,1557069,2023/09/02 00:00:00+00,Septiembre,2,Sábado,1899/12/30 00:00:00+00,12:30:00,12,REGION LOS LAGOS,OSORNO,VOLCADURA,VOLCADURA,URBANA,TRAMO DE VIA RECTA,VELOCIDAD IMPRUDENTE,VELOCIDAD NO RAZONABLE NI PRUDENTE,LOS MAQUIS,LAS VERBENAS,LAS VERBENAS - LOS MAQUIS,0, , ,UNIDIRECCIONAL,CONCRETO,BUENO,SECO,DESPEJADO,0,0,0,0,10,103,10301,Los Lagos,Osorno,Osorno,Interseccion,"LAS VERBENAS & LOS MAQUIS, Osorno",-40.590549,-73.11985
-8078088.09251485,-4682641.76590856,5764,2023,1533070,2023/05/24 00:00:00+00,Mayo,24,Miércoles,1899/12/30 00:00:00+00,09:10:00,9,REGION ARAUCANIA,TEMUCO,CHOQUE,CHOQUE,URBANA,TRAMO DE VIA RECTA,IMPRUDENCIA DEL CONDUCTOR,CONDUCCION NO ATENTO CONDICIONES TRANSITO MOMENTO,CENTENARIO,SANTIAGO WATT,CENTENARIO - SANTIAGO WATT,0, , ,UNIDIRECCIONAL,CONCRETO,BUENO,SECO,DESPEJADO,0,0,0,1,09,091,09101,La Araucanía,Cautín,Temuco,Interseccion,"CENTENARIO & SANTIAGO WATT, Temuco",-38.727,-72.5667
-7880150.6920238,-3968408.6584543,5765,2023,1534472,2023/05/24 00:00:00+00,Mayo,24,Miércoles,1899/12/30 00:00:00+00,13:00:00,13,REGION METROPOLITANA,MAIPU,COLISION LATERAL,COLISION,URBANA,TRAMO DE VIA RECTA,IMPRUDENCIA DEL CONDUCTOR,CONDUCCION NO ATENTO CONDICIONES TRANSITO MOMENTO,CAMINO A MELIPILLA,EL BOSQUE,CAMINO A MELIPILLA - EL BOSQUE,0, , ,BIDIRECCIONAL,ASFALTO,BUENO,SECO,DESPEJADO,0,0,1,0,13,131,13119,Metropolitana de Santiago,Santiago,Maipú,Interseccion,"CAMINO A MELIPILLA & EL BOSQUE, Maipú",-33.54904,-70.788598
-7866114.63135234,-3959049.31734099,5766,2023,1558000,2023/09/02 00:00:00+00,Septiembre,2,Sábado,1899/12/30 00:00:00+00,15:00:00,15,REGION METROPOLITANA,SAN MIGUEL,COLISION LATERAL,COLISION,URBANA,CRUCE CON SEÑAL PARE,IMPRUDENCIA DEL CONDUCTOR,CONDUCCION SIN MANTENER DISTANCIA RAZONABLE NI PRUDENTE,ALC CARLOS VALDOVINOS,BARCELONA,ALC CARLOS VALDOVINOS - BARCELONA,0, , ,BIDIRECCIONAL,ASFALTO,BUENO,SECO,NUBLADO,0,0,0,0,13,131,13130,Metropolitana de Santiago,Santiago,San Miguel,Interseccion,"ALC CARLOS VALDOVINOS & BARCELONA, San Miguel",-33.478941,-70.66251
-7837527.42993878,-2713492.40913293,5767,2023,1547147,2023/07/26 00:00:00+00,Julio,26,Miércoles,1899/12/30 00:00:00+00,21:10:00,21,REGION ANTOFAGASTA,ANTOFAGASTA,CHOQUE FRENTE/POSTERIOR,CHOQUE,URBANA,TRAMO DE VIA RECTA,FALLAS MECANICAS,FALLAS MECANICAS FRENOS,ANGAMOS,HOMERO AVILA SILVA,ANGAMOS - HOMERO AVILA SILVA,0, , ,BIDIRECCIONAL,ASFALTO,BUENO,SECO,DESPEJADO,0,1,0,0,02,021,02101,Antofagasta,Antofagasta,Antofagasta,Interseccion,"ANGAMOS & HOMERO AVILA SILVA, Antofagasta",-23.672016,-70.405707
-7926607.86910601,-3494059.99999278,5768,2023,1533039,2023/05/24 00:00:00+00,Mayo,24,Miércoles,1899/12/30 00:00:00+00,13:15:00,13,REGION COQUIMBO,LA SERENA,COLISION PERPENDICULAR,COLISION,URBANA,CRUCE CON SEÑAL PARE,DESOBEDIENCIA A SEÑALIZACION,SEÑALIZACION DESOBEDECER SEÑAL PARE,ABOGADO HECTOR CARREÑO LATORRE,EL BOLLEN,ABOGADO HECTOR CARREÑO LATORRE - EL BOLLEN,0, , ,BIDIRECCIONAL,ASFALTO,REGULAR,SECO,DESPEJADO,0,0,0,1,04,041,04101,Coquimbo,Elqui,La Serena,Interseccion,"ABOGADO HECTOR CARREÑO LATORRE & EL BOLLEN, La Serena",-29.926145,-71.20593
-7857834.79896889,-3957174.56236279,5769,2023,1558396,2023/09/02 00:00:00+00,Septiembre,2,Sábado,1899/12/30 00:00:00+00,16:00:00,16,REGION METROPOLITANA,ÑUÑOA,COLISION,COLISION,URBANA,TRAMO DE VIA RECTA,IMPRUDENCIA DEL CONDUCTOR,NO RESPETAR DERECHO PREFERENTE DE PASO A VEHICULO,JUAN MOYA MORALES,ALBERTO RIED,ALBERTO RIED - JUAN MOYA MORALES,0, , ,BIDIRECCIONAL,CONCRETO,BUENO,SECO,DESPEJADO,0,0,0,1,13,131,13120,Metropolitana de Santiago,Santiago,Ñuñoa,Interseccion,"ALBERTO RIED & JUAN MOYA MORALES, Ñuñoa",-33.464893,-70.588131
-8084066.61712079,-4682755.77771891,5770,2023,1547942,2023/07/26 00:00:00+00,Julio,26,Miércoles,1899/12/30 00:00:00+00,23:06:00,23,REGION ARAUCANIA,TEMUCO,COLISION LATERAL,COLISION,URBANA,CRUCE CON SEMAFORO FUNCIONANDO,DESOBEDIENCIA A SEÑALIZACION,SEÑALIZACION DESOBEDECER LUZ ROJA DE SEMAFORO,ANDES,LUIS DURAND,ANDES - LUIS DURAND,0, , ,UNIDIRECCIONAL,CONCRETO,BUENO,SECO,NUBLADO,0,1,1,0,09,091,09101,La Araucanía,Cautín,Temuco,Interseccion,"ANDES & LUIS DURAND, Temuco",-38.727799,-72.620406
-8054546.13531579,-4504291.07617527,5771,2023,1556756,2023/09/02 00:00:00+00,Septiembre,2,Sábado,1899/12/30 00:00:00+00,18:30:00,18,REGION BIO BIO,LOS ANGELES,COLISION LATERAL,COLISION,URBANA,TRAMO DE VIA RECTA,IMPRUDENCIA DEL CONDUCTOR,CONDUCCION NO ATENTO CONDICIONES TRANSITO MOMENTO,ERCILLA,TUCAPEL,ERCILLA - TUCAPEL,0, , ,BIDIRECCIONAL,CONCRETO,BUENO,MOJADO,LLOVIZNA,0,1,0,0,08,083,08301,Biobío,Biobío,Los Angeles,Interseccion,"ERCILLA & TUCAPEL, Los Angeles",-37.466209,-72.355219
-8086339.3158003,-4775288.55663482,5772,2023,1550330,2023/07/26 00:00:00+00,Julio,26,Miércoles,1899/12/30 00:00:00+00,23:40:00,23,REGION ARAUCANIA,LONCOCHE,VOLCADURA,VOLCADURA,URBANA,CRUCE CON SEÑAL PARE,ALCOHOL EN CONDUCTOR,CONDUCCION EN ESTADO DE EBRIEDAD,BALMACEDA,PEDRO DE VALDIVIA,BALMACEDA - PEDRO DE VALDIVIA,0, , ,BIDIRECCIONAL CON BANDEJON,CONCRETO,BUENO,HUMEDO,LLOVIZNA,0,1,0,0,09,091,09109,La Araucanía,Cautín,Loncoche,Interseccion,"BALMACEDA & PEDRO DE VALDIVIA, Loncoche",-39.373321,-72.640822
-7836892.39674934,-2711002.96582749,5773,2023,1533452,2023/05/24 00:00:00+00,Mayo,24,Miércoles,1899/12/30 00:00:00+00,13:50:00,13,REGION ANTOFAGASTA,ANTOFAGASTA,CHOQUE FRENTE/POSTERIOR,CHOQUE,URBANA,CRUCE CON SEMAFORO FUNCIONANDO,IMPRUDENCIA DEL CONDUCTOR,CONDUCCION NO ATENTO CONDICIONES TRANSITO MOMENTO,CARLOS CONDELL,TENIENTE MANUEL ORELLA,CARLOS CONDELL - TENIENTE MANUEL ORELLA,0, , ,UNIDIRECCIONAL,ASFALTO,BUENO,SECO,DESPEJADO,0,0,0,1,02,021,02101,Antofagasta,Antofagasta,Antofagasta,Interseccion,"CARLOS CONDELL & TENIENTE MANUEL ORELLA, Antofagasta",-23.651533,-70.400002
-7943666.46785291,-3900784.21009007,5774,2023,1549221,2023/07/27 00:00:00+00,Julio,27,Jueves,1899/12/30 00:00:00+00,08:40:00,8,REGION VALPARAISO,VILLA ALEMANA,COLISION,COLISION,URBANA,CRUCE SIN SEÑALIZACION,IMPRUDENCIA DEL CONDUCTOR,CONDUCCION NO ATENTO CONDICIONES TRANSITO MOMENTO,SARGENTO ALDEA,VALDIVIA,SARGENTO ALDEA - VALDIVIA,0, , ,BIDIRECCIONAL,CONCRETO,BUENO,SECO,DESPEJADO,0,1,0,1,05,058,05804,Valparaíso,Marga Marga,Villa Alemana,Interseccion,"SARGENTO ALDEA & VALDIVIA, Villa Alemana",-33.041278,-71.35917
-7930763.53699455,-3489362.85130764,5775,2023,1534353,2023/05/24 00:00:00+00,Mayo,24,Miércoles,1899/12/30 00:00:00+00,13:50:00,13,REGION COQUIMBO,LA SERENA,COLISION LATERAL,COLISION,URBANA,TRAMO DE VIA RECTA,IMPRUDENCIA DEL CONDUCTOR,VIRAJES INDEBIDOS,LIBERTADOR,COLONIAL,COLONIAL - LIBERTADOR,0, , ,BIDIRECCIONAL,ASFALTO,BUENO,SECO,DESPEJADO,0,0,0,0,04,041,04101,Coquimbo,Elqui,La Serena,Interseccion,"COLONIAL & LIBERTADOR, La Serena",-29.889569,-71.243261
-7861184.73640533,-3970129.84797136,5776,2023,1547989,2023/07/27 00:00:00+00,Julio,27,Jueves,1899/12/30 00:00:00+00,09:45:00,9,REGION METROPOLITANA,LA PINTANA,COLISION,COLISION,URBANA,CRUCE CON SEÑAL PARE,IMPRUDENCIA DEL CONDUCTOR,CONDUCCION NO ATENTO CONDICIONES TRANSITO MOMENTO,LAS PARCELAS,GRAL ARRIAGADA,GRAL ARRIAGADA - LAS PARCELAS,0, , ,BIDIRECCIONAL,ASFALTO,BUENO,SECO,DESPEJADO,0,0,0,0,13,131,13112,Metropolitana de Santiago,Santiago,La Pintana,Interseccion,"GRAL ARRIAGADA & LAS PARCELAS, La Pintana",-33.561925,-70.618224
-7921825.91770661,-3715159.56688472,5777,2023,1557352,2023/09/02 00:00:00+00,Septiembre,2,Sábado,1899/12/30 00:00:00+00,19:30:00,19,REGION COQUIMBO,ILLAPEL,IMPACTO CON ANIMAL,OTRO TIPO,URBANA,TRAMO DE VIA RECTA,DEFICIENCIAS VIALES,ANIMALES SUELTOS VIA PUBLICA,ALVAREZ PEREZ,RANCAGUA,ALVAREZ PEREZ - RANCAGUA,0, , ,BIDIRECCIONAL,CONCRETO,BUENO,SECO,DESPEJADO,0,0,1,0,04,042,04201,Coquimbo,Choapa,Illapel,Interseccion,"ALVAREZ PEREZ & RANCAGUA, Illapel",-31.632446,-71.162973
-7872054.41676435,-3954297.00273524,5778,2023,1533180,2023/05/24 00:00:00+00,Mayo,24,Miércoles,1899/12/30 00:00:00+00,14:15:00,14,REGION METROPOLITANA,LO PRADO,COLISION LATERAL,COLISION,URBANA,CRUCE CON SEMAFORO FUNCIONANDO,IMPRUDENCIA DEL CONDUCTOR,CONDUCCION CAMBIAR SORPRESIVAMENTE PISTA CIRCULACION,SAN PABLO,STA MARTA,SAN PABLO - STA MARTA,0, , ,BIDIRECCIONAL,ASFALTO,BUENO,HUMEDO,NUBLADO,0,0,1,0,13,131,13117,Metropolitana de Santiago,Santiago,Lo Prado,Interseccion,"SAN PABLO & STA MARTA, Lo Prado",-33.443326,-70.715868
-8026392.87949672,-4384364.44610582,5779,2023,1533644,2023/05/24 00:00:00+00,Mayo,24,Miércoles,1899/12/30 00:00:00+00,14:30:00,14,REGION ÑUBLE,CHILLAN,COLISION POR ALCANCE,COLISION,URBANA,TRAMO DE VIA RECTA,IMPRUDENCIA DEL CONDUCTOR,CONDUCCION SIN MANTENER DISTANCIA RAZONABLE NI PRUDENTE,SIMON BOLIVAR,5 DE NOVIEMBRE,5 DE NOVIEMBRE - SIMON BOLIVAR,0, , ,BIDIRECCIONAL,CONCRETO,BUENO,HUMEDO,NUBLADO,0,0,0,1,16,161,16101,Ñuble,Diguillín,Chillán,Interseccion,"5 DE NOVIEMBRE & SIMON BOLIVAR, Chillán",-36.606251,-72.102314
-8080617.71670156,-4685971.18216451,5780,2023,1556085,2023/09/02 00:00:00+00,Septiembre,2,Sábado,1899/12/30 00:00:00+00,19:40:00,19,REGION ARAUCANIA,TEMUCO,CHOQUE FRENTE/POSTERIOR,CHOQUE,URBANA,TRAMO DE VIA RECTA,IMPRUDENCIA DEL CONDUCTOR,CONDUCCION NO ATENTO CONDICIONES TRANSITO MOMENTO,TRENG TRENG KAY KAY,VILLA ALEGRE,TRENG TRENG KAY KAY - VILLA ALEGRE,0, , ,BIDIRECCIONAL CON BANDEJON,CONCRETO,BUENO,SECO,DESPEJADO,0,0,0,0,09,091,09101,La Araucanía,Cautín,Temuco,Interseccion,"TRENG TRENG KAY KAY & VILLA ALEGRE, Temuco",-38.750329,-72.589424
-7855391.0439991,-3949639.24841492,5781,2023,1540875,2023/05/24 00:00:00+00,Mayo,24,Miércoles,1899/12/30 00:00:00+00,15:30:00,15,REGION METROPOLITANA,LAS CONDES,CHOQUE FRENTE/POSTERIOR,CHOQUE,URBANA,TRAMO DE VIA RECTA,IMPRUDENCIA DEL CONDUCTOR,CONDUCCION NO ATENTO CONDICIONES TRANSITO MOMENTO,APOQUINDO,ALONSO DE CORDOVA,ALONSO DE CORDOVA - APOQUINDO,0, , ,BIDIRECCIONAL CON BANDEJON,ASFALTO,BUENO,SECO,DESPEJADO,0,0,0,2,13,131,13114,Metropolitana de Santiago,Santiago,Las Condes,Interseccion,"ALONSO DE CORDOVA & APOQUINDO, Las Condes",-33.408405,-70.566178
-7876926.5369179,-3979326.14579496,5782,2023,1571635,2023/09/02 00:00:00+00,Septiembre,2,Sábado,1899/12/30 00:00:00+00,20:25:00,20,REGION METROPOLITANA,CALERA DE TANGO,COLISION FRONTAL,COLISION,URBANA,TRAMO DE VIA RECTA,VELOCIDAD IMPRUDENTE,VELOCIDAD NO RAZONABLE NI PRUDENTE,CALERA DE TANGO,CAMINO CATEMITO,CALERA DE TANGO - CAMINO CATEMITO,0, , ,BIDIRECCIONAL,ASFALTO,BUENO,SECO,DESPEJADO,0,1,0,1,13,134,13403,Metropolitana de Santiago,Maipo,Calera de Tango,Interseccion,"CALERA DE TANGO & CAMINO CATEMITO, Calera de Tango",-33.630737,-70.759635
-7870362.36050429,-3978218.25078322,5783,2023,1532981,2023/05/24 00:00:00+00,Mayo,24,Miércoles,1899/12/30 00:00:00+00,19:30:00,19,REGION METROPOLITANA,SAN BERNARDO,COLISION LATERAL,COLISION,URBANA,TRAMO DE VIA RECTA,IMPRUDENCIA DEL CONDUCTOR,CONDUCCION CAMBIAR SORPRESIVAMENTE PISTA CIRCULACION,DIEGO PORTALES,PORTALES ORIENTE,DIEGO PORTALES - PORTALES ORIENTE,0, , ,BIDIRECCIONAL CON BANDEJON,ASFALTO,BUENO,SECO,DESPEJADO,0,1,0,0,13,134,13401,Metropolitana de Santiago,Maipo,San Bernardo,Interseccion,"DIEGO PORTALES & PORTALES ORIENTE, San Bernardo",-33.62245,-70.700668
-7971122.55194278,-3901344.48752876,5784,2023,1556503,2023/09/02 00:00:00+00,Septiembre,2,Sábado,1899/12/30 00:00:00+00,20:30:00,20,REGION VALPARAISO,VALPARAISO,COLISION,COLISION,URBANA,CRUCE CON SEÑAL CEDA EL PASO,DESOBEDIENCIA A SEÑALIZACION,SEÑALIZACION DESOBEDECER SEÑAL CEDA EL PASO,YUNGAY,12 DE FEBRERO,12 DE FEBRERO - YUNGAY,0, , ,UNIDIRECCIONAL,ASFALTO,BUENO,SECO,DESPEJADO,0,0,0,1,05,051,05101,Valparaíso,Valparaíso,Valparaíso,Interseccion,"12 DE FEBRERO & YUNGAY, Valparaíso",-33.045497,-71.605812
-7952621.8425551,-3901714.71825758,5785,2023,1549541,2023/07/27 00:00:00+00,Julio,27,Jueves,1899/12/30 00:00:00+00,16:45:00,16,REGION VALPARAISO,QUILPUE,COLISION LATERAL,COLISION,URBANA,CRUCE CON SEMAFORO FUNCIONANDO,IMPRUDENCIA DEL CONDUCTOR,CONDUCCION CAMBIAR SORPRESIVAMENTE PISTA CIRCULACION,THOMPSON,LOS CARRERA,LOS CARRERA - THOMPSON,0, , ,UNIDIRECCIONAL,CONCRETO,BUENO,SECO,DESPEJADO,0,0,0,1,05,058,05801,Valparaíso,Marga Marga,Quilpué,Interseccion,"LOS CARRERA & THOMPSON, Quilpué",-33.048285,-71.439617
-7976412.20925353,-4217074.33928183,5786,2023,1533407,2023/05/24 00:00:00+00,Mayo,24,Miércoles,1899/12/30 00:00:00+00,20:00:00,20,REGION MAULE,TALCA,COLISION LATERAL,COLISION,URBANA,CRUCE SIN SEÑALIZACION,IMPRUDENCIA DEL CONDUCTOR,CONDUCCION NO ATENTO CONDICIONES TRANSITO MOMENTO,FORTALEZA,3 ORIENTE,3 ORIENTE - FORTALEZA,0, , ,BIDIRECCIONAL,ASFALTO,BUENO,SECO,DESPEJADO,0,0,0,1,07,071,07101,Maule,Talca,Talca,Interseccion,"3 ORIENTE & FORTALEZA, Talca",-35.390488,-71.65333
-7859586.74511499,-3953535.27036887,5787,2023,1534664,2023/05/24 00:00:00+00,Mayo,24,Miércoles,1899/12/30 00:00:00+00,22:00:00,22,REGION METROPOLITANA,PROVIDENCIA,COLISION LATERAL,COLISION,URBANA,TRAMO DE VIA RECTA,IMPRUDENCIA DEL CONDUCTOR,CONDUCCION CAMBIAR SORPRESIVAMENTE PISTA CIRCULACION,FRANCISCO BILBAO,RICARDO LYON,FRANCISCO BILBAO - RICARDO LYON,0, , ,UNIDIRECCIONAL,ASFALTO,REGULAR,SECO,DESPEJADO,0,0,0,0,13,131,13123,Metropolitana de Santiago,Santiago,Providencia,Interseccion,"FRANCISCO BILBAO & RICARDO LYON, Providencia",-33.437616,-70.603869