X,Y,FID,Año,IdAccident,Fecha,Mes,Dia_mes,Dia_semana,Hora,Hora_texto,Hora_aprox,Región,Comuna,Tipo_Accid,Tipo__CONA,Zona,Ubicación,Causa__CON,Causa_Acci,Calle_Uno,Calle_Dos,Intersecci,Número,Ruta,Ubicaci_1,Calzada,Tipo_Calza,Estado_Cal,Condición,Estado_Atm,Fallecidos,Graves,Menos_Grav,Leves,CUT_REG,CUT_PROV,CUT_COM,REGION,PROVINCIA,COMUNA1,Tipo_direc,Direccion,Lat,Lon
-7972166.53950102,-3975062.59744491,5788,2023,1551371,2023/07/27 00:00:00+00,Julio,27,Jueves,1899/12/30 00:00:00+00,17:50:00,17,REGION VALPARAISO,SAN ANTONIO,VOLCADURA,VOLCADURA,URBANA,CRUCE CON SEÑAL CEDA EL PASO,IMPRUDENCIA DEL CONDUCTOR,CONDUCCION NO ATENTO CONDICIONES TRANSITO MOMENTO,ANGAMOS,3 SUR,3 SUR - ANGAMOS,0, , ,BIDIRECCIONAL,ASFALTO,BUENO,SECO,DESPEJADO,0,0,1,0,05,056,05601,Valparaíso,San Antonio,San Antonio,Interseccion,"3 SUR & ANGAMOS, San Antonio",-33.598842,-71.61519
-7861573.35274769,-3951663.96948102,5789,2023,1534672,2023/05/25 00:00:00+00,Mayo,25,Jueves,1899/12/30 00:00:00+00,00:20:00,0,REGION METROPOLITANA,PROVIDENCIA,CHOQUE LATERAL,CHOQUE,URBANA,TRAMO DE VIA CURVA HORIZONTAL,VELOCIDAD IMPRUDENTE,VELOCIDAD NO RAZONABLE NI PRUDENTE,COST NORTE,STA MARIA,COST NORTE - STA MARIA,0, , ,UNIDIRECCIONAL,ASFALTO,REGULAR,SECO,DESPEJADO,0,1,0,0,13,131,13123,Metropolitana de Santiago,Santiago,Providencia,Interseccion,"COST NORTE & STA MARIA, Providencia",-33.423587,-70.621715
-8143640.24449423,-4947572.54461714,5790,2023,1548504,2023/07/27 00:00:00+00,Julio,27,Jueves,1899/12/30 00:00:00+00,20:20:00,20,REGION LOS LAGOS,OSORNO,VOLCADURA,VOLCADURA,URBANA,TRAMO DE VIA RECTA,VELOCIDAD IMPRUDENTE,VELOCIDAD NO RAZONABLE NI PRUDENTE,LOS NARANJOS,LOS LAURELES,LOS LAURELES - LOS NARANJOS,0, , ,BIDIRECCIONAL,CONCRETO,REGULAR,HUMEDO,DESPEJADO,0,0,0,1,10,103,10301,Los Lagos,Osorno,Osorno,Interseccion,"LOS LAURELES & LOS NARANJOS, Osorno",-40.559425,-73.155565
-7871736.04302068,-3956335.51710284,5791,2023,1533277,2023/05/25 00:00:00+00,Mayo,25,Jueves,1899/12/30 00:00:00+00,07:10:00,7,REGION METROPOLITANA,LO PRADO,COLISION PERPENDICULAR,COLISION,URBANA,CRUCE CON SEMAFORO FUNCIONANDO,DESOBEDIENCIA A SEÑALIZACION,SEÑALIZACION DESOBEDECER LUZ ROJA DE SEMAFORO,RUTA 68,GRAL OSCAR BONILLA,GRAL OSCAR BONILLA - RUTA 68,0, , ,BIDIRECCIONAL CON BANDEJON,ASFALTO,BUENO,SECO,NUBLADO,0,0,1,1,13,131,13117,Metropolitana de Santiago,Santiago,Lo Prado,Interseccion,"GRAL OSCAR BONILLA & RUTA 68, Lo Prado",-33.458605,-70.713008
-7829321.24649705,-3169892.01774938,5792,2023,1551409,2023/07/27 00:00:00+00,Julio,27,Jueves,1899/12/30 00:00:00+00,20:30:00,20,REGION ATACAMA,COPIAPO,COLISION PERPENDICULAR,COLISION,URBANA,CRUCE CON SEÑAL PARE,IMPRUDENCIA DEL CONDUCTOR,CONDUCCION NO ATENTO CONDICIONES TRANSITO MOMENTO,CHAÑARCILLO,SALAS,CHAÑARCILLO - SALAS,0, , ,UNIDIRECCIONAL,ASFALTO,BUENO,SECO,DESPEJADO,0,0,0,1,03,031,03101,Atacama,Copiapó,Copiapó,Interseccion,"CHAÑARCILLO & SALAS, Copiapó",-27.370934,-70.331989
-7862999.13278577,-3966899.14617583,5793,2023,1533937,2023/05/25 00:00:00+00,Mayo,25,Jueves,1899/12/30 00:00:00+00,08:00:00,8,REGION METROPOLITANA,SAN RAMON,ATROPELLO,ATROPELLO,URBANA,CRUCE CON SEMAFORO FUNCIONANDO,IMPRUDENCIA DEL PEATON,PEATON CRUZA CALZADA FORMA SORPRESIVA O DESCUIDADA,STA ROSA,DOÑIHUE,DOÑIHUE - STA ROSA,0, , ,BIDIRECCIONAL CON BANDEJON,ASFALTO,BUENO,SECO,DESPEJADO,0,0,0,1,13,131,13131,Metropolitana de Santiago,Santiago,San Ramón,Interseccion,"DOÑIHUE & STA ROSA, San Ramón",-33.537738,-70.634523
-7971904.21514323,-4278406.94759074,5794,2023,1548802,2023/07/27 00:00:00+00,Julio,27,Jueves,1899/12/30 00:00:00+00,21:30:00,21,REGION MAULE,LINARES,COLISION PERPENDICULAR,COLISION,URBANA,CRUCE CON SEMAFORO FUNCIONANDO,IMPRUDENCIA DEL CONDUCTOR,CONDUCCION NO ATENTO CONDICIONES TRANSITO MOMENTO,QUINIPEUMO,ANIBAL LEON BUSTOS,ANIBAL LEON BUSTOS - QUINIPEUMO,0, , ,BIDIRECCIONAL CON BANDEJON,ASFALTO,BUENO,SECO,DESPEJADO,0,1,0,1,07,074,07401,Maule,Linares,Linares,Interseccion,"ANIBAL LEON BUSTOS & QUINIPEUMO, Linares",-35.838391,-71.612834
-7975071.07651172,-4220597.46326213,5795,2023,1557898,2023/09/03 00:00:00+00,Septiembre,3,Domingo,1899/12/30 00:00:00+00,01:50:00,1,REGION MAULE,TALCA,COLISION POR ALCANCE,COLISION,URBANA,TRAMO DE VIA RECTA,IMPRUDENCIA DEL CONDUCTOR,VIRAJES INDEBIDOS,14 ORIENTE,13 NORTE,13 NORTE - 14 ORIENTE,0, , ,BIDIRECCIONAL,CONCRETO,REGULAR,MOJADO,DESPEJADO,0,0,0,1,07,071,07101,Maule,Talca,Talca,Interseccion,"13 NORTE & 14 ORIENTE, Talca",-35.416285,-71.641282
-7965102.30482508,-3898491.50900573,5796,2023,1533864,2023/05/25 00:00:00+00,Mayo,25,Jueves,1899/12/30 00:00:00+00,08:45:00,8,REGION VALPARAISO,VIÑA DEL MAR,CHOQUE FRONTAL,CHOQUE,URBANA,TRAMO DE VIA RECTA,IMPRUDENCIA DEL CONDUCTOR,CONDUCCION CAMBIAR SORPRESIVAMENTE PISTA CIRCULACION,LOS CASTAÑOS,ARLEGUI,ARLEGUI - LOS CASTAÑOS,0, , ,UNIDIRECCIONAL,CONCRETO,BUENO,SECO,DESPEJADO,0,0,0,0,05,051,05109,Valparaíso,Valparaíso,Viña del Mar,Interseccion,"ARLEGUI & LOS CASTAÑOS, Viña del Mar",-33.024011,-71.551731
-8132943.33198492,-4413875.39996365,5797,2023,1547905,2023/07/27 00:00:00+00,Julio,27,Jueves,1899/12/30 00:00:00+00,23:30:00,23,REGION BIO BIO,CONCEPCION,COLISION,COLISION,URBANA,CRUCE CON SEÑAL CEDA EL PASO,DESOBEDIENCIA A SEÑALIZACION,SEÑALIZACION DESOBEDECER SEÑAL CEDA EL PASO,LINCOYAN,MANUEL RODRIGUEZ,LINCOYAN - MANUEL RODRIGUEZ,0, , ,UNIDIRECCIONAL,CONCRETO,BUENO,SECO,DESPEJADO,0,0,0,1,08,081,08101,Biobío,Concepción,Concepción,Interseccion,"LINCOYAN & MANUEL RODRIGUEZ, Concepción",-36.818768,-73.059473
-7872999.46359257,-3861727.44405451,5798,2023,1535246,2023/05/25 00:00:00+00,Mayo,25,Jueves,1899/12/30 00:00:00+00,12:00:00,12,REGION VALPARAISO,SAN FELIPE,COLISION,COLISION,URBANA,CRUCE CON SEÑAL PARE,DESOBEDIENCIA A SEÑALIZACION,SEÑALIZACION DESOBEDECER SEÑAL PARE,SALINAS,CHACABUCO,CHACABUCO - SALINAS,0, , ,BIDIRECCIONAL CON BANDEJON,CONCRETO,BUENO,SECO,DESPEJADO,0,0,0,1,05,057,05701,Valparaíso,San Felipe de Aconcagua,San Felipe,Interseccion,"CHACABUCO & SALINAS, San Felipe",-32.746676,-70.724358
-7873581.16354718,-3860970.99587267,5799,2023,1558321,2023/09/03 00:00:00+00,Septiembre,3,Domingo,1899/12/30 00:00:00+00,02:00:00,2,REGION VALPARAISO,SAN FELIPE,CHOQUE,CHOQUE,URBANA,TRAMO DE VIA RECTA,IMPRUDENCIA DEL CONDUCTOR,CONDUCCION NO ATENTO CONDICIONES TRANSITO MOMENTO,HERMANOS CARRERA,PASAJE UNO,HERMANOS CARRERA - PASAJE UNO,0, , ,BIDIRECCIONAL,CONCRETO,BUENO,SECO,DESPEJADO,0,1,0,1,05,057,05701,Valparaíso,San Felipe de Aconcagua,San Felipe,Interseccion,"HERMANOS CARRERA & PASAJE UNO, San Felipe",-32.74096,-70.729583
-8138638.10317543,-4409180.22442789,5800,2023,1547570,2023/07/28 00:00:00+00,Julio,28,Viernes,1899/12/30 00:00:00+00,07:00:00,7,REGION BIO BIO,HUALPEN,COLISION,COLISION,URBANA,CRUCE CON SEMAFORO FUNCIONANDO,IMPRUDENCIA DEL CONDUCTOR,CONDUCCION NO ATENTO CONDICIONES TRANSITO MOMENTO,GRAN BRETAÑA,FINLANDIA,FINLANDIA - GRAN BRETAÑA,0, , ,BIDIRECCIONAL,CONCRETO,BUENO,SECO,DESPEJADO,0,0,0,1,08,081,08112,Biobío,Concepción,Hualpén,Interseccion,"FINLANDIA & GRAN BRETAÑA, Hualpén",-36.784996,-73.11063
-7865921.26941909,-3954651.73899787,5801,2023,1535594,2023/05/25 00:00:00+00,Mayo,25,Jueves,1899/12/30 00:00:00+00,13:15:00,13,REGION METROPOLITANA,SANTIAGO,COLISION,COLISION,URBANA,TRAMO DE VIA RECTA,IMPRUDENCIA DEL CONDUCTOR,CONDUCCION NO ATENTO CONDICIONES TRANSITO MOMENTO,LIBER BERNARDO O'HIGGINS,MANUEL RODRIGUEZ,LIBER BERNARDO O'HIGGINS - MANUEL RODRIGUEZ,0, , ,UNIDIRECCIONAL,CONCRETO,BUENO,SECO,DESPEJADO,0,0,0,0,13,131,13101,Metropolitana de Santiago,Santiago,Santiago,Interseccion,"LIBER BERNARDO O'HIGGINS & MANUEL RODRIGUEZ, Santiago",-33.445985,-70.660773
-7971550.21915137,-4220400.53657701,5802,2023,1547873,2023/07/28 00:00:00+00,Julio,28,Viernes,1899/12/30 00:00:00+00,07:00:00,7,REGION MAULE,TALCA,COLISION LATERAL,COLISION,URBANA,CRUCE CON SEÑAL PARE,DESOBEDIENCIA A SEÑALIZACION,SEÑALIZACION DESOBEDECER SEÑAL PARE,22 1/2 NORTE B,35 1/2 ORIENTE A,22 1/2 NORTE B - 35 1/2 ORIENTE A,0, , ,BIDIRECCIONAL CON BANDEJON,CONCRETO,BUENO,HUMEDO,NEBLINA,0,0,0,1,07,071,07101,Maule,Talca,Talca,Interseccion,"22 1/2 NORTE B & 35 1/2 ORIENTE A, Talca",-35.414843,-71.609654
-7806625.53996681,-2301674.20197168,5803,2023,1534181,2023/05/25 00:00:00+00,Mayo,25,Jueves,1899/12/30 00:00:00+00,15:20:00,15,REGION TARAPACA,IQUIQUE,COLISION FRONTAL,COLISION,URBANA,TRAMO DE VIA RECTA,IMPRUDENCIA DEL CONDUCTOR,CONDUCCION NO ATENTO CONDICIONES TRANSITO MOMENTO,LA TIRANA,PRIMERAS PIEDRAS,LA TIRANA - PRIMERAS PIEDRAS,0, , ,BIDIRECCIONAL CON BANDEJON,ASFALTO,BUENO,SECO,DESPEJADO,0,1,0,0,01,011,01101,Tarapacá,Iquique,Iquique,Interseccion,"LA TIRANA & PRIMERAS PIEDRAS, Iquique",-20.241603,-70.12811
-7860887.51336491,-3953767.52005648,5804,2023,1534632,2023/05/25 00:00:00+00,Mayo,25,Jueves,1899/12/30 00:00:00+00,15:30:00,15,REGION METROPOLITANA,PROVIDENCIA,COLISION LATERAL,COLISION,URBANA,CRUCE CON SEMAFORO FUNCIONANDO,IMPRUDENCIA DEL CONDUCTOR,VIRAJES INDEBIDOS,MANUEL MONTT,FRANCISCO BILBAO,FRANCISCO BILBAO - MANUEL MONTT,0, , ,UNIDIRECCIONAL,MIXTO,REGULAR,HUMEDO,DESPEJADO,0,0,0,0,13,131,13123,Metropolitana de Santiago,Santiago,Providencia,Interseccion,"FRANCISCO BILBAO & MANUEL MONTT, Providencia",-33.439357,-70.615554
-7873835.59540874,-3993190.36026568,5805,2023,1564318,2023/09/03 00:00:00+00,Septiembre,3,Domingo,1899/12/30 00:00:00+00,14:40:00,14,REGION METROPOLITANA,BUIN,CHOQUE FRENTE/LADO,CHOQUE,URBANA,CRUCE CON SEMAFORO FUNCIONANDO,IMPRUDENCIA DEL CONDUCTOR,CONDUCCION NO ATENTO CONDICIONES TRANSITO MOMENTO,JOSE ALBERTO BRAVO,LATERAL PONIENTE,JOSE ALBERTO BRAVO - LATERAL PONIENTE,0, , ,UNIDIRECCIONAL,ASFALTO,BUENO,SECO,NUBLADO,0,1,0,0,13,134,13402,Metropolitana de Santiago,Maipo,Buin,Interseccion,"JOSE ALBERTO BRAVO & LATERAL PONIENTE, Buin",-33.734373,-70.731869
-7965085.57342769,-3898306.03171554,5806,2023,1534804,2023/05/25 00:00:00+00,Mayo,25,Jueves,1899/12/30 00:00:00+00,19:10:00,19,REGION VALPARAISO,VIÑA DEL MAR,CHOQUE FRENTE/POSTERIOR,CHOQUE,URBANA,TRAMO DE VIA RECTA,IMPRUDENCIA DEL CONDUCTOR,CONDUCCION NO ATENTO CONDICIONES TRANSITO MOMENTO,1 NORTE,LIBERTAD,1 NORTE - LIBERTAD,0, , ,BIDIRECCIONAL,CONCRETO,BUENO,SECO,DESPEJADO,0,0,0,0,05,051,05109,Valparaíso,Valparaíso,Viña del Mar,Interseccion,"1 NORTE & LIBERTAD, Viña del Mar",-33.022614,-71.551581
-7864755.53171151,-3969900.74249177,5807,2023,1533763,2023/05/25 00:00:00+00,Mayo,25,Jueves,1899/12/30 00:00:00+00,20:15:00,20,REGION METROPOLITANA,LA PINTANA,COLISION,COLISION,URBANA,CRUCE SIN SEÑALIZACION,IMPRUDENCIA DEL CONDUCTOR,NO RESPETAR DERECHO PREFERENTE DE PASO A VEHICULO,VIOLETA PARRA,SANTA ISABEL DE HUNGRIA,SANTA ISABEL DE HUNGRIA - VIOLETA PARRA,0, , ,BIDIRECCIONAL,ASFALTO,BUENO,SECO,NUBLADO,0,1,0,0,13,131,13112,Metropolitana de Santiago,Santiago,La Pintana,Interseccion,"SANTA ISABEL DE HUNGRIA & VIOLETA PARRA, La Pintana",-33.56021,-70.650301
-8122679.41739614,-5082887.09618024,5808,2023,1558495,2023/09/03 00:00:00+00,Septiembre,3,Domingo,1899/12/30 00:00:00+00,15:00:00,15,REGION LOS LAGOS,PUERTO MONTT,COLISION LATERAL,COLISION,URBANA,TRAMO DE VIA RECTA,IMPRUDENCIA DEL CONDUCTOR,CONDUCCION NO ATENTO CONDICIONES TRANSITO MOMENTO,CRUCERO,LAS MARGARITAS,CRUCERO - LAS MARGARITAS,0, , ,BIDIRECCIONAL,CONCRETO,BUENO,SECO,DESPEJADO,0,0,0,0,10,101,10101,Los Lagos,Llanquihue,Puerto Montt,Interseccion,"CRUCERO & LAS MARGARITAS, Puerto Montt",-41.476538,-72.967271
-7672313.74309222,-2564795.61080755,5809,2023,1547536,2023/07/28 00:00:00+00,Julio,28,Viernes,1899/12/30 00:00:00+00,07:10:00,7,REGION ANTOFAGASTA,CALAMA,COLISION,COLISION,URBANA,CRUCE CON SEÑAL PARE,IMPRUDENCIA DEL CONDUCTOR,CONDUCCION NO ATENTO CONDICIONES TRANSITO MOMENTO,ASCOTAN,CAMARONES,ASCOTAN - CAMARONES,0, , ,BIDIRECCIONAL,ASFALTO,BUENO,SECO,DESPEJADO,0,0,0,2,02,022,02201,Antofagasta,El Loa,Calama,Interseccion,"ASCOTAN & CAMARONES, Calama",-22.442993,-68.921567
-7837600.42205097,-2713042.0125087,5810,2023,1533458,2023/05/25 00:00:00+00,Mayo,25,Jueves,1899/12/30 00:00:00+00,21:00:00,21,REGION ANTOFAGASTA,ANTOFAGASTA,COLISION,COLISION,URBANA,TRAMO DE VIA RECTA,ALCOHOL EN CONDUCTOR,CONDUCCION EN ESTADO DE EBRIEDAD,GRECIA,LOS INMIGRANTES,GRECIA - LOS INMIGRANTES,0, , ,BIDIRECCIONAL,ASFALTO,BUENO,SECO,DESPEJADO,0,1,0,0,02,021,02101,Antofagasta,Antofagasta,Antofagasta,Interseccion,"GRECIA & LOS INMIGRANTES, Antofagasta",-23.66831,-70.406362
-7868069.51295242,-3953644.92472395,5811,2023,1558148,2023/09/03 00:00:00+00,Septiembre,3,Domingo,1899/12/30 00:00:00+00,15:40:00,15,REGION METROPOLITANA,SANTIAGO,CHOQUE POSTERIOR,CHOQUE,URBANA,CRUCE CON SEMAFORO FUNCIONANDO,IMPRUDENCIA DEL CONDUCTOR,CONDUCCION NO ATENTO CONDICIONES TRANSITO MOMENTO,STO DOMINGO,MATUCANA,MATUCANA - STO DOMINGO,0, , ,UNIDIRECCIONAL,ASFALTO,BUENO,SECO,DESPEJADO,0,0,0,0,13,131,13101,Metropolitana de Santiago,Santiago,Santiago,Interseccion,"MATUCANA & STO DOMINGO, Santiago",-33.438438,-70.680071
-7855797.42964839,-3967679.38996064,5812,2023,1550717,2023/07/28 00:00:00+00,Julio,28,Viernes,1899/12/30 00:00:00+00,08:00:00,8,REGION METROPOLITANA,LA FLORIDA,COLISION LATERAL,COLISION,URBANA,TRAMO DE VIA RECTA,IMPRUDENCIA DEL CONDUCTOR,CONDUCCION NO ATENTO CONDICIONES TRANSITO MOMENTO,LA FLORIDA,STA AMALIA,LA FLORIDA - STA AMALIA,0, , ,BIDIRECCIONAL,ASFALTO,BUENO,SECO,DESPEJADO,0,0,0,1,13,131,13110,Metropolitana de Santiago,Santiago,La Florida,Interseccion,"LA FLORIDA & STA AMALIA, La Florida",-33.54358,-70.569829
-8083897.52281427,-4684614.82287501,5813,2023,1556315,2023/09/03 00:00:00+00,Septiembre,3,Domingo,1899/12/30 00:00:00+00,18:20:00,18,REGION ARAUCANIA,TEMUCO,COLISION PERPENDICULAR,COLISION,URBANA,CRUCE CON SEMAFORO FUNCIONANDO,IMPRUDENCIA DEL CONDUCTOR,CONDUCCION NO ATENTO CONDICIONES TRANSITO MOMENTO,PABLO NERUDA,HOCHSTETTER,HOCHSTETTER - PABLO NERUDA,0, , ,BIDIRECCIONAL CON BANDEJON,CONCRETO,BUENO,SECO,NUBLADO,0,0,1,0,09,091,09101,La Araucanía,Cautín,Temuco,Interseccion,"HOCHSTETTER & PABLO NERUDA, Temuco",-38.740826,-72.618887
-7977304.32365274,-4223771.59881326,5814,2023,1547888,2023/07/28 00:00:00+00,Julio,28,Viernes,1899/12/30 00:00:00+00,13:20:00,13,REGION MAULE,TALCA,COLISION POR ALCANCE,COLISION,URBANA,TRAMO DE VIA RECTA,IMPRUDENCIA DEL CONDUCTOR,CONDUCCION NO ATENTO CONDICIONES TRANSITO MOMENTO,COLIN,12 1/2 SUR,12 1/2 SUR - COLIN,0, , ,BIDIRECCIONAL,CONCRETO,BUENO,SECO,DESPEJADO,0,0,0,0,07,071,07101,Maule,Talca,Talca,Interseccion,"12 1/2 SUR & COLIN, Talca",-35.439519,-71.661344
-7869064.15817977,-3956390.90450334,5815,2023,1537649,2023/05/26 00:00:00+00,Mayo,26,Viernes,1899/12/30 00:00:00+00,06:00:00,6,REGION METROPOLITANA,ESTACION CENTRAL,COLISION,COLISION,URBANA,TRAMO DE VIA RECTA,IMPRUDENCIA DEL CONDUCTOR,CONDUCCION NO ATENTO CONDICIONES TRANSITO MOMENTO,ARICA,PADRE ALBERTO HURTADO,ARICA - PADRE ALBERTO HURTADO,0, , ,BIDIRECCIONAL,ASFALTO,BUENO,SECO,DESPEJADO,0,0,0,0,13,131,13106,Metropolitana de Santiago,Santiago,Estación Central,Interseccion,"ARICA & PADRE ALBERTO HURTADO, Estación Central",-33.45902,-70.689006
-8093567.17906254,-4550782.08035929,5816,2023,1547424,2023/07/28 00:00:00+00,Julio,28,Viernes,1899/12/30 00:00:00+00,14:30:00,14,REGION ARAUCANIA,ANGOL,COLISION LATERAL,COLISION,URBANA,CRUCE CON SEÑAL PARE,DESOBEDIENCIA A SEÑALIZACION,SEÑALIZACION DESOBEDECER SEÑAL PARE,ILABACA,CAUPOLICAN,CAUPOLICAN - ILABACA,0, , ,BIDIRECCIONAL,CONCRETO,BUENO,SECO,NUBLADO,0,0,0,1,09,092,09201,La Araucanía,Malleco,Angol,Interseccion,"CAUPOLICAN & ILABACA, Angol",-37.796956,-72.705751
-7890716.68407335,-3976686.17024297,5817,2023,1534186,2023/05/26 00:00:00+00,Mayo,26,Viernes,1899/12/30 00:00:00+00,08:30:00,8,REGION METROPOLITANA,PEÑAFLOR,COLISION,COLISION,URBANA,TRAMO DE VIA RECTA,IMPRUDENCIA DEL CONDUCTOR,CONDUCCION NO ATENTO CONDICIONES TRANSITO MOMENTO,VICUÑA MACKENNA,SANTA ROSA,SANTA ROSA - VICUÑA MACKENNA,0, , ,BIDIRECCIONAL,ASFALTO,BUENO,SECO,DESPEJADO,0,0,1,0,13,136,13605,Metropolitana de Santiago,Talagante,Peñaflor,Interseccion,"SANTA ROSA & VICUÑA MACKENNA, Peñaflor",-33.610989,-70.883514
-7869555.51683502,-3954481.37351616,5818,2023,1549417,2023/07/28 00:00:00+00,Julio,28,Viernes,1899/12/30 00:00:00+00,17:35:00,17,REGION METROPOLITANA,QUINTA NORMAL,COLISION POR ALCANCE,COLISION,URBANA,CRUCE CON SEÑAL PARE,IMPRUDENCIA DEL CONDUCTOR,CONDUCCION SIN MANTENER DISTANCIA RAZONABLE NI PRUDENTE,NVA IMPERIAL,FRANCISCO JAVIER,FRANCISCO JAVIER - NVA IMPERIAL,0, , ,BIDIRECCIONAL,MIXTO,REGULAR,SECO,DESPEJADO,0,0,0,0,13,131,13126,Metropolitana de Santiago,Santiago,Quinta Normal,Interseccion,"FRANCISCO JAVIER & NVA IMPERIAL, Quinta Normal",-33.444708,-70.69342
-7859164.84424489,-3950401.75582439,5819,2023,1563562,2023/09/03 00:00:00+00,Septiembre,3,Domingo,1899/12/30 00:00:00+00,21:00:00,21,REGION METROPOLITANA,LAS CONDES,COLISION,COLISION,URBANA,TRAMO DE VIA RECTA,IMPRUDENCIA DEL CONDUCTOR,CONDUCCION NO ATENTO CONDICIONES TRANSITO MOMENTO,ISIDORA GOYENECHEA,SAN SEBASTIAN,ISIDORA GOYENECHEA - SAN SEBASTIAN,0, , ,BIDIRECCIONAL,ASFALTO,BUENO,SECO,DESPEJADO,0,0,0,0,13,131,13114,Metropolitana de Santiago,Santiago,Las Condes,Interseccion,"ISIDORA GOYENECHEA & SAN SEBASTIAN, Las Condes",-33.414123,-70.600079
-7874594.95018323,-4051257.56726804,5820,2023,1533690,2023/05/26 00:00:00+00,Mayo,26,Viernes,1899/12/30 00:00:00+00,08:40:00,8,REGION LIB.B.O'HIGGINS,RANCAGUA,COLISION PERPENDICULAR,COLISION,URBANA,CRUCE CON SEÑAL PARE,DESOBEDIENCIA A SEÑALIZACION,SEÑALIZACION DESOBEDECER SEÑAL PARE,CACERES,ALCAZAR,ALCAZAR - CACERES,0, , ,UNIDIRECCIONAL,CONCRETO,BUENO,SECO,NUBLADO,0,1,0,1,06,061,06101,Libertador General Bernardo O'Higgins,Cachapoal,Rancagua,Interseccion,"ALCAZAR & CACERES, Rancagua",-34.16707,-70.73869
-7941388.63727808,-3499885.66213778,5821,2023,1557005,2023/09/03 00:00:00+00,Septiembre,3,Domingo,1899/12/30 00:00:00+00,23:00:00,23,REGION COQUIMBO,COQUIMBO,CHOQUE FRONTAL,CHOQUE,URBANA,TRAMO DE VIA RECTA,VELOCIDAD IMPRUDENTE,VELOCIDAD NO RAZONABLE NI PRUDENTE,ABRAHAM LINCOLN,JOHN F KENNEDY,ABRAHAM LINCOLN - JOHN F KENNEDY,0, , ,BIDIRECCIONAL,CONCRETO,BUENO,SECO,DESPEJADO,0,1,0,0,04,041,04102,Coquimbo,Elqui,Coquimbo,Interseccion,"ABRAHAM LINCOLN & JOHN F KENNEDY, Coquimbo",-29.97149,-71.338708
-7874597.95580948,-3944639.11855009,5822,2023,1556463,2023/09/04 00:00:00+00,Septiembre,4,Lunes,1899/12/30 00:00:00+00,07:30:00,7,REGION METROPOLITANA,QUILICURA,COLISION LATERAL,COLISION,URBANA,CRUCE CON SEÑAL PARE,DESOBEDIENCIA A SEÑALIZACION,SEÑALIZACION DESOBEDECER SEÑAL PARE,GRAL SAN MARTIN,INTEN SAAVEDRA,GRAL SAN MARTIN - INTEN SAAVEDRA,0, , ,UNIDIRECCIONAL,ASFALTO,BUENO,SECO,DESPEJADO,0,0,0,0,13,131,13125,Metropolitana de Santiago,Santiago,Quilicura,Interseccion,"GRAL SAN MARTIN & INTEN SAAVEDRA, Quilicura",-33.370902,-70.738717
-7945333.36585239,-3901737.32176818,5823,2023,1557819,2023/09/04 00:00:00+00,Septiembre,4,Lunes,1899/12/30 00:00:00+00,07:45:00,7,REGION VALPARAISO,VILLA ALEMANA,COLISION,COLISION,URBANA,CRUCE CON SEÑAL PARE,DESOBEDIENCIA A SEÑALIZACION,SEÑALIZACION DESOBEDECER SEÑAL PARE,SANTA RITA,MATURANA,MATURANA - SANTA RITA,0, , ,BIDIRECCIONAL,ASFALTO,BUENO,SECO,NUBLADO,0,0,1,0,05,058,05804,Valparaíso,Marga Marga,Villa Alemana,Interseccion,"MATURANA & SANTA RITA, Villa Alemana",-33.048455,-71.374144
-7970726.63304182,-3902096.11666315,5824,2023,1556505,2023/09/04 00:00:00+00,Septiembre,4,Lunes,1899/12/30 00:00:00+00,08:30:00,8,REGION VALPARAISO,VALPARAISO,CHOQUE LADO/LADO,CHOQUE,URBANA,CRUCE CON SEMAFORO FUNCIONANDO,IMPRUDENCIA DEL CONDUCTOR,ADELANTAMIENTO SIN EL ESPACIO O TIEMPO SUFICIENTE,ARGENTINA,INDEPENDENCIA,ARGENTINA - INDEPENDENCIA,0, , ,BIDIRECCIONAL CON BANDEJON,ASFALTO,BUENO,SECO,DESPEJADO,0,0,0,0,05,051,05101,Valparaíso,Valparaíso,Valparaíso,Interseccion,"ARGENTINA & INDEPENDENCIA, Valparaíso",-33.051157,-71.602256
-8056295.18715514,-4505011.01287749,5825,2023,1556794,2023/09/04 00:00:00+00,Septiembre,4,Lunes,1899/12/30 00:00:00+00,08:50:00,8,REGION BIO BIO,LOS ANGELES,COLISION POR ALCANCE,COLISION,URBANA,CRUCE CON SEMAFORO FUNCIONANDO,IMPRUDENCIA DEL CONDUCTOR,CONDUCCION NO ATENTO CONDICIONES TRANSITO MOMENTO,PADRE HURTADO,COLO COLO,COLO COLO - PADRE HURTADO,0, , ,BIDIRECCIONAL,CONCRETO,BUENO,SECO,NUBLADO,0,0,0,0,08,083,08301,Biobío,Biobío,Los Angeles,Interseccion,"COLO COLO & PADRE HURTADO, Los Angeles",-37.471342,-72.370931