X,Y,FID,Año,IdAccident,Fecha,Mes,Dia_mes,Dia_semana,Hora,Hora_texto,Hora_aprox,Región,Comuna,Tipo_Accid,Tipo__CONA,Zona,Ubicación,Causa__CON,Causa_Acci,Calle_Uno,Calle_Dos,Intersecci,Número,Ruta,Ubicaci_1,Calzada,Tipo_Calza,Estado_Cal,Condición,Estado_Atm,Fallecidos,Graves,Menos_Grav,Leves,CUT_REG,CUT_PROV,CUT_COM,REGION,PROVINCIA,COMUNA1,Tipo_direc,Direccion,Lat,Lon
-7826532.98268335,-3170826.893524,5826,2023,1560652,2023/09/04 00:00:00+00,Septiembre,4,Lunes,1899/12/30 00:00:00+00,09:02:00,9,REGION ATACAMA,COPIAPO,COLISION PERPENDICULAR,COLISION,URBANA,CRUCE SIN SEÑALIZACION,IMPRUDENCIA DEL CONDUCTOR,CONDUCCION NO ATENTO CONDICIONES TRANSITO MOMENTO,COMANDANTE LA CRUZ,HITOS DE ORO,COMANDANTE LA CRUZ - HITOS DE ORO,0, , ,BIDIRECCIONAL,ASFALTO,BUENO,SECO,DESPEJADO,0,0,0,1,03,031,03101,Atacama,Copiapó,Copiapó,Interseccion,"COMANDANTE LA CRUZ & HITOS DE ORO, Copiapó",-27.378392,-70.306942
-7863116.12957059,-3956521.2547017,5827,2023,1556729,2023/09/04 00:00:00+00,Septiembre,4,Lunes,1899/12/30 00:00:00+00,11:05:00,11,REGION METROPOLITANA,SANTIAGO,COLISION POR ALCANCE,COLISION,URBANA,TRAMO DE VIA RECTA,IMPRUDENCIA DEL CONDUCTOR,VIRAJES INDEBIDOS,LIRA,RICANTEN,LIRA - RICANTEN,0, , ,UNIDIRECCIONAL,ASFALTO,BUENO,SECO,DESPEJADO,1,0,0,0,13,131,13101,Metropolitana de Santiago,Santiago,Santiago,Interseccion,"LIRA & RICANTEN, Santiago",-33.459997,-70.635574
-7889826.23951102,-3979738.87630006,5828,2023,1554032,2023/07/28 00:00:00+00,Julio,28,Viernes,1899/12/30 00:00:00+00,18:36:00,18,REGION METROPOLITANA,TALAGANTE,COLISION LATERAL,COLISION,URBANA,TRAMO DE VIA RECTA,IMPRUDENCIA DEL CONDUCTOR,CONDUCCION NO ATENTO CONDICIONES TRANSITO MOMENTO,BALMACEDA,NEHUEN,BALMACEDA - NEHUEN,0, , ,BIDIRECCIONAL,ASFALTO,BUENO,SECO,DESPEJADO,0,0,0,1,13,136,13601,Metropolitana de Santiago,Talagante,Talagante,Interseccion,"BALMACEDA & NEHUEN, Talagante",-33.633824,-70.875515
-7874367.34315749,-4053245.83350035,5829,2023,1547484,2023/07/28 00:00:00+00,Julio,28,Viernes,1899/12/30 00:00:00+00,19:30:00,19,REGION LIB.B.O'HIGGINS,RANCAGUA,CHOQUE FRENTE/POSTERIOR,CHOQUE,URBANA,CRUCE CON SEÑAL PARE,IMPRUDENCIA DEL CONDUCTOR,CONDUCCION NO ATENTO CONDICIONES TRANSITO MOMENTO,MANUEL MONTT,PADRE HURTADO,MANUEL MONTT - PADRE HURTADO,0, , ,BIDIRECCIONAL,CONCRETO,BUENO,SECO,DESPEJADO,0,0,1,0,06,061,06101,Libertador General Bernardo O'Higgins,Cachapoal,Rancagua,Interseccion,"MANUEL MONTT & PADRE HURTADO, Rancagua",-34.181847,-70.736645
-7947265.71639867,-3901411.32690514,5830,2023,1549232,2023/07/28 00:00:00+00,Julio,28,Viernes,1899/12/30 00:00:00+00,21:00:00,21,REGION VALPARAISO,VILLA ALEMANA,COLISION,COLISION,URBANA,TRAMO DE VIA RECTA,IMPRUDENCIA DEL CONDUCTOR,CONDUCCION NO ATENTO CONDICIONES TRANSITO MOMENTO,VALPARAISO,QUITO,QUITO - VALPARAISO,0, , ,BIDIRECCIONAL,ASFALTO,BUENO,SECO,DESPEJADO,0,0,0,1,05,058,05804,Valparaíso,Marga Marga,Villa Alemana,Interseccion,"QUITO & VALPARAISO, Villa Alemana",-33.046,-71.391503
-7856609.39401424,-3975600.47503606,5831,2023,1547706,2023/07/29 00:00:00+00,Julio,29,Sábado,1899/12/30 00:00:00+00,03:50:00,3,REGION METROPOLITANA,PUENTE ALTO,CHOQUE FRONTAL,CHOQUE,URBANA,CRUCE CON SEÑAL PARE,VELOCIDAD IMPRUDENTE,VELOCIDAD NO RAZONABLE NI PRUDENTE,CARDENAL OVIEDO,LOS ESPAÑOLES,CARDENAL OVIEDO - LOS ESPAÑOLES,0, , ,BIDIRECCIONAL,ASFALTO,BUENO,SECO,NUBLADO,1,0,0,0,13,132,13201,Metropolitana de Santiago,Cordillera,Puente Alto,Interseccion,"CARDENAL OVIEDO & LOS ESPAÑOLES, Puente Alto",-33.602866,-70.577123
-7859052.74551766,-3947294.0209278,5832,2023,1548140,2023/07/29 00:00:00+00,Julio,29,Sábado,1899/12/30 00:00:00+00,12:30:00,12,REGION METROPOLITANA,VITACURA,COLISION POR ALCANCE,COLISION,URBANA,TRAMO DE VIA RECTA,IMPRUDENCIA DEL CONDUCTOR,CONDUCCION SIN MANTENER DISTANCIA RAZONABLE NI PRUDENTE,NVA COSTANERA,COST MONS ESCRIVA DE BALAGUER,COST MONS ESCRIVA DE BALAGUER - NVA COSTANERA,0, , ,BIDIRECCIONAL CON BANDEJON,ASFALTO,BUENO,SECO,DESPEJADO,0,0,0,1,13,131,13132,Metropolitana de Santiago,Santiago,Vitacura,Interseccion,"COST MONS ESCRIVA DE BALAGUER & NVA COSTANERA, Vitacura",-33.390817,-70.599072
-7972354.13507351,-3901340.42387409,5833,2023,1550425,2023/07/29 00:00:00+00,Julio,29,Sábado,1899/12/30 00:00:00+00,12:30:00,12,REGION VALPARAISO,VALPARAISO,COLISION,COLISION,URBANA,CRUCE CON SEMAFORO FUNCIONANDO,DESOBEDIENCIA A SEÑALIZACION,SEÑALIZACION DESOBEDECER SEÑAL PARE,YUNGAY,LAS HERAS,LAS HERAS - YUNGAY,0, , ,UNIDIRECCIONAL,ASFALTO,BUENO,SECO,DESPEJADO,0,1,0,0,05,051,05101,Valparaíso,Valparaíso,Valparaíso,Interseccion,"LAS HERAS & YUNGAY, Valparaíso",-33.045466,-71.616876
-8134059.64383859,-4413068.48655016,5834,2023,1548877,2023/07/29 00:00:00+00,Julio,29,Sábado,1899/12/30 00:00:00+00,13:10:00,13,REGION BIO BIO,CONCEPCION,VOLCADURA,VOLCADURA,URBANA,TRAMO DE VIA RECTA,VELOCIDAD IMPRUDENTE,VELOCIDAD NO RAZONABLE NI PRUDENTE,MANUEL RODRIGUEZ,21 DE MAYO,21 DE MAYO - MANUEL RODRIGUEZ,0, , ,BIDIRECCIONAL CON BANDEJON,CONCRETO,BUENO,SECO,DESPEJADO,0,1,0,0,08,081,08101,Biobío,Concepción,Concepción,Interseccion,"21 DE MAYO & MANUEL RODRIGUEZ, Concepción",-36.812965,-73.069501
-7901957.94899282,-4107703.18594866,5835,2023,1548490,2023/07/29 00:00:00+00,Julio,29,Sábado,1899/12/30 00:00:00+00,15:00:00,15,REGION LIB.B.O'HIGGINS,SAN FERNANDO,COLISION LATERAL,COLISION,URBANA,CRUCE CON SEMAFORO FUNCIONANDO,IMPRUDENCIA DEL CONDUCTOR,CONDUCCION NO ATENTO CONDICIONES TRANSITO MOMENTO,CARDENAL CARO,BERNARDO O'HIGGINS,BERNARDO O'HIGGINS - CARDENAL CARO,0, , ,UNIDIRECCIONAL,ASFALTO,BUENO,SECO,DESPEJADO,0,0,0,0,06,063,06301,Libertador General Bernardo O'Higgins,Colchagua,San Fernando,Interseccion,"BERNARDO O'HIGGINS & CARDENAL CARO, San Fernando",-34.585568,-70.984496
-7875109.80282815,-4049558.57913629,5836,2023,1548747,2023/07/29 00:00:00+00,Julio,29,Sábado,1899/12/30 00:00:00+00,15:40:00,15,REGION LIB.B.O'HIGGINS,RANCAGUA,COLISION LATERAL,COLISION,URBANA,CRUCE CON SEMAFORO FUNCIONANDO,IMPRUDENCIA DEL CONDUCTOR,NO RESPETAR DERECHO PREFERENTE DE PASO A VEHICULO,ESPAÑA,REPUBLICA DE CHILE,ESPAÑA - REPUBLICA DE CHILE,0, , ,BIDIRECCIONAL CON BANDEJON,CONCRETO,BUENO,SECO,DESPEJADO,0,0,0,1,06,061,06101,Libertador General Bernardo O'Higgins,Cachapoal,Rancagua,Interseccion,"ESPAÑA & REPUBLICA DE CHILE, Rancagua",-34.154441,-70.743315
-7865798.92929871,-3964612.80932577,5837,2023,1556948,2023/09/04 00:00:00+00,Septiembre,4,Lunes,1899/12/30 00:00:00+00,11:40:00,11,REGION METROPOLITANA,LA CISTERNA,COLISION POR ALCANCE,COLISION,URBANA,CRUCE CON SEMAFORO FUNCIONANDO,DESOBEDIENCIA A SEÑALIZACION,SEÑALIZACION DESOBEDECER LUZ ROJA DE SEMAFORO,GRAN AVDA JOSE MIGUEL CARRERA,GRAL FREIRE,GRAL FREIRE - GRAN AVDA JOSE MIGUEL CARRERA,0, , ,BIDIRECCIONAL CON BANDEJON,CONCRETO,BUENO,SECO,DESPEJADO,0,0,0,0,13,131,13109,Metropolitana de Santiago,Santiago,La Cisterna,Interseccion,"GRAL FREIRE & GRAN AVDA JOSE MIGUEL CARRERA, La Cisterna",-33.520617,-70.659674
-7931834.31915423,-4160889.79581121,5838,2023,1558309,2023/09/04 00:00:00+00,Septiembre,4,Lunes,1899/12/30 00:00:00+00,14:55:00,14,REGION MAULE,CURICO,CHOQUE POSTERIOR/LADO,CHOQUE,URBANA,TRAMO DE VIA RECTA,IMPRUDENCIA DEL CONDUCTOR,CONDUCCION NO ATENTO CONDICIONES TRANSITO MOMENTO,ARTURO PRAT,LIBERTADOR BERNARDO O'HIGGINS,ARTURO PRAT - LIBERTADOR BERNARDO O'HIGGINS,0, , ,UNIDIRECCIONAL,CONCRETO,BUENO,MOJADO,NEBLINA,0,0,0,0,07,073,07301,Maule,Curicó,Curicó,Interseccion,"ARTURO PRAT & LIBERTADOR BERNARDO O'HIGGINS, Curicó",-34.977985,-71.25288
-8050608.65361808,-4613660.14159154,5839,2023,1561293,2023/09/04 00:00:00+00,Septiembre,4,Lunes,1899/12/30 00:00:00+00,15:30:00,15,REGION ARAUCANIA,VICTORIA,COLISION LATERAL,COLISION,URBANA,CRUCE CON SEÑAL CEDA EL PASO,DESOBEDIENCIA A SEÑALIZACION,SEÑALIZACION DESOBEDECER SEÑAL CEDA EL PASO,MANUEL THOMPSON,ALICIA RAMIRO OSES,ALICIA RAMIRO OSES - MANUEL THOMPSON,0, , ,UNIDIRECCIONAL,CONCRETO,BUENO,SECO,NUBLADO,0,0,0,1,09,092,09211,La Araucanía,Malleco,Victoria,Interseccion,"ALICIA RAMIRO OSES & MANUEL THOMPSON, Victoria",-38.241938,-72.319848
-7928924.20499251,-3491947.50801802,5840,2023,1556871,2023/09/04 00:00:00+00,Septiembre,4,Lunes,1899/12/30 00:00:00+00,16:30:00,16,REGION COQUIMBO,LA SERENA,COLISION POR ALCANCE,COLISION,URBANA,CRUCE CON SEÑAL CEDA EL PASO,VELOCIDAD IMPRUDENTE,"VELOCIDAD NO REDUCIR CRUCE DE CALLES, CUMBRE, CURVA, ETC.",COLO COLO,JULIA CHADWICH,COLO COLO - JULIA CHADWICH,0, , ,UNIDIRECCIONAL,ASFALTO,BUENO,SECO,DESPEJADO,0,1,0,1,04,041,04101,Coquimbo,Elqui,La Serena,Interseccion,"COLO COLO & JULIA CHADWICH, La Serena",-29.909697,-71.226738
-7881294.15713917,-3978336.69567513,5841,2023,1571640,2023/09/04 00:00:00+00,Septiembre,4,Lunes,1899/12/30 00:00:00+00,16:30:00,16,REGION METROPOLITANA,CALERA DE TANGO,CHOQUE LADO/FRENTE,CHOQUE,URBANA,ACERA O BERMA,IMPRUDENCIA DEL CONDUCTOR,CONDUCCION NO ATENTO CONDICIONES TRANSITO MOMENTO,CALERA DE TANGO,CAMINO LONQUEN,CALERA DE TANGO - CAMINO LONQUEN,0, , ,BIDIRECCIONAL,ASFALTO,BUENO,SECO,DESPEJADO,0,0,0,0,13,134,13403,Metropolitana de Santiago,Maipo,Calera de Tango,Interseccion,"CALERA DE TANGO & CAMINO LONQUEN, Calera de Tango",-33.623336,-70.79887
-8042699.62642506,-4539479.85442668,5842,2023,1558554,2023/09/04 00:00:00+00,Septiembre,4,Lunes,1899/12/30 00:00:00+00,17:30:00,17,REGION BIO BIO,MULCHEN,COLISION,COLISION,URBANA,CRUCE CON SEÑAL CEDA EL PASO,IMPRUDENCIA DEL CONDUCTOR,CONDUCCION SIN MANTENER DISTANCIA RAZONABLE NI PRUDENTE,MATTA,FIERRO,FIERRO - MATTA,0, , ,UNIDIRECCIONAL,CONCRETO,BUENO,HUMEDO,DESPEJADO,0,0,0,2,08,083,08305,Biobío,Biobío,Mulchén,Interseccion,"FIERRO & MATTA, Mulchén",-37.716685,-72.2488
-7946192.12893216,-3901198.64552862,5843,2023,1558253,2023/09/04 00:00:00+00,Septiembre,4,Lunes,1899/12/30 00:00:00+00,17:30:00,17,REGION VALPARAISO,VILLA ALEMANA,COLISION,COLISION,URBANA,CRUCE CON SEÑAL PARE,DESOBEDIENCIA A SEÑALIZACION,SEÑALIZACION DESOBEDECER SEÑAL PARE,VALPARAISO,PUDETO,PUDETO - VALPARAISO,0, , ,BIDIRECCIONAL,CONCRETO,BUENO,SECO,DESPEJADO,0,0,0,0,05,058,05804,Valparaíso,Marga Marga,Villa Alemana,Interseccion,"PUDETO & VALPARAISO, Villa Alemana",-33.044399,-71.381858
-7854601.41303931,-3949876.05187346,5844,2023,1563590,2023/09/04 00:00:00+00,Septiembre,4,Lunes,1899/12/30 00:00:00+00,17:55:00,17,REGION METROPOLITANA,LAS CONDES,COLISION LATERAL,COLISION,URBANA,CRUCE CON SEÑAL CEDA EL PASO,IMPRUDENCIA DEL CONDUCTOR,CONDUCCION NO ATENTO CONDICIONES TRANSITO MOMENTO,CUARTO CENTENARIO,CONSTANCIO VIGIL,CONSTANCIO VIGIL - CUARTO CENTENARIO,0, , ,BIDIRECCIONAL,ASFALTO,BUENO,MOJADO,LLOVIZNA,0,1,0,0,13,131,13114,Metropolitana de Santiago,Santiago,Las Condes,Interseccion,"CONSTANCIO VIGIL & CUARTO CENTENARIO, Las Condes",-33.410181,-70.559085
-7808889.45562755,-2298193.22939961,5845,2023,1556627,2023/09/04 00:00:00+00,Septiembre,4,Lunes,1899/12/30 00:00:00+00,18:00:00,18,REGION TARAPACA,IQUIQUE,COLISION PERPENDICULAR,COLISION,URBANA,CRUCE CON SEÑAL PARE,DESOBEDIENCIA A SEÑALIZACION,SEÑALIZACION DESOBEDECER SEÑAL PARE,VIVAR,BOLIVAR,BOLIVAR - VIVAR,0, , ,UNIDIRECCIONAL,ASFALTO,BUENO,SECO,DESPEJADO,0,0,0,0,01,011,01101,Tarapacá,Iquique,Iquique,Interseccion,"BOLIVAR & VIVAR, Iquique",-20.212261,-70.148447
-7976778.52015329,-4219693.24169263,5846,2023,1547916,2023/07/29 00:00:00+00,Julio,29,Sábado,1899/12/30 00:00:00+00,22:15:00,22,REGION MAULE,TALCA,COLISION LATERAL,COLISION,URBANA,TRAMO DE VIA RECTA,IMPRUDENCIA DEL CONDUCTOR,CONDUCCION NO ATENTO CONDICIONES TRANSITO MOMENTO,5 ORIENTE,9 NORTE,5 ORIENTE - 9 NORTE,0, , ,UNIDIRECCIONAL,CONCRETO,BUENO,SECO,DESPEJADO,0,1,0,1,07,071,07101,Maule,Talca,Talca,Interseccion,"5 ORIENTE & 9 NORTE, Talca",-35.409665,-71.656621
-7870842.2588291,-3957117.71672569,5847,2023,1550837,2023/07/29 00:00:00+00,Julio,29,Sábado,1899/12/30 00:00:00+00,23:10:00,23,REGION METROPOLITANA,ESTACION CENTRAL,CHOQUE LATERAL,CHOQUE,URBANA,CRUCE CON SEMAFORO FUNCIONANDO,ALCOHOL EN CONDUCTOR,CONDUCCION EN ESTADO DE EBRIEDAD,ECUADOR,GRAL VELASQUEZ,ECUADOR - GRAL VELASQUEZ,0, , ,UNIDIRECCIONAL,ASFALTO,BUENO,SECO,DESPEJADO,0,0,0,0,13,131,13106,Metropolitana de Santiago,Santiago,Estación Central,Interseccion,"ECUADOR & GRAL VELASQUEZ, Estación Central",-33.464467,-70.704979
-7866357.641823,-3966866.69280953,5848,2023,1549117,2023/07/30 00:00:00+00,Julio,30,Domingo,1899/12/30 00:00:00+00,11:30:00,11,REGION METROPOLITANA,LA CISTERNA,COLISION PERPENDICULAR,COLISION,URBANA,CRUCE CON SEMAFORO FUNCIONANDO,DESOBEDIENCIA A SEÑALIZACION,SEÑALIZACION DESOBEDECER LUZ ROJA DE SEMAFORO,AMERICO VESPUCIO,GRAN AVDA JOSE MIGUEL CARRERA,AMERICO VESPUCIO - GRAN AVDA JOSE MIGUEL CARRERA,0, , ,BIDIRECCIONAL CON BANDEJON,CONCRETO,BUENO,SECO,DESPEJADO,0,0,0,0,13,131,13109,Metropolitana de Santiago,Santiago,La Cisterna,Interseccion,"AMERICO VESPUCIO & GRAN AVDA JOSE MIGUEL CARRERA, La Cisterna",-33.537495,-70.664693
-7867470.16881399,-3953204.71279588,5849,2023,1552214,2023/07/30 00:00:00+00,Julio,30,Domingo,1899/12/30 00:00:00+00,13:30:00,13,REGION METROPOLITANA,SANTIAGO,COLISION,COLISION,URBANA,CRUCE CON SEMAFORO FUNCIONANDO,IMPRUDENCIA DEL CONDUCTOR,CONDUCCION NO ATENTO CONDICIONES TRANSITO MOMENTO,LIBERTAD,SAN PABLO,LIBERTAD - SAN PABLO,0, , ,UNIDIRECCIONAL,CONCRETO,BUENO,SECO,DESPEJADO,0,0,0,0,13,131,13101,Metropolitana de Santiago,Santiago,Santiago,Interseccion,"LIBERTAD & SAN PABLO, Santiago",-33.435138,-70.674687
-8002320.48489064,-4641224.43779297,5850,2023,1548349,2023/07/30 00:00:00+00,Julio,30,Domingo,1899/12/30 00:00:00+00,16:40:00,16,REGION ARAUCANIA,CURACAUTIN,COLISION FRONTAL,COLISION,URBANA,CRUCE CON SEÑAL CEDA EL PASO,DESOBEDIENCIA A SEÑALIZACION,SEÑALIZACION DESOBEDECER SEÑAL CEDA EL PASO,IQUIQUE,PATRICIO LYNCH,IQUIQUE - PATRICIO LYNCH,0, , ,UNIDIRECCIONAL,CONCRETO,BUENO,SECO,DESPEJADO,0,1,0,0,09,092,09203,La Araucanía,Malleco,Curacautín,Interseccion,"IQUIQUE & PATRICIO LYNCH, Curacautín",-38.436155,-71.886068
-7959699.48017565,-3894539.44473975,5851,2023,1552116,2023/07/30 00:00:00+00,Julio,30,Domingo,1899/12/30 00:00:00+00,17:00:00,17,REGION VALPARAISO,VIÑA DEL MAR,COLISION,COLISION,URBANA,TRAMO DE VIA RECTA,IMPRUDENCIA DEL CONDUCTOR,CONDUCCION NO ATENTO CONDICIONES TRANSITO MOMENTO,ROTONDA GLORIAS NAVALES,CALETERA CAMINO INTERNACIONAL,CALETERA CAMINO INTERNACIONAL - ROTONDA GLORIAS NAVALES,0, , ,BIDIRECCIONAL,ASFALTO,REGULAR,HUMEDO,DESPEJADO,0,0,1,0,05,051,05109,Valparaíso,Valparaíso,Viña del Mar,Interseccion,"CALETERA CAMINO INTERNACIONAL & ROTONDA GLORIAS NAVALES, Viña del Mar",-32.99424,-71.503197
-7932552.7751812,-3499011.23679763,5852,2023,1548027,2023/07/30 00:00:00+00,Julio,30,Domingo,1899/12/30 00:00:00+00,18:00:00,18,REGION COQUIMBO,COQUIMBO,COLISION PERPENDICULAR,COLISION,URBANA,CRUCE CON SEÑAL PARE,DESOBEDIENCIA A SEÑALIZACION,SEÑALIZACION DESOBEDECER SEÑAL PARE,CARLOS IBAÑEZ DEL CAMPO,MALLECO,CARLOS IBAÑEZ DEL CAMPO - MALLECO,0, , ,UNIDIRECCIONAL,ASFALTO,BUENO,SECO,NUBLADO,0,0,0,1,04,041,04102,Coquimbo,Elqui,Coquimbo,Interseccion,"CARLOS IBAÑEZ DEL CAMPO & MALLECO, Coquimbo",-29.964685,-71.259334
-7856601.71296937,-3957875.81497543,5853,2023,1549094,2023/07/30 00:00:00+00,Julio,30,Domingo,1899/12/30 00:00:00+00,18:00:00,18,REGION METROPOLITANA,MACUL,COLISION POR ALCANCE,COLISION,URBANA,ROTONDA,IMPRUDENCIA DEL CONDUCTOR,CONDUCCION CAMBIAR SORPRESIVAMENTE PISTA CIRCULACION,GRECIA,AMERICO VESPUCIO,AMERICO VESPUCIO - GRECIA,0, , ,UNIDIRECCIONAL,CONCRETO,BUENO,SECO,DESPEJADO,0,1,0,1,13,131,13118,Metropolitana de Santiago,Santiago,Macul,Interseccion,"AMERICO VESPUCIO & GRECIA, Macul",-33.470148,-70.577054
-7932584.15613452,-3490567.50002606,5854,2023,1548265,2023/07/30 00:00:00+00,Julio,30,Domingo,1899/12/30 00:00:00+00,18:35:00,18,REGION COQUIMBO,LA SERENA,COLISION FRONTAL,COLISION,URBANA,TRAMO DE VIA RECTA,IMPRUDENCIA DEL CONDUCTOR,VIRAJES INDEBIDOS,LIBERTAD,CRUZ DEL MOLINO,CRUZ DEL MOLINO - LIBERTAD,0, , ,BIDIRECCIONAL CON BANDEJON,ASFALTO,BUENO,SECO,NUBLADO,0,0,0,1,04,041,04101,Coquimbo,Elqui,La Serena,Interseccion,"CRUZ DEL MOLINO & LIBERTAD, La Serena",-29.898951,-71.259616
-7858914.59802958,-3956073.86165136,5855,2023,1557004,2023/09/04 00:00:00+00,Septiembre,4,Lunes,1899/12/30 00:00:00+00,18:05:00,18,REGION METROPOLITANA,ÑUÑOA,COLISION LATERAL,COLISION,URBANA,TRAMO DE VIA RECTA,IMPRUDENCIA DEL CONDUCTOR,ADELANTAMIENTO SOBREPASANDO LINEA CONTINUA,JOSE PEDRO ALESSANDRI,DUBLE ALMEYDA,DUBLE ALMEYDA - JOSE PEDRO ALESSANDRI,0, , ,BIDIRECCIONAL,ASFALTO,BUENO,SECO,NUBLADO,0,0,0,1,13,131,13120,Metropolitana de Santiago,Santiago,Ñuñoa,Interseccion,"DUBLE ALMEYDA & JOSE PEDRO ALESSANDRI, Ñuñoa",-33.456644,-70.597831
-7934373.14936264,-3493840.887461,5856,2023,1556883,2023/09/04 00:00:00+00,Septiembre,4,Lunes,1899/12/30 00:00:00+00,18:15:00,18,REGION COQUIMBO,LA SERENA,COLISION LATERAL,COLISION,URBANA,TRAMO DE VIA RECTA,IMPRUDENCIA DEL CONDUCTOR,VIRAJES INDEBIDOS,PACIFICO,LOS PERALES,LOS PERALES - PACIFICO,0, , ,BIDIRECCIONAL,ASFALTO,BUENO,SECO,DESPEJADO,0,0,0,0,04,041,04101,Coquimbo,Elqui,La Serena,Interseccion,"LOS PERALES & PACIFICO, La Serena",-29.924439,-71.275687
-7825714.35030227,-3173687.05722882,5857,2023,1560653,2023/09/04 00:00:00+00,Septiembre,4,Lunes,1899/12/30 00:00:00+00,18:25:00,18,REGION ATACAMA,COPIAPO,COLISION LATERAL,COLISION,URBANA,TRAMO DE VIA RECTA,IMPRUDENCIA DEL CONDUCTOR,CONDUCCION NO ATENTO CONDICIONES TRANSITO MOMENTO,RAFAEL ZORRAINDO,COPAYAPU,COPAYAPU - RAFAEL ZORRAINDO,0, , ,BIDIRECCIONAL CON BANDEJON,ASFALTO,BUENO,SECO,DESPEJADO,0,1,0,0,03,031,03101,Atacama,Copiapó,Copiapó,Interseccion,"COPAYAPU & RAFAEL ZORRAINDO, Copiapó",-27.401205,-70.299588
-7870562.9582267,-3953880.37827873,5858,2023,1558434,2023/09/04 00:00:00+00,Septiembre,4,Lunes,1899/12/30 00:00:00+00,19:00:00,19,REGION METROPOLITANA,QUINTA NORMAL,COLISION,COLISION,URBANA,TRAMO DE VIA RECTA,IMPRUDENCIA DEL CONDUCTOR,CONDUCCION SIN MANTENER DISTANCIA RAZONABLE NI PRUDENTE,SAN PABLO,RADAL,RADAL - SAN PABLO,0, , ,BIDIRECCIONAL,ASFALTO,BUENO,SECO,DESPEJADO,0,1,0,0,13,131,13126,Metropolitana de Santiago,Santiago,Quinta Normal,Interseccion,"RADAL & SAN PABLO, Quinta Normal",-33.440203,-70.70247
-8091834.49118834,-4508425.10886686,5859,2023,1558079,2023/09/04 00:00:00+00,Septiembre,4,Lunes,1899/12/30 00:00:00+00,20:00:00,20,REGION BIO BIO,NACIMIENTO,COLISION FRONTAL,COLISION,URBANA,CRUCE CON SEÑAL PARE,IMPRUDENCIA DEL CONDUCTOR,CONDUCCION NO ATENTO CONDICIONES TRANSITO MOMENTO,JULIO HEMMELMANN,EDUARDO FREI,EDUARDO FREI - JULIO HEMMELMANN,0, , ,BIDIRECCIONAL,ASFALTO,BUENO,SECO,DESPEJADO,0,1,0,0,08,083,08306,Biobío,Biobío,Nacimiento,Interseccion,"EDUARDO FREI & JULIO HEMMELMANN, Nacimiento",-37.495679,-72.690186
-8197757.32442085,-5331288.09273683,5860,2023,1558993,2023/09/04 00:00:00+00,Septiembre,4,Lunes,1899/12/30 00:00:00+00,20:35:00,20,REGION LOS LAGOS,QUELLON,COLISION LATERAL,COLISION,URBANA,TRAMO DE VIA RECTA,IMPRUDENCIA DEL CONDUCTOR,CONDUCCION NO ATENTO CONDICIONES TRANSITO MOMENTO,JUAN LADRILLEROS,EUGENIO VARELA,EUGENIO VARELA - JUAN LADRILLEROS,0, , ,BIDIRECCIONAL,ASFALTO,BUENO,SECO,DESPEJADO,0,0,0,0,10,102,10208,Los Lagos,Chiloé,Quellón,Interseccion,"EUGENIO VARELA & JUAN LADRILLEROS, Quellón",-43.126774,-73.641707
-7851703.321416,-3958897.54474743,5861,2023,1557119,2023/09/04 00:00:00+00,Septiembre,4,Lunes,1899/12/30 00:00:00+00,21:00:00,21,REGION METROPOLITANA,PEÑALOLEN,COLISION FRONTAL,COLISION,URBANA,CRUCE CON SEMAFORO FUNCIONANDO,IMPRUDENCIA DEL CONDUCTOR,CONDUCCION NO ATENTO CONDICIONES TRANSITO MOMENTO,GRECIA,LAS PERDICES,GRECIA - LAS PERDICES,0, , ,BIDIRECCIONAL CON BANDEJON,CONCRETO,BUENO,SECO,NUBLADO,0,0,0,0,13,131,13122,Metropolitana de Santiago,Santiago,Peñalolén,Interseccion,"GRECIA & LAS PERDICES, Peñalolén",-33.477804,-70.533051
-8131427.60579828,-4410006.99898835,5862,2023,1556614,2023/09/04 00:00:00+00,Septiembre,4,Lunes,1899/12/30 00:00:00+00,22:20:00,22,REGION BIO BIO,CONCEPCION,COLISION FRONTAL,COLISION,URBANA,TRAMO DE VIA CURVA VERTICAL,IMPRUDENCIA DEL CONDUCTOR,CONDUCCION NO ATENTO CONDICIONES TRANSITO MOMENTO,ABDON CIFUENTES,GERONIMO DE QUIROGA,ABDON CIFUENTES - GERONIMO DE QUIROGA,0, , ,BIDIRECCIONAL,CONCRETO,BUENO,SECO,NUBLADO,0,1,0,1,08,081,08101,Biobío,Concepción,Concepción,Interseccion,"ABDON CIFUENTES & GERONIMO DE QUIROGA, Concepción",-36.790944,-73.045857
-7872833.20795534,-3863380.73435668,5863,2023,1558571,2023/09/04 00:00:00+00,Septiembre,4,Lunes,1899/12/30 00:00:00+00,22:30:00,22,REGION VALPARAISO,SAN FELIPE,COLISION,COLISION,URBANA,CRUCE CON SEÑAL PARE,DESOBEDIENCIA A SEÑALIZACION,SEÑALIZACION DESOBEDECER SEÑAL PARE,12 DE FEBRERO,BUIN,12 DE FEBRERO - BUIN,0, , ,BIDIRECCIONAL,CONCRETO,REGULAR,SECO,DESPEJADO,0,1,0,2,05,057,05701,Valparaíso,San Felipe de Aconcagua,San Felipe,Interseccion,"12 DE FEBRERO & BUIN, San Felipe",-32.759166,-70.722864