X,Y,FID,Año,IdAccident,Fecha,Mes,Dia_mes,Dia_semana,Hora,Hora_texto,Hora_aprox,Región,Comuna,Tipo_Accid,Tipo__CONA,Zona,Ubicación,Causa__CON,Causa_Acci,Calle_Uno,Calle_Dos,Intersecci,Número,Ruta,Ubicaci_1,Calzada,Tipo_Calza,Estado_Cal,Condición,Estado_Atm,Fallecidos,Graves,Menos_Grav,Leves,CUT_REG,CUT_PROV,CUT_COM,REGION,PROVINCIA,COMUNA1,Tipo_direc,Direccion,Lat,Lon
-7875937.79720067,-4049692.69699966,5864,2023,1548754,2023/07/30 00:00:00+00,Julio,30,Domingo,1899/12/30 00:00:00+00,18:50:00,18,REGION LIB.B.O'HIGGINS,RANCAGUA,COLISION POR ALCANCE,COLISION,URBANA,CRUCE CON SEÑAL PARE,IMPRUDENCIA DEL CONDUCTOR,CONDUCCION NO ATENTO CONDICIONES TRANSITO MOMENTO,ALAMEDA,SAN RAFAEL,ALAMEDA - SAN RAFAEL,0, , ,BIDIRECCIONAL CON BANDEJON,CONCRETO,BUENO,SECO,DESPEJADO,0,1,0,0,06,061,06101,Libertador General Bernardo O'Higgins,Cachapoal,Rancagua,Interseccion,"ALAMEDA & SAN RAFAEL, Rancagua",-34.155438,-70.750753
-8079239.02476356,-4684396.03531532,5865,2023,1548066,2023/07/30 00:00:00+00,Julio,30,Domingo,1899/12/30 00:00:00+00,23:00:00,23,REGION ARAUCANIA,TEMUCO,COLISION PERPENDICULAR,COLISION,URBANA,TRAMO DE VIA RECTA,DESOBEDIENCIA A SEÑALIZACION,SEÑALIZACION DESOBEDECER SEÑAL PARE,ANTIFIL,DIEGO PORTALES,ANTIFIL - DIEGO PORTALES,0, , ,BIDIRECCIONAL,CONCRETO,BUENO,SECO,NUBLADO,0,0,0,1,09,091,09101,La Araucanía,Cautín,Temuco,Interseccion,"ANTIFIL & DIEGO PORTALES, Temuco",-38.739293,-72.577039
-7872373.45842496,-4052161.44803754,5866,2023,1547880,2023/07/31 00:00:00+00,Julio,31,Lunes,1899/12/30 00:00:00+00,07:20:00,7,REGION LIB.B.O'HIGGINS,RANCAGUA,CHOQUE FRENTE/POSTERIOR,CHOQUE,URBANA,CRUCE CON SEMAFORO FUNCIONANDO,IMPRUDENCIA DEL CONDUCTOR,CONDUCCION NO ATENTO CONDICIONES TRANSITO MOMENTO,MIGUEL RAMIREZ,EINSTEIN,EINSTEIN - MIGUEL RAMIREZ,0, , ,BIDIRECCIONAL CON BANDEJON,CONCRETO,BUENO,SECO,DESPEJADO,0,0,0,0,06,061,06101,Libertador General Bernardo O'Higgins,Cachapoal,Rancagua,Interseccion,"EINSTEIN & MIGUEL RAMIREZ, Rancagua",-34.173788,-70.718734
-7903139.82797092,-4108275.11803589,5867,2023,1549912,2023/07/31 00:00:00+00,Julio,31,Lunes,1899/12/30 00:00:00+00,07:45:00,7,REGION LIB.B.O'HIGGINS,SAN FERNANDO,COLISION LATERAL,COLISION,URBANA,CRUCE CON SEÑAL PARE,DESOBEDIENCIA A SEÑALIZACION,SEÑALIZACION DESOBEDECER SEÑAL PARE,GUADALUPE,YUMBEL,GUADALUPE - YUMBEL,0, , ,UNIDIRECCIONAL,ASFALTO,BUENO,SECO,DESPEJADO,0,0,1,0,06,063,06301,Libertador General Bernardo O'Higgins,Colchagua,San Fernando,Interseccion,"GUADALUPE & YUMBEL, San Fernando",-34.589798,-70.995113
-7976171.78774026,-4219989.3494308,5868,2023,1548296,2023/07/31 00:00:00+00,Julio,31,Lunes,1899/12/30 00:00:00+00,08:00:00,8,REGION MAULE,TALCA,COLISION FRONTAL,COLISION,URBANA,CRUCE CON SEÑAL PARE,IMPRUDENCIA DEL CONDUCTOR,NO RESPETAR DERECHO PREFERENTE DE PASO A VEHICULO,LIRCAY,13 NORTE,13 NORTE - LIRCAY,0, , ,BIDIRECCIONAL CON BANDEJON,ASFALTO,BUENO,HUMEDO,LLOVIZNA,0,1,0,0,07,071,07101,Maule,Talca,Talca,Interseccion,"13 NORTE & LIRCAY, Talca",-35.411833,-71.65117
-7995444.61390281,-4319945.44003354,5869,2023,1548453,2023/07/31 00:00:00+00,Julio,31,Lunes,1899/12/30 00:00:00+00,08:50:00,8,REGION MAULE,PARRAL,COLISION PERPENDICULAR,COLISION,URBANA,CRUCE CON SEMAFORO FUNCIONANDO,IMPRUDENCIA DEL CONDUCTOR,CONDUCCION NO ATENTO CONDICIONES TRANSITO MOMENTO,IGNACIO CARRERA PINTO,ANIBAL PINTO,ANIBAL PINTO - IGNACIO CARRERA PINTO,0, , ,UNIDIRECCIONAL,ASFALTO,BUENO,HUMEDO,NUBLADO,0,0,0,2,07,074,07404,Maule,Linares,Parral,Interseccion,"ANIBAL PINTO & IGNACIO CARRERA PINTO, Parral",-36.140313,-71.824301
-7932040.07100246,-3897707.41243494,5870,2023,1548243,2023/07/31 00:00:00+00,Julio,31,Lunes,1899/12/30 00:00:00+00,11:25:00,11,REGION VALPARAISO,LIMACHE,ATROPELLO,ATROPELLO,URBANA,OTROS NO CONSIDERADOS,IMPRUDENCIA DEL PEATON,PEATON CRUZA CALZADA FORMA SORPRESIVA O DESCUIDADA,VICTORIA,18 DE SEPTIEMBRE,18 DE SEPTIEMBRE - VICTORIA,0, , ,BIDIRECCIONAL,ASFALTO,BUENO,SECO,DESPEJADO,0,0,1,1,05,058,05802,Valparaíso,Marga Marga,Limache,Interseccion,"18 DE SEPTIEMBRE & VICTORIA, Limache",-33.018106,-71.254728
-7857339.2491348,-3870003.03769696,5871,2023,1548446,2023/07/31 00:00:00+00,Julio,31,Lunes,1899/12/30 00:00:00+00,14:45:00,14,REGION VALPARAISO,SAN ESTEBAN,COLISION LATERAL,COLISION,URBANA,CRUCE CON SEÑAL PARE,DESOBEDIENCIA A SEÑALIZACION,SEÑALIZACION DESOBEDECER SEÑAL PARE,LA FLORIDA,JULIO MONTT SALAMANCA,JULIO MONTT SALAMANCA - LA FLORIDA,0, , ,BIDIRECCIONAL,CONCRETO,BUENO,SECO,DESPEJADO,0,0,0,0,05,053,05304,Valparaíso,Los Andes,San Esteban,Interseccion,"JULIO MONTT SALAMANCA & LA FLORIDA, San Esteban",-32.80918,-70.583679
-7827129.49932898,-3170017.00764738,5872,2023,1551768,2023/07/31 00:00:00+00,Julio,31,Lunes,1899/12/30 00:00:00+00,15:35:00,15,REGION ATACAMA,COPIAPO,COLISION FRONTAL,COLISION,URBANA,TRAMO DE VIA RECTA,ALCOHOL EN CONDUCTOR,CONDUCCION BAJO LA INFLUENCIA DEL ALCOHOL,BAQUEDANO,ELEUTERIO RAMIREZ,BAQUEDANO - ELEUTERIO RAMIREZ,0, , ,BIDIRECCIONAL,ASFALTO,BUENO,SECO,DESPEJADO,0,0,0,1,03,031,03101,Atacama,Copiapó,Copiapó,Interseccion,"BAQUEDANO & ELEUTERIO RAMIREZ, Copiapó",-27.371931,-70.312301
-7931576.02452861,-3489456.03025582,5873,2023,1561824,2023/09/05 00:00:00+00,Septiembre,5,Martes,1899/12/30 00:00:00+00,07:45:00,7,REGION COQUIMBO,LA SERENA,COLISION PERPENDICULAR,COLISION,URBANA,CRUCE CON SEÑAL CEDA EL PASO,DESOBEDIENCIA A SEÑALIZACION,SEÑALIZACION DESOBEDECER SEÑAL CEDA EL PASO,ISLON,OSCAR QUIROZ MORGADO,ISLON - OSCAR QUIROZ MORGADO,0, , ,BIDIRECCIONAL,ASFALTO,BUENO,SECO,NUBLADO,0,0,0,1,04,041,04101,Coquimbo,Elqui,La Serena,Interseccion,"ISLON & OSCAR QUIROZ MORGADO, La Serena",-29.890295,-71.25056
-7941521.22989017,-3496350.51142267,5874,2023,1557002,2023/09/05 00:00:00+00,Septiembre,5,Martes,1899/12/30 00:00:00+00,08:00:00,8,REGION COQUIMBO,COQUIMBO,COLISION PERPENDICULAR,COLISION,URBANA,CRUCE CON SEÑAL PARE,ALCOHOL EN CONDUCTOR,CONDUCCION BAJO LA INFLUENCIA DEL ALCOHOL,ALBERTO HURTADO CRUCHAGA,ALMIRANTE LATORRE,ALBERTO HURTADO CRUCHAGA - ALMIRANTE LATORRE,0, , ,BIDIRECCIONAL,ASFALTO,BUENO,SECO,DESPEJADO,0,0,0,1,04,041,04102,Coquimbo,Elqui,Coquimbo,Interseccion,"ALBERTO HURTADO CRUCHAGA & ALMIRANTE LATORRE, Coquimbo",-29.943976,-71.339899
-7829891.62533737,-3169383.36994121,5875,2023,1562042,2023/09/05 00:00:00+00,Septiembre,5,Martes,1899/12/30 00:00:00+00,13:00:00,13,REGION ATACAMA,COPIAPO,CHOQUE FRENTE/POSTERIOR,CHOQUE,URBANA,CRUCE CON SEMAFORO FUNCIONANDO,IMPRUDENCIA DEL CONDUCTOR,CONDUCCION SIN MANTENER DISTANCIA RAZONABLE NI PRUDENTE,CHAÑARCILLO,YERBAS BUENAS,CHAÑARCILLO - YERBAS BUENAS,0, , ,UNIDIRECCIONAL,ASFALTO,BUENO,SECO,DESPEJADO,0,0,0,0,03,031,03101,Atacama,Copiapó,Copiapó,Interseccion,"CHAÑARCILLO & YERBAS BUENAS, Copiapó",-27.366877,-70.337113
-7878158.39840302,-3960190.18362365,5876,2023,1557797,2023/09/05 00:00:00+00,Septiembre,5,Martes,1899/12/30 00:00:00+00,15:30:00,15,REGION METROPOLITANA,MAIPU,VOLCADURA,VOLCADURA,URBANA,TRAMO DE VIA RECTA,IMPRUDENCIA DEL CONDUCTOR,CONDUCCION NO ATENTO CONDICIONES TRANSITO MOMENTO,EL ROSAL,CAMPO DE BATALLA,CAMPO DE BATALLA - EL ROSAL,0, , ,BIDIRECCIONAL,ASFALTO,BUENO,SECO,LLOVIZNA,0,1,0,0,13,131,13119,Metropolitana de Santiago,Santiago,Maipú,Interseccion,"CAMPO DE BATALLA & EL ROSAL, Maipú",-33.487489,-70.770701
-7883860.62799941,-3970088.16780212,5877,2023,1557217,2023/09/05 00:00:00+00,Septiembre,5,Martes,1899/12/30 00:00:00+00,18:17:00,18,REGION METROPOLITANA,PADRE HURTADO,COLISION,COLISION,URBANA,TRAMO DE VIA RECTA,IMPRUDENCIA DEL CONDUCTOR,CONDUCCION NO ATENTO CONDICIONES TRANSITO MOMENTO,JOSE LUIS CARO,SAN JUAN DEL CASTILLO,JOSE LUIS CARO - SAN JUAN DEL CASTILLO,0, , ,BIDIRECCIONAL,ASFALTO,REGULAR,HUMEDO,NUBLADO,0,0,0,1,13,136,13604,Metropolitana de Santiago,Talagante,Padre Hurtado,Interseccion,"JOSE LUIS CARO & SAN JUAN DEL CASTILLO, Padre Hurtado",-33.561613,-70.821925
-7883860.62799941,-3970088.16780212,5878,2023,1559144,2023/09/05 00:00:00+00,Septiembre,5,Martes,1899/12/30 00:00:00+00,18:17:00,18,REGION METROPOLITANA,PADRE HURTADO,COLISION LATERAL,COLISION,URBANA,TRAMO DE VIA RECTA,IMPRUDENCIA DEL CONDUCTOR,ADELANTAMIENTO POR LA BERMA,JOSE LUIS CARO,SAN JUAN DEL CASTILLO,JOSE LUIS CARO - SAN JUAN DEL CASTILLO,0, , ,BIDIRECCIONAL,ASFALTO,REGULAR,SECO,DESPEJADO,0,0,0,1,13,136,13604,Metropolitana de Santiago,Talagante,Padre Hurtado,Interseccion,"JOSE LUIS CARO & SAN JUAN DEL CASTILLO, Padre Hurtado",-33.561613,-70.821925
-7863639.44249681,-3967252.13250936,5879,2023,1557373,2023/09/05 00:00:00+00,Septiembre,5,Martes,1899/12/30 00:00:00+00,19:40:00,19,REGION METROPOLITANA,SAN RAMON,COLISION,COLISION,URBANA,OTROS NO CONSIDERADOS,IMPRUDENCIA DEL CONDUCTOR,CONDUCCION SIN MANTENER DISTANCIA RAZONABLE NI PRUDENTE,JUAN ANTONIO RIOS,TIL TIL,JUAN ANTONIO RIOS - TIL TIL,0, , ,UNIDIRECCIONAL,ASFALTO,BUENO,SECO,DESPEJADO,0,0,0,1,13,131,13131,Metropolitana de Santiago,Santiago,San Ramón,Interseccion,"JUAN ANTONIO RIOS & TIL TIL, San Ramón",-33.540381,-70.640275
-7860650.18021054,-3958448.32484822,5880,2023,1556884,2023/09/05 00:00:00+00,Septiembre,5,Martes,1899/12/30 00:00:00+00,21:00:00,21,REGION METROPOLITANA,MACUL,COLISION LATERAL,COLISION,URBANA,CRUCE CON SEMAFORO FUNCIONANDO,DESOBEDIENCIA A SEÑALIZACION,SEÑALIZACION DESOBEDECER LUZ ROJA DE SEMAFORO,RODRIGO DE ARAYA,MARATHON,MARATHON - RODRIGO DE ARAYA,0, , ,BIDIRECCIONAL,ASFALTO,BUENO,MOJADO,LLUVIA,0,0,1,1,13,131,13118,Metropolitana de Santiago,Santiago,Macul,Interseccion,"MARATHON & RODRIGO DE ARAYA, Macul",-33.474438,-70.613422
-7861851.65147467,-3964053.61306721,5881,2023,1558853,2023/09/05 00:00:00+00,Septiembre,5,Martes,1899/12/30 00:00:00+00,21:30:00,21,REGION METROPOLITANA,LA GRANJA,COLISION LATERAL,COLISION,URBANA,CRUCE CON SEMAFORO FUNCIONANDO,IMPRUDENCIA DEL CONDUCTOR,VIRAJES INDEBIDOS,LO OVALLE,LAS INDUSTRIAS,LAS INDUSTRIAS - LO OVALLE,0, , ,BIDIRECCIONAL CON BANDEJON,ASFALTO,BUENO,SECO,NUBLADO,0,0,0,0,13,131,13111,Metropolitana de Santiago,Santiago,La Granja,Interseccion,"LAS INDUSTRIAS & LO OVALLE, La Granja",-33.516429,-70.624215
-7860058.40579748,-3968500.69291984,5882,2023,1550721,2023/07/31 00:00:00+00,Julio,31,Lunes,1899/12/30 00:00:00+00,16:55:00,16,REGION METROPOLITANA,LA FLORIDA,COLISION LATERAL,COLISION,URBANA,TRAMO DE VIA RECTA,IMPRUDENCIA DEL CONDUCTOR,CONDUCCION NO ATENTO CONDICIONES TRANSITO MOMENTO,CERRO SAN RAMON,TOBALABA,CERRO SAN RAMON - TOBALABA,0, , ,BIDIRECCIONAL,ASFALTO,BUENO,SECO,DESPEJADO,0,0,0,1,13,131,13110,Metropolitana de Santiago,Santiago,La Florida,Interseccion,"CERRO SAN RAMON & TOBALABA, La Florida",-33.549729,-70.608106
-7973830.26497293,-4221441.96378742,5883,2023,1548388,2023/07/31 00:00:00+00,Julio,31,Lunes,1899/12/30 00:00:00+00,18:45:00,18,REGION MAULE,TALCA,COLISION LATERAL,COLISION,URBANA,CRUCE CON SEÑAL CEDA EL PASO,DESOBEDIENCIA A SEÑALIZACION,SEÑALIZACION DESOBEDECER SEÑAL CEDA EL PASO,23 ORIENTE,10 NORTE,10 NORTE - 23 ORIENTE,0, , ,BIDIRECCIONAL,ASFALTO,REGULAR,HUMEDO,DESPEJADO,0,0,0,0,07,071,07101,Maule,Talca,Talca,Interseccion,"10 NORTE & 23 ORIENTE, Talca",-35.422467,-71.630136
-7872781.33303923,-3955286.66267696,5884,2023,1547974,2023/07/31 00:00:00+00,Julio,31,Lunes,1899/12/30 00:00:00+00,19:20:00,19,REGION METROPOLITANA,LO PRADO,COLISION LATERAL,COLISION,URBANA,CRUCE CON SEÑAL CEDA EL PASO,IMPRUDENCIA DEL CONDUCTOR,CONDUCCION CAMBIAR SORPRESIVAMENTE PISTA CIRCULACION,NEPTUNO,MIN MORA,MIN MORA - NEPTUNO,0, , ,BIDIRECCIONAL CON BANDEJON,ASFALTO,BUENO,SECO,DESPEJADO,0,0,0,1,13,131,13117,Metropolitana de Santiago,Santiago,Lo Prado,Interseccion,"MIN MORA & NEPTUNO, Lo Prado",-33.450744,-70.722398
-7862225.57364425,-3977781.37880065,5885,2023,1548680,2023/07/31 00:00:00+00,Julio,31,Lunes,1899/12/30 00:00:00+00,19:50:00,19,REGION METROPOLITANA,LA PINTANA,COLISION PERPENDICULAR,COLISION,URBANA,CRUCE CON SEÑAL CEDA EL PASO,ALCOHOL EN CONDUCTOR,CONDUCCION EN ESTADO DE EBRIEDAD,STA ROSA,LOS PLATANOS,LOS PLATANOS - STA ROSA,0, , ,BIDIRECCIONAL CON BANDEJON,ASFALTO,BUENO,SECO,DESPEJADO,0,0,0,1,13,131,13112,Metropolitana de Santiago,Santiago,La Pintana,Interseccion,"LOS PLATANOS & STA ROSA, La Pintana",-33.619182,-70.627574
-7865705.53224594,-3953689.21363877,5886,2023,1552219,2023/07/31 00:00:00+00,Julio,31,Lunes,1899/12/30 00:00:00+00,20:30:00,20,REGION METROPOLITANA,SANTIAGO,COLISION,COLISION,URBANA,CRUCE CON SEÑAL PARE,DESOBEDIENCIA A SEÑALIZACION,SEÑALIZACION DESOBEDECER SEÑAL PARE,LIBERTAD,COMPAÑIA,COMPAÑIA - LIBERTAD,0, , ,UNIDIRECCIONAL,CONCRETO,BUENO,SECO,DESPEJADO,0,0,0,1,13,131,13101,Metropolitana de Santiago,Santiago,Santiago,Interseccion,"COMPAÑIA & LIBERTAD, Santiago",-33.43877,-70.658835
-7860934.26755104,-3953523.13108199,5887,2023,1550028,2023/07/31 00:00:00+00,Julio,31,Lunes,1899/12/30 00:00:00+00,20:45:00,20,REGION METROPOLITANA,PROVIDENCIA,COLISION LATERAL,COLISION,URBANA,TRAMO DE VIA RECTA,IMPRUDENCIA DEL CONDUCTOR,ADELANTAMIENTO SIN EL ESPACIO O TIEMPO SUFICIENTE,MANUEL MONTT,LINARES,LINARES - MANUEL MONTT,0, , ,UNIDIRECCIONAL,ASFALTO,REGULAR,SECO,DESPEJADO,0,0,0,0,13,131,13123,Metropolitana de Santiago,Santiago,Providencia,Interseccion,"LINARES & MANUEL MONTT, Providencia",-33.437525,-70.615974
-7867970.6612446,-3969798.68180702,5888,2023,1547957,2023/07/31 00:00:00+00,Julio,31,Lunes,1899/12/30 00:00:00+00,22:00:00,22,REGION METROPOLITANA,EL BOSQUE,COLISION LATERAL,COLISION,URBANA,TRAMO DE VIA RECTA,IMPRUDENCIA DEL CONDUCTOR,CONDUCCION NO ATENTO CONDICIONES TRANSITO MOMENTO,GRAN AVDA JOSE MIGUEL CARRERA,CLODOMIRO FIGUEROA PONCE,CLODOMIRO FIGUEROA PONCE - GRAN AVDA JOSE MIGUEL CARRERA,0, , ,BIDIRECCIONAL CON BANDEJON,CONCRETO,BUENO,SECO,DESPEJADO,0,0,1,1,13,131,13105,Metropolitana de Santiago,Santiago,El Bosque,Interseccion,"CLODOMIRO FIGUEROA PONCE & GRAN AVDA JOSE MIGUEL CARRERA, El Bosque",-33.559446,-70.679183
-8055932.50825413,-4503528.97612245,5889,2023,1551466,2023/08/01 00:00:00+00,Agosto,1,Martes,1899/12/30 00:00:00+00,00:07:00,0,REGION BIO BIO,LOS ANGELES,CHOQUE FRENTE/POSTERIOR,CHOQUE,URBANA,CRUCE CON SEMAFORO FUNCIONANDO,IMPRUDENCIA DEL CONDUCTOR,CONDUCCION NO ATENTO CONDICIONES TRANSITO MOMENTO,OROMPELLO,LAS AZALEAS,LAS AZALEAS - OROMPELLO,0, , ,BIDIRECCIONAL,ASFALTO,BUENO,MOJADO,LLUVIA,0,0,0,2,08,083,08301,Biobío,Biobío,Los Angeles,Interseccion,"LAS AZALEAS & OROMPELLO, Los Angeles",-37.460775,-72.367673
-7889888.24446739,-3933320.17588745,5890,2023,1555793,2023/08/01 00:00:00+00,Agosto,1,Martes,1899/12/30 00:00:00+00,09:30:00,9,REGION METROPOLITANA,LAMPA,ATROPELLO,ATROPELLO,URBANA,TRAMO DE VIA RECTA,IMPRUDENCIA DEL PEATON,PEATON PERMANECE SOBRE LA CALZADA,ISMAEL CARMONA,ARTURO PRAT,ARTURO PRAT - ISMAEL CARMONA,0, , ,BIDIRECCIONAL,ASFALTO,BUENO,SECO,NUBLADO,0,0,0,1,13,133,13302,Metropolitana de Santiago,Chacabuco,Lampa,Interseccion,"ARTURO PRAT & ISMAEL CARMONA, Lampa",-33.285945,-70.876072
-7860321.7877127,-3967477.31217724,5891,2023,1558858,2023/09/05 00:00:00+00,Septiembre,5,Martes,1899/12/30 00:00:00+00,21:40:00,21,REGION METROPOLITANA,LA GRANJA,COLISION LATERAL,COLISION,URBANA,CRUCE SIN SEÑALIZACION,IMPRUDENCIA DEL CONDUCTOR,CONDUCCION NO ATENTO CONDICIONES TRANSITO MOMENTO,ISLA ADELAIDA,ESMERALDA,ESMERALDA - ISLA ADELAIDA,0, , ,BIDIRECCIONAL CON BANDEJON,ASFALTO,REGULAR,SECO,NUBLADO,0,0,0,1,13,131,13111,Metropolitana de Santiago,Santiago,La Granja,Interseccion,"ESMERALDA & ISLA ADELAIDA, La Granja",-33.542067,-70.610472
-7871365.51590633,-3952867.3615657,5892,2023,1561985,2023/09/06 00:00:00+00,Septiembre,6,Miércoles,1899/12/30 00:00:00+00,07:30:00,7,REGION METROPOLITANA,QUINTA NORMAL,ATROPELLO,ATROPELLO,URBANA,CRUCE CON SEÑAL CEDA EL PASO,VELOCIDAD IMPRUDENTE,"VELOCIDAD NO REDUCIR CRUCE DE CALLES, CUMBRE, CURVA, ETC.",JOSE JOAQUIN PEREZ,MOLINA LAVIN,JOSE JOAQUIN PEREZ - MOLINA LAVIN,0, , ,BIDIRECCIONAL,CONCRETO,REGULAR,SECO,DESPEJADO,0,0,0,2,13,131,13126,Metropolitana de Santiago,Santiago,Quinta Normal,Interseccion,"JOSE JOAQUIN PEREZ & MOLINA LAVIN, Quinta Normal",-33.432609,-70.709679
-7860305.08978908,-3951134.20709768,5893,2023,1557627,2023/09/06 00:00:00+00,Septiembre,6,Miércoles,1899/12/30 00:00:00+00,08:23:00,8,REGION METROPOLITANA,PROVIDENCIA,COLISION LATERAL,COLISION,URBANA,TRAMO DE VIA RECTA,IMPRUDENCIA DEL CONDUCTOR,CONDUCCION CAMBIAR SORPRESIVAMENTE PISTA CIRCULACION,ANDRES BELLO,STA MAGDALENA,ANDRES BELLO - STA MAGDALENA,0, , ,UNIDIRECCIONAL,ASFALTO,REGULAR,HUMEDO,DESPEJADO,0,0,0,0,13,131,13123,Metropolitana de Santiago,Santiago,Providencia,Interseccion,"ANDRES BELLO & STA MAGDALENA, Providencia",-33.419615,-70.610322
-7860305.08978908,-3951134.20709768,5894,2023,1563595,2023/09/06 00:00:00+00,Septiembre,6,Miércoles,1899/12/30 00:00:00+00,08:23:00,8,REGION METROPOLITANA,PROVIDENCIA,COLISION LATERAL,COLISION,URBANA,TRAMO DE VIA RECTA,VELOCIDAD IMPRUDENTE,VELOCIDAD NO RAZONABLE NI PRUDENTE,ANDRES BELLO,STA MAGDALENA,ANDRES BELLO - STA MAGDALENA,0, , ,BIDIRECCIONAL,ASFALTO,BUENO,MOJADO,LLOVIZNA,0,0,0,0,13,131,13123,Metropolitana de Santiago,Santiago,Providencia,Interseccion,"ANDRES BELLO & STA MAGDALENA, Providencia",-33.419615,-70.610322
-7864124.78434472,-3953891.98432853,5895,2023,1559006,2023/09/06 00:00:00+00,Septiembre,6,Miércoles,1899/12/30 00:00:00+00,14:00:00,14,REGION METROPOLITANA,SANTIAGO,VOLCADURA,VOLCADURA,URBANA,TRAMO DE VIA RECTA,IMPRUDENCIA DEL CONDUCTOR,CONDUCCION NO ATENTO CONDICIONES TRANSITO MOMENTO,STA LUCIA,AGUSTINAS,AGUSTINAS - STA LUCIA,0, , ,UNIDIRECCIONAL,ASFALTO,BUENO,MOJADO,LLUVIA,0,1,0,0,13,131,13101,Metropolitana de Santiago,Santiago,Santiago,Interseccion,"AGUSTINAS & STA LUCIA, Santiago",-33.44029,-70.644635
-8084440.20533189,-4715029.49556509,5896,2023,1557726,2023/09/06 00:00:00+00,Septiembre,6,Miércoles,1899/12/30 00:00:00+00,15:20:00,15,REGION ARAUCANIA,FREIRE,IMPACTO CON ANIMAL,OTRO TIPO,URBANA,TRAMO DE VIA RECTA,DEFICIENCIAS VIALES,ANIMALES SUELTOS VIA PUBLICA,VILLARRICA,LAUTARO,LAUTARO - VILLARRICA,0, , ,BIDIRECCIONAL,CONCRETO,BUENO,SECO,DESPEJADO,0,0,0,1,09,091,09105,La Araucanía,Cautín,Freire,Interseccion,"LAUTARO & VILLARRICA, Freire",-38.953615,-72.623762
-8119349.44106947,-5081181.07171611,5897,2023,1559573,2023/09/06 00:00:00+00,Septiembre,6,Miércoles,1899/12/30 00:00:00+00,16:05:00,16,REGION LOS LAGOS,PUERTO MONTT,COLISION LATERAL,COLISION,URBANA,CRUCE CON SEMAFORO FUNCIONANDO,IMPRUDENCIA DEL CONDUCTOR,CONDUCCION NO ATENTO CONDICIONES TRANSITO MOMENTO,PADRE HARTER,PILAR SANCHEZ,PADRE HARTER - PILAR SANCHEZ,0, , ,BIDIRECCIONAL,CONCRETO,BUENO,HUMEDO,LLUVIA,0,0,0,0,10,101,10101,Los Lagos,Llanquihue,Puerto Montt,Interseccion,"PADRE HARTER & PILAR SANCHEZ, Puerto Montt",-41.465055,-72.937357
-7863904.3828849,-3953057.4456334,5898,2023,1557284,2023/09/06 00:00:00+00,Septiembre,6,Miércoles,1899/12/30 00:00:00+00,16:30:00,16,REGION METROPOLITANA,SANTIAGO,CHOQUE FRENTE/POSTERIOR,CHOQUE,URBANA,CRUCE CON SEMAFORO FUNCIONANDO,IMPRUDENCIA DEL CONDUCTOR,CONDUCCION NO ATENTO CONDICIONES TRANSITO MOMENTO,STA MARIA,LORETO,LORETO - STA MARIA,0, , ,UNIDIRECCIONAL,ASFALTO,BUENO,MOJADO,LLUVIA,0,0,0,1,13,131,13101,Metropolitana de Santiago,Santiago,Santiago,Interseccion,"LORETO & STA MARIA, Santiago",-33.434034,-70.642655
-7857455.19950528,-3950355.34568736,5899,2023,1565070,2023/09/06 00:00:00+00,Septiembre,6,Miércoles,1899/12/30 00:00:00+00,19:00:00,19,REGION METROPOLITANA,LAS CONDES,COLISION,COLISION,URBANA,TRAMO DE VIA RECTA,IMPRUDENCIA DEL CONDUCTOR,CONDUCCION NO ATENTO CONDICIONES TRANSITO MOMENTO,AMERICO VESPUCIO SUR,LOS MILITARES,AMERICO VESPUCIO SUR - LOS MILITARES,0, , ,BIDIRECCIONAL CON BANDEJON,ASFALTO,BUENO,MOJADO,LLUVIA,0,0,0,0,13,131,13114,Metropolitana de Santiago,Santiago,Las Condes,Interseccion,"AMERICO VESPUCIO SUR & LOS MILITARES, Las Condes",-33.413775,-70.584721
-8137090.65093391,-4411148.57611547,5900,2023,1548397,2023/08/01 00:00:00+00,Agosto,1,Martes,1899/12/30 00:00:00+00,12:50:00,12,REGION BIO BIO,HUALPEN,CHOQUE,CHOQUE,URBANA,CRUCE CON SEMAFORO FUNCIONANDO,IMPRUDENCIA DEL CONDUCTOR,CONDUCCION CAMBIAR SORPRESIVAMENTE PISTA CIRCULACION,POSTDAM,PILPILCO,PILPILCO - POSTDAM,0, , ,BIDIRECCIONAL,CONCRETO,BUENO,HUMEDO,DESPEJADO,0,0,0,0,08,081,08112,Biobío,Concepción,Hualpén,Interseccion,"PILPILCO & POSTDAM, Hualpén",-36.799156,-73.096729
-7675196.95136641,-2566235.07243316,5901,2023,1548557,2023/08/01 00:00:00+00,Agosto,1,Martes,1899/12/30 00:00:00+00,15:57:00,15,REGION ANTOFAGASTA,CALAMA,COLISION,COLISION,URBANA,CRUCE SIN SEÑALIZACION,IMPRUDENCIA DEL CONDUCTOR,CONDUCCION NO ATENTO CONDICIONES TRANSITO MOMENTO,VASCO DE GAMA,RUPANCO,RUPANCO - VASCO DE GAMA,0, , ,BIDIRECCIONAL,ASFALTO,BUENO,SECO,DESPEJADO,0,1,0,2,02,022,02201,Antofagasta,El Loa,Calama,Interseccion,"RUPANCO & VASCO DE GAMA, Calama",-22.454944,-68.947467
-7930304.16588365,-3877917.48010676,5902,2023,1550492,2023/08/01 00:00:00+00,Agosto,1,Martes,1899/12/30 00:00:00+00,18:00:00,18,REGION VALPARAISO,QUILLOTA,CHOQUE,CHOQUE,URBANA,TRAMO DE VIA RECTA,IMPRUDENCIA DEL CONDUCTOR,CONDUCCION NO ATENTO CONDICIONES TRANSITO MOMENTO,21 DE MAYO,GALVARINO,21 DE MAYO - GALVARINO,0, , ,BIDIRECCIONAL CON BANDEJON,ASFALTO,BUENO,SECO,DESPEJADO,0,0,0,1,05,055,05501,Valparaíso,Quillota,Quillota,Interseccion,"21 DE MAYO & GALVARINO, Quillota",-32.868915,-71.239134