X,Y,FID,Año,IdAccident,Fecha,Mes,Dia_mes,Dia_semana,Hora,Hora_texto,Hora_aprox,Región,Comuna,Tipo_Accid,Tipo__CONA,Zona,Ubicación,Causa__CON,Causa_Acci,Calle_Uno,Calle_Dos,Intersecci,Número,Ruta,Ubicaci_1,Calzada,Tipo_Calza,Estado_Cal,Condición,Estado_Atm,Fallecidos,Graves,Menos_Grav,Leves,CUT_REG,CUT_PROV,CUT_COM,REGION,PROVINCIA,COMUNA1,Tipo_direc,Direccion,Lat,Lon
-7874424.63136232,-3957997.65444608,5903,2023,1550276,2023/08/01 00:00:00+00,Agosto,1,Martes,1899/12/30 00:00:00+00,18:45:00,18,REGION METROPOLITANA,MAIPU,COLISION FRONTAL,COLISION,URBANA,CRUCE CON SEMAFORO FUNCIONANDO,DESOBEDIENCIA A SEÑALIZACION,SEÑALIZACION DESOBEDECER LUZ ROJA DE SEMAFORO,LOS PAJARITOS,TTE CRUZ,LOS PAJARITOS - TTE CRUZ,0, , ,BIDIRECCIONAL CON BANDEJON,CONCRETO,BUENO,SECO,DESPEJADO,0,1,0,0,13,131,13119,Metropolitana de Santiago,Santiago,Maipú,Interseccion,"LOS PAJARITOS & TTE CRUZ, Maipú",-33.471061,-70.73716
-7855797.42964839,-3967679.38996064,5904,2023,1553018,2023/08/01 00:00:00+00,Agosto,1,Martes,1899/12/30 00:00:00+00,18:50:00,18,REGION METROPOLITANA,LA FLORIDA,COLISION POR ALCANCE,COLISION,URBANA,TRAMO DE VIA RECTA,IMPRUDENCIA DEL CONDUCTOR,VIRAJES INDEBIDOS,LA FLORIDA,STA AMALIA,LA FLORIDA - STA AMALIA,0, , ,BIDIRECCIONAL,CONCRETO,BUENO,SECO,DESPEJADO,0,0,0,0,13,131,13110,Metropolitana de Santiago,Santiago,La Florida,Interseccion,"LA FLORIDA & STA AMALIA, La Florida",-33.54358,-70.569829
-7855797.42964839,-3967679.38996064,5905,2023,1555019,2023/08/01 00:00:00+00,Agosto,1,Martes,1899/12/30 00:00:00+00,18:50:00,18,REGION METROPOLITANA,LA FLORIDA,COLISION LATERAL,COLISION,URBANA,TRAMO DE VIA RECTA,IMPRUDENCIA DEL CONDUCTOR,VIRAJES INDEBIDOS,LA FLORIDA,STA AMALIA,LA FLORIDA - STA AMALIA,0, , ,BIDIRECCIONAL,ASFALTO,BUENO,SECO,DESPEJADO,0,0,0,0,13,131,13110,Metropolitana de Santiago,Santiago,La Florida,Interseccion,"LA FLORIDA & STA AMALIA, La Florida",-33.54358,-70.569829
-7856322.52368646,-3975975.38038567,5906,2023,1549283,2023/08/01 00:00:00+00,Agosto,1,Martes,1899/12/30 00:00:00+00,19:00:00,19,REGION METROPOLITANA,PUENTE ALTO,COLISION PERPENDICULAR,COLISION,URBANA,TRAMO DE VIA RECTA,IMPRUDENCIA DEL CONDUCTOR,NO RESPETAR DERECHO PREFERENTE DE PASO A VEHICULO,EDUARDO CORDERO,LOS BOLDOS,EDUARDO CORDERO - LOS BOLDOS,0, , ,BIDIRECCIONAL,ASFALTO,REGULAR,SECO,DESPEJADO,0,1,0,0,13,132,13201,Metropolitana de Santiago,Cordillera,Puente Alto,Interseccion,"EDUARDO CORDERO & LOS BOLDOS, Puente Alto",-33.605671,-70.574546
-7928133.12424106,-3986999.09560717,5907,2023,1549167,2023/08/01 00:00:00+00,Agosto,1,Martes,1899/12/30 00:00:00+00,19:30:00,19,REGION METROPOLITANA,MELIPILLA,COLISION LATERAL,COLISION,URBANA,CRUCE CON SEÑAL CEDA EL PASO,DESOBEDIENCIA A SEÑALIZACION,SEÑALIZACION DESOBEDECER SEÑAL CEDA EL PASO,HURTADO,LIBERTAD,HURTADO - LIBERTAD,0, , ,UNIDIRECCIONAL,ASFALTO,BUENO,SECO,DESPEJADO,0,1,0,0,13,135,13501,Metropolitana de Santiago,Melipilla,Melipilla,Interseccion,"HURTADO & LIBERTAD, Melipilla",-33.688108,-71.219632
-7862820.79896152,-3954150.78892201,5908,2023,1551166,2023/08/01 00:00:00+00,Agosto,1,Martes,1899/12/30 00:00:00+00,19:30:00,19,REGION METROPOLITANA,PROVIDENCIA,ATROPELLO,ATROPELLO,URBANA,TRAMO DE VIA RECTA,IMPRUDENCIA DEL CONDUCTOR,CONDUCCION NO ATENTO CONDICIONES TRANSITO MOMENTO,VICUÑA MACKENNA,MARIN,MARIN - VICUÑA MACKENNA,0, , ,BIDIRECCIONAL,ASFALTO,REGULAR,SECO,DESPEJADO,0,1,0,0,13,131,13123,Metropolitana de Santiago,Santiago,Providencia,Interseccion,"MARIN & VICUÑA MACKENNA, Providencia",-33.44223,-70.632921
-7869786.85547934,-3944038.0139094,5909,2023,1561402,2023/09/06 00:00:00+00,Septiembre,6,Miércoles,1899/12/30 00:00:00+00,19:40:00,19,REGION METROPOLITANA,CONCHALI,COLISION PERPENDICULAR,COLISION,URBANA,TRAMO DE VIA RECTA,IMPRUDENCIA DEL CONDUCTOR,CONDUCCION NO ATENTO CONDICIONES TRANSITO MOMENTO,AMERICO VESPUCIO,FORESTAL,AMERICO VESPUCIO - FORESTAL,0, , ,BIDIRECCIONAL,CONCRETO,REGULAR,SECO,DESPEJADO,0,0,0,0,13,131,13104,Metropolitana de Santiago,Santiago,Conchalí,Interseccion,"AMERICO VESPUCIO & FORESTAL, Conchalí",-33.366392,-70.695498
-8080491.70294893,-4684613.53845131,5910,2023,1559521,2023/09/06 00:00:00+00,Septiembre,6,Miércoles,1899/12/30 00:00:00+00,20:45:00,20,REGION ARAUCANIA,TEMUCO,CHOQUE FRENTE/POSTERIOR,CHOQUE,URBANA,TRAMO DE VIA RECTA,IMPRUDENCIA DEL CONDUCTOR,CONDUCCION NO ATENTO CONDICIONES TRANSITO MOMENTO,ALDUNATE,ANTONIO VARAS,ALDUNATE - ANTONIO VARAS,0, , ,UNIDIRECCIONAL,CONCRETO,BUENO,SECO,NUBLADO,0,0,0,0,09,091,09101,La Araucanía,Cautín,Temuco,Interseccion,"ALDUNATE & ANTONIO VARAS, Temuco",-38.740817,-72.588292
-8150509.43631261,-4838250.15572003,5911,2023,1557181,2023/09/06 00:00:00+00,Septiembre,6,Miércoles,1899/12/30 00:00:00+00,21:00:00,21,REGION DE LOS RIOS,VALDIVIA,ATROPELLO,ATROPELLO,URBANA,TRAMO DE VIA RECTA,IMPRUDENCIA DEL PEATON,PEATON CRUZA CALZADA FUERA PASO PEATONES,PEDRO AGUIRRE CERDA,ROCURA,PEDRO AGUIRRE CERDA - ROCURA,0, , ,BIDIRECCIONAL CON BANDEJON,CONCRETO,BUENO,MOJADO,LLUVIA,0,1,0,1,14,141,14101,Los Ríos,Valdivia,Valdivia,Interseccion,"PEDRO AGUIRRE CERDA & ROCURA, Valdivia",-39.809171,-73.217272
-7861541.96065129,-3953774.19013358,5912,2023,1557631,2023/09/07 00:00:00+00,Septiembre,7,Jueves,1899/12/30 00:00:00+00,12:40:00,12,REGION METROPOLITANA,PROVIDENCIA,COLISION LATERAL,COLISION,URBANA,TRAMO DE VIA RECTA,IMPRUDENCIA DEL CONDUCTOR,CONDUCCION CAMBIAR SORPRESIVAMENTE PISTA CIRCULACION,RANCAGUA,JOSE MANUEL INFANTE,JOSE MANUEL INFANTE - RANCAGUA,0, , ,BIDIRECCIONAL,ASFALTO,BUENO,SECO,DESPEJADO,0,0,0,0,13,131,13123,Metropolitana de Santiago,Santiago,Providencia,Interseccion,"JOSE MANUEL INFANTE & RANCAGUA, Providencia",-33.439407,-70.621433
-7824444.61791525,-2092923.68353307,5913,2023,1557644,2023/09/07 00:00:00+00,Septiembre,7,Jueves,1899/12/30 00:00:00+00,12:50:00,12,REGION ARICA Y PARINACOTA,ARICA,CHOQUE POSTERIOR,CHOQUE,URBANA,TRAMO DE VIA RECTA,IMPRUDENCIA DEL CONDUCTOR,CONDUCCION NO ATENTO CONDICIONES TRANSITO MOMENTO,TUCAPEL,ESTEBAN RIOS,ESTEBAN RIOS - TUCAPEL,0, , ,BIDIRECCIONAL,ASFALTO,BUENO,SECO,DESPEJADO,0,0,0,1,15,151,15101,Arica y Parinacota,Arica,Arica,Interseccion,"ESTEBAN RIOS & TUCAPEL, Arica",-18.472457,-70.288182
-8025621.88070349,-4383637.41216706,5914,2023,1558214,2023/09/07 00:00:00+00,Septiembre,7,Jueves,1899/12/30 00:00:00+00,13:00:00,13,REGION ÑUBLE,CHILLAN,COLISION PERPENDICULAR,COLISION,URBANA,CRUCE CON SEÑAL PARE,DESOBEDIENCIA A SEÑALIZACION,SEÑALIZACION DESOBEDECER SEÑAL PARE,SARGENTO ALDEA,ECUADOR,ECUADOR - SARGENTO ALDEA,0, , ,UNIDIRECCIONAL,ASFALTO,REGULAR,SECO,NUBLADO,0,1,0,0,16,161,16101,Ñuble,Diguillín,Chillán,Interseccion,"ECUADOR & SARGENTO ALDEA, Chillán",-36.601008,-72.095388
-8026873.44573847,-4385338.94045476,5915,2023,1557642,2023/09/07 00:00:00+00,Septiembre,7,Jueves,1899/12/30 00:00:00+00,14:20:00,14,REGION ÑUBLE,CHILLAN,COLISION PERPENDICULAR,COLISION,URBANA,CRUCE CON SEÑAL PARE,DESOBEDIENCIA A SEÑALIZACION,SEÑALIZACION DESOBEDECER SEÑAL PARE,PUREN,18 DE SEPTIEMBRE,18 DE SEPTIEMBRE - PUREN,0, , ,UNIDIRECCIONAL,ASFALTO,REGULAR,HUMEDO,DESPEJADO,0,0,0,1,16,161,16101,Ñuble,Diguillín,Chillán,Interseccion,"18 DE SEPTIEMBRE & PUREN, Chillán",-36.613278,-72.106631
-8131264.30010528,-4414065.49169235,5916,2023,1557182,2023/09/07 00:00:00+00,Septiembre,7,Jueves,1899/12/30 00:00:00+00,15:00:00,15,REGION BIO BIO,CONCEPCION,COLISION,COLISION,URBANA,ENLACE A DESNIVEL,IMPRUDENCIA DEL CONDUCTOR,CONDUCCION NO ATENTO CONDICIONES TRANSITO MOMENTO,21 DE MAYO,JORGE ALESSANDRI RODRIGUEZ,21 DE MAYO - JORGE ALESSANDRI RODRIGUEZ,0, , ,BIDIRECCIONAL CON BANDEJON,CONCRETO,BUENO,HUMEDO,NUBLADO,0,0,0,0,08,081,08101,Biobío,Concepción,Concepción,Interseccion,"21 DE MAYO & JORGE ALESSANDRI RODRIGUEZ, Concepción",-36.820135,-73.04439
-7873331.97769456,-3954449.17944461,5917,2023,1557303,2023/09/07 00:00:00+00,Septiembre,7,Jueves,1899/12/30 00:00:00+00,19:30:00,19,REGION METROPOLITANA,LO PRADO,COLISION PERPENDICULAR,COLISION,URBANA,CRUCE CON SEÑAL CEDA EL PASO,IMPRUDENCIA DEL CONDUCTOR,NO RESPETAR DERECHO PREFERENTE DE PASO A VEHICULO,SAN PABLO,LOS JUNCOS,LOS JUNCOS - SAN PABLO,0, , ,BIDIRECCIONAL,ASFALTO,BUENO,SECO,NUBLADO,0,1,0,0,13,131,13117,Metropolitana de Santiago,Santiago,Lo Prado,Interseccion,"LOS JUNCOS & SAN PABLO, Lo Prado",-33.444467,-70.727345
-8128466.1733847,-4433008.12572778,5918,2023,1551848,2023/08/01 00:00:00+00,Agosto,1,Martes,1899/12/30 00:00:00+00,19:50:00,19,REGION BIO BIO,CHIGUAYANTE,COLISION LATERAL,COLISION,URBANA,TRAMO DE VIA RECTA,ALCOHOL EN CONDUCTOR,CONDUCCION EN ESTADO DE EBRIEDAD,MANUEL RODRIGUEZ,12 DE OCTUBRE,12 DE OCTUBRE - MANUEL RODRIGUEZ,0, , ,BIDIRECCIONAL,CONCRETO,BUENO,SECO,DESPEJADO,0,0,1,1,08,081,08103,Biobío,Concepción,Chiguayante,Interseccion,"12 DE OCTUBRE & MANUEL RODRIGUEZ, Chiguayante",-36.956234,-73.019254
-7928011.05129859,-3867999.87264605,5919,2023,1549050,2023/08/01 00:00:00+00,Agosto,1,Martes,1899/12/30 00:00:00+00,20:10:00,20,REGION VALPARAISO,CALERA,CHOQUE FRENTE/POSTERIOR,CHOQUE,URBANA,TRAMO DE VIA RECTA,VELOCIDAD IMPRUDENTE,VELOCIDAD NO RAZONABLE NI PRUDENTE,CHAÑARAL,PRINCESA SARA,CHAÑARAL - PRINCESA SARA,0, , ,BIDIRECCIONAL,ASFALTO,BUENO,SECO,DESPEJADO,0,0,0,1,05,055,05502,Valparaíso,Quillota,Calera,Interseccion,"CHAÑARAL & PRINCESA SARA, Calera",-32.794054,-71.218535
-7864152.84798835,-3951450.70119622,5920,2023,1552150,2023/08/01 00:00:00+00,Agosto,1,Martes,1899/12/30 00:00:00+00,20:45:00,20,REGION METROPOLITANA,RECOLETA,ATROPELLO,ATROPELLO,URBANA,CRUCE CON SEMAFORO FUNCIONANDO,DESOBEDIENCIA A SEÑALIZACION,SEÑALIZACION DESOBEDECER LUZ ROJA DE SEMAFORO,SANTOS DUMONT,RECOLETA,RECOLETA - SANTOS DUMONT,0, , ,BIDIRECCIONAL,ASFALTO,BUENO,SECO,NUBLADO,0,0,1,1,13,131,13127,Metropolitana de Santiago,Santiago,Recoleta,Interseccion,"RECOLETA & SANTOS DUMONT, Recoleta",-33.421988,-70.644887
-7861953.7183009,-3974711.13082985,5921,2023,1555522,2023/08/01 00:00:00+00,Agosto,1,Martes,1899/12/30 00:00:00+00,21:02:00,21,REGION METROPOLITANA,LA PINTANA,COLISION LATERAL,COLISION,URBANA,CRUCE CON SEÑAL PARE,IMPRUDENCIA DEL CONDUCTOR,CONDUCCION NO ATENTO CONDICIONES TRANSITO MOMENTO,PRIMAVERA,EL OREGON,EL OREGON - PRIMAVERA,0, , ,BIDIRECCIONAL,ASFALTO,BUENO,SECO,DESPEJADO,0,0,0,1,13,131,13112,Metropolitana de Santiago,Santiago,La Pintana,Interseccion,"EL OREGON & PRIMAVERA, La Pintana",-33.596212,-70.625132
-7824188.70550447,-2093726.68711348,5922,2023,1548740,2023/08/01 00:00:00+00,Agosto,1,Martes,1899/12/30 00:00:00+00,22:45:00,22,REGION ARICA Y PARINACOTA,ARICA,COLISION,COLISION,URBANA,TRAMO DE VIA RECTA,IMPRUDENCIA DEL CONDUCTOR,CONDUCCION SIN MANTENER DISTANCIA RAZONABLE NI PRUDENTE,LAS ACACIAS,RODRIGO DE ARAYA,LAS ACACIAS - RODRIGO DE ARAYA,0, , ,BIDIRECCIONAL,ASFALTO,BUENO,SECO,NUBLADO,0,0,0,1,15,151,15101,Arica y Parinacota,Arica,Arica,Interseccion,"LAS ACACIAS & RODRIGO DE ARAYA, Arica",-18.479299,-70.285883
-7852032.82710874,-3959608.24467336,5923,2023,1550824,2023/08/02 00:00:00+00,Agosto,2,Miércoles,1899/12/30 00:00:00+00,01:00:00,1,REGION METROPOLITANA,PEÑALOLEN,COLISION FRONTAL,COLISION,URBANA,CRUCE CON SEÑAL CEDA EL PASO,DESOBEDIENCIA A SEÑALIZACION,SEÑALIZACION DESOBEDECER SEÑAL CEDA EL PASO,LAS PERDICES,ANTUPIREN,ANTUPIREN - LAS PERDICES,0, , ,BIDIRECCIONAL,CONCRETO,BUENO,SECO,DESPEJADO,0,1,0,0,13,131,13122,Metropolitana de Santiago,Santiago,Peñalolén,Interseccion,"ANTUPIREN & LAS PERDICES, Peñalolén",-33.483129,-70.536011
-7879110.29136879,-3965121.42370336,5924,2023,1550278,2023/08/02 00:00:00+00,Agosto,2,Miércoles,1899/12/30 00:00:00+00,07:30:00,7,REGION METROPOLITANA,MAIPU,VOLCADURA,VOLCADURA,URBANA,TRAMO DE VIA RECTA,IMPRUDENCIA DEL CONDUCTOR,CONDUCCION NO ATENTO CONDICIONES TRANSITO MOMENTO,NVA SAN MARTIN,3 PONIENTE,3 PONIENTE - NVA SAN MARTIN,0, , ,BIDIRECCIONAL,ASFALTO,BUENO,SECO,DESPEJADO,0,0,0,1,13,131,13119,Metropolitana de Santiago,Santiago,Maipú,Interseccion,"3 PONIENTE & NVA SAN MARTIN, Maipú",-33.524426,-70.779252
-7977639.61794788,-4222563.68458072,5925,2023,1548920,2023/08/02 00:00:00+00,Agosto,2,Miércoles,1899/12/30 00:00:00+00,08:05:00,8,REGION MAULE,TALCA,COLISION LATERAL,COLISION,URBANA,CRUCE CON SEÑAL PARE,DESOBEDIENCIA A SEÑALIZACION,SEÑALIZACION DESOBEDECER SEÑAL PARE,4 SUR,2 ORIENTE,2 ORIENTE - 4 SUR,0, , ,UNIDIRECCIONAL,CONCRETO,BUENO,SECO,DESPEJADO,0,1,0,0,07,071,07101,Maule,Talca,Talca,Interseccion,"2 ORIENTE & 4 SUR, Talca",-35.430678,-71.664356
-7863189.04383706,-3956538.33417086,5926,2023,1558103,2023/08/02 00:00:00+00,Agosto,2,Miércoles,1899/12/30 00:00:00+00,08:20:00,8,REGION METROPOLITANA,SANTIAGO,COLISION LATERAL,COLISION,URBANA,CRUCE SIN SEÑALIZACION,IMPRUDENCIA DEL CONDUCTOR,CONDUCCION NO ATENTO CONDICIONES TRANSITO MOMENTO,SIERRA BELLA,STA ELVIRA,SIERRA BELLA - STA ELVIRA,0, , ,UNIDIRECCIONAL,ASFALTO,BUENO,SECO,NUBLADO,0,0,0,0,13,131,13101,Metropolitana de Santiago,Santiago,Santiago,Interseccion,"SIERRA BELLA & STA ELVIRA, Santiago",-33.460125,-70.636229
-7951320.55112584,-3901776.22093244,5927,2023,1557755,2023/09/07 00:00:00+00,Septiembre,7,Jueves,1899/12/30 00:00:00+00,20:00:00,20,REGION VALPARAISO,QUILPUE,CHOQUE POSTERIOR/FRENTE,CHOQUE,URBANA,CRUCE SIN SEÑALIZACION,IMPRUDENCIA DEL CONDUCTOR,CONDUCCION SIN MANTENER DISTANCIA RAZONABLE NI PRUDENTE,LOS CARRERA,PEDRO AGUIRRE CERDA,LOS CARRERA - PEDRO AGUIRRE CERDA,0, , ,BIDIRECCIONAL,ASFALTO,BUENO,SECO,DESPEJADO,0,0,0,0,05,058,05801,Valparaíso,Marga Marga,Quilpué,Interseccion,"LOS CARRERA & PEDRO AGUIRRE CERDA, Quilpué",-33.048748,-71.427928
-7949953.23606206,-3904634.31789462,5928,2023,1557760,2023/09/07 00:00:00+00,Septiembre,7,Jueves,1899/12/30 00:00:00+00,20:00:00,20,REGION VALPARAISO,QUILPUE,COLISION FRONTAL,COLISION,URBANA,CRUCE SIN SEÑALIZACION,IMPRUDENCIA DEL CONDUCTOR,VIRAJES INDEBIDOS,ALMIRANTE GRAU,WENCESLAO VARGAS,ALMIRANTE GRAU - WENCESLAO VARGAS,0, , ,BIDIRECCIONAL,ASFALTO,BUENO,SECO,DESPEJADO,0,1,0,0,05,058,05801,Valparaíso,Marga Marga,Quilpué,Interseccion,"ALMIRANTE GRAU & WENCESLAO VARGAS, Quilpué",-33.070266,-71.415645
-7859484.77648369,-3874803.71731776,5929,2023,1557226,2023/09/07 00:00:00+00,Septiembre,7,Jueves,1899/12/30 00:00:00+00,20:10:00,20,REGION VALPARAISO,LOS ANDES,COLISION PERPENDICULAR,COLISION,URBANA,CRUCE CON SEÑAL PARE,DESOBEDIENCIA A SEÑALIZACION,SEÑALIZACION DESOBEDECER SEÑAL PARE,ARTURO PRAT,LORENZO ARAYA ACEVEDO,ARTURO PRAT - LORENZO ARAYA ACEVEDO,0, , ,BIDIRECCIONAL,ASFALTO,BUENO,SECO,DESPEJADO,0,0,0,0,05,053,05301,Valparaíso,Los Andes,Los Andes,Interseccion,"ARTURO PRAT & LORENZO ARAYA ACEVEDO, Los Andes",-32.845418,-70.602953
-7974102.88637249,-4222298.92033536,5930,2023,1557666,2023/09/07 00:00:00+00,Septiembre,7,Jueves,1899/12/30 00:00:00+00,22:15:00,22,REGION MAULE,TALCA,COLISION LATERAL,COLISION,URBANA,CRUCE CON SEÑAL PARE,DESOBEDIENCIA A SEÑALIZACION,SEÑALIZACION DESOBEDECER SEÑAL PARE,3 NORTE,23 ORIENTE,23 ORIENTE - 3 NORTE,0, , ,BIDIRECCIONAL,CONCRETO,BUENO,SECO,DESPEJADO,0,0,0,0,07,071,07101,Maule,Talca,Talca,Interseccion,"23 ORIENTE & 3 NORTE, Talca",-35.42874,-71.632585
-7955772.12849594,-3900971.05476407,5931,2023,1557761,2023/09/07 00:00:00+00,Septiembre,7,Jueves,1899/12/30 00:00:00+00,22:25:00,22,REGION VALPARAISO,QUILPUE,COLISION POR ALCANCE,COLISION,URBANA,CRUCE SIN SEÑALIZACION,IMPRUDENCIA DEL CONDUCTOR,VIRAJES INDEBIDOS,LOS CARRERA,ALEMPARTE,ALEMPARTE - LOS CARRERA,0, , ,BIDIRECCIONAL,ASFALTO,BUENO,SECO,DESPEJADO,0,1,0,0,05,058,05801,Valparaíso,Marga Marga,Quilpué,Interseccion,"ALEMPARTE & LOS CARRERA, Quilpué",-33.042685,-71.467917
-7864138.933052,-3954172.13388909,5932,2023,1559012,2023/09/08 00:00:00+00,Septiembre,8,Viernes,1899/12/30 00:00:00+00,12:30:00,12,REGION METROPOLITANA,SANTIAGO,CHOQUE LADO/LADO,CHOQUE,URBANA,TRAMO DE VIA RECTA,IMPRUDENCIA DEL CONDUCTOR,CONDUCCION SIN MANTENER DISTANCIA RAZONABLE NI PRUDENTE,LIBER BERNARDO O'HIGGINS,MIRAFLORES,LIBER BERNARDO O'HIGGINS - MIRAFLORES,0, , ,UNIDIRECCIONAL,ASFALTO,REGULAR,SECO,DESPEJADO,0,0,0,1,13,131,13101,Metropolitana de Santiago,Santiago,Santiago,Interseccion,"LIBER BERNARDO O'HIGGINS & MIRAFLORES, Santiago",-33.44239,-70.644762
-7859632.6087452,-3958386.00130313,5933,2023,1557536,2023/09/08 00:00:00+00,Septiembre,8,Viernes,1899/12/30 00:00:00+00,14:35:00,14,REGION METROPOLITANA,MACUL,COLISION LATERAL,COLISION,URBANA,CRUCE CON SEÑAL PARE,DESOBEDIENCIA A SEÑALIZACION,SEÑALIZACION DESOBEDECER SEÑAL PARE,RODRIGO DE ARAYA,LOS 3 ANTONIOS,LOS 3 ANTONIOS - RODRIGO DE ARAYA,0, , ,BIDIRECCIONAL,ASFALTO,BUENO,MOJADO,NUBLADO,0,0,0,0,13,131,13118,Metropolitana de Santiago,Santiago,Macul,Interseccion,"LOS 3 ANTONIOS & RODRIGO DE ARAYA, Macul",-33.473971,-70.604281
-7890438.49671039,-3976677.64233582,5934,2023,1558007,2023/09/08 00:00:00+00,Septiembre,8,Viernes,1899/12/30 00:00:00+00,17:05:00,17,REGION METROPOLITANA,PEÑAFLOR,COLISION,COLISION,URBANA,CRUCE CON SEMAFORO FUNCIONANDO,IMPRUDENCIA DEL CONDUCTOR,CONDUCCION SIN MANTENER DISTANCIA RAZONABLE NI PRUDENTE,VICUÑA MACKENNA,FRANCISCO BILBAO,FRANCISCO BILBAO - VICUÑA MACKENNA,0, , ,BIDIRECCIONAL,ASFALTO,REGULAR,SECO,DESPEJADO,0,0,0,1,13,136,13605,Metropolitana de Santiago,Talagante,Peñaflor,Interseccion,"FRANCISCO BILBAO & VICUÑA MACKENNA, Peñaflor",-33.610925,-70.881015
-7808012.98155,-2300150.7796364,5935,2023,1558113,2023/09/08 00:00:00+00,Septiembre,8,Viernes,1899/12/30 00:00:00+00,21:10:00,21,REGION TARAPACA,IQUIQUE,COLISION LATERAL,COLISION,URBANA,TRAMO DE VIA RECTA,IMPRUDENCIA DEL CONDUCTOR,VIRAJES INDEBIDOS,HEROES DE LA CONCEPCION,HERNAN FUENZALIDA,HERNAN FUENZALIDA - HEROES DE LA CONCEPCION,0, , ,BIDIRECCIONAL CON BANDEJON,ASFALTO,BUENO,SECO,DESPEJADO,0,0,0,1,01,011,01101,Tarapacá,Iquique,Iquique,Interseccion,"HERNAN FUENZALIDA & HEROES DE LA CONCEPCION, Iquique",-20.228763,-70.140574
-7928562.97327829,-3986340.69826205,5936,2023,1549200,2023/08/02 00:00:00+00,Agosto,2,Miércoles,1899/12/30 00:00:00+00,09:30:00,9,REGION METROPOLITANA,MELIPILLA,COLISION PERPENDICULAR,COLISION,URBANA,CRUCE SIN SEÑALIZACION,IMPRUDENCIA DEL CONDUCTOR,VIRAJES INDEBIDOS,PABLO NERUDA,CORONEL LAGOS,CORONEL LAGOS - PABLO NERUDA,0, , ,BIDIRECCIONAL,ASFALTO,REGULAR,SECO,DESPEJADO,0,0,1,0,13,135,13501,Metropolitana de Santiago,Melipilla,Melipilla,Interseccion,"CORONEL LAGOS & PABLO NERUDA, Melipilla",-33.683187,-71.223493
-7674342.11779787,-2567322.59801668,5937,2023,1549592,2023/08/02 00:00:00+00,Agosto,2,Miércoles,1899/12/30 00:00:00+00,13:00:00,13,REGION ANTOFAGASTA,CALAMA,COLISION,COLISION,URBANA,CRUCE CON SEÑAL PARE,DESOBEDIENCIA A SEÑALIZACION,SEÑALIZACION DESOBEDECER SEÑAL PARE,PEDRO DE VALDIVIA,VICUÑA MACKENNA,PEDRO DE VALDIVIA - VICUÑA MACKENNA,0, , ,BIDIRECCIONAL,ASFALTO,BUENO,SECO,DESPEJADO,0,0,0,1,02,022,02201,Antofagasta,El Loa,Calama,Interseccion,"PEDRO DE VALDIVIA & VICUÑA MACKENNA, Calama",-22.463972,-68.939788
-7972354.13507351,-3901340.42387409,5938,2023,1550432,2023/08/02 00:00:00+00,Agosto,2,Miércoles,1899/12/30 00:00:00+00,13:12:00,13,REGION VALPARAISO,VALPARAISO,ATROPELLO,ATROPELLO,URBANA,CRUCE CON SEÑAL CEDA EL PASO,IMPRUDENCIA DEL PEATON,PEATON CRUZA CALZADA FUERA PASO PEATONES,YUNGAY,LAS HERAS,LAS HERAS - YUNGAY,0, , ,UNIDIRECCIONAL,ASFALTO,BUENO,SECO,DESPEJADO,0,0,0,1,05,051,05101,Valparaíso,Valparaíso,Valparaíso,Interseccion,"LAS HERAS & YUNGAY, Valparaíso",-33.045466,-71.616876
-7931174.47291708,-3492738.13623567,5939,2023,1549414,2023/08/02 00:00:00+00,Agosto,2,Miércoles,1899/12/30 00:00:00+00,14:00:00,14,REGION COQUIMBO,LA SERENA,COLISION LATERAL,COLISION,URBANA,TRAMO DE VIA RECTA,IMPRUDENCIA DEL CONDUCTOR,CONDUCCION NO ATENTO CONDICIONES TRANSITO MOMENTO,GABRIEL GONZALEZ VIDELA,HUANHUALI,GABRIEL GONZALEZ VIDELA - HUANHUALI,0, , ,UNIDIRECCIONAL,ASFALTO,BUENO,SECO,NUBLADO,0,0,0,1,04,041,04101,Coquimbo,Elqui,La Serena,Interseccion,"GABRIEL GONZALEZ VIDELA & HUANHUALI, La Serena",-29.915853,-71.246953
-7869881.23766508,-3954555.68297543,5940,2023,1550191,2023/08/02 00:00:00+00,Agosto,2,Miércoles,1899/12/30 00:00:00+00,15:00:00,15,REGION METROPOLITANA,QUINTA NORMAL,CHOQUE FRENTE/POSTERIOR,CHOQUE,URBANA,CRUCE CON SEÑAL PARE,IMPRUDENCIA DEL CONDUCTOR,CONDUCCION NO ATENTO CONDICIONES TRANSITO MOMENTO,CONSTANTINO,NVA IMPERIAL,CONSTANTINO - NVA IMPERIAL,0, , ,UNIDIRECCIONAL,ASFALTO,REGULAR,SECO,DESPEJADO,0,0,0,0,13,131,13126,Metropolitana de Santiago,Santiago,Quinta Normal,Interseccion,"CONSTANTINO & NVA IMPERIAL, Quinta Normal",-33.445265,-70.696346