X,Y,FID,Año,IdAccident,Fecha,Mes,Dia_mes,Dia_semana,Hora,Hora_texto,Hora_aprox,Región,Comuna,Tipo_Accid,Tipo__CONA,Zona,Ubicación,Causa__CON,Causa_Acci,Calle_Uno,Calle_Dos,Intersecci,Número,Ruta,Ubicaci_1,Calzada,Tipo_Calza,Estado_Cal,Condición,Estado_Atm,Fallecidos,Graves,Menos_Grav,Leves,CUT_REG,CUT_PROV,CUT_COM,REGION,PROVINCIA,COMUNA1,Tipo_direc,Direccion,Lat,Lon
-7860480.08402861,-3957926.25876267,5941,2023,1549465,2023/08/02 00:00:00+00,Agosto,2,Miércoles,1899/12/30 00:00:00+00,16:40:00,16,REGION METROPOLITANA,ÑUÑOA,COLISION POR ALCANCE,COLISION,URBANA,TRAMO DE VIA RECTA,IMPRUDENCIA DEL CONDUCTOR,CONDUCCION SIN MANTENER DISTANCIA RAZONABLE NI PRUDENTE,GUILLERMO MANN,GASPAR VILLARROEL,GASPAR VILLARROEL - GUILLERMO MANN,0, , ,BIDIRECCIONAL,CONCRETO,BUENO,SECO,DESPEJADO,0,0,0,0,13,131,13120,Metropolitana de Santiago,Santiago,Ñuñoa,Interseccion,"GASPAR VILLARROEL & GUILLERMO MANN, Ñuñoa",-33.470526,-70.611894
-7970253.71439342,-3900024.53881181,5942,2023,1550822,2023/08/02 00:00:00+00,Agosto,2,Miércoles,1899/12/30 00:00:00+00,16:55:00,16,REGION VALPARAISO,VALPARAISO,COLISION,COLISION,URBANA,TRAMO DE VIA RECTA,IMPRUDENCIA DEL CONDUCTOR,ADELANTAMIENTO SIN EL ESPACIO O TIEMPO SUFICIENTE,ESPAÑA,SAN LUIS,ESPAÑA - SAN LUIS,0, , ,UNIDIRECCIONAL,ASFALTO,BUENO,SECO,DESPEJADO,0,1,0,0,05,051,05101,Valparaíso,Valparaíso,Valparaíso,Interseccion,"ESPAÑA & SAN LUIS, Valparaíso",-33.035557,-71.598007
-7863091.59468803,-3962800.21982682,5943,2023,1550229,2023/08/02 00:00:00+00,Agosto,2,Miércoles,1899/12/30 00:00:00+00,23:00:00,23,REGION METROPOLITANA,SAN JOAQUIN,VOLCADURA,VOLCADURA,URBANA,TRAMO DE VIA RECTA,ALCOHOL EN CONDUCTOR,CONDUCCION EN ESTADO DE EBRIEDAD,DEPARTAMENTAL,DIEGO DE MEZA,DEPARTAMENTAL - DIEGO DE MEZA,0, , ,BIDIRECCIONAL CON BANDEJON,ASFALTO,BUENO,SECO,DESPEJADO,0,0,0,1,13,131,13129,Metropolitana de Santiago,Santiago,San Joaquín,Interseccion,"DEPARTAMENTAL & DIEGO DE MEZA, San Joaquín",-33.507041,-70.635354
-7865046.63217993,-3954469.09982733,5944,2023,1549286,2023/08/03 00:00:00+00,Agosto,3,Jueves,1899/12/30 00:00:00+00,06:40:00,6,REGION METROPOLITANA,SANTIAGO,CHOQUE LADO/FRENTE,CHOQUE,URBANA,CRUCE CON SEMAFORO FUNCIONANDO,IMPRUDENCIA DEL CONDUCTOR,CONDUCCION NO ATENTO CONDICIONES TRANSITO MOMENTO,LIBER BERNARDO O'HIGGINS,ZENTENO,LIBER BERNARDO O'HIGGINS - ZENTENO,0, , ,BIDIRECCIONAL CON BANDEJON,ASFALTO,REGULAR,SECO,DESPEJADO,0,1,0,0,13,131,13101,Metropolitana de Santiago,Santiago,Santiago,Interseccion,"LIBER BERNARDO O'HIGGINS & ZENTENO, Santiago",-33.444616,-70.652916
-7871709.49332213,-3972166.20115668,5945,2023,1559045,2023/09/08 00:00:00+00,Septiembre,8,Viernes,1899/12/30 00:00:00+00,21:15:00,21,REGION METROPOLITANA,MAIPU,VOLCADURA,VOLCADURA,URBANA,CRUCE CON SEÑAL PARE,IMPRUDENCIA DEL CONDUCTOR,VIRAJES INDEBIDOS,EL MOLINO,PDTE JORGE ALESSANDRI RODRIGUEZ,EL MOLINO - PDTE JORGE ALESSANDRI RODRIGUEZ,0, , ,BIDIRECCIONAL,ASFALTO,BUENO,SECO,DESPEJADO,0,1,0,0,13,131,13119,Metropolitana de Santiago,Santiago,Maipú,Interseccion,"EL MOLINO & PDTE JORGE ALESSANDRI RODRIGUEZ, Maipú",-33.577167,-70.712769
-7934888.48070363,-4179283.94194606,5946,2023,1557427,2023/09/08 00:00:00+00,Septiembre,8,Viernes,1899/12/30 00:00:00+00,21:55:00,21,REGION MAULE,MOLINA,COLISION PERPENDICULAR,COLISION,URBANA,TRAMO DE VIA RECTA,DESOBEDIENCIA A SEÑALIZACION,SEÑALIZACION DESOBEDECER SEÑAL PARE,YERBAS BUENAS,QUECHEREGUAS,QUECHEREGUAS - YERBAS BUENAS,0, , ,BIDIRECCIONAL,ASFALTO,BUENO,SECO,NUBLADO,0,1,0,0,07,073,07304,Maule,Curicó,Molina,Interseccion,"QUECHEREGUAS & YERBAS BUENAS, Molina",-35.113264,-71.280316
-7835733.48288201,-2711091.82694202,5947,2023,1558972,2023/09/08 00:00:00+00,Septiembre,8,Viernes,1899/12/30 00:00:00+00,22:25:00,22,REGION ANTOFAGASTA,ANTOFAGASTA,COLISION,COLISION,URBANA,TRAMO DE VIA RECTA,IMPRUDENCIA DEL CONDUCTOR,CONDUCCION NO ATENTO CONDICIONES TRANSITO MOMENTO,ANDRES SABELLA GALVEZ,GALVARINO,ANDRES SABELLA GALVEZ - GALVARINO,0, , ,BIDIRECCIONAL,ASFALTO,BUENO,SECO,DESPEJADO,0,0,0,1,02,021,02101,Antofagasta,Antofagasta,Antofagasta,Interseccion,"ANDRES SABELLA GALVEZ & GALVARINO, Antofagasta",-23.652264,-70.389591
-8081680.48383563,-4688527.3890441,5948,2023,1558038,2023/09/09 00:00:00+00,Septiembre,9,Sábado,1899/12/30 00:00:00+00,00:50:00,0,REGION ARAUCANIA,PADRE LAS CASAS,COLISION LATERAL,COLISION,URBANA,TRAMO DE VIA RECTA,IMPRUDENCIA DEL CONDUCTOR,CONDUCCION SIN MANTENER DISTANCIA RAZONABLE NI PRUDENTE,VILLA ALEGRE,ARTURO BARNET,ARTURO BARNET - VILLA ALEGRE,0, , ,BIDIRECCIONAL,CONCRETO,BUENO,SECO,DESPEJADO,0,1,0,0,09,091,09112,La Araucanía,Cautín,Padre Las Casas,Interseccion,"ARTURO BARNET & VILLA ALEGRE, Padre Las Casas",-38.768235,-72.598971
-7868592.38056728,-3944931.34819696,5949,2023,1569907,2023/09/09 00:00:00+00,Septiembre,9,Sábado,1899/12/30 00:00:00+00,01:55:00,1,REGION METROPOLITANA,CONCHALI,VOLCADURA,VOLCADURA,URBANA,CRUCE CON SEMAFORO FUNCIONANDO,VELOCIDAD IMPRUDENTE,VELOCIDAD NO RAZONABLE NI PRUDENTE,CARD JOSE MARIA CARO,GRANADA,CARD JOSE MARIA CARO - GRANADA,0, , ,BIDIRECCIONAL,CONCRETO,BUENO,SECO,DESPEJADO,0,1,0,0,13,131,13104,Metropolitana de Santiago,Santiago,Conchalí,Interseccion,"CARD JOSE MARIA CARO & GRANADA, Conchalí",-33.373094,-70.684768
-7836099.4791261,-2710645.42373795,5950,2023,1558927,2023/09/09 00:00:00+00,Septiembre,9,Sábado,1899/12/30 00:00:00+00,02:30:00,2,REGION ANTOFAGASTA,ANTOFAGASTA,COLISION,COLISION,URBANA,CRUCE CON SEÑAL PARE,VELOCIDAD IMPRUDENTE,VELOCIDAD NO RAZONABLE NI PRUDENTE,JOSE SANTOS OSSA,ARGENTINA,ARGENTINA - JOSE SANTOS OSSA,0, , ,UNIDIRECCIONAL,ASFALTO,BUENO,SECO,DESPEJADO,0,0,0,1,02,021,02101,Antofagasta,Antofagasta,Antofagasta,Interseccion,"ARGENTINA & JOSE SANTOS OSSA, Antofagasta",-23.648591,-70.392879
-7828106.70631356,-3171163.98188641,5951,2023,1560946,2023/09/09 00:00:00+00,Septiembre,9,Sábado,1899/12/30 00:00:00+00,14:20:00,14,REGION ATACAMA,COPIAPO,COLISION PERPENDICULAR,COLISION,URBANA,CRUCE SIN SEÑALIZACION,ALCOHOL EN CONDUCTOR,CONDUCCION EN ESTADO DE EBRIEDAD,LAS AMOLLACAS,LUIS FLORES,LAS AMOLLACAS - LUIS FLORES,0, , ,BIDIRECCIONAL,ASFALTO,BUENO,SECO,DESPEJADO,0,0,0,1,03,031,03101,Atacama,Copiapó,Copiapó,Interseccion,"LAS AMOLLACAS & LUIS FLORES, Copiapó",-27.381081,-70.321079
-7949586.32703154,-3901592.82946342,5952,2023,1558068,2023/09/09 00:00:00+00,Septiembre,9,Sábado,1899/12/30 00:00:00+00,14:50:00,14,REGION VALPARAISO,QUILPUE,COLISION FRONTAL,COLISION,URBANA,TRAMO DE VIA RECTA,IMPRUDENCIA DEL CONDUCTOR,VIRAJES INDEBIDOS,CENTENARIO,PUERTO DE PALOS,CENTENARIO - PUERTO DE PALOS,0, , ,BIDIRECCIONAL,ASFALTO,BUENO,SECO,DESPEJADO,0,0,0,1,05,058,05801,Valparaíso,Marga Marga,Quilpué,Interseccion,"CENTENARIO & PUERTO DE PALOS, Quilpué",-33.047367,-71.412349
-7871127.08129013,-4050718.60916869,5953,2023,1557446,2023/09/09 00:00:00+00,Septiembre,9,Sábado,1899/12/30 00:00:00+00,20:10:00,20,REGION LIB.B.O'HIGGINS,RANCAGUA,COLISION POR ALCANCE,COLISION,URBANA,TRAMO DE VIA RECTA,IMPRUDENCIA DEL CONDUCTOR,CONDUCCION SIN MANTENER DISTANCIA RAZONABLE NI PRUDENTE,REPUBLICA DE CHILE,URUGUAY,REPUBLICA DE CHILE - URUGUAY,0, , ,BIDIRECCIONAL,CONCRETO,BUENO,MOJADO,LLUVIA,0,1,0,0,06,061,06101,Libertador General Bernardo O'Higgins,Cachapoal,Rancagua,Interseccion,"REPUBLICA DE CHILE & URUGUAY, Rancagua",-34.163064,-70.707538
-7865046.63217993,-3954469.09982733,5954,2023,1550889,2023/08/03 00:00:00+00,Agosto,3,Jueves,1899/12/30 00:00:00+00,06:40:00,6,REGION METROPOLITANA,SANTIAGO,CHOQUE LADO/LADO,CHOQUE,URBANA,CRUCE CON SEMAFORO FUNCIONANDO,IMPRUDENCIA DEL CONDUCTOR,ADELANTAMIENTO SOBREPASANDO LINEA CONTINUA,LIBER BERNARDO O'HIGGINS,ZENTENO,LIBER BERNARDO O'HIGGINS - ZENTENO,0, , ,UNIDIRECCIONAL,ASFALTO,BUENO,SECO,DESPEJADO,0,0,0,1,13,131,13101,Metropolitana de Santiago,Santiago,Santiago,Interseccion,"LIBER BERNARDO O'HIGGINS & ZENTENO, Santiago",-33.444616,-70.652916
-7865314.11628517,-3947704.70195192,5955,2023,1550743,2023/08/03 00:00:00+00,Agosto,3,Jueves,1899/12/30 00:00:00+00,07:15:00,7,REGION METROPOLITANA,RECOLETA,COLISION LATERAL,COLISION,URBANA,OTROS NO CONSIDERADOS,IMPRUDENCIA DEL CONDUCTOR,CONDUCCION NO ATENTO CONDICIONES TRANSITO MOMENTO,CARD JOSE MARIA CARO,URMENETA,CARD JOSE MARIA CARO - URMENETA,0, , ,BIDIRECCIONAL,CONCRETO,BUENO,SECO,DESPEJADO,0,0,0,0,13,131,13127,Metropolitana de Santiago,Santiago,Recoleta,Interseccion,"CARD JOSE MARIA CARO & URMENETA, Recoleta",-33.393897,-70.655319
-7944748.03691577,-3901158.59306067,5956,2023,1550018,2023/08/03 00:00:00+00,Agosto,3,Jueves,1899/12/30 00:00:00+00,07:55:00,7,REGION VALPARAISO,VILLA ALEMANA,COLISION,COLISION,URBANA,TRAMO DE VIA RECTA,IMPRUDENCIA DEL CONDUCTOR,CONDUCCION CAMBIAR SORPRESIVAMENTE PISTA CIRCULACION,VALPARAISO,WILLIAMSON,VALPARAISO - WILLIAMSON,0, , ,BIDIRECCIONAL,ASFALTO,BUENO,SECO,NUBLADO,0,0,0,1,05,058,05804,Valparaíso,Marga Marga,Villa Alemana,Interseccion,"VALPARAISO & WILLIAMSON, Villa Alemana",-33.044097,-71.368886
-7835143.53418653,-2701822.45966465,5957,2023,1551629,2023/08/03 00:00:00+00,Agosto,3,Jueves,1899/12/30 00:00:00+00,08:00:00,8,REGION ANTOFAGASTA,ANTOFAGASTA,COLISION LATERAL,COLISION,URBANA,CRUCE CON SEÑAL PARE,DESOBEDIENCIA A SEÑALIZACION,SEÑALIZACION DESOBEDECER SEÑAL CEDA EL PASO,ARTURO PEREZ CANTO,HEROES DE LA CONCEPCION,ARTURO PEREZ CANTO - HEROES DE LA CONCEPCION,0, , ,BIDIRECCIONAL CON BANDEJON,ASFALTO,REGULAR,SECO,DESPEJADO,0,0,0,1,02,021,02101,Antofagasta,Antofagasta,Antofagasta,Interseccion,"ARTURO PEREZ CANTO & HEROES DE LA CONCEPCION, Antofagasta",-23.575968,-70.384292
-7880117.08050618,-3967527.71934109,5958,2023,1549714,2023/08/03 00:00:00+00,Agosto,3,Jueves,1899/12/30 00:00:00+00,08:00:00,8,REGION METROPOLITANA,MAIPU,COLISION POR ALCANCE,COLISION,URBANA,TRAMO DE VIA RECTA,IMPRUDENCIA DEL CONDUCTOR,CONDUCCION SIN MANTENER DISTANCIA RAZONABLE NI PRUDENTE,RENE OLIVARES BECERRA,ASTRO REY,ASTRO REY - RENE OLIVARES BECERRA,0, , ,BIDIRECCIONAL,ASFALTO,REGULAR,SECO,DESPEJADO,0,0,0,0,13,131,13119,Metropolitana de Santiago,Santiago,Maipú,Interseccion,"ASTRO REY & RENE OLIVARES BECERRA, Maipú",-33.542444,-70.788296
-7873760.94455821,-4002970.1795594,5959,2023,1550080,2023/08/03 00:00:00+00,Agosto,3,Jueves,1899/12/30 00:00:00+00,13:00:00,13,REGION METROPOLITANA,PAINE,COLISION FRONTAL,COLISION,URBANA,TRAMO DE VIA RECTA,IMPRUDENCIA DEL CONDUCTOR,CONDUCCION NO ATENTO CONDICIONES TRANSITO MOMENTO,18 DE SEPTIEMBRE,BENITO DEL VILLAR,18 DE SEPTIEMBRE - BENITO DEL VILLAR,0, , ,BIDIRECCIONAL,ASFALTO,BUENO,SECO,DESPEJADO,0,1,0,0,13,134,13404,Metropolitana de Santiago,Maipo,Paine,Interseccion,"18 DE SEPTIEMBRE & BENITO DEL VILLAR, Paine",-33.807403,-70.731198
-7876761.89539101,-3952177.08319347,5960,2023,1551083,2023/08/03 00:00:00+00,Agosto,3,Jueves,1899/12/30 00:00:00+00,16:30:00,16,REGION METROPOLITANA,PUDAHUEL,ATROPELLO,ATROPELLO,URBANA,CRUCE SIN SEÑALIZACION,IMPRUDENCIA DEL CONDUCTOR,NO RESPETAR DERECHO PREFERENTE DE PASO A PEATON,JOSE JOAQUIN PEREZ,STA VICTORIA,JOSE JOAQUIN PEREZ - STA VICTORIA,0, , ,BIDIRECCIONAL,ASFALTO,REGULAR,SECO,DESPEJADO,0,0,0,1,13,131,13124,Metropolitana de Santiago,Santiago,Pudahuel,Interseccion,"JOSE JOAQUIN PEREZ & STA VICTORIA, Pudahuel",-33.427434,-70.758156
-7932335.357106,-3500782.36735638,5961,2023,1550301,2023/08/03 00:00:00+00,Agosto,3,Jueves,1899/12/30 00:00:00+00,17:50:00,17,REGION COQUIMBO,COQUIMBO,CHOQUE LADO/POSTERIOR,CHOQUE,URBANA,CRUCE CON SEÑAL PARE,IMPRUDENCIA DEL CONDUCTOR,CONDUCCION SIN MANTENER DISTANCIA RAZONABLE NI PRUDENTE,WALDO ALCALDE,RENE SCHNEIDER,RENE SCHNEIDER - WALDO ALCALDE,0, , ,BIDIRECCIONAL,ASFALTO,MALO,SECO,DESPEJADO,0,1,0,0,04,041,04102,Coquimbo,Elqui,Coquimbo,Interseccion,"RENE SCHNEIDER & WALDO ALCALDE, Coquimbo",-29.978468,-71.257381
-7876481.81555218,-3963738.77665588,5962,2023,1550287,2023/08/03 00:00:00+00,Agosto,3,Jueves,1899/12/30 00:00:00+00,18:10:00,18,REGION METROPOLITANA,MAIPU,VOLCADURA,VOLCADURA,URBANA,TRAMO DE VIA RECTA,VELOCIDAD IMPRUDENTE,VELOCIDAD NO RAZONABLE NI PRUDENTE,RICARDO AYALA,ALBERTO LLONA,ALBERTO LLONA - RICARDO AYALA,0, , ,BIDIRECCIONAL,ASFALTO,BUENO,SECO,DESPEJADO,0,0,0,1,13,131,13119,Metropolitana de Santiago,Santiago,Maipú,Interseccion,"ALBERTO LLONA & RICARDO AYALA, Maipú",-33.514071,-70.75564
-8053267.51964454,-4507165.08720271,5963,2023,1558442,2023/09/09 00:00:00+00,Septiembre,9,Sábado,1899/12/30 00:00:00+00,20:45:00,20,REGION BIO BIO,LOS ANGELES,COLISION LATERAL,COLISION,URBANA,TRAMO DE VIA RECTA,IMPRUDENCIA DEL CONDUCTOR,CONDUCCION NO ATENTO CONDICIONES TRANSITO MOMENTO,LOS CARRERA,RENE SEPULVEDA,LOS CARRERA - RENE SEPULVEDA,0, , ,BIDIRECCIONAL,ASFALTO,BUENO,HUMEDO,NUBLADO,0,0,0,0,08,083,08301,Biobío,Biobío,Los Angeles,Interseccion,"LOS CARRERA & RENE SEPULVEDA, Los Angeles",-37.486698,-72.343733
-7858272.61852618,-3972917.28390915,5964,2023,1560112,2023/09/09 00:00:00+00,Septiembre,9,Sábado,1899/12/30 00:00:00+00,21:30:00,21,REGION METROPOLITANA,PUENTE ALTO,COLISION LATERAL,COLISION,URBANA,TRAMO DE VIA RECTA,IMPRUDENCIA DEL CONDUCTOR,CONDUCCION NO ATENTO CONDICIONES TRANSITO MOMENTO,JUAN DE DIOS MALEBRAN,MIGUEL ANGEL,JUAN DE DIOS MALEBRAN - MIGUEL ANGEL,0, , ,BIDIRECCIONAL,CONCRETO,BUENO,SECO,DESPEJADO,0,0,0,0,13,132,13201,Metropolitana de Santiago,Cordillera,Puente Alto,Interseccion,"JUAN DE DIOS MALEBRAN & MIGUEL ANGEL, Puente Alto",-33.582788,-70.592064
-7863648.45937557,-3950627.80785757,5965,2023,1561092,2023/09/09 00:00:00+00,Septiembre,9,Sábado,1899/12/30 00:00:00+00,23:00:00,23,REGION METROPOLITANA,RECOLETA,CHOQUE FRENTE/POSTERIOR,CHOQUE,URBANA,CRUCE CON SEÑAL PARE,IMPRUDENCIA DEL CONDUCTOR,CONDUCCION NO ATENTO CONDICIONES TRANSITO MOMENTO,RECOLETA,MARIA GRAHAM,MARIA GRAHAM - RECOLETA,0, , ,BIDIRECCIONAL,ASFALTO,BUENO,SECO,DESPEJADO,0,0,0,1,13,131,13127,Metropolitana de Santiago,Santiago,Recoleta,Interseccion,"MARIA GRAHAM & RECOLETA, Recoleta",-33.415818,-70.640356
-7852194.24037039,-3958794.38010742,5966,2023,1558718,2023/09/10 00:00:00+00,Septiembre,10,Domingo,1899/12/30 00:00:00+00,04:30:00,4,REGION METROPOLITANA,PEÑALOLEN,CHOQUE FRENTE/POSTERIOR,CHOQUE,URBANA,CRUCE CON SEMAFORO FUNCIONANDO,ALCOHOL EN CONDUCTOR,CONDUCCION EN ESTADO DE EBRIEDAD,GRECIA,EL ACUEDUCTO,EL ACUEDUCTO - GRECIA,0, , ,BIDIRECCIONAL CON BANDEJON,CONCRETO,BUENO,SECO,DESPEJADO,0,1,0,0,13,131,13122,Metropolitana de Santiago,Santiago,Peñalolén,Interseccion,"EL ACUEDUCTO & GRECIA, Peñalolén",-33.477031,-70.537461
-8024864.46288813,-4385444.48017959,5967,2023,1558235,2023/09/10 00:00:00+00,Septiembre,10,Domingo,1899/12/30 00:00:00+00,23:10:00,23,REGION ÑUBLE,CHILLAN,VOLCADURA,VOLCADURA,URBANA,TRAMO DE VIA RECTA,IMPRUDENCIA DEL CONDUCTOR,CONDUCCION SIN MANTENER DISTANCIA RAZONABLE NI PRUDENTE,11 ORIENTE,2 NORTE,11 ORIENTE - 2 NORTE,0, , ,UNIDIRECCIONAL,ASFALTO,BUENO,SECO,NUBLADO,0,0,0,0,16,161,16101,Ñuble,Diguillín,Chillán,Interseccion,"11 ORIENTE & 2 NORTE, Chillán",-36.614039,-72.088584
-7836099.4791261,-2710645.42373795,5968,2023,1558978,2023/09/11 00:00:00+00,Septiembre,11,Lunes,1899/12/30 00:00:00+00,00:20:00,0,REGION ANTOFAGASTA,ANTOFAGASTA,COLISION,COLISION,URBANA,TRAMO DE VIA RECTA,ALCOHOL EN CONDUCTOR,CONDUCCION EN ESTADO DE EBRIEDAD,JOSE SANTOS OSSA,ARGENTINA,ARGENTINA - JOSE SANTOS OSSA,0, , ,UNIDIRECCIONAL,ASFALTO,BUENO,SECO,DESPEJADO,0,0,0,0,02,021,02101,Antofagasta,Antofagasta,Antofagasta,Interseccion,"ARGENTINA & JOSE SANTOS OSSA, Antofagasta",-23.648591,-70.392879
-8137446.98459055,-4409832.5480969,5969,2023,1557858,2023/09/11 00:00:00+00,Septiembre,11,Lunes,1899/12/30 00:00:00+00,09:30:00,9,REGION BIO BIO,HUALPEN,COLISION,COLISION,URBANA,CRUCE SIN SEÑALIZACION,IMPRUDENCIA DEL CONDUCTOR,NO RESPETAR DERECHO PREFERENTE DE PASO A VEHICULO,PATRIA VIEJA,ALTONA,ALTONA - PATRIA VIEJA,0, , ,BIDIRECCIONAL CON BANDEJON,CONCRETO,BUENO,SECO,DESPEJADO,0,0,0,0,08,081,08112,Biobío,Concepción,Hualpén,Interseccion,"ALTONA & PATRIA VIEJA, Hualpén",-36.789689,-73.09993
-8128389.91953351,-4430829.86713057,5970,2023,1558754,2023/09/11 00:00:00+00,Septiembre,11,Lunes,1899/12/30 00:00:00+00,10:10:00,10,REGION BIO BIO,CHIGUAYANTE,COLISION PERPENDICULAR,COLISION,URBANA,CRUCE CON SEMAFORO FUNCIONANDO,IMPRUDENCIA DEL CONDUCTOR,VIRAJES INDEBIDOS,MANUEL RODRIGUEZ,MANQUIMAVIDA,MANQUIMAVIDA - MANUEL RODRIGUEZ,0, , ,BIDIRECCIONAL CON BANDEJON,CONCRETO,BUENO,HUMEDO,DESPEJADO,0,1,0,0,08,081,08103,Biobío,Concepción,Chiguayante,Interseccion,"MANQUIMAVIDA & MANUEL RODRIGUEZ, Chiguayante",-36.940596,-73.018569
-8014732.27415561,-4080849.11143765,5971,2023,1559536,2023/09/11 00:00:00+00,Septiembre,11,Lunes,1899/12/30 00:00:00+00,10:25:00,10,REGION LIB.B.O'HIGGINS,PICHILEMU,CHOQUE,CHOQUE,URBANA,TRAMO DE VIA RECTA,IMPRUDENCIA DEL CONDUCTOR,CONDUCCION NO ATENTO CONDICIONES TRANSITO MOMENTO,LA CONCEPCION,CAHUIL,CAHUIL - LA CONCEPCION,0, , ,BIDIRECCIONAL,ASFALTO,REGULAR,HUMEDO,DESPEJADO,0,0,0,0,06,062,06201,Libertador General Bernardo O'Higgins,Cardenal Caro,Pichilemu,Interseccion,"CAHUIL & LA CONCEPCION, Pichilemu",-34.386728,-71.997565
-7870995.69048326,-3954647.87005933,5972,2023,1550197,2023/08/03 00:00:00+00,Agosto,3,Jueves,1899/12/30 00:00:00+00,19:30:00,19,REGION METROPOLITANA,QUINTA NORMAL,COLISION LATERAL,COLISION,URBANA,CRUCE CON SEÑAL PARE,VELOCIDAD IMPRUDENTE,VELOCIDAD NO RAZONABLE NI PRUDENTE,NVA IMPERIAL,TADEO VARGAS,NVA IMPERIAL - TADEO VARGAS,0, , ,UNIDIRECCIONAL,ASFALTO,REGULAR,SECO,DESPEJADO,0,1,0,0,13,131,13126,Metropolitana de Santiago,Santiago,Quinta Normal,Interseccion,"NVA IMPERIAL & TADEO VARGAS, Quinta Normal",-33.445956,-70.706357
-7866785.43149417,-3969592.75975755,5973,2023,1550124,2023/08/03 00:00:00+00,Agosto,3,Jueves,1899/12/30 00:00:00+00,20:30:00,20,REGION METROPOLITANA,EL BOSQUE,COLISION LATERAL,COLISION,URBANA,CRUCE CON SEÑAL PARE,DESOBEDIENCIA A SEÑALIZACION,SEÑALIZACION DESOBEDECER SEÑAL PARE,ELEUTERIO RAMIREZ,JORGE LUCO,ELEUTERIO RAMIREZ - JORGE LUCO,0, , ,BIDIRECCIONAL,CONCRETO,BUENO,SECO,DESPEJADO,0,0,0,1,13,131,13105,Metropolitana de Santiago,Santiago,El Bosque,Interseccion,"ELEUTERIO RAMIREZ & JORGE LUCO, El Bosque",-33.557904,-70.668536
-8138923.52636096,-4408962.14346636,5974,2023,1549448,2023/08/03 00:00:00+00,Agosto,3,Jueves,1899/12/30 00:00:00+00,21:27:00,21,REGION BIO BIO,HUALPEN,COLISION,COLISION,URBANA,TRAMO DE VIA RECTA,IMPRUDENCIA DEL CONDUCTOR,"ADELANTAMIENTO EN CRUCE, CURVA, CUESTA, PUENTE",GIBRALTAR,EGER,EGER - GIBRALTAR,0, , ,BIDIRECCIONAL CON BANDEJON,CONCRETO,BUENO,SECO,DESPEJADO,0,0,0,0,08,081,08112,Biobío,Concepción,Hualpén,Interseccion,"EGER & GIBRALTAR, Hualpén",-36.783427,-73.113194
-7859814.05951519,-3956599.31341881,5975,2023,1552959,2023/08/03 00:00:00+00,Agosto,3,Jueves,1899/12/30 00:00:00+00,22:40:00,22,REGION METROPOLITANA,ÑUÑOA,COLISION POR ALCANCE,COLISION,URBANA,TRAMO DE VIA RECTA,IMPRUDENCIA DEL CONDUCTOR,CONDUCCION SIN MANTENER DISTANCIA RAZONABLE NI PRUDENTE,PEDRO DE VALDIVIA,SUAREZ MUJICA,PEDRO DE VALDIVIA - SUAREZ MUJICA,0, , ,BIDIRECCIONAL CON BANDEJON,CONCRETO,BUENO,SECO,DESPEJADO,0,0,0,1,13,131,13120,Metropolitana de Santiago,Santiago,Ñuñoa,Interseccion,"PEDRO DE VALDIVIA & SUAREZ MUJICA, Ñuñoa",-33.460582,-70.605911
-7865768.09379976,-3970274.52741964,5976,2023,1550137,2023/08/04 00:00:00+00,Agosto,4,Viernes,1899/12/30 00:00:00+00,00:00:00,0,REGION METROPOLITANA,EL BOSQUE,COLISION LATERAL,COLISION,URBANA,TRAMO DE VIA RECTA,IMPRUDENCIA DEL CONDUCTOR,NO RESPETAR DERECHO PREFERENTE DE PASO A VEHICULO,LOS PINARES,PORTALES,LOS PINARES - PORTALES,0, , ,BIDIRECCIONAL,CONCRETO,BUENO,SECO,DESPEJADO,0,0,0,1,13,131,13105,Metropolitana de Santiago,Santiago,El Bosque,Interseccion,"LOS PINARES & PORTALES, El Bosque",-33.563008,-70.659397
-7868803.33103573,-3956484.82748064,5977,2023,1558595,2023/08/04 00:00:00+00,Agosto,4,Viernes,1899/12/30 00:00:00+00,02:05:00,2,REGION METROPOLITANA,ESTACION CENTRAL,ATROPELLO,ATROPELLO,URBANA,CRUCE CON SEMAFORO FUNCIONANDO,IMPRUDENCIA DEL PEATON,IMPRUDENCIA DEL PEATON,LIBER BERNARDO O'HIGGINS,RUIZ TAGLE,LIBER BERNARDO O'HIGGINS - RUIZ TAGLE,0, , ,BIDIRECCIONAL CON BANDEJON,ASFALTO,BUENO,SECO,DESPEJADO,0,1,0,1,13,131,13106,Metropolitana de Santiago,Santiago,Estación Central,Interseccion,"LIBER BERNARDO O'HIGGINS & RUIZ TAGLE, Estación Central",-33.459724,-70.686663
-7866261.57310245,-3924416.47628623,5978,2023,1550219,2023/08/04 00:00:00+00,Agosto,4,Viernes,1899/12/30 00:00:00+00,06:13:00,6,REGION METROPOLITANA,COLINA,COLISION FRONTAL,COLISION,URBANA,CRUCE CON SEÑAL PARE,VELOCIDAD IMPRUDENTE,VELOCIDAD NO RAZONABLE NI PRUDENTE,STA FILOMENA,LOS INGLESES,LOS INGLESES - STA FILOMENA,0, , ,BIDIRECCIONAL,ASFALTO,BUENO,SECO,DESPEJADO,0,0,0,0,13,133,13301,Metropolitana de Santiago,Chacabuco,Colina,Interseccion,"LOS INGLESES & STA FILOMENA, Colina",-33.219058,-70.66383