X,Y,FID,Año,IdAccident,Fecha,Mes,Dia_mes,Dia_semana,Hora,Hora_texto,Hora_aprox,Región,Comuna,Tipo_Accid,Tipo__CONA,Zona,Ubicación,Causa__CON,Causa_Acci,Calle_Uno,Calle_Dos,Intersecci,Número,Ruta,Ubicaci_1,Calzada,Tipo_Calza,Estado_Cal,Condición,Estado_Atm,Fallecidos,Graves,Menos_Grav,Leves,CUT_REG,CUT_PROV,CUT_COM,REGION,PROVINCIA,COMUNA1,Tipo_direc,Direccion,Lat,Lon
-7932613.87838291,-3490973.48787477,5979,2023,1549770,2023/08/04 00:00:00+00,Agosto,4,Viernes,1899/12/30 00:00:00+00,07:50:00,7,REGION COQUIMBO,LA SERENA,COLISION PERPENDICULAR,COLISION,URBANA,CRUCE CON SEÑAL CEDA EL PASO,DESOBEDIENCIA A SEÑALIZACION,SEÑALIZACION DESOBEDECER SEÑAL CEDA EL PASO,LIBERTAD,PUERTA DEL MAR,LIBERTAD - PUERTA DEL MAR,0, , ,BIDIRECCIONAL CON BANDEJON,ASFALTO,BUENO,SECO,DESPEJADO,0,1,0,1,04,041,04101,Coquimbo,Elqui,La Serena,Interseccion,"LIBERTAD & PUERTA DEL MAR, La Serena",-29.902112,-71.259883
-7919002.43239489,-3642549.42103804,5980,2023,1550310,2023/08/04 00:00:00+00,Agosto,4,Viernes,1899/12/30 00:00:00+00,08:10:00,8,REGION COQUIMBO,COQUIMBO,COLISION FRONTAL,COLISION,URBANA,CRUCE SIN SEÑALIZACION,IMPRUDENCIA DEL CONDUCTOR,"ADELANTAMIENTO EN CRUCE, CURVA, CUESTA, PUENTE",EL SAUCE,ABELINO MONTENEGRO,ABELINO MONTENEGRO - EL SAUCE,0, , ,BIDIRECCIONAL,ASFALTO,BUENO,SECO,NUBLADO,0,0,0,0,04,041,04102,Coquimbo,Elqui,Coquimbo,Interseccion,"ABELINO MONTENEGRO & EL SAUCE, Coquimbo",-31.075433,-71.137609
-7872900.2222554,-4053065.40076375,5981,2023,1558345,2023/09/11 00:00:00+00,Septiembre,11,Lunes,1899/12/30 00:00:00+00,11:25:00,11,REGION LIB.B.O'HIGGINS,RANCAGUA,COLISION POR ALCANCE,COLISION,URBANA,CRUCE CON SEÑAL PARE,IMPRUDENCIA DEL CONDUCTOR,CONDUCCION NO ATENTO CONDICIONES TRANSITO MOMENTO,EINSTEIN,CESAR JIMENEZ,CESAR JIMENEZ - EINSTEIN,0, , ,BIDIRECCIONAL,CONCRETO,BUENO,SECO,DESPEJADO,0,1,0,1,06,061,06101,Libertador General Bernardo O'Higgins,Cachapoal,Rancagua,Interseccion,"CESAR JIMENEZ & EINSTEIN, Rancagua",-34.180506,-70.723466
-7972930.46952885,-4222397.28399129,5982,2023,1558251,2023/09/11 00:00:00+00,Septiembre,11,Lunes,1899/12/30 00:00:00+00,13:30:00,13,REGION MAULE,TALCA,COLISION LATERAL,COLISION,URBANA,CRUCE CON SEÑAL PARE,IMPRUDENCIA DEL CONDUCTOR,"ADELANTAMIENTO EN CRUCE, CURVA, CUESTA, PUENTE",32 ORIENTE,4 1/2 NORTE,32 ORIENTE - 4 1/2 NORTE,0, , ,BIDIRECCIONAL,CONCRETO,BUENO,SECO,DESPEJADO,0,0,0,0,07,071,07101,Maule,Talca,Talca,Interseccion,"32 ORIENTE & 4 1/2 NORTE, Talca",-35.42946,-71.622053
-7836926.36031485,-2712620.36071747,5983,2023,1558980,2023/09/11 00:00:00+00,Septiembre,11,Lunes,1899/12/30 00:00:00+00,15:00:00,15,REGION ANTOFAGASTA,ANTOFAGASTA,COLISION,COLISION,URBANA,CRUCE CON SEÑAL PARE,DESOBEDIENCIA A SEÑALIZACION,SEÑALIZACION DESOBEDECER SEÑAL PARE,GALLEGUILLOS LORCA,DIAZ GANA,DIAZ GANA - GALLEGUILLOS LORCA,0, , ,UNIDIRECCIONAL,ASFALTO,BUENO,SECO,DESPEJADO,0,1,0,0,02,021,02101,Antofagasta,Antofagasta,Antofagasta,Interseccion,"DIAZ GANA & GALLEGUILLOS LORCA, Antofagasta",-23.664841,-70.400307
-7864570.51871781,-4051592.04051292,5984,2023,1558351,2023/09/11 00:00:00+00,Septiembre,11,Lunes,1899/12/30 00:00:00+00,15:00:00,15,REGION LIB.B.O'HIGGINS,MACHALI,COLISION PERPENDICULAR,COLISION,URBANA,CRUCE CON SEÑAL PARE,DESOBEDIENCIA A SEÑALIZACION,SEÑALIZACION DESOBEDECER SEÑAL PARE,ARTURO PRAT,IGNACIO CARRERA PINTO,ARTURO PRAT - IGNACIO CARRERA PINTO,0, , ,BIDIRECCIONAL,CONCRETO,BUENO,SECO,DESPEJADO,0,0,1,1,06,061,06108,Libertador General Bernardo O'Higgins,Cachapoal,Machalí,Interseccion,"ARTURO PRAT & IGNACIO CARRERA PINTO, Machalí",-34.169556,-70.648639
-7862437.97123268,-3968443.52438781,5985,2023,1553802,2023/08/04 00:00:00+00,Agosto,4,Viernes,1899/12/30 00:00:00+00,08:10:00,8,REGION METROPOLITANA,LA GRANJA,COLISION LATERAL,COLISION,URBANA,CRUCE CON SEÑAL PARE,DESOBEDIENCIA A SEÑALIZACION,SEÑALIZACION DESOBEDECER SEÑAL PARE,LAS UVAS Y EL VIENTO,SOFIA EASTMAN DE HUNNEUS,LAS UVAS Y EL VIENTO - SOFIA EASTMAN DE HUNNEUS,0, , ,BIDIRECCIONAL,ASFALTO,BUENO,SECO,DESPEJADO,0,1,0,0,13,131,13111,Metropolitana de Santiago,Santiago,La Granja,Interseccion,"LAS UVAS Y EL VIENTO & SOFIA EASTMAN DE HUNNEUS, La Granja",-33.549301,-70.629482
-8120946.096448,-5080623.86618714,5986,2023,1549903,2023/08/04 00:00:00+00,Agosto,4,Viernes,1899/12/30 00:00:00+00,12:50:00,12,REGION LOS LAGOS,PUERTO MONTT,CHOQUE FRENTE/POSTERIOR,CHOQUE,URBANA,CRUCE CON SEMAFORO FUNCIONANDO,IMPRUDENCIA DEL CONDUCTOR,CONDUCCION SIN MANTENER DISTANCIA RAZONABLE NI PRUDENTE,MAGALLANES,LOS PENSAMIENTOS,LOS PENSAMIENTOS - MAGALLANES,0, , ,BIDIRECCIONAL,CONCRETO,REGULAR,SECO,DESPEJADO,0,0,0,0,10,101,10101,Los Lagos,Llanquihue,Puerto Montt,Interseccion,"LOS PENSAMIENTOS & MAGALLANES, Puerto Montt",-41.461304,-72.9517
-7973578.46028476,-4222651.25765865,5987,2023,1549769,2023/08/04 00:00:00+00,Agosto,4,Viernes,1899/12/30 00:00:00+00,17:00:00,17,REGION MAULE,TALCA,COLISION LATERAL,COLISION,URBANA,CRUCE CON SEMAFORO FUNCIONANDO,DESOBEDIENCIA A SEÑALIZACION,SEÑALIZACION DESOBEDECER LUZ ROJA DE SEMAFORO,30 ORIENTE,2 NORTE,2 NORTE - 30 ORIENTE,0, , ,BIDIRECCIONAL CON BANDEJON,ASFALTO,BUENO,SECO,DESPEJADO,0,0,0,1,07,071,07101,Maule,Talca,Talca,Interseccion,"2 NORTE & 30 ORIENTE, Talca",-35.431319,-71.627874
-8051681.88481768,-4613339.25788413,5988,2023,1553080,2023/08/04 00:00:00+00,Agosto,4,Viernes,1899/12/30 00:00:00+00,17:10:00,17,REGION ARAUCANIA,VICTORIA,COLISION FRONTAL,COLISION,URBANA,CRUCE CON SEÑAL PARE,DESOBEDIENCIA A SEÑALIZACION,SEÑALIZACION DESOBEDECER SEÑAL PARE,CHORRILLOS,CARRERA,CARRERA - CHORRILLOS,0, , ,UNIDIRECCIONAL,ASFALTO,BUENO,SECO,DESPEJADO,0,0,0,1,09,092,09211,La Araucanía,Malleco,Victoria,Interseccion,"CARRERA & CHORRILLOS, Victoria",-38.239674,-72.329489
-8132846.48402793,-4415479.25770709,5989,2023,1549847,2023/08/04 00:00:00+00,Agosto,4,Viernes,1899/12/30 00:00:00+00,17:15:00,17,REGION BIO BIO,CONCEPCION,CHOQUE POSTERIOR,CHOQUE,URBANA,TRAMO DE VIA RECTA,FALLAS MECANICAS,FALLAS MECANICAS FRENOS,ARTURO PRAT,BARROS ARANA,ARTURO PRAT - BARROS ARANA,0, , ,UNIDIRECCIONAL,CONCRETO,BUENO,SECO,DESPEJADO,0,1,0,0,08,081,08101,Biobío,Concepción,Concepción,Interseccion,"ARTURO PRAT & BARROS ARANA, Concepción",-36.830301,-73.058603
-8067832.67313942,-4403803.72405609,5990,2023,1549902,2023/08/04 00:00:00+00,Agosto,4,Viernes,1899/12/30 00:00:00+00,21:30:00,21,REGION ÑUBLE,QUILLON,COLISION,COLISION,URBANA,TRAMO DE VIA RECTA,IMPRUDENCIA DEL CONDUCTOR,CONDUCCION NO ATENTO CONDICIONES TRANSITO MOMENTO,ARTURO PRAT,FEDERICO ERRAZURIZ,ARTURO PRAT - FEDERICO ERRAZURIZ,0, , ,UNIDIRECCIONAL,ASFALTO,BUENO,SECO,DESPEJADO,0,0,0,1,16,161,16107,Ñuble,Diguillín,Quillón,Interseccion,"ARTURO PRAT & FEDERICO ERRAZURIZ, Quillón",-36.746305,-72.474574
-7881770.1592818,-3969838.89147164,5991,2023,1549664,2023/08/04 00:00:00+00,Agosto,4,Viernes,1899/12/30 00:00:00+00,23:20:00,23,REGION METROPOLITANA,PADRE HURTADO,CHOQUE FRONTAL,CHOQUE,URBANA,TRAMO DE VIA RECTA,VELOCIDAD IMPRUDENTE,VELOCIDAD NO RAZONABLE NI PRUDENTE,EL TREBOL,CAMINO SAN ALBERTO HURTADO,CAMINO SAN ALBERTO HURTADO - EL TREBOL,0, , ,BIDIRECCIONAL CON BANDEJON,ASFALTO,REGULAR,SECO,DESPEJADO,1,0,0,0,13,136,13604,Metropolitana de Santiago,Talagante,Padre Hurtado,Interseccion,"CAMINO SAN ALBERTO HURTADO & EL TREBOL, Padre Hurtado",-33.559747,-70.803146
-7858927.84504899,-3948391.08709626,5992,2023,1551546,2023/08/05 00:00:00+00,Agosto,5,Sábado,1899/12/30 00:00:00+00,00:20:00,0,REGION METROPOLITANA,VITACURA,COLISION LATERAL,COLISION,URBANA,CRUCE CON SEMAFORO FUNCIONANDO,DESOBEDIENCIA A SEÑALIZACION,SEÑALIZACION DESOBEDECER LUZ ROJA DE SEMAFORO,NVA COSTANERA,O'BRIEN,NVA COSTANERA - O'BRIEN,0, , ,BIDIRECCIONAL,ASFALTO,BUENO,SECO,DESPEJADO,0,0,0,0,13,131,13132,Metropolitana de Santiago,Santiago,Vitacura,Interseccion,"NVA COSTANERA & O'BRIEN, Vitacura",-33.399045,-70.59795
-7891105.86814511,-3980416.56443871,5993,2023,1551330,2023/08/05 00:00:00+00,Agosto,5,Sábado,1899/12/30 00:00:00+00,09:16:00,9,REGION METROPOLITANA,TALAGANTE,COLISION LATERAL,COLISION,URBANA,CRUCE SIN SEÑALIZACION,IMPRUDENCIA DEL CONDUCTOR,CONDUCCION NO ATENTO CONDICIONES TRANSITO MOMENTO,CAMINO SAN GUILLERMO,CAMINO A MELIPILLA,CAMINO A MELIPILLA - CAMINO SAN GUILLERMO,0, , ,BIDIRECCIONAL,ASFALTO,BUENO,SECO,DESPEJADO,0,0,1,0,13,136,13601,Metropolitana de Santiago,Talagante,Talagante,Interseccion,"CAMINO A MELIPILLA & CAMINO SAN GUILLERMO, Talagante",-33.638892,-70.88701
-7873523.05480639,-3958243.87284756,5994,2023,1550290,2023/08/05 00:00:00+00,Agosto,5,Sábado,1899/12/30 00:00:00+00,12:30:00,12,REGION METROPOLITANA,MAIPU,VOLCADURA,VOLCADURA,URBANA,CRUCE CON SEÑAL CEDA EL PASO,IMPRUDENCIA DEL CONDUCTOR,CONDUCCION NO ATENTO CONDICIONES TRANSITO MOMENTO,GRACIA DE DIOS,LAS PARCELAS,GRACIA DE DIOS - LAS PARCELAS,0, , ,BIDIRECCIONAL,ASFALTO,BUENO,SECO,DESPEJADO,0,0,0,2,13,131,13119,Metropolitana de Santiago,Santiago,Maipú,Interseccion,"GRACIA DE DIOS & LAS PARCELAS, Maipú",-33.472906,-70.729061
-7865661.56104707,-3954654.40723209,5995,2023,1552429,2023/08/05 00:00:00+00,Agosto,5,Sábado,1899/12/30 00:00:00+00,12:45:00,12,REGION METROPOLITANA,SANTIAGO,COLISION,COLISION,URBANA,CRUCE CON SEMAFORO FUNCIONANDO,IMPRUDENCIA DEL CONDUCTOR,CONDUCCION SIN MANTENER DISTANCIA RAZONABLE NI PRUDENTE,LIBER BERNARDO O'HIGGINS,TUCAPEL JIMENEZ,LIBER BERNARDO O'HIGGINS - TUCAPEL JIMENEZ,0, , ,UNIDIRECCIONAL,ASFALTO,BUENO,SECO,DESPEJADO,0,0,0,0,13,131,13101,Metropolitana de Santiago,Santiago,Santiago,Interseccion,"LIBER BERNARDO O'HIGGINS & TUCAPEL JIMENEZ, Santiago",-33.446005,-70.65844
-7838217.63298994,-2714120.86579851,5996,2023,1550509,2023/08/05 00:00:00+00,Agosto,5,Sábado,1899/12/30 00:00:00+00,13:20:00,13,REGION ANTOFAGASTA,ANTOFAGASTA,COLISION,COLISION,URBANA,CRUCE CON SEÑAL PARE,DESOBEDIENCIA A SEÑALIZACION,SEÑALIZACION DESOBEDECER SEÑAL PARE,GENERAL PEDRO LAGOS,PEDRO LEON GALLO,GENERAL PEDRO LAGOS - PEDRO LEON GALLO,0, , ,UNIDIRECCIONAL,ASFALTO,BUENO,SECO,DESPEJADO,0,0,0,1,02,021,02101,Antofagasta,Antofagasta,Antofagasta,Interseccion,"GENERAL PEDRO LAGOS & PEDRO LEON GALLO, Antofagasta",-23.677186,-70.411907
-7885891.76342843,-3951153.51925841,5997,2023,1551085,2023/08/05 00:00:00+00,Agosto,5,Sábado,1899/12/30 00:00:00+00,13:30:00,13,REGION METROPOLITANA,PUDAHUEL,COLISION,COLISION,URBANA,TRAMO DE VIA RECTA,DESOBEDIENCIA A SEÑALIZACION,SEÑALIZACION DESOBEDECER SEÑAL CEDA EL PASO,CAMINO A NOVICIADO,CAMINO AGUAS CLARAS,CAMINO A NOVICIADO - CAMINO AGUAS CLARAS,0, , ,BIDIRECCIONAL,ASFALTO,REGULAR,SECO,DESPEJADO,0,0,0,1,13,131,13124,Metropolitana de Santiago,Santiago,Pudahuel,Interseccion,"CAMINO A NOVICIADO & CAMINO AGUAS CLARAS, Pudahuel",-33.41976,-70.840171
-7860148.24062655,-3955677.18672791,5998,2023,1552944,2023/08/05 00:00:00+00,Agosto,5,Sábado,1899/12/30 00:00:00+00,13:35:00,13,REGION METROPOLITANA,ÑUÑOA,COLISION POR ALCANCE,COLISION,URBANA,CRUCE CON SEMAFORO FUNCIONANDO,IMPRUDENCIA DEL CONDUCTOR,CONDUCCION NO ATENTO CONDICIONES TRANSITO MOMENTO,IRARRAZAVAL,ANTONIO VARAS,ANTONIO VARAS - IRARRAZAVAL,0, , ,BIDIRECCIONAL CON BANDEJON,CONCRETO,BUENO,SECO,DESPEJADO,0,0,1,0,13,131,13120,Metropolitana de Santiago,Santiago,Ñuñoa,Interseccion,"ANTONIO VARAS & IRARRAZAVAL, Ñuñoa",-33.453671,-70.608913
-7932603.16943676,-3880393.07587776,5999,2023,1550603,2023/08/05 00:00:00+00,Agosto,5,Sábado,1899/12/30 00:00:00+00,14:25:00,14,REGION VALPARAISO,QUILLOTA,COLISION,COLISION,URBANA,TRAMO DE VIA CURVA HORIZONTAL,IMPRUDENCIA DEL CONDUCTOR,CONDUCCION SIN MANTENER DISTANCIA RAZONABLE NI PRUDENTE,AGUSTIN AVEZON,VALPARAISO,AGUSTIN AVEZON - VALPARAISO,0, , ,BIDIRECCIONAL,ASFALTO,BUENO,SECO,DESPEJADO,0,0,0,0,05,055,05501,Valparaíso,Quillota,Quillota,Interseccion,"AGUSTIN AVEZON & VALPARAISO, Quillota",-32.887591,-71.259787
-7879640.39478395,-3974765.70287026,6000,2023,1560434,2023/08/05 00:00:00+00,Agosto,5,Sábado,1899/12/30 00:00:00+00,14:30:00,14,REGION METROPOLITANA,CALERA DE TANGO,COLISION POR ALCANCE,COLISION,URBANA,TRAMO DE VIA RECTA,IMPRUDENCIA DEL CONDUCTOR,CONDUCCION SIN MANTENER DISTANCIA RAZONABLE NI PRUDENTE,CAMINO LONQUEN,CONDOMINIO LA FUENTE,CAMINO LONQUEN - CONDOMINIO LA FUENTE,0, , ,BIDIRECCIONAL,ASFALTO,BUENO,SECO,NUBLADO,0,0,0,1,13,134,13403,Metropolitana de Santiago,Maipo,Calera de Tango,Interseccion,"CAMINO LONQUEN & CONDOMINIO LA FUENTE, Calera de Tango",-33.59662,-70.784014
-7869395.5841226,-3951616.18050512,6001,2023,1583458,2023/12/20 00:00:00+00,Diciembre,20,Miércoles,1899/12/30 00:00:00+00,19:00:00,19,REGION METROPOLITANA,QUINTA NORMAL,CHOQUE LADO/LADO,CHOQUE,URBANA,CRUCE CON SEMAFORO FUNCIONANDO,IMPRUDENCIA DEL CONDUCTOR,CONDUCCION NO ATENTO CONDICIONES TRANSITO MOMENTO,CARRASCAL,MENDOZA,CARRASCAL - MENDOZA,0, , ,BIDIRECCIONAL,ASFALTO,BUENO,SECO,DESPEJADO,0,0,0,0,13,131,13126,Metropolitana de Santiago,Santiago,Quinta Normal,Interseccion,"CARRASCAL & MENDOZA, Quinta Normal",-33.423229,-70.691983
-7875416.26538631,-4051438.92965531,6002,2023,1579324,2023/12/20 00:00:00+00,Diciembre,20,Miércoles,1899/12/30 00:00:00+00,19:15:00,19,REGION LIB.B.O'HIGGINS,RANCAGUA,CHOQUE FRENTE/POSTERIOR,CHOQUE,URBANA,CRUCE CON SEMAFORO FUNCIONANDO,IMPRUDENCIA DEL CONDUCTOR,CONDUCCION NO ATENTO CONDICIONES TRANSITO MOMENTO,CUEVAS,SAN MARTIN,CUEVAS - SAN MARTIN,0, , ,UNIDIRECCIONAL,CONCRETO,BUENO,SECO,DESPEJADO,0,1,0,1,06,061,06101,Libertador General Bernardo O'Higgins,Cachapoal,Rancagua,Interseccion,"CUEVAS & SAN MARTIN, Rancagua",-34.168418,-70.746068
-8136925.00752048,-4402958.81610695,6003,2023,1580898,2023/12/20 00:00:00+00,Diciembre,20,Miércoles,1899/12/30 00:00:00+00,19:30:00,19,REGION BIO BIO,TALCAHUANO,COLISION LATERAL,COLISION,URBANA,CRUCE SIN SEÑALIZACION,IMPRUDENCIA DEL CONDUCTOR,NO RESPETAR DERECHO PREFERENTE DE PASO A VEHICULO,BUENOS AIRES,MANUEL MONTT,BUENOS AIRES - MANUEL MONTT,0, , ,BIDIRECCIONAL,CONCRETO,BUENO,SECO,DESPEJADO,0,0,0,1,08,081,08110,Biobío,Concepción,Talcahuano,Interseccion,"BUENOS AIRES & MANUEL MONTT, Talcahuano",-36.740223,-73.095241
-7940235.33393535,-3502605.42596201,6004,2023,1580535,2023/12/20 00:00:00+00,Diciembre,20,Miércoles,1899/12/30 00:00:00+00,20:30:00,20,REGION COQUIMBO,COQUIMBO,COLISION PERPENDICULAR,COLISION,URBANA,TRAMO DE VIA RECTA,IMPRUDENCIA DEL CONDUCTOR,CONDUCCION NO ATENTO CONDICIONES TRANSITO MOMENTO,GLORIAS NAVALES,PORTUGAL,GLORIAS NAVALES - PORTUGAL,0, , ,BIDIRECCIONAL,CONCRETO,BUENO,SECO,DESPEJADO,0,0,0,1,04,041,04102,Coquimbo,Elqui,Coquimbo,Interseccion,"GLORIAS NAVALES & PORTUGAL, Coquimbo",-29.992653,-71.328348
-7939870.38412787,-3500658.18601501,6005,2023,1579418,2023/12/20 00:00:00+00,Diciembre,20,Miércoles,1899/12/30 00:00:00+00,21:40:00,21,REGION COQUIMBO,COQUIMBO,CHOQUE FRENTE/POSTERIOR,CHOQUE,URBANA,CRUCE CON SEMAFORO FUNCIONANDO,IMPRUDENCIA DEL CONDUCTOR,CONDUCCION NO ATENTO CONDICIONES TRANSITO MOMENTO,LOS NOGALES,VIDELA,LOS NOGALES - VIDELA,0, , ,UNIDIRECCIONAL,ASFALTO,BUENO,SECO,DESPEJADO,0,0,0,0,04,041,04102,Coquimbo,Elqui,Coquimbo,Interseccion,"LOS NOGALES & VIDELA, Coquimbo",-29.977501,-71.325069
-8040041.42823762,-4763779.69623041,6006,2023,1580648,2023/12/20 00:00:00+00,Diciembre,20,Miércoles,1899/12/30 00:00:00+00,23:55:00,23,REGION ARAUCANIA,VILLARRICA,COLISION POR ALCANCE,COLISION,URBANA,CRUCE CON SEÑAL PARE,DESOBEDIENCIA A SEÑALIZACION,SEÑALIZACION DESOBEDECER SEÑAL PARE,NEMESIO MARQUEZ,LA LINEA,LA LINEA - NEMESIO MARQUEZ,0, , ,BIDIRECCIONAL,ASFALTO,BUENO,HUMEDO,NUBLADO,0,0,0,1,09,091,09120,La Araucanía,Cautín,Villarrica,Interseccion,"LA LINEA & NEMESIO MARQUEZ, Villarrica",-39.293355,-72.224921
-7877951.7894281,-3964241.34403591,6007,2023,1582324,2023/12/21 00:00:00+00,Diciembre,21,Jueves,1899/12/30 00:00:00+00,01:50:00,1,REGION METROPOLITANA,MAIPU,VOLCADURA,VOLCADURA,URBANA,CRUCE CON SEMAFORO FUNCIONANDO,IMPRUDENCIA DEL CONDUCTOR,CONDUCCION NO ATENTO CONDICIONES TRANSITO MOMENTO,PORTALES,PADRE ALBERTO HURTADO,PADRE ALBERTO HURTADO - PORTALES,0, , ,BIDIRECCIONAL,ASFALTO,BUENO,SECO,DESPEJADO,0,0,0,1,13,131,13119,Metropolitana de Santiago,Santiago,Maipú,Interseccion,"PADRE ALBERTO HURTADO & PORTALES, Maipú",-33.517835,-70.768845
-7931058.64498691,-3487686.42956216,6008,2023,1580064,2023/12/21 00:00:00+00,Diciembre,21,Jueves,1899/12/30 00:00:00+00,07:45:00,7,REGION COQUIMBO,LA SERENA,COLISION PERPENDICULAR,COLISION,URBANA,TRAMO DE VIA RECTA,VELOCIDAD IMPRUDENTE,VELOCIDAD NO RAZONABLE NI PRUDENTE,LAS ROSAS,MONJITAS,LAS ROSAS - MONJITAS,0, , ,BIDIRECCIONAL,ASFALTO,BUENO,SECO,DESPEJADO,0,1,0,0,04,041,04101,Coquimbo,Elqui,La Serena,Interseccion,"LAS ROSAS & MONJITAS, La Serena",-29.876512,-71.245912
-8128301.97713578,-4414097.47527228,6009,2023,1580009,2023/12/21 00:00:00+00,Diciembre,21,Jueves,1899/12/30 00:00:00+00,09:45:00,9,REGION BIO BIO,CONCEPCION,ATROPELLO,ATROPELLO,URBANA,TRAMO DE VIA RECTA,IMPRUDENCIA DEL PEATON,IMPRUDENCIA DEL PEATON,GENERAL NOVOA,LOS LIRIOS,GENERAL NOVOA - LOS LIRIOS,0, , ,UNIDIRECCIONAL,CONCRETO,BUENO,SECO,DESPEJADO,0,0,0,2,08,081,08101,Biobío,Concepción,Concepción,Interseccion,"GENERAL NOVOA & LOS LIRIOS, Concepción",-36.820365,-73.017779
-7859945.41651433,-3951224.09961151,6010,2023,1581167,2023/12/21 00:00:00+00,Diciembre,21,Jueves,1899/12/30 00:00:00+00,11:00:00,11,REGION METROPOLITANA,PROVIDENCIA,COLISION LATERAL,COLISION,URBANA,TRAMO DE VIA RECTA,IMPRUDENCIA DEL CONDUCTOR,CONDUCCION NO ATENTO CONDICIONES TRANSITO MOMENTO,PROVIDENCIA,BUCAREST,BUCAREST - PROVIDENCIA,0, , ,UNIDIRECCIONAL,CONCRETO,BUENO,SECO,DESPEJADO,0,0,0,0,13,131,13123,Metropolitana de Santiago,Santiago,Providencia,Interseccion,"BUCAREST & PROVIDENCIA, Providencia",-33.420289,-70.607091
-7859945.41651433,-3951224.09961151,6011,2023,1581228,2023/12/21 00:00:00+00,Diciembre,21,Jueves,1899/12/30 00:00:00+00,11:00:00,11,REGION METROPOLITANA,PROVIDENCIA,COLISION POR ALCANCE,COLISION,URBANA,TRAMO DE VIA RECTA,IMPRUDENCIA DEL CONDUCTOR,CONDUCCION NO ATENTO CONDICIONES TRANSITO MOMENTO,PROVIDENCIA,BUCAREST,BUCAREST - PROVIDENCIA,0, , ,UNIDIRECCIONAL,ASFALTO,REGULAR,SECO,DESPEJADO,0,0,0,1,13,131,13123,Metropolitana de Santiago,Santiago,Providencia,Interseccion,"BUCAREST & PROVIDENCIA, Providencia",-33.420289,-70.607091
-7965498.99177487,-3897238.11338531,6012,2023,1580275,2023/12/21 00:00:00+00,Diciembre,21,Jueves,1899/12/30 00:00:00+00,13:58:00,13,REGION VALPARAISO,VIÑA DEL MAR,CHOQUE FRENTE/POSTERIOR,CHOQUE,URBANA,TRAMO DE VIA RECTA,IMPRUDENCIA DEL CONDUCTOR,CONDUCCION NO ATENTO CONDICIONES TRANSITO MOMENTO,8 NORTE,SAN MARTIN,8 NORTE - SAN MARTIN,0, , ,BIDIRECCIONAL,CONCRETO,BUENO,SECO,DESPEJADO,0,0,0,0,05,051,05109,Valparaíso,Valparaíso,Viña del Mar,Interseccion,"8 NORTE & SAN MARTIN, Viña del Mar",-33.014571,-71.555295
-7860887.51336491,-3953767.52005648,6013,2023,1581225,2023/12/21 00:00:00+00,Diciembre,21,Jueves,1899/12/30 00:00:00+00,14:30:00,14,REGION METROPOLITANA,PROVIDENCIA,COLISION LATERAL,COLISION,URBANA,TRAMO DE VIA RECTA,IMPRUDENCIA DEL CONDUCTOR,CONDUCCION NO ATENTO CONDICIONES TRANSITO MOMENTO,FRANCISCO BILBAO,MANUEL MONTT,FRANCISCO BILBAO - MANUEL MONTT,0, , ,BIDIRECCIONAL,ASFALTO,BUENO,SECO,DESPEJADO,0,0,0,1,13,131,13123,Metropolitana de Santiago,Santiago,Providencia,Interseccion,"FRANCISCO BILBAO & MANUEL MONTT, Providencia",-33.439357,-70.615554
-7835478.50568854,-2710841.26203873,6014,2023,1580307,2023/12/21 00:00:00+00,Diciembre,21,Jueves,1899/12/30 00:00:00+00,15:00:00,15,REGION ANTOFAGASTA,ANTOFAGASTA,COLISION,COLISION,URBANA,TRAMO DE VIA RECTA,IMPRUDENCIA DEL CONDUCTOR,CONDUCCION NO ATENTO CONDICIONES TRANSITO MOMENTO,COVADONGA NUEVA,HUERFANOS,COVADONGA NUEVA - HUERFANOS,0, , ,UNIDIRECCIONAL,ASFALTO,BUENO,SECO,DESPEJADO,0,0,0,1,02,021,02101,Antofagasta,Antofagasta,Antofagasta,Interseccion,"COVADONGA NUEVA & HUERFANOS, Antofagasta",-23.650202,-70.387301
-7928384.63945403,-3987592.80098163,6015,2023,1580104,2023/12/21 00:00:00+00,Diciembre,21,Jueves,1899/12/30 00:00:00+00,15:20:00,15,REGION METROPOLITANA,MELIPILLA,COLISION POR ALCANCE,COLISION,URBANA,TRAMO DE VIA RECTA,IMPRUDENCIA DEL CONDUCTOR,CONDUCCION SIN MANTENER DISTANCIA RAZONABLE NI PRUDENTE,CORREA,RIQUELME,CORREA - RIQUELME,0, , ,UNIDIRECCIONAL,ASFALTO,BUENO,SECO,DESPEJADO,0,0,0,0,13,135,13501,Metropolitana de Santiago,Melipilla,Melipilla,Interseccion,"CORREA & RIQUELME, Melipilla",-33.692546,-71.221891
-7856219.75353256,-3974910.90825408,6016,2023,1579829,2023/12/21 00:00:00+00,Diciembre,21,Jueves,1899/12/30 00:00:00+00,16:20:00,16,REGION METROPOLITANA,PUENTE ALTO,COLISION LATERAL,COLISION,URBANA,TRAMO DE VIA RECTA,IMPRUDENCIA DEL CONDUCTOR,CONDUCCION NO ATENTO CONDICIONES TRANSITO MOMENTO,SAN CARLOS,VICE PDTE BERNARDO LEIGHTON,SAN CARLOS - VICE PDTE BERNARDO LEIGHTON,0, , ,BIDIRECCIONAL,CONCRETO,BUENO,SECO,DESPEJADO,0,0,0,0,13,132,13201,Metropolitana de Santiago,Cordillera,Puente Alto,Interseccion,"SAN CARLOS & VICE PDTE BERNARDO LEIGHTON, Puente Alto",-33.597707,-70.573623