X,Y,FID,Año,IdAccident,Fecha,Mes,Dia_mes,Dia_semana,Hora,Hora_texto,Hora_aprox,Región,Comuna,Tipo_Accid,Tipo__CONA,Zona,Ubicación,Causa__CON,Causa_Acci,Calle_Uno,Calle_Dos,Intersecci,Número,Ruta,Ubicaci_1,Calzada,Tipo_Calza,Estado_Cal,Condición,Estado_Atm,Fallecidos,Graves,Menos_Grav,Leves,CUT_REG,CUT_PROV,CUT_COM,REGION,PROVINCIA,COMUNA1,Tipo_direc,Direccion,Lat,Lon
-8040631.42160562,-4762043.98850449,6017,2023,1581514,2023/12/21 00:00:00+00,Diciembre,21,Jueves,1899/12/30 00:00:00+00,16:25:00,16,REGION ARAUCANIA,VILLARRICA,VOLCADURA,VOLCADURA,URBANA,CRUCE CON SEMAFORO FUNCIONANDO,IMPRUDENCIA DEL CONDUCTOR,CONDUCCION NO ATENTO CONDICIONES TRANSITO MOMENTO,PEDRO DE VALDIVIA,MANUEL ANTONIO MATTA,MANUEL ANTONIO MATTA - PEDRO DE VALDIVIA,0, , ,BIDIRECCIONAL,ASFALTO,BUENO,SECO,DESPEJADO,0,0,0,1,09,091,09120,La Araucanía,Cautín,Villarrica,Interseccion,"MANUEL ANTONIO MATTA & PEDRO DE VALDIVIA, Villarrica",-39.281287,-72.230221
-7854574.80768101,-3969765.81952737,6018,2023,1579923,2023/12/21 00:00:00+00,Diciembre,21,Jueves,1899/12/30 00:00:00+00,18:40:00,18,REGION METROPOLITANA,PUENTE ALTO,COLISION LATERAL,COLISION,URBANA,TRAMO DE VIA RECTA,IMPRUDENCIA DEL CONDUCTOR,CONDUCCION NO ATENTO CONDICIONES TRANSITO MOMENTO,DIEGO PORTALES,LA FLORIDA,DIEGO PORTALES - LA FLORIDA,0, , ,BIDIRECCIONAL,CONCRETO,BUENO,SECO,DESPEJADO,0,1,0,0,13,132,13201,Metropolitana de Santiago,Cordillera,Puente Alto,Interseccion,"DIEGO PORTALES & LA FLORIDA, Puente Alto",-33.5592,-70.558846
-7877350.44153884,-3963951.73758111,6019,2023,1582363,2023/12/21 00:00:00+00,Diciembre,21,Jueves,1899/12/30 00:00:00+00,18:50:00,18,REGION METROPOLITANA,MAIPU,VOLCADURA,VOLCADURA,URBANA,TRAMO DE VIA RECTA,VELOCIDAD IMPRUDENTE,VELOCIDAD NO RAZONABLE NI PRUDENTE,EL CARMEN,CARD SAMORE,CARD SAMORE - EL CARMEN,0, , ,BIDIRECCIONAL,ASFALTO,BUENO,SECO,DESPEJADO,0,0,0,2,13,131,13119,Metropolitana de Santiago,Santiago,Maipú,Interseccion,"CARD SAMORE & EL CARMEN, Maipú",-33.515666,-70.763443
-7854574.80768101,-3969765.81952737,6020,2023,1579888,2023/12/21 00:00:00+00,Diciembre,21,Jueves,1899/12/30 00:00:00+00,19:00:00,19,REGION METROPOLITANA,PUENTE ALTO,COLISION LATERAL,COLISION,URBANA,TRAMO DE VIA RECTA,IMPRUDENCIA DEL CONDUCTOR,CONDUCCION NO ATENTO CONDICIONES TRANSITO MOMENTO,CAMILO HENRIQUEZ,DIEGO PORTALES,CAMILO HENRIQUEZ - DIEGO PORTALES,0, , ,BIDIRECCIONAL,CONCRETO,BUENO,SECO,DESPEJADO,0,0,0,0,13,132,13201,Metropolitana de Santiago,Cordillera,Puente Alto,Interseccion,"CAMILO HENRIQUEZ & DIEGO PORTALES, Puente Alto",-33.5592,-70.558846
-8123427.29660055,-5061833.66889256,6021,2023,1581157,2023/12/21 00:00:00+00,Diciembre,21,Jueves,1899/12/30 00:00:00+00,21:30:00,21,REGION LOS LAGOS,PUERTO VARAS,COLISION POR ALCANCE,COLISION,URBANA,CRUCE CON SEÑAL PARE,IMPRUDENCIA DEL CONDUCTOR,CONDUCCION SIN MANTENER DISTANCIA RAZONABLE NI PRUDENTE,LAGO ENCANTADO,NICANOR GARCIA,LAGO ENCANTADO - NICANOR GARCIA,0, , ,BIDIRECCIONAL,CONCRETO,BUENO,SECO,DESPEJADO,0,0,0,1,10,101,10109,Los Lagos,Llanquihue,Puerto Varas,Interseccion,"LAGO ENCANTADO & NICANOR GARCIA, Puerto Varas",-41.334685,-72.973989
-7808112.18952472,-2301379.8650971,6022,2023,1580809,2023/12/21 00:00:00+00,Diciembre,21,Jueves,1899/12/30 00:00:00+00,22:30:00,22,REGION TARAPACA,IQUIQUE,COLISION,COLISION,URBANA,TRAMO DE VIA RECTA,IMPRUDENCIA DEL CONDUCTOR,CONDUCCION SIN MANTENER DISTANCIA RAZONABLE NI PRUDENTE,TADEO HAENKE,ISABEL BONGARD,ISABEL BONGARD - TADEO HAENKE,0, , ,BIDIRECCIONAL CON BANDEJON,ASFALTO,BUENO,SECO,DESPEJADO,0,0,0,0,01,011,01101,Tarapacá,Iquique,Iquique,Interseccion,"ISABEL BONGARD & TADEO HAENKE, Iquique",-20.239122,-70.141465
-7976821.53101004,-4222178.15273577,6023,2023,1579837,2023/12/21 00:00:00+00,Diciembre,21,Jueves,1899/12/30 00:00:00+00,23:00:00,23,REGION MAULE,TALCA,COLISION POR ALCANCE,COLISION,URBANA,TRAMO DE VIA RECTA,DESOBEDIENCIA A SEÑALIZACION,SEÑALIZACION DESOBEDECER LUZ ROJA DE SEMAFORO,1 SUR,7 ORIENTE,1 SUR - 7 ORIENTE,0, , ,UNIDIRECCIONAL,CONCRETO,BUENO,SECO,DESPEJADO,0,0,0,1,07,071,07101,Maule,Talca,Talca,Interseccion,"1 SUR & 7 ORIENTE, Talca",-35.427856,-71.657007
-8082976.91066994,-4682243.37623267,6024,2023,1580236,2023/12/22 00:00:00+00,Diciembre,22,Viernes,1899/12/30 00:00:00+00,02:35:00,2,REGION ARAUCANIA,TEMUCO,COLISION LATERAL,COLISION,URBANA,TRAMO DE VIA RECTA,IMPRUDENCIA DEL CONDUCTOR,CONDUCCION CAMBIAR SORPRESIVAMENTE PISTA CIRCULACION,FRANCISCO POBLETE,FRUTILLAR,FRANCISCO POBLETE - FRUTILLAR,0, , ,BIDIRECCIONAL,CONCRETO,BUENO,SECO,NUBLADO,0,0,0,1,09,091,09101,La Araucanía,Cautín,Temuco,Interseccion,"FRANCISCO POBLETE & FRUTILLAR, Temuco",-38.724208,-72.610617
-7826467.30418378,-2094489.14586787,6025,2023,1582047,2023/12/22 00:00:00+00,Diciembre,22,Viernes,1899/12/30 00:00:00+00,12:20:00,12,REGION ARICA Y PARINACOTA,ARICA,VOLCADURA,VOLCADURA,URBANA,CRUCE SIN SEÑALIZACION,DESOBEDIENCIA A SEÑALIZACION,SEÑALIZACION DESOBEDECER LUZ ROJA DE SEMAFORO,CAUPOLICAN,MAGALLANES,CAUPOLICAN - MAGALLANES,0, , ,UNIDIRECCIONAL,ASFALTO,BUENO,SECO,DESPEJADO,0,0,0,1,15,151,15101,Arica y Parinacota,Arica,Arica,Interseccion,"CAUPOLICAN & MAGALLANES, Arica",-18.485795,-70.306352
-7976353.20991227,-4218664.17855127,6026,2023,1580438,2023/12/22 00:00:00+00,Diciembre,22,Viernes,1899/12/30 00:00:00+00,13:45:00,13,REGION MAULE,TALCA,COLISION POR ALCANCE,COLISION,URBANA,CRUCE SIN SEÑALIZACION,IMPRUDENCIA DEL CONDUCTOR,CONDUCCION NO ATENTO CONDICIONES TRANSITO MOMENTO,5 ORIENTE,19 NORTE,19 NORTE - 5 ORIENTE,0, , ,BIDIRECCIONAL,CONCRETO,BUENO,SECO,DESPEJADO,0,0,0,0,07,071,07101,Maule,Talca,Talca,Interseccion,"19 NORTE & 5 ORIENTE, Talca",-35.40213,-71.6528
-8025697.91186004,-4422565.52067057,6027,2023,1580557,2023/12/22 00:00:00+00,Diciembre,22,Viernes,1899/12/30 00:00:00+00,14:00:00,14,REGION ÑUBLE,SAN IGNACIO,VOLCADURA,VOLCADURA,URBANA,TRAMO DE VIA RECTA,VELOCIDAD IMPRUDENTE,VELOCIDAD NO RAZONABLE NI PRUDENTE,LOS COPIHUES,LOS NOTROS,LOS COPIHUES - LOS NOTROS,0, , ,BIDIRECCIONAL,ASFALTO,REGULAR,SECO,DESPEJADO,0,1,0,0,16,161,16108,Ñuble,Diguillín,San Ignacio,Interseccion,"LOS COPIHUES & LOS NOTROS, San Ignacio",-36.881236,-72.096071
-7827047.85765896,-2095155.82814454,6028,2023,1581951,2023/12/22 00:00:00+00,Diciembre,22,Viernes,1899/12/30 00:00:00+00,17:15:00,17,REGION ARICA Y PARINACOTA,ARICA,COLISION LATERAL,COLISION,URBANA,CRUCE SIN SEÑALIZACION,IMPRUDENCIA DEL CONDUCTOR,CONDUCCION CAMBIAR SORPRESIVAMENTE PISTA CIRCULACION,RAFAEL SOTOMAYOR,SANTO DOMINGO,RAFAEL SOTOMAYOR - SANTO DOMINGO,0, , ,BIDIRECCIONAL CON BANDEJON,ASFALTO,BUENO,SECO,DESPEJADO,0,0,0,0,15,151,15101,Arica y Parinacota,Arica,Arica,Interseccion,"RAFAEL SOTOMAYOR & SANTO DOMINGO, Arica",-18.491475,-70.311567
-7861468.15582889,-3966903.15277059,6029,2023,1579964,2023/12/22 00:00:00+00,Diciembre,22,Viernes,1899/12/30 00:00:00+00,19:00:00,19,REGION METROPOLITANA,LA GRANJA,COLISION LATERAL,COLISION,URBANA,TRAMO DE VIA RECTA,IMPRUDENCIA DEL CONDUCTOR,CONDUCCION NO ATENTO CONDICIONES TRANSITO MOMENTO,VALDIVIA,CARDENAL RAUL SILVA HENRIQUEZ,CARDENAL RAUL SILVA HENRIQUEZ - VALDIVIA,0, , ,BIDIRECCIONAL,CONCRETO,BUENO,SECO,DESPEJADO,0,1,0,0,13,131,13111,Metropolitana de Santiago,Santiago,La Granja,Interseccion,"CARDENAL RAUL SILVA HENRIQUEZ & VALDIVIA, La Granja",-33.537768,-70.62077
-7861346.37230596,-3953015.6935994,6030,2023,1580634,2023/12/22 00:00:00+00,Diciembre,22,Viernes,1899/12/30 00:00:00+00,19:00:00,19,REGION METROPOLITANA,PROVIDENCIA,CHOQUE POSTERIOR/POSTERIOR,CHOQUE,URBANA,TRAMO DE VIA RECTA,IMPRUDENCIA DEL CONDUCTOR,CONDUCCION NO ATENTO CONDICIONES TRANSITO MOMENTO,ELIODORO YAÑEZ,JOSE MIGUEL CLARO,ELIODORO YAÑEZ - JOSE MIGUEL CLARO,0, , ,UNIDIRECCIONAL,ASFALTO,BUENO,SECO,DESPEJADO,0,0,0,0,13,131,13123,Metropolitana de Santiago,Santiago,Providencia,Interseccion,"ELIODORO YAÑEZ & JOSE MIGUEL CLARO, Providencia",-33.433721,-70.619676
-8124691.77472987,-5060107.5407165,6031,2023,1581187,2023/12/22 00:00:00+00,Diciembre,22,Viernes,1899/12/30 00:00:00+00,19:45:00,19,REGION LOS LAGOS,PUERTO VARAS,CHOQUE FRENTE/POSTERIOR,CHOQUE,URBANA,CRUCE CON SEMAFORO FUNCIONANDO,IMPRUDENCIA DEL CONDUCTOR,CONDUCCION NO ATENTO CONDICIONES TRANSITO MOMENTO,SAN FRANCISCO,IMPERIAL,IMPERIAL - SAN FRANCISCO,0, , ,BIDIRECCIONAL,ASFALTO,BUENO,SECO,DESPEJADO,0,0,0,1,10,101,10109,Los Lagos,Llanquihue,Puerto Varas,Interseccion,"IMPERIAL & SAN FRANCISCO, Puerto Varas",-41.323041,-72.985348
-7866604.43713409,-3949703.48961859,6032,2023,1582655,2023/12/22 00:00:00+00,Diciembre,22,Viernes,1899/12/30 00:00:00+00,22:20:00,22,REGION METROPOLITANA,INDEPENDENCIA,COLISION LATERAL,COLISION,URBANA,CRUCE CON SEMAFORO FUNCIONANDO,IMPRUDENCIA DEL CONDUCTOR,NO RESPETAR DERECHO PREFERENTE DE PASO A VEHICULO,FERMIN VIVACETA,NVA DE MATTE,FERMIN VIVACETA - NVA DE MATTE,0, , ,BIDIRECCIONAL,ASFALTO,REGULAR,SECO,DESPEJADO,0,0,0,1,13,131,13108,Metropolitana de Santiago,Santiago,Independencia,Interseccion,"FERMIN VIVACETA & NVA DE MATTE, Independencia",-33.408887,-70.66691
-8138364.99729118,-4400096.14443166,6033,2023,1580905,2023/12/22 00:00:00+00,Diciembre,22,Viernes,1899/12/30 00:00:00+00,22:30:00,22,REGION BIO BIO,TALCAHUANO,COLISION LATERAL,COLISION,URBANA,CRUCE CON SEMAFORO APAGADO,ALCOHOL EN CONDUCTOR,CONDUCCION EN ESTADO DE EBRIEDAD,ARTURO PRAT,BLANCO ENCALADA,ARTURO PRAT - BLANCO ENCALADA,0, , ,BIDIRECCIONAL CON BANDEJON,CONCRETO,BUENO,SECO,DESPEJADO,0,0,0,0,08,081,08110,Biobío,Concepción,Talcahuano,Interseccion,"ARTURO PRAT & BLANCO ENCALADA, Talcahuano",-36.719613,-73.108177
-7867651.95354246,-3964686.51629618,6034,2023,1580039,2023/12/22 00:00:00+00,Diciembre,22,Viernes,1899/12/30 00:00:00+00,23:30:00,23,REGION METROPOLITANA,LA CISTERNA,COLISION POR ALCANCE,COLISION,URBANA,CRUCE CON SEMAFORO FUNCIONANDO,IMPRUDENCIA DEL CONDUCTOR,CONDUCCION SIN MANTENER DISTANCIA RAZONABLE NI PRUDENTE,EL PARRON,JOSE JOAQUIN PRIETO VIAL,EL PARRON - JOSE JOAQUIN PRIETO VIAL,0, , ,BIDIRECCIONAL,CONCRETO,BUENO,SECO,DESPEJADO,0,0,0,1,13,131,13109,Metropolitana de Santiago,Santiago,La Cisterna,Interseccion,"EL PARRON & JOSE JOAQUIN PRIETO VIAL, La Cisterna",-33.521169,-70.67632
-7855374.19294439,-3974926.74530718,6035,2023,1581515,2023/12/23 00:00:00+00,Diciembre,23,Sábado,1899/12/30 00:00:00+00,00:00:00,0,REGION METROPOLITANA,PUENTE ALTO,COLISION PERPENDICULAR,COLISION,URBANA,CRUCE SIN SEÑALIZACION,IMPRUDENCIA DEL CONDUCTOR,ADELANTAMIENTO SOBREPASANDO LINEA CONTINUA,NONATO COO,EL COMPAS,EL COMPAS - NONATO COO,0, , ,BIDIRECCIONAL,ASFALTO,BUENO,SECO,DESPEJADO,0,0,0,0,13,132,13201,Metropolitana de Santiago,Cordillera,Puente Alto,Interseccion,"EL COMPAS & NONATO COO, Puente Alto",-33.597825,-70.566027
-7871733.59399188,-4026625.76110988,6036,2023,1585562,2023/12/23 00:00:00+00,Diciembre,23,Sábado,1899/12/30 00:00:00+00,01:00:00,1,REGION LIB.B.O'HIGGINS,GRANEROS,COLISION LATERAL,COLISION,URBANA,TRAMO DE VIA RECTA,IMPRUDENCIA DEL CONDUCTOR,CONDUCCION NO ATENTO CONDICIONES TRANSITO MOMENTO,SANTA MARIA,CAMINO REAL,CAMINO REAL - SANTA MARIA,0, , ,BIDIRECCIONAL,ASFALTO,BUENO,SECO,DESPEJADO,0,0,3,0,06,061,06106,Libertador General Bernardo O'Higgins,Cachapoal,Graneros,Interseccion,"CAMINO REAL & SANTA MARIA, Graneros",-33.983791,-70.712986
-7858012.20884137,-3955921.14086284,6037,2023,1581739,2023/12/23 00:00:00+00,Diciembre,23,Sábado,1899/12/30 00:00:00+00,10:45:00,10,REGION METROPOLITANA,ÑUÑOA,COLISION,COLISION,URBANA,CRUCE CON SEMAFORO FUNCIONANDO,IMPRUDENCIA DEL CONDUCTOR,CONDUCCION NO ATENTO CONDICIONES TRANSITO MOMENTO,IRARRAZAVAL,STA JULIA,IRARRAZAVAL - STA JULIA,0, , ,BIDIRECCIONAL CON BANDEJON,CONCRETO,BUENO,SECO,DESPEJADO,0,0,0,0,13,131,13120,Metropolitana de Santiago,Santiago,Ñuñoa,Interseccion,"IRARRAZAVAL & STA JULIA, Ñuñoa",-33.455499,-70.589725
-8119622.8417166,-5082304.93926584,6038,2023,1582667,2023/12/23 00:00:00+00,Diciembre,23,Sábado,1899/12/30 00:00:00+00,11:20:00,11,REGION LOS LAGOS,PUERTO MONTT,COLISION PERPENDICULAR,COLISION,URBANA,TRAMO DE VIA RECTA,IMPRUDENCIA DEL CONDUCTOR,CONDUCCION CAMBIAR SORPRESIVAMENTE PISTA CIRCULACION,DIEGO PORTALES,SAN MARTIN,DIEGO PORTALES - SAN MARTIN,0, , ,BIDIRECCIONAL CON BANDEJON,CONCRETO,BUENO,SECO,DESPEJADO,0,0,0,1,10,101,10101,Los Lagos,Llanquihue,Puerto Montt,Interseccion,"DIEGO PORTALES & SAN MARTIN, Puerto Montt",-41.47262,-72.939813
-7867003.13906685,-3943361.3828906,6039,2023,1581089,2023/12/23 00:00:00+00,Diciembre,23,Sábado,1899/12/30 00:00:00+00,14:00:00,14,REGION METROPOLITANA,HUECHURABA,COLISION,COLISION,URBANA,CRUCE CON SEMAFORO FUNCIONANDO,IMPRUDENCIA DEL CONDUCTOR,CONDUCCION NO ATENTO CONDICIONES TRANSITO MOMENTO,PEDRO FONTOVA,EL SAUCE,EL SAUCE - PEDRO FONTOVA,0, , ,BIDIRECCIONAL CON BANDEJON,ASFALTO,BUENO,SECO,DESPEJADO,0,0,0,1,13,131,13107,Metropolitana de Santiago,Santiago,Huechuraba,Interseccion,"EL SAUCE & PEDRO FONTOVA, Huechuraba",-33.361316,-70.670492
-7875416.26538631,-4051438.92965531,6040,2023,1579683,2023/12/23 00:00:00+00,Diciembre,23,Sábado,1899/12/30 00:00:00+00,14:10:00,14,REGION LIB.B.O'HIGGINS,RANCAGUA,COLISION FRONTAL,COLISION,URBANA,CRUCE CON SEMAFORO FUNCIONANDO,IMPRUDENCIA DEL CONDUCTOR,CONDUCCION NO ATENTO CONDICIONES TRANSITO MOMENTO,SAN MARTIN,CUEVAS,CUEVAS - SAN MARTIN,0, , ,UNIDIRECCIONAL,CONCRETO,BUENO,CON ACEITE,DESPEJADO,0,0,0,2,06,061,06101,Libertador General Bernardo O'Higgins,Cachapoal,Rancagua,Interseccion,"CUEVAS & SAN MARTIN, Rancagua",-34.168418,-70.746068
-7930906.08152459,-3494241.18618045,6041,2023,1580334,2023/12/23 00:00:00+00,Diciembre,23,Sábado,1899/12/30 00:00:00+00,15:45:00,15,REGION COQUIMBO,LA SERENA,COLISION PERPENDICULAR,COLISION,URBANA,CRUCE CON SEÑAL PARE,DESOBEDIENCIA A SEÑALIZACION,SEÑALIZACION DESOBEDECER SEÑAL PARE,ENRIQUE MOLINA GARMENDIA,GABRIELA MISTRAL,ENRIQUE MOLINA GARMENDIA - GABRIELA MISTRAL,0, , ,BIDIRECCIONAL,ASFALTO,BUENO,SECO,DESPEJADO,0,0,0,2,04,041,04101,Coquimbo,Elqui,La Serena,Interseccion,"ENRIQUE MOLINA GARMENDIA & GABRIELA MISTRAL, La Serena",-29.927556,-71.244541
-7861735.2112873,-3962872.82050526,6042,2023,1580406,2023/12/23 00:00:00+00,Diciembre,23,Sábado,1899/12/30 00:00:00+00,16:30:00,16,REGION METROPOLITANA,SAN JOAQUIN,COLISION PERPENDICULAR,COLISION,URBANA,CRUCE CON SEMAFORO FUNCIONANDO,DESOBEDIENCIA A SEÑALIZACION,SEÑALIZACION DESOBEDECER LUZ ROJA DE SEMAFORO,DEPARTAMENTAL,VECINAL,DEPARTAMENTAL - VECINAL,0, , ,BIDIRECCIONAL CON BANDEJON,ASFALTO,BUENO,SECO,DESPEJADO,0,0,1,0,13,131,13129,Metropolitana de Santiago,Santiago,San Joaquín,Interseccion,"DEPARTAMENTAL & VECINAL, San Joaquín",-33.507585,-70.623169
-7874824.46509147,-3964370.72864706,6043,2023,1581748,2023/12/23 00:00:00+00,Diciembre,23,Sábado,1899/12/30 00:00:00+00,18:30:00,18,REGION METROPOLITANA,MAIPU,COLISION POR ALCANCE,COLISION,URBANA,CRUCE CON SEMAFORO FUNCIONANDO,IMPRUDENCIA DEL CONDUCTOR,CONDUCCION CAMBIAR SORPRESIVAMENTE PISTA CIRCULACION,CAMINO A MELIPILLA,LO ESPEJO,CAMINO A MELIPILLA - LO ESPEJO,0, , ,BIDIRECCIONAL CON BANDEJON,CONCRETO,REGULAR,SECO,DESPEJADO,0,0,0,1,13,131,13119,Metropolitana de Santiago,Santiago,Maipú,Interseccion,"CAMINO A MELIPILLA & LO ESPEJO, Maipú",-33.518804,-70.740752
-7870720.47530617,-3949252.35948504,6044,2023,1582907,2023/12/23 00:00:00+00,Diciembre,23,Sábado,1899/12/30 00:00:00+00,18:30:00,18,REGION METROPOLITANA,RENCA,CHOQUE FRONTAL,CHOQUE,URBANA,TRAMO DE VIA RECTA,IMPRUDENCIA DEL CONDUCTOR,CONDUCCION NO ATENTO CONDICIONES TRANSITO MOMENTO,DOMINGO SANTA MARIA,SENADOR JAIME GUZMAN,DOMINGO SANTA MARIA - SENADOR JAIME GUZMAN,0, , ,UNIDIRECCIONAL,ASFALTO,BUENO,SECO,DESPEJADO,0,0,0,1,13,131,13128,Metropolitana de Santiago,Santiago,Renca,Interseccion,"DOMINGO SANTA MARIA & SENADOR JAIME GUZMAN, Renca",-33.405504,-70.703885
-7872525.92164408,-3938234.86033447,6045,2023,1582224,2023/12/23 00:00:00+00,Diciembre,23,Sábado,1899/12/30 00:00:00+00,22:00:00,22,REGION METROPOLITANA,LAMPA,COLISION POR ALCANCE,COLISION,URBANA,TRAMO DE VIA RECTA,IMPRUDENCIA DEL CONDUCTOR,CONDUCCION NO ATENTO CONDICIONES TRANSITO MOMENTO,PATRICIA VIÑUELA,PDTE EDUARDO FREI MONTALVA,PATRICIA VIÑUELA - PDTE EDUARDO FREI MONTALVA,0, , ,UNIDIRECCIONAL,ASFALTO,BUENO,CON ACEITE,DESPEJADO,0,0,0,0,13,133,13302,Metropolitana de Santiago,Chacabuco,Lampa,Interseccion,"PATRICIA VIÑUELA & PDTE EDUARDO FREI MONTALVA, Lampa",-33.322844,-70.720104
-7869753.55420914,-3976759.84747501,6046,2023,1581127,2023/12/23 00:00:00+00,Diciembre,23,Sábado,1899/12/30 00:00:00+00,22:20:00,22,REGION METROPOLITANA,SAN BERNARDO,COLISION LATERAL,COLISION,URBANA,CRUCE CON SEMAFORO FUNCIONANDO,IMPRUDENCIA DEL CONDUCTOR,CONDUCCION NO ATENTO CONDICIONES TRANSITO MOMENTO,PORTALES ORIENTE,ALMTE RIVEROS,ALMTE RIVEROS - PORTALES ORIENTE,0, , ,BIDIRECCIONAL CON BANDEJON,ASFALTO,REGULAR,SECO,DESPEJADO,0,0,1,1,13,134,13401,Metropolitana de Santiago,Maipo,San Bernardo,Interseccion,"ALMTE RIVEROS & PORTALES ORIENTE, San Bernardo",-33.61154,-70.695199
-7869424.71643334,-3954461.76230218,6047,2023,1565448,2023/10/13 00:00:00+00,Octubre,13,Viernes,1899/12/30 00:00:00+00,00:40:00,0,REGION METROPOLITANA,QUINTA NORMAL,COLISION LATERAL,COLISION,URBANA,CRUCE CON SEMAFORO FUNCIONANDO,IMPRUDENCIA DEL CONDUCTOR,CONDUCCION NO ATENTO CONDICIONES TRANSITO MOMENTO,APOSTOL SANTIAGO,PORTALES,APOSTOL SANTIAGO - PORTALES,0, , ,UNIDIRECCIONAL,ASFALTO,REGULAR,SECO,DESPEJADO,0,1,0,0,13,131,13126,Metropolitana de Santiago,Santiago,Quinta Normal,Interseccion,"APOSTOL SANTIAGO & PORTALES, Quinta Normal",-33.444561,-70.692245
-7932951.29892484,-4160567.4059751,6048,2023,1581965,2023/12/23 00:00:00+00,Diciembre,23,Sábado,1899/12/30 00:00:00+00,23:33:00,23,REGION MAULE,CURICO,COLISION POR ALCANCE,COLISION,RURAL,TRAMO DE VIA RECTA,IMPRUDENCIA DEL CONDUCTOR,CONDUCCION NO ATENTO CONDICIONES TRANSITO MOMENTO,CAMINO A TUTUQUEN,CIRCUNVALACION,CAMINO A TUTUQUEN - CIRCUNVALACION,0, , ,BIDIRECCIONAL,ASFALTO,BUENO,SECO,DESPEJADO,0,0,0,1,07,073,07301,Maule,Curicó,Curicó,Interseccion,"CAMINO A TUTUQUEN & CIRCUNVALACION, Curicó",-34.975612,-71.262914
-8093350.55133346,-4552066.53795792,6049,2023,1579721,2023/12/24 00:00:00+00,Diciembre,24,Domingo,1899/12/30 00:00:00+00,02:40:00,2,REGION ARAUCANIA,ANGOL,COLISION LATERAL,COLISION,URBANA,TRAMO DE VIA RECTA,ALCOHOL EN CONDUCTOR,CONDUCCION EN ESTADO DE EBRIEDAD,BERNARDO O'HIGGINS,ALEMANIA,ALEMANIA - BERNARDO O'HIGGINS,0, , ,BIDIRECCIONAL,ASFALTO,BUENO,SECO,DESPEJADO,0,0,0,1,09,092,09201,La Araucanía,Malleco,Angol,Interseccion,"ALEMANIA & BERNARDO O'HIGGINS, Angol",-37.806073,-72.703805
-8117518.46257108,-5082639.00970841,6050,2023,1582675,2023/12/24 00:00:00+00,Diciembre,24,Domingo,1899/12/30 00:00:00+00,02:45:00,2,REGION LOS LAGOS,PUERTO MONTT,VOLCADURA,VOLCADURA,URBANA,CRUCE CON SEMAFORO FUNCIONANDO,ALCOHOL EN CONDUCTOR,CONDUCCION EN ESTADO DE EBRIEDAD,RIO PUELCHE,JUAN SOLER MANFREDINI,JUAN SOLER MANFREDINI - RIO PUELCHE,0, , ,BIDIRECCIONAL CON BANDEJON,CONCRETO,BUENO,SECO,NUBLADO,0,0,0,1,10,101,10101,Los Lagos,Llanquihue,Puerto Montt,Interseccion,"JUAN SOLER MANFREDINI & RIO PUELCHE, Puerto Montt",-41.474869,-72.920909
-7869291.24436388,-3955721.88369327,6051,2023,1580627,2023/12/24 00:00:00+00,Diciembre,24,Domingo,1899/12/30 00:00:00+00,04:10:00,4,REGION METROPOLITANA,ESTACION CENTRAL,CHOQUE FRONTAL,CHOQUE,URBANA,TRAMO DE VIA RECTA,IMPRUDENCIA DEL CONDUCTOR,CONDUCCION CAMBIAR SORPRESIVAMENTE PISTA CIRCULACION,GRAL VELASQUEZ,LIBER BERNARDO O'HIGGINS,GRAL VELASQUEZ - LIBER BERNARDO O'HIGGINS,0, , ,BIDIRECCIONAL CON BANDEJON,ASFALTO,BUENO,SECO,DESPEJADO,1,0,0,0,13,131,13106,Metropolitana de Santiago,Santiago,Estación Central,Interseccion,"GRAL VELASQUEZ & LIBER BERNARDO O'HIGGINS, Estación Central",-33.454006,-70.691046
-7853957.18534973,-3972543.2704649,6052,2023,1580157,2023/12/24 00:00:00+00,Diciembre,24,Domingo,1899/12/30 00:00:00+00,14:00:00,14,REGION METROPOLITANA,PUENTE ALTO,COLISION LATERAL,COLISION,URBANA,TRAMO DE VIA RECTA,IMPRUDENCIA DEL CONDUCTOR,CONDUCCION NO ATENTO CONDICIONES TRANSITO MOMENTO,CANELA ALTA,PAINE,CANELA ALTA - PAINE,0, , ,BIDIRECCIONAL,CONCRETO,BUENO,SECO,DESPEJADO,0,0,0,1,13,132,13201,Metropolitana de Santiago,Cordillera,Puente Alto,Interseccion,"CANELA ALTA & PAINE, Puente Alto",-33.579989,-70.553298
-8144884.23980384,-4947646.9794413,6053,2023,1580596,2023/12/24 00:00:00+00,Diciembre,24,Domingo,1899/12/30 00:00:00+00,14:50:00,14,REGION LOS LAGOS,OSORNO,COLISION LATERAL,COLISION,URBANA,CRUCE CON SEÑAL PARE,DESOBEDIENCIA A SEÑALIZACION,SEÑALIZACION DESOBEDECER SEÑAL PARE,LA MISION,CHAURACAHUIN,CHAURACAHUIN - LA MISION,0, , ,BIDIRECCIONAL,CONCRETO,BUENO,SECO,DESPEJADO,0,1,0,0,10,103,10301,Los Lagos,Osorno,Osorno,Interseccion,"CHAURACAHUIN & LA MISION, Osorno",-40.559933,-73.16674