X,Y,FID,Año,IdAccident,Fecha,Mes,Dia_mes,Dia_semana,Hora,Hora_texto,Hora_aprox,Región,Comuna,Tipo_Accid,Tipo__CONA,Zona,Ubicación,Causa__CON,Causa_Acci,Calle_Uno,Calle_Dos,Intersecci,Número,Ruta,Ubicaci_1,Calzada,Tipo_Calza,Estado_Cal,Condición,Estado_Atm,Fallecidos,Graves,Menos_Grav,Leves,CUT_REG,CUT_PROV,CUT_COM,REGION,PROVINCIA,COMUNA1,Tipo_direc,Direccion,Lat,Lon
-7861425.40914442,-3960128.25111308,6054,2023,1579987,2023/12/24 00:00:00+00,Diciembre,24,Domingo,1899/12/30 00:00:00+00,15:10:00,15,REGION METROPOLITANA,SAN JOAQUIN,COLISION LATERAL,COLISION,URBANA,TRAMO DE VIA RECTA,IMPRUDENCIA DEL CONDUCTOR,CONDUCCION CAMBIAR SORPRESIVAMENTE PISTA CIRCULACION,ALC CARLOS VALDOVINOS,MONTEVERDI,ALC CARLOS VALDOVINOS - MONTEVERDI,0, , ,UNIDIRECCIONAL,ASFALTO,BUENO,SECO,DESPEJADO,0,0,0,1,13,131,13129,Metropolitana de Santiago,Santiago,San Joaquín,Interseccion,"ALC CARLOS VALDOVINOS & MONTEVERDI, San Joaquín",-33.487025,-70.620386
-7826618.2533799,-3170460.46706724,6055,2023,1585292,2023/12/24 00:00:00+00,Diciembre,24,Domingo,1899/12/30 00:00:00+00,20:00:00,20,REGION ATACAMA,COPIAPO,COLISION PERPENDICULAR,COLISION,URBANA,CRUCE SIN SEÑALIZACION,IMPRUDENCIA DEL CONDUCTOR,CONDUCCION NO ATENTO CONDICIONES TRANSITO MOMENTO,PUYEHUE,VILLARRICA,PUYEHUE - VILLARRICA,0, , ,BIDIRECCIONAL,ASFALTO,BUENO,SECO,DESPEJADO,0,0,0,0,03,031,03101,Atacama,Copiapó,Copiapó,Interseccion,"PUYEHUE & VILLARRICA, Copiapó",-27.375469,-70.307708
-8124463.79243499,-5059167.66873673,6056,2023,1581801,2023/12/24 00:00:00+00,Diciembre,24,Domingo,1899/12/30 00:00:00+00,20:20:00,20,REGION LOS LAGOS,PUERTO VARAS,ATROPELLO,ATROPELLO,URBANA,CRUCE CON SEÑAL PARE,DROGAS Y/O FATIGA EN CONDUCTOR,CONDUCCION BAJO INFLUENCIA DE DROGAS O ESTUPEFACIENTES,CEMENTERIO,LAGUNA CAMATUE,CEMENTERIO - LAGUNA CAMATUE,0, , ,BIDIRECCIONAL,ASFALTO,BUENO,SECO,DESPEJADO,0,1,0,0,10,101,10109,Los Lagos,Llanquihue,Puerto Varas,Interseccion,"CEMENTERIO & LAGUNA CAMATUE, Puerto Varas",-41.3167,-72.9833
-7916457.29034909,-3875417.13618894,6057,2023,1579822,2023/12/24 00:00:00+00,Diciembre,24,Domingo,1899/12/30 00:00:00+00,20:20:00,20,REGION VALPARAISO,HIJUELAS,VOLCADURA,VOLCADURA,RURAL,TRAMO DE VIA RECTA,VELOCIDAD IMPRUDENTE,VELOCIDAD NO RAZONABLE NI PRUDENTE,ALAMEDA RABUCO,ARAOS,ALAMEDA RABUCO - ARAOS,0, , ,BIDIRECCIONAL,ASFALTO,REGULAR,GRAVILLA,DESPEJADO,0,0,0,1,05,055,05503,Valparaíso,Quillota,Hijuelas,Interseccion,"ALAMEDA RABUCO & ARAOS, Hijuelas",-32.850047,-71.114746
-7835182.84109872,-2710435.97705135,6058,2023,1580365,2023/12/24 00:00:00+00,Diciembre,24,Domingo,1899/12/30 00:00:00+00,21:40:00,21,REGION ANTOFAGASTA,ANTOFAGASTA,ATROPELLO,ATROPELLO,URBANA,TRAMO DE VIA RECTA,IMPRUDENCIA DEL PEATON,IMPRUDENCIA DEL PEATON,PADRE ALBERTO HURTADO,5 NORTE,5 NORTE - PADRE ALBERTO HURTADO,0, , ,BIDIRECCIONAL,ASFALTO,BUENO,SECO,DESPEJADO,0,1,1,0,02,021,02101,Antofagasta,Antofagasta,Antofagasta,Interseccion,"5 NORTE & PADRE ALBERTO HURTADO, Antofagasta",-23.646867,-70.384645
-7827201.71221587,-3169333.45640799,6059,2023,1585307,2023/12/25 00:00:00+00,Diciembre,25,Lunes,1899/12/30 00:00:00+00,02:20:00,2,REGION ATACAMA,COPIAPO,COLISION PERPENDICULAR,COLISION,URBANA,CRUCE CON SEÑAL PARE,DESOBEDIENCIA A SEÑALIZACION,SEÑALIZACION DESOBEDECER SEÑAL PARE,LOS LOROS,RAFAEL SOTOMAYOR,LOS LOROS - RAFAEL SOTOMAYOR,0, , ,BIDIRECCIONAL CON BANDEJON,ASFALTO,BUENO,SECO,DESPEJADO,0,1,0,0,03,031,03101,Atacama,Copiapó,Copiapó,Interseccion,"LOS LOROS & RAFAEL SOTOMAYOR, Copiapó",-27.366478,-70.312949
-7869467.10059475,-3959773.85456263,6060,2023,1580710,2023/12/25 00:00:00+00,Diciembre,25,Lunes,1899/12/30 00:00:00+00,05:15:00,5,REGION METROPOLITANA,CERRILLOS,VOLCADURA,VOLCADURA,URBANA,TRAMO DE VIA CURVA HORIZONTAL,ALCOHOL EN CONDUCTOR,CONDUCCION EN ESTADO DE EBRIEDAD,DEPARTAMENTAL,SAN ANDRES,DEPARTAMENTAL - SAN ANDRES,0, , ,BIDIRECCIONAL,ASFALTO,BUENO,SECO,DESPEJADO,0,0,0,2,13,131,13102,Metropolitana de Santiago,Santiago,Cerrillos,Interseccion,"DEPARTAMENTAL & SAN ANDRES, Cerrillos",-33.48437,-70.692626
-7853768.4092897,-3972430.23902908,6061,2023,1580292,2023/12/25 00:00:00+00,Diciembre,25,Lunes,1899/12/30 00:00:00+00,14:40:00,14,REGION METROPOLITANA,PUENTE ALTO,COLISION LATERAL,COLISION,URBANA,TRAMO DE VIA RECTA,IMPRUDENCIA DEL CONDUCTOR,CONDUCCION NO ATENTO CONDICIONES TRANSITO MOMENTO,CAMILO HENRIQUEZ,EL PEÑON,CAMILO HENRIQUEZ - EL PEÑON,0, , ,BIDIRECCIONAL,CONCRETO,BUENO,SECO,DESPEJADO,0,0,2,0,13,132,13201,Metropolitana de Santiago,Cordillera,Puente Alto,Interseccion,"CAMILO HENRIQUEZ & EL PEÑON, Puente Alto",-33.579143,-70.551602
-7871707.76787002,-3953563.68435387,6062,2023,1580409,2023/12/25 00:00:00+00,Diciembre,25,Lunes,1899/12/30 00:00:00+00,20:00:00,20,REGION METROPOLITANA,LO PRADO,COLISION PERPENDICULAR,COLISION,URBANA,CRUCE CON SEÑAL PARE,DESOBEDIENCIA A SEÑALIZACION,SEÑALIZACION DESOBEDECER SEÑAL PARE,CAMINO DE LOYOLA,NECOCHEA,CAMINO DE LOYOLA - NECOCHEA,0, , ,BIDIRECCIONAL,ASFALTO,BUENO,SECO,DESPEJADO,0,1,0,0,13,131,13117,Metropolitana de Santiago,Santiago,Lo Prado,Interseccion,"CAMINO DE LOYOLA & NECOCHEA, Lo Prado",-33.437829,-70.712754
-7858354.64985895,-3966612.30431505,6063,2023,1585479,2023/12/26 00:00:00+00,Diciembre,26,Martes,1899/12/30 00:00:00+00,11:50:00,11,REGION METROPOLITANA,LA FLORIDA,COLISION LATERAL,COLISION,URBANA,CRUCE CON SEMAFORO FUNCIONANDO,IMPRUDENCIA DEL CONDUCTOR,CONDUCCION CAMBIAR SORPRESIVAMENTE PISTA CIRCULACION,NUEVA,VICUÑA MACKENNA ORIENTE,NUEVA - VICUÑA MACKENNA ORIENTE,0, , ,BIDIRECCIONAL,CONCRETO,BUENO,SECO,DESPEJADO,0,1,0,1,13,131,13110,Metropolitana de Santiago,Santiago,La Florida,Interseccion,"NUEVA & VICUÑA MACKENNA ORIENTE, La Florida",-33.53559,-70.592801
-8050913.22373375,-4295396.22767054,6064,2023,1580419,2023/12/26 00:00:00+00,Diciembre,26,Martes,1899/12/30 00:00:00+00,11:55:00,11,REGION MAULE,CAUQUENES,COLISION PERPENDICULAR,COLISION,URBANA,CRUCE CON SEÑAL PARE,DESOBEDIENCIA A SEÑALIZACION,SEÑALIZACION DESOBEDECER SEÑAL PARE,SOTERO DEL RIO GUNDIAN,PEREZ,PEREZ - SOTERO DEL RIO GUNDIAN,0, , ,BIDIRECCIONAL,ASFALTO,REGULAR,SECO,DESPEJADO,0,1,0,1,07,072,07201,Maule,Cauquenes,Cauquenes,Interseccion,"PEREZ & SOTERO DEL RIO GUNDIAN, Cauquenes",-35.962017,-72.322584
-7874524.59626505,-3991228.9396226,6065,2023,1584255,2023/12/26 00:00:00+00,Diciembre,26,Martes,1899/12/30 00:00:00+00,12:35:00,12,REGION METROPOLITANA,BUIN,COLISION FRONTAL,COLISION,URBANA,ENLACE A DESNIVEL,IMPRUDENCIA DEL CONDUCTOR,CONDUCCION NO ATENTO CONDICIONES TRANSITO MOMENTO,CAMINO LA OBRA,CAMINO LOS GUINDOS,CAMINO LA OBRA - CAMINO LOS GUINDOS,0, , ,BIDIRECCIONAL,ASFALTO,BUENO,SECO,DESPEJADO,0,1,0,0,13,134,13402,Metropolitana de Santiago,Maipo,Buin,Interseccion,"CAMINO LA OBRA & CAMINO LOS GUINDOS, Buin",-33.719719,-70.738058
-7856654.25576903,-3953383.06330816,6066,2023,1581799,2023/12/26 00:00:00+00,Diciembre,26,Martes,1899/12/30 00:00:00+00,15:25:00,15,REGION METROPOLITANA,ÑUÑOA,COLISION,COLISION,URBANA,TRAMO DE VIA RECTA,IMPRUDENCIA DEL CONDUCTOR,CONDUCCION NO ATENTO CONDICIONES TRANSITO MOMENTO,TOBALABA,TRONCOS VIEJOS,TOBALABA - TRONCOS VIEJOS,0, , ,BIDIRECCIONAL CON BANDEJON,CONCRETO,BUENO,SECO,DESPEJADO,0,0,0,0,13,131,13120,Metropolitana de Santiago,Santiago,Ñuñoa,Interseccion,"TOBALABA & TRONCOS VIEJOS, Ñuñoa",-33.436475,-70.577526
-7870798.98388913,-4052385.51669105,6067,2023,1580454,2023/12/26 00:00:00+00,Diciembre,26,Martes,1899/12/30 00:00:00+00,15:30:00,15,REGION LIB.B.O'HIGGINS,RANCAGUA,COLISION LATERAL,COLISION,URBANA,TRAMO DE VIA RECTA,IMPRUDENCIA DEL CONDUCTOR,CONDUCCION NO ATENTO CONDICIONES TRANSITO MOMENTO,MIGUEL RAMIREZ,SAN JOAQUIN,MIGUEL RAMIREZ - SAN JOAQUIN,0, , ,BIDIRECCIONAL CON BANDEJON,CONCRETO,BUENO,SECO,DESPEJADO,0,0,0,2,06,061,06101,Libertador General Bernardo O'Higgins,Cachapoal,Rancagua,Interseccion,"MIGUEL RAMIREZ & SAN JOAQUIN, Rancagua",-34.175453,-70.70459
-7859248.33386298,-3972361.15915766,6068,2023,1580768,2023/12/26 00:00:00+00,Diciembre,26,Martes,1899/12/30 00:00:00+00,17:45:00,17,REGION METROPOLITANA,PUENTE ALTO,COLISION LATERAL,COLISION,URBANA,TRAMO DE VIA RECTA,IMPRUDENCIA DEL CONDUCTOR,CONDUCCION NO ATENTO CONDICIONES TRANSITO MOMENTO,CRETA,PEDRO NUÑEZ FERNANDEZ,CRETA - PEDRO NUÑEZ FERNANDEZ,0, , ,BIDIRECCIONAL,CONCRETO,BUENO,SECO,DESPEJADO,0,0,0,1,13,132,13201,Metropolitana de Santiago,Cordillera,Puente Alto,Interseccion,"CRETA & PEDRO NUÑEZ FERNANDEZ, Puente Alto",-33.578626,-70.600829
-7868768.15407664,-3967261.08084652,6069,2023,1583681,2023/12/26 00:00:00+00,Diciembre,26,Martes,1899/12/30 00:00:00+00,18:34:00,18,REGION METROPOLITANA,SAN BERNARDO,COLISION FRONTAL,COLISION,URBANA,CRUCE CON SEÑAL PARE,DESOBEDIENCIA A SEÑALIZACION,SEÑALIZACION DESOBEDECER SEÑAL PARE,JOSE JOAQUIN PRIETO VIAL,OCHAGAVIA,JOSE JOAQUIN PRIETO VIAL - OCHAGAVIA,0, , ,UNIDIRECCIONAL,ASFALTO,BUENO,SECO,DESPEJADO,0,0,0,1,13,134,13401,Metropolitana de Santiago,Maipo,San Bernardo,Interseccion,"JOSE JOAQUIN PRIETO VIAL & OCHAGAVIA, San Bernardo",-33.540448,-70.686347
-7875937.79720067,-4049692.69699966,6070,2023,1580418,2023/12/26 00:00:00+00,Diciembre,26,Martes,1899/12/30 00:00:00+00,18:50:00,18,REGION LIB.B.O'HIGGINS,RANCAGUA,COLISION PERPENDICULAR,COLISION,URBANA,CRUCE CON SEÑAL CEDA EL PASO,IMPRUDENCIA DEL CONDUCTOR,NO RESPETAR DERECHO PREFERENTE DE PASO A VEHICULO,SAN RAFAEL,ALAMEDA,ALAMEDA - SAN RAFAEL,0, , ,BIDIRECCIONAL CON BANDEJON,CONCRETO,BUENO,SECO,DESPEJADO,0,0,0,2,06,061,06101,Libertador General Bernardo O'Higgins,Cachapoal,Rancagua,Interseccion,"ALAMEDA & SAN RAFAEL, Rancagua",-34.155438,-70.750753
-7834482.19622367,-2708232.18510177,6071,2023,1580734,2023/12/26 00:00:00+00,Diciembre,26,Martes,1899/12/30 00:00:00+00,21:40:00,21,REGION ANTOFAGASTA,ANTOFAGASTA,CHOQUE FRENTE/POSTERIOR,CHOQUE,URBANA,TRAMO DE VIA RECTA,OTRAS CAUSAS,HECHO DELICTUAL,SALVADOR ALLENDE,CENTENARIO,CENTENARIO - SALVADOR ALLENDE,0, , ,BIDIRECCIONAL,ASFALTO,BUENO,SECO,DESPEJADO,0,0,0,0,02,021,02101,Antofagasta,Antofagasta,Antofagasta,Interseccion,"CENTENARIO & SALVADOR ALLENDE, Antofagasta",-23.628731,-70.378351
-7875071.28628434,-3952172.94831572,6072,2023,1580401,2023/12/26 00:00:00+00,Diciembre,26,Martes,1899/12/30 00:00:00+00,22:35:00,22,REGION METROPOLITANA,CERRO NAVIA,COLISION,COLISION,URBANA,CRUCE CON SEÑAL PARE,DESOBEDIENCIA A SEÑALIZACION,SEÑALIZACION DESOBEDECER SEÑAL PARE,GALVARINO,LOS PLACERES,GALVARINO - LOS PLACERES,0, , ,BIDIRECCIONAL,ASFALTO,BUENO,SECO,DESPEJADO,1,0,0,1,13,131,13103,Metropolitana de Santiago,Santiago,Cerro Navia,Interseccion,"GALVARINO & LOS PLACERES, Cerro Navia",-33.427403,-70.742969
-7876480.3683988,-3963987.12018414,6073,2023,1581008,2023/12/26 00:00:00+00,Diciembre,26,Martes,1899/12/30 00:00:00+00,22:40:00,22,REGION METROPOLITANA,MAIPU,COLISION LATERAL,COLISION,URBANA,CRUCE CON SEMAFORO FUNCIONANDO,IMPRUDENCIA DEL CONDUCTOR,CONDUCCION NO ATENTO CONDICIONES TRANSITO MOMENTO,4 ALAMOS,ALBERTO LLONA,4 ALAMOS - ALBERTO LLONA,0, , ,BIDIRECCIONAL,ASFALTO,BUENO,SECO,DESPEJADO,0,0,0,1,13,131,13119,Metropolitana de Santiago,Santiago,Maipú,Interseccion,"4 ALAMOS & ALBERTO LLONA, Maipú",-33.515931,-70.755627
-7867480.18756816,-3951358.40619565,6074,2023,1581532,2023/12/27 00:00:00+00,Diciembre,27,Miércoles,1899/12/30 00:00:00+00,03:30:00,3,REGION METROPOLITANA,INDEPENDENCIA,VOLCADURA,VOLCADURA,URBANA,CRUCE CON SEÑAL PARE,IMPRUDENCIA DEL CONDUCTOR,CARGA ESCURRE A LA CALZADA,PDTE EDUARDO FREI MONTALVA,ENRIQUE SORO,ENRIQUE SORO - PDTE EDUARDO FREI MONTALVA,0, , ,UNIDIRECCIONAL,CONCRETO,BUENO,CON ACEITE,DESPEJADO,0,0,0,2,13,131,13108,Metropolitana de Santiago,Santiago,Independencia,Interseccion,"ENRIQUE SORO & PDTE EDUARDO FREI MONTALVA, Independencia",-33.421296,-70.674777
-7863691.76265749,-3946297.84468208,6075,2023,1581096,2023/12/27 00:00:00+00,Diciembre,27,Miércoles,1899/12/30 00:00:00+00,07:45:00,7,REGION METROPOLITANA,HUECHURABA,COLISION,COLISION,URBANA,CRUCE CON SEMAFORO FUNCIONANDO,IMPRUDENCIA DEL CONDUCTOR,CONDUCCION NO ATENTO CONDICIONES TRANSITO MOMENTO,RECOLETA,AMERICO VESPUCIO,AMERICO VESPUCIO - RECOLETA,0, , ,BIDIRECCIONAL CON BANDEJON,ASFALTO,BUENO,SECO,DESPEJADO,0,0,0,0,13,131,13107,Metropolitana de Santiago,Santiago,Huechuraba,Interseccion,"AMERICO VESPUCIO & RECOLETA, Huechuraba",-33.383345,-70.640745
-7972096.40825521,-3973950.44841821,6076,2023,1583664,2023/12/27 00:00:00+00,Diciembre,27,Miércoles,1899/12/30 00:00:00+00,08:15:00,8,REGION VALPARAISO,SAN ANTONIO,COLISION POR ALCANCE,COLISION,URBANA,TRAMO DE VIA RECTA,IMPRUDENCIA DEL CONDUCTOR,CONDUCCION SIN MANTENER DISTANCIA RAZONABLE NI PRUDENTE,ANGAMOS,5 NORTE,5 NORTE - ANGAMOS,0, , ,BIDIRECCIONAL,ASFALTO,BUENO,SECO,DESPEJADO,0,0,0,0,05,056,05601,Valparaíso,San Antonio,San Antonio,Interseccion,"5 NORTE & ANGAMOS, San Antonio",-33.59052,-71.614561
-7866935.94657767,-3954238.03672333,6077,2023,1582829,2023/12/27 00:00:00+00,Diciembre,27,Miércoles,1899/12/30 00:00:00+00,08:30:00,8,REGION METROPOLITANA,SANTIAGO,COLISION POR ALCANCE,COLISION,URBANA,TRAMO DE VIA RECTA,IMPRUDENCIA DEL CONDUCTOR,CONDUCCION CAMBIAR SORPRESIVAMENTE PISTA CIRCULACION,GRAL BULNES,AGUSTINAS,AGUSTINAS - GRAL BULNES,0, , ,UNIDIRECCIONAL,ASFALTO,REGULAR,SECO,DESPEJADO,0,1,0,0,13,131,13101,Metropolitana de Santiago,Santiago,Santiago,Interseccion,"AGUSTINAS & GRAL BULNES, Santiago",-33.442884,-70.669888
-7862244.38663819,-3974560.82806761,6078,2023,1581283,2023/12/27 00:00:00+00,Diciembre,27,Miércoles,1899/12/30 00:00:00+00,09:00:00,9,REGION METROPOLITANA,LA PINTANA,VOLCADURA,VOLCADURA,URBANA,CRUCE CON SEMAFORO FUNCIONANDO,IMPRUDENCIA DEL CONDUCTOR,CONDUCCION NO ATENTO CONDICIONES TRANSITO MOMENTO,STA ROSA,EL OMBU,EL OMBU - STA ROSA,0, , ,BIDIRECCIONAL CON BANDEJON,ASFALTO,BUENO,SECO,DESPEJADO,0,0,0,1,13,131,13112,Metropolitana de Santiago,Santiago,La Pintana,Interseccion,"EL OMBU & STA ROSA, La Pintana",-33.595087,-70.627743
-7872059.20344679,-4052786.86048542,6079,2023,1580646,2023/12/27 00:00:00+00,Diciembre,27,Miércoles,1899/12/30 00:00:00+00,11:05:00,11,REGION LIB.B.O'HIGGINS,RANCAGUA,COLISION LATERAL,COLISION,URBANA,TRAMO DE VIA RECTA,IMPRUDENCIA DEL CONDUCTOR,CONDUCCION NO ATENTO CONDICIONES TRANSITO MOMENTO,BOMBERO VILLALOBOS,MANANTIALES,BOMBERO VILLALOBOS - MANANTIALES,0, , ,BIDIRECCIONAL CON BANDEJON,CONCRETO,BUENO,SECO,DESPEJADO,0,0,0,2,06,061,06101,Libertador General Bernardo O'Higgins,Cachapoal,Rancagua,Interseccion,"BOMBERO VILLALOBOS & MANANTIALES, Rancagua",-34.178436,-70.715911
-7877623.39693026,-3992995.704995,6080,2023,1584263,2023/12/27 00:00:00+00,Diciembre,27,Miércoles,1899/12/30 00:00:00+00,11:45:00,11,REGION METROPOLITANA,BUIN,CHOQUE FRENTE/POSTERIOR,CHOQUE,URBANA,CRUCE CON SEÑAL PARE,IMPRUDENCIA DEL CONDUCTOR,CONDUCCION NO ATENTO CONDICIONES TRANSITO MOMENTO,CAMINO BUIN MAIPO,CALLEJON SANTA ADELA,CALLEJON SANTA ADELA - CAMINO BUIN MAIPO,0, , ,BIDIRECCIONAL,ASFALTO,BUENO,SECO,DESPEJADO,0,0,0,0,13,134,13402,Metropolitana de Santiago,Maipo,Buin,Interseccion,"CALLEJON SANTA ADELA & CAMINO BUIN MAIPO, Buin",-33.732919,-70.765895
-7976821.53101004,-4222178.15273577,6081,2023,1581481,2023/12/27 00:00:00+00,Diciembre,27,Miércoles,1899/12/30 00:00:00+00,15:30:00,15,REGION MAULE,TALCA,CHOQUE FRENTE/POSTERIOR,CHOQUE,URBANA,TRAMO DE VIA RECTA,IMPRUDENCIA DEL CONDUCTOR,CONDUCCION NO ATENTO CONDICIONES TRANSITO MOMENTO,7 ORIENTE,1 SUR,1 SUR - 7 ORIENTE,0, , ,UNIDIRECCIONAL,CONCRETO,BUENO,SECO,DESPEJADO,0,0,0,1,07,071,07101,Maule,Talca,Talca,Interseccion,"1 SUR & 7 ORIENTE, Talca",-35.427856,-71.657007
-7941453.336155,-3498184.03865437,6082,2023,1580936,2023/12/27 00:00:00+00,Diciembre,27,Miércoles,1899/12/30 00:00:00+00,18:20:00,18,REGION COQUIMBO,COQUIMBO,CHOQUE LADO/LADO,CHOQUE,URBANA,TRAMO DE VIA RECTA,IMPRUDENCIA DEL CONDUCTOR,CONDUCCION NO ATENTO CONDICIONES TRANSITO MOMENTO,ALDUNATE,HENRIQUEZ,ALDUNATE - HENRIQUEZ,0, , ,UNIDIRECCIONAL,ASFALTO,BUENO,SECO,DESPEJADO,0,0,0,1,04,041,04102,Coquimbo,Elqui,Coquimbo,Interseccion,"ALDUNATE & HENRIQUEZ, Coquimbo",-29.958247,-71.339289
-7927340.12867192,-3868445.22632066,6083,2023,1581025,2023/12/27 00:00:00+00,Diciembre,27,Miércoles,1899/12/30 00:00:00+00,20:45:00,20,REGION VALPARAISO,CALERA,COLISION POR ALCANCE,COLISION,URBANA,TRAMO DE VIA RECTA,IMPRUDENCIA DEL CONDUCTOR,CONDUCCION SIN MANTENER DISTANCIA RAZONABLE NI PRUDENTE,CARRERA,CALLEJON GUERRA,CALLEJON GUERRA - CARRERA,0, , ,BIDIRECCIONAL,ASFALTO,BUENO,SECO,DESPEJADO,0,0,0,1,05,055,05502,Valparaíso,Quillota,Calera,Interseccion,"CALLEJON GUERRA & CARRERA, Calera",-32.797417,-71.212508
-7880460.93075059,-3962602.47283763,6084,2023,1582282,2023/12/27 00:00:00+00,Diciembre,27,Miércoles,1899/12/30 00:00:00+00,23:10:00,23,REGION METROPOLITANA,MAIPU,VOLCADURA,VOLCADURA,URBANA,TRAMO DE VIA RECTA,VELOCIDAD IMPRUDENTE,VELOCIDAD NO RAZONABLE NI PRUDENTE,CAMINO A RINCONADA,4 PONIENTE,4 PONIENTE - CAMINO A RINCONADA,0, , ,UNIDIRECCIONAL,CONCRETO,MALO,SECO,DESPEJADO,0,0,0,1,13,131,13119,Metropolitana de Santiago,Santiago,Maipú,Interseccion,"4 PONIENTE & CAMINO A RINCONADA, Maipú",-33.50556,-70.791385
-7859174.64036008,-3949556.53368179,6085,2023,1580703,2023/12/27 00:00:00+00,Diciembre,27,Miércoles,1899/12/30 00:00:00+00,23:20:00,23,REGION METROPOLITANA,VITACURA,COLISION FRONTAL,COLISION,URBANA,TRAMO DE VIA RECTA,VELOCIDAD IMPRUDENTE,VELOCIDAD NO RAZONABLE NI PRUDENTE,PDTE KENNEDY,VITACURA,PDTE KENNEDY - VITACURA,0, , ,BIDIRECCIONAL CON BANDEJON,ASFALTO,BUENO,SECO,DESPEJADO,0,1,0,0,13,131,13132,Metropolitana de Santiago,Santiago,Vitacura,Interseccion,"PDTE KENNEDY & VITACURA, Vitacura",-33.407785,-70.600167
-8145677.79190365,-4949399.48213669,6086,2023,1582022,2023/12/28 00:00:00+00,Diciembre,28,Jueves,1899/12/30 00:00:00+00,08:30:00,8,REGION LOS LAGOS,OSORNO,CHOQUE FRENTE/FRENTE,CHOQUE,URBANA,CRUCE CON SEÑAL CEDA EL PASO,DESOBEDIENCIA A SEÑALIZACION,SEÑALIZACION DESOBEDECER SEÑAL CEDA EL PASO,NUEVA PONIENTE,RECOLETA,NUEVA PONIENTE - RECOLETA,0, , ,BIDIRECCIONAL,CONCRETO,BUENO,SECO,DESPEJADO,0,1,0,1,10,103,10301,Los Lagos,Osorno,Osorno,Interseccion,"NUEVA PONIENTE & RECOLETA, Osorno",-40.571892,-73.173869
-8132065.24384154,-4411793.37381036,6087,2023,1584947,2023/12/28 00:00:00+00,Diciembre,28,Jueves,1899/12/30 00:00:00+00,08:45:00,8,REGION BIO BIO,CONCEPCION,COLISION FRONTAL,COLISION,URBANA,TRAMO DE VIA RECTA,IMPRUDENCIA DEL CONDUCTOR,ADELANTAMIENTO SIN EL ESPACIO O TIEMPO SUFICIENTE,LAUTARO,BELLAVISTA,BELLAVISTA - LAUTARO,0, , ,UNIDIRECCIONAL,CONCRETO,BUENO,SECO,DESPEJADO,0,0,0,0,08,081,08101,Biobío,Concepción,Concepción,Interseccion,"BELLAVISTA & LAUTARO, Concepción",-36.803794,-73.051585
-7928999.56831004,-3875151.53911882,6088,2023,1580782,2023/12/28 00:00:00+00,Diciembre,28,Jueves,1899/12/30 00:00:00+00,15:30:00,15,REGION VALPARAISO,QUILLOTA,VOLCADURA,VOLCADURA,URBANA,TRAMO DE VIA RECTA,VELOCIDAD IMPRUDENTE,VELOCIDAD NO RAZONABLE NI PRUDENTE,SANTA CRUZ,CARACOLES,CARACOLES - SANTA CRUZ,0, , ,BIDIRECCIONAL,ASFALTO,BUENO,SECO,DESPEJADO,0,0,0,1,05,055,05501,Valparaíso,Quillota,Quillota,Interseccion,"CARACOLES & SANTA CRUZ, Quillota",-32.848043,-71.227415
-7869887.0262786,-3950713.96218305,6089,2023,1583686,2023/12/28 00:00:00+00,Diciembre,28,Jueves,1899/12/30 00:00:00+00,17:30:00,17,REGION METROPOLITANA,QUINTA NORMAL,COLISION POR ALCANCE,COLISION,URBANA,CRUCE SIN SEÑALIZACION,IMPRUDENCIA DEL CONDUCTOR,CONDUCCION CAMBIAR SORPRESIVAMENTE PISTA CIRCULACION,EMBAJADOR GOMEZ,PSJE 14,EMBAJADOR GOMEZ - PSJE 14,0, , ,UNIDIRECCIONAL,ASFALTO,BUENO,SECO,DESPEJADO,0,0,0,1,13,131,13126,Metropolitana de Santiago,Santiago,Quinta Normal,Interseccion,"EMBAJADOR GOMEZ & PSJE 14, Quinta Normal",-33.416464,-70.696398
-7952347.8965204,-3901858.78711035,6090,2023,1584627,2023/12/28 00:00:00+00,Diciembre,28,Jueves,1899/12/30 00:00:00+00,19:20:00,19,REGION VALPARAISO,QUILPUE,COLISION POR ALCANCE,COLISION,URBANA,TRAMO DE VIA RECTA,IMPRUDENCIA DEL CONDUCTOR,CONDUCCION SIN MANTENER DISTANCIA RAZONABLE NI PRUDENTE,ESMERALDA,DAVID CORTES,DAVID CORTES - ESMERALDA,0, , ,BIDIRECCIONAL,ASFALTO,BUENO,SECO,DESPEJADO,0,0,0,0,05,058,05801,Valparaíso,Marga Marga,Quilpué,Interseccion,"DAVID CORTES & ESMERALDA, Quilpué",-33.04937,-71.437157
-8018428.63784741,-5713890.60352646,6091,2023,1583358,2023/12/28 00:00:00+00,Diciembre,28,Jueves,1899/12/30 00:00:00+00,21:45:00,21,REGION AYSEN DEL GRL. CARLOS IBAÑEZ DEL CAMPO,COYHAIQUE,CHOQUE FRONTAL,CHOQUE,URBANA,OTROS NO CONSIDERADOS,ALCOHOL EN CONDUCTOR,CONDUCCION EN ESTADO DE EBRIEDAD,LOS FIORDOS,PUDU,LOS FIORDOS - PUDU,0, , ,UNIDIRECCIONAL,CONCRETO,BUENO,SECO,DESPEJADO,0,1,0,0,11,111,11101,Aysén del General Carlos Ibáñez del Campo,Coihaique,Coihaique,Interseccion,"LOS FIORDOS & PUDU, Coihaique",-45.583729,-72.03077
-7970343.87207128,-3900107.477671,6092,2023,1583293,2023/12/28 00:00:00+00,Diciembre,28,Jueves,1899/12/30 00:00:00+00,22:15:00,22,REGION VALPARAISO,VALPARAISO,ATROPELLO,ATROPELLO,URBANA,TRAMO DE VIA RECTA,IMPRUDENCIA DEL PEATON,PEATON CRUZA CALZADA FORMA SORPRESIVA O DESCUIDADA,ESPAÑA,PASARELA YOLANDA,ESPAÑA - PASARELA YOLANDA,0, , ,UNIDIRECCIONAL,ASFALTO,BUENO,SECO,DESPEJADO,0,0,0,1,05,051,05101,Valparaíso,Valparaíso,Valparaíso,Interseccion,"ESPAÑA & PASARELA YOLANDA, Valparaíso",-33.036182,-71.598817