X,Y,FID,Año,IdAccident,Fecha,Mes,Dia_mes,Dia_semana,Hora,Hora_texto,Hora_aprox,Región,Comuna,Tipo_Accid,Tipo__CONA,Zona,Ubicación,Causa__CON,Causa_Acci,Calle_Uno,Calle_Dos,Intersecci,Número,Ruta,Ubicaci_1,Calzada,Tipo_Calza,Estado_Cal,Condición,Estado_Atm,Fallecidos,Graves,Menos_Grav,Leves,CUT_REG,CUT_PROV,CUT_COM,REGION,PROVINCIA,COMUNA1,Tipo_direc,Direccion,Lat,Lon
-7807644.73675238,-2299118.03721633,6093,2023,1581061,2023/12/29 00:00:00+00,Diciembre,29,Viernes,1899/12/30 00:00:00+00,13:00:00,13,REGION TARAPACA,IQUIQUE,COLISION POR ALCANCE,COLISION,URBANA,TRAMO DE VIA RECTA,IMPRUDENCIA DEL CONDUCTOR,CONDUCCION NO ATENTO CONDICIONES TRANSITO MOMENTO,MANUEL BULNES,ARTURO PEREZ CANTO,ARTURO PEREZ CANTO - MANUEL BULNES,0, , ,UNIDIRECCIONAL,ASFALTO,BUENO,SECO,DESPEJADO,0,0,0,0,01,011,01101,Tarapacá,Iquique,Iquique,Interseccion,"ARTURO PEREZ CANTO & MANUEL BULNES, Iquique",-20.220057,-70.137266
-7897179.22582526,-3602379.57106966,6094,2023,1581872,2023/12/29 00:00:00+00,Diciembre,29,Viernes,1899/12/30 00:00:00+00,15:00:00,15,REGION COQUIMBO,MONTE PATRIA,COLISION,COLISION,URBANA,CRUCE SIN SEÑALIZACION,IMPRUDENCIA DEL CONDUCTOR,NO RESPETAR DERECHO PREFERENTE DE PASO A VEHICULO,PEDRO AGUIRRE CERDA,JOSE MIGUEL AGUIRRE,JOSE MIGUEL AGUIRRE - PEDRO AGUIRRE CERDA,0, , ,UNIDIRECCIONAL,CONCRETO,REGULAR,SECO,DESPEJADO,0,0,0,1,04,043,04303,Coquimbo,Limarí,Monte Patria,Interseccion,"JOSE MIGUEL AGUIRRE & PEDRO AGUIRRE CERDA, Monte Patria",-30.765866,-70.941568
-7858764.94006163,-3875770.07809113,6095,2023,1581794,2023/12/29 00:00:00+00,Diciembre,29,Viernes,1899/12/30 00:00:00+00,15:00:00,15,REGION VALPARAISO,LOS ANDES,COLISION POR ALCANCE,COLISION,URBANA,CRUCE CON SEÑAL PARE,DESOBEDIENCIA A SEÑALIZACION,SEÑALIZACION DESOBEDECER SEÑAL PARE,LOS MORENOS,PEDRO LAGOS,LOS MORENOS - PEDRO LAGOS,0, , ,BIDIRECCIONAL,ASFALTO,BUENO,SECO,DESPEJADO,0,1,0,0,05,053,05301,Valparaíso,Los Andes,Los Andes,Interseccion,"LOS MORENOS & PEDRO LAGOS, Los Andes",-32.852711,-70.596487
-7854791.99200755,-3971333.29421079,6096,2023,1581211,2023/12/29 00:00:00+00,Diciembre,29,Viernes,1899/12/30 00:00:00+00,20:00:00,20,REGION METROPOLITANA,PUENTE ALTO,CHOQUE FRENTE/POSTERIOR,CHOQUE,URBANA,TRAMO DE VIA RECTA,IMPRUDENCIA DEL CONDUCTOR,CONDUCCION NO ATENTO CONDICIONES TRANSITO MOMENTO,GUILLERMO VALENCIA,OCTAVIA PAZ,GUILLERMO VALENCIA - OCTAVIA PAZ,0, , ,BIDIRECCIONAL,CONCRETO,BUENO,SECO,DESPEJADO,0,0,0,0,13,132,13201,Metropolitana de Santiago,Cordillera,Puente Alto,Interseccion,"GUILLERMO VALENCIA & OCTAVIA PAZ, Puente Alto",-33.570933,-70.560797
-7875501.11312445,-3962789.25919734,6097,2023,1582638,2023/12/29 00:00:00+00,Diciembre,29,Viernes,1899/12/30 00:00:00+00,21:00:00,21,REGION METROPOLITANA,MAIPU,VOLCADURA,VOLCADURA,URBANA,CRUCE CON SEMAFORO FUNCIONANDO,IMPRUDENCIA DEL CONDUCTOR,CONDUCCION NO ATENTO CONDICIONES TRANSITO MOMENTO,SEGUNDA TRANSVERSAL,1 SUR,1 SUR - SEGUNDA TRANSVERSAL,0, , ,BIDIRECCIONAL,ASFALTO,BUENO,SECO,DESPEJADO,0,0,1,0,13,131,13119,Metropolitana de Santiago,Santiago,Maipú,Interseccion,"1 SUR & SEGUNDA TRANSVERSAL, Maipú",-33.506959,-70.74683
-8135113.61677742,-4416023.06388741,6098,2023,1581285,2023/12/29 00:00:00+00,Diciembre,29,Viernes,1899/12/30 00:00:00+00,21:30:00,21,REGION BIO BIO,CONCEPCION,COLISION POR ALCANCE,COLISION,URBANA,TRAMO DE VIA RECTA,IMPRUDENCIA DEL CONDUCTOR,CONDUCCION SIN MANTENER DISTANCIA RAZONABLE NI PRUDENTE,PUENTE LLACOLEN,COSTANERA,COSTANERA - PUENTE LLACOLEN,0, , ,BIDIRECCIONAL,CONCRETO,BUENO,SECO,DESPEJADO,0,0,1,0,08,081,08101,Biobío,Concepción,Concepción,Interseccion,"COSTANERA & PUENTE LLACOLEN, Concepción",-36.834211,-73.078969
-7867567.79600742,-3955170.45529731,6099,2023,1582842,2023/12/29 00:00:00+00,Diciembre,29,Viernes,1899/12/30 00:00:00+00,22:30:00,22,REGION METROPOLITANA,SANTIAGO,COLISION LATERAL,COLISION,URBANA,TRAMO DE VIA RECTA,IMPRUDENCIA DEL CONDUCTOR,CONDUCCION CAMBIAR SORPRESIVAMENTE PISTA CIRCULACION,LIBER BERNARDO O'HIGGINS,MAIPU,LIBER BERNARDO O'HIGGINS - MAIPU,0, , ,BIDIRECCIONAL CON BANDEJON,ASFALTO,REGULAR,SECO,DESPEJADO,0,0,1,0,13,131,13101,Metropolitana de Santiago,Santiago,Santiago,Interseccion,"LIBER BERNARDO O'HIGGINS & MAIPU, Santiago",-33.449873,-70.675564
-7927770.27831629,-3493116.54083552,6100,2023,1582813,2023/12/29 00:00:00+00,Diciembre,29,Viernes,1899/12/30 00:00:00+00,23:15:00,23,REGION COQUIMBO,LA SERENA,COLISION PERPENDICULAR,COLISION,URBANA,CRUCE CON SEÑAL PARE,DESOBEDIENCIA A SEÑALIZACION,SEÑALIZACION DESOBEDECER SEÑAL PARE,ARAUCO,JUAN PABLO I,ARAUCO - JUAN PABLO I,0, , ,BIDIRECCIONAL,ASFALTO,BUENO,SECO,DESPEJADO,0,0,0,1,04,041,04101,Coquimbo,Elqui,La Serena,Interseccion,"ARAUCO & JUAN PABLO I, La Serena",-29.9188,-71.216372
-7866386.80752959,-3956147.51419376,6101,2023,1582584,2023/12/29 00:00:00+00,Diciembre,29,Viernes,1899/12/30 00:00:00+00,23:30:00,23,REGION METROPOLITANA,SANTIAGO,COLISION PERPENDICULAR,COLISION,URBANA,CRUCE CON SEMAFORO FUNCIONANDO,DESOBEDIENCIA A SEÑALIZACION,SEÑALIZACION DESOBEDECER LUZ ROJA DE SEMAFORO,CLUB HIPICO,BLANCO ENCALADA,BLANCO ENCALADA - CLUB HIPICO,0, , ,BIDIRECCIONAL CON BANDEJON,ASFALTO,BUENO,SECO,DESPEJADO,0,1,0,0,13,131,13101,Metropolitana de Santiago,Santiago,Santiago,Interseccion,"BLANCO ENCALADA & CLUB HIPICO, Santiago",-33.457196,-70.664955
-7885433.34972081,-3890853.73114808,6102,2023,1581519,2023/12/30 00:00:00+00,Diciembre,30,Sábado,1899/12/30 00:00:00+00,07:40:00,7,REGION METROPOLITANA,TILTIL,VOLCADURA,VOLCADURA,URBANA,TRAMO DE VIA RECTA,VELOCIDAD IMPRUDENTE,VELOCIDAD NO RAZONABLE NI PRUDENTE,SANTA ELENA,ESTACION,ESTACION - SANTA ELENA,0, , ,BIDIRECCIONAL CON BANDEJON,ASFALTO,BUENO,SECO,DESPEJADO,0,0,0,0,13,133,13303,Metropolitana de Santiago,Chacabuco,Tiltil,Interseccion,"ESTACION & SANTA ELENA, Tiltil",-32.966466,-70.836053
-7860174.2893874,-3955881.05966189,6103,2023,1583946,2023/12/30 00:00:00+00,Diciembre,30,Sábado,1899/12/30 00:00:00+00,09:02:00,9,REGION METROPOLITANA,ÑUÑOA,CHOQUE FRENTE/POSTERIOR,CHOQUE,URBANA,CRUCE CON SEMAFORO FUNCIONANDO,IMPRUDENCIA DEL CONDUCTOR,CONDUCCION SIN MANTENER DISTANCIA RAZONABLE NI PRUDENTE,CAMPOS DE DEPORTES,DUBLE ALMEYDA,CAMPOS DE DEPORTES - DUBLE ALMEYDA,0, , ,BIDIRECCIONAL CON BANDEJON,CONCRETO,BUENO,SECO,DESPEJADO,0,0,0,0,13,131,13120,Metropolitana de Santiago,Santiago,Ñuñoa,Interseccion,"CAMPOS DE DEPORTES & DUBLE ALMEYDA, Ñuñoa",-33.455199,-70.609147
-7872917.81073494,-4054124.05077947,6104,2023,1582732,2023/12/30 00:00:00+00,Diciembre,30,Sábado,1899/12/30 00:00:00+00,11:20:00,11,REGION LIB.B.O'HIGGINS,RANCAGUA,CHOQUE POSTERIOR/FRENTE,CHOQUE,URBANA,TRAMO DE VIA RECTA,IMPRUDENCIA DEL CONDUCTOR,CONDUCIR VEHICULO EN RETROCESO,JAVIERA CARRERA,BOMBERO VILLALOBOS,BOMBERO VILLALOBOS - JAVIERA CARRERA,0, , ,BIDIRECCIONAL CON BANDEJON,CONCRETO,BUENO,SECO,DESPEJADO,0,0,0,0,06,061,06101,Libertador General Bernardo O'Higgins,Cachapoal,Rancagua,Interseccion,"BOMBERO VILLALOBOS & JAVIERA CARRERA, Rancagua",-34.188373,-70.723624
-7855830.15757868,-3947686.67548191,6105,2023,1582146,2023/12/30 00:00:00+00,Diciembre,30,Sábado,1899/12/30 00:00:00+00,18:00:00,18,REGION METROPOLITANA,VITACURA,COLISION LATERAL,COLISION,URBANA,CRUCE CON SEÑAL CEDA EL PASO,IMPRUDENCIA DEL CONDUCTOR,CONDUCCION NO ATENTO CONDICIONES TRANSITO MOMENTO,LAS HUALTATAS,RAFAEL MALUENDA,LAS HUALTATAS - RAFAEL MALUENDA,0, , ,UNIDIRECCIONAL,ASFALTO,BUENO,SECO,DESPEJADO,0,0,0,0,13,131,13132,Metropolitana de Santiago,Santiago,Vitacura,Interseccion,"LAS HUALTATAS & RAFAEL MALUENDA, Vitacura",-33.393762,-70.570123
-7809545.26100058,-2298297.2870863,6106,2023,1583913,2023/12/30 00:00:00+00,Diciembre,30,Sábado,1899/12/30 00:00:00+00,18:00:00,18,REGION TARAPACA,IQUIQUE,COLISION PERPENDICULAR,COLISION,URBANA,CRUCE CON SEÑAL PARE,DESOBEDIENCIA A SEÑALIZACION,SEÑALIZACION DESOBEDECER SEÑAL PARE,ARTURO PRAT,SERRANO,ARTURO PRAT - SERRANO,0, , ,UNIDIRECCIONAL,ASFALTO,BUENO,SECO,DESPEJADO,0,0,0,1,01,011,01101,Tarapacá,Iquique,Iquique,Interseccion,"ARTURO PRAT & SERRANO, Iquique",-20.213139,-70.154339
-7932794.56113747,-3496216.13443027,6107,2023,1582837,2023/12/30 00:00:00+00,Diciembre,30,Sábado,1899/12/30 00:00:00+00,19:00:00,19,REGION COQUIMBO,LA SERENA,COLISION PERPENDICULAR,COLISION,URBANA,CRUCE SIN SEÑALIZACION,VELOCIDAD IMPRUDENTE,"VELOCIDAD NO REDUCIR CRUCE DE CALLES, CUMBRE, CURVA, ETC.",LARRAIN ALCALDE,LOS MAITENES,LARRAIN ALCALDE - LOS MAITENES,0, , ,UNIDIRECCIONAL,ASFALTO,BUENO,SECO,DESPEJADO,0,1,0,0,04,041,04101,Coquimbo,Elqui,La Serena,Interseccion,"LARRAIN ALCALDE & LOS MAITENES, La Serena",-29.94293,-71.261506
-7932478.97030315,-3497865.49846737,6108,2023,1582509,2023/12/30 00:00:00+00,Diciembre,30,Sábado,1899/12/30 00:00:00+00,21:30:00,21,REGION COQUIMBO,COQUIMBO,COLISION PERPENDICULAR,COLISION,URBANA,CRUCE SIN SEÑALIZACION,ALCOHOL EN CONDUCTOR,CONDUCCION BAJO LA INFLUENCIA DEL ALCOHOL,TOCOPILLA,ELIANA TRUJILLO,ELIANA TRUJILLO - TOCOPILLA,0, , ,BIDIRECCIONAL,ASFALTO,BUENO,SECO,DESPEJADO,0,0,0,1,04,041,04102,Coquimbo,Elqui,Coquimbo,Interseccion,"ELIANA TRUJILLO & TOCOPILLA, Coquimbo",-29.955768,-71.258671
-7827438.31076178,-3171457.87668532,6109,2023,1584101,2023/12/30 00:00:00+00,Diciembre,30,Sábado,1899/12/30 00:00:00+00,23:00:00,23,REGION ATACAMA,COPIAPO,COLISION LATERAL,COLISION,URBANA,CRUCE CON SEMAFORO FUNCIONANDO,DESOBEDIENCIA A SEÑALIZACION,SEÑALIZACION DESOBEDECER LUZ ROJA DE SEMAFORO,COPAYAPU,PEDRO PABLO FIGUEROA,COPAYAPU - PEDRO PABLO FIGUEROA,0, , ,BIDIRECCIONAL,ASFALTO,BUENO,SECO,DESPEJADO,1,0,1,0,03,031,03101,Atacama,Copiapó,Copiapó,Interseccion,"COPAYAPU & PEDRO PABLO FIGUEROA, Copiapó",-27.383425,-70.315075
-7938184.53950653,-3499318.07365931,6110,2023,1582519,2023/12/31 00:00:00+00,Diciembre,31,Domingo,1899/12/30 00:00:00+00,01:20:00,1,REGION COQUIMBO,COQUIMBO,CHOQUE LADO/LADO,CHOQUE,URBANA,TRAMO DE VIA RECTA,IMPRUDENCIA DEL CONDUCTOR,CONDUCCION CAMBIAR SORPRESIVAMENTE PISTA CIRCULACION,LA CANTERA,RAUL SILVA HENRIQUEZ,LA CANTERA - RAUL SILVA HENRIQUEZ,0, , ,BIDIRECCIONAL CON BANDEJON,ASFALTO,BUENO,SECO,DESPEJADO,0,1,0,2,04,041,04102,Coquimbo,Elqui,Coquimbo,Interseccion,"LA CANTERA & RAUL SILVA HENRIQUEZ, Coquimbo",-29.967073,-71.309925
-7834506.79778661,-2703851.75452769,6111,2023,1582451,2023/12/31 00:00:00+00,Diciembre,31,Domingo,1899/12/30 00:00:00+00,02:50:00,2,REGION ANTOFAGASTA,ANTOFAGASTA,VOLCADURA,VOLCADURA,URBANA,CRUCE CON SEMAFORO FUNCIONANDO,IMPRUDENCIA DEL CONDUCTOR,CONDUCCION NO ATENTO CONDICIONES TRANSITO MOMENTO,GENERAL OSCAR BONILLA,NICOLAS TIRADO,GENERAL OSCAR BONILLA - NICOLAS TIRADO,0, , ,BIDIRECCIONAL,ASFALTO,BUENO,SECO,DESPEJADO,0,0,0,2,02,021,02101,Antofagasta,Antofagasta,Antofagasta,Interseccion,"GENERAL OSCAR BONILLA & NICOLAS TIRADO, Antofagasta",-23.592675,-70.378572
-7865352.09286267,-3953409.34256132,6112,2023,1581923,2023/12/31 00:00:00+00,Diciembre,31,Domingo,1899/12/30 00:00:00+00,03:40:00,3,REGION METROPOLITANA,SANTIAGO,COLISION LATERAL,COLISION,URBANA,CRUCE CON SEMAFORO FUNCIONANDO,DESOBEDIENCIA A SEÑALIZACION,SEÑALIZACION DESOBEDECER LUZ ROJA DE SEMAFORO,TEATINOS,STO DOMINGO,STO DOMINGO - TEATINOS,0, , ,UNIDIRECCIONAL,ASFALTO,BUENO,SECO,DESPEJADO,0,0,0,0,13,131,13101,Metropolitana de Santiago,Santiago,Santiago,Interseccion,"STO DOMINGO & TEATINOS, Santiago",-33.436672,-70.65566
-8052457.892988,-4503033.23410576,6113,2023,1582378,2023/12/31 00:00:00+00,Diciembre,31,Domingo,1899/12/30 00:00:00+00,12:40:00,12,REGION BIO BIO,LOS ANGELES,COLISION POR ALCANCE,COLISION,URBANA,TRAMO DE VIA RECTA,IMPRUDENCIA DEL CONDUCTOR,CONDUCCION NO ATENTO CONDICIONES TRANSITO MOMENTO,ALMAGRO,ALMIRANTE LATORRE,ALMAGRO - ALMIRANTE LATORRE,0, , ,UNIDIRECCIONAL,CONCRETO,BUENO,SECO,DESPEJADO,0,0,0,0,08,083,08301,Biobío,Biobío,Los Angeles,Interseccion,"ALMAGRO & ALMIRANTE LATORRE, Los Angeles",-37.45724,-72.33646
-7866178.80706104,-3957903.01188947,6114,2023,1582591,2023/12/31 00:00:00+00,Diciembre,31,Domingo,1899/12/30 00:00:00+00,14:00:00,14,REGION METROPOLITANA,SANTIAGO,ATROPELLO,ATROPELLO,URBANA,CRUCE CON SEMAFORO FUNCIONANDO,IMPRUDENCIA DEL PEATON,PEATON CRUZA CALZADA FORMA SORPRESIVA O DESCUIDADA,MANUEL RODRIGUEZ,GRAL RONDIZZONI,GRAL RONDIZZONI - MANUEL RODRIGUEZ,0, , ,UNIDIRECCIONAL,ASFALTO,BUENO,SECO,DESPEJADO,0,0,0,1,13,131,13101,Metropolitana de Santiago,Santiago,Santiago,Interseccion,"GRAL RONDIZZONI & MANUEL RODRIGUEZ, Santiago",-33.470352,-70.663087
-7872758.06726565,-4050431.1134737,6115,2023,1582741,2023/12/31 00:00:00+00,Diciembre,31,Domingo,1899/12/30 00:00:00+00,14:30:00,14,REGION LIB.B.O'HIGGINS,RANCAGUA,COLISION POR ALCANCE,COLISION,URBANA,TRAMO DE VIA RECTA,IMPRUDENCIA DEL CONDUCTOR,CONDUCCION NO ATENTO CONDICIONES TRANSITO MOMENTO,ALAMEDA,LA VICTORIA,ALAMEDA - LA VICTORIA,0, , ,BIDIRECCIONAL CON BANDEJON,CONCRETO,BUENO,SECO,DESPEJADO,0,2,0,0,06,061,06101,Libertador General Bernardo O'Higgins,Cachapoal,Rancagua,Interseccion,"ALAMEDA & LA VICTORIA, Rancagua",-34.160927,-70.722189
-8120452.99548686,-5081827.3508521,6116,2023,1583094,2023/12/31 00:00:00+00,Diciembre,31,Domingo,1899/12/30 00:00:00+00,14:40:00,14,REGION LOS LAGOS,PUERTO MONTT,COLISION PERPENDICULAR,COLISION,URBANA,TRAMO DE VIA RECTA,IMPRUDENCIA DEL CONDUCTOR,CONDUCCION NO ATENTO CONDICIONES TRANSITO MOMENTO,SANTA MARIA,ARTURO PRAT,ARTURO PRAT - SANTA MARIA,0, , ,BIDIRECCIONAL,CONCRETO,REGULAR,SECO,DESPEJADO,0,1,0,0,10,101,10101,Los Lagos,Llanquihue,Puerto Montt,Interseccion,"ARTURO PRAT & SANTA MARIA, Puerto Montt",-41.469405,-72.94727
-7866557.34898949,-3961907.34123576,6117,2023,1582316,2023/12/31 00:00:00+00,Diciembre,31,Domingo,1899/12/30 00:00:00+00,17:10:00,17,REGION METROPOLITANA,SAN MIGUEL,COLISION POR ALCANCE,COLISION,URBANA,CRUCE CON SEMAFORO FUNCIONANDO,IMPRUDENCIA DEL CONDUCTOR,CONDUCCION NO ATENTO CONDICIONES TRANSITO MOMENTO,JOSE JOAQUIN PRIETO VIAL,DEPARTAMENTAL,DEPARTAMENTAL - JOSE JOAQUIN PRIETO VIAL,0, , ,BIDIRECCIONAL CON BANDEJON,CONCRETO,BUENO,SECO,DESPEJADO,0,1,0,0,13,131,13130,Metropolitana de Santiago,Santiago,San Miguel,Interseccion,"DEPARTAMENTAL & JOSE JOAQUIN PRIETO VIAL, San Miguel",-33.500353,-70.666487
-7864408.84942133,-3951801.88239565,6118,2023,1581919,2023/12/31 00:00:00+00,Diciembre,31,Domingo,1899/12/30 00:00:00+00,17:40:00,17,REGION METROPOLITANA,RECOLETA,COLISION LATERAL,COLISION,URBANA,TRAMO DE VIA RECTA,IMPRUDENCIA DEL CONDUCTOR,ADELANTAMIENTO SIN EFECTUAR LA SEÑAL RESPECTIVA,OLIVOS,RENGIFO,OLIVOS - RENGIFO,0, , ,UNIDIRECCIONAL,CONCRETO,BUENO,SECO,DESPEJADO,0,0,0,2,13,131,13127,Metropolitana de Santiago,Santiago,Recoleta,Interseccion,"OLIVOS & RENGIFO, Recoleta",-33.424621,-70.647187
-7872469.50491501,-4052359.54991489,6119,2023,1582745,2023/12/31 00:00:00+00,Diciembre,31,Domingo,1899/12/30 00:00:00+00,18:05:00,18,REGION LIB.B.O'HIGGINS,RANCAGUA,COLISION LATERAL,COLISION,URBANA,CRUCE CON SEMAFORO FUNCIONANDO,IMPRUDENCIA DEL CONDUCTOR,CONDUCCION NO ATENTO CONDICIONES TRANSITO MOMENTO,EINSTEIN,ALAMEDA,ALAMEDA - EINSTEIN,0, , ,BIDIRECCIONAL CON BANDEJON,CONCRETO,BUENO,SECO,DESPEJADO,0,0,0,1,06,061,06101,Libertador General Bernardo O'Higgins,Cachapoal,Rancagua,Interseccion,"ALAMEDA & EINSTEIN, Rancagua",-34.17526,-70.719597
-8055213.94094106,-4504169.75915496,6120,2023,1582352,2023/12/31 00:00:00+00,Diciembre,31,Domingo,1899/12/30 00:00:00+00,18:30:00,18,REGION BIO BIO,LOS ANGELES,COLISION LATERAL,COLISION,URBANA,CRUCE CON SEMAFORO FUNCIONANDO,IMPRUDENCIA DEL CONDUCTOR,CONDUCCION NO ATENTO CONDICIONES TRANSITO MOMENTO,GALVARINO,LOS ANGELES,GALVARINO - LOS ANGELES,0, , ,BIDIRECCIONAL,CONCRETO,BUENO,SECO,DESPEJADO,0,0,0,1,08,083,08301,Biobío,Biobío,Los Angeles,Interseccion,"GALVARINO & LOS ANGELES, Los Angeles",-37.465344,-72.361218
-7861702.37203752,-3958513.05094118,6121,2023,1582189,2023/12/31 00:00:00+00,Diciembre,31,Domingo,1899/12/30 00:00:00+00,19:01:00,19,REGION METROPOLITANA,MACUL,COLISION LATERAL,COLISION,URBANA,TRAMO DE VIA RECTA,DESOBEDIENCIA A SEÑALIZACION,SEÑALIZACION DESOBEDECER LUZ ROJA DE SEMAFORO,VICUÑA MACKENNA,RODRIGO DE ARAYA,RODRIGO DE ARAYA - VICUÑA MACKENNA,0, , ,BIDIRECCIONAL,ASFALTO,BUENO,SECO,DESPEJADO,1,0,0,1,13,131,13118,Metropolitana de Santiago,Santiago,Macul,Interseccion,"RODRIGO DE ARAYA & VICUÑA MACKENNA, Macul",-33.474923,-70.622874
-7835660.60197799,-2706826.88041786,6122,2023,1583275,2023/12/31 00:00:00+00,Diciembre,31,Domingo,1899/12/30 00:00:00+00,19:53:00,19,REGION ANTOFAGASTA,ANTOFAGASTA,ATROPELLO,ATROPELLO,URBANA,CRUCE CON SEMAFORO FUNCIONANDO,IMPRUDENCIA DEL PEATON,IMPRUDENCIA DEL PEATON,PEDRO AGUIRRE CERDA,VICTOR JARA,PEDRO AGUIRRE CERDA - VICTOR JARA,0, , ,BIDIRECCIONAL,ASFALTO,BUENO,SECO,DESPEJADO,0,2,0,0,02,021,02101,Antofagasta,Antofagasta,Antofagasta,Interseccion,"PEDRO AGUIRRE CERDA & VICTOR JARA, Antofagasta",-23.617165,-70.388937
-8093451.76160073,-4363064.93202347,6123,2023,1513287,2023/02/27 00:00:00+00,Febrero,27,Lunes,1899/12/30 00:00:00+00,19:20:00,19,REGION BIO BIO,TOME,VOLCADURA,VOLCADURA,RURAL,TRAMO DE VIA RECTA,IMPRUDENCIA DEL CONDUCTOR,NO RESPETAR DERECHO PREFERENTE DE PASO A VEHICULO, , , ,0,O-14,2,BIDIRECCIONAL,CONCRETO,BUENO,SECO,DESPEJADO,1,0,0,0,08,081,08111,Biobío,Concepción,Tomé,Ruta,O-14 km 2,-36.452502,-72.704714
-8065956.36858378,-4318381.73353579,6124,2023,1527427,2023/04/21 00:00:00+00,Abril,21,Viernes,1899/12/30 00:00:00+00,18:55:00,18,REGION ÑUBLE,QUIRIHUE,COLISION FRONTAL,COLISION,RURAL,TRAMO DE VIA RECTA,IMPRUDENCIA DEL CONDUCTOR,CONDUCCION NO ATENTO CONDICIONES TRANSITO MOMENTO, , , ,0,RUTA 126,82,BIDIRECCIONAL,ASFALTO,BUENO,SECO,NUBLADO,0,0,0,2,16,162,16201,Ñuble,Itata,Quirihue,Ruta,RUTA 126 km 82,-36.128968,-72.457719
-12181348.270229,-3142667.53567268,6125,2023,1556662,2023/09/01 00:00:00+00,Septiembre,1,Viernes,1899/12/30 00:00:00+00,08:00:00,8,REGION VALPARAISO,ISLA DE PASCUA,COLISION,COLISION,URBANA,OTROS NO CONSIDERADOS,IMPRUDENCIA DEL CONDUCTOR,CONDUCCION NO ATENTO CONDICIONES TRANSITO MOMENTO,TUU KOIHU, ,- TUU KOIHU,0, , ,BIDIRECCIONAL,ADOQUIN,REGULAR,SECO,DESPEJADO,0,0,0,1,05,052,05201,Valparaíso,Isla de Pascua,Isla de Pascua,Numero,"TUU KOIHU 0, Isla de Pascua",-27.153539,-109.426913
-8153463.38940649,-4838841.20241405,6126,2023,1508186,2023/02/04 00:00:00+00,Febrero,4,Sábado,1899/12/30 00:00:00+00,18:30:00,18,REGION DE LOS RIOS,VALDIVIA,COLISION LATERAL,COLISION,URBANA,CRUCE CON SEMAFORO FUNCIONANDO,IMPRUDENCIA DEL CONDUCTOR,CONDUCCION NO ATENTO CONDICIONES TRANSITO MOMENTO,CAUPOLICAN,CHACABUCO,CAUPOLICAN - CHACABUCO,0, , ,UNIDIRECCIONAL,CONCRETO,BUENO,SECO,DESPEJADO,0,0,0,2,14,141,14101,Los Ríos,Valdivia,Valdivia,Interseccion,"CAUPOLICAN & CHACABUCO, Valdivia",-39.81325,-73.243808
-8079551.64222046,-4684038.29909321,6127,2023,1573017,2023/11/19 00:00:00+00,Noviembre,19,Domingo,1899/12/30 00:00:00+00,21:00:00,21,REGION ARAUCANIA,TEMUCO,CHOQUE POSTERIOR,CHOQUE,URBANA,TRAMO DE VIA RECTA,IMPRUDENCIA DEL CONDUCTOR,CONDUCCION SIN MANTENER DISTANCIA RAZONABLE NI PRUDENTE,BARROS ARANA,LAUTARO,BARROS ARANA - LAUTARO,0, , ,BIDIRECCIONAL CON BANDEJON,CONCRETO,BUENO,SECO,DESPEJADO,0,1,0,0,09,091,09101,La Araucanía,Cautín,Temuco,Interseccion,"BARROS ARANA & LAUTARO, Temuco",-38.736786,-72.579847
-7872752.83524959,-4038041.3773189,6128,2023,1558051,2023/08/07 00:00:00+00,Agosto,7,Lunes,1899/12/30 00:00:00+00,19:30:00,19,REGION LIB.B.O'HIGGINS,GRANEROS,CHOQUE,CHOQUE,RURAL,TRAMO DE VIA RECTA,ALCOHOL EN CONDUCTOR,CONDUCCION EN ESTADO DE EBRIEDAD, , , ,0,H-18,1,BIDIRECCIONAL,ASFALTO,BUENO,SECO,DESPEJADO,0,0,0,1,06,061,06106,Libertador General Bernardo O'Higgins,Cachapoal,Graneros,Ruta,H-18 km 1,-34.068781,-70.722142
-8043080.89568103,-4538863.35850873,6129,2023,1573055,2023/11/16 00:00:00+00,Noviembre,16,Jueves,1899/12/30 00:00:00+00,08:15:00,8,REGION BIO BIO,MULCHEN,COLISION,COLISION,RURAL,TRAMO DE VIA RECTA,IMPRUDENCIA DEL CONDUCTOR,CONDUCCION NO ATENTO CONDICIONES TRANSITO MOMENTO, , , ,0,Q-77,1,UNIDIRECCIONAL,ASFALTO,BUENO,SECO,DESPEJADO,0,1,0,1,08,083,08305,Biobío,Biobío,Mulchén,Ruta,Q-77 km 1,-37.712304,-72.252225
-8089513.59112479,-4553403.4326539,6130,2023,1569262,2023/11/03 00:00:00+00,Noviembre,3,Viernes,1899/12/30 00:00:00+00,09:15:00,9,REGION ARAUCANIA,ANGOL,COLISION POR ALCANCE,COLISION,RURAL,TRAMO DE VIA RECTA,IMPRUDENCIA DEL CONDUCTOR,CONDUCCION NO ATENTO CONDICIONES TRANSITO MOMENTO, , , ,0,RUTA 180,57,BIDIRECCIONAL,ASFALTO,BUENO,SECO,DESPEJADO,0,1,0,0,09,092,09201,La Araucanía,Malleco,Angol,Ruta,RUTA 180 km 57,-37.815561,-72.669337