X,Y,FID,Año,IdAccident,Fecha,Mes,Dia_mes,Dia_semana,Hora,Hora_texto,Hora_aprox,Región,Comuna,Tipo_Accid,Tipo__CONA,Zona,Ubicación,Causa__CON,Causa_Acci,Calle_Uno,Calle_Dos,Intersecci,Número,Ruta,Ubicaci_1,Calzada,Tipo_Calza,Estado_Cal,Condición,Estado_Atm,Fallecidos,Graves,Menos_Grav,Leves,CUT_REG,CUT_PROV,CUT_COM,REGION,PROVINCIA,COMUNA1,Tipo_direc,Direccion,Lat,Lon
-7880460.93075059,-3962602.47283763,6131,2023,1577314,2023/11/17 00:00:00+00,Noviembre,17,Viernes,1899/12/30 00:00:00+00,13:00:00,13,REGION METROPOLITANA,MAIPU,COLISION LATERAL,COLISION,URBANA,CRUCE CON SEMAFORO FUNCIONANDO,IMPRUDENCIA DEL CONDUCTOR,CONDUCCION NO ATENTO CONDICIONES TRANSITO MOMENTO,CAMINO A RINCONADA,4 PONIENTE,4 PONIENTE - CAMINO A RINCONADA,0, , ,BIDIRECCIONAL CON BANDEJON,ASFALTO,BUENO,SECO,DESPEJADO,0,0,0,0,13,131,13119,Metropolitana de Santiago,Santiago,Maipú,Interseccion,"4 PONIENTE & CAMINO A RINCONADA, Maipú",-33.50556,-70.791385
-7860798.01249431,-3957940.53786409,6132,2023,1576401,2023/11/17 00:00:00+00,Noviembre,17,Viernes,1899/12/30 00:00:00+00,13:45:00,13,REGION METROPOLITANA,ÑUÑOA,VOLCADURA,VOLCADURA,URBANA,TRAMO DE VIA RECTA,VELOCIDAD IMPRUDENTE,VELOCIDAD NO RAZONABLE NI PRUDENTE,GUILLERMO MANN,LOS CARPINTEROS,GUILLERMO MANN - LOS CARPINTEROS,0, , ,BIDIRECCIONAL,CONCRETO,MALO,SECO,DESPEJADO,0,0,1,0,13,131,13120,Metropolitana de Santiago,Santiago,Ñuñoa,Interseccion,"GUILLERMO MANN & LOS CARPINTEROS, Ñuñoa",-33.470633,-70.61475
-8053664.03967075,-4504729.65241952,6133,2023,1575493,2023/11/17 00:00:00+00,Noviembre,17,Viernes,1899/12/30 00:00:00+00,14:10:00,14,REGION BIO BIO,LOS ANGELES,COLISION POR ALCANCE,COLISION,URBANA,TRAMO DE VIA RECTA,IMPRUDENCIA DEL CONDUCTOR,CONDUCCION NO ATENTO CONDICIONES TRANSITO MOMENTO,COLO COLO,JOSE MANSO DE VELASCO,COLO COLO - JOSE MANSO DE VELASCO,0, , ,UNIDIRECCIONAL,CONCRETO,BUENO,SECO,DESPEJADO,0,0,0,0,08,083,08301,Biobío,Biobío,Los Angeles,Interseccion,"COLO COLO & JOSE MANSO DE VELASCO, Los Angeles",-37.469336,-72.347295
-8139102.52809102,-4950060.26320216,6134,2023,1572437,2023/11/17 00:00:00+00,Noviembre,17,Viernes,1899/12/30 00:00:00+00,20:30:00,20,REGION LOS LAGOS,OSORNO,CHOQUE FRENTE/POSTERIOR,CHOQUE,URBANA,TRAMO DE VIA RECTA,DROGAS Y/O FATIGA EN CONDUCTOR,"CONDICIONES FISICAS DEFICIENTES (CANSANCIO, SUEÑO)",IGNACIO ZENTENO,FRANCIA,FRANCIA - IGNACIO ZENTENO,0, , ,UNIDIRECCIONAL,CONCRETO,BUENO,SECO,DESPEJADO,0,0,0,0,10,103,10301,Los Lagos,Osorno,Osorno,Interseccion,"FRANCIA & IGNACIO ZENTENO, Osorno",-40.576401,-73.114802
-7930194.13783254,-3877504.80773763,6135,2023,1572375,2023/11/17 00:00:00+00,Noviembre,17,Viernes,1899/12/30 00:00:00+00,22:10:00,22,REGION VALPARAISO,QUILLOTA,COLISION,COLISION,URBANA,TRAMO DE VIA RECTA,IMPRUDENCIA DEL CONDUCTOR,CONDUCCION NO ATENTO CONDICIONES TRANSITO MOMENTO,ALEJANDRO VASQUEZ,21 DE MAYO,21 DE MAYO - ALEJANDRO VASQUEZ,0, , ,BIDIRECCIONAL,ASFALTO,BUENO,SECO,DESPEJADO,0,1,0,0,05,055,05501,Valparaíso,Quillota,Quillota,Interseccion,"21 DE MAYO & ALEJANDRO VASQUEZ, Quillota",-32.865801,-71.238146
-7674549.81777058,-2566045.84316365,6136,2023,1572585,2023/11/18 00:00:00+00,Noviembre,18,Sábado,1899/12/30 00:00:00+00,00:50:00,0,REGION ANTOFAGASTA,CALAMA,COLISION,COLISION,URBANA,CRUCE CON SEÑAL PARE,IMPRUDENCIA DEL CONDUCTOR,CONDUCCION NO ATENTO CONDICIONES TRANSITO MOMENTO,MAIPU,SANTIAGO HUMBERSTONE,MAIPU - SANTIAGO HUMBERSTONE,0, , ,BIDIRECCIONAL,ASFALTO,BUENO,SECO,DESPEJADO,0,2,0,0,02,022,02201,Antofagasta,El Loa,Calama,Interseccion,"MAIPU & SANTIAGO HUMBERSTONE, Calama",-22.453373,-68.941654
-7975285.98995404,-4222612.04778563,6137,2023,1572620,2023/11/18 00:00:00+00,Noviembre,18,Sábado,1899/12/30 00:00:00+00,07:20:00,7,REGION MAULE,TALCA,COLISION,COLISION,URBANA,TRAMO DE VIA RECTA,DESOBEDIENCIA A SEÑALIZACION,SEÑALIZACION DESOBEDECER SEÑAL CEDA EL PASO,16 ORIENTE,3 SUR,16 ORIENTE - 3 SUR,0, , ,UNIDIRECCIONAL,CONCRETO,BUENO,MOJADO,NUBLADO,0,0,1,2,07,071,07101,Maule,Talca,Talca,Interseccion,"16 ORIENTE & 3 SUR, Talca",-35.431032,-71.643213
-7932271.27045288,-3499478.27314689,6138,2023,1572905,2023/11/18 00:00:00+00,Noviembre,18,Sábado,1899/12/30 00:00:00+00,08:20:00,8,REGION COQUIMBO,COQUIMBO,COLISION PERPENDICULAR,COLISION,URBANA,CRUCE CON SEÑAL PARE,IMPRUDENCIA DEL CONDUCTOR,CONDUCCION NO ATENTO CONDICIONES TRANSITO MOMENTO,RENE SCHNEIDER,PARQUE NACIONAL PAN DE AZUCAR,PARQUE NACIONAL PAN DE AZUCAR - RENE SCHNEIDER,0, , ,BIDIRECCIONAL CON BANDEJON,ASFALTO,BUENO,SECO,DESPEJADO,0,0,0,1,04,041,04102,Coquimbo,Elqui,Coquimbo,Interseccion,"PARQUE NACIONAL PAN DE AZUCAR & RENE SCHNEIDER, Coquimbo",-29.96832,-71.256805
-7854073.93734299,-3952559.69514414,6139,2023,1573003,2023/11/18 00:00:00+00,Noviembre,18,Sábado,1899/12/30 00:00:00+00,08:45:00,8,REGION METROPOLITANA,LAS CONDES,COLISION LATERAL,COLISION,URBANA,CRUCE CON SEMAFORO FUNCIONANDO,IMPRUDENCIA DEL CONDUCTOR,CONDUCCION NO ATENTO CONDICIONES TRANSITO MOMENTO,FRANCISCO BILBAO,TOMAS MORO,FRANCISCO BILBAO - TOMAS MORO,0, , ,BIDIRECCIONAL,ASFALTO,BUENO,SECO,DESPEJADO,0,0,0,0,13,131,13114,Metropolitana de Santiago,Santiago,Las Condes,Interseccion,"FRANCISCO BILBAO & TOMAS MORO, Las Condes",-33.430302,-70.554347
-7876291.01394496,-3958436.71422656,6140,2023,1575201,2023/11/18 00:00:00+00,Noviembre,18,Sábado,1899/12/30 00:00:00+00,14:15:00,14,REGION METROPOLITANA,MAIPU,VOLCADURA,VOLCADURA,URBANA,TRAMO DE VIA RECTA,IMPRUDENCIA DEL CONDUCTOR,CONDUCCION NO ATENTO CONDICIONES TRANSITO MOMENTO,ANITA LIZANA,ARQTO HUGO BRAVO,ANITA LIZANA - ARQTO HUGO BRAVO,0, , ,UNIDIRECCIONAL,ASFALTO,BUENO,SECO,DESPEJADO,0,1,0,0,13,131,13119,Metropolitana de Santiago,Santiago,Maipú,Interseccion,"ANITA LIZANA & ARQTO HUGO BRAVO, Maipú",-33.474351,-70.753926
-7858121.2240187,-3977703.57775598,6141,2023,1573171,2023/11/18 00:00:00+00,Noviembre,18,Sábado,1899/12/30 00:00:00+00,15:00:00,15,REGION METROPOLITANA,PUENTE ALTO,COLISION POR ALCANCE,COLISION,URBANA,CRUCE SIN SEÑALIZACION,IMPRUDENCIA DEL CONDUCTOR,CONDUCCION SIN MANTENER DISTANCIA RAZONABLE NI PRUDENTE,EJERCITO LIBERTADOR,VIBOR,EJERCITO LIBERTADOR - VIBOR,0, , ,BIDIRECCIONAL CON BANDEJON,ASFALTO,BUENO,SECO,NUBLADO,0,0,0,0,13,132,13201,Metropolitana de Santiago,Cordillera,Puente Alto,Interseccion,"EJERCITO LIBERTADOR & VIBOR, Puente Alto",-33.6186,-70.590704
-7672229.18477362,-2564339.43175913,6142,2023,1572683,2023/11/18 00:00:00+00,Noviembre,18,Sábado,1899/12/30 00:00:00+00,18:30:00,18,REGION ANTOFAGASTA,CALAMA,COLISION,COLISION,URBANA,CRUCE CON SEÑAL PARE,IMPRUDENCIA DEL CONDUCTOR,CONDUCCION NO ATENTO CONDICIONES TRANSITO MOMENTO,CAMARONES,CENTRAL SUR,CAMARONES - CENTRAL SUR,0, , ,BIDIRECCIONAL,ASFALTO,BUENO,SECO,DESPEJADO,0,0,0,1,02,022,02201,Antofagasta,El Loa,Calama,Interseccion,"CAMARONES & CENTRAL SUR, Calama",-22.439205,-68.920807
-8063516.03724493,-4655245.78544005,6143,2023,1574415,2023/11/18 00:00:00+00,Noviembre,18,Sábado,1899/12/30 00:00:00+00,19:20:00,19,REGION ARAUCANIA,LAUTARO,CHOQUE LADO/POSTERIOR,CHOQUE,URBANA,TRAMO DE VIA RECTA,ALCOHOL EN CONDUCTOR,CONDUCCION BAJO LA INFLUENCIA DEL ALCOHOL,BRASIL,GALVARINO,BRASIL - GALVARINO,0, , ,BIDIRECCIONAL,CONCRETO,BUENO,MOJADO,LLUVIA,0,0,0,1,09,091,09108,La Araucanía,Cautín,Lautaro,Interseccion,"BRASIL & GALVARINO, Lautaro",-38.534749,-72.435797
-7867421.41087702,-3957779.4652843,6144,2023,1578048,2023/11/18 00:00:00+00,Noviembre,18,Sábado,1899/12/30 00:00:00+00,20:00:00,20,REGION METROPOLITANA,SANTIAGO,VOLCADURA,VOLCADURA,URBANA,TRAMO DE VIA RECTA,IMPRUDENCIA DEL CONDUCTOR,CONDUCCION NO ATENTO CONDICIONES TRANSITO MOMENTO,SEPULVEDA LEYTON,MELIPILLA,MELIPILLA - SEPULVEDA LEYTON,0, , ,UNIDIRECCIONAL,CONCRETO,BUENO,SECO,DESPEJADO,0,0,0,1,13,131,13101,Metropolitana de Santiago,Santiago,Santiago,Interseccion,"MELIPILLA & SEPULVEDA LEYTON, Santiago",-33.469426,-70.674249
-7921884.86139925,-3715059.24730811,6145,2023,1574256,2023/11/18 00:00:00+00,Noviembre,18,Sábado,1899/12/30 00:00:00+00,20:15:00,20,REGION COQUIMBO,ILLAPEL,CHOQUE,CHOQUE,URBANA,TRAMO DE VIA RECTA,IMPRUDENCIA DEL CONDUCTOR,CONDUCCION NO ATENTO CONDICIONES TRANSITO MOMENTO,VICUÑA MACKENNA,BUIN,BUIN - VICUÑA MACKENNA,0, , ,UNIDIRECCIONAL,CONCRETO,BUENO,SECO,DESPEJADO,0,0,0,0,04,042,04201,Coquimbo,Choapa,Illapel,Interseccion,"BUIN & VICUÑA MACKENNA, Illapel",-31.631679,-71.163503
-8078243.38169056,-4681517.59423448,6146,2023,1572997,2023/11/18 00:00:00+00,Noviembre,18,Sábado,1899/12/30 00:00:00+00,21:45:00,21,REGION ARAUCANIA,TEMUCO,CHOQUE POSTERIOR,CHOQUE,URBANA,TRAMO DE VIA RECTA,IMPRUDENCIA DEL CONDUCTOR,CONDUCCION NO ATENTO CONDICIONES TRANSITO MOMENTO,RUDECINDO ORTEGA,VICENTE PEREZ ROSALES,RUDECINDO ORTEGA - VICENTE PEREZ ROSALES,0, , ,BIDIRECCIONAL CON BANDEJON,CONCRETO,BUENO,SECO,NUBLADO,0,0,0,1,09,091,09101,La Araucanía,Cautín,Temuco,Interseccion,"RUDECINDO ORTEGA & VICENTE PEREZ ROSALES, Temuco",-38.719121,-72.568095
-7873538.30557662,-3946249.31794056,6147,2023,1572839,2023/11/18 00:00:00+00,Noviembre,18,Sábado,1899/12/30 00:00:00+00,22:20:00,22,REGION METROPOLITANA,QUILICURA,COLISION LATERAL,COLISION,URBANA,CRUCE CON SEÑAL CEDA EL PASO,IMPRUDENCIA DEL CONDUCTOR,CONDUCCION NO ATENTO CONDICIONES TRANSITO MOMENTO,COND VALLE LO CAMPINO,LAS TORRES,COND VALLE LO CAMPINO - LAS TORRES,0, , ,BIDIRECCIONAL,ASFALTO,REGULAR,SECO,DESPEJADO,0,0,0,1,13,131,13125,Metropolitana de Santiago,Santiago,Quilicura,Interseccion,"COND VALLE LO CAMPINO & LAS TORRES, Quilicura",-33.382981,-70.729198
-7858501.49139925,-3955884.12845732,6148,2023,1573106,2023/11/18 00:00:00+00,Noviembre,18,Sábado,1899/12/30 00:00:00+00,22:30:00,22,REGION METROPOLITANA,ÑUÑOA,ATROPELLO,ATROPELLO,URBANA,CRUCE CON SEMAFORO FUNCIONANDO,IMPRUDENCIA DEL PEATON,PEATON CRUZA CALZADA FORMA SORPRESIVA O DESCUIDADA,IRARRAZAVAL,JORGE WASHINGTON,IRARRAZAVAL - JORGE WASHINGTON,0, , ,UNIDIRECCIONAL,CONCRETO,BUENO,SECO,DESPEJADO,0,1,0,1,13,131,13120,Metropolitana de Santiago,Santiago,Ñuñoa,Interseccion,"IRARRAZAVAL & JORGE WASHINGTON, Ñuñoa",-33.455222,-70.59412
-7975285.98995404,-4222612.04778563,6149,2023,1574380,2023/11/18 00:00:00+00,Noviembre,18,Sábado,1899/12/30 00:00:00+00,22:37:00,22,REGION MAULE,TALCA,COLISION LATERAL,COLISION,URBANA,CRUCE CON SEÑAL CEDA EL PASO,DESOBEDIENCIA A SEÑALIZACION,SEÑALIZACION DESOBEDECER SEÑAL CEDA EL PASO,16 ORIENTE,3 SUR,16 ORIENTE - 3 SUR,0, , ,BIDIRECCIONAL,CONCRETO,REGULAR,MOJADO,LLOVIZNA,0,0,1,2,07,071,07101,Maule,Talca,Talca,Interseccion,"16 ORIENTE & 3 SUR, Talca",-35.431032,-71.643213
-7862544.53739235,-3955619.18770939,6150,2023,1576316,2023/11/19 00:00:00+00,Noviembre,19,Domingo,1899/12/30 00:00:00+00,10:05:00,10,REGION METROPOLITANA,SANTIAGO,CHOQUE POSTERIOR/FRENTE,CHOQUE,URBANA,CRUCE CON SEMAFORO FUNCIONANDO,IMPRUDENCIA DEL CONDUCTOR,CONDUCCION NO ATENTO CONDICIONES TRANSITO MOMENTO,VICUÑA MACKENNA,COQUIMBO,COQUIMBO - VICUÑA MACKENNA,0, , ,UNIDIRECCIONAL,ASFALTO,BUENO,SECO,DESPEJADO,0,2,0,0,13,131,13101,Metropolitana de Santiago,Santiago,Santiago,Interseccion,"COQUIMBO & VICUÑA MACKENNA, Santiago",-33.453236,-70.630439
-7831175.89602762,-3168665.07997541,6151,2023,1573080,2023/11/19 00:00:00+00,Noviembre,19,Domingo,1899/12/30 00:00:00+00,13:30:00,13,REGION ATACAMA,COPIAPO,COLISION PERPENDICULAR,COLISION,URBANA,CRUCE SIN SEÑALIZACION,IMPRUDENCIA DEL CONDUCTOR,NO RESPETAR DERECHO PREFERENTE DE PASO A VEHICULO,ROMULO PEÑA,COPAYAPU,COPAYAPU - ROMULO PEÑA,0, , ,BIDIRECCIONAL,ASFALTO,BUENO,SECO,DESPEJADO,0,0,0,0,03,031,03101,Atacama,Copiapó,Copiapó,Interseccion,"COPAYAPU & ROMULO PEÑA, Copiapó",-27.361146,-70.34865
-7834289.00128079,-2708513.86369458,6152,2023,1573377,2023/11/19 00:00:00+00,Noviembre,19,Domingo,1899/12/30 00:00:00+00,15:00:00,15,REGION ANTOFAGASTA,ANTOFAGASTA,VOLCADURA,VOLCADURA,URBANA,TRAMO DE VIA RECTA,ALCOHOL EN CONDUCTOR,CONDUCCION EN ESTADO DE EBRIEDAD,GALILEA,CIRCUNVALACION,CIRCUNVALACION - GALILEA,0, , ,BIDIRECCIONAL,ASFALTO,BUENO,SECO,DESPEJADO,0,0,1,0,02,021,02101,Antofagasta,Antofagasta,Antofagasta,Interseccion,"CIRCUNVALACION & GALILEA, Antofagasta",-23.631049,-70.376616
-7923184.12678038,-3525330.1638544,6153,2023,1573142,2023/11/19 00:00:00+00,Noviembre,19,Domingo,1899/12/30 00:00:00+00,16:30:00,16,REGION COQUIMBO,ANDACOLLO,VOLCADURA,VOLCADURA,URBANA,TRAMO DE VIA RECTA,IMPRUDENCIA DEL CONDUCTOR,CONDUCCION NO ATENTO CONDICIONES TRANSITO MOMENTO,BELTRAN AMENABAR,EL SALITRE,BELTRAN AMENABAR - EL SALITRE,0, , ,BIDIRECCIONAL,TIERRA,MALO, ,DESPEJADO,0,0,0,1,04,041,04103,Coquimbo,Elqui,Andacollo,Interseccion,"BELTRAN AMENABAR & EL SALITRE, Andacollo",-30.169298,-71.175174
-7933953.89792981,-3497070.42912938,6154,2023,1573131,2023/11/19 00:00:00+00,Noviembre,19,Domingo,1899/12/30 00:00:00+00,17:15:00,17,REGION COQUIMBO,COQUIMBO,CHOQUE FRENTE/POSTERIOR,CHOQUE,URBANA,CRUCE CON SEMAFORO FUNCIONANDO,IMPRUDENCIA DEL CONDUCTOR,CONDUCCION NO ATENTO CONDICIONES TRANSITO MOMENTO,REGIMIENTO ARICA,CARMEN LAFORET,CARMEN LAFORET - REGIMIENTO ARICA,0, , ,BIDIRECCIONAL CON BANDEJON,ASFALTO,BUENO,SECO,DESPEJADO,0,0,0,1,04,041,04102,Coquimbo,Elqui,Coquimbo,Interseccion,"CARMEN LAFORET & REGIMIENTO ARICA, Coquimbo",-29.94958,-71.271921
-7854574.80768101,-3969765.81952737,6155,2023,1576123,2023/11/19 00:00:00+00,Noviembre,19,Domingo,1899/12/30 00:00:00+00,17:30:00,17,REGION METROPOLITANA,LA FLORIDA,CHOQUE POSTERIOR/FRENTE,CHOQUE,URBANA,CRUCE CON SEMAFORO FUNCIONANDO,IMPRUDENCIA DEL CONDUCTOR,CONDUCCION NO ATENTO CONDICIONES TRANSITO MOMENTO,LA FLORIDA,DIEGO PORTALES,DIEGO PORTALES - LA FLORIDA,0, , ,UNIDIRECCIONAL,ASFALTO,BUENO,SECO,DESPEJADO,0,1,0,0,13,131,13110,Metropolitana de Santiago,Santiago,La Florida,Interseccion,"DIEGO PORTALES & LA FLORIDA, La Florida",-33.5592,-70.558846
-7861851.65147467,-3964053.61306721,6156,2023,1575678,2023/11/19 00:00:00+00,Noviembre,19,Domingo,1899/12/30 00:00:00+00,19:30:00,19,REGION METROPOLITANA,LA GRANJA,COLISION POR ALCANCE,COLISION,URBANA,CRUCE CON SEMAFORO FUNCIONANDO,IMPRUDENCIA DEL CONDUCTOR,CONDUCCION NO ATENTO CONDICIONES TRANSITO MOMENTO,LO OVALLE,LAS INDUSTRIAS,LAS INDUSTRIAS - LO OVALLE,0, , ,BIDIRECCIONAL CON BANDEJON,ASFALTO,BUENO,SECO,DESPEJADO,0,0,1,0,13,131,13111,Metropolitana de Santiago,Santiago,La Granja,Interseccion,"LAS INDUSTRIAS & LO OVALLE, La Granja",-33.516429,-70.624215
-7977584.06952197,-4221942.63248675,6157,2023,1572991,2023/11/19 00:00:00+00,Noviembre,19,Domingo,1899/12/30 00:00:00+00,20:10:00,20,REGION MAULE,TALCA,COLISION,COLISION,URBANA,TRAMO DE VIA RECTA,DESOBEDIENCIA A SEÑALIZACION,SEÑALIZACION DESOBEDECER LUZ ROJA DE SEMAFORO,2 ORIENTE,1 NORTE,1 NORTE - 2 ORIENTE,0, , ,UNIDIRECCIONAL,CONCRETO,BUENO,SECO,DESPEJADO,0,1,0,0,07,071,07101,Maule,Talca,Talca,Interseccion,"1 NORTE & 2 ORIENTE, Talca",-35.426132,-71.663857
-8082021.90073616,-4687404.81171423,6158,2023,1573154,2023/11/20 00:00:00+00,Noviembre,20,Lunes,1899/12/30 00:00:00+00,02:40:00,2,REGION ARAUCANIA,PADRE LAS CASAS,VOLCADURA,VOLCADURA,URBANA,TRAMO DE VIA RECTA,ALCOHOL EN CONDUCTOR,CONDUCCION EN ESTADO DE EBRIEDAD,GUIDO BECK DE RAMBERGA,QUEULE,GUIDO BECK DE RAMBERGA - QUEULE,0, , ,BIDIRECCIONAL,CONCRETO,BUENO,SECO,DESPEJADO,0,0,0,1,09,091,09112,La Araucanía,Cautín,Padre Las Casas,Interseccion,"GUIDO BECK DE RAMBERGA & QUEULE, Padre Las Casas",-38.760372,-72.602038
-7861084.10358565,-3960738.78134047,6159,2023,1572752,2023/11/20 00:00:00+00,Noviembre,20,Lunes,1899/12/30 00:00:00+00,07:20:00,7,REGION METROPOLITANA,MACUL,COLISION POR ALCANCE,COLISION,URBANA,CRUCE CON SEMAFORO FUNCIONANDO,DESOBEDIENCIA A SEÑALIZACION,SEÑALIZACION DESOBEDECER LUZ ROJA DE SEMAFORO,VICUÑA MACKENNA,ESC AGRICOLA,ESC AGRICOLA - VICUÑA MACKENNA,0, , ,BIDIRECCIONAL CON BANDEJON,ASFALTO,BUENO,SECO,DESPEJADO,0,0,0,1,13,131,13118,Metropolitana de Santiago,Santiago,Macul,Interseccion,"ESC AGRICOLA & VICUÑA MACKENNA, Macul",-33.491599,-70.61732
-7806576.99354801,-2307646.82187801,6160,2023,1572709,2023/11/20 00:00:00+00,Noviembre,20,Lunes,1899/12/30 00:00:00+00,09:00:00,9,REGION TARAPACA,IQUIQUE,COLISION FRONTAL,COLISION,URBANA,TRAMO DE VIA RECTA,ALCOHOL EN CONDUCTOR,CONDUCCION EN ESTADO DE EBRIEDAD,ARTURO PRAT,VIA UNO,ARTURO PRAT - VIA UNO,0, , ,BIDIRECCIONAL CON BANDEJON,ASFALTO,BUENO,SECO,DESPEJADO,0,0,0,1,01,011,01101,Tarapacá,Iquique,Iquique,Interseccion,"ARTURO PRAT & VIA UNO, Iquique",-20.291934,-70.127674
-7865829.09688072,-3949760.16550071,6161,2023,1573062,2023/11/20 00:00:00+00,Noviembre,20,Lunes,1899/12/30 00:00:00+00,09:40:00,9,REGION METROPOLITANA,INDEPENDENCIA,COLISION LATERAL,COLISION,URBANA,TRAMO DE VIA RECTA,IMPRUDENCIA DEL CONDUCTOR,CONDUCCION CAMBIAR SORPRESIVAMENTE PISTA CIRCULACION,INDEPENDENCIA,GRAL SAAVEDRA,GRAL SAAVEDRA - INDEPENDENCIA,0, , ,BIDIRECCIONAL,CONCRETO,BUENO,SECO,DESPEJADO,0,0,0,1,13,131,13108,Metropolitana de Santiago,Santiago,Independencia,Interseccion,"GRAL SAAVEDRA & INDEPENDENCIA, Independencia",-33.409312,-70.659945
-7861420.17712836,-3952362.88745005,6162,2023,1573520,2023/11/20 00:00:00+00,Noviembre,20,Lunes,1899/12/30 00:00:00+00,12:00:00,12,REGION METROPOLITANA,PROVIDENCIA,CHOQUE POSTERIOR/POSTERIOR,CHOQUE,URBANA,CRUCE CON SEMAFORO FUNCIONANDO,IMPRUDENCIA DEL CONDUCTOR,CONDUCCION NO ATENTO CONDICIONES TRANSITO MOMENTO,PROVIDENCIA,MANUEL MONTT,MANUEL MONTT - PROVIDENCIA,0, , ,UNIDIRECCIONAL,ASFALTO,BUENO,SECO,DESPEJADO,0,0,0,0,13,131,13123,Metropolitana de Santiago,Santiago,Providencia,Interseccion,"MANUEL MONTT & PROVIDENCIA, Providencia",-33.428827,-70.620339
-7827299.86259977,-2094022.7703336,6163,2023,1573047,2023/11/20 00:00:00+00,Noviembre,20,Lunes,1899/12/30 00:00:00+00,17:10:00,17,REGION ARICA Y PARINACOTA,ARICA,COLISION PERPENDICULAR,COLISION,URBANA,CRUCE CON SEMAFORO FUNCIONANDO,DESOBEDIENCIA A SEÑALIZACION,SEÑALIZACION DESOBEDECER LUZ ROJA DE SEMAFORO,18 DE SEPTIEMBRE,ARTURO GALLO,18 DE SEPTIEMBRE - ARTURO GALLO,0, , ,BIDIRECCIONAL,ASFALTO,BUENO,SECO,DESPEJADO,0,1,0,0,15,151,15101,Arica y Parinacota,Arica,Arica,Interseccion,"18 DE SEPTIEMBRE & ARTURO GALLO, Arica",-18.481822,-70.313831
-7863693.87772781,-3955550.56850075,6164,2023,1572747,2023/11/20 00:00:00+00,Noviembre,20,Lunes,1899/12/30 00:00:00+00,17:25:00,17,REGION METROPOLITANA,SANTIAGO,COLISION LATERAL,COLISION,URBANA,TRAMO DE VIA RECTA,IMPRUDENCIA DEL CONDUCTOR,ADELANTAMIENTO SIN EL ESPACIO O TIEMPO SUFICIENTE,CARMEN,10 DE JULIO HUAMACHUCO,10 DE JULIO HUAMACHUCO - CARMEN,0, , ,BIDIRECCIONAL,ASFALTO,REGULAR,SECO,DESPEJADO,0,0,0,0,13,131,13101,Metropolitana de Santiago,Santiago,Santiago,Interseccion,"10 DE JULIO HUAMACHUCO & CARMEN, Santiago",-33.452722,-70.640764
-7872778.68009539,-3961067.68213374,6165,2023,1572948,2023/11/20 00:00:00+00,Noviembre,20,Lunes,1899/12/30 00:00:00+00,18:40:00,18,REGION METROPOLITANA,CERRILLOS,CHOQUE LADO/FRENTE,CHOQUE,URBANA,CRUCE CON SEÑAL CEDA EL PASO,IMPRUDENCIA DEL CONDUCTOR,CONDUCCION NO ATENTO CONDICIONES TRANSITO MOMENTO,LO ERRAZURIZ,DIVINA COMEDIA,DIVINA COMEDIA - LO ERRAZURIZ,0, , ,BIDIRECCIONAL,ASFALTO,BUENO,SECO,DESPEJADO,0,0,0,1,13,131,13102,Metropolitana de Santiago,Santiago,Cerrillos,Interseccion,"DIVINA COMEDIA & LO ERRAZURIZ, Cerrillos",-33.494063,-70.722374
-7873673.69237472,-3861384.20089069,6166,2023,1574235,2023/11/20 00:00:00+00,Noviembre,20,Lunes,1899/12/30 00:00:00+00,20:00:00,20,REGION VALPARAISO,SAN FELIPE,COLISION,COLISION,URBANA,CRUCE CON SEMAFORO FUNCIONANDO,DESOBEDIENCIA A SEÑALIZACION,SEÑALIZACION DESOBEDECER LUZ ROJA DE SEMAFORO,ENCON,HERMANOS CARRERA,ENCON - HERMANOS CARRERA,0, , ,BIDIRECCIONAL,CONCRETO,REGULAR,SECO,DESPEJADO,0,0,0,1,05,057,05701,Valparaíso,San Felipe de Aconcagua,San Felipe,Interseccion,"ENCON & HERMANOS CARRERA, San Felipe",-32.744082,-70.730414
-8140964.23525505,-4416635.19202528,6167,2023,1575865,2023/11/20 00:00:00+00,Noviembre,20,Lunes,1899/12/30 00:00:00+00,20:10:00,20,REGION BIO BIO,SAN PEDRO DE LA PAZ,VOLCADURA,VOLCADURA,URBANA,TRAMO DE VIA RECTA,IMPRUDENCIA DEL CONDUCTOR,ADELANTAMIENTO SIN EL ESPACIO O TIEMPO SUFICIENTE,DANIEL BELMAR,EL CERCO,DANIEL BELMAR - EL CERCO,0, , ,BIDIRECCIONAL,ASFALTO,BUENO,SECO,DESPEJADO,0,1,0,0,08,081,08108,Biobío,Concepción,San Pedro de la Paz,Interseccion,"DANIEL BELMAR & EL CERCO, San Pedro de la Paz",-36.838612,-73.131526
-7970432.57147494,-4279507.74109627,6168,2023,1576020,2023/11/20 00:00:00+00,Noviembre,20,Lunes,1899/12/30 00:00:00+00,21:30:00,21,REGION MAULE,LINARES,COLISION LATERAL,COLISION,URBANA,CRUCE CON SEÑAL PARE,DESOBEDIENCIA A SEÑALIZACION,SEÑALIZACION DESOBEDECER SEÑAL PARE,BRASIL,VALENTIN LETELIER,BRASIL - VALENTIN LETELIER,0, , ,UNIDIRECCIONAL,ASFALTO,BUENO,SECO,DESPEJADO,0,1,0,1,07,074,07401,Maule,Linares,Linares,Interseccion,"BRASIL & VALENTIN LETELIER, Linares",-35.846407,-71.599614