X,Y,FID,Año,IdAccident,Fecha,Mes,Dia_mes,Dia_semana,Hora,Hora_texto,Hora_aprox,Región,Comuna,Tipo_Accid,Tipo__CONA,Zona,Ubicación,Causa__CON,Causa_Acci,Calle_Uno,Calle_Dos,Intersecci,Número,Ruta,Ubicaci_1,Calzada,Tipo_Calza,Estado_Cal,Condición,Estado_Atm,Fallecidos,Graves,Menos_Grav,Leves,CUT_REG,CUT_PROV,CUT_COM,REGION,PROVINCIA,COMUNA1,Tipo_direc,Direccion,Lat,Lon
-7876235.73635937,-3959645.16778935,6169,2023,1575242,2023/11/20 00:00:00+00,Noviembre,20,Lunes,1899/12/30 00:00:00+00,22:20:00,22,REGION METROPOLITANA,MAIPU,COLISION LATERAL,COLISION,URBANA,CRUCE CON SEÑAL CEDA EL PASO,IMPRUDENCIA DEL CONDUCTOR,CONDUCCION NO ATENTO CONDICIONES TRANSITO MOMENTO,AMERICO VESPUCIO,ALTO JAHUEL,ALTO JAHUEL - AMERICO VESPUCIO,0, , ,BIDIRECCIONAL CON BANDEJON,ASFALTO,BUENO,SECO,DESPEJADO,0,0,0,0,13,131,13119,Metropolitana de Santiago,Santiago,Maipú,Interseccion,"ALTO JAHUEL & AMERICO VESPUCIO, Maipú",-33.483406,-70.753429
-8087576.40934601,-4680775.09103707,6170,2023,1573048,2023/11/20 00:00:00+00,Noviembre,20,Lunes,1899/12/30 00:00:00+00,22:25:00,22,REGION ARAUCANIA,TEMUCO,CHOQUE,CHOQUE,URBANA,TRAMO DE VIA RECTA,IMPRUDENCIA DEL CONDUCTOR,CONDUCCION NO ATENTO CONDICIONES TRANSITO MOMENTO,LOS POETAS,GENERAL MACKENNA,GENERAL MACKENNA - LOS POETAS,0, , ,BIDIRECCIONAL CON BANDEJON,CONCRETO,BUENO,SECO,NUBLADO,1,0,0,0,09,091,09101,La Araucanía,Cautín,Temuco,Interseccion,"GENERAL MACKENNA & LOS POETAS, Temuco",-38.713917,-72.651935
-7853078.22848018,-3947745.60817224,6171,2023,1581632,2023/11/21 00:00:00+00,Noviembre,21,Martes,1899/12/30 00:00:00+00,03:40:00,3,REGION METROPOLITANA,LAS CONDES,COLISION,COLISION,URBANA,CRUCE CON SEMAFORO FUNCIONANDO,IMPRUDENCIA DEL CONDUCTOR,NO RESPETAR DERECHO PREFERENTE DE PASO A VEHICULO,PADRE HURTADO NORTE,LAS CONDES,LAS CONDES - PADRE HURTADO NORTE,0, , ,BIDIRECCIONAL CON BANDEJON,ASFALTO,BUENO,SECO,DESPEJADO,0,0,1,0,13,131,13114,Metropolitana de Santiago,Santiago,Las Condes,Interseccion,"LAS CONDES & PADRE HURTADO NORTE, Las Condes",-33.394204,-70.545402
-7953163.20040418,-3901488.24642632,6172,2023,1578871,2023/11/21 00:00:00+00,Noviembre,21,Martes,1899/12/30 00:00:00+00,08:50:00,8,REGION VALPARAISO,QUILPUE,ATROPELLO,ATROPELLO,URBANA,TRAMO DE VIA RECTA,IMPRUDENCIA DEL CONDUCTOR,CONDUCCION NO ATENTO CONDICIONES TRANSITO MOMENTO,VICUÑA MACKENNA,ANDRES BELLO,ANDRES BELLO - VICUÑA MACKENNA,0, , ,BIDIRECCIONAL,ASFALTO,BUENO,SECO,DESPEJADO,0,0,0,1,05,058,05801,Valparaíso,Marga Marga,Quilpué,Interseccion,"ANDRES BELLO & VICUÑA MACKENNA, Quilpué",-33.04658,-71.444481
-7874824.46509147,-3964370.72864706,6173,2023,1577340,2023/11/21 00:00:00+00,Noviembre,21,Martes,1899/12/30 00:00:00+00,11:10:00,11,REGION METROPOLITANA,MAIPU,COLISION LATERAL,COLISION,URBANA,CRUCE CON SEMAFORO FUNCIONANDO,IMPRUDENCIA DEL CONDUCTOR,CONDUCCION CAMBIAR SORPRESIVAMENTE PISTA CIRCULACION,CAMINO A MELIPILLA,LO ESPEJO,CAMINO A MELIPILLA - LO ESPEJO,0, , ,BIDIRECCIONAL CON BANDEJON,CONCRETO,REGULAR,SECO,DESPEJADO,0,0,0,1,13,131,13119,Metropolitana de Santiago,Santiago,Maipú,Interseccion,"CAMINO A MELIPILLA & LO ESPEJO, Maipú",-33.518804,-70.740752
-7963101.86016855,-3887619.87336622,6174,2023,1576518,2023/11/21 00:00:00+00,Noviembre,21,Martes,1899/12/30 00:00:00+00,11:50:00,11,REGION VALPARAISO,CONCON,COLISION,COLISION,URBANA,CRUCE CON SEÑAL PARE,IMPRUDENCIA DEL CONDUCTOR,CONDUCCION NO ATENTO CONDICIONES TRANSITO MOMENTO,BOSQUES DE MONTEMAR,BLANCA ESTELA,BLANCA ESTELA - BOSQUES DE MONTEMAR,0, , ,BIDIRECCIONAL,ASFALTO,BUENO,SECO,DESPEJADO,0,1,0,0,05,051,05103,Valparaíso,Valparaíso,Concón,Interseccion,"BLANCA ESTELA & BOSQUES DE MONTEMAR, Concón",-32.94209,-71.533761
-7863475.02360891,-3953899.32149245,6175,2023,1574187,2023/11/21 00:00:00+00,Noviembre,21,Martes,1899/12/30 00:00:00+00,13:16:00,13,REGION METROPOLITANA,SANTIAGO,CHOQUE FRENTE/POSTERIOR,CHOQUE,URBANA,CRUCE CON SEMAFORO FUNCIONANDO,IMPRUDENCIA DEL CONDUCTOR,CONDUCCION NO ATENTO CONDICIONES TRANSITO MOMENTO,LIBER BERNARDO O'HIGGINS,CIENFUEGOS,CIENFUEGOS - LIBER BERNARDO O'HIGGINS,0, , ,BIDIRECCIONAL CON BANDEJON,ASFALTO,BUENO,SECO,DESPEJADO,0,0,0,0,13,131,13101,Metropolitana de Santiago,Santiago,Santiago,Interseccion,"CIENFUEGOS & LIBER BERNARDO O'HIGGINS, Santiago",-33.440345,-70.638798
-7959926.68325636,-3752141.04077519,6176,2023,1574258,2023/11/21 00:00:00+00,Noviembre,21,Martes,1899/12/30 00:00:00+00,13:35:00,13,REGION COQUIMBO,LOS VILOS,COLISION,COLISION,URBANA,CRUCE CON SEÑAL PARE,DESOBEDIENCIA A SEÑALIZACION,SEÑALIZACION DESOBEDECER SEÑAL PARE,GALVARINO,SAN JOSE,GALVARINO - SAN JOSE,0, , ,UNIDIRECCIONAL,CONCRETO,BUENO,SECO,DESPEJADO,0,1,0,0,04,042,04203,Coquimbo,Choapa,Los Vilos,Interseccion,"GALVARINO & SAN JOSE, Los Vilos",-31.914869,-71.505238
-7874444.89150964,-4051293.08608317,6177,2023,1573162,2023/11/21 00:00:00+00,Noviembre,21,Martes,1899/12/30 00:00:00+00,13:40:00,13,REGION LIB.B.O'HIGGINS,RANCAGUA,COLISION POR ALCANCE,COLISION,URBANA,CRUCE CON SEMAFORO FUNCIONANDO,IMPRUDENCIA DEL CONDUCTOR,CONDUCCION NO ATENTO CONDICIONES TRANSITO MOMENTO,ALMARZA,CACERES,ALMARZA - CACERES,0, , ,UNIDIRECCIONAL,CONCRETO,BUENO,SECO,DESPEJADO,0,0,0,0,06,061,06101,Libertador General Bernardo O'Higgins,Cachapoal,Rancagua,Interseccion,"ALMARZA & CACERES, Rancagua",-34.167334,-70.737342
-8136552.86647389,-4404771.10219888,6178,2023,1575343,2023/11/21 00:00:00+00,Noviembre,21,Martes,1899/12/30 00:00:00+00,14:50:00,14,REGION BIO BIO,TALCAHUANO,COLISION LATERAL,COLISION,URBANA,CRUCE CON SEMAFORO FUNCIONANDO,IMPRUDENCIA DEL CONDUCTOR,VIRAJES INDEBIDOS,GOMEZ CARREÑO,JUAN GUILLERMO SOSA,GOMEZ CARREÑO - JUAN GUILLERMO SOSA,0, , ,BIDIRECCIONAL,CONCRETO,BUENO,SECO,DESPEJADO,0,0,0,0,08,081,08110,Biobío,Concepción,Talcahuano,Interseccion,"GOMEZ CARREÑO & JUAN GUILLERMO SOSA, Talcahuano",-36.753268,-73.091898
-7864695.97578393,-3950906.14465189,6179,2023,1573899,2023/11/21 00:00:00+00,Noviembre,21,Martes,1899/12/30 00:00:00+00,15:30:00,15,REGION METROPOLITANA,RECOLETA,COLISION LATERAL,COLISION,URBANA,CRUCE CON SEÑAL PARE,IMPRUDENCIA DEL CONDUCTOR,CONDUCCION NO ATENTO CONDICIONES TRANSITO MOMENTO,MONSERRAT,PROFE ALBERTO ZAÑARTU,MONSERRAT - PROFE ALBERTO ZAÑARTU,0, , ,BIDIRECCIONAL,ASFALTO,BUENO,SECO,DESPEJADO,0,0,0,0,13,131,13127,Metropolitana de Santiago,Santiago,Recoleta,Interseccion,"MONSERRAT & PROFE ALBERTO ZAÑARTU, Recoleta",-33.417905,-70.649766
-7925667.47534345,-3581310.70188212,6180,2023,1573388,2023/11/21 00:00:00+00,Noviembre,21,Martes,1899/12/30 00:00:00+00,16:55:00,16,REGION COQUIMBO,OVALLE,COLISION,COLISION,URBANA,TRAMO DE VIA RECTA,IMPRUDENCIA DEL CONDUCTOR,ADELANTAMIENTO SIN EL ESPACIO O TIEMPO SUFICIENTE,INDEPENDENCIA,ARIZTIA PONIENTE,ARIZTIA PONIENTE - INDEPENDENCIA,0, , ,UNIDIRECCIONAL,ASFALTO,BUENO,SECO,DESPEJADO,0,1,0,0,04,043,04301,Coquimbo,Limarí,Ovalle,Interseccion,"ARIZTIA PONIENTE & INDEPENDENCIA, Ovalle",-30.6031,-71.197482
-7857170.11028936,-3963259.86257237,6181,2023,1576128,2023/11/21 00:00:00+00,Noviembre,21,Martes,1899/12/30 00:00:00+00,17:45:00,17,REGION METROPOLITANA,LA FLORIDA,ATROPELLO,ATROPELLO,URBANA,TRAMO DE VIA RECTA,IMPRUDENCIA DEL PEATON,PEATON CRUZA CALZADA FUERA PASO PEATONES,DEPARTAMENTAL,STA MARGARITA,DEPARTAMENTAL - STA MARGARITA,0, , ,UNIDIRECCIONAL,ASFALTO,BUENO,SECO,DESPEJADO,0,1,0,1,13,131,13110,Metropolitana de Santiago,Santiago,La Florida,Interseccion,"DEPARTAMENTAL & STA MARGARITA, La Florida",-33.510484,-70.58216
-8141922.25073715,-4435889.66357976,6182,2023,1577527,2023/11/21 00:00:00+00,Noviembre,21,Martes,1899/12/30 00:00:00+00,18:30:00,18,REGION BIO BIO,CORONEL,COLISION,COLISION,URBANA,TRAMO DE VIA RECTA,IMPRUDENCIA DEL CONDUCTOR,CONDUCCION NO ATENTO CONDICIONES TRANSITO MOMENTO,LLACOLEN,LEUFU,LEUFU - LLACOLEN,0, , ,BIDIRECCIONAL,ASFALTO,BUENO,SECO,DESPEJADO,0,2,0,0,08,081,08102,Biobío,Concepción,Coronel,Interseccion,"LEUFU & LLACOLEN, Coronel",-36.976916,-73.140132
-7963745.23125464,-3889886.23451662,6183,2023,1576755,2023/11/21 00:00:00+00,Noviembre,21,Martes,1899/12/30 00:00:00+00,19:30:00,19,REGION VALPARAISO,VIÑA DEL MAR,OTRO TIPO,OTRO TIPO,URBANA,CRUCE CON SEMAFORO FUNCIONANDO,IMPRUDENCIA DEL CONDUCTOR,CONDUCCION NO ATENTO CONDICIONES TRANSITO MOMENTO,GASTON HAMMEL NIETO,CALAFQUEN,CALAFQUEN - GASTON HAMMEL NIETO,0, , ,UNIDIRECCIONAL,ASFALTO,BUENO,SECO,DESPEJADO,0,0,0,1,05,051,05109,Valparaíso,Valparaíso,Viña del Mar,Interseccion,"CALAFQUEN & GASTON HAMMEL NIETO, Viña del Mar",-32.959174,-71.539541
-7867095.57872747,-3944682.97315864,6184,2023,1573122,2023/11/22 00:00:00+00,Noviembre,22,Miércoles,1899/12/30 00:00:00+00,00:20:00,0,REGION METROPOLITANA,CONCHALI,ATROPELLO,ATROPELLO,URBANA,TRAMO DE VIA RECTA,IMPRUDENCIA DEL PEATON,PEATON CRUZA CAMINO O CARRETERA SIN ADOPTAR PRECAUCIONES,AMERICO VESPUCIO,PEDRO FONTOVA,AMERICO VESPUCIO - PEDRO FONTOVA,0, , ,BIDIRECCIONAL CON BANDEJON,MIXTO,BUENO,SECO,DESPEJADO,2,0,0,0,13,131,13104,Metropolitana de Santiago,Santiago,Conchalí,Interseccion,"AMERICO VESPUCIO & PEDRO FONTOVA, Conchalí",-33.371231,-70.671322
-7874540.51495223,-3944699.23539606,6185,2023,1573476,2023/11/22 00:00:00+00,Noviembre,22,Miércoles,1899/12/30 00:00:00+00,06:00:00,6,REGION METROPOLITANA,QUILICURA,VOLCADURA,VOLCADURA,URBANA,TRAMO DE VIA CURVA HORIZONTAL,IMPRUDENCIA DEL PASAJERO,PASAJERO SUBE O DESCIENDE DE VEHICULO MOVIMIENTO,GRAL SAN MARTIN,AMERICO VESPUCIO,AMERICO VESPUCIO - GRAL SAN MARTIN,0, , ,UNIDIRECCIONAL,ASFALTO,BUENO,SECO,DESPEJADO,0,0,0,0,13,131,13125,Metropolitana de Santiago,Santiago,Quilicura,Interseccion,"AMERICO VESPUCIO & GRAL SAN MARTIN, Quilicura",-33.371353,-70.738201
-8132071.58903025,-4409842.69538911,6186,2023,1574237,2023/11/22 00:00:00+00,Noviembre,22,Miércoles,1899/12/30 00:00:00+00,07:30:00,7,REGION BIO BIO,CONCEPCION,COLISION PERPENDICULAR,COLISION,URBANA,CRUCE CON SEÑAL PARE,DESOBEDIENCIA A SEÑALIZACION,SEÑALIZACION DESOBEDECER SEÑAL PARE,COSME CHURRUCA,GARCIA HURTADO DE MENDOZA,COSME CHURRUCA - GARCIA HURTADO DE MENDOZA,0, , ,BIDIRECCIONAL,CONCRETO,BUENO,SECO,DESPEJADO,0,0,0,1,08,081,08101,Biobío,Concepción,Concepción,Interseccion,"COSME CHURRUCA & GARCIA HURTADO DE MENDOZA, Concepción",-36.789762,-73.051642
-7919873.37376017,-3868866.01710873,6187,2023,1573346,2023/11/22 00:00:00+00,Noviembre,22,Miércoles,1899/12/30 00:00:00+00,08:20:00,8,REGION VALPARAISO,HIJUELAS,COLISION POR ALCANCE,COLISION,URBANA,TRAMO DE VIA RECTA,IMPRUDENCIA DEL CONDUCTOR,CONDUCCION CAMBIAR SORPRESIVAMENTE PISTA CIRCULACION,MANUEL RODRIGUEZ,LUIS LABORDA,LUIS LABORDA - MANUEL RODRIGUEZ,0, , ,BIDIRECCIONAL,ASFALTO,BUENO,SECO,DESPEJADO,0,0,0,1,05,055,05503,Valparaíso,Quillota,Hijuelas,Interseccion,"LUIS LABORDA & MANUEL RODRIGUEZ, Hijuelas",-32.800594,-71.145433
-7865466.41797971,-3957857.79939045,6188,2023,1576231,2023/11/22 00:00:00+00,Noviembre,22,Miércoles,1899/12/30 00:00:00+00,08:30:00,8,REGION METROPOLITANA,SANTIAGO,COLISION POR ALCANCE,COLISION,URBANA,CRUCE SIN SEÑALIZACION,ALCOHOL EN CONDUCTOR,CONDUCCION EN ESTADO DE EBRIEDAD,VIEL,GRAL RONDIZZONI,GRAL RONDIZZONI - VIEL,0, , ,UNIDIRECCIONAL,CONCRETO,BUENO,SECO,DESPEJADO,0,1,0,0,13,131,13101,Metropolitana de Santiago,Santiago,Santiago,Interseccion,"GRAL RONDIZZONI & VIEL, Santiago",-33.470013,-70.656687
-7965498.99177487,-3897238.11338531,6189,2023,1574526,2023/11/22 00:00:00+00,Noviembre,22,Miércoles,1899/12/30 00:00:00+00,12:30:00,12,REGION VALPARAISO,VIÑA DEL MAR,CHOQUE FRENTE/POSTERIOR,CHOQUE,URBANA,TRAMO DE VIA RECTA,IMPRUDENCIA DEL CONDUCTOR,CONDUCCION SIN MANTENER DISTANCIA RAZONABLE NI PRUDENTE,8 NORTE,SAN MARTIN,8 NORTE - SAN MARTIN,0, , ,BIDIRECCIONAL,CONCRETO,BUENO,SECO,DESPEJADO,0,0,0,0,05,051,05109,Valparaíso,Valparaíso,Viña del Mar,Interseccion,"8 NORTE & SAN MARTIN, Viña del Mar",-33.014571,-71.555295
-7836706.64900247,-2711013.41727107,6190,2023,1573761,2023/11/22 00:00:00+00,Noviembre,22,Miércoles,1899/12/30 00:00:00+00,14:40:00,14,REGION ANTOFAGASTA,ANTOFAGASTA,COLISION,COLISION,URBANA,TRAMO DE VIA RECTA,IMPRUDENCIA DEL CONDUCTOR,CONDUCCION NO ATENTO CONDICIONES TRANSITO MOMENTO,TENIENTE LUIS URIBE,MANUEL ANTONIO MATTA,MANUEL ANTONIO MATTA - TENIENTE LUIS URIBE,0, , ,UNIDIRECCIONAL,ASFALTO,BUENO,SECO,DESPEJADO,0,0,0,1,02,021,02101,Antofagasta,Antofagasta,Antofagasta,Interseccion,"MANUEL ANTONIO MATTA & TENIENTE LUIS URIBE, Antofagasta",-23.651619,-70.398334
-7857447.51846042,-3952764.65099789,6191,2023,1577072,2023/11/22 00:00:00+00,Noviembre,22,Miércoles,1899/12/30 00:00:00+00,14:55:00,14,REGION METROPOLITANA,PROVIDENCIA,CHOQUE POSTERIOR/POSTERIOR,CHOQUE,URBANA,CRUCE CON SEMAFORO FUNCIONANDO,IMPRUDENCIA DEL CONDUCTOR,CONDUCCION NO ATENTO CONDICIONES TRANSITO MOMENTO,TOBALABA,FRANCISCO BILBAO,FRANCISCO BILBAO - TOBALABA,0, , ,BIDIRECCIONAL,ASFALTO,BUENO,SECO,DESPEJADO,0,0,0,0,13,131,13123,Metropolitana de Santiago,Santiago,Providencia,Interseccion,"FRANCISCO BILBAO & TOBALABA, Providencia",-33.431839,-70.584652
-8029026.36469042,-4384261.55178547,6192,2023,1573622,2023/11/22 00:00:00+00,Noviembre,22,Miércoles,1899/12/30 00:00:00+00,15:40:00,15,REGION ÑUBLE,CHILLAN,COLISION POR ALCANCE,COLISION,URBANA,CRUCE CON SEÑAL PARE,IMPRUDENCIA DEL CONDUCTOR,"ADELANTAMIENTO EN CRUCE, CURVA, CUESTA, PUENTE",ZAÑARTU,ATACAMA,ATACAMA - ZAÑARTU,0, , ,BIDIRECCIONAL,CONCRETO,BUENO,SECO,DESPEJADO,0,1,0,0,16,161,16101,Ñuble,Diguillín,Chillán,Interseccion,"ATACAMA & ZAÑARTU, Chillán",-36.605509,-72.125971
-7834771.58236081,-2705199.93047614,6193,2023,1574173,2023/11/22 00:00:00+00,Noviembre,22,Miércoles,1899/12/30 00:00:00+00,18:00:00,18,REGION ANTOFAGASTA,ANTOFAGASTA,CHOQUE FRENTE/POSTERIOR,CHOQUE,URBANA,CRUCE CON SEMAFORO FUNCIONANDO,IMPRUDENCIA DEL CONDUCTOR,CONDUCCION NO ATENTO CONDICIONES TRANSITO MOMENTO,IRARRAZAVAL,BANDERA,BANDERA - IRARRAZAVAL,0, , ,BIDIRECCIONAL CON BANDEJON,ASFALTO,BUENO,SECO,DESPEJADO,0,0,1,0,02,021,02101,Antofagasta,Antofagasta,Antofagasta,Interseccion,"BANDERA & IRARRAZAVAL, Antofagasta",-23.603773,-70.380951
-7862509.66098475,-3953294.6213868,6194,2023,1573807,2023/11/22 00:00:00+00,Noviembre,22,Miércoles,1899/12/30 00:00:00+00,18:15:00,18,REGION METROPOLITANA,PROVIDENCIA,COLISION FRONTAL,COLISION,URBANA,TRAMO DE VIA RECTA,IMPRUDENCIA DEL CONDUCTOR,CONDUCCION NO ATENTO CONDICIONES TRANSITO MOMENTO,PROVIDENCIA,OBPO PEREZ DE ESPINOZA,OBPO PEREZ DE ESPINOZA - PROVIDENCIA,0, , ,UNIDIRECCIONAL,ASFALTO,BUENO,SECO,DESPEJADO,0,0,0,1,13,131,13123,Metropolitana de Santiago,Santiago,Providencia,Interseccion,"OBPO PEREZ DE ESPINOZA & PROVIDENCIA, Providencia",-33.435812,-70.630126
-7925063.27777541,-3580638.92126401,6195,2023,1573983,2023/11/22 00:00:00+00,Noviembre,22,Miércoles,1899/12/30 00:00:00+00,19:17:00,19,REGION COQUIMBO,OVALLE,COLISION,COLISION,URBANA,TRAMO DE VIA RECTA,IMPRUDENCIA DEL CONDUCTOR,CONDUCCION SIN MANTENER DISTANCIA RAZONABLE NI PRUDENTE,MANUEL PEÑAFIEL,LA FERIA,LA FERIA - MANUEL PEÑAFIEL,0, , ,BIDIRECCIONAL,ASFALTO,REGULAR,SECO,DESPEJADO,0,1,0,0,04,043,04301,Coquimbo,Limarí,Ovalle,Interseccion,"LA FERIA & MANUEL PEÑAFIEL, Ovalle",-30.597906,-71.192055
-7806445.04658897,-2302877.07142402,6196,2023,1573546,2023/11/22 00:00:00+00,Noviembre,22,Miércoles,1899/12/30 00:00:00+00,20:00:00,20,REGION TARAPACA,IQUIQUE,COLISION FRONTAL,COLISION,URBANA,TRAMO DE VIA RECTA,IMPRUDENCIA DEL CONDUCTOR,CONDUCCION NO ATENTO CONDICIONES TRANSITO MOMENTO,CHIPANA,CERRO DRAGON,CERRO DRAGON - CHIPANA,0, , ,BIDIRECCIONAL CON BANDEJON,ASFALTO,BUENO,SECO,DESPEJADO,0,0,0,1,01,011,01101,Tarapacá,Iquique,Iquique,Interseccion,"CERRO DRAGON & CHIPANA, Iquique",-20.251741,-70.126489
-7854112.38651625,-3971292.27771306,6197,2023,1574949,2023/11/22 00:00:00+00,Noviembre,22,Miércoles,1899/12/30 00:00:00+00,21:00:00,21,REGION METROPOLITANA,PUENTE ALTO,COLISION LATERAL,COLISION,URBANA,TRAMO DE VIA RECTA,IMPRUDENCIA DEL CONDUCTOR,CONDUCCION NO ATENTO CONDICIONES TRANSITO MOMENTO,CAMILO HENRIQUEZ,EL PERAL,CAMILO HENRIQUEZ - EL PERAL,0, , ,BIDIRECCIONAL,CONCRETO,BUENO,SECO,DESPEJADO,0,0,0,0,13,132,13201,Metropolitana de Santiago,Cordillera,Puente Alto,Interseccion,"CAMILO HENRIQUEZ & EL PERAL, Puente Alto",-33.570626,-70.554692
-7973958.8389848,-4221861.89555702,6198,2023,1573579,2023/11/22 00:00:00+00,Noviembre,22,Miércoles,1899/12/30 00:00:00+00,23:30:00,23,REGION MAULE,TALCA,COLISION PERPENDICULAR,COLISION,URBANA,CRUCE CON SEÑAL PARE,DESOBEDIENCIA A SEÑALIZACION,SEÑALIZACION DESOBEDECER SEÑAL PARE,23 ORIENTE,DIAGONAL AGUA POTABLE,23 ORIENTE - DIAGONAL AGUA POTABLE,0, , ,BIDIRECCIONAL,CONCRETO,BUENO,SECO,DESPEJADO,0,0,0,1,07,071,07101,Maule,Talca,Talca,Interseccion,"23 ORIENTE & DIAGONAL AGUA POTABLE, Talca",-35.425541,-71.631291
-7865681.8211944,-3955382.4579272,6199,2023,1582579,2023/11/23 00:00:00+00,Noviembre,23,Jueves,1899/12/30 00:00:00+00,01:00:00,1,REGION METROPOLITANA,SANTIAGO,COLISION POR ALCANCE,COLISION,URBANA,TRAMO DE VIA RECTA,IMPRUDENCIA DEL CONDUCTOR,CONDUCCION NO ATENTO CONDICIONES TRANSITO MOMENTO,NVO COMPAÑIA,MANUEL RODRIGUEZ,MANUEL RODRIGUEZ - NVO COMPAÑIA,0, , ,UNIDIRECCIONAL,ASFALTO,REGULAR,SECO,DESPEJADO,0,1,0,1,13,131,13101,Metropolitana de Santiago,Santiago,Santiago,Interseccion,"MANUEL RODRIGUEZ & NVO COMPAÑIA, Santiago",-33.451462,-70.658622
-8134059.64383859,-4413068.48655016,6200,2023,1575592,2023/11/23 00:00:00+00,Noviembre,23,Jueves,1899/12/30 00:00:00+00,06:20:00,6,REGION BIO BIO,CONCEPCION,VOLCADURA,VOLCADURA,URBANA,ROTONDA,VELOCIDAD IMPRUDENTE,"VELOCIDAD NO REDUCIR CRUCE DE CALLES, CUMBRE, CURVA, ETC.",COLLAO,21 DE MAYO,21 DE MAYO - COLLAO,0, , ,UNIDIRECCIONAL,CONCRETO,BUENO,SECO,DESPEJADO,0,0,1,0,08,081,08101,Biobío,Concepción,Concepción,Interseccion,"21 DE MAYO & COLLAO, Concepción",-36.812965,-73.069501
-7855127.62027229,-3967693.54755858,6201,2023,1576132,2023/11/23 00:00:00+00,Noviembre,23,Jueves,1899/12/30 00:00:00+00,07:50:00,7,REGION METROPOLITANA,LA FLORIDA,COLISION FRONTAL,COLISION,URBANA,CRUCE CON SEÑAL PARE,DESOBEDIENCIA A SEÑALIZACION,SEÑALIZACION DESOBEDECER SEÑAL PARE,STA AMALIA,ALAMEDA ORIENTE,ALAMEDA ORIENTE - STA AMALIA,0, , ,BIDIRECCIONAL,CONCRETO,BUENO,SECO,DESPEJADO,0,1,0,1,13,131,13110,Metropolitana de Santiago,Santiago,La Florida,Interseccion,"ALAMEDA ORIENTE & STA AMALIA, La Florida",-33.543686,-70.563812
-7862606.93245674,-3972151.7996887,6202,2023,1573908,2023/11/23 00:00:00+00,Noviembre,23,Jueves,1899/12/30 00:00:00+00,08:20:00,8,REGION METROPOLITANA,LA PINTANA,COLISION PERPENDICULAR,COLISION,URBANA,CRUCE SIN SEÑALIZACION,IMPRUDENCIA DEL CONDUCTOR,CONDUCCION NO ATENTO CONDICIONES TRANSITO MOMENTO,LO MARTINEZ,JUAN XXIII,JUAN XXIII - LO MARTINEZ,0, , ,BIDIRECCIONAL,ASFALTO,BUENO,SECO,DESPEJADO,0,0,0,0,13,131,13112,Metropolitana de Santiago,Santiago,La Pintana,Interseccion,"JUAN XXIII & LO MARTINEZ, La Pintana",-33.577059,-70.631
-7871052.54134721,-3958007.66322198,6203,2023,1578142,2023/11/23 00:00:00+00,Noviembre,23,Jueves,1899/12/30 00:00:00+00,12:20:00,12,REGION METROPOLITANA,ESTACION CENTRAL,COLISION,COLISION,URBANA,TRAMO DE VIA RECTA,IMPRUDENCIA DEL CONDUCTOR,CONDUCCION NO ATENTO CONDICIONES TRANSITO MOMENTO,LIBER BERNARDO O'HIGGINS,PALENA,LIBER BERNARDO O'HIGGINS - PALENA,0, , ,BIDIRECCIONAL,ASFALTO,BUENO,SECO,DESPEJADO,0,0,0,1,13,131,13106,Metropolitana de Santiago,Santiago,Estación Central,Interseccion,"LIBER BERNARDO O'HIGGINS & PALENA, Estación Central",-33.471136,-70.706868
-7861766.82602269,-3948296.1497009,6204,2023,1575007,2023/11/23 00:00:00+00,Noviembre,23,Jueves,1899/12/30 00:00:00+00,14:35:00,14,REGION METROPOLITANA,RECOLETA,COLISION LATERAL,COLISION,URBANA,CRUCE CON SEÑAL PARE,DESOBEDIENCIA A SEÑALIZACION,SEÑALIZACION DESOBEDECER SEÑAL PARE,LOS ZAPADORES,CUBA,CUBA - LOS ZAPADORES,0, , ,BIDIRECCIONAL,ASFALTO,BUENO,SECO,DESPEJADO,0,0,0,1,13,131,13127,Metropolitana de Santiago,Santiago,Recoleta,Interseccion,"CUBA & LOS ZAPADORES, Recoleta",-33.398333,-70.623453
-7861573.35274769,-3951663.96948102,6205,2023,1573809,2023/11/23 00:00:00+00,Noviembre,23,Jueves,1899/12/30 00:00:00+00,19:00:00,19,REGION METROPOLITANA,PROVIDENCIA,CHOQUE POSTERIOR/POSTERIOR,CHOQUE,URBANA,TRAMO DE VIA RECTA,IMPRUDENCIA DEL CONDUCTOR,CONDUCCION NO ATENTO CONDICIONES TRANSITO MOMENTO,COST NORTE,STA MARIA,COST NORTE - STA MARIA,0, , ,UNIDIRECCIONAL,ASFALTO,REGULAR,SECO,DESPEJADO,0,0,0,1,13,131,13123,Metropolitana de Santiago,Santiago,Providencia,Interseccion,"COST NORTE & STA MARIA, Providencia",-33.423587,-70.621715
-8091734.30368003,-4508465.09644623,6206,2023,1574981,2023/11/23 00:00:00+00,Noviembre,23,Jueves,1899/12/30 00:00:00+00,22:50:00,22,REGION BIO BIO,NACIMIENTO,VOLCADURA,VOLCADURA,URBANA,TRAMO DE VIA RECTA,VELOCIDAD IMPRUDENTE,VELOCIDAD NO RAZONABLE NI PRUDENTE,ALONSO DE RIBERA,LAS DELICIAS,ALONSO DE RIBERA - LAS DELICIAS,0, , ,BIDIRECCIONAL,ASFALTO,BUENO,SECO,DESPEJADO,0,0,0,1,08,083,08306,Biobío,Biobío,Nacimiento,Interseccion,"ALONSO DE RIBERA & LAS DELICIAS, Nacimiento",-37.495964,-72.689286