X,Y,FID,Año,IdAccident,Fecha,Mes,Dia_mes,Dia_semana,Hora,Hora_texto,Hora_aprox,Región,Comuna,Tipo_Accid,Tipo__CONA,Zona,Ubicación,Causa__CON,Causa_Acci,Calle_Uno,Calle_Dos,Intersecci,Número,Ruta,Ubicaci_1,Calzada,Tipo_Calza,Estado_Cal,Condición,Estado_Atm,Fallecidos,Graves,Menos_Grav,Leves,CUT_REG,CUT_PROV,CUT_COM,REGION,PROVINCIA,COMUNA1,Tipo_direc,Direccion,Lat,Lon
-7973712.71163518,-3900119.455,6207,2023,1577815,2023/11/23 00:00:00+00,Noviembre,23,Jueves,1899/12/30 00:00:00+00,23:00:00,23,REGION VALPARAISO,VALPARAISO,COLISION,COLISION,URBANA,TRAMO DE VIA RECTA,IMPRUDENCIA DEL CONDUCTOR,CONDUCCION CAMBIAR SORPRESIVAMENTE PISTA CIRCULACION,ERRAZURIZ,CLAVE,CLAVE - ERRAZURIZ,0, , ,BIDIRECCIONAL,ASFALTO,BUENO,SECO,DESPEJADO,0,0,0,1,05,051,05101,Valparaíso,Valparaíso,Valparaíso,Interseccion,"CLAVE & ERRAZURIZ, Valparaíso",-33.036272,-71.62908
-7931124.99135889,-4160115.8313668,6208,2023,1576186,2023/11/24 00:00:00+00,Noviembre,24,Viernes,1899/12/30 00:00:00+00,08:30:00,8,REGION MAULE,CURICO,COLISION LATERAL,COLISION,URBANA,CRUCE REGULADO POR CARABINERO,DESOBEDIENCIA A SEÑALIZACION,SEÑALIZACION DESOBEDECER SEÑAL PARE,MURCIA,MALAGA,MALAGA - MURCIA,0, , ,UNIDIRECCIONAL,CONCRETO,BUENO,SECO,DESPEJADO,0,0,0,1,07,073,07301,Maule,Curicó,Curicó,Interseccion,"MALAGA & MURCIA, Curicó",-34.972288,-71.246508
-8132030.95743838,-4413936.58493373,6209,2023,1574313,2023/11/24 00:00:00+00,Noviembre,24,Viernes,1899/12/30 00:00:00+00,08:50:00,8,REGION BIO BIO,CONCEPCION,COLISION,COLISION,URBANA,TRAMO DE VIA RECTA,IMPRUDENCIA DEL CONDUCTOR,CONDUCCION NO ATENTO CONDICIONES TRANSITO MOMENTO,MANUEL BULNES,CASTELLON,CASTELLON - MANUEL BULNES,0, , ,BIDIRECCIONAL CON BANDEJON,CONCRETO,BUENO,SECO,DESPEJADO,0,0,0,1,08,081,08101,Biobío,Concepción,Concepción,Interseccion,"CASTELLON & MANUEL BULNES, Concepción",-36.819208,-73.051277
-7954526.24072159,-3901457.23668024,6210,2023,1583041,2023/11/24 00:00:00+00,Noviembre,24,Viernes,1899/12/30 00:00:00+00,10:00:00,10,REGION VALPARAISO,QUILPUE,COLISION PERPENDICULAR,COLISION,URBANA,CRUCE CON SEMAFORO FUNCIONANDO,IMPRUDENCIA DEL CONDUCTOR,CONDUCCION NO ATENTO CONDICIONES TRANSITO MOMENTO,LOS CARRERA,CUARTA,CUARTA - LOS CARRERA,0, , ,BIDIRECCIONAL,ASFALTO,BUENO,SECO,DESPEJADO,0,1,0,0,05,058,05801,Valparaíso,Marga Marga,Quilpué,Interseccion,"CUARTA & LOS CARRERA, Quilpué",-33.046346,-71.456725
-7855444.88082105,-3970841.64025896,6211,2023,1575241,2023/11/24 00:00:00+00,Noviembre,24,Viernes,1899/12/30 00:00:00+00,11:00:00,11,REGION METROPOLITANA,PUENTE ALTO,COLISION LATERAL,COLISION,URBANA,TRAMO DE VIA RECTA,IMPRUDENCIA DEL CONDUCTOR,CONDUCCION NO ATENTO CONDICIONES TRANSITO MOMENTO,MEXICO,LOS TOROS,LOS TOROS - MEXICO,0, , ,BIDIRECCIONAL,CONCRETO,BUENO,SECO,DESPEJADO,0,0,0,2,13,132,13201,Metropolitana de Santiago,Cordillera,Puente Alto,Interseccion,"LOS TOROS & MEXICO, Puente Alto",-33.567253,-70.566662
-8137729.40222774,-4416711.55402511,6212,2023,1577986,2023/11/24 00:00:00+00,Noviembre,24,Viernes,1899/12/30 00:00:00+00,14:10:00,14,REGION BIO BIO,SAN PEDRO DE LA PAZ,COLISION LATERAL,COLISION,URBANA,CRUCE SIN SEÑALIZACION,IMPRUDENCIA DEL CONDUCTOR,CONDUCCION NO ATENTO CONDICIONES TRANSITO MOMENTO,TORRES DE VIVEROS,LOS ACACIOS,LOS ACACIOS - TORRES DE VIVEROS,0, , ,BIDIRECCIONAL,CONCRETO,BUENO,SECO,DESPEJADO,0,1,0,0,08,081,08108,Biobío,Concepción,San Pedro de la Paz,Interseccion,"LOS ACACIOS & TORRES DE VIVEROS, San Pedro de la Paz",-36.839161,-73.102467
-7863159.76681098,-3949821.90918908,6213,2023,1575149,2023/11/24 00:00:00+00,Noviembre,24,Viernes,1899/12/30 00:00:00+00,15:30:00,15,REGION METROPOLITANA,RECOLETA,COLISION LATERAL,COLISION,URBANA,CRUCE CON SEÑAL PARE,IMPRUDENCIA DEL CONDUCTOR,CONDUCCION NO ATENTO CONDICIONES TRANSITO MOMENTO,EL SALTO,RAWSON,EL SALTO - RAWSON,0, , ,BIDIRECCIONAL,ASFALTO,BUENO,SECO,DESPEJADO,0,0,0,1,13,131,13127,Metropolitana de Santiago,Santiago,Recoleta,Interseccion,"EL SALTO & RAWSON, Recoleta",-33.409775,-70.635966
-7863343.3326513,-3950130.49920816,6214,2023,1575246,2023/11/24 00:00:00+00,Noviembre,24,Viernes,1899/12/30 00:00:00+00,16:00:00,16,REGION METROPOLITANA,RECOLETA,COLISION,COLISION,URBANA,TRAMO DE VIA RECTA,IMPRUDENCIA DEL CONDUCTOR,CONDUCCION NO ATENTO CONDICIONES TRANSITO MOMENTO,EL SALTO,SAN RAMON,EL SALTO - SAN RAMON,0, , ,BIDIRECCIONAL,ASFALTO,BUENO,SECO,DESPEJADO,0,0,0,1,13,131,13127,Metropolitana de Santiago,Santiago,Recoleta,Interseccion,"EL SALTO & SAN RAMON, Recoleta",-33.412089,-70.637615
-7853822.95584019,-3953771.78890538,6215,2023,1574171,2023/11/24 00:00:00+00,Noviembre,24,Viernes,1899/12/30 00:00:00+00,16:20:00,16,REGION METROPOLITANA,LA REINA,COLISION LATERAL,COLISION,URBANA,OTROS NO CONSIDERADOS,IMPRUDENCIA DEL CONDUCTOR,CONDUCCION CAMBIAR SORPRESIVAMENTE PISTA CIRCULACION,PRINCIPE DE GALES,VICENTE PEREZ ROSALES,PRINCIPE DE GALES - VICENTE PEREZ ROSALES,0, , ,BIDIRECCIONAL,CONCRETO,BUENO,SECO,DESPEJADO,0,0,0,0,13,131,13113,Metropolitana de Santiago,Santiago,La Reina,Interseccion,"PRINCIPE DE GALES & VICENTE PEREZ ROSALES, La Reina",-33.439389,-70.552092
-7856643.79173689,-3977831.90965751,6216,2023,1574512,2023/11/24 00:00:00+00,Noviembre,24,Viernes,1899/12/30 00:00:00+00,16:20:00,16,REGION METROPOLITANA,PUENTE ALTO,COLISION PERPENDICULAR,COLISION,URBANA,CRUCE CON SEÑAL PARE,DESOBEDIENCIA A SEÑALIZACION,SEÑALIZACION DESOBEDECER SEÑAL PARE,TOCORNAL GREZ,SALVADOR ALLENDE,SALVADOR ALLENDE - TOCORNAL GREZ,0, , ,BIDIRECCIONAL CON BANDEJON,ASFALTO,BUENO,SECO,DESPEJADO,0,0,1,0,13,132,13201,Metropolitana de Santiago,Cordillera,Puente Alto,Interseccion,"SALVADOR ALLENDE & TOCORNAL GREZ, Puente Alto",-33.61956,-70.577432
-7928637.44601763,-3986564.91349561,6217,2023,1574042,2023/11/24 00:00:00+00,Noviembre,24,Viernes,1899/12/30 00:00:00+00,16:42:00,16,REGION METROPOLITANA,MELIPILLA,ATROPELLO,ATROPELLO,URBANA,CRUCE CON SEÑAL PARE,IMPRUDENCIA DEL CONDUCTOR,NO RESPETAR DERECHO PREFERENTE DE PASO A PEATON,MERCED,LAS TORRES,LAS TORRES - MERCED,0, , ,UNIDIRECCIONAL,ASFALTO,BUENO,SECO,DESPEJADO,0,0,0,2,13,135,13501,Metropolitana de Santiago,Melipilla,Melipilla,Interseccion,"LAS TORRES & MERCED, Melipilla",-33.684863,-71.224162
-7854529.38932876,-3947794.94114877,6218,2023,1581637,2023/11/24 00:00:00+00,Noviembre,24,Viernes,1899/12/30 00:00:00+00,17:45:00,17,REGION METROPOLITANA,LAS CONDES,COLISION LATERAL,COLISION,URBANA,CRUCE CON SEÑAL CEDA EL PASO,IMPRUDENCIA DEL CONDUCTOR,NO RESPETAR DERECHO PREFERENTE DE PASO A PEATON,PDTE KENNEDY,CAP CROSBIE,CAP CROSBIE - PDTE KENNEDY,0, , ,UNIDIRECCIONAL,ASFALTO,BUENO,SECO,DESPEJADO,0,1,0,0,13,131,13114,Metropolitana de Santiago,Santiago,Las Condes,Interseccion,"CAP CROSBIE & PDTE KENNEDY, Las Condes",-33.394574,-70.558438
-7829912.47546686,-3169631.81262205,6219,2023,1574627,2023/11/24 00:00:00+00,Noviembre,24,Viernes,1899/12/30 00:00:00+00,19:20:00,19,REGION ATACAMA,COPIAPO,COLISION PERPENDICULAR,COLISION,URBANA,CRUCE CON SEMAFORO FUNCIONANDO,DESOBEDIENCIA A SEÑALIZACION,SEÑALIZACION DESOBEDECER LUZ ROJA DE SEMAFORO,MAIPU,COPAYAPU,COPAYAPU - MAIPU,0, , ,BIDIRECCIONAL CON BANDEJON,ASFALTO,BUENO,SECO,DESPEJADO,0,0,0,1,03,031,03101,Atacama,Copiapó,Copiapó,Interseccion,"COPAYAPU & MAIPU, Copiapó",-27.368859,-70.337301
-8149455.24073479,-4841698.23489121,6220,2023,1576016,2023/11/24 00:00:00+00,Noviembre,24,Viernes,1899/12/30 00:00:00+00,23:00:00,23,REGION DE LOS RIOS,VALDIVIA,COLISION LATERAL,COLISION,URBANA,TRAMO DE VIA RECTA,IMPRUDENCIA DEL CONDUCTOR,CONDUCCION NO ATENTO CONDICIONES TRANSITO MOMENTO,MANUEL RODRIGUEZ,PASAJE K,MANUEL RODRIGUEZ - PASAJE K,0, , ,BIDIRECCIONAL,CONCRETO,BUENO,SECO,NUBLADO,0,0,0,2,14,141,14101,Los Ríos,Valdivia,Valdivia,Interseccion,"MANUEL RODRIGUEZ & PASAJE K, Valdivia",-39.832961,-73.207802
-7932081.39278631,-3493338.96767699,6221,2023,1574246,2023/11/24 00:00:00+00,Noviembre,24,Viernes,1899/12/30 00:00:00+00,23:02:00,23,REGION COQUIMBO,LA SERENA,COLISION PERPENDICULAR,COLISION,URBANA,CRUCE CON SEMAFORO FUNCIONANDO,DESOBEDIENCIA A SEÑALIZACION,SEÑALIZACION DESOBEDECER LUZ ROJA DE SEMAFORO,JOSE MANUEL BALMACEDA,LAS HIGUERAS,JOSE MANUEL BALMACEDA - LAS HIGUERAS,0, , ,BIDIRECCIONAL CON BANDEJON,ASFALTO,BUENO,SECO,NUBLADO,0,0,0,0,04,041,04101,Coquimbo,Elqui,La Serena,Interseccion,"JOSE MANUEL BALMACEDA & LAS HIGUERAS, La Serena",-29.920531,-71.2551
-7970172.86314745,-3965177.57430094,6222,2023,1573925,2023/11/24 00:00:00+00,Noviembre,24,Viernes,1899/12/30 00:00:00+00,23:30:00,23,REGION VALPARAISO,CARTAGENA,COLISION,COLISION,URBANA,TRAMO DE VIA RECTA,IMPRUDENCIA DEL CONDUCTOR,CONDUCCION NO ATENTO CONDICIONES TRANSITO MOMENTO,EL PERAL,SAN SEBASTIAN,EL PERAL - SAN SEBASTIAN,0, , ,BIDIRECCIONAL,ASFALTO,BUENO,SECO,DESPEJADO,0,1,0,0,05,056,05603,Valparaíso,San Antonio,Cartagena,Interseccion,"EL PERAL & SAN SEBASTIAN, Cartagena",-33.524847,-71.597281
-7860203.56641348,-3946053.74656614,6223,2023,1573921,2023/11/25 00:00:00+00,Noviembre,25,Sábado,1899/12/30 00:00:00+00,04:00:00,4,REGION METROPOLITANA,HUECHURABA,CHOQUE,CHOQUE,URBANA,TRAMO DE VIA RECTA,IMPRUDENCIA DEL CONDUCTOR,CONDUCCION NO ATENTO CONDICIONES TRANSITO MOMENTO,CAMINO LA PIRAMIDE,EL SALTO,CAMINO LA PIRAMIDE - EL SALTO,0, , ,BIDIRECCIONAL,ASFALTO,BUENO,SECO,DESPEJADO,1,0,0,0,13,131,13107,Metropolitana de Santiago,Santiago,Huechuraba,Interseccion,"CAMINO LA PIRAMIDE & EL SALTO, Huechuraba",-33.381514,-70.60941
-8135806.35796863,-4413642.34407194,6224,2023,1573813,2023/11/25 00:00:00+00,Noviembre,25,Sábado,1899/12/30 00:00:00+00,06:10:00,6,REGION BIO BIO,HUALPEN,VOLCADURA,VOLCADURA,URBANA,ENLACE A DESNIVEL,VELOCIDAD IMPRUDENTE,VELOCIDAD MAYOR QUE MAXIMA PERMITIDA,PUENTE JUAN PABLO II,COSTANERA,COSTANERA - PUENTE JUAN PABLO II,0, , ,BIDIRECCIONAL CON BANDEJON,CONCRETO,BUENO,SECO,DESPEJADO,0,0,0,1,08,081,08112,Biobío,Concepción,Hualpén,Interseccion,"COSTANERA & PUENTE JUAN PABLO II, Hualpén",-36.817092,-73.085192
-7866621.80297466,-3953568.75352284,6225,2023,1576441,2023/11/25 00:00:00+00,Noviembre,25,Sábado,1899/12/30 00:00:00+00,06:30:00,6,REGION METROPOLITANA,SANTIAGO,OTRO TIPO,OTRO TIPO,URBANA,CRUCE CON SEMAFORO FUNCIONANDO,IMPRUDENCIA DEL CONDUCTOR,CONDUCCION NO ATENTO CONDICIONES TRANSITO MOMENTO,MATURANA,STO DOMINGO,MATURANA - STO DOMINGO,0, , ,UNIDIRECCIONAL,ADOQUIN,REGULAR,SECO,DESPEJADO,0,1,0,0,13,131,13101,Metropolitana de Santiago,Santiago,Santiago,Interseccion,"MATURANA & STO DOMINGO, Santiago",-33.437867,-70.667066
-7863990.87812925,-3956132.03644666,6226,2023,1576656,2023/11/25 00:00:00+00,Noviembre,25,Sábado,1899/12/30 00:00:00+00,10:00:00,10,REGION METROPOLITANA,SANTIAGO,ATROPELLO,ATROPELLO,URBANA,CRUCE CON SEÑAL CEDA EL PASO,DESOBEDIENCIA A SEÑALIZACION,SEÑALIZACION DESOBEDECER SEÑAL CEDA EL PASO,STA ROSA,PORVENIR,PORVENIR - STA ROSA,0, , ,UNIDIRECCIONAL,ASFALTO,BUENO,SECO,DESPEJADO,0,0,0,1,13,131,13101,Metropolitana de Santiago,Santiago,Santiago,Interseccion,"PORVENIR & STA ROSA, Santiago",-33.45708,-70.643432
-7948806.08875396,-3901337.05055069,6227,2023,1583069,2023/11/25 00:00:00+00,Noviembre,25,Sábado,1899/12/30 00:00:00+00,12:00:00,12,REGION VALPARAISO,QUILPUE,COLISION PERPENDICULAR,COLISION,URBANA,TRAMO DE VIA RECTA,IMPRUDENCIA DEL CONDUCTOR,CONDUCCION NO ATENTO CONDICIONES TRANSITO MOMENTO,ALMIRANTE GOMEZ CARREÑO,MARIA ISABEL,ALMIRANTE GOMEZ CARREÑO - MARIA ISABEL,0, , ,BIDIRECCIONAL,ASFALTO,BUENO,SECO,DESPEJADO,0,0,0,1,05,058,05801,Valparaíso,Marga Marga,Quilpué,Interseccion,"ALMIRANTE GOMEZ CARREÑO & MARIA ISABEL, Quilpué",-33.045441,-71.40534
-7860696.15516024,-3955609.54120128,6228,2023,1583382,2023/11/25 00:00:00+00,Noviembre,25,Sábado,1899/12/30 00:00:00+00,12:15:00,12,REGION METROPOLITANA,ÑUÑOA,COLISION,COLISION,URBANA,CRUCE CON SEÑAL PARE,IMPRUDENCIA DEL CONDUCTOR,CONDUCCION NO ATENTO CONDICIONES TRANSITO MOMENTO,MONS EYZAGUIRRE,ALC EDUARDO CASTILLO VELASCO,ALC EDUARDO CASTILLO VELASCO - MONS EYZAGUIRRE,0, , ,UNIDIRECCIONAL,CONCRETO,BUENO,SECO,DESPEJADO,0,0,0,2,13,131,13120,Metropolitana de Santiago,Santiago,Ñuñoa,Interseccion,"ALC EDUARDO CASTILLO VELASCO & MONS EYZAGUIRRE, Ñuñoa",-33.453164,-70.613835
-8139467.18847896,-4951996.08230701,6229,2023,1576314,2023/11/25 00:00:00+00,Noviembre,25,Sábado,1899/12/30 00:00:00+00,12:40:00,12,REGION LOS LAGOS,OSORNO,VOLCADURA,VOLCADURA,URBANA,TRAMO DE VIA RECTA,VELOCIDAD IMPRUDENTE,VELOCIDAD NO RAZONABLE NI PRUDENTE,MANUEL RODRIGUEZ,IGNACIO ZENTENO,IGNACIO ZENTENO - MANUEL RODRIGUEZ,0, , ,UNIDIRECCIONAL,CONCRETO,REGULAR,HUMEDO,NUBLADO,0,1,0,0,10,103,10301,Los Lagos,Osorno,Osorno,Interseccion,"IGNACIO ZENTENO & MANUEL RODRIGUEZ, Osorno",-40.589608,-73.118078
-7867473.57519041,-3960440.2929009,6230,2023,1574707,2023/11/25 00:00:00+00,Noviembre,25,Sábado,1899/12/30 00:00:00+00,13:40:00,13,REGION METROPOLITANA,CONCHALI,CHOQUE,CHOQUE,URBANA,TRAMO DE VIA RECTA,IMPRUDENCIA DEL CONDUCTOR,CONDUCCION NO ATENTO CONDICIONES TRANSITO MOMENTO,CARD JOSE MARIA CARO,INDEPENDENCIA,CARD JOSE MARIA CARO - INDEPENDENCIA,0, , ,BIDIRECCIONAL CON BANDEJON,CONCRETO,REGULAR,SECO,DESPEJADO,0,0,0,0,13,131,13104,Metropolitana de Santiago,Santiago,Conchalí,Interseccion,"CARD JOSE MARIA CARO & INDEPENDENCIA, Conchalí",-33.489363,-70.674718
-7862937.79574634,-3954102.49607929,6231,2023,1576429,2023/11/25 00:00:00+00,Noviembre,25,Sábado,1899/12/30 00:00:00+00,15:40:00,15,REGION METROPOLITANA,SANTIAGO,COLISION PERPENDICULAR,COLISION,URBANA,CRUCE CON SEMAFORO FUNCIONANDO,IMPRUDENCIA DEL CONDUCTOR,CONDUCCION NO ATENTO CONDICIONES TRANSITO MOMENTO,DIAG PARAGUAY,VICUÑA MACKENNA,DIAG PARAGUAY - VICUÑA MACKENNA,0, , ,UNIDIRECCIONAL,ASFALTO,REGULAR,SECO,DESPEJADO,0,0,0,1,13,131,13101,Metropolitana de Santiago,Santiago,Santiago,Interseccion,"DIAG PARAGUAY & VICUÑA MACKENNA, Santiago",-33.441868,-70.633972
-7932320.58496504,-3881484.86267835,6232,2023,1574101,2023/11/25 00:00:00+00,Noviembre,25,Sábado,1899/12/30 00:00:00+00,20:30:00,20,REGION VALPARAISO,QUILLOTA,COLISION,COLISION,URBANA,CRUCE CON SEMAFORO FUNCIONANDO,IMPRUDENCIA DEL CONDUCTOR,CONDUCCION NO ATENTO CONDICIONES TRANSITO MOMENTO,JUAN BAUTISTA ALBERDI,BERNARDO O'HIGGINS,BERNARDO O'HIGGINS - JUAN BAUTISTA ALBERDI,0, , ,BIDIRECCIONAL,ASFALTO,BUENO,SECO,DESPEJADO,0,0,0,0,05,055,05501,Valparaíso,Quillota,Quillota,Interseccion,"BERNARDO O'HIGGINS & JUAN BAUTISTA ALBERDI, Quillota",-32.895827,-71.257248
-7672904.40428811,-2568225.30146615,6233,2023,1573726,2023/11/25 00:00:00+00,Noviembre,25,Sábado,1899/12/30 00:00:00+00,21:00:00,21,REGION ANTOFAGASTA,CALAMA,COLISION,COLISION,URBANA,TRAMO DE VIA RECTA,ALCOHOL EN CONDUCTOR,CONDUCCION EN ESTADO DE EBRIEDAD,LIBERTADOR BERNARDO O'HIGGINS,ARAUCO,ARAUCO - LIBERTADOR BERNARDO O'HIGGINS,0, , ,BIDIRECCIONAL,ASFALTO,BUENO,SECO,DESPEJADO,0,0,0,2,02,022,02201,Antofagasta,El Loa,Calama,Interseccion,"ARAUCO & LIBERTADOR BERNARDO O'HIGGINS, Calama",-22.471466,-68.926873
-8027337.53669559,-4385014.28404671,6234,2023,1574043,2023/11/25 00:00:00+00,Noviembre,25,Sábado,1899/12/30 00:00:00+00,21:35:00,21,REGION ÑUBLE,CHILLAN,COLISION LATERAL,COLISION,URBANA,TRAMO DE VIA RECTA,IMPRUDENCIA DEL CONDUCTOR,CONDUCCION CAMBIAR SORPRESIVAMENTE PISTA CIRCULACION,O'HIGGINS,COCHARCAS,COCHARCAS - O'HIGGINS,0, , ,BIDIRECCIONAL CON BANDEJON,CONCRETO,BUENO,SECO,DESPEJADO,0,0,0,1,16,161,16101,Ñuble,Diguillín,Chillán,Interseccion,"COCHARCAS & O'HIGGINS, Chillán",-36.610937,-72.1108
-7974305.03144695,-3900957.85474722,6235,2023,1574802,2023/11/25 00:00:00+00,Noviembre,25,Sábado,1899/12/30 00:00:00+00,22:15:00,22,REGION VALPARAISO,VALPARAISO,COLISION FRONTAL,COLISION,URBANA,CRUCE CON SEÑAL PARE,DESOBEDIENCIA A SEÑALIZACION,SEÑALIZACION DESOBEDECER SEÑAL PARE,CAMINO CINTURA,CASTILLO,CAMINO CINTURA - CASTILLO,0, , ,BIDIRECCIONAL,ASFALTO,BUENO,SECO,DESPEJADO,0,0,0,0,05,051,05101,Valparaíso,Valparaíso,Valparaíso,Interseccion,"CAMINO CINTURA & CASTILLO, Valparaíso",-33.042586,-71.634401
-8139006.32570915,-4416558.77499267,6236,2023,1573978,2023/11/26 00:00:00+00,Noviembre,26,Domingo,1899/12/30 00:00:00+00,00:40:00,0,REGION BIO BIO,SAN PEDRO DE LA PAZ,VOLCADURA,VOLCADURA,URBANA,TRAMO DE VIA RECTA,VELOCIDAD IMPRUDENTE,VELOCIDAD NO RAZONABLE NI PRUDENTE,JUAN GOMEZ DE VIDAURRE,PEDRO AGUIRRE CERDA,JUAN GOMEZ DE VIDAURRE - PEDRO AGUIRRE CERDA,0, , ,BIDIRECCIONAL,ASFALTO,BUENO,SECO,DESPEJADO,1,0,0,0,08,081,08108,Biobío,Concepción,San Pedro de la Paz,Interseccion,"JUAN GOMEZ DE VIDAURRE & PEDRO AGUIRRE CERDA, San Pedro de la Paz",-36.838063,-73.113938
-7933029.33389903,-3879942.32484658,6237,2023,1574109,2023/11/26 00:00:00+00,Noviembre,26,Domingo,1899/12/30 00:00:00+00,13:30:00,13,REGION VALPARAISO,QUILLOTA,COLISION,COLISION,URBANA,TRAMO DE VIA RECTA,IMPRUDENCIA DEL CONDUCTOR,CONDUCCION NO ATENTO CONDICIONES TRANSITO MOMENTO,AGUSTIN AVEZON,RIO ACONCAGUA,AGUSTIN AVEZON - RIO ACONCAGUA,0, , ,BIDIRECCIONAL CON BANDEJON,ASFALTO,BUENO,SECO,DESPEJADO,0,0,0,1,05,055,05501,Valparaíso,Quillota,Quillota,Interseccion,"AGUSTIN AVEZON & RIO ACONCAGUA, Quillota",-32.884191,-71.263615
-7875602.83685288,-3942915.19066128,6238,2023,1573780,2023/11/26 00:00:00+00,Noviembre,26,Domingo,1899/12/30 00:00:00+00,14:00:00,14,REGION METROPOLITANA,QUILICURA,COLISION FRONTAL,COLISION,URBANA,CRUCE CON SEÑAL PARE,DESOBEDIENCIA A SEÑALIZACION,SEÑALIZACION DESOBEDECER SEÑAL PARE,STA LAURA,ARGENTINA,ARGENTINA - STA LAURA,0, , ,BIDIRECCIONAL,ASFALTO,REGULAR,SECO,DESPEJADO,0,0,0,0,13,131,13125,Metropolitana de Santiago,Santiago,Quilicura,Interseccion,"ARGENTINA & STA LAURA, Quilicura",-33.357968,-70.747744
-7962863.26913733,-3899484.14869604,6239,2023,1576746,2023/11/26 00:00:00+00,Noviembre,26,Domingo,1899/12/30 00:00:00+00,15:40:00,15,REGION VALPARAISO,VIÑA DEL MAR,COLISION,COLISION,URBANA,TRAMO DE VIA RECTA,IMPRUDENCIA DEL CONDUCTOR,CONDUCCION NO ATENTO CONDICIONES TRANSITO MOMENTO,1 NORTE,PLAZA MIRAFLORES,1 NORTE - PLAZA MIRAFLORES,0, , ,BIDIRECCIONAL,ASFALTO,BUENO,SECO,DESPEJADO,0,0,0,1,05,051,05109,Valparaíso,Valparaíso,Viña del Mar,Interseccion,"1 NORTE & PLAZA MIRAFLORES, Viña del Mar",-33.031488,-71.531618
-8015241.00426194,-4081050.91280232,6240,2023,1573786,2023/11/26 00:00:00+00,Noviembre,26,Domingo,1899/12/30 00:00:00+00,17:45:00,17,REGION LIB.B.O'HIGGINS,PICHILEMU,VOLCADURA,VOLCADURA,URBANA,TRAMO DE VIA RECTA,IMPRUDENCIA DEL PASAJERO,PASAJERO SUBE O DESCIENDE DE VEHICULO MOVIMIENTO,DANIEL ORTUZAR,BERNARDO O'HIGGINS,BERNARDO O'HIGGINS - DANIEL ORTUZAR,0, , ,BIDIRECCIONAL,CONCRETO,BUENO,SECO,NUBLADO,0,0,0,1,06,062,06201,Libertador General Bernardo O'Higgins,Cardenal Caro,Pichilemu,Interseccion,"BERNARDO O'HIGGINS & DANIEL ORTUZAR, Pichilemu",-34.388224,-72.002135
-8082391.07780112,-4684870.89320459,6241,2023,1574385,2023/11/26 00:00:00+00,Noviembre,26,Domingo,1899/12/30 00:00:00+00,18:15:00,18,REGION ARAUCANIA,TEMUCO,COLISION PERPENDICULAR,COLISION,URBANA,CRUCE CON SEMAFORO FUNCIONANDO,IMPRUDENCIA DEL CONDUCTOR,CONDUCCION NO ATENTO CONDICIONES TRANSITO MOMENTO,CAUPOLICAN,LEON GALLO,CAUPOLICAN - LEON GALLO,0, , ,BIDIRECCIONAL CON BANDEJON,CONCRETO,BUENO,SECO,DESPEJADO,0,2,0,1,09,091,09101,La Araucanía,Cautín,Temuco,Interseccion,"CAUPOLICAN & LEON GALLO, Temuco",-38.74262,-72.605354
-8081476.21257003,-4688794.80996408,6242,2023,1581837,2023/11/26 00:00:00+00,Noviembre,26,Domingo,1899/12/30 00:00:00+00,22:00:00,22,REGION ARAUCANIA,PADRE LAS CASAS,COLISION LATERAL,COLISION,URBANA,TRAMO DE VIA RECTA,IMPRUDENCIA DEL CONDUCTOR,CONDUCCION NO ATENTO CONDICIONES TRANSITO MOMENTO,MAQUEHUE,VILUMILLA,MAQUEHUE - VILUMILLA,0, , ,BIDIRECCIONAL,CONCRETO,BUENO,SECO,DESPEJADO,0,0,0,0,09,091,09112,La Araucanía,Cautín,Padre Las Casas,Interseccion,"MAQUEHUE & VILUMILLA, Padre Las Casas",-38.770108,-72.597136
-7869587.6919082,-3978786.28938758,6243,2023,1576884,2023/11/26 00:00:00+00,Noviembre,26,Domingo,1899/12/30 00:00:00+00,22:15:00,22,REGION METROPOLITANA,SAN BERNARDO,COLISION PERPENDICULAR,COLISION,URBANA,CRUCE CON SEÑAL PARE,IMPRUDENCIA DEL CONDUCTOR,CONDUCCION NO ATENTO CONDICIONES TRANSITO MOMENTO,LOS SUSPIROS,CENTRAL,CENTRAL - LOS SUSPIROS,0, , ,BIDIRECCIONAL CON BANDEJON,ASFALTO,REGULAR,SECO,DESPEJADO,0,0,0,0,13,134,13401,Metropolitana de Santiago,Maipo,San Bernardo,Interseccion,"CENTRAL & LOS SUSPIROS, San Bernardo",-33.626699,-70.693709
-7970984.77180902,-3968302.68797875,6244,2023,1573968,2023/11/27 00:00:00+00,Noviembre,27,Lunes,1899/12/30 00:00:00+00,00:00:00,0,REGION VALPARAISO,CARTAGENA,CHOQUE,CHOQUE,URBANA,TRAMO DE VIA RECTA,IMPRUDENCIA DEL CONDUCTOR,CONDUCCION NO ATENTO CONDICIONES TRANSITO MOMENTO,MARIANO CASANOVA,TARAPACA,MARIANO CASANOVA - TARAPACA,0, , ,UNIDIRECCIONAL,ASFALTO,BUENO,SECO,DESPEJADO,0,0,0,1,05,056,05603,Valparaíso,San Antonio,Cartagena,Interseccion,"MARIANO CASANOVA & TARAPACA, Cartagena",-33.548247,-71.604574