X,Y,FID,Año,IdAccident,Fecha,Mes,Dia_mes,Dia_semana,Hora,Hora_texto,Hora_aprox,Región,Comuna,Tipo_Accid,Tipo__CONA,Zona,Ubicación,Causa__CON,Causa_Acci,Calle_Uno,Calle_Dos,Intersecci,Número,Ruta,Ubicaci_1,Calzada,Tipo_Calza,Estado_Cal,Condición,Estado_Atm,Fallecidos,Graves,Menos_Grav,Leves,CUT_REG,CUT_PROV,CUT_COM,REGION,PROVINCIA,COMUNA1,Tipo_direc,Direccion,Lat,Lon
-7976198.63820181,-4217913.73615182,6245,2023,1574557,2023/11/27 00:00:00+00,Noviembre,27,Lunes,1899/12/30 00:00:00+00,00:10:00,0,REGION MAULE,TALCA,COLISION LATERAL,COLISION,URBANA,CRUCE SIN SEÑALIZACION,IMPRUDENCIA DEL CONDUCTOR,CONDUCCION NO ATENTO CONDICIONES TRANSITO MOMENTO,5 ORIENTE,22 NORTE,22 NORTE - 5 ORIENTE,0, , ,BIDIRECCIONAL,ASFALTO,BUENO,SECO,DESPEJADO,0,0,0,0,07,071,07101,Maule,Talca,Talca,Interseccion,"22 NORTE & 5 ORIENTE, Talca",-35.396635,-71.651411
-7873180.42451228,-4049142.12436665,6246,2023,1574717,2023/11/27 00:00:00+00,Noviembre,27,Lunes,1899/12/30 00:00:00+00,07:45:00,7,REGION LIB.B.O'HIGGINS,RANCAGUA,CHOQUE FRENTE/POSTERIOR,CHOQUE,URBANA,CRUCE CON SEÑAL CEDA EL PASO,IMPRUDENCIA DEL CONDUCTOR,CONDUCCION NO ATENTO CONDICIONES TRANSITO MOMENTO,ALAMEDA,OBISPO LARRAIN,ALAMEDA - OBISPO LARRAIN,0, , ,BIDIRECCIONAL CON BANDEJON,CONCRETO,BUENO,SECO,DESPEJADO,0,0,0,0,06,061,06101,Libertador General Bernardo O'Higgins,Cachapoal,Rancagua,Interseccion,"ALAMEDA & OBISPO LARRAIN, Rancagua",-34.151345,-70.725983
-8131682.08215423,-4413217.26660529,6247,2023,1574283,2023/11/27 00:00:00+00,Noviembre,27,Lunes,1899/12/30 00:00:00+00,08:00:00,8,REGION BIO BIO,CONCEPCION,COLISION,COLISION,URBANA,CRUCE CON SEMAFORO FUNCIONANDO,IMPRUDENCIA DEL CONDUCTOR,CONDUCCION CAMBIAR SORPRESIVAMENTE PISTA CIRCULACION,PAICAVI,MANUEL RODRIGUEZ,MANUEL RODRIGUEZ - PAICAVI,0, , ,BIDIRECCIONAL CON BANDEJON,CONCRETO,BUENO,SECO,NUBLADO,0,2,0,0,08,081,08101,Biobío,Concepción,Concepción,Interseccion,"MANUEL RODRIGUEZ & PAICAVI, Concepción",-36.814035,-73.048143
-7941506.034891,-3498289.64232164,6248,2023,1574067,2023/11/27 00:00:00+00,Noviembre,27,Lunes,1899/12/30 00:00:00+00,08:15:00,8,REGION COQUIMBO,COQUIMBO,VOLCADURA,VOLCADURA,URBANA,TRAMO DE VIA RECTA,VELOCIDAD IMPRUDENTE,VELOCIDAD NO RAZONABLE NI PRUDENTE,ALDUNATE,BALMACEDA,ALDUNATE - BALMACEDA,0, , ,UNIDIRECCIONAL,ASFALTO,BUENO,HUMEDO,LLOVIZNA,0,0,0,1,04,041,04102,Coquimbo,Elqui,Coquimbo,Interseccion,"ALDUNATE & BALMACEDA, Coquimbo",-29.959069,-71.339763
-7863223.77551819,-3964355.90682319,6249,2023,1574890,2023/11/27 00:00:00+00,Noviembre,27,Lunes,1899/12/30 00:00:00+00,08:50:00,8,REGION METROPOLITANA,SAN JOAQUIN,COLISION PERPENDICULAR,COLISION,URBANA,CRUCE CON SEMAFORO FUNCIONANDO,DESOBEDIENCIA A SEÑALIZACION,SEÑALIZACION DESOBEDECER LUZ ROJA DE SEMAFORO,STA ROSA,LO OVALLE,LO OVALLE - STA ROSA,0, , ,BIDIRECCIONAL CON BANDEJON,ASFALTO,BUENO,SECO,DESPEJADO,0,0,0,0,13,131,13129,Metropolitana de Santiago,Santiago,San Joaquín,Interseccion,"LO OVALLE & STA ROSA, San Joaquín",-33.518693,-70.636541
-7866850.23056976,-3952798.79887459,6250,2023,1582505,2023/11/27 00:00:00+00,Noviembre,27,Lunes,1899/12/30 00:00:00+00,11:30:00,11,REGION METROPOLITANA,SANTIAGO,COLISION,COLISION,URBANA,TRAMO DE VIA RECTA,IMPRUDENCIA DEL CONDUCTOR,CONDUCCION NO ATENTO CONDICIONES TRANSITO MOMENTO,RICARDO CUMMING,MAPOCHO,MAPOCHO - RICARDO CUMMING,0, , ,UNIDIRECCIONAL,ASFALTO,BUENO,SECO,DESPEJADO,0,0,0,0,13,131,13101,Metropolitana de Santiago,Santiago,Santiago,Interseccion,"MAPOCHO & RICARDO CUMMING, Santiago",-33.432095,-70.669118
-7872534.42640865,-3954251.64423788,6251,2023,1574216,2023/11/27 00:00:00+00,Noviembre,27,Lunes,1899/12/30 00:00:00+00,13:30:00,13,REGION METROPOLITANA,LO PRADO,COLISION PERPENDICULAR,COLISION,URBANA,CRUCE CON SEÑAL PARE,DESOBEDIENCIA A SEÑALIZACION,SEÑALIZACION DESOBEDECER SEÑAL PARE,SAN RICARDO,LAS CAÑAS,LAS CAÑAS - SAN RICARDO,0, , ,BIDIRECCIONAL,ASFALTO,BUENO,SECO,DESPEJADO,0,0,0,1,13,131,13117,Metropolitana de Santiago,Santiago,Lo Prado,Interseccion,"LAS CAÑAS & SAN RICARDO, Lo Prado",-33.442986,-70.72018
-7868865.77632748,-3953477.40220915,6252,2023,1576239,2023/11/27 00:00:00+00,Noviembre,27,Lunes,1899/12/30 00:00:00+00,14:00:00,14,REGION METROPOLITANA,QUINTA NORMAL,COLISION LATERAL,COLISION,URBANA,TRAMO DE VIA RECTA,IMPRUDENCIA DEL CONDUCTOR,CONDUCCION CAMBIAR SORPRESIVAMENTE PISTA CIRCULACION,SAN PABLO,LOURDES,LOURDES - SAN PABLO,0, , ,UNIDIRECCIONAL,CONCRETO,BUENO,SECO,DESPEJADO,0,0,0,1,13,131,13126,Metropolitana de Santiago,Santiago,Quinta Normal,Interseccion,"LOURDES & SAN PABLO, Quinta Normal",-33.437182,-70.687224
-8217905.15034562,-5141673.02180424,6253,2023,1576623,2023/11/27 00:00:00+00,Noviembre,27,Lunes,1899/12/30 00:00:00+00,16:30:00,16,REGION LOS LAGOS,ANCUD,COLISION POR ALCANCE,COLISION,URBANA,TRAMO DE VIA RECTA,IMPRUDENCIA DEL CONDUCTOR,CONDUCCION NO ATENTO CONDICIONES TRANSITO MOMENTO,FEDERICO ERRAZURIZ,SAN CARLOS,FEDERICO ERRAZURIZ - SAN CARLOS,0, , ,BIDIRECCIONAL,ASFALTO,REGULAR,SECO,DESPEJADO,0,1,0,0,10,102,10202,Los Lagos,Chiloé,Ancud,Interseccion,"FEDERICO ERRAZURIZ & SAN CARLOS, Ancud",-41.870984,-73.822698
-7855169.8103593,-3951587.81131242,6254,2023,1581640,2023/11/27 00:00:00+00,Noviembre,27,Lunes,1899/12/30 00:00:00+00,17:05:00,17,REGION METROPOLITANA,LAS CONDES,COLISION LATERAL,COLISION,URBANA,CRUCE CON SEÑAL CEDA EL PASO,IMPRUDENCIA DEL CONDUCTOR,CONDUCCION NO ATENTO CONDICIONES TRANSITO MOMENTO,MANQUEHUE SUR,ROBERTO PERAGALLO,MANQUEHUE SUR - ROBERTO PERAGALLO,0, , ,BIDIRECCIONAL CON BANDEJON,ASFALTO,BUENO,SECO,DESPEJADO,0,0,0,0,13,131,13114,Metropolitana de Santiago,Santiago,Las Condes,Interseccion,"MANQUEHUE SUR & ROBERTO PERAGALLO, Las Condes",-33.423016,-70.564191
-7969721.01728979,-4278226.37644263,6255,2023,1576102,2023/11/27 00:00:00+00,Noviembre,27,Lunes,1899/12/30 00:00:00+00,21:10:00,21,REGION MAULE,LINARES,CHOQUE FRONTAL,CHOQUE,URBANA,TRAMO DE VIA RECTA,ALCOHOL EN CONDUCTOR,CONDUCCION EN ESTADO DE EBRIEDAD,MANUEL RODRIGUEZ,RENE SCHNEIDER,MANUEL RODRIGUEZ - RENE SCHNEIDER,0, , ,UNIDIRECCIONAL,ASFALTO,BUENO,SECO,DESPEJADO,0,0,0,0,07,074,07401,Maule,Linares,Linares,Interseccion,"MANUEL RODRIGUEZ & RENE SCHNEIDER, Linares",-35.837076,-71.593222
-8125524.22184862,-5081583.50965257,6256,2023,1575122,2023/11/27 00:00:00+00,Noviembre,27,Lunes,1899/12/30 00:00:00+00,21:55:00,21,REGION LOS LAGOS,PUERTO MONTT,COLISION LATERAL,COLISION,URBANA,TRAMO DE VIA CURVA HORIZONTAL,IMPRUDENCIA DEL CONDUCTOR,CONDUCCION NO ATENTO CONDICIONES TRANSITO MOMENTO,ROBINSON CRUSOE,AERODROMO COCHAMO,AERODROMO COCHAMO - ROBINSON CRUSOE,0, , ,BIDIRECCIONAL,ASFALTO,BUENO,HUMEDO,NUBLADO,0,1,0,0,10,101,10101,Los Lagos,Llanquihue,Puerto Montt,Interseccion,"AERODROMO COCHAMO & ROBINSON CRUSOE, Puerto Montt",-41.467764,-72.992826
-7970619.955507,-3902558.10665559,6257,2023,1576471,2023/11/28 00:00:00+00,Noviembre,28,Martes,1899/12/30 00:00:00+00,06:45:00,6,REGION VALPARAISO,VALPARAISO,VOLCADURA,VOLCADURA,URBANA,TRAMO DE VIA CURVA HORIZONTAL,VELOCIDAD IMPRUDENTE,VELOCIDAD NO RAZONABLE NI PRUDENTE,JORGE WASHINGTON,RAMADITAS,JORGE WASHINGTON - RAMADITAS,0, , ,BIDIRECCIONAL,CONCRETO,BUENO,CON ACEITE,NUBLADO,0,0,0,2,05,051,05101,Valparaíso,Valparaíso,Valparaíso,Interseccion,"JORGE WASHINGTON & RAMADITAS, Valparaíso",-33.054635,-71.601297
-7827932.9366107,-3169392.7084062,6258,2023,1583110,2023/11/28 00:00:00+00,Noviembre,28,Martes,1899/12/30 00:00:00+00,07:50:00,7,REGION ATACAMA,COPIAPO,COLISION PERPENDICULAR,COLISION,URBANA,CRUCE SIN SEÑALIZACION,IMPRUDENCIA DEL CONDUCTOR,ADELANTAMIENTO SIN EL ESPACIO O TIEMPO SUFICIENTE,COLO COLO,SERRANO,COLO COLO - SERRANO,0, , ,BIDIRECCIONAL,ASFALTO,BUENO,SECO,DESPEJADO,0,1,0,0,03,031,03101,Atacama,Copiapó,Copiapó,Interseccion,"COLO COLO & SERRANO, Copiapó",-27.366951,-70.319518
-7854180.96144878,-3948744.11051814,6259,2023,1581642,2023/11/28 00:00:00+00,Noviembre,28,Martes,1899/12/30 00:00:00+00,08:13:00,8,REGION METROPOLITANA,LAS CONDES,COLISION LATERAL,COLISION,URBANA,CRUCE CON SEMAFORO FUNCIONANDO,IMPRUDENCIA DEL CONDUCTOR,CONDUCCION NO ATENTO CONDICIONES TRANSITO MOMENTO,LAS TRANQUERAS,LAS CONDES,LAS CONDES - LAS TRANQUERAS,0, , ,BIDIRECCIONAL CON BANDEJON,ASFALTO,BUENO,SECO,DESPEJADO,0,0,0,0,13,131,13114,Metropolitana de Santiago,Santiago,Las Condes,Interseccion,"LAS CONDES & LAS TRANQUERAS, Las Condes",-33.401693,-70.555308
-8081688.16486937,-4688410.02869998,6260,2023,1575324,2023/11/28 00:00:00+00,Noviembre,28,Martes,1899/12/30 00:00:00+00,08:25:00,8,REGION ARAUCANIA,PADRE LAS CASAS,IMPACTO CON ANIMAL,OTRO TIPO,URBANA,TRAMO DE VIA RECTA,DEFICIENCIAS VIALES,ANIMALES SUELTOS VIA PUBLICA,CACIQUE COÑOEPAN,VICTOR GARCIA HUIDOBRO,CACIQUE COÑOEPAN - VICTOR GARCIA HUIDOBRO,0, , ,BIDIRECCIONAL,CONCRETO,BUENO,SECO,DESPEJADO,0,1,0,1,09,091,09112,La Araucanía,Cautín,Padre Las Casas,Interseccion,"CACIQUE COÑOEPAN & VICTOR GARCIA HUIDOBRO, Padre Las Casas",-38.767413,-72.59904
-7868587.48254308,-4051955.58616173,6261,2023,1574527,2023/11/28 00:00:00+00,Noviembre,28,Martes,1899/12/30 00:00:00+00,11:20:00,11,REGION LIB.B.O'HIGGINS,MACHALI,COLISION POR ALCANCE,COLISION,URBANA,TRAMO DE VIA RECTA,IMPRUDENCIA DEL CONDUCTOR,CONDUCCION NO ATENTO CONDICIONES TRANSITO MOMENTO,SAN JUAN,SANTA TERESA,SAN JUAN - SANTA TERESA,0, , ,BIDIRECCIONAL CON BANDEJON,CONCRETO,BUENO,SECO,DESPEJADO,0,1,0,0,06,061,06108,Libertador General Bernardo O'Higgins,Cachapoal,Machalí,Interseccion,"SAN JUAN & SANTA TERESA, Machalí",-34.172258,-70.684724
-8151340.41605123,-4840682.83075436,6262,2023,1576302,2023/11/28 00:00:00+00,Noviembre,28,Martes,1899/12/30 00:00:00+00,13:10:00,13,REGION DE LOS RIOS,VALDIVIA,CHOQUE FRENTE/LADO,CHOQUE,URBANA,CRUCE CON SEÑAL PARE,DESOBEDIENCIA A SEÑALIZACION,SEÑALIZACION DESOBEDECER SEÑAL PARE,SAN MARTIN,RAMON PICARTE,RAMON PICARTE - SAN MARTIN,0, , ,BIDIRECCIONAL,ASFALTO,BUENO,SECO,DESPEJADO,0,0,0,1,14,141,14101,Los Ríos,Valdivia,Valdivia,Interseccion,"RAMON PICARTE & SAN MARTIN, Valdivia",-39.825956,-73.224737
-7941226.01060059,-3501271.92048063,6263,2023,1574538,2023/11/28 00:00:00+00,Noviembre,28,Martes,1899/12/30 00:00:00+00,13:30:00,13,REGION COQUIMBO,COQUIMBO,COLISION POR ALCANCE,COLISION,URBANA,CRUCE SIN SEÑALIZACION,IMPRUDENCIA DEL CONDUCTOR,CONDUCCION NO ATENTO CONDICIONES TRANSITO MOMENTO,LOS COPIHUES,LAS AMAPOLAS,LAS AMAPOLAS - LOS COPIHUES,0, , ,BIDIRECCIONAL,CONCRETO,BUENO,SECO,DESPEJADO,0,0,0,0,04,041,04102,Coquimbo,Elqui,Coquimbo,Interseccion,"LAS AMAPOLAS & LOS COPIHUES, Coquimbo",-29.982277,-71.337247
-7979555.4263733,-4223597.52855731,6264,2023,1574778,2023/11/28 00:00:00+00,Noviembre,28,Martes,1899/12/30 00:00:00+00,13:50:00,13,REGION MAULE,TALCA,COLISION LATERAL,COLISION,URBANA,TRAMO DE VIA RECTA,IMPRUDENCIA DEL CONDUCTOR,CONDUCCION CONTRA SENTIDO DEL TRANSITO,8 PONIENTE,10 SUR,10 SUR - 8 PONIENTE,0, , ,UNIDIRECCIONAL,CONCRETO,BUENO,SECO,DESPEJADO,0,0,0,1,07,071,07101,Maule,Talca,Talca,Interseccion,"10 SUR & 8 PONIENTE, Talca",-35.438245,-71.681566
-7864766.9975634,-3959877.58795128,6265,2023,1575028,2023/11/28 00:00:00+00,Noviembre,28,Martes,1899/12/30 00:00:00+00,15:00:00,15,REGION METROPOLITANA,SAN MIGUEL,COLISION LATERAL,COLISION,URBANA,CRUCE CON SEÑAL CEDA EL PASO,IMPRUDENCIA DEL CONDUCTOR,CONDUCCION CAMBIAR SORPRESIVAMENTE PISTA CIRCULACION,LLANO SUBERCASEAUX,EUCLIDES,EUCLIDES - LLANO SUBERCASEAUX,0, , ,UNIDIRECCIONAL,ASFALTO,BUENO,SECO,DESPEJADO,0,0,0,0,13,131,13130,Metropolitana de Santiago,Santiago,San Miguel,Interseccion,"EUCLIDES & LLANO SUBERCASEAUX, San Miguel",-33.485147,-70.650404
-8024220.3683144,-4387027.28494419,6266,2023,1574708,2023/11/28 00:00:00+00,Noviembre,28,Martes,1899/12/30 00:00:00+00,15:25:00,15,REGION ÑUBLE,CHILLAN,COLISION POR ALCANCE,COLISION,URBANA,ACCESO NO HABILITADO,IMPRUDENCIA DEL CONDUCTOR,VIRAJES INDEBIDOS,ALONSO DE ERCILLA,MONTERRICO,ALONSO DE ERCILLA - MONTERRICO,0, , ,BIDIRECCIONAL,CONCRETO,BUENO,SECO,DESPEJADO,0,0,1,0,16,161,16101,Ñuble,Diguillín,Chillán,Interseccion,"ALONSO DE ERCILLA & MONTERRICO, Chillán",-36.625451,-72.082798
-7976193.46644298,-4221545.51086141,6267,2023,1574713,2023/11/28 00:00:00+00,Noviembre,28,Martes,1899/12/30 00:00:00+00,19:00:00,19,REGION MAULE,TALCA,VOLCADURA,VOLCADURA,URBANA,TRAMO DE VIA RECTA,VELOCIDAD IMPRUDENTE,VELOCIDAD NO RAZONABLE NI PRUDENTE,10 ORIENTE,BERNARDO O'HIGGINS,10 ORIENTE - BERNARDO O'HIGGINS,0, , ,BIDIRECCIONAL,ASFALTO,BUENO,SECO,DESPEJADO,0,0,0,1,07,071,07101,Maule,Talca,Talca,Interseccion,"10 ORIENTE & BERNARDO O'HIGGINS, Talca",-35.423225,-71.651365
-7863867.64745294,-3946990.03944165,6268,2023,1575168,2023/11/28 00:00:00+00,Noviembre,28,Martes,1899/12/30 00:00:00+00,19:15:00,19,REGION METROPOLITANA,RECOLETA,COLISION POR ALCANCE,COLISION,URBANA,CRUCE CON SEMAFORO FUNCIONANDO,IMPRUDENCIA DEL CONDUCTOR,CONDUCCION NO ATENTO CONDICIONES TRANSITO MOMENTO,ALFREDO ROSENDE,RECOLETA,ALFREDO ROSENDE - RECOLETA,0, , ,BIDIRECCIONAL,ASFALTO,BUENO,SECO,DESPEJADO,0,1,0,0,13,131,13127,Metropolitana de Santiago,Santiago,Recoleta,Interseccion,"ALFREDO ROSENDE & RECOLETA, Recoleta",-33.388537,-70.642325
-7876982.8201081,-3962209.73907607,6269,2023,1575570,2023/11/28 00:00:00+00,Noviembre,28,Martes,1899/12/30 00:00:00+00,19:43:00,19,REGION METROPOLITANA,MAIPU,VOLCADURA,VOLCADURA,URBANA,CRUCE CON SEMAFORO FUNCIONANDO,IMPRUDENCIA DEL CONDUCTOR,CONDUCCION NO ATENTO CONDICIONES TRANSITO MOMENTO,ARGENTINA,MANUEL RODRIGUEZ,ARGENTINA - MANUEL RODRIGUEZ,0, , ,UNIDIRECCIONAL,ASFALTO,BUENO,SECO,DESPEJADO,0,0,0,1,13,131,13119,Metropolitana de Santiago,Santiago,Maipú,Interseccion,"ARGENTINA & MANUEL RODRIGUEZ, Maipú",-33.502618,-70.760141
-8080432.67025635,-4684273.28520584,6270,2023,1574754,2023/11/28 00:00:00+00,Noviembre,28,Martes,1899/12/30 00:00:00+00,20:10:00,20,REGION ARAUCANIA,TEMUCO,COLISION LATERAL,COLISION,URBANA,TRAMO DE VIA RECTA,IMPRUDENCIA DEL CONDUCTOR,CONDUCCION NO ATENTO CONDICIONES TRANSITO MOMENTO,ECUADOR,JORGE PORTER,ECUADOR - JORGE PORTER,0, , ,UNIDIRECCIONAL,CONCRETO,BUENO,SECO,DESPEJADO,0,1,0,0,09,091,09101,La Araucanía,Cautín,Temuco,Interseccion,"ECUADOR & JORGE PORTER, Temuco",-38.738433,-72.587762
-7871518.85869414,-4012010.46295733,6271,2023,1575851,2023/11/29 00:00:00+00,Noviembre,29,Miércoles,1899/12/30 00:00:00+00,00:00:00,0,REGION METROPOLITANA,PAINE,COLISION FRONTAL,COLISION,URBANA,TRAMO DE VIA RECTA,IMPRUDENCIA DEL CONDUCTOR,CONDUCCION NO ATENTO CONDICIONES TRANSITO MOMENTO,LAS VERTIENTES,CAMINO CHADA,CAMINO CHADA - LAS VERTIENTES,0, , ,BIDIRECCIONAL,ASFALTO,BUENO,SECO,DESPEJADO,0,0,1,0,13,134,13404,Metropolitana de Santiago,Maipo,Paine,Interseccion,"CAMINO CHADA & LAS VERTIENTES, Paine",-33.874855,-70.711057
-8024816.48417647,-4387747.61353348,6272,2023,1574915,2023/11/29 00:00:00+00,Noviembre,29,Miércoles,1899/12/30 00:00:00+00,08:10:00,8,REGION ÑUBLE,CHILLAN,COLISION PERPENDICULAR,COLISION,URBANA,CRUCE SIN SEÑALIZACION,IMPRUDENCIA DEL CONDUCTOR,NO RESPETAR DERECHO PREFERENTE DE PASO A VEHICULO,CAMINO SAN IGNACIO,RIO VIEJO,CAMINO SAN IGNACIO - RIO VIEJO,0, , ,BIDIRECCIONAL,CONCRETO,BUENO,SECO,DESPEJADO,0,1,0,0,16,161,16101,Ñuble,Diguillín,Chillán,Interseccion,"CAMINO SAN IGNACIO & RIO VIEJO, Chillán",-36.630644,-72.088153
-7855182.94605921,-3973572.85608314,6273,2023,1574954,2023/11/29 00:00:00+00,Noviembre,29,Miércoles,1899/12/30 00:00:00+00,08:50:00,8,REGION METROPOLITANA,PUENTE ALTO,COLISION PERPENDICULAR,COLISION,URBANA,CRUCE CON SEÑAL CEDA EL PASO,IMPRUDENCIA DEL CONDUCTOR,CONDUCCION NO ATENTO CONDICIONES TRANSITO MOMENTO,EYZAGUIRRE,STA CLAUDIA,EYZAGUIRRE - STA CLAUDIA,0, , ,BIDIRECCIONAL,ASFALTO,BUENO,SECO,DESPEJADO,0,0,0,0,13,132,13201,Metropolitana de Santiago,Cordillera,Puente Alto,Interseccion,"EYZAGUIRRE & STA CLAUDIA, Puente Alto",-33.587694,-70.564309
-8133915.93035372,-4415257.84887707,6274,2023,1575596,2023/11/29 00:00:00+00,Noviembre,29,Miércoles,1899/12/30 00:00:00+00,10:10:00,10,REGION BIO BIO,CONCEPCION,COLISION POR ALCANCE,COLISION,URBANA,PUENTE,IMPRUDENCIA DEL CONDUCTOR,CONDUCCION SIN MANTENER DISTANCIA RAZONABLE NI PRUDENTE,PEUNTE LLACOLEN,COSTANERA,COSTANERA - PEUNTE LLACOLEN,0, , ,UNIDIRECCIONAL,CONCRETO,BUENO,SECO,DESPEJADO,0,0,0,1,08,081,08101,Biobío,Concepción,Concepción,Interseccion,"COSTANERA & PEUNTE LLACOLEN, Concepción",-36.828709,-73.06821
-7867199.12811781,-3957085.79788949,6275,2023,1576597,2023/11/29 00:00:00+00,Noviembre,29,Miércoles,1899/12/30 00:00:00+00,11:10:00,11,REGION METROPOLITANA,SANTIAGO,COLISION POR ALCANCE,COLISION,URBANA,CRUCE CON SEÑAL PARE,IMPRUDENCIA DEL CONDUCTOR,CONDUCCION NO ATENTO CONDICIONES TRANSITO MOMENTO,BASCUÑAN GUERRERO,GAY,BASCUÑAN GUERRERO - GAY,0, , ,UNIDIRECCIONAL,CONCRETO,BUENO,SECO,DESPEJADO,0,0,0,0,13,131,13101,Metropolitana de Santiago,Santiago,Santiago,Interseccion,"BASCUÑAN GUERRERO & GAY, Santiago",-33.464228,-70.672252
-8130406.47210923,-4413624.96242294,6276,2023,1575605,2023/11/29 00:00:00+00,Noviembre,29,Miércoles,1899/12/30 00:00:00+00,11:45:00,11,REGION BIO BIO,CONCEPCION,COLISION PERPENDICULAR,COLISION,URBANA,CRUCE CON SEMAFORO FUNCIONANDO,DESOBEDIENCIA A SEÑALIZACION,SEÑALIZACION DESOBEDECER LUZ ROJA DE SEMAFORO,LOS CARRERA,PELANTARO,LOS CARRERA - PELANTARO,0, , ,BIDIRECCIONAL CON BANDEJON,CONCRETO,BUENO,SECO,DESPEJADO,0,0,0,1,08,081,08101,Biobío,Concepción,Concepción,Interseccion,"LOS CARRERA & PELANTARO, Concepción",-36.816967,-73.036684
-8026224.56442664,-4384413.95221642,6277,2023,1574922,2023/11/29 00:00:00+00,Noviembre,29,Miércoles,1899/12/30 00:00:00+00,13:15:00,13,REGION ÑUBLE,CHILLAN,COLISION LATERAL,COLISION,URBANA,CRUCE CON SEMAFORO FUNCIONANDO,IMPRUDENCIA DEL CONDUCTOR,CONDUCCION SIN MANTENER DISTANCIA RAZONABLE NI PRUDENTE,LIBERTAD,5 DE ABRIL,5 DE ABRIL - LIBERTAD,0, , ,UNIDIRECCIONAL,CONCRETO,BUENO,SECO,DESPEJADO,0,1,0,0,16,161,16101,Ñuble,Diguillín,Chillán,Interseccion,"5 DE ABRIL & LIBERTAD, Chillán",-36.606608,-72.100802
-8081317.91625412,-4684912.25589621,6278,2023,1574760,2023/11/29 00:00:00+00,Noviembre,29,Miércoles,1899/12/30 00:00:00+00,14:30:00,14,REGION ARAUCANIA,TEMUCO,COLISION PERPENDICULAR,COLISION,URBANA,CRUCE CON SEMAFORO FUNCIONANDO,DESOBEDIENCIA A SEÑALIZACION,SEÑALIZACION DESOBEDECER LUZ ROJA DE SEMAFORO,PATRICIO LYNCH,BERNARDO O'HIGGINS,BERNARDO O'HIGGINS - PATRICIO LYNCH,0, , ,UNIDIRECCIONAL,CONCRETO,BUENO,SECO,DESPEJADO,0,1,0,0,09,091,09101,La Araucanía,Cautín,Temuco,Interseccion,"BERNARDO O'HIGGINS & PATRICIO LYNCH, Temuco",-38.74291,-72.595714
-7947509.25005981,-3901837.8035222,6279,2023,1583107,2023/11/29 00:00:00+00,Noviembre,29,Miércoles,1899/12/30 00:00:00+00,15:00:00,15,REGION VALPARAISO,VILLA ALEMANA,COLISION PERPENDICULAR,COLISION,URBANA,CRUCE CON SEÑAL CEDA EL PASO,IMPRUDENCIA DEL CONDUCTOR,CONDUCCION NO ATENTO CONDICIONES TRANSITO MOMENTO,CENTRAL,ALCALDE ALEJANDRO PERALTA,ALCALDE ALEJANDRO PERALTA - CENTRAL,0, , ,BIDIRECCIONAL,CONCRETO,REGULAR,SECO,DESPEJADO,0,0,0,0,05,058,05804,Valparaíso,Marga Marga,Villa Alemana,Interseccion,"ALCALDE ALEJANDRO PERALTA & CENTRAL, Villa Alemana",-33.049212,-71.39369
-8153328.82505593,-4839442.86185356,6280,2023,1576368,2023/11/29 00:00:00+00,Noviembre,29,Miércoles,1899/12/30 00:00:00+00,17:00:00,17,REGION DE LOS RIOS,VALDIVIA,COLISION FRONTAL,COLISION,URBANA,CRUCE CON SEÑAL CEDA EL PASO,DESOBEDIENCIA A SEÑALIZACION,SEÑALIZACION DESOBEDECER SEÑAL CEDA EL PASO,ALEMANIA,ISMAEL VALDES,ALEMANIA - ISMAEL VALDES,0, , ,BIDIRECCIONAL,CONCRETO,BUENO,SECO,DESPEJADO,0,0,0,1,14,141,14101,Los Ríos,Valdivia,Valdivia,Interseccion,"ALEMANIA & ISMAEL VALDES, Valdivia",-39.817401,-73.242599
-8129752.02482286,-4413293.04790004,6281,2023,1575625,2023/11/29 00:00:00+00,Noviembre,29,Miércoles,1899/12/30 00:00:00+00,18:00:00,18,REGION BIO BIO,CONCEPCION,ATROPELLO,ATROPELLO,URBANA,CRUCE CON SEMAFORO FUNCIONANDO,DESOBEDIENCIA A SEÑALIZACION,SEÑALIZACION DESOBEDECER LUZ INTERMITENTE SEMAFORO,JUAN BOSCO,COLLAO,COLLAO - JUAN BOSCO,0, , ,UNIDIRECCIONAL,CONCRETO,BUENO,SECO,DESPEJADO,0,0,0,1,08,081,08101,Biobío,Concepción,Concepción,Interseccion,"COLLAO & JUAN BOSCO, Concepción",-36.81458,-73.030805
-7869025.19078088,-3974316.26604551,6282,2023,1577561,2023/11/29 00:00:00+00,Noviembre,29,Miércoles,1899/12/30 00:00:00+00,19:15:00,19,REGION METROPOLITANA,SAN BERNARDO,VOLCADURA,VOLCADURA,URBANA,CRUCE CON SEÑAL CEDA EL PASO,IMPRUDENCIA DEL CONDUCTOR,CONDUCCION NO ATENTO CONDICIONES TRANSITO MOMENTO,COLON NORTE,MARINA ORTIZ DE GAETE,COLON NORTE - MARINA ORTIZ DE GAETE,0, , ,BIDIRECCIONAL,ASFALTO,REGULAR,SECO,DESPEJADO,0,0,0,1,13,134,13401,Metropolitana de Santiago,Maipo,San Bernardo,Interseccion,"COLON NORTE & MARINA ORTIZ DE GAETE, San Bernardo",-33.593257,-70.688656