X,Y,FID,Año,IdAccident,Fecha,Mes,Dia_mes,Dia_semana,Hora,Hora_texto,Hora_aprox,Región,Comuna,Tipo_Accid,Tipo__CONA,Zona,Ubicación,Causa__CON,Causa_Acci,Calle_Uno,Calle_Dos,Intersecci,Número,Ruta,Ubicaci_1,Calzada,Tipo_Calza,Estado_Cal,Condición,Estado_Atm,Fallecidos,Graves,Menos_Grav,Leves,CUT_REG,CUT_PROV,CUT_COM,REGION,PROVINCIA,COMUNA1,Tipo_direc,Direccion,Lat,Lon
-7863084.41658463,-3953908.28624575,6283,2023,1576670,2023/11/29 00:00:00+00,Noviembre,29,Miércoles,1899/12/30 00:00:00+00,21:20:00,21,REGION METROPOLITANA,SANTIAGO,COLISION POR ALCANCE,COLISION,URBANA,CRUCE CON SEMAFORO FUNCIONANDO,VELOCIDAD IMPRUDENTE,VELOCIDAD NO RAZONABLE NI PRUDENTE,RAMON CORVALAN MELGAREJO,BARON PIERRE DE COUBERTIN,BARON PIERRE DE COUBERTIN - RAMON CORVALAN MELGAREJO,0, , ,UNIDIRECCIONAL,ASFALTO,BUENO,SECO,DESPEJADO,0,0,0,2,13,131,13101,Metropolitana de Santiago,Santiago,Santiago,Interseccion,"BARON PIERRE DE COUBERTIN & RAMON CORVALAN MELGAREJO, Santiago",-33.440412,-70.635289
-7872969.91477995,-3960230.00937973,6284,2023,1574908,2023/11/30 00:00:00+00,Noviembre,30,Jueves,1899/12/30 00:00:00+00,00:40:00,0,REGION METROPOLITANA,CERRILLOS,COLISION PERPENDICULAR,COLISION,URBANA,CRUCE CON SEÑAL CEDA EL PASO,ALCOHOL EN CONDUCTOR,CONDUCCION EN ESTADO DE EBRIEDAD,LO ERRAZURIZ,LOS PRESIDENTES,LO ERRAZURIZ - LOS PRESIDENTES,0, , ,BIDIRECCIONAL CON BANDEJON,ASFALTO,BUENO,SECO,DESPEJADO,0,1,0,0,13,131,13102,Metropolitana de Santiago,Santiago,Cerrillos,Interseccion,"LO ERRAZURIZ & LOS PRESIDENTES, Cerrillos",-33.487787,-70.724092
-7871114.54630358,-3949981.40412751,6285,2023,1583421,2023/11/30 00:00:00+00,Noviembre,30,Jueves,1899/12/30 00:00:00+00,07:00:00,7,REGION METROPOLITANA,QUINTA NORMAL,VOLCADURA,VOLCADURA,URBANA,CRUCE CON SEÑAL CEDA EL PASO,DESOBEDIENCIA A SEÑALIZACION,SEÑALIZACION DESOBEDECER SEÑAL CEDA EL PASO,NVA PLATON,TEGUALDA,NVA PLATON - TEGUALDA,0, , ,BIDIRECCIONAL,ASFALTO,BUENO,SECO,DESPEJADO,0,0,0,1,13,131,13126,Metropolitana de Santiago,Santiago,Quinta Normal,Interseccion,"NVA PLATON & TEGUALDA, Quinta Normal",-33.410971,-70.707425
-7853480.75972549,-3972963.78474304,6286,2023,1576145,2023/11/30 00:00:00+00,Noviembre,30,Jueves,1899/12/30 00:00:00+00,07:50:00,7,REGION METROPOLITANA,PUENTE ALTO,COLISION LATERAL,COLISION,URBANA,TRAMO DE VIA RECTA,IMPRUDENCIA DEL CONDUCTOR,CONDUCCION NO ATENTO CONDICIONES TRANSITO MOMENTO,LUIS MATTE LARRAIN,ESTACION AMARILLO,ESTACION AMARILLO - LUIS MATTE LARRAIN,0, , ,BIDIRECCIONAL,CONCRETO,BUENO,SECO,DESPEJADO,0,0,0,0,13,132,13201,Metropolitana de Santiago,Cordillera,Puente Alto,Interseccion,"ESTACION AMARILLO & LUIS MATTE LARRAIN, Puente Alto",-33.583136,-70.549018
-7856726.72475753,-3953359.85224077,6287,2023,1575815,2023/11/30 00:00:00+00,Noviembre,30,Jueves,1899/12/30 00:00:00+00,08:30:00,8,REGION METROPOLITANA,ÑUÑOA,COLISION,COLISION,URBANA,CRUCE CON SEMAFORO FUNCIONANDO,IMPRUDENCIA DEL CONDUCTOR,CONDUCCION NO ATENTO CONDICIONES TRANSITO MOMENTO,HAMBURGO,TOBALABA,HAMBURGO - TOBALABA,0, , ,UNIDIRECCIONAL,CONCRETO,BUENO,SECO,DESPEJADO,0,0,0,0,13,131,13120,Metropolitana de Santiago,Santiago,Ñuñoa,Interseccion,"HAMBURGO & TOBALABA, Ñuñoa",-33.436301,-70.578177
-7859070.3339972,-3961215.98909431,6288,2023,1577885,2023/11/30 00:00:00+00,Noviembre,30,Jueves,1899/12/30 00:00:00+00,08:50:00,8,REGION METROPOLITANA,MACUL,COLISION FRONTAL,COLISION,URBANA,TRAMO DE VIA RECTA,IMPRUDENCIA DEL CONDUCTOR,CONDUCCION CONTRA SENTIDO DEL TRANSITO,MACUL,LUIS DURAND,LUIS DURAND - MACUL,0, , ,UNIDIRECCIONAL,ASFALTO,BUENO,SECO,DESPEJADO,0,0,0,0,13,131,13118,Metropolitana de Santiago,Santiago,Macul,Interseccion,"LUIS DURAND & MACUL, Macul",-33.495174,-70.59923
-7974846.72320997,-3900214.92987112,6289,2023,1576948,2023/11/30 00:00:00+00,Noviembre,30,Jueves,1899/12/30 00:00:00+00,17:30:00,17,REGION VALPARAISO,VALPARAISO,COLISION LATERAL,COLISION,URBANA,TRAMO DE VIA RECTA,VELOCIDAD IMPRUDENTE,VELOCIDAD NO RAZONABLE NI PRUDENTE,PALAZUELOS,SANTOS TORNEROS,PALAZUELOS - SANTOS TORNEROS,0, , ,BIDIRECCIONAL,CONCRETO,BUENO,SECO,DESPEJADO,0,0,0,0,05,051,05101,Valparaíso,Valparaíso,Valparaíso,Interseccion,"PALAZUELOS & SANTOS TORNEROS, Valparaíso",-33.036991,-71.639267
-7855167.66193765,-3870788.68980324,6290,2023,1575650,2023/11/30 00:00:00+00,Noviembre,30,Jueves,1899/12/30 00:00:00+00,18:00:00,18,REGION VALPARAISO,SAN ESTEBAN,VOLCADURA,VOLCADURA,URBANA,TRAMO DE VIA RECTA,ALCOHOL EN CONDUCTOR,CONDUCCION EN ESTADO DE EBRIEDAD,EL PARQUE,26 DE DICIEMBRE,26 DE DICIEMBRE - EL PARQUE,0, , ,UNIDIRECCIONAL,TIERRA,REGULAR, ,DESPEJADO,0,0,0,1,05,053,05304,Valparaíso,Los Andes,San Esteban,Interseccion,"26 DE DICIEMBRE & EL PARQUE, San Esteban",-32.815111,-70.564172
-7806645.19901115,-2301404.88738877,6291,2023,1576653,2023/11/30 00:00:00+00,Noviembre,30,Jueves,1899/12/30 00:00:00+00,19:00:00,19,REGION TARAPACA,IQUIQUE,COLISION,COLISION,URBANA,TRAMO DE VIA RECTA,DESOBEDIENCIA A SEÑALIZACION,SEÑALIZACION DESOBEDECER LUZ ROJA DE SEMAFORO,EL MONTE,LA TIRANA,EL MONTE - LA TIRANA,0, , ,UNIDIRECCIONAL,ASFALTO,BUENO,SECO,DESPEJADO,0,0,1,1,01,011,01101,Tarapacá,Iquique,Iquique,Interseccion,"EL MONTE & LA TIRANA, Iquique",-20.239333,-70.128287
-7866864.92474255,-3945792.7232466,6292,2023,1574899,2023/11/30 00:00:00+00,Noviembre,30,Jueves,1899/12/30 00:00:00+00,20:00:00,20,REGION METROPOLITANA,CONCHALI,ATROPELLO,ATROPELLO,URBANA,CRUCE CON SEÑAL CEDA EL PASO,DROGAS Y/O FATIGA EN CONDUCTOR,CONDUCCION BAJO INFLUENCIA DE DROGAS O ESTUPEFACIENTES,PRINCIPAL CAP IGNACIO CARRERA PINTO,HORACIO JOHNSON,HORACIO JOHNSON - PRINCIPAL CAP IGNACIO CARRERA PINTO,0, , ,BIDIRECCIONAL,CONCRETO,REGULAR,SECO,DESPEJADO,1,0,0,1,13,131,13104,Metropolitana de Santiago,Santiago,Conchalí,Interseccion,"HORACIO JOHNSON & PRINCIPAL CAP IGNACIO CARRERA PINTO, Conchalí",-33.379556,-70.66925
-7879662.60412442,-3962787.2984005,6293,2023,1576684,2023/11/30 00:00:00+00,Noviembre,30,Jueves,1899/12/30 00:00:00+00,20:40:00,20,REGION METROPOLITANA,MAIPU,CHOQUE LATERAL,CHOQUE,URBANA,CRUCE CON SEMAFORO APAGADO,IMPRUDENCIA DEL CONDUCTOR,CONDUCCION SIN MANTENER DISTANCIA RAZONABLE NI PRUDENTE,CAMINO A RINCONADA,LAS NACIONES,CAMINO A RINCONADA - LAS NACIONES,0, , ,BIDIRECCIONAL,ASFALTO,BUENO,SECO,DESPEJADO,0,0,0,0,13,131,13119,Metropolitana de Santiago,Santiago,Maipú,Interseccion,"CAMINO A RINCONADA & LAS NACIONES, Maipú",-33.506944,-70.784214
-7858151.72555918,-3977023.17520263,6294,2023,1575474,2023/11/30 00:00:00+00,Noviembre,30,Jueves,1899/12/30 00:00:00+00,21:00:00,21,REGION METROPOLITANA,PUENTE ALTO,COLISION PERPENDICULAR,COLISION,URBANA,CRUCE CON SEÑAL CEDA EL PASO,DESOBEDIENCIA A SEÑALIZACION,SEÑALIZACION DESOBEDECER SEÑAL CEDA EL PASO,EJERCITO LIBERTADOR,RAFAEL ALBERTI,EJERCITO LIBERTADOR - RAFAEL ALBERTI,0, , ,BIDIRECCIONAL,ASFALTO,BUENO,SECO,DESPEJADO,0,0,0,0,13,132,13201,Metropolitana de Santiago,Cordillera,Puente Alto,Interseccion,"EJERCITO LIBERTADOR & RAFAEL ALBERTI, Puente Alto",-33.61351,-70.590978
-7874907.3126744,-3991694.42916458,6295,2023,1577657,2023/12/01 00:00:00+00,Diciembre,1,Viernes,1899/12/30 00:00:00+00,07:50:00,7,REGION METROPOLITANA,BUIN,CHOQUE POSTERIOR/FRENTE,CHOQUE,URBANA,CRUCE CON SEÑAL CEDA EL PASO,IMPRUDENCIA DEL CONDUCTOR,CONDUCCION NO ATENTO CONDICIONES TRANSITO MOMENTO,SAN SEBASTIAN,PRESIDENTE FEDERICO ERRAZURIZ,PRESIDENTE FEDERICO ERRAZURIZ - SAN SEBASTIAN,0, , ,BIDIRECCIONAL,CONCRETO,BUENO,SECO,DESPEJADO,0,0,0,1,13,134,13402,Metropolitana de Santiago,Maipo,Buin,Interseccion,"PRESIDENTE FEDERICO ERRAZURIZ & SAN SEBASTIAN, Buin",-33.723197,-70.741496
-7856028.52891128,-3951507.1188782,6296,2023,1578926,2023/12/01 00:00:00+00,Diciembre,1,Viernes,1899/12/30 00:00:00+00,12:40:00,12,REGION METROPOLITANA,LAS CONDES,COLISION,COLISION,URBANA,CRUCE CON SEÑAL CEDA EL PASO,IMPRUDENCIA DEL CONDUCTOR,CONDUCCION NO ATENTO CONDICIONES TRANSITO MOMENTO,JOSE DE MORALEDA,VASCO NUÑEZ DE BALBOA,JOSE DE MORALEDA - VASCO NUÑEZ DE BALBOA,0, , ,BIDIRECCIONAL,CONCRETO,BUENO,SECO,DESPEJADO,0,0,0,0,13,131,13114,Metropolitana de Santiago,Santiago,Las Condes,Interseccion,"JOSE DE MORALEDA & VASCO NUÑEZ DE BALBOA, Las Condes",-33.422411,-70.571905
-7834410.06118251,-2705171.49129219,6297,2023,1575880,2023/12/01 00:00:00+00,Diciembre,1,Viernes,1899/12/30 00:00:00+00,13:00:00,13,REGION ANTOFAGASTA,ANTOFAGASTA,COLISION PERPENDICULAR,COLISION,URBANA,CRUCE CON SEMAFORO FUNCIONANDO,IMPRUDENCIA DEL CONDUCTOR,CONDUCCION NO ATENTO CONDICIONES TRANSITO MOMENTO,IRARRAZAVAL,LOS LEONES,IRARRAZAVAL - LOS LEONES,0, , ,BIDIRECCIONAL CON BANDEJON,ASFALTO,BUENO,SECO,DESPEJADO,0,1,0,0,02,021,02101,Antofagasta,Antofagasta,Antofagasta,Interseccion,"IRARRAZAVAL & LOS LEONES, Antofagasta",-23.603539,-70.377703
-7861134.97659295,-3952220.2994235,6298,2023,1577022,2023/12/01 00:00:00+00,Diciembre,1,Viernes,1899/12/30 00:00:00+00,14:50:00,14,REGION METROPOLITANA,PROVIDENCIA,COLISION LATERAL,COLISION,URBANA,TRAMO DE VIA RECTA,IMPRUDENCIA DEL CONDUCTOR,CONDUCCION NO ATENTO CONDICIONES TRANSITO MOMENTO,PROVIDENCIA,CIRUJANO GUZMAN,CIRUJANO GUZMAN - PROVIDENCIA,0, , ,UNIDIRECCIONAL,ASFALTO,REGULAR,SECO,DESPEJADO,0,0,0,1,13,131,13123,Metropolitana de Santiago,Santiago,Providencia,Interseccion,"CIRUJANO GUZMAN & PROVIDENCIA, Providencia",-33.427758,-70.617777
-7861134.97659295,-3952220.2994235,6299,2023,1577019,2023/12/01 00:00:00+00,Diciembre,1,Viernes,1899/12/30 00:00:00+00,15:30:00,15,REGION METROPOLITANA,PROVIDENCIA,COLISION LATERAL,COLISION,URBANA,TRAMO DE VIA RECTA,IMPRUDENCIA DEL CONDUCTOR,CONDUCCION NO ATENTO CONDICIONES TRANSITO MOMENTO,PROVIDENCIA,CIRUJANO GUZMAN,CIRUJANO GUZMAN - PROVIDENCIA,0, , ,UNIDIRECCIONAL,ASFALTO,REGULAR,SECO,DESPEJADO,0,0,0,0,13,131,13123,Metropolitana de Santiago,Santiago,Providencia,Interseccion,"CIRUJANO GUZMAN & PROVIDENCIA, Providencia",-33.427758,-70.617777
-7855762.03001692,-3949545.33198197,6300,2023,1581651,2023/12/01 00:00:00+00,Diciembre,1,Viernes,1899/12/30 00:00:00+00,16:35:00,16,REGION METROPOLITANA,LAS CONDES,COLISION LATERAL,COLISION,URBANA,TRAMO DE VIA RECTA,IMPRUDENCIA DEL CONDUCTOR,CONDUCCION CAMBIAR SORPRESIVAMENTE PISTA CIRCULACION,ALONSO DE CORDOVA,BALMORAL,ALONSO DE CORDOVA - BALMORAL,0, , ,BIDIRECCIONAL,ASFALTO,BUENO,SECO,DESPEJADO,0,0,0,0,13,131,13114,Metropolitana de Santiago,Santiago,Las Condes,Interseccion,"ALONSO DE CORDOVA & BALMORAL, Las Condes",-33.407701,-70.569511
-7857968.38235784,-3955547.63321581,6301,2023,1575854,2023/12/01 00:00:00+00,Diciembre,1,Viernes,1899/12/30 00:00:00+00,17:10:00,17,REGION METROPOLITANA,ÑUÑOA,COLISION,COLISION,URBANA,CRUCE CON SEÑAL CEDA EL PASO,IMPRUDENCIA DEL CONDUCTOR,ADELANTAMIENTO SIN EL ESPACIO O TIEMPO SUFICIENTE,PEDRO TORRES,BANCO DE CHILE,BANCO DE CHILE - PEDRO TORRES,0, , ,BIDIRECCIONAL,CONCRETO,BUENO,SECO,DESPEJADO,0,0,0,0,13,131,13120,Metropolitana de Santiago,Santiago,Ñuñoa,Interseccion,"BANCO DE CHILE & PEDRO TORRES, Ñuñoa",-33.4527,-70.589331
-7858501.82535772,-3963471.8800743,6302,2023,1577343,2023/12/01 00:00:00+00,Diciembre,1,Viernes,1899/12/30 00:00:00+00,17:15:00,17,REGION METROPOLITANA,LA FLORIDA,CHOQUE FRENTE/LADO,CHOQUE,URBANA,CRUCE CON SEÑAL PARE,VELOCIDAD IMPRUDENTE,VELOCIDAD NO RAZONABLE NI PRUDENTE,MIRADOR AZUL,NVA 1,MIRADOR AZUL - NVA 1,0, , ,UNIDIRECCIONAL,ASFALTO,BUENO,SECO,DESPEJADO,0,0,0,1,13,131,13110,Metropolitana de Santiago,Santiago,La Florida,Interseccion,"MIRADOR AZUL & NVA 1, La Florida",-33.512072,-70.594123
-7868469.37256335,-3970554.9408609,6303,2023,1575264,2023/12/01 00:00:00+00,Diciembre,1,Viernes,1899/12/30 00:00:00+00,18:15:00,18,REGION METROPOLITANA,EL BOSQUE,COLISION POR ALCANCE,COLISION,URBANA,CRUCE CON SEÑAL PARE,IMPRUDENCIA DEL CONDUCTOR,CONDUCCION NO ATENTO CONDICIONES TRANSITO MOMENTO,GRAN AVDA JOSE MIGUEL CARRERA,HUMBERTO ALLENDE,GRAN AVDA JOSE MIGUEL CARRERA - HUMBERTO ALLENDE,0, , ,BIDIRECCIONAL CON BANDEJON,CONCRETO,BUENO,SECO,DESPEJADO,0,0,0,0,13,131,13105,Metropolitana de Santiago,Santiago,El Bosque,Interseccion,"GRAN AVDA JOSE MIGUEL CARRERA & HUMBERTO ALLENDE, El Bosque",-33.565107,-70.683663
-7870204.91021651,-3949847.56692225,6304,2023,1575327,2023/12/01 00:00:00+00,Diciembre,1,Viernes,1899/12/30 00:00:00+00,19:30:00,19,REGION METROPOLITANA,RENCA,CHOQUE POSTERIOR/FRENTE,CHOQUE,URBANA,TRAMO DE VIA RECTA,IMPRUDENCIA DEL CONDUCTOR,CONDUCCION NO ATENTO CONDICIONES TRANSITO MOMENTO,COSTANERA,CAUPOLICAN,CAUPOLICAN - COSTANERA,0, , ,BIDIRECCIONAL,ASFALTO,BUENO,SECO,DESPEJADO,0,0,0,0,13,131,13128,Metropolitana de Santiago,Santiago,Renca,Interseccion,"CAUPOLICAN & COSTANERA, Renca",-33.409967,-70.699254
-8136432.62786512,-4417002.86901445,6305,2023,1581413,2023/12/02 00:00:00+00,Diciembre,2,Sábado,1899/12/30 00:00:00+00,01:50:00,1,REGION BIO BIO,SAN PEDRO DE LA PAZ,VOLCADURA,VOLCADURA,RURAL,TRAMO DE VIA RECTA,ALCOHOL EN CONDUCTOR,CONDUCCION EN ESTADO DE EBRIEDAD,LLACOLEN,MICHIMALONCO,LLACOLEN - MICHIMALONCO,0, , ,BIDIRECCIONAL CON BANDEJON,CONCRETO,BUENO,SECO,DESPEJADO,0,1,0,0,08,081,08108,Biobío,Concepción,San Pedro de la Paz,Interseccion,"LLACOLEN & MICHIMALONCO, San Pedro de la Paz",-36.841255,-73.090818
-8133009.67840143,-4415159.52377465,6306,2023,1576235,2023/12/02 00:00:00+00,Diciembre,2,Sábado,1899/12/30 00:00:00+00,07:40:00,7,REGION BIO BIO,CONCEPCION,COLISION PERPENDICULAR,COLISION,URBANA,CRUCE CON SEMAFORO FUNCIONANDO,DESOBEDIENCIA A SEÑALIZACION,SEÑALIZACION DESOBEDECER LUZ ROJA DE SEMAFORO,MAIPU,ARTURO PRAT,ARTURO PRAT - MAIPU,0, , ,UNIDIRECCIONAL,CONCRETO,BUENO,SECO,DESPEJADO,0,1,0,0,08,081,08101,Biobío,Concepción,Concepción,Interseccion,"ARTURO PRAT & MAIPU, Concepción",-36.828002,-73.060069
-7675196.95136641,-2566235.07243316,6307,2023,1575539,2023/12/02 00:00:00+00,Diciembre,2,Sábado,1899/12/30 00:00:00+00,11:20:00,11,REGION ANTOFAGASTA,CALAMA,COLISION,COLISION,URBANA,CRUCE CON SEÑAL PARE,DESOBEDIENCIA A SEÑALIZACION,SEÑALIZACION DESOBEDECER SEÑAL PARE,VASCO DE GAMA,RUPANCO,RUPANCO - VASCO DE GAMA,0, , ,BIDIRECCIONAL,ASFALTO,BUENO,SECO,DESPEJADO,0,1,0,1,02,022,02201,Antofagasta,El Loa,Calama,Interseccion,"RUPANCO & VASCO DE GAMA, Calama",-22.454944,-68.947467
-7959202.95067439,-3751630.24610564,6308,2023,1579625,2023/12/02 00:00:00+00,Diciembre,2,Sábado,1899/12/30 00:00:00+00,12:00:00,12,REGION COQUIMBO,LOS VILOS,COLISION,COLISION,URBANA,TRAMO DE VIA RECTA,IMPRUDENCIA DEL CONDUCTOR,CONDUCCION NO ATENTO CONDICIONES TRANSITO MOMENTO,CAUPOLICAN,3 ORIENTE,3 ORIENTE - CAUPOLICAN,0, , ,BIDIRECCIONAL,CONCRETO,BUENO,SECO,DESPEJADO,0,0,1,0,04,042,04203,Coquimbo,Choapa,Los Vilos,Interseccion,"3 ORIENTE & CAUPOLICAN, Los Vilos",-31.910974,-71.498737
-7934271.02483952,-3494292.39818402,6309,2023,1566460,2023/10/13 00:00:00+00,Octubre,13,Viernes,1899/12/30 00:00:00+00,04:25:00,4,REGION COQUIMBO,LA SERENA,CHOQUE FRONTAL,CHOQUE,URBANA,TRAMO DE VIA RECTA,ALCOHOL EN CONDUCTOR,CONDUCCION EN ESTADO DE EBRIEDAD,4 ESQUINAS,HORTENSIA BUSTAMANTE,4 ESQUINAS - HORTENSIA BUSTAMANTE,0, , ,BIDIRECCIONAL,ASFALTO,BUENO,SECO,DESPEJADO,0,0,1,0,04,041,04101,Coquimbo,Elqui,La Serena,Interseccion,"4 ESQUINAS & HORTENSIA BUSTAMANTE, La Serena",-29.927954,-71.274769
-7856622.64103364,-3970449.00015559,6310,2023,1576343,2023/12/02 00:00:00+00,Diciembre,2,Sábado,1899/12/30 00:00:00+00,12:00:00,12,REGION METROPOLITANA,PUENTE ALTO,COLISION LATERAL,COLISION,URBANA,TRAMO DE VIA RECTA,IMPRUDENCIA DEL CONDUCTOR,CONDUCCION NO ATENTO CONDICIONES TRANSITO MOMENTO,BAHIA INGLESA,LA PORTADA,BAHIA INGLESA - LA PORTADA,0, , ,BIDIRECCIONAL,CONCRETO,BUENO,SECO,DESPEJADO,0,0,0,0,13,132,13201,Metropolitana de Santiago,Cordillera,Puente Alto,Interseccion,"BAHIA INGLESA & LA PORTADA, Puente Alto",-33.564314,-70.577242
-8026926.65645507,-4385519.09364902,6311,2023,1575447,2023/12/02 00:00:00+00,Diciembre,2,Sábado,1899/12/30 00:00:00+00,16:15:00,16,REGION ÑUBLE,CHILLAN,COLISION LATERAL,COLISION,URBANA,TRAMO DE VIA RECTA,IMPRUDENCIA DEL CONDUCTOR,CONDUCCION CAMBIAR SORPRESIVAMENTE PISTA CIRCULACION,COLLIN,18 DE SEPTIEMBRE,18 DE SEPTIEMBRE - COLLIN,0, , ,BIDIRECCIONAL CON BANDEJON,CONCRETO,BUENO,SECO,DESPEJADO,0,0,0,1,16,161,16101,Ñuble,Diguillín,Chillán,Interseccion,"18 DE SEPTIEMBRE & COLLIN, Chillán",-36.614577,-72.107109
-7863593.34512907,-3951957.06986665,6312,2023,1576702,2023/12/02 00:00:00+00,Diciembre,2,Sábado,1899/12/30 00:00:00+00,17:30:00,17,REGION METROPOLITANA,RECOLETA,COLISION,COLISION,URBANA,TRAMO DE VIA RECTA,IMPRUDENCIA DEL CONDUCTOR,CONDUCCION NO ATENTO CONDICIONES TRANSITO MOMENTO,PERU,RAPA NUI,PERU - RAPA NUI,0, , ,BIDIRECCIONAL,ASFALTO,BUENO,SECO,DESPEJADO,0,0,0,0,13,131,13127,Metropolitana de Santiago,Santiago,Recoleta,Interseccion,"PERU & RAPA NUI, Recoleta",-33.425785,-70.639861
-7863475.02360891,-3953899.32149245,6313,2023,1576679,2023/12/02 00:00:00+00,Diciembre,2,Sábado,1899/12/30 00:00:00+00,18:30:00,18,REGION METROPOLITANA,SANTIAGO,COLISION FRONTAL,COLISION,URBANA,CRUCE CON SEMAFORO FUNCIONANDO,IMPRUDENCIA DEL CONDUCTOR,CONDUCCION NO ATENTO CONDICIONES TRANSITO MOMENTO,LIBER BERNARDO O'HIGGINS,JAIME EYZAGUIRRE,JAIME EYZAGUIRRE - LIBER BERNARDO O'HIGGINS,0, , ,BIDIRECCIONAL CON BANDEJON,ASFALTO,BUENO,SECO,DESPEJADO,0,0,0,0,13,131,13101,Metropolitana de Santiago,Santiago,Santiago,Interseccion,"JAIME EYZAGUIRRE & LIBER BERNARDO O'HIGGINS, Santiago",-33.440345,-70.638798
-7863533.68898056,-3953752.4456964,6314,2023,1576686,2023/12/02 00:00:00+00,Diciembre,2,Sábado,1899/12/30 00:00:00+00,18:40:00,18,REGION METROPOLITANA,SANTIAGO,CHOQUE FRENTE/FRENTE,CHOQUE,URBANA,CRUCE CON SEMAFORO FUNCIONANDO,IMPRUDENCIA DEL CONDUCTOR,CONDUCCION SIN MANTENER DISTANCIA RAZONABLE NI PRUDENTE,LIBER BERNARDO O'HIGGINS,JAIME EYZAGUIRRE,JAIME EYZAGUIRRE - LIBER BERNARDO O'HIGGINS,0, , ,BIDIRECCIONAL CON BANDEJON,ASFALTO,BUENO,SECO,DESPEJADO,0,1,0,0,13,131,13101,Metropolitana de Santiago,Santiago,Santiago,Interseccion,"JAIME EYZAGUIRRE & LIBER BERNARDO O'HIGGINS, Santiago",-33.439244,-70.639325
-7872913.24664695,-3936950.19639287,6315,2023,1578441,2023/12/02 00:00:00+00,Diciembre,2,Sábado,1899/12/30 00:00:00+00,20:00:00,20,REGION METROPOLITANA,COLINA,COLISION LATERAL,COLISION,URBANA,TRAMO DE VIA RECTA,IMPRUDENCIA DEL CONDUCTOR,ADELANTAMIENTO SIN EFECTUAR LA SEÑAL RESPECTIVA,PDTE EDUARDO FREI MONTALVA,LA MONTAÑA,LA MONTAÑA - PDTE EDUARDO FREI MONTALVA,0, , ,BIDIRECCIONAL CON BANDEJON,CONCRETO,BUENO,SECO,DESPEJADO,0,0,0,0,13,133,13301,Metropolitana de Santiago,Chacabuco,Colina,Interseccion,"LA MONTAÑA & PDTE EDUARDO FREI MONTALVA, Colina",-33.3132,-70.723583
-7837903.04413122,-2714749.44480849,6316,2023,1576160,2023/12/02 00:00:00+00,Diciembre,2,Sábado,1899/12/30 00:00:00+00,21:10:00,21,REGION ANTOFAGASTA,ANTOFAGASTA,COLISION,COLISION,URBANA,CRUCE CON SEMAFORO FUNCIONANDO,DESOBEDIENCIA A SEÑALIZACION,SEÑALIZACION DESOBEDECER LUZ ROJA DE SEMAFORO,ARGENTINA,MAR DEL PLATA,ARGENTINA - MAR DEL PLATA,0, , ,BIDIRECCIONAL,ASFALTO,BUENO,SECO,DESPEJADO,0,0,0,0,02,021,02101,Antofagasta,Antofagasta,Antofagasta,Interseccion,"ARGENTINA & MAR DEL PLATA, Antofagasta",-23.682357,-70.409081
-7834307.22421465,-2704672.5684535,6317,2023,1576893,2023/12/02 00:00:00+00,Diciembre,2,Sábado,1899/12/30 00:00:00+00,21:30:00,21,REGION ANTOFAGASTA,ANTOFAGASTA,COLISION PERPENDICULAR,COLISION,URBANA,CRUCE CON SEÑAL CEDA EL PASO,VELOCIDAD IMPRUDENTE,VELOCIDAD NO RAZONABLE NI PRUDENTE,JUVENAL MORLA,LOS LEONES,JUVENAL MORLA - LOS LEONES,0, , ,BIDIRECCIONAL,ASFALTO,BUENO,SECO,DESPEJADO,0,0,0,2,02,021,02101,Antofagasta,Antofagasta,Antofagasta,Interseccion,"JUVENAL MORLA & LOS LEONES, Antofagasta",-23.599432,-70.376779
-7672635.90173198,-2567234.3734439,6318,2023,1575552,2023/12/03 00:00:00+00,Diciembre,3,Domingo,1899/12/30 00:00:00+00,01:15:00,1,REGION ANTOFAGASTA,CALAMA,COLISION,COLISION,URBANA,CRUCE CON SEMAFORO FUNCIONANDO,ALCOHOL EN CONDUCTOR,CONDUCCION EN ESTADO DE EBRIEDAD,VICUÑA MACKENNA,VIVAR,VICUÑA MACKENNA - VIVAR,0, , ,BIDIRECCIONAL,ASFALTO,BUENO,SECO,DESPEJADO,0,0,0,1,02,022,02201,Antofagasta,El Loa,Calama,Interseccion,"VICUÑA MACKENNA & VIVAR, Calama",-22.46324,-68.924461
-7899309.10165374,-3734501.9529488,6319,2023,1579627,2023/12/03 00:00:00+00,Diciembre,3,Domingo,1899/12/30 00:00:00+00,04:30:00,4,REGION COQUIMBO,SALAMANCA,COLISION,COLISION,URBANA,TRAMO DE VIA RECTA,IMPRUDENCIA DEL CONDUCTOR,CONDUCCION NO ATENTO CONDICIONES TRANSITO MOMENTO,IRARRAZAVAL,BRUNO LARRAIN,BRUNO LARRAIN - IRARRAZAVAL,0, , ,BIDIRECCIONAL,CONCRETO,BUENO,SECO,DESPEJADO,0,0,0,0,04,042,04204,Coquimbo,Choapa,Salamanca,Interseccion,"BRUNO LARRAIN & IRARRAZAVAL, Salamanca",-31.780269,-70.960701
-7863408.45455342,-3960618.91518814,6320,2023,1576376,2023/12/03 00:00:00+00,Diciembre,3,Domingo,1899/12/30 00:00:00+00,06:23:00,6,REGION METROPOLITANA,SAN JOAQUIN,VOLCADURA,VOLCADURA,URBANA,TRAMO DE VIA RECTA,ALCOHOL EN CONDUCTOR,CONDUCCION EN ESTADO DE EBRIEDAD,MATTA VIAL,CABILDO,CABILDO - MATTA VIAL,0, , ,BIDIRECCIONAL,ASFALTO,BUENO,SECO,DESPEJADO,0,1,0,0,13,131,13129,Metropolitana de Santiago,Santiago,San Joaquín,Interseccion,"CABILDO & MATTA VIAL, San Joaquín",-33.490701,-70.6382