X,Y,FID,Año,IdAccident,Fecha,Mes,Dia_mes,Dia_semana,Hora,Hora_texto,Hora_aprox,Región,Comuna,Tipo_Accid,Tipo__CONA,Zona,Ubicación,Causa__CON,Causa_Acci,Calle_Uno,Calle_Dos,Intersecci,Número,Ruta,Ubicaci_1,Calzada,Tipo_Calza,Estado_Cal,Condición,Estado_Atm,Fallecidos,Graves,Menos_Grav,Leves,CUT_REG,CUT_PROV,CUT_COM,REGION,PROVINCIA,COMUNA1,Tipo_direc,Direccion,Lat,Lon
-8127367.89528854,-4926016.36114343,6321,2023,1578358,2023/12/03 00:00:00+00,Diciembre,3,Domingo,1899/12/30 00:00:00+00,08:30:00,8,REGION LOS LAGOS,OSORNO,COLISION,COLISION,URBANA,CRUCE CON SEÑAL CEDA EL PASO,DESOBEDIENCIA A SEÑALIZACION,SEÑALIZACION DESOBEDECER SEÑAL CEDA EL PASO,ECUADOR,COVARRUBIAS,COVARRUBIAS - ECUADOR,0, , ,BIDIRECCIONAL,CONCRETO,BUENO,SECO,DESPEJADO,0,0,0,1,10,103,10301,Los Lagos,Osorno,Osorno,Interseccion,"COVARRUBIAS & ECUADOR, Osorno",-40.412147,-73.009388
-7856970.1804839,-3955413.41143665,6322,2023,1580746,2023/12/03 00:00:00+00,Diciembre,3,Domingo,1899/12/30 00:00:00+00,09:10:00,9,REGION METROPOLITANA,ÑUÑOA,CHOQUE POSTERIOR/POSTERIOR,CHOQUE,URBANA,TRAMO DE VIA RECTA,IMPRUDENCIA DEL CONDUCTOR,CONDUCCION NO ATENTO CONDICIONES TRANSITO MOMENTO,COVENTRY,BADEN,BADEN - COVENTRY,0, , ,BIDIRECCIONAL,CONCRETO,BUENO,SECO,NUBLADO,0,0,0,0,13,131,13120,Metropolitana de Santiago,Santiago,Ñuñoa,Interseccion,"BADEN & COVENTRY, Ñuñoa",-33.451694,-70.580364
-7875342.12660544,-3962089.69742929,6323,2023,1575992,2023/12/03 00:00:00+00,Diciembre,3,Domingo,1899/12/30 00:00:00+00,12:00:00,12,REGION METROPOLITANA,MAIPU,VOLCADURA,VOLCADURA,URBANA,TRAMO DE VIA RECTA,IMPRUDENCIA DEL CONDUCTOR,CONDUCCION NO ATENTO CONDICIONES TRANSITO MOMENTO,SEGUNDA TRANSVERSAL,BARCELONA,BARCELONA - SEGUNDA TRANSVERSAL,0, , ,BIDIRECCIONAL,ASFALTO,BUENO,SECO,DESPEJADO,0,0,0,1,13,131,13119,Metropolitana de Santiago,Santiago,Maipú,Interseccion,"BARCELONA & SEGUNDA TRANSVERSAL, Maipú",-33.501719,-70.745402
-7870842.2588291,-3957117.71672569,6324,2023,1578991,2023/12/03 00:00:00+00,Diciembre,3,Domingo,1899/12/30 00:00:00+00,12:05:00,12,REGION METROPOLITANA,ESTACION CENTRAL,COLISION LATERAL,COLISION,URBANA,TRAMO DE VIA RECTA,IMPRUDENCIA DEL CONDUCTOR,CONDUCCION CAMBIAR SORPRESIVAMENTE PISTA CIRCULACION,LAS CATALPAS ORIENTE,LIBER BERNARDO O'HIGGINS,LAS CATALPAS ORIENTE - LIBER BERNARDO O'HIGGINS,0, , ,UNIDIRECCIONAL,ASFALTO,BUENO,SECO,DESPEJADO,0,0,0,0,13,131,13106,Metropolitana de Santiago,Santiago,Estación Central,Interseccion,"LAS CATALPAS ORIENTE & LIBER BERNARDO O'HIGGINS, Estación Central",-33.464467,-70.704979
-7863487.49139188,-3949965.80126488,6325,2023,1577499,2023/12/03 00:00:00+00,Diciembre,3,Domingo,1899/12/30 00:00:00+00,12:57:00,12,REGION METROPOLITANA,RECOLETA,COLISION POR ALCANCE,COLISION,URBANA,CRUCE CON SEÑAL PARE,IMPRUDENCIA DEL CONDUCTOR,ADELANTAMIENTO SIN EL ESPACIO O TIEMPO SUFICIENTE,RECOLETA,DR OSTORNOL,DR OSTORNOL - RECOLETA,0, , ,UNIDIRECCIONAL,ASFALTO,BUENO,SECO,DESPEJADO,0,0,0,0,13,131,13127,Metropolitana de Santiago,Santiago,Recoleta,Interseccion,"DR OSTORNOL & RECOLETA, Recoleta",-33.410854,-70.63891
-7875876.92769198,-3322484.4020283,6326,2023,1579830,2023/12/03 00:00:00+00,Diciembre,3,Domingo,1899/12/30 00:00:00+00,14:45:00,14,REGION ATACAMA,VALLENAR,COLISION FRONTAL,COLISION,URBANA,CRUCE CON SEÑAL PARE,IMPRUDENCIA DEL CONDUCTOR,CONDUCCION NO ATENTO CONDICIONES TRANSITO MOMENTO,ARTURO PRAT,ALGARROBILLA,ALGARROBILLA - ARTURO PRAT,0, , ,BIDIRECCIONAL,ASFALTO,BUENO,SECO,DESPEJADO,0,0,0,1,03,033,03301,Atacama,Huasco,Vallenar,Interseccion,"ALGARROBILLA & ARTURO PRAT, Vallenar",-28.581476,-70.750206
-7955016.937037,-3902644.68926751,6327,2023,1576632,2023/12/03 00:00:00+00,Diciembre,3,Domingo,1899/12/30 00:00:00+00,18:55:00,18,REGION VALPARAISO,QUILPUE,VOLCADURA,VOLCADURA,URBANA,TRAMO DE VIA RECTA,IMPRUDENCIA DEL CONDUCTOR,CONDUCCION NO ATENTO CONDICIONES TRANSITO MOMENTO,LEBU,MARCK,LEBU - MARCK,0, , ,BIDIRECCIONAL,ASFALTO,BUENO,SECO,DESPEJADO,0,0,1,0,05,058,05801,Valparaíso,Marga Marga,Quilpué,Interseccion,"LEBU & MARCK, Quilpué",-33.055287,-71.461133
-7872894.55609331,-3954414.98902394,6328,2023,1576589,2023/12/03 00:00:00+00,Diciembre,3,Domingo,1899/12/30 00:00:00+00,19:10:00,19,REGION METROPOLITANA,LO PRADO,COLISION PERPENDICULAR,COLISION,URBANA,CRUCE CON SEMAFORO FUNCIONANDO,DESOBEDIENCIA A SEÑALIZACION,SEÑALIZACION DESOBEDECER LUZ ROJA DE SEMAFORO,LIBER BERNARDO O'HIGGINS,HERA,HERA - LIBER BERNARDO O'HIGGINS,0, , ,UNIDIRECCIONAL,ASFALTO,BUENO,SECO,DESPEJADO,0,1,0,0,13,131,13117,Metropolitana de Santiago,Santiago,Lo Prado,Interseccion,"HERA & LIBER BERNARDO O'HIGGINS, Lo Prado",-33.44421,-70.723415
-7806629.6143047,-2304236.66619622,6329,2023,1577206,2023/12/03 00:00:00+00,Diciembre,3,Domingo,1899/12/30 00:00:00+00,21:36:00,21,REGION TARAPACA,IQUIQUE,COLISION POR ALCANCE,COLISION,URBANA,TRAMO DE VIA RECTA,IMPRUDENCIA DEL CONDUCTOR,CONDUCCION NO ATENTO CONDICIONES TRANSITO MOMENTO,FRANCISCO BILBAO,DOCTOR JUAN NOE,DOCTOR JUAN NOE - FRANCISCO BILBAO,0, , ,BIDIRECCIONAL,ASFALTO,BUENO,SECO,DESPEJADO,0,0,0,0,01,011,01101,Tarapacá,Iquique,Iquique,Interseccion,"DOCTOR JUAN NOE & FRANCISCO BILBAO, Iquique",-20.263199,-70.128147
-7857578.09625652,-3963687.77341747,6330,2023,1578571,2023/12/04 00:00:00+00,Diciembre,4,Lunes,1899/12/30 00:00:00+00,08:50:00,8,REGION METROPOLITANA,LA FLORIDA,COLISION LATERAL,COLISION,URBANA,CRUCE SIN SEÑALIZACION,IMPRUDENCIA DEL CONDUCTOR,CONDUCCION CAMBIAR SORPRESIVAMENTE PISTA CIRCULACION,LA FLORIDA,VIÑA DEL MAR,LA FLORIDA - VIÑA DEL MAR,0, , ,UNIDIRECCIONAL,ASFALTO,BUENO,SECO,DESPEJADO,0,0,0,1,13,131,13110,Metropolitana de Santiago,Santiago,La Florida,Interseccion,"LA FLORIDA & VIÑA DEL MAR, La Florida",-33.513689,-70.585825
-7866991.2723646,-3961254.56702947,6331,2023,1582873,2023/12/04 00:00:00+00,Diciembre,4,Lunes,1899/12/30 00:00:00+00,09:10:00,9,REGION METROPOLITANA,PEDRO AGUIRRE CERDA,CHOQUE LATERAL,CHOQUE,URBANA,TRAMO DE VIA RECTA,IMPRUDENCIA DEL CONDUCTOR,CONDUCIR VEHICULO EN RETROCESO,LAZO,CLUB HIPICO,CLUB HIPICO - LAZO,0, , ,BIDIRECCIONAL,ASFALTO,BUENO,SECO,DESPEJADO,0,0,0,1,13,131,13121,Metropolitana de Santiago,Santiago,Pedro Aguirre Cerda,Interseccion,"CLUB HIPICO & LAZO, Pedro Aguirre Cerda",-33.495463,-70.670385
-7927770.27831629,-3493116.54083552,6332,2023,1576228,2023/12/04 00:00:00+00,Diciembre,4,Lunes,1899/12/30 00:00:00+00,12:15:00,12,REGION COQUIMBO,LA SERENA,COLISION PERPENDICULAR,COLISION,URBANA,CRUCE CON SEÑAL PARE,DESOBEDIENCIA A SEÑALIZACION,SEÑALIZACION DESOBEDECER SEÑAL PARE,ARAUCO,JUAN PABLO I,ARAUCO - JUAN PABLO I,0, , ,BIDIRECCIONAL,ASFALTO,BUENO,SECO,DESPEJADO,0,0,1,0,04,041,04101,Coquimbo,Elqui,La Serena,Interseccion,"ARAUCO & JUAN PABLO I, La Serena",-29.9188,-71.216372
-7857711.12301462,-3950502.31175926,6333,2023,1576707,2023/12/04 00:00:00+00,Diciembre,4,Lunes,1899/12/30 00:00:00+00,13:42:00,13,REGION METROPOLITANA,LAS CONDES,OTRO TIPO,OTRO TIPO,URBANA,CRUCE CON SEMAFORO FUNCIONANDO,IMPRUDENCIA DEL CONDUCTOR,CONDUCCION SIN MANTENER DISTANCIA RAZONABLE NI PRUDENTE,APOQUINDO,GOLDA MEIR,APOQUINDO - GOLDA MEIR,0, , ,UNIDIRECCIONAL,ASFALTO,BUENO,SECO,DESPEJADO,0,0,0,0,13,131,13114,Metropolitana de Santiago,Santiago,Las Condes,Interseccion,"APOQUINDO & GOLDA MEIR, Las Condes",-33.414877,-70.58702
-7827495.33967013,-2093320.23414431,6334,2023,1576360,2023/12/04 00:00:00+00,Diciembre,4,Lunes,1899/12/30 00:00:00+00,14:30:00,14,REGION ARICA Y PARINACOTA,ARICA,VOLCADURA,VOLCADURA,URBANA,CRUCE CON SEÑAL PARE,IMPRUDENCIA DEL CONDUCTOR,CONDUCCION NO ATENTO CONDICIONES TRANSITO MOMENTO,CRISTOBAL COLON,CHACABUCO,CHACABUCO - CRISTOBAL COLON,0, , ,UNIDIRECCIONAL,ASFALTO,BUENO,SECO,DESPEJADO,0,0,0,0,15,151,15101,Arica y Parinacota,Arica,Arica,Interseccion,"CHACABUCO & CRISTOBAL COLON, Arica",-18.475836,-70.315587
-7877964.47985005,-3963867.08681216,6335,2023,1579379,2023/12/04 00:00:00+00,Diciembre,4,Lunes,1899/12/30 00:00:00+00,15:35:00,15,REGION METROPOLITANA,MAIPU,COLISION LATERAL,COLISION,URBANA,CRUCE CON SEÑAL PARE,DESOBEDIENCIA A SEÑALIZACION,SEÑALIZACION DESOBEDECER SEÑAL PARE,PADRE ALBERTO HURTADO,LAS TINAJAS,LAS TINAJAS - PADRE ALBERTO HURTADO,0, , ,BIDIRECCIONAL,ASFALTO,BUENO,SECO,DESPEJADO,0,1,0,0,13,131,13119,Metropolitana de Santiago,Santiago,Maipú,Interseccion,"LAS TINAJAS & PADRE ALBERTO HURTADO, Maipú",-33.515032,-70.768959
-7867113.35645015,-3923626.75119387,6336,2023,1578824,2023/12/04 00:00:00+00,Diciembre,4,Lunes,1899/12/30 00:00:00+00,18:35:00,18,REGION METROPOLITANA,COLINA,COLISION PERPENDICULAR,COLISION,RURAL,CRUCE CON SEÑAL PARE,DESOBEDIENCIA A SEÑALIZACION,SEÑALIZACION DESOBEDECER SEÑAL PARE,STA ELENA SUR,CALETERA GRAL SAN MARTIN,CALETERA GRAL SAN MARTIN - STA ELENA SUR,0, , ,BIDIRECCIONAL,ASFALTO,BUENO,SECO,DESPEJADO,0,0,0,3,13,133,13301,Metropolitana de Santiago,Chacabuco,Colina,Interseccion,"CALETERA GRAL SAN MARTIN & STA ELENA SUR, Colina",-33.213123,-70.671482
-7957626.82247639,-4236850.59839281,6337,2023,1577838,2023/12/04 00:00:00+00,Diciembre,4,Lunes,1899/12/30 00:00:00+00,19:00:00,19,REGION MAULE,SAN CLEMENTE,COLISION POR ALCANCE,COLISION,URBANA,TRAMO DE VIA RECTA,DESOBEDIENCIA A SEÑALIZACION,SEÑALIZACION DESOBEDECER SEÑAL PARE,ALBERTO TORRES,ALEJANDRO CRUZ,ALBERTO TORRES - ALEJANDRO CRUZ,0, , ,BIDIRECCIONAL,ASFALTO,BUENO,SECO,DESPEJADO,0,0,0,2,07,071,07109,Maule,Talca,San Clemente,Interseccion,"ALBERTO TORRES & ALEJANDRO CRUZ, San Clemente",-35.535185,-71.484578
-7874319.76840199,-4052409.02543274,6338,2023,1575721,2023/12/04 00:00:00+00,Diciembre,4,Lunes,1899/12/30 00:00:00+00,19:45:00,19,REGION LIB.B.O'HIGGINS,RANCAGUA,COLISION POR ALCANCE,COLISION,URBANA,CRUCE CON SEMAFORO FUNCIONANDO,IMPRUDENCIA DEL CONDUCTOR,CONDUCCION NO ATENTO CONDICIONES TRANSITO MOMENTO,MILLAN,FREIRE,FREIRE - MILLAN,0, , ,BIDIRECCIONAL CON BANDEJON,CONCRETO,BUENO,SECO,DESPEJADO,0,0,0,0,06,061,06101,Libertador General Bernardo O'Higgins,Cachapoal,Rancagua,Interseccion,"FREIRE & MILLAN, Rancagua",-34.175628,-70.736218
-7977172.74403689,-4226364.25974824,6339,2023,1576234,2023/12/04 00:00:00+00,Diciembre,4,Lunes,1899/12/30 00:00:00+00,20:00:00,20,REGION MAULE,MAULE,COLISION LATERAL,COLISION,URBANA,CRUCE SIN SEÑALIZACION,IMPRUDENCIA DEL CONDUCTOR,CONDUCCION NO ATENTO CONDICIONES TRANSITO MOMENTO,27 SUR,10 ORIENTE,10 ORIENTE - 27 SUR,0, , ,BIDIRECCIONAL,TIERRA,REGULAR, ,DESPEJADO,0,0,0,1,07,071,07105,Maule,Talca,Maule,Interseccion,"10 ORIENTE & 27 SUR, Maule",-35.458492,-71.660162
-7859845.44050191,-3874819.69704854,6340,2023,1576012,2023/12/04 00:00:00+00,Diciembre,4,Lunes,1899/12/30 00:00:00+00,20:10:00,20,REGION VALPARAISO,LOS ANDES,COLISION PERPENDICULAR,COLISION,URBANA,TRAMO DE VIA RECTA,IMPRUDENCIA DEL CONDUCTOR,CONDUCCION NO ATENTO CONDICIONES TRANSITO MOMENTO,ARTURO PRAT,BEJARES,ARTURO PRAT - BEJARES,0, , ,BIDIRECCIONAL,ASFALTO,BUENO,SECO,DESPEJADO,0,1,0,0,05,053,05301,Valparaíso,Los Andes,Los Andes,Interseccion,"ARTURO PRAT & BEJARES, Los Andes",-32.845539,-70.606193
-7864018.44076838,-3950645.05207463,6341,2023,1577454,2023/12/04 00:00:00+00,Diciembre,4,Lunes,1899/12/30 00:00:00+00,23:55:00,23,REGION METROPOLITANA,RECOLETA,COLISION LATERAL,COLISION,URBANA,CRUCE CON SEMAFORO FUNCIONANDO,IMPRUDENCIA DEL CONDUCTOR,CONDUCCION NO ATENTO CONDICIONES TRANSITO MOMENTO,RECOLETA,UNION,RECOLETA - UNION,0, , ,UNIDIRECCIONAL,ASFALTO,BUENO,SECO,DESPEJADO,0,1,0,0,13,131,13127,Metropolitana de Santiago,Santiago,Recoleta,Interseccion,"RECOLETA & UNION, Recoleta",-33.415947,-70.64368
-7865942.9767198,-3952957.53446757,6342,2023,1577476,2023/12/05 00:00:00+00,Diciembre,5,Martes,1899/12/30 00:00:00+00,10:50:00,10,REGION METROPOLITANA,SANTIAGO,COLISION POR ALCANCE,COLISION,URBANA,TRAMO DE VIA RECTA,IMPRUDENCIA DEL CONDUCTOR,CONDUCCION CAMBIAR SORPRESIVAMENTE PISTA CIRCULACION,MANUEL RODRIGUEZ,GRAL MACKENNA,GRAL MACKENNA - MANUEL RODRIGUEZ,0, , ,UNIDIRECCIONAL,ASFALTO,BUENO,SECO,DESPEJADO,0,1,0,0,13,131,13101,Metropolitana de Santiago,Santiago,Santiago,Interseccion,"GRAL MACKENNA & MANUEL RODRIGUEZ, Santiago",-33.433285,-70.660968
-7826004.68264394,-2093918.24980744,6343,2023,1576513,2023/12/05 00:00:00+00,Diciembre,5,Martes,1899/12/30 00:00:00+00,11:00:00,11,REGION ARICA Y PARINACOTA,ARICA,VOLCADURA,VOLCADURA,URBANA,CRUCE CON SEÑAL PARE,DESOBEDIENCIA A SEÑALIZACION,SEÑALIZACION DESOBEDECER SEÑAL PARE,GERMAN RIESCO,CAUPOLICAN,CAUPOLICAN - GERMAN RIESCO,0, , ,BIDIRECCIONAL,ASFALTO,BUENO,SECO,DESPEJADO,0,1,0,0,15,151,15101,Arica y Parinacota,Arica,Arica,Interseccion,"CAUPOLICAN & GERMAN RIESCO, Arica",-18.480931,-70.302196
-8137962.6165053,-4410292.38182867,6344,2023,1576718,2023/12/05 00:00:00+00,Diciembre,5,Martes,1899/12/30 00:00:00+00,11:30:00,11,REGION BIO BIO,HUALPEN,COLISION,COLISION,URBANA,CRUCE CON SEÑAL PARE,DESOBEDIENCIA A SEÑALIZACION,SEÑALIZACION DESOBEDECER SEÑAL PARE,ALEMANIA,BREMEN,ALEMANIA - BREMEN,0, , ,BIDIRECCIONAL,CONCRETO,BUENO,SECO,DESPEJADO,0,0,0,0,08,081,08112,Biobío,Concepción,Hualpén,Interseccion,"ALEMANIA & BREMEN, Hualpén",-36.792997,-73.104562
-7863282.99748729,-3949480.78942612,6345,2023,1577521,2023/12/05 00:00:00+00,Diciembre,5,Martes,1899/12/30 00:00:00+00,11:30:00,11,REGION METROPOLITANA,RECOLETA,COLISION LATERAL,COLISION,URBANA,CRUCE CON SEÑAL PARE,DESOBEDIENCIA A SEÑALIZACION,SEÑALIZACION DESOBEDECER SEÑAL PARE,CAMPINO,MAIPO,CAMPINO - MAIPO,0, , ,BIDIRECCIONAL,ASFALTO,BUENO,SECO,DESPEJADO,0,0,0,0,13,131,13127,Metropolitana de Santiago,Santiago,Recoleta,Interseccion,"CAMPINO & MAIPO, Recoleta",-33.407217,-70.637073
-7975592.11850919,-4218735.74178051,6346,2023,1576498,2023/12/05 00:00:00+00,Diciembre,5,Martes,1899/12/30 00:00:00+00,12:30:00,12,REGION MAULE,TALCA,COLISION LATERAL,COLISION,URBANA,CRUCE SIN SEÑALIZACION,IMPRUDENCIA DEL CONDUCTOR,CONDUCCION NO ATENTO CONDICIONES TRANSITO MOMENTO,6 ORIENTE,20 NORTE,20 NORTE - 6 ORIENTE,0, , ,BIDIRECCIONAL,ASFALTO,BUENO,SECO,DESPEJADO,0,0,0,1,07,071,07101,Maule,Talca,Talca,Interseccion,"20 NORTE & 6 ORIENTE, Talca",-35.402654,-71.645963
-7979161.46670651,-4226557.50742383,6347,2023,1576502,2023/12/05 00:00:00+00,Diciembre,5,Martes,1899/12/30 00:00:00+00,13:30:00,13,REGION MAULE,MAULE,COLISION LATERAL,COLISION,URBANA,CRUCE CON SEÑAL PARE,DESOBEDIENCIA A SEÑALIZACION,SEÑALIZACION DESOBEDECER SEÑAL PARE,SAN JAVIER,PAISAJE HERMOSO,PAISAJE HERMOSO - SAN JAVIER,0, , ,BIDIRECCIONAL,ASFALTO,BUENO,SECO,DESPEJADO,0,0,0,0,07,071,07105,Maule,Talca,Maule,Interseccion,"PAISAJE HERMOSO & SAN JAVIER, Maule",-35.459906,-71.678027
-7835874.6695035,-2701256.75730319,6348,2023,1577534,2023/12/05 00:00:00+00,Diciembre,5,Martes,1899/12/30 00:00:00+00,16:00:00,16,REGION ANTOFAGASTA,ANTOFAGASTA,COLISION POR ALCANCE,COLISION,URBANA,CRUCE CON SEÑAL PARE,IMPRUDENCIA DEL CONDUCTOR,CONDUCCION NO ATENTO CONDICIONES TRANSITO MOMENTO,PEDRO AGUIRRE CERDA,FELIX GARCIA,FELIX GARCIA - PEDRO AGUIRRE CERDA,0, , ,BIDIRECCIONAL,ASFALTO,BUENO,SECO,DESPEJADO,0,0,0,1,02,021,02101,Antofagasta,Antofagasta,Antofagasta,Interseccion,"FELIX GARCIA & PEDRO AGUIRRE CERDA, Antofagasta",-23.571311,-70.39086
-7853492.92694583,-3951407.72791224,6349,2023,1579013,2023/12/05 00:00:00+00,Diciembre,5,Martes,1899/12/30 00:00:00+00,16:25:00,16,REGION METROPOLITANA,LAS CONDES,COLISION FRONTAL,COLISION,URBANA,CRUCE CON SEMAFORO FUNCIONANDO,IMPRUDENCIA DEL CONDUCTOR,CONDUCCION NO ATENTO CONDICIONES TRANSITO MOMENTO,ALONSO DE CAMARGO,CUARTO CENTENARIO,ALONSO DE CAMARGO - CUARTO CENTENARIO,0, , ,BIDIRECCIONAL,CONCRETO,BUENO,SECO,DESPEJADO,0,0,1,1,13,131,13114,Metropolitana de Santiago,Santiago,Las Condes,Interseccion,"ALONSO DE CAMARGO & CUARTO CENTENARIO, Las Condes",-33.421666,-70.549127
-7927718.50364339,-3860160.27176278,6350,2023,1576608,2023/12/05 00:00:00+00,Diciembre,5,Martes,1899/12/30 00:00:00+00,17:15:00,17,REGION VALPARAISO,NOGALES,COLISION LATERAL,COLISION,URBANA,CRUCE SIN SEÑALIZACION,IMPRUDENCIA DEL CONDUCTOR,NO RESPETAR DERECHO PREFERENTE DE PASO A VEHICULO,LOS PAJARITOS,EL MOLLE,EL MOLLE - LOS PAJARITOS,0, , ,BIDIRECCIONAL,ASFALTO,BUENO,SECO,DESPEJADO,0,1,0,1,05,055,05506,Valparaíso,Quillota,Nogales,Interseccion,"EL MOLLE & LOS PAJARITOS, Nogales",-32.734834,-71.215907
-8153321.47796954,-4839439.67338434,6351,2023,1577255,2023/12/05 00:00:00+00,Diciembre,5,Martes,1899/12/30 00:00:00+00,17:40:00,17,REGION DE LOS RIOS,VALDIVIA,COLISION FRONTAL,COLISION,URBANA,PUENTE,IMPRUDENCIA DEL CONDUCTOR,CONDUCCION NO ATENTO CONDICIONES TRANSITO MOMENTO,PEDRO AGUIRRE CERDA,ESPAÑA,ESPAÑA - PEDRO AGUIRRE CERDA,0, , ,BIDIRECCIONAL CON BANDEJON,ASFALTO,BUENO,SECO,DESPEJADO,0,0,0,1,14,141,14101,Los Ríos,Valdivia,Valdivia,Interseccion,"ESPAÑA & PEDRO AGUIRRE CERDA, Valdivia",-39.817379,-73.242533
-8027088.84895316,-4384155.19171573,6352,2023,1576829,2023/12/05 00:00:00+00,Diciembre,5,Martes,1899/12/30 00:00:00+00,18:10:00,18,REGION ÑUBLE,CHILLAN,COLISION PERPENDICULAR,COLISION,URBANA,CRUCE CON SEMAFORO FUNCIONANDO,IMPRUDENCIA DEL CONDUCTOR,NO RESPETAR DERECHO PREFERENTE DE PASO A VEHICULO,LIBERTAD,O'HIGGINS,LIBERTAD - O'HIGGINS,0, , ,UNIDIRECCIONAL,CONCRETO,BUENO,SECO,DESPEJADO,0,0,0,1,16,161,16101,Ñuble,Diguillín,Chillán,Interseccion,"LIBERTAD & O'HIGGINS, Chillán",-36.604742,-72.108566
-7860097.47893875,-3951469.37368464,6353,2023,1577115,2023/12/05 00:00:00+00,Diciembre,5,Martes,1899/12/30 00:00:00+00,18:20:00,18,REGION METROPOLITANA,PROVIDENCIA,CHOQUE POSTERIOR/POSTERIOR,CHOQUE,URBANA,CRUCE CON SEÑAL CEDA EL PASO,IMPRUDENCIA DEL CONDUCTOR,CONDUCCION NO ATENTO CONDICIONES TRANSITO MOMENTO,SAN PIO X,LOS LEONES,LOS LEONES - SAN PIO X,0, , ,UNIDIRECCIONAL,ASFALTO,REGULAR,SECO,DESPEJADO,0,0,0,0,13,131,13123,Metropolitana de Santiago,Santiago,Providencia,Interseccion,"LOS LEONES & SAN PIO X, Providencia",-33.422128,-70.608457
-7857829.96770299,-3962079.69846827,6354,2023,1577883,2023/12/05 00:00:00+00,Diciembre,5,Martes,1899/12/30 00:00:00+00,19:30:00,19,REGION METROPOLITANA,MACUL,COLISION PERPENDICULAR,COLISION,URBANA,TRAMO DE VIA RECTA,IMPRUDENCIA DEL CONDUCTOR,CONDUCCION NO ATENTO CONDICIONES TRANSITO MOMENTO,JURAMENTO,AMERICO VESPUCIO,AMERICO VESPUCIO - JURAMENTO,0, , ,BIDIRECCIONAL,ASFALTO,BUENO,SECO,DESPEJADO,0,0,0,1,13,131,13118,Metropolitana de Santiago,Santiago,Macul,Interseccion,"AMERICO VESPUCIO & JURAMENTO, Macul",-33.501644,-70.588088
-7868475.38381586,-3954749.12994573,6355,2023,1577487,2023/12/05 00:00:00+00,Diciembre,5,Martes,1899/12/30 00:00:00+00,20:00:00,20,REGION METROPOLITANA,ESTACION CENTRAL,COLISION POR ALCANCE,COLISION,URBANA,TRAMO DE VIA RECTA,IMPRUDENCIA DEL CONDUCTOR,CONDUCCION NO ATENTO CONDICIONES TRANSITO MOMENTO,LAS SOPHORAS,PORTALES,LAS SOPHORAS - PORTALES,0, , ,BIDIRECCIONAL,ASFALTO,BUENO,SECO,DESPEJADO,0,0,0,1,13,131,13106,Metropolitana de Santiago,Santiago,Estación Central,Interseccion,"LAS SOPHORAS & PORTALES, Estación Central",-33.446715,-70.683717
-8116524.15237087,-5080463.29127257,6356,2023,1578171,2023/12/05 00:00:00+00,Diciembre,5,Martes,1899/12/30 00:00:00+00,21:45:00,21,REGION LOS LAGOS,PUERTO MONTT,ATROPELLO,ATROPELLO,URBANA,CRUCE CON SEÑAL CEDA EL PASO,IMPRUDENCIA DEL CONDUCTOR,CONDUCCION NO ATENTO CONDICIONES TRANSITO MOMENTO,LOS ROBLES,IMPRENTA,IMPRENTA - LOS ROBLES,0, , ,BIDIRECCIONAL,ASFALTO,REGULAR,HUMEDO,NUBLADO,0,0,0,1,10,101,10101,Los Lagos,Llanquihue,Puerto Montt,Interseccion,"IMPRENTA & LOS ROBLES, Puerto Montt",-41.460223,-72.911977
-7976252.68841209,-4222083.47954713,6357,2023,1576883,2023/12/05 00:00:00+00,Diciembre,5,Martes,1899/12/30 00:00:00+00,21:50:00,21,REGION MAULE,TALCA,COLISION,COLISION,URBANA,TRAMO DE VIA RECTA,IMPRUDENCIA DEL CONDUCTOR,CONDUCCION NO ATENTO CONDICIONES TRANSITO MOMENTO,1 NORTE,10 ORIENTE,1 NORTE - 10 ORIENTE,0, , ,UNIDIRECCIONAL,CONCRETO,BUENO,SECO,DESPEJADO,0,0,0,2,07,071,07101,Maule,Talca,Talca,Interseccion,"1 NORTE & 10 ORIENTE, Talca",-35.427163,-71.651897
-7963655.55216154,-3901762.55493164,6358,2023,1579210,2023/12/05 00:00:00+00,Diciembre,5,Martes,1899/12/30 00:00:00+00,22:40:00,22,REGION VALPARAISO,VIÑA DEL MAR,COLISION FRONTAL,COLISION,URBANA,TRAMO DE VIA RECTA,IMPRUDENCIA DEL CONDUCTOR,CONDUCCION NO ATENTO CONDICIONES TRANSITO MOMENTO,ROGELIO ASTUDILLO,NAGALHUE,NAGALHUE - ROGELIO ASTUDILLO,0, , ,BIDIRECCIONAL,ASFALTO,BUENO,SECO,DESPEJADO,0,1,0,0,05,051,05109,Valparaíso,Valparaíso,Viña del Mar,Interseccion,"NAGALHUE & ROGELIO ASTUDILLO, Viña del Mar",-33.048645,-71.538735
-8093041.52842702,-4553405.82817169,6359,2023,1576555,2023/12/06 00:00:00+00,Diciembre,6,Miércoles,1899/12/30 00:00:00+00,08:00:00,8,REGION ARAUCANIA,ANGOL,COLISION LATERAL,COLISION,URBANA,CRUCE CON SEÑAL PARE,DESOBEDIENCIA A SEÑALIZACION,SEÑALIZACION DESOBEDECER SEÑAL PARE,JOSE BUNSTER,RANCAGUA,JOSE BUNSTER - RANCAGUA,0, , ,BIDIRECCIONAL,CONCRETO,BUENO,SECO,DESPEJADO,0,0,1,0,09,092,09201,La Araucanía,Malleco,Angol,Interseccion,"JOSE BUNSTER & RANCAGUA, Angol",-37.815578,-72.701029