X,Y,FID,Año,IdAccident,Fecha,Mes,Dia_mes,Dia_semana,Hora,Hora_texto,Hora_aprox,Región,Comuna,Tipo_Accid,Tipo__CONA,Zona,Ubicación,Causa__CON,Causa_Acci,Calle_Uno,Calle_Dos,Intersecci,Número,Ruta,Ubicaci_1,Calzada,Tipo_Calza,Estado_Cal,Condición,Estado_Atm,Fallecidos,Graves,Menos_Grav,Leves,CUT_REG,CUT_PROV,CUT_COM,REGION,PROVINCIA,COMUNA1,Tipo_direc,Direccion,Lat,Lon
-7867183.29848622,-3956295.75469982,6360,2023,1578051,2023/12/06 00:00:00+00,Diciembre,6,Miércoles,1899/12/30 00:00:00+00,09:15:00,9,REGION METROPOLITANA,SANTIAGO,COLISION PERPENDICULAR,COLISION,URBANA,CRUCE CON SEMAFORO FUNCIONANDO,DESOBEDIENCIA A SEÑALIZACION,SEÑALIZACION DESOBEDECER LUZ ROJA DE SEMAFORO,BLANCO ENCALADA,ABATE MOLINA,ABATE MOLINA - BLANCO ENCALADA,0, , ,BIDIRECCIONAL CON BANDEJON,CONCRETO,BUENO,SECO,DESPEJADO,0,1,0,0,13,131,13101,Metropolitana de Santiago,Santiago,Santiago,Interseccion,"ABATE MOLINA & BLANCO ENCALADA, Santiago",-33.458307,-70.67211
-7865921.26941909,-3954651.73899787,6361,2023,1582823,2023/12/06 00:00:00+00,Diciembre,6,Miércoles,1899/12/30 00:00:00+00,09:20:00,9,REGION METROPOLITANA,SANTIAGO,COLISION PERPENDICULAR,COLISION,URBANA,TRAMO DE VIA RECTA,IMPRUDENCIA DEL CONDUCTOR,CONDUCCION CAMBIAR SORPRESIVAMENTE PISTA CIRCULACION,MANUEL RODRIGUEZ,LIBER BERNARDO O'HIGGINS,LIBER BERNARDO O'HIGGINS - MANUEL RODRIGUEZ,0, , ,BIDIRECCIONAL CON BANDEJON,ASFALTO,REGULAR,SECO,DESPEJADO,0,0,0,1,13,131,13101,Metropolitana de Santiago,Santiago,Santiago,Interseccion,"LIBER BERNARDO O'HIGGINS & MANUEL RODRIGUEZ, Santiago",-33.445985,-70.660773
-7874649.16277525,-3955222.22147154,6362,2023,1576730,2023/12/06 00:00:00+00,Diciembre,6,Miércoles,1899/12/30 00:00:00+00,14:40:00,14,REGION METROPOLITANA,LO PRADO,COLISION PERPENDICULAR,COLISION,URBANA,CRUCE CON SEMAFORO FUNCIONANDO,IMPRUDENCIA DEL CONDUCTOR,NO RESPETAR DERECHO PREFERENTE DE PASO A VEHICULO,TTE CRUZ,CORONA SUECA,CORONA SUECA - TTE CRUZ,0, , ,BIDIRECCIONAL CON BANDEJON,ASFALTO,BUENO,SECO,DESPEJADO,0,0,0,1,13,131,13117,Metropolitana de Santiago,Santiago,Lo Prado,Interseccion,"CORONA SUECA & TTE CRUZ, Lo Prado",-33.450261,-70.739177
-7859754.05830966,-3956144.31189956,6363,2023,1583488,2023/12/06 00:00:00+00,Diciembre,6,Miércoles,1899/12/30 00:00:00+00,17:00:00,17,REGION METROPOLITANA,ÑUÑOA,COLISION,COLISION,URBANA,CRUCE CON SEMAFORO FUNCIONANDO,IMPRUDENCIA DEL CONDUCTOR,CONDUCCION SIN MANTENER DISTANCIA RAZONABLE NI PRUDENTE,JOSE DOMINGO CAÑAS,PEDRO DE VALDIVIA,JOSE DOMINGO CAÑAS - PEDRO DE VALDIVIA,0, , ,BIDIRECCIONAL CON BANDEJON,CONCRETO,BUENO,SECO,DESPEJADO,0,0,0,1,13,131,13120,Metropolitana de Santiago,Santiago,Ñuñoa,Interseccion,"JOSE DOMINGO CAÑAS & PEDRO DE VALDIVIA, Ñuñoa",-33.457172,-70.605372
-8131669.94832973,-4414639.68110841,6364,2023,1577632,2023/12/06 00:00:00+00,Diciembre,6,Miércoles,1899/12/30 00:00:00+00,17:10:00,17,REGION BIO BIO,CONCEPCION,CHOQUE POSTERIOR,CHOQUE,URBANA,CRUCE CON SEMAFORO FUNCIONANDO,IMPRUDENCIA DEL CONDUCTOR,CONDUCCION NO ATENTO CONDICIONES TRANSITO MOMENTO,FREIRE,CASTELLON,CASTELLON - FREIRE,0, , ,UNIDIRECCIONAL,CONCRETO,BUENO,SECO,DESPEJADO,0,0,0,0,08,081,08101,Biobío,Concepción,Concepción,Interseccion,"CASTELLON & FREIRE, Concepción",-36.824264,-73.048034
-8118891.17628507,-5082184.75014192,6365,2023,1577965,2023/12/06 00:00:00+00,Diciembre,6,Miércoles,1899/12/30 00:00:00+00,17:45:00,17,REGION LOS LAGOS,PUERTO MONTT,CHOQUE FRENTE/POSTERIOR,CHOQUE,URBANA,CRUCE CON SEÑAL PARE,IMPRUDENCIA DEL CONDUCTOR,CONDUCCION NO ATENTO CONDICIONES TRANSITO MOMENTO,EGAÑA,DIAGONAL GERMANIA,DIAGONAL GERMANIA - EGAÑA,0, , ,BIDIRECCIONAL,CONCRETO,BUENO,SECO,DESPEJADO,0,0,0,0,10,101,10101,Los Lagos,Llanquihue,Puerto Montt,Interseccion,"DIAGONAL GERMANIA & EGAÑA, Puerto Montt",-41.471811,-72.93324
-7873927.47851644,-3966087.30521028,6366,2023,1583443,2023/12/06 00:00:00+00,Diciembre,6,Miércoles,1899/12/30 00:00:00+00,18:00:00,18,REGION METROPOLITANA,MAIPU,VOLCADURA,VOLCADURA,URBANA,TRAMO DE VIA RECTA,IMPRUDENCIA DEL CONDUCTOR,CONDUCCION NO ATENTO CONDICIONES TRANSITO MOMENTO,CAMINO A LONQUEN,LOS YACIMIENTOS,CAMINO A LONQUEN - LOS YACIMIENTOS,0, , ,BIDIRECCIONAL,CONCRETO,BUENO,SECO,DESPEJADO,0,1,0,0,13,131,13119,Metropolitana de Santiago,Santiago,Maipú,Interseccion,"CAMINO A LONQUEN & LOS YACIMIENTOS, Maipú",-33.531659,-70.732694
-7933540.73560633,-3895472.00492519,6367,2023,1576370,2023/12/06 00:00:00+00,Diciembre,6,Miércoles,1899/12/30 00:00:00+00,18:45:00,18,REGION VALPARAISO,LIMACHE,OTRO TIPO,OTRO TIPO,URBANA,TRAMO DE VIA RECTA,OTRAS CAUSAS,OTRAS CAUSAS,CONCEPCION,EL ALAMO,CONCEPCION - EL ALAMO,0, , ,BIDIRECCIONAL,ASFALTO,BUENO,SECO,DESPEJADO,0,0,0,1,05,058,05802,Valparaíso,Marga Marga,Limache,Interseccion,"CONCEPCION & EL ALAMO, Limache",-33.001266,-71.268209
-7965631.22816458,-3898189.83425804,6368,2023,1576609,2023/12/06 00:00:00+00,Diciembre,6,Miércoles,1899/12/30 00:00:00+00,18:55:00,18,REGION VALPARAISO,VIÑA DEL MAR,COLISION POR ALCANCE,COLISION,URBANA,TRAMO DE VIA RECTA,IMPRUDENCIA DEL CONDUCTOR,CONDUCCION NO ATENTO CONDICIONES TRANSITO MOMENTO,4 PONIENTE,1 NORTE,1 NORTE - 4 PONIENTE,0, , ,UNIDIRECCIONAL,CONCRETO,BUENO,SECO,DESPEJADO,0,1,0,0,05,051,05109,Valparaíso,Valparaíso,Viña del Mar,Interseccion,"1 NORTE & 4 PONIENTE, Viña del Mar",-33.021739,-71.556483
-7861023.06710885,-3961067.7255433,6369,2023,1577309,2023/12/06 00:00:00+00,Diciembre,6,Miércoles,1899/12/30 00:00:00+00,19:30:00,19,REGION METROPOLITANA,SAN JOAQUIN,COLISION LATERAL,COLISION,URBANA,CRUCE SIN SEÑALIZACION,IMPRUDENCIA DEL CONDUCTOR,CONDUCCION NO ATENTO CONDICIONES TRANSITO MOMENTO,VICUÑA MACKENNA,SANDINO,SANDINO - VICUÑA MACKENNA,0, , ,UNIDIRECCIONAL,ASFALTO,BUENO,SECO,DESPEJADO,0,0,0,0,13,131,13129,Metropolitana de Santiago,Santiago,San Joaquín,Interseccion,"SANDINO & VICUÑA MACKENNA, San Joaquín",-33.494063,-70.616772
-7861023.06710885,-3961067.7255433,6370,2023,1578106,2023/12/06 00:00:00+00,Diciembre,6,Miércoles,1899/12/30 00:00:00+00,19:30:00,19,REGION METROPOLITANA,SAN JOAQUIN,COLISION LATERAL,COLISION,URBANA,TRAMO DE VIA RECTA,IMPRUDENCIA DEL CONDUCTOR,CONDUCCION NO ATENTO CONDICIONES TRANSITO MOMENTO,VICUÑA MACKENNA,SANDINO,SANDINO - VICUÑA MACKENNA,0, , ,UNIDIRECCIONAL,ASFALTO,BUENO,SECO,DESPEJADO,0,0,0,0,13,131,13129,Metropolitana de Santiago,Santiago,San Joaquín,Interseccion,"SANDINO & VICUÑA MACKENNA, San Joaquín",-33.494063,-70.616772
-7873760.94455821,-4002970.1795594,6371,2023,1578589,2023/12/06 00:00:00+00,Diciembre,6,Miércoles,1899/12/30 00:00:00+00,21:50:00,21,REGION METROPOLITANA,PAINE,COLISION FRONTAL,COLISION,URBANA,TRAMO DE VIA RECTA,IMPRUDENCIA DEL CONDUCTOR,CONDUCCION NO ATENTO CONDICIONES TRANSITO MOMENTO,18 DE SEPTIEMBRE,BENITO DEL VILLAR,18 DE SEPTIEMBRE - BENITO DEL VILLAR,0, , ,BIDIRECCIONAL,ASFALTO,BUENO,SECO,DESPEJADO,0,0,0,0,13,134,13404,Metropolitana de Santiago,Maipo,Paine,Interseccion,"18 DE SEPTIEMBRE & BENITO DEL VILLAR, Paine",-33.807403,-70.731198
-7929735.83539989,-4159312.57928116,6372,2023,1576582,2023/12/06 00:00:00+00,Diciembre,6,Miércoles,1899/12/30 00:00:00+00,22:15:00,22,REGION MAULE,CURICO,COLISION LATERAL,COLISION,URBANA,CRUCE CON SEÑAL PARE,DESOBEDIENCIA A SEÑALIZACION,SEÑALIZACION DESOBEDECER SEÑAL PARE,MANSO DE VELASCO,CALLE CINCO,CALLE CINCO - MANSO DE VELASCO,0, , ,UNIDIRECCIONAL,CONCRETO,BUENO,SECO,DESPEJADO,0,0,0,2,07,073,07301,Maule,Curicó,Curicó,Interseccion,"CALLE CINCO & MANSO DE VELASCO, Curicó",-34.966375,-71.234029
-7831175.89602762,-3168665.07997541,6373,2023,1585082,2023/12/06 00:00:00+00,Diciembre,6,Miércoles,1899/12/30 00:00:00+00,23:30:00,23,REGION ATACAMA,COPIAPO,COLISION POR ALCANCE,COLISION,URBANA,TRAMO DE VIA RECTA,IMPRUDENCIA DEL CONDUCTOR,CONDUCCION SIN MANTENER DISTANCIA RAZONABLE NI PRUDENTE,ROMULO PEÑA,COPAYAPU,COPAYAPU - ROMULO PEÑA,0, , ,BIDIRECCIONAL,ASFALTO,BUENO,SECO,DESPEJADO,0,0,0,1,03,031,03101,Atacama,Copiapó,Copiapó,Interseccion,"COPAYAPU & ROMULO PEÑA, Copiapó",-27.361146,-70.34865
-7865483.78380914,-3952616.45572907,6374,2023,1576728,2023/12/07 00:00:00+00,Diciembre,7,Jueves,1899/12/30 00:00:00+00,00:16:00,0,REGION METROPOLITANA,INDEPENDENCIA,COLISION LATERAL,COLISION,URBANA,CRUCE CON SEMAFORO FUNCIONANDO,IMPRUDENCIA DEL CONDUCTOR,CONDUCCION CAMBIAR SORPRESIVAMENTE PISTA CIRCULACION,FERMIN VIVACETA,STA MARIA,FERMIN VIVACETA - STA MARIA,0, , ,BIDIRECCIONAL,ASFALTO,BUENO,SECO,DESPEJADO,0,0,0,1,13,131,13108,Metropolitana de Santiago,Santiago,Independencia,Interseccion,"FERMIN VIVACETA & STA MARIA, Independencia",-33.430728,-70.656843
-8026642.45779508,-4386658.19253817,6375,2023,1577152,2023/12/07 00:00:00+00,Diciembre,7,Jueves,1899/12/30 00:00:00+00,09:45:00,9,REGION ÑUBLE,CHILLAN,COLISION LATERAL,COLISION,URBANA,CRUCE CON SEMAFORO FUNCIONANDO,IMPRUDENCIA DEL CONDUCTOR,"ADELANTAMIENTO EN CRUCE, CURVA, CUESTA, PUENTE",ALONSO DE ERCILLA,HUAMBALI,ALONSO DE ERCILLA - HUAMBALI,0, , ,BIDIRECCIONAL,CONCRETO,BUENO,SECO,DESPEJADO,0,0,0,0,16,161,16101,Ñuble,Diguillín,Chillán,Interseccion,"ALONSO DE ERCILLA & HUAMBALI, Chillán",-36.62279,-72.104556
-7860665.33073758,-3871979.53304612,6376,2023,1576729,2023/12/07 00:00:00+00,Diciembre,7,Jueves,1899/12/30 00:00:00+00,12:10:00,12,REGION VALPARAISO,LOS ANDES,COLISION LATERAL,COLISION,URBANA,TRAMO DE VIA RECTA,IMPRUDENCIA DEL CONDUCTOR,CONDUCCION NO ATENTO CONDICIONES TRANSITO MOMENTO,SAN RAFAEL,LAS INDUSTRIAS,LAS INDUSTRIAS - SAN RAFAEL,0, , ,BIDIRECCIONAL,ASFALTO,BUENO,SECO,DESPEJADO,0,1,0,0,05,053,05301,Valparaíso,Los Andes,Los Andes,Interseccion,"LAS INDUSTRIAS & SAN RAFAEL, Los Andes",-32.824101,-70.613558
-7829186.70573821,-3171653.13728252,6377,2023,1585367,2023/12/07 00:00:00+00,Diciembre,7,Jueves,1899/12/30 00:00:00+00,15:10:00,15,REGION ATACAMA,COPIAPO,COLISION PERPENDICULAR,COLISION,URBANA,CRUCE CON SEÑAL CEDA EL PASO,VELOCIDAD IMPRUDENTE,VELOCIDAD NO RAZONABLE NI PRUDENTE,DEL RIO,ESTADIO,DEL RIO - ESTADIO,0, , ,BIDIRECCIONAL,ASFALTO,BUENO,SECO,DESPEJADO,0,0,0,1,03,031,03101,Atacama,Copiapó,Copiapó,Interseccion,"DEL RIO & ESTADIO, Copiapó",-27.384983,-70.330781
-7860729.55100748,-3953572.88889918,6378,2023,1577043,2023/12/07 00:00:00+00,Diciembre,7,Jueves,1899/12/30 00:00:00+00,17:50:00,17,REGION METROPOLITANA,PROVIDENCIA,COLISION LATERAL,COLISION,URBANA,CRUCE CON SEMAFORO FUNCIONANDO,IMPRUDENCIA DEL CONDUCTOR,CONDUCCION NO ATENTO CONDICIONES TRANSITO MOMENTO,POCURO,ANTONIO VARAS,ANTONIO VARAS - POCURO,0, , ,UNIDIRECCIONAL,ASFALTO,REGULAR,SECO,DESPEJADO,0,0,0,0,13,131,13123,Metropolitana de Santiago,Santiago,Providencia,Interseccion,"ANTONIO VARAS & POCURO, Providencia",-33.437898,-70.614135
-7858135.13895505,-3977140.40476157,6379,2023,1579259,2023/12/07 00:00:00+00,Diciembre,7,Jueves,1899/12/30 00:00:00+00,18:21:00,18,REGION METROPOLITANA,PUENTE ALTO,COLISION LATERAL,COLISION,URBANA,TRAMO DE VIA RECTA,IMPRUDENCIA DEL CONDUCTOR,VIRAJES INDEBIDOS,EJERCITO LIBERTADOR,EYZAGUIRRE,EJERCITO LIBERTADOR - EYZAGUIRRE,0, , ,BIDIRECCIONAL,ASFALTO,BUENO,SECO,DESPEJADO,0,0,0,0,13,132,13201,Metropolitana de Santiago,Cordillera,Puente Alto,Interseccion,"EJERCITO LIBERTADOR & EYZAGUIRRE, Puente Alto",-33.614387,-70.590829
-7861405.92823354,-3966112.94563772,6380,2023,1577329,2023/12/07 00:00:00+00,Diciembre,7,Jueves,1899/12/30 00:00:00+00,19:13:00,19,REGION METROPOLITANA,LA GRANJA,COLISION LATERAL,COLISION,URBANA,CRUCE CON SEÑAL PARE,DESOBEDIENCIA A SEÑALIZACION,SEÑALIZACION DESOBEDECER SEÑAL PARE,PARRAL,TOME,PARRAL - TOME,0, , ,BIDIRECCIONAL,ASFALTO,BUENO,SECO,DESPEJADO,0,1,0,0,13,131,13111,Metropolitana de Santiago,Santiago,La Granja,Interseccion,"PARRAL & TOME, La Granja",-33.531851,-70.620211
-8151963.53481576,-4845170.18613406,6381,2023,1577628,2023/12/07 00:00:00+00,Diciembre,7,Jueves,1899/12/30 00:00:00+00,22:40:00,22,REGION DE LOS RIOS,VALDIVIA,COLISION FRONTAL,COLISION,URBANA,TRAMO DE VIA RECTA,IMPRUDENCIA DEL CONDUCTOR,CONDUCCION NO ATENTO CONDICIONES TRANSITO MOMENTO,RENE SCHNEIDER,PEDRO MONTT,PEDRO MONTT - RENE SCHNEIDER,0, , ,BIDIRECCIONAL,CONCRETO,BUENO,SECO,DESPEJADO,0,0,0,0,14,141,14101,Los Ríos,Valdivia,Valdivia,Interseccion,"PEDRO MONTT & RENE SCHNEIDER, Valdivia",-39.856907,-73.230334
-7859366.34365517,-3873339.17557024,6382,2023,1576744,2023/12/07 00:00:00+00,Diciembre,7,Jueves,1899/12/30 00:00:00+00,23:20:00,23,REGION VALPARAISO,LOS ANDES,COLISION PERPENDICULAR,COLISION,URBANA,TRAMO DE VIA RECTA,ALCOHOL EN CONDUCTOR,CONDUCCION EN ESTADO DE EBRIEDAD,YERBAS BUENAS,LAS HERAS,LAS HERAS - YERBAS BUENAS,0, , ,BIDIRECCIONAL,ASFALTO,BUENO,SECO,DESPEJADO,0,0,0,1,05,053,05301,Valparaíso,Los Andes,Los Andes,Interseccion,"LAS HERAS & YERBAS BUENAS, Los Andes",-32.834364,-70.601889
-7859307.54470013,-3958737.24624421,6383,2023,1577892,2023/12/07 00:00:00+00,Diciembre,7,Jueves,1899/12/30 00:00:00+00,23:43:00,23,REGION METROPOLITANA,MACUL,COLISION LATERAL,COLISION,URBANA,TRAMO DE VIA RECTA,IMPRUDENCIA DEL CONDUCTOR,CONDUCCION NO ATENTO CONDICIONES TRANSITO MOMENTO,LOS ESPINOS,EXEQUIEL FERNANDEZ,EXEQUIEL FERNANDEZ - LOS ESPINOS,0, , ,BIDIRECCIONAL,ASFALTO,BUENO,SECO,DESPEJADO,0,0,0,2,13,131,13118,Metropolitana de Santiago,Santiago,Macul,Interseccion,"EXEQUIEL FERNANDEZ & LOS ESPINOS, Macul",-33.476603,-70.601361
-7865039.51881994,-3954471.7279432,6384,2023,1579686,2023/12/08 00:00:00+00,Diciembre,8,Viernes,1899/12/30 00:00:00+00,00:00:00,0,REGION METROPOLITANA,SANTIAGO,COLISION POR ALCANCE,COLISION,URBANA,CRUCE CON SEMAFORO FUNCIONANDO,IMPRUDENCIA DEL CONDUCTOR,CONDUCCION NO ATENTO CONDICIONES TRANSITO MOMENTO,LIBER BERNARDO O'HIGGINS,MORANDE,LIBER BERNARDO O'HIGGINS - MORANDE,0, , ,BIDIRECCIONAL CON BANDEJON,ASFALTO,BUENO,SECO,DESPEJADO,0,1,0,1,13,131,13101,Metropolitana de Santiago,Santiago,Santiago,Interseccion,"LIBER BERNARDO O'HIGGINS & MORANDE, Santiago",-33.444636,-70.652852
-7929316.27227248,-4159565.78825568,6385,2023,1577138,2023/12/08 00:00:00+00,Diciembre,8,Viernes,1899/12/30 00:00:00+00,00:10:00,0,REGION MAULE,CURICO,COLISION LATERAL,COLISION,URBANA,CRUCE CON SEMAFORO FUNCIONANDO,IMPRUDENCIA DEL CONDUCTOR,CONDUCCION NO ATENTO CONDICIONES TRANSITO MOMENTO,JUAN LUIS DIEZ,EL QUILLAY,EL QUILLAY - JUAN LUIS DIEZ,0, , ,BIDIRECCIONAL,ASFALTO,REGULAR,SECO,DESPEJADO,0,0,0,1,07,073,07301,Maule,Curicó,Curicó,Interseccion,"EL QUILLAY & JUAN LUIS DIEZ, Curicó",-34.968239,-71.23026
-7856128.93909197,-3947314.55329809,6386,2023,1579136,2023/12/08 00:00:00+00,Diciembre,8,Viernes,1899/12/30 00:00:00+00,05:00:00,5,REGION METROPOLITANA,VITACURA,CHOQUE FRONTAL,CHOQUE,URBANA,ROTONDA,IMPRUDENCIA DEL CONDUCTOR,CONDUCCION NO ATENTO CONDICIONES TRANSITO MOMENTO,IRENE FREI,VITACURA,IRENE FREI - VITACURA,0, , ,UNIDIRECCIONAL,ASFALTO,BUENO,SECO,DESPEJADO,0,1,0,0,13,131,13132,Metropolitana de Santiago,Santiago,Vitacura,Interseccion,"IRENE FREI & VITACURA, Vitacura",-33.390971,-70.572807
-7865677.81369273,-3952731.9705071,6387,2023,1577925,2023/12/08 00:00:00+00,Diciembre,8,Viernes,1899/12/30 00:00:00+00,08:50:00,8,REGION METROPOLITANA,SANTIAGO,COLISION POR ALCANCE,COLISION,URBANA,TRAMO DE VIA RECTA,IMPRUDENCIA DEL CONDUCTOR,CONDUCCION CAMBIAR SORPRESIVAMENTE PISTA CIRCULACION,PDTE BALMACEDA,SAN MARTIN,PDTE BALMACEDA - SAN MARTIN,0, , ,UNIDIRECCIONAL,ASFALTO,BUENO,SECO,DESPEJADO,0,0,0,1,13,131,13101,Metropolitana de Santiago,Santiago,Santiago,Interseccion,"PDTE BALMACEDA & SAN MARTIN, Santiago",-33.431594,-70.658586
-7872585.04336998,-3862654.01531609,6388,2023,1578158,2023/12/08 00:00:00+00,Diciembre,8,Viernes,1899/12/30 00:00:00+00,11:50:00,11,REGION VALPARAISO,SAN FELIPE,COLISION,COLISION,URBANA,CRUCE CON SEMAFORO FUNCIONANDO,IMPRUDENCIA DEL CONDUCTOR,CONDUCCION NO ATENTO CONDICIONES TRANSITO MOMENTO,YUNGAY,FREIRE,FREIRE - YUNGAY,0, , ,BIDIRECCIONAL CON BANDEJON,CONCRETO,BUENO,SECO,DESPEJADO,0,0,0,0,05,057,05701,Valparaíso,San Felipe de Aconcagua,San Felipe,Interseccion,"FREIRE & YUNGAY, San Felipe",-32.753676,-70.720635
-7852799.81840031,-3945928.03337571,6389,2023,1579137,2023/12/08 00:00:00+00,Diciembre,8,Viernes,1899/12/30 00:00:00+00,14:00:00,14,REGION METROPOLITANA,VITACURA,COLISION LATERAL,COLISION,URBANA,CRUCE CON SEMAFORO FUNCIONANDO,IMPRUDENCIA DEL CONDUCTOR,CONDUCCION NO ATENTO CONDICIONES TRANSITO MOMENTO,VITACURA,LA AURORA,LA AURORA - VITACURA,0, , ,BIDIRECCIONAL CON BANDEJON,ASFALTO,BUENO,SECO,DESPEJADO,0,1,0,0,13,131,13132,Metropolitana de Santiago,Santiago,Vitacura,Interseccion,"LA AURORA & VITACURA, Vitacura",-33.380571,-70.542901
-7878269.27774768,-3966871.21904701,6390,2023,1583482,2023/12/08 00:00:00+00,Diciembre,8,Viernes,1899/12/30 00:00:00+00,15:10:00,15,REGION METROPOLITANA,MAIPU,CHOQUE FRENTE/POSTERIOR,CHOQUE,URBANA,CRUCE CON SEMAFORO FUNCIONANDO,IMPRUDENCIA DEL CONDUCTOR,CONDUCCION SIN MANTENER DISTANCIA RAZONABLE NI PRUDENTE,CAMINO A MELIPILLA,SAN JUAN DE CHENA,CAMINO A MELIPILLA - SAN JUAN DE CHENA,0, , ,BIDIRECCIONAL,CONCRETO,BUENO,SECO,DESPEJADO,0,0,0,0,13,131,13119,Metropolitana de Santiago,Santiago,Maipú,Interseccion,"CAMINO A MELIPILLA & SAN JUAN DE CHENA, Maipú",-33.537529,-70.771697
-7873261.78796149,-3948759.11019474,6391,2023,1581595,2023/12/08 00:00:00+00,Diciembre,8,Viernes,1899/12/30 00:00:00+00,17:20:00,17,REGION METROPOLITANA,RENCA,COLISION,COLISION,URBANA,TRAMO DE VIA RECTA,IMPRUDENCIA DEL CONDUCTOR,CONDUCCION NO ATENTO CONDICIONES TRANSITO MOMENTO,JOSE MANUEL BALMACEDA,LOS ANDES,JOSE MANUEL BALMACEDA - LOS ANDES,0, , ,UNIDIRECCIONAL,ASFALTO,BUENO,SECO,DESPEJADO,0,0,0,0,13,131,13128,Metropolitana de Santiago,Santiago,Renca,Interseccion,"JOSE MANUEL BALMACEDA & LOS ANDES, Renca",-33.401805,-70.726714
-8078040.89305075,-4682169.1792868,6392,2023,1576850,2023/12/08 00:00:00+00,Diciembre,8,Viernes,1899/12/30 00:00:00+00,18:10:00,18,REGION ARAUCANIA,TEMUCO,COLISION LATERAL,COLISION,URBANA,TRAMO DE VIA RECTA,IMPRUDENCIA DEL CONDUCTOR,CONDUCCION NO ATENTO CONDICIONES TRANSITO MOMENTO,ZIEM,PEDRO CORTES,PEDRO CORTES - ZIEM,0, , ,UNIDIRECCIONAL,CONCRETO,BUENO,SECO,DESPEJADO,0,0,0,1,09,091,09101,La Araucanía,Cautín,Temuco,Interseccion,"PEDRO CORTES & ZIEM, Temuco",-38.723688,-72.566276
-7825384.76668588,-2094253.39803333,6393,2023,1577793,2023/12/08 00:00:00+00,Diciembre,8,Viernes,1899/12/30 00:00:00+00,18:50:00,18,REGION ARICA Y PARINACOTA,ARICA,VOLCADURA,VOLCADURA,URBANA,CRUCE CON SEÑAL PARE,DESOBEDIENCIA A SEÑALIZACION,SEÑALIZACION DESOBEDECER SEÑAL PARE,JUAN ANTONIO RIOS,TUCAPEL,JUAN ANTONIO RIOS - TUCAPEL,0, , ,BIDIRECCIONAL,ASFALTO,BUENO,SECO,DESPEJADO,0,0,0,1,15,151,15101,Arica y Parinacota,Arica,Arica,Interseccion,"JUAN ANTONIO RIOS & TUCAPEL, Arica",-18.483787,-70.296627
-7872648.97416468,-3944054.2285643,6394,2023,1576856,2023/12/08 00:00:00+00,Diciembre,8,Viernes,1899/12/30 00:00:00+00,21:20:00,21,REGION METROPOLITANA,QUILICURA,COLISION POR ALCANCE,COLISION,URBANA,TRAMO DE VIA RECTA,IMPRUDENCIA DEL CONDUCTOR,CONDUCCION NO ATENTO CONDICIONES TRANSITO MOMENTO,MANUEL ANTONIO MATTA,LO CRUZAT,LO CRUZAT - MANUEL ANTONIO MATTA,0, , ,BIDIRECCIONAL,ASFALTO,BUENO,SECO,DESPEJADO,0,0,0,0,13,131,13125,Metropolitana de Santiago,Santiago,Quilicura,Interseccion,"LO CRUZAT & MANUEL ANTONIO MATTA, Quilicura",-33.366514,-70.721209
-7878171.75674191,-3964716.42650531,6395,2023,1581740,2023/12/08 00:00:00+00,Diciembre,8,Viernes,1899/12/30 00:00:00+00,23:50:00,23,REGION METROPOLITANA,MAIPU,VOLCADURA,VOLCADURA,URBANA,TRAMO DE VIA RECTA,IMPRUDENCIA DEL CONDUCTOR,CONDUCCION NO ATENTO CONDICIONES TRANSITO MOMENTO,SUR,DEL REY,DEL REY - SUR,0, , ,BIDIRECCIONAL,ASFALTO,BUENO,SECO,DESPEJADO,0,1,0,0,13,131,13119,Metropolitana de Santiago,Santiago,Maipú,Interseccion,"DEL REY & SUR, Maipú",-33.521393,-70.770821
-7861084.10358565,-3960738.78134047,6396,2023,1583487,2023/12/09 00:00:00+00,Diciembre,9,Sábado,1899/12/30 00:00:00+00,10:00:00,10,REGION METROPOLITANA,MACUL,COLISION LATERAL,COLISION,URBANA,CRUCE CON SEMAFORO FUNCIONANDO,IMPRUDENCIA DEL CONDUCTOR,CONDUCCION NO ATENTO CONDICIONES TRANSITO MOMENTO,ESC AGRICOLA,VICUÑA MACKENNA,ESC AGRICOLA - VICUÑA MACKENNA,0, , ,BIDIRECCIONAL CON BANDEJON,CONCRETO,BUENO,SECO,DESPEJADO,0,1,0,0,13,131,13118,Metropolitana de Santiago,Santiago,Macul,Interseccion,"ESC AGRICOLA & VICUÑA MACKENNA, Macul",-33.491599,-70.61732
-7925992.43930116,-3860557.88505458,6397,2023,1577535,2023/12/09 00:00:00+00,Diciembre,9,Sábado,1899/12/30 00:00:00+00,13:00:00,13,REGION VALPARAISO,NOGALES,COLISION LATERAL,COLISION,URBANA,CRUCE CON SEÑAL PARE,IMPRUDENCIA DEL CONDUCTOR,ADELANTAMIENTO SOBREPASANDO LINEA CONTINUA,PEDRO FELIX VICUÑA,JOSE CORTES,JOSE CORTES - PEDRO FELIX VICUÑA,0, , ,BIDIRECCIONAL,ASFALTO,BUENO,SECO,DESPEJADO,0,0,0,0,05,055,05506,Valparaíso,Quillota,Nogales,Interseccion,"JOSE CORTES & PEDRO FELIX VICUÑA, Nogales",-32.737839,-71.200402