X,Y,FID,Año,IdAccident,Fecha,Mes,Dia_mes,Dia_semana,Hora,Hora_texto,Hora_aprox,Región,Comuna,Tipo_Accid,Tipo__CONA,Zona,Ubicación,Causa__CON,Causa_Acci,Calle_Uno,Calle_Dos,Intersecci,Número,Ruta,Ubicaci_1,Calzada,Tipo_Calza,Estado_Cal,Condición,Estado_Atm,Fallecidos,Graves,Menos_Grav,Leves,CUT_REG,CUT_PROV,CUT_COM,REGION,PROVINCIA,COMUNA1,Tipo_direc,Direccion,Lat,Lon
-8121513.49194823,-4386747.23959618,6398,2023,1576858,2023/12/09 00:00:00+00,Diciembre,9,Sábado,1899/12/30 00:00:00+00,14:10:00,14,REGION BIO BIO,TOME,COLISION POR ALCANCE,COLISION,URBANA,CRUCE CON SEMAFORO FUNCIONANDO,IMPRUDENCIA DEL CONDUCTOR,CONDUCCION SIN MANTENER DISTANCIA RAZONABLE NI PRUDENTE,LATORRE,LOS SUSPIROS,LATORRE - LOS SUSPIROS,0, , ,BIDIRECCIONAL CON BANDEJON,CONCRETO,BUENO,SECO,DESPEJADO,0,0,0,1,08,081,08111,Biobío,Concepción,Tomé,Interseccion,"LATORRE & LOS SUSPIROS, Tomé",-36.623432,-72.956797
-7869978.64221953,-3955918.81924488,6399,2023,1577519,2023/12/09 00:00:00+00,Diciembre,9,Sábado,1899/12/30 00:00:00+00,16:30:00,16,REGION METROPOLITANA,ESTACION CENTRAL,COLISION LATERAL,COLISION,URBANA,CRUCE CON SEMAFORO FUNCIONANDO,IMPRUDENCIA DEL CONDUCTOR,CONDUCCION NO ATENTO CONDICIONES TRANSITO MOMENTO,LIBER BERNARDO O'HIGGINS,GRAL AMENGUAL,GRAL AMENGUAL - LIBER BERNARDO O'HIGGINS,0, , ,BIDIRECCIONAL CON BANDEJON,ASFALTO,BUENO,SECO,DESPEJADO,0,0,0,1,13,131,13106,Metropolitana de Santiago,Santiago,Estación Central,Interseccion,"GRAL AMENGUAL & LIBER BERNARDO O'HIGGINS, Estación Central",-33.455482,-70.697221
-7803806.10678475,-2304127.37758292,6400,2023,1577967,2023/12/09 00:00:00+00,Diciembre,9,Sábado,1899/12/30 00:00:00+00,17:30:00,17,REGION TARAPACA,ALTO HOSPICIO,CHOQUE,CHOQUE,URBANA,TRAMO DE VIA RECTA,IMPRUDENCIA DEL CONDUCTOR,CONDUCCION NO ATENTO CONDICIONES TRANSITO MOMENTO,LOS GUINDALES,LOS PARRONES,LOS GUINDALES - LOS PARRONES,0, , ,UNIDIRECCIONAL,ASFALTO,BUENO,SECO,DESPEJADO,0,0,1,0,01,011,01107,Tarapacá,Iquique,Alto Hospicio,Interseccion,"LOS GUINDALES & LOS PARRONES, Alto Hospicio",-20.262278,-70.102783
-8137080.18690178,-4409408.1787371,6401,2023,1576955,2023/12/09 00:00:00+00,Diciembre,9,Sábado,1899/12/30 00:00:00+00,17:50:00,17,REGION BIO BIO,HUALPEN,COLISION,COLISION,URBANA,CRUCE CON SEÑAL CEDA EL PASO,IMPRUDENCIA DEL CONDUCTOR,CONDUCCION NO ATENTO CONDICIONES TRANSITO MOMENTO,GRECIA,SUECIA,GRECIA - SUECIA,0, , ,BIDIRECCIONAL,CONCRETO,BUENO,SECO,DESPEJADO,0,0,0,1,08,081,08112,Biobío,Concepción,Hualpén,Interseccion,"GRECIA & SUECIA, Hualpén",-36.786636,-73.096635
-7876832.2493092,-3965699.3671491,6402,2023,1579424,2023/12/09 00:00:00+00,Diciembre,9,Sábado,1899/12/30 00:00:00+00,17:50:00,17,REGION METROPOLITANA,MAIPU,COLISION POR ALCANCE,COLISION,URBANA,CRUCE CON SEMAFORO FUNCIONANDO,IMPRUDENCIA DEL CONDUCTOR,CONDUCCION CAMBIAR SORPRESIVAMENTE PISTA CIRCULACION,CAMINO A MELIPILLA,STA MARTA,CAMINO A MELIPILLA - STA MARTA,0, , ,BIDIRECCIONAL CON BANDEJON,CONCRETO,REGULAR,SECO,DESPEJADO,0,0,0,1,13,131,13119,Metropolitana de Santiago,Santiago,Maipú,Interseccion,"CAMINO A MELIPILLA & STA MARTA, Maipú",-33.528754,-70.758788
-7872499.13809667,-4036996.98904034,6403,2023,1585044,2023/12/09 00:00:00+00,Diciembre,9,Sábado,1899/12/30 00:00:00+00,19:00:00,19,REGION LIB.B.O'HIGGINS,GRANEROS,OTRO TIPO,OTRO TIPO,URBANA,TRAMO DE VIA RECTA,OTRAS CAUSAS,OTRAS CAUSAS,CAMINO VECINAL,ANTONIO VARAS,ANTONIO VARAS - CAMINO VECINAL,0, , ,BIDIRECCIONAL,CONCRETO,BUENO,SECO,DESPEJADO,0,0,0,0,06,061,06106,Libertador General Bernardo O'Higgins,Cachapoal,Graneros,Interseccion,"ANTONIO VARAS & CAMINO VECINAL, Graneros",-34.061009,-70.719863
-7866837.76278679,-3962784.57299091,6404,2023,1581991,2023/12/09 00:00:00+00,Diciembre,9,Sábado,1899/12/30 00:00:00+00,20:00:00,20,REGION METROPOLITANA,SAN MIGUEL,COLISION POR ALCANCE,COLISION,URBANA,TRAMO DE VIA RECTA,IMPRUDENCIA DEL CONDUCTOR,CONDUCCION NO ATENTO CONDICIONES TRANSITO MOMENTO,JOSE JOAQUIN PRIETO VIAL,SEPTIMA AVENIDA,JOSE JOAQUIN PRIETO VIAL - SEPTIMA AVENIDA,0, , ,UNIDIRECCIONAL,ASFALTO,BUENO,SECO,DESPEJADO,0,1,0,1,13,131,13130,Metropolitana de Santiago,Santiago,San Miguel,Interseccion,"JOSE JOAQUIN PRIETO VIAL & SEPTIMA AVENIDA, San Miguel",-33.506924,-70.669006
-8029132.22952616,-4385241.30673532,6405,2023,1577159,2023/12/09 00:00:00+00,Diciembre,9,Sábado,1899/12/30 00:00:00+00,21:20:00,21,REGION ÑUBLE,CHILLAN,COLISION LATERAL,COLISION,URBANA,TRAMO DE VIA RECTA,IMPRUDENCIA DEL CONDUCTOR,"ADELANTAMIENTO EN CRUCE, CURVA, CUESTA, PUENTE",MARISCAL RUIZ DE GAMBOA,LOS CORREGIDORES,LOS CORREGIDORES - MARISCAL RUIZ DE GAMBOA,0, , ,BIDIRECCIONAL CON BANDEJON,CONCRETO,BUENO,SECO,DESPEJADO,0,0,0,2,16,161,16101,Ñuble,Diguillín,Chillán,Interseccion,"LOS CORREGIDORES & MARISCAL RUIZ DE GAMBOA, Chillán",-36.612574,-72.126922
-7807788.56153448,-2300896.59482683,6406,2023,1578909,2023/12/09 00:00:00+00,Diciembre,9,Sábado,1899/12/30 00:00:00+00,22:08:00,22,REGION TARAPACA,IQUIQUE,COLISION,COLISION,URBANA,TRAMO DE VIA RECTA,IMPRUDENCIA DEL CONDUCTOR,ADELANTAMIENTO SIN EL ESPACIO O TIEMPO SUFICIENTE,GENARO GALLO,MARGARITA,GENARO GALLO - MARGARITA,0, , ,UNIDIRECCIONAL,ASFALTO,BUENO,SECO,DESPEJADO,0,0,0,0,01,011,01101,Tarapacá,Iquique,Iquique,Interseccion,"GENARO GALLO & MARGARITA, Iquique",-20.235049,-70.138558
-7856116.02603104,-3955990.60282023,6407,2023,1580760,2023/12/09 00:00:00+00,Diciembre,9,Sábado,1899/12/30 00:00:00+00,22:20:00,22,REGION METROPOLITANA,ÑUÑOA,COLISION,COLISION,URBANA,CRUCE CON SEMAFORO FUNCIONANDO,IMPRUDENCIA DEL CONDUCTOR,CONDUCCION NO ATENTO CONDICIONES TRANSITO MOMENTO,AMERICO VESPUCIO,FRANCISCO DE VILLAGRA,AMERICO VESPUCIO - FRANCISCO DE VILLAGRA,0, , ,BIDIRECCIONAL CON BANDEJON,CONCRETO,BUENO,SECO,DESPEJADO,0,1,0,0,13,131,13120,Metropolitana de Santiago,Santiago,Ñuñoa,Interseccion,"AMERICO VESPUCIO & FRANCISCO DE VILLAGRA, Ñuñoa",-33.45602,-70.572691
-7879684.81126077,-3955041.04087491,6408,2023,1583350,2023/12/10 00:00:00+00,Diciembre,10,Domingo,1899/12/30 00:00:00+00,00:00:00,0,REGION METROPOLITANA,PUDAHUEL,COLISION FRONTAL,COLISION,URBANA,CRUCE SIN SEÑALIZACION,IMPRUDENCIA DEL CONDUCTOR,CONDUCCION CAMBIAR SORPRESIVAMENTE PISTA CIRCULACION,OCEANIA,CAMINO PEDRO JORQUERA,CAMINO PEDRO JORQUERA - OCEANIA,0, , ,BIDIRECCIONAL,ASFALTO,BUENO,SECO,DESPEJADO,0,0,0,1,13,131,13124,Metropolitana de Santiago,Santiago,Pudahuel,Interseccion,"CAMINO PEDRO JORQUERA & OCEANIA, Pudahuel",-33.448903,-70.784413
-7875347.24724635,-4004431.51144242,6409,2023,1578619,2023/12/10 00:00:00+00,Diciembre,10,Domingo,1899/12/30 00:00:00+00,07:40:00,7,REGION METROPOLITANA,PAINE,CHOQUE POSTERIOR/FRENTE,CHOQUE,URBANA,TRAMO DE VIA RECTA,IMPRUDENCIA DEL CONDUCTOR,CONDUCCION NO ATENTO CONDICIONES TRANSITO MOMENTO,GILDA DIAZ,CALETERA ORIENTE,CALETERA ORIENTE - GILDA DIAZ,0, , ,BIDIRECCIONAL,ASFALTO,BUENO,SECO,DESPEJADO,0,0,0,1,13,134,13404,Metropolitana de Santiago,Maipo,Paine,Interseccion,"CALETERA ORIENTE & GILDA DIAZ, Paine",-33.81831,-70.745448
-7930854.68543814,-3879627.7919787,6410,2023,1576716,2023/12/10 00:00:00+00,Diciembre,10,Domingo,1899/12/30 00:00:00+00,08:00:00,8,REGION VALPARAISO,QUILLOTA,COLISION,COLISION,URBANA,TRAMO DE VIA RECTA,IMPRUDENCIA DEL CONDUCTOR,CONDUCCION NO ATENTO CONDICIONES TRANSITO MOMENTO,BLANCO ENCALADA,PUDETO,BLANCO ENCALADA - PUDETO,0, , ,UNIDIRECCIONAL,ASFALTO,BUENO,SECO,DESPEJADO,0,0,0,0,05,055,05501,Valparaíso,Quillota,Quillota,Interseccion,"BLANCO ENCALADA & PUDETO, Quillota",-32.881818,-71.24408
-7925254.5580453,-3868160.24036753,6411,2023,1577371,2023/12/10 00:00:00+00,Diciembre,10,Domingo,1899/12/30 00:00:00+00,13:30:00,13,REGION VALPARAISO,QUILLOTA,COLISION LATERAL,COLISION,URBANA,CRUCE CON SEÑAL PARE,DESOBEDIENCIA A SEÑALIZACION,SEÑALIZACION DESOBEDECER SEÑAL PARE,PEDRO AGUIRRE CERDA,CALETERA CUATRO,CALETERA CUATRO - PEDRO AGUIRRE CERDA,0, , ,UNIDIRECCIONAL,ASFALTO,BUENO,SECO,DESPEJADO,0,1,0,0,05,055,05501,Valparaíso,Quillota,Quillota,Interseccion,"CALETERA CUATRO & PEDRO AGUIRRE CERDA, Quillota",-32.795265,-71.193773
-7864037.52099589,-3945413.72998147,6412,2023,1579188,2023/12/10 00:00:00+00,Diciembre,10,Domingo,1899/12/30 00:00:00+00,13:45:00,13,REGION METROPOLITANA,HUECHURABA,COLISION,COLISION,URBANA,TRAMO DE VIA RECTA,IMPRUDENCIA DEL CONDUCTOR,CONDUCCION NO ATENTO CONDICIONES TRANSITO MOMENTO,PEDRO AGUIRRE CERDA,JOSE JOAQUIN AGUIRRE LUCO,JOSE JOAQUIN AGUIRRE LUCO - PEDRO AGUIRRE CERDA,0, , ,BIDIRECCIONAL,ASFALTO,BUENO,SECO,DESPEJADO,0,0,0,0,13,131,13107,Metropolitana de Santiago,Santiago,Huechuraba,Interseccion,"JOSE JOAQUIN AGUIRRE LUCO & PEDRO AGUIRRE CERDA, Huechuraba",-33.376713,-70.643851
-7936055.99948968,-3497483.13741102,6413,2023,1577884,2023/12/10 00:00:00+00,Diciembre,10,Domingo,1899/12/30 00:00:00+00,16:30:00,16,REGION COQUIMBO,COQUIMBO,CHOQUE FRENTE/POSTERIOR,CHOQUE,URBANA,CRUCE CON SEÑAL PARE,IMPRUDENCIA DEL CONDUCTOR,CONDUCCION NO ATENTO CONDICIONES TRANSITO MOMENTO,LAS PARCELAS,LOS JARDINES,LAS PARCELAS - LOS JARDINES,0, , ,UNIDIRECCIONAL,ASFALTO,BUENO,SECO,DESPEJADO,0,0,0,0,04,041,04102,Coquimbo,Elqui,Coquimbo,Interseccion,"LAS PARCELAS & LOS JARDINES, Coquimbo",-29.952792,-71.290804
-7970432.57147494,-4279507.74109627,6414,2023,1577088,2023/12/10 00:00:00+00,Diciembre,10,Domingo,1899/12/30 00:00:00+00,17:00:00,17,REGION MAULE,LINARES,COLISION POR ALCANCE,COLISION,URBANA,CRUCE CON SEÑAL PARE,IMPRUDENCIA DEL CONDUCTOR,CONDUCCION SIN MANTENER DISTANCIA RAZONABLE NI PRUDENTE,CIRCUNVALACION NORTE,JAIME LABRANA,CIRCUNVALACION NORTE - JAIME LABRANA,0, , ,BIDIRECCIONAL,ASFALTO,BUENO,SECO,DESPEJADO,0,0,1,0,07,074,07401,Maule,Linares,Linares,Interseccion,"CIRCUNVALACION NORTE & JAIME LABRANA, Linares",-35.846407,-71.599614
-8094276.95209131,-4552007.64417287,6415,2023,1576749,2023/12/10 00:00:00+00,Diciembre,10,Domingo,1899/12/30 00:00:00+00,18:00:00,18,REGION ARAUCANIA,ANGOL,COLISION FRONTAL,COLISION,URBANA,CRUCE CON SEÑAL PARE,VELOCIDAD IMPRUDENTE,VELOCIDAD NO RAZONABLE NI PRUDENTE,EL ROSARIO,NAHUELBUTA,EL ROSARIO - NAHUELBUTA,0, , ,BIDIRECCIONAL,CONCRETO,BUENO,SECO,DESPEJADO,0,0,0,0,09,092,09201,La Araucanía,Malleco,Angol,Interseccion,"EL ROSARIO & NAHUELBUTA, Angol",-37.805655,-72.712127
-7972343.96054997,-4277352.30352574,6416,2023,1577083,2023/12/10 00:00:00+00,Diciembre,10,Domingo,1899/12/30 00:00:00+00,19:00:00,19,REGION MAULE,LINARES,VOLCADURA,VOLCADURA,URBANA,CRUCE CON SEÑAL PARE,VELOCIDAD IMPRUDENTE,VELOCIDAD NO RAZONABLE NI PRUDENTE,CIRCUNVALACION NORTE,VILLA JERUSALEN,CIRCUNVALACION NORTE - VILLA JERUSALEN,0, , ,BIDIRECCIONAL,ASFALTO,BUENO,SECO,DESPEJADO,0,0,0,2,07,074,07401,Maule,Linares,Linares,Interseccion,"CIRCUNVALACION NORTE & VILLA JERUSALEN, Linares",-35.83071,-71.616784
-8143369.7381316,-4449889.26637,6417,2023,1577484,2023/12/10 00:00:00+00,Diciembre,10,Domingo,1899/12/30 00:00:00+00,20:50:00,20,REGION BIO BIO,LOTA,COLISION LATERAL,COLISION,URBANA,CRUCE CON SEÑAL PARE,DESOBEDIENCIA A SEÑALIZACION,SEÑALIZACION DESOBEDECER SEÑAL PARE,FERNANDO MAIRA,VISTA HERMOSA,FERNANDO MAIRA - VISTA HERMOSA,0, , ,BIDIRECCIONAL,ASFALTO,BUENO,SECO,DESPEJADO,0,0,0,3,08,081,08106,Biobío,Concepción,Lota,Interseccion,"FERNANDO MAIRA & VISTA HERMOSA, Lota",-37.077317,-73.153135
-7670473.63193167,-2564893.4097637,6418,2023,1576939,2023/12/11 00:00:00+00,Diciembre,11,Lunes,1899/12/30 00:00:00+00,00:15:00,0,REGION ANTOFAGASTA,CALAMA,COLISION,COLISION,URBANA,CRUCE CON SEMAFORO FUNCIONANDO,DESOBEDIENCIA A SEÑALIZACION,SEÑALIZACION DESOBEDECER LUZ ROJA DE SEMAFORO,ALMIRANTE GRAU,OLEGARIO BARRERA,ALMIRANTE GRAU - OLEGARIO BARRERA,0, , ,BIDIRECCIONAL,ASFALTO,BUENO,SECO,DESPEJADO,0,0,1,0,02,022,02201,Antofagasta,El Loa,Calama,Interseccion,"ALMIRANTE GRAU & OLEGARIO BARRERA, Calama",-22.443805,-68.905037
-8010926.48340437,-4762315.80231827,6419,2023,1576999,2023/12/11 00:00:00+00,Diciembre,11,Lunes,1899/12/30 00:00:00+00,05:50:00,5,REGION ARAUCANIA,PUCON,VOLCADURA,VOLCADURA,URBANA,ROTONDA,VELOCIDAD IMPRUDENTE,VELOCIDAD NO RAZONABLE NI PRUDENTE,VARIANTE INTERNACIONAL,CAUPOLICAN,CAUPOLICAN - VARIANTE INTERNACIONAL,0, , ,BIDIRECCIONAL,ASFALTO,BUENO,SECO,DESPEJADO,1,0,0,0,09,091,09115,La Araucanía,Cautín,Pucón,Interseccion,"CAUPOLICAN & VARIANTE INTERNACIONAL, Pucón",-39.283177,-71.963377
-7941158.43972534,-3497023.57420533,6420,2023,1577888,2023/12/11 00:00:00+00,Diciembre,11,Lunes,1899/12/30 00:00:00+00,08:20:00,8,REGION COQUIMBO,COQUIMBO,CHOQUE LATERAL,CHOQUE,URBANA,TRAMO DE VIA RECTA,IMPRUDENCIA DEL CONDUCTOR,CONDUCCION NO ATENTO CONDICIONES TRANSITO MOMENTO,COSTANERA,ARGANDOÑA,ARGANDOÑA - COSTANERA,0, , ,BIDIRECCIONAL CON BANDEJON,ASFALTO,BUENO,SECO,DESPEJADO,0,0,1,0,04,041,04102,Coquimbo,Elqui,Coquimbo,Interseccion,"ARGANDOÑA & COSTANERA, Coquimbo",-29.949215,-71.33664
-7862820.79896152,-3954150.78892201,6421,2023,1578999,2023/12/11 00:00:00+00,Diciembre,11,Lunes,1899/12/30 00:00:00+00,08:50:00,8,REGION METROPOLITANA,PROVIDENCIA,COLISION LATERAL,COLISION,URBANA,CRUCE CON SEMAFORO FUNCIONANDO,IMPRUDENCIA DEL CONDUCTOR,CONDUCCION CAMBIAR SORPRESIVAMENTE PISTA CIRCULACION,VICUÑA MACKENNA,MARIN,MARIN - VICUÑA MACKENNA,0, , ,BIDIRECCIONAL,ASFALTO,REGULAR,SECO,DESPEJADO,0,1,0,0,13,131,13123,Metropolitana de Santiago,Santiago,Providencia,Interseccion,"MARIN & VICUÑA MACKENNA, Providencia",-33.44223,-70.632921
-7973844.30379674,-4223372.75943104,6422,2023,1578421,2023/12/11 00:00:00+00,Diciembre,11,Lunes,1899/12/30 00:00:00+00,09:30:00,9,REGION MAULE,TALCA,COLISION LATERAL,COLISION,URBANA,CRUCE CON SEÑAL PARE,DESOBEDIENCIA A SEÑALIZACION,SEÑALIZACION DESOBEDECER SEÑAL PARE,30 ORIENTE,4 SUR,30 ORIENTE - 4 SUR,0, , ,BIDIRECCIONAL CON BANDEJON,ASFALTO,BUENO,SECO,DESPEJADO,0,0,0,0,07,071,07101,Maule,Talca,Talca,Interseccion,"30 ORIENTE & 4 SUR, Talca",-35.4366,-71.630262
-8029371.34379239,-4386467.06292526,6423,2023,1582459,2023/12/11 00:00:00+00,Diciembre,11,Lunes,1899/12/30 00:00:00+00,11:30:00,11,REGION ÑUBLE,CHILLAN VIEJO,COLISION PERPENDICULAR,COLISION,URBANA,CRUCE CON SEÑAL CEDA EL PASO,IMPRUDENCIA DEL CONDUCTOR,CONDUCCION NO ATENTO CONDICIONES TRANSITO MOMENTO,VIRREY DON AMBROSIO,MARIANO EGAÑA,MARIANO EGAÑA - VIRREY DON AMBROSIO,0, , ,BIDIRECCIONAL,ASFALTO,BUENO,SECO,DESPEJADO,0,1,0,1,16,161,16103,Ñuble,Diguillín,Chillán Viejo,Interseccion,"MARIANO EGAÑA & VIRREY DON AMBROSIO, Chillán Viejo",-36.621412,-72.12907
-7945381.56724756,-3900578.11339854,6424,2023,1579206,2023/12/11 00:00:00+00,Diciembre,11,Lunes,1899/12/30 00:00:00+00,11:50:00,11,REGION VALPARAISO,VILLA ALEMANA,CHOQUE POSTERIOR/FRENTE,CHOQUE,URBANA,CRUCE CON SEMAFORO FUNCIONANDO,IMPRUDENCIA DEL CONDUCTOR,CONDUCCION NO ATENTO CONDICIONES TRANSITO MOMENTO,CONDELL,MADRID,CONDELL - MADRID,0, , ,BIDIRECCIONAL,CONCRETO,BUENO,SECO,DESPEJADO,0,0,0,1,05,058,05804,Valparaíso,Marga Marga,Villa Alemana,Interseccion,"CONDELL & MADRID, Villa Alemana",-33.039726,-71.374577
-8134635.27693662,-4412381.06632409,6425,2023,1576989,2023/12/11 00:00:00+00,Diciembre,11,Lunes,1899/12/30 00:00:00+00,18:35:00,18,REGION BIO BIO,CONCEPCION,COLISION,COLISION,URBANA,CRUCE CON SEÑAL CEDA EL PASO,DESOBEDIENCIA A SEÑALIZACION,SEÑALIZACION DESOBEDECER SEÑAL CEDA EL PASO,INDEPENDENCIA,PASAJE DIEZ,INDEPENDENCIA - PASAJE DIEZ,0, , ,BIDIRECCIONAL,CONCRETO,BUENO,SECO,DESPEJADO,0,0,0,1,08,081,08101,Biobío,Concepción,Concepción,Interseccion,"INDEPENDENCIA & PASAJE DIEZ, Concepción",-36.808021,-73.074672
-7931310.78358903,-4160347.32219798,6426,2023,1580879,2023/12/11 00:00:00+00,Diciembre,11,Lunes,1899/12/30 00:00:00+00,19:40:00,19,REGION MAULE,CURICO,COLISION LATERAL,COLISION,URBANA,CRUCE SIN SEÑALIZACION,IMPRUDENCIA DEL CONDUCTOR,CONDUCCION NO ATENTO CONDICIONES TRANSITO MOMENTO,BALMACEDA,12 DE OCTUBRE,12 DE OCTUBRE - BALMACEDA,0, , ,BIDIRECCIONAL,CONCRETO,BUENO,SECO,DESPEJADO,0,0,0,1,07,073,07301,Maule,Curicó,Curicó,Interseccion,"12 DE OCTUBRE & BALMACEDA, Curicó",-34.973992,-71.248177
-7860798.96620179,-3946405.69527939,6427,2023,1579532,2023/12/11 00:00:00+00,Diciembre,11,Lunes,1899/12/30 00:00:00+00,19:45:00,19,REGION METROPOLITANA,HUECHURABA,COLISION,COLISION,URBANA,TRAMO DE VIA RECTA,IMPRUDENCIA DEL CONDUCTOR,CONDUCCION NO ATENTO CONDICIONES TRANSITO MOMENTO,DEL PARQUE,RINCONADA EL SALTO,DEL PARQUE - RINCONADA EL SALTO,0, , ,BIDIRECCIONAL,ASFALTO,BUENO,SECO,DESPEJADO,0,0,0,0,13,131,13107,Metropolitana de Santiago,Santiago,Huechuraba,Interseccion,"DEL PARQUE & RINCONADA EL SALTO, Huechuraba",-33.384154,-70.614759
-7888913.53100601,-3975220.36954975,6428,2023,1580302,2023/12/11 00:00:00+00,Diciembre,11,Lunes,1899/12/30 00:00:00+00,22:58:00,22,REGION METROPOLITANA,PEÑAFLOR,CHOQUE LATERAL,CHOQUE,URBANA,TRAMO DE VIA RECTA,IMPRUDENCIA DEL CONDUCTOR,CONDUCCION SIN MANTENER DISTANCIA RAZONABLE NI PRUDENTE,ROSALES,MIRAFLORES,MIRAFLORES - ROSALES,0, , ,BIDIRECCIONAL,CONCRETO,BUENO,SECO,DESPEJADO,0,0,0,0,13,136,13605,Metropolitana de Santiago,Talagante,Peñaflor,Interseccion,"MIRAFLORES & ROSALES, Peñaflor",-33.600022,-70.867316
-7863530.4641217,-3945883.41941197,6429,2023,1579845,2023/12/12 00:00:00+00,Diciembre,12,Martes,1899/12/30 00:00:00+00,00:15:00,0,REGION METROPOLITANA,HUECHURABA,COLISION,COLISION,URBANA,CRUCE CON SEMAFORO FUNCIONANDO,IMPRUDENCIA DEL CONDUCTOR,CONDUCCION NO ATENTO CONDICIONES TRANSITO MOMENTO,LAS TORRES,RECOLETA,LAS TORRES - RECOLETA,0, , ,BIDIRECCIONAL CON BANDEJON,ASFALTO,BUENO,SECO,DESPEJADO,0,1,0,1,13,131,13107,Metropolitana de Santiago,Santiago,Huechuraba,Interseccion,"LAS TORRES & RECOLETA, Huechuraba",-33.380236,-70.639296
-7875026.00156001,-4003337.99394288,6430,2023,1578722,2023/12/12 00:00:00+00,Diciembre,12,Martes,1899/12/30 00:00:00+00,07:30:00,7,REGION METROPOLITANA,PAINE,CHOQUE FRONTAL,CHOQUE,URBANA,TRAMO DE VIA CURVA HORIZONTAL,IMPRUDENCIA DEL CONDUCTOR,CONDUCCION NO ATENTO CONDICIONES TRANSITO MOMENTO,CRUCE BASCUÑAN,GENERAL BAQUEDANO,CRUCE BASCUÑAN - GENERAL BAQUEDANO,0, , ,BIDIRECCIONAL,ASFALTO,BUENO,SECO,DESPEJADO,0,0,0,0,13,134,13404,Metropolitana de Santiago,Maipo,Paine,Interseccion,"CRUCE BASCUÑAN & GENERAL BAQUEDANO, Paine",-33.810148,-70.742562
-7866155.59694721,-3966083.16535494,6431,2023,1577516,2023/12/12 00:00:00+00,Diciembre,12,Martes,1899/12/30 00:00:00+00,09:41:00,9,REGION METROPOLITANA,LA CISTERNA,ATROPELLO,ATROPELLO,URBANA,CRUCE CON SEMAFORO FUNCIONANDO,IMPRUDENCIA DEL CONDUCTOR,NO RESPETAR DERECHO PREFERENTE DE PASO A PEATON,GRAN AVDA JOSE MIGUEL CARRERA,STA ANSELMA,GRAN AVDA JOSE MIGUEL CARRERA - STA ANSELMA,0, , ,BIDIRECCIONAL CON BANDEJON,CONCRETO,BUENO,SECO,DESPEJADO,0,0,0,1,13,131,13109,Metropolitana de Santiago,Santiago,La Cisterna,Interseccion,"GRAN AVDA JOSE MIGUEL CARRERA & STA ANSELMA, La Cisterna",-33.531628,-70.662878
-7866433.45039623,-3972138.55642972,6432,2023,1579432,2023/12/12 00:00:00+00,Diciembre,12,Martes,1899/12/30 00:00:00+00,11:00:00,11,REGION METROPOLITANA,EL BOSQUE,COLISION POR ALCANCE,COLISION,URBANA,TRAMO DE VIA RECTA,IMPRUDENCIA DEL CONDUCTOR,ADELANTAMIENTO SIN EL ESPACIO O TIEMPO SUFICIENTE,NVA IMPERIAL,LA PLATA,LA PLATA - NVA IMPERIAL,0, , ,BIDIRECCIONAL,CONCRETO,BUENO,SECO,DESPEJADO,0,0,0,0,13,131,13105,Metropolitana de Santiago,Santiago,El Bosque,Interseccion,"LA PLATA & NVA IMPERIAL, El Bosque",-33.57696,-70.665374
-7973146.26346382,-4222226.80601413,6433,2023,1578429,2023/12/12 00:00:00+00,Diciembre,12,Martes,1899/12/30 00:00:00+00,11:30:00,11,REGION MAULE,TALCA,COLISION POR ALCANCE,COLISION,URBANA,CRUCE CON SEÑAL PARE,IMPRUDENCIA DEL CONDUCTOR,CONDUCCION SIN MANTENER DISTANCIA RAZONABLE NI PRUDENTE,5 NORTE,31 ORIENTE,31 ORIENTE - 5 NORTE,0, , ,BIDIRECCIONAL,ASFALTO,BUENO,SECO,DESPEJADO,0,0,0,0,07,071,07101,Maule,Talca,Talca,Interseccion,"31 ORIENTE & 5 NORTE, Talca",-35.428212,-71.623992
-8118891.17628507,-5082184.75014192,6434,2023,1579598,2023/12/12 00:00:00+00,Diciembre,12,Martes,1899/12/30 00:00:00+00,12:10:00,12,REGION LOS LAGOS,PUERTO MONTT,VOLCADURA,VOLCADURA,URBANA,TRAMO DE VIA CURVA VERTICAL,VELOCIDAD IMPRUDENTE,VELOCIDAD NO RAZONABLE NI PRUDENTE,EGAÑA,DIAGONAL GERMANIA,DIAGONAL GERMANIA - EGAÑA,0, , ,BIDIRECCIONAL,CONCRETO,REGULAR,MOJADO,NUBLADO,0,0,0,0,10,101,10101,Los Lagos,Llanquihue,Puerto Montt,Interseccion,"DIAGONAL GERMANIA & EGAÑA, Puerto Montt",-41.471811,-72.93324
-8152198.48694641,-4839706.20394879,6435,2023,1577958,2023/12/12 00:00:00+00,Diciembre,12,Martes,1899/12/30 00:00:00+00,12:30:00,12,REGION DE LOS RIOS,VALDIVIA,COLISION LATERAL,COLISION,URBANA,CRUCE CON SEMAFORO FUNCIONANDO,IMPRUDENCIA DEL CONDUCTOR,CONDUCCION NO ATENTO CONDICIONES TRANSITO MOMENTO,CARLOS CONDELL,ERRAZURIZ,CARLOS CONDELL - ERRAZURIZ,0, , ,BIDIRECCIONAL,ASFALTO,BUENO,SECO,DESPEJADO,0,0,0,0,14,141,14101,Los Ríos,Valdivia,Valdivia,Interseccion,"CARLOS CONDELL & ERRAZURIZ, Valdivia",-39.819218,-73.232445