X,Y,FID,Año,IdAccident,Fecha,Mes,Dia_mes,Dia_semana,Hora,Hora_texto,Hora_aprox,Región,Comuna,Tipo_Accid,Tipo__CONA,Zona,Ubicación,Causa__CON,Causa_Acci,Calle_Uno,Calle_Dos,Intersecci,Número,Ruta,Ubicaci_1,Calzada,Tipo_Calza,Estado_Cal,Condición,Estado_Atm,Fallecidos,Graves,Menos_Grav,Leves,CUT_REG,CUT_PROV,CUT_COM,REGION,PROVINCIA,COMUNA1,Tipo_direc,Direccion,Lat,Lon
-8080580.6472666,-4685058.40658812,6436,2023,1577908,2023/12/12 00:00:00+00,Diciembre,12,Martes,1899/12/30 00:00:00+00,16:46:00,16,REGION ARAUCANIA,TEMUCO,COLISION LATERAL,COLISION,URBANA,CRUCE CON SEMAFORO FUNCIONANDO,IMPRUDENCIA DEL CONDUCTOR,CONDUCCION NO ATENTO CONDICIONES TRANSITO MOMENTO,ALDUNATE,BERNARDO O'HIGGINS,ALDUNATE - BERNARDO O'HIGGINS,0, , ,UNIDIRECCIONAL,CONCRETO,BUENO,SECO,DESPEJADO,0,0,0,1,09,091,09101,La Araucanía,Cautín,Temuco,Interseccion,"ALDUNATE & BERNARDO O'HIGGINS, Temuco",-38.743934,-72.589091
-8076575.70597972,-4680346.24496517,6437,2023,1577944,2023/12/12 00:00:00+00,Diciembre,12,Martes,1899/12/30 00:00:00+00,18:10:00,18,REGION ARAUCANIA,TEMUCO,COLISION LATERAL,COLISION,URBANA,CRUCE SIN SEÑALIZACION,IMPRUDENCIA DEL CONDUCTOR,CONDUCCION NO ATENTO CONDICIONES TRANSITO MOMENTO,LAS SEQUIAS,JACARANDA,JACARANDA - LAS SEQUIAS,0, , ,BIDIRECCIONAL,CONCRETO,BUENO,SECO,DESPEJADO,0,0,0,1,09,091,09101,La Araucanía,Cautín,Temuco,Interseccion,"JACARANDA & LAS SEQUIAS, Temuco",-38.710911,-72.553114
-7860448.58061271,-3963248.11360545,6438,2023,1579004,2023/12/12 00:00:00+00,Diciembre,12,Martes,1899/12/30 00:00:00+00,21:15:00,21,REGION METROPOLITANA,LA FLORIDA,COLISION PERPENDICULAR,COLISION,URBANA,CRUCE CON SEMAFORO FUNCIONANDO,IMPRUDENCIA DEL CONDUCTOR,NO RESPETAR DERECHO PREFERENTE DE PASO A VEHICULO,VICUÑA MACKENNA PONIENTE,PUNTA ARENAS,PUNTA ARENAS - VICUÑA MACKENNA PONIENTE,0, , ,BIDIRECCIONAL,ASFALTO,BUENO,SECO,DESPEJADO,0,1,0,0,13,131,13110,Metropolitana de Santiago,Santiago,La Florida,Interseccion,"PUNTA ARENAS & VICUÑA MACKENNA PONIENTE, La Florida",-33.510396,-70.611611
-7863067.81691159,-3953481.6441647,6439,2023,1578928,2023/12/12 00:00:00+00,Diciembre,12,Martes,1899/12/30 00:00:00+00,22:08:00,22,REGION METROPOLITANA,PROVIDENCIA,COLISION LATERAL,COLISION,URBANA,TRAMO DE VIA RECTA,IMPRUDENCIA DEL CONDUCTOR,CONDUCCION NO ATENTO CONDICIONES TRANSITO MOMENTO,PROVIDENCIA,VICUÑA MACKENNA,PROVIDENCIA - VICUÑA MACKENNA,0, , ,UNIDIRECCIONAL,ASFALTO,REGULAR,HUMEDO,DESPEJADO,0,0,0,0,13,131,13123,Metropolitana de Santiago,Santiago,Providencia,Interseccion,"PROVIDENCIA & VICUÑA MACKENNA, Providencia",-33.437214,-70.63514
-7859921.14886534,-3954046.59936653,6440,2023,1578915,2023/12/13 00:00:00+00,Diciembre,13,Miércoles,1899/12/30 00:00:00+00,07:30:00,7,REGION METROPOLITANA,PROVIDENCIA,COLISION LATERAL,COLISION,URBANA,TRAMO DE VIA RECTA,IMPRUDENCIA DEL CONDUCTOR,ADELANTAMIENTO SIN EL ESPACIO O TIEMPO SUFICIENTE,PEDRO DE VALDIVIA,VASCONIA,PEDRO DE VALDIVIA - VASCONIA,0, , ,BIDIRECCIONAL,ASFALTO,REGULAR,SECO,DESPEJADO,0,0,0,1,13,131,13123,Metropolitana de Santiago,Santiago,Providencia,Interseccion,"PEDRO DE VALDIVIA & VASCONIA, Providencia",-33.441449,-70.606873
-7876662.26444675,-3963273.61421929,6441,2023,1579427,2023/12/13 00:00:00+00,Diciembre,13,Miércoles,1899/12/30 00:00:00+00,08:20:00,8,REGION METROPOLITANA,MAIPU,COLISION LATERAL,COLISION,URBANA,CRUCE CON SEÑAL PARE,IMPRUDENCIA DEL CONDUCTOR,CONDUCCION NO ATENTO CONDICIONES TRANSITO MOMENTO,CASAS DE LOS ESPEJOS,MAIPU,CASAS DE LOS ESPEJOS - MAIPU,0, , ,BIDIRECCIONAL,ASFALTO,BUENO,SECO,DESPEJADO,0,1,0,0,13,131,13119,Metropolitana de Santiago,Santiago,Maipú,Interseccion,"CASAS DE LOS ESPEJOS & MAIPU, Maipú",-33.510587,-70.757261
-7877623.39693026,-3992995.704995,6442,2023,1582845,2023/12/13 00:00:00+00,Diciembre,13,Miércoles,1899/12/30 00:00:00+00,10:00:00,10,REGION METROPOLITANA,BUIN,COLISION FRONTAL,COLISION,URBANA,CRUCE CON SEÑAL PARE,IMPRUDENCIA DEL CONDUCTOR,CONDUCCION NO ATENTO CONDICIONES TRANSITO MOMENTO,CAMINO BUIN MAIPO,SANTA ADELA,CAMINO BUIN MAIPO - SANTA ADELA,0, , ,BIDIRECCIONAL,ASFALTO,BUENO,SECO,DESPEJADO,0,1,0,1,13,134,13402,Metropolitana de Santiago,Maipo,Buin,Interseccion,"CAMINO BUIN MAIPO & SANTA ADELA, Buin",-33.732919,-70.765895
-8131526.23486712,-4414928.38674098,6443,2023,1578433,2023/12/13 00:00:00+00,Diciembre,13,Miércoles,1899/12/30 00:00:00+00,16:40:00,16,REGION BIO BIO,CONCEPCION,ATROPELLO,ATROPELLO,URBANA,TRAMO DE VIA RECTA,IMPRUDENCIA DEL PEATON,PEATON CRUZA CALZADA FUERA PASO PEATONES,CASTELLON,O'HIGGINS,CASTELLON - O'HIGGINS,0, , ,UNIDIRECCIONAL,CONCRETO,BUENO,SECO,DESPEJADO,0,1,0,1,08,081,08101,Biobío,Concepción,Concepción,Interseccion,"CASTELLON & O'HIGGINS, Concepción",-36.82634,-73.046743
-7860650.18021054,-3958448.32484822,6444,2023,1578646,2023/12/13 00:00:00+00,Diciembre,13,Miércoles,1899/12/30 00:00:00+00,17:00:00,17,REGION METROPOLITANA,MACUL,COLISION FRONTAL,COLISION,URBANA,CRUCE CON SEMAFORO FUNCIONANDO,DESOBEDIENCIA A SEÑALIZACION,SEÑALIZACION DESOBEDECER LUZ INTERMITENTE SEMAFORO,MARATHON,RODRIGO DE ARAYA,MARATHON - RODRIGO DE ARAYA,0, , ,UNIDIRECCIONAL,ASFALTO,BUENO,SECO,DESPEJADO,0,1,0,1,13,131,13118,Metropolitana de Santiago,Santiago,Macul,Interseccion,"MARATHON & RODRIGO DE ARAYA, Macul",-33.474438,-70.613422
-7917686.16849412,-4158972.7122285,6445,2023,1579233,2023/12/13 00:00:00+00,Diciembre,13,Miércoles,1899/12/30 00:00:00+00,17:30:00,17,REGION MAULE,ROMERAL,COLISION,COLISION,URBANA,TRAMO DE VIA RECTA,IMPRUDENCIA DEL CONDUCTOR,CONDUCCION NO ATENTO CONDICIONES TRANSITO MOMENTO,OSCAR BONILLA,VILLA JOSE CRISPI,OSCAR BONILLA - VILLA JOSE CRISPI,0, , ,BIDIRECCIONAL,ASFALTO,BUENO,SECO,DESPEJADO,0,1,0,0,07,073,07306,Maule,Curicó,Romeral,Interseccion,"OSCAR BONILLA & VILLA JOSE CRISPI, Romeral",-34.963873,-71.125785
-7860645.61611142,-3963019.54517165,6446,2023,1582594,2023/12/13 00:00:00+00,Diciembre,13,Miércoles,1899/12/30 00:00:00+00,18:30:00,18,REGION METROPOLITANA,SAN JOAQUIN,CHOQUE POSTERIOR,CHOQUE,URBANA,CRUCE CON SEMAFORO FUNCIONANDO,IMPRUDENCIA DEL CONDUCTOR,CONDUCCION NO ATENTO CONDICIONES TRANSITO MOMENTO,VICUÑA MACKENNA,DEPARTAMENTAL,DEPARTAMENTAL - VICUÑA MACKENNA,0, , ,UNIDIRECCIONAL,ASFALTO,BUENO,SECO,DESPEJADO,0,0,0,0,13,131,13129,Metropolitana de Santiago,Santiago,San Joaquín,Interseccion,"DEPARTAMENTAL & VICUÑA MACKENNA, San Joaquín",-33.508684,-70.613381
-8012816.57703855,-4762095.04292068,6447,2023,1578416,2023/12/13 00:00:00+00,Diciembre,13,Miércoles,1899/12/30 00:00:00+00,18:40:00,18,REGION ARAUCANIA,PUCON,COLISION POR ALCANCE,COLISION,URBANA,TRAMO DE VIA RECTA,IMPRUDENCIA DEL CONDUCTOR,CONDUCCION NO ATENTO CONDICIONES TRANSITO MOMENTO,RUTA CH-199,JEREMIAS BADILLA,JEREMIAS BADILLA - RUTA CH-199,0, , ,BIDIRECCIONAL,ASFALTO,BUENO,SECO,DESPEJADO,0,1,0,0,09,091,09115,La Araucanía,Cautín,Pucón,Interseccion,"JEREMIAS BADILLA & RUTA CH-199, Pucón",-39.281642,-71.980356
-7824942.20489602,-2091845.95747621,6448,2023,1579879,2023/12/13 00:00:00+00,Diciembre,13,Miércoles,1899/12/30 00:00:00+00,19:10:00,19,REGION ARICA Y PARINACOTA,ARICA,VOLCADURA,VOLCADURA,URBANA,CRUCE CON SEÑAL PARE,VELOCIDAD IMPRUDENTE,VELOCIDAD NO RAZONABLE NI PRUDENTE,RENATO ROCCA,BARROS ARANA,BARROS ARANA - RENATO ROCCA,0, , ,BIDIRECCIONAL,ASFALTO,BUENO,SECO,DESPEJADO,0,0,0,0,15,151,15101,Arica y Parinacota,Arica,Arica,Interseccion,"BARROS ARANA & RENATO ROCCA, Arica",-18.463274,-70.292652
-7957515.50303012,-4236966.32901576,6449,2023,1578886,2023/12/13 00:00:00+00,Diciembre,13,Miércoles,1899/12/30 00:00:00+00,19:30:00,19,REGION MAULE,SAN CLEMENTE,COLISION LATERAL,COLISION,URBANA,TRAMO DE VIA RECTA,ALCOHOL EN CONDUCTOR,CONDUCCION BAJO LA INFLUENCIA DEL ALCOHOL,LOS NOGALES,PASTOR IGNACIO CABRERA,LOS NOGALES - PASTOR IGNACIO CABRERA,0, , ,BIDIRECCIONAL,CONCRETO,BUENO,SECO,DESPEJADO,0,1,0,0,07,071,07109,Maule,Talca,San Clemente,Interseccion,"LOS NOGALES & PASTOR IGNACIO CABRERA, San Clemente",-35.536031,-71.483578
-7931383.69785549,-4162232.8476727,6450,2023,1582141,2023/12/13 00:00:00+00,Diciembre,13,Miércoles,1899/12/30 00:00:00+00,20:06:00,20,REGION MAULE,CURICO,COLISION POR ALCANCE,COLISION,URBANA,CRUCE CON SEÑAL CEDA EL PASO,IMPRUDENCIA DEL CONDUCTOR,CONDUCCION NO ATENTO CONDICIONES TRANSITO MOMENTO,LAUTARO,BALMACEDA,BALMACEDA - LAUTARO,0, , ,BIDIRECCIONAL,ASFALTO,BUENO,SECO,DESPEJADO,0,0,1,1,07,073,07301,Maule,Curicó,Curicó,Interseccion,"BALMACEDA & LAUTARO, Curicó",-34.98787,-71.248832
-7859454.38624044,-3968589.78556584,6451,2023,1580249,2023/12/13 00:00:00+00,Diciembre,13,Miércoles,1899/12/30 00:00:00+00,20:30:00,20,REGION METROPOLITANA,LA FLORIDA,COLISION LATERAL,COLISION,URBANA,CRUCE CON SEMAFORO FUNCIONANDO,DESOBEDIENCIA A SEÑALIZACION,SEÑALIZACION DESOBEDECER LUZ ROJA DE SEMAFORO,STA RAQUEL,JOSE MIGUEL CARRERA,JOSE MIGUEL CARRERA - STA RAQUEL,0, , ,BIDIRECCIONAL,ASFALTO,BUENO,SECO,DESPEJADO,0,0,1,0,13,131,13110,Metropolitana de Santiago,Santiago,La Florida,Interseccion,"JOSE MIGUEL CARRERA & STA RAQUEL, La Florida",-33.550396,-70.60268
-8024826.72558075,-4382322.13739211,6452,2023,1578922,2023/12/14 00:00:00+00,Diciembre,14,Jueves,1899/12/30 00:00:00+00,01:20:00,1,REGION ÑUBLE,CHILLAN,COLISION PERPENDICULAR,COLISION,URBANA,CRUCE CON SEÑAL PARE,DESOBEDIENCIA A SEÑALIZACION,SEÑALIZACION DESOBEDECER SEÑAL PARE,FLORES MILLAN,REPUBLICA,FLORES MILLAN - REPUBLICA,0, , ,BIDIRECCIONAL,CONCRETO,BUENO,SECO,DESPEJADO,0,0,0,1,16,161,16101,Ñuble,Diguillín,Chillán,Interseccion,"FLORES MILLAN & REPUBLICA, Chillán",-36.591522,-72.088245
-7869624.98019728,-3956485.62807767,6453,2023,1581717,2023/12/14 00:00:00+00,Diciembre,14,Jueves,1899/12/30 00:00:00+00,07:00:00,7,REGION METROPOLITANA,ESTACION CENTRAL,COLISION LATERAL,COLISION,URBANA,TRAMO DE VIA RECTA,IMPRUDENCIA DEL CONDUCTOR,VIRAJES INDEBIDOS,5 DE ABRIL,CONCON,5 DE ABRIL - CONCON,0, , ,BIDIRECCIONAL,ASFALTO,BUENO,SECO,DESPEJADO,0,0,0,0,13,131,13106,Metropolitana de Santiago,Santiago,Estación Central,Interseccion,"5 DE ABRIL & CONCON, Estación Central",-33.45973,-70.694044
-7871371.02637697,-4051484.00167162,6454,2023,1578166,2023/12/14 00:00:00+00,Diciembre,14,Jueves,1899/12/30 00:00:00+00,07:50:00,7,REGION LIB.B.O'HIGGINS,RANCAGUA,COLISION PERPENDICULAR,COLISION,URBANA,CRUCE CON SEÑAL CEDA EL PASO,DESOBEDIENCIA A SEÑALIZACION,SEÑALIZACION DESOBEDECER SEÑAL CEDA EL PASO,HILARIO VIAL,LOS OLIVOS,HILARIO VIAL - LOS OLIVOS,0, , ,BIDIRECCIONAL,CONCRETO,BUENO,SECO,DESPEJADO,0,0,0,1,06,061,06101,Libertador General Bernardo O'Higgins,Cachapoal,Rancagua,Interseccion,"HILARIO VIAL & LOS OLIVOS, Rancagua",-34.168753,-70.709729
-7877421.35205448,-4051148.9933969,6455,2023,1578042,2023/12/14 00:00:00+00,Diciembre,14,Jueves,1899/12/30 00:00:00+00,08:00:00,8,REGION LIB.B.O'HIGGINS,RANCAGUA,COLISION LATERAL,COLISION,URBANA,CRUCE CON SEÑAL PARE,IMPRUDENCIA DEL CONDUCTOR,"ADELANTAMIENTO EN CRUCE, CURVA, CUESTA, PUENTE",BAQUEDANO,CIRCUNVALACION PONIENTE,BAQUEDANO - CIRCUNVALACION PONIENTE,0, , ,BIDIRECCIONAL,CONCRETO,BUENO,SECO,DESPEJADO,0,0,0,1,06,061,06101,Libertador General Bernardo O'Higgins,Cachapoal,Rancagua,Interseccion,"BAQUEDANO & CIRCUNVALACION PONIENTE, Rancagua",-34.166263,-70.76408
-7836817.9017795,-2713326.18282425,6456,2023,1578785,2023/12/14 00:00:00+00,Diciembre,14,Jueves,1899/12/30 00:00:00+00,08:10:00,8,REGION ANTOFAGASTA,ANTOFAGASTA,COLISION,COLISION,URBANA,TRAMO DE VIA RECTA,IMPRUDENCIA DEL CONDUCTOR,CONDUCCION NO ATENTO CONDICIONES TRANSITO MOMENTO,ANDRES SABELLA GALVEZ,IMALAC,ANDRES SABELLA GALVEZ - IMALAC,0, , ,BIDIRECCIONAL,ASFALTO,BUENO,SECO,DESPEJADO,0,1,0,0,02,021,02101,Antofagasta,Antofagasta,Antofagasta,Interseccion,"ANDRES SABELLA GALVEZ & IMALAC, Antofagasta",-23.670648,-70.399333
-7869368.05481253,-3950516.44833999,6457,2023,1583380,2023/12/14 00:00:00+00,Diciembre,14,Jueves,1899/12/30 00:00:00+00,08:50:00,8,REGION METROPOLITANA,RENCA,CHOQUE FRENTE/POSTERIOR,CHOQUE,URBANA,CRUCE CON SEMAFORO FUNCIONANDO,IMPRUDENCIA DEL CONDUCTOR,CONDUCCION NO ATENTO CONDICIONES TRANSITO MOMENTO,APOSTOL SANTIAGO,JORGE HIRMAS,APOSTOL SANTIAGO - JORGE HIRMAS,0, , ,BIDIRECCIONAL,ASFALTO,BUENO,SECO,DESPEJADO,0,1,0,0,13,131,13128,Metropolitana de Santiago,Santiago,Renca,Interseccion,"APOSTOL SANTIAGO & JORGE HIRMAS, Renca",-33.414983,-70.691736
-8143003.71964587,-4948672.42059397,6458,2023,1578618,2023/12/14 00:00:00+00,Diciembre,14,Jueves,1899/12/30 00:00:00+00,09:30:00,9,REGION LOS LAGOS,OSORNO,COLISION LATERAL,COLISION,URBANA,CRUCE CON SEÑAL CEDA EL PASO,IMPRUDENCIA DEL CONDUCTOR,NO RESPETAR DERECHO PREFERENTE DE PASO A VEHICULO,CALAMA,CHUCUMATA,CALAMA - CHUCUMATA,0, , ,BIDIRECCIONAL,CONCRETO,BUENO,SECO,DESPEJADO,0,0,0,1,10,103,10301,Los Lagos,Osorno,Osorno,Interseccion,"CALAMA & CHUCUMATA, Osorno",-40.566931,-73.149847
-7986014.51720986,-4245732.02378698,6459,2023,1579733,2023/12/14 00:00:00+00,Diciembre,14,Jueves,1899/12/30 00:00:00+00,14:20:00,14,REGION MAULE,SAN JAVIER,COLISION,COLISION,URBANA,CRUCE CON SEÑAL PARE,IMPRUDENCIA DEL CONDUCTOR,CONDUCCION NO ATENTO CONDICIONES TRANSITO MOMENTO,HERNAN LOBOS ARIAS,ALBERTO GAETE,ALBERTO GAETE - HERNAN LOBOS ARIAS,0, , ,BIDIRECCIONAL,CONCRETO,BUENO,SECO,DESPEJADO,0,0,0,2,07,074,07406,Maule,Linares,San Javier,Interseccion,"ALBERTO GAETE & HERNAN LOBOS ARIAS, San Javier",-35.600083,-71.739589
-7870784.30589106,-3960496.35404012,6460,2023,1578344,2023/12/14 00:00:00+00,Diciembre,14,Jueves,1899/12/30 00:00:00+00,17:15:00,17,REGION METROPOLITANA,CERRILLOS,COLISION PERPENDICULAR,COLISION,URBANA,CRUCE CON SEÑAL CEDA EL PASO,IMPRUDENCIA DEL CONDUCTOR,CONDUCCION NO ATENTO CONDICIONES TRANSITO MOMENTO,COMERCIO,CERRILLOS,CERRILLOS - COMERCIO,0, , ,BIDIRECCIONAL,ASFALTO,BUENO,SECO,DESPEJADO,0,0,0,1,13,131,13102,Metropolitana de Santiago,Santiago,Cerrillos,Interseccion,"CERRILLOS & COMERCIO, Cerrillos",-33.489783,-70.704458
-7876026.63015433,-3957837.3817614,6461,2023,1581854,2023/12/14 00:00:00+00,Diciembre,14,Jueves,1899/12/30 00:00:00+00,17:30:00,17,REGION METROPOLITANA,MAIPU,VOLCADURA,VOLCADURA,URBANA,TRAMO DE VIA RECTA,IMPRUDENCIA DEL CONDUCTOR,CONDUCCION NO ATENTO CONDICIONES TRANSITO MOMENTO,EL DESCANSO,ING ROBERTO LLONA,EL DESCANSO - ING ROBERTO LLONA,0, , ,BIDIRECCIONAL,ASFALTO,BUENO,SECO,DESPEJADO,0,1,0,0,13,131,13119,Metropolitana de Santiago,Santiago,Maipú,Interseccion,"EL DESCANSO & ING ROBERTO LLONA, Maipú",-33.46986,-70.751551
-7861767.38262014,-3954373.84577175,6462,2023,1578936,2023/12/14 00:00:00+00,Diciembre,14,Jueves,1899/12/30 00:00:00+00,20:20:00,20,REGION METROPOLITANA,PROVIDENCIA,COLISION LATERAL,COLISION,URBANA,TRAMO DE VIA RECTA,IMPRUDENCIA DEL CONDUCTOR,CONDUCCION CAMBIAR SORPRESIVAMENTE PISTA CIRCULACION,SALVADOR,HINDERBURG,HINDERBURG - SALVADOR,0, , ,BIDIRECCIONAL,ASFALTO,REGULAR,SECO,DESPEJADO,0,0,0,0,13,131,13123,Metropolitana de Santiago,Santiago,Providencia,Interseccion,"HINDERBURG & SALVADOR, Providencia",-33.443902,-70.623458
-7974774.3659751,-4223158.35557953,6463,2023,1581685,2023/12/14 00:00:00+00,Diciembre,14,Jueves,1899/12/30 00:00:00+00,22:15:00,22,REGION MAULE,TALCA,COLISION,COLISION,URBANA,TRAMO DE VIA RECTA,IMPRUDENCIA DEL CONDUCTOR,CONDUCCION CAMBIAR SORPRESIVAMENTE PISTA CIRCULACION,20 ORIENTE,5 SUR,20 ORIENTE - 5 SUR,0, , ,UNIDIRECCIONAL,CONCRETO,BUENO,SECO,DESPEJADO,0,0,1,1,07,071,07101,Maule,Talca,Talca,Interseccion,"20 ORIENTE & 5 SUR, Talca",-35.435031,-71.638617
-7858998.23235188,-3873160.48100373,6464,2023,1578242,2023/12/14 00:00:00+00,Diciembre,14,Jueves,1899/12/30 00:00:00+00,22:30:00,22,REGION VALPARAISO,LOS ANDES,COLISION PERPENDICULAR,COLISION,URBANA,TRAMO DE VIA RECTA,IMPRUDENCIA DEL CONDUCTOR,CONDUCCION NO ATENTO CONDICIONES TRANSITO MOMENTO,ESMERALDA,SANTA ROSA,ESMERALDA - SANTA ROSA,0, , ,BIDIRECCIONAL,ASFALTO,BUENO,SECO,DESPEJADO,0,0,0,1,05,053,05301,Valparaíso,Los Andes,Los Andes,Interseccion,"ESMERALDA & SANTA ROSA, Los Andes",-32.833016,-70.598582
-7858971.70492836,-3957120.38552869,6465,2023,1580793,2023/12/15 00:00:00+00,Diciembre,15,Viernes,1899/12/30 00:00:00+00,09:30:00,9,REGION METROPOLITANA,ÑUÑOA,COLISION,COLISION,URBANA,CRUCE CON SEMAFORO FUNCIONANDO,IMPRUDENCIA DEL CONDUCTOR,CONDUCCION NO ATENTO CONDICIONES TRANSITO MOMENTO,GRECIA,JOSE PEDRO ALESSANDRI,GRECIA - JOSE PEDRO ALESSANDRI,0, , ,BIDIRECCIONAL CON BANDEJON,CONCRETO,BUENO,SECO,DESPEJADO,0,1,0,1,13,131,13120,Metropolitana de Santiago,Santiago,Ñuñoa,Interseccion,"GRECIA & JOSE PEDRO ALESSANDRI, Ñuñoa",-33.464487,-70.598344
-7870281.87651245,-3951887.7786968,6466,2023,1579968,2023/12/15 00:00:00+00,Diciembre,15,Viernes,1899/12/30 00:00:00+00,12:00:00,12,REGION METROPOLITANA,QUINTA NORMAL,COLISION POR ALCANCE,COLISION,URBANA,CRUCE CON SEÑAL PARE,IMPRUDENCIA DEL CONDUCTOR,CONDUCCION SIN MANTENER DISTANCIA RAZONABLE NI PRUDENTE,SALVADOR GUTIERREZ,SANTIAGO DE URIONA,SALVADOR GUTIERREZ - SANTIAGO DE URIONA,0, , ,BIDIRECCIONAL,CONCRETO,REGULAR,SECO,DESPEJADO,0,0,0,0,13,131,13126,Metropolitana de Santiago,Santiago,Quinta Normal,Interseccion,"SALVADOR GUTIERREZ & SANTIAGO DE URIONA, Quinta Normal",-33.425265,-70.699945
-7867394.69419923,-3920795.68538487,6467,2023,1580276,2023/12/15 00:00:00+00,Diciembre,15,Viernes,1899/12/30 00:00:00+00,13:50:00,13,REGION METROPOLITANA,COLINA,COLISION PERPENDICULAR,COLISION,URBANA,CRUCE CON SEMAFORO APAGADO,VELOCIDAD IMPRUDENTE,"VELOCIDAD NO REDUCIR CRUCE DE CALLES, CUMBRE, CURVA, ETC.",FONTT,LO SECO,FONTT - LO SECO,0, , ,BIDIRECCIONAL,ASFALTO,BUENO,SECO,DESPEJADO,0,0,0,1,13,133,13301,Metropolitana de Santiago,Chacabuco,Colina,Interseccion,"FONTT & LO SECO, Colina",-33.191843,-70.674009
-8128301.97713578,-4414097.47527228,6468,2023,1578664,2023/12/15 00:00:00+00,Diciembre,15,Viernes,1899/12/30 00:00:00+00,20:30:00,20,REGION BIO BIO,CONCEPCION,COLISION POR ALCANCE,COLISION,URBANA,CRUCE CON SEMAFORO FUNCIONANDO,VELOCIDAD IMPRUDENTE,VELOCIDAD NO RAZONABLE NI PRUDENTE,GENERAL NOVOA,LOS LIRIOS,GENERAL NOVOA - LOS LIRIOS,0, , ,UNIDIRECCIONAL,CONCRETO,BUENO,SECO,DESPEJADO,0,0,0,0,08,081,08101,Biobío,Concepción,Concepción,Interseccion,"GENERAL NOVOA & LOS LIRIOS, Concepción",-36.820365,-73.017779
-7928085.07875997,-3307904.43544722,6469,2023,1585355,2023/12/15 00:00:00+00,Diciembre,15,Viernes,1899/12/30 00:00:00+00,21:30:00,21,REGION ATACAMA,COPIAPO,COLISION PERPENDICULAR,COLISION,URBANA,CRUCE SIN SEÑALIZACION,IMPRUDENCIA DEL CONDUCTOR,CONDUCCION NO ATENTO CONDICIONES TRANSITO MOMENTO,RIO POTRO,HUASCO,HUASCO - RIO POTRO,0, , ,BIDIRECCIONAL,ASFALTO,BUENO,SECO,DESPEJADO,0,0,0,1,03,031,03101,Atacama,Copiapó,Copiapó,Interseccion,"HUASCO & RIO POTRO, Copiapó",-28.4664,-71.2192
-8151855.06633958,-4842711.14470984,6470,2023,1578767,2023/12/15 00:00:00+00,Diciembre,15,Viernes,1899/12/30 00:00:00+00,21:45:00,21,REGION DE LOS RIOS,VALDIVIA,COLISION FRONTAL,COLISION,URBANA,TRAMO DE VIA RECTA,IMPRUDENCIA DEL CONDUCTOR,CONDUCCION NO ATENTO CONDICIONES TRANSITO MOMENTO,GENERAL MONTECINOS,LUIS ALAMOS,GENERAL MONTECINOS - LUIS ALAMOS,0, , ,BIDIRECCIONAL,CONCRETO,BUENO,SECO,NUBLADO,0,0,0,0,14,141,14101,Los Ríos,Valdivia,Valdivia,Interseccion,"GENERAL MONTECINOS & LUIS ALAMOS, Valdivia",-39.839948,-73.22936
-7870448.52179017,-3950193.7118342,6471,2023,1583393,2023/12/16 00:00:00+00,Diciembre,16,Sábado,1899/12/30 00:00:00+00,01:20:00,1,REGION METROPOLITANA,QUINTA NORMAL,COLISION LATERAL,COLISION,URBANA,CRUCE CON SEÑAL PARE,IMPRUDENCIA DEL CONDUCTOR,CONDUCCION NO ATENTO CONDICIONES TRANSITO MOMENTO,MIGUEL DE ATERO,LAZO DE LA VEGA,LAZO DE LA VEGA - MIGUEL DE ATERO,0, , ,BIDIRECCIONAL,ASFALTO,MALO,SECO,DESPEJADO,0,0,0,1,13,131,13126,Metropolitana de Santiago,Santiago,Quinta Normal,Interseccion,"LAZO DE LA VEGA & MIGUEL DE ATERO, Quinta Normal",-33.412563,-70.701442
-7898124.66228283,-3873220.95961172,6472,2023,1579581,2023/12/16 00:00:00+00,Diciembre,16,Sábado,1899/12/30 00:00:00+00,06:30:00,6,REGION VALPARAISO,LLAY LLAY,COLISION,COLISION,URBANA,TRAMO DE VIA RECTA,IMPRUDENCIA DEL CONDUCTOR,CONDUCCION NO ATENTO CONDICIONES TRANSITO MOMENTO,EL BOSQUE,FRANCISCO COLOANE,EL BOSQUE - FRANCISCO COLOANE,0, , ,BIDIRECCIONAL,CONCRETO,BUENO,SECO,DESPEJADO,0,1,0,0,05,057,05703,Valparaíso,San Felipe de Aconcagua,Llaillay,Interseccion,"EL BOSQUE & FRANCISCO COLOANE, Llaillay",-32.833472,-70.950061
-7857765.66960963,-3953877.17655851,6473,2023,1578910,2023/12/16 00:00:00+00,Diciembre,16,Sábado,1899/12/30 00:00:00+00,14:40:00,14,REGION METROPOLITANA,PROVIDENCIA,COLISION LATERAL,COLISION,URBANA,CRUCE CON SEMAFORO FUNCIONANDO,IMPRUDENCIA DEL CONDUCTOR,CONDUCCION NO ATENTO CONDICIONES TRANSITO MOMENTO,ELIECER PARADA,LAS AMAPOLAS,ELIECER PARADA - LAS AMAPOLAS,0, , ,BIDIRECCIONAL,CONCRETO,BUENO,SECO,DESPEJADO,0,0,0,1,13,131,13123,Metropolitana de Santiago,Santiago,Providencia,Interseccion,"ELIECER PARADA & LAS AMAPOLAS, Providencia",-33.440179,-70.58751