X,Y,FID,Año,IdAccident,Fecha,Mes,Dia_mes,Dia_semana,Hora,Hora_texto,Hora_aprox,Región,Comuna,Tipo_Accid,Tipo__CONA,Zona,Ubicación,Causa__CON,Causa_Acci,Calle_Uno,Calle_Dos,Intersecci,Número,Ruta,Ubicaci_1,Calzada,Tipo_Calza,Estado_Cal,Condición,Estado_Atm,Fallecidos,Graves,Menos_Grav,Leves,CUT_REG,CUT_PROV,CUT_COM,REGION,PROVINCIA,COMUNA1,Tipo_direc,Direccion,Lat,Lon
-8139186.2403481,-4948908.35463575,6474,2023,1578577,2023/12/16 00:00:00+00,Diciembre,16,Sábado,1899/12/30 00:00:00+00,14:45:00,14,REGION LOS LAGOS,OSORNO,VOLCADURA,VOLCADURA,URBANA,TRAMO DE VIA RECTA,VELOCIDAD IMPRUDENTE,VELOCIDAD NO RAZONABLE NI PRUDENTE,SANTA MARIA,VIRGEN DEL SOCORRO,SANTA MARIA - VIRGEN DEL SOCORRO,0, , ,UNIDIRECCIONAL,CONCRETO,REGULAR,MOJADO,LLUVIA,0,0,0,1,10,103,10301,Los Lagos,Osorno,Osorno,Interseccion,"SANTA MARIA & VIRGEN DEL SOCORRO, Osorno",-40.568541,-73.115554
-7908493.683232,-4124270.01435548,6475,2023,1580854,2023/12/16 00:00:00+00,Diciembre,16,Sábado,1899/12/30 00:00:00+00,15:40:00,15,REGION LIB.B.O'HIGGINS,CHIMBARONGO,COLISION LATERAL,COLISION,URBANA,CRUCE CON SEÑAL PARE,IMPRUDENCIA DEL CONDUCTOR,CONDUCCION NO ATENTO CONDICIONES TRANSITO MOMENTO,CARMEN LARRAIN,MIRAFLORES,CARMEN LARRAIN - MIRAFLORES,0, , ,BIDIRECCIONAL,ASFALTO,BUENO,SECO,DESPEJADO,0,0,0,0,06,063,06303,Libertador General Bernardo O'Higgins,Colchagua,Chimbarongo,Interseccion,"CARMEN LARRAIN & MIRAFLORES, Chimbarongo",-34.708,-71.043208
-7933975.70545145,-3494417.64795562,6476,2023,1582520,2023/12/16 00:00:00+00,Diciembre,16,Sábado,1899/12/30 00:00:00+00,16:00:00,16,REGION COQUIMBO,LA SERENA,COLISION POR ALCANCE,COLISION,URBANA,CRUCE SIN SEÑALIZACION,IMPRUDENCIA DEL CONDUCTOR,CONDUCCION SIN MANTENER DISTANCIA RAZONABLE NI PRUDENTE,4 ESQUINAS,CHILE ITALIA,4 ESQUINAS - CHILE ITALIA,0, , ,BIDIRECCIONAL,ASFALTO,BUENO,SECO,DESPEJADO,0,0,0,0,04,041,04101,Coquimbo,Elqui,La Serena,Interseccion,"4 ESQUINAS & CHILE ITALIA, La Serena",-29.928929,-71.272116
-7952177.06552964,-3528983.2242589,6477,2023,1578756,2023/12/16 00:00:00+00,Diciembre,16,Sábado,1899/12/30 00:00:00+00,16:30:00,16,REGION COQUIMBO,COQUIMBO,VOLCADURA,VOLCADURA,URBANA,TRAMO DE VIA RECTA,VELOCIDAD IMPRUDENTE,VELOCIDAD NO RAZONABLE NI PRUDENTE,LOS REMOS,CERRO GUANAQUEROS,CERRO GUANAQUEROS - LOS REMOS,0, , ,BIDIRECCIONAL,TIERRA,REGULAR, ,DESPEJADO,0,0,0,1,04,041,04102,Coquimbo,Elqui,Coquimbo,Interseccion,"CERRO GUANAQUEROS & LOS REMOS, Coquimbo",-30.197665,-71.435622
-7874914.5484413,-4002366.64903904,6478,2023,1579100,2023/12/16 00:00:00+00,Diciembre,16,Sábado,1899/12/30 00:00:00+00,16:30:00,16,REGION METROPOLITANA,PAINE,COLISION LATERAL,COLISION,URBANA,TRAMO DE VIA RECTA,IMPRUDENCIA DEL CONDUCTOR,CONDUCCION NO ATENTO CONDICIONES TRANSITO MOMENTO,GENERAL BAQUEDANO,MIGUEL KAST,GENERAL BAQUEDANO - MIGUEL KAST,0, , ,UNIDIRECCIONAL,ASFALTO,BUENO,SECO,DESPEJADO,0,0,0,0,13,134,13404,Metropolitana de Santiago,Maipo,Paine,Interseccion,"GENERAL BAQUEDANO & MIGUEL KAST, Paine",-33.802898,-70.741561
-8142067.63408118,-4949211.41367515,6479,2023,1578384,2023/12/16 00:00:00+00,Diciembre,16,Sábado,1899/12/30 00:00:00+00,18:45:00,18,REGION LOS LAGOS,OSORNO,COLISION,COLISION,URBANA,TRAMO DE VIA RECTA,IMPRUDENCIA DEL CONDUCTOR,CONDUCCION NO ATENTO CONDICIONES TRANSITO MOMENTO,MANUEL BAQUEDANO,MARTINEZ DE ROZAS,MANUEL BAQUEDANO - MARTINEZ DE ROZAS,0, , ,UNIDIRECCIONAL,CONCRETO,REGULAR,MOJADO,LLUVIA,0,0,0,0,10,103,10301,Los Lagos,Osorno,Osorno,Interseccion,"MANUEL BAQUEDANO & MARTINEZ DE ROZAS, Osorno",-40.570609,-73.141438
-7878971.47596377,-3964615.57332867,6480,2023,1582296,2023/12/16 00:00:00+00,Diciembre,16,Sábado,1899/12/30 00:00:00+00,19:30:00,19,REGION METROPOLITANA,MAIPU,COLISION POR ALCANCE,COLISION,URBANA,TRAMO DE VIA RECTA,IMPRUDENCIA DEL CONDUCTOR,CONDUCCION NO ATENTO CONDICIONES TRANSITO MOMENTO,3 PONIENTE,MAIPU,3 PONIENTE - MAIPU,0, , ,BIDIRECCIONAL CON BANDEJON,ASFALTO,BUENO,SECO,DESPEJADO,0,0,0,0,13,131,13119,Metropolitana de Santiago,Santiago,Maipú,Interseccion,"3 PONIENTE & MAIPU, Maipú",-33.520638,-70.778005
-7900356.72940386,-3733993.34339716,6481,2023,1579653,2023/12/16 00:00:00+00,Diciembre,16,Sábado,1899/12/30 00:00:00+00,23:50:00,23,REGION COQUIMBO,SALAMANCA,COLISION,COLISION,URBANA,TRAMO DE VIA RECTA,IMPRUDENCIA DEL CONDUCTOR,CONDUCCION NO ATENTO CONDICIONES TRANSITO MOMENTO,PROVIDENCIA,RAMON CARNICER,PROVIDENCIA - RAMON CARNICER,0, , ,BIDIRECCIONAL,CONCRETO,BUENO,SECO,DESPEJADO,0,0,0,0,04,042,04204,Coquimbo,Choapa,Salamanca,Interseccion,"PROVIDENCIA & RAMON CARNICER, Salamanca",-31.776385,-70.970112
-7874400.80899129,-4002731.97881269,6482,2023,1579111,2023/12/17 00:00:00+00,Diciembre,17,Domingo,1899/12/30 00:00:00+00,00:00:00,0,REGION METROPOLITANA,PAINE,COLISION POR ALCANCE,COLISION,URBANA,TRAMO DE VIA RECTA,ALCOHOL EN CONDUCTOR,CONDUCCION BAJO LA INFLUENCIA DEL ALCOHOL,18 DE SEPTIEMBRE,ALGARROBO,18 DE SEPTIEMBRE - ALGARROBO,0, , ,BIDIRECCIONAL,ASFALTO,BUENO,SECO,DESPEJADO,0,0,0,0,13,134,13404,Metropolitana de Santiago,Maipo,Paine,Interseccion,"18 DE SEPTIEMBRE & ALGARROBO, Paine",-33.805625,-70.736946
-8080648.21819751,-4683824.32691547,6483,2023,1578244,2023/12/17 00:00:00+00,Diciembre,17,Domingo,1899/12/30 00:00:00+00,00:20:00,0,REGION ARAUCANIA,TEMUCO,COLISION LATERAL,COLISION,URBANA,CRUCE CON SEMAFORO FUNCIONANDO,DESOBEDIENCIA A SEÑALIZACION,SEÑALIZACION DESOBEDECER LUZ ROJA DE SEMAFORO,ARTURO PRAT,LAUTARO,ARTURO PRAT - LAUTARO,0, , ,UNIDIRECCIONAL,CONCRETO,BUENO,MOJADO,NUBLADO,1,0,0,1,09,091,09101,La Araucanía,Cautín,Temuco,Interseccion,"ARTURO PRAT & LAUTARO, Temuco",-38.735287,-72.589698
-7864234.77913358,-3953577.29107561,6484,2023,1580834,2023/12/17 00:00:00+00,Diciembre,17,Domingo,1899/12/30 00:00:00+00,00:30:00,0,REGION METROPOLITANA,SANTIAGO,COLISION LATERAL,COLISION,URBANA,CRUCE CON SEMAFORO FUNCIONANDO,DESOBEDIENCIA A SEÑALIZACION,SEÑALIZACION DESOBEDECER LUZ ROJA DE SEMAFORO,MIRAFLORES,PURISIMA,MIRAFLORES - PURISIMA,0, , ,UNIDIRECCIONAL,ASFALTO,BUENO,SECO,DESPEJADO,0,1,0,0,13,131,13101,Metropolitana de Santiago,Santiago,Santiago,Interseccion,"MIRAFLORES & PURISIMA, Santiago",-33.437931,-70.645623
-7868270.88991127,-3975507.98689307,6485,2023,1578262,2023/12/17 00:00:00+00,Diciembre,17,Domingo,1899/12/30 00:00:00+00,02:40:00,2,REGION METROPOLITANA,SAN BERNARDO,COLISION PERPENDICULAR,COLISION,URBANA,CRUCE CON SEÑAL PARE,IMPRUDENCIA DEL CONDUCTOR,CONDUCCION NO ATENTO CONDICIONES TRANSITO MOMENTO,PADRE HURTADO,ROSITA RENARD,PADRE HURTADO - ROSITA RENARD,0, , ,BIDIRECCIONAL CON BANDEJON,ASFALTO,REGULAR,SECO,DESPEJADO,0,1,0,0,13,134,13401,Metropolitana de Santiago,Maipo,San Bernardo,Interseccion,"PADRE HURTADO & ROSITA RENARD, San Bernardo",-33.602174,-70.68188
-8140212.49473372,-4950234.67336759,6486,2023,1578468,2023/12/17 00:00:00+00,Diciembre,17,Domingo,1899/12/30 00:00:00+00,04:35:00,4,REGION LOS LAGOS,OSORNO,COLISION,COLISION,URBANA,TRAMO DE VIA RECTA,ALCOHOL EN CONDUCTOR,CONDUCCION EN ESTADO DE EBRIEDAD,MANUEL RODRIGUEZ,EDUVIGES,EDUVIGES - MANUEL RODRIGUEZ,0, , ,BIDIRECCIONAL CON BANDEJON,CONCRETO,REGULAR,MOJADO,NUBLADO,0,1,1,0,10,103,10301,Los Lagos,Osorno,Osorno,Interseccion,"EDUVIGES & MANUEL RODRIGUEZ, Osorno",-40.577591,-73.124773
-7824302.34041841,-2091425.8703616,6487,2023,1580033,2023/12/17 00:00:00+00,Diciembre,17,Domingo,1899/12/30 00:00:00+00,11:40:00,11,REGION ARICA Y PARINACOTA,ARICA,VOLCADURA,VOLCADURA,URBANA,TRAMO DE VIA RECTA,ALCOHOL EN CONDUCTOR,CONDUCCION EN ESTADO DE EBRIEDAD,ALEJANDRO AZOLAS,EL TENIENTE,ALEJANDRO AZOLAS - EL TENIENTE,0, , ,BIDIRECCIONAL CON BANDEJON,ASFALTO,BUENO,SECO,DESPEJADO,0,0,0,1,15,151,15101,Arica y Parinacota,Arica,Arica,Interseccion,"ALEJANDRO AZOLAS & EL TENIENTE, Arica",-18.459695,-70.286904
-8149605.41069448,-4839813.89075478,6488,2023,1578852,2023/12/17 00:00:00+00,Diciembre,17,Domingo,1899/12/30 00:00:00+00,13:15:00,13,REGION DE LOS RIOS,VALDIVIA,COLISION LATERAL,COLISION,URBANA,CRUCE CON SEÑAL PARE,DESOBEDIENCIA A SEÑALIZACION,SEÑALIZACION DESOBEDECER SEÑAL PARE,LAS ZINNIAS,LOS GIRASOLES,LAS ZINNIAS - LOS GIRASOLES,0, , ,BIDIRECCIONAL,CONCRETO,BUENO,SECO,DESPEJADO,0,0,0,1,14,141,14101,Los Ríos,Valdivia,Valdivia,Interseccion,"LAS ZINNIAS & LOS GIRASOLES, Valdivia",-39.819961,-73.209151
-7869417.70330542,-3972055.31533694,6489,2023,1578480,2023/12/17 00:00:00+00,Diciembre,17,Domingo,1899/12/30 00:00:00+00,14:30:00,14,REGION METROPOLITANA,EL BOSQUE,COLISION POR ALCANCE,COLISION,URBANA,CRUCE CON SEMAFORO FUNCIONANDO,IMPRUDENCIA DEL CONDUCTOR,ADELANTAMIENTO SIN EL ESPACIO O TIEMPO SUFICIENTE,GRAN AVDA JOSE MIGUEL CARRERA,LO BLANCO,GRAN AVDA JOSE MIGUEL CARRERA - LO BLANCO,0, , ,BIDIRECCIONAL CON BANDEJON,CONCRETO,BUENO,SECO,DESPEJADO,0,0,0,0,13,131,13105,Metropolitana de Santiago,Santiago,El Bosque,Interseccion,"GRAN AVDA JOSE MIGUEL CARRERA & LO BLANCO, El Bosque",-33.576337,-70.692182
-7931352.86237881,-3491110.46791755,6490,2023,1579065,2023/12/17 00:00:00+00,Diciembre,17,Domingo,1899/12/30 00:00:00+00,14:45:00,14,REGION COQUIMBO,LA SERENA,CHOQUE POSTERIOR/LADO,CHOQUE,URBANA,TRAMO DE VIA RECTA,IMPRUDENCIA DEL CONDUCTOR,CONDUCCION SIN MANTENER DISTANCIA RAZONABLE NI PRUDENTE,LIBERTADOR BERNARDO O'HIGGINS,GREGORIO CORDOVEZ,GREGORIO CORDOVEZ - LIBERTADOR BERNARDO O'HIGGINS,0, , ,UNIDIRECCIONAL,ASFALTO,BUENO,SECO,DESPEJADO,0,0,0,0,04,041,04101,Coquimbo,Elqui,La Serena,Interseccion,"GREGORIO CORDOVEZ & LIBERTADOR BERNARDO O'HIGGINS, La Serena",-29.903179,-71.248555
-7945271.80620737,-4115014.5562639,6491,2023,1580473,2023/12/17 00:00:00+00,Diciembre,17,Domingo,1899/12/30 00:00:00+00,17:30:00,17,REGION LIB.B.O'HIGGINS,SANTA CRUZ,COLISION LATERAL,COLISION,URBANA,CRUCE CON SEMAFORO FUNCIONANDO,IMPRUDENCIA DEL CONDUCTOR,CONDUCCION NO ATENTO CONDICIONES TRANSITO MOMENTO,21 DE MAYO,BERNARDO O'HIGGINS,21 DE MAYO - BERNARDO O'HIGGINS,0, , ,UNIDIRECCIONAL,ASFALTO,BUENO,SECO,DESPEJADO,0,1,0,0,06,063,06310,Libertador General Bernardo O'Higgins,Colchagua,Santa Cruz,Interseccion,"21 DE MAYO & BERNARDO O'HIGGINS, Santa Cruz",-34.639623,-71.373591
-7917591.50244368,-4157458.65079194,6492,2023,1579924,2023/12/17 00:00:00+00,Diciembre,17,Domingo,1899/12/30 00:00:00+00,19:00:00,19,REGION MAULE,ROMERAL,COLISION,COLISION,URBANA,TRAMO DE VIA RECTA,IMPRUDENCIA DEL CONDUCTOR,CONDUCCION NO ATENTO CONDICIONES TRANSITO MOMENTO,QUILVO,CHILE,CHILE - QUILVO,0, , ,BIDIRECCIONAL,ASFALTO,BUENO,SECO,DESPEJADO,0,0,0,1,07,073,07306,Maule,Curicó,Romeral,Interseccion,"CHILE & QUILVO, Romeral",-34.952726,-71.124935
-7881081.09163379,-3965074.15326862,6493,2023,1579001,2023/12/17 00:00:00+00,Diciembre,17,Domingo,1899/12/30 00:00:00+00,19:00:00,19,REGION METROPOLITANA,MAIPU,COLISION LATERAL,COLISION,URBANA,CRUCE SIN SEÑALIZACION,IMPRUDENCIA DEL CONDUCTOR,CONDUCCION NO ATENTO CONDICIONES TRANSITO MOMENTO,EL CONQUISTADOR,LOS ASTRONOMOS,EL CONQUISTADOR - LOS ASTRONOMOS,0, , ,BIDIRECCIONAL,ASFALTO,BUENO,SECO,DESPEJADO,0,0,0,2,13,131,13119,Metropolitana de Santiago,Santiago,Maipú,Interseccion,"EL CONQUISTADOR & LOS ASTRONOMOS, Maipú",-33.524072,-70.796956
-7807850.4551491,-2296941.05986129,6494,2023,1578553,2023/12/17 00:00:00+00,Diciembre,17,Domingo,1899/12/30 00:00:00+00,22:55:00,22,REGION TARAPACA,IQUIQUE,CHOQUE FRENTE/LADO,CHOQUE,URBANA,TRAMO DE VIA RECTA,ALCOHOL EN CONDUCTOR,CONDUCCION EN ESTADO DE EBRIEDAD,ARTURO PRAT,MAPOCHO,ARTURO PRAT - MAPOCHO,0, , ,UNIDIRECCIONAL,ASFALTO,BUENO,SECO,DESPEJADO,0,1,0,0,01,011,01101,Tarapacá,Iquique,Iquique,Interseccion,"ARTURO PRAT & MAPOCHO, Iquique",-20.201705,-70.139114
-7870970.72152148,-3944532.74848648,6495,2023,1578916,2023/12/18 00:00:00+00,Diciembre,18,Lunes,1899/12/30 00:00:00+00,08:21:00,8,REGION METROPOLITANA,QUILICURA,COLISION LATERAL,COLISION,URBANA,TRAMO DE VIA RECTA,IMPRUDENCIA DEL CONDUCTOR,CONDUCCION NO ATENTO CONDICIONES TRANSITO MOMENTO,AMERICO VESPUCIO,LUIS OLEA,AMERICO VESPUCIO - LUIS OLEA,0, , ,UNIDIRECCIONAL,ASFALTO,REGULAR,SECO,DESPEJADO,0,0,0,0,13,131,13125,Metropolitana de Santiago,Santiago,Quilicura,Interseccion,"AMERICO VESPUCIO & LUIS OLEA, Quilicura",-33.370104,-70.706133
-8137211.43254803,-4411694.94159594,6496,2023,1579103,2023/12/18 00:00:00+00,Diciembre,18,Lunes,1899/12/30 00:00:00+00,11:10:00,11,REGION BIO BIO,HUALPEN,COLISION,COLISION,URBANA,CRUCE CON SEÑAL CEDA EL PASO,DESOBEDIENCIA A SEÑALIZACION,SEÑALIZACION DESOBEDECER SEÑAL CEDA EL PASO,CALLE CUATRO,CALLE UNO,CALLE CUATRO - CALLE UNO,0, , ,BIDIRECCIONAL,CONCRETO,BUENO,SECO,DESPEJADO,0,0,0,1,08,081,08112,Biobío,Concepción,Hualpén,Interseccion,"CALLE CUATRO & CALLE UNO, Hualpén",-36.803086,-73.097814
-7856822.14782504,-3949252.91955294,6497,2023,1582476,2023/12/18 00:00:00+00,Diciembre,18,Lunes,1899/12/30 00:00:00+00,15:50:00,15,REGION METROPOLITANA,LAS CONDES,COLISION,COLISION,URBANA,CRUCE CON SEMAFORO FUNCIONANDO,IMPRUDENCIA DEL CONDUCTOR,CONDUCCION NO ATENTO CONDICIONES TRANSITO MOMENTO,NSTRA SRA DEL ROSARIO,PDTE RIESCO,NSTRA SRA DEL ROSARIO - PDTE RIESCO,0, , ,UNIDIRECCIONAL,ASFALTO,BUENO,SECO,DESPEJADO,0,1,0,0,13,131,13114,Metropolitana de Santiago,Santiago,Las Condes,Interseccion,"NSTRA SRA DEL ROSARIO & PDTE RIESCO, Las Condes",-33.405508,-70.579034
-7867001.17979928,-3943357.0110636,6498,2023,1580253,2023/12/18 00:00:00+00,Diciembre,18,Lunes,1899/12/30 00:00:00+00,16:30:00,16,REGION METROPOLITANA,HUECHURABA,COLISION,COLISION,URBANA,TRAMO DE VIA RECTA,IMPRUDENCIA DEL CONDUCTOR,CONDUCCION NO ATENTO CONDICIONES TRANSITO MOMENTO,PEDRO FONTOVA,EL CARMEN,EL CARMEN - PEDRO FONTOVA,0, , ,BIDIRECCIONAL,ASFALTO,BUENO,SECO,DESPEJADO,0,0,0,0,13,131,13107,Metropolitana de Santiago,Santiago,Huechuraba,Interseccion,"EL CARMEN & PEDRO FONTOVA, Huechuraba",-33.361283,-70.670474
-7876933.43872633,-3952318.60360928,6499,2023,1582080,2023/12/18 00:00:00+00,Diciembre,18,Lunes,1899/12/30 00:00:00+00,18:05:00,18,REGION METROPOLITANA,SANTIAGO,COLISION POR ALCANCE,COLISION,URBANA,TRAMO DE VIA RECTA,IMPRUDENCIA DEL CONDUCTOR,CONDUCCION NO ATENTO CONDICIONES TRANSITO MOMENTO,MARIN,STA ROSA,MARIN - STA ROSA,0, , ,UNIDIRECCIONAL,ASFALTO,BUENO,SECO,DESPEJADO,0,0,0,0,13,131,13101,Metropolitana de Santiago,Santiago,Santiago,Interseccion,"MARIN & STA ROSA, Santiago",-33.428495,-70.759697
-7868219.69916475,-3953318.9301218,6500,2023,1580053,2023/12/18 00:00:00+00,Diciembre,18,Lunes,1899/12/30 00:00:00+00,18:20:00,18,REGION METROPOLITANA,QUINTA NORMAL,COLISION POR ALCANCE,COLISION,URBANA,TRAMO DE VIA RECTA,IMPRUDENCIA DEL CONDUCTOR,CONDUCCION NO ATENTO CONDICIONES TRANSITO MOMENTO,SAN PABLO,PATRICIO LYNCH,PATRICIO LYNCH - SAN PABLO,0, , ,UNIDIRECCIONAL,ASFALTO,REGULAR,SECO,DESPEJADO,0,0,0,0,13,131,13126,Metropolitana de Santiago,Santiago,Quinta Normal,Interseccion,"PATRICIO LYNCH & SAN PABLO, Quinta Normal",-33.435994,-70.68142
-7670689.45818269,-2564470.66211748,6501,2023,1579503,2023/12/18 00:00:00+00,Diciembre,18,Lunes,1899/12/30 00:00:00+00,18:30:00,18,REGION ANTOFAGASTA,CALAMA,COLISION,COLISION,URBANA,CRUCE CON SEÑAL PARE,DESOBEDIENCIA A SEÑALIZACION,SEÑALIZACION DESOBEDECER SEÑAL PARE,SAN BARTOLO,TAIRA,SAN BARTOLO - TAIRA,0, , ,BIDIRECCIONAL,ASFALTO,BUENO,SECO,DESPEJADO,0,1,1,0,02,022,02201,Antofagasta,El Loa,Calama,Interseccion,"SAN BARTOLO & TAIRA, Calama",-22.440295,-68.906976
-7933003.61908552,-3490412.0346543,6502,2023,1579189,2023/12/18 00:00:00+00,Diciembre,18,Lunes,1899/12/30 00:00:00+00,19:20:00,19,REGION COQUIMBO,LA SERENA,COLISION LATERAL,COLISION,URBANA,CRUCE SIN SEÑALIZACION,IMPRUDENCIA DEL CONDUCTOR,CONDUCCION NO ATENTO CONDICIONES TRANSITO MOMENTO,BOLOGNA,BARI,BARI - BOLOGNA,0, , ,BIDIRECCIONAL,ASFALTO,BUENO,SECO,DESPEJADO,0,1,0,0,04,041,04101,Coquimbo,Elqui,La Serena,Interseccion,"BARI & BOLOGNA, La Serena",-29.89774,-71.263384
-7930426.35023467,-4161673.18905801,6503,2023,1582126,2023/12/18 00:00:00+00,Diciembre,18,Lunes,1899/12/30 00:00:00+00,20:00:00,20,REGION MAULE,CURICO,COLISION LATERAL,COLISION,URBANA,CRUCE CON SEMAFORO FUNCIONANDO,IMPRUDENCIA DEL CONDUCTOR,ADELANTAMIENTO SIN EL ESPACIO O TIEMPO SUFICIENTE,YUNGAY,ARTURO PRAT,ARTURO PRAT - YUNGAY,0, , ,UNIDIRECCIONAL,ASFALTO,BUENO,SECO,DESPEJADO,0,0,0,0,07,073,07301,Maule,Curicó,Curicó,Interseccion,"ARTURO PRAT & YUNGAY, Curicó",-34.983751,-71.240232
-7928868.32264153,-3491964.07476015,6504,2023,1579528,2023/12/18 00:00:00+00,Diciembre,18,Lunes,1899/12/30 00:00:00+00,22:18:00,22,REGION COQUIMBO,LA SERENA,ATROPELLO,ATROPELLO,URBANA,CRUCE CON SEÑAL CEDA EL PASO,DESOBEDIENCIA A SEÑALIZACION,SEÑALIZACION DESOBEDECER SEÑAL CEDA EL PASO,COLO COLO,BAQUEDANO,BAQUEDANO - COLO COLO,0, , ,BIDIRECCIONAL CON BANDEJON,CONCRETO,BUENO,SECO,DESPEJADO,0,0,0,1,04,041,04101,Coquimbo,Elqui,La Serena,Interseccion,"BAQUEDANO & COLO COLO, La Serena",-29.909826,-71.226236
-7873466.73829826,-3862229.26385041,6505,2023,1580927,2023/12/18 00:00:00+00,Diciembre,18,Lunes,1899/12/30 00:00:00+00,22:23:00,22,REGION VALPARAISO,SAN FELIPE,COLISION,COLISION,URBANA,TRAMO DE VIA RECTA,DESOBEDIENCIA A SEÑALIZACION,SEÑALIZACION DESOBEDECER SEÑAL PARE,MERCED,NAVARRO,MERCED - NAVARRO,0, , ,UNIDIRECCIONAL,CONCRETO,BUENO,SECO,DESPEJADO,0,0,0,1,05,057,05701,Valparaíso,San Felipe de Aconcagua,San Felipe,Interseccion,"MERCED & NAVARRO, San Felipe",-32.750467,-70.728555
-7879961.88547336,-3965167.49253357,6506,2023,1579467,2023/12/18 00:00:00+00,Diciembre,18,Lunes,1899/12/30 00:00:00+00,22:25:00,22,REGION METROPOLITANA,MAIPU,COLISION LATERAL,COLISION,URBANA,CRUCE CON SEÑAL PARE,DESOBEDIENCIA A SEÑALIZACION,SEÑALIZACION DESOBEDECER SEÑAL PARE,LAS NACIONES,NVA SAN MARTIN,LAS NACIONES - NVA SAN MARTIN,0, , ,BIDIRECCIONAL CON BANDEJON,ASFALTO,BUENO,SECO,DESPEJADO,0,0,0,0,13,131,13119,Metropolitana de Santiago,Santiago,Maipú,Interseccion,"LAS NACIONES & NVA SAN MARTIN, Maipú",-33.524771,-70.786902
-8051264.77068568,-4508289.43284885,6507,2023,1579079,2023/12/19 00:00:00+00,Diciembre,19,Martes,1899/12/30 00:00:00+00,08:00:00,8,REGION BIO BIO,LOS ANGELES,COLISION LATERAL,COLISION,URBANA,TRAMO DE VIA RECTA,IMPRUDENCIA DEL CONDUCTOR,CONDUCCION NO ATENTO CONDICIONES TRANSITO MOMENTO,LAS INDUSTRIAS,LA FRONTERA,LA FRONTERA - LAS INDUSTRIAS,0, , ,BIDIRECCIONAL,ASFALTO,BUENO,SECO,DESPEJADO,0,0,0,0,08,083,08301,Biobío,Biobío,Los Angeles,Interseccion,"LA FRONTERA & LAS INDUSTRIAS, Los Angeles",-37.494712,-72.325742
-7857401.98878868,-3950454.70094918,6508,2023,1582473,2023/12/19 00:00:00+00,Diciembre,19,Martes,1899/12/30 00:00:00+00,09:00:00,9,REGION METROPOLITANA,LAS CONDES,COLISION,COLISION,URBANA,OTROS NO CONSIDERADOS,IMPRUDENCIA DEL CONDUCTOR,CONDUCCION NO ATENTO CONDICIONES TRANSITO MOMENTO,AMERICO VESPUCIO SUR,APOQUINDO,AMERICO VESPUCIO SUR - APOQUINDO,0, , ,BIDIRECCIONAL CON BANDEJON,ASFALTO,BUENO,SECO,DESPEJADO,0,0,0,0,13,131,13114,Metropolitana de Santiago,Santiago,Las Condes,Interseccion,"AMERICO VESPUCIO SUR & APOQUINDO, Las Condes",-33.41452,-70.584243
-7858688.39682429,-3965652.49496467,6509,2023,1584081,2023/12/19 00:00:00+00,Diciembre,19,Martes,1899/12/30 00:00:00+00,10:50:00,10,REGION METROPOLITANA,LA FLORIDA,ATROPELLO,ATROPELLO,URBANA,CRUCE CON SEMAFORO FUNCIONANDO,IMPRUDENCIA DEL PEATON,PEATON CRUZA CALZADA FORMA SORPRESIVA O DESCUIDADA,GERONIMO DE ALDERETE,VICUÑA MACKENNA,GERONIMO DE ALDERETE - VICUÑA MACKENNA,0, , ,BIDIRECCIONAL,ASFALTO,BUENO,SECO,DESPEJADO,0,1,0,1,13,131,13110,Metropolitana de Santiago,Santiago,La Florida,Interseccion,"GERONIMO DE ALDERETE & VICUÑA MACKENNA, La Florida",-33.528403,-70.595799
-7975570.85655324,-4222624.48012828,6510,2023,1581804,2023/12/19 00:00:00+00,Diciembre,19,Martes,1899/12/30 00:00:00+00,11:25:00,11,REGION MAULE,TALCA,CHOQUE FRENTE/POSTERIOR,CHOQUE,URBANA,TRAMO DE VIA RECTA,DESOBEDIENCIA A SEÑALIZACION,SEÑALIZACION DESOBEDECER LUZ ROJA DE SEMAFORO,14 ORIENTE,MONSEÑOR MANUEL LARRAIN,14 ORIENTE - MONSEÑOR MANUEL LARRAIN,0, , ,UNIDIRECCIONAL,CONCRETO,BUENO,SECO,DESPEJADO,0,0,0,0,07,071,07101,Maule,Talca,Talca,Interseccion,"14 ORIENTE & MONSEÑOR MANUEL LARRAIN, Talca",-35.431123,-71.645772
-7835845.09189253,-2712567.67318828,6511,2023,1578895,2023/12/19 00:00:00+00,Diciembre,19,Martes,1899/12/30 00:00:00+00,11:30:00,11,REGION ANTOFAGASTA,ANTOFAGASTA,COLISION,COLISION,URBANA,TRAMO DE VIA RECTA,OTRAS CAUSAS,HECHO DELICTUAL,PADRE ALBERTO HURTADO,TEGUALDA,PADRE ALBERTO HURTADO - TEGUALDA,0, , ,BIDIRECCIONAL,ASFALTO,BUENO,SECO,DESPEJADO,0,0,0,2,02,021,02101,Antofagasta,Antofagasta,Antofagasta,Interseccion,"PADRE ALBERTO HURTADO & TEGUALDA, Antofagasta",-23.664407,-70.390594