X,Y,FID,Año,IdAccident,Fecha,Mes,Dia_mes,Dia_semana,Hora,Hora_texto,Hora_aprox,Región,Comuna,Tipo_Accid,Tipo__CONA,Zona,Ubicación,Causa__CON,Causa_Acci,Calle_Uno,Calle_Dos,Intersecci,Número,Ruta,Ubicaci_1,Calzada,Tipo_Calza,Estado_Cal,Condición,Estado_Atm,Fallecidos,Graves,Menos_Grav,Leves,CUT_REG,CUT_PROV,CUT_COM,REGION,PROVINCIA,COMUNA1,Tipo_direc,Direccion,Lat,Lon
-7852064.99844158,-3958222.2534609,6512,2023,1579489,2023/12/19 00:00:00+00,Diciembre,19,Martes,1899/12/30 00:00:00+00,11:30:00,11,REGION METROPOLITANA,PEÑALOLEN,COLISION FRONTAL,COLISION,URBANA,CRUCE CON SEMAFORO FUNCIONANDO,IMPRUDENCIA DEL CONDUCTOR,CONDUCCION CONTRA SENTIDO DEL TRANSITO,LAS PARCELAS,JACARANDA,JACARANDA - LAS PARCELAS,0, , ,BIDIRECCIONAL,CONCRETO,BUENO,SECO,DESPEJADO,0,0,0,1,13,131,13122,Metropolitana de Santiago,Santiago,Peñalolén,Interseccion,"JACARANDA & LAS PARCELAS, Peñalolén",-33.472744,-70.5363
-7865206.93224667,-3956536.86640299,6513,2023,1583554,2023/12/19 00:00:00+00,Diciembre,19,Martes,1899/12/30 00:00:00+00,11:40:00,11,REGION METROPOLITANA,SANTIAGO,COLISION FRONTAL,COLISION,URBANA,CRUCE CON SEÑAL PARE,DESOBEDIENCIA A SEÑALIZACION,SEÑALIZACION DESOBEDECER SEÑAL PARE,MANUEL ANTONIO MATTA,ALDUNATE,ALDUNATE - MANUEL ANTONIO MATTA,0, , ,BIDIRECCIONAL CON BANDEJON,CONCRETO,BUENO,SECO,DESPEJADO,0,0,0,1,13,131,13101,Metropolitana de Santiago,Santiago,Santiago,Interseccion,"ALDUNATE & MANUEL ANTONIO MATTA, Santiago",-33.460114,-70.654356
-8138562.73988017,-4409413.73865924,6514,2023,1579127,2023/12/19 00:00:00+00,Diciembre,19,Martes,1899/12/30 00:00:00+00,12:50:00,12,REGION BIO BIO,HUALPEN,COLISION,COLISION,URBANA,CRUCE CON SEMAFORO FUNCIONANDO,IMPRUDENCIA DEL CONDUCTOR,CONDUCCION CAMBIAR SORPRESIVAMENTE PISTA CIRCULACION,CRISTOBAL COLON,LOS COPIHUES,CRISTOBAL COLON - LOS COPIHUES,0, , ,BIDIRECCIONAL,CONCRETO,BUENO,SECO,DESPEJADO,0,0,0,0,08,081,08112,Biobío,Concepción,Hualpén,Interseccion,"CRISTOBAL COLON & LOS COPIHUES, Hualpén",-36.786676,-73.109953
-7859417.57285144,-3873007.29184031,6515,2023,1579167,2023/12/19 00:00:00+00,Diciembre,19,Martes,1899/12/30 00:00:00+00,14:35:00,14,REGION VALPARAISO,LOS ANDES,COLISION POR ALCANCE,COLISION,URBANA,TRAMO DE VIA RECTA,IMPRUDENCIA DEL CONDUCTOR,CONDUCCION NO ATENTO CONDICIONES TRANSITO MOMENTO,ESMERALDA,SANTA TERESA,ESMERALDA - SANTA TERESA,0, , ,BIDIRECCIONAL,ASFALTO,BUENO,SECO,DESPEJADO,0,0,0,1,05,053,05301,Valparaíso,Los Andes,Los Andes,Interseccion,"ESMERALDA & SANTA TERESA, Los Andes",-32.831859,-70.602349
-7932596.55707014,-3494924.50409278,6516,2023,1579245,2023/12/19 00:00:00+00,Diciembre,19,Martes,1899/12/30 00:00:00+00,18:00:00,18,REGION COQUIMBO,LA SERENA,COLISION LATERAL,COLISION,URBANA,CRUCE SIN SEÑALIZACION,IMPRUDENCIA DEL CONDUCTOR,CONDUCCION NO ATENTO CONDICIONES TRANSITO MOMENTO,4 ESQUINAS,JOSE MANUEL BALMACEDA,4 ESQUINAS - JOSE MANUEL BALMACEDA,0, , ,BIDIRECCIONAL CON BANDEJON,ASFALTO,BUENO,SECO,DESPEJADO,0,0,0,1,04,041,04101,Coquimbo,Elqui,La Serena,Interseccion,"4 ESQUINAS & JOSE MANUEL BALMACEDA, La Serena",-29.932875,-71.259727
-7860940.39012304,-3967321.44891425,6517,2023,1580792,2023/12/19 00:00:00+00,Diciembre,19,Martes,1899/12/30 00:00:00+00,18:00:00,18,REGION METROPOLITANA,LA GRANJA,COLISION LATERAL,COLISION,URBANA,ENLACE A DESNIVEL,IMPRUDENCIA DEL CONDUCTOR,CONDUCCION NO ATENTO CONDICIONES TRANSITO MOMENTO,CORONEL,AMERICO VESPUCIO,AMERICO VESPUCIO - CORONEL,0, , ,BIDIRECCIONAL,ASFALTO,BUENO,SECO,DESPEJADO,0,0,0,1,13,131,13111,Metropolitana de Santiago,Santiago,La Granja,Interseccion,"AMERICO VESPUCIO & CORONEL, La Granja",-33.5409,-70.616029
-7825288.48651395,-2093913.22633622,6518,2023,1580164,2023/12/19 00:00:00+00,Diciembre,19,Martes,1899/12/30 00:00:00+00,21:00:00,21,REGION ARICA Y PARINACOTA,ARICA,VOLCADURA,VOLCADURA,URBANA,TRAMO DE VIA RECTA,VELOCIDAD IMPRUDENTE,VELOCIDAD NO RAZONABLE NI PRUDENTE,DIEGO PORTALES,TUCAPEL,DIEGO PORTALES - TUCAPEL,0, , ,BIDIRECCIONAL,ASFALTO,BUENO,SECO,DESPEJADO,0,1,0,0,15,151,15101,Arica y Parinacota,Arica,Arica,Interseccion,"DIEGO PORTALES & TUCAPEL, Arica",-18.480888,-70.295763
-7866753.66159055,-3949337.91870538,6519,2023,1579330,2023/12/19 00:00:00+00,Diciembre,19,Martes,1899/12/30 00:00:00+00,21:00:00,21,REGION METROPOLITANA,INDEPENDENCIA,COLISION LATERAL,COLISION,URBANA,CRUCE CON SEÑAL PARE,IMPRUDENCIA DEL CONDUCTOR,ADELANTAMIENTO SIN EL ESPACIO O TIEMPO SUFICIENTE,FERMIN VIVACETA,LAS ENREDADERAS,FERMIN VIVACETA - LAS ENREDADERAS,0, , ,BIDIRECCIONAL,ASFALTO,BUENO,SECO,DESPEJADO,0,0,0,2,13,131,13108,Metropolitana de Santiago,Santiago,Independencia,Interseccion,"FERMIN VIVACETA & LAS ENREDADERAS, Independencia",-33.406146,-70.668251
-8081409.64351453,-4684136.15091166,6520,2023,1579195,2023/12/19 00:00:00+00,Diciembre,19,Martes,1899/12/30 00:00:00+00,21:19:00,21,REGION ARAUCANIA,TEMUCO,ATROPELLO,ATROPELLO,URBANA,CRUCE CON SEMAFORO FUNCIONANDO,DESOBEDIENCIA A SEÑALIZACION,SEÑALIZACION DESOBEDECER LUZ ROJA DE SEMAFORO,CAUPOLICAN,MANUEL MONTT,CAUPOLICAN - MANUEL MONTT,0, , ,BIDIRECCIONAL CON BANDEJON,CONCRETO,BUENO,MOJADO,LLUVIA,0,0,0,1,09,091,09101,La Araucanía,Cautín,Temuco,Interseccion,"CAUPOLICAN & MANUEL MONTT, Temuco",-38.737472,-72.596538
-7863087.73196849,-3953426.48413677,6521,2023,1581156,2023/12/19 00:00:00+00,Diciembre,19,Martes,1899/12/30 00:00:00+00,21:40:00,21,REGION METROPOLITANA,SANTIAGO,COLISION FRONTAL,COLISION,URBANA,CRUCE CON SEMAFORO FUNCIONANDO,IMPRUDENCIA DEL CONDUCTOR,CONDUCCION NO ATENTO CONDICIONES TRANSITO MOMENTO,MERCED,VICUÑA MACKENNA,MERCED - VICUÑA MACKENNA,0, , ,UNIDIRECCIONAL,ASFALTO,BUENO,SECO,DESPEJADO,0,1,0,0,13,131,13101,Metropolitana de Santiago,Santiago,Santiago,Interseccion,"MERCED & VICUÑA MACKENNA, Santiago",-33.4368,-70.635319
-7837977.09384536,-2715135.80364911,6522,2023,1578896,2023/12/19 00:00:00+00,Diciembre,19,Martes,1899/12/30 00:00:00+00,21:50:00,21,REGION ANTOFAGASTA,ANTOFAGASTA,VOLCADURA,VOLCADURA,URBANA,TRAMO DE VIA RECTA,VELOCIDAD IMPRUDENTE,VELOCIDAD NO RAZONABLE NI PRUDENTE,ARGENTINA,TRUMAO,ARGENTINA - TRUMAO,0, , ,BIDIRECCIONAL,ASFALTO,REGULAR,OTROS,DESPEJADO,0,0,1,0,02,021,02101,Antofagasta,Antofagasta,Antofagasta,Interseccion,"ARGENTINA & TRUMAO, Antofagasta",-23.685536,-70.409746
-7858601.04015633,-3964219.22043691,6523,2023,1579334,2023/12/20 00:00:00+00,Diciembre,20,Miércoles,1899/12/30 00:00:00+00,01:15:00,1,REGION METROPOLITANA,LA FLORIDA,COLISION LATERAL,COLISION,URBANA,CRUCE CON SEMAFORO FUNCIONANDO,VELOCIDAD IMPRUDENTE,VELOCIDAD NO RAZONABLE NI PRUDENTE,FROILAN ROA,AMERICO VESPUCIO,AMERICO VESPUCIO - FROILAN ROA,0, , ,BIDIRECCIONAL CON BANDEJON,ASFALTO,BUENO,SECO,DESPEJADO,1,0,0,0,13,131,13110,Metropolitana de Santiago,Santiago,La Florida,Interseccion,"AMERICO VESPUCIO & FROILAN ROA, La Florida",-33.517669,-70.595014
-7902738.29856763,-4108049.97632039,6524,2023,1580020,2023/12/20 00:00:00+00,Diciembre,20,Miércoles,1899/12/30 00:00:00+00,07:45:00,7,REGION LIB.B.O'HIGGINS,SAN FERNANDO,COLISION LATERAL,COLISION,URBANA,CRUCE CON SEÑAL PARE,DESOBEDIENCIA A SEÑALIZACION,SEÑALIZACION DESOBEDECER SEÑAL PARE,ANGOSTURA,CAMINO ALTERNATIVO,ANGOSTURA - CAMINO ALTERNATIVO,0, , ,BIDIRECCIONAL,ASFALTO,BUENO,SECO,DESPEJADO,0,1,0,0,06,063,06301,Libertador General Bernardo O'Higgins,Colchagua,San Fernando,Interseccion,"ANGOSTURA & CAMINO ALTERNATIVO, San Fernando",-34.588133,-70.991506
-7964165.06149317,-3899094.21810949,6525,2023,1579775,2023/12/20 00:00:00+00,Diciembre,20,Miércoles,1899/12/30 00:00:00+00,08:00:00,8,REGION VALPARAISO,VIÑA DEL MAR,VOLCADURA,VOLCADURA,URBANA,TRAMO DE VIA RECTA,IMPRUDENCIA DEL CONDUCTOR,CONDUCCION NO ATENTO CONDICIONES TRANSITO MOMENTO,ALVAREZ,SIMON BOLIVAR,ALVAREZ - SIMON BOLIVAR,0, , ,BIDIRECCIONAL,CONCRETO,BUENO,SECO,DESPEJADO,0,1,0,0,05,051,05109,Valparaíso,Valparaíso,Viña del Mar,Interseccion,"ALVAREZ & SIMON BOLIVAR, Viña del Mar",-33.028551,-71.543312
-8012512.89746767,-4760744.99232878,6526,2023,1581138,2023/12/20 00:00:00+00,Diciembre,20,Miércoles,1899/12/30 00:00:00+00,09:40:00,9,REGION ARAUCANIA,PUCON,COLISION FRONTAL,COLISION,URBANA,TRAMO DE VIA RECTA,IMPRUDENCIA DEL CONDUCTOR,CONDUCCION NO ATENTO CONDICIONES TRANSITO MOMENTO,SPCHERL,COLO COLO,COLO COLO - SPCHERL,0, , ,BIDIRECCIONAL,ASFALTO,BUENO,SECO,DESPEJADO,0,0,0,1,09,091,09115,La Araucanía,Cautín,Pucón,Interseccion,"COLO COLO & SPCHERL, Pucón",-39.272254,-71.977628
-7872609.28876621,-3862001.55346509,6527,2023,1580960,2023/12/20 00:00:00+00,Diciembre,20,Miércoles,1899/12/30 00:00:00+00,10:00:00,10,REGION VALPARAISO,SAN FELIPE,CHOQUE,CHOQUE,URBANA,TRAMO DE VIA RECTA,IMPRUDENCIA DEL CONDUCTOR,CONDUCIR VEHICULO EN RETROCESO,VENEZUELA,TORO MAZOTE,TORO MAZOTE - VENEZUELA,0, , ,BIDIRECCIONAL,CONCRETO,REGULAR,SECO,DESPEJADO,0,0,0,0,05,057,05701,Valparaíso,San Felipe de Aconcagua,San Felipe,Interseccion,"TORO MAZOTE & VENEZUELA, San Felipe",-32.748747,-70.720853
-8082001.08395799,-4683461.13893746,6528,2023,1579428,2023/12/20 00:00:00+00,Diciembre,20,Miércoles,1899/12/30 00:00:00+00,11:30:00,11,REGION ARAUCANIA,TEMUCO,COLISION LATERAL,COLISION,URBANA,TRAMO DE VIA RECTA,IMPRUDENCIA DEL CONDUCTOR,CONDUCCION NO ATENTO CONDICIONES TRANSITO MOMENTO,PEDRO DE VALDIVIA,CALLEJON DARIO SALAS,CALLEJON DARIO SALAS - PEDRO DE VALDIVIA,0, , ,BIDIRECCIONAL CON BANDEJON,CONCRETO,BUENO,SECO,DESPEJADO,0,0,0,0,09,091,09101,La Araucanía,Cautín,Temuco,Interseccion,"CALLEJON DARIO SALAS & PEDRO DE VALDIVIA, Temuco",-38.732742,-72.601851
-7973762.24876406,-4223052.92782067,6529,2023,1580086,2023/12/20 00:00:00+00,Diciembre,20,Miércoles,1899/12/30 00:00:00+00,16:30:00,16,REGION MAULE,TALCA,COLISION LATERAL,COLISION,URBANA,CRUCE CON SEMAFORO FUNCIONANDO,IMPRUDENCIA DEL CONDUCTOR,NO RESPETAR DERECHO PREFERENTE DE PASO A VEHICULO,30 ORIENTE,SAN MIGUEL,30 ORIENTE - SAN MIGUEL,0, , ,BIDIRECCIONAL CON BANDEJON,ASFALTO,BUENO,SECO,DESPEJADO,0,0,0,0,07,071,07101,Maule,Talca,Talca,Interseccion,"30 ORIENTE & SAN MIGUEL, Talca",-35.434259,-71.629525
-8135341.93305304,-4908336.93745917,6530,2023,1579515,2023/12/20 00:00:00+00,Diciembre,20,Miércoles,1899/12/30 00:00:00+00,19:00:00,19,REGION DE LOS RIOS,LA UNION,IMPACTO CON ANIMAL,OTRO TIPO,URBANA,TRAMO DE VIA RECTA,DEFICIENCIAS VIALES,ANIMALES SUELTOS VIA PUBLICA,ARTURO PRAT,ALVAREZ,ALVAREZ - ARTURO PRAT,0, , ,BIDIRECCIONAL,CONCRETO,BUENO,SECO,DESPEJADO,0,0,0,2,14,142,14201,Los Ríos,Ranco,La Unión,Interseccion,"ALVAREZ & ARTURO PRAT, La Unión",-40.291115,-73.08102
-7859366.77780119,-3960937.5376443,6531,2023,1580050,2023/12/20 00:00:00+00,Diciembre,20,Miércoles,1899/12/30 00:00:00+00,19:00:00,19,REGION METROPOLITANA,MACUL,COLISION POR ALCANCE,COLISION,URBANA,CRUCE CON SEÑAL CEDA EL PASO,ALCOHOL EN CONDUCTOR,CONDUCCION EN ESTADO DE EBRIEDAD,EXEQUIEL FERNANDEZ,VICTOR DOMINGO SILVA,EXEQUIEL FERNANDEZ - VICTOR DOMINGO SILVA,0, , ,BIDIRECCIONAL,ASFALTO,BUENO,SECO,DESPEJADO,0,0,0,1,13,131,13118,Metropolitana de Santiago,Santiago,Macul,Interseccion,"EXEQUIEL FERNANDEZ & VICTOR DOMINGO SILVA, Macul",-33.493088,-70.601893
-7853779.09596082,-3956874.72479258,6532,2023,1570947,2023/10/13 00:00:00+00,Octubre,13,Viernes,1899/12/30 00:00:00+00,07:05:00,7,REGION METROPOLITANA,LA REINA,OTRO TIPO,OTRO TIPO,URBANA,CRUCE CON SEMAFORO FUNCIONANDO,IMPRUDENCIA DEL CONDUCTOR,CONDUCCION SIN MANTENER DISTANCIA RAZONABLE NI PRUDENTE,JOSE ARRIETA,TOBALABA,JOSE ARRIETA - TOBALABA,0, , ,BIDIRECCIONAL,CONCRETO,BUENO,SECO,DESPEJADO,0,1,0,0,13,131,13113,Metropolitana de Santiago,Santiago,La Reina,Interseccion,"JOSE ARRIETA & TOBALABA, La Reina",-33.462646,-70.551698
-7971494.00283079,-3972316.5313222,6533,2023,1571268,2023/10/13 00:00:00+00,Octubre,13,Viernes,1899/12/30 00:00:00+00,08:05:00,8,REGION VALPARAISO,SAN ANTONIO,COLISION PERPENDICULAR,COLISION,URBANA,CRUCE CON SEÑAL CEDA EL PASO,IMPRUDENCIA DEL CONDUCTOR,CONDUCCION NO ATENTO CONDICIONES TRANSITO MOMENTO,HERMANOS CARRERA,JOSE MANUEL BALMACEDA,HERMANOS CARRERA - JOSE MANUEL BALMACEDA,0, , ,BIDIRECCIONAL,ASFALTO,BUENO,SECO,DESPEJADO,0,0,0,1,05,056,05601,Valparaíso,San Antonio,San Antonio,Interseccion,"HERMANOS CARRERA & JOSE MANUEL BALMACEDA, San Antonio",-33.578292,-71.609149
-8136838.51228727,-4409828.10002574,6534,2023,1565041,2023/10/13 00:00:00+00,Octubre,13,Viernes,1899/12/30 00:00:00+00,09:50:00,9,REGION BIO BIO,HUALPEN,COLISION,COLISION,URBANA,CRUCE CON SEÑAL CEDA EL PASO,IMPRUDENCIA DEL CONDUCTOR,CONDUCCION NO ATENTO CONDICIONES TRANSITO MOMENTO,LA RECONQUISTA,PATRIA VIEJA,LA RECONQUISTA - PATRIA VIEJA,0, , ,BIDIRECCIONAL,CONCRETO,BUENO,SECO,DESPEJADO,0,0,0,0,08,081,08112,Biobío,Concepción,Hualpén,Interseccion,"LA RECONQUISTA & PATRIA VIEJA, Hualpén",-36.789657,-73.094464
-8138281.32420744,-4950943.4847531,6535,2023,1565569,2023/10/13 00:00:00+00,Octubre,13,Viernes,1899/12/30 00:00:00+00,10:20:00,10,REGION LOS LAGOS,OSORNO,COLISION,COLISION,URBANA,CRUCE CON SEMAFORO FUNCIONANDO,IMPRUDENCIA DEL CONDUCTOR,CONDUCCION SIN MANTENER DISTANCIA RAZONABLE NI PRUDENTE,GREGORIO ARGOMEDO,AMADOR BARRIENTOS,AMADOR BARRIENTOS - GREGORIO ARGOMEDO,0, , ,UNIDIRECCIONAL,CONCRETO,BUENO,SECO,DESPEJADO,0,0,0,0,10,103,10301,Los Lagos,Osorno,Osorno,Interseccion,"AMADOR BARRIENTOS & GREGORIO ARGOMEDO, Osorno",-40.582427,-73.107425
-7862657.71590751,-3955160.31555835,6536,2023,1566635,2023/10/13 00:00:00+00,Octubre,13,Viernes,1899/12/30 00:00:00+00,11:00:00,11,REGION METROPOLITANA,PROVIDENCIA,COLISION POR ALCANCE,COLISION,URBANA,TRAMO DE VIA RECTA,IMPRUDENCIA DEL CONDUCTOR,CONDUCCION NO ATENTO CONDICIONES TRANSITO MOMENTO,VICUÑA MACKENNA,MALAQUIAS CONCHA,MALAQUIAS CONCHA - VICUÑA MACKENNA,0, , ,BIDIRECCIONAL,ASFALTO,BUENO,SECO,DESPEJADO,0,0,0,0,13,131,13123,Metropolitana de Santiago,Santiago,Providencia,Interseccion,"MALAQUIAS CONCHA & VICUÑA MACKENNA, Providencia",-33.449797,-70.631456
-7839292.22225394,-2716303.8476127,6537,2023,1565230,2023/10/13 00:00:00+00,Octubre,13,Viernes,1899/12/30 00:00:00+00,12:30:00,12,REGION ANTOFAGASTA,ANTOFAGASTA,COLISION,COLISION,URBANA,TRAMO DE VIA RECTA,IMPRUDENCIA DEL CONDUCTOR,CONDUCCION NO ATENTO CONDICIONES TRANSITO MOMENTO,CERRO PARANAL,EJERCITO,CERRO PARANAL - EJERCITO,0, , ,BIDIRECCIONAL,ASFALTO,BUENO,SECO,DESPEJADO,0,0,1,0,02,021,02101,Antofagasta,Antofagasta,Antofagasta,Interseccion,"CERRO PARANAL & EJERCITO, Antofagasta",-23.695144,-70.42156
-7824897.62139543,-2094323.98715596,6538,2023,1565272,2023/10/13 00:00:00+00,Octubre,13,Viernes,1899/12/30 00:00:00+00,13:15:00,13,REGION ARICA Y PARINACOTA,ARICA,ATROPELLO,ATROPELLO,URBANA,TRAMO DE VIA RECTA,IMPRUDENCIA DEL PEATON,PEATON CRUZA CALZADA FORMA SORPRESIVA O DESCUIDADA,DIEGO PORTALES,LAS ACACIAS,DIEGO PORTALES - LAS ACACIAS,0, , ,BIDIRECCIONAL CON BANDEJON,ASFALTO,BUENO,SECO,DESPEJADO,0,0,0,1,15,151,15101,Arica y Parinacota,Arica,Arica,Interseccion,"DIEGO PORTALES & LAS ACACIAS, Arica",-18.484388,-70.292251
-8055191.00912596,-4504707.35148982,6539,2023,1567699,2023/10/13 00:00:00+00,Octubre,13,Viernes,1899/12/30 00:00:00+00,14:20:00,14,REGION BIO BIO,LOS ANGELES,COLISION FRONTAL,COLISION,URBANA,TRAMO DE VIA RECTA,IMPRUDENCIA DEL CONDUCTOR,CONDUCCION NO ATENTO CONDICIONES TRANSITO MOMENTO,MENDOZA,COLO COLO,COLO COLO - MENDOZA,0, , ,UNIDIRECCIONAL,CONCRETO,BUENO,SECO,DESPEJADO,0,0,0,1,08,083,08301,Biobío,Biobío,Los Angeles,Interseccion,"COLO COLO & MENDOZA, Los Angeles",-37.469177,-72.361012
-7873532.18300463,-3942897.59816108,6540,2023,1564989,2023/10/13 00:00:00+00,Octubre,13,Viernes,1899/12/30 00:00:00+00,15:00:00,15,REGION METROPOLITANA,QUILICURA,COLISION LATERAL,COLISION,URBANA,CRUCE CON SEMAFORO FUNCIONANDO,DESOBEDIENCIA A SEÑALIZACION,SEÑALIZACION DESOBEDECER LUZ ROJA DE SEMAFORO,LO MARCOLETA,LIBER BERNARDO O'HIGGINS,LIBER BERNARDO O'HIGGINS - LO MARCOLETA,0, , ,BIDIRECCIONAL,ASFALTO,BUENO,SECO,DESPEJADO,0,1,0,0,13,131,13125,Metropolitana de Santiago,Santiago,Quilicura,Interseccion,"LIBER BERNARDO O'HIGGINS & LO MARCOLETA, Quilicura",-33.357836,-70.729143
-7851323.17545161,-3951203.14268332,6541,2023,1566337,2023/10/13 00:00:00+00,Octubre,13,Viernes,1899/12/30 00:00:00+00,15:00:00,15,REGION METROPOLITANA,LAS CONDES,COLISION LATERAL,COLISION,URBANA,TRAMO DE VIA RECTA,IMPRUDENCIA DEL CONDUCTOR,CONDUCCION NO ATENTO CONDICIONES TRANSITO MOMENTO,VITAL APOQUINDO,MARISOL,MARISOL - VITAL APOQUINDO,0, , ,BIDIRECCIONAL CON BANDEJON,CONCRETO,BUENO,SECO,DESPEJADO,0,0,0,1,13,131,13114,Metropolitana de Santiago,Santiago,Las Condes,Interseccion,"MARISOL & VITAL APOQUINDO, Las Condes",-33.420132,-70.529636
-7873302.53089512,-3953794.33378976,6542,2023,1565476,2023/10/13 00:00:00+00,Octubre,13,Viernes,1899/12/30 00:00:00+00,15:41:00,15,REGION METROPOLITANA,LO PRADO,COLISION PERPENDICULAR,COLISION,URBANA,CRUCE CON SEÑAL CEDA EL PASO,DESOBEDIENCIA A SEÑALIZACION,SEÑALIZACION DESOBEDECER SEÑAL CEDA EL PASO,LOS COPIHUES,LOS RETAMOS,LOS COPIHUES - LOS RETAMOS,0, , ,BIDIRECCIONAL,ASFALTO,BUENO,SECO,DESPEJADO,0,0,0,0,13,131,13117,Metropolitana de Santiago,Santiago,Lo Prado,Interseccion,"LOS COPIHUES & LOS RETAMOS, Lo Prado",-33.439558,-70.72708
-7873872.59800748,-3944261.36261938,6543,2023,1564983,2023/10/13 00:00:00+00,Octubre,13,Viernes,1899/12/30 00:00:00+00,17:10:00,17,REGION METROPOLITANA,QUILICURA,COLISION POR ALCANCE,COLISION,URBANA,CRUCE CON SEÑAL CEDA EL PASO,IMPRUDENCIA DEL CONDUCTOR,CONDUCCION NO ATENTO CONDICIONES TRANSITO MOMENTO,JOSE FRANCISCO VERGARA,RAIMUNDO ROMO,JOSE FRANCISCO VERGARA - RAIMUNDO ROMO,0, , ,BIDIRECCIONAL,ASFALTO,BUENO,SECO,DESPEJADO,0,0,0,0,13,131,13125,Metropolitana de Santiago,Santiago,Quilicura,Interseccion,"JOSE FRANCISCO VERGARA & RAIMUNDO ROMO, Quilicura",-33.368068,-70.732201
-7932180.34461488,-3492512.04673012,6544,2023,1566469,2023/10/13 00:00:00+00,Octubre,13,Viernes,1899/12/30 00:00:00+00,18:00:00,18,REGION COQUIMBO,LA SERENA,COLISION PERPENDICULAR,COLISION,URBANA,CRUCE CON SEÑAL PARE,DESOBEDIENCIA A SEÑALIZACION,SEÑALIZACION DESOBEDECER SEÑAL PARE,HUANHUALI,LAS ROJAS PONIENTE,HUANHUALI - LAS ROJAS PONIENTE,0, , ,UNIDIRECCIONAL,ASFALTO,BUENO,SECO,DESPEJADO,0,1,0,1,04,041,04101,Coquimbo,Elqui,La Serena,Interseccion,"HUANHUALI & LAS ROJAS PONIENTE, La Serena",-29.914093,-71.255988
-7926665.4769425,-3986017.50687867,6545,2023,1566828,2023/10/13 00:00:00+00,Octubre,13,Viernes,1899/12/30 00:00:00+00,18:10:00,18,REGION METROPOLITANA,MELIPILLA,COLISION POR ALCANCE,COLISION,URBANA,CRUCE SIN SEÑALIZACION,IMPRUDENCIA DEL CONDUCTOR,NO RESPETAR DERECHO PREFERENTE DE PASO A VEHICULO,VICUÑA MACKENNA,MANUEL RODRIGUEZ,MANUEL RODRIGUEZ - VICUÑA MACKENNA,0, , ,BIDIRECCIONAL,ASFALTO,BUENO,SECO,DESPEJADO,0,0,0,1,13,135,13501,Metropolitana de Santiago,Melipilla,Melipilla,Interseccion,"MANUEL RODRIGUEZ & VICUÑA MACKENNA, Melipilla",-33.680771,-71.206448
-7865798.92929871,-3964612.80932577,6546,2023,1565962,2023/10/13 00:00:00+00,Octubre,13,Viernes,1899/12/30 00:00:00+00,18:50:00,18,REGION METROPOLITANA,LA CISTERNA,COLISION POR ALCANCE,COLISION,URBANA,CRUCE CON SEMAFORO FUNCIONANDO,IMPRUDENCIA DEL CONDUCTOR,ADELANTAMIENTO SIN EL ESPACIO O TIEMPO SUFICIENTE,GRAN AVDA JOSE MIGUEL CARRERA,GRAL FREIRE,GRAL FREIRE - GRAN AVDA JOSE MIGUEL CARRERA,0, , ,BIDIRECCIONAL CON BANDEJON,CONCRETO,BUENO,SECO,DESPEJADO,0,1,0,0,13,131,13109,Metropolitana de Santiago,Santiago,La Cisterna,Interseccion,"GRAL FREIRE & GRAN AVDA JOSE MIGUEL CARRERA, La Cisterna",-33.520617,-70.659674
-7872163.73250431,-3943144.42870897,6547,2023,1565000,2023/10/13 00:00:00+00,Octubre,13,Viernes,1899/12/30 00:00:00+00,19:40:00,19,REGION METROPOLITANA,QUILICURA,COLISION LATERAL,COLISION,URBANA,CRUCE CON SEÑAL CEDA EL PASO,IMPRUDENCIA DEL CONDUCTOR,CONDUCCION NO ATENTO CONDICIONES TRANSITO MOMENTO,LOS AMERINDIOS,LOS ASIATICOS,LOS AMERINDIOS - LOS ASIATICOS,0, , ,BIDIRECCIONAL,ASFALTO,BUENO,SECO,DESPEJADO,0,0,0,0,13,131,13125,Metropolitana de Santiago,Santiago,Quilicura,Interseccion,"LOS AMERINDIOS & LOS ASIATICOS, Quilicura",-33.359688,-70.71685
-7932196.33018281,-3881449.35843755,6548,2023,1565369,2023/10/13 00:00:00+00,Octubre,13,Viernes,1899/12/30 00:00:00+00,20:00:00,20,REGION VALPARAISO,QUILLOTA,COLISION,COLISION,URBANA,CRUCE CON SEMAFORO FUNCIONANDO,IMPRUDENCIA DEL CONDUCTOR,CONDUCCION NO ATENTO CONDICIONES TRANSITO MOMENTO,COLON,JUAN BAUTISTA ALBERDI,COLON - JUAN BAUTISTA ALBERDI,0, , ,BIDIRECCIONAL,ASFALTO,BUENO,SECO,DESPEJADO,0,0,0,0,05,055,05501,Valparaíso,Quillota,Quillota,Interseccion,"COLON & JUAN BAUTISTA ALBERDI, Quillota",-32.895559,-71.256132
-7875107.91039681,-3959058.09905176,6549,2023,1568348,2023/10/13 00:00:00+00,Octubre,13,Viernes,1899/12/30 00:00:00+00,20:40:00,20,REGION METROPOLITANA,MAIPU,VOLCADURA,VOLCADURA,URBANA,TRAMO DE VIA RECTA,IMPRUDENCIA DEL CONDUCTOR,CONDUCCION NO ATENTO CONDICIONES TRANSITO MOMENTO,LOS PAJARITOS,MONVOISIN,LOS PAJARITOS - MONVOISIN,0, , ,BIDIRECCIONAL CON BANDEJON,ASFALTO,BUENO,SECO,DESPEJADO,0,0,0,1,13,131,13119,Metropolitana de Santiago,Santiago,Maipú,Interseccion,"LOS PAJARITOS & MONVOISIN, Maipú",-33.479007,-70.743298