X,Y,FID,Año,IdAccident,Fecha,Mes,Dia_mes,Dia_semana,Hora,Hora_texto,Hora_aprox,Región,Comuna,Tipo_Accid,Tipo__CONA,Zona,Ubicación,Causa__CON,Causa_Acci,Calle_Uno,Calle_Dos,Intersecci,Número,Ruta,Ubicaci_1,Calzada,Tipo_Calza,Estado_Cal,Condición,Estado_Atm,Fallecidos,Graves,Menos_Grav,Leves,CUT_REG,CUT_PROV,CUT_COM,REGION,PROVINCIA,COMUNA1,Tipo_direc,Direccion,Lat,Lon
-8130139.97324827,-4413471.72703357,6550,2023,1564786,2023/10/13 00:00:00+00,Octubre,13,Viernes,1899/12/30 00:00:00+00,22:05:00,22,REGION BIO BIO,CONCEPCION,COLISION,COLISION,URBANA,CRUCE CON SEMAFORO FUNCIONANDO,IMPRUDENCIA DEL CONDUCTOR,CONDUCCION NO ATENTO CONDICIONES TRANSITO MOMENTO,LOS CARRERA,FRESIA,FRESIA - LOS CARRERA,0, , ,BIDIRECCIONAL CON BANDEJON,CONCRETO,BUENO,SECO,DESPEJADO,0,1,0,0,08,081,08101,Biobío,Concepción,Concepción,Interseccion,"FRESIA & LOS CARRERA, Concepción",-36.815865,-73.03429
-7862396.33774312,-3955511.07563857,6551,2023,1570950,2023/10/13 00:00:00+00,Octubre,13,Viernes,1899/12/30 00:00:00+00,23:00:00,23,REGION METROPOLITANA,ÑUÑOA,COLISION,COLISION,URBANA,CRUCE CON SEMAFORO FUNCIONANDO,DESOBEDIENCIA A SEÑALIZACION,SEÑALIZACION DESOBEDECER LUZ ROJA DE SEMAFORO,IRARRAZAVAL,GRAL BUSTAMANTE,GRAL BUSTAMANTE - IRARRAZAVAL,0, , ,BIDIRECCIONAL CON BANDEJON,CONCRETO,BUENO,SECO,DESPEJADO,0,0,0,1,13,131,13120,Metropolitana de Santiago,Santiago,Ñuñoa,Interseccion,"GRAL BUSTAMANTE & IRARRAZAVAL, Ñuñoa",-33.452426,-70.629108
-8024627.4636811,-4382206.36875892,6552,2023,1566089,2023/10/14 00:00:00+00,Octubre,14,Sábado,1899/12/30 00:00:00+00,11:24:00,11,REGION ÑUBLE,CHILLAN,COLISION PERPENDICULAR,COLISION,URBANA,CRUCE CON SEÑAL PARE,DESOBEDIENCIA A SEÑALIZACION,SEÑALIZACION DESOBEDECER SEÑAL PARE,FRANCISCO DE GOYA,PAUL HARRIS,FRANCISCO DE GOYA - PAUL HARRIS,0, , ,BIDIRECCIONAL,CONCRETO,BUENO,SECO,DESPEJADO,0,0,0,1,16,161,16101,Ñuble,Diguillín,Chillán,Interseccion,"FRANCISCO DE GOYA & PAUL HARRIS, Chillán",-36.590687,-72.086455
-8097733.64500848,-4686885.89531474,6553,2023,1565213,2023/10/14 00:00:00+00,Octubre,14,Sábado,1899/12/30 00:00:00+00,13:50:00,13,REGION ARAUCANIA,TEMUCO,CHOQUE FRONTAL,CHOQUE,URBANA,TRAMO DE VIA RECTA,VELOCIDAD IMPRUDENTE,VELOCIDAD NO RAZONABLE NI PRUDENTE,LAS ROSAS,LOS COPIHUES,LAS ROSAS - LOS COPIHUES,0, , ,UNIDIRECCIONAL,ASFALTO,BUENO,SECO,DESPEJADO,0,0,0,1,09,091,09101,La Araucanía,Cautín,Temuco,Interseccion,"LAS ROSAS & LOS COPIHUES, Temuco",-38.756737,-72.743179
-7945875.2913752,-3901362.30955708,6554,2023,1565642,2023/10/14 00:00:00+00,Octubre,14,Sábado,1899/12/30 00:00:00+00,15:47:00,15,REGION VALPARAISO,VILLA ALEMANA,COLISION,COLISION,URBANA,CRUCE CON SEÑAL PARE,DESOBEDIENCIA A SEÑALIZACION,SEÑALIZACION DESOBEDECER SEÑAL PARE,DIAZ,SAN ENRIQUE,DIAZ - SAN ENRIQUE,0, , ,UNIDIRECCIONAL,ASFALTO,BUENO,SECO,DESPEJADO,0,1,1,1,05,058,05804,Valparaíso,Marga Marga,Villa Alemana,Interseccion,"DIAZ & SAN ENRIQUE, Villa Alemana",-33.045631,-71.379012
-8142151.45764662,-4416416.81920585,6555,2023,1567300,2023/10/14 00:00:00+00,Octubre,14,Sábado,1899/12/30 00:00:00+00,16:10:00,16,REGION BIO BIO,SAN PEDRO DE LA PAZ,COLISION,COLISION,URBANA,TRAMO DE VIA RECTA,DESOBEDIENCIA A SEÑALIZACION,SEÑALIZACION DESOBEDECER SEÑAL PARE,RODRIGUEZ ALDEA,TERCERA TRANSVERSAL,RODRIGUEZ ALDEA - TERCERA TRANSVERSAL,0, , ,BIDIRECCIONAL,ASFALTO,BUENO,SECO,DESPEJADO,0,0,1,0,08,081,08108,Biobío,Concepción,San Pedro de la Paz,Interseccion,"RODRIGUEZ ALDEA & TERCERA TRANSVERSAL, San Pedro de la Paz",-36.837042,-73.142191
-7869424.71643334,-3954461.76230218,6556,2023,1565456,2023/10/14 00:00:00+00,Octubre,14,Sábado,1899/12/30 00:00:00+00,16:20:00,16,REGION METROPOLITANA,QUINTA NORMAL,CHOQUE FRENTE/FRENTE,CHOQUE,URBANA,CRUCE CON SEMAFORO FUNCIONANDO,VELOCIDAD IMPRUDENTE,VELOCIDAD NO RAZONABLE NI PRUDENTE,APOSTOL SANTIAGO,NVA IMPERIAL,APOSTOL SANTIAGO - NVA IMPERIAL,0, , ,UNIDIRECCIONAL,CONCRETO,BUENO,SECO,DESPEJADO,0,0,0,0,13,131,13126,Metropolitana de Santiago,Santiago,Quinta Normal,Interseccion,"APOSTOL SANTIAGO & NVA IMPERIAL, Quinta Normal",-33.444561,-70.692245
-7833410.07817445,-7037120.16290157,6557,2023,1565810,2023/10/14 00:00:00+00,Octubre,14,Sábado,1899/12/30 00:00:00+00,16:30:00,16,REGION MAGALLANES Y ANTARTICA CHILENA,PORVENIR,CHOQUE FRENTE/LADO,CHOQUE,URBANA,CRUCE CON SEÑAL CEDA EL PASO,IMPRUDENCIA DEL CONDUCTOR,NO RESPETAR DERECHO PREFERENTE DE PASO A VEHICULO,HERNANDO DE MAGALLANES,JORGE SCHYTHE,HERNANDO DE MAGALLANES - JORGE SCHYTHE,0, , ,BIDIRECCIONAL,ASFALTO,BUENO,SECO,DESPEJADO,0,1,0,0,12,123,12301,Magallanes y de la Antártica Chilena,Tierra del Fuego,Porvenir,Interseccion,"HERNANDO DE MAGALLANES & JORGE SCHYTHE, Porvenir",-53.291605,-70.36872
-7857765.66960963,-3953877.17655851,6558,2023,1569779,2023/10/14 00:00:00+00,Octubre,14,Sábado,1899/12/30 00:00:00+00,21:00:00,21,REGION METROPOLITANA,PROVIDENCIA,CHOQUE FRENTE/FRENTE,CHOQUE,URBANA,CRUCE CON SEMAFORO FUNCIONANDO,IMPRUDENCIA DEL CONDUCTOR,CONDUCCION NO ATENTO CONDICIONES TRANSITO MOMENTO,LAS AMAPOLAS,ELIECER PARADA,ELIECER PARADA - LAS AMAPOLAS,0, , ,UNIDIRECCIONAL,ASFALTO,REGULAR,SECO,DESPEJADO,0,0,0,1,13,131,13123,Metropolitana de Santiago,Santiago,Providencia,Interseccion,"ELIECER PARADA & LAS AMAPOLAS, Providencia",-33.440179,-70.58751
-7857765.66960963,-3953877.17655851,6559,2023,1574752,2023/10/14 00:00:00+00,Octubre,14,Sábado,1899/12/30 00:00:00+00,21:00:00,21,REGION METROPOLITANA,PROVIDENCIA,CHOQUE POSTERIOR/FRENTE,CHOQUE,URBANA,CRUCE CON SEMAFORO FUNCIONANDO,IMPRUDENCIA DEL CONDUCTOR,CONDUCCION NO ATENTO CONDICIONES TRANSITO MOMENTO,LAS AMAPOLAS,ELIECER PARADA,ELIECER PARADA - LAS AMAPOLAS,0, , ,UNIDIRECCIONAL,CONCRETO,BUENO,SECO,DESPEJADO,0,0,0,0,13,131,13123,Metropolitana de Santiago,Santiago,Providencia,Interseccion,"ELIECER PARADA & LAS AMAPOLAS, Providencia",-33.440179,-70.58751
-7857765.66960963,-3953877.17655851,6560,2023,1575808,2023/10/14 00:00:00+00,Octubre,14,Sábado,1899/12/30 00:00:00+00,21:00:00,21,REGION METROPOLITANA,PROVIDENCIA,CHOQUE POSTERIOR/FRENTE,CHOQUE,URBANA,CRUCE CON SEMAFORO FUNCIONANDO,IMPRUDENCIA DEL CONDUCTOR,CONDUCIR VEHICULO EN RETROCESO,LAS AMAPOLAS,ELIECER PARADA,ELIECER PARADA - LAS AMAPOLAS,0, , ,BIDIRECCIONAL,CONCRETO,BUENO,SECO,DESPEJADO,0,0,0,0,13,131,13123,Metropolitana de Santiago,Santiago,Providencia,Interseccion,"ELIECER PARADA & LAS AMAPOLAS, Providencia",-33.440179,-70.58751
-7858254.47349371,-3948551.49574035,6561,2023,1565032,2023/10/14 00:00:00+00,Octubre,14,Sábado,1899/12/30 00:00:00+00,22:25:00,22,REGION METROPOLITANA,VITACURA,COLISION POR ALCANCE,COLISION,URBANA,TRAMO DE VIA RECTA,IMPRUDENCIA DEL CONDUCTOR,CONDUCCION CAMBIAR SORPRESIVAMENTE PISTA CIRCULACION,VITACURA,EDUARDO MARQUINA,EDUARDO MARQUINA - VITACURA,0, , ,BIDIRECCIONAL CON BANDEJON,ASFALTO,BUENO,SECO,DESPEJADO,0,1,0,0,13,131,13132,Metropolitana de Santiago,Santiago,Vitacura,Interseccion,"EDUARDO MARQUINA & VITACURA, Vitacura",-33.400248,-70.591901
-7897685.06160256,-3985195.3423372,6562,2023,1565849,2023/10/14 00:00:00+00,Octubre,14,Sábado,1899/12/30 00:00:00+00,23:30:00,23,REGION METROPOLITANA,TALAGANTE,COLISION FRONTAL,COLISION,URBANA,CRUCE SIN SEÑALIZACION,IMPRUDENCIA DEL CONDUCTOR,VIRAJES INDEBIDOS,JULIO VRANCKEN,MONSEÑOR LARRAIN,JULIO VRANCKEN - MONSEÑOR LARRAIN,0, , ,BIDIRECCIONAL,ASFALTO,BUENO,SECO,DESPEJADO,0,0,0,1,13,136,13601,Metropolitana de Santiago,Talagante,Talagante,Interseccion,"JULIO VRANCKEN & MONSEÑOR LARRAIN, Talagante",-33.674625,-70.946112
-7876560.74107115,-3956818.14750234,6563,2023,1566803,2023/10/15 00:00:00+00,Octubre,15,Domingo,1899/12/30 00:00:00+00,12:00:00,12,REGION METROPOLITANA,PUDAHUEL,COLISION FRONTAL,COLISION,URBANA,TRAMO DE VIA RECTA,IMPRUDENCIA DEL CONDUCTOR,NO RESPETAR DERECHO PREFERENTE DE PASO A VEHICULO,ARGOS,CANOPUS,ARGOS - CANOPUS,0, , ,BIDIRECCIONAL,MIXTO,BUENO,SECO,DESPEJADO,0,0,0,0,13,131,13124,Metropolitana de Santiago,Santiago,Pudahuel,Interseccion,"ARGOS & CANOPUS, Pudahuel",-33.462222,-70.756349
-7941469.94510095,-3499453.58843472,6564,2023,1565755,2023/10/15 00:00:00+00,Octubre,15,Domingo,1899/12/30 00:00:00+00,12:35:00,12,REGION COQUIMBO,COQUIMBO,COLISION LATERAL,COLISION,URBANA,CRUCE CON SEMAFORO FUNCIONANDO,IMPRUDENCIA DEL CONDUCTOR,"ADELANTAMIENTO EN CRUCE, CURVA, CUESTA, PUENTE",PRESIDENTE ARTURO ALESSANDRI,CARDENAL JOSE MARIA CARO,CARDENAL JOSE MARIA CARO - PRESIDENTE ARTURO ALESSANDRI,0, , ,UNIDIRECCIONAL,ASFALTO,BUENO,SECO,NUBLADO,0,0,1,0,04,041,04102,Coquimbo,Elqui,Coquimbo,Interseccion,"CARDENAL JOSE MARIA CARO & PRESIDENTE ARTURO ALESSANDRI, Coquimbo",-29.968128,-71.339438
-7867366.75300705,-3972334.30229809,6565,2023,1565253,2023/10/15 00:00:00+00,Octubre,15,Domingo,1899/12/30 00:00:00+00,13:20:00,13,REGION METROPOLITANA,EL BOSQUE,COLISION LATERAL,COLISION,URBANA,CRUCE CON SEÑAL PARE,DESOBEDIENCIA A SEÑALIZACION,SEÑALIZACION DESOBEDECER SEÑAL PARE,VECINAL ORIENTE,VECINAL NORTE,VECINAL NORTE - VECINAL ORIENTE,0, , ,BIDIRECCIONAL,CONCRETO,BUENO,SECO,DESPEJADO,0,0,0,0,13,131,13105,Metropolitana de Santiago,Santiago,El Bosque,Interseccion,"VECINAL NORTE & VECINAL ORIENTE, El Bosque",-33.578425,-70.673758
-7884009.90743657,-3939111.8328962,6566,2023,1568353,2023/10/15 00:00:00+00,Octubre,15,Domingo,1899/12/30 00:00:00+00,14:50:00,14,REGION METROPOLITANA,LAMPA,VOLCADURA,VOLCADURA,URBANA,TRAMO DE VIA RECTA,IMPRUDENCIA DEL CONDUCTOR,CONDUCCION SIN MANTENER DISTANCIA RAZONABLE NI PRUDENTE,CAMINO LO ECHEVERS,CERRILLO,CAMINO LO ECHEVERS - CERRILLO,0, , ,BIDIRECCIONAL,ASFALTO,BUENO,SECO,DESPEJADO,0,0,0,0,13,133,13302,Metropolitana de Santiago,Chacabuco,Lampa,Interseccion,"CAMINO LO ECHEVERS & CERRILLO, Lampa",-33.329426,-70.823266
-7873443.68405398,-3861594.79911461,6567,2023,1566001,2023/10/15 00:00:00+00,Octubre,15,Domingo,1899/12/30 00:00:00+00,15:00:00,15,REGION VALPARAISO,SAN FELIPE,COLISION,COLISION,URBANA,CRUCE CON SEMAFORO FUNCIONANDO,IMPRUDENCIA DEL CONDUCTOR,CONDUCCION NO ATENTO CONDICIONES TRANSITO MOMENTO,MAIPU,CHACABUCO,CHACABUCO - MAIPU,0, , ,BIDIRECCIONAL,ASFALTO,BUENO,SECO,DESPEJADO,0,0,0,0,05,057,05701,Valparaíso,San Felipe de Aconcagua,San Felipe,Interseccion,"CHACABUCO & MAIPU, San Felipe",-32.745673,-70.728348
-7867353.39466815,-3952212.02963861,6568,2023,1582325,2023/10/15 00:00:00+00,Octubre,15,Domingo,1899/12/30 00:00:00+00,19:40:00,19,REGION METROPOLITANA,SANTIAGO,ATROPELLO,ATROPELLO,URBANA,TRAMO DE VIA RECTA,IMPRUDENCIA DEL CONDUCTOR,NO RESPETAR DERECHO PREFERENTE DE PASO A PEATON,PDTE BALMACEDA,CUETO,CUETO - PDTE BALMACEDA,0, , ,BIDIRECCIONAL,ASFALTO,REGULAR,SECO,DESPEJADO,0,0,0,1,13,131,13101,Metropolitana de Santiago,Santiago,Santiago,Interseccion,"CUETO & PDTE BALMACEDA, Santiago",-33.427696,-70.673638
-7927589.4842979,-3582130.8733375,6569,2023,1565831,2023/10/15 00:00:00+00,Octubre,15,Domingo,1899/12/30 00:00:00+00,19:58:00,19,REGION COQUIMBO,OVALLE,COLISION,COLISION,URBANA,CRUCE CON SEÑAL PARE,DESOBEDIENCIA A SEÑALIZACION,SEÑALIZACION DESOBEDECER SEÑAL PARE,CLEMENTE FUENTEALBA,PEDRO BARRIOS,CLEMENTE FUENTEALBA - PEDRO BARRIOS,0, , ,BIDIRECCIONAL,ASFALTO,BUENO,SECO,DESPEJADO,0,0,1,0,04,043,04301,Coquimbo,Limarí,Ovalle,Interseccion,"CLEMENTE FUENTEALBA & PEDRO BARRIOS, Ovalle",-30.609441,-71.214748
-7859836.43473284,-3956813.21034627,6570,2023,1571000,2023/10/15 00:00:00+00,Octubre,15,Domingo,1899/12/30 00:00:00+00,20:00:00,20,REGION METROPOLITANA,ÑUÑOA,COLISION POR ALCANCE,COLISION,URBANA,CRUCE CON SEMAFORO FUNCIONANDO,DESOBEDIENCIA A SEÑALIZACION,SEÑALIZACION DESOBEDECER LUZ ROJA DE SEMAFORO,PEDRO DE VALDIVIA,GRECIA,GRECIA - PEDRO DE VALDIVIA,0, , ,BIDIRECCIONAL CON BANDEJON,CONCRETO,BUENO,SECO,DESPEJADO,0,1,0,0,13,131,13120,Metropolitana de Santiago,Santiago,Ñuñoa,Interseccion,"GRECIA & PEDRO DE VALDIVIA, Ñuñoa",-33.462185,-70.606112
-8137021.96680809,-4408547.12082401,6571,2023,1565733,2023/10/15 00:00:00+00,Octubre,15,Domingo,1899/12/30 00:00:00+00,20:10:00,20,REGION BIO BIO,HUALPEN,COLISION,COLISION,URBANA,CRUCE CON SEMAFORO FUNCIONANDO,DESOBEDIENCIA A SEÑALIZACION,SEÑALIZACION DESOBEDECER LUZ ROJA DE SEMAFORO,LAS GOLONDRINAS,SUECIA,LAS GOLONDRINAS - SUECIA,0, , ,BIDIRECCIONAL CON BANDEJON,CONCRETO,BUENO,SECO,DESPEJADO,0,1,0,3,08,081,08112,Biobío,Concepción,Hualpén,Interseccion,"LAS GOLONDRINAS & SUECIA, Hualpén",-36.780441,-73.096112
-7836401.36650885,-2707739.27797805,6572,2023,1566225,2023/10/15 00:00:00+00,Octubre,15,Domingo,1899/12/30 00:00:00+00,21:20:00,21,REGION ANTOFAGASTA,ANTOFAGASTA,ATROPELLO,ATROPELLO,URBANA,TRAMO DE VIA RECTA,IMPRUDENCIA DEL PEATON,PEATON CRUZA CALZADA FUERA PASO PEATONES,EDMUNDO PEREZ ZUJOVIC,BELLAVISTA,BELLAVISTA - EDMUNDO PEREZ ZUJOVIC,0, , ,BIDIRECCIONAL,ASFALTO,BUENO,SECO,DESPEJADO,1,0,0,0,02,021,02101,Antofagasta,Antofagasta,Antofagasta,Interseccion,"BELLAVISTA & EDMUNDO PEREZ ZUJOVIC, Antofagasta",-23.624674,-70.395591
-7973440.40735146,-4219793.02648404,6573,2023,1565701,2023/10/15 00:00:00+00,Octubre,15,Domingo,1899/12/30 00:00:00+00,22:20:00,22,REGION MAULE,TALCA,COLISION LATERAL,COLISION,URBANA,CRUCE CON SEÑAL PARE,IMPRUDENCIA DEL CONDUCTOR,CONDUCCION CONTRA SENTIDO DEL TRANSITO,21 NORTE,21 ORIENTE,21 NORTE - 21 ORIENTE,0, , ,BIDIRECCIONAL CON BANDEJON,ASFALTO,BUENO,SECO,DESPEJADO,0,0,0,1,07,071,07101,Maule,Talca,Talca,Interseccion,"21 NORTE & 21 ORIENTE, Talca",-35.410395,-71.626634
-8030076.21880809,-4386517.82703051,6574,2023,1565420,2023/10/15 00:00:00+00,Octubre,15,Domingo,1899/12/30 00:00:00+00,22:40:00,22,REGION ÑUBLE,CHILLAN VIEJO,COLISION POR ALCANCE,COLISION,URBANA,CRUCE CON SEMAFORO FUNCIONANDO,IMPRUDENCIA DEL CONDUCTOR,CONDUCCION NO ATENTO CONDICIONES TRANSITO MOMENTO,O'HIGGINS,LUIS ARANEDA,LUIS ARANEDA - O'HIGGINS,0, , ,BIDIRECCIONAL,ASFALTO,BUENO,SECO,DESPEJADO,0,0,0,1,16,161,16103,Ñuble,Diguillín,Chillán Viejo,Interseccion,"LUIS ARANEDA & O'HIGGINS, Chillán Viejo",-36.621778,-72.135402
-7932718.75255311,-3881532.21914326,6575,2023,1565372,2023/10/15 00:00:00+00,Octubre,15,Domingo,1899/12/30 00:00:00+00,23:30:00,23,REGION VALPARAISO,QUILLOTA,COLISION,COLISION,URBANA,CRUCE CON SEMAFORO FUNCIONANDO,ALCOHOL EN CONDUCTOR,CONDUCCION EN ESTADO DE EBRIEDAD,PINTOR NEMESIO ANTUNEZ,JUAN BAUTISTA ALBERDI,JUAN BAUTISTA ALBERDI - PINTOR NEMESIO ANTUNEZ,0, , ,BIDIRECCIONAL,ASFALTO,BUENO,SECO,DESPEJADO,0,0,0,1,05,055,05501,Valparaíso,Quillota,Quillota,Interseccion,"JUAN BAUTISTA ALBERDI & PINTOR NEMESIO ANTUNEZ, Quillota",-32.896184,-71.260825
-7862820.79896152,-3954150.78892201,6576,2023,1566637,2023/10/16 00:00:00+00,Octubre,16,Lunes,1899/12/30 00:00:00+00,04:00:00,4,REGION METROPOLITANA,PROVIDENCIA,VOLCADURA,VOLCADURA,URBANA,TRAMO DE VIA RECTA,VELOCIDAD IMPRUDENTE,VELOCIDAD NO RAZONABLE NI PRUDENTE,VICUÑA MACKENNA,MARIN,MARIN - VICUÑA MACKENNA,0, , ,BIDIRECCIONAL,ASFALTO,BUENO,SECO,DESPEJADO,0,1,0,0,13,131,13123,Metropolitana de Santiago,Santiago,Providencia,Interseccion,"MARIN & VICUÑA MACKENNA, Providencia",-33.44223,-70.632921
-8080945.32991844,-4685355.9952861,6577,2023,1565710,2023/10/16 00:00:00+00,Octubre,16,Lunes,1899/12/30 00:00:00+00,04:50:00,4,REGION ARAUCANIA,TEMUCO,VOLCADURA,VOLCADURA,URBANA,TRAMO DE VIA RECTA,DROGAS Y/O FATIGA EN CONDUCTOR,"CONDICIONES FISICAS DEFICIENTES (CANSANCIO, SUEÑO)",LOS POETAS,ARTURO PRAT,ARTURO PRAT - LOS POETAS,0, , ,BIDIRECCIONAL CON BANDEJON,CONCRETO,BUENO,SECO,DESPEJADO,0,1,0,0,09,091,09101,La Araucanía,Cautín,Temuco,Interseccion,"ARTURO PRAT & LOS POETAS, Temuco",-38.746019,-72.592367
-7876832.2493092,-3965699.3671491,6578,2023,1568381,2023/10/16 00:00:00+00,Octubre,16,Lunes,1899/12/30 00:00:00+00,06:30:00,6,REGION METROPOLITANA,MAIPU,VOLCADURA,VOLCADURA,URBANA,CRUCE CON SEMAFORO FUNCIONANDO,IMPRUDENCIA DEL CONDUCTOR,CONDUCCION CAMBIAR SORPRESIVAMENTE PISTA CIRCULACION,CAMINO A MELIPILLA,STA MARTA,CAMINO A MELIPILLA - STA MARTA,0, , ,BIDIRECCIONAL CON BANDEJON,ASFALTO,BUENO,SECO,DESPEJADO,0,0,0,1,13,131,13119,Metropolitana de Santiago,Santiago,Maipú,Interseccion,"CAMINO A MELIPILLA & STA MARTA, Maipú",-33.528754,-70.758788
-7870772.20301338,-3960935.84849498,6579,2023,1565682,2023/10/16 00:00:00+00,Octubre,16,Lunes,1899/12/30 00:00:00+00,08:30:00,8,REGION METROPOLITANA,CERRILLOS,COLISION LATERAL,COLISION,URBANA,CRUCE CON SEMAFORO FUNCIONANDO,IMPRUDENCIA DEL CONDUCTOR,CONDUCCION NO ATENTO CONDICIONES TRANSITO MOMENTO,PEDRO AGUIRRE CERDA,LAS AMERICAS,LAS AMERICAS - PEDRO AGUIRRE CERDA,0, , ,BIDIRECCIONAL CON BANDEJON,ASFALTO,BUENO,SECO,NUBLADO,0,1,0,0,13,131,13102,Metropolitana de Santiago,Santiago,Cerrillos,Interseccion,"LAS AMERICAS & PEDRO AGUIRRE CERDA, Cerrillos",-33.493075,-70.70435
-7866069.8809393,-3945202.30964617,6580,2023,1567325,2023/10/16 00:00:00+00,Octubre,16,Lunes,1899/12/30 00:00:00+00,09:00:00,9,REGION METROPOLITANA,CONCHALI,COLISION,COLISION,URBANA,CRUCE CON SEÑAL PARE,IMPRUDENCIA DEL CONDUCTOR,CONDUCCION NO ATENTO CONDICIONES TRANSITO MOMENTO,GRAL GAMBINO,CALLE G,CALLE G - GRAL GAMBINO,0, , ,UNIDIRECCIONAL,CONCRETO,REGULAR,SECO,DESPEJADO,0,0,0,0,13,131,13104,Metropolitana de Santiago,Santiago,Conchalí,Interseccion,"CALLE G & GRAL GAMBINO, Conchalí",-33.375127,-70.662108
-7997437.01014903,-4387261.28586541,6581,2023,1565524,2023/10/16 00:00:00+00,Octubre,16,Lunes,1899/12/30 00:00:00+00,09:45:00,9,REGION ÑUBLE,COIHUECO,ATROPELLO,ATROPELLO,URBANA,TRAMO DE VIA RECTA,IMPRUDENCIA DEL CONDUCTOR,NO RESPETAR DERECHO PREFERENTE DE PASO A PEATON,ARTURO PRAT,NEPTUNO,ARTURO PRAT - NEPTUNO,0, , ,BIDIRECCIONAL,ASFALTO,BUENO,SECO,DESPEJADO,0,1,0,0,16,163,16302,Ñuble,Punilla,Coihueco,Interseccion,"ARTURO PRAT & NEPTUNO, Coihueco",-36.627138,-71.842199
-7835304.73589662,-2708515.85651931,6582,2023,1566785,2023/10/16 00:00:00+00,Octubre,16,Lunes,1899/12/30 00:00:00+00,12:30:00,12,REGION ANTOFAGASTA,ANTOFAGASTA,COLISION PERPENDICULAR,COLISION,URBANA,CRUCE CON SEÑAL CEDA EL PASO,DESOBEDIENCIA A SEÑALIZACION,SEÑALIZACION DESOBEDECER SEÑAL CEDA EL PASO,PARAGUAY,CHILOE,CHILOE - PARAGUAY,0, , ,UNIDIRECCIONAL,ASFALTO,BUENO,SECO,DESPEJADO,0,0,0,1,02,021,02101,Antofagasta,Antofagasta,Antofagasta,Interseccion,"CHILOE & PARAGUAY, Antofagasta",-23.631066,-70.38574
-7874972.65721549,-4004301.67624919,6583,2023,1571175,2023/10/16 00:00:00+00,Octubre,16,Lunes,1899/12/30 00:00:00+00,16:00:00,16,REGION METROPOLITANA,PAINE,VOLCADURA,VOLCADURA,URBANA,TRAMO DE VIA RECTA,VELOCIDAD IMPRUDENTE,VELOCIDAD NO RAZONABLE NI PRUDENTE,SANTA MARIA,PASAJE DOS,PASAJE DOS - SANTA MARIA,0, , ,BIDIRECCIONAL,ASFALTO,REGULAR,SECO,DESPEJADO,0,0,0,1,13,134,13404,Metropolitana de Santiago,Maipo,Paine,Interseccion,"PASAJE DOS & SANTA MARIA, Paine",-33.817341,-70.742083
-7930221.18840201,-3879637.70705215,6584,2023,1565760,2023/10/16 00:00:00+00,Octubre,16,Lunes,1899/12/30 00:00:00+00,16:40:00,16,REGION VALPARAISO,QUILLOTA,CHOQUE,CHOQUE,URBANA,TRAMO DE VIA RECTA,ALCOHOL EN CONDUCTOR,CONDUCCION BAJO LA INFLUENCIA DEL ALCOHOL,FLORENCIA,VICUÑA MACKENNA,FLORENCIA - VICUÑA MACKENNA,0, , ,BIDIRECCIONAL,ASFALTO,BUENO,SECO,DESPEJADO,0,0,0,1,05,055,05501,Valparaíso,Quillota,Quillota,Interseccion,"FLORENCIA & VICUÑA MACKENNA, Quillota",-32.881893,-71.238389
-8131663.49179927,-4415514.8615581,6585,2023,1566768,2023/10/16 00:00:00+00,Octubre,16,Lunes,1899/12/30 00:00:00+00,17:15:00,17,REGION BIO BIO,CONCEPCION,COLISION PERPENDICULAR,COLISION,URBANA,CRUCE CON SEMAFORO FUNCIONANDO,IMPRUDENCIA DEL CONDUCTOR,VIRAJES INDEBIDOS,CHACABUCO,TRINITARIAS,CHACABUCO - TRINITARIAS,0, , ,BIDIRECCIONAL CON BANDEJON,CONCRETO,BUENO,SECO,DESPEJADO,0,0,0,1,08,081,08101,Biobío,Concepción,Concepción,Interseccion,"CHACABUCO & TRINITARIAS, Concepción",-36.830557,-73.047976
-7840326.26911524,-2718036.20236355,6586,2023,1565311,2023/10/16 00:00:00+00,Octubre,16,Lunes,1899/12/30 00:00:00+00,17:20:00,17,REGION ANTOFAGASTA,ANTOFAGASTA,COLISION,COLISION,URBANA,CRUCE CON SEÑAL CEDA EL PASO,IMPRUDENCIA DEL CONDUCTOR,CONDUCCION NO ATENTO CONDICIONES TRANSITO MOMENTO,SUBIDA DEL SUR,JAIME GUZMAN ERRAZURIZ,JAIME GUZMAN ERRAZURIZ - SUBIDA DEL SUR,0, , ,BIDIRECCIONAL,ASFALTO,BUENO,SECO,DESPEJADO,0,0,0,1,02,021,02101,Antofagasta,Antofagasta,Antofagasta,Interseccion,"JAIME GUZMAN ERRAZURIZ & SUBIDA DEL SUR, Antofagasta",-23.709393,-70.430849
-7803597.71670912,-2305067.09127927,6587,2023,1566235,2023/10/16 00:00:00+00,Octubre,16,Lunes,1899/12/30 00:00:00+00,18:10:00,18,REGION TARAPACA,ALTO HOSPICIO,CHOQUE,CHOQUE,URBANA,CRUCE CON SEÑAL CEDA EL PASO,VELOCIDAD IMPRUDENTE,VELOCIDAD NO RAZONABLE NI PRUDENTE,RAMON PEREZ OPAZO,SANTA ROSA,RAMON PEREZ OPAZO - SANTA ROSA,0, , ,UNIDIRECCIONAL,ASFALTO,BUENO,SECO,DESPEJADO,0,0,1,0,01,011,01107,Tarapacá,Iquique,Alto Hospicio,Interseccion,"RAMON PEREZ OPAZO & SANTA ROSA, Alto Hospicio",-20.270197,-70.100911