X,Y,FID,Año,IdAccident,Fecha,Mes,Dia_mes,Dia_semana,Hora,Hora_texto,Hora_aprox,Región,Comuna,Tipo_Accid,Tipo__CONA,Zona,Ubicación,Causa__CON,Causa_Acci,Calle_Uno,Calle_Dos,Intersecci,Número,Ruta,Ubicaci_1,Calzada,Tipo_Calza,Estado_Cal,Condición,Estado_Atm,Fallecidos,Graves,Menos_Grav,Leves,CUT_REG,CUT_PROV,CUT_COM,REGION,PROVINCIA,COMUNA1,Tipo_direc,Direccion,Lat,Lon
-7869631.77068621,-3949675.08510433,6588,2023,1565894,2023/10/16 00:00:00+00,Octubre,16,Lunes,1899/12/30 00:00:00+00,19:00:00,19,REGION METROPOLITANA,RENCA,CHOQUE,CHOQUE,URBANA,TRAMO DE VIA RECTA,VELOCIDAD IMPRUDENTE,VELOCIDAD NO RAZONABLE NI PRUDENTE,APOSTOL SANTIAGO,DOMINGO SANTA MARIA,APOSTOL SANTIAGO - DOMINGO SANTA MARIA,0, , ,BIDIRECCIONAL,CONCRETO,BUENO,SECO,DESPEJADO,0,0,0,0,13,131,13128,Metropolitana de Santiago,Santiago,Renca,Interseccion,"APOSTOL SANTIAGO & DOMINGO SANTA MARIA, Renca",-33.408674,-70.694105
-7869631.77068621,-3949675.08510433,6589,2023,1566443,2023/10/16 00:00:00+00,Octubre,16,Lunes,1899/12/30 00:00:00+00,19:00:00,19,REGION METROPOLITANA,RENCA,COLISION,COLISION,URBANA,TRAMO DE VIA RECTA,IMPRUDENCIA DEL CONDUCTOR,CONDUCCION NO ATENTO CONDICIONES TRANSITO MOMENTO,APOSTOL SANTIAGO,DOMINGO SANTA MARIA,APOSTOL SANTIAGO - DOMINGO SANTA MARIA,0, , ,BIDIRECCIONAL,CONCRETO,BUENO,SECO,DESPEJADO,0,0,0,0,13,131,13128,Metropolitana de Santiago,Santiago,Renca,Interseccion,"APOSTOL SANTIAGO & DOMINGO SANTA MARIA, Renca",-33.408674,-70.694105
-8077281.58283745,-4683292.17883986,6590,2023,1565723,2023/10/17 00:00:00+00,Octubre,17,Martes,1899/12/30 00:00:00+00,08:00:00,8,REGION ARAUCANIA,TEMUCO,COLISION LATERAL,COLISION,URBANA,CRUCE CON SEÑAL CEDA EL PASO,DESOBEDIENCIA A SEÑALIZACION,SEÑALIZACION DESOBEDECER SEÑAL CEDA EL PASO,COSTANERA,PIRCUNCHE,COSTANERA - PIRCUNCHE,0, , ,BIDIRECCIONAL,CONCRETO,BUENO,SECO,DESPEJADO,0,0,0,0,09,091,09101,La Araucanía,Cautín,Temuco,Interseccion,"COSTANERA & PIRCUNCHE, Temuco",-38.731558,-72.559455
-7970850.68748236,-3968066.0857187,6591,2023,1567150,2023/10/17 00:00:00+00,Octubre,17,Martes,1899/12/30 00:00:00+00,09:00:00,9,REGION VALPARAISO,CARTAGENA,VOLCADURA,VOLCADURA,URBANA,TRAMO DE VIA RECTA,VELOCIDAD IMPRUDENTE,VELOCIDAD NO RAZONABLE NI PRUDENTE,CARTAGENA,COVADONGA,CARTAGENA - COVADONGA,0, , ,BIDIRECCIONAL,ASFALTO,BUENO,SECO,DESPEJADO,0,0,0,0,05,056,05603,Valparaíso,San Antonio,Cartagena,Interseccion,"CARTAGENA & COVADONGA, Cartagena",-33.546475,-71.60337
-7836097.95413814,-2707813.69858849,6592,2023,1566896,2023/10/17 00:00:00+00,Octubre,17,Martes,1899/12/30 00:00:00+00,09:30:00,9,REGION ANTOFAGASTA,ANTOFAGASTA,COLISION LATERAL,COLISION,URBANA,TRAMO DE VIA RECTA,IMPRUDENCIA DEL CONDUCTOR,CONDUCCION NO ATENTO CONDICIONES TRANSITO MOMENTO,IQUIQUE,OVALLE,IQUIQUE - OVALLE,0, , ,BIDIRECCIONAL CON BANDEJON,ASFALTO,BUENO,SECO,DESPEJADO,0,0,0,1,02,021,02101,Antofagasta,Antofagasta,Antofagasta,Interseccion,"IQUIQUE & OVALLE, Antofagasta",-23.625287,-70.392866
-7867331.57604795,-3948536.02813138,6593,2023,1567330,2023/10/17 00:00:00+00,Octubre,17,Martes,1899/12/30 00:00:00+00,09:30:00,9,REGION METROPOLITANA,CONCHALI,COLISION LATERAL,COLISION,URBANA,CRUCE CON SEÑAL PARE,IMPRUDENCIA DEL CONDUCTOR,CONDUCCION NO ATENTO CONDICIONES TRANSITO MOMENTO,14 DE LA FAMA,PRIMAVERA,14 DE LA FAMA - PRIMAVERA,0, , ,UNIDIRECCIONAL,CONCRETO,BUENO,SECO,DESPEJADO,0,0,0,1,13,131,13104,Metropolitana de Santiago,Santiago,Conchalí,Interseccion,"14 DE LA FAMA & PRIMAVERA, Conchalí",-33.400132,-70.673442
-7883377.0561314,-3980777.78727293,6594,2023,1573221,2023/10/17 00:00:00+00,Octubre,17,Martes,1899/12/30 00:00:00+00,12:14:00,12,REGION METROPOLITANA,SAN BERNARDO,VOLCADURA,VOLCADURA,URBANA,CRUCE CON SEÑAL PARE,DESOBEDIENCIA A SEÑALIZACION,SEÑALIZACION DESOBEDECER SEÑAL PARE,CAMINO SAN ALFONSO,CAMINO A LONQUEN,CAMINO A LONQUEN - CAMINO SAN ALFONSO,0, , ,BIDIRECCIONAL,ASFALTO,BUENO,SECO,DESPEJADO,0,0,0,0,13,134,13401,Metropolitana de Santiago,Maipo,San Bernardo,Interseccion,"CAMINO A LONQUEN & CAMINO SAN ALFONSO, San Bernardo",-33.641594,-70.817581
-7875501.11312445,-3962789.25919734,6595,2023,1568365,2023/10/17 00:00:00+00,Octubre,17,Martes,1899/12/30 00:00:00+00,18:00:00,18,REGION METROPOLITANA,MAIPU,COLISION LATERAL,COLISION,URBANA,TRAMO DE VIA RECTA,IMPRUDENCIA DEL CONDUCTOR,CONDUCCION NO ATENTO CONDICIONES TRANSITO MOMENTO,1 SUR,SEGUNDA TRANSVERSAL,1 SUR - SEGUNDA TRANSVERSAL,0, , ,BIDIRECCIONAL,ASFALTO,BUENO,SECO,DESPEJADO,0,0,0,1,13,131,13119,Metropolitana de Santiago,Santiago,Maipú,Interseccion,"1 SUR & SEGUNDA TRANSVERSAL, Maipú",-33.506959,-70.74683
-7861663.29889625,-3952187.75385256,6596,2023,1572558,2023/10/17 00:00:00+00,Octubre,17,Martes,1899/12/30 00:00:00+00,18:30:00,18,REGION METROPOLITANA,PROVIDENCIA,COLISION POR ALCANCE,COLISION,URBANA,TRAMO DE VIA RECTA,IMPRUDENCIA DEL CONDUCTOR,CONDUCCION CAMBIAR SORPRESIVAMENTE PISTA CIRCULACION,ANDRES BELLO,MANUEL MONTT,ANDRES BELLO - MANUEL MONTT,0, , ,UNIDIRECCIONAL,ASFALTO,REGULAR,SECO,DESPEJADO,0,0,0,1,13,131,13123,Metropolitana de Santiago,Santiago,Providencia,Interseccion,"ANDRES BELLO & MANUEL MONTT, Providencia",-33.427514,-70.622523
-7865752.64257652,-3955072.78250985,6597,2023,1566135,2023/10/17 00:00:00+00,Octubre,17,Martes,1899/12/30 00:00:00+00,19:50:00,19,REGION METROPOLITANA,SANTIAGO,COLISION POR ALCANCE,COLISION,URBANA,CRUCE CON SEMAFORO FUNCIONANDO,IMPRUDENCIA DEL CONDUCTOR,CONDUCCION SIN MANTENER DISTANCIA RAZONABLE NI PRUDENTE,MANUEL RODRIGUEZ,SAZIE,MANUEL RODRIGUEZ - SAZIE,0, , ,UNIDIRECCIONAL,CONCRETO,BUENO,SECO,DESPEJADO,0,0,0,0,13,131,13101,Metropolitana de Santiago,Santiago,Santiago,Interseccion,"MANUEL RODRIGUEZ & SAZIE, Santiago",-33.449141,-70.659258
-7863939.78248297,-3956612.79027628,6598,2023,1566910,2023/10/17 00:00:00+00,Octubre,17,Martes,1899/12/30 00:00:00+00,19:55:00,19,REGION METROPOLITANA,SANTIAGO,COLISION POR ALCANCE,COLISION,URBANA,TRAMO DE VIA RECTA,IMPRUDENCIA DEL CONDUCTOR,CONDUCCION NO ATENTO CONDICIONES TRANSITO MOMENTO,MARINA DE GAETE,STA ROSA,MARINA DE GAETE - STA ROSA,0, , ,UNIDIRECCIONAL,ASFALTO,BUENO,SECO,DESPEJADO,0,0,0,0,13,131,13101,Metropolitana de Santiago,Santiago,Santiago,Interseccion,"MARINA DE GAETE & STA ROSA, Santiago",-33.460683,-70.642973
-7849190.61786981,-3942746.33041574,6599,2023,1567577,2023/10/18 00:00:00+00,Octubre,18,Miércoles,1899/12/30 00:00:00+00,00:00:00,0,REGION METROPOLITANA,LO BARNECHEA,COLISION LATERAL,COLISION,URBANA,CRUCE CON SEMAFORO FUNCIONANDO,DESOBEDIENCIA A SEÑALIZACION,SEÑALIZACION DESOBEDECER LUZ ROJA DE SEMAFORO,PADRE ALFREDO ARTEAGA BARROS,CDTE MALBEC,CDTE MALBEC - PADRE ALFREDO ARTEAGA BARROS,0, , ,BIDIRECCIONAL,CONCRETO,BUENO,SECO,DESPEJADO,0,1,0,0,13,131,13115,Metropolitana de Santiago,Santiago,Lo Barnechea,Interseccion,"CDTE MALBEC & PADRE ALFREDO ARTEAGA BARROS, Lo Barnechea",-33.356701,-70.510479
-7877853.71695672,-3968199.89344498,6600,2023,1567561,2023/10/18 00:00:00+00,Octubre,18,Miércoles,1899/12/30 00:00:00+00,08:30:00,8,REGION METROPOLITANA,MAIPU,COLISION FRONTAL,COLISION,URBANA,CRUCE SIN SEÑALIZACION,IMPRUDENCIA DEL CONDUCTOR,NO RESPETAR DERECHO PREFERENTE DE PASO A VEHICULO,ANDALIEN,CONSTANTINO,ANDALIEN - CONSTANTINO,0, , ,BIDIRECCIONAL,CONCRETO,BUENO,SECO,DESPEJADO,0,1,0,0,13,131,13119,Metropolitana de Santiago,Santiago,Maipú,Interseccion,"ANDALIEN & CONSTANTINO, Maipú",-33.547477,-70.767964
-7868161.01757385,-3944139.00112802,6601,2023,1567536,2023/10/18 00:00:00+00,Octubre,18,Miércoles,1899/12/30 00:00:00+00,08:45:00,8,REGION METROPOLITANA,HUECHURABA,COLISION,COLISION,URBANA,TRAMO DE VIA RECTA,IMPRUDENCIA DEL CONDUCTOR,CONDUCCION NO ATENTO CONDICIONES TRANSITO MOMENTO,AMERICO VESPUCIO,LOS LIBERTADORES,AMERICO VESPUCIO - LOS LIBERTADORES,0, , ,BIDIRECCIONAL,ASFALTO,BUENO,SECO,DESPEJADO,0,1,0,0,13,131,13107,Metropolitana de Santiago,Santiago,Huechuraba,Interseccion,"AMERICO VESPUCIO & LOS LIBERTADORES, Huechuraba",-33.36715,-70.680893
-8145095.96947533,-4949905.05541995,6602,2023,1567913,2023/10/18 00:00:00+00,Octubre,18,Miércoles,1899/12/30 00:00:00+00,14:40:00,14,REGION LOS LAGOS,OSORNO,COLISION LATERAL,COLISION,URBANA,CRUCE CON SEÑAL PARE,IMPRUDENCIA DEL CONDUCTOR,NO RESPETAR DERECHO PREFERENTE DE PASO A VEHICULO,AZAPA,CHORRILLOS,AZAPA - CHORRILLOS,0, , ,BIDIRECCIONAL,CONCRETO,BUENO,SECO,DESPEJADO,0,1,0,0,10,103,10301,Los Lagos,Osorno,Osorno,Interseccion,"AZAPA & CHORRILLOS, Osorno",-40.575342,-73.168642
-8138562.73988017,-4409413.73865924,6603,2023,1566191,2023/10/18 00:00:00+00,Octubre,18,Miércoles,1899/12/30 00:00:00+00,15:10:00,15,REGION BIO BIO,HUALPEN,CHOQUE FRENTE/POSTERIOR,CHOQUE,URBANA,ENLACE A DESNIVEL,IMPRUDENCIA DEL CONDUCTOR,CONDUCCION NO ATENTO CONDICIONES TRANSITO MOMENTO,COSTANERA,JUAN PABLO II,COSTANERA - JUAN PABLO II,0, , ,UNIDIRECCIONAL,CONCRETO,BUENO,SECO,DESPEJADO,0,0,0,0,08,081,08112,Biobío,Concepción,Hualpén,Interseccion,"COSTANERA & JUAN PABLO II, Hualpén",-36.786676,-73.109953
-7972377.62345267,-3901529.25618459,6604,2023,1568455,2023/10/18 00:00:00+00,Octubre,18,Miércoles,1899/12/30 00:00:00+00,17:30:00,17,REGION VALPARAISO,VALPARAISO,COLISION,COLISION,URBANA,CRUCE CON SEMAFORO FUNCIONANDO,IMPRUDENCIA DEL CONDUCTOR,CONDUCCION NO ATENTO CONDICIONES TRANSITO MOMENTO,PEDRO MONTT,LAS HERAS,LAS HERAS - PEDRO MONTT,0, , ,UNIDIRECCIONAL,ASFALTO,BUENO,SECO,DESPEJADO,0,0,0,1,05,051,05101,Valparaíso,Valparaíso,Valparaíso,Interseccion,"LAS HERAS & PEDRO MONTT, Valparaíso",-33.046888,-71.617087
-7857185.58369858,-3985941.10832212,6605,2023,1567105,2023/10/18 00:00:00+00,Octubre,18,Miércoles,1899/12/30 00:00:00+00,17:40:00,17,REGION METROPOLITANA,PIRQUE,VOLCADURA,VOLCADURA,URBANA,CRUCE CON SEÑAL PARE,ALCOHOL EN CONDUCTOR,CONDUCCION EN ESTADO DE EBRIEDAD,ALCALDE HERNAN PRIETO,CAMINO EL LLANO,ALCALDE HERNAN PRIETO - CAMINO EL LLANO,0, , ,BIDIRECCIONAL,ASFALTO,BUENO,SECO,DESPEJADO,0,0,0,1,13,132,13202,Metropolitana de Santiago,Cordillera,Pirque,Interseccion,"ALCALDE HERNAN PRIETO & CAMINO EL LLANO, Pirque",-33.6802,-70.582299
-7862820.2008085,-3943820.6507412,6606,2023,1567502,2023/10/18 00:00:00+00,Octubre,18,Miércoles,1899/12/30 00:00:00+00,17:50:00,17,REGION METROPOLITANA,HUECHURABA,COLISION,COLISION,URBANA,TRAMO DE VIA RECTA,IMPRUDENCIA DEL CONDUCTOR,CONDUCCION NO ATENTO CONDICIONES TRANSITO MOMENTO,RECOLETA,LOS NOGALES,LOS NOGALES - RECOLETA,0, , ,BIDIRECCIONAL,ASFALTO,BUENO,SECO,DESPEJADO,0,0,0,0,13,131,13107,Metropolitana de Santiago,Santiago,Huechuraba,Interseccion,"LOS NOGALES & RECOLETA, Huechuraba",-33.364762,-70.632916
-7876926.5369179,-3979326.14579496,6607,2023,1575852,2023/10/18 00:00:00+00,Octubre,18,Miércoles,1899/12/30 00:00:00+00,17:50:00,17,REGION METROPOLITANA,CALERA DE TANGO,COLISION FRONTAL,COLISION,URBANA,CRUCE CON SEÑAL PARE,IMPRUDENCIA DEL CONDUCTOR,ADELANTAMIENTO POR LA BERMA,CALERA DE TANGO,CAMINO CATEMITO,CALERA DE TANGO - CAMINO CATEMITO,0, , ,BIDIRECCIONAL,ASFALTO,BUENO,SECO,DESPEJADO,0,0,1,0,13,134,13403,Metropolitana de Santiago,Maipo,Calera de Tango,Interseccion,"CALERA DE TANGO & CAMINO CATEMITO, Calera de Tango",-33.630737,-70.759635
-7859618.47116987,-3954762.73806124,6608,2023,1571098,2023/10/18 00:00:00+00,Octubre,18,Miércoles,1899/12/30 00:00:00+00,18:00:00,18,REGION METROPOLITANA,ÑUÑOA,COLISION,COLISION,URBANA,CRUCE CON SEÑAL CEDA EL PASO,DESOBEDIENCIA A SEÑALIZACION,SEÑALIZACION DESOBEDECER SEÑAL CEDA EL PASO,VILLASECA,HERNAN CORTES,HERNAN CORTES - VILLASECA,0, , ,UNIDIRECCIONAL,CONCRETO,BUENO,SECO,DESPEJADO,0,1,0,0,13,131,13120,Metropolitana de Santiago,Santiago,Ñuñoa,Interseccion,"HERNAN CORTES & VILLASECA, Ñuñoa",-33.446817,-70.604154
-7874897.40523972,-3992953.94195045,6609,2023,1571194,2023/10/19 00:00:00+00,Octubre,19,Jueves,1899/12/30 00:00:00+00,00:45:00,0,REGION METROPOLITANA,BUIN,COLISION FRONTAL,COLISION,URBANA,CRUCE CON SEMAFORO FUNCIONANDO,DESOBEDIENCIA A SEÑALIZACION,SEÑALIZACION DESOBEDECER LUZ ROJA DE SEMAFORO,JOSE JOAQUIN PEREZ,JOSE MANUEL BALMACEDA,JOSE JOAQUIN PEREZ - JOSE MANUEL BALMACEDA,0, , ,UNIDIRECCIONAL,ASFALTO,BUENO,SECO,DESPEJADO,0,0,0,0,13,134,13402,Metropolitana de Santiago,Maipo,Buin,Interseccion,"JOSE JOAQUIN PEREZ & JOSE MANUEL BALMACEDA, Buin",-33.732607,-70.741407
-7858347.53654348,-3973490.80730079,6610,2023,1566440,2023/10/19 00:00:00+00,Octubre,19,Jueves,1899/12/30 00:00:00+00,00:52:00,0,REGION METROPOLITANA,PUENTE ALTO,COLISION LATERAL,COLISION,URBANA,TRAMO DE VIA RECTA,IMPRUDENCIA DEL CONDUCTOR,CONDUCCION NO ATENTO CONDICIONES TRANSITO MOMENTO,LUIS MATTE LARRAIN,SALTO DEL LAJA,LUIS MATTE LARRAIN - SALTO DEL LAJA,0, , ,BIDIRECCIONAL,CONCRETO,BUENO,SECO,DESPEJADO,0,1,0,0,13,132,13201,Metropolitana de Santiago,Cordillera,Puente Alto,Interseccion,"LUIS MATTE LARRAIN & SALTO DEL LAJA, Puente Alto",-33.58708,-70.592737
-7933846.3855656,-3897125.90926535,6611,2023,1567154,2023/10/19 00:00:00+00,Octubre,19,Jueves,1899/12/30 00:00:00+00,07:00:00,7,REGION VALPARAISO,LIMACHE,COLISION LATERAL,COLISION,URBANA,TRAMO DE VIA RECTA,IMPRUDENCIA DEL CONDUCTOR,CONDUCIR VEHICULO EN RETROCESO,PALMIRA ROMANO SUR,CONCEPCION,CONCEPCION - PALMIRA ROMANO SUR,0, , ,BIDIRECCIONAL,ASFALTO,BUENO,SECO,DESPEJADO,0,0,0,0,05,058,05802,Valparaíso,Marga Marga,Limache,Interseccion,"CONCEPCION & PALMIRA ROMANO SUR, Limache",-33.013725,-71.270955
-7876646.79103753,-3965533.24550707,6612,2023,1568384,2023/10/19 00:00:00+00,Octubre,19,Jueves,1899/12/30 00:00:00+00,08:40:00,8,REGION METROPOLITANA,MAIPU,VOLCADURA,VOLCADURA,URBANA,TRAMO DE VIA RECTA,IMPRUDENCIA DEL CONDUCTOR,CONDUCCION NO ATENTO CONDICIONES TRANSITO MOMENTO,CAMINO A MELIPILLA,LOS PAJARITOS,CAMINO A MELIPILLA - LOS PAJARITOS,0, , ,BIDIRECCIONAL CON BANDEJON,ASFALTO,BUENO,SECO,DESPEJADO,0,0,0,1,13,131,13119,Metropolitana de Santiago,Santiago,Maipú,Interseccion,"CAMINO A MELIPILLA & LOS PAJARITOS, Maipú",-33.52751,-70.757122
-7865063.99802049,-3949178.884145,6613,2023,1566491,2023/10/19 00:00:00+00,Octubre,19,Jueves,1899/12/30 00:00:00+00,09:30:00,9,REGION METROPOLITANA,RECOLETA,COLISION PERPENDICULAR,COLISION,URBANA,CRUCE CON SEÑAL CEDA EL PASO,DESOBEDIENCIA A SEÑALIZACION,SEÑALIZACION DESOBEDECER SEÑAL CEDA EL PASO,SAN GERARDO,LA CONQUISTA,LA CONQUISTA - SAN GERARDO,0, , ,UNIDIRECCIONAL,ASFALTO,REGULAR,SECO,NUBLADO,0,0,0,1,13,131,13127,Metropolitana de Santiago,Santiago,Recoleta,Interseccion,"LA CONQUISTA & SAN GERARDO, Recoleta",-33.404953,-70.653072
-7858940.31283196,-3969040.60222866,6614,2023,1570232,2023/10/19 00:00:00+00,Octubre,19,Jueves,1899/12/30 00:00:00+00,09:45:00,9,REGION METROPOLITANA,LA FLORIDA,COLISION,COLISION,URBANA,CRUCE CON SEÑAL CEDA EL PASO,IMPRUDENCIA DEL CONDUCTOR,CONDUCCION SIN MANTENER DISTANCIA RAZONABLE NI PRUDENTE,CAMILO HENRIQUEZ,SAN JOSE DE LA ESTRELLA,CAMILO HENRIQUEZ - SAN JOSE DE LA ESTRELLA,0, , ,UNIDIRECCIONAL,ASFALTO,BUENO,SECO,DESPEJADO,0,0,0,0,13,131,13110,Metropolitana de Santiago,Santiago,La Florida,Interseccion,"CAMILO HENRIQUEZ & SAN JOSE DE LA ESTRELLA, La Florida",-33.553771,-70.598062
-7858940.31283196,-3969040.60222866,6615,2023,1566502,2023/10/19 00:00:00+00,Octubre,19,Jueves,1899/12/30 00:00:00+00,10:57:00,10,REGION METROPOLITANA,LA FLORIDA,COLISION POR ALCANCE,COLISION,URBANA,TRAMO DE VIA RECTA,IMPRUDENCIA DEL CONDUCTOR,CONDUCCION NO ATENTO CONDICIONES TRANSITO MOMENTO,SAN JOSE DE LA ESTRELLA,CAMILO HENRIQUEZ,CAMILO HENRIQUEZ - SAN JOSE DE LA ESTRELLA,0, , ,BIDIRECCIONAL,CONCRETO,BUENO,SECO,DESPEJADO,0,0,0,0,13,131,13110,Metropolitana de Santiago,Santiago,La Florida,Interseccion,"CAMILO HENRIQUEZ & SAN JOSE DE LA ESTRELLA, La Florida",-33.553771,-70.598062
-7876651.18694404,-3959075.65907667,6616,2023,1568394,2023/10/19 00:00:00+00,Octubre,19,Jueves,1899/12/30 00:00:00+00,13:40:00,13,REGION METROPOLITANA,MAIPU,VOLCADURA,VOLCADURA,URBANA,CRUCE CON SEÑAL PARE,DESOBEDIENCIA A SEÑALIZACION,SEÑALIZACION DESOBEDECER SEÑAL PARE,EL ROSAL,FLOR DEL NOTRO,EL ROSAL - FLOR DEL NOTRO,0, , ,BIDIRECCIONAL,ASFALTO,BUENO,SECO,DESPEJADO,0,0,0,0,13,131,13119,Metropolitana de Santiago,Santiago,Maipú,Interseccion,"EL ROSAL & FLOR DEL NOTRO, Maipú",-33.479139,-70.757161
-7849190.61786981,-3942746.33041574,6617,2023,1567824,2023/10/19 00:00:00+00,Octubre,19,Jueves,1899/12/30 00:00:00+00,15:00:00,15,REGION METROPOLITANA,LO BARNECHEA,COLISION LATERAL,COLISION,URBANA,CRUCE CON SEMAFORO FUNCIONANDO,VELOCIDAD IMPRUDENTE,"VELOCIDAD NO REDUCIR CRUCE DE CALLES, CUMBRE, CURVA, ETC.",PADRE ALFREDO ARTEAGA BARROS,CDTE MALBEC,CDTE MALBEC - PADRE ALFREDO ARTEAGA BARROS,0, , ,BIDIRECCIONAL,CONCRETO,BUENO,SECO,DESPEJADO,0,0,0,0,13,131,13115,Metropolitana de Santiago,Santiago,Lo Barnechea,Interseccion,"CDTE MALBEC & PADRE ALFREDO ARTEAGA BARROS, Lo Barnechea",-33.356701,-70.510479
-8135489.54269783,-4410011.86423531,6618,2023,1566221,2023/10/19 00:00:00+00,Octubre,19,Jueves,1899/12/30 00:00:00+00,21:30:00,21,REGION BIO BIO,HUALPEN,COLISION,COLISION,URBANA,CRUCE CON SEÑAL PARE,IMPRUDENCIA DEL CONDUCTOR,"ADELANTAMIENTO EN CRUCE, CURVA, CUESTA, PUENTE",SANTA MARIA,LOS GORRIONES,LOS GORRIONES - SANTA MARIA,0, , ,BIDIRECCIONAL,CONCRETO,BUENO,SECO,DESPEJADO,0,0,0,0,08,081,08112,Biobío,Concepción,Hualpén,Interseccion,"LOS GORRIONES & SANTA MARIA, Hualpén",-36.790979,-73.082346
-7860285.05228074,-3956789.85896099,6619,2023,1571155,2023/10/19 00:00:00+00,Octubre,19,Jueves,1899/12/30 00:00:00+00,22:38:00,22,REGION METROPOLITANA,ÑUÑOA,CHOQUE FRENTE/POSTERIOR,CHOQUE,URBANA,CRUCE CON SEMAFORO FUNCIONANDO,IMPRUDENCIA DEL CONDUCTOR,CONDUCCION SIN MANTENER DISTANCIA RAZONABLE NI PRUDENTE,GRECIA,CAMPOS DE DEPORTES,CAMPOS DE DEPORTES - GRECIA,0, , ,BIDIRECCIONAL CON BANDEJON,CONCRETO,BUENO,SECO,DESPEJADO,0,0,0,2,13,131,13120,Metropolitana de Santiago,Santiago,Ñuñoa,Interseccion,"CAMPOS DE DEPORTES & GRECIA, Ñuñoa",-33.46201,-70.610142
-7978189.20227393,-4221701.65294864,6620,2023,1566506,2023/10/20 00:00:00+00,Octubre,20,Viernes,1899/12/30 00:00:00+00,04:10:00,4,REGION MAULE,TALCA,COLISION,COLISION,URBANA,CRUCE CON SEÑAL PARE,DESOBEDIENCIA A SEÑALIZACION,SEÑALIZACION DESOBEDECER SEÑAL PARE,2 NORTE,3 PONIENTE,2 NORTE - 3 PONIENTE,0, , ,UNIDIRECCIONAL,CONCRETO,BUENO,SECO,DESPEJADO,0,0,1,0,07,071,07101,Maule,Talca,Talca,Interseccion,"2 NORTE & 3 PONIENTE, Talca",-35.424368,-71.669293
-7897751.40801907,-3984952.82831953,6621,2023,1566519,2023/10/20 00:00:00+00,Octubre,20,Viernes,1899/12/30 00:00:00+00,06:45:00,6,REGION METROPOLITANA,TALAGANTE,COLISION LATERAL,COLISION,URBANA,CRUCE CON SEMAFORO FUNCIONANDO,ALCOHOL EN CONDUCTOR,CONDUCCION EN ESTADO DE EBRIEDAD,BERNARDO O'HIGGINS,MONSEÑOR LARRAIN,BERNARDO O'HIGGINS - MONSEÑOR LARRAIN,0, , ,BIDIRECCIONAL,ASFALTO,BUENO,SECO,DESPEJADO,0,0,1,0,13,136,13601,Metropolitana de Santiago,Talagante,Talagante,Interseccion,"BERNARDO O'HIGGINS & MONSEÑOR LARRAIN, Talagante",-33.672812,-70.946708
-7863899.74481398,-3973522.97480376,6622,2023,1566920,2023/10/20 00:00:00+00,Octubre,20,Viernes,1899/12/30 00:00:00+00,07:40:00,7,REGION METROPOLITANA,LA PINTANA,COLISION POR ALCANCE,COLISION,URBANA,TRAMO DE VIA RECTA,IMPRUDENCIA DEL CONDUCTOR,ADELANTAMIENTO SIN EL ESPACIO O TIEMPO SUFICIENTE,LO BLANCO,EL RAULI,EL RAULI - LO BLANCO,0, , ,BIDIRECCIONAL,CONCRETO,REGULAR,SECO,DESPEJADO,0,0,0,0,13,131,13112,Metropolitana de Santiago,Santiago,La Pintana,Interseccion,"EL RAULI & LO BLANCO, La Pintana",-33.587321,-70.642613
-8026102.22430626,-4386733.0918832,6623,2023,1566667,2023/10/20 00:00:00+00,Octubre,20,Viernes,1899/12/30 00:00:00+00,08:10:00,8,REGION ÑUBLE,CHILLAN,COLISION PERPENDICULAR,COLISION,URBANA,CRUCE CON SEÑAL PARE,DESOBEDIENCIA A SEÑALIZACION,SEÑALIZACION DESOBEDECER SEÑAL PARE,PALERMO,ALONSO DE ERCILLA,ALONSO DE ERCILLA - PALERMO,0, , ,BIDIRECCIONAL,CONCRETO,BUENO,SECO,DESPEJADO,0,0,1,0,16,161,16101,Ñuble,Diguillín,Chillán,Interseccion,"ALONSO DE ERCILLA & PALERMO, Chillán",-36.62333,-72.099703
-8026102.22430626,-4386733.0918832,6624,2023,1567352,2023/10/20 00:00:00+00,Octubre,20,Viernes,1899/12/30 00:00:00+00,08:10:00,8,REGION ÑUBLE,CHILLAN,COLISION PERPENDICULAR,COLISION,URBANA,CRUCE CON SEÑAL PARE,DESOBEDIENCIA A SEÑALIZACION,SEÑALIZACION DESOBEDECER SEÑAL PARE,PALERMO,ALONSO DE ERCILLA,ALONSO DE ERCILLA - PALERMO,0, , ,BIDIRECCIONAL,CONCRETO,BUENO,SECO,DESPEJADO,0,0,1,0,16,161,16101,Ñuble,Diguillín,Chillán,Interseccion,"ALONSO DE ERCILLA & PALERMO, Chillán",-36.62333,-72.099703
-7863659.14604668,-3953884.11355785,6625,2023,1567475,2023/10/20 00:00:00+00,Octubre,20,Viernes,1899/12/30 00:00:00+00,12:00:00,12,REGION METROPOLITANA,SANTIAGO,COLISION POR ALCANCE,COLISION,URBANA,TRAMO DE VIA RECTA,IMPRUDENCIA DEL CONDUCTOR,CONDUCCION CAMBIAR SORPRESIVAMENTE PISTA CIRCULACION,LIBER BERNARDO O'HIGGINS,PORTUGAL,LIBER BERNARDO O'HIGGINS - PORTUGAL,0, , ,BIDIRECCIONAL,ASFALTO,BUENO,SECO,DESPEJADO,0,0,0,1,13,131,13101,Metropolitana de Santiago,Santiago,Santiago,Interseccion,"LIBER BERNARDO O'HIGGINS & PORTUGAL, Santiago",-33.440231,-70.640452