X,Y,FID,Año,IdAccident,Fecha,Mes,Dia_mes,Dia_semana,Hora,Hora_texto,Hora_aprox,Región,Comuna,Tipo_Accid,Tipo__CONA,Zona,Ubicación,Causa__CON,Causa_Acci,Calle_Uno,Calle_Dos,Intersecci,Número,Ruta,Ubicaci_1,Calzada,Tipo_Calza,Estado_Cal,Condición,Estado_Atm,Fallecidos,Graves,Menos_Grav,Leves,CUT_REG,CUT_PROV,CUT_COM,REGION,PROVINCIA,COMUNA1,Tipo_direc,Direccion,Lat,Lon
-7976270.59385162,-4220095.62049104,6626,2023,1566825,2023/10/20 00:00:00+00,Octubre,20,Viernes,1899/12/30 00:00:00+00,13:45:00,13,REGION MAULE,TALCA,COLISION LATERAL,COLISION,URBANA,CRUCE CON SEMAFORO FUNCIONANDO,DESOBEDIENCIA A SEÑALIZACION,SEÑALIZACION DESOBEDECER LUZ ROJA DE SEMAFORO,LIRCAY,12 NORTE,12 NORTE - LIRCAY,0, , ,BIDIRECCIONAL CON BANDEJON,ASFALTO,BUENO,SECO,DESPEJADO,0,0,0,1,07,071,07101,Maule,Talca,Talca,Interseccion,"12 NORTE & LIRCAY, Talca",-35.412611,-71.652058
-7864994.6459332,-3872376.40592,6627,2023,1566626,2023/10/20 00:00:00+00,Octubre,20,Viernes,1899/12/30 00:00:00+00,14:30:00,14,REGION VALPARAISO,LOS ANDES,COLISION PERPENDICULAR,COLISION,URBANA,TRAMO DE VIA RECTA,IMPRUDENCIA DEL CONDUCTOR,CONDUCCION NO ATENTO CONDICIONES TRANSITO MOMENTO,LOS VILLARES,CONDOROMA,CONDOROMA - LOS VILLARES,0, , ,BIDIRECCIONAL,ASFALTO,BUENO,SECO,DESPEJADO,0,0,0,1,05,053,05301,Valparaíso,Los Andes,Los Andes,Interseccion,"CONDOROMA & LOS VILLARES, Los Andes",-32.827097,-70.652449
-7875575.22961916,-3951210.09553899,6628,2023,1568086,2023/10/20 00:00:00+00,Octubre,20,Viernes,1899/12/30 00:00:00+00,16:00:00,16,REGION METROPOLITANA,CERRO NAVIA,COLISION POR ALCANCE,COLISION,URBANA,CRUCE CON SEÑAL PARE,IMPRUDENCIA DEL CONDUCTOR,CONDUCCION SIN MANTENER DISTANCIA RAZONABLE NI PRUDENTE,COST SUR,ROLANDO PETERSEN,COST SUR - ROLANDO PETERSEN,0, , ,BIDIRECCIONAL,ASFALTO,BUENO,SECO,DESPEJADO,0,0,0,0,13,131,13103,Metropolitana de Santiago,Santiago,Cerro Navia,Interseccion,"COST SUR & ROLANDO PETERSEN, Cerro Navia",-33.420184,-70.747496
-7931283.5994139,-3491685.78274864,6629,2023,1566787,2023/10/20 00:00:00+00,Octubre,20,Viernes,1899/12/30 00:00:00+00,18:45:00,18,REGION COQUIMBO,LA SERENA,COLISION PERPENDICULAR,COLISION,URBANA,CRUCE CON SEMAFORO FUNCIONANDO,DESOBEDIENCIA A SEÑALIZACION,SEÑALIZACION DESOBEDECER LUZ ROJA DE SEMAFORO,JUAN DE DIOS PENI,LARRAIN ALCALDE,JUAN DE DIOS PENI - LARRAIN ALCALDE,0, , ,UNIDIRECCIONAL,ASFALTO,BUENO,SECO,DESPEJADO,0,0,0,1,04,041,04101,Coquimbo,Elqui,La Serena,Interseccion,"JUAN DE DIOS PENI & LARRAIN ALCALDE, La Serena",-29.907659,-71.247933
-7866766.07303472,-3952041.96682349,6630,2023,1566438,2023/10/20 00:00:00+00,Octubre,20,Viernes,1899/12/30 00:00:00+00,20:30:00,20,REGION METROPOLITANA,INDEPENDENCIA,COLISION,COLISION,URBANA,OTROS NO CONSIDERADOS,IMPRUDENCIA DEL CONDUCTOR,CONDUCCION NO ATENTO CONDICIONES TRANSITO MOMENTO,CARLOS MEDINA,PDTE EDUARDO FREI MONTALVA,CARLOS MEDINA - PDTE EDUARDO FREI MONTALVA,0, , ,BIDIRECCIONAL,CONCRETO,BUENO,SECO,DESPEJADO,0,0,0,0,13,131,13108,Metropolitana de Santiago,Santiago,Independencia,Interseccion,"CARLOS MEDINA & PDTE EDUARDO FREI MONTALVA, Independencia",-33.426421,-70.668362
-8063221.93112799,-4654386.97854654,6631,2023,1566665,2023/10/20 00:00:00+00,Octubre,20,Viernes,1899/12/30 00:00:00+00,20:40:00,20,REGION ARAUCANIA,LAUTARO,COLISION LATERAL,COLISION,URBANA,CRUCE CON SEMAFORO FUNCIONANDO,VELOCIDAD IMPRUDENTE,VELOCIDAD NO RAZONABLE NI PRUDENTE,BERNARDO O'HIGGINS,ERASMO OBANDO,BERNARDO O'HIGGINS - ERASMO OBANDO,0, , ,UNIDIRECCIONAL,ASFALTO,BUENO,SECO,DESPEJADO,0,0,0,1,09,091,09108,La Araucanía,Cautín,Lautaro,Interseccion,"BERNARDO O'HIGGINS & ERASMO OBANDO, Lautaro",-38.528714,-72.433155
-7873713.83918135,-3954472.19507699,6632,2023,1567385,2023/10/20 00:00:00+00,Octubre,20,Viernes,1899/12/30 00:00:00+00,21:00:00,21,REGION METROPOLITANA,LO PRADO,COLISION POR ALCANCE,COLISION,URBANA,CRUCE CON SEMAFORO FUNCIONANDO,VELOCIDAD IMPRUDENTE,VELOCIDAD NO RAZONABLE NI PRUDENTE,LAS TORRES,SAN PABLO,LAS TORRES - SAN PABLO,0, , ,BIDIRECCIONAL,ASFALTO,BUENO,SECO,DESPEJADO,0,0,0,1,13,131,13117,Metropolitana de Santiago,Santiago,Lo Prado,Interseccion,"LAS TORRES & SAN PABLO, Lo Prado",-33.444639,-70.730775
-7871996.19667066,-3951477.24281379,6633,2023,1569399,2023/10/20 00:00:00+00,Octubre,20,Viernes,1899/12/30 00:00:00+00,23:19:00,23,REGION METROPOLITANA,QUINTA NORMAL,ATROPELLO,ATROPELLO,URBANA,TRAMO DE VIA RECTA,IMPRUDENCIA DEL CONDUCTOR,CONDUCCION NO ATENTO CONDICIONES TRANSITO MOMENTO,SALVADOR GUTIERREZ,OBPO VILLARROEL,OBPO VILLARROEL - SALVADOR GUTIERREZ,0, , ,BIDIRECCIONAL,ASFALTO,BUENO,SECO,DESPEJADO,0,0,0,1,13,131,13126,Metropolitana de Santiago,Santiago,Quinta Normal,Interseccion,"OBPO VILLARROEL & SALVADOR GUTIERREZ, Quinta Normal",-33.422187,-70.715345
-7934585.4802373,-3494193.69936955,6634,2023,1566808,2023/10/21 00:00:00+00,Octubre,21,Sábado,1899/12/30 00:00:00+00,00:00:00,0,REGION COQUIMBO,LA SERENA,ATROPELLO,ATROPELLO,URBANA,CRUCE CON SEÑAL CEDA EL PASO,DESOBEDIENCIA A SEÑALIZACION,SEÑALIZACION DESOBEDECER SEÑAL CEDA EL PASO,DEL MAR,LOS ARRAYANES,DEL MAR - LOS ARRAYANES,0, , ,BIDIRECCIONAL,ASFALTO,BUENO,SECO,DESPEJADO,0,0,0,2,04,041,04101,Coquimbo,Elqui,La Serena,Interseccion,"DEL MAR & LOS ARRAYANES, La Serena",-29.927186,-71.277594
-7923425.69011993,-3715918.9525762,6635,2023,1572901,2023/10/21 00:00:00+00,Octubre,21,Sábado,1899/12/30 00:00:00+00,08:10:00,8,REGION COQUIMBO,ILLAPEL,CHOQUE,CHOQUE,URBANA,TRAMO DE VIA RECTA,IMPRUDENCIA DEL CONDUCTOR,CONDUCCION NO ATENTO CONDICIONES TRANSITO MOMENTO,SALVADOR ALLENDE,EL MIRADOR,EL MIRADOR - SALVADOR ALLENDE,0, , ,BIDIRECCIONAL,CONCRETO,BUENO,SECO,DESPEJADO,0,0,0,1,04,042,04201,Coquimbo,Choapa,Illapel,Interseccion,"EL MIRADOR & SALVADOR ALLENDE, Illapel",-31.638254,-71.177344
-7873739.2372575,-3958658.51915263,6636,2023,1568882,2023/10/21 00:00:00+00,Octubre,21,Sábado,1899/12/30 00:00:00+00,08:30:00,8,REGION METROPOLITANA,MAIPU,VOLCADURA,VOLCADURA,URBANA,CRUCE CON SEÑAL CEDA EL PASO,IMPRUDENCIA DEL CONDUCTOR,CONDUCCION NO ATENTO CONDICIONES TRANSITO MOMENTO,LAS TORRES,SUR DE CHILE,LAS TORRES - SUR DE CHILE,0, , ,BIDIRECCIONAL,ASFALTO,BUENO,SECO,DESPEJADO,0,0,0,1,13,131,13119,Metropolitana de Santiago,Santiago,Maipú,Interseccion,"LAS TORRES & SUR DE CHILE, Maipú",-33.476013,-70.731003
-7931834.31915423,-4160889.79581121,6637,2023,1566749,2023/10/21 00:00:00+00,Octubre,21,Sábado,1899/12/30 00:00:00+00,13:15:00,13,REGION MAULE,CURICO,COLISION PERPENDICULAR,COLISION,URBANA,CRUCE CON SEÑAL PARE,DESOBEDIENCIA A SEÑALIZACION,SEÑALIZACION DESOBEDECER SEÑAL PARE,AMSTERDAM,RIO DE JANEIRO,AMSTERDAM - RIO DE JANEIRO,0, , ,BIDIRECCIONAL CON BANDEJON,CONCRETO,BUENO,SECO,DESPEJADO,0,1,0,0,07,073,07301,Maule,Curicó,Curicó,Interseccion,"AMSTERDAM & RIO DE JANEIRO, Curicó",-34.977985,-71.25288
-7948801.58032572,-3901468.04700198,6638,2023,1571126,2023/10/21 00:00:00+00,Octubre,21,Sábado,1899/12/30 00:00:00+00,13:40:00,13,REGION VALPARAISO,QUILPUE,CHOQUE POSTERIOR/POSTERIOR,CHOQUE,URBANA,CRUCE CON SEMAFORO FUNCIONANDO,IMPRUDENCIA DEL CONDUCTOR,CONDUCCION NO ATENTO CONDICIONES TRANSITO MOMENTO,FREIRE,ALMIRANTE GOMEZ CARREÑO,ALMIRANTE GOMEZ CARREÑO - FREIRE,0, , ,BIDIRECCIONAL,ASFALTO,BUENO,SECO,DESPEJADO,0,0,0,2,05,058,05801,Valparaíso,Marga Marga,Quilpué,Interseccion,"ALMIRANTE GOMEZ CARREÑO & FREIRE, Quilpué",-33.046427,-71.4053
-7865414.76573598,-3965512.14662712,6639,2023,1566557,2023/10/21 00:00:00+00,Octubre,21,Sábado,1899/12/30 00:00:00+00,15:10:00,15,REGION METROPOLITANA,LA CISTERNA,COLISION POR ALCANCE,COLISION,URBANA,CRUCE CON SEÑAL PARE,IMPRUDENCIA DEL CONDUCTOR,CONDUCCION NO ATENTO CONDICIONES TRANSITO MOMENTO,EL PARRON,ANGAMOS,ANGAMOS - EL PARRON,0, , ,BIDIRECCIONAL,CONCRETO,BUENO,SECO,DESPEJADO,0,1,0,3,13,131,13109,Metropolitana de Santiago,Santiago,La Cisterna,Interseccion,"ANGAMOS & EL PARRON, La Cisterna",-33.527352,-70.656223
-7874147.22319126,-4051335.60117463,6640,2023,1566867,2023/10/21 00:00:00+00,Octubre,21,Sábado,1899/12/30 00:00:00+00,19:30:00,19,REGION LIB.B.O'HIGGINS,RANCAGUA,ATROPELLO,ATROPELLO,URBANA,CRUCE CON SEMAFORO FUNCIONANDO,IMPRUDENCIA DEL CONDUCTOR,CONDUCCION NO ATENTO CONDICIONES TRANSITO MOMENTO,CACERES,FREIRE,CACERES - FREIRE,0, , ,UNIDIRECCIONAL,CONCRETO,BUENO,SECO,DESPEJADO,0,0,0,1,06,061,06101,Libertador General Bernardo O'Higgins,Cachapoal,Rancagua,Interseccion,"CACERES & FREIRE, Rancagua",-34.16765,-70.734668
-7978495.52118541,-4222344.24629962,6641,2023,1566599,2023/10/21 00:00:00+00,Octubre,21,Sábado,1899/12/30 00:00:00+00,20:30:00,20,REGION MAULE,TALCA,COLISION POR ALCANCE,COLISION,URBANA,TRAMO DE VIA RECTA,IMPRUDENCIA DEL CONDUCTOR,CONDUCCION NO ATENTO CONDICIONES TRANSITO MOMENTO,CARLOS SCHORR,EL ARENAL,CARLOS SCHORR - EL ARENAL,0, , ,UNIDIRECCIONAL,CONCRETO,BUENO,SECO,DESPEJADO,0,0,0,1,07,071,07101,Maule,Talca,Talca,Interseccion,"CARLOS SCHORR & EL ARENAL, Talca",-35.429072,-71.672045
-7835069.62915432,-2708068.63837223,6642,2023,1568723,2023/10/21 00:00:00+00,Octubre,21,Sábado,1899/12/30 00:00:00+00,20:40:00,20,REGION ANTOFAGASTA,ANTOFAGASTA,VOLCADURA,VOLCADURA,URBANA,TRAMO DE VIA RECTA,DEFICIENCIAS VIALES,ANIMALES SUELTOS VIA PUBLICA,MAGALLANES,PUNTA ARENAS,MAGALLANES - PUNTA ARENAS,0, , ,UNIDIRECCIONAL,ASFALTO,REGULAR,SECO,DESPEJADO,0,0,0,1,02,021,02101,Antofagasta,Antofagasta,Antofagasta,Interseccion,"MAGALLANES & PUNTA ARENAS, Antofagasta",-23.627385,-70.383628
-7869134.06124288,-3958498.23730855,6643,2023,1570941,2023/10/21 00:00:00+00,Octubre,21,Sábado,1899/12/30 00:00:00+00,21:25:00,21,REGION METROPOLITANA,ESTACION CENTRAL,COLISION,COLISION,URBANA,TRAMO DE VIA RECTA,IMPRUDENCIA DEL CONDUCTOR,CONDUCCION NO ATENTO CONDICIONES TRANSITO MOMENTO,FERROCARRIL,PSJE 26,FERROCARRIL - PSJE 26,0, , ,BIDIRECCIONAL,ASFALTO,BUENO,SECO,DESPEJADO,0,0,0,0,13,131,13106,Metropolitana de Santiago,Santiago,Estación Central,Interseccion,"FERROCARRIL & PSJE 26, Estación Central",-33.474812,-70.689634
-7868765.0371309,-3970986.06143358,6644,2023,1567114,2023/10/21 00:00:00+00,Octubre,21,Sábado,1899/12/30 00:00:00+00,21:50:00,21,REGION METROPOLITANA,EL BOSQUE,COLISION LATERAL,COLISION,URBANA,TRAMO DE VIA RECTA,IMPRUDENCIA DEL CONDUCTOR,NO RESPETAR DERECHO PREFERENTE DE PASO A VEHICULO,CENTRAL,GRAN AVDA JOSE MIGUEL CARRERA,CENTRAL - GRAN AVDA JOSE MIGUEL CARRERA,0, , ,BIDIRECCIONAL,CONCRETO,BUENO,SECO,DESPEJADO,0,0,0,0,13,131,13105,Metropolitana de Santiago,Santiago,El Bosque,Interseccion,"CENTRAL & GRAN AVDA JOSE MIGUEL CARRERA, El Bosque",-33.568334,-70.686319
-8151040.43028369,-4838852.28780828,6645,2023,1568023,2023/10/22 00:00:00+00,Octubre,22,Domingo,1899/12/30 00:00:00+00,01:40:00,1,REGION DE LOS RIOS,VALDIVIA,COLISION LATERAL,COLISION,URBANA,CRUCE CON SEMAFORO FUNCIONANDO,IMPRUDENCIA DEL CONDUCTOR,CONDUCCION SIN MANTENER DISTANCIA RAZONABLE NI PRUDENTE,BOMBERO CLASSING,PEDRO AGUIRRE CERDA,BOMBERO CLASSING - PEDRO AGUIRRE CERDA,0, , ,BIDIRECCIONAL,CONCRETO,BUENO,SECO,DESPEJADO,0,0,0,0,14,141,14101,Los Ríos,Valdivia,Valdivia,Interseccion,"BOMBERO CLASSING & PEDRO AGUIRRE CERDA, Valdivia",-39.813326,-73.222042
-7926355.84173433,-3859872.44237704,6646,2023,1566505,2023/10/22 00:00:00+00,Octubre,22,Domingo,1899/12/30 00:00:00+00,03:20:00,3,REGION VALPARAISO,NOGALES,VOLCADURA,VOLCADURA,URBANA,CRUCE CON SEÑAL CEDA EL PASO,DEFICIENCIAS VIALES,ANIMALES SUELTOS VIA PUBLICA,FRESIA,JUAN PABLO II,FRESIA - JUAN PABLO II,0, , ,BIDIRECCIONAL,ASFALTO,BUENO,SECO,NUBLADO,0,1,0,0,05,055,05506,Valparaíso,Quillota,Nogales,Interseccion,"FRESIA & JUAN PABLO II, Nogales",-32.732659,-71.203666
-7972187.91284325,-3975594.62103586,6647,2023,1571583,2023/10/22 00:00:00+00,Octubre,22,Domingo,1899/12/30 00:00:00+00,09:50:00,9,REGION VALPARAISO,SAN ANTONIO,COLISION PERPENDICULAR,COLISION,URBANA,CRUCE SIN SEÑALIZACION,IMPRUDENCIA DEL CONDUCTOR,CONDUCCION NO ATENTO CONDICIONES TRANSITO MOMENTO,7 SUR,ANGAMOS,7 SUR - ANGAMOS,0, , ,BIDIRECCIONAL,ASFALTO,BUENO,SECO,DESPEJADO,0,1,0,0,05,056,05601,Valparaíso,San Antonio,San Antonio,Interseccion,"7 SUR & ANGAMOS, San Antonio",-33.602822,-71.615382
-7931552.34688405,-3495644.82943847,6648,2023,1566929,2023/10/22 00:00:00+00,Octubre,22,Domingo,1899/12/30 00:00:00+00,12:10:00,12,REGION COQUIMBO,LA SERENA,COLISION LATERAL,COLISION,URBANA,CRUCE CON SEMAFORO FUNCIONANDO,IMPRUDENCIA DEL CONDUCTOR,CONDUCCION SIN MANTENER DISTANCIA RAZONABLE NI PRUDENTE,GABRIELA MISTRAL,4 ESQUINAS,4 ESQUINAS - GABRIELA MISTRAL,0, , ,BIDIRECCIONAL CON BANDEJON,ASFALTO,BUENO,SECO,NUBLADO,0,0,0,1,04,041,04101,Coquimbo,Elqui,La Serena,Interseccion,"4 ESQUINAS & GABRIELA MISTRAL, La Serena",-29.938483,-71.250347
-7875448.88199711,-3956674.97083191,6649,2023,1566884,2023/10/22 00:00:00+00,Octubre,22,Domingo,1899/12/30 00:00:00+00,13:30:00,13,REGION METROPOLITANA,PUDAHUEL,COLISION LATERAL,COLISION,URBANA,TRAMO DE VIA RECTA,IMPRUDENCIA DEL CONDUCTOR,CONDUCCION NO ATENTO CONDICIONES TRANSITO MOMENTO,MAR DE DRAKE,LAGUNA SUR,LAGUNA SUR - MAR DE DRAKE,0, , ,BIDIRECCIONAL,MIXTO,BUENO,SECO,DESPEJADO,0,0,0,0,13,131,13124,Metropolitana de Santiago,Santiago,Pudahuel,Interseccion,"LAGUNA SUR & MAR DE DRAKE, Pudahuel",-33.461149,-70.746361
-7875448.88199711,-3956674.97083191,6650,2023,1567397,2023/10/22 00:00:00+00,Octubre,22,Domingo,1899/12/30 00:00:00+00,13:30:00,13,REGION METROPOLITANA,PUDAHUEL,COLISION PERPENDICULAR,COLISION,URBANA,TRAMO DE VIA RECTA,IMPRUDENCIA DEL CONDUCTOR,CONDUCCION SIN MANTENER DISTANCIA RAZONABLE NI PRUDENTE,MAR DE DRAKE,LAGUNA SUR,LAGUNA SUR - MAR DE DRAKE,0, , ,BIDIRECCIONAL CON BANDEJON,MIXTO,BUENO,SECO,DESPEJADO,0,0,0,0,13,131,13124,Metropolitana de Santiago,Santiago,Pudahuel,Interseccion,"LAGUNA SUR & MAR DE DRAKE, Pudahuel",-33.461149,-70.746361
-7880581.60107861,-3966399.93534895,6651,2023,1568891,2023/10/22 00:00:00+00,Octubre,22,Domingo,1899/12/30 00:00:00+00,13:30:00,13,REGION METROPOLITANA,MAIPU,VOLCADURA,VOLCADURA,URBANA,TRAMO DE VIA RECTA,IMPRUDENCIA DEL CONDUCTOR,CONDUCCION CAMBIAR SORPRESIVAMENTE PISTA CIRCULACION,4 PONIENTE,BOSQUE ALTO,4 PONIENTE - BOSQUE ALTO,0, , ,BIDIRECCIONAL,ASFALTO,BUENO,SECO,DESPEJADO,0,0,0,1,13,131,13119,Metropolitana de Santiago,Santiago,Maipú,Interseccion,"4 PONIENTE & BOSQUE ALTO, Maipú",-33.534,-70.792469
-8144420.4828052,-4999264.57292981,6652,2023,1567259,2023/10/22 00:00:00+00,Octubre,22,Domingo,1899/12/30 00:00:00+00,15:30:00,15,REGION LOS LAGOS,PURRANQUE,COLISION,COLISION,URBANA,CRUCE SIN SEÑALIZACION,IMPRUDENCIA DEL CONDUCTOR,CONDUCCION NO ATENTO CONDICIONES TRANSITO MOMENTO,18 DE SEPTIEMBRE,ELEUTERIO RAMIREZ,18 DE SEPTIEMBRE - ELEUTERIO RAMIREZ,0, , ,BIDIRECCIONAL,ASFALTO,BUENO,SECO,DESPEJADO,0,1,0,0,10,103,10303,Los Lagos,Osorno,Purranque,Interseccion,"18 DE SEPTIEMBRE & ELEUTERIO RAMIREZ, Purranque",-40.911282,-73.162574
-8095867.26238131,-4476011.10808699,6653,2023,1567490,2023/10/22 00:00:00+00,Octubre,22,Domingo,1899/12/30 00:00:00+00,17:10:00,17,REGION BIO BIO,SAN ROSENDO,VOLCADURA,VOLCADURA,URBANA,CRUCE CON SEÑAL PARE,IMPRUDENCIA DEL CONDUCTOR,CONDUCCION NO ATENTO CONDICIONES TRANSITO MOMENTO,IBIETA,VALLEJOS,IBIETA - VALLEJOS,0, , ,BIDIRECCIONAL,CONCRETO,BUENO,SECO,DESPEJADO,0,0,0,1,08,083,08310,Biobío,Biobío,San Rosendo,Interseccion,"IBIETA & VALLEJOS, San Rosendo",-37.2643,-72.726413
-8042121.54430937,-4539920.75368664,6654,2023,1566827,2023/10/22 00:00:00+00,Octubre,22,Domingo,1899/12/30 00:00:00+00,18:30:00,18,REGION BIO BIO,MULCHEN,CHOQUE,CHOQUE,URBANA,CRUCE SIN SEÑALIZACION,IMPRUDENCIA DEL CONDUCTOR,CONDUCCION NO ATENTO CONDICIONES TRANSITO MOMENTO,PEDRO LAGOS,SOTOMAYOR,PEDRO LAGOS - SOTOMAYOR,0, , ,UNIDIRECCIONAL,ASFALTO,BUENO,SECO,DESPEJADO,0,0,0,0,08,083,08305,Biobío,Biobío,Mulchén,Interseccion,"PEDRO LAGOS & SOTOMAYOR, Mulchén",-37.719818,-72.243607
-7890307.58498921,-3976400.82251321,6655,2023,1566573,2023/10/22 00:00:00+00,Octubre,22,Domingo,1899/12/30 00:00:00+00,19:30:00,19,REGION METROPOLITANA,PEÑAFLOR,VOLCADURA,VOLCADURA,URBANA,TRAMO DE VIA RECTA,VELOCIDAD IMPRUDENTE,VELOCIDAD NO RAZONABLE NI PRUDENTE,FRANCISCO BILBAO,PORVENIR,FRANCISCO BILBAO - PORVENIR,0, , ,BIDIRECCIONAL,CONCRETO,REGULAR,SECO,DESPEJADO,1,0,0,0,13,136,13605,Metropolitana de Santiago,Talagante,Peñaflor,Interseccion,"FRANCISCO BILBAO & PORVENIR, Peñaflor",-33.608854,-70.879839
-8056785.54954548,-4504903.71354914,6656,2023,1567869,2023/10/22 00:00:00+00,Octubre,22,Domingo,1899/12/30 00:00:00+00,22:50:00,22,REGION BIO BIO,LOS ANGELES,COLISION,COLISION,URBANA,TRAMO DE VIA RECTA,ALCOHOL EN CONDUCTOR,CONDUCCION EN ESTADO DE EBRIEDAD,PONIENTE,CURICO,CURICO - PONIENTE,0, , ,UNIDIRECCIONAL,CONCRETO,BUENO,SECO,DESPEJADO,0,0,0,1,08,083,08301,Biobío,Biobío,Los Angeles,Interseccion,"CURICO & PONIENTE, Los Angeles",-37.470577,-72.375336
-7930808.39872708,-4160724.45607266,6657,2023,1566775,2023/10/22 00:00:00+00,Octubre,22,Domingo,1899/12/30 00:00:00+00,22:50:00,22,REGION MAULE,CURICO,COLISION PERPENDICULAR,COLISION,URBANA,CRUCE CON SEMAFORO FUNCIONANDO,DESOBEDIENCIA A SEÑALIZACION,SEÑALIZACION DESOBEDECER LUZ ROJA DE SEMAFORO,MANUEL RODRIGUEZ,FREIRE,FREIRE - MANUEL RODRIGUEZ,0, , ,BIDIRECCIONAL CON BANDEJON,CONCRETO,BUENO,SECO,DESPEJADO,0,0,0,0,07,073,07301,Maule,Curicó,Curicó,Interseccion,"FREIRE & MANUEL RODRIGUEZ, Curicó",-34.976768,-71.243664
-7858210.39093082,-3958350.23548035,6658,2023,1576251,2023/10/23 00:00:00+00,Octubre,23,Lunes,1899/12/30 00:00:00+00,06:05:00,6,REGION METROPOLITANA,ÑUÑOA,VOLCADURA,VOLCADURA,URBANA,TRAMO DE VIA RECTA,VELOCIDAD IMPRUDENTE,VELOCIDAD NO RAZONABLE NI PRUDENTE,RODRIGO DE ARAYA,PUMANQUE,PUMANQUE - RODRIGO DE ARAYA,0, , ,UNIDIRECCIONAL,ASFALTO,BUENO,HUMEDO,LLOVIZNA,0,0,0,1,13,131,13120,Metropolitana de Santiago,Santiago,Ñuñoa,Interseccion,"PUMANQUE & RODRIGO DE ARAYA, Ñuñoa",-33.473703,-70.591505
-7997027.9109981,-4319370.50746426,6659,2023,1568287,2023/10/23 00:00:00+00,Octubre,23,Lunes,1899/12/30 00:00:00+00,09:00:00,9,REGION MAULE,PARRAL,CHOQUE FRENTE/POSTERIOR,CHOQUE,URBANA,CRUCE CON SEÑAL PARE,IMPRUDENCIA DEL CONDUCTOR,CONDUCCION NO ATENTO CONDICIONES TRANSITO MOMENTO,GABRIELA MISTRAL,3 PONIENTE,3 PONIENTE - GABRIELA MISTRAL,0, , ,BIDIRECCIONAL,ASFALTO,BUENO,SECO,DESPEJADO,0,0,0,0,07,074,07404,Maule,Linares,Parral,Interseccion,"3 PONIENTE & GABRIELA MISTRAL, Parral",-36.136142,-71.838524
-7964574.21633724,-3887835.79684425,6660,2023,1569556,2023/10/23 00:00:00+00,Octubre,23,Lunes,1899/12/30 00:00:00+00,09:40:00,9,REGION VALPARAISO,CONCON,COLISION,COLISION,URBANA,TRAMO DE VIA RECTA,IMPRUDENCIA DEL CONDUCTOR,CONDUCCION NO ATENTO CONDICIONES TRANSITO MOMENTO,CONCON REÑACA,LOS GINKOS,CONCON REÑACA - LOS GINKOS,0, , ,BIDIRECCIONAL,ASFALTO,BUENO,SECO,NUBLADO,0,0,0,1,05,051,05103,Valparaíso,Valparaíso,Concón,Interseccion,"CONCON REÑACA & LOS GINKOS, Concón",-32.943718,-71.546988
-7976778.52015329,-4219693.24169263,6661,2023,1567170,2023/10/23 00:00:00+00,Octubre,23,Lunes,1899/12/30 00:00:00+00,13:30:00,13,REGION MAULE,TALCA,COLISION LATERAL,COLISION,URBANA,TRAMO DE VIA RECTA,DESOBEDIENCIA A SEÑALIZACION,SEÑALIZACION DESOBEDECER LUZ ROJA DE SEMAFORO,5 ORIENTE,9 NORTE,5 ORIENTE - 9 NORTE,0, , ,UNIDIRECCIONAL,CONCRETO,BUENO,SECO,DESPEJADO,0,1,0,1,07,071,07101,Maule,Talca,Talca,Interseccion,"5 ORIENTE & 9 NORTE, Talca",-35.409665,-71.656621
-8063650.95649004,-4654233.43962512,6662,2023,1569699,2023/10/23 00:00:00+00,Octubre,23,Lunes,1899/12/30 00:00:00+00,14:00:00,14,REGION ARAUCANIA,LAUTARO,COLISION,COLISION,URBANA,TRAMO DE VIA RECTA,IMPRUDENCIA DEL CONDUCTOR,CONDUCCION NO ATENTO CONDICIONES TRANSITO MOMENTO,ESCALA,BALMACEDA,BALMACEDA - ESCALA,0, , ,BIDIRECCIONAL,ASFALTO,BUENO,SECO,DESPEJADO,0,0,0,1,09,091,09108,La Araucanía,Cautín,Lautaro,Interseccion,"BALMACEDA & ESCALA, Lautaro",-38.527635,-72.437009
-7976936.19008556,-4221483.08196798,6663,2023,1568681,2023/10/23 00:00:00+00,Octubre,23,Lunes,1899/12/30 00:00:00+00,14:30:00,14,REGION MAULE,TALCA,CHOQUE LATERAL,CHOQUE,URBANA,TRAMO DE VIA RECTA,IMPRUDENCIA DEL CONDUCTOR,CONDUCCION NO ATENTO CONDICIONES TRANSITO MOMENTO,6 ORIENTE,BERNARDO O'HIGGINS,6 ORIENTE - BERNARDO O'HIGGINS,0, , ,BIDIRECCIONAL,CONCRETO,BUENO,SECO,DESPEJADO,0,1,0,1,07,071,07101,Maule,Talca,Talca,Interseccion,"6 ORIENTE & BERNARDO O'HIGGINS, Talca",-35.422768,-71.658037
-7826574.727459,-3171104.69701092,6664,2023,1572245,2023/10/23 00:00:00+00,Octubre,23,Lunes,1899/12/30 00:00:00+00,17:00:00,17,REGION ATACAMA,COPIAPO,COLISION LATERAL,COLISION,URBANA,TRAMO DE VIA RECTA,IMPRUDENCIA DEL CONDUCTOR,CONDUCCION NO ATENTO CONDICIONES TRANSITO MOMENTO,CIRCUNVALACION,IRENE FREI,CIRCUNVALACION - IRENE FREI,0, , ,BIDIRECCIONAL CON BANDEJON,ASFALTO,BUENO,SECO,DESPEJADO,0,1,0,0,03,031,03101,Atacama,Copiapó,Copiapó,Interseccion,"CIRCUNVALACION & IRENE FREI, Copiapó",-27.380608,-70.307317