X,Y,FID,Año,IdAccident,Fecha,Mes,Dia_mes,Dia_semana,Hora,Hora_texto,Hora_aprox,Región,Comuna,Tipo_Accid,Tipo__CONA,Zona,Ubicación,Causa__CON,Causa_Acci,Calle_Uno,Calle_Dos,Intersecci,Número,Ruta,Ubicaci_1,Calzada,Tipo_Calza,Estado_Cal,Condición,Estado_Atm,Fallecidos,Graves,Menos_Grav,Leves,CUT_REG,CUT_PROV,CUT_COM,REGION,PROVINCIA,COMUNA1,Tipo_direc,Direccion,Lat,Lon
-7875575.56292085,-3961056.66545497,6665,2023,1568898,2023/10/23 00:00:00+00,Octubre,23,Lunes,1899/12/30 00:00:00+00,17:30:00,17,REGION METROPOLITANA,MAIPU,COLISION POR ALCANCE,COLISION,URBANA,CRUCE CON SEÑAL CEDA EL PASO,IMPRUDENCIA DEL CONDUCTOR,CONDUCCION NO ATENTO CONDICIONES TRANSITO MOMENTO,AMERICO VESPUCIO,PRIMO DE RIVERA,AMERICO VESPUCIO - PRIMO DE RIVERA,0, , ,BIDIRECCIONAL CON BANDEJON,ASFALTO,BUENO,SECO,DESPEJADO,0,0,0,1,13,131,13119,Metropolitana de Santiago,Santiago,Maipú,Interseccion,"AMERICO VESPUCIO & PRIMO DE RIVERA, Maipú",-33.49398,-70.747499
-7857972.61249849,-3962776.56265989,6666,2023,1568959,2023/10/23 00:00:00+00,Octubre,23,Lunes,1899/12/30 00:00:00+00,17:40:00,17,REGION METROPOLITANA,PEÑALOLEN,COLISION FRONTAL,COLISION,URBANA,CRUCE CON SEMAFORO FUNCIONANDO,IMPRUDENCIA DEL CONDUCTOR,CONDUCCION NO ATENTO CONDICIONES TRANSITO MOMENTO,SAN LUIS DE MACUL,AMERICO VESPUCIO,AMERICO VESPUCIO - SAN LUIS DE MACUL,0, , ,BIDIRECCIONAL,CONCRETO,BUENO,SECO,DESPEJADO,0,0,0,0,13,131,13122,Metropolitana de Santiago,Santiago,Peñalolén,Interseccion,"AMERICO VESPUCIO & SAN LUIS DE MACUL, Peñalolén",-33.506864,-70.589369
-7878036.28093275,-3947739.98828984,6667,2023,1569993,2023/10/23 00:00:00+00,Octubre,23,Lunes,1899/12/30 00:00:00+00,21:00:00,21,REGION METROPOLITANA,PUDAHUEL,COLISION FRONTAL,COLISION,URBANA,CRUCE CON SEMAFORO FUNCIONANDO,IMPRUDENCIA DEL CONDUCTOR,CONDUCCION NO ATENTO CONDICIONES TRANSITO MOMENTO,AMERICO VESPUCIO,MIRAFLORES,AMERICO VESPUCIO - MIRAFLORES,0, , ,BIDIRECCIONAL,ASFALTO,REGULAR,SECO,DESPEJADO,0,0,0,0,13,131,13124,Metropolitana de Santiago,Santiago,Pudahuel,Interseccion,"AMERICO VESPUCIO & MIRAFLORES, Pudahuel",-33.394162,-70.769604
-8165231.55028951,-4505834.51950486,6668,2023,1568730,2023/10/23 00:00:00+00,Octubre,23,Lunes,1899/12/30 00:00:00+00,21:15:00,21,REGION BIO BIO,CURANILAHUE,COLISION LATERAL,COLISION,URBANA,CRUCE CON SEMAFORO FUNCIONANDO,DESOBEDIENCIA A SEÑALIZACION,SEÑALIZACION DESOBEDECER LUZ ROJA DE SEMAFORO,SARGENTO ALDEA,ARTURO PRAT,ARTURO PRAT - SARGENTO ALDEA,0, , ,BIDIRECCIONAL,CONCRETO,BUENO,SECO,DESPEJADO,0,1,0,0,08,082,08205,Biobío,Arauco,Curanilahue,Interseccion,"ARTURO PRAT & SARGENTO ALDEA, Curanilahue",-37.477213,-73.349523
-7974542.86942408,-4222769.11337766,6669,2023,1567366,2023/10/23 00:00:00+00,Octubre,23,Lunes,1899/12/30 00:00:00+00,23:25:00,23,REGION MAULE,TALCA,COLISION LATERAL,COLISION,URBANA,CRUCE CON SEMAFORO FUNCIONANDO,DESOBEDIENCIA A SEÑALIZACION,SEÑALIZACION DESOBEDECER LUZ ROJA DE SEMAFORO,SAN MIGUEL,21 ORIENTE,21 ORIENTE - SAN MIGUEL,0, , ,UNIDIRECCIONAL,CONCRETO,BUENO,SECO,DESPEJADO,0,0,1,0,07,071,07101,Maule,Talca,Talca,Interseccion,"21 ORIENTE & SAN MIGUEL, Talca",-35.432182,-71.636537
-7875706.8315657,-3992841.98573529,6670,2023,1571287,2023/10/24 00:00:00+00,Octubre,24,Martes,1899/12/30 00:00:00+00,07:15:00,7,REGION METROPOLITANA,BUIN,COLISION LATERAL,COLISION,URBANA,CRUCE CON SEMAFORO FUNCIONANDO,IMPRUDENCIA DEL CONDUCTOR,CONDUCCION CAMBIAR SORPRESIVAMENTE PISTA CIRCULACION,JOSE MANUEL BALMACEDA,BERNARDO O'HIGGINS,BERNARDO O'HIGGINS - JOSE MANUEL BALMACEDA,0, , ,UNIDIRECCIONAL,ASFALTO,BUENO,SECO,NUBLADO,0,0,0,1,13,134,13402,Metropolitana de Santiago,Maipo,Buin,Interseccion,"BERNARDO O'HIGGINS & JOSE MANUEL BALMACEDA, Buin",-33.731771,-70.748678
-7856932.6658155,-3946245.11852055,6671,2023,1567131,2023/10/24 00:00:00+00,Octubre,24,Martes,1899/12/30 00:00:00+00,07:55:00,7,REGION METROPOLITANA,VITACURA,COLISION LATERAL,COLISION,URBANA,CRUCE CON SEÑAL CEDA EL PASO,IMPRUDENCIA DEL CONDUCTOR,CONDUCCION NO ATENTO CONDICIONES TRANSITO MOMENTO,LAS ENCINAS,MANQUEHUE NORTE,LAS ENCINAS - MANQUEHUE NORTE,0, , ,BIDIRECCIONAL,ASFALTO,BUENO,SECO,DESPEJADO,0,1,0,0,13,131,13132,Metropolitana de Santiago,Santiago,Vitacura,Interseccion,"LAS ENCINAS & MANQUEHUE NORTE, Vitacura",-33.38295,-70.580027
-7836354.70132264,-2708355.39301356,6672,2023,1568581,2023/10/24 00:00:00+00,Octubre,24,Martes,1899/12/30 00:00:00+00,14:00:00,14,REGION ANTOFAGASTA,ANTOFAGASTA,COLISION,COLISION,URBANA,TRAMO DE VIA RECTA,IMPRUDENCIA DEL CONDUCTOR,CONDUCCION NO ATENTO CONDICIONES TRANSITO MOMENTO,TACNA,BELLAVISTA,BELLAVISTA - TACNA,0, , ,UNIDIRECCIONAL,ASFALTO,BUENO,SECO,DESPEJADO,0,0,0,1,02,021,02101,Antofagasta,Antofagasta,Antofagasta,Interseccion,"BELLAVISTA & TACNA, Antofagasta",-23.629745,-70.395172
-7908663.2784651,-4124559.89987363,6673,2023,1569957,2023/10/24 00:00:00+00,Octubre,24,Martes,1899/12/30 00:00:00+00,14:40:00,14,REGION LIB.B.O'HIGGINS,CHIMBARONGO,COLISION LATERAL,COLISION,URBANA,CRUCE SIN SEÑALIZACION,IMPRUDENCIA DEL CONDUCTOR,CONDUCCION NO ATENTO CONDICIONES TRANSITO MOMENTO,MIRAFLORES,GARCIA REYES,GARCIA REYES - MIRAFLORES,0, , ,BIDIRECCIONAL,ASFALTO,BUENO,SECO,DESPEJADO,0,1,0,0,06,063,06303,Libertador General Bernardo O'Higgins,Colchagua,Chimbarongo,Interseccion,"GARCIA REYES & MIRAFLORES, Chimbarongo",-34.710141,-71.044731
-7874808.79492505,-3954103.69672764,6674,2023,1567400,2023/10/24 00:00:00+00,Octubre,24,Martes,1899/12/30 00:00:00+00,17:30:00,17,REGION METROPOLITANA,LO PRADO,COLISION LATERAL,COLISION,URBANA,CRUCE CON SEMAFORO FUNCIONANDO,IMPRUDENCIA DEL CONDUCTOR,CONDUCCION CAMBIAR SORPRESIVAMENTE PISTA CIRCULACION,TTE CRUZ,RICARDO VIAL,RICARDO VIAL - TTE CRUZ,0, , ,BIDIRECCIONAL CON BANDEJON,ASFALTO,BUENO,SECO,DESPEJADO,0,0,0,1,13,131,13117,Metropolitana de Santiago,Santiago,Lo Prado,Interseccion,"RICARDO VIAL & TTE CRUZ, Lo Prado",-33.441877,-70.740611
-8085442.69037909,-4686596.06243031,6675,2023,1567076,2023/10/24 00:00:00+00,Octubre,24,Martes,1899/12/30 00:00:00+00,18:10:00,18,REGION ARAUCANIA,TEMUCO,COLISION POR ALCANCE,COLISION,URBANA,TRAMO DE VIA RECTA,IMPRUDENCIA DEL CONDUCTOR,CONDUCCION SIN MANTENER DISTANCIA RAZONABLE NI PRUDENTE,MANUEL RECABARREN,LOS PIONEROS,LOS PIONEROS - MANUEL RECABARREN,0, , ,BIDIRECCIONAL CON BANDEJON,CONCRETO,BUENO,SECO,DESPEJADO,0,0,0,1,09,091,09101,La Araucanía,Cautín,Temuco,Interseccion,"LOS PIONEROS & MANUEL RECABARREN, Temuco",-38.754707,-72.632767
-7929775.13125806,-3489023.49982212,6676,2023,1567403,2023/10/24 00:00:00+00,Octubre,24,Martes,1899/12/30 00:00:00+00,21:30:00,21,REGION COQUIMBO,LA SERENA,COLISION PERPENDICULAR,COLISION,URBANA,CRUCE CON SEÑAL PARE,DESOBEDIENCIA A SEÑALIZACION,SEÑALIZACION DESOBEDECER SEÑAL PARE,ALEJANDRO FLORES,PANAMA,ALEJANDRO FLORES - PANAMA,0, , ,BIDIRECCIONAL,ASFALTO,BUENO,SECO,DESPEJADO,0,1,0,0,04,041,04101,Coquimbo,Elqui,La Serena,Interseccion,"ALEJANDRO FLORES & PANAMA, La Serena",-29.886926,-71.234382
-7957708.64230212,-3895276.62035797,6677,2023,1568804,2023/10/24 00:00:00+00,Octubre,24,Martes,1899/12/30 00:00:00+00,21:35:00,21,REGION VALPARAISO,VIÑA DEL MAR,COLISION,COLISION,URBANA,TRAMO DE VIA RECTA,IMPRUDENCIA DEL CONDUCTOR,CONDUCCION NO ATENTO CONDICIONES TRANSITO MOMENTO,3 CRUCES,LAGO VILLARRICA,3 CRUCES - LAGO VILLARRICA,0, , ,BIDIRECCIONAL,CONCRETO,BUENO,SECO,DESPEJADO,0,0,0,1,05,051,05109,Valparaíso,Valparaíso,Viña del Mar,Interseccion,"3 CRUCES & LAGO VILLARRICA, Viña del Mar",-32.999794,-71.485313
-7874203.10557564,-3964621.35503736,6678,2023,1577147,2023/10/25 00:00:00+00,Octubre,25,Miércoles,1899/12/30 00:00:00+00,07:10:00,7,REGION METROPOLITANA,MAIPU,COLISION PERPENDICULAR,COLISION,URBANA,CRUCE CON SEÑAL PARE,IMPRUDENCIA DEL CONDUCTOR,"ADELANTAMIENTO EN CRUCE, CURVA, CUESTA, PUENTE",STA ADELA,LO ESPEJO,LO ESPEJO - STA ADELA,0, , ,BIDIRECCIONAL,CONCRETO,REGULAR,SECO,DESPEJADO,0,0,1,0,13,131,13119,Metropolitana de Santiago,Santiago,Maipú,Interseccion,"LO ESPEJO & STA ADELA, Maipú",-33.520681,-70.73517
-7873699.27356031,-3942902.26283657,6679,2023,1567165,2023/10/25 00:00:00+00,Octubre,25,Miércoles,1899/12/30 00:00:00+00,07:40:00,7,REGION METROPOLITANA,QUILICURA,COLISION LATERAL,COLISION,URBANA,TRAMO DE VIA RECTA,IMPRUDENCIA DEL CONDUCTOR,CONDUCCION NO ATENTO CONDICIONES TRANSITO MOMENTO,LO MARCOLETA,DEL TRIGAL,DEL TRIGAL - LO MARCOLETA,0, , ,UNIDIRECCIONAL,ASFALTO,BUENO,SECO,DESPEJADO,0,0,0,1,13,131,13125,Metropolitana de Santiago,Santiago,Quilicura,Interseccion,"DEL TRIGAL & LO MARCOLETA, Quilicura",-33.357871,-70.730644
-7869195.95487976,-3962788.84516973,6680,2023,1570015,2023/10/25 00:00:00+00,Octubre,25,Miércoles,1899/12/30 00:00:00+00,08:11:00,8,REGION METROPOLITANA,LO ESPEJO,COLISION LATERAL,COLISION,URBANA,CRUCE SIN SEÑALIZACION,IMPRUDENCIA DEL CONDUCTOR,NO RESPETAR DERECHO PREFERENTE DE PASO A VEHICULO,BUENAVENTURA,BUENAVENTURA,BUENAVENTURA - BUENAVENTURA,0, , ,BIDIRECCIONAL,ASFALTO,REGULAR,SECO,DESPEJADO,0,0,0,0,13,131,13116,Metropolitana de Santiago,Santiago,Lo Espejo,Interseccion,"BUENAVENTURA & BUENAVENTURA, Lo Espejo",-33.506956,-70.69019
-7922976.00388266,-3715923.52885538,6681,2023,1567760,2023/10/25 00:00:00+00,Octubre,25,Miércoles,1899/12/30 00:00:00+00,18:00:00,18,REGION COQUIMBO,ILLAPEL,COLISION,COLISION,URBANA,TRAMO DE VIA RECTA,IMPRUDENCIA DEL CONDUCTOR,CONDUCCION NO ATENTO CONDICIONES TRANSITO MOMENTO,SALVADOR ALLENDE,ARTURO AGUIRRE POLANCO,ARTURO AGUIRRE POLANCO - SALVADOR ALLENDE,0, , ,BIDIRECCIONAL,ASFALTO,BUENO,SECO,DESPEJADO,1,0,0,0,04,042,04201,Coquimbo,Choapa,Illapel,Interseccion,"ARTURO AGUIRRE POLANCO & SALVADOR ALLENDE, Illapel",-31.638289,-71.173304
-7877154.9707135,-3964140.74031273,6682,2023,1569015,2023/10/25 00:00:00+00,Octubre,25,Miércoles,1899/12/30 00:00:00+00,18:00:00,18,REGION METROPOLITANA,MAIPU,VOLCADURA,VOLCADURA,URBANA,TRAMO DE VIA RECTA,IMPRUDENCIA DEL CONDUCTOR,CONDUCCION NO ATENTO CONDICIONES TRANSITO MOMENTO,BLEST GANA,PORTALES,BLEST GANA - PORTALES,0, , ,BIDIRECCIONAL,ASFALTO,BUENO,SECO,DESPEJADO,0,0,0,2,13,131,13119,Metropolitana de Santiago,Santiago,Maipú,Interseccion,"BLEST GANA & PORTALES, Maipú",-33.517082,-70.761687
-7938363.57458791,-3499201.1794944,6683,2023,1569596,2023/10/25 00:00:00+00,Octubre,25,Miércoles,1899/12/30 00:00:00+00,18:30:00,18,REGION COQUIMBO,COQUIMBO,COLISION LATERAL,COLISION,URBANA,TRAMO DE VIA RECTA,ALCOHOL EN CONDUCTOR,CONDUCCION BAJO LA INFLUENCIA DEL ALCOHOL,LA CANTERA,JOSE JOAQUIN PEREZ,JOSE JOAQUIN PEREZ - LA CANTERA,0, , ,BIDIRECCIONAL CON BANDEJON,ASFALTO,BUENO,SECO,DESPEJADO,0,0,0,1,04,041,04102,Coquimbo,Elqui,Coquimbo,Interseccion,"JOSE JOAQUIN PEREZ & LA CANTERA, Coquimbo",-29.966163,-71.311533
-8083337.80841457,-4684526.47951813,6684,2023,1567957,2023/10/25 00:00:00+00,Octubre,25,Miércoles,1899/12/30 00:00:00+00,23:30:00,23,REGION ARAUCANIA,TEMUCO,COLISION PERPENDICULAR,COLISION,URBANA,CRUCE CON SEÑAL PARE,IMPRUDENCIA DEL CONDUCTOR,CONDUCCION NO ATENTO CONDICIONES TRANSITO MOMENTO,SANTA TERESA,BERNARDO O'HIGGINS,BERNARDO O'HIGGINS - SANTA TERESA,0, , ,UNIDIRECCIONAL,CONCRETO,BUENO,SECO,DESPEJADO,0,1,0,0,09,091,09101,La Araucanía,Cautín,Temuco,Interseccion,"BERNARDO O'HIGGINS & SANTA TERESA, Temuco",-38.740207,-72.613859
-7877384.8392281,-3321644.45291289,6685,2023,1570694,2023/10/26 00:00:00+00,Octubre,26,Jueves,1899/12/30 00:00:00+00,07:20:00,7,REGION ATACAMA,VALLENAR,COLISION LATERAL,COLISION,URBANA,CRUCE CON SEÑAL PARE,DESOBEDIENCIA A SEÑALIZACION,SEÑALIZACION DESOBEDECER SEÑAL PARE,SERRANO,VALPARAISO,SERRANO - VALPARAISO,0, , ,BIDIRECCIONAL,ASFALTO,BUENO,SECO,DESPEJADO,0,0,1,0,03,033,03301,Atacama,Huasco,Vallenar,Interseccion,"SERRANO & VALPARAISO, Vallenar",-28.57485,-70.763752
-7872913.24664695,-3936950.19639287,6686,2023,1569225,2023/10/26 00:00:00+00,Octubre,26,Jueves,1899/12/30 00:00:00+00,08:00:00,8,REGION METROPOLITANA,COLINA,COLISION LATERAL,COLISION,URBANA,CRUCE CON SEMAFORO FUNCIONANDO,DESOBEDIENCIA A SEÑALIZACION,SEÑALIZACION DESOBEDECER LUZ ROJA DE SEMAFORO,LA MONTAÑA,PDTE EDUARDO FREI MONTALVA,LA MONTAÑA - PDTE EDUARDO FREI MONTALVA,0, , ,UNIDIRECCIONAL,ASFALTO,BUENO,SECO,DESPEJADO,0,1,0,1,13,133,13301,Metropolitana de Santiago,Chacabuco,Colina,Interseccion,"LA MONTAÑA & PDTE EDUARDO FREI MONTALVA, Colina",-33.3132,-70.723583
-7941732.29167811,-3498966.52056056,6687,2023,1569603,2023/10/26 00:00:00+00,Octubre,26,Jueves,1899/12/30 00:00:00+00,08:10:00,8,REGION COQUIMBO,COQUIMBO,COLISION PERPENDICULAR,COLISION,URBANA,CRUCE CON SEÑAL PARE,DESOBEDIENCIA A SEÑALIZACION,SEÑALIZACION DESOBEDECER SEÑAL PARE,BUEN PASTOR,ELEUTERIO RAMIREZ,BUEN PASTOR - ELEUTERIO RAMIREZ,0, , ,UNIDIRECCIONAL,ASFALTO,BUENO,SECO,DESPEJADO,0,0,0,1,04,041,04102,Coquimbo,Elqui,Coquimbo,Interseccion,"BUEN PASTOR & ELEUTERIO RAMIREZ, Coquimbo",-29.964337,-71.341795
-7976007.67421285,-4221540.45643017,6688,2023,1568049,2023/10/26 00:00:00+00,Octubre,26,Jueves,1899/12/30 00:00:00+00,08:10:00,8,REGION MAULE,TALCA,COLISION LATERAL,COLISION,URBANA,TRAMO DE VIA RECTA,IMPRUDENCIA DEL CONDUCTOR,ADELANTAMIENTO SIN EL ESPACIO O TIEMPO SUFICIENTE,17 NORTE,20 ORIENTE,17 NORTE - 20 ORIENTE,0, , ,BIDIRECCIONAL,CONCRETO,BUENO,SECO,DESPEJADO,0,0,0,0,07,071,07101,Maule,Talca,Talca,Interseccion,"17 NORTE & 20 ORIENTE, Talca",-35.423188,-71.649696
-7875382.31294161,-3962251.36407473,6689,2023,1569020,2023/10/26 00:00:00+00,Octubre,26,Jueves,1899/12/30 00:00:00+00,08:30:00,8,REGION METROPOLITANA,MAIPU,COLISION POR ALCANCE,COLISION,URBANA,TRAMO DE VIA RECTA,IMPRUDENCIA DEL CONDUCTOR,CONDUCCION NO ATENTO CONDICIONES TRANSITO MOMENTO,SEGUNDA TRANSVERSAL,ALMTE GONI,ALMTE GONI - SEGUNDA TRANSVERSAL,0, , ,BIDIRECCIONAL,ASFALTO,BUENO,SECO,DESPEJADO,0,0,0,0,13,131,13119,Metropolitana de Santiago,Santiago,Maipú,Interseccion,"ALMTE GONI & SEGUNDA TRANSVERSAL, Maipú",-33.50293,-70.745763
-7862358.82307473,-3973289.29583127,6690,2023,1568052,2023/10/26 00:00:00+00,Octubre,26,Jueves,1899/12/30 00:00:00+00,08:45:00,8,REGION METROPOLITANA,LA PINTANA,COLISION POR ALCANCE,COLISION,URBANA,CRUCE CON SEMAFORO FUNCIONANDO,IMPRUDENCIA DEL CONDUCTOR,CONDUCCION NO ATENTO CONDICIONES TRANSITO MOMENTO,STA ROSA,GABRIELA,GABRIELA - STA ROSA,0, , ,BIDIRECCIONAL CON BANDEJON,ASFALTO,BUENO,SECO,DESPEJADO,0,0,0,1,13,131,13112,Metropolitana de Santiago,Santiago,La Pintana,Interseccion,"GABRIELA & STA ROSA, La Pintana",-33.585572,-70.628771
-7931576.02452861,-3489456.03025582,6691,2023,1568846,2023/10/26 00:00:00+00,Octubre,26,Jueves,1899/12/30 00:00:00+00,09:40:00,9,REGION COQUIMBO,LA SERENA,VOLCADURA,VOLCADURA,URBANA,CRUCE CON SEÑAL PARE,DESOBEDIENCIA A SEÑALIZACION,SEÑALIZACION DESOBEDECER SEÑAL PARE,OSCAR QUIROZ MORGADO,ISLON,ISLON - OSCAR QUIROZ MORGADO,0, , ,BIDIRECCIONAL,ASFALTO,BUENO,SECO,DESPEJADO,0,1,0,1,04,041,04101,Coquimbo,Elqui,La Serena,Interseccion,"ISLON & OSCAR QUIROZ MORGADO, La Serena",-29.890295,-71.25056
-7971869.04939401,-3901138.10215306,6692,2023,1571649,2023/10/26 00:00:00+00,Octubre,26,Jueves,1899/12/30 00:00:00+00,10:45:00,10,REGION VALPARAISO,VALPARAISO,COLISION LATERAL,COLISION,URBANA,CRUCE SIN SEÑALIZACION,IMPRUDENCIA DEL CONDUCTOR,CONDUCCION SIN MANTENER DISTANCIA RAZONABLE NI PRUDENTE,FRANCIA,VALLEJOS,FRANCIA - VALLEJOS,0, , ,UNIDIRECCIONAL,CONCRETO,BUENO,SECO,DESPEJADO,0,1,0,0,05,051,05101,Valparaíso,Valparaíso,Valparaíso,Interseccion,"FRANCIA & VALLEJOS, Valparaíso",-33.043943,-71.612518
-8030076.21880809,-4386517.82703051,6693,2023,1569478,2023/10/26 00:00:00+00,Octubre,26,Jueves,1899/12/30 00:00:00+00,11:00:00,11,REGION ÑUBLE,CHILLAN VIEJO,COLISION FRONTAL,COLISION,URBANA,CRUCE CON SEMAFORO FUNCIONANDO,IMPRUDENCIA DEL CONDUCTOR,CONDUCCION NO ATENTO CONDICIONES TRANSITO MOMENTO,O'HIGGINS,LUIS ARANEDA,LUIS ARANEDA - O'HIGGINS,0, , ,BIDIRECCIONAL,ASFALTO,BUENO,SECO,DESPEJADO,0,1,0,0,16,161,16103,Ñuble,Diguillín,Chillán Viejo,Interseccion,"LUIS ARANEDA & O'HIGGINS, Chillán Viejo",-36.621778,-72.135402
-8132012.03312494,-4415696.49868354,6694,2023,1568134,2023/10/26 00:00:00+00,Octubre,26,Jueves,1899/12/30 00:00:00+00,12:00:00,12,REGION BIO BIO,CONCEPCION,COLISION,COLISION,URBANA,CRUCE CON SEMAFORO FUNCIONANDO,IMPRUDENCIA DEL CONDUCTOR,CONDUCCION NO ATENTO CONDICIONES TRANSITO MOMENTO,CHACABUCO,LINCOYAN,CHACABUCO - LINCOYAN,0, , ,BIDIRECCIONAL CON BANDEJON,CONCRETO,BUENO,SECO,DESPEJADO,0,1,0,1,08,081,08101,Biobío,Concepción,Concepción,Interseccion,"CHACABUCO & LINCOYAN, Concepción",-36.831863,-73.051107
-7859109.74109694,-3954062.07432443,6695,2023,1568653,2023/10/26 00:00:00+00,Octubre,26,Jueves,1899/12/30 00:00:00+00,13:45:00,13,REGION METROPOLITANA,PROVIDENCIA,CHOQUE POSTERIOR/POSTERIOR,CHOQUE,URBANA,CRUCE CON SEMAFORO FUNCIONANDO,IMPRUDENCIA DEL CONDUCTOR,CONDUCCION NO ATENTO CONDICIONES TRANSITO MOMENTO,LOS LEONES,DIEGO DE ALMAGRO,DIEGO DE ALMAGRO - LOS LEONES,0, , ,BIDIRECCIONAL,ASFALTO,REGULAR,SECO,DESPEJADO,0,1,0,0,13,131,13123,Metropolitana de Santiago,Santiago,Providencia,Interseccion,"DIEGO DE ALMAGRO & LOS LEONES, Providencia",-33.441565,-70.599584
-8151916.51467623,-4839879.25697577,6696,2023,1568832,2023/10/26 00:00:00+00,Octubre,26,Jueves,1899/12/30 00:00:00+00,14:20:00,14,REGION DE LOS RIOS,VALDIVIA,COLISION LATERAL,COLISION,URBANA,TRAMO DE VIA RECTA,IMPRUDENCIA DEL CONDUCTOR,CONDUCCION NO ATENTO CONDICIONES TRANSITO MOMENTO,RAMON PICARTE,GENERAL CAÑAS,GENERAL CAÑAS - RAMON PICARTE,0, , ,BIDIRECCIONAL CON BANDEJON,CONCRETO,BUENO,SECO,DESPEJADO,0,0,0,0,14,141,14101,Los Ríos,Valdivia,Valdivia,Interseccion,"GENERAL CAÑAS & RAMON PICARTE, Valdivia",-39.820412,-73.229912
-7874424.96532079,-3993022.47625728,6697,2023,1571300,2023/10/26 00:00:00+00,Octubre,26,Jueves,1899/12/30 00:00:00+00,14:30:00,14,REGION METROPOLITANA,BUIN,CHOQUE FRENTE/POSTERIOR,CHOQUE,URBANA,CRUCE CON SEÑAL PARE,IMPRUDENCIA DEL CONDUCTOR,CONDUCCION NO ATENTO CONDICIONES TRANSITO MOMENTO,SANTA MARIA,JOSE MANUEL BALMACEDA,JOSE MANUEL BALMACEDA - SANTA MARIA,0, , ,UNIDIRECCIONAL,CONCRETO,BUENO,SECO,DESPEJADO,0,0,0,0,13,134,13402,Metropolitana de Santiago,Maipo,Buin,Interseccion,"JOSE MANUEL BALMACEDA & SANTA MARIA, Buin",-33.733119,-70.737163
-7846728.11941397,-3976143.52371629,6698,2023,1570136,2023/10/26 00:00:00+00,Octubre,26,Jueves,1899/12/30 00:00:00+00,14:40:00,14,REGION METROPOLITANA,PIRQUE,COLISION LATERAL,COLISION,URBANA,TRAMO DE VIA CURVA HORIZONTAL,VELOCIDAD IMPRUDENTE,VELOCIDAD NO RAZONABLE NI PRUDENTE,RAMON SUBERCASEAUX,LAS PALOMAS,LAS PALOMAS - RAMON SUBERCASEAUX,0, , ,BIDIRECCIONAL,ASFALTO,BUENO,MOJADO,DESPEJADO,1,0,0,0,13,132,13202,Metropolitana de Santiago,Cordillera,Pirque,Interseccion,"LAS PALOMAS & RAMON SUBERCASEAUX, Pirque",-33.606929,-70.488358
-7942173.45076446,-3497126.61151642,6699,2023,1569611,2023/10/26 00:00:00+00,Octubre,26,Jueves,1899/12/30 00:00:00+00,14:50:00,14,REGION COQUIMBO,COQUIMBO,COLISION FRONTAL,COLISION,URBANA,CRUCE CON SEÑAL PARE,DESOBEDIENCIA A SEÑALIZACION,SEÑALIZACION DESOBEDECER SEÑAL PARE,ALONSO DE ERCILLA,ANITA LIZANA,ALONSO DE ERCILLA - ANITA LIZANA,0, , ,BIDIRECCIONAL,ASFALTO,BUENO,SECO,DESPEJADO,0,0,0,0,04,041,04102,Coquimbo,Elqui,Coquimbo,Interseccion,"ALONSO DE ERCILLA & ANITA LIZANA, Coquimbo",-29.950017,-71.345758
-7971956.20134543,-4223756.43243079,6700,2023,1568369,2023/10/26 00:00:00+00,Octubre,26,Jueves,1899/12/30 00:00:00+00,15:30:00,15,REGION MAULE,TALCA,COLISION POR ALCANCE,COLISION,URBANA,CRUCE CON SEMAFORO FUNCIONANDO,IMPRUDENCIA DEL CONDUCTOR,CONDUCCION NO ATENTO CONDICIONES TRANSITO MOMENTO,SAN MIGUEL,LAS RASTRAS,LAS RASTRAS - SAN MIGUEL,0, , ,BIDIRECCIONAL,ASFALTO,BUENO,SECO,DESPEJADO,0,0,0,1,07,071,07101,Maule,Talca,Talca,Interseccion,"LAS RASTRAS & SAN MIGUEL, Talca",-35.439408,-71.613301
-7854856.89131521,-3951054.98495023,6701,2023,1570643,2023/10/26 00:00:00+00,Octubre,26,Jueves,1899/12/30 00:00:00+00,16:30:00,16,REGION METROPOLITANA,LAS CONDES,COLISION LATERAL,COLISION,URBANA,CRUCE CON SEÑAL PARE,IMPRUDENCIA DEL CONDUCTOR,NO RESPETAR DERECHO PREFERENTE DE PASO A VEHICULO,HERNANDO DE MAGALLANES,MONROE,HERNANDO DE MAGALLANES - MONROE,0, , ,BIDIRECCIONAL,ASFALTO,BUENO,HUMEDO,LLOVIZNA,0,0,0,0,13,131,13114,Metropolitana de Santiago,Santiago,Las Condes,Interseccion,"HERNANDO DE MAGALLANES & MONROE, Las Condes",-33.419021,-70.56138
-7861267.66942597,-3955610.742006,6702,2023,1576288,2023/10/26 00:00:00+00,Octubre,26,Jueves,1899/12/30 00:00:00+00,17:10:00,17,REGION METROPOLITANA,ÑUÑOA,COLISION,COLISION,URBANA,CRUCE CON SEMAFORO FUNCIONANDO,IMPRUDENCIA DEL CONDUCTOR,CONDUCCION NO ATENTO CONDICIONES TRANSITO MOMENTO,IRARRAZAVAL,OBPO ORREGO,IRARRAZAVAL - OBPO ORREGO,0, , ,BIDIRECCIONAL CON BANDEJON,CONCRETO,BUENO,SECO,DESPEJADO,0,1,0,1,13,131,13120,Metropolitana de Santiago,Santiago,Ñuñoa,Interseccion,"IRARRAZAVAL & OBPO ORREGO, Ñuñoa",-33.453173,-70.618969