X,Y,FID,Año,IdAccident,Fecha,Mes,Dia_mes,Dia_semana,Hora,Hora_texto,Hora_aprox,Región,Comuna,Tipo_Accid,Tipo__CONA,Zona,Ubicación,Causa__CON,Causa_Acci,Calle_Uno,Calle_Dos,Intersecci,Número,Ruta,Ubicaci_1,Calzada,Tipo_Calza,Estado_Cal,Condición,Estado_Atm,Fallecidos,Graves,Menos_Grav,Leves,CUT_REG,CUT_PROV,CUT_COM,REGION,PROVINCIA,COMUNA1,Tipo_direc,Direccion,Lat,Lon
-7975619.97900588,-4221793.88432001,6703,2023,1568058,2023/10/26 00:00:00+00,Octubre,26,Jueves,1899/12/30 00:00:00+00,17:30:00,17,REGION MAULE,TALCA,COLISION LATERAL,COLISION,URBANA,TRAMO DE VIA RECTA,IMPRUDENCIA DEL CONDUCTOR,CONDUCCION NO ATENTO CONDICIONES TRANSITO MOMENTO,2 NORTE,13 ORIENTE,13 ORIENTE - 2 NORTE,0, , ,UNIDIRECCIONAL,CONCRETO,BUENO,SECO,DESPEJADO,0,0,0,0,07,071,07101,Maule,Talca,Talca,Interseccion,"13 ORIENTE & 2 NORTE, Talca",-35.425043,-71.646213
-7865215.54279815,-3966439.12495523,6704,2023,1568534,2023/10/26 00:00:00+00,Octubre,26,Jueves,1899/12/30 00:00:00+00,21:30:00,21,REGION METROPOLITANA,LA CISTERNA,COLISION POR ALCANCE,COLISION,URBANA,CRUCE CON SEÑAL PARE,IMPRUDENCIA DEL CONDUCTOR,CONDUCCION NO ATENTO CONDICIONES TRANSITO MOMENTO,ECUADOR,BLAS VIAL,BLAS VIAL - ECUADOR,0, , ,BIDIRECCIONAL,CONCRETO,BUENO,SECO,DESPEJADO,0,0,0,1,13,131,13109,Metropolitana de Santiago,Santiago,La Cisterna,Interseccion,"BLAS VIAL & ECUADOR, La Cisterna",-33.534293,-70.654433
-7864199.71349398,-3957952.54833688,6705,2023,1569891,2023/10/27 00:00:00+00,Octubre,27,Viernes,1899/12/30 00:00:00+00,13:00:00,13,REGION METROPOLITANA,SANTIAGO,COLISION PERPENDICULAR,COLISION,URBANA,TRAMO DE VIA RECTA,DESOBEDIENCIA A SEÑALIZACION,SEÑALIZACION DESOBEDECER SEÑAL CEDA EL PASO,CHILOE,GRAL GANA,CHILOE - GRAL GANA,0, , ,UNIDIRECCIONAL,ASFALTO,BUENO,SECO,DESPEJADO,0,0,0,0,13,131,13101,Metropolitana de Santiago,Santiago,Santiago,Interseccion,"CHILOE & GRAL GANA, Santiago",-33.470723,-70.645308
-7874592.83511291,-3996905.23792033,6706,2023,1571305,2023/10/27 00:00:00+00,Octubre,27,Viernes,1899/12/30 00:00:00+00,13:15:00,13,REGION METROPOLITANA,BUIN,COLISION FRONTAL,COLISION,URBANA,CRUCE SIN SEÑALIZACION,IMPRUDENCIA DEL CONDUCTOR,NO RESPETAR DERECHO PREFERENTE DE PASO A VEHICULO,LAS CAMELIAS,HERMANOS CARRERA,HERMANOS CARRERA - LAS CAMELIAS,0, , ,BIDIRECCIONAL,CONCRETO,BUENO,SECO,DESPEJADO,0,0,0,1,13,134,13402,Metropolitana de Santiago,Maipo,Buin,Interseccion,"HERMANOS CARRERA & LAS CAMELIAS, Buin",-33.762121,-70.738671
-7861903.19239891,-3953825.81666035,6707,2023,1568654,2023/10/27 00:00:00+00,Octubre,27,Viernes,1899/12/30 00:00:00+00,18:40:00,18,REGION METROPOLITANA,PROVIDENCIA,COLISION FRONTAL,COLISION,URBANA,CRUCE CON SEMAFORO FUNCIONANDO,IMPRUDENCIA DEL CONDUCTOR,CONDUCCION NO ATENTO CONDICIONES TRANSITO MOMENTO,RANCAGUA,SALVADOR,RANCAGUA - SALVADOR,0, , ,BIDIRECCIONAL,ASFALTO,BUENO,SECO,DESPEJADO,0,1,0,0,13,131,13123,Metropolitana de Santiago,Santiago,Providencia,Interseccion,"RANCAGUA & SALVADOR, Providencia",-33.439794,-70.624678
-7813806.04792881,-2520875.94746835,6708,2023,1568169,2023/10/27 00:00:00+00,Octubre,27,Viernes,1899/12/30 00:00:00+00,20:40:00,20,REGION ANTOFAGASTA,TOCOPILLA,COLISION LATERAL,COLISION,URBANA,CRUCE SIN SEÑALIZACION,DESOBEDIENCIA A SEÑALIZACION,SEÑALIZACION DESOBEDECER SEÑAL PARE,TENIENTE MERINO,CHORRILLOS,CHORRILLOS - TENIENTE MERINO,0, , ,BIDIRECCIONAL CON BANDEJON,ASFALTO,BUENO,SECO,DESPEJADO,0,1,0,0,02,023,02301,Antofagasta,Tocopilla,Tocopilla,Interseccion,"CHORRILLOS & TENIENTE MERINO, Tocopilla",-22.077861,-70.192614
-8081370.90433174,-4688519.53642698,6709,2023,1567940,2023/10/28 00:00:00+00,Octubre,28,Sábado,1899/12/30 00:00:00+00,12:05:00,12,REGION ARAUCANIA,PADRE LAS CASAS,COLISION LATERAL,COLISION,URBANA,CRUCE CON SEÑAL PARE,DESOBEDIENCIA A SEÑALIZACION,SEÑALIZACION DESOBEDECER SEÑAL PARE,MAQUEHUE,AILLACARA,AILLACARA - MAQUEHUE,0, , ,BIDIRECCIONAL,ASFALTO,BUENO,HUMEDO,NUBLADO,0,0,0,1,09,091,09112,La Araucanía,Cautín,Padre Las Casas,Interseccion,"AILLACARA & MAQUEHUE, Padre Las Casas",-38.76818,-72.59619
-8125901.81761705,-5081051.38594243,6710,2023,1568990,2023/10/28 00:00:00+00,Octubre,28,Sábado,1899/12/30 00:00:00+00,12:30:00,12,REGION LOS LAGOS,PUERTO MONTT,OTRO TIPO,OTRO TIPO,URBANA,OTROS NO CONSIDERADOS,IMPRUDENCIA DEL CONDUCTOR,VIRAJES INDEBIDOS,PUNTA GRUESA,CAPITAN AVALOS,CAPITAN AVALOS - PUNTA GRUESA,0, , ,BIDIRECCIONAL,ASFALTO,BUENO,SECO,DESPEJADO,0,0,0,1,10,101,10101,Los Lagos,Llanquihue,Puerto Montt,Interseccion,"CAPITAN AVALOS & PUNTA GRUESA, Puerto Montt",-41.464182,-72.996218
-7856678.746057,-3975284.12054434,6711,2023,1571234,2023/10/28 00:00:00+00,Octubre,28,Sábado,1899/12/30 00:00:00+00,15:45:00,15,REGION METROPOLITANA,PUENTE ALTO,COLISION PERPENDICULAR,COLISION,URBANA,CRUCE CON SEMAFORO FUNCIONANDO,IMPRUDENCIA DEL CONDUCTOR,CONDUCCION SIN MANTENER DISTANCIA RAZONABLE NI PRUDENTE,CONCHA Y TORO,INDEPENDENCIA,CONCHA Y TORO - INDEPENDENCIA,0, , ,BIDIRECCIONAL,ASFALTO,BUENO,SECO,DESPEJADO,0,0,0,0,13,132,13201,Metropolitana de Santiago,Cordillera,Puente Alto,Interseccion,"CONCHA Y TORO & INDEPENDENCIA, Puente Alto",-33.600499,-70.577746
-8087344.30817431,-4680592.47975314,6712,2023,1572028,2023/10/28 00:00:00+00,Octubre,28,Sábado,1899/12/30 00:00:00+00,16:00:00,16,REGION ARAUCANIA,TEMUCO,COLISION LATERAL,COLISION,URBANA,CRUCE SIN SEÑALIZACION,IMPRUDENCIA DEL CONDUCTOR,VIRAJES INDEBIDOS,LOS MUSICOS,LOS PINTORES,LOS MUSICOS - LOS PINTORES,0, , ,BIDIRECCIONAL,CONCRETO,BUENO,MOJADO,LLUVIA,0,0,0,0,09,091,09101,La Araucanía,Cautín,Temuco,Interseccion,"LOS MUSICOS & LOS PINTORES, Temuco",-38.712637,-72.64985
-7869303.43383699,-3870991.34989241,6713,2023,1568750,2023/10/28 00:00:00+00,Octubre,28,Sábado,1899/12/30 00:00:00+00,16:00:00,16,REGION VALPARAISO,RINCONADA,COLISION LATERAL,COLISION,URBANA,CRUCE CON SEMAFORO FUNCIONANDO,IMPRUDENCIA DEL CONDUCTOR,ADELANTAMIENTO SIN EL ESPACIO O TIEMPO SUFICIENTE,LOS VILLARES,CARRETERA GENERAL SAN MARTIN,CARRETERA GENERAL SAN MARTIN - LOS VILLARES,0, , ,BIDIRECCIONAL,ASFALTO,BUENO,SECO,DESPEJADO,0,0,0,0,05,053,05303,Valparaíso,Los Andes,Rinconada,Interseccion,"CARRETERA GENERAL SAN MARTIN & LOS VILLARES, Rinconada",-32.816641,-70.691155
-7875527.25091863,-4051267.7923701,6714,2023,1568153,2023/10/28 00:00:00+00,Octubre,28,Sábado,1899/12/30 00:00:00+00,18:20:00,18,REGION LIB.B.O'HIGGINS,RANCAGUA,COLISION PERPENDICULAR,COLISION,URBANA,CRUCE CON SEÑAL CEDA EL PASO,IMPRUDENCIA DEL CONDUCTOR,NO RESPETAR DERECHO PREFERENTE DE PASO A VEHICULO,RUBIO,MUJICA,MUJICA - RUBIO,0, , ,UNIDIRECCIONAL,CONCRETO,BUENO,SECO,DESPEJADO,0,1,0,0,06,061,06101,Libertador General Bernardo O'Higgins,Cachapoal,Rancagua,Interseccion,"MUJICA & RUBIO, Rancagua",-34.167146,-70.747065
-7962206.3727665,-3893847.46575325,6715,2023,1568818,2023/10/28 00:00:00+00,Octubre,28,Sábado,1899/12/30 00:00:00+00,23:30:00,23,REGION VALPARAISO,VIÑA DEL MAR,COLISION LATERAL,COLISION,URBANA,CRUCE SIN SEÑALIZACION,IMPRUDENCIA DEL CONDUCTOR,CONDUCCION NO ATENTO CONDICIONES TRANSITO MOMENTO,GOMEZ CARREÑO,ALEJANDRO NAVARRETE,ALEJANDRO NAVARRETE - GOMEZ CARREÑO,0, , ,BIDIRECCIONAL,ASFALTO,BUENO,MOJADO,DESPEJADO,0,0,0,1,05,051,05109,Valparaíso,Valparaíso,Viña del Mar,Interseccion,"ALEJANDRO NAVARRETE & GOMEZ CARREÑO, Viña del Mar",-32.989026,-71.525717
-7934498.50631914,-3494198.05382344,6716,2023,1569028,2023/10/29 00:00:00+00,Octubre,29,Domingo,1899/12/30 00:00:00+00,03:00:00,3,REGION COQUIMBO,LA SERENA,ATROPELLO,ATROPELLO,URBANA,CRUCE SIN SEÑALIZACION,IMPRUDENCIA DEL PEATON,PEATON CRUZA CALZADA FORMA SORPRESIVA O DESCUIDADA,4 ESQUINAS,PACIFICO,4 ESQUINAS - PACIFICO,0, , ,BIDIRECCIONAL,ASFALTO,BUENO,SECO,DESPEJADO,0,0,1,0,04,041,04101,Coquimbo,Elqui,La Serena,Interseccion,"4 ESQUINAS & PACIFICO, La Serena",-29.92722,-71.276813
-7931518.21626138,-3491980.68019229,6717,2023,1569046,2023/10/29 00:00:00+00,Octubre,29,Domingo,1899/12/30 00:00:00+00,12:00:00,12,REGION COQUIMBO,LA SERENA,CHOQUE FRENTE/POSTERIOR,CHOQUE,URBANA,TRAMO DE VIA RECTA,IMPRUDENCIA DEL CONDUCTOR,CONDUCCION SIN MANTENER DISTANCIA RAZONABLE NI PRUDENTE,AMUNATEGUI,JOSE MANUEL BALMACEDA,AMUNATEGUI - JOSE MANUEL BALMACEDA,0, , ,BIDIRECCIONAL CON BANDEJON,ASFALTO,BUENO,SECO,DESPEJADO,0,0,0,0,04,041,04101,Coquimbo,Elqui,La Serena,Interseccion,"AMUNATEGUI & JOSE MANUEL BALMACEDA, La Serena",-29.909955,-71.25004
-8067622.72452413,-6751264.09651791,6718,2023,1570677,2023/10/29 00:00:00+00,Octubre,29,Domingo,1899/12/30 00:00:00+00,12:25:00,12,REGION MAGALLANES Y ANTARTICA CHILENA,NATALES,COLISION,COLISION,URBANA,CRUCE SIN SEÑALIZACION,IMPRUDENCIA DEL CONDUCTOR,CONDUCCION NO ATENTO CONDICIONES TRANSITO MOMENTO,LOS CISNES,MARTIN PESCADOR,LOS CISNES - MARTIN PESCADOR,0, , ,BIDIRECCIONAL,CONCRETO,BUENO,SECO,DESPEJADO,0,0,0,1,12,124,12401,Magallanes y de la Antártica Chilena,Última Esperanza,Natales,Interseccion,"LOS CISNES & MARTIN PESCADOR, Natales",-51.728952,-72.472688
-7862899.613161,-3949347.03801505,6719,2023,1569188,2023/10/29 00:00:00+00,Octubre,29,Domingo,1899/12/30 00:00:00+00,15:00:00,15,REGION METROPOLITANA,RECOLETA,COLISION LATERAL,COLISION,URBANA,CRUCE CON SEÑAL PARE,DESOBEDIENCIA A SEÑALIZACION,SEÑALIZACION DESOBEDECER SEÑAL PARE,COLOMBIA,HEROES DE LA CONCEPCION,COLOMBIA - HEROES DE LA CONCEPCION,0, , ,BIDIRECCIONAL,ASFALTO,BUENO,SECO,DESPEJADO,0,0,1,0,13,131,13127,Metropolitana de Santiago,Santiago,Recoleta,Interseccion,"COLOMBIA & HEROES DE LA CONCEPCION, Recoleta",-33.406214,-70.633629
-7962394.34689205,-3866946.53187143,6720,2023,1570878,2023/10/29 00:00:00+00,Octubre,29,Domingo,1899/12/30 00:00:00+00,17:10:00,17,REGION VALPARAISO,QUINTERO,COLISION,COLISION,URBANA,TRAMO DE VIA RECTA,IMPRUDENCIA DEL CONDUCTOR,CONDUCCION NO ATENTO CONDICIONES TRANSITO MOMENTO,NORMANDIE,SALAS,NORMANDIE - SALAS,0, , ,BIDIRECCIONAL,ASFALTO,BUENO,SECO,NUBLADO,0,0,0,0,05,051,05107,Valparaíso,Valparaíso,Quintero,Interseccion,"NORMANDIE & SALAS, Quintero",-32.786099,-71.527405
-7969949.97925185,-3900182.11789387,6721,2023,1571974,2023/10/29 00:00:00+00,Octubre,29,Domingo,1899/12/30 00:00:00+00,17:30:00,17,REGION VALPARAISO,VALPARAISO,COLISION LATERAL,COLISION,URBANA,CRUCE CON SEÑAL PARE,DESOBEDIENCIA A SEÑALIZACION,SEÑALIZACION DESOBEDECER SEÑAL PARE,LOS PLACERES,SAN LUIS,LOS PLACERES - SAN LUIS,0, , ,UNIDIRECCIONAL,CONCRETO,BUENO,SECO,DESPEJADO,0,0,0,1,05,051,05101,Valparaíso,Valparaíso,Valparaíso,Interseccion,"LOS PLACERES & SAN LUIS, Valparaíso",-33.036744,-71.595279
-7867726.73799864,-4002495.0156324,6722,2023,1570490,2023/10/29 00:00:00+00,Octubre,29,Domingo,1899/12/30 00:00:00+00,20:00:00,20,REGION METROPOLITANA,PAINE,COLISION LATERAL,COLISION,URBANA,TRAMO DE VIA RECTA,IMPRUDENCIA DEL CONDUCTOR,CONDUCCION NO ATENTO CONDICIONES TRANSITO MOMENTO,CAMINO PADRE HURTADO,18 DE SEPTIEMBRE,18 DE SEPTIEMBRE - CAMINO PADRE HURTADO,0, , ,BIDIRECCIONAL,ASFALTO,BUENO,SECO,DESPEJADO,0,0,0,1,13,134,13404,Metropolitana de Santiago,Maipo,Paine,Interseccion,"18 DE SEPTIEMBRE & CAMINO PADRE HURTADO, Paine",-33.803856,-70.676992
-7868107.91817675,-3953124.54266802,6723,2023,1582299,2023/10/29 00:00:00+00,Octubre,29,Domingo,1899/12/30 00:00:00+00,20:50:00,20,REGION METROPOLITANA,SANTIAGO,COLISION POR ALCANCE,COLISION,URBANA,TRAMO DE VIA RECTA,IMPRUDENCIA DEL CONDUCTOR,CONDUCCION SIN MANTENER DISTANCIA RAZONABLE NI PRUDENTE,MARTINEZ DE ROZAS,MATUCANA,MARTINEZ DE ROZAS - MATUCANA,0, , ,BIDIRECCIONAL,ASFALTO,REGULAR,SECO,DESPEJADO,0,0,0,0,13,131,13101,Metropolitana de Santiago,Santiago,Santiago,Interseccion,"MARTINEZ DE ROZAS & MATUCANA, Santiago",-33.434537,-70.680416
-7871116.24949179,-4002454.43697553,6724,2023,1570500,2023/10/30 00:00:00+00,Octubre,30,Lunes,1899/12/30 00:00:00+00,04:00:00,4,REGION METROPOLITANA,PAINE,COLISION POR ALCANCE,COLISION,URBANA,TRAMO DE VIA RECTA,IMPRUDENCIA DEL CONDUCTOR,ADELANTAMIENTO SIN EL ESPACIO O TIEMPO SUFICIENTE,18 DE SEPTIEMBRE,ACCESO SUR,18 DE SEPTIEMBRE - ACCESO SUR,0, , ,BIDIRECCIONAL,ASFALTO,BUENO,SECO,DESPEJADO,0,1,0,0,13,134,13404,Metropolitana de Santiago,Maipo,Paine,Interseccion,"18 DE SEPTIEMBRE & ACCESO SUR, Paine",-33.803553,-70.70744
-7971371.88529373,-3973515.39510814,6725,2023,1571669,2023/10/30 00:00:00+00,Octubre,30,Lunes,1899/12/30 00:00:00+00,12:30:00,12,REGION VALPARAISO,SAN ANTONIO,COLISION POR ALCANCE,COLISION,URBANA,CRUCE SIN SEÑALIZACION,IMPRUDENCIA DEL CONDUCTOR,CONDUCCION NO ATENTO CONDICIONES TRANSITO MOMENTO,DIEGO PORTALES,MERCEDES BENZ,DIEGO PORTALES - MERCEDES BENZ,0, , ,BIDIRECCIONAL,ASFALTO,BUENO,SECO,NUBLADO,0,0,0,0,05,056,05601,Valparaíso,San Antonio,San Antonio,Interseccion,"DIEGO PORTALES & MERCEDES BENZ, San Antonio",-33.587264,-71.608052
-7853912.3453913,-3946854.58359298,6726,2023,1568183,2023/10/30 00:00:00+00,Octubre,30,Lunes,1899/12/30 00:00:00+00,13:30:00,13,REGION METROPOLITANA,VITACURA,COLISION LATERAL,COLISION,URBANA,CRUCE CON SEMAFORO FUNCIONANDO,IMPRUDENCIA DEL CONDUCTOR,ADELANTAMIENTO SOBREPASANDO LINEA CONTINUA,LAS HUALTATAS,LAS TRANQUERAS,LAS HUALTATAS - LAS TRANQUERAS,0, , ,BIDIRECCIONAL,ASFALTO,BUENO,SECO,DESPEJADO,0,0,0,0,13,131,13132,Metropolitana de Santiago,Santiago,Vitacura,Interseccion,"LAS HUALTATAS & LAS TRANQUERAS, Vitacura",-33.387521,-70.552895
-7979029.55310992,-4221616.54632961,6727,2023,1568872,2023/10/30 00:00:00+00,Octubre,30,Lunes,1899/12/30 00:00:00+00,13:50:00,13,REGION MAULE,TALCA,COLISION LATERAL,COLISION,URBANA,CRUCE CON SEÑAL PARE,DESOBEDIENCIA A SEÑALIZACION,SEÑALIZACION DESOBEDECER SEÑAL PARE,24 1/2 NORTE,28 1/2 ORIENTE,24 1/2 NORTE - 28 1/2 ORIENTE,0, , ,BIDIRECCIONAL,CONCRETO,BUENO,SECO,DESPEJADO,0,0,0,0,07,071,07101,Maule,Talca,Talca,Interseccion,"24 1/2 NORTE & 28 1/2 ORIENTE, Talca",-35.423745,-71.676842
-7803587.4975242,-2306373.39561304,6728,2023,1570108,2023/10/30 00:00:00+00,Octubre,30,Lunes,1899/12/30 00:00:00+00,14:00:00,14,REGION TARAPACA,ALTO HOSPICIO,CHOQUE,CHOQUE,URBANA,CRUCE SIN SEÑALIZACION,VELOCIDAD IMPRUDENTE,VELOCIDAD NO RAZONABLE NI PRUDENTE,LAS AMERICAS,JUANITA FERNANDEZ,JUANITA FERNANDEZ - LAS AMERICAS,0, , ,UNIDIRECCIONAL,ASFALTO,BUENO,SECO,DESPEJADO,0,0,0,0,01,011,01107,Tarapacá,Iquique,Alto Hospicio,Interseccion,"JUANITA FERNANDEZ & LAS AMERICAS, Alto Hospicio",-20.281205,-70.100819
-7932613.87838291,-3490973.48787477,6729,2023,1569688,2023/10/30 00:00:00+00,Octubre,30,Lunes,1899/12/30 00:00:00+00,14:30:00,14,REGION COQUIMBO,LA SERENA,CHOQUE FRENTE/POSTERIOR,CHOQUE,URBANA,CRUCE CON SEÑAL CEDA EL PASO,VELOCIDAD IMPRUDENTE,"VELOCIDAD NO REDUCIR CRUCE DE CALLES, CUMBRE, CURVA, ETC.",LIBERTAD,PUERTA DEL MAR,LIBERTAD - PUERTA DEL MAR,0, , ,BIDIRECCIONAL CON BANDEJON,ASFALTO,BUENO,SECO,DESPEJADO,0,0,0,2,04,041,04101,Coquimbo,Elqui,La Serena,Interseccion,"LIBERTAD & PUERTA DEL MAR, La Serena",-29.902112,-71.259883
-8026755.78103671,-4383689.96550977,6730,2023,1568936,2023/10/30 00:00:00+00,Octubre,30,Lunes,1899/12/30 00:00:00+00,16:30:00,16,REGION ÑUBLE,CHILLAN,COLISION PERPENDICULAR,COLISION,URBANA,CRUCE CON SEÑAL PARE,DESOBEDIENCIA A SEÑALIZACION,SEÑALIZACION DESOBEDECER SEÑAL PARE,CLAUDIO ARRAU,GAMERO,CLAUDIO ARRAU - GAMERO,0, , ,UNIDIRECCIONAL,CONCRETO,BUENO,SECO,NUBLADO,0,0,0,1,16,161,16101,Ñuble,Diguillín,Chillán,Interseccion,"CLAUDIO ARRAU & GAMERO, Chillán",-36.601387,-72.105574
-8084535.82879675,-4681931.75277968,6731,2023,1568779,2023/10/30 00:00:00+00,Octubre,30,Lunes,1899/12/30 00:00:00+00,18:00:00,18,REGION ARAUCANIA,TEMUCO,COLISION LATERAL,COLISION,URBANA,TRAMO DE VIA RECTA,IMPRUDENCIA DEL CONDUCTOR,CONDUCCION SIN MANTENER DISTANCIA RAZONABLE NI PRUDENTE,PASAJE DOS,JAVIERA CARRERA,JAVIERA CARRERA - PASAJE DOS,0, , ,BIDIRECCIONAL CON BANDEJON,CONCRETO,REGULAR,HUMEDO,NUBLADO,0,0,0,1,09,091,09101,La Araucanía,Cautín,Temuco,Interseccion,"JAVIERA CARRERA & PASAJE DOS, Temuco",-38.722024,-72.624621
-7929681.73416076,-4162056.07457513,6732,2023,1569737,2023/10/30 00:00:00+00,Octubre,30,Lunes,1899/12/30 00:00:00+00,21:30:00,21,REGION MAULE,CURICO,COLISION FRONTAL,COLISION,URBANA,CRUCE CON SEMAFORO FUNCIONANDO,DESOBEDIENCIA A SEÑALIZACION,SEÑALIZACION DESOBEDECER LUZ ROJA DE SEMAFORO,ARGOMEDO,MANSO DE VELASCO,ARGOMEDO - MANSO DE VELASCO,0, , ,UNIDIRECCIONAL,ASFALTO,BUENO,SECO,DESPEJADO,0,0,1,0,07,073,07301,Maule,Curicó,Curicó,Interseccion,"ARGOMEDO & MANSO DE VELASCO, Curicó",-34.986569,-71.233543
-8131682.08215423,-4413217.26660529,6733,2023,1568570,2023/10/31 00:00:00+00,Octubre,31,Martes,1899/12/30 00:00:00+00,08:20:00,8,REGION BIO BIO,HUALPEN,COLISION,COLISION,URBANA,ENLACE A NIVEL,IMPRUDENCIA DEL CONDUCTOR,CONDUCCION CAMBIAR SORPRESIVAMENTE PISTA CIRCULACION,JORGE ALESSANDRI RODRIGUEZ,PAICAVI,JORGE ALESSANDRI RODRIGUEZ - PAICAVI,0, , ,BIDIRECCIONAL CON BANDEJON,CONCRETO,BUENO,SECO,DESPEJADO,0,0,0,0,08,081,08112,Biobío,Concepción,Hualpén,Interseccion,"JORGE ALESSANDRI RODRIGUEZ & PAICAVI, Hualpén",-36.814035,-73.048143
-7930957.45554751,-4160991.69086183,6734,2023,1569733,2023/10/31 00:00:00+00,Octubre,31,Martes,1899/12/30 00:00:00+00,10:00:00,10,REGION MAULE,CURICO,COLISION FRONTAL,COLISION,URBANA,TRAMO DE VIA RECTA,IMPRUDENCIA DEL CONDUCTOR,CONDUCCION NO ATENTO CONDICIONES TRANSITO MOMENTO,LIBERTADOR BERNARDO O'HIGGINS,VIDAL,LIBERTADOR BERNARDO O'HIGGINS - VIDAL,0, , ,UNIDIRECCIONAL,ASFALTO,BUENO,SECO,DESPEJADO,0,0,0,1,07,073,07301,Maule,Curicó,Curicó,Interseccion,"LIBERTADOR BERNARDO O'HIGGINS & VIDAL, Curicó",-34.978735,-71.245003
-7855598.39039885,-3968205.50331016,6735,2023,1569101,2023/10/31 00:00:00+00,Octubre,31,Martes,1899/12/30 00:00:00+00,10:40:00,10,REGION METROPOLITANA,PUENTE ALTO,CHOQUE FRENTE/POSTERIOR,CHOQUE,URBANA,TRAMO DE VIA RECTA,IMPRUDENCIA DEL CONDUCTOR,CONDUCCION NO ATENTO CONDICIONES TRANSITO MOMENTO,CAMILO HENRIQUEZ,TRINIDAD ORIENTE,CAMILO HENRIQUEZ - TRINIDAD ORIENTE,0, , ,BIDIRECCIONAL,CONCRETO,BUENO,SECO,DESPEJADO,0,0,0,2,13,132,13201,Metropolitana de Santiago,Cordillera,Puente Alto,Interseccion,"CAMILO HENRIQUEZ & TRINIDAD ORIENTE, Puente Alto",-33.547519,-70.568041
-8009889.76500888,-4359256.2225233,6736,2023,1572727,2023/10/31 00:00:00+00,Octubre,31,Martes,1899/12/30 00:00:00+00,12:00:00,12,REGION ÑUBLE,SAN CARLOS,COLISION LATERAL,COLISION,URBANA,TRAMO DE VIA RECTA,IMPRUDENCIA DEL CONDUCTOR,CONDUCCION NO ATENTO CONDICIONES TRANSITO MOMENTO,VICUÑA MACKENNA,ROBLE,ROBLE - VICUÑA MACKENNA,0, , ,UNIDIRECCIONAL,CONCRETO,BUENO,SECO,DESPEJADO,0,0,1,0,16,163,16301,Ñuble,Punilla,San Carlos,Interseccion,"ROBLE & VICUÑA MACKENNA, San Carlos",-36.424977,-71.954064
-7860264.45817494,-3959971.81961126,6737,2023,1568602,2023/10/31 00:00:00+00,Octubre,31,Martes,1899/12/30 00:00:00+00,18:45:00,18,REGION METROPOLITANA,MACUL,COLISION FRONTAL,COLISION,URBANA,TRAMO DE VIA RECTA,IMPRUDENCIA DEL CONDUCTOR,CONDUCCION NO ATENTO CONDICIONES TRANSITO MOMENTO,QUILIN,CASTILLO URIZAR,CASTILLO URIZAR - QUILIN,0, , ,BIDIRECCIONAL,ASFALTO,BUENO,SECO,DESPEJADO,0,0,0,1,13,131,13118,Metropolitana de Santiago,Santiago,Macul,Interseccion,"CASTILLO URIZAR & QUILIN, Macul",-33.485853,-70.609957
-7865083.2562924,-3956696.05358545,6738,2023,1571767,2023/10/31 00:00:00+00,Octubre,31,Martes,1899/12/30 00:00:00+00,19:00:00,19,REGION METROPOLITANA,SANTIAGO,CHOQUE LADO/LADO,CHOQUE,URBANA,TRAMO DE VIA RECTA,DESOBEDIENCIA A SEÑALIZACION,SEÑALIZACION DESOBEDECER LUZ ROJA DE SEMAFORO,LIBER BERNARDO O'HIGGINS,LORD COCHRANE,LIBER BERNARDO O'HIGGINS - LORD COCHRANE,0, , ,BIDIRECCIONAL,ASFALTO,BUENO,SECO,DESPEJADO,0,0,0,0,13,131,13101,Metropolitana de Santiago,Santiago,Santiago,Interseccion,"LIBER BERNARDO O'HIGGINS & LORD COCHRANE, Santiago",-33.461307,-70.653245
-7864879.54162425,-3962635.71524678,6739,2023,1570754,2023/10/31 00:00:00+00,Octubre,31,Martes,1899/12/30 00:00:00+00,20:57:00,20,REGION METROPOLITANA,SAN MIGUEL,COLISION LATERAL,COLISION,URBANA,TRAMO DE VIA RECTA,IMPRUDENCIA DEL CONDUCTOR,CONDUCCION CAMBIAR SORPRESIVAMENTE PISTA CIRCULACION,DEPARTAMENTAL INT,SAN FRANCISCO,DEPARTAMENTAL INT - SAN FRANCISCO,0, , ,BIDIRECCIONAL,ASFALTO,BUENO,SECO,DESPEJADO,0,0,0,0,13,131,13130,Metropolitana de Santiago,Santiago,San Miguel,Interseccion,"DEPARTAMENTAL INT & SAN FRANCISCO, San Miguel",-33.505809,-70.651415
-7863762.33921465,-3958073.98826245,6740,2023,1574172,2023/10/31 00:00:00+00,Octubre,31,Martes,1899/12/30 00:00:00+00,21:00:00,21,REGION METROPOLITANA,SANTIAGO,COLISION POR ALCANCE,COLISION,URBANA,CRUCE CON SEÑAL PARE,VELOCIDAD IMPRUDENTE,VELOCIDAD NO RAZONABLE NI PRUDENTE,GERMAN RIESCO,ARAUCO,ARAUCO - GERMAN RIESCO,0, , ,BIDIRECCIONAL,ASFALTO,BUENO,SECO,DESPEJADO,0,1,0,0,13,131,13101,Metropolitana de Santiago,Santiago,Santiago,Interseccion,"ARAUCO & GERMAN RIESCO, Santiago",-33.471633,-70.641379