X,Y,FID,Año,IdAccident,Fecha,Mes,Dia_mes,Dia_semana,Hora,Hora_texto,Hora_aprox,Región,Comuna,Tipo_Accid,Tipo__CONA,Zona,Ubicación,Causa__CON,Causa_Acci,Calle_Uno,Calle_Dos,Intersecci,Número,Ruta,Ubicaci_1,Calzada,Tipo_Calza,Estado_Cal,Condición,Estado_Atm,Fallecidos,Graves,Menos_Grav,Leves,CUT_REG,CUT_PROV,CUT_COM,REGION,PROVINCIA,COMUNA1,Tipo_direc,Direccion,Lat,Lon
-8131671.5068026,-4414272.9694954,6741,2023,1568592,2023/10/31 00:00:00+00,Octubre,31,Martes,1899/12/30 00:00:00+00,22:35:00,22,REGION BIO BIO,CONCEPCION,COLISION,COLISION,URBANA,CRUCE CON SEMAFORO FUNCIONANDO,IMPRUDENCIA DEL CONDUCTOR,ADELANTAMIENTO SIN EL ESPACIO O TIEMPO SUFICIENTE,LOS CARRERA,TUCAPEL,LOS CARRERA - TUCAPEL,0, , ,BIDIRECCIONAL CON BANDEJON,CONCRETO,BUENO,SECO,DESPEJADO,0,1,0,0,08,081,08101,Biobío,Concepción,Concepción,Interseccion,"LOS CARRERA & TUCAPEL, Concepción",-36.821627,-73.048048
-7869043.78113584,-3972702.82128314,6742,2023,1568639,2023/11/01 00:00:00+00,Noviembre,1,Miércoles,1899/12/30 00:00:00+00,00:25:00,0,REGION METROPOLITANA,SAN BERNARDO,COLISION LATERAL,COLISION,URBANA,CRUCE CON SEÑAL PARE,IMPRUDENCIA DEL CONDUCTOR,CONDUCCION NO ATENTO CONDICIONES TRANSITO MOMENTO,CALDERON DE LA BARCA,PEDRO DE MENDOZA,CALDERON DE LA BARCA - PEDRO DE MENDOZA,0, , ,BIDIRECCIONAL CON BANDEJON,ASFALTO,BUENO,SECO,DESPEJADO,0,0,1,1,13,134,13401,Metropolitana de Santiago,Maipo,San Bernardo,Interseccion,"CALDERON DE LA BARCA & PEDRO DE MENDOZA, San Bernardo",-33.581183,-70.688823
-7867002.94204248,-3942859.67268644,6743,2023,1569775,2023/11/01 00:00:00+00,Noviembre,1,Miércoles,1899/12/30 00:00:00+00,01:40:00,1,REGION METROPOLITANA,HUECHURABA,COLISION,COLISION,URBANA,CRUCE CON SEMAFORO FUNCIONANDO,IMPRUDENCIA DEL CONDUCTOR,CONDUCCION NO ATENTO CONDICIONES TRANSITO MOMENTO,CACIQUES CHILENOS SUR,PEDRO FONTOVA,CACIQUES CHILENOS SUR - PEDRO FONTOVA,0, , ,BIDIRECCIONAL CON BANDEJON,ASFALTO,BUENO,SECO,DESPEJADO,0,0,0,2,13,131,13107,Metropolitana de Santiago,Santiago,Huechuraba,Interseccion,"CACIQUES CHILENOS SUR & PEDRO FONTOVA, Huechuraba",-33.357551,-70.67049
-7930389.05821639,-3490620.70028386,6744,2023,1568852,2023/11/01 00:00:00+00,Noviembre,1,Miércoles,1899/12/30 00:00:00+00,03:30:00,3,REGION COQUIMBO,LA SERENA,VOLCADURA,VOLCADURA,URBANA,TRAMO DE VIA CURVA HORIZONTAL,VELOCIDAD IMPRUDENTE,VELOCIDAD NO RAZONABLE NI PRUDENTE,VICENTE ZORRILLA,COSTANERA DEL RIO,COSTANERA DEL RIO - VICENTE ZORRILLA,0, , ,BIDIRECCIONAL,ASFALTO,BUENO,SECO,DESPEJADO,2,0,0,0,04,041,04101,Coquimbo,Elqui,La Serena,Interseccion,"COSTANERA DEL RIO & VICENTE ZORRILLA, La Serena",-29.899365,-71.239897
-7868246.73358177,-3966101.06022417,6745,2023,1568556,2023/11/01 00:00:00+00,Noviembre,1,Miércoles,1899/12/30 00:00:00+00,05:20:00,5,REGION METROPOLITANA,LA CISTERNA,CHOQUE LATERAL,CHOQUE,URBANA,CRUCE CON SEÑAL CEDA EL PASO,IMPRUDENCIA DEL CONDUCTOR,CONDUCCION NO ATENTO CONDICIONES TRANSITO MOMENTO,JOSE JOAQUIN PRIETO VIAL,AMERICO VESPUCIO,AMERICO VESPUCIO - JOSE JOAQUIN PRIETO VIAL,0, , ,UNIDIRECCIONAL,CONCRETO,BUENO,SECO,DESPEJADO,1,0,0,0,13,131,13109,Metropolitana de Santiago,Santiago,La Cisterna,Interseccion,"AMERICO VESPUCIO & JOSE JOAQUIN PRIETO VIAL, La Cisterna",-33.531762,-70.681663
-8025290.59389888,-4383765.81472082,6746,2023,1569116,2023/11/01 00:00:00+00,Noviembre,1,Miércoles,1899/12/30 00:00:00+00,05:30:00,5,REGION ÑUBLE,CHILLAN,COLISION PERPENDICULAR,COLISION,URBANA,CRUCE CON SEÑAL PARE,ALCOHOL EN CONDUCTOR,CONDUCCION EN ESTADO DE EBRIEDAD,YERBAS BUENAS,ECUADOR,ECUADOR - YERBAS BUENAS,0, , ,UNIDIRECCIONAL,CONCRETO,BUENO,SECO,NUBLADO,0,1,0,0,16,161,16101,Ñuble,Diguillín,Chillán,Interseccion,"ECUADOR & YERBAS BUENAS, Chillán",-36.601934,-72.092412
-7861225.81329743,-3960078.06466685,6747,2023,1569506,2023/11/01 00:00:00+00,Noviembre,1,Miércoles,1899/12/30 00:00:00+00,09:10:00,9,REGION METROPOLITANA,MACUL,COLISION LATERAL,COLISION,URBANA,CRUCE CON SEMAFORO FUNCIONANDO,IMPRUDENCIA DEL CONDUCTOR,CONDUCCION NO ATENTO CONDICIONES TRANSITO MOMENTO,VICUÑA MACKENNA,QUILIN,QUILIN - VICUÑA MACKENNA,0, , ,BIDIRECCIONAL,ASFALTO,BUENO,SECO,NUBLADO,0,1,0,0,13,131,13118,Metropolitana de Santiago,Santiago,Macul,Interseccion,"QUILIN & VICUÑA MACKENNA, Macul",-33.486649,-70.618593
-8116062.55042852,-5080439.30190057,6748,2023,1571947,2023/11/01 00:00:00+00,Noviembre,1,Miércoles,1899/12/30 00:00:00+00,13:20:00,13,REGION LOS LAGOS,PUERTO MONTT,COLISION PERPENDICULAR,COLISION,URBANA,CRUCE CON SEÑAL CEDA EL PASO,IMPRUDENCIA DEL CONDUCTOR,CONDUCCION NO ATENTO CONDICIONES TRANSITO MOMENTO,MARCELO FOURCADE,LOS PIMIENTOS,LOS PIMIENTOS - MARCELO FOURCADE,0, , ,BIDIRECCIONAL,CONCRETO,BUENO,SECO,DESPEJADO,0,0,0,2,10,101,10101,Los Lagos,Llanquihue,Puerto Montt,Interseccion,"LOS PIMIENTOS & MARCELO FOURCADE, Puerto Montt",-41.460062,-72.90783
-8138638.10317543,-4409180.22442789,6749,2023,1569036,2023/11/01 00:00:00+00,Noviembre,1,Miércoles,1899/12/30 00:00:00+00,15:30:00,15,REGION BIO BIO,HUALPEN,VOLCADURA,VOLCADURA,URBANA,CRUCE CON SEMAFORO FUNCIONANDO,DESOBEDIENCIA A SEÑALIZACION,SEÑALIZACION DESOBEDECER LUZ ROJA DE SEMAFORO,FINLANDIA,GRAN BRETAÑA,FINLANDIA - GRAN BRETAÑA,0, , ,BIDIRECCIONAL,CONCRETO,BUENO,SECO,DESPEJADO,0,0,0,0,08,081,08112,Biobío,Concepción,Hualpén,Interseccion,"FINLANDIA & GRAN BRETAÑA, Hualpén",-36.784996,-73.11063
-7863278.0994297,-3959844.7539426,6750,2023,1569726,2023/11/01 00:00:00+00,Noviembre,1,Miércoles,1899/12/30 00:00:00+00,16:45:00,16,REGION METROPOLITANA,SAN JOAQUIN,VOLCADURA,VOLCADURA,URBANA,TRAMO DE VIA RECTA,VELOCIDAD IMPRUDENTE,VELOCIDAD NO RAZONABLE NI PRUDENTE,MATAVERI,VICUÑA MACKENNA,MATAVERI - VICUÑA MACKENNA,0, , ,BIDIRECCIONAL,ASFALTO,BUENO,SECO,DESPEJADO,0,0,0,1,13,131,13129,Metropolitana de Santiago,Santiago,San Joaquín,Interseccion,"MATAVERI & VICUÑA MACKENNA, San Joaquín",-33.484901,-70.637029
-7970432.5715306,-4279507.7410688,6751,2023,1573096,2023/11/01 00:00:00+00,Noviembre,1,Miércoles,1899/12/30 00:00:00+00,20:20:00,20,REGION MAULE,LINARES,COLISION LATERAL,COLISION,URBANA,CRUCE CON SEMAFORO FUNCIONANDO,ALCOHOL EN CONDUCTOR,CONDUCCION EN ESTADO DE EBRIEDAD,ABATE MOLINA,PRESIDENTE CARLOS IBAÑEZ DEL CAMPO,ABATE MOLINA - PRESIDENTE CARLOS IBAÑEZ DEL CAMPO,0, , ,BIDIRECCIONAL,ASFALTO,BUENO,SECO,DESPEJADO,0,0,0,0,07,074,07401,Maule,Linares,Linares,Interseccion,"ABATE MOLINA & PRESIDENTE CARLOS IBAÑEZ DEL CAMPO, Linares",-35.846407,-71.599614
-8127434.90956633,-5049924.1177541,6752,2023,1570573,2023/11/02 00:00:00+00,Noviembre,2,Jueves,1899/12/30 00:00:00+00,08:19:00,8,REGION LOS LAGOS,LLANQUIHUE,COLISION PERPENDICULAR,COLISION,URBANA,CRUCE CON SEÑAL PARE,DESOBEDIENCIA A SEÑALIZACION,SEÑALIZACION DESOBEDECER SEÑAL PARE,LOS CISNES,FUTALEUFU,FUTALEUFU - LOS CISNES,0, , ,BIDIRECCIONAL,CONCRETO,BUENO,SECO,DESPEJADO,0,0,0,1,10,101,10107,Los Lagos,Llanquihue,Llanquihue,Interseccion,"FUTALEUFU & LOS CISNES, Llanquihue",-41.254304,-73.00999
-7976078.473409,-4222249.8753907,6753,2023,1569123,2023/11/02 00:00:00+00,Noviembre,2,Jueves,1899/12/30 00:00:00+00,08:30:00,8,REGION MAULE,TALCA,COLISION LATERAL,COLISION,URBANA,TRAMO DE VIA RECTA,FALLAS MECANICAS,FALLAS MECANICAS FRENOS,PRESIDENTE SALVADOR ALLENDE,1 SUR,1 SUR - PRESIDENTE SALVADOR ALLENDE,0, , ,BIDIRECCIONAL,CONCRETO,BUENO,SECO,DESPEJADO,0,0,1,1,07,071,07101,Maule,Talca,Talca,Interseccion,"1 SUR & PRESIDENTE SALVADOR ALLENDE, Talca",-35.428381,-71.650332
-7860798.96620179,-3946405.69527939,6754,2023,1569880,2023/11/02 00:00:00+00,Noviembre,2,Jueves,1899/12/30 00:00:00+00,12:04:00,12,REGION METROPOLITANA,HUECHURABA,COLISION,COLISION,URBANA,CRUCE CON SEMAFORO FUNCIONANDO,IMPRUDENCIA DEL CONDUCTOR,CONDUCCION NO ATENTO CONDICIONES TRANSITO MOMENTO,DEL PARQUE,RINCONADA EL SALTO,DEL PARQUE - RINCONADA EL SALTO,0, , ,BIDIRECCIONAL CON BANDEJON,ASFALTO,BUENO,SECO,DESPEJADO,0,0,0,0,13,131,13107,Metropolitana de Santiago,Santiago,Huechuraba,Interseccion,"DEL PARQUE & RINCONADA EL SALTO, Huechuraba",-33.384154,-70.614759
-7860970.22374657,-3961351.07917528,6755,2023,1569507,2023/11/02 00:00:00+00,Noviembre,2,Jueves,1899/12/30 00:00:00+00,12:15:00,12,REGION METROPOLITANA,MACUL,COLISION LATERAL,COLISION,URBANA,CRUCE CON SEMAFORO FUNCIONANDO,IMPRUDENCIA DEL CONDUCTOR,CONDUCCION NO ATENTO CONDICIONES TRANSITO MOMENTO,VICUÑA MACKENNA,MONS CARLOS CASANUEVA,MONS CARLOS CASANUEVA - VICUÑA MACKENNA,0, , ,BIDIRECCIONAL,CONCRETO,BUENO,SECO,NUBLADO,0,0,0,1,13,131,13118,Metropolitana de Santiago,Santiago,Macul,Interseccion,"MONS CARLOS CASANUEVA & VICUÑA MACKENNA, Macul",-33.496186,-70.616297
-7868993.68736499,-3958953.59836596,6756,2023,1568886,2023/11/02 00:00:00+00,Noviembre,2,Jueves,1899/12/30 00:00:00+00,12:40:00,12,REGION METROPOLITANA,CERRILLOS,CHOQUE FRONTAL,CHOQUE,URBANA,CRUCE CON SEÑAL CEDA EL PASO,IMPRUDENCIA DEL CONDUCTOR,CONDUCCION NO ATENTO CONDICIONES TRANSITO MOMENTO,GRAL VELASQUEZ,ALC CARLOS VALDOVINOS,ALC CARLOS VALDOVINOS - GRAL VELASQUEZ,0, , ,BIDIRECCIONAL,ASFALTO,BUENO,SECO,NUBLADO,0,0,0,1,13,131,13102,Metropolitana de Santiago,Santiago,Cerrillos,Interseccion,"ALC CARLOS VALDOVINOS & GRAL VELASQUEZ, Cerrillos",-33.478224,-70.688373
-7970631.27676601,-4222699.34800731,6757,2023,1569340,2023/11/02 00:00:00+00,Noviembre,2,Jueves,1899/12/30 00:00:00+00,14:35:00,14,REGION MAULE,TALCA,VOLCADURA,VOLCADURA,URBANA,CRUCE CON SEÑAL PARE,DROGAS Y/O FATIGA EN CONDUCTOR,"CONDICIONES FISICAS DEFICIENTES (CANSANCIO, SUEÑO)",47 ORIENTE,CAMINO LA VIÑA,47 ORIENTE - CAMINO LA VIÑA,0, , ,BIDIRECCIONAL,ASFALTO,BUENO,SECO,DESPEJADO,0,1,0,0,07,071,07101,Maule,Talca,Talca,Interseccion,"47 ORIENTE & CAMINO LA VIÑA, Talca",-35.431671,-71.601399
-7865466.41797971,-3957857.79939045,6758,2023,1570126,2023/11/02 00:00:00+00,Noviembre,2,Jueves,1899/12/30 00:00:00+00,16:20:00,16,REGION METROPOLITANA,SANTIAGO,COLISION LATERAL,COLISION,URBANA,TRAMO DE VIA RECTA,IMPRUDENCIA DEL CONDUCTOR,CONDUCCION NO ATENTO CONDICIONES TRANSITO MOMENTO,VIEL,GRAL RONDIZZONI,GRAL RONDIZZONI - VIEL,0, , ,BIDIRECCIONAL,CONCRETO,BUENO,SECO,DESPEJADO,0,0,0,0,13,131,13101,Metropolitana de Santiago,Santiago,Santiago,Interseccion,"GRAL RONDIZZONI & VIEL, Santiago",-33.470013,-70.656687
-7878305.78539769,-3962162.85429654,6759,2023,1577185,2023/11/02 00:00:00+00,Noviembre,2,Jueves,1899/12/30 00:00:00+00,16:30:00,16,REGION METROPOLITANA,MAIPU,COLISION LATERAL,COLISION,URBANA,CRUCE CON SEÑAL PARE,IMPRUDENCIA DEL CONDUCTOR,CONDUCCION NO ATENTO CONDICIONES TRANSITO MOMENTO,3 PONIENTE,LIBER BERNARDO O'HIGGINS,3 PONIENTE - LIBER BERNARDO O'HIGGINS,0, , ,UNIDIRECCIONAL,ASFALTO,BUENO,SECO,DESPEJADO,0,0,0,1,13,131,13119,Metropolitana de Santiago,Santiago,Maipú,Interseccion,"3 PONIENTE & LIBER BERNARDO O'HIGGINS, Maipú",-33.502267,-70.772025
-7972500.39503627,-4224970.63451761,6760,2023,1569495,2023/11/02 00:00:00+00,Noviembre,2,Jueves,1899/12/30 00:00:00+00,18:00:00,18,REGION MAULE,TALCA,COLISION LATERAL,COLISION,URBANA,CRUCE CON SEÑAL PARE,IMPRUDENCIA DEL CONDUCTOR,CONDUCCION NO ATENTO CONDICIONES TRANSITO MOMENTO,PUERTAS NEGRAS,8 SUR,8 SUR - PUERTAS NEGRAS,0, , ,BIDIRECCIONAL,ASFALTO,BUENO,SECO,DESPEJADO,0,2,0,0,07,071,07101,Maule,Talca,Talca,Interseccion,"8 SUR & PUERTAS NEGRAS, Talca",-35.448294,-71.61819
-7856975.18986098,-3973352.9025195,6761,2023,1569412,2023/11/02 00:00:00+00,Noviembre,2,Jueves,1899/12/30 00:00:00+00,18:25:00,18,REGION METROPOLITANA,PUENTE ALTO,COLISION LATERAL,COLISION,URBANA,TRAMO DE VIA RECTA,IMPRUDENCIA DEL CONDUCTOR,CONDUCCION NO ATENTO CONDICIONES TRANSITO MOMENTO,LUIS MATTE LARRAIN,CONCHA Y TORO,CONCHA Y TORO - LUIS MATTE LARRAIN,0, , ,BIDIRECCIONAL,CONCRETO,BUENO,SECO,DESPEJADO,0,0,0,0,13,132,13201,Metropolitana de Santiago,Cordillera,Puente Alto,Interseccion,"CONCHA Y TORO & LUIS MATTE LARRAIN, Puente Alto",-33.586048,-70.580409
-8135724.31548165,-4405637.41291483,6762,2023,1571115,2023/11/02 00:00:00+00,Noviembre,2,Jueves,1899/12/30 00:00:00+00,19:00:00,19,REGION BIO BIO,TALCAHUANO,COLISION LATERAL,COLISION,URBANA,CRUCE CON SEÑAL PARE,DESOBEDIENCIA A SEÑALIZACION,SEÑALIZACION DESOBEDECER SEÑAL PARE,MONSEÑOR ALARCON,CLAUDIO GAY,CLAUDIO GAY - MONSEÑOR ALARCON,0, , ,BIDIRECCIONAL,CONCRETO,BUENO,SECO,DESPEJADO,0,0,0,1,08,081,08110,Biobío,Concepción,Talcahuano,Interseccion,"CLAUDIO GAY & MONSEÑOR ALARCON, Talcahuano",-36.759503,-73.084455
-7926387.12252237,-3866658.61598664,6763,2023,1569023,2023/11/02 00:00:00+00,Noviembre,2,Jueves,1899/12/30 00:00:00+00,19:25:00,19,REGION VALPARAISO,CALERA,COLISION LATERAL,COLISION,URBANA,CRUCE CON SEÑAL PARE,IMPRUDENCIA DEL CONDUCTOR,CONDUCCION CAMBIAR SORPRESIVAMENTE PISTA CIRCULACION,GRECIA,ROMA,GRECIA - ROMA,0, , ,BIDIRECCIONAL,ASFALTO,BUENO,SECO,DESPEJADO,0,0,0,1,05,055,05502,Valparaíso,Quillota,Calera,Interseccion,"GRECIA & ROMA, Calera",-32.783925,-71.203947
-8142558.66432168,-4951555.16157411,6764,2023,1570246,2023/11/02 00:00:00+00,Noviembre,2,Jueves,1899/12/30 00:00:00+00,19:30:00,19,REGION LOS LAGOS,OSORNO,COLISION,COLISION,URBANA,TRAMO DE VIA RECTA,IMPRUDENCIA DEL CONDUCTOR,CONDUCCION NO ATENTO CONDICIONES TRANSITO MOMENTO,FELIZARDO ASENJO,SANTA FLORA,FELIZARDO ASENJO - SANTA FLORA,0, , ,UNIDIRECCIONAL,CONCRETO,BUENO,SECO,DESPEJADO,0,0,0,1,10,103,10301,Los Lagos,Osorno,Osorno,Interseccion,"FELIZARDO ASENJO & SANTA FLORA, Osorno",-40.5866,-73.145849
-7855729.36891172,-3956535.82562225,6765,2023,1570258,2023/11/02 00:00:00+00,Noviembre,2,Jueves,1899/12/30 00:00:00+00,19:40:00,19,REGION METROPOLITANA,PEÑALOLEN,COLISION FRONTAL,COLISION,URBANA,CRUCE CON SEMAFORO FUNCIONANDO,IMPRUDENCIA DEL CONDUCTOR,CONDUCIR VEHICULO EN RETROCESO,JOSE ARRIETA,CRUZ ALMEYDA,CRUZ ALMEYDA - JOSE ARRIETA,0, , ,UNIDIRECCIONAL,CONCRETO,BUENO,SECO,DESPEJADO,0,0,0,2,13,131,13122,Metropolitana de Santiago,Santiago,Peñalolén,Interseccion,"CRUZ ALMEYDA & JOSE ARRIETA, Peñalolén",-33.460106,-70.569218
-7872894.54496137,-3954414.93566036,6766,2023,1570487,2023/11/02 00:00:00+00,Noviembre,2,Jueves,1899/12/30 00:00:00+00,21:40:00,21,REGION METROPOLITANA,LO PRADO,COLISION LATERAL,COLISION,URBANA,TRAMO DE VIA RECTA,IMPRUDENCIA DEL CONDUCTOR,CONDUCCION NO ATENTO CONDICIONES TRANSITO MOMENTO,SAN FRANCISCO,LOS RETAMOS,LOS RETAMOS - SAN FRANCISCO,0, , ,BIDIRECCIONAL,ASFALTO,REGULAR,SECO,DESPEJADO,0,0,0,1,13,131,13117,Metropolitana de Santiago,Santiago,Lo Prado,Interseccion,"LOS RETAMOS & SAN FRANCISCO, Lo Prado",-33.44421,-70.723415
-7963745.23125464,-3889886.23451662,6767,2023,1570859,2023/11/02 00:00:00+00,Noviembre,2,Jueves,1899/12/30 00:00:00+00,22:50:00,22,REGION VALPARAISO,VIÑA DEL MAR,CHOQUE FRONTAL,CHOQUE,URBANA,CRUCE CON SEMAFORO FUNCIONANDO,ALCOHOL EN CONDUCTOR,CONDUCCION BAJO LA INFLUENCIA DEL ALCOHOL,GASTON HAMMEL NIETO,CALAFQUEN,CALAFQUEN - GASTON HAMMEL NIETO,0, , ,BIDIRECCIONAL,CONCRETO,BUENO,SECO,DESPEJADO,0,0,0,1,05,051,05109,Valparaíso,Valparaíso,Viña del Mar,Interseccion,"CALAFQUEN & GASTON HAMMEL NIETO, Viña del Mar",-32.959174,-71.539541
-7674103.64917356,-2566203.88746054,6768,2023,1568909,2023/11/02 00:00:00+00,Noviembre,2,Jueves,1899/12/30 00:00:00+00,23:30:00,23,REGION ANTOFAGASTA,CALAMA,COLISION,COLISION,URBANA,CRUCE CON SEÑAL PARE,DESOBEDIENCIA A SEÑALIZACION,SEÑALIZACION DESOBEDECER SEÑAL PARE,VASCO DE GAMA,HAMBURGO,HAMBURGO - VASCO DE GAMA,0, , ,BIDIRECCIONAL,ASFALTO,BUENO,SECO,DESPEJADO,0,1,0,0,02,022,02201,Antofagasta,El Loa,Calama,Interseccion,"HAMBURGO & VASCO DE GAMA, Calama",-22.454685,-68.937646
-7865798.92929871,-3964612.80932577,6769,2023,1569357,2023/11/03 00:00:00+00,Noviembre,3,Viernes,1899/12/30 00:00:00+00,01:20:00,1,REGION METROPOLITANA,LA CISTERNA,VOLCADURA,VOLCADURA,URBANA,CRUCE CON SEMAFORO FUNCIONANDO,VELOCIDAD IMPRUDENTE,VELOCIDAD NO RAZONABLE NI PRUDENTE,GRAL FREIRE,GRAN AVDA JOSE MIGUEL CARRERA,GRAL FREIRE - GRAN AVDA JOSE MIGUEL CARRERA,0, , ,BIDIRECCIONAL,CONCRETO,BUENO,SECO,DESPEJADO,0,1,0,0,13,131,13109,Metropolitana de Santiago,Santiago,La Cisterna,Interseccion,"GRAL FREIRE & GRAN AVDA JOSE MIGUEL CARRERA, La Cisterna",-33.520617,-70.659674
-8139540.68160678,-4409431.80842627,6770,2023,1569576,2023/11/03 00:00:00+00,Noviembre,3,Viernes,1899/12/30 00:00:00+00,07:30:00,7,REGION BIO BIO,HUALPEN,COLISION,COLISION,URBANA,CRUCE CON SEÑAL PARE,DESOBEDIENCIA A SEÑALIZACION,SEÑALIZACION DESOBEDECER SEÑAL PARE,COSTANERA,FINLANDIA,COSTANERA - FINLANDIA,0, , ,BIDIRECCIONAL CON BANDEJON,CONCRETO,BUENO,SECO,DESPEJADO,0,1,0,0,08,081,08112,Biobío,Concepción,Hualpén,Interseccion,"COSTANERA & FINLANDIA, Hualpén",-36.786806,-73.118738
-7864409.47284387,-3965366.21833421,6771,2023,1569362,2023/11/03 00:00:00+00,Noviembre,3,Viernes,1899/12/30 00:00:00+00,09:00:00,9,REGION METROPOLITANA,LA CISTERNA,COLISION PERPENDICULAR,COLISION,URBANA,CRUCE CON SEMAFORO FUNCIONANDO,DESOBEDIENCIA A SEÑALIZACION,SEÑALIZACION DESOBEDECER LUZ ROJA DE SEMAFORO,SAN FRANCISCO,ELIAS FERNANDEZ ALBANO,ELIAS FERNANDEZ ALBANO - SAN FRANCISCO,0, , ,BIDIRECCIONAL CON BANDEJON,CONCRETO,BUENO,SECO,DESPEJADO,0,0,0,1,13,131,13109,Metropolitana de Santiago,Santiago,La Cisterna,Interseccion,"ELIAS FERNANDEZ ALBANO & SAN FRANCISCO, La Cisterna",-33.526259,-70.647192
-7860838.53278896,-3968067.66169827,6772,2023,1569336,2023/11/03 00:00:00+00,Noviembre,3,Viernes,1899/12/30 00:00:00+00,09:39:00,9,REGION METROPOLITANA,LA GRANJA,COLISION LATERAL,COLISION,URBANA,CRUCE CON SEMAFORO FUNCIONANDO,IMPRUDENCIA DEL CONDUCTOR,ADELANTAMIENTO SIN EL ESPACIO O TIEMPO SUFICIENTE,VICUÑA MACKENNA,CORONEL,CORONEL - VICUÑA MACKENNA,0, , ,BIDIRECCIONAL,ASFALTO,BUENO,SECO,DESPEJADO,1,0,0,0,13,131,13111,Metropolitana de Santiago,Santiago,La Granja,Interseccion,"CORONEL & VICUÑA MACKENNA, La Granja",-33.546487,-70.615114
-7878764.64434988,-3966393.792172,6773,2023,1577195,2023/11/03 00:00:00+00,Noviembre,3,Viernes,1899/12/30 00:00:00+00,12:00:00,12,REGION METROPOLITANA,MAIPU,COLISION LATERAL,COLISION,URBANA,CRUCE CON SEÑAL CEDA EL PASO,DESOBEDIENCIA A SEÑALIZACION,SEÑALIZACION DESOBEDECER SEÑAL CEDA EL PASO,RENE OLIVARES BECERRA,SERGIO SILVA ACUNA,RENE OLIVARES BECERRA - SERGIO SILVA ACUNA,0, , ,UNIDIRECCIONAL,ASFALTO,BUENO,SECO,DESPEJADO,0,0,0,1,13,131,13119,Metropolitana de Santiago,Santiago,Maipú,Interseccion,"RENE OLIVARES BECERRA & SERGIO SILVA ACUNA, Maipú",-33.533954,-70.776147
-7835663.62994606,-2709064.76843643,6774,2023,1569950,2023/11/03 00:00:00+00,Noviembre,3,Viernes,1899/12/30 00:00:00+00,15:30:00,15,REGION ANTOFAGASTA,ANTOFAGASTA,VOLCADURA,VOLCADURA,URBANA,TRAMO DE VIA RECTA,IMPRUDENCIA DEL CONDUCTOR,CONDUCCION NO ATENTO CONDICIONES TRANSITO MOMENTO,ANTONIO RENDIC,RIO DE JANEIRO,ANTONIO RENDIC - RIO DE JANEIRO,0, , ,BIDIRECCIONAL CON BANDEJON,ASFALTO,BUENO,SECO,DESPEJADO,0,0,0,0,02,021,02101,Antofagasta,Antofagasta,Antofagasta,Interseccion,"ANTONIO RENDIC & RIO DE JANEIRO, Antofagasta",-23.635583,-70.388964
-8038329.33452488,-4765831.92209286,6775,2023,1572422,2023/11/03 00:00:00+00,Noviembre,3,Viernes,1899/12/30 00:00:00+00,16:00:00,16,REGION ARAUCANIA,VILLARRICA,COLISION POR ALCANCE,COLISION,URBANA,TRAMO DE VIA RECTA,IMPRUDENCIA DEL CONDUCTOR,VIRAJES INDEBIDOS,SEGUNDA FAJA AL VOLCAN,LOS CORRALES,LOS CORRALES - SEGUNDA FAJA AL VOLCAN,0, , ,BIDIRECCIONAL,CONCRETO,MALO,SECO,DESPEJADO,0,0,0,2,09,091,09120,La Araucanía,Cautín,Villarrica,Interseccion,"LOS CORRALES & SEGUNDA FAJA AL VOLCAN, Villarrica",-39.307621,-72.209541
-7848785.4258215,-3943464.61864471,6776,2023,1570828,2023/11/03 00:00:00+00,Noviembre,3,Viernes,1899/12/30 00:00:00+00,16:00:00,16,REGION METROPOLITANA,LO BARNECHEA,COLISION LATERAL,COLISION,URBANA,TRAMO DE VIA RECTA,IMPRUDENCIA DEL CONDUCTOR,ADELANTAMIENTO SIN EL ESPACIO O TIEMPO SUFICIENTE,RAUL LABBE,1 PONIENTE,1 PONIENTE - RAUL LABBE,0, , ,BIDIRECCIONAL,CONCRETO,BUENO,SECO,DESPEJADO,0,1,0,0,13,131,13115,Metropolitana de Santiago,Santiago,Lo Barnechea,Interseccion,"1 PONIENTE & RAUL LABBE, Lo Barnechea",-33.36209,-70.506839
-7863820.00271088,-3954225.496479,6777,2023,1573291,2023/11/03 00:00:00+00,Noviembre,3,Viernes,1899/12/30 00:00:00+00,17:00:00,17,REGION METROPOLITANA,SANTIAGO,COLISION LATERAL,COLISION,URBANA,TRAMO DE VIA RECTA,IMPRUDENCIA DEL CONDUCTOR,CONDUCCION CAMBIAR SORPRESIVAMENTE PISTA CIRCULACION,QUITO,DIAG PARAGUAY,DIAG PARAGUAY - QUITO,0, , ,UNIDIRECCIONAL,ASFALTO,BUENO,SECO,DESPEJADO,0,0,0,1,13,131,13101,Metropolitana de Santiago,Santiago,Santiago,Interseccion,"DIAG PARAGUAY & QUITO, Santiago",-33.44279,-70.641897
-7847784.52344803,-3944008.02768467,6778,2023,1570838,2023/11/04 00:00:00+00,Noviembre,4,Sábado,1899/12/30 00:00:00+00,06:31:00,6,REGION METROPOLITANA,LO BARNECHEA,COLISION LATERAL,COLISION,URBANA,TRAMO DE VIA RECTA,IMPRUDENCIA DEL CONDUCTOR,NO RESPETAR DERECHO PREFERENTE DE PASO A VEHICULO,LAS CONDES,RIO AMARILLO,LAS CONDES - RIO AMARILLO,0, , ,BIDIRECCIONAL,CONCRETO,BUENO,SECO,DESPEJADO,0,0,1,0,13,131,13115,Metropolitana de Santiago,Santiago,Lo Barnechea,Interseccion,"LAS CONDES & RIO AMARILLO, Lo Barnechea",-33.366167,-70.497848