X,Y,FID,Año,IdAccident,Fecha,Mes,Dia_mes,Dia_semana,Hora,Hora_texto,Hora_aprox,Región,Comuna,Tipo_Accid,Tipo__CONA,Zona,Ubicación,Causa__CON,Causa_Acci,Calle_Uno,Calle_Dos,Intersecci,Número,Ruta,Ubicaci_1,Calzada,Tipo_Calza,Estado_Cal,Condición,Estado_Atm,Fallecidos,Graves,Menos_Grav,Leves,CUT_REG,CUT_PROV,CUT_COM,REGION,PROVINCIA,COMUNA1,Tipo_direc,Direccion,Lat,Lon
-8128856.01426373,-4429354.59390853,6779,2023,1572155,2023/11/04 00:00:00+00,Noviembre,4,Sábado,1899/12/30 00:00:00+00,08:50:00,8,REGION BIO BIO,CHIGUAYANTE,VOLCADURA,VOLCADURA,URBANA,TRAMO DE VIA RECTA,DEFICIENCIAS VIALES,ANIMALES SUELTOS VIA PUBLICA,CENTRAL,CALLE DOS,CALLE DOS - CENTRAL,0, , ,BIDIRECCIONAL,CONCRETO,BUENO,SECO,DESPEJADO,0,0,0,1,08,081,08103,Biobío,Concepción,Chiguayante,Interseccion,"CALLE DOS & CENTRAL, Chiguayante",-36.930003,-73.022756
-7872091.82011326,-4050001.69874544,6780,2023,1569296,2023/11/04 00:00:00+00,Noviembre,4,Sábado,1899/12/30 00:00:00+00,09:30:00,9,REGION LIB.B.O'HIGGINS,RANCAGUA,COLISION PERPENDICULAR,COLISION,URBANA,CRUCE CON SEÑAL PARE,DESOBEDIENCIA A SEÑALIZACION,SEÑALIZACION DESOBEDECER SEÑAL PARE,ANTONIO GARFIAS,LIRCAY,ANTONIO GARFIAS - LIRCAY,0, , ,BIDIRECCIONAL,CONCRETO,BUENO,SECO,DESPEJADO,0,0,0,1,06,061,06101,Libertador General Bernardo O'Higgins,Cachapoal,Rancagua,Interseccion,"ANTONIO GARFIAS & LIRCAY, Rancagua",-34.157735,-70.716204
-7865940.19373253,-4015500.92089661,6781,2023,1570507,2023/11/04 00:00:00+00,Noviembre,4,Sábado,1899/12/30 00:00:00+00,09:35:00,9,REGION METROPOLITANA,PAINE,COLISION POR ALCANCE,COLISION,URBANA,CRUCE SIN SEÑALIZACION,IMPRUDENCIA DEL CONDUCTOR,CONDUCCION NO ATENTO CONDICIONES TRANSITO MOMENTO,LAS LILAS,LA ROMANA,LA ROMANA - LAS LILAS,0, , ,BIDIRECCIONAL,ASFALTO,BUENO,SECO,DESPEJADO,0,1,0,0,13,134,13404,Metropolitana de Santiago,Maipo,Paine,Interseccion,"LA ROMANA & LAS LILAS, Paine",-33.900884,-70.660943
-7893709.14494708,-3979240.56216716,6782,2023,1570707,2023/11/04 00:00:00+00,Noviembre,4,Sábado,1899/12/30 00:00:00+00,10:20:00,10,REGION METROPOLITANA,PEÑAFLOR,COLISION,COLISION,URBANA,TRAMO DE VIA RECTA,IMPRUDENCIA DEL CONDUCTOR,CONDUCCION NO ATENTO CONDICIONES TRANSITO MOMENTO,BERLIN,PEÑAFLOR,BERLIN - PEÑAFLOR,0, , ,BIDIRECCIONAL,ASFALTO,BUENO,SECO,DESPEJADO,0,1,0,0,13,136,13605,Metropolitana de Santiago,Talagante,Peñaflor,Interseccion,"BERLIN & PEÑAFLOR, Peñaflor",-33.630097,-70.910396
-8026557.29838462,-4384869.08635662,6783,2023,1569807,2023/11/04 00:00:00+00,Noviembre,4,Sábado,1899/12/30 00:00:00+00,11:00:00,11,REGION ÑUBLE,CHILLAN,COLISION LATERAL,COLISION,URBANA,TRAMO DE VIA RECTA,IMPRUDENCIA DEL CONDUCTOR,CONDUCCION SIN MANTENER DISTANCIA RAZONABLE NI PRUDENTE,ARGENTINA,MAIPON,ARGENTINA - MAIPON,0, , ,BIDIRECCIONAL CON BANDEJON,CONCRETO,BUENO,SECO,NUBLADO,0,0,0,0,16,161,16101,Ñuble,Diguillín,Chillán,Interseccion,"ARGENTINA & MAIPON, Chillán",-36.60989,-72.103791
-8054546.13531579,-4504291.07617527,6784,2023,1570328,2023/11/04 00:00:00+00,Noviembre,4,Sábado,1899/12/30 00:00:00+00,13:00:00,13,REGION BIO BIO,LOS ANGELES,CHOQUE FRENTE/POSTERIOR,CHOQUE,URBANA,TRAMO DE VIA RECTA,IMPRUDENCIA DEL CONDUCTOR,CONDUCCION NO ATENTO CONDICIONES TRANSITO MOMENTO,TUCAPEL,ERCILLA,ERCILLA - TUCAPEL,0, , ,BIDIRECCIONAL CON BANDEJON,ASFALTO,BUENO,SECO,DESPEJADO,0,0,0,1,08,083,08301,Biobío,Biobío,Los Angeles,Interseccion,"ERCILLA & TUCAPEL, Los Angeles",-37.466209,-72.355219
-7873018.09847533,-3862841.4587691,6785,2023,1569491,2023/11/04 00:00:00+00,Noviembre,4,Sábado,1899/12/30 00:00:00+00,13:00:00,13,REGION VALPARAISO,SAN FELIPE,COLISION LATERAL,COLISION,URBANA,CRUCE CON SEMAFORO FUNCIONANDO,IMPRUDENCIA DEL CONDUCTOR,CONDUCCION NO ATENTO CONDICIONES TRANSITO MOMENTO,BERNARDO O'HIGGINS,PORTUS,BERNARDO O'HIGGINS - PORTUS,0, , ,BIDIRECCIONAL CON BANDEJON,ASFALTO,BUENO,SECO,DESPEJADO,0,0,0,1,05,057,05701,Valparaíso,San Felipe de Aconcagua,San Felipe,Interseccion,"BERNARDO O'HIGGINS & PORTUS, San Felipe",-32.755092,-70.724525
-7954180.60482349,-3900987.86698702,6786,2023,1570912,2023/11/04 00:00:00+00,Noviembre,4,Sábado,1899/12/30 00:00:00+00,14:50:00,14,REGION VALPARAISO,QUILPUE,COLISION POR ALCANCE,COLISION,URBANA,CRUCE SIN SEÑALIZACION,IMPRUDENCIA DEL CONDUCTOR,CONDUCCION NO ATENTO CONDICIONES TRANSITO MOMENTO,CONDELL SUR,INFANTE,CONDELL SUR - INFANTE,0, , ,BIDIRECCIONAL,ASFALTO,BUENO,SECO,DESPEJADO,0,1,0,0,05,058,05801,Valparaíso,Marga Marga,Quilpué,Interseccion,"CONDELL SUR & INFANTE, Quilpué",-33.042812,-71.45362
-7851815.86542119,-3950666.61723446,6787,2023,1571325,2023/11/04 00:00:00+00,Noviembre,4,Sábado,1899/12/30 00:00:00+00,15:30:00,15,REGION METROPOLITANA,LAS CONDES,COLISION LATERAL,COLISION,URBANA,TRAMO DE VIA RECTA,IMPRUDENCIA DEL CONDUCTOR,CONDUCCION NO ATENTO CONDICIONES TRANSITO MOMENTO,NSTRA SRA DEL ROSARIO,NSTRA SRA DEL ROSARIO,NSTRA SRA DEL ROSARIO - NSTRA SRA DEL ROSARIO,0, , ,BIDIRECCIONAL,ASFALTO,BUENO,SECO,DESPEJADO,0,0,0,1,13,131,13114,Metropolitana de Santiago,Santiago,Las Condes,Interseccion,"NSTRA SRA DEL ROSARIO & NSTRA SRA DEL ROSARIO, Las Condes",-33.416109,-70.534062
-8136619.10157091,-4419409.89136038,6788,2023,1571512,2023/11/04 00:00:00+00,Noviembre,4,Sábado,1899/12/30 00:00:00+00,16:10:00,16,REGION BIO BIO,SAN PEDRO DE LA PAZ,CHOQUE FRENTE/LADO,CHOQUE,URBANA,CRUCE CON SEMAFORO FUNCIONANDO,IMPRUDENCIA DEL CONDUCTOR,CONDUCCION NO ATENTO CONDICIONES TRANSITO MOMENTO,CAMINO EL VENADO,ANDALUE,ANDALUE - CAMINO EL VENADO,0, , ,BIDIRECCIONAL,ASFALTO,BUENO,SECO,DESPEJADO,0,0,0,1,08,081,08108,Biobío,Concepción,San Pedro de la Paz,Interseccion,"ANDALUE & CAMINO EL VENADO, San Pedro de la Paz",-36.858558,-73.092493
-7859153.20020389,-3872626.99705179,6789,2023,1569562,2023/11/04 00:00:00+00,Noviembre,4,Sábado,1899/12/30 00:00:00+00,18:30:00,18,REGION VALPARAISO,LOS ANDES,COLISION POR ALCANCE,COLISION,URBANA,ROTONDA,DESOBEDIENCIA A SEÑALIZACION,SEÑALIZACION DESOBEDECER SEÑAL PARE,CARLOS DIAZ,ARGENTINA,ARGENTINA - CARLOS DIAZ,0, , ,BIDIRECCIONAL CON BANDEJON,ASFALTO,BUENO,SECO,NUBLADO,0,0,0,0,05,053,05301,Valparaíso,Los Andes,Los Andes,Interseccion,"ARGENTINA & CARLOS DIAZ, Los Andes",-32.828989,-70.599974
-8135806.3600837,-4416740.79271237,6790,2023,1571521,2023/11/04 00:00:00+00,Noviembre,4,Sábado,1899/12/30 00:00:00+00,19:35:00,19,REGION BIO BIO,SAN PEDRO DE LA PAZ,COLISION LATERAL,COLISION,URBANA,CRUCE CON SEMAFORO FUNCIONANDO,DESOBEDIENCIA A SEÑALIZACION,SEÑALIZACION DESOBEDECER LUZ ROJA DE SEMAFORO,SAN PEDRO,PEDRO AGUIRRE CERDA,PEDRO AGUIRRE CERDA - SAN PEDRO,0, , ,BIDIRECCIONAL,CONCRETO,BUENO,SECO,DESPEJADO,0,0,0,2,08,081,08108,Biobío,Concepción,San Pedro de la Paz,Interseccion,"PEDRO AGUIRRE CERDA & SAN PEDRO, San Pedro de la Paz",-36.839371,-73.085192
-7806064.81259313,-2298942.38208301,6791,2023,1573194,2023/11/04 00:00:00+00,Noviembre,4,Sábado,1899/12/30 00:00:00+00,20:35:00,20,REGION TARAPACA,ALTO HOSPICIO,COLISION,COLISION,URBANA,TRAMO DE VIA RECTA,IMPRUDENCIA DEL CONDUCTOR,CONDUCCION SIN MANTENER DISTANCIA RAZONABLE NI PRUDENTE,CERRO ESMERALDA,LOS GUINDALES,CERRO ESMERALDA - LOS GUINDALES,0, , ,UNIDIRECCIONAL,ASFALTO,BUENO,SECO,DESPEJADO,0,1,0,0,01,011,01107,Tarapacá,Iquique,Alto Hospicio,Interseccion,"CERRO ESMERALDA & LOS GUINDALES, Alto Hospicio",-20.218577,-70.123073
-7854841.64050044,-3947923.07460579,6792,2023,1571318,2023/11/04 00:00:00+00,Noviembre,4,Sábado,1899/12/30 00:00:00+00,22:15:00,22,REGION METROPOLITANA,LAS CONDES,COLISION LATERAL,COLISION,URBANA,CRUCE CON SEMAFORO FUNCIONANDO,IMPRUDENCIA DEL CONDUCTOR,CONDUCCION NO ATENTO CONDICIONES TRANSITO MOMENTO,HNOS CABOT,GERONIMO DE ALDERETE,GERONIMO DE ALDERETE - HNOS CABOT,0, , ,BIDIRECCIONAL,ASFALTO,BUENO,SECO,DESPEJADO,0,0,0,0,13,131,13114,Metropolitana de Santiago,Santiago,Las Condes,Interseccion,"GERONIMO DE ALDERETE & HNOS CABOT, Las Condes",-33.395535,-70.561243
-8144415.36210862,-4437081.54673996,6793,2023,1572858,2023/11/04 00:00:00+00,Noviembre,4,Sábado,1899/12/30 00:00:00+00,23:35:00,23,REGION BIO BIO,CORONEL,COLISION,COLISION,URBANA,TRAMO DE VIA RECTA,IMPRUDENCIA DEL CONDUCTOR,CONDUCCION NO ATENTO CONDICIONES TRANSITO MOMENTO,LOS ROBLES,LOS NOTROS,LOS NOTROS - LOS ROBLES,0, , ,BIDIRECCIONAL,ASFALTO,BUENO,SECO,DESPEJADO,0,0,0,1,08,081,08102,Biobío,Concepción,Coronel,Interseccion,"LOS NOTROS & LOS ROBLES, Coronel",-36.985469,-73.162528
-7874463.25922562,-3943809.91110432,6794,2023,1569858,2023/11/05 00:00:00+00,Noviembre,5,Domingo,1899/12/30 00:00:00+00,03:00:00,3,REGION METROPOLITANA,QUILICURA,COLISION FRONTAL,COLISION,URBANA,CRUCE CON SEÑAL PARE,IMPRUDENCIA DEL CONDUCTOR,CONDUCCION NO ATENTO CONDICIONES TRANSITO MOMENTO,VOLCAN LICANCABUR,GRAL SAN MARTIN,GRAL SAN MARTIN - VOLCAN LICANCABUR,0, , ,BIDIRECCIONAL,ASFALTO,BUENO,SECO,DESPEJADO,0,0,0,1,13,131,13125,Metropolitana de Santiago,Santiago,Quilicura,Interseccion,"GRAL SAN MARTIN & VOLCAN LICANCABUR, Quilicura",-33.364681,-70.737507
-7898654.08670475,-3874288.53591924,6795,2023,1570174,2023/11/05 00:00:00+00,Noviembre,5,Domingo,1899/12/30 00:00:00+00,13:56:00,13,REGION VALPARAISO,LLAY LLAY,CHOQUE POSTERIOR/FRENTE,CHOQUE,URBANA,TRAMO DE VIA RECTA,IMPRUDENCIA DEL CONDUCTOR,CONDUCCION NO ATENTO CONDICIONES TRANSITO MOMENTO,SAN FRANCISCO,JOSE MANUEL BALMACEDA,JOSE MANUEL BALMACEDA - SAN FRANCISCO,0, , ,BIDIRECCIONAL,ASFALTO,BUENO,SECO,DESPEJADO,0,1,0,0,05,057,05703,Valparaíso,San Felipe de Aconcagua,Llaillay,Interseccion,"JOSE MANUEL BALMACEDA & SAN FRANCISCO, Llaillay",-32.84153,-70.954817
-7898654.08670475,-3874288.53591924,6796,2023,1569704,2023/11/05 00:00:00+00,Noviembre,5,Domingo,1899/12/30 00:00:00+00,14:30:00,14,REGION VALPARAISO,LLAY LLAY,CHOQUE POSTERIOR/FRENTE,CHOQUE,URBANA,TRAMO DE VIA RECTA,IMPRUDENCIA DEL CONDUCTOR,CONDUCCION NO ATENTO CONDICIONES TRANSITO MOMENTO,SAN FRANCISCO,JOSE MANUEL BALMACEDA,JOSE MANUEL BALMACEDA - SAN FRANCISCO,0, , ,BIDIRECCIONAL,ASFALTO,BUENO,SECO,DESPEJADO,0,1,0,0,05,057,05703,Valparaíso,San Felipe de Aconcagua,Llaillay,Interseccion,"JOSE MANUEL BALMACEDA & SAN FRANCISCO, Llaillay",-32.84153,-70.954817
-7929169.88719775,-4159902.5489165,6797,2023,1569855,2023/11/05 00:00:00+00,Noviembre,5,Domingo,1899/12/30 00:00:00+00,14:40:00,14,REGION MAULE,CURICO,VOLCADURA,VOLCADURA,URBANA,CRUCE CON SEMAFORO FUNCIONANDO,FALLAS MECANICAS,FALLAS MECANICAS MOTOR,CIRCUNVALACION PAUL HARRIS,MARCELO PILOTO OXILIA,CIRCUNVALACION PAUL HARRIS - MARCELO PILOTO OXILIA,0, , ,UNIDIRECCIONAL,CONCRETO,BUENO,SECO,NUBLADO,0,0,0,2,07,073,07301,Maule,Curicó,Curicó,Interseccion,"CIRCUNVALACION PAUL HARRIS & MARCELO PILOTO OXILIA, Curicó",-34.970718,-71.228945
-7865607.12581607,-3968835.42837266,6798,2023,1574100,2023/11/05 00:00:00+00,Noviembre,5,Domingo,1899/12/30 00:00:00+00,15:30:00,15,REGION METROPOLITANA,EL BOSQUE,COLISION LATERAL,COLISION,URBANA,CRUCE CON SEÑAL PARE,DESOBEDIENCIA A SEÑALIZACION,SEÑALIZACION DESOBEDECER SEÑAL PARE,BAQUEDANO,1 SUR,1 SUR - BAQUEDANO,0, , ,BIDIRECCIONAL,CONCRETO,BUENO,SECO,DESPEJADO,0,0,0,1,13,131,13105,Metropolitana de Santiago,Santiago,El Bosque,Interseccion,"1 SUR & BAQUEDANO, El Bosque",-33.552235,-70.657951
-7902724.71758975,-4105946.57284947,6799,2023,1570566,2023/11/05 00:00:00+00,Noviembre,5,Domingo,1899/12/30 00:00:00+00,15:40:00,15,REGION LIB.B.O'HIGGINS,SAN FERNANDO,COLISION LATERAL,COLISION,URBANA,CRUCE CON SEÑAL PARE,DESOBEDIENCIA A SEÑALIZACION,SEÑALIZACION DESOBEDECER SEÑAL PARE,PEDRO GISBERT,NINCUNLAUTA,NINCUNLAUTA - PEDRO GISBERT,0, , ,BIDIRECCIONAL,ASFALTO,BUENO,SECO,DESPEJADO,0,0,0,1,06,063,06301,Libertador General Bernardo O'Higgins,Colchagua,San Fernando,Interseccion,"NINCUNLAUTA & PEDRO GISBERT, San Fernando",-34.572576,-70.991384
-7837057.48357645,-2699881.40790125,6800,2023,1571762,2023/11/05 00:00:00+00,Noviembre,5,Domingo,1899/12/30 00:00:00+00,21:20:00,21,REGION ANTOFAGASTA,ANTOFAGASTA,COLISION POR ALCANCE,COLISION,URBANA,CRUCE CON SEMAFORO FUNCIONANDO,ALCOHOL EN CONDUCTOR,CONDUCCION EN ESTADO DE EBRIEDAD,EDMUNDO PEREZ ZUJOVIC,OFICINA AUSONIA,EDMUNDO PEREZ ZUJOVIC - OFICINA AUSONIA,0, , ,BIDIRECCIONAL CON BANDEJON,ASFALTO,BUENO,SECO,DESPEJADO,0,0,0,1,02,021,02101,Antofagasta,Antofagasta,Antofagasta,Interseccion,"EDMUNDO PEREZ ZUJOVIC & OFICINA AUSONIA, Antofagasta",-23.559986,-70.401485
-7871091.05789102,-3952846.01915129,6801,2023,1571114,2023/11/05 00:00:00+00,Noviembre,5,Domingo,1899/12/30 00:00:00+00,21:20:00,21,REGION METROPOLITANA,QUINTA NORMAL,COLISION FRONTAL,COLISION,URBANA,TRAMO DE VIA RECTA,DESOBEDIENCIA A SEÑALIZACION,SEÑALIZACION DESOBEDECER LUZ ROJA DE SEMAFORO,SERGIO VALDOVINOS,JOSE JOAQUIN PEREZ,JOSE JOAQUIN PEREZ - SERGIO VALDOVINOS,0, , ,BIDIRECCIONAL,MIXTO,BUENO,SECO,DESPEJADO,0,0,1,0,13,131,13126,Metropolitana de Santiago,Santiago,Quinta Normal,Interseccion,"JOSE JOAQUIN PEREZ & SERGIO VALDOVINOS, Quinta Normal",-33.432449,-70.707214
-7872865.37925478,-3954411.86725454,6802,2023,1570220,2023/11/06 00:00:00+00,Noviembre,6,Lunes,1899/12/30 00:00:00+00,00:10:00,0,REGION METROPOLITANA,LO PRADO,COLISION PERPENDICULAR,COLISION,URBANA,CRUCE CON SEMAFORO APAGADO,IMPRUDENCIA DEL CONDUCTOR,CONDUCCION NO ATENTO CONDICIONES TRANSITO MOMENTO,SAN PABLO,NEPTUNO,NEPTUNO - SAN PABLO,0, , ,BIDIRECCIONAL,ASFALTO,BUENO,SECO,DESPEJADO,0,0,0,0,13,131,13117,Metropolitana de Santiago,Santiago,Lo Prado,Interseccion,"NEPTUNO & SAN PABLO, Lo Prado",-33.444187,-70.723153
-7861011.60129036,-3873061.7152989,6803,2023,1569762,2023/11/06 00:00:00+00,Noviembre,6,Lunes,1899/12/30 00:00:00+00,03:45:00,3,REGION VALPARAISO,LOS ANDES,VOLCADURA,VOLCADURA,URBANA,CRUCE SIN SEÑALIZACION,ALCOHOL EN CONDUCTOR,CONDUCCION EN ESTADO DE EBRIEDAD,ESMERALDA,PEDRO AGUIRRE CERDA,ESMERALDA - PEDRO AGUIRRE CERDA,0, , ,BIDIRECCIONAL,ASFALTO,BUENO,SECO,DESPEJADO,0,0,0,1,05,053,05301,Valparaíso,Los Andes,Los Andes,Interseccion,"ESMERALDA & PEDRO AGUIRRE CERDA, Los Andes",-32.83227,-70.616669
-7969468.32204569,-4277904.51407699,6804,2023,1573248,2023/11/06 00:00:00+00,Noviembre,6,Lunes,1899/12/30 00:00:00+00,10:15:00,10,REGION MAULE,LINARES,COLISION FRONTAL,COLISION,URBANA,CRUCE CON SEÑAL PARE,DESOBEDIENCIA A SEÑALIZACION,SEÑALIZACION DESOBEDECER SEÑAL PARE,MANUEL RODRIGUEZ,EL BOSQUE,EL BOSQUE - MANUEL RODRIGUEZ,0, , ,UNIDIRECCIONAL,CONCRETO,BUENO,SECO,DESPEJADO,0,0,0,0,07,074,07401,Maule,Linares,Linares,Interseccion,"EL BOSQUE & MANUEL RODRIGUEZ, Linares",-35.834732,-71.590952
-7827211.797784,-2094093.98067968,6805,2023,1570736,2023/11/06 00:00:00+00,Noviembre,6,Lunes,1899/12/30 00:00:00+00,13:45:00,13,REGION ARICA Y PARINACOTA,ARICA,COLISION LATERAL,COLISION,URBANA,ROTONDA,IMPRUDENCIA DEL CONDUCTOR,NO RESPETAR DERECHO PREFERENTE DE PASO A VEHICULO,DOCTOR JUAN NOE,GENERAL VELASQUEZ,DOCTOR JUAN NOE - GENERAL VELASQUEZ,0, , ,UNIDIRECCIONAL,ASFALTO,BUENO,SECO,DESPEJADO,0,0,0,0,15,151,15101,Arica y Parinacota,Arica,Arica,Interseccion,"DOCTOR JUAN NOE & GENERAL VELASQUEZ, Arica",-18.482428,-70.31304
-7837203.32328587,-2710835.17366999,6806,2023,1570281,2023/11/06 00:00:00+00,Noviembre,6,Lunes,1899/12/30 00:00:00+00,13:50:00,13,REGION ANTOFAGASTA,ANTOFAGASTA,COLISION,COLISION,URBANA,TRAMO DE VIA RECTA,OTRAS CAUSAS,HECHO DELICTUAL,GRECIA,PUERTO NUEVO,GRECIA - PUERTO NUEVO,0, , ,BIDIRECCIONAL,ASFALTO,BUENO,SECO,DESPEJADO,0,0,0,2,02,021,02101,Antofagasta,Antofagasta,Antofagasta,Interseccion,"GRECIA & PUERTO NUEVO, Antofagasta",-23.650152,-70.402795
-7876541.92807721,-3963649.85494872,6807,2023,1570020,2023/11/06 00:00:00+00,Noviembre,6,Lunes,1899/12/30 00:00:00+00,14:10:00,14,REGION METROPOLITANA,MAIPU,VOLCADURA,VOLCADURA,URBANA,TRAMO DE VIA RECTA,IMPRUDENCIA DEL CONDUCTOR,CONDUCCION NO ATENTO CONDICIONES TRANSITO MOMENTO,BELARMINO OSORIO,LOS PAJARITOS,BELARMINO OSORIO - LOS PAJARITOS,0, , ,UNIDIRECCIONAL,ASFALTO,BUENO,SECO,DESPEJADO,0,0,0,0,13,131,13119,Metropolitana de Santiago,Santiago,Maipú,Interseccion,"BELARMINO OSORIO & LOS PAJARITOS, Maipú",-33.513405,-70.75618
-7861573.35274769,-3951663.96948102,6808,2023,1570053,2023/11/06 00:00:00+00,Noviembre,6,Lunes,1899/12/30 00:00:00+00,15:00:00,15,REGION METROPOLITANA,PROVIDENCIA,COLISION FRONTAL,COLISION,URBANA,TRAMO DE VIA RECTA,IMPRUDENCIA DEL CONDUCTOR,ADELANTAMIENTO SIN EL ESPACIO O TIEMPO SUFICIENTE,COST NORTE,STA MARIA,COST NORTE - STA MARIA,0, , ,UNIDIRECCIONAL,ASFALTO,REGULAR,SECO,DESPEJADO,0,0,0,0,13,131,13123,Metropolitana de Santiago,Santiago,Providencia,Interseccion,"COST NORTE & STA MARIA, Providencia",-33.423587,-70.621715
-8090507.11758013,-4735751.96046322,6809,2023,1570617,2023/11/06 00:00:00+00,Noviembre,6,Lunes,1899/12/30 00:00:00+00,16:00:00,16,REGION ARAUCANIA,GORBEA,COLISION,COLISION,URBANA,CRUCE CON SEÑAL CEDA EL PASO,DESOBEDIENCIA A SEÑALIZACION,SEÑALIZACION DESOBEDECER SEÑAL CEDA EL PASO,DARIO SALAS,MANUEL BULNES,DARIO SALAS - MANUEL BULNES,0, , ,BIDIRECCIONAL,ASFALTO,BUENO,SECO,DESPEJADO,0,0,0,1,09,091,09107,La Araucanía,Cautín,Gorbea,Interseccion,"DARIO SALAS & MANUEL BULNES, Gorbea",-39.09823,-72.678262
-7876380.26576046,-4052696.87383962,6810,2023,1569730,2023/11/06 00:00:00+00,Noviembre,6,Lunes,1899/12/30 00:00:00+00,18:45:00,18,REGION LIB.B.O'HIGGINS,RANCAGUA,COLISION FRONTAL,COLISION,URBANA,CRUCE CON SEÑAL PARE,IMPRUDENCIA DEL CONDUCTOR,NO RESPETAR DERECHO PREFERENTE DE PASO A VEHICULO,EL MOLINO,SANTA FILOMENA,EL MOLINO - SANTA FILOMENA,0, , ,BIDIRECCIONAL,CONCRETO,BUENO,SECO,DESPEJADO,0,0,0,1,06,061,06101,Libertador General Bernardo O'Higgins,Cachapoal,Rancagua,Interseccion,"EL MOLINO & SANTA FILOMENA, Rancagua",-34.177767,-70.754728
-7868107.91817675,-3953124.54266802,6811,2023,1570583,2023/11/06 00:00:00+00,Noviembre,6,Lunes,1899/12/30 00:00:00+00,19:00:00,19,REGION METROPOLITANA,QUINTA NORMAL,COLISION LATERAL,COLISION,URBANA,CRUCE CON SEMAFORO FUNCIONANDO,IMPRUDENCIA DEL CONDUCTOR,CONDUCCION NO ATENTO CONDICIONES TRANSITO MOMENTO,MARTINEZ DE ROZAS,MATUCANA,MARTINEZ DE ROZAS - MATUCANA,0, , ,UNIDIRECCIONAL,ASFALTO,REGULAR,SECO,DESPEJADO,0,0,0,0,13,131,13126,Metropolitana de Santiago,Santiago,Quinta Normal,Interseccion,"MARTINEZ DE ROZAS & MATUCANA, Quinta Normal",-33.434537,-70.680416
-7868530.38677626,-3975090.47631884,6812,2023,1571666,2023/11/06 00:00:00+00,Noviembre,6,Lunes,1899/12/30 00:00:00+00,19:45:00,19,REGION METROPOLITANA,SAN BERNARDO,COLISION PERPENDICULAR,COLISION,URBANA,CRUCE CON SEÑAL PARE,IMPRUDENCIA DEL CONDUCTOR,CONDUCCION NO ATENTO CONDICIONES TRANSITO MOMENTO,CENTRAL,DUCAUD,CENTRAL - DUCAUD,0, , ,BIDIRECCIONAL,ASFALTO,BUENO,SECO,DESPEJADO,0,0,0,0,13,134,13401,Metropolitana de Santiago,Maipo,San Bernardo,Interseccion,"CENTRAL & DUCAUD, San Bernardo",-33.59905,-70.684211
-7984949.74632495,-4258741.03501296,6813,2023,1570759,2023/11/07 00:00:00+00,Noviembre,7,Martes,1899/12/30 00:00:00+00,07:30:00,7,REGION MAULE,VILLA ALEGRE,VOLCADURA,VOLCADURA,URBANA,TRAMO DE VIA RECTA,VELOCIDAD IMPRUDENTE,VELOCIDAD NO RAZONABLE NI PRUDENTE,CERTENEJAS,ALBERTO EL PEDREGAL,ALBERTO EL PEDREGAL - CERTENEJAS,0, , ,UNIDIRECCIONAL,ASFALTO,BUENO,MOJADO,NUBLADO,0,1,0,0,07,074,07407,Maule,Linares,Villa Alegre,Interseccion,"ALBERTO EL PEDREGAL & CERTENEJAS, Villa Alegre",-35.695047,-71.730024
-8025655.05388948,-4385699.52721579,6814,2023,1570477,2023/11/07 00:00:00+00,Noviembre,7,Martes,1899/12/30 00:00:00+00,08:45:00,8,REGION ÑUBLE,CHILLAN,COLISION PERPENDICULAR,COLISION,URBANA,CRUCE CON SEÑAL PARE,DESOBEDIENCIA A SEÑALIZACION,SEÑALIZACION DESOBEDECER SEÑAL PARE,PASAJE SUR,ARGENTINA,ARGENTINA - PASAJE SUR,0, , ,UNIDIRECCIONAL,CONCRETO,BUENO,SECO,NUBLADO,0,0,0,0,16,161,16101,Ñuble,Diguillín,Chillán,Interseccion,"ARGENTINA & PASAJE SUR, Chillán",-36.615878,-72.095686
-8082274.03937168,-4685221.25857867,6815,2023,1570672,2023/11/07 00:00:00+00,Noviembre,7,Martes,1899/12/30 00:00:00+00,08:55:00,8,REGION ARAUCANIA,TEMUCO,COLISION PERPENDICULAR,COLISION,URBANA,TRAMO DE VIA RECTA,IMPRUDENCIA DEL CONDUCTOR,CONDUCCION NO ATENTO CONDICIONES TRANSITO MOMENTO,LAS QUILAS,LAS LILAS,LAS LILAS - LAS QUILAS,0, , ,UNIDIRECCIONAL,CONCRETO,BUENO,SECO,DESPEJADO,0,1,0,0,09,091,09101,La Araucanía,Cautín,Temuco,Interseccion,"LAS LILAS & LAS QUILAS, Temuco",-38.745075,-72.604303
-7856536.47974777,-3946799.65509761,6816,2023,1572802,2023/11/07 00:00:00+00,Noviembre,7,Martes,1899/12/30 00:00:00+00,14:30:00,14,REGION METROPOLITANA,VITACURA,COLISION LATERAL,COLISION,URBANA,TRAMO DE VIA RECTA,IMPRUDENCIA DEL CONDUCTOR,CONDUCCION SIN MANTENER DISTANCIA RAZONABLE NI PRUDENTE,MANQUEHUE NORTE,LUIS PASTEUR,LUIS PASTEUR - MANQUEHUE NORTE,0, , ,BIDIRECCIONAL CON BANDEJON,ASFALTO,BUENO,SECO,DESPEJADO,0,0,0,1,13,131,13132,Metropolitana de Santiago,Santiago,Vitacura,Interseccion,"LUIS PASTEUR & MANQUEHUE NORTE, Vitacura",-33.387109,-70.576468