X,Y,FID,Año,IdAccident,Fecha,Mes,Dia_mes,Dia_semana,Hora,Hora_texto,Hora_aprox,Región,Comuna,Tipo_Accid,Tipo__CONA,Zona,Ubicación,Causa__CON,Causa_Acci,Calle_Uno,Calle_Dos,Intersecci,Número,Ruta,Ubicaci_1,Calzada,Tipo_Calza,Estado_Cal,Condición,Estado_Atm,Fallecidos,Graves,Menos_Grav,Leves,CUT_REG,CUT_PROV,CUT_COM,REGION,PROVINCIA,COMUNA1,Tipo_direc,Direccion,Lat,Lon
-7960810.11467964,-3898845.95566938,6817,2023,1572316,2023/11/07 00:00:00+00,Noviembre,7,Martes,1899/12/30 00:00:00+00,16:10:00,16,REGION VALPARAISO,VIÑA DEL MAR,CHOQUE FRENTE/POSTERIOR,CHOQUE,URBANA,TRAMO DE VIA RECTA,IMPRUDENCIA DEL CONDUCTOR,CONDUCCION NO ATENTO CONDICIONES TRANSITO MOMENTO,CIRCUNVALACION,DEL AVELLANO,CIRCUNVALACION - DEL AVELLANO,0, , ,BIDIRECCIONAL,CONCRETO,BUENO,SECO,DESPEJADO,0,0,0,0,05,051,05109,Valparaíso,Valparaíso,Viña del Mar,Interseccion,"CIRCUNVALACION & DEL AVELLANO, Viña del Mar",-33.026681,-71.513174
-7852632.72784463,-3956255.59214289,6818,2023,1570805,2023/11/07 00:00:00+00,Noviembre,7,Martes,1899/12/30 00:00:00+00,16:30:00,16,REGION METROPOLITANA,LA REINA,COLISION LATERAL,COLISION,URBANA,TRAMO DE VIA RECTA,IMPRUDENCIA DEL CONDUCTOR,CONDUCCION CAMBIAR SORPRESIVAMENTE PISTA CIRCULACION,LARRAIN,LOS TORNEROS,LARRAIN - LOS TORNEROS,0, , ,BIDIRECCIONAL,CONCRETO,BUENO,SECO,DESPEJADO,0,0,0,0,13,131,13113,Metropolitana de Santiago,Santiago,La Reina,Interseccion,"LARRAIN & LOS TORNEROS, La Reina",-33.458006,-70.5414
-7857011.36863983,-3964262.70765301,6819,2023,1578584,2023/11/07 00:00:00+00,Noviembre,7,Martes,1899/12/30 00:00:00+00,18:00:00,18,REGION METROPOLITANA,LA FLORIDA,COLISION LATERAL,COLISION,URBANA,CRUCE CON SEMAFORO FUNCIONANDO,IMPRUDENCIA DEL CONDUCTOR,CONDUCCION NO ATENTO CONDICIONES TRANSITO MOMENTO,LA FLORIDA,LOS ARALIOS,LA FLORIDA - LOS ARALIOS,0, , ,UNIDIRECCIONAL,ASFALTO,BUENO,SECO,DESPEJADO,0,0,0,2,13,131,13110,Metropolitana de Santiago,Santiago,La Florida,Interseccion,"LA FLORIDA & LOS ARALIOS, La Florida",-33.517995,-70.580734
-7852979.41012367,-3948585.19122222,6820,2023,1572353,2023/11/08 00:00:00+00,Noviembre,8,Miércoles,1899/12/30 00:00:00+00,07:00:00,7,REGION METROPOLITANA,LAS CONDES,COLISION LATERAL,COLISION,URBANA,CRUCE CON SEMAFORO FUNCIONANDO,IMPRUDENCIA DEL CONDUCTOR,CONDUCCION NO ATENTO CONDICIONES TRANSITO MOMENTO,PADRE HURTADO CENTRAL,LAS CONDES,LAS CONDES - PADRE HURTADO CENTRAL,0, , ,BIDIRECCIONAL,ASFALTO,BUENO,SECO,DESPEJADO,0,0,0,1,13,131,13114,Metropolitana de Santiago,Santiago,Las Condes,Interseccion,"LAS CONDES & PADRE HURTADO CENTRAL, Las Condes",-33.400501,-70.544514
-7874540.51495223,-3944699.23539606,6821,2023,1570466,2023/11/08 00:00:00+00,Noviembre,8,Miércoles,1899/12/30 00:00:00+00,07:20:00,7,REGION METROPOLITANA,QUILICURA,COLISION LATERAL,COLISION,URBANA,TRAMO DE VIA RECTA,IMPRUDENCIA DEL CONDUCTOR,CONDUCCION CAMBIAR SORPRESIVAMENTE PISTA CIRCULACION,AMERICO VESPUCIO,GRAL SAN MARTIN,AMERICO VESPUCIO - GRAL SAN MARTIN,0, , ,BIDIRECCIONAL,ASFALTO,REGULAR,SECO,DESPEJADO,0,1,0,0,13,131,13125,Metropolitana de Santiago,Santiago,Quilicura,Interseccion,"AMERICO VESPUCIO & GRAL SAN MARTIN, Quilicura",-33.371353,-70.738201
-7862736.19614852,-3969646.12681231,6822,2023,1570524,2023/11/08 00:00:00+00,Noviembre,8,Miércoles,1899/12/30 00:00:00+00,07:30:00,7,REGION METROPOLITANA,LA PINTANA,COLISION FRONTAL,COLISION,URBANA,CRUCE SIN SEÑALIZACION,IMPRUDENCIA DEL CONDUCTOR,CONDUCCION NO ATENTO CONDICIONES TRANSITO MOMENTO,VIOLETA PARRA,LAS VIOLETAS,LAS VIOLETAS - VIOLETA PARRA,0, , ,BIDIRECCIONAL,CONCRETO,BUENO,SECO,DESPEJADO,0,2,0,0,13,131,13112,Metropolitana de Santiago,Santiago,La Pintana,Interseccion,"LAS VIOLETAS & VIOLETA PARRA, La Pintana",-33.558304,-70.632161
-8082909.78497247,-4683827.18109643,6823,2023,1570702,2023/11/08 00:00:00+00,Noviembre,8,Miércoles,1899/12/30 00:00:00+00,11:00:00,11,REGION ARAUCANIA,TEMUCO,ATROPELLO,ATROPELLO,URBANA,TRAMO DE VIA RECTA,IMPRUDENCIA DEL PEATON,PEATON CRUZA CALZADA FUERA PASO PEATONES,ALEMANIA,SENADOR ESTEBANEZ,ALEMANIA - SENADOR ESTEBANEZ,0, , ,BIDIRECCIONAL CON BANDEJON,ASFALTO,BUENO,SECO,DESPEJADO,0,0,0,2,09,091,09101,La Araucanía,Cautín,Temuco,Interseccion,"ALEMANIA & SENADOR ESTEBANEZ, Temuco",-38.735307,-72.610014
-7856645.28488748,-3949332.95345458,6824,2023,1571327,2023/11/08 00:00:00+00,Noviembre,8,Miércoles,1899/12/30 00:00:00+00,11:50:00,11,REGION METROPOLITANA,LAS CONDES,COLISION LATERAL,COLISION,URBANA,TRAMO DE VIA RECTA,IMPRUDENCIA DEL CONDUCTOR,CONDUCCION NO ATENTO CONDICIONES TRANSITO MOMENTO,ALONSO DE CORDOVA,PIO XI,ALONSO DE CORDOVA - PIO XI,0, , ,BIDIRECCIONAL CON BANDEJON,ASFALTO,BUENO,SECO,DESPEJADO,0,0,0,1,13,131,13114,Metropolitana de Santiago,Santiago,Las Condes,Interseccion,"ALONSO DE CORDOVA & PIO XI, Las Condes",-33.406108,-70.577445
-7859642.07090192,-3954542.0751034,6825,2023,1576350,2023/11/08 00:00:00+00,Noviembre,8,Miércoles,1899/12/30 00:00:00+00,11:55:00,11,REGION METROPOLITANA,ÑUÑOA,COLISION,COLISION,URBANA,CRUCE CON SEMAFORO FUNCIONANDO,DESOBEDIENCIA A SEÑALIZACION,SEÑALIZACION DESOBEDECER LUZ ROJA DE SEMAFORO,VILLASECA,DR PEDRO LAUTARO FERRER,DR PEDRO LAUTARO FERRER - VILLASECA,0, , ,BIDIRECCIONAL,CONCRETO,BUENO,SECO,DESPEJADO,0,0,1,0,13,131,13120,Metropolitana de Santiago,Santiago,Ñuñoa,Interseccion,"DR PEDRO LAUTARO FERRER & VILLASECA, Ñuñoa",-33.445163,-70.604366
-7873127.26951108,-3862799.80298424,6826,2023,1572321,2023/11/08 00:00:00+00,Noviembre,8,Miércoles,1899/12/30 00:00:00+00,15:10:00,15,REGION VALPARAISO,SAN FELIPE,COLISION,COLISION,URBANA,TRAMO DE VIA RECTA,IMPRUDENCIA DEL CONDUCTOR,CONDUCCION NO ATENTO CONDICIONES TRANSITO MOMENTO,BERNARDO O'HIGGINS,YUNGAY,BERNARDO O'HIGGINS - YUNGAY,0, , ,BIDIRECCIONAL,CONCRETO,BUENO,SECO,DESPEJADO,0,0,0,1,05,057,05701,Valparaíso,San Felipe de Aconcagua,San Felipe,Interseccion,"BERNARDO O'HIGGINS & YUNGAY, San Felipe",-32.754777,-70.725506
-7859298.53895333,-3958364.64855981,6827,2023,1570075,2023/11/08 00:00:00+00,Noviembre,8,Miércoles,1899/12/30 00:00:00+00,15:40:00,15,REGION METROPOLITANA,MACUL,COLISION FRONTAL,COLISION,URBANA,CRUCE CON SEMAFORO FUNCIONANDO,DESOBEDIENCIA A SEÑALIZACION,SEÑALIZACION DESOBEDECER LUZ ROJA DE SEMAFORO,RODRIGO DE ARAYA,EXEQUIEL FERNANDEZ,EXEQUIEL FERNANDEZ - RODRIGO DE ARAYA,0, , ,BIDIRECCIONAL,CONCRETO,BUENO,SECO,DESPEJADO,0,0,0,1,13,131,13118,Metropolitana de Santiago,Santiago,Macul,Interseccion,"EXEQUIEL FERNANDEZ & RODRIGO DE ARAYA, Macul",-33.473811,-70.60128
-7881991.01715154,-3972040.75154779,6828,2023,1571404,2023/11/08 00:00:00+00,Noviembre,8,Miércoles,1899/12/30 00:00:00+00,16:20:00,16,REGION METROPOLITANA,PADRE HURTADO,COLISION LATERAL,COLISION,URBANA,TRAMO DE VIA RECTA,IMPRUDENCIA DEL CONDUCTOR,CONDUCCION CONTRA SENTIDO DEL TRANSITO,RIO ÑUBLE,ANTHONY GAUDI,ANTHONY GAUDI - RIO ÑUBLE,0, , ,BIDIRECCIONAL,ASFALTO,BUENO,SECO,DESPEJADO,0,0,0,1,13,136,13604,Metropolitana de Santiago,Talagante,Padre Hurtado,Interseccion,"ANTHONY GAUDI & RIO ÑUBLE, Padre Hurtado",-33.576228,-70.80513
-7872024.24918234,-3943798.58172342,6829,2023,1570475,2023/11/08 00:00:00+00,Noviembre,8,Miércoles,1899/12/30 00:00:00+00,16:30:00,16,REGION METROPOLITANA,QUILICURA,COLISION FRONTAL,COLISION,URBANA,ROTONDA,IMPRUDENCIA DEL CONDUCTOR,CONDUCCION NO ATENTO CONDICIONES TRANSITO MOMENTO,LAS TORRES,PIEDRA ROJA,LAS TORRES - PIEDRA ROJA,0, , ,BIDIRECCIONAL,ASFALTO,BUENO,SECO,DESPEJADO,0,0,0,0,13,131,13125,Metropolitana de Santiago,Santiago,Quilicura,Interseccion,"LAS TORRES & PIEDRA ROJA, Quilicura",-33.364596,-70.715597
-8151628.08587559,-4841293.79558598,6830,2023,1572151,2023/11/08 00:00:00+00,Noviembre,8,Miércoles,1899/12/30 00:00:00+00,18:00:00,18,REGION DE LOS RIOS,VALDIVIA,COLISION POR ALCANCE,COLISION,URBANA,CRUCE CON SEÑAL CEDA EL PASO,IMPRUDENCIA DEL CONDUCTOR,CONDUCCION NO ATENTO CONDICIONES TRANSITO MOMENTO,ANGEL MUÑOZ,SIMPSON,ANGEL MUÑOZ - SIMPSON,0, , ,BIDIRECCIONAL,ASFALTO,BUENO,SECO,DESPEJADO,0,0,0,0,14,141,14101,Los Ríos,Valdivia,Valdivia,Interseccion,"ANGEL MUÑOZ & SIMPSON, Valdivia",-39.830171,-73.227321
-8116098.13273527,-5080814.00474922,6831,2023,1573643,2023/11/08 00:00:00+00,Noviembre,8,Miércoles,1899/12/30 00:00:00+00,20:00:00,20,REGION LOS LAGOS,PUERTO MONTT,COLISION PERPENDICULAR,COLISION,URBANA,CRUCE CON SEÑAL CEDA EL PASO,DESOBEDIENCIA A SEÑALIZACION,SEÑALIZACION DESOBEDECER SEÑAL CEDA EL PASO,CUARTA TERRAZA,LOS LIMONEROS,CUARTA TERRAZA - LOS LIMONEROS,0, , ,BIDIRECCIONAL CON BANDEJON,CONCRETO,BUENO,SECO,NUBLADO,0,0,1,0,10,101,10101,Los Lagos,Llanquihue,Puerto Montt,Interseccion,"CUARTA TERRAZA & LOS LIMONEROS, Puerto Montt",-41.462584,-72.90815
-7861972.2104832,-3947676.40896256,6832,2023,1573183,2023/11/08 00:00:00+00,Noviembre,8,Miércoles,1899/12/30 00:00:00+00,21:00:00,21,REGION METROPOLITANA,HUECHURABA,COLISION,COLISION,URBANA,TRAMO DE VIA RECTA,IMPRUDENCIA DEL CONDUCTOR,CONDUCCION NO ATENTO CONDICIONES TRANSITO MOMENTO,AMERICO VESPUCIO,EL SALTO,AMERICO VESPUCIO - EL SALTO,0, , ,BIDIRECCIONAL,ASFALTO,BUENO,SECO,DESPEJADO,0,1,0,1,13,131,13107,Metropolitana de Santiago,Santiago,Huechuraba,Interseccion,"AMERICO VESPUCIO & EL SALTO, Huechuraba",-33.393685,-70.625298
-7862999.57806373,-3966890.19811922,6833,2023,1578539,2023/11/09 00:00:00+00,Noviembre,9,Jueves,1899/12/30 00:00:00+00,01:30:00,1,REGION METROPOLITANA,SAN RAMON,COLISION,COLISION,URBANA,CRUCE CON SEMAFORO FUNCIONANDO,DESOBEDIENCIA A SEÑALIZACION,SEÑALIZACION DESOBEDECER LUZ ROJA DE SEMAFORO,STA ROSA,ARGENTINA,ARGENTINA - STA ROSA,0, , ,BIDIRECCIONAL,ASFALTO,BUENO,SECO,DESPEJADO,0,1,0,0,13,131,13131,Metropolitana de Santiago,Santiago,San Ramón,Interseccion,"ARGENTINA & STA ROSA, San Ramón",-33.537671,-70.634527
-7868246.73358177,-3966101.06022417,6834,2023,1570981,2023/11/09 00:00:00+00,Noviembre,9,Jueves,1899/12/30 00:00:00+00,07:00:00,7,REGION METROPOLITANA,LA CISTERNA,CHOQUE FRENTE/POSTERIOR,CHOQUE,URBANA,CRUCE CON SEÑAL CEDA EL PASO,IMPRUDENCIA DEL CONDUCTOR,CONDUCCION SIN MANTENER DISTANCIA RAZONABLE NI PRUDENTE,JOSE JOAQUIN PRIETO VIAL,AMERICO VESPUCIO,AMERICO VESPUCIO - JOSE JOAQUIN PRIETO VIAL,0, , ,UNIDIRECCIONAL,CONCRETO,BUENO,SECO,DESPEJADO,0,0,0,0,13,131,13109,Metropolitana de Santiago,Santiago,La Cisterna,Interseccion,"AMERICO VESPUCIO & JOSE JOAQUIN PRIETO VIAL, La Cisterna",-33.531762,-70.681663
-7874147.22319126,-4051335.60117463,6835,2023,1571370,2023/11/09 00:00:00+00,Noviembre,9,Jueves,1899/12/30 00:00:00+00,07:40:00,7,REGION LIB.B.O'HIGGINS,RANCAGUA,COLISION POR ALCANCE,COLISION,URBANA,CRUCE CON SEMAFORO FUNCIONANDO,IMPRUDENCIA DEL CONDUCTOR,CONDUCCION NO ATENTO CONDICIONES TRANSITO MOMENTO,FREIRE,CACERES,CACERES - FREIRE,0, , ,BIDIRECCIONAL CON BANDEJON,CONCRETO,BUENO,SECO,DESPEJADO,0,0,1,0,06,061,06101,Libertador General Bernardo O'Higgins,Cachapoal,Rancagua,Interseccion,"CACERES & FREIRE, Rancagua",-34.16765,-70.734668
-8139165.86888128,-4416550.9023515,6836,2023,1571464,2023/11/09 00:00:00+00,Noviembre,9,Jueves,1899/12/30 00:00:00+00,07:50:00,7,REGION BIO BIO,SAN PEDRO DE LA PAZ,COLISION LATERAL,COLISION,URBANA,TRAMO DE VIA RECTA,DESOBEDIENCIA A SEÑALIZACION,SEÑALIZACION DESOBEDECER OTRA,PEDRO AGUIRRE CERDA,LOS AVELLANOS,LOS AVELLANOS - PEDRO AGUIRRE CERDA,0, , ,UNIDIRECCIONAL,CONCRETO,BUENO,SECO,DESPEJADO,0,0,1,1,08,081,08108,Biobío,Concepción,San Pedro de la Paz,Interseccion,"LOS AVELLANOS & PEDRO AGUIRRE CERDA, San Pedro de la Paz",-36.838006,-73.115371
-7862388.10010081,-3968436.31155576,6837,2023,1571851,2023/11/09 00:00:00+00,Noviembre,9,Jueves,1899/12/30 00:00:00+00,08:25:00,8,REGION METROPOLITANA,LA GRANJA,COLISION POR ALCANCE,COLISION,URBANA,TRAMO DE VIA RECTA,IMPRUDENCIA DEL CONDUCTOR,CONDUCCION NO ATENTO CONDICIONES TRANSITO MOMENTO,LAS UVAS Y EL VIENTO,PADRE ALDO GIACHI,LAS UVAS Y EL VIENTO - PADRE ALDO GIACHI,0, , ,BIDIRECCIONAL,ASFALTO,BUENO,SECO,DESPEJADO,0,0,0,0,13,131,13111,Metropolitana de Santiago,Santiago,La Granja,Interseccion,"LAS UVAS Y EL VIENTO & PADRE ALDO GIACHI, La Granja",-33.549247,-70.629034
-7806663.4999911,-2303002.47795685,6838,2023,1571508,2023/11/09 00:00:00+00,Noviembre,9,Jueves,1899/12/30 00:00:00+00,11:00:00,11,REGION TARAPACA,IQUIQUE,COLISION LATERAL,COLISION,URBANA,TRAMO DE VIA RECTA,DESOBEDIENCIA A SEÑALIZACION,SEÑALIZACION DESOBEDECER SEÑAL PARE,RAMON PEREZ OPAZO,CERRO DRAGON,CERRO DRAGON - RAMON PEREZ OPAZO,0, , ,BIDIRECCIONAL CON BANDEJON,ASFALTO,BUENO,SECO,DESPEJADO,0,0,0,1,01,011,01101,Tarapacá,Iquique,Iquique,Interseccion,"CERRO DRAGON & RAMON PEREZ OPAZO, Iquique",-20.252798,-70.128451
-7959016.20114117,-3751187.92437616,6839,2023,1574192,2023/11/09 00:00:00+00,Noviembre,9,Jueves,1899/12/30 00:00:00+00,11:45:00,11,REGION COQUIMBO,LOS VILOS,COLISION,COLISION,URBANA,TRAMO DE VIA RECTA,IMPRUDENCIA DEL CONDUCTOR,CONDUCCION NO ATENTO CONDICIONES TRANSITO MOMENTO,MIRAMAR,1 NORTE,1 NORTE - MIRAMAR,0, , ,UNIDIRECCIONAL,CONCRETO,BUENO,SECO,DESPEJADO,0,0,0,2,04,042,04203,Coquimbo,Choapa,Los Vilos,Interseccion,"1 NORTE & MIRAMAR, Los Vilos",-31.907601,-71.497059
-7858414.21690734,-3951007.97199174,6840,2023,1572804,2023/11/09 00:00:00+00,Noviembre,9,Jueves,1899/12/30 00:00:00+00,13:30:00,13,REGION METROPOLITANA,LAS CONDES,COLISION LATERAL,COLISION,URBANA,CRUCE CON SEÑAL PARE,DESOBEDIENCIA A SEÑALIZACION,SEÑALIZACION DESOBEDECER SEÑAL PARE,CALLAO,ENRIQUE FOSTER SUR,CALLAO - ENRIQUE FOSTER SUR,0, , ,UNIDIRECCIONAL,ASFALTO,BUENO,SECO,DESPEJADO,0,0,0,0,13,131,13114,Metropolitana de Santiago,Santiago,Las Condes,Interseccion,"CALLAO & ENRIQUE FOSTER SUR, Las Condes",-33.418669,-70.593336
-7824635.04102507,-2093133.21929179,6841,2023,1571046,2023/11/09 00:00:00+00,Noviembre,9,Jueves,1899/12/30 00:00:00+00,13:57:00,13,REGION ARICA Y PARINACOTA,ARICA,COLISION POR ALCANCE,COLISION,URBANA,CRUCE CON SEÑAL CEDA EL PASO,IMPRUDENCIA DEL CONDUCTOR,CONDUCCION SIN MANTENER DISTANCIA RAZONABLE NI PRUDENTE,TUCAPEL,LOA,LOA - TUCAPEL,0, , ,BIDIRECCIONAL CON BANDEJON,ASFALTO,BUENO,SECO,DESPEJADO,0,0,0,2,15,151,15101,Arica y Parinacota,Arica,Arica,Interseccion,"LOA & TUCAPEL, Arica",-18.474243,-70.289893
-8063433.99478022,-4655427.6596815,6842,2023,1574341,2023/11/09 00:00:00+00,Noviembre,9,Jueves,1899/12/30 00:00:00+00,17:21:00,17,REGION ARAUCANIA,LAUTARO,CHOQUE FRENTE/POSTERIOR,CHOQUE,URBANA,TRAMO DE VIA RECTA,IMPRUDENCIA DEL CONDUCTOR,CONDUCCION NO ATENTO CONDICIONES TRANSITO MOMENTO,MANUEL ANTONIO MATTA,CRISTOBAL COLON,CRISTOBAL COLON - MANUEL ANTONIO MATTA,0, , ,UNIDIRECCIONAL,CONCRETO,BUENO,SECO,DESPEJADO,0,0,0,1,09,091,09108,La Araucanía,Cautín,Lautaro,Interseccion,"CRISTOBAL COLON & MANUEL ANTONIO MATTA, Lautaro",-38.536027,-72.43506
-8077206.77608398,-4452215.75161451,6843,2023,1573481,2023/11/09 00:00:00+00,Noviembre,9,Jueves,1899/12/30 00:00:00+00,18:40:00,18,REGION BIO BIO,YUMBEL,VOLCADURA,VOLCADURA,URBANA,CRUCE CON SEÑAL CEDA EL PASO,IMPRUDENCIA DEL CONDUCTOR,CONDUCCION NO ATENTO CONDICIONES TRANSITO MOMENTO,GOYCOLEA,PEDRO CAMPOS MENCHACA,GOYCOLEA - PEDRO CAMPOS MENCHACA,0, , ,BIDIRECCIONAL,ASFALTO,BUENO,SECO,DESPEJADO,0,1,0,0,08,083,08313,Biobío,Biobío,Yumbel,Interseccion,"GOYCOLEA & PEDRO CAMPOS MENCHACA, Yumbel",-37.093989,-72.558783
-8051264.77068568,-4508289.43284885,6844,2023,1574690,2023/11/09 00:00:00+00,Noviembre,9,Jueves,1899/12/30 00:00:00+00,19:10:00,19,REGION BIO BIO,LOS ANGELES,COLISION LATERAL,COLISION,URBANA,CRUCE CON SEÑAL CEDA EL PASO,IMPRUDENCIA DEL CONDUCTOR,CONDUCCION NO ATENTO CONDICIONES TRANSITO MOMENTO,LAS INDUSTRIAS,LA FRONTERA,LA FRONTERA - LAS INDUSTRIAS,0, , ,BIDIRECCIONAL,ASFALTO,BUENO,SECO,DESPEJADO,0,0,0,1,08,083,08301,Biobío,Biobío,Los Angeles,Interseccion,"LA FRONTERA & LAS INDUSTRIAS, Los Angeles",-37.494712,-72.325742
-7875575.22961916,-3951210.09553899,6845,2023,1570972,2023/11/10 00:00:00+00,Noviembre,10,Viernes,1899/12/30 00:00:00+00,03:00:00,3,REGION METROPOLITANA,CERRO NAVIA,COLISION,COLISION,URBANA,CRUCE CON SEMAFORO FUNCIONANDO,DESOBEDIENCIA A SEÑALIZACION,SEÑALIZACION DESOBEDECER LUZ ROJA DE SEMAFORO,ROLANDO PETERSEN,COST SUR,COST SUR - ROLANDO PETERSEN,0, , ,BIDIRECCIONAL,ASFALTO,BUENO,SECO,DESPEJADO,1,0,0,0,13,131,13103,Metropolitana de Santiago,Santiago,Cerro Navia,Interseccion,"COST SUR & ROLANDO PETERSEN, Cerro Navia",-33.420184,-70.747496
-7866258.45615671,-3961167.80022815,6846,2023,1572000,2023/11/10 00:00:00+00,Noviembre,10,Viernes,1899/12/30 00:00:00+00,11:24:00,11,REGION METROPOLITANA,LA CISTERNA,COLISION POR ALCANCE,COLISION,URBANA,TRAMO DE VIA RECTA,IMPRUDENCIA DEL CONDUCTOR,CONDUCCION NO ATENTO CONDICIONES TRANSITO MOMENTO,JOSE JOAQUIN PRIETO VIAL,LA MARINA,JOSE JOAQUIN PRIETO VIAL - LA MARINA,0, , ,BIDIRECCIONAL,CONCRETO,BUENO,SECO,DESPEJADO,0,0,0,0,13,131,13109,Metropolitana de Santiago,Santiago,La Cisterna,Interseccion,"JOSE JOAQUIN PRIETO VIAL & LA MARINA, La Cisterna",-33.494813,-70.663802
-7863559.96038039,-3956182.4726298,6847,2023,1574322,2023/11/10 00:00:00+00,Noviembre,10,Viernes,1899/12/30 00:00:00+00,12:37:00,12,REGION METROPOLITANA,SANTIAGO,COLISION POR ALCANCE,COLISION,URBANA,TRAMO DE VIA RECTA,IMPRUDENCIA DEL CONDUCTOR,CONDUCCION NO ATENTO CONDICIONES TRANSITO MOMENTO,MANUEL ANTONIO MATTA,CARMEN,CARMEN - MANUEL ANTONIO MATTA,0, , ,UNIDIRECCIONAL,ASFALTO,BUENO,SECO,DESPEJADO,0,0,0,0,13,131,13101,Metropolitana de Santiago,Santiago,Santiago,Interseccion,"CARMEN & MANUEL ANTONIO MATTA, Santiago",-33.457458,-70.639561
-7861190.30237987,-3965454.59228349,6848,2023,1571861,2023/11/10 00:00:00+00,Noviembre,10,Viernes,1899/12/30 00:00:00+00,13:10:00,13,REGION METROPOLITANA,LA GRANJA,COLISION LATERAL,COLISION,URBANA,CRUCE CON SEÑAL PARE,DESOBEDIENCIA A SEÑALIZACION,SEÑALIZACION DESOBEDECER SEÑAL CEDA EL PASO,LINARES,LIRQUEN,LINARES - LIRQUEN,0, , ,BIDIRECCIONAL,ASFALTO,BUENO,SECO,DESPEJADO,0,0,0,0,13,131,13111,Metropolitana de Santiago,Santiago,La Granja,Interseccion,"LINARES & LIRQUEN, La Granja",-33.526921,-70.618274
-8009033.82942191,-4472614.79590071,6849,2023,1577957,2023/11/10 00:00:00+00,Noviembre,10,Viernes,1899/12/30 00:00:00+00,17:20:00,17,REGION BIO BIO,TUCAPEL,COLISION LATERAL,COLISION,URBANA,CRUCE CON SEÑAL PARE,IMPRUDENCIA DEL CONDUCTOR,NO RESPETAR DERECHO PREFERENTE DE PASO A VEHICULO,SAN GUILLERMO,SAN DIEGO,SAN DIEGO - SAN GUILLERMO,0, , ,BIDIRECCIONAL,ASFALTO,BUENO,SECO,DESPEJADO,0,0,1,0,08,083,08312,Biobío,Biobío,Tucapel,Interseccion,"SAN DIEGO & SAN GUILLERMO, Tucapel",-37.240015,-71.946375
-8074231.5401092,-4521140.99549967,6850,2023,1573389,2023/11/10 00:00:00+00,Noviembre,10,Viernes,1899/12/30 00:00:00+00,17:45:00,17,REGION BIO BIO,NEGRETE,VOLCADURA,VOLCADURA,URBANA,TRAMO DE VIA RECTA,IMPRUDENCIA DEL CONDUCTOR,CONDUCCION NO ATENTO CONDICIONES TRANSITO MOMENTO,LAS ARAUCARIAS,LOS ALERCES,LAS ARAUCARIAS - LOS ALERCES,0, , ,BIDIRECCIONAL,CONCRETO,BUENO,SECO,DESPEJADO,0,0,0,1,08,083,08307,Biobío,Biobío,Negrete,Interseccion,"LAS ARAUCARIAS & LOS ALERCES, Negrete",-37.586253,-72.532056
-7863477.13651964,-3970499.64566304,6851,2023,1571560,2023/11/10 00:00:00+00,Noviembre,10,Viernes,1899/12/30 00:00:00+00,18:30:00,18,REGION METROPOLITANA,LA PINTANA,COLISION PERPENDICULAR,COLISION,URBANA,CRUCE SIN SEÑALIZACION,IMPRUDENCIA DEL CONDUCTOR,CONDUCCION NO ATENTO CONDICIONES TRANSITO MOMENTO,PEDRO AGUIRRE CERDA,OBSERVATORIO,OBSERVATORIO - PEDRO AGUIRRE CERDA,0, , ,BIDIRECCIONAL CON BANDEJON,ASFALTO,BUENO,MOJADO,LLUVIA,0,0,0,1,13,131,13112,Metropolitana de Santiago,Santiago,La Pintana,Interseccion,"OBSERVATORIO & PEDRO AGUIRRE CERDA, La Pintana",-33.564693,-70.638817
-7862349.16054293,-3973288.1065499,6852,2023,1571552,2023/11/10 00:00:00+00,Noviembre,10,Viernes,1899/12/30 00:00:00+00,20:30:00,20,REGION METROPOLITANA,LA PINTANA,COLISION LATERAL,COLISION,URBANA,CRUCE CON SEÑAL PARE,IMPRUDENCIA DEL CONDUCTOR,CONDUCCION NO ATENTO CONDICIONES TRANSITO MOMENTO,EL BOSQUE,GRAL FRANCISCO FRANCO,EL BOSQUE - GRAL FRANCISCO FRANCO,0, , ,BIDIRECCIONAL,ASFALTO,BUENO,MOJADO,LLUVIA,0,0,0,0,13,131,13112,Metropolitana de Santiago,Santiago,La Pintana,Interseccion,"EL BOSQUE & GRAL FRANCISCO FRANCO, La Pintana",-33.585563,-70.628684
-7867004.74202299,-3942229.50272954,6853,2023,1574645,2023/11/10 00:00:00+00,Noviembre,10,Viernes,1899/12/30 00:00:00+00,21:50:00,21,REGION METROPOLITANA,HUECHURABA,COLISION,COLISION,URBANA,CRUCE CON SEMAFORO FUNCIONANDO,IMPRUDENCIA DEL CONDUCTOR,CONDUCCION NO ATENTO CONDICIONES TRANSITO MOMENTO,PEDRO FONTOVA,GUANACO NORTE,GUANACO NORTE - PEDRO FONTOVA,0, , ,BIDIRECCIONAL,ASFALTO,BUENO,SECO,DESPEJADO,0,0,0,0,13,131,13107,Metropolitana de Santiago,Santiago,Huechuraba,Interseccion,"GUANACO NORTE & PEDRO FONTOVA, Huechuraba",-33.352823,-70.670506