X,Y,FID,Año,IdAccident,Fecha,Mes,Dia_mes,Dia_semana,Hora,Hora_texto,Hora_aprox,Región,Comuna,Tipo_Accid,Tipo__CONA,Zona,Ubicación,Causa__CON,Causa_Acci,Calle_Uno,Calle_Dos,Intersecci,Número,Ruta,Ubicaci_1,Calzada,Tipo_Calza,Estado_Cal,Condición,Estado_Atm,Fallecidos,Graves,Menos_Grav,Leves,CUT_REG,CUT_PROV,CUT_COM,REGION,PROVINCIA,COMUNA1,Tipo_direc,Direccion,Lat,Lon
-8123165.80715007,-5083418.83405141,6854,2023,1571925,2023/11/10 00:00:00+00,Noviembre,10,Viernes,1899/12/30 00:00:00+00,23:10:00,23,REGION LOS LAGOS,PUERTO MONTT,CHOQUE FRONTAL,CHOQUE,URBANA,TRAMO DE VIA RECTA,DROGAS Y/O FATIGA EN CONDUCTOR,CONDUCCION BAJO INFLUENCIA DE DROGAS O ESTUPEFACIENTES,LOS NOTROS,LAS DALIAS,LAS DALIAS - LOS NOTROS,0, , ,BIDIRECCIONAL,CONCRETO,BUENO,MOJADO,LLOVIZNA,0,0,0,1,10,101,10101,Los Lagos,Llanquihue,Puerto Montt,Interseccion,"LAS DALIAS & LOS NOTROS, Puerto Montt",-41.480117,-72.97164
-8014628.63570969,-4081129.01739201,6855,2023,1572521,2023/11/11 00:00:00+00,Noviembre,11,Sábado,1899/12/30 00:00:00+00,00:30:00,0,REGION LIB.B.O'HIGGINS,PICHILEMU,VOLCADURA,VOLCADURA,URBANA,TRAMO DE VIA RECTA,ALCOHOL EN CONDUCTOR,CONDUCCION EN ESTADO DE EBRIEDAD,CAHUIL,MONSEÑOR ARRATIA,CAHUIL - MONSEÑOR ARRATIA,0, , ,BIDIRECCIONAL,ASFALTO,BUENO,HUMEDO,NUBLADO,0,0,0,1,06,062,06201,Libertador General Bernardo O'Higgins,Cardenal Caro,Pichilemu,Interseccion,"CAHUIL & MONSEÑOR ARRATIA, Pichilemu",-34.388803,-71.996634
-8132789.26580966,-4415221.55057195,6856,2023,1571628,2023/11/11 00:00:00+00,Noviembre,11,Sábado,1899/12/30 00:00:00+00,02:14:00,2,REGION BIO BIO,CONCEPCION,CHOQUE,CHOQUE,URBANA,TRAMO DE VIA RECTA,DESOBEDIENCIA A SEÑALIZACION,SEÑALIZACION DESOBEDECER LUZ ROJA DE SEMAFORO,SERRANO,FREIRE,FREIRE - SERRANO,0, , ,BIDIRECCIONAL CON BANDEJON,CONCRETO,BUENO,SECO,NUBLADO,0,0,0,0,08,081,08101,Biobío,Concepción,Concepción,Interseccion,"FREIRE & SERRANO, Concepción",-36.828448,-73.058089
-7852650.98424112,-3958079.45976164,6857,2023,1572496,2023/11/11 00:00:00+00,Noviembre,11,Sábado,1899/12/30 00:00:00+00,08:15:00,8,REGION METROPOLITANA,PEÑALOLEN,CHOQUE LADO/POSTERIOR,CHOQUE,URBANA,CRUCE CON SEMAFORO FUNCIONANDO,DROGAS Y/O FATIGA EN CONDUCTOR,"CONDICIONES FISICAS DEFICIENTES (CANSANCIO, SUEÑO)",CONSISTORIAL,LAS PARCELAS,CONSISTORIAL - LAS PARCELAS,0, , ,BIDIRECCIONAL,CONCRETO,BUENO,SECO,DESPEJADO,0,0,0,0,13,131,13122,Metropolitana de Santiago,Santiago,Peñalolén,Interseccion,"CONSISTORIAL & LAS PARCELAS, Peñalolén",-33.471674,-70.541564
-7871963.80269884,-3939746.70522145,6858,2023,1570991,2023/11/11 00:00:00+00,Noviembre,11,Sábado,1899/12/30 00:00:00+00,09:20:00,9,REGION METROPOLITANA,QUILICURA,COLISION LATERAL,COLISION,URBANA,TRAMO DE VIA RECTA,IMPRUDENCIA DEL CONDUCTOR,ADELANTAMIENTO SIN EL ESPACIO O TIEMPO SUFICIENTE,SAN IGNACIO,PDTE EDUARDO FREI MONTALVA,PDTE EDUARDO FREI MONTALVA - SAN IGNACIO,0, , ,BIDIRECCIONAL CON BANDEJON,ASFALTO,BUENO,SECO,NUBLADO,0,0,0,0,13,131,13125,Metropolitana de Santiago,Santiago,Quilicura,Interseccion,"PDTE EDUARDO FREI MONTALVA & SAN IGNACIO, Quilicura",-33.334191,-70.715054
-7863648.79333404,-3951561.53619359,6859,2023,1573535,2023/11/11 00:00:00+00,Noviembre,11,Sábado,1899/12/30 00:00:00+00,09:30:00,9,REGION METROPOLITANA,RECOLETA,COLISION POR ALCANCE,COLISION,URBANA,CRUCE CON SEMAFORO FUNCIONANDO,ALCOHOL EN CONDUCTOR,CONDUCCION EN ESTADO DE EBRIEDAD,PERU,SANTOS DUMONT,PERU - SANTOS DUMONT,0, , ,BIDIRECCIONAL,ASFALTO,BUENO,SECO,DESPEJADO,0,0,0,1,13,131,13127,Metropolitana de Santiago,Santiago,Recoleta,Interseccion,"PERU & SANTOS DUMONT, Recoleta",-33.422819,-70.640359
-7969985.06712195,-4279979.62227934,6860,2023,1573314,2023/11/11 00:00:00+00,Noviembre,11,Sábado,1899/12/30 00:00:00+00,10:40:00,10,REGION MAULE,LINARES,COLISION POR ALCANCE,COLISION,URBANA,CRUCE CON SEÑAL CEDA EL PASO,IMPRUDENCIA DEL CONDUCTOR,CONDUCCION SIN MANTENER DISTANCIA RAZONABLE NI PRUDENTE,LAUTARO,VALENTIN LETELIER,LAUTARO - VALENTIN LETELIER,0, , ,UNIDIRECCIONAL,CONCRETO,BUENO,MOJADO,LLUVIA,0,0,0,1,07,074,07401,Maule,Linares,Linares,Interseccion,"LAUTARO & VALENTIN LETELIER, Linares",-35.849843,-71.595594
-7863491.83285202,-3953266.60824945,6861,2023,1573713,2023/11/11 00:00:00+00,Noviembre,11,Sábado,1899/12/30 00:00:00+00,11:00:00,11,REGION METROPOLITANA,SANTIAGO,COLISION LATERAL,COLISION,URBANA,CRUCE CON SEMAFORO FUNCIONANDO,IMPRUDENCIA DEL CONDUCTOR,CONDUCCION NO ATENTO CONDICIONES TRANSITO MOMENTO,CARD JOSE MARIA CARO,PURISIMA,CARD JOSE MARIA CARO - PURISIMA,0, , ,UNIDIRECCIONAL,ASFALTO,BUENO,SECO,DESPEJADO,0,0,0,1,13,131,13101,Metropolitana de Santiago,Santiago,Santiago,Interseccion,"CARD JOSE MARIA CARO & PURISIMA, Santiago",-33.435602,-70.638949
-7915320.74056746,-3874182.69865807,6862,2023,1570989,2023/11/11 00:00:00+00,Noviembre,11,Sábado,1899/12/30 00:00:00+00,11:00:00,11,REGION VALPARAISO,HIJUELAS,CHOQUE FRENTE/LADO,CHOQUE,URBANA,TRAMO DE VIA RECTA,IMPRUDENCIA DEL CONDUCTOR,NO RESPETAR DERECHO PREFERENTE DE PASO A VEHICULO,MANUEL RODRIGUEZ,FERNANDO SOLIS,FERNANDO SOLIS - MANUEL RODRIGUEZ,0, , ,BIDIRECCIONAL,ASFALTO,BUENO,SECO,DESPEJADO,0,1,0,0,05,055,05503,Valparaíso,Quillota,Hijuelas,Interseccion,"FERNANDO SOLIS & MANUEL RODRIGUEZ, Hijuelas",-32.840731,-71.104536
-7873736.34295074,-3954554.61569077,6863,2023,1573663,2023/11/11 00:00:00+00,Noviembre,11,Sábado,1899/12/30 00:00:00+00,13:00:00,13,REGION METROPOLITANA,LO PRADO,ATROPELLO,ATROPELLO,URBANA,CRUCE SIN SEÑALIZACION,IMPRUDENCIA DEL CONDUCTOR,CONDUCIR VEHICULO EN RETROCESO,LAS TORRES,YENDEGALA,LAS TORRES - YENDEGALA,0, , ,BIDIRECCIONAL,ASFALTO,BUENO,MOJADO,LLUVIA,0,0,0,1,13,131,13117,Metropolitana de Santiago,Santiago,Lo Prado,Interseccion,"LAS TORRES & YENDEGALA, Lo Prado",-33.445257,-70.730977
-7862899.62429295,-3949346.98467481,6864,2023,1573538,2023/11/11 00:00:00+00,Noviembre,11,Sábado,1899/12/30 00:00:00+00,17:15:00,17,REGION METROPOLITANA,RECOLETA,CHOQUE FRENTE/POSTERIOR,CHOQUE,URBANA,CRUCE CON SEÑAL PARE,IMPRUDENCIA DEL CONDUCTOR,CONDUCCION SIN MANTENER DISTANCIA RAZONABLE NI PRUDENTE,PERU,DESIDERIO LEMUS,DESIDERIO LEMUS - PERU,0, , ,BIDIRECCIONAL,ASFALTO,BUENO,SECO,DESPEJADO,0,0,0,1,13,131,13127,Metropolitana de Santiago,Santiago,Recoleta,Interseccion,"DESIDERIO LEMUS & PERU, Recoleta",-33.406214,-70.633629
-7672814.05752296,-2566628.23291956,6865,2023,1572363,2023/11/11 00:00:00+00,Noviembre,11,Sábado,1899/12/30 00:00:00+00,17:45:00,17,REGION ANTOFAGASTA,CALAMA,COLISION FRONTAL,COLISION,URBANA,CRUCE CON SEMAFORO FUNCIONANDO,IMPRUDENCIA DEL CONDUCTOR,CONDUCCION NO ATENTO CONDICIONES TRANSITO MOMENTO,LATORRE,FELIX HOYOS,FELIX HOYOS - LATORRE,0, , ,UNIDIRECCIONAL,ASFALTO,BUENO,SECO,DESPEJADO,0,0,0,0,02,022,02201,Antofagasta,El Loa,Calama,Interseccion,"FELIX HOYOS & LATORRE, Calama",-22.458208,-68.926061
-7919891.9641374,-3868295.44895404,6866,2023,1571040,2023/11/11 00:00:00+00,Noviembre,11,Sábado,1899/12/30 00:00:00+00,19:00:00,19,REGION VALPARAISO,HIJUELAS,OTRO TIPO,OTRO TIPO,URBANA,TRAMO DE VIA RECTA,OTRAS CAUSAS,OTRAS CAUSAS,COPIAPO,ARICA,ARICA - COPIAPO,0, , ,BIDIRECCIONAL,ASFALTO,BUENO,SECO,DESPEJADO,0,0,0,1,05,055,05503,Valparaíso,Quillota,Hijuelas,Interseccion,"ARICA & COPIAPO, Hijuelas",-32.796286,-71.1456
-8080792.37693809,-4684554.30973372,6867,2023,1571818,2023/11/11 00:00:00+00,Noviembre,11,Sábado,1899/12/30 00:00:00+00,19:20:00,19,REGION ARAUCANIA,TEMUCO,COLISION LATERAL,COLISION,URBANA,TRAMO DE VIA RECTA,IMPRUDENCIA DEL CONDUCTOR,CONDUCCION CAMBIAR SORPRESIVAMENTE PISTA CIRCULACION,ANTONIO VARAS,ARTURO PRAT,ANTONIO VARAS - ARTURO PRAT,0, , ,UNIDIRECCIONAL,CONCRETO,BUENO,SECO,DESPEJADO,0,0,0,1,09,091,09101,La Araucanía,Cautín,Temuco,Interseccion,"ANTONIO VARAS & ARTURO PRAT, Temuco",-38.740402,-72.590993
-7859012.89313995,-3964889.34642021,6868,2023,1572524,2023/11/11 00:00:00+00,Noviembre,11,Sábado,1899/12/30 00:00:00+00,19:40:00,19,REGION METROPOLITANA,LA FLORIDA,COLISION,COLISION,URBANA,CRUCE SIN SEÑALIZACION,IMPRUDENCIA DEL CONDUCTOR,CONDUCCION CONTRA SENTIDO DEL TRANSITO,MILLARAY,GUACOLDA,GUACOLDA - MILLARAY,0, , ,BIDIRECCIONAL,ASFALTO,BUENO,SECO,DESPEJADO,0,0,0,0,13,131,13110,Metropolitana de Santiago,Santiago,La Florida,Interseccion,"GUACOLDA & MILLARAY, La Florida",-33.522688,-70.598714
-7879668.22465664,-3970267.17985083,6869,2023,1577278,2023/11/11 00:00:00+00,Noviembre,11,Sábado,1899/12/30 00:00:00+00,20:20:00,20,REGION METROPOLITANA,MAIPU,COLISION LATERAL,COLISION,URBANA,CRUCE CON SEÑAL PARE,IMPRUDENCIA DEL CONDUCTOR,CONDUCCION CAMBIAR SORPRESIVAMENTE PISTA CIRCULACION,PARQUE CENTRAL PONIENTE,EUCALIPTUS,EUCALIPTUS - PARQUE CENTRAL PONIENTE,0, , ,UNIDIRECCIONAL,CONCRETO,BUENO,SECO,DESPEJADO,0,0,0,1,13,131,13119,Metropolitana de Santiago,Santiago,Maipú,Interseccion,"EUCALIPTUS & PARQUE CENTRAL PONIENTE, Maipú",-33.562953,-70.784264
-7932889.63910342,-3880086.41812912,6870,2023,1572348,2023/11/11 00:00:00+00,Noviembre,11,Sábado,1899/12/30 00:00:00+00,20:23:00,20,REGION VALPARAISO,QUILLOTA,COLISION,COLISION,URBANA,CRUCE CON SEMAFORO FUNCIONANDO,IMPRUDENCIA DEL CONDUCTOR,CONDUCCION NO ATENTO CONDICIONES TRANSITO MOMENTO,GERMAN RIESCO,AGUSTIN AVEZON,AGUSTIN AVEZON - GERMAN RIESCO,0, , ,BIDIRECCIONAL,ASFALTO,BUENO,SECO,DESPEJADO,0,1,0,0,05,055,05501,Valparaíso,Quillota,Quillota,Interseccion,"AGUSTIN AVEZON & GERMAN RIESCO, Quillota",-32.885278,-71.26236
-7867010.97591447,-3943788.31864674,6871,2023,1574693,2023/11/11 00:00:00+00,Noviembre,11,Sábado,1899/12/30 00:00:00+00,21:00:00,21,REGION METROPOLITANA,HUECHURABA,COLISION,COLISION,URBANA,CRUCE CON SEMAFORO FUNCIONANDO,IMPRUDENCIA DEL CONDUCTOR,CONDUCCION NO ATENTO CONDICIONES TRANSITO MOMENTO,PEDRO FONTOVA,STA ELENA DE HUECHURABA,PEDRO FONTOVA - STA ELENA DE HUECHURABA,0, , ,BIDIRECCIONAL,ASFALTO,BUENO,SECO,DESPEJADO,0,0,0,0,13,131,13107,Metropolitana de Santiago,Santiago,Huechuraba,Interseccion,"PEDRO FONTOVA & STA ELENA DE HUECHURABA, Huechuraba",-33.364519,-70.670562
-7876832.2493092,-3965699.3671491,6872,2023,1577274,2023/11/11 00:00:00+00,Noviembre,11,Sábado,1899/12/30 00:00:00+00,21:00:00,21,REGION METROPOLITANA,MAIPU,COLISION LATERAL,COLISION,URBANA,CRUCE CON SEMAFORO FUNCIONANDO,IMPRUDENCIA DEL CONDUCTOR,CONDUCCION NO ATENTO CONDICIONES TRANSITO MOMENTO,CAMINO A MELIPILLA,STA MARTA,CAMINO A MELIPILLA - STA MARTA,0, , ,BIDIRECCIONAL CON BANDEJON,ASFALTO,REGULAR,SECO,DESPEJADO,0,0,0,2,13,131,13119,Metropolitana de Santiago,Santiago,Maipú,Interseccion,"CAMINO A MELIPILLA & STA MARTA, Maipú",-33.528754,-70.758788
-7870403.99397158,-3956034.5004439,6873,2023,1571838,2023/11/12 00:00:00+00,Noviembre,12,Domingo,1899/12/30 00:00:00+00,00:45:00,0,REGION METROPOLITANA,ESTACION CENTRAL,COLISION LATERAL,COLISION,URBANA,TRAMO DE VIA RECTA,IMPRUDENCIA DEL CONDUCTOR,CONDUCCION NO ATENTO CONDICIONES TRANSITO MOMENTO,LIBER BERNARDO O'HIGGINS,RADAL,LIBER BERNARDO O'HIGGINS - RADAL,0, , ,BIDIRECCIONAL CON BANDEJON,ASFALTO,BUENO,SECO,DESPEJADO,0,0,0,1,13,131,13106,Metropolitana de Santiago,Santiago,Estación Central,Interseccion,"LIBER BERNARDO O'HIGGINS & RADAL, Estación Central",-33.456349,-70.701042
-8177478.14143015,-4526953.74723476,6874,2023,1571375,2023/11/12 00:00:00+00,Noviembre,12,Domingo,1899/12/30 00:00:00+00,12:50:00,12,REGION BIO BIO,LOS ALAMOS,COLISION POR ALCANCE,COLISION,URBANA,CRUCE CON SEÑAL CEDA EL PASO,IMPRUDENCIA DEL CONDUCTOR,CONDUCCION SIN MANTENER DISTANCIA RAZONABLE NI PRUDENTE,IGNACIO CARRERA PINTO,CRISTOBAL COLON,CRISTOBAL COLON - IGNACIO CARRERA PINTO,0, , ,UNIDIRECCIONAL,ASFALTO,BUENO,HUMEDO,NUBLADO,0,0,0,1,08,082,08206,Biobío,Arauco,Los Alamos,Interseccion,"CRISTOBAL COLON & IGNACIO CARRERA PINTO, Los Alamos",-37.62762,-73.459536
-7857228.55302203,-3951031.24501632,6875,2023,1572078,2023/11/12 00:00:00+00,Noviembre,12,Domingo,1899/12/30 00:00:00+00,14:12:00,14,REGION METROPOLITANA,LAS CONDES,CHOQUE LADO/LADO,CHOQUE,URBANA,CRUCE CON SEMAFORO FUNCIONANDO,IMPRUDENCIA DEL CONDUCTOR,ADELANTAMIENTO SIN EL ESPACIO O TIEMPO SUFICIENTE,PDTE ERRAZURIZ,AMERICO VESPUCIO SUR,AMERICO VESPUCIO SUR - PDTE ERRAZURIZ,0, , ,BIDIRECCIONAL CON BANDEJON,ASFALTO,BUENO,SECO,NUBLADO,0,0,0,0,13,131,13114,Metropolitana de Santiago,Santiago,Las Condes,Interseccion,"AMERICO VESPUCIO SUR & PDTE ERRAZURIZ, Las Condes",-33.418843,-70.582685
-7864944.65239442,-3962416.47731538,6876,2023,1571611,2023/11/12 00:00:00+00,Noviembre,12,Domingo,1899/12/30 00:00:00+00,18:00:00,18,REGION METROPOLITANA,SAN MIGUEL,COLISION POR ALCANCE,COLISION,URBANA,TRAMO DE VIA RECTA,IMPRUDENCIA DEL CONDUCTOR,CONDUCCION NO ATENTO CONDICIONES TRANSITO MOMENTO,DEPARTAMENTAL,CHILOE,CHILOE - DEPARTAMENTAL,0, , ,BIDIRECCIONAL,ASFALTO,BUENO,SECO,DESPEJADO,0,0,0,0,13,131,13130,Metropolitana de Santiago,Santiago,San Miguel,Interseccion,"CHILOE & DEPARTAMENTAL, San Miguel",-33.504167,-70.652
-7938250.55192004,-3499917.80095937,6877,2023,1571857,2023/11/12 00:00:00+00,Noviembre,12,Domingo,1899/12/30 00:00:00+00,19:45:00,19,REGION COQUIMBO,COQUIMBO,COLISION LATERAL,COLISION,URBANA,CRUCE SIN SEÑALIZACION,IMPRUDENCIA DEL CONDUCTOR,"ADELANTAMIENTO EN CRUCE, CURVA, CUESTA, PUENTE",JORGE MEDINA ESTEVEZ,NUEVA SEIS,JORGE MEDINA ESTEVEZ - NUEVA SEIS,0, , ,BIDIRECCIONAL,ASFALTO,BUENO,SECO,DESPEJADO,0,0,0,0,04,041,04102,Coquimbo,Elqui,Coquimbo,Interseccion,"JORGE MEDINA ESTEVEZ & NUEVA SEIS, Coquimbo",-29.97174,-71.310518
-7875364.69596428,-3961468.71144426,6878,2023,1575159,2023/11/12 00:00:00+00,Noviembre,12,Domingo,1899/12/30 00:00:00+00,22:45:00,22,REGION METROPOLITANA,MAIPU,COLISION LATERAL,COLISION,URBANA,TRAMO DE VIA RECTA,IMPRUDENCIA DEL CONDUCTOR,CONDUCCION NO ATENTO CONDICIONES TRANSITO MOMENTO,RAFAEL RIESCO BERNALES,AMERICO VESPUCIO,AMERICO VESPUCIO - RAFAEL RIESCO BERNALES,0, , ,BIDIRECCIONAL,ASFALTO,BUENO,SECO,DESPEJADO,0,0,0,1,13,131,13119,Metropolitana de Santiago,Santiago,Maipú,Interseccion,"AMERICO VESPUCIO & RAFAEL RIESCO BERNALES, Maipú",-33.497067,-70.745605
-7857700.21370452,-3977087.33718519,6879,2023,1571339,2023/11/12 00:00:00+00,Noviembre,12,Domingo,1899/12/30 00:00:00+00,23:00:00,23,REGION METROPOLITANA,PUENTE ALTO,COLISION PERPENDICULAR,COLISION,URBANA,CRUCE CON SEMAFORO FUNCIONANDO,IMPRUDENCIA DEL CONDUCTOR,CONDUCCION NO ATENTO CONDICIONES TRANSITO MOMENTO,EYZAGUIRRE,ERNESTO ALVEAR,ERNESTO ALVEAR - EYZAGUIRRE,0, , ,BIDIRECCIONAL,ASFALTO,BUENO,SECO,NUBLADO,0,1,0,1,13,132,13201,Metropolitana de Santiago,Cordillera,Puente Alto,Interseccion,"ERNESTO ALVEAR & EYZAGUIRRE, Puente Alto",-33.61399,-70.586922
-7871412.5990193,-3961982.81965042,6880,2023,1571712,2023/11/13 00:00:00+00,Noviembre,13,Lunes,1899/12/30 00:00:00+00,06:30:00,6,REGION METROPOLITANA,CERRILLOS,VOLCADURA,VOLCADURA,URBANA,CRUCE CON SEMAFORO FUNCIONANDO,ALCOHOL EN CONDUCTOR,CONDUCCION EN ESTADO DE EBRIEDAD,PEDRO AGUIRRE CERDA,LO ERRAZURIZ,LO ERRAZURIZ - PEDRO AGUIRRE CERDA,0, , ,BIDIRECCIONAL CON BANDEJON,ASFALTO,BUENO,SECO,NUBLADO,0,0,0,0,13,131,13102,Metropolitana de Santiago,Santiago,Cerrillos,Interseccion,"LO ERRAZURIZ & PEDRO AGUIRRE CERDA, Cerrillos",-33.500918,-70.710102
-8018412.16250711,-4712339.8220044,6881,2023,1572518,2023/11/13 00:00:00+00,Noviembre,13,Lunes,1899/12/30 00:00:00+00,07:40:00,7,REGION ARAUCANIA,CUNCO,COLISION LATERAL,COLISION,URBANA,TRAMO DE VIA RECTA,IMPRUDENCIA DEL CONDUCTOR,NO RESPETAR DERECHO PREFERENTE DE PASO A PEATON,MANUEL BAQUEDANO,COLICO,COLICO - MANUEL BAQUEDANO,0, , ,BIDIRECCIONAL,CONCRETO,BUENO,SECO,DESPEJADO,0,0,0,1,09,091,09103,La Araucanía,Cautín,Cunco,Interseccion,"COLICO & MANUEL BAQUEDANO, Cunco",-38.934823,-72.030622
-7859994.24118733,-3872458.57999279,6882,2023,1571424,2023/11/13 00:00:00+00,Noviembre,13,Lunes,1899/12/30 00:00:00+00,08:00:00,8,REGION VALPARAISO,LOS ANDES,COLISION POR ALCANCE,COLISION,URBANA,TRAMO DE VIA RECTA,IMPRUDENCIA DEL CONDUCTOR,CONDUCCION NO ATENTO CONDICIONES TRANSITO MOMENTO,SAN RAFAEL,SALVADOR ALLENDE,SALVADOR ALLENDE - SAN RAFAEL,0, , ,BIDIRECCIONAL,ASFALTO,BUENO,SECO,DESPEJADO,0,0,0,1,05,053,05301,Valparaíso,Los Andes,Los Andes,Interseccion,"SALVADOR ALLENDE & SAN RAFAEL, Los Andes",-32.827717,-70.60753
-7931555.50841325,-3498579.62953633,6883,2023,1571862,2023/11/13 00:00:00+00,Noviembre,13,Lunes,1899/12/30 00:00:00+00,08:40:00,8,REGION COQUIMBO,COQUIMBO,COLISION PERPENDICULAR,COLISION,URBANA,CRUCE SIN SEÑALIZACION,IMPRUDENCIA DEL CONDUCTOR,"ADELANTAMIENTO EN CRUCE, CURVA, CUESTA, PUENTE",CABO EXEQUIEL AROCA,BARTOLOME BLANCHE,BARTOLOME BLANCHE - CABO EXEQUIEL AROCA,0, , ,BIDIRECCIONAL,ASFALTO,BUENO,SECO,DESPEJADO,0,0,1,0,04,041,04102,Coquimbo,Elqui,Coquimbo,Interseccion,"BARTOLOME BLANCHE & CABO EXEQUIEL AROCA, Coquimbo",-29.961326,-71.250375
-7927680.20972743,-4161732.69979819,6884,2023,1572541,2023/11/13 00:00:00+00,Noviembre,13,Lunes,1899/12/30 00:00:00+00,18:00:00,18,REGION MAULE,CURICO,COLISION POR ALCANCE,COLISION,URBANA,CRUCE SIN SEÑALIZACION,IMPRUDENCIA DEL CONDUCTOR,CONDUCCION NO ATENTO CONDICIONES TRANSITO MOMENTO,ZAPALLAR,CALLEJON LOS PINOS,CALLEJON LOS PINOS - ZAPALLAR,0, , ,BIDIRECCIONAL,ASFALTO,BUENO,SECO,DESPEJADO,0,0,0,1,07,073,07301,Maule,Curicó,Curicó,Interseccion,"CALLEJON LOS PINOS & ZAPALLAR, Curicó",-34.984189,-71.215563
-7876211.04092071,-3950746.34606598,6885,2023,1574571,2023/11/13 00:00:00+00,Noviembre,13,Lunes,1899/12/30 00:00:00+00,21:00:00,21,REGION METROPOLITANA,CERRO NAVIA,COLISION LATERAL,COLISION,URBANA,CRUCE CON SEMAFORO FUNCIONANDO,IMPRUDENCIA DEL CONDUCTOR,CONDUCCION NO ATENTO CONDICIONES TRANSITO MOMENTO,SALVADOR GUTIERREZ,LA ESTRELLA,LA ESTRELLA - SALVADOR GUTIERREZ,0, , ,BIDIRECCIONAL,ASFALTO,BUENO,SECO,DESPEJADO,0,0,0,0,13,131,13103,Metropolitana de Santiago,Santiago,Cerro Navia,Interseccion,"LA ESTRELLA & SALVADOR GUTIERREZ, Cerro Navia",-33.416707,-70.753208
-7824200.72803174,-2095624.31947775,6886,2023,1571879,2023/11/13 00:00:00+00,Noviembre,13,Lunes,1899/12/30 00:00:00+00,21:30:00,21,REGION ARICA Y PARINACOTA,ARICA,VOLCADURA,VOLCADURA,URBANA,CRUCE CON SEÑAL CEDA EL PASO,DEFICIENCIAS VIALES,ANIMALES SUELTOS VIA PUBLICA,RIO MAIPO,EL TRANQUE,EL TRANQUE - RIO MAIPO,0, , ,BIDIRECCIONAL CON BANDEJON,ASFALTO,BUENO,SECO,DESPEJADO,0,1,0,0,15,151,15101,Arica y Parinacota,Arica,Arica,Interseccion,"EL TRANQUE & RIO MAIPO, Arica",-18.495466,-70.285991
-7867925.68817032,-3969729.57761774,6887,2023,1574123,2023/11/13 00:00:00+00,Noviembre,13,Lunes,1899/12/30 00:00:00+00,22:30:00,22,REGION METROPOLITANA,EL BOSQUE,COLISION POR ALCANCE,COLISION,URBANA,TRAMO DE VIA RECTA,IMPRUDENCIA DEL CONDUCTOR,NO RESPETAR DERECHO PREFERENTE DE PASO A VEHICULO,GRAN AVDA JOSE MIGUEL CARRERA,DOMINGO GOMEZ ROJAS,DOMINGO GOMEZ ROJAS - GRAN AVDA JOSE MIGUEL CARRERA,0, , ,BIDIRECCIONAL CON BANDEJON,CONCRETO,BUENO,SECO,DESPEJADO,0,1,0,0,13,131,13105,Metropolitana de Santiago,Santiago,El Bosque,Interseccion,"DOMINGO GOMEZ ROJAS & GRAN AVDA JOSE MIGUEL CARRERA, El Bosque",-33.558929,-70.678779
-7929316.27223909,-3489212.2413871,6888,2023,1572116,2023/11/14 00:00:00+00,Noviembre,14,Martes,1899/12/30 00:00:00+00,07:40:00,7,REGION COQUIMBO,LA SERENA,COLISION PERPENDICULAR,COLISION,URBANA,TRAMO DE VIA RECTA,IMPRUDENCIA DEL CONDUCTOR,CONDUCCION NO ATENTO CONDICIONES TRANSITO MOMENTO,NAZARENO,ISLON,ISLON - NAZARENO,0, , ,BIDIRECCIONAL,ASFALTO,BUENO,SECO,DESPEJADO,0,0,1,0,04,041,04101,Coquimbo,Elqui,La Serena,Interseccion,"ISLON & NAZARENO, La Serena",-29.888396,-71.23026
-8052741.31236703,-4502215.69660775,6889,2023,1575399,2023/11/14 00:00:00+00,Noviembre,14,Martes,1899/12/30 00:00:00+00,07:55:00,7,REGION BIO BIO,LOS ANGELES,VOLCADURA,VOLCADURA,URBANA,TRAMO DE VIA RECTA,VELOCIDAD IMPRUDENTE,VELOCIDAD NO RAZONABLE NI PRUDENTE,SOR VICENTA,SOR TERESA DE LOS ANDES,SOR TERESA DE LOS ANDES - SOR VICENTA,0, , ,BIDIRECCIONAL,CONCRETO,BUENO,SECO,DESPEJADO,0,0,0,1,08,083,08301,Biobío,Biobío,Los Angeles,Interseccion,"SOR TERESA DE LOS ANDES & SOR VICENTA, Los Angeles",-37.45141,-72.339006
-8139291.57526967,-4401064.78297953,6890,2023,1572075,2023/11/14 00:00:00+00,Noviembre,14,Martes,1899/12/30 00:00:00+00,08:00:00,8,REGION BIO BIO,TALCAHUANO,COLISION FRONTAL,COLISION,URBANA,CRUCE CON SEÑAL PARE,IMPRUDENCIA DEL CONDUCTOR,CONDUCCION SIN MANTENER DISTANCIA RAZONABLE NI PRUDENTE,IGNACIO DIAZ,JUAN ANTONIO RIOS,IGNACIO DIAZ - JUAN ANTONIO RIOS,0, , ,BIDIRECCIONAL,CONCRETO,BUENO,SECO,DESPEJADO,1,0,0,0,08,081,08110,Biobío,Concepción,Talcahuano,Interseccion,"IGNACIO DIAZ & JUAN ANTONIO RIOS, Talcahuano",-36.726587,-73.1165
-8146060.33025747,-4735005.23542508,6891,2023,1573355,2023/11/14 00:00:00+00,Noviembre,14,Martes,1899/12/30 00:00:00+00,09:10:00,9,REGION ARAUCANIA,TEODORO SCHMIDT,COLISION LATERAL,COLISION,URBANA,CRUCE CON SEÑAL PARE,IMPRUDENCIA DEL CONDUCTOR,CONDUCCION NO ATENTO CONDICIONES TRANSITO MOMENTO,BALMACEDA,LAUTARO,BALMACEDA - LAUTARO,0, , ,BIDIRECCIONAL,ASFALTO,BUENO,SECO,DESPEJADO,0,0,0,1,09,091,09117,La Araucanía,Cautín,Teodoro Schmidt,Interseccion,"BALMACEDA & LAUTARO, Teodoro Schmidt",-39.093024,-73.177305