X,Y,FID,Año,IdAccident,Fecha,Mes,Dia_mes,Dia_semana,Hora,Hora_texto,Hora_aprox,Región,Comuna,Tipo_Accid,Tipo__CONA,Zona,Ubicación,Causa__CON,Causa_Acci,Calle_Uno,Calle_Dos,Intersecci,Número,Ruta,Ubicaci_1,Calzada,Tipo_Calza,Estado_Cal,Condición,Estado_Atm,Fallecidos,Graves,Menos_Grav,Leves,CUT_REG,CUT_PROV,CUT_COM,REGION,PROVINCIA,COMUNA1,Tipo_direc,Direccion,Lat,Lon
-7930469.5421971,-4161338.54866914,6892,2023,1572599,2023/11/14 00:00:00+00,Noviembre,14,Martes,1899/12/30 00:00:00+00,09:30:00,9,REGION MAULE,CURICO,COLISION FRONTAL,COLISION,URBANA,CRUCE CON SEMAFORO FUNCIONANDO,DESOBEDIENCIA A SEÑALIZACION,SEÑALIZACION DESOBEDECER LUZ ROJA DE SEMAFORO,YUNGAY,CAMILO HENRIQUEZ,CAMILO HENRIQUEZ - YUNGAY,0, , ,UNIDIRECCIONAL,CONCRETO,BUENO,SECO,DESPEJADO,0,0,0,1,07,073,07301,Maule,Curicó,Curicó,Interseccion,"CAMILO HENRIQUEZ & YUNGAY, Curicó",-34.981288,-71.24062
-7861016.9779327,-3959642.27928709,6893,2023,1572089,2023/11/14 00:00:00+00,Noviembre,14,Martes,1899/12/30 00:00:00+00,12:05:00,12,REGION METROPOLITANA,MACUL,COLISION LATERAL,COLISION,URBANA,TRAMO DE VIA RECTA,DESOBEDIENCIA A SEÑALIZACION,SEÑALIZACION DESOBEDECER SEÑAL PARE,AYSEN,TIL TIL,AYSEN - TIL TIL,0, , ,BIDIRECCIONAL,ASFALTO,BUENO,SECO,DESPEJADO,0,0,0,1,13,131,13118,Metropolitana de Santiago,Santiago,Macul,Interseccion,"AYSEN & TIL TIL, Macul",-33.483384,-70.616717
-8011228.15922442,-4360260.19030626,6894,2023,1575075,2023/11/14 00:00:00+00,Noviembre,14,Martes,1899/12/30 00:00:00+00,12:46:00,12,REGION ÑUBLE,SAN CARLOS,COLISION LATERAL,COLISION,URBANA,TRAMO DE VIA RECTA,DESOBEDIENCIA A SEÑALIZACION,SEÑALIZACION DESOBEDECER SEÑAL PARE,FREIRE,ARTURO PRAT SUR,ARTURO PRAT SUR - FREIRE,0, , ,UNIDIRECCIONAL,CONCRETO,BUENO,SECO,DESPEJADO,0,0,0,1,16,163,16301,Ñuble,Punilla,San Carlos,Interseccion,"ARTURO PRAT SUR & FREIRE, San Carlos",-36.432234,-71.966087
-7856266.52998259,-3957825.90520142,6895,2023,1574818,2023/11/14 00:00:00+00,Noviembre,14,Martes,1899/12/30 00:00:00+00,13:00:00,13,REGION METROPOLITANA,PEÑALOLEN,COLISION LATERAL,COLISION,URBANA,TRAMO DE VIA RECTA,IMPRUDENCIA DEL CONDUCTOR,CONDUCCION NO ATENTO CONDICIONES TRANSITO MOMENTO,GRECIA,ISTMO,GRECIA - ISTMO,0, , ,BIDIRECCIONAL CON BANDEJON,ASFALTO,BUENO,SECO,DESPEJADO,0,0,0,0,13,131,13122,Metropolitana de Santiago,Santiago,Peñalolén,Interseccion,"GRECIA & ISTMO, Peñalolén",-33.469774,-70.574043
-7911194.06031885,-3819430.80877007,6896,2023,1571764,2023/11/14 00:00:00+00,Noviembre,14,Martes,1899/12/30 00:00:00+00,15:21:00,15,REGION VALPARAISO,CABILDO,COLISION,COLISION,URBANA,TRAMO DE VIA RECTA,IMPRUDENCIA DEL CONDUCTOR,NO RESPETAR DERECHO PREFERENTE DE PASO A VEHICULO,CARLOS JULIAN,HUMERES,CARLOS JULIAN - HUMERES,0, , ,UNIDIRECCIONAL,CONCRETO,BUENO,SECO,DESPEJADO,0,0,1,0,05,054,05402,Valparaíso,Petorca,Cabildo,Interseccion,"CARLOS JULIAN & HUMERES, Cabildo",-32.426533,-71.067465
-7855417.05094835,-3949662.54980094,6897,2023,1572108,2023/11/14 00:00:00+00,Noviembre,14,Martes,1899/12/30 00:00:00+00,17:30:00,17,REGION METROPOLITANA,LAS CONDES,COLISION,COLISION,URBANA,CRUCE CON SEMAFORO FUNCIONANDO,IMPRUDENCIA DEL CONDUCTOR,CONDUCCION NO ATENTO CONDICIONES TRANSITO MOMENTO,APOQUINDO,CUARTO CENTENARIO,APOQUINDO - CUARTO CENTENARIO,0, , ,BIDIRECCIONAL CON BANDEJON,ASFALTO,BUENO,SECO,DESPEJADO,0,0,0,1,13,131,13114,Metropolitana de Santiago,Santiago,Las Condes,Interseccion,"APOQUINDO & CUARTO CENTENARIO, Las Condes",-33.40858,-70.566412
-7956419.67397388,-4093170.33093416,6898,2023,1572488,2023/11/14 00:00:00+00,Noviembre,14,Martes,1899/12/30 00:00:00+00,18:15:00,18,REGION LIB.B.O'HIGGINS,PERALILLO,COLISION LATERAL,COLISION,URBANA,TRAMO DE VIA RECTA,IMPRUDENCIA DEL CONDUCTOR,NO RESPETAR DERECHO PREFERENTE DE PASO A VEHICULO,ERRAZURIZ,PEREZ BRITO,ERRAZURIZ - PEREZ BRITO,0, , ,BIDIRECCIONAL,ASFALTO,BUENO,SECO,DESPEJADO,0,0,0,1,06,063,06307,Libertador General Bernardo O'Higgins,Colchagua,Peralillo,Interseccion,"ERRAZURIZ & PEREZ BRITO, Peralillo",-34.478019,-71.473734
-7926301.4177132,-3581062.9524559,6899,2023,1572161,2023/11/14 00:00:00+00,Noviembre,14,Martes,1899/12/30 00:00:00+00,18:32:00,18,REGION COQUIMBO,OVALLE,CHOQUE LADO/LADO,CHOQUE,URBANA,TRAMO DE VIA RECTA,IMPRUDENCIA DEL CONDUCTOR,CONDUCCION NO ATENTO CONDICIONES TRANSITO MOMENTO,MIGUEL AGUIRRE,SOCOS,MIGUEL AGUIRRE - SOCOS,0, , ,UNIDIRECCIONAL,ASFALTO,REGULAR,SECO,DESPEJADO,0,0,0,1,04,043,04301,Coquimbo,Limarí,Ovalle,Interseccion,"MIGUEL AGUIRRE & SOCOS, Ovalle",-30.601185,-71.203177
-7937179.63613245,-3500002.83251978,6900,2023,1571880,2023/11/14 00:00:00+00,Noviembre,14,Martes,1899/12/30 00:00:00+00,23:00:00,23,REGION COQUIMBO,COQUIMBO,COLISION POR ALCANCE,COLISION,URBANA,TRAMO DE VIA RECTA,IMPRUDENCIA DEL CONDUCTOR,CONDUCCION NO ATENTO CONDICIONES TRANSITO MOMENTO,LA CANTERA,JORGE MEDINA ESTEVEZ,JORGE MEDINA ESTEVEZ - LA CANTERA,0, , ,BIDIRECCIONAL CON BANDEJON,ASFALTO,BUENO,SECO,DESPEJADO,1,0,0,1,04,041,04102,Coquimbo,Elqui,Coquimbo,Interseccion,"JORGE MEDINA ESTEVEZ & LA CANTERA, Coquimbo",-29.972402,-71.300898
-7863465.78409118,-3953179.23437559,6901,2023,1573547,2023/11/14 00:00:00+00,Noviembre,14,Martes,1899/12/30 00:00:00+00,23:45:00,23,REGION METROPOLITANA,RECOLETA,COLISION LATERAL,COLISION,URBANA,CRUCE CON SEMAFORO FUNCIONANDO,DESOBEDIENCIA A SEÑALIZACION,SEÑALIZACION DESOBEDECER LUZ ROJA DE SEMAFORO,STA MARIA,PURISIMA,PURISIMA - STA MARIA,0, , ,UNIDIRECCIONAL,ASFALTO,BUENO,SECO,DESPEJADO,0,0,0,1,13,131,13127,Metropolitana de Santiago,Santiago,Recoleta,Interseccion,"PURISIMA & STA MARIA, Recoleta",-33.434947,-70.638715
-8132138.38074699,-4417479.51653388,6902,2023,1572128,2023/11/15 00:00:00+00,Noviembre,15,Miércoles,1899/12/30 00:00:00+00,00:18:00,0,REGION BIO BIO,CONCEPCION,COLISION LATERAL,COLISION,URBANA,CRUCE CON SEMAFORO FUNCIONANDO,IMPRUDENCIA DEL CONDUCTOR,VIRAJES INDEBIDOS,PEDRO DE VALDIVIA,MAHUZIER,MAHUZIER - PEDRO DE VALDIVIA,0, , ,BIDIRECCIONAL CON BANDEJON,CONCRETO,BUENO,SECO,DESPEJADO,0,0,0,2,08,081,08101,Biobío,Concepción,Concepción,Interseccion,"MAHUZIER & PEDRO DE VALDIVIA, Concepción",-36.844682,-73.052242
-7870272.63699471,-3944242.9683258,6903,2023,1573747,2023/11/15 00:00:00+00,Noviembre,15,Miércoles,1899/12/30 00:00:00+00,08:25:00,8,REGION METROPOLITANA,QUILICURA,CHOQUE LADO/LADO,CHOQUE,URBANA,TRAMO DE VIA RECTA,IMPRUDENCIA DEL CONDUCTOR,CONDUCCION NO ATENTO CONDICIONES TRANSITO MOMENTO,AMERICO VESPUCIO,PDTE EDUARDO FREI MONTALVA,AMERICO VESPUCIO - PDTE EDUARDO FREI MONTALVA,0, , ,UNIDIRECCIONAL,CONCRETO,BUENO,SECO,DESPEJADO,0,0,0,0,13,131,13125,Metropolitana de Santiago,Santiago,Quilicura,Interseccion,"AMERICO VESPUCIO & PDTE EDUARDO FREI MONTALVA, Quilicura",-33.36793,-70.699862
-7674189.58785385,-2566215.55914788,6904,2023,1572154,2023/11/15 00:00:00+00,Noviembre,15,Miércoles,1899/12/30 00:00:00+00,09:25:00,9,REGION ANTOFAGASTA,CALAMA,COLISION,COLISION,URBANA,CRUCE CON SEÑAL PARE,DESOBEDIENCIA A SEÑALIZACION,SEÑALIZACION DESOBEDECER SEÑAL PARE,VASCO DE GAMA,FRANKFORT,FRANKFORT - VASCO DE GAMA,0, , ,BIDIRECCIONAL CON BANDEJON,ASFALTO,BUENO,SECO,DESPEJADO,0,0,0,0,02,022,02201,Antofagasta,El Loa,Calama,Interseccion,"FRANKFORT & VASCO DE GAMA, Calama",-22.454782,-68.938418
-7930541.23194917,-4160737.9059678,6905,2023,1572676,2023/11/15 00:00:00+00,Noviembre,15,Miércoles,1899/12/30 00:00:00+00,11:05:00,11,REGION MAULE,CURICO,COLISION LATERAL,COLISION,URBANA,CRUCE CON SEMAFORO FUNCIONANDO,DESOBEDIENCIA A SEÑALIZACION,SEÑALIZACION DESOBEDECER LUZ ROJA DE SEMAFORO,FREIRE,YUNGAY,FREIRE - YUNGAY,0, , ,UNIDIRECCIONAL,CONCRETO,BUENO,SECO,DESPEJADO,0,0,0,2,07,073,07301,Maule,Curicó,Curicó,Interseccion,"FREIRE & YUNGAY, Curicó",-34.976867,-71.241264
-7855171.70279064,-3956777.84969549,6906,2023,1574821,2023/11/15 00:00:00+00,Noviembre,15,Miércoles,1899/12/30 00:00:00+00,12:20:00,12,REGION METROPOLITANA,PEÑALOLEN,COLISION PERPENDICULAR,COLISION,URBANA,CRUCE CON SEÑAL CEDA EL PASO,IMPRUDENCIA DEL CONDUCTOR,CONDUCCION NO ATENTO CONDICIONES TRANSITO MOMENTO,JOSE ARRIETA,QUEB DE SUCA,JOSE ARRIETA - QUEB DE SUCA,0, , ,BIDIRECCIONAL,ASFALTO,BUENO,SECO,DESPEJADO,0,0,0,0,13,131,13122,Metropolitana de Santiago,Santiago,Peñalolén,Interseccion,"JOSE ARRIETA & QUEB DE SUCA, Peñalolén",-33.46192,-70.564208
-7867651.95354246,-3964686.51629618,6907,2023,1572478,2023/11/15 00:00:00+00,Noviembre,15,Miércoles,1899/12/30 00:00:00+00,14:00:00,14,REGION METROPOLITANA,LA CISTERNA,COLISION POR ALCANCE,COLISION,URBANA,CRUCE CON SEMAFORO FUNCIONANDO,IMPRUDENCIA DEL CONDUCTOR,CONDUCCION NO ATENTO CONDICIONES TRANSITO MOMENTO,JOSE JOAQUIN PRIETO VIAL,EL PARRON,EL PARRON - JOSE JOAQUIN PRIETO VIAL,0, , ,UNIDIRECCIONAL,CONCRETO,BUENO,SECO,DESPEJADO,0,0,0,0,13,131,13109,Metropolitana de Santiago,Santiago,La Cisterna,Interseccion,"EL PARRON & JOSE JOAQUIN PRIETO VIAL, La Cisterna",-33.521169,-70.67632
-7873021.89445883,-4053237.50709408,6908,2023,1572342,2023/11/15 00:00:00+00,Noviembre,15,Miércoles,1899/12/30 00:00:00+00,15:00:00,15,REGION LIB.B.O'HIGGINS,RANCAGUA,COLISION POR ALCANCE,COLISION,URBANA,CRUCE CON SEMAFORO FUNCIONANDO,IMPRUDENCIA DEL CONDUCTOR,CONDUCCION NO ATENTO CONDICIONES TRANSITO MOMENTO,EINSTEIN,GIL TOLEDO,EINSTEIN - GIL TOLEDO,0, , ,BIDIRECCIONAL,CONCRETO,BUENO,SECO,DESPEJADO,0,0,0,1,06,061,06101,Libertador General Bernardo O'Higgins,Cachapoal,Rancagua,Interseccion,"EINSTEIN & GIL TOLEDO, Rancagua",-34.181785,-70.724559
-7874676.99264795,-4003124.65096828,6909,2023,1574984,2023/11/15 00:00:00+00,Noviembre,15,Miércoles,1899/12/30 00:00:00+00,18:20:00,18,REGION METROPOLITANA,PAINE,COLISION LATERAL,COLISION,URBANA,TRAMO DE VIA RECTA,IMPRUDENCIA DEL CONDUCTOR,CONDUCCION NO ATENTO CONDICIONES TRANSITO MOMENTO,18 DE SEPTIEMBRE,SAN RAFAEL,18 DE SEPTIEMBRE - SAN RAFAEL,0, , ,BIDIRECCIONAL,ASFALTO,BUENO,SECO,DESPEJADO,0,1,0,1,13,134,13404,Metropolitana de Santiago,Maipo,Paine,Interseccion,"18 DE SEPTIEMBRE & SAN RAFAEL, Paine",-33.808556,-70.739427
-8120911.47609749,-5080990.33184263,6910,2023,1572387,2023/11/15 00:00:00+00,Noviembre,15,Miércoles,1899/12/30 00:00:00+00,18:30:00,18,REGION LOS LAGOS,PUERTO MONTT,COLISION LATERAL,COLISION,URBANA,ROTONDA,IMPRUDENCIA DEL CONDUCTOR,CONDUCCION CAMBIAR SORPRESIVAMENTE PISTA CIRCULACION,PRESIDENTE IBAÑEZ,VOLCAN PUNTIAGUDO,PRESIDENTE IBAÑEZ - VOLCAN PUNTIAGUDO,0, , ,UNIDIRECCIONAL,CONCRETO,BUENO,SECO,DESPEJADO,0,0,0,1,10,101,10101,Los Lagos,Llanquihue,Puerto Montt,Interseccion,"PRESIDENTE IBAÑEZ & VOLCAN PUNTIAGUDO, Puerto Montt",-41.463771,-72.951389
-7828743.1865562,-2093949.31842154,6911,2023,1571991,2023/11/15 00:00:00+00,Noviembre,15,Miércoles,1899/12/30 00:00:00+00,19:00:00,19,REGION ARICA Y PARINACOTA,ARICA,VOLCADURA,VOLCADURA,URBANA,CRUCE SIN SEÑALIZACION,IMPRUDENCIA DEL CONDUCTOR,CONDUCCION CAMBIAR SORPRESIVAMENTE PISTA CIRCULACION,COMANDANTE SAN MARTIN,NELSON MANDELA,COMANDANTE SAN MARTIN - NELSON MANDELA,0, , ,BIDIRECCIONAL CON BANDEJON,ASFALTO,BUENO,SECO,DESPEJADO,0,1,0,0,15,151,15101,Arica y Parinacota,Arica,Arica,Interseccion,"COMANDANTE SAN MARTIN & NELSON MANDELA, Arica",-18.481196,-70.326797
-7837184.042661,-2711075.15337824,6912,2023,1571973,2023/11/15 00:00:00+00,Noviembre,15,Miércoles,1899/12/30 00:00:00+00,19:45:00,19,REGION ANTOFAGASTA,ANTOFAGASTA,COLISION,COLISION,URBANA,TRAMO DE VIA RECTA,IMPRUDENCIA DEL CONDUCTOR,CONDUCCION NO ATENTO CONDICIONES TRANSITO MOMENTO,GRECIA,ALMIRANTE JUAN JOSE LATORRE,ALMIRANTE JUAN JOSE LATORRE - GRECIA,0, , ,BIDIRECCIONAL,ASFALTO,BUENO,SECO,DESPEJADO,0,0,0,1,02,021,02101,Antofagasta,Antofagasta,Antofagasta,Interseccion,"ALMIRANTE JUAN JOSE LATORRE & GRECIA, Antofagasta",-23.652127,-70.402622
-8138854.50826553,-4408280.13056251,6913,2023,1572180,2023/11/15 00:00:00+00,Noviembre,15,Miércoles,1899/12/30 00:00:00+00,21:10:00,21,REGION BIO BIO,HUALPEN,ATROPELLO,ATROPELLO,URBANA,CRUCE CON SEMAFORO FUNCIONANDO,IMPRUDENCIA DEL CONDUCTOR,NO RESPETAR DERECHO PREFERENTE DE PASO A PEATON,GRAN BRETAÑA,MANCHESTER,GRAN BRETAÑA - MANCHESTER,0, , ,BIDIRECCIONAL,CONCRETO,BUENO,SECO,DESPEJADO,0,0,0,1,08,081,08112,Biobío,Concepción,Hualpén,Interseccion,"GRAN BRETAÑA & MANCHESTER, Hualpén",-36.77852,-73.112574
-7863883.67745962,-3952980.74472826,6914,2023,1573560,2023/11/15 00:00:00+00,Noviembre,15,Miércoles,1899/12/30 00:00:00+00,23:15:00,23,REGION METROPOLITANA,RECOLETA,COLISION LATERAL,COLISION,URBANA,CRUCE CON SEMAFORO FUNCIONANDO,DESOBEDIENCIA A SEÑALIZACION,SEÑALIZACION DESOBEDECER LUZ ROJA DE SEMAFORO,BELLAVISTA,LORETO,BELLAVISTA - LORETO,0, , ,UNIDIRECCIONAL,ASFALTO,BUENO,SECO,DESPEJADO,0,2,0,1,13,131,13127,Metropolitana de Santiago,Santiago,Recoleta,Interseccion,"BELLAVISTA & LORETO, Recoleta",-33.433459,-70.642469
-7880394.13905611,-3963509.79797222,6915,2023,1577298,2023/11/16 00:00:00+00,Noviembre,16,Jueves,1899/12/30 00:00:00+00,07:45:00,7,REGION METROPOLITANA,MAIPU,COLISION LATERAL,COLISION,URBANA,TRAMO DE VIA RECTA,IMPRUDENCIA DEL CONDUCTOR,CONDUCCION NO ATENTO CONDICIONES TRANSITO MOMENTO,4 PONIENTE,INCA DE ORO,4 PONIENTE - INCA DE ORO,0, , ,BIDIRECCIONAL CON BANDEJON,ASFALTO,BUENO,SECO,DESPEJADO,0,0,0,1,13,131,13119,Metropolitana de Santiago,Santiago,Maipú,Interseccion,"4 PONIENTE & INCA DE ORO, Maipú",-33.512356,-70.790785
-8051559.09941934,-4296295.86335326,6916,2023,1572304,2023/11/16 00:00:00+00,Noviembre,16,Jueves,1899/12/30 00:00:00+00,07:55:00,7,REGION MAULE,CAUQUENES,COLISION POR ALCANCE,COLISION,URBANA,CRUCE CON SEÑAL PARE,IMPRUDENCIA DEL CONDUCTOR,CONDUCCION NO ATENTO CONDICIONES TRANSITO MOMENTO,YUNGAY,ARTURO PRAT,ARTURO PRAT - YUNGAY,0, , ,UNIDIRECCIONAL,CONCRETO,BUENO,SECO,DESPEJADO,0,1,0,0,07,072,07201,Maule,Cauquenes,Cauquenes,Interseccion,"ARTURO PRAT & YUNGAY, Cauquenes",-35.968558,-72.328386
-7858046.52862925,-3968568.28040813,6917,2023,1576388,2023/11/16 00:00:00+00,Noviembre,16,Jueves,1899/12/30 00:00:00+00,08:20:00,8,REGION METROPOLITANA,SANTIAGO,COLISION,COLISION,URBANA,TRAMO DE VIA RECTA,IMPRUDENCIA DEL CONDUCTOR,CONDUCCION SIN MANTENER DISTANCIA RAZONABLE NI PRUDENTE,JOSE MIGUEL CARRERA,CENTENARIO,CENTENARIO - JOSE MIGUEL CARRERA,0, , ,BIDIRECCIONAL CON BANDEJON,CONCRETO,BUENO,SECO,DESPEJADO,0,0,0,1,13,131,13101,Metropolitana de Santiago,Santiago,Santiago,Interseccion,"CENTENARIO & JOSE MIGUEL CARRERA, Santiago",-33.550235,-70.590033
-7862952.93519709,-3967486.39424888,6918,2023,1572452,2023/11/16 00:00:00+00,Noviembre,16,Jueves,1899/12/30 00:00:00+00,09:00:00,9,REGION METROPOLITANA,LA GRANJA,COLISION,COLISION,URBANA,CRUCE CON SEMAFORO FUNCIONANDO,IMPRUDENCIA DEL CONDUCTOR,CONDUCCION SIN MANTENER DISTANCIA RAZONABLE NI PRUDENTE,STA ROSA,AMERICO VESPUCIO,AMERICO VESPUCIO - STA ROSA,0, , ,BIDIRECCIONAL,ASFALTO,BUENO,SECO,DESPEJADO,0,0,0,0,13,131,13111,Metropolitana de Santiago,Santiago,La Granja,Interseccion,"AMERICO VESPUCIO & STA ROSA, La Granja",-33.542135,-70.634108
-7836648.85191172,-2710134.85764455,6919,2023,1573584,2023/11/16 00:00:00+00,Noviembre,16,Jueves,1899/12/30 00:00:00+00,10:15:00,10,REGION ANTOFAGASTA,ANTOFAGASTA,VOLCADURA,VOLCADURA,URBANA,TRAMO DE VIA RECTA,VELOCIDAD IMPRUDENTE,VELOCIDAD NO RAZONABLE NI PRUDENTE,JOSE MANUEL BALMACEDA,SIMON BOLIVAR,JOSE MANUEL BALMACEDA - SIMON BOLIVAR,0, , ,BIDIRECCIONAL,ASFALTO,BUENO,CON ACEITE,DESPEJADO,0,0,1,0,02,021,02101,Antofagasta,Antofagasta,Antofagasta,Interseccion,"JOSE MANUEL BALMACEDA & SIMON BOLIVAR, Antofagasta",-23.644389,-70.397814
-7870900.47892279,-3956171.66485776,6920,2023,1575185,2023/11/16 00:00:00+00,Noviembre,16,Jueves,1899/12/30 00:00:00+00,11:20:00,11,REGION METROPOLITANA,ESTACION CENTRAL,COLISION POR ALCANCE,COLISION,URBANA,CRUCE CON SEMAFORO FUNCIONANDO,IMPRUDENCIA DEL CONDUCTOR,CONDUCCION SIN MANTENER DISTANCIA RAZONABLE NI PRUDENTE,LIBER BERNARDO O'HIGGINS,LAS REJAS NORTE,LAS REJAS NORTE - LIBER BERNARDO O'HIGGINS,0, , ,BIDIRECCIONAL CON BANDEJON,ASFALTO,BUENO,SECO,DESPEJADO,0,0,0,0,13,131,13106,Metropolitana de Santiago,Santiago,Estación Central,Interseccion,"LAS REJAS NORTE & LIBER BERNARDO O'HIGGINS, Estación Central",-33.457377,-70.705502
-7807031.36645829,-2301513.59040344,6921,2023,1572191,2023/11/16 00:00:00+00,Noviembre,16,Jueves,1899/12/30 00:00:00+00,14:10:00,14,REGION TARAPACA,IQUIQUE,COLISION FRONTAL,COLISION,URBANA,TRAMO DE VIA RECTA,IMPRUDENCIA DEL CONDUCTOR,CONDUCCION CAMBIAR SORPRESIVAMENTE PISTA CIRCULACION,TADEO HAENKE,RANCAGUA,RANCAGUA - TADEO HAENKE,0, , ,BIDIRECCIONAL CON BANDEJON,ASFALTO,BUENO,SECO,DESPEJADO,0,1,0,0,01,011,01101,Tarapacá,Iquique,Iquique,Interseccion,"RANCAGUA & TADEO HAENKE, Iquique",-20.240249,-70.131756
-7826773.65548924,-2093310.73907701,6922,2023,1572310,2023/11/16 00:00:00+00,Noviembre,16,Jueves,1899/12/30 00:00:00+00,14:30:00,14,REGION ARICA Y PARINACOTA,ARICA,VOLCADURA,VOLCADURA,URBANA,CRUCE SIN SEÑALIZACION,IMPRUDENCIA DEL CONDUCTOR,CONDUCCION NO ATENTO CONDICIONES TRANSITO MOMENTO,SANTA MARIA,LUIS VICENTINI,LUIS VICENTINI - SANTA MARIA,0, , ,BIDIRECCIONAL,ASFALTO,BUENO,SECO,DESPEJADO,0,0,0,1,15,151,15101,Arica y Parinacota,Arica,Arica,Interseccion,"LUIS VICENTINI & SANTA MARIA, Arica",-18.475755,-70.309104
-7867557.22065579,-3966624.29709486,6923,2023,1572480,2023/11/16 00:00:00+00,Noviembre,16,Jueves,1899/12/30 00:00:00+00,18:00:00,18,REGION METROPOLITANA,LA CISTERNA,COLISION PERPENDICULAR,COLISION,URBANA,CRUCE CON SEÑAL PARE,DESOBEDIENCIA A SEÑALIZACION,SEÑALIZACION DESOBEDECER SEÑAL PARE,AMERICO VESPUCIO,BALDOMERO LILLO,AMERICO VESPUCIO - BALDOMERO LILLO,0, , ,BIDIRECCIONAL,CONCRETO,BUENO,SECO,DESPEJADO,0,0,1,0,13,131,13109,Metropolitana de Santiago,Santiago,La Cisterna,Interseccion,"AMERICO VESPUCIO & BALDOMERO LILLO, La Cisterna",-33.53568,-70.675469
-7931645.40995609,-4161191.95132018,6924,2023,1572690,2023/11/16 00:00:00+00,Noviembre,16,Jueves,1899/12/30 00:00:00+00,19:00:00,19,REGION MAULE,CURICO,CHOQUE FRENTE/LADO,CHOQUE,URBANA,TRAMO DE VIA RECTA,IMPRUDENCIA DEL CONDUCTOR,CONDUCCION NO ATENTO CONDICIONES TRANSITO MOMENTO,CAMILO HENRIQUEZ,MANUEL LARRAIN,CAMILO HENRIQUEZ - MANUEL LARRAIN,0, , ,BIDIRECCIONAL,ASFALTO,REGULAR,SECO,DESPEJADO,0,0,0,0,07,073,07301,Maule,Curicó,Curicó,Interseccion,"CAMILO HENRIQUEZ & MANUEL LARRAIN, Curicó",-34.980209,-71.251183
-7852728.46260671,-3949743.22938453,6925,2023,1572992,2023/11/16 00:00:00+00,Noviembre,16,Jueves,1899/12/30 00:00:00+00,19:00:00,19,REGION METROPOLITANA,LAS CONDES,COLISION LATERAL,COLISION,URBANA,CRUCE CON SEMAFORO FUNCIONANDO,IMPRUDENCIA DEL CONDUCTOR,CONDUCCION NO ATENTO CONDICIONES TRANSITO MOMENTO,PADRE HURTADO NORTE,PATAGONIA,PADRE HURTADO NORTE - PATAGONIA,0, , ,BIDIRECCIONAL,ASFALTO,BUENO,SECO,DESPEJADO,0,0,0,1,13,131,13114,Metropolitana de Santiago,Santiago,Las Condes,Interseccion,"PADRE HURTADO NORTE & PATAGONIA, Las Condes",-33.409185,-70.54226
-8026583.68110394,-4383743.35109586,6926,2023,1572637,2023/11/17 00:00:00+00,Noviembre,17,Viernes,1899/12/30 00:00:00+00,00:10:00,0,REGION ÑUBLE,CHILLAN,VOLCADURA,VOLCADURA,URBANA,CRUCE CON SEMAFORO FUNCIONANDO,VELOCIDAD IMPRUDENTE,VELOCIDAD NO RAZONABLE NI PRUDENTE,GAMERO,CARRERA,CARRERA - GAMERO,0, , ,BIDIRECCIONAL,CONCRETO,BUENO,SECO,LLUVIA,0,0,0,2,16,161,16101,Ñuble,Diguillín,Chillán,Interseccion,"CARRERA & GAMERO, Chillán",-36.601772,-72.104028
-7930405.91203182,-3878473.17993651,6927,2023,1572360,2023/11/17 00:00:00+00,Noviembre,17,Viernes,1899/12/30 00:00:00+00,08:19:00,8,REGION VALPARAISO,QUILLOTA,COLISION,COLISION,URBANA,TRAMO DE VIA RECTA,IMPRUDENCIA DEL CONDUCTOR,CONDUCCION NO ATENTO CONDICIONES TRANSITO MOMENTO,SARGENTO ALDEA,SERRANO,SARGENTO ALDEA - SERRANO,0, , ,BIDIRECCIONAL,ASFALTO,BUENO,SECO,DESPEJADO,0,0,0,2,05,055,05501,Valparaíso,Quillota,Quillota,Interseccion,"SARGENTO ALDEA & SERRANO, Quillota",-32.873107,-71.240048
-7931921.14837931,-3496154.47043411,6928,2023,1572885,2023/11/17 00:00:00+00,Noviembre,17,Viernes,1899/12/30 00:00:00+00,08:30:00,8,REGION COQUIMBO,LA SERENA,COLISION PERPENDICULAR,COLISION,URBANA,CRUCE CON SEÑAL PARE,DESOBEDIENCIA A SEÑALIZACION,SEÑALIZACION DESOBEDECER SEÑAL PARE,GABRIELA MISTRAL,LOS ARRAYANES,GABRIELA MISTRAL - LOS ARRAYANES,0, , ,BIDIRECCIONAL,ASFALTO,MALO,SECO,DESPEJADO,0,1,0,0,04,041,04101,Coquimbo,Elqui,La Serena,Interseccion,"GABRIELA MISTRAL & LOS ARRAYANES, La Serena",-29.94245,-71.25366
-7960991.68795673,-3895206.37841645,6929,2023,1572763,2023/11/17 00:00:00+00,Noviembre,17,Viernes,1899/12/30 00:00:00+00,08:30:00,8,REGION VALPARAISO,VIÑA DEL MAR,CHOQUE POSTERIOR/FRENTE,CHOQUE,URBANA,CRUCE CON SEMAFORO FUNCIONANDO,IMPRUDENCIA DEL CONDUCTOR,CONDUCCION NO ATENTO CONDICIONES TRANSITO MOMENTO,ALESSANDRI,GOMEZ CARREÑO,ALESSANDRI - GOMEZ CARREÑO,0, , ,BIDIRECCIONAL,CONCRETO,BUENO,SECO,DESPEJADO,0,0,0,0,05,051,05109,Valparaíso,Valparaíso,Viña del Mar,Interseccion,"ALESSANDRI & GOMEZ CARREÑO, Viña del Mar",-32.999265,-71.514805